Perturbation configuration 5: J2, SolarRadiation
TLE: 1 41240U 16002A   24078.93311235 -.00000041  00000-0  88455-4 0  9998
2 41240  66.0433  38.7934 0008217 275.1931  84.8147 12.80929479381943
Initial state: r=[-1860.2918104   2511.66965221  7054.40180529], v=[-5.6479915  -4.46099341  0.09890006], jd=2460388.3743908517

Epoch 0, t=2460388.3743908517:
  TLE_ECI: r=[ -351.48708541 -3116.28604399  7048.74830935], v=[ 7.08706485 -1.16734781 -0.16198856]
  RK45_ECI: r=[ -638.30754113 -3056.16509346  7055.93178089], v=[ 7.08108291 -1.28901005  0.0822758 ]
Epoch 1, t=2460388.374466115:
  TLE_ECI: r=[ -137.27230569 -3150.1622597   7041.1361309 ], v=[ 7.09393955 -1.08267212 -0.34522476]
  RK45_ECI: r=[ -590.79644271 -3064.77962521  7056.33410114], v=[ 7.08514396 -1.26844244  0.04251026]
Epoch 2, t=2460388.3745413786:
  TLE_ECI: r=[   77.08014039 -3181.38368931  7028.03051036], v=[ 7.09521288 -0.99714928 -0.52819217]
  RK45_ECI: r=[ -543.25557266 -3073.23775062  7056.4778209 ], v=[ 7.08892802e+00 -1.24782493e+00  2.74300410e-03]
Epoch 3, t=2460388.3746166416:
  TLE_ECI: r=[  291.40089939 -3209.92595726  7009.44164072], v=[ 7.09088301 -0.91085071 -0.71074908]
  RK45_ECI: r=[ -495.68746526 -3081.53901944  7056.36293491], v=[ 7.09243485 -1.22715881 -0.03702394]
Epoch 4, t=2460388.374691905:
  TLE_ECI: r=[  505.52064517 -3235.76691758  6985.38396259], v=[ 7.08095245 -0.82384836 -0.89275404]
  RK45_ECI: r=[ -448.0933309  -3089.6832221   7055.98944792], v=[ 7.09566436 -1.20644481 -0.07678968]
Epoch 5, t=2460388.3747671684:
  TLE_ECI: r=[  719.2701538  -3258.88667385  6955.87615369], v=[ 7.06542804 -0.73621478 -1.07406603]
  RK45_ECI: r=[ -400.47505687 -3097.6700356   7055.35737036], v=[ 7.09861637 -1.18568396 -0.11655272]
Epoch 6, t=2460388.374842432:
  TLE_ECI: r=[  932.48047197 -3279.26759311  6920.94111519], v=[ 7.04432095 -0.648023   -1.25454454]
  RK45_ECI: r=[ -352.83495608 -3105.49907502  7054.46673178], v=[ 7.10129072 -1.16487747 -0.15631124]
Epoch 7, t=2460388.3749176953:
  TLE_ECI: r=[ 1144.98303866 -3296.89431962  6880.60595499], v=[ 7.01764668 -0.55934646 -1.43404965]
  RK45_ECI: r=[ -305.17447603 -3113.17010771  7053.31755703], v=[ 7.1036873  -1.14402617 -0.19606413]
Epoch 8, t=2460388.3749929583:
  TLE_ECI: r=[ 1356.60980644 -3311.75379038  6834.90196791], v=[ 6.98542506 -0.470259   -1.61244216]
  RK45_ECI: r=[ -257.49615791 -3120.68273129  7051.90990682], v=[ 7.10580596 -1.12313138 -0.23580937]
Epoch 9, t=2460388.3750682217:
  TLE_ECI: r=[ 1567.19341059 -3323.83523011  6783.86461286], v=[ 6.94768023 -0.38083469 -1.78958369]
  RK45_ECI: r=[ -209.80121571 -3128.03676295  7050.24381547], v=[ 7.10764663 -1.10219381 -0.27554605]
Epoch 10, t=2460388.375143485:
  TLE_ECI: r=[ 1776.56724122 -3333.13018104  6727.53348699], v=[ 6.90444061 -0.29114795 -1.96533675]
  RK45_ECI: r=[ -162.09154182 -3135.2319181   7048.31934121], v=[ 7.10920919 -1.08121451 -0.31527269]
Epoch 11, t=2460388.3752187486:
  TLE_ECI: r=[ 1984.56561175 -3339.63249537  6665.9522967 ], v=[ 6.8557389  -0.20127335 -2.1395649 ]
  RK45_ECI: r=[ -114.36945431 -3142.2678559   7046.13657351], v=[ 7.11049355 -1.06019468 -0.35498745]
Epoch 12, t=2460388.3752940116:
  TLE_ECI: r=[ 2191.02386861 -3343.33834957  6599.16882568], v=[ 6.80161208 -0.11128561 -2.31213278]
  RK45_ECI: r=[  -66.63684738 -3149.14431142  7043.69559697], v=[ 7.11149963 -1.03913537 -0.39468887]
Epoch 13, t=2460388.375369275:
  TLE_ECI: r=[ 2395.77855907 -3344.24622207  6527.23489985], v=[ 6.74210136 -0.02125949 -2.48290627]
  RK45_ECI: r=[  -18.89493696 -3155.86112138  7040.99646595], v=[ 7.11222737 -1.0180373  -0.43437604]
Epoch 14, t=2460388.3754445384:
  TLE_ECI: r=[ 2598.66750028 -3342.35693067  6450.20634941], v=[ 6.67725215  0.06873018 -2.65175257]
  RK45_ECI: r=[   28.85373068 -3162.41793876  7038.03931668], v=[ 7.11267671 -0.99690177 -0.47404692]
Epoch 15, t=2460388.375519802:
  TLE_ECI: r=[ 2799.52994562 -3337.67360781  6368.14296775], v=[ 6.60711406  0.15860863 -2.81854029]
  RK45_ECI: r=[   76.60770317 -3168.81458115  7034.82423103], v=[ 7.1128476  -0.97572965 -0.51370043]
Epoch 16, t=2460388.3755950653:
  TLE_ECI: r=[ 2998.20670109 -3330.20170363  6281.10846744], v=[ 6.53174085  0.2483012  -2.98313955]
  RK45_ECI: r=[  124.36465953 -3175.05075203  7031.35135829], v=[ 7.11273999 -0.95452214 -0.55333472]
Epoch 17, t=2460388.3756703283:
  TLE_ECI: r=[ 3194.54024083 -3319.94899054  6189.17043323], v=[ 6.45119042  0.33773336 -3.1454221 ]
  RK45_ECI: r=[  172.1227033  -3181.12622506  7027.62083078], v=[ 7.11235388 -0.93328028 -0.59294834]
Epoch 18, t=2460388.3757455917:
  TLE_ECI: r=[ 3388.37487024 -3306.9255201   6092.40027199], v=[ 6.36552471  0.42683084 -3.3052614 ]
  RK45_ECI: r=[  219.88061683 -3187.0408638   7023.63273236], v=[ 7.11168923 -0.91200481 -0.63254038]
Epoch 19, t=2460388.375820855:
  TLE_ECI: r=[ 3579.55679062 -3291.14366881  5990.87315994], v=[ 6.27480974  0.51551963 -3.46253271]
  RK45_ECI: r=[  267.6358521  -3192.79436958  7019.38726504], v=[ 7.11074605 -0.89069703 -0.67210881]
Epoch 20, t=2460388.3758961186:
  TLE_ECI: r=[ 3767.93425992 -3272.61809229  5884.66798673], v=[ 6.17911554  0.60372605 -3.61711323]
  RK45_ECI: r=[  315.38695549 -3198.38659148  7014.88454619], v=[ 7.10952432 -0.86935782 -0.71165255]
Epoch 21, t=2460388.375971382:
  TLE_ECI: r=[ 3953.35770322 -3251.36572231  5773.86729671], v=[ 6.07851605  0.69137683 -3.76888214]
  RK45_ECI: r=[  363.13160517 -3203.81727752  7010.12478473], v=[ 7.10802409 -0.84798838 -0.75116977]
Epoch 22, t=2460388.376046645:
  TLE_ECI: r=[ 4135.67982264 -3227.4057645   5658.55722736], v=[ 5.97308917  0.77839912 -3.91772072]
  RK45_ECI: r=[  410.86790425 -3209.08624013  7005.10816048], v=[ 7.10624537 -0.82658976 -0.79065902]
Epoch 23, t=2460388.3761219084:
  TLE_ECI: r=[ 4314.75575255 -3200.75963501  5538.82744473], v=[ 5.86291661  0.86472067 -4.06351246]
  RK45_ECI: r=[  458.59463455 -3214.19336977  6999.83478664], v=[ 7.10418817 -0.8051627  -0.83011938]
Epoch 24, t=2460388.376197172:
  TLE_ECI: r=[ 4490.44311832 -3171.45101389  5414.77107633], v=[ 5.74808389  0.95026975 -4.20614314]
  RK45_ECI: r=[  506.30924867 -3219.13841639  6994.30493072], v=[ 7.10185257 -0.78370852 -0.86954886]
Epoch 25, t=2460388.3762724353:
  TLE_ECI: r=[ 4662.60218865 -3139.50577878  5286.48464097], v=[ 5.62868029  1.03497526 -4.3455009 ]
  RK45_ECI: r=[  554.01029297 -3223.92126075  6988.5187454 ], v=[ 7.0992386  -0.76222808 -0.90894638]
Epoch 26, t=2460388.3763476987:
  TLE_ECI: r=[ 4831.09597824 -3104.95199526  5154.06797596], v=[ 5.50479875  1.11876683 -4.48147637]
  RK45_ECI: r=[  601.69544723 -3228.54169558  6982.47649892], v=[ 7.09634635 -0.74072261 -0.9483101 ]
Epoch 27, t=2460388.3764229617:
  TLE_ECI: r=[ 4995.79034923 -3067.81990828  5017.62416167], v=[ 5.37653582  1.2015748  -4.61396274]
  RK45_ECI: r=[  649.36281583 -3232.9995723   6976.17841832], v=[ 7.09317592 -0.71919315 -0.98763859]
Epoch 28, t=2460388.376498225:
  TLE_ECI: r=[ 5156.55415558 -3028.14185931  4877.25944323], v=[ 5.24399158  1.28333039 -4.74285585]
  RK45_ECI: r=[  697.01118114 -3237.29480845  6969.62464594], v=[ 7.08972733 -0.69764047 -1.02693095]
Epoch 29, t=2460388.3765734886:
  TLE_ECI: r=[ 5313.259295   -2985.95234585  4733.08314986], v=[ 5.10726961  1.36396564 -4.86805426]
  RK45_ECI: r=[  744.63799892 -3241.42720285  6962.81551442], v=[ 7.08600073 -0.67606587 -1.06618519]
Epoch 30, t=2460388.376648752:
  TLE_ECI: r=[ 5465.78084928 -2941.28793588  4585.20761144], v=[ 4.96647688  1.44341354 -4.98945937]
  RK45_ECI: r=[  792.24181697 -3245.39666808  6955.75121148], v=[ 7.08199621 -0.65447024 -1.10540023]
Epoch 31, t=2460388.376724015:
  TLE_ECI: r=[ 5613.9971684  -2894.18726812  4433.74807258], v=[ 4.82172365  1.52160805 -5.10697549]
  RK45_ECI: r=[  839.82009331 -3249.20302499  6948.4320993 ], v=[ 7.07771394 -0.6328549  -1.14457408]
Epoch 32, t=2460388.3767992784:
  TLE_ECI: r=[ 5757.79000388 -2844.69095466  4278.82260424], v=[ 4.67312345  1.59848422 -5.2205099 ]
  RK45_ECI: r=[  887.37161206 -3252.84621488  6940.85834695], v=[ 7.073154   -0.61122061 -1.18370585]
Epoch 33, t=2460388.376874542:
  TLE_ECI: r=[ 5897.04455417 -2792.84164453  4120.55201302], v=[ 4.52079294  1.67397814 -5.32997294]
  RK45_ECI: r=[  934.89448082 -3256.32613183  6933.03023052], v=[ 7.06831652 -0.58956843 -1.22279411]
Epoch 34, t=2460388.3769498053:
  TLE_ECI: r=[ 6031.64959332 -2738.6839235   3959.05974794], v=[ 4.36485185  1.74802711 -5.43527812]
  RK45_ECI: r=[  982.38638656 -3259.64264071  6924.94811245], v=[ 7.06320172 -0.56789958 -1.26183706]
Epoch 35, t=2460388.3770250687:
  TLE_ECI: r=[ 6161.49755357 -2682.26429329  3794.47180506], v=[ 4.20542288  1.8205696  -5.53634214]
  RK45_ECI: r=[ 1029.84587994 -3262.7956861   6916.6122152 ], v=[ 7.0578097  -0.54621495 -1.30083363]
Epoch 36, t=2460388.3771003317:
  TLE_ECI: r=[ 6286.48460653 -2623.63115069  3626.91662981], v=[ 4.04263162  1.89154536 -5.63308502]
  RK45_ECI: r=[ 1077.2704258  -3265.78513813  6908.0229655 ], v=[ 7.05214073 -0.52451588 -1.33978184]
Epoch 37, t=2460388.377175595:
  TLE_ECI: r=[ 6406.51077989 -2562.83467378  3456.52501716], v=[ 3.87660642  1.96089547 -5.72543011]
  RK45_ECI: r=[ 1124.65902624 -3268.61098079  6899.18051901], v=[ 7.04619489 -0.50280303 -1.37868101]
Epoch 38, t=2460388.3772508586:
  TLE_ECI: r=[ 6521.47999342 -2499.92688931  3283.4300098 ], v=[ 3.70747834  2.02856238 -5.81330421]
  RK45_ECI: r=[ 1172.00914904 -3271.27310155  6890.08532459], v=[ 7.03997247 -0.48107774 -1.41752915]
Epoch 39, t=2460388.377326122:
  TLE_ECI: r=[ 6631.30017003 -2434.96155648  3107.76679426], v=[ 3.53538098  2.09448994 -5.8966376 ]
  RK45_ECI: r=[ 1219.31913364 -3273.77145674  6880.73767678], v=[ 7.03347364 -0.45934098 -1.45632502]
Epoch 40, t=2460388.3774013855:
  TLE_ECI: r=[ 6735.88330464 -2367.99413922  2929.67259507], v=[ 3.36045044  2.15862348 -5.97536415]
  RK45_ECI: r=[ 1266.58732025 -3276.10600774  6871.1378746 ], v=[ 7.02669861 -0.43759372 -1.49506739]
Epoch 41, t=2460388.3774766484:
  TLE_ECI: r=[ 6835.14553057 -2299.08177991  2749.2865672 ], v=[ 3.18282519  2.22090986 -6.0494213 ]
  RK45_ECI: r=[ 1313.81118309 -3278.27667413  6861.28640886], v=[ 7.0196477  -0.41583731 -1.53375429]
Epoch 42, t=2460388.377551912:
  TLE_ECI: r=[ 6929.00721689 -2228.28317099  2566.74968661], v=[ 3.00264593  2.2812975  -6.1187502 ]
  RK45_ECI: r=[ 1360.98972743 -3280.28346415  6851.18345777], v=[ 7.01232104 -0.39407241 -1.57238504]
Epoch 43, t=2460388.3776271753:
  TLE_ECI: r=[ 7017.39299392 -2155.65862458  2382.20463931], v=[ 2.82005551  2.33973644 -6.18329571]
  RK45_ECI: r=[ 1408.1204314  -3282.12631482  6840.8295341 ], v=[ 7.00471899 -0.37230037 -1.61095767]
Epoch 44, t=2460388.3777024387:
  TLE_ECI: r=[ 7100.23184401 -2081.26994213  2195.79570873], v=[ 2.63519879  2.39617837 -6.24300648]
  RK45_ECI: r=[ 1455.20164132 -3283.80521802  6830.22497257], v=[ 6.99684178 -0.35052217 -1.64947094]
Epoch 45, t=2460388.3777777017:
  TLE_ECI: r=[ 7177.45714832 -2005.18040265  2007.66866171], v=[ 2.44822258  2.45057668 -6.29783496]
  RK45_ECI: r=[ 1502.23148148 -3285.32016511  6819.37016389], v=[ 6.9886897  -0.32873888 -1.68792346]
Epoch 46, t=2460388.377852965:
  TLE_ECI: r=[ 7249.00676657 -1927.45462504  1817.97063297], v=[ 2.25927541  2.50288652 -6.3477375 ]
  RK45_ECI: r=[ 1549.20810694 -3286.67114232  6808.26550788], v=[ 6.98026305 -0.30695154 -1.72631382]
Epoch 47, t=2460388.3779282286:
  TLE_ECI: r=[ 7314.82305344 -1848.15863864  1626.85000859], v=[ 2.06850751  2.5530648  -6.39267435]
  RK45_ECI: r=[ 1596.12985857 -3287.85816519  6796.91135974], v=[ 6.9715621  -0.28516114 -1.76464077]
Epoch 48, t=2460388.378003492:
  TLE_ECI: r=[ 7374.85293144 -1767.359743    1434.45630803], v=[ 1.87607065  2.60107029 -6.43260969]
  RK45_ECI: r=[ 1642.99445055 -3288.88122597  6785.30824417], v=[ 6.96258724 -0.26336891 -1.80290257]
Epoch 49, t=2460388.3780787555:
  TLE_ECI: r=[ 7429.04792937 -1685.12647234  1240.94006533], v=[ 1.68211799  2.64686358 -6.46751169]
  RK45_ECI: r=[ 1689.80044991 -3289.74035969  6773.4564796 ], v=[ 6.95333873 -0.24157574 -1.84109816]
Epoch 50, t=2460388.3781540184:
  TLE_ECI: r=[ 7477.3642189  -1601.52855773  1046.45270919], v=[ 1.48680399  2.69040717 -6.49735254]
  RK45_ECI: r=[ 1736.54535465 -3290.43557523  6761.35667103], v=[ 6.94381705 -0.21978299 -1.87922561]
Epoch 51, t=2460388.378229282:
  TLE_ECI: r=[ 7519.76267049 -1516.63678059   851.14644232], v=[ 1.29028425  2.73166551 -6.52210845]
  RK45_ECI: r=[ 1783.22796717 -3290.96691853  6749.00909538], v=[ 6.93402242 -0.19799141 -1.91728405]
Epoch 52, t=2460388.3783045453:
  TLE_ECI: r=[ 7556.20885765 -1430.52304318   655.17412003], v=[ 1.09271539  2.77060498 -6.5417597 ]
  RK45_ECI: r=[ 1829.84642579 -3291.33443409  6736.4142038 ], v=[ 6.92395521 -0.17620208 -1.95527208]
Epoch 53, t=2460388.3783798087:
  TLE_ECI: r=[ 7586.67310559 -1343.26021988   458.68912825], v=[ 0.89425494  2.80719397 -6.55629063]
  RK45_ECI: r=[ 1876.39845885 -3291.53815989  6723.57257819], v=[ 6.91361589 -0.15441624 -1.99318796]
Epoch 54, t=2460388.378455072:
  TLE_ECI: r=[ 7611.13051156 -1254.92211617   261.84526094], v=[ 0.69506117  2.84140288 -6.56568969]
  RK45_ECI: r=[ 1922.88264255 -3291.57816311  6710.48457083], v=[ 6.90300476 -0.13263478 -2.03103065]
Epoch 55, t=2460388.378530335:
  TLE_ECI: r=[ 7629.56096239 -1165.58342824    64.79659724], v=[ 0.49529298  2.87320416 -6.56994942]
  RK45_ECI: r=[ 1969.29649174 -3291.45450227  6697.15084954], v=[ 6.89212237 -0.11085904 -2.06879821]
Epoch 56, t=2460388.3786055986:
  TLE_ECI: r=[ 7641.9491656  -1075.31958936  -132.30262171], v=[ 0.29510975  2.90257232 -6.56906648]
  RK45_ECI: r=[ 2015.63881688 -3291.16725087  6683.5717192 ], v=[ 6.88096899 -0.08908977 -2.10648979]
Epoch 57, t=2460388.378680862:
  TLE_ECI: r=[7648.28464105 -984.20683933 -329.29811606], v=[ 0.09467121  2.92948397 -6.56304162]
  RK45_ECI: r=[ 2061.90776927 -3290.71649292  6669.74767632], v=[ 6.86954504 -0.06732806 -2.14410401]
Epoch 58, t=2460388.3787561255:
  TLE_ECI: r=[7648.56174428 -892.32206991 -526.03569063], v=[-0.10586268  2.95391783 -6.55187971]
  RK45_ECI: r=[ 2108.10109412 -3290.10231182  6655.67935956], v=[ 6.85785107 -0.04557512 -2.18163911]
Epoch 59, t=2460388.378831389:
  TLE_ECI: r=[7642.77966761 -799.74278122 -722.36135815], v=[-0.30633188  2.97585472 -6.53558975]
  RK45_ECI: r=[ 2154.21737808 -3289.32480691  6641.36715487], v=[ 6.84588742 -0.02383185 -2.21909408]
Epoch 60, t=2460388.378906652:
  TLE_ECI: r=[7630.9424388  -706.54703781 -918.12146233], v=[-0.50657639  2.99527765 -6.51418481]
  RK45_ECI: r=[ 2200.25415553 -3288.38408601  6626.81179239], v=[ 6.83365472e+00 -2.09957725e-03 -2.25646700e+00]
Epoch 61, t=2460388.3789819153:
  TLE_ECI: r=[ 7613.05892613  -612.81331233 -1113.16280062], v=[-0.70643645  3.01217175 -6.48768204]
  RK45_ECI: r=[ 2246.21024634 -3287.28024997  6612.01360484], v=[ 6.82115327  0.01962096 -2.29375701]
Epoch 62, t=2460388.3790571787:
  TLE_ECI: r=[ 7589.1428177   -518.62055255 -1307.33274645], v=[-0.90575258  3.02652432 -6.45610269]
  RK45_ECI: r=[ 2292.08381682 -3286.01342202  6596.97313372], v=[ 6.80838356  0.04132867 -2.33096275]
Epoch 63, t=2460388.379132442:
  TLE_ECI: r=[ 7559.21261889  -424.04802479 -1500.4793711 ], v=[-1.10436577  3.03832486 -6.41947203]
  RK45_ECI: r=[ 2337.87263118 -3284.58373073  6581.69107402], v=[ 6.79534618  0.06302236 -2.36808248]
Epoch 64, t=2460388.379207705:
  TLE_ECI: r=[ 7523.29163343  -329.17529025 -1692.45156469], v=[-1.3021176   3.04756504 -6.37781936]
  RK45_ECI: r=[ 2383.57486454 -3282.99131938  6566.16799193], v=[ 6.78204166  0.08470095 -2.40511483]
Epoch 65, t=2460388.3792829686:
  TLE_ECI: r=[ 7481.40794781  -234.08204877 -1883.09915658], v=[-1.49885039  3.0542387  -6.33117799]
  RK45_ECI: r=[ 2429.18934402 -3281.23630839  6550.40423888], v=[ 6.76847031  0.10636371 -2.44205896]
Epoch 66, t=2460388.379358232:
  TLE_ECI: r=[ 7433.59440096  -138.84820391 -2072.2730348 ], v=[-1.69440732  3.05834191 -6.27958517]
  RK45_ECI: r=[ 2474.71362945 -3279.31886195  6534.40061568], v=[ 6.75463285  0.1280093  -2.47891298]
Epoch 67, t=2460388.3794334955:
  TLE_ECI: r=[ 7379.88856121   -43.55370637 -2259.82526443], v=[-1.88863254  3.05987288 -6.22308212]
  RK45_ECI: r=[ 2520.1463273  -3277.23913017  6518.15756159], v=[ 6.74052968  0.14963687 -2.51567588]
Epoch 68, t=2460388.379508759:
  TLE_ECI: r=[ 7320.33269344    51.72149225 -2445.60920502], v=[-2.08137133  3.05883207 -6.16171391]
  RK45_ECI: r=[ 2565.48522325 -3274.9972863   6501.67582732], v=[ 6.72616148  0.17124521 -2.55234595]
Epoch 69, t=2460388.379584022:
  TLE_ECI: r=[ 7254.97372394   146.89748551 -2629.47962671], v=[-2.27247023  3.05522208 -6.09552949]
  RK45_ECI: r=[ 2610.72851009 -3272.59351236  6484.95602338], v=[ 6.7115288   0.19283326 -2.58892183]
Epoch 70, t=2460388.3796592853:
  TLE_ECI: r=[ 7183.86319953   241.89456543 -2811.29282501], v=[-2.46177715  3.0490477  -6.0245816 ]
  RK45_ECI: r=[ 2655.8750263  -3270.02795558  6467.99852862], v=[ 6.69663201  0.21440029 -2.62540269]
Epoch 71, t=2460388.3797345487:
  TLE_ECI: r=[ 7107.05724613   336.6331616  -2990.90673425], v=[-2.6491415   3.0403159  -5.94892673]
  RK45_ECI: r=[ 2700.92235641 -3267.30082863  6450.80420477], v=[ 6.68147188  0.23594499 -2.66178667]
Epoch 72, t=2460388.379809812:
  TLE_ECI: r=[ 7024.61652084   431.03399408 -3168.1810395 ], v=[-2.8344143   3.02903581 -5.86862509]
  RK45_ECI: r=[ 2745.86912113 -3264.41231286  6433.37352394], v=[ 6.66604885  0.25746651 -2.69807276]
Epoch 73, t=2460388.3798850756:
  TLE_ECI: r=[ 6936.60616146   525.0181188  -3342.97728686], v=[-3.01744834  3.01521872 -5.78374053]
  RK45_ECI: r=[ 2790.71312952 -3261.36262589  6415.70729187], v=[ 6.65036366  0.27896365 -2.73425928]
Epoch 74, t=2460388.3799603386:
  TLE_ECI: r=[ 6843.09573397   618.50697363 -3515.15899205], v=[-3.19809824  2.99887804 -5.6943405 ]
  RK45_ECI: r=[ 2835.45259374 -3258.15198817  6397.80616277], v=[ 6.63441692  0.30043535 -2.7703449 ]
Epoch 75, t=2460388.380035602:
  TLE_ECI: r=[ 6744.15916764   711.4225255  -3684.59174726], v=[-3.37622065  2.98002929 -5.60049597]
  RK45_ECI: r=[ 2880.08636479 -3254.78057335  6379.67054251], v=[ 6.61820902  0.3218809  -2.8063288 ]
Epoch 76, t=2460388.3801108655:
  TLE_ECI: r=[ 6639.87470372   803.68721384 -3851.14332612], v=[-3.55167428  2.95869012 -5.50228137]
  RK45_ECI: r=[ 2924.61205418 -3251.24864223  6361.30135292], v=[ 6.6017408   0.343299   -2.84220914]
Epoch 77, t=2460388.380186129:
  TLE_ECI: r=[ 6530.32482419   895.22409704 -4014.68378669], v=[-3.72432004  2.93488026 -5.39977456]
  RK45_ECI: r=[ 2969.02829811 -3247.55640706  6342.69909843], v=[ 6.58501273  0.36468879 -2.87798494]
Epoch 78, t=2460388.3802613923:
  TLE_ECI: r=[ 6415.5961851    985.95689593 -4175.08557242], v=[-3.89402119  2.90862148 -5.29305669]
  RK45_ECI: r=[ 3013.33293108 -3243.70412956  6323.864639  ], v=[ 6.56802563  0.38604909 -2.91365453]
Epoch 79, t=2460388.3803366553:
  TLE_ECI: r=[ 6295.77954827  1075.81003888 -4332.22361105], v=[-4.06064339  2.87993763 -5.1822122 ]
  RK45_ECI: r=[ 3057.52418642 -3239.69206812  6304.79867183], v=[ 6.55078014  0.40737887 -2.94921662]
Epoch 80, t=2460388.3804119187:
  TLE_ECI: r=[ 6170.96969423  1164.70879906 -4485.97541126], v=[-4.22405484  2.8488545  -5.06732871]
  RK45_ECI: r=[ 3101.60092863 -3235.52042265  6285.50162936], v=[ 6.53327668  0.42867739 -2.98467039]
Epoch 81, t=2460388.380487182:
  TLE_ECI: r=[ 6041.26536265  1252.57924382 -4636.22115713], v=[-4.38412636  2.81539993 -4.94849694]
  RK45_ECI: r=[ 3145.56079852 -3231.18950169  6265.97449254], v=[ 6.51551617  0.44994337 -3.02001404]
Epoch 82, t=2460388.3805624456:
  TLE_ECI: r=[ 5906.7691596   1339.3483712  -4782.84380027], v=[-4.54073152  2.77960371 -4.82581065]
  RK45_ECI: r=[ 3189.40244895 -3226.69954825  6246.21779757], v=[ 6.49749912  0.47117597 -3.0552466 ]
Epoch 83, t=2460388.3806377086:
  TLE_ECI: r=[ 5767.58748088  1424.94413425 -4925.72914957], v=[-4.69374669  2.74149756 -4.69936655]
  RK45_ECI: r=[ 3233.12353491 -3222.05089208  6226.23255202], v=[ 6.47922648  0.49237391 -3.09036627]
Epoch 84, t=2460388.380712972:
  TLE_ECI: r=[ 5623.8304089   1509.29556817 -5064.76595844], v=[-4.84305118  2.70111506 -4.56926422]
  RK45_ECI: r=[ 3276.72293408 -3217.24375595  6206.01921238], v=[ 6.46069869  0.51353646 -3.12537228]
Epoch 85, t=2460388.3807882355:
  TLE_ECI: r=[ 5475.61164758  1592.33274575 -5199.84600974], v=[-4.9885273   2.65849169 -4.43560601]
  RK45_ECI: r=[ 3320.19890393 -3212.27843925  6185.57852007], v=[ 6.44191647  0.53466259 -3.16026333]
Epoch 86, t=2460388.380863499:
  TLE_ECI: r=[ 5323.04841427  1673.98690353 -5330.86419796], v=[-5.13006045  2.61366476 -4.298497  ]
  RK45_ECI: r=[ 3363.54932416 -3207.15527335  6164.91141986], v=[ 6.42288071  0.55575114 -3.19503781]
Epoch 87, t=2460388.3809387623:
  TLE_ECI: r=[ 5166.26134896  1754.19048051 -5457.71860895], v=[-5.26753923  2.56667337 -4.15804485]
  RK45_ECI: r=[ 3406.77286569 -3201.87453172  6144.01847907], v=[ 6.40359196  0.57680126 -3.22969479]
Epoch 88, t=2460388.3810140253:
  TLE_ECI: r=[ 5005.37442246  1832.87715818 -5580.31059692], v=[-5.40085546  2.5175584  -4.01435977]
  RK45_ECI: r=[ 3449.86721608 -3196.4365914   6122.90076293], v=[ 6.38405124  0.59781168 -3.26423249]
Epoch 89, t=2460388.3810892887:
  TLE_ECI: r=[ 4840.51481539  1909.98197402 -5698.54485882], v=[-5.52990437  2.46636239 -3.86755438]
  RK45_ECI: r=[ 3492.83126869 -3190.84170096  6101.55875345], v=[ 6.36425903  0.61878168 -3.29865014]
Epoch 90, t=2460388.381164552:
  TLE_ECI: r=[ 4671.8128479   1985.44128398 -5812.32950599], v=[-5.65458453  2.41312962 -3.71774366]
  RK45_ECI: r=[ 3535.66330564 -3185.09019724  6079.99323347], v=[ 6.34421609  0.63971024 -3.33294649]
Epoch 91, t=2460388.3812398156:
  TLE_ECI: r=[ 4499.40185457  2059.19287426 -5921.57613299], v=[-5.77479806  2.357906   -3.56504483]
  RK45_ECI: r=[ 3578.3612376  -3179.18245473  6058.20519951], v=[ 6.32392338  0.6605962  -3.36711995]
Epoch 92, t=2460388.381315079:
  TLE_ECI: r=[ 4323.41808322  2131.17599616 -6026.19988373], v=[-5.89045058  2.30073904 -3.40957727]
  RK45_ECI: r=[ 3620.92375489 -3173.11877717  6036.19524938], v=[ 6.30338149  0.68143872 -3.4011696 ]
Epoch 93, t=2460388.381390342:
  TLE_ECI: r=[ 4144.000593    2201.33140264 -6126.11951474], v=[-6.00145137  2.24167781 -3.25146242]
  RK45_ECI: r=[ 3663.34858012 -3166.89958839  6013.96450487], v=[ 6.28259151  0.70223653 -3.43509371]
Epoch 94, t=2460388.3814656055:
  TLE_ECI: r=[ 3961.29111832  2269.60144516 -6221.25745546], v=[-6.1077134   2.18077287 -3.09082368]
  RK45_ECI: r=[ 3705.63481453 -3160.52514056  5991.51336716], v=[ 6.26155386  0.72298902 -3.46889169]
Epoch 95, t=2460388.381540869:
  TLE_ECI: r=[ 3775.43399487  2335.93004472 -6311.53986595], v=[-6.20915336  2.11807628 -2.92778633]
  RK45_ECI: r=[ 3747.78019337 -3153.9958739   5968.84297725], v=[ 6.24026963  0.74369491 -3.50256182]
Epoch 96, t=2460388.3816161323:
  TLE_ECI: r=[ 3586.57602031  2400.26278714 -6396.89669138], v=[-6.30569175  2.05364153 -2.76247743]
  RK45_ECI: r=[ 3789.78323369 -3147.31213951  5945.95406482], v=[ 6.21873957  0.76435331 -3.53610302]
Epoch 97, t=2460388.381691396:
  TLE_ECI: r=[ 3394.8663447   2462.54695369 -6477.26171379], v=[-6.39725294  1.98752346 -2.59502568]
  RK45_ECI: r=[ 3831.64245567 -3140.47429303  5922.84736344], v=[ 6.1969644   0.78496329 -3.56951424]
Epoch 98, t=2460388.3817666587:
  TLE_ECI: r=[ 3200.45636095  2522.73155303 -6552.57260084], v=[-6.4837652   1.9197783  -2.42556139]
  RK45_ECI: r=[ 3873.35561922 -3133.48280481  5899.52405036], v=[ 6.17494527  0.80552361 -3.60279378]
Epoch 99, t=2460388.381841922:
  TLE_ECI: r=[ 3003.49955623  2580.76740029 -6622.77095155], v=[-6.56516076  1.85046348 -2.25421633]
  RK45_ECI: r=[ 3914.92184019 -3126.33794942  5875.98454614], v=[ 6.15268265  0.82603365 -3.63594105]
Epoch 100, t=2460388.3819171856:
  TLE_ECI: r=[ 2804.15143569  2636.6070975  -6687.80233925], v=[-6.64137585  1.77963775 -2.08112365]
  RK45_ECI: r=[ 3956.33889216 -3119.04021317  5852.23004687], v=[ 6.1301777   0.84649215 -3.66895438]
Epoch 101, t=2460388.381992449:
  TLE_ECI: r=[ 2602.56937187  2690.20511038 -6747.6163513 ], v=[-6.71235074  1.70736102 -1.9064178 ]
  RK45_ECI: r=[ 3997.60531765 -3111.58997999  5828.2613167 ], v=[ 6.1074312   0.86689821 -3.70183271]
Epoch 102, t=2460388.382067712:
  TLE_ECI: r=[ 2398.91249723  2741.51778689 -6802.16662598], v=[-6.77802978  1.63369434 -1.73023436]
  RK45_ECI: r=[ 4038.71946735 -3103.98767758  5804.07923756], v=[ 6.08444404  0.88725084 -3.73457485]
Epoch 103, t=2460388.3821429755:
  TLE_ECI: r=[ 2193.3415479   2790.5034208  -6851.41088623], v=[-6.83836146  1.55869983 -1.55271004]
  RK45_ECI: r=[ 4079.67972554 -3096.23370525  5779.6846991 ], v=[ 6.06121712  0.9075491  -3.7671796 ]
Epoch 104, t=2460388.382218239:
  TLE_ECI: r=[ 1986.01878654  2837.12223988 -6895.31097053], v=[-6.89329842  1.48244068 -1.37398249]
  RK45_ECI: r=[ 4120.48463944 -3088.32847637  5755.07848286], v=[ 6.03775126  0.92779206 -3.79964592]
Epoch 105, t=2460388.3822935023:
  TLE_ECI: r=[ 1777.10784459  2881.33646712 -6933.83286063], v=[-6.94279746  1.40498107 -1.19419024]
  RK45_ECI: r=[ 4161.13221802 -3080.27248408  5730.26172496], v=[ 6.01404757  0.9479786  -3.83197231]
Epoch 106, t=2460388.382368766:
  TLE_ECI: r=[ 1566.77360315  2923.11034271 -6966.94670624], v=[-6.98681964  1.32638609 -1.01347261]
  RK45_ECI: r=[ 4201.62121354 -3072.06611536  5705.23510538], v=[ 5.99010679  0.96810791 -3.86415791]
Epoch 107, t=2460388.3824440287:
  TLE_ECI: r=[ 1355.18207384  2962.41014784 -6994.62684677], v=[-7.02533022  1.24672177 -0.83196958]
  RK45_ECI: r=[ 4241.94945938 -3063.70992252  5679.99989851], v=[ 5.96593018  0.98817877 -3.89620108]
Epoch 108, t=2460388.382519292:
  TLE_ECI: r=[ 1142.50023555  2999.20424777 -7016.85182984], v=[-7.05829875  1.16605488 -0.64982169]
  RK45_ECI: r=[ 4282.11591919 -3055.20425046  5654.55667871], v=[ 5.94151837  1.00819048 -3.9281011 ]
Epoch 109, t=2460388.3825945556:
  TLE_ECI: r=[  928.89595718  3033.46309036 -7033.60442699], v=[-7.08569904  1.08445306 -0.46716998]
  RK45_ECI: r=[ 4322.11898532 -3046.54957504  5628.90637891], v=[ 5.91687232  1.02814206 -3.95985679]
Epoch 110, t=2460388.382669819:
  TLE_ECI: r=[  714.53783326  3065.15924712 -7044.87164612], v=[-7.10750924  1.00198463 -0.28415581]
  RK45_ECI: r=[ 4361.95670606 -3037.74643068  5603.05018322], v=[ 5.89199323  1.04803241 -3.99146671]
Epoch 111, t=2460388.3827450825:
  TLE_ECI: r=[  499.59506227  3094.2674298  -7050.64474093], v=[-7.12371178  0.91871859 -0.10092085]
  RK45_ECI: r=[ 4401.62785854 -3028.79523328  5576.98879996], v=[ 5.86688187  1.06786073 -4.02292998]
Epoch 112, t=2460388.3828203455:
  TLE_ECI: r=[  284.2373251   3120.7645092  -7050.91921737], v=[-7.13429344  0.8347246   0.08239309]
  RK45_ECI: r=[ 4441.13032024 -3019.69657979  5550.72355591], v=[ 5.84153956  1.08762581 -4.05424501]
Epoch 113, t=2460388.382895609:
  TLE_ECI: r=[   68.63461742  3144.62953722 -7045.69483686], v=[-7.13924533  0.7500728   0.26564415]
  RK45_ECI: r=[ 4480.46307618 -3010.45083973  5524.25504869], v=[ 5.81596698  1.10732698 -4.0854111 ]
Epoch 114, t=2460388.3829708723:
  TLE_ECI: r=[ -147.04282702  3165.84375596 -7034.97561664], v=[-7.1385629   0.66483391  0.4486905 ]
  RK45_ECI: r=[ 4519.62455215 -3001.05852406  5497.58424888], v=[ 5.79016512  1.12696329 -4.11642708]
Epoch 115, t=2460388.383046136:
  TLE_ECI: r=[ -362.62470418  3184.39061761 -7018.76982696], v=[-7.13224598  0.57907907  0.63139044]
  RK45_ECI: r=[ 4558.61283783 -2991.52020778  5470.71238764], v=[ 5.76413526  1.14653363 -4.14729154]
Epoch 116, t=2460388.383121399:
  TLE_ECI: r=[ -577.94076225  3200.25579581 -6997.08998514], v=[-7.12029872  0.49287984  0.81360255]
  RK45_ECI: r=[ 4597.42673654 -2981.83633521  5443.64020103], v=[ 5.73787818  1.16603725 -4.17800363]
Epoch 117, t=2460388.383196662:
  TLE_ECI: r=[ -792.82092394  3213.42719893 -6969.95284671], v=[-7.10272964  0.40630812  0.99518573]
  RK45_ECI: r=[ 4636.06417205 -2972.00754707  5416.36906719], v=[ 5.7113953   1.18547294 -4.20856179]
Epoch 118, t=2460388.3832719256:
  TLE_ECI: r=[-1007.09545572  3223.89497095 -6937.37939327], v=[-7.0795516   0.31943607  1.17599935]
  RK45_ECI: r=[ 4674.52415201 -2962.03423667  5388.89960652], v=[ 5.6846873   1.20484008 -4.23896532]
Epoch 119, t=2460388.383347189:
  TLE_ECI: r=[-1220.59504267  3231.65151085 -6899.39481762], v=[-7.0507818   0.2323361   1.35590332]
  RK45_ECI: r=[ 4712.80513718 -2951.91694959  5361.23282647], v=[ 5.65775524  1.2241377  -4.2692131 ]
Epoch 120, t=2460388.3834224525:
  TLE_ECI: r=[-1433.15095736  3236.69147116 -6856.02850549], v=[-7.01644178  0.1450808   1.53475821]
  RK45_ECI: r=[ 4750.90526057 -2941.65630049  5333.37000422], v=[ 5.63060044  1.24336476 -4.29930373]
Epoch 121, t=2460388.3834977155:
  TLE_ECI: r=[-1644.5951718   3239.01176853 -6807.31401446], v=[-6.9765574   0.05774289  1.71242535]
  RK45_ECI: r=[ 4788.82300244 -2931.25285233  5305.31216726], v=[ 5.60322398  1.26252032 -4.32923612]
Epoch 122, t=2460388.383572979:
  TLE_ECI: r=[-1854.76052592  3238.61156744 -6753.2890496 ], v=[-6.93115882 -0.0296049   1.88876692]
  RK45_ECI: r=[ 4826.55738669 -2920.70701541  5277.0599511 ], v=[ 5.57562656  1.28160374 -4.35900956]
Epoch 123, t=2460388.3836482423:
  TLE_ECI: r=[-2063.48080062  3235.49230762 -6693.99543636], v=[-6.8802805  -0.1168898   2.06364607]
  RK45_ECI: r=[ 4864.10639276 -2910.01947959  5248.61479119], v=[ 5.54780966  1.30061388 -4.38862256]
Epoch 124, t=2460388.383723506:
  TLE_ECI: r=[-2270.59088517  3229.65768553 -6629.47909017], v=[-6.82396115 -0.20403908  2.23692701]
  RK45_ECI: r=[ 4901.46886853 -2899.19073298  5219.97746675], v=[ 5.51977412  1.31954999 -4.41807429]
Epoch 125, t=2460388.383798769:
  TLE_ECI: r=[-2475.92689652  3221.11365542 -6559.78998311], v=[-6.76224375 -0.29098017  2.4084751 ]
  RK45_ECI: r=[ 4938.64299216 -2888.22142899  5191.1492998 ], v=[ 5.49152132  1.33841104 -4.44736339]
Epoch 126, t=2460388.383874032:
  TLE_ECI: r=[-2679.32629794  3209.86843244 -6484.98210761], v=[-6.69517548 -0.37764059  2.57815696]
  RK45_ECI: r=[ 4975.62728124 -2877.11216379  5162.13135332], v=[ 5.46305238  1.35719611 -4.47648879]
Epoch 127, t=2460388.3839492956:
  TLE_ECI: r=[-2880.62806395  3195.93245525 -6405.11343695], v=[-6.62280771 -0.4639482   2.7458406 ]
  RK45_ECI: r=[ 5012.42078387 -2865.86337049  5132.92428469], v=[ 5.43436802  1.3759046  -4.50544983]
Epoch 128, t=2460388.384024559:
  TLE_ECI: r=[-3079.67275001  3179.31842287 -6320.24588304], v=[-6.54519599 -0.54983105  2.91139547]
  RK45_ECI: r=[ 5049.02153    -2854.47578062  5103.529578  ], v=[ 5.40546978  1.39453537 -4.53424503]
Epoch 129, t=2460388.3840998225:
  TLE_ECI: r=[-3276.30265581  3160.04125475 -6230.44525101], v=[-6.46239998 -0.63521757  3.07469257]
  RK45_ECI: r=[ 5085.42839689 -2842.94990861  5073.94803849], v=[ 5.37635853  1.41308771 -4.5628736 ]
Epoch 130, t=2460388.384175086:
  TLE_ECI: r=[-3470.36193964  3138.11808642 -6135.78119085], v=[-6.37448341 -0.72003658  3.23560459]
  RK45_ECI: r=[ 5121.63960946 -2831.28644578  5044.18103179], v=[ 5.3470357   1.4315606  -4.59133423]
Epoch 131, t=2460388.384250349:
  TLE_ECI: r=[-3661.69673266  3113.56826607 -6036.3271462 ], v=[-6.2815141  -0.80421734  3.39400595]
  RK45_ECI: r=[ 5157.65372402 -2819.48602073  5014.22965531], v=[ 5.31750244  1.44995315 -4.61962586]
Epoch 132, t=2460388.3843256123:
  TLE_ECI: r=[-3850.15529715  3086.41329688 -5932.16030005], v=[-6.18356383 -0.88768968  3.54977295]
  RK45_ECI: r=[ 5193.46981371 -2807.54908865  4984.09458765], v=[ 5.2877595   1.46826477 -4.64774787]
Epoch 133, t=2460388.384400876:
  TLE_ECI: r=[-4035.58809184  3056.67688221 -5823.3615177 ], v=[-6.08070835 -0.97038397  3.70278383]
  RK45_ECI: r=[ 5229.085961   -2795.47642165  4953.77736005], v=[ 5.25780848  1.48649436 -4.67569881]
Epoch 134, t=2460388.384476139:
  TLE_ECI: r=[-4217.84792751  3024.38486548 -5710.01528671], v=[-5.97302731 -1.05223118  3.85291887]
  RK45_ECI: r=[ 5264.50107321 -2783.26856025  4923.27880297], v=[ 5.22765027  1.50464121 -4.70347794]
Epoch 135, t=2460388.384551402:
  TLE_ECI: r=[-4396.79006664  2989.56523197 -5592.20965401], v=[-5.86060423 -1.133163    4.00006051]
  RK45_ECI: r=[ 5299.71325723 -2770.92629438  4892.60046865], v=[ 5.19728649  1.52270425 -4.73108384]
Epoch 136, t=2460388.3846266656:
  TLE_ECI: r=[-4572.27237398  2952.24803556 -5470.03616015], v=[-5.7435264  -1.21311189  4.14409342]
  RK45_ECI: r=[ 5334.72160957 -2758.45009836  4861.74305464], v=[ 5.1667179   1.54068287 -4.75851589]
Epoch 137, t=2460388.384701929:
  TLE_ECI: r=[-4744.15537771  2912.46544974 -5343.58977083], v=[-5.62188485 -1.29201105  4.2849046 ]
  RK45_ECI: r=[ 5369.52472899 -2745.84063503  4830.70769316], v=[ 5.13594572  1.55857622 -4.78577309]
Epoch 138, t=2460388.3847771925:
  TLE_ECI: r=[-4912.30241692  2870.25169166 -5212.96880558], v=[-5.49577429 -1.36979459  4.42238347]
  RK45_ECI: r=[ 5404.12091899 -2733.09865418  4799.49581672], v=[ 5.10497144  1.57638332 -4.8128542 ]
Epoch 139, t=2460388.384852456:
  TLE_ECI: r=[-5076.5797428  2825.6430065 -5078.2748637], v=[-5.36529303 -1.44639748  4.55642198]
  RK45_ECI: r=[ 5438.5091182  -2720.22472141  4768.10828006], v=[ 5.07379599  1.59410349 -4.83975847]
Epoch 140, t=2460388.384927719:
  TLE_ECI: r=[-5236.85661863  2778.67765326 -4939.61274754], v=[-5.23054293 -1.5217557   4.68691465]
  RK45_ECI: r=[ 5472.68748855 -2707.219666    4736.54668036], v=[ 5.04242103  1.61173566 -4.86648454]
Epoch 141, t=2460388.3850029823:
  TLE_ECI: r=[-5393.00545839  2729.39581253 -4797.09038306], v=[-5.09162928 -1.59580626  4.81375872]
  RK45_ECI: r=[ 5506.65515321 -2694.08398344  4704.8117349 ], v=[ 5.01084737  1.62927925 -4.89303183]
Epoch 142, t=2460388.385078246:
  TLE_ECI: r=[-5544.90188118  2677.83964411 -4650.81873791], v=[-4.94866078 -1.66848721  4.9368542 ]
  RK45_ECI: r=[ 5540.41075239 -2680.8183674   4672.90460798], v=[ 4.97907624  1.64673343 -4.91939937]
Epoch 143, t=2460388.385153509:
  TLE_ECI: r=[-5692.42484557  2624.05319223 -4500.91173679], v=[-4.80174944 -1.73973774  5.05610395]
  RK45_ECI: r=[ 5573.95264081 -2667.42360304  4640.82677202], v=[ 4.9471092   1.66409724 -4.94558595]
Epoch 144, t=2460388.3852287726:
  TLE_ECI: r=[-5835.45674011  2568.08236448 -4347.4861744 ], v=[-4.65101049 -1.80949826  5.17141377]
  RK45_ECI: r=[ 5607.27978936 -2653.90028069  4608.57910513], v=[ 4.9149472   1.68137001 -4.97159086]
Epoch 145, t=2460388.3853040356:
  TLE_ECI: r=[-5973.88347243  2509.97491095 -4190.66162592], v=[-4.49656231 -1.87771035  5.28269252]
  RK45_ECI: r=[ 5640.39041688 -2640.24926794  4576.16324782], v=[ 4.88259196  1.6985507  -4.9974128 ]
Epoch 146, t=2460388.385379299:
  TLE_ECI: r=[-6107.59459255  2449.78031519 -4030.56035498], v=[-4.33852629 -1.94431696  5.38985212]
  RK45_ECI: r=[ 5673.2836741  -2626.47108088  4543.57993632], v=[ 4.85004431  1.71563875 -5.0230512 ]
Epoch 147, t=2460388.3854545625:
  TLE_ECI: r=[-6236.48333915  2387.54985692 -3867.30721955], v=[-4.17702683 -2.00926232  5.49280769]
  RK45_ECI: r=[ 5705.95824406 -2612.56644321  4510.83036577], v=[ 4.81730553  1.73263333 -5.04850512]
Epoch 148, t=2460388.385529826:
  TLE_ECI: r=[-6360.44675762  2323.33650071 -3701.0295753 ], v=[-4.01219116 -2.07249206  5.59147761]
  RK45_ECI: r=[ 5738.41253422 -2598.53617498  4477.91604704], v=[ 4.7843772   1.74953352 -5.07377341]
Epoch 149, t=2460388.3856050894:
  TLE_ECI: r=[-6479.38577795  2257.1948684  -3531.85717686], v=[-3.8441493  -2.13395325  5.68578357]
  RK45_ECI: r=[ 5770.64554894 -2584.38089028  4444.8378807 ], v=[ 4.75126034  1.76633866 -5.0988554 ]
Epoch 150, t=2460388.3856803523:
  TLE_ECI: r=[-6593.20529035  2189.18121323 -3359.92207702], v=[-3.67303392 -2.19359444  5.77565068]
  RK45_ECI: r=[ 5802.6555658  -2570.10149409  4411.59754893], v=[ 4.71795671  1.78304773 -5.12374981]
Epoch 151, t=2460388.385755616:
  TLE_ECI: r=[-6701.81425034  2119.35329548 -3185.35852373], v=[-3.49898024 -2.25136575  5.8610075 ]
  RK45_ECI: r=[ 5834.44190685 -2555.69846787  4378.19564901], v=[ 4.684467    1.79966026 -5.14845623]
Epoch 152, t=2460388.385830879:
  TLE_ECI: r=[-6805.12571559  2047.77044894 -3008.30285526], v=[-3.32212595 -2.30721882  5.94178612]
  RK45_ECI: r=[ 5866.00287048 -2541.17272939  4344.63387711], v=[ 4.650793    1.81617525 -5.17297341]
Epoch 153, t=2460388.3859061426:
  TLE_ECI: r=[-6903.05694482  1974.49345469 -2828.89339342], v=[-3.14261107 -2.36110693  6.01792221]
  RK45_ECI: r=[ 5897.33734759 -2526.52496762  4310.91330969], v=[ 4.61693589  1.83259197 -5.19730059]
Epoch 154, t=2460388.3859814056:
  TLE_ECI: r=[-6995.52945501  1899.58452913 -2647.27033498], v=[-2.96057789 -2.41298503  6.08935511]
  RK45_ECI: r=[ 5928.44408679 -2511.75594875  4277.03518531], v=[ 4.58289701  1.84890966 -5.22143688]
Epoch 155, t=2460388.386056669:
  TLE_ECI: r=[-7082.46910967  1823.10719017 -2463.57564129], v=[-2.77617075 -2.46280979  6.15602785]
  RK45_ECI: r=[ 5959.32186787 -2496.86639287  4243.00074817], v=[ 4.54867771  1.86512756 -5.24538142]
Epoch 156, t=2460388.3861319325:
  TLE_ECI: r=[-7163.80614727  1745.12632518 -2277.95292644], v=[-2.58953605 -2.5105396   6.21788721]
  RK45_ECI: r=[ 5989.96959538 -2481.85701994  4208.81108734], v=[ 4.51427919  1.88124496 -5.26913345]
Epoch 157, t=2460388.386207196:
  TLE_ECI: r=[-7239.47526296  1665.70805483 -2090.54734379], v=[-2.40082204 -2.55613462  6.2748838 ]
  RK45_ECI: r=[ 6020.38577618 -2466.72870991  4174.46777915], v=[ 4.47970312  1.89726098 -5.29269191]
Epoch 158, t=2460388.3862824594:
  TLE_ECI: r=[-7309.41565788  1584.91969744 -1901.50547104], v=[-2.21017874 -2.59955687  6.32697205]
  RK45_ECI: r=[ 6050.5694774  -2451.48211869  4139.97176227], v=[ 4.44495057  1.91317498 -5.31605615]
Epoch 159, t=2460388.3863577223:
  TLE_ECI: r=[-7373.57108626  1502.8297332  -1710.97519405], v=[-2.0177578  -2.64077019  6.37411033]
  RK45_ECI: r=[ 6080.51908693 -2436.11821592  4105.32478989], v=[ 4.41002339  1.92898602 -5.33922502]
Epoch 160, t=2460388.386432986:
  TLE_ECI: r=[-7431.88992098  1419.50765939 -1519.10558938], v=[-1.82371238 -2.67974033  6.41626089]
  RK45_ECI: r=[ 6110.23383745 -2420.63757293  4070.5276472 ], v=[ 4.37492249  1.94469355 -5.362198  ]
Epoch 161, t=2460388.386508249:
  TLE_ECI: r=[-7484.32517022  1335.0240605  -1326.04680572], v=[-1.62819701 -2.71643494  6.45338999]
  RK45_ECI: r=[ 6139.71253937 -2405.04099347  4035.58160945], v=[ 4.33964927  1.96029684 -5.38497427]
Epoch 162, t=2460388.3865835126:
  TLE_ECI: r=[-7530.83453576  1249.45046212 -1131.94994431], v=[-1.43136748 -2.75082364  6.48546787]
  RK45_ECI: r=[ 6168.95375698 -2389.32938964  4000.48828729], v=[ 4.30420546  1.97579501 -5.40755278]
Epoch 163, t=2460388.386658776:
  TLE_ECI: r=[-7571.3804444   1162.85929098  -936.96693848], v=[-1.23338072 -2.782878    6.51246882]
  RK45_ECI: r=[ 6197.95659389 -2373.50343947  3965.24863939], v=[ 4.26859214  1.99118746 -5.42993295]
Epoch 164, t=2460388.386734039:
  TLE_ECI: r=[-7605.93007689  1075.32383532  -741.25043232], v=[-1.03439462 -2.81257162  6.53437118]
  RK45_ECI: r=[ 6226.71950185 -2357.56414684  3929.86445615], v=[ 4.23281123  2.00647327 -5.45211364]
Epoch 165, t=2460388.3868093025:
  TLE_ECI: r=[-7634.45540879   986.91809332  -544.95365874], v=[-0.83456794 -2.83988011  6.55115733]
  RK45_ECI: r=[ 6255.24174457 -2341.51210179  3894.33653891], v=[ 4.19686365  2.02165193 -5.47409437]
Epoch 166, t=2460388.386884566:
  TLE_ECI: r=[-7656.93321481   897.716843    -348.23031698], v=[-0.63406015 -2.86478115  6.5628138 ]
  RK45_ECI: r=[ 6283.52218056 -2325.34813494  3858.66618936], v=[ 4.16075085  2.03672271 -5.49587434]
Epoch 167, t=2460388.3869598294:
  TLE_ECI: r=[-7673.34510211   807.7954893   -151.23444957], v=[-0.43303132 -2.88725445  6.56933118]
  RK45_ECI: r=[ 6311.55943327 -2309.07318918  3822.85505109], v=[ 4.12447461  2.05168479 -5.51745257]
Epoch 168, t=2460388.387035093:
  TLE_ECI: r=[-7683.67752272   717.23002154    45.87968091], v=[-0.23164197 -2.90728184  6.5707042 ]
  RK45_ECI: r=[ 6339.35264385 -2292.68796383  3786.90410194], v=[ 4.08803603  2.06653758 -5.53882847]
Epoch 169, t=2460388.387110356:
  TLE_ECI: r=[-7687.9217834    626.09697112   242.95771541], v=[-0.03005292 -2.92484725  6.5669317 ]
  RK45_ECI: r=[ 6366.90032946 -2276.19349606  3750.81516798], v=[ 4.05143708  2.0812802  -5.56000097]
Epoch 170, t=2460388.387185619:
  TLE_ECI: r=[-7686.07406083   534.47325515   439.84532203], v=[ 0.17157484 -2.93993672  6.55801664]
  RK45_ECI: r=[ 6394.20178584 -2259.59039355  3714.58906605], v=[ 4.01467871  2.09591216 -5.5809696 ]
Epoch 171, t=2460388.3872608826:
  TLE_ECI: r=[-7678.13539322   442.43624625   636.38831958], v=[ 0.37308026 -2.95253842  6.54396609]
  RK45_ECI: r=[ 6421.25592088 -2242.87951277  3678.22712319], v=[ 3.9777624   2.11043277 -5.60173361]
Epoch 172, t=2460388.387336146:
  TLE_ECI: r=[-7664.11168773   350.06361579   832.4328011 ], v=[ 0.5743024  -2.96264266  6.52479127]
  RK45_ECI: r=[ 6448.0614186 -2226.0618262  3641.7310145], v=[ 3.94068996  2.12484124 -5.62229204]
Epoch 173, t=2460388.387411409:
  TLE_ECI: r=[-7644.0137128    257.43331241  1027.82525704], v=[ 0.77508053 -2.9702419   6.50050745]
  RK45_ECI: r=[ 6474.6172139  -2209.13820316  3605.10208062], v=[ 3.90346289  2.13913687 -5.64264415]
Epoch 174, t=2460388.3874866725:
  TLE_ECI: r=[-7617.85709241   164.62340521  1222.41269812], v=[ 0.97525435 -2.97533073  6.47113402]
  RK45_ECI: r=[ 6500.92262524 -2192.1092637   3568.34114845], v=[ 3.86608214  2.15331922 -5.66278949]
Epoch 175, t=2460388.387561936:
  TLE_ECI: r=[-7585.66228762    71.7121519   1416.04277765], v=[ 1.174664   -2.97790593  6.43669443]
  RK45_ECI: r=[ 6526.97624686 -2174.97608115  3531.45008293], v=[ 3.82854973  2.16738744 -5.68272704]
Epoch 176, t=2460388.3876371994:
  TLE_ECI: r=[-7547.45458324   -21.22215805  1608.56391333], v=[ 1.37315031 -2.97796641  6.39721618]
  RK45_ECI: r=[ 6552.77728186 -2157.7393871   3494.42989087], v=[ 3.79086682  2.18134099 -5.70245627]
Epoch 177, t=2460388.387712463:
  TLE_ECI: r=[-7503.26406548  -114.10124802  1799.82540822], v=[ 1.57055486 -2.97551324  6.35273079]
  RK45_ECI: r=[ 6578.32447618 -2140.40018234  3457.28227745], v=[ 3.75303526  2.19517912 -5.72197627]
Epoch 178, t=2460388.387787726:
  TLE_ECI: r=[-7453.12559719  -206.84689955  1989.67757098], v=[ 1.76672014 -2.97054965  6.30327376]
  RK45_ECI: r=[ 6603.61681584 -2122.95935989  3420.00860684], v=[ 3.71505657  2.20890119 -5.74128634]
Epoch 179, t=2460388.387862989:
  TLE_ECI: r=[-7397.0787864   -299.38110588  2177.97183513], v=[ 1.96148973 -2.963081    6.24888457]
  RK45_ECI: r=[ 6628.6536524  -2105.41755632  3382.60972031], v=[ 3.67693172  2.22250675 -5.76038605]
Epoch 180, t=2460388.3879382527:
  TLE_ECI: r=[-7335.16795575  -391.62600732  2364.56087721], v=[ 2.15470832 -2.9531148   6.1896066 ]
  RK45_ECI: r=[ 6653.43364867 -2087.77587506  3345.08751495], v=[ 3.63866277  2.235995   -5.77927444]
Epoch 181, t=2460388.388013516:
  TLE_ECI: r=[-7267.44210359  -483.50404579  2549.29873387], v=[ 2.34622194 -2.9406607   6.12548714]
  RK45_ECI: r=[ 6677.95604757 -2070.03506609  3307.44301457], v=[ 3.6002509   2.24936545 -5.797951  ]
Epoch 182, t=2460388.3880887795:
  TLE_ECI: r=[-7193.95486317  -574.93800797  2732.04091764], v=[ 2.53587805 -2.92573044  6.05657727]
  RK45_ECI: r=[ 6702.2196581  -2052.19615712  3269.67795283], v=[ 3.56169799  2.26261736 -5.81641488]
Epoch 183, t=2460388.3881640425:
  TLE_ECI: r=[-7114.76445954  -665.85107043  2912.64453135], v=[ 2.72352564 -2.90833791  5.98293191]
  RK45_ECI: r=[ 6726.22351819 -2034.26006413  3231.79371615], v=[ 3.52300558  2.27575014 -5.83466541]
Epoch 184, t=2460388.388239306:
  TLE_ECI: r=[-7029.93365325  -756.1669482   3090.96838103], v=[ 2.90901543 -2.88849902  5.90460969]
  RK45_ECI: r=[ 6749.96701309 -2016.22743908  3193.79115938], v=[ 3.48417466  2.28876336 -5.85270219]
Epoch 185, t=2460388.3883145694:
  TLE_ECI: r=[-6939.52969866  -845.80983374  3266.87308738], v=[ 3.0921999  -2.86623182  5.82167294]
  RK45_ECI: r=[ 6773.44887554 -1998.09941356  3155.67221001], v=[ 3.44520733  2.30165627 -5.87052431]
Epoch 186, t=2460388.388389833:
  TLE_ECI: r=[-6843.62428078  -934.70454469  3440.22119543], v=[ 3.27293348 -2.84155636  5.7341876 ]
  RK45_ECI: r=[ 6796.6683887  -1979.87675559  3117.43790777], v=[ 3.40610477  2.31442838 -5.8881313 ]
Epoch 187, t=2460388.3884650962:
  TLE_ECI: r=[-6742.29345719 -1022.77656632  3610.87728255], v=[ 3.45107263 -2.81449477  5.6422232 ]
  RK45_ECI: r=[ 6819.62442572 -1961.56051829  3079.09001318], v=[ 3.36686889  2.32707901 -5.90552237]
Epoch 188, t=2460388.388540359:
  TLE_ECI: r=[-6635.61759791 -1109.95209466  3778.70806457], v=[ 3.62647596 -2.78507115  5.54585276]
  RK45_ECI: r=[ 6842.3160773  -1943.15163934  3040.62993357], v=[ 3.32750127  2.33960759 -5.92269688]
Epoch 189, t=2460388.3886156227:
  TLE_ECI: r=[-6523.68130589 -1196.15817686  3943.58249999], v=[ 3.79900437 -2.75331159  5.44515276]
  RK45_ECI: r=[ 6864.74276295 -1924.6507849   3002.05853645], v=[ 3.28800291  2.35201373 -5.93965447]
Epoch 190, t=2460388.388690886:
  TLE_ECI: r=[-6406.57336567 -1281.32265396  4105.37189221], v=[ 3.96852113 -2.71924416  5.34020303]
  RK45_ECI: r=[ 6886.90328624 -1906.05911394  2963.3777778 ], v=[ 3.24837592  2.36429669 -5.95639428]
Epoch 191, t=2460388.3887661495:
  TLE_ECI: r=[-6284.38665761 -1365.37430052  4263.94998966], v=[ 4.134892   -2.68289882  5.23108672]
  RK45_ECI: r=[ 6908.79697129 -1887.37741113  2924.58871226], v=[ 3.20862152  2.37645603 -5.97291587]
Epoch 192, t=2460388.3888414125:
  TLE_ECI: r=[-6157.21808853 -1448.24284582  4419.19308374], v=[ 4.29798531 -2.64430748  5.1178902 ]
  RK45_ECI: r=[ 6930.42265417 -1868.60684707  2885.6933082 ], v=[ 3.16874184  2.38849104 -5.98921843]
Epoch 193, t=2460388.388916676:
  TLE_ECI: r=[-6025.1684951  -1529.85910521  4570.98010453], v=[ 4.45767214 -2.60350385  5.00070299]
  RK45_ECI: r=[ 6951.77978574 -1849.74810009  2846.69244408], v=[ 3.12873788  2.40040135 -6.00530161]
Epoch 194, t=2460388.3889919394:
  TLE_ECI: r=[-5888.34258586 -1610.15492742  4719.19271431], v=[ 4.6138263  -2.56052354  4.8796177 ]
  RK45_ECI: r=[ 6972.8675135  -1830.80213006  2807.58754748], v=[ 3.08861126  2.41218641 -6.02116483]
Epoch 195, t=2460388.389067203:
  TLE_ECI: r=[-5746.84883902 -1689.06332497  4863.71539856], v=[ 4.76632454 -2.51540394  4.75472991]
  RK45_ECI: r=[ 6993.68481528 -1811.77002809  2768.38041817], v=[ 3.04836391  2.4238456  -6.03680738]
Epoch 196, t=2460388.3891424662:
  TLE_ECI: r=[-5600.79941793 -1766.51851052  5004.43555461], v=[ 4.91504655 -2.46818418  4.62613815]
  RK45_ECI: r=[ 7014.2310567  -1792.65259487  2729.07212454], v=[ 3.00799708  2.43537847 -6.05222886]
Epoch 197, t=2460388.389217729:
  TLE_ECI: r=[-5450.31008491 -1842.45593517  5141.24357787], v=[ 5.05987514 -2.41890516  4.49394374]
  RK45_ECI: r=[ 7034.50514631 -1773.45102595  2689.66466065], v=[ 2.96751291  2.44678437 -6.0674285 ]
Epoch 198, t=2460388.3892929927:
  TLE_ECI: r=[-5295.5000858  -1916.81240597  5274.03294533], v=[ 5.20069624 -2.36760943  4.35825078]
  RK45_ECI: r=[ 7054.50656999 -1754.16601295  2650.15891579], v=[ 2.92691244  2.45806294 -6.082406  ]
Epoch 199, t=2460388.389368256:
  TLE_ECI: r=[-5136.49208496 -1989.52604015  5402.70029671], v=[ 5.33739906 -2.31434122  4.219166  ]
  RK45_ECI: r=[ 7074.23452967 -1734.79853481  2610.55633548], v=[ 2.88619728  2.46921367 -6.0971608 ]
Epoch 200, t=2460388.3894435195:
  TLE_ECI: r=[-4973.41204504 -2060.53638107  5527.14551283], v=[ 5.46987611 -2.25914634  4.07679872]
  RK45_ECI: r=[ 7093.68806979 -1715.349705    2570.8587417 ], v=[ 2.84536942  2.48023595 -6.11169227]
Epoch 201, t=2460388.389518783:
  TLE_ECI: r=[-4806.38913057 -2129.78443101  5647.27179126], v=[ 5.59802332 -2.20207222  3.93126072]
  RK45_ECI: r=[ 7112.86659803 -1695.8203392   2531.06721546], v=[ 2.80443011  2.49112938 -6.12600004]
Epoch 202, t=2460388.389594046:
  TLE_ECI: r=[-4635.55561043 -2197.21268535  5762.98571942], v=[ 5.72174008 -2.14316777  3.78266619]
  RK45_ECI: r=[ 7131.76909648 -1676.21165669  2491.1837745 ], v=[ 2.76338152  2.50189333 -6.14008339]
Epoch 203, t=2460388.3896693094:
  TLE_ECI: r=[-4461.046726   -2262.76523441  5874.19734468], v=[ 5.84092936 -2.08248339  3.63113159]
  RK45_ECI: r=[ 7150.39516968 -1656.52428465  2451.20913021], v=[ 2.72222452  2.51252751 -6.15394212]
Epoch 204, t=2460388.389744573:
  TLE_ECI: r=[-4283.00062113 -2326.38772496  5980.82024192], v=[ 5.95549772 -2.02007091  3.47677559]
  RK45_ECI: r=[ 7168.74382544 -1636.75945045  2411.14530799], v=[ 2.68096131  2.52303129 -6.16757553]
Epoch 205, t=2460388.3898198362:
  TLE_ECI: r=[-4101.55820639 -2388.02746037  6082.77157806], v=[ 6.06535543 -1.95598359  3.31971898]
  RK45_ECI: r=[ 7186.81442502 -1616.91805845  2370.99358679], v=[ 2.63959334  2.53340425 -6.18098323]
Epoch 206, t=2460388.3898950997:
  TLE_ECI: r=[-3916.86305323 -2447.6334286   6179.97217381], v=[ 6.17041649 -1.89027599  3.16008454]
  RK45_ECI: r=[ 7204.60633567 -1597.00101527  2330.75524693], v=[ 2.59812206  2.54364596 -6.19416481]
Epoch 207, t=2460388.3899703627:
  TLE_ECI: r=[-3729.06128693 -2505.15633248  6272.34656255], v=[ 6.2705987  -1.82300402  2.99799697]
  RK45_ECI: r=[ 7222.11861414 -1577.00956219  2290.43232788], v=[ 2.55654968  2.55375582 -6.20711964]
Epoch 208, t=2460388.390045626:
  TLE_ECI: r=[-3538.30144201 -2560.54867291  6359.82304619], v=[ 6.36582375 -1.75422477  2.83358279]
  RK45_ECI: r=[ 7239.35089455 -1556.9443371   2250.02554797], v=[ 2.51487708  2.56373356 -6.21984751]
Epoch 209, t=2460388.3901208895:
  TLE_ECI: r=[-3344.73438767 -2613.76472003  6442.3337483 ], v=[ 6.45601722 -1.68399658  2.66697024]
  RK45_ECI: r=[ 7256.30225975 -1536.80658872  2209.53695363], v=[ 2.47310649  2.57357859 -6.2323478 ]
Epoch 210, t=2460388.390196153:
  TLE_ECI: r=[-3148.51318028 -2664.76059463  6519.81466406], v=[ 6.54110867 -1.61237893  2.49828917]
  RK45_ECI: r=[ 7272.97212047 -1516.59723661  2168.9678364 ], v=[ 2.43123937  2.58329051 -6.24462015]
Epoch 211, t=2460388.390271416:
  TLE_ECI: r=[-2949.79295777 -2713.49428293  6592.2057074 ], v=[ 6.62103167 -1.53943244  2.32767095]
  RK45_ECI: r=[ 7289.35981634 -1496.31730269  2128.31967996], v=[ 2.38927739  2.59286887 -6.25666414]
Epoch 212, t=2460388.3903466794:
  TLE_ECI: r=[-2748.73078599 -2759.92570527  6659.450755  ], v=[ 6.69572384 -1.4652187   2.15524838]
  RK45_ECI: r=[ 7305.46471147 -1475.96774803  2087.59397073], v=[ 2.34722221  2.60231326 -6.26847935]
Epoch 213, t=2460388.390421943:
  TLE_ECI: r=[-2545.48558281 -2804.01669382  6721.49768746], v=[ 6.7651269  -1.38980036  1.98115556]
  RK45_ECI: r=[ 7321.28623839 -1455.54952106  2046.79200608], v=[ 2.30507531  2.61162327 -6.28006544]
Epoch 214, t=2460388.3904972062:
  TLE_ECI: r=[-2340.21796228 -2845.73105925  6778.29842731], v=[ 6.82918672 -1.31324101  1.80552784]
  RK45_ECI: r=[ 7336.82363309 -1435.06379079  2005.91566062], v=[ 2.26283875  2.62079841 -6.29142191]
Epoch 215, t=2460388.3905724697:
  TLE_ECI: r=[-2133.09011686 -2885.0346099   6829.80897406], v=[ 6.88785332 -1.23560514  1.62850166]
  RK45_ECI: r=[ 7352.07642432 -1414.51141047  1964.96604489], v=[ 2.22051382  2.62983833 -6.30254847]
Epoch 216, t=2460388.3906477327:
  TLE_ECI: r=[-1924.2656994  -2921.89517299  6875.9894362 ], v=[ 6.94108093 -1.15695809  1.45021448]
  RK45_ECI: r=[ 7367.04380546 -1393.89365831  1923.94523255], v=[ 2.17810279  2.63874252 -6.3134446 ]
Epoch 217, t=2460388.390722996:
  TLE_ECI: r=[-1713.90966147 -2956.28264321  6916.80406006], v=[ 6.98882804 -1.07736596  1.27080468]
  RK45_ECI: r=[ 7381.72540025 -1373.21126922  1882.85414565], v=[ 2.13560676  2.64751069 -6.32411007]
Epoch 218, t=2460388.3907982595:
  TLE_ECI: r=[-1502.188176   -2988.16897032  6952.22125584], v=[ 7.03105736 -0.99689561  1.09041145]
  RK45_ECI: r=[ 7396.12062435 -1352.46528562  1841.69428468], v=[ 2.09302742  2.65614244 -6.33454453]
Epoch 219, t=2460388.390873523:
  TLE_ECI: r=[-1289.26847421 -3017.52820561  6982.21362036], v=[ 7.0677359 -0.9156146  0.9091747]
  RK45_ECI: r=[ 7410.22878386 -1331.65689385  1800.46753974], v=[ 2.05036686  2.6646373  -6.34474752]
Epoch 220, t=2460388.3909487864:
  TLE_ECI: r=[-1075.31872423 -3044.33651594  7006.75795679], v=[ 7.09883499 -0.8335911   0.72723492]
  RK45_ECI: r=[ 7424.04945195 -1310.78695888  1759.17502995], v=[ 2.00762639  2.67299498 -6.3547188 ]
Epoch 221, t=2460388.3910240494:
  TLE_ECI: r=[ -860.50790954 -3068.57219964  7025.83529144], v=[ 7.12433027 -0.7508939   0.54473313]
  RK45_ECI: r=[ 7437.5818993  -1289.85677705  1717.81884537], v=[ 1.9648083   2.68121497 -6.36445788]
Epoch 222, t=2460388.391099313:
  TLE_ECI: r=[ -645.00566227 -3090.21571432  7039.43088722], v=[ 7.14420172 -0.66759222  0.36181075]
  RK45_ECI: r=[ 7450.82578716 -1268.86709292  1676.39991463], v=[ 1.92191371  2.68929703 -6.37396458]
Epoch 223, t=2460388.3911745762:
  TLE_ECI: r=[ -428.98218539 -3109.24967474  7047.53425435], v=[ 7.15843367 -0.58375584  0.17860949]
  RK45_ECI: r=[ 7463.7805892  -1247.81896279  1634.91974943], v=[ 1.87894432  2.69724079 -6.38323856]
Epoch 224, t=2460388.3912498397:
  TLE_ECI: r=[ -212.60808519 -3125.65887842  7050.13915774], v=[ 7.16701482e+00 -4.99454917e-01 -4.72873237e-03]
  RK45_ECI: r=[ 7476.44568252 -1226.7135888   1593.38025369], v=[ 1.83590225  2.70504584 -6.39227944]
Epoch 225, t=2460388.3913251027:
  TLE_ECI: r=[ 3.94574253e+00 -3.13943031e+03  7.04724362e+03], v=[ 7.16993824 -0.41475999 -0.18806191]
  RK45_ECI: r=[ 7488.82057222 -1205.55203402  1551.7829449 ], v=[ 1.79278922  2.71271182 -6.40108691]
Epoch 226, t=2460388.391400366:
  TLE_ECI: r=[  220.50828157 -3150.55317293  7038.84992957], v=[ 7.16720137 -0.32974185 -0.37124805]
  RK45_ECI: r=[ 7500.90494597 -1184.33504906  1510.12875559], v=[ 1.74960634  2.72023849 -6.40966079]
Epoch 227, t=2460388.3914756295:
  TLE_ECI: r=[  436.90847249 -3159.01885384  7024.9646253 ], v=[ 7.15880603 -0.24447158 -0.55414525]
  RK45_ECI: r=[ 7512.69816411 -1163.06394941  1468.41979229], v=[ 1.70635594  2.72762544 -6.41800066]
Epoch 228, t=2460388.391550893:
  TLE_ECI: r=[  652.97538172 -3164.82097298  7005.59850527], v=[ 7.14475841 -0.15902044 -0.73661184]
  RK45_ECI: r=[ 7524.19987188 -1141.73961639  1426.65718593], v=[ 1.66303935  2.73487239 -6.42610634]
Epoch 229, t=2460388.3916261564:
  TLE_ECI: r=[  868.53832471 -3167.9553675   6980.766612  ], v=[ 7.12506909 -0.07345983 -0.91850647]
  RK45_ECI: r=[ 7535.40951797 -1120.36326655  1384.84285264], v=[ 1.61965868  2.74197898 -6.43397746]
Epoch 230, t=2460388.3917014194:
  TLE_ECI: r=[ 1083.42698875 -3168.4201018   6950.48822283], v=[ 7.09975301  0.01213875 -1.09968817]
  RK45_ECI: r=[ 7546.32666637 -1098.93597475  1342.97831906], v=[ 1.57621568  2.74894489 -6.44161377]
Epoch 231, t=2460388.391776683:
  TLE_ECI: r=[ 1297.47160214 -3166.21545708  6914.78683575], v=[ 7.06882946  0.09770384 -1.28001655]
  RK45_ECI: r=[ 7556.95104289 -1077.45849942  1301.06452306], v=[ 1.53271147  2.75576993 -6.4490151 ]
Epoch 232, t=2460388.3918519462:
  TLE_ECI: r=[ 1510.50301017 -3161.34394772  6873.69015239], v=[ 7.03232208  0.18316395 -1.45935179]
  RK45_ECI: r=[ 7567.28208672 -1055.93217054  1259.10358363], v=[ 1.48914839  2.7624537  -6.45618112]
Epoch 233, t=2460388.3919272097:
  TLE_ECI: r=[ 1722.35284332 -3153.81030866  6827.23005772], v=[ 6.99025885  0.2684477  -1.63755482]
  RK45_ECI: r=[ 7577.3194886  -1034.35787831  1217.09663782], v=[ 1.44552777  2.76899598 -6.46311164]
Epoch 234, t=2460388.392002473:
  TLE_ECI: r=[ 1932.85363896 -3143.62149387  6775.4425968 ], v=[ 6.94267206  0.35348385 -1.81448739]
  RK45_ECI: r=[ 7587.06276931 -1012.73685198  1175.04561227], v=[ 1.40185174  2.77539645 -6.46980637]
Epoch 235, t=2460388.392077736:
  TLE_ECI: r=[ 2141.83896241 -3130.78667703  6718.36794846], v=[ 6.8895983   0.43820134 -1.99001219]
  RK45_ECI: r=[7596.51155205 -991.07017673 1132.95204147], v=[ 1.35812205  2.78165483 -6.47626509]
Epoch 236, t=2460388.3921529995:
  TLE_ECI: r=[ 2349.14357326 -3115.31721971  6656.05039585], v=[ 6.83107844  0.52252944 -2.16399292]
  RK45_ECI: r=[7605.66560101 -969.3586175  1090.81686776], v=[ 1.31433983  2.78777095 -6.48248767]
Epoch 237, t=2460388.392228263:
  TLE_ECI: r=[ 2554.60349882 -3097.22669804  6588.53829416], v=[ 6.76715757  0.60639766 -2.33629443]
  RK45_ECI: r=[7614.52443455 -947.6035177  1048.64222071], v=[ 1.27050742  2.79374447 -6.48847382]
Epoch 238, t=2460388.3923035264:
  TLE_ECI: r=[ 2758.05619951 -3076.53086835  6515.88403513], v=[ 6.69788504  0.68973591 -2.50678278]
  RK45_ECI: r=[7623.08778917 -925.80577455 1006.42924243], v=[ 1.22662617  2.79957521 -6.49422341]
Epoch 239, t=2460388.39237879:
  TLE_ECI: r=[ 2959.34068638 -3053.24766046  6438.14400855], v=[ 6.62331436  0.77247451 -2.67532538]
  RK45_ECI: r=[7631.35525803 -903.96662843  964.17986833], v=[ 1.1826982   2.80526287 -6.49973618]
Epoch 240, t=2460388.392454053:
  TLE_ECI: r=[ 3158.29763847 -3027.39717247  6355.37856089], v=[ 6.54350321  0.85454426 -2.84179107]
  RK45_ECI: r=[7639.32652375 -882.08717371  921.89563928], v=[ 1.13872527  2.81080723 -6.50501196]
Epoch 241, t=2460388.3925293162:
  TLE_ECI: r=[ 3354.76956372 -2999.00161814  6267.65195073], v=[ 6.45851336  0.93587655 -3.00605022]
  RK45_ECI: r=[7647.00138889 -860.16818101  879.57750123], v=[ 1.09470852  2.81620814 -6.51005067]
Epoch 242, t=2460388.3926045797:
  TLE_ECI: r=[ 3548.60086912 -2968.08536286  6175.03230146], v=[ 6.36841069  1.01640331 -3.16797482]
  RK45_ECI: r=[7654.37945142 -838.21100457  837.22759229], v=[ 1.05065027  2.82146531 -6.51485206]
Epoch 243, t=2460388.392679843:
  TLE_ECI: r=[ 3739.63801928 -2934.67486879  6077.59155084], v=[ 6.27326509  1.09605712 -3.32743859]
  RK45_ECI: r=[7661.46049352 -816.21654833  794.84705855], v=[ 1.00655189  2.82657857 -6.51941603]
Epoch 244, t=2460388.392755106:
  TLE_ECI: r=[ 3927.72964019 -2898.79869371  5975.4053977 ], v=[ 6.17315045  1.17477127 -3.4843171 ]
  RK45_ECI: r=[7668.24414928 -794.186171    752.4380414 ], v=[ 0.96241572  2.83154767 -6.52374238]
Epoch 245, t=2460388.3928303695:
  TLE_ECI: r=[ 4112.72667327 -2860.48742263  5868.5532456 ], v=[ 6.06814459  1.25247986 -3.63848781]
  RK45_ECI: r=[7674.73025599 -772.1206477   710.00148935], v=[ 0.91824289  2.83637247 -6.52783104]
Epoch 246, t=2460388.392905633:
  TLE_ECI: r=[ 4294.4824423  -2819.77371031  5757.11814386], v=[ 5.95832923  1.32911773 -3.78983022]
  RK45_ECI: r=[7680.91855947 -750.02108066  667.53894822], v=[ 0.87403515  2.84105279 -6.53168189]
Epoch 247, t=2460388.3929808964:
  TLE_ECI: r=[ 4472.85280445 -2776.69221053  5641.18672542], v=[ 5.84378989  1.40462063 -3.93822594]
  RK45_ECI: r=[7686.80876914 -727.88872467  625.05236353], v=[ 0.82979464  2.84558841 -6.53529478]
Epoch 248, t=2460388.39305616:
  TLE_ECI: r=[ 4647.69625666 -2731.27955898  5520.84914206], v=[ 5.72461589  1.47892522 -4.08355879]
  RK45_ECI: r=[7692.40071297 -705.72448897  582.54288418], v=[ 0.78552271  2.84997918 -6.53866964]
Epoch 249, t=2460388.393131423:
  TLE_ECI: r=[ 4818.87404081 -2683.5743576   5396.19899673], v=[ 5.60090024  1.55196913 -4.22571488]
  RK45_ECI: r=[7697.69410486 -683.5297411   540.01265709], v=[ 0.74122171  2.85422489 -6.54180633]
Epoch 250, t=2460388.3932066862:
  TLE_ECI: r=[ 4986.25028673 -2633.61708713  5267.33327304], v=[ 5.47273961  1.62369105 -4.36458273]
  RK45_ECI: r=[7702.68882051 -661.30526001  497.46263246], v=[ 0.69689277  2.85832544 -6.54470481]
Epoch 251, t=2460388.3932819497:
  TLE_ECI: r=[ 5149.69207349 -2581.45015743  5134.35226222], v=[ 5.34023422  1.69403073 -4.50005333]
  RK45_ECI: r=[7707.38466534 -639.0521543   454.8943594 ], v=[ 0.65253765  2.86228067 -6.54736502]
Epoch 252, t=2460388.393357213:
  TLE_ECI: r=[ 5309.06956856 -2527.11781771  4997.35948712], v=[ 5.20348782  1.76292904 -4.63202026]
  RK45_ECI: r=[7711.78142158 -616.77168589  412.30978724], v=[ 0.60815849  2.86609039 -6.54978686]
Epoch 253, t=2460388.3934324766:
  TLE_ECI: r=[ 5464.25612469 -2470.66613378  4856.46162373], v=[ 5.06260757  1.83032806 -4.76037975]
  RK45_ECI: r=[7715.87896303 -594.46476815  369.7100665 ], v=[ 0.56375663  2.8697545  -6.55197029]
Epoch 254, t=2460388.3935077395:
  TLE_ECI: r=[ 5615.12837516 -2412.14296706  4711.76841998], v=[ 4.91770399  1.89617108 -4.88503077]
  RK45_ECI: r=[7719.67708353 -572.13277601  327.09734754], v=[ 0.51933444  2.87327282 -6.55391525]
Epoch 255, t=2460388.393583003:
  TLE_ECI: r=[ 5761.56636268 -2351.59786937  4563.39261201], v=[ 4.76889087  1.96040271 -5.00587515]
  RK45_ECI: r=[7723.17569718 -549.77649156  284.47258124], v=[ 0.47489304  2.87664527 -6.55562173]
Epoch 256, t=2460388.3936582664:
  TLE_ECI: r=[ 5903.45359385 -2289.08213969  4411.44983798], v=[ 4.61628519  2.02296887 -5.12281762]
  RK45_ECI: r=[7726.37466907 -527.39702828  241.83731842], v=[ 0.43043418  2.87987172 -6.5570897 ]
Epoch 257, t=2460388.39373353:
  TLE_ECI: r=[ 6040.67716318 -2224.64871717  4256.05854931], v=[ 4.460007    2.08381686 -5.23576589]
  RK45_ECI: r=[7729.27385438 -504.99565376  199.19351034], v=[ 0.38596002  2.88295203 -6.55831914]
Epoch 258, t=2460388.3938087933:
  TLE_ECI: r=[ 6173.127838   -2158.35215348  4097.33991955], v=[ 4.30017939  2.14289542 -5.34463078]
  RK45_ECI: r=[7731.87317269 -482.57328512  156.54230793], v=[ 0.34147189  2.88588612 -6.55931004]
Epoch 259, t=2460388.3938840562:
  TLE_ECI: r=[ 6300.70014223 -2090.24858531  3935.41775101], v=[ 4.13692836  2.20015473 -5.44932624]
  RK45_ECI: r=[7734.17249798 -460.13130237  113.88586288], v=[ 0.29697218  2.88867384 -6.56006239]
Epoch 260, t=2460388.3939593197:
  TLE_ECI: r=[ 6423.29246745 -2020.39561512  3770.4183789 ], v=[ 3.9703827   2.25554656 -5.54976947]
  RK45_ECI: r=[7736.17179042 -437.67040213   71.22492557], v=[ 0.25246178  2.89131516 -6.56057623]
Epoch 261, t=2460388.394034583:
  TLE_ECI: r=[ 6540.80711946 -1948.85237199  3602.47057346], v=[ 3.80067394  2.30902418 -5.64588093]
  RK45_ECI: r=[7737.87095175 -415.19196635   28.56164763], v=[ 0.20794308  2.89380994 -6.56085156]
Epoch 262, t=2460388.3941098466:
  TLE_ECI: r=[ 6653.15042405 -1875.67938959  3431.70543991], v=[ 3.62793623  2.3605425  -5.7375845 ]
  RK45_ECI: r=[7739.26993329 -392.69700218  -14.10262031], v=[ 0.16341762  2.89615811 -6.56088842]
Epoch 263, t=2460388.3941851095:
  TLE_ECI: r=[ 6760.23279287 -1800.93859366  3258.25631619], v=[ 3.45230622  2.41005804 -5.82480747]
  RK45_ECI: r=[7740.36868807 -370.18662841  -56.76632763], v=[ 0.11888715  2.89835959 -6.56068685]
Epoch 264, t=2460388.394260373:
  TLE_ECI: r=[ 6861.96881916 -1724.69317066  3082.2586689 ], v=[ 3.27392295  2.45752905 -5.90748063]
  RK45_ECI: r=[7741.16718439 -347.66189595  -99.42792399], v=[ 0.07435341  2.90041431 -6.56024689]
Epoch 265, t=2460388.3943356364:
  TLE_ECI: r=[ 6958.27731631 -1647.00763303  2903.84998725], v=[ 3.09292777  2.5029155  -5.98553836]
  RK45_ECI: r=[7741.66539992 -325.12383604 -142.0860596 ], v=[ 0.02981796  2.90232221 -6.5595686 ]
Epoch 266, t=2460388.3944109:
  TLE_ECI: r=[ 7049.08140737 -1567.94768611  2723.16967516], v=[ 2.9094642   2.54617909 -6.05891864]
  RK45_ECI: r=[7741.86332134 -302.57372311 -184.73878448], v=[-0.01471705  2.90408323 -6.55865206]
Epoch 267, t=2460388.3944861633:
  TLE_ECI: r=[ 7134.30858367 -1487.58019215  2540.3589417 ], v=[ 2.72367782  2.58728335 -6.12756315]
  RK45_ECI: r=[7741.76095268 -280.01256622 -227.38474971], v=[-0.05925007  2.90569731 -6.55749733]
Epoch 268, t=2460388.3945614262:
  TLE_ECI: r=[ 7213.89076126 -1405.97313536  2355.56068985], v=[ 2.53571617  2.62619361 -6.19141728]
  RK45_ECI: r=[7741.35830682 -257.44148625 -270.02240669], v=[-0.10377934  2.9071644  -6.5561045 ]
Epoch 269, t=2460388.3946366897:
  TLE_ECI: r=[ 7287.76435471 -1323.19547954  2168.91940368], v=[ 2.34572857  2.66287712 -6.25043023]
  RK45_ECI: r=[7740.65541094 -234.86153613 -312.6502074 ], v=[-0.14830313  2.90848448 -6.55447366]
Epoch 270, t=2460388.394711953:
  TLE_ECI: r=[ 7355.87030501 -1239.31723571  1980.58103414], v=[ 2.1538661   2.69730298 -6.30455502]
  RK45_ECI: r=[7739.6522958  -212.27374818 -355.26680441], v=[-0.19281987  2.9096575  -6.5526049 ]
Epoch 271, t=2460388.3947872166:
  TLE_ECI: r=[ 7418.15414634 -1154.40931905  1790.69288348], v=[ 1.96028136  2.72944221 -6.35374853]
  RK45_ECI: r=[7738.34902122 -189.67939867 -397.870251  ], v=[-0.23732741  2.91068344 -6.55049835]
Epoch 272, t=2460388.39486248:
  TLE_ECI: r=[ 7474.56604752 -1068.54350946  1599.40348839], v=[ 1.76512844  2.75926782 -6.39797159]
  RK45_ECI: r=[7736.74563541 -167.07940898 -440.45940105], v=[-0.2818244   2.91156229 -6.54815412]
Epoch 273, t=2460388.394937743:
  TLE_ECI: r=[7525.06085114 -981.79241203 1406.86250203], v=[ 1.56856274  2.78675476 -6.43718895]
  RK45_ECI: r=[7734.84223698 -144.47516709 -483.0321099 ], v=[-0.32630847  2.91229401 -6.54557234]
Epoch 274, t=2460388.3950130064:
  TLE_ECI: r=[7569.59812336 -894.22930757 1213.22057498], v=[ 1.37074084  2.81188    -6.47136935]
  RK45_ECI: r=[7732.6388862  -121.86746005 -525.58743269], v=[-0.3707785   2.91287862 -6.54275314]
Epoch 275, t=2460388.39508827:
  TLE_ECI: r=[7608.14216999 -805.92822169 1018.62923531], v=[ 1.17182039  2.83462253 -6.50048555]
  RK45_ECI: r=[7730.13567559  -99.25740941 -568.12382574], v=[-0.41523272  2.91331611 -6.53969664]
Epoch 276, t=2460388.3951635333:
  TLE_ECI: r=[7640.66207891 -716.96377384  823.2407678 ], v=[ 0.97195996  2.85496338 -6.52451434]
  RK45_ECI: r=[7727.33273814  -76.64629178 -610.63934732], v=[-0.45966897  2.91360649 -6.53640303]
Epoch 277, t=2460388.3952387967:
  TLE_ECI: r=[7667.13174306 -627.41113539  627.20809244], v=[ 0.77131894  2.87288564 -6.54343657]
  RK45_ECI: r=[7724.23016806  -54.03502805 -653.13285497], v=[-0.50408591  2.91374978 -6.53287242]
Epoch 278, t=2460388.3953140597:
  TLE_ECI: r=[7687.5298809  -537.34598789  430.68464236], v=[ 0.57005735  2.88837447 -6.55723719]
  RK45_ECI: r=[7720.82814423  -31.42500611 -695.60221016], v=[-0.54848118  2.913746   -6.52910505]
Epoch 279, t=2460388.395389323:
  TLE_ECI: r=[7701.84006099 -446.84436819  233.82424128], v=[ 0.36833573  2.90141713 -6.56590521]
  RK45_ECI: r=[7717.12676551   -8.81701216 -738.04647167], v=[-0.59285363  2.91359519 -6.52510103]
Epoch 280, t=2460388.3954645866:
  TLE_ECI: r=[7710.05070556 -355.98273839   36.78098053], v=[ 0.16631505  2.91200296 -6.56943377]
  RK45_ECI: r=[7713.1261843    13.78783317 -780.46410097], v=[-0.63720152  2.91329737 -6.52086053]
Epoch 281, t=2460388.39553985:
  TLE_ECI: r=[7712.15510744 -264.83783038 -160.29090404], v=[-0.03584352  2.92012344 -6.56782009]
  RK45_ECI: r=[7708.82660668   36.38825444 -822.85316296], v=[-0.68152269  2.9128526  -6.5163838 ]
Epoch 282, t=2460388.395615113:
  TLE_ECI: r=[7708.15143327 -173.48662521 -357.23715547], v=[-0.23797864  2.92577214 -6.56106553]
  RK45_ECI: r=[7704.22821732   58.98313189 -865.21212233], v=[-0.72581539  2.91226094 -6.51167102]
Epoch 283, t=2460388.3956903764:
  TLE_ECI: r=[7698.04272733  -82.00619675 -553.90361894], v=[-0.43992904  2.92894477 -6.54917554]
  RK45_ECI: r=[7699.33114179   81.57168058 -907.54004085], v=[-0.77007849  2.91152244 -6.50672234]
Epoch 284, t=2460388.39576564:
  TLE_ECI: r=[7681.83690503    9.52621881 -750.13636503], v=[-0.6415336   2.92963916 -6.53215968]
  RK45_ECI: r=[7694.13565084  104.15251517 -949.83478933], v=[-0.81430963  2.91063717 -6.50153803]
Epoch 285, t=2460388.3958409033:
  TLE_ECI: r=[7659.54674896  101.03337931 -945.78181272], v=[-0.84263147  2.92785525 -6.51003162]
  RK45_ECI: r=[7688.64191217  126.72471769 -992.0952331 ], v=[-0.85850747  2.90960522 -6.49611828]
Epoch 286, t=2460388.3959161667:
  TLE_ECI: r=[ 7631.18989723   192.43808008 -1140.68685206], v=[-1.04306225  2.92359514 -6.48280909]
  RK45_ECI: r=[ 7682.8502047    149.28701543 -1034.31944533], v=[-0.90266988  2.90842666 -6.49046335]
Epoch 287, t=2460388.3959914297:
  TLE_ECI: r=[ 7596.7888293    283.66319791 -1334.69896642], v=[-1.24266609  2.91686302 -6.4505139 ]
  RK45_ECI: r=[ 7676.76077272   171.83829168 -1076.50589788], v=[-0.94679509  2.90710161 -6.48457348]
Epoch 288, t=2460388.396066693:
  TLE_ECI: r=[ 7556.37084379   374.63184614 -1527.6663541 ], v=[-1.44128387  2.90766523 -6.41317189]
  RK45_ECI: r=[ 7670.37378014   194.37776416 -1118.65365735], v=[-0.990882    2.90563014 -6.47844885]
Epoch 289, t=2460388.3961419566:
  TLE_ECI: r=[ 7509.96803951   465.26730625 -1719.43804936], v=[-1.6387573   2.89601017 -6.37081294]
  RK45_ECI: r=[ 7663.68957741   216.90405152 -1160.76060459], v=[-1.03492826  2.90401238 -6.47208978]
Epoch 290, t=2460388.39621722:
  TLE_ECI: r=[ 7457.61728577   555.49318269 -1909.86404257], v=[-1.83492904  2.8819084  -6.32347091]
  RK45_ECI: r=[ 7656.70837784   239.41623911 -1202.825611  ], v=[-1.07893255  2.90224844 -6.46549647]
Epoch 291, t=2460388.3962924834:
  TLE_ECI: r=[ 7399.36019175   645.2334457  -2098.79539954], v=[-2.02964285  2.86537254 -6.27118363]
  RK45_ECI: r=[ 7649.43053282   261.91305882 -1244.8467597 ], v=[-1.12289272  2.90033846 -6.45866927]
Epoch 292, t=2460388.3963677464:
  TLE_ECI: r=[ 7335.24307346   734.41247451 -2286.08437976], v=[-2.22274374  2.84641727 -6.21399283]
  RK45_ECI: r=[ 7641.85634583   284.39339844 -1286.82253102], v=[-1.16680706  2.89828257 -6.45160844]
Epoch 293, t=2460388.39644301:
  TLE_ECI: r=[ 7265.31690633   822.9552079  -2471.58455359], v=[-2.41407807  2.82505936 -6.15194416]
  RK45_ECI: r=[ 7633.9860188    306.85647925 -1328.75199718], v=[-1.21067445  2.89608089 -6.44431418]
Epoch 294, t=2460388.3965182733:
  TLE_ECI: r=[ 7189.63729445   910.78707818 -2655.15091819], v=[-2.6034937   2.80131761 -6.08508708]
  RK45_ECI: r=[ 7625.81998135   329.30092565 -1370.63305095], v=[-1.25449258  2.89373358 -6.43678689]
Epoch 295, t=2460388.3965935367:
  TLE_ECI: r=[ 7108.26441591   997.83416114 -2836.64001215], v=[-2.79084006  2.77521284 -6.01347488]
  RK45_ECI: r=[ 7617.35849198   351.72582763 -1412.46457082], v=[-1.29826011  2.8912408  -6.42902678]
Epoch 296, t=2460388.3966687997:
  TLE_ECI: r=[ 7021.26297745  1084.02319622 -3015.91002867], v=[-2.97596836  2.74676789 -5.93716457]
  RK45_ECI: r=[ 7608.60201603   374.12981269 -1454.24445561], v=[-1.34197475  2.88860274 -6.4210343 ]
Epoch 297, t=2460388.396744063:
  TLE_ECI: r=[ 6928.70214771  1169.28173112 -3192.82092723], v=[-3.15873165  2.71600755 -5.85621687]
  RK45_ECI: r=[ 7599.55078952   396.51210596 -1495.97178336], v=[-1.38563539  2.88581952 -6.41280964]
Epoch 298, t=2460388.3968193266:
  TLE_ECI: r=[ 6830.65551777  1253.53805845 -3367.23454364], v=[-3.33898495  2.68295858 -5.77069614]
  RK45_ECI: r=[ 7590.20517808   418.87160187 -1537.64504491], v=[-1.42924032  2.88289134 -6.40435314]
Epoch 299, t=2460388.39689459:
  TLE_ECI: r=[ 6727.20102769  1336.72135954 -3539.01469844], v=[-3.51658537  2.64764969 -5.68067032]
  RK45_ECI: r=[ 7580.56564781   441.20704294 -1579.26234287], v=[-1.47278744  2.87981839 -6.39566522]
Epoch 300, t=2460388.3969698534:
  TLE_ECI: r=[ 6618.42090467  1418.76174253 -3708.02730338], v=[-3.69139225  2.61011147 -5.58621088]
  RK45_ECI: r=[ 7570.63250191   463.51752471 -1620.82256385], v=[-1.51627545  2.87660085 -6.38674613]
Epoch 301, t=2460388.3970451164:
  TLE_ECI: r=[ 6504.40159905  1499.59028235 -3874.14046615], v=[-3.86326721  2.57037638 -5.48739272]
  RK45_ECI: r=[ 7560.40628391   485.8016829  -1662.32362144], v=[-1.55970207  2.87323895 -6.37759638]
Epoch 302, t=2460388.39712038:
  TLE_ECI: r=[ 6385.23369524  1579.13915503 -4037.22459305], v=[-4.03207433  2.5284787  -5.38429417]
  RK45_ECI: r=[ 7549.88726698   508.05874818 -1703.764601  ], v=[-1.6030662   2.86973286 -6.36821619]
Epoch 303, t=2460388.3971956433:
  TLE_ECI: r=[ 6261.01186258  1657.34157853 -4197.15248968], v=[-4.19768022  2.48445457 -5.27699684]
  RK45_ECI: r=[ 7539.07587479   530.28762235 -1745.14400475], v=[-1.64636616  2.86608279 -6.35860593]
Epoch 304, t=2460388.3972709067:
  TLE_ECI: r=[ 6131.83476036  1734.13194572 -4353.7994595 ], v=[-4.3599541   2.43834184 -5.16558563]
  RK45_ECI: r=[ 7527.97264426   552.48705614 -1786.45994981], v=[-1.68959986  2.86228898 -6.34876609]
Epoch 305, t=2460388.39734617:
  TLE_ECI: r=[ 5997.80496064  1809.44585984 -4507.04340014], v=[-4.51876795  2.39018015 -5.05014857]
  RK45_ECI: r=[ 7516.57792272   574.6561521  -1827.71133204], v=[-1.73276603  2.85835163 -6.33869696]
Epoch 306, t=2460388.397421433:
  TLE_ECI: r=[ 5859.02886973  1883.22017022 -4656.7648976 ], v=[-4.67399658  2.34001082 -4.93077682]
  RK45_ECI: r=[ 7504.89233115   596.79355575 -1868.89608177], v=[-1.77586239  2.85427102 -6.32839909]
Epoch 307, t=2460388.3974966966:
  TLE_ECI: r=[ 5715.61661909  1955.39309397 -4802.84731786], v=[-4.82551775  2.2878768  -4.80756455]
  RK45_ECI: r=[ 7492.91617944   618.89850386 -1910.01329261], v=[-1.81888788  2.85004734 -6.31787275]
Epoch 308, t=2460388.39757196:
  TLE_ECI: r=[ 5567.68200791  2025.90416242 -4945.17689647], v=[-4.97321221  2.23382271 -4.68060888]
  RK45_ECI: r=[ 7480.64994863   640.96990681 -1951.0614796 ], v=[-1.86184082  2.84568082 -6.30711835]
Epoch 309, t=2460388.3976472234:
  TLE_ECI: r=[ 5415.34238893  2094.69434089 -5083.64282535], v=[-5.11696385  2.17789471 -4.55000976]
  RK45_ECI: r=[ 7468.0942457    663.00652539 -1992.03877622], v=[-1.90471916  2.84117175 -6.29613642]
Epoch 310, t=2460388.397722487:
  TLE_ECI: r=[ 5258.71857846  2161.70605957 -5218.1373373 ], v=[-5.25665974  2.12014052 -4.41586994]
  RK45_ECI: r=[ 7455.24946168   685.00746965 -2032.94408865], v=[-1.94752163  2.83652035 -6.2849273 ]
Epoch 311, t=2460388.39779775:
  TLE_ECI: r=[ 5097.93476495  2226.88324562 -5348.55578791], v=[-5.39219024  2.06060938 -4.27829485]
  RK45_ECI: r=[ 7442.11629417   706.97139648 -2073.77536595], v=[-1.99024597  2.83172695 -6.2734916 ]
Epoch 312, t=2460388.3978730133:
  TLE_ECI: r=[ 4933.11838278  2290.1714293  -5474.79673476], v=[-5.52344907  1.99935191 -4.1373925 ]
  RK45_ECI: r=[ 7428.6950893    728.89754958 -2114.5317109 ], v=[-2.03289114  2.82679174 -6.2618296 ]
Epoch 313, t=2460388.3979482767:
  TLE_ECI: r=[ 4764.40004795  2351.51769741 -5596.76201421], v=[-5.65033338  1.93642019 -3.99327344]
  RK45_ECI: r=[ 7414.98638487   750.78484931 -2155.21165282], v=[-2.07545548  2.82171499 -6.24994177]
Epoch 314, t=2460388.39802354:
  TLE_ECI: r=[ 4591.91342791  2410.87079681 -5714.35681527], v=[-5.77274384  1.87186766 -3.84605063]
  RK45_ECI: r=[ 7400.99085726   772.63206737 -2195.81334329], v=[-2.11793696  2.81649704 -6.2378287 ]
Epoch 315, t=2460388.398098803:
  TLE_ECI: r=[ 4415.79514756  2468.18114842 -5827.48975087], v=[-5.8905847   1.80574906 -3.69583934]
  RK45_ECI: r=[ 7386.70900886   794.43821509 -2236.33550995], v=[-2.16033412  2.81113814 -6.2254908 ]
Epoch 316, t=2460388.3981740666:
  TLE_ECI: r=[ 4236.18465146  2523.40093913 -5936.07292629], v=[-6.00376385  1.73812038 -3.5427571 ]
  RK45_ECI: r=[ 7372.14140837   816.20228442 -2276.77669246], v=[-2.20264534  2.80563858 -6.21292857]
Epoch 317, t=2460388.39824933:
  TLE_ECI: r=[ 4053.22413538  2576.48408132 -6040.0220049 ], v=[-6.11219291  1.66903886 -3.38692357]
  RK45_ECI: r=[ 7357.28857397   837.92329015 -2317.13562292], v=[-2.24486917  2.79999863 -6.20014245]
Epoch 318, t=2460388.3983245934:
  TLE_ECI: r=[ 3867.05840496  2627.38630287 -6139.25627097], v=[-6.21578725  1.59856289 -3.22846046]
  RK45_ECI: r=[ 7342.15123696   859.60001391 -2357.41046869], v=[-2.28700359  2.79421865 -6.18713307]
Epoch 319, t=2460388.398399857:
  TLE_ECI: r=[ 3677.83476742  2676.06516996 -6233.69868966], v=[-6.31446608  1.52675198 -3.06749144]
  RK45_ECI: r=[ 7326.72993672   881.23149696 -2397.59996882], v=[-2.32904718  2.78829891 -6.17390086]
Epoch 320, t=2460388.39847512:
  TLE_ECI: r=[ 3485.70292332  2722.4801101  -6323.27596415], v=[-6.40815249  1.45366673 -2.90414202]
  RK45_ECI: r=[ 7311.02529362   902.81667537 -2437.70267619], v=[-2.37099828  2.78223974 -6.16044637]
Epoch 321, t=2460388.3985503833:
  TLE_ECI: r=[ 3290.81481628  2766.59248653 -6407.91858981], v=[-6.49677354  1.37936871 -2.73853948]
  RK45_ECI: r=[ 7295.03793115   924.35455208 -2477.71714704], v=[-2.41285532  2.77604144 -6.14677012]
Epoch 322, t=2460388.3986256467:
  TLE_ECI: r=[ 3093.32456079  2808.36556566 -6487.56090551], v=[-6.58026023  1.30392049 -2.57081276]
  RK45_ECI: r=[ 7278.76841676   945.84415248 -2517.64212829], v=[-2.45461683  2.76970432 -6.13287258]
Epoch 323, t=2460388.39870091:
  TLE_ECI: r=[ 2893.38828942  2847.76458905 -6562.14114197], v=[-6.65854762  1.22738556 -2.40109235]
  RK45_ECI: r=[ 7262.21754974   967.28427215 -2557.47580847], v=[-2.49628085  2.76322876 -6.11875443]
Epoch 324, t=2460388.3987761736:
  TLE_ECI: r=[ 2691.16403817  2884.75679018 -6631.60146707], v=[-6.73157483  1.14982827 -2.22951022]
  RK45_ECI: r=[ 7245.38584073   988.67404719 -2597.21712831], v=[-2.53784612  2.75661504 -6.10441609]
Epoch 325, t=2460388.3988514366:
  TLE_ECI: r=[ 2486.81163123  2919.31141311 -6695.88802832], v=[-6.79928512  1.07131378 -2.05619969]
  RK45_ECI: r=[ 7228.27419771  1010.01217382 -2636.86409941], v=[-2.57931048  2.74986359 -6.08985832]
Epoch 326, t=2460388.3989267:
  TLE_ECI: r=[ 2280.49252189  2951.39976673 -6754.95099214], v=[-6.86162586  0.99190797 -1.88129534]
  RK45_ECI: r=[ 7210.88306606  1031.29791922 -2676.4158548 ], v=[-2.62067291  2.74297467 -6.0750815 ]
Epoch 327, t=2460388.3990019634:
  TLE_ECI: r=[ 2072.36971748  2980.99520172 -6808.74458041], v=[-6.91854865  0.91167748 -1.70493294]
  RK45_ECI: r=[ 7193.21313937  1052.53023662 -2715.87097102], v=[-2.66193178  2.73594863 -6.06008619]
Epoch 328, t=2460388.399077227:
  TLE_ECI: r=[ 1862.60761864  3008.07316251 -6857.22710373], v=[-6.97000926  0.83068956 -1.52724929]
  RK45_ECI: r=[ 7175.26528423  1073.70793627 -2755.22765937], v=[-2.70308514  2.7287859  -6.04487312]
Epoch 329, t=2460388.3991524903:
  TLE_ECI: r=[ 1651.37189962  3032.61119889 -6900.36099183], v=[-7.01596775  0.74901209 -1.34838216]
  RK45_ECI: r=[ 7157.04005312  1094.83016531 -2794.48487474], v=[-2.74413176  2.72148677 -6.02944273]
Epoch 330, t=2460388.3992277533:
  TLE_ECI: r=[ 1438.82938869  3054.58897932 -6938.11282092], v=[-7.05638842  0.66671348 -1.1684702 ]
  RK45_ECI: r=[ 7138.53842759  1115.89563666 -2833.64065445], v=[-2.7850695   2.71405173 -6.01379585]
Epoch 331, t=2460388.3993030167:
  TLE_ECI: r=[ 1225.14790275  3073.98832464 -6970.45333786], v=[-7.09123987  0.5838626  -0.9876528 ]
  RK45_ECI: r=[ 7119.76088771  1136.90362742 -2872.69414375], v=[-2.82589733  2.70648104 -5.99793285]
Epoch 332, t=2460388.39937828:
  TLE_ECI: r=[ 1010.49617106  3090.79319481 -6997.35748156], v=[-7.12049502  0.50052878 -0.80607001]
  RK45_ECI: r=[ 7100.7081816   1157.85310439 -2911.6439384 ], v=[-2.86661368  2.69877509 -5.98185435]
Epoch 333, t=2460388.3994535436:
  TLE_ECI: r=[  795.04366858  3104.98972052 -7018.80440103], v=[-7.1441311   0.41678173 -0.62386243]
  RK45_ECI: r=[ 7081.38124229  1178.74289434 -2950.488274  ], v=[-2.90721659  2.69093434 -5.96556112]
Epoch 334, t=2460388.3995288066:
  TLE_ECI: r=[  578.96050315  3116.56620739 -7034.77747065], v=[-7.16212971  0.33269151 -0.44117113]
  RK45_ECI: r=[ 7061.78084708  1199.57197171 -2989.22575731], v=[-2.94770449  2.68295921 -5.94905378]
Epoch 335, t=2460388.39960407:
  TLE_ECI: r=[  362.41724732  3125.51315275 -7045.26430205], v=[-7.17447678  0.24832837 -0.25813752]
  RK45_ECI: r=[ 7041.90749985  1220.33962112 -3027.85554229], v=[-2.98807637  2.67484997 -5.93233274]
Epoch 336, t=2460388.3996793334:
  TLE_ECI: r=[  145.5848612   3131.82324076 -7050.25675336], v=[-7.18116264  0.16376284 -0.07490327]
  RK45_ECI: r=[ 7021.76226533  1241.04457667 -3066.37569777], v=[-3.02833012  2.66660715 -5.91539886]
Epoch 337, t=2460388.399754597:
  TLE_ECI: r=[  -71.36547601  3135.491357   -7049.75093497], v=[-7.18218194  0.07906561  0.10838983]
  RK45_ECI: r=[ 7001.34576191  1261.68600495 -3104.78520292], v=[-3.06846454  2.65823109 -5.89825262]
Epoch 338, t=2460388.3998298603:
  TLE_ECI: r=[ -288.26248922  3136.51459013 -7043.74721254], v=[-7.17753375e+00 -5.69256317e-03  2.91599913e-01]
  RK45_ECI: r=[ 6980.65898827  1282.26275023 -3143.08231908], v=[-3.10847771  2.6497223  -5.88089485]
Epoch 339, t=2460388.3999051233:
  TLE_ECI: r=[ -504.93493045  3134.89223561 -7032.25020677], v=[-7.1672215  -0.09044082  0.47458518]
  RK45_ECI: r=[ 6959.70277506  1302.77380259 -3181.26567395], v=[-3.14836808  2.64108122 -5.86332621]
Epoch 340, t=2460388.3999803867:
  TLE_ECI: r=[ -721.21174812  3130.62579121 -7015.26879009], v=[-7.15125299 -0.1751084   0.657204  ]
  RK45_ECI: r=[ 6938.47766012  1323.21845804 -3219.33443472], v=[-3.18813466  2.63230816 -5.8455471 ]
Epoch 341, t=2460388.40005565:
  TLE_ECI: r=[ -936.92216385  3123.7189625  -6992.8160805 ], v=[-7.12964039 -0.25962451  0.83931499]
  RK45_ECI: r=[ 6916.9847796   1343.59547064 -3257.28669935], v=[-3.22777537  2.62340369 -5.82755845]
Epoch 342, t=2460388.4001309136:
  TLE_ECI: r=[-1151.89584141  3114.17765624 -6964.90943209], v=[-7.10240024 -0.34391852  1.02077714]
  RK45_ECI: r=[ 6895.22479233  1363.90402046 -3295.1214632 ], v=[-3.26728904  2.61436818 -5.80936076]
Epoch 343, t=2460388.400206177:
  TLE_ECI: r=[-1365.96300931  3102.00997647 -6931.57042261], v=[-7.06955343 -0.42791997  1.20144989]
  RK45_ECI: r=[ 6873.19876152  1384.14297088 -3332.83701472], v=[-3.30667377  2.60520217 -5.7909549 ]
Epoch 344, t=2460388.40028144:
  TLE_ECI: r=[-1578.95458309  3087.22622288 -6892.82483804], v=[-7.03112518 -0.5115586   1.38119328]
  RK45_ECI: r=[ 6850.90757029  1404.31132908 -3370.43200362], v=[-3.34592805  2.59590614 -5.77234156]
Epoch 345, t=2460388.4003567034:
  TLE_ECI: r=[-1790.70233274  3069.83886496 -6848.7026539 ], v=[-6.98714505 -0.5947645   1.55986798]
  RK45_ECI: r=[ 6828.3517898   1424.40840318 -3407.90561093], v=[-3.38505091  2.58648044 -5.75352116]
Epoch 346, t=2460388.400431967:
  TLE_ECI: r=[-2001.0389586   3049.86255797 -6799.23801382], v=[-6.93764689 -0.67746803  1.73733546]
  RK45_ECI: r=[ 6805.53262645  1444.43296878 -3445.2559653 ], v=[-3.4240403   2.57692566 -5.73449469]
Epoch 347, t=2460388.4005072303:
  TLE_ECI: r=[-2209.79825774  3027.31411493 -6744.46920474], v=[-6.88266886 -0.75959998  1.91345805]
  RK45_ECI: r=[ 6782.45077866  1464.38422057 -3482.48207905], v=[-3.46289507  2.56724222 -5.71526266]
Epoch 348, t=2460388.4005824937:
  TLE_ECI: r=[-2416.81524422  3002.21249733 -6684.43862929], v=[-6.82225336 -0.84109157  2.08809905]
  RK45_ECI: r=[ 6759.10737298  1484.26104251 -3519.58226911], v=[-3.50161338  2.5574307  -5.69582599]
Epoch 349, t=2460388.4006577567:
  TLE_ECI: r=[-2621.92626857  2974.57880809 -6619.19277505], v=[-6.75644704 -0.92187453  2.26112285]
  RK45_ECI: r=[ 6735.50334398  1504.06245996 -3556.55520837], v=[-3.54019373  2.54749159 -5.6761854 ]
Epoch 350, t=2460388.40073302:
  TLE_ECI: r=[-2824.96918079  2944.43624466 -6548.7821807 ], v=[-6.68530075 -1.00188117  2.432395  ]
  RK45_ECI: r=[ 6711.6392954  1523.7877941 -3593.4000923], v=[-3.57863519  2.53742529 -5.65634135]
Epoch 351, t=2460388.4008082836:
  TLE_ECI: r=[-3025.78340425  2911.81012502 -6473.26139936], v=[-6.60886951 -1.08104441  2.60178234]
  RK45_ECI: r=[ 6687.51650242  1543.43584377 -3630.11508185], v=[-3.61693574  2.52723242 -5.63629485]
Epoch 352, t=2460388.400883547:
  TLE_ECI: r=[-3224.21009663  2876.7278388  -6392.68895876], v=[-6.5272125  -1.15929779  2.76915307]
  RK45_ECI: r=[ 6663.13570219  1563.00581933 -3666.69920711], v=[-3.65509428  2.51691342 -5.61604646]
Epoch 353, t=2460388.40095881:
  TLE_ECI: r=[-3420.09225733  2839.2188427  -6307.12731842], v=[-6.44039299 -1.23657561  2.93437688]
  RK45_ECI: r=[ 6638.49820068  1582.49653033 -3703.15064425], v=[-3.69310881  2.50646897 -5.59559723]
Epoch 354, t=2460388.4010340734:
  TLE_ECI: r=[-3613.27488446  2799.31459758 -6216.64282386], v=[-6.34847829 -1.31281298  3.09732503]
  RK45_ECI: r=[ 6613.60463059  1601.90730994 -3739.4686027 ], v=[-3.73097841  2.49589944 -5.57494763]
Epoch 355, t=2460388.401109337:
  TLE_ECI: r=[-3803.60504649  2757.04860183 -6121.30565796], v=[-6.25153976 -1.38794577  3.25787045]
  RK45_ECI: r=[ 6588.45597952  1621.23720506 -3775.65178084], v=[-3.76870163  2.48520539 -5.55409843]
Epoch 356, t=2460388.4011846003:
  TLE_ECI: r=[-3990.93203675  2712.45632633 -6021.18978919], v=[-6.14965271 -1.46191077  3.41588784]
  RK45_ECI: r=[ 6563.05347262  1640.48513514 -3811.69854433], v=[-3.80627669  2.47438744 -5.5330506 ]
Epoch 357, t=2460388.4012598637:
  TLE_ECI: r=[-4175.10748421  2665.57519561 -5916.37291701], v=[-6.04289637 -1.53464569  3.5712538 ]
  RK45_ECI: r=[ 6537.39788476  1659.65032702 -3847.60794187], v=[-3.84370251  2.46344606 -5.51180473]
Epoch 358, t=2460388.4013351267:
  TLE_ECI: r=[-4355.98546356  2616.4445706  -5806.93641436], v=[-5.93135386 -1.60608923  3.72384684]
  RK45_ECI: r=[ 6511.49058855  1678.73161556 -3883.37818437], v=[-3.88097713  2.45238194 -5.49036191]
Epoch 359, t=2460388.40141039:
  TLE_ECI: r=[-4533.42264214  2565.10566648 -5692.96526718], v=[-5.81511208 -1.67618116  3.87354759]
  RK45_ECI: r=[ 6485.3322477   1697.72834844 -3919.00849709], v=[-3.91809966  2.44119549 -5.46872264]
Epoch 360, t=2460388.4014856536:
  TLE_ECI: r=[-4707.27834762  2511.6015947  -5574.5480112 ], v=[-5.69426168 -1.7448623   4.02023879]
  RK45_ECI: r=[ 6458.92389878  1716.63959312 -3954.49760395], v=[-3.95506869  2.42988729 -5.44688772]
Epoch 361, t=2460388.401560917:
  TLE_ECI: r=[-4877.41471174  2455.97727853 -5451.77666581], v=[-5.56889702 -1.81207462  4.16380546]
  RK45_ECI: r=[ 6432.2668267   1735.46429295 -3989.84390301], v=[-3.99188248  2.41845799 -5.42485818]
Epoch 362, t=2460388.4016361805:
  TLE_ECI: r=[-5043.69677298  2398.27942896 -5324.74666511], v=[-5.43911607 -1.8777613   4.30413494]
  RK45_ECI: r=[ 6405.36184307  1754.20169227 -4025.04646253], v=[-4.02853997  2.40690809 -5.40263462]
Epoch 363, t=2460388.4017114434:
  TLE_ECI: r=[-5205.99257806  2338.55652238 -5193.55678629], v=[-5.30502036 -1.94186671  4.44111704]
  RK45_ECI: r=[ 6378.21038561  1772.85065232 -4060.10352973], v=[-4.06503926  2.39523831 -5.38021819]
Epoch 364, t=2460388.401786707:
  TLE_ECI: r=[-5364.17331602  2276.8587004  -5058.3090751 ], v=[-5.16671489 -2.00433658  4.57464405]
  RK45_ECI: r=[ 6350.81314823  1791.41053582 -4095.0143465 ], v=[-4.10137948  2.38344908 -5.35760942]
Epoch 365, t=2460388.4018619703:
  TLE_ECI: r=[-5518.11338061  2213.23781901 -4919.10876889], v=[-5.02430806 -2.06511794  4.70461092]
  RK45_ECI: r=[ 6323.17121521  1809.88043208 -4129.77766351], v=[-4.13755924  2.371541   -5.33480914]
Epoch 366, t=2460388.4019372337:
  TLE_ECI: r=[-5667.69049999  2147.74734682 -4776.06421675], v=[-4.87791162 -2.12415918  4.83091526]
  RK45_ECI: r=[ 6295.28592977  1828.25930949 -4164.39191269], v=[-4.17357686  2.35951475 -5.31181841]
Epoch 367, t=2460388.402012497:
  TLE_ECI: r=[-5812.78582903  2080.44233616 -4629.28679719], v=[-4.72764056 -2.18141016  4.95345751]
  RK45_ECI: r=[ 6267.15813947  1846.54643012 -4198.85618272], v=[-4.2094313   2.34737084 -5.28863789]
Epoch 368, t=2460388.40208776:
  TLE_ECI: r=[-5953.28404041  2011.37939469 -4478.89083321], v=[-4.57361301 -2.23682219  5.07214094]
  RK45_ECI: r=[ 6238.78934541  1864.74068335 -4233.16875883], v=[-4.24512071  2.33511003 -5.26526876]
Epoch 369, t=2460388.4021630236:
  TLE_ECI: r=[-6089.07344235  1940.61657038 -4324.99350485], v=[-4.41595019 -2.29034812  5.18687181]
  RK45_ECI: r=[ 6210.18027095  1882.8414474  -4267.32890022], v=[-4.28064423  2.32273277 -5.24171156]
Epoch 370, t=2460388.402238287:
  TLE_ECI: r=[-6220.04603442  1868.2134061  -4167.71475941], v=[-4.25477629 -2.34194235  5.2975594 ]
  RK45_ECI: r=[ 6181.33204692  1900.84783416 -4301.33538548], v=[-4.31600053  2.31023967 -5.21796718]
Epoch 371, t=2460388.4023135505:
  TLE_ECI: r=[-6346.09762023  1794.23082239 -4007.17721909], v=[-4.09021841 -2.39156086  5.4041161 ]
  RK45_ECI: r=[ 6152.2460735   1918.75883805 -4335.18668185], v=[-4.35118795  2.29763145 -5.19403671]
Epoch 372, t=2460388.4023888134:
  TLE_ECI: r=[-6467.12788219  1718.7311027  -3843.50608651], v=[-3.92240641 -2.43916131  5.5064575 ]
  RK45_ECI: r=[ 6122.92337262  1936.57365232 -4368.88174157], v=[-4.38620531  2.2849087  -5.16992094]
Epoch 373, t=2460388.402464077:
  TLE_ECI: r=[-6583.04048477  1641.77776601 -3676.82904776], v=[-3.75147286 -2.48470305  5.60450246]
  RK45_ECI: r=[ 6093.36508883  1954.29145817 -4402.41936267], v=[-4.42105131  2.27207202 -5.14562077]
Epoch 374, t=2460388.4025393403:
  TLE_ECI: r=[-6693.74312321  1563.4356269  -3507.27617347], v=[-3.57755291 -2.52814711  5.69817316]
  RK45_ECI: r=[ 6063.57225668  1971.91145601 -4435.79850539], v=[-4.45572478  2.25912199 -5.12113699]
Epoch 375, t=2460388.4026146038:
  TLE_ECI: r=[-6799.14762107  1483.77066621 -3334.97981763], v=[-3.40078418 -2.56945631  5.78739519]
  RK45_ECI: r=[ 6033.54632086  1989.43266189 -4469.01766624], v=[-4.4902241   2.24605937 -5.09647075]
Epoch 376, t=2460388.402689867:
  TLE_ECI: r=[-6899.16999828  1402.84999464 -3160.07451437], v=[-3.2213067  -2.60859526  5.87209762]
  RK45_ECI: r=[ 6003.2883291   2006.85430418 -4502.07581805], v=[-4.52454813  2.23288472 -5.07162283]
Epoch 377, t=2460388.40276513:
  TLE_ECI: r=[-6993.73053727  1320.7418168  -2982.69687285], v=[-3.03926272 -2.64553037  5.95221305]
  RK45_ECI: r=[ 5972.79947887  2024.17552906 -4534.9717826 ], v=[-4.55869556  2.21959872 -5.04659417]
Epoch 378, t=2460388.4028403936:
  TLE_ECI: r=[-7082.75386536  1237.51529229 -2802.98547019], v=[-2.85479664 -2.68022997  6.02767769]
  RK45_ECI: r=[ 5942.08095866  2041.3955402  -4567.70438768], v=[-4.59266513  2.20620198 -5.0213857 ]
Epoch 379, t=2460388.402915657:
  TLE_ECI: r=[-7166.16899394  1153.24059922 -2621.08074269], v=[-2.66805492 -2.71266422  6.0984314 ]
  RK45_ECI: r=[ 5911.13384218  2058.51356024 -4600.27261964], v=[-4.62645569  2.19269511 -4.99599823]
Epoch 380, t=2460388.4029909205:
  TLE_ECI: r=[-7243.90939424  1067.98879412 -2437.1248753 ], v=[-2.47918591 -2.74280523  6.16441773]
  RK45_ECI: r=[ 5879.95962854  2075.52863309 -4632.67501277], v=[-4.66006566  2.17907888 -4.97043295]
Epoch 381, t=2460388.403066184:
  TLE_ECI: r=[-7315.91304917   981.83177201 -2251.26168945], v=[-2.28833975 -2.77062705  6.22558404]
  RK45_ECI: r=[ 5848.5592608   2092.44007504 -4664.91071733], v=[-4.69349409  2.16535384 -4.94469056]
Epoch 382, t=2460388.403141447:
  TLE_ECI: r=[-7382.122503     894.84222693 -2063.63652946], v=[-2.09566827 -2.7961057   6.28188145]
  RK45_ECI: r=[ 5816.93440986  2109.24685866 -4696.97813296], v=[-4.72673924  2.15152083 -4.91877238]
Epoch 383, t=2460388.4032167103:
  TLE_ECI: r=[-7442.48492062   807.09350384 -1874.39614739], v=[-1.9013248  -2.8192192   6.33326498]
  RK45_ECI: r=[ 5785.08587728  2125.94840934 -4728.87657085], v=[-4.75980033  2.13758033 -4.892679  ]
Epoch 384, t=2460388.4032919738:
  TLE_ECI: r=[-7496.9521157    718.65966574 -1683.68858674], v=[-1.70546414 -2.83994759  6.37969352]
  RK45_ECI: r=[ 5753.0149183   2142.54390636 -4760.60489343], v=[-4.7926761   2.12353303 -4.86641139]
Epoch 385, t=2460388.403367237:
  TLE_ECI: r=[-7545.4806028    629.61534447 -1491.66306483], v=[-1.50824232 -2.85827294  6.42112992]
  RK45_ECI: r=[ 5720.72308505  2159.03242243 -4792.16167394], v=[-4.82536501  2.10937972 -4.83997077]
Epoch 386, t=2460388.4034425:
  TLE_ECI: r=[-7588.0316298    540.03572079 -1298.46985406], v=[-1.30981658 -2.87417938  6.457541  ]
  RK45_ECI: r=[ 5688.21165596  2175.41314992 -4823.54579222], v=[-4.85786582  2.09512109 -4.8133581 ]
Epoch 387, t=2460388.4035177636:
  TLE_ECI: r=[-7624.57121747   449.99637137 -1104.26016227], v=[-1.11034514 -2.8876531   6.48889758]
  RK45_ECI: r=[ 5655.48145098  2191.68552701 -4854.75657267], v=[-4.89017775  2.08075763 -4.786574  ]
Epoch 388, t=2460388.403593027:
  TLE_ECI: r=[-7655.07017809   359.57333729  -909.18601209], v=[-0.90998713 -2.8986824   6.51517451]
  RK45_ECI: r=[ 5622.53420699  2207.84856301 -4885.79246478], v=[-4.92229914  2.06629023 -4.75961982]
Epoch 389, t=2460388.4036682905:
  TLE_ECI: r=[-7679.50414747   268.84297038  -713.40011962], v=[-0.70890244 -2.90725765  6.5363507 ]
  RK45_ECI: r=[ 5589.37091862  2223.90160757 -4916.65265643], v=[-4.95422906  2.05171946 -4.73249631]
Epoch 390, t=2460388.403743554:
  TLE_ECI: r=[-7697.85360396   177.88189002  -517.0557724 ], v=[-0.50725159 -2.91337135  6.55240915]
  RK45_ECI: r=[ 5555.99318959  2239.84376325 -4947.33576095], v=[-4.98596601  2.03704615 -4.7052047 ]
Epoch 391, t=2460388.403818817:
  TLE_ECI: r=[-7710.10388484    86.76694009  -320.30670678], v=[-0.30519556 -2.91701809  6.56333694]
  RK45_ECI: r=[ 5522.40233997  2255.67424861 -4977.84069037], v=[-5.01750878  2.02227102 -4.67774601]
Epoch 392, t=2460388.4038940803:
  TLE_ECI: r=[-7.71624520e+03 -4.42496730e+00 -1.23306985e+02], v=[-0.10289569 -2.91819461  6.56912525]
  RK45_ECI: r=[ 5488.59921588  2271.39252004 -5008.16678891], v=[-5.04885663  2.00739457 -4.65012084]
Epoch 393, t=2460388.4039693438:
  TLE_ECI: r=[-7716.27263939   -95.61678207    73.78912836], v=[ 0.09948646 -2.91689975  6.5697694 ]
  RK45_ECI: r=[ 5454.58561008  2286.99761997 -5038.31255089], v=[-5.08000793  1.99241771 -4.6223306 ]
Epoch 394, t=2460388.404044607:
  TLE_ECI: r=[-7710.1861764   -186.73147315   270.82728951], v=[ 0.30178927 -2.91313449  6.56526881]
  RK45_ECI: r=[ 5420.36254818  2302.48891998 -5068.2771884 ], v=[-5.11096178  1.97734105 -4.59437603]
Epoch 395, t=2460388.4041198706:
  TLE_ECI: r=[-7697.99067024  -277.69207083   467.65319946], v=[ 0.50385117 -2.90690192  6.55562702]
  RK45_ECI: r=[ 5385.93168416  2317.8655533  -5098.05935589], v=[-5.14171674  1.96216545 -4.56625842]
Epoch 396, t=2460388.4041951336:
  TLE_ECI: r=[-7679.69586164  -368.42171153   664.11272742], v=[ 0.70551079 -2.89820726  6.5408517 ]
  RK45_ECI: r=[ 5351.2943784   2333.12676574 -5127.65799832], v=[-5.17227163  1.94689164 -4.53797879]
Epoch 397, t=2460388.404270397:
  TLE_ECI: r=[-7655.31636087  -458.84379317   860.05203419], v=[ 0.90660712 -2.88705786  6.52095461]
  RK45_ECI: r=[ 5316.45150235  2348.27203262 -5157.07248013], v=[-5.20262572  1.93152015 -4.50953777]
Epoch 398, t=2460388.4043456605:
  TLE_ECI: r=[-7624.87164113  -548.88190567  1055.31769541], v=[ 1.10697961 -2.87346316  6.49595164]
  RK45_ECI: r=[ 5281.40490287  2363.30043082 -5186.30134159], v=[-5.23277746  1.91605194 -4.48093678]
Epoch 399, t=2460388.404420924:
  TLE_ECI: r=[-7588.3860186   -638.45998654  1249.75682422], v=[ 1.30646831 -2.85743471  6.46586274]
  RK45_ECI: r=[ 5246.1556358   2378.21135408 -5215.3438195 ], v=[-5.26272597  1.90048761 -4.4521766 ]
Epoch 400, t=2460388.4044961873:
  TLE_ECI: r=[-7545.88863269  -727.50236397  1443.21719361], v=[ 1.50491404 -2.83898615  6.43071193]
  RK45_ECI: r=[ 5210.7054034   2393.00396805 -5244.19861042], v=[-5.29246985  1.88482807 -4.42325853]
Epoch 401, t=2460388.4045714503:
  TLE_ECI: r=[-7497.41342378  -815.93379909  1635.54735798], v=[ 1.70215848 -2.8181332   6.39052727]
  RK45_ECI: r=[ 5175.05560512  2407.67754652 -5272.86469298], v=[-5.32200798  1.86907407 -4.39418363]
Epoch 402, t=2460388.4046467138:
  TLE_ECI: r=[-7442.99909526  -903.67963869  1826.59677408], v=[ 1.89804436 -2.79489362  6.34534086]
  RK45_ECI: r=[ 5139.20713687  2422.23158432 -5301.34145223], v=[-5.35133966  1.85322617 -4.36495253]
Epoch 403, t=2460388.404721977:
  TLE_ECI: r=[-7382.68909438  -990.66574658  2016.21592108], v=[ 2.09241551 -2.76928725  6.29518874]
  RK45_ECI: r=[ 5103.16189771  2436.6651939  -5329.62747553], v=[-5.38046338  1.83728535 -4.3355667 ]
Epoch 404, t=2460388.4047972406:
  TLE_ECI: r=[-7316.53156679 -1076.81865534  2204.25641961], v=[ 2.28511708 -2.74133593  6.24011096]
  RK45_ECI: r=[ 5066.92097239  2450.97779245 -5357.72202488], v=[-5.40937831  1.82125224 -4.30602692]
Epoch 405, t=2460388.4048725036:
  TLE_ECI: r=[-7244.57932144 -1162.06558549  2390.57114986], v=[ 2.47599558 -2.7110635   6.18015143]
  RK45_ECI: r=[ 5030.48628305  2465.16850872 -5385.6237095 ], v=[-5.43808296  1.80512785 -4.27633468]
Epoch 406, t=2460388.404947767:
  TLE_ECI: r=[-7166.88977274 -1246.33459277  2575.01436838], v=[ 2.66489912 -2.6784958   6.11535798]
  RK45_ECI: r=[ 4993.85874705  2479.2368552  -5413.33193394], v=[-5.46657667  1.78891272 -4.24649062]
Epoch 407, t=2460388.4050230305:
  TLE_ECI: r=[-7083.52491194 -1329.55450112  2757.44182371], v=[ 2.85167742 -2.64366061  6.04578225]
  RK45_ECI: r=[ 4957.0398033   2493.18213732 -5440.84571282], v=[-5.49485836  1.77260767 -4.21649582]
Epoch 408, t=2460388.405098294:
  TLE_ECI: r=[-6994.55124206 -1411.6550489   2937.71087051], v=[ 3.03618201 -2.60658764  5.97147965]
  RK45_ECI: r=[ 4920.03122779  2507.00357414 -5468.16381221], v=[-5.52292671  1.75621362 -4.18635165]
Epoch 409, t=2460388.4051735573:
  TLE_ECI: r=[-6900.03972536 -1492.56692685  3115.68058237], v=[ 3.2182663  -2.56730851  5.89250935]
  RK45_ECI: r=[ 4882.834133    2520.70060689 -5495.28551994], v=[-5.55078094  1.73973124 -4.1560589 ]
Epoch 410, t=2460388.4052488203:
  TLE_ECI: r=[-6800.06572848 -1572.22181663  3291.21186288], v=[ 3.39778575 -2.52585671  5.80893418]
  RK45_ECI: r=[ 4845.45049038  2534.27240137 -5522.209494  ], v=[-5.57841963  1.72316153 -4.1256191 ]
Epoch 411, t=2460388.4053240838:
  TLE_ECI: r=[-6694.7089411  -1650.55252923  3464.16755508], v=[ 3.57459796 -2.48226755  5.72082058]
  RK45_ECI: r=[ 4807.88123966  2547.7184909  -5548.93516042], v=[-5.60584212  1.70650508 -4.09503291]
Epoch 412, t=2460388.405399347:
  TLE_ECI: r=[-6584.05333651 -1727.49294038  3634.41254927], v=[ 3.74856277 -2.43657815  5.62823858]
  RK45_ECI: r=[ 4770.12785551  2561.03821088 -5575.46156915], v=[-5.63304741  1.68976272 -4.06430144]
Epoch 413, t=2460388.4054746106:
  TLE_ECI: r=[-6468.18708385 -1802.97812727  3801.81388876], v=[ 3.91954242 -2.38882743  5.53126167]
  RK45_ECI: r=[ 4732.1921576   2574.23081491 -5601.78753109], v=[-5.66003422  1.67293538 -4.03342607]
Epoch 414, t=2460388.405549874:
  TLE_ECI: r=[-6347.20247922 -1876.94440269  3966.24087385], v=[ 4.0874016  -2.339056    5.42996681]
  RK45_ECI: r=[ 4694.07528481  2587.29576889 -5627.91236049], v=[-5.68680181  1.65602375 -4.00240763]
Epoch 415, t=2460388.405625137:
  TLE_ECI: r=[-6221.19587483 -1949.32935016  4127.56516372], v=[ 4.25200759 -2.2873062   5.32443429]
  RK45_ECI: r=[ 4655.77925568  2600.23227681 -5653.8347653 ], v=[-5.71334881  1.63902888 -3.97124768]
Epoch 416, t=2460388.4057004005:
  TLE_ECI: r=[-6090.2675766  -2020.07194956  4285.66087622], v=[ 4.41323037 -2.233622    5.2147477 ]
  RK45_ECI: r=[ 4617.30503136  2613.03989314 -5679.55419358], v=[-5.73967462  1.62195134 -3.93994689]
Epoch 417, t=2460388.405775664:
  TLE_ECI: r=[-5954.52179498 -2089.11251734  4440.40468555], v=[ 4.5709427  -2.17804899  5.10099387]
  RK45_ECI: r=[ 4578.65412065  2625.71798394 -5705.06973145], v=[-5.76577827  1.60479199 -3.9085064 ]
Epoch 418, t=2460388.4058509273:
  TLE_ECI: r=[-5814.06653692 -2156.39283032  4591.67591763], v=[ 4.72502024 -2.12063435  4.98326273]
  RK45_ECI: r=[ 4539.8283849   2638.26583826 -5730.38023571], v=[-5.79165853  1.58755179 -3.87692764]
Epoch 419, t=2460388.405926191:
  TLE_ECI: r=[-5669.01352263 -2221.85615542  4739.35664322], v=[ 4.87534162 -2.06142678  4.86164732]
  RK45_ECI: r=[ 4500.82898818  2650.68294714 -5755.48504768], v=[-5.81731471  1.57023143 -3.84521144]
Epoch 420, t=2460388.4060014538:
  TLE_ECI: r=[-5519.47810058 -2285.44728059  4883.3317686 ], v=[ 5.02178853 -2.00047647  4.73624362]
  RK45_ECI: r=[ 4461.65799403  2662.96855361 -5780.38292644], v=[-5.8427455   1.55283197 -3.8133594 ]
Epoch 421, t=2460388.406076717:
  TLE_ECI: r=[-5365.57912682 -2347.11262534  5023.48912388], v=[ 5.16424586 -1.93783504  4.60715055]
  RK45_ECI: r=[ 4422.31638393  2675.12223364 -5805.0733426 ], v=[-5.86795033  1.53535402 -3.78137222]
Epoch 422, t=2460388.4061519806:
  TLE_ECI: r=[-5207.43890751 -2406.80018664  5159.71954879], v=[ 5.30260172 -1.8735555   4.47446982]
  RK45_ECI: r=[ 4382.80569929  2687.14338453 -5829.55541929], v=[-5.89292825  1.51779842 -3.74925104]
Epoch 423, t=2460388.406227244:
  TLE_ECI: r=[-5045.18307312 -2464.45964796  5291.91697595], v=[ 5.43674757 -1.80769223  4.33830589]
  RK45_ECI: r=[ 4343.12784112  2699.03133162 -5853.82806029], v=[-5.91767813  1.50016617 -3.71699733]
Epoch 424, t=2460388.406302507:
  TLE_ECI: r=[-4878.94049074 -2520.04238895  5419.97851152], v=[ 5.56657825 -1.74030091  4.19876585]
  RK45_ECI: r=[ 4303.28418682  2710.78553356 -5877.89052213], v=[-5.94219917  1.48245806 -3.68461211]
Epoch 425, t=2460388.4063777705:
  TLE_ECI: r=[-4708.84313008 -2573.50158373  5543.80451312], v=[ 5.69199212 -1.67143844  4.05595935]
  RK45_ECI: r=[ 4263.27627502  2722.40544671 -5901.74195349], v=[-5.96649047  1.4646749  -3.65209653]
Epoch 426, t=2460388.406453034:
  TLE_ECI: r=[-4535.02600101 -2624.79215118  5663.29866529], v=[ 5.81289108 -1.60116294  3.90999852]
  RK45_ECI: r=[ 4223.10549149  2733.89053954 -5925.38162116], v=[-5.99055126  1.44681749 -3.61945162]
Epoch 427, t=2460388.4065282973:
  TLE_ECI: r=[-4357.62701573 -2673.87085062  5778.36805203], v=[ 5.92918065 -1.52953368  3.76099785]
  RK45_ECI: r=[ 4182.77376781  2745.24016662 -5948.80846718], v=[-6.01438042  1.42888682 -3.58667886]
Epoch 428, t=2460388.406603561:
  TLE_ECI: r=[-4176.78688541 -2720.69630192  5888.92322658], v=[ 6.04077007 -1.45661104  3.60907411]
  RK45_ECI: r=[ 4142.28249459  2756.45382226 -5972.02177463], v=[-6.03797719  1.41088369 -3.55377928]
Epoch 429, t=2460388.4066788238:
  TLE_ECI: r=[-3992.64901537 -2765.2290076   5994.87827853], v=[ 6.14757232 -1.38245645  3.45434626]
  RK45_ECI: r=[ 4101.63325847  2767.53095053 -5995.02072285], v=[-6.06134071  1.39280897 -3.52075406]
Epoch 430, t=2460388.406754087:
  TLE_ECI: r=[-3805.35935851 -2807.4314319   6096.15089791], v=[ 6.24950419 -1.30713228  3.29693535]
  RK45_ECI: r=[ 4060.82762768  2778.47103802 -6017.80449885], v=[-6.08447013  1.37466348 -3.4876044 ]
Epoch 431, t=2460388.4068293506:
  TLE_ECI: r=[-3615.0663471  -2847.26795917  6192.66243659], v=[ 6.34648637 -1.23070191  3.13696444]
  RK45_ECI: r=[ 4019.86701414  2789.27358267 -6040.37240289], v=[-6.1073647   1.35644803 -3.45433134]
Epoch 432, t=2460388.406904614:
  TLE_ECI: r=[-3421.92074284 -2884.70497101  6284.33796673], v=[ 6.43844345 -1.15322959  2.97455846]
  RK45_ECI: r=[ 3978.75338587  2799.93797625 -6062.72342569], v=[-6.13002337  1.33816364 -3.42093638]
Epoch 433, t=2460388.4069798775:
  TLE_ECI: r=[-3226.07552527 -2919.71086102  6371.10633623], v=[ 6.52530402 -1.07478039  2.80984419]
  RK45_ECI: r=[ 3937.48815881  2810.46374222 -6084.85688408], v=[-6.15244541  1.3198111  -3.38742057]
Epoch 434, t=2460388.4070551405:
  TLE_ECI: r=[-3027.68577938 -2952.25605111  6452.90022138], v=[ 6.60700067 -0.9954202   2.64295006]
  RK45_ECI: r=[ 3896.07294847  2820.85035702 -6106.77199632], v=[-6.17463     1.3013913  -3.35378512]
Epoch 435, t=2460388.407130404:
  TLE_ECI: r=[-2826.90853872 -2982.3130515   6529.6561764 ], v=[ 6.68347009 -0.91521557  2.47400613]
  RK45_ECI: r=[ 3854.50935117  2831.09733808 -6128.46798845], v=[-6.19657634  1.28290508 -3.32003124]
Epoch 436, t=2460388.4072056673:
  TLE_ECI: r=[-2623.90271332 -3009.85642723  6601.31468017], v=[ 6.75465307 -0.83423379  2.30314398]
  RK45_ECI: r=[ 3812.79880371  2841.20421315 -6149.94419475], v=[-6.21828371  1.26435325 -3.28615999]
Epoch 437, t=2460388.407280931:
  TLE_ECI: r=[-2418.82893037 -3034.86285604  6667.82017986], v=[ 6.82049453 -0.75254274  2.13049656]
  RK45_ECI: r=[ 3770.94330866  2851.17041184 -6171.1996555 ], v=[-6.23975111  1.24573684 -3.25217289]
Epoch 438, t=2460388.407356194:
  TLE_ECI: r=[-2211.84941699 -3057.3111371   6729.12113155], v=[ 6.88094361 -0.67021087  1.95619816]
  RK45_ECI: r=[ 3728.94411509  2860.99552443 -6192.23382003], v=[-6.26097795  1.22705658 -3.21807085]
Epoch 439, t=2460388.407431457:
  TLE_ECI: r=[-2003.12788198 -3077.18220214  6785.17003793], v=[ 6.93595363 -0.58730714  1.78038426]
  RK45_ECI: r=[ 3686.8034391   2870.67894796 -6213.0456515 ], v=[-6.28196316  1.20831359 -3.18385558]
Epoch 440, t=2460388.4075067206:
  TLE_ECI: r=[-1792.8293519  -3094.4591548   6835.92348275], v=[ 6.98548217 -0.50390094  1.60319143]
  RK45_ECI: r=[ 3644.52233042  2880.22034344 -6233.63471023], v=[-6.30270626  1.18950851 -3.14952783]
Epoch 441, t=2460388.407581984:
  TLE_ECI: r=[-1581.12009626 -3109.12724656  6881.34216256], v=[ 7.02949111 -0.42006208  1.42475725]
  RK45_ECI: r=[ 3602.10244052  2889.61923148 -6254.00026681], v=[-6.32320649  1.17064223 -3.11508881]
Epoch 442, t=2460388.4076572475:
  TLE_ECI: r=[-1368.16746209 -3121.17391387  6921.3909151 ], v=[ 7.06794658 -0.33586072  1.24522021]
  RK45_ECI: r=[ 3559.54580495  2898.87507984 -6274.14141179], v=[-6.34346288  1.1517158  -3.0805401 ]
Epoch 443, t=2460388.4077325105:
  TLE_ECI: r=[-1154.13976167 -3130.58877825  6956.03874483], v=[ 7.10081906 -0.2513673   1.06471959]
  RK45_ECI: r=[ 3516.8540893   2907.98742643 -6294.05743812], v=[-6.36347471  1.13273012 -3.04588291]
Epoch 444, t=2460388.407807774:
  TLE_ECI: r=[ -939.20610519 -3137.3636687   6985.25884519], v=[ 7.12808334 -0.16665246  0.88339536]
  RK45_ECI: r=[ 3474.02835427  2916.95594881 -6313.74792244], v=[-6.38324151  1.11368583 -3.01111802]
Epoch 445, t=2460388.4078830373:
  TLE_ECI: r=[ -723.53632438 -3141.49260567  7009.0286181 ], v=[ 7.14971858 -0.08178704  0.70138809]
  RK45_ECI: r=[ 3431.07085627  2925.78009246 -6333.21189178], v=[-6.40276226  1.09458408 -2.97624714]
Epoch 446, t=2460388.407958301:
  TLE_ECI: r=[ -507.30080416 -3142.9718214   7027.32969011], v=[7.16570830e+00 3.15798555e-03 5.18838838e-01]
  RK45_ECI: r=[ 3387.98287538  2934.45949106 -6352.4488428 ], v=[-6.42203644  1.0754256  -2.94127119]
Epoch 447, t=2460388.408033564:
  TLE_ECI: r=[ -290.67035964 -3141.79975883  7040.1479256 ], v=[7.17604039 0.08811161 0.33588905]
  RK45_ECI: r=[ 3344.76647804  2942.9936514  -6371.45791698], v=[-6.44106314  1.05621147 -2.90619175]
Epoch 448, t=2460388.408108827:
  TLE_ECI: r=[  -73.81611314 -3137.97707256  7047.4734369 ], v=[7.18070709 0.17300277 0.15268047]
  RK45_ECI: r=[ 3301.42335459  2951.38214517 -6390.23844771], v=[-6.45984167  1.03694259 -2.87101007]
Epoch 449, t=2460388.4081840906:
  TLE_ECI: r=[  143.09067509 -3131.50663001  7049.30059124], v=[ 7.17970507  0.25776054 -0.03064501]
  RK45_ECI: r=[ 3257.95458103  2959.62467319 -6408.79003609], v=[-6.47837158  1.01761963 -2.8357269 ]
Epoch 450, t=2460388.408259354:
  TLE_ECI: r=[  359.87868429 -3122.39350574  7045.62801485], v=[ 7.17303536  0.34231403 -0.21394537]
  RK45_ECI: r=[ 3214.36244678  2967.72072377 -6427.11176573], v=[-6.49665194  0.99824373 -2.80034399]
Epoch 451, t=2460388.4083346175:
  TLE_ECI: r=[  576.37670256 -3110.64498041  7036.45859367], v=[ 7.16070337  0.4265925  -0.39707865]
  RK45_ECI: r=[ 3170.64824981  2975.66995833 -6445.20316321], v=[-6.51468224  0.97881567 -2.76486226]
Epoch 452, t=2460388.408409881:
  TLE_ECI: r=[  792.41375003 -3096.27053418  7021.79947124], v=[ 7.14271888  0.51052548 -0.579903  ]
  RK45_ECI: r=[ 3126.81408579  2983.47192311 -6463.06342146], v=[-6.53246164  0.95933652 -2.72928331]
Epoch 453, t=2460388.408485144:
  TLE_ECI: r=[ 1007.81920217 -3079.28184223  7001.66204339], v=[ 7.11909608  0.5940427  -0.76227679]
  RK45_ECI: r=[ 3082.86166816  2991.12622421 -6480.69191472], v=[-6.54998948  0.93980721 -2.6936084 ]
Epoch 454, t=2460388.4085604073:
  TLE_ECI: r=[ 1222.42295813 -3059.69275457  6976.06194978], v=[ 7.08985348  0.67707431 -0.94405875]
  RK45_ECI: r=[ 3038.79208717  2998.63258626 -6498.0882687 ], v=[-6.56726536  0.92022841 -2.65783829]
Epoch 455, t=2460388.408635671:
  TLE_ECI: r=[ 1436.05551796 -3037.51930076  6945.01906261], v=[ 7.05501396  0.75955075 -1.125108  ]
  RK45_ECI: r=[ 2994.60766305  3005.99054109 -6515.25162419], v=[-6.58428841  0.9006013  -2.62197473]
Epoch 456, t=2460388.408710934:
  TLE_ECI: r=[ 1648.5481503  -3012.77966765  6908.55747201], v=[ 7.01460473  0.84140295 -1.30528423]
  RK45_ECI: r=[ 2950.30971064  3013.19977815 -6532.1815379 ], v=[-6.60105815  0.88092665 -2.58601868]
Epoch 457, t=2460388.4087861977:
  TLE_ECI: r=[ 1859.73301411 -2985.49418729  6866.7054685 ], v=[ 6.96865733  0.9225623  -1.48444774]
  RK45_ECI: r=[ 2905.90035266  3020.25988394 -6548.87725477], v=[-6.6175738   0.86120555 -2.54997172]
Epoch 458, t=2460388.4088614606:
  TLE_ECI: r=[ 2069.44328032 -2955.685327    6819.49552233], v=[ 6.91720758  1.00296074 -1.6624596 ]
  RK45_ECI: r=[ 2861.38132396  3027.17049959 -6565.33819022], v=[-6.63383477  0.84143897 -2.51383514]
Epoch 459, t=2460388.408936724:
  TLE_ECI: r=[ 2277.51329607 -2923.37764832  6766.96425972], v=[ 6.86029559  1.08253085 -1.8391817 ]
  RK45_ECI: r=[ 2816.75372804  3033.93137381 -6581.56399476], v=[-6.64984068  0.82162757 -2.4776097 ]
Epoch 460, t=2460388.4090119875:
  TLE_ECI: r=[ 2483.77866132 -2888.59782184  6709.15243624], v=[ 6.7979657   1.1612058  -2.01447687]
  RK45_ECI: r=[ 2772.01991371  3040.54208263 -6597.55386696], v=[-6.66559072  0.80177254 -2.44129719]
Epoch 461, t=2460388.409087251:
  TLE_ECI: r=[ 2688.07639183 -2851.374584    6646.10490691], v=[ 6.73026649  1.23891951 -2.18820899]
  RK45_ECI: r=[ 2727.18121114  3047.00234418 -6613.30739394], v=[-6.68108446  0.78187469 -2.40489854]
Epoch 462, t=2460388.409162514:
  TLE_ECI: r=[ 2890.2450292  -2811.7387282   6577.87059343], v=[ 6.65725072  1.31560662 -2.36024308]
  RK45_ECI: r=[ 2682.23998133  3053.31175456 -6628.82380088], v=[-6.69632112  0.76193521 -2.36841556]
Epoch 463, t=2460388.4092377773:
  TLE_ECI: r=[ 3090.12480015 -2769.72304738  6504.50244822], v=[ 6.57897529  1.39120265 -2.53044543]
  RK45_ECI: r=[ 2637.19733892  3059.47008388 -6644.10276163], v=[-6.71130036  0.74195478 -2.33184901]
Epoch 464, t=2460388.409313041:
  TLE_ECI: r=[ 3287.55769161 -2725.36235678  6426.05741569], v=[ 6.49550124  1.46564391 -2.69868363]
  RK45_ECI: r=[ 2592.05503936  3065.47701189 -6659.1437349 ], v=[-6.72602164  0.72193437 -2.29520019]
Epoch 465, t=2460388.409388304:
  TLE_ECI: r=[ 3482.38760795 -2678.69343442  6342.59639027], v=[ 6.40689367  1.53886768 -2.86482677]
  RK45_ECI: r=[ 2546.81524426  3071.33219057 -6673.94604996], v=[-6.74048428  0.7018751  -2.25847072]
Epoch 466, t=2460388.4094635677:
  TLE_ECI: r=[ 3674.46048514 -2629.75499972  6254.18417156], v=[ 6.31322171  1.61081219 -3.02874543]
  RK45_ECI: r=[ 2501.47929781  3077.03536706 -6688.50932463], v=[-6.75468789  0.68177776 -2.22166156]
Epoch 467, t=2460388.4095388306:
  TLE_ECI: r=[ 3863.62440441 -2578.58769391  6160.88941652], v=[ 6.2145585   1.68141665 -3.19031188]
  RK45_ECI: r=[ 2456.04958608  3082.58618244 -6702.8328428 ], v=[-6.76863178  0.66164358 -2.18477452]
Epoch 468, t=2460388.409614094:
  TLE_ECI: r=[ 4049.72974245 -2525.23400298  6062.78458863], v=[ 6.11098109  1.75062145 -3.34940011]
  RK45_ECI: r=[ 2410.5272346   3087.98443164 -6716.91630359], v=[-6.78231563  0.64147323 -2.14781038]
Epoch 469, t=2460388.4096893575:
  TLE_ECI: r=[ 4232.62924376 -2469.73828984  5959.94590421], v=[ 6.00257041  1.81836799 -3.50588595]
  RK45_ECI: r=[ 2364.91401653  3093.22983036 -6730.75920781], v=[-6.79573895  0.6212677  -2.11077046]
Epoch 470, t=2460388.409764621:
  TLE_ECI: r=[ 4412.1781679  -2412.1467153   5852.45327576], v=[ 5.88941126  1.88459889 -3.65964716]
  RK45_ECI: r=[ 2319.21211498  3098.32207206 -6744.36093819], v=[-6.80890114  0.60102811 -2.07365639]
Epoch 471, t=2460388.4098398844:
  TLE_ECI: r=[ 4588.23439675 -2352.50721167  5740.39025243], v=[ 5.77159218  1.94925799 -3.81056356]
  RK45_ECI: r=[ 2273.42288668  3103.26093316 -6757.72114361], v=[-6.82180185  0.58075527 -2.03646915]
Epoch 472, t=2460388.4099151473:
  TLE_ECI: r=[ 4760.65854089 -2290.86945787  5623.8439576 ], v=[ 5.64920542  2.01229037 -3.95851706]
  RK45_ECI: r=[ 2227.54874021  3108.04610027 -6770.83916736], v=[-6.83444044  0.5604504  -1.99921056]
Epoch 473, t=2460388.409990411:
  TLE_ECI: r=[ 4929.31407758 -2227.28478474  5502.90502361], v=[ 5.52234689  2.07364249 -4.10339183]
  RK45_ECI: r=[ 2181.59081101  3112.67739314 -6783.71473408], v=[-6.84681664  0.54011419 -1.96188142]
Epoch 474, t=2460388.410065674:
  TLE_ECI: r=[ 5094.06741932 -2161.80621488  5377.66752384], v=[ 5.39111605  2.13326211 -4.24507432]
  RK45_ECI: r=[ 2135.55088806  3117.15456378 -6796.34738719], v=[-6.85893002  0.51974763 -1.92448304]
Epoch 475, t=2460388.4101409377:
  TLE_ECI: r=[ 5254.78804814 -2094.48836592  5248.22890175], v=[ 5.25561591  2.19109841 -4.3834534 ]
  RK45_ECI: r=[ 2089.43117367  3121.47734749 -6808.73656346], v=[-6.87078002  0.49935184 -1.88701711]
Epoch 476, t=2460388.4102162006:
  TLE_ECI: r=[ 5411.34860771 -2025.38743517  5114.68989743], v=[ 5.11595288  2.24710203 -4.51842045]
  RK45_ECI: r=[ 2043.2332549   3125.64552954 -6820.88188679], v=[-6.8823663   0.47892774 -1.84948475]
Epoch 477, t=2460388.410291464:
  TLE_ECI: r=[ 5563.6250298  -1954.56109116  4977.15447126], v=[ 4.97223673  2.30122513 -4.64986941]
  RK45_ECI: r=[ 1996.95890315  3129.65890406 -6832.78292972], v=[-6.89368844  0.45847625 -1.81188731]
Epoch 478, t=2460388.4103667275:
  TLE_ECI: r=[ 5711.49659837 -1882.06851974  4835.72972507], v=[ 4.82458051  2.35342137 -4.77769692]
  RK45_ECI: r=[ 1950.60991987  3133.51725405 -6844.4392735 ], v=[-6.90474605  0.43799837 -1.7742261 ]
Epoch 479, t=2460388.410441991:
  TLE_ECI: r=[ 5854.84607151 -1807.97031411  4690.52582064], v=[ 4.67310048  2.40364603 -4.90180236]
  RK45_ECI: r=[ 1904.18788904  3137.22038853 -6855.85056101], v=[-6.91553879  0.41749499 -1.73650229]
Epoch 480, t=2460388.4105172544:
  TLE_ECI: r=[ 5993.55977054 -1732.32844018  4541.65589554], v=[ 4.51791597  2.45185598 -5.02208796]
  RK45_ECI: r=[ 1857.69503005  3140.76808485 -6867.01628365], v=[-6.92606618  0.39696723 -1.69871756]
Epoch 481, t=2460388.4105925173:
  TLE_ECI: r=[ 6127.52766763 -1655.20620357  4389.23597663], v=[ 4.35914937  2.49800975 -5.1384589 ]
  RK45_ECI: r=[ 1811.13294148  3144.16016164 -6877.93610282], v=[-6.93632791  0.37641602 -1.66087307]
Epoch 482, t=2460388.410667781:
  TLE_ECI: r=[ 6256.64349522 -1576.66812607  4233.38489094], v=[ 4.19692596  2.54206764 -5.25082332]
  RK45_ECI: r=[ 1764.50340749  3147.39644755 -6888.60963438], v=[-6.94632362  0.35584228 -1.62297016]
Epoch 483, t=2460388.410743044:
  TLE_ECI: r=[ 6380.8048031  -1496.7799985   4074.22417431], v=[ 4.03137385  2.58399159 -5.35909249]
  RK45_ECI: r=[ 1717.80802987  3150.47677233 -6899.03655137], v=[-6.95605299  0.33524693 -1.58500999]
Epoch 484, t=2460388.4108183077:
  TLE_ECI: r=[ 6499.91306246 -1415.60875601  3911.87797757], v=[ 3.86262391  2.62374539 -5.46318083]
  RK45_ECI: r=[ 1671.0490402   3153.40094702 -6909.21638925], v=[-6.96551562  0.31463109 -1.54699426]
Epoch 485, t=2460388.410893571:
  TLE_ECI: r=[ 6613.87374182 -1333.22243963  3746.47297053], v=[ 3.69080962  2.66129461 -5.56300599]
  RK45_ECI: r=[ 1624.22803598  3156.16882181 -6919.14883966], v=[-6.97471121  0.29399567 -1.50892414]
Epoch 486, t=2460388.410968834:
  TLE_ECI: r=[ 6722.59638121 -1249.6901593   3578.1382437 ], v=[ 3.51606699  2.69660663 -5.65848894]
  RK45_ECI: r=[ 1577.34683811  3158.7802386  -6928.83355346], v=[-6.98363944  0.27334164 -1.47080098]
Epoch 487, t=2460388.4110440975:
  TLE_ECI: r=[ 6825.99468173 -1165.08195791  3407.00520793], v=[ 3.33853443  2.72965078 -5.74955403]
  RK45_ECI: r=[ 1530.40724183  3161.23506056 -6938.27019024], v=[-6.99230001  0.25266996 -1.43262612]
Epoch 488, t=2460388.411119361:
  TLE_ECI: r=[ 6923.98655419 -1079.46886998  3233.20749204], v=[ 3.1583527   2.76039822 -5.83612905]
  RK45_ECI: r=[ 1483.41085868  3163.53315084 -6947.45846099], v=[-7.00069265  0.23198152 -1.39440073]
Epoch 489, t=2460388.4111946244:
  TLE_ECI: r=[7016.49420264 -992.92278377 3056.88083834], v=[ 2.97566473  2.78882209 -5.91814532]
  RK45_ECI: r=[ 1436.35993345  3165.67436276 -6956.3979566 ], v=[-7.00881699  0.21127747 -1.35612654]
Epoch 490, t=2460388.411269888:
  TLE_ECI: r=[7103.44418502 -905.51640078 2878.1629964 ], v=[ 2.79061553  2.81489746 -5.9955377 ]
  RK45_ECI: r=[ 1389.25607249  3167.65857932 -6965.08840682], v=[-7.01667279  0.19055869 -1.3178047 ]
Epoch 491, t=2460388.411345151:
  TLE_ECI: r=[7184.76747187 -817.32319556 2697.19361492], v=[ 2.6033521   2.83860139 -6.06824472]
  RK45_ECI: r=[ 1342.1011068   3169.48567898 -6973.52950645], v=[-7.02425978  0.16982619 -1.27943659]
Epoch 492, t=2460388.411420414:
  TLE_ECI: r=[7260.39951382 -728.4172693  2514.1141319 ], v=[ 2.41402326  2.85991296 -6.13620858]
  RK45_ECI: r=[ 1294.89684112  3171.15555952 -6981.72095908], v=[-7.03157769  0.14908088 -1.24102355]
Epoch 493, t=2460388.4114956777:
  TLE_ECI: r=[7330.28028024 -638.87341334 2329.06766322], v=[ 2.22277958  2.87881326 -6.19937521]
  RK45_ECI: r=[ 1247.64489511  3172.6681176  -6989.6625139 ], v=[-7.0386263   0.12832369 -1.20256676]
Epoch 494, t=2460388.411570941:
  TLE_ECI: r=[7394.35431991 -548.76696212 2142.19888966], v=[ 2.02977321  2.89528543 -6.25769435]
  RK45_ECI: r=[ 1200.347525    3174.02324879 -6997.35381761], v=[-7.04540531  0.10755575 -1.16406794]
Epoch 495, t=2460388.411646204:
  TLE_ECI: r=[7452.57080339 -458.17377201 1953.65394246], v=[ 1.8351578   2.90931468 -6.31111958]
  RK45_ECI: r=[ 1153.00656915  3175.22086284 -7004.79460389], v=[-7.05191447  0.08677806 -1.12552846]
Epoch 496, t=2460388.4117214675:
  TLE_ECI: r=[7504.88357135 -367.17006978 1763.58028753], v=[ 1.63908833  2.92088832 -6.35960833]
  RK45_ECI: r=[ 1105.62319332  3176.26089311 -7011.98471473], v=[-7.05815365  0.0659913  -1.08694913]
Epoch 497, t=2460388.411796731:
  TLE_ECI: r=[7551.25116448 -275.83251803 1572.12660856], v=[ 1.44172102  2.92999571 -6.40312198]
  RK45_ECI: r=[ 1058.19988385  3177.14325378 -7018.92379495], v=[-7.06412253  0.04519671 -1.04833185]
Epoch 498, t=2460388.4118719944:
  TLE_ECI: r=[7591.63686446 -184.23806365 1379.44268877], v=[ 1.24321316  2.93662835 -6.44162586]
  RK45_ECI: r=[ 1010.73804275  3177.86788109 -7025.61166638], v=[-7.06982098  0.02439511 -1.00967764]
Epoch 499, t=2460388.411947258:
  TLE_ECI: r=[7626.00872327  -92.46389334 1185.67929187], v=[ 1.04372301  2.94077984 -6.47508927]
  RK45_ECI: r=[  963.2399356   3178.43471299 -7032.04803179], v=[-7.07524872e+00  3.58763497e-03 -9.70988203e-01]
Epoch 500, t=2460388.412022521:
  TLE_ECI: r=[ 7.65433959e+03 -5.87390559e-01  9.90988042e+02], v=[ 0.84340968  2.94244591 -6.50348553]
  RK45_ECI: r=[  915.70740781  3178.84369592 -7038.23266915], v=[-7.08040559 -0.01722472 -0.93226491]
Epoch 501, t=2460388.412097784:
  TLE_ECI: r=[7676.60713428   91.3140206   795.5213025 ], v=[ 0.64243292  2.94162443 -6.52679203]
  RK45_ECI: r=[  868.14162924  3179.09478845 -7044.16544706], v=[-7.08529145 -0.03804127 -0.89350859]
Epoch 502, t=2460388.4121730477:
  TLE_ECI: r=[7692.79386365  183.1628065   599.43205514], v=[ 0.44095308  2.93831537 -6.54499019]
  RK45_ECI: r=[  820.54509553  3179.18795097 -7049.84607233], v=[-7.08990607 -0.05886076 -0.85472114]
Epoch 503, t=2460388.412248311:
  TLE_ECI: r=[7702.88713965  274.88148079  402.87377717], v=[ 0.23913092  2.93252086 -6.55806552]
  RK45_ECI: r=[  772.91921309  3179.12314951 -7055.27439933], v=[-7.09424934 -0.07968239 -0.81590356]
Epoch 504, t=2460388.4123235745:
  TLE_ECI: r=[7706.87918786  366.39264741  206.00031914], v=[ 0.03712748  2.92424515 -6.56600763]
  RK45_ECI: r=[  725.26625494  3178.90036448 -7060.45018697], v=[-7.09832104 -0.100505   -0.77705758]
Epoch 505, t=2460388.4123988375:
  TLE_ECI: r=[7704.76710578  457.61904456    8.96578181], v=[-0.16489604  2.91349464 -6.56881022]
  RK45_ECI: r=[  677.58807197  3178.51957917 -7065.37325758], v=[-7.10212106 -0.12132761 -0.73818457]
Epoch 506, t=2460388.412474101:
  TLE_ECI: r=[7696.55286001  548.48370156 -188.07560696], v=[-0.36677844  2.90027783 -6.56647111]
  RK45_ECI: r=[  629.88583727  3177.98077737 -7070.04350632], v=[-7.10564929 -0.14214951 -0.69928534]
Epoch 507, t=2460388.4125493644:
  TLE_ECI: r=[7682.24329178  638.90986874 -384.96961558], v=[-0.56835864  2.88460534 -6.55899223]
  RK45_ECI: r=[  582.16205329  3177.28396593 -7074.46070213], v=[-7.10890556 -0.16296946 -0.66036181]
Epoch 508, t=2460388.412624628:
  TLE_ECI: r=[7661.85010639  728.82117376 -581.56213201], v=[-0.76947581  2.86648992 -6.54637961]
  RK45_ECI: r=[  534.41812991  3176.42914073 -7078.62473185], v=[-7.1118898  -0.18378663 -0.62141496]
Epoch 509, t=2460388.4126998913:
  TLE_ECI: r=[7635.38986427  818.14166437 -777.69928695], v=[-0.96996953  2.84594639 -6.5286434 ]
  RK45_ECI: r=[  486.65634548  3175.41632481 -7082.5354106 ], v=[-7.11460186 -0.20459989 -0.58244654]
Epoch 510, t=2460388.412775154:
  TLE_ECI: r=[7602.88396945  906.79585113 -973.2275768 ], v=[-1.1696799   2.82299168 -6.50579782]
  RK45_ECI: r=[  438.87855457  3174.24553846 -7086.19260506], v=[-7.11704166 -0.22540823 -0.5434579 ]
Epoch 511, t=2460388.4128504177:
  TLE_ECI: r=[ 7564.35864089   994.70886129 -1167.99398622], v=[-1.36844772  2.79764476 -6.47786119]
  RK45_ECI: r=[  391.08593254  3172.91679085 -7089.59623691], v=[-7.11920914 -0.24621095 -0.50444985]
Epoch 512, t=2460388.412925681:
  TLE_ECI: r=[ 7519.84490534  1081.80636877 -1361.84611033], v=[-1.56611455  2.76992667 -6.44485589]
  RK45_ECI: r=[  343.28098635  3171.43013544 -7092.74613723], v=[-7.1211042  -0.2670068  -0.46542432]
Epoch 513, t=2460388.4130009445:
  TLE_ECI: r=[ 7469.3785611   1168.01474713 -1554.63227622], v=[-1.76252292  2.73986049 -6.40680832]
  RK45_ECI: r=[  295.46512794  3169.78559814 -7095.64222531], v=[-7.1227268  -0.28779495 -0.4263823 ]
Epoch 514, t=2460388.4130762075:
  TLE_ECI: r=[ 7413.00015366  1253.26108828 -1746.20166385], v=[-1.9575164   2.70747129 -6.36374892]
  RK45_ECI: r=[  247.64086557  3167.98325338 -7098.28436072], v=[-7.12407686 -0.30857415 -0.3873257 ]
Epoch 515, t=2460388.413151471:
  TLE_ECI: r=[ 7350.75492682  1337.47335213 -1936.40442604], v=[-2.15093979  2.67278612 -6.31571212]
  RK45_ECI: r=[  199.80937558  3166.0231327  -7100.67248987], v=[-7.12515436 -0.32934369 -0.34825534]
Epoch 516, t=2460388.4132267344:
  TLE_ECI: r=[ 7282.69280578  1420.58029644 -2125.09180768], v=[-2.34263919  2.63583402 -6.26273628]
  RK45_ECI: r=[  151.97251458  3163.90529673 -7102.80652552], v=[-7.12595928 -0.35010258 -0.30917258]
Epoch 517, t=2460388.413301998:
  TLE_ECI: r=[ 7208.86834084  1502.5116255  -2312.11626381], v=[-2.53246219  2.59664594 -6.20486369]
  RK45_ECI: r=[  104.13256491  3161.62983699 -7104.68637279], v=[-7.12649157 -0.37084966 -0.27007915]
Epoch 518, t=2460388.4133772613:
  TLE_ECI: r=[ 7129.34066483  1583.19802799 -2497.3315766 ], v=[-2.72025793  2.55525476 -6.14214054]
  RK45_ECI: r=[   56.29093907  3159.19680955 -7106.31198339], v=[-7.12675125 -0.3915841  -0.23097605]
Epoch 519, t=2460388.413452524:
  TLE_ECI: r=[ 7044.17344817  1662.57121459 -2680.59297113], v=[-2.90587727  2.51169521 -6.07461682]
  RK45_ECI: r=[    8.45014635  3156.60633559 -7107.68327915], v=[-7.1267383  -0.41230465 -0.1918652 ]
Epoch 520, t=2460388.4135277877:
  TLE_ECI: r=[ 6953.43482591  1740.56405966 -2861.75722973], v=[-3.08917291  2.46600386 -6.00234634]
  RK45_ECI: r=[  -39.38863694  3153.85847224 -7108.80023299], v=[-7.12645275 -0.4330106  -0.15274741]
Epoch 521, t=2460388.413603051:
  TLE_ECI: r=[ 6857.19736918  1817.11053264 -3040.68280502], v=[-3.26999949  2.41821911 -5.92538664]
  RK45_ECI: r=[  -87.22355429  3150.95331738 -7109.66280204], v=[-7.12589463 -0.45370095 -0.11362406]
Epoch 522, t=2460388.4136783145:
  TLE_ECI: r=[ 6755.53800549  1892.14583768 -3217.22993131], v=[-3.44821372  2.36838113 -5.84379895]
  RK45_ECI: r=[ -135.05232384  3147.89100539 -7110.27094778], v=[-7.12506396 -0.47437454 -0.07449686]
Epoch 523, t=2460388.413753578:
  TLE_ECI: r=[ 6648.53795904  1965.60644704 -3391.26073442], v=[-3.62367449  2.31653181 -5.75764811]
  RK45_ECI: r=[ -182.87353378  3144.67162254 -7110.62465442], v=[-7.1239608  -0.49503056 -0.03536684]
Epoch 524, t=2460388.413828841:
  TLE_ECI: r=[ 6536.28268879  2037.43013597 -3562.63933979], v=[-3.79624299  2.26271475 -5.66700258]
  RK45_ECI: r=[ -230.68467655  3141.29533669 -7110.72390613], v=[-7.12258521e+00 -5.15667737e-01  3.76410867e-03]
Epoch 525, t=2460388.4139041044:
  TLE_ECI: r=[ 6418.86179372  2107.55611157 -3731.23197866], v=[-3.96578282  2.20697519 -5.5719343 ]
  RK45_ECI: r=[ -278.48457703  3137.76223059 -7110.56870239], v=[-7.12093726 -0.53628538  0.04289515]
Epoch 526, t=2460388.413979368:
  TLE_ECI: r=[ 6296.36897348  2175.92494795 -3896.9070926 ], v=[-4.13216009  2.14936001 -5.47251864]
  RK45_ECI: r=[ -326.27138066  3134.07243932 -7110.15904484], v=[-7.11901701 -0.55688249  0.08202492]
Epoch 527, t=2460388.4140546313:
  TLE_ECI: r=[ 6168.90192743  2242.47871361 -4059.53543584], v=[-4.29524352  2.08991764 -5.3688344 ]
  RK45_ECI: r=[ -374.0428083   3130.22614001 -7109.49495137], v=[-7.11682457 -0.57745791  0.12115168]
Epoch 528, t=2460388.4141298947:
  TLE_ECI: r=[ 6036.56227959  2307.16100057 -4218.99017564], v=[-4.45490458  2.02869805 -5.26096364]
  RK45_ECI: r=[ -421.79745053  3126.22344906 -7108.57643881], v=[-7.11436003 -0.59801083  0.16027442]
Epoch 529, t=2460388.4142051577:
  TLE_ECI: r=[ 5899.4555017   2369.91695377 -4375.14699054], v=[-4.61101752  1.96575271 -5.1489917 ]
  RK45_ECI: r=[ -469.53280379  3122.06458086 -7107.40355378], v=[-7.11162354 -0.61853999  0.19939123]
Epoch 530, t=2460388.414280421:
  TLE_ECI: r=[ 5757.69079889  2430.69338644 -4527.88416632], v=[-4.76345954  1.90113448 -5.03300705]
  RK45_ECI: r=[ -517.24769541  3117.74964368 -7105.9763224 ], v=[-7.10861518 -0.6390447   0.23850128]
Epoch 531, t=2460388.4143556845:
  TLE_ECI: r=[ 5611.38106093  2489.43871941 -4677.08268992], v=[-4.91211084  1.83489765 -4.91310127]
  RK45_ECI: r=[ -564.94027466  3113.27880963 -7104.2947909 ], v=[-7.10533508 -0.65952397  0.2776032 ]
Epoch 532, t=2460388.414430948:
  TLE_ECI: r=[ 5460.6427427   2546.10309411 -4822.62634071], v=[-5.05685472  1.76709785 -4.78936893]
  RK45_ECI: r=[ -612.60826746  3108.65229837 -7102.35903372], v=[-7.10178342 -0.67997664  0.31669525]
Epoch 533, t=2460388.414506211:
  TLE_ECI: r=[ 5305.59578343  2600.63838027 -4964.40177964], v=[-5.19757765  1.69779201 -4.66190754]
  RK45_ECI: r=[ -660.2500423   3103.87027954 -7100.16911124], v=[-7.09796034 -0.70040181  0.35577624]
Epoch 534, t=2460388.4145814744:
  TLE_ECI: r=[ 5146.36347868  2652.99827862 -5102.29863574], v=[-5.33416941  1.62703825 -4.53081746]
  RK45_ECI: r=[ -707.86377918  3098.93294398 -7097.72509997], v=[-7.093866   -0.72079855  0.3948448 ]
Epoch 535, t=2460388.414656738:
  TLE_ECI: r=[ 4983.07242518  2703.13826431 -5236.20959028], v=[-5.46652309  1.55489593 -4.39620179]
  RK45_ECI: r=[ -755.44763212  3093.8404951  -7095.02708544], v=[-7.08950057 -0.74116585  0.43389954]
Epoch 536, t=2460388.4147320013:
  TLE_ECI: r=[ 4815.85238853  2751.0156867  -5366.03045824], v=[-5.59453524  1.48142555 -4.25816632]
  RK45_ECI: r=[ -802.99998161  3088.59311852 -7092.07514764], v=[-7.08486422 -0.76150283  0.47293929]
Epoch 537, t=2460388.4148072647:
  TLE_ECI: r=[ 4644.83620568  2796.58978837 -5491.66026724], v=[-5.71810589  1.40668868 -4.11681943]
  RK45_ECI: r=[ -850.51856064  3083.19107613 -7088.86941761], v=[-7.07995719 -0.78180837  0.5119623 ]
Epoch 538, t=2460388.4148825277:
  TLE_ECI: r=[ 4470.15968606  2839.82172554 -5613.00133385], v=[-5.83713865  1.33074796 -3.97227198]
  RK45_ECI: r=[ -898.00174364  3077.6345711  -7085.40999444], v=[-7.07477965 -0.80208154  0.55096738]
Epoch 539, t=2460388.414957791:
  TLE_ECI: r=[ 4291.96146936  2880.6746525  -5729.95933702], v=[-5.95154079  1.25366695 -3.82463725]
  RK45_ECI: r=[ -945.44771715  3071.92382874 -7081.69699933], v=[-7.06933183 -0.82232144  0.58995315]
Epoch 540, t=2460388.4150330545:
  TLE_ECI: r=[ 4110.3829639   2919.11367131 -5842.44338909], v=[-6.06122326  1.17551018 -3.67403083]
  RK45_ECI: r=[ -992.85485772  3066.05906327 -7077.73054328], v=[-7.06361392 -0.84252715  0.62891842]
Epoch 541, t=2460388.415108318:
  TLE_ECI: r=[ 3925.56820063  2955.10591424 -5950.36610378], v=[-6.1661008   1.09634305 -3.52057054]
  RK45_ECI: r=[-1040.22090569  3060.04057009 -7073.5108026 ], v=[-7.05762621 -0.86269755  0.66786146]
Epoch 542, t=2460388.4151835814:
  TLE_ECI: r=[ 3737.66372637  2988.6205567  -6053.64366145], v=[-6.26609197  1.01623179 -3.36437632]
  RK45_ECI: r=[-1087.54425009  3053.86857582 -7069.03790735], v=[-7.0513689  -0.88283178  0.70678107]
Epoch 543, t=2460388.4152588444:
  TLE_ECI: r=[ 3546.81849618  3019.62883174 -6152.19587157], v=[-6.3611192   0.93524339 -3.20557015]
  RK45_ECI: r=[-1134.82305702  3047.54334254 -7064.31201451], v=[-7.04484227 -0.90292884  0.74567588]
Epoch 544, t=2460388.415334108:
  TLE_ECI: r=[ 3353.18371967  3048.10409558 -6245.94623223], v=[-6.45110887  0.8534455  -3.04427595]
  RK45_ECI: r=[-1182.05552119  3041.0651297  -7059.33328996], v=[-7.03804656 -0.92298783  0.78454452]
Epoch 545, t=2460388.4154093713:
  TLE_ECI: r=[ 3156.91279426  3074.02178477 -6334.82198696], v=[-6.53599134  0.77090648 -2.88061946]
  RK45_ECI: r=[-1229.2400269   3034.43418462 -7054.10188342], v=[-7.03098201 -0.94300785  0.82338579]
Epoch 546, t=2460388.4154846347:
  TLE_ECI: r=[ 2958.16114874  3097.35947936 -6418.7541784 ], v=[-6.61570098  0.68769528 -2.7147282 ]
  RK45_ECI: r=[-1276.3743254   3027.65084421 -7048.61802773], v=[-7.02364897 -0.9629878   0.86219796]
Epoch 547, t=2460388.4155598977:
  TLE_ECI: r=[ 2757.08613873  3118.09690182 -6497.67769925], v=[-6.69017624  0.60388139 -2.5467313 ]
  RK45_ECI: r=[-1323.45659108  3020.71540117 -7042.88191912], v=[-7.01604774 -0.98292671  0.90097967]
Epoch 548, t=2460388.415635161:
  TLE_ECI: r=[ 2553.84688644  3136.21596637 -6571.53134004], v=[-6.75935971  0.51953474 -2.37675948]
  RK45_ECI: r=[-1370.48566864  3013.62805202 -7036.89367664], v=[-7.0081785  -1.0028239   0.93973008]
Epoch 549, t=2460388.4157104245:
  TLE_ECI: r=[ 2348.60421032  3151.70074306 -6640.25783425], v=[-6.82319808  0.43472575 -2.20494486]
  RK45_ECI: r=[-1417.45909364  3006.38919147 -7030.65359329], v=[-7.00004166 -1.02267819  0.97844727]
Epoch 550, t=2460388.415785688:
  TLE_ECI: r=[ 2141.52046288  3164.53750472 -6703.80390014], v=[-6.88164224  0.34952518 -2.03142094]
  RK45_ECI: r=[-1464.37548249  2998.99906572 -7024.16182992], v=[-6.99163747 -1.04248878  1.01713026]
Epoch 551, t=2460388.4158609514:
  TLE_ECI: r=[ 1932.75941275  3174.71472925 -6762.12027982], v=[-6.93464731  0.2640041  -1.85632246]
  RK45_ECI: r=[-1511.23259927  2991.45805284 -7017.41867568], v=[-6.98296634 -1.06225457  1.05577731]
Epoch 552, t=2460388.4159362144:
  TLE_ECI: r=[ 1722.48612621  3182.2231039  -6815.16177513], v=[-6.98217262  0.17823389 -1.67978532]
  RK45_ECI: r=[-1558.02862948  2983.7664811  -7010.42437128], v=[-6.97402859 -1.08197462  1.09438705]
Epoch 553, t=2460388.416011478:
  TLE_ECI: r=[ 1510.86680116  3187.05555373 -6862.88728062], v=[-7.02418179  0.09228604 -1.50194646]
  RK45_ECI: r=[-1604.76242495  2975.92457143 -7003.1790625 ], v=[-6.96482444 -1.10164826  1.13295866]
Epoch 554, t=2460388.4160867413:
  TLE_ECI: r=[ 1298.06869395  3189.20721483 -6905.2598135 ], v=[-7.06064270e+00  6.23225966e-03 -1.32294375e+00]
  RK45_ECI: r=[-1651.43153657  2967.93276314 -6995.68310443], v=[-6.95535437 -1.1212743   1.17149024]
Epoch 555, t=2460388.4161620047:
  TLE_ECI: r=[ 1084.25995192  3188.67546071 -6942.24654053], v=[-7.09152756 -0.07985567 -1.14291593]
  RK45_ECI: r=[-1698.03458987  2959.79133112 -6987.93669045], v=[-6.94561866 -1.14085197  1.2099808 ]
Epoch 556, t=2460388.416237268:
  TLE_ECI: r=[  869.60949243  3185.4598987  -6973.81880185], v=[-7.11681288 -0.16590594 -0.96200249]
  RK45_ECI: r=[-1744.56936381  2951.50069409 -6979.9401658 ], v=[-6.93561776 -1.16038018  1.24842861]
Epoch 557, t=2460388.416312531:
  TLE_ECI: r=[  654.28688116  3179.56236853 -6999.9521318 ], v=[-7.13647952 -0.25184674 -0.78034352]
  RK45_ECI: r=[-1791.03405646  2943.0612156  -6971.69381538], v=[-6.92535206 -1.17985798  1.28683232]
Epoch 558, t=2460388.4163877945:
  TLE_ECI: r=[  438.46216344  3170.98694955 -7020.62627662], v=[-7.1505127  -0.33760641 -0.59807971]
  RK45_ECI: r=[-1837.42752764  2934.47314081 -6963.19781153], v=[-6.9148218  -1.19928471  1.32519111]
Epoch 559, t=2460388.416463058:
  TLE_ECI: r=[  222.30578874  3159.73994404 -7035.82520927], v=[-7.15890196 -0.42311334 -0.41535214]
  RK45_ECI: r=[-1883.74734583  2925.73695313 -6954.45257103], v=[-6.90402751 -1.21865921  1.3635031 ]
Epoch 560, t=2460388.4165383214:
  TLE_ECI: r=[ 5.98844143e+00  3.14582988e+03 -7.04553714e+03], v=[-7.16164123 -0.50829617 -0.23230226]
  RK45_ECI: r=[-1929.99214673  2916.85295594 -6945.4583196 ], v=[-6.89296951 -1.23798069  1.40176729]
Epoch 561, t=2460388.416613585:
  TLE_ECI: r=[ -210.31908172  3129.26751304 -7049.75452985], v=[-7.1587288  -0.59308375 -0.04907173]
  RK45_ECI: r=[-1976.15972608  2907.82160825 -6936.21545813], v=[-6.88164831 -1.25724809  1.43998198]
Epoch 562, t=2460388.416688848:
  TLE_ECI: r=[ -426.44599448  3110.06579748 -7048.47408639], v=[-7.1501673  -0.67740523  0.13419764]
  RK45_ECI: r=[-2022.24829618  2898.64330858 -6926.7243154 ], v=[-6.87006434 -1.27646046  1.47814582]
Epoch 563, t=2460388.4167641113:
  TLE_ECI: r=[ -642.22168954  3088.2398941  -7041.69677591], v=[-7.13596376 -0.76119019  0.31736402]
  RK45_ECI: r=[-2068.25672571  2889.31832616 -6916.98509003], v=[-6.85821788 -1.29561715  1.51625802]
Epoch 564, t=2460388.4168393747:
  TLE_ECI: r=[ -857.47581557  3063.80715283 -7029.42781801], v=[-7.11612953 -0.84436853  0.50028563]
  RK45_ECI: r=[-2114.18260299  2879.84718809 -6906.99826009], v=[-6.84610952 -1.314717    1.55431669]
Epoch 565, t=2460388.416914638:
  TLE_ECI: r=[-1072.03844527  3036.7870987  -7011.67668282], v=[-7.09068034 -0.92687066  0.6828209 ]
  RK45_ECI: r=[-2160.02457506  2870.23022608 -6896.76408326], v=[-6.83373961 -1.33375923  1.59232086]
Epoch 566, t=2460388.416989901:
  TLE_ECI: r=[-1285.74018888  3007.20142103 -6988.45708433], v=[-7.05963623 -1.0086275   0.8648285 ]
  RK45_ECI: r=[-2205.78023992  2860.46798682 -6886.28306546], v=[-6.82110879 -1.35274268  1.63026865]
Epoch 567, t=2460388.4170651645:
  TLE_ECI: r=[-1498.41236054  2975.07394235 -6959.78697045], v=[-7.02302158 -1.0895706   1.0461675 ]
  RK45_ECI: r=[-2251.44847538  2850.56076039 -6875.55542963], v=[-6.80821735 -1.37166672  1.66815927]
Epoch 568, t=2460388.417140428:
  TLE_ECI: r=[-1709.88705547  2940.43062045 -6925.68851033], v=[-6.98086507 -1.16963206  1.22669744]
  RK45_ECI: r=[-2297.02751044  2840.50898305 -6864.58154973], v=[-6.79506579 -1.39053039  1.70599139]
Epoch 569, t=2460388.4172156914:
  TLE_ECI: r=[-1919.99731557  2903.29951521 -6886.1880783 ], v=[-6.93319969 -1.24874471  1.40627844]
  RK45_ECI: r=[-2342.51517192  2830.31317765 -6853.36191481], v=[-6.7816547  -1.40933264  1.74376332]
Epoch 570, t=2460388.417290955:
  TLE_ECI: r=[-2128.57725004  2863.71076984 -6841.31623493], v=[-6.88006268 -1.32684211  1.58477132]
  RK45_ECI: r=[-2387.91011965  2819.97370393 -6841.89681427], v=[-6.76798448 -1.42807271  1.7814741 ]
Epoch 571, t=2460388.417366218:
  TLE_ECI: r=[-2335.46215563  2821.69659426 -6791.107705  ], v=[-6.82149553 -1.40385859  1.76203767]
  RK45_ECI: r=[-2433.20997475  2809.49115174 -6830.18681454], v=[-6.75405584 -1.44674945  1.81912186]
Epoch 572, t=2460388.4174414813:
  TLE_ECI: r=[-2540.48867788  2777.29121334 -6735.60135237], v=[-6.75754395 -1.47972939  1.93793996]
  RK45_ECI: r=[-2478.41362593  2798.86583502 -6818.23216437], v=[-6.7398691  -1.46536221  1.85670582]
Epoch 573, t=2460388.4175167447:
  TLE_ECI: r=[-2743.49488815  2730.53087918 -6674.84015194], v=[-6.68825783 -1.55439058  2.11234167]
  RK45_ECI: r=[-2523.51931991  2788.09822446 -6806.03328084], v=[-6.7254248  -1.48391007  1.89422466]
Epoch 574, t=2460388.417592008:
  TLE_ECI: r=[-2944.32044324  2681.45381732 -6608.87115844], v=[-6.61369124 -1.6277792   2.28510734]
  RK45_ECI: r=[-2568.52490577  2777.18888222 -6793.59070747], v=[-6.71072361 -1.50239198  1.93167671]
Epoch 575, t=2460388.4176672716:
  TLE_ECI: r=[-3142.80670205  2630.10020296 -6537.74547224], v=[-6.53390234 -1.69983328  2.45610274]
  RK45_ECI: r=[-2613.42905737  2766.13819602 -6780.90476512], v=[-6.69576597 -1.52080717  1.96906101]
Epoch 576, t=2460388.4177425345:
  TLE_ECI: r=[-3338.79684207  2576.51213913 -6461.51820219], v=[-6.4489534  -1.77049189  2.62519489]
  RK45_ECI: r=[-2658.22942133  2754.94679835 -6767.97608026], v=[-6.68055265 -1.53915453  2.0063757 ]
Epoch 577, t=2460388.417817798:
  TLE_ECI: r=[-3532.13601249  2520.73358513 -6380.24842531], v=[-6.35891071 -1.83969527  2.79225223]
  RK45_ECI: r=[-2702.92489853  2743.61502681 -6754.80492728], v=[-6.66508402 -1.5574334   2.04362002]
Epoch 578, t=2460388.4178930614:
  TLE_ECI: r=[-3722.67141001  2462.8103785  -6293.99914374], v=[-6.26384458 -1.90738473  2.95714466]
  RK45_ECI: r=[-2747.51375523  2732.1433861  -6741.39176603], v=[-6.64936067 -1.57564287  2.08079264]
Epoch 579, t=2460388.417968325:
  TLE_ECI: r=[-3910.25242947  2402.79016173 -6202.83723844], v=[-6.16382925 -1.97350281  3.1197437 ]
  RK45_ECI: r=[-2791.99386485  2720.53247732 -6727.73719411], v=[-6.63338333 -1.59378191  2.11789192]
Epoch 580, t=2460388.4180435883:
  TLE_ECI: r=[-4094.73077495  2340.7223534  -6106.83342008], v=[-6.05894289 -2.03799329  3.27992254]
  RK45_ECI: r=[-2836.36391675  2708.78271578 -6713.84156365], v=[-6.61715248 -1.61184977  2.15491688]
Epoch 581, t=2460388.4181188513:
  TLE_ECI: r=[-4275.96057019  2276.6581215  -6006.06217696], v=[-5.94926748 -2.10080125  3.43755615]
  RK45_ECI: r=[-2880.62158548  2696.89477604 -6699.70556069], v=[-6.60066896 -1.62984534  2.19186571]
Epoch 582, t=2460388.4181941147:
  TLE_ECI: r=[-4453.79850096  2210.65029313 -5900.60171991], v=[-5.83488883 -2.16187314  3.59252141]
  RK45_ECI: r=[-2924.76578533  2684.86901895 -6685.32948512], v=[-6.58393317 -1.64776799  2.22873762]
Epoch 583, t=2460388.418269378:
  TLE_ECI: r=[-4628.10388792  2142.7533861  -5790.53392446], v=[-5.71589647 -2.22115675  3.74469714]
  RK45_ECI: r=[-2968.79480366  2672.705983   -6670.71383928], v=[-6.56694576 -1.66561681  2.26553132]
Epoch 584, t=2460388.4183446416:
  TLE_ECI: r=[-4798.73882622  2073.02351612 -5675.94426999], v=[-5.59238359 -2.27860135  3.89396427]
  RK45_ECI: r=[-3012.70654065  2660.40630739 -6655.85927448], v=[-6.54970753 -1.68339079  2.30224514]
Epoch 585, t=2460388.4184199045:
  TLE_ECI: r=[-4965.56828234  2001.51837892 -5556.92177601], v=[-5.46444702 -2.33415764  4.04020587]
  RK45_ECI: r=[-3056.49949537  2647.97049547 -6640.76624531], v=[-6.53221906 -1.70108911  2.33887798]
Epoch 586, t=2460388.418495168:
  TLE_ECI: r=[-5128.46022596  1928.29714591 -5433.55893568], v=[-5.33218709 -2.3877779   4.18330731]
  RK45_ECI: r=[-3100.17199393  2635.39908069 -6625.43528276], v=[-6.51448103 -1.71871095  2.37542853]
Epoch 587, t=2460388.4185704314:
  TLE_ECI: r=[-5287.28569985  1853.42050211 -5305.95164659], v=[-5.19570763 -2.43941594  4.32315628]
  RK45_ECI: r=[-3143.72234372  2622.69262944 -6609.86692631], v=[-6.49649412 -1.73625541  2.41189549]
Epoch 588, t=2460388.418645695:
  TLE_ECI: r=[-5441.9189477   1776.95054043 -5174.19913857], v=[-5.05511586 -2.48902718  4.45964293]
  RK45_ECI: r=[-3187.14906236  2609.85165218 -6594.0616491 ], v=[-6.47825894 -1.7537217   2.44827776]
Epoch 589, t=2460388.4187209583:
  TLE_ECI: r=[-5592.23750936  1698.95072534 -5038.40389901], v=[-4.9105223  -2.53656871  4.59265996]
  RK45_ECI: r=[-3230.4500786   2596.87682581 -6578.02015573], v=[-6.45977634 -1.77110883  2.48457368]
Epoch 590, t=2460388.4187962213:
  TLE_ECI: r=[-5738.12231504  1619.48585795 -4898.67159532], v=[-4.76204074 -2.58199926  4.72210268]
  RK45_ECI: r=[-3273.62391271  2583.76868363 -6561.74293724], v=[-6.44104697 -1.788416    2.52078216]
Epoch 591, t=2460388.4188714847:
  TLE_ECI: r=[-5879.45780105  1538.62195655 -4755.11099485], v=[-4.60978807 -2.62527936  4.84786912]
  RK45_ECI: r=[-3316.66891436  2570.52778973 -6545.23056664], v=[-6.42207153 -1.8056424   2.55690189]
Epoch 592, t=2460388.418946748:
  TLE_ECI: r=[-6016.13197454  1456.42630173 -4607.83388214], v=[-4.4538843  -2.66637125  4.96986011]
  RK45_ECI: r=[-3359.58361086  2557.15468722 -6528.48354618], v=[-6.40285068 -1.82278722  2.59293177]
Epoch 593, t=2460388.4190220116:
  TLE_ECI: r=[-6148.03652434  1372.96731581 -4456.95497372], v=[-4.29445239 -2.70523898  5.08797938]
  RK45_ECI: r=[-3402.3659553   2543.65008252 -6511.50262277], v=[-6.38338531 -1.8398495   2.62887017]
Epoch 594, t=2460388.419097275:
  TLE_ECI: r=[-6275.06690456  1288.31452249 -4302.59183028], v=[-4.1316182  -2.74184844  5.20213359]
  RK45_ECI: r=[-3445.01449334  2530.01452237 -6494.28831642], v=[-6.3636761  -1.85682846  2.66471598]
Epoch 595, t=2460388.419172538:
  TLE_ECI: r=[-6397.12241668  1202.53850845 -4144.86476655], v=[-3.96551038 -2.77616738  5.31223247]
  RK45_ECI: r=[-3487.52757239  2516.24862506 -6476.84123353], v=[-6.34372379 -1.87372324  2.70046793]
Epoch 596, t=2460388.4192478014:
  TLE_ECI: r=[-6514.10630659  1115.7107902  -3983.89675864], v=[-3.79626024 -2.80816548  5.41818888]
  RK45_ECI: r=[-3529.90356735  2502.35298455 -6459.16198873], v=[-6.32352916 -1.89053307  2.73612474]
Epoch 597, t=2460388.419323065:
  TLE_ECI: r=[-6625.92582236  1027.90386653 -3819.81334923], v=[-3.62400172 -2.8378143   5.51991887]
  RK45_ECI: r=[-3572.14102846  2488.32817317 -6441.25112041], v=[-6.30309288 -1.90725716  2.7716853 ]
Epoch 598, t=2460388.4193983283:
  TLE_ECI: r=[-6732.49230568   939.19108401 -3652.7425504 ], v=[-3.44887123 -2.8650874   5.61734177]
  RK45_ECI: r=[-3614.23794107  2474.17493337 -6423.10942789], v=[-6.28241592 -1.92389457  2.80714801]
Epoch 599, t=2460388.4194735917:
  TLE_ECI: r=[-6833.72126148   849.64659428 -3482.81474429], v=[-3.27100755 -2.88996029  5.71038024]
  RK45_ECI: r=[-3656.1928743   2459.89384002 -6404.73746715], v=[-6.26149898 -1.94044453  2.84251177]
Epoch 600, t=2460388.4195488547:
  TLE_ECI: r=[-6929.53242577   759.34531268 -3310.16258171], v=[-3.09055175 -2.91241052  5.79896038]
  RK45_ECI: r=[-3698.00420256  2445.48554264 -6386.13588589], v=[-6.24034286 -1.95690622  2.87777532]
Epoch 601, t=2460388.419624118:
  TLE_ECI: r=[-7019.84984158   668.3627744  -3134.92087865], v=[-2.90764703 -2.93241768  5.88301176]
  RK45_ECI: r=[-3739.67032734  2430.95066448 -6367.30534002], v=[-6.21894837 -1.97327888  2.91293738]
Epoch 602, t=2460388.4196993816:
  TLE_ECI: r=[-7104.60190814   576.77519214 -2957.22651091], v=[-2.72243865 -2.94996338  5.96246749]
  RK45_ECI: r=[-3781.18982324  2416.2898062  -6348.2464037 ], v=[-6.19731621 -1.98956173  2.94799688]
Epoch 603, t=2460388.419774645:
  TLE_ECI: r=[-7183.72145039   484.65931165 -2777.21830679], v=[-2.53507382 -2.96503132  6.03726429]
  RK45_ECI: r=[-3822.56070968  2401.50374545 -6328.95992807], v=[-6.17544742 -2.00575387  2.98295222]
Epoch 604, t=2460388.419849908:
  TLE_ECI: r=[-7257.14577158   392.09238836 -2595.03693807], v=[-2.34570151 -2.97760731  6.10734255]
  RK45_ECI: r=[-3863.78138569  2386.59315761 -6309.4465968 ], v=[-6.15334283 -2.02185447  3.01780216]
Epoch 605, t=2460388.4199251714:
  TLE_ECI: r=[-7324.81671075   299.15203733 -2410.82480926], v=[-2.1544724  -2.98767927  6.17264636]
  RK45_ECI: r=[-3904.85083846  2371.55850366 -6289.70682213], v=[-6.13100298 -2.03786296  3.05254593]
Epoch 606, t=2460388.420000435:
  TLE_ECI: r=[-7386.68068394   205.91629451 -2224.72594525], v=[-1.96153873 -2.99523722  6.23312361]
  RK45_ECI: r=[-3945.76691318  2356.40065428 -6269.74157705], v=[-6.108429   -2.05377837  3.0871818 ]
Epoch 607, t=2460388.4200756983:
  TLE_ECI: r=[-7442.68873467   112.4634662  -2036.88587747], v=[-1.76705418 -3.00027334  6.28872598]
  RK45_ECI: r=[-3986.52840481  2341.12016488 -6249.55137895], v=[-6.08562157 -2.06960002  3.12170885]
Epoch 608, t=2460388.4201509617:
  TLE_ECI: r=[-7492.79657393    18.87208373 -1847.45152867], v=[-1.57117373 -3.00278194  6.33940903]
  RK45_ECI: r=[-4027.13336856  2325.71784741 -6229.13713016], v=[-6.06258174 -2.08532702  3.15612552]
Epoch 609, t=2460388.4202262247:
  TLE_ECI: r=[-7536.96461775   -74.77914141 -1656.57109637], v=[-1.37405356 -3.0027595   6.38513221]
  RK45_ECI: r=[-4067.58023313  2310.19440702 -6208.49955469], v=[-6.03931041 -2.10095858  3.19043058]
Epoch 610, t=2460388.420301488:
  TLE_ECI: r=[-7575.15802015  -168.41147281 -1464.3939351 ], v=[-1.17585086 -3.00020465  6.42585894]
  RK45_ECI: r=[-4107.86800443  2294.55032527 -6187.63908929], v=[-6.01580811 -2.11649415  3.22462328]
Epoch 611, t=2460388.4203767516:
  TLE_ECI: r=[-7607.34670324  -261.9460835  -1271.07043758], v=[-0.97672378 -2.9951182   6.4615566 ]
  RK45_ECI: r=[-4147.99456806  2278.78650981 -6166.55676292], v=[-5.99207606 -2.13193275  3.25870192]
Epoch 612, t=2460388.420452015:
  TLE_ECI: r=[-7633.50538259  -355.3042122  -1076.75191491], v=[-0.77683124 -2.9875031   6.49219657]
  RK45_ECI: r=[-4187.9587421   2262.90353998 -6145.25312255], v=[-5.96811494 -2.14727376  3.29266559]
Epoch 613, t=2460388.4205272784:
  TLE_ECI: r=[-7653.61358883  -448.40720806  -881.59047586], v=[-0.57633281 -2.97736451  6.51775429]
  RK45_ECI: r=[-4227.7586193   2246.90226107 -6123.72912085], v=[-5.94392587 -2.16251628  3.32651275]
Epoch 614, t=2460388.4206025414:
  TLE_ECI: r=[-7667.65568657  -541.17657544  -685.73890546], v=[-0.37538858 -2.96470971  6.53820924]
  RK45_ECI: r=[-4267.39265932  2230.7834074  -6101.98552156], v=[-5.91950977 -2.17765955  3.3602422 ]
Epoch 615, t=2460388.420677805:
  TLE_ECI: r=[-7675.62088173  -633.53413114  -489.35054286], v=[-0.174159   -2.94954817  6.55354498]
  RK45_ECI: r=[-4306.85988753  2214.54748078 -6080.02278553], v=[-5.89486722 -2.19270303  3.3938532 ]
Epoch 616, t=2460388.4207530683:
  TLE_ECI: r=[-7677.50323951  -725.4019366   -292.57915872], v=[ 0.02719521 -2.93189151  6.56374919]
  RK45_ECI: r=[-4346.15823203  2198.19542456 -6057.84199675], v=[-5.86999947 -2.20764578  3.42734407]
Epoch 617, t=2460388.4208283317:
  TLE_ECI: r=[-7673.30168392  -816.70245445   -95.57883217], v=[ 0.22851322 -2.91175347  6.56881363]
  RK45_ECI: r=[-4385.28653489  2181.72784165 -6035.44373123], v=[-5.84490725 -2.22248717  3.46071393]
Epoch 618, t=2460388.420903595:
  TLE_ECI: r=[-7663.02000011  -907.35859263   101.49617257], v=[ 0.42963425 -2.88914996  6.56873418]
  RK45_ECI: r=[-4424.2429281   2165.14560998 -6012.8289911 ], v=[-5.81959173 -2.23722634  3.49396127]
Epoch 619, t=2460388.420978858:
  TLE_ECI: r=[-7646.66683415  -997.29374801   298.4915297 ], v=[ 0.63039767 -2.86409898  6.56351085]
  RK45_ECI: r=[-4463.0259037   2148.44949222 -5989.9985791 ], v=[-5.79405385 -2.25186254  3.52708491]
Epoch 620, t=2460388.4210541216:
  TLE_ECI: r=[-7624.2556743  -1086.43196191   495.25297542], v=[ 0.83064316 -2.83662066  6.55314777]
  RK45_ECI: r=[-4501.63450741  2131.64000997 -5966.9529797 ], v=[-5.76829423 -2.26639524  3.56008412]
Epoch 621, t=2460388.421129385:
  TLE_ECI: r=[-7595.80485633 -1174.69785057   691.62643149], v=[ 1.03021085 -2.80673721  6.53765317]
  RK45_ECI: r=[-4540.06671166  2114.71814157 -5943.69333092], v=[-5.74231419 -2.28082352  3.59295726]
Epoch 622, t=2460388.4212046484:
  TLE_ECI: r=[-7561.3375371  -1262.01675967   887.45812863], v=[ 1.22894142 -2.77447289  6.5170394 ]
  RK45_ECI: r=[-4578.32138364  2097.68451292 -5920.2202372 ], v=[-5.71611448 -2.29514677  3.62570346]
Epoch 623, t=2460388.4212799114:
  TLE_ECI: r=[-7520.88168154 -1348.31478374  1082.59472957], v=[ 1.42667626 -2.73985403  6.49132291]
  RK45_ECI: r=[-4616.39651661  2080.54011778 -5896.53486088], v=[-5.68969643 -2.30936409  3.6583211 ]
Epoch 624, t=2460388.421355175:
  TLE_ECI: r=[-7474.47002335 -1433.51891819  1276.88345171], v=[ 1.62325765 -2.70290898  6.46052423]
  RK45_ECI: r=[-4654.29117568  2063.28549453 -5872.63770795], v=[-5.66306069 -2.32347494  3.69080946]
Epoch 625, t=2460388.4214304383:
  TLE_ECI: r=[-7422.14006025 -1517.55698859  1470.17218936], v=[ 1.8185288  -2.66366808  6.42466794]
  RK45_ECI: r=[-4692.00388863  2045.92143623 -5848.52962098], v=[-5.63620825 -2.33747859  3.72316739]
Epoch 626, t=2460388.4215057017:
  TLE_ECI: r=[-7363.9340071  -1600.3578016   1662.30963518], v=[ 2.01233405 -2.62216366  6.38378267]
  RK45_ECI: r=[-4729.53285392  2028.44887132 -5824.2116793 ], v=[-5.60914038 -2.35137423  3.75539341]
Epoch 627, t=2460388.421580965:
  TLE_ECI: r=[-7299.89876385 -1681.85118362  1853.14540099], v=[ 2.20451897 -2.57842996  6.33790107]
  RK45_ECI: r=[-4766.87696509  2010.86844817 -5799.68451527], v=[-5.58185786 -2.36516125  3.7874867 ]
Epoch 628, t=2460388.421656228:
  TLE_ECI: r=[-7230.08588101 -1761.96801939  2042.5301377 ], v=[ 2.39493051 -2.53250316  6.28705975]
  RK45_ECI: r=[-4804.03426264  1993.18119418 -5774.9493437 ], v=[-5.55436209 -2.37883878  3.81944563]
Epoch 629, t=2460388.4217314916:
  TLE_ECI: r=[-7154.5514957  -1840.64039602  2230.31565417], v=[ 2.58341714 -2.4844213   6.23129928]
  RK45_ECI: r=[-4841.00383383  1975.38766698 -5750.00669331], v=[-5.52665373 -2.39240629  3.85126953]
Epoch 630, t=2460388.421806755:
  TLE_ECI: r=[-7073.35631438 -1917.80153355  2416.35503517], v=[ 2.76982891 -2.43422428  6.17066414]
  RK45_ECI: r=[-4877.78424196  1957.48868647 -5724.85744413], v=[-5.49873384 -2.40586307  3.88295725]
Epoch 631, t=2460388.4218820184:
  TLE_ECI: r=[-6986.5655418  -1993.38592681  2600.50275798], v=[ 2.95401767 -2.38195378  6.10520267]
  RK45_ECI: r=[-4914.37372952  1939.48521158 -5699.5027225 ], v=[-5.47060374 -2.41920834  3.91450735]
Epoch 632, t=2460388.421957282:
  TLE_ECI: r=[-6894.24883097 -2067.32937985  2782.61480779], v=[ 3.13583709 -2.32765327  6.03496705]
  RK45_ECI: r=[-4950.7712175   1921.37791279 -5673.94318816], v=[-5.44226423 -2.43244149  3.94591901]
Epoch 633, t=2460388.422032545:
  TLE_ECI: r=[-6796.48023083 -2139.56904075  2962.54879167], v=[ 3.31514287 -2.27136795  5.96001322]
  RK45_ECI: r=[-4986.97479572  1903.16785015 -5648.18010741], v=[-5.4137168  -2.44556169  3.97719065]
Epoch 634, t=2460388.4221078083:
  TLE_ECI: r=[-6693.33809915 -2210.0435349   3140.16405104], v=[ 3.49179281 -2.21314469  5.88040085]
  RK45_ECI: r=[-5022.98357476  1884.85559979 -5622.21403128], v=[-5.38496212 -2.45856843  4.0083216 ]
Epoch 635, t=2460388.4221830717:
  TLE_ECI: r=[-6584.90507393 -2278.69289643  3315.32177261], v=[ 3.66564693 -2.15303202  5.79619327]
  RK45_ECI: r=[-5058.79615492  1866.44200799 -5596.04587658], v=[-5.3560013  -2.47146102  4.03931073]
Epoch 636, t=2460388.422258335:
  TLE_ECI: r=[-6471.26797972 -2345.45869964  3487.88509755], v=[ 3.83656759 -2.09108006  5.70745743]
  RK45_ECI: r=[-5094.41082458  1847.92806318 -5569.67681578], v=[-5.32683571 -2.48423869  4.07015664]
Epoch 637, t=2460388.422333598:
  TLE_ECI: r=[-6352.51776826 -2410.2840693   3657.71922899], v=[ 4.00441959 -2.02734051  5.61426384]
  RK45_ECI: r=[-5129.82620479  1829.31462459 -5543.10778583], v=[-5.29746648 -2.49690076  4.10085822]
Epoch 638, t=2460388.4224088616:
  TLE_ECI: r=[-6228.74941461 -2473.11380377  3824.69153746], v=[ 4.1690703  -1.96186653  5.51668647]
  RK45_ECI: r=[-5165.04142281  1810.60228163 -5516.33935259], v=[-5.26789431 -2.50944676  4.13141479]
Epoch 639, t=2460388.422484125:
  TLE_ECI: r=[-6100.06187991 -2533.89430838  3988.67166469], v=[ 4.33038974 -1.89471279  5.41480273]
  RK45_ECI: r=[-5200.05462746  1791.79213058 -5489.37284002], v=[-5.23812074 -2.52187585  4.16182482]
Epoch 640, t=2460388.4225593884:
  TLE_ECI: r=[-5966.55800184 -2592.5737156   4149.53162509], v=[ 4.48825068 -1.82593535  5.30869339]
  RK45_ECI: r=[-5234.86478628  1772.8848759  -5462.20895069], v=[-5.20814665 -2.53418749  4.1920875 ]
Epoch 641, t=2460388.422634652:
  TLE_ECI: r=[-5828.34441598 -2649.10191031  4307.14590531], v=[ 4.64252878 -1.75559163  5.19844247]
  RK45_ECI: r=[-5269.47023535  1753.88153439 -5434.84890234], v=[-5.17797346 -2.54638095  4.22220144]
Epoch 642, t=2460388.422709915:
  TLE_ECI: r=[-5685.53147589 -2703.43055443  4461.39156152], v=[ 4.79310261 -1.68374039  5.08413724]
  RK45_ECI: r=[-5303.86979224  1734.78291199 -5407.29353787], v=[-5.14760219 -2.5584556   4.25216571]
Epoch 643, t=2460388.4227851783:
  TLE_ECI: r=[-5538.23313065 -2755.5131945   4612.14831447], v=[ 4.93985385 -1.61044159  4.96586807]
  RK45_ECI: r=[-5338.0621379   1715.58985    -5379.54383421], v=[-5.11703401 -2.57041086  4.28197921]
Epoch 644, t=2460388.4228604417:
  TLE_ECI: r=[-5386.56687819 -2805.30519898  4759.29864229], v=[ 5.08266725 -1.53575645  4.84372837]
  RK45_ECI: r=[-5372.04594596  1696.30324077 -5351.60077538], v=[-5.08627008 -2.58224607  4.31164087]
Epoch 645, t=2460388.422935705:
  TLE_ECI: r=[-5230.65363783 -2852.76386333  4902.72787082], v=[ 5.22143084 -1.45974732  4.71781457]
  RK45_ECI: r=[-5405.82005756  1676.92388674 -5323.46521994], v=[-5.05531146 -2.59396067  4.34114974]
Epoch 646, t=2460388.4230109686:
  TLE_ECI: r=[-5070.61765906 -2897.8484283   5042.32426154], v=[ 5.35603591 -1.38247766  4.58822594]
  RK45_ECI: r=[-5439.38285818  1657.45283209 -5295.13842998], v=[-5.02415962 -2.60555394  4.37050447]
Epoch 647, t=2460388.4230862316:
  TLE_ECI: r=[-4906.58642903 -2940.52009902  5177.97909704], v=[ 5.48637717 -1.30401198  4.45506459]
  RK45_ECI: r=[-5472.73320139  1637.890905   -5266.62127891], v=[-4.99281561 -2.61702531  4.39970414]
Epoch 648, t=2460388.423161495:
  TLE_ECI: r=[-4738.69053419 -2980.74213551  5309.58676378], v=[ 5.61235278 -1.22441572  4.31843533]
  RK45_ECI: r=[-5505.8698083   1618.23896884 -5237.91477863], v=[-4.96128063 -2.6283742   4.42874768]
Epoch 649, t=2460388.4232367584:
  TLE_ECI: r=[-4567.06360598 -3018.47979458  5437.04483252], v=[ 5.73386444 -1.14375533  4.17844561]
  RK45_ECI: r=[-5538.79154418  1598.49785894 -5209.01981196], v=[-4.92955577 -2.63960005  4.45763416]
Epoch 650, t=2460388.423312022:
  TLE_ECI: r=[-4391.84217843 -3053.70041768  5560.25413586], v=[ 5.85081745 -1.06209809  4.03520541]
  RK45_ECI: r=[-5571.49683523  1578.66864049 -5179.93767579], v=[-4.89764252 -2.65070216  4.48636225]
Epoch 651, t=2460388.4233872853:
  TLE_ECI: r=[-4213.16558652 -3086.37344272  5679.11884317], v=[ 5.96312079 -0.97951211  3.88882719]
  RK45_ECI: r=[-5603.9845693   1558.7521421  -5150.66926752], v=[-4.86554196 -2.66168001  4.51493105]
Epoch 652, t=2460388.4234625483:
  TLE_ECI: r=[-4031.17586322 -3116.47041715  5793.54653282], v=[ 6.07068716 -0.89606629  3.73942575]
  RK45_ECI: r=[-5636.25348672  1538.74929353 -5121.21562653], v=[-4.83325536 -2.672533    4.54333951]
Epoch 653, t=2460388.4235378117:
  TLE_ECI: r=[-3846.0175888  -3143.96506933  5903.44826154], v=[ 6.17343309 -0.81183015  3.58711815]
  RK45_ECI: r=[-5668.30234999  1518.66097935 -5091.57779896], v=[-4.80078392 -2.68326058  4.57158658]
Epoch 654, t=2460388.423613075:
  TLE_ECI: r=[-3657.83782995 -3168.83325687  6008.73863113], v=[ 6.27127893 -0.72687394  3.43202365]
  RK45_ECI: r=[-5700.13006192  1498.48805574 -5061.75669736], v=[-4.76812875 -2.69386221  4.59967136]
Epoch 655, t=2460388.4236883386:
  TLE_ECI: r=[-3466.78598575 -3191.05303554  6109.3358522 ], v=[ 6.36414896 -0.64126846  3.27426357]
  RK45_ECI: r=[-5731.73510095  1478.23161291 -5031.75366125], v=[-4.73529142 -2.70433726  4.62759256]
Epoch 656, t=2460388.4237636016:
  TLE_ECI: r=[-3273.01368717 -3210.60465509  6205.1618051 ], v=[ 6.45197139 -0.55508506  3.11396121]
  RK45_ECI: r=[-5763.11624494  1457.89259894 -5001.56975952], v=[-4.70227319 -2.71468514  4.65534915]
Epoch 657, t=2460388.423838865:
  TLE_ECI: r=[-3076.67463901 -3227.47061421  6296.14209785], v=[ 6.53467848 -0.46839551  2.95124177]
  RK45_ECI: r=[-5794.27272079  1437.47166618 -4971.20563891], v=[-4.66907486 -2.72490546  4.6829405 ]
Epoch 658, t=2460388.4239141284:
  TLE_ECI: r=[-2877.92455442 -3241.63561521  6382.20612139], v=[ 6.61220649 -0.38127205  2.78623222]
  RK45_ECI: r=[-5825.20289012  1416.97001866 -4940.66280524], v=[-4.63569817 -2.73499755  4.71036521]
Epoch 659, t=2460388.423989392:
  TLE_ECI: r=[-2676.92099399 -3253.0866169   6463.28710165], v=[ 6.68449581 -0.29378724  2.61906124]
  RK45_ECI: r=[-5855.90584215  1396.38843238 -4909.94205805], v=[-4.6021441  -2.74496094  4.73762251]
Epoch 660, t=2460388.4240646553:
  TLE_ECI: r=[-2473.82325096 -3261.81283466  6539.32214876], v=[ 6.75149094 -0.20601394  2.44985909]
  RK45_ECI: r=[-5886.38010901  1375.72802129 -4879.0447784 ], v=[-4.56841423 -2.75479503  4.76471116]
Epoch 661, t=2460388.4241399183:
  TLE_ECI: r=[-2268.79223534 -3267.80574261  6610.2523033 ], v=[ 6.81314053 -0.11802529  2.27875751]
  RK45_ECI: r=[-5916.62451267  1354.98975448 -4847.97206803], v=[-4.53450988 -2.76449928  4.79163015]
Epoch 662, t=2460388.4242151817:
  TLE_ECI: r=[-2061.99030894 -3271.05910806  6676.02257945], v=[ 6.86939747 -0.02989451  2.10588966]
  RK45_ECI: r=[-5946.63830811  1334.17429887 -4816.72459397], v=[-4.50043185 -2.77407331  4.81837888]
Epoch 663, t=2460388.424290445:
  TLE_ECI: r=[-1853.58121566 -3271.56895444  6736.58200532], v=[6.92021882 0.05830498 1.93138995]
  RK45_ECI: r=[-5976.41991682  1313.2828834  -4785.30390707], v=[-4.46618194 -2.78351649  4.84495596]
Epoch 664, t=2460388.4243657086:
  TLE_ECI: r=[-1643.72991492 -3269.33359333  6791.88366009], v=[6.96556592 0.14649973 1.75539402]
  RK45_ECI: r=[-6005.9684621   1292.31630097 -4753.710831  ], v=[-4.43176114 -2.79282837  4.87136068]
Epoch 665, t=2460388.424440972:
  TLE_ECI: r=[-1432.6024622  -3264.35361865  6841.88470818], v=[7.00540439 0.23461626 1.57803858]
  RK45_ECI: r=[-6035.28253108  1271.27568795 -4721.94678722], v=[-4.39717108 -2.80200839  4.89759181]
Epoch 666, t=2460388.424516235:
  TLE_ECI: r=[-1220.36588918 -3256.63190271  6886.5464304 ], v=[7.03970412 0.32258117 1.39946131]
  RK45_ECI: r=[-6064.36099098  1250.16203305 -4690.01290937], v=[-4.36241309 -2.81105605  4.92364838]
Epoch 667, t=2460388.4245914984:
  TLE_ECI: r=[-1007.18803514 -3246.17360931  6925.83425196], v=[7.06843934 0.41032119 1.21980082]
  RK45_ECI: r=[-6093.2031254   1228.97601712 -4657.90988419], v=[-4.32748802 -2.81997097  4.9495298 ]
Epoch 668, t=2460388.424666762:
  TLE_ECI: r=[ -793.23747408 -3232.98616608  6959.7177676 ], v=[7.09158856 0.49776319 1.03919645]
  RK45_ECI: r=[-6121.80741711  1207.71889292 -4625.63930622], v=[-4.29239767 -2.82875257  4.97523474]
Epoch 669, t=2460388.4247420253:
  TLE_ECI: r=[ -578.68334497 -3217.07927539  6988.17076347], v=[7.10913468 0.58483427 0.85778827]
  RK45_ECI: r=[-6150.17302428  1186.39146903 -4593.20202254], v=[-4.25714308 -2.83740042  5.0007625 ]
Epoch 670, t=2460388.4248172888:
  TLE_ECI: r=[ -363.69523038 -3198.4649025   7011.17123604], v=[7.1210649  0.67146183 0.67571689]
  RK45_ECI: r=[-6178.2985903   1164.99490316 -4560.5994937 ], v=[-4.22172591 -2.845914    5.02611189]
Epoch 671, t=2460388.4248925517:
  TLE_ECI: r=[ -148.44303409 -3177.15726591  7028.70140797], v=[7.12737081 0.75757357 0.49312341]
  RK45_ECI: r=[-6206.18302858  1143.5302026  -4527.83288424], v=[-4.18614752 -2.85429282  5.05128199]
Epoch 672, t=2460388.424967815:
  TLE_ECI: r=[   66.90318781 -3153.17282897  7040.74774074], v=[7.12804832 0.84309769 0.31014932]
  RK45_ECI: r=[-6233.82565197  1121.99806167 -4494.90289994], v=[-4.15040877 -2.86253654  5.07627221]
Epoch 673, t=2460388.4250430786:
  TLE_ECI: r=[  282.17330271 -3126.53028231  7047.30094446], v=[7.12309772 0.92796273 0.12693636]
  RK45_ECI: r=[-6261.22500597  1100.39975506 -4461.81117757], v=[-4.11451151 -2.87064459  5.10108128]
Epoch 674, t=2460388.425118342:
  TLE_ECI: r=[  497.19727046 -3097.25053323  7048.35598439], v=[ 7.11252364  1.01209779 -0.05637356]
  RK45_ECI: r=[-6288.38028433  1078.73610663 -4428.55858681], v=[-4.07845681 -2.87861659  5.12570851]
Epoch 675, t=2460388.425193605:
  TLE_ECI: r=[  711.80525659 -3065.35669045  7043.9120845 ], v=[ 7.09633507  1.09543252 -0.23963845]
  RK45_ECI: r=[-6315.29006145  1057.0084008  -4395.14678311], v=[-4.04224652 -2.88645199  5.15015267]
Epoch 676, t=2460388.4252688685:
  TLE_ECI: r=[  925.82779998 -3030.87403857  7033.97272778], v=[ 7.07454534  1.17789724 -0.42271636]
  RK45_ECI: r=[-6341.95367741  1035.21734262 -4361.57648926], v=[-4.00588152 -2.89415046  5.17441318]
Epoch 677, t=2460388.425344132:
  TLE_ECI: r=[ 1139.0958895  -2993.83002886  7018.54565378], v=[ 7.04717209  1.25942289 -0.6054655 ]
  RK45_ECI: r=[-6368.37009559  1013.36395882 -4327.84890096], v=[-3.96936322 -2.90171154  5.19848915]
Epoch 678, t=2460388.4254193953:
  TLE_ECI: r=[ 1351.44113115 -2954.25425167  6997.64285279], v=[ 7.0142373   1.33994116 -0.7877443 ]
  RK45_ECI: r=[-6394.53805201   991.44943858 -4293.96553844], v=[-3.93269334 -2.90913475  5.22237947]
Epoch 679, t=2460388.4254946588:
  TLE_ECI: r=[ 1562.69586929 -2912.17841476  6971.28055702], v=[ 6.97576726  1.41938451 -0.96941154]
  RK45_ECI: r=[-6420.45677683   969.47462012 -4259.92729316], v=[-3.89587295 -2.91641973  5.24608349]
Epoch 680, t=2460388.4255699217:
  TLE_ECI: r=[ 1772.69330806 -2867.63632381  6939.47922883], v=[ 6.93179252  1.49768624 -1.15032645]
  RK45_ECI: r=[-6446.12490924   947.44080812 -4225.73586053], v=[-3.85890397 -2.92356595  5.26959999]
Epoch 681, t=2460388.425645185:
  TLE_ECI: r=[ 1981.26767434 -2820.6638361   6902.26354563], v=[ 6.88234791  1.57478059 -1.3303488 ]
  RK45_ECI: r=[-6471.54181984   925.3487199  -4191.39198106], v=[-3.8217873  -2.9305731   5.29292844]
Epoch 682, t=2460388.4257204486:
  TLE_ECI: r=[ 2188.25429548 -2771.29886154  6859.66238204], v=[ 6.8274725   1.65060267 -1.50933902]
  RK45_ECI: r=[-6496.70652042   903.19939876 -4156.89687903], v=[-3.78452437 -2.93744076  5.31606799]
Epoch 683, t=2460388.425795712:
  TLE_ECI: r=[ 2393.48976109 -2719.58131431  6811.70878873], v=[ 6.76720957  1.72508862 -1.6871583 ]
  RK45_ECI: r=[-6521.61780665   880.99405206 -4122.25211018], v=[-3.74711695 -2.94416848  5.33901755]
Epoch 684, t=2460388.4258709755:
  TLE_ECI: r=[ 2596.81204144 -2665.55308619  6758.43996833], v=[ 6.70160658  1.79817562 -1.86366867]
  RK45_ECI: r=[-6546.27494599   858.73353164 -4087.45858686], v=[-3.70956613 -2.9507559   5.3617765 ]
Epoch 685, t=2460388.4259462385:
  TLE_ECI: r=[ 2798.06060582 -2609.25802189  6699.89724824], v=[ 6.63071516  1.86980194 -2.03873312]
  RK45_ECI: r=[-6570.67664384   836.41916129 -4052.51804295], v=[-3.67187389 -2.95720255  5.38434368]
Epoch 686, t=2460388.426021502:
  TLE_ECI: r=[ 2997.07657831 -2550.74185257  6636.12605035], v=[ 6.55459103  1.93990703 -2.2122157 ]
  RK45_ECI: r=[-6594.82230217   814.05166981 -4017.43123599], v=[-3.63404114 -2.96350813  5.40671858]
Epoch 687, t=2460388.4260967653:
  TLE_ECI: r=[ 3193.70281526 -2490.05220711  6567.17585792], v=[ 6.47329403  2.0084315  -2.38398163]
  RK45_ECI: r=[-6618.71098233   791.63211618 -3982.19941775], v=[-3.59606935 -2.96967224  5.42890035]
Epoch 688, t=2460388.4261720288:
  TLE_ECI: r=[ 3387.78405921 -2427.23854365  6493.10017921], v=[ 6.386888    2.07531721 -2.55389737]
  RK45_ECI: r=[-6642.34154101   769.16172457 -3946.8241781 ], v=[-3.55796032 -2.97569447  5.45088799]
Epoch 689, t=2460388.426247292:
  TLE_ECI: r=[ 3579.16705236 -2362.35211834  6413.95650822], v=[ 6.29544082  2.14050734 -2.72183075]
  RK45_ECI: r=[-6665.71328389   746.6413598  -3911.30644953], v=[-3.51971519 -2.98157449  5.47268087]
Epoch 690, t=2460388.426322555:
  TLE_ECI: r=[ 3767.70065007 -2295.44595562  6329.80628241], v=[ 6.19902428  2.20394635 -2.88765106]
  RK45_ECI: r=[-6688.82498408   724.07236334 -3875.64800287], v=[-3.48133596 -2.98731186  5.49427789]
Epoch 691, t=2460388.4263978186:
  TLE_ECI: r=[ 3953.23596666 -2226.57476283  6240.71483734], v=[ 6.09771411  2.2655802  -3.05122914]
  RK45_ECI: r=[-6711.67607572   701.45547479 -3839.84961207], v=[-3.44282358 -2.99290631  5.51567854]
Epoch 692, t=2460388.426473082:
  TLE_ECI: r=[ 4135.62645155 -2155.79495107  6146.75135858], v=[ 5.99158986  2.32535618 -3.21243751]
  RK45_ECI: r=[-6734.2656709    678.79176743 -3803.91255538], v=[-3.40417955 -2.99835746  5.53688203]
Epoch 693, t=2460388.4265483455:
  TLE_ECI: r=[ 4314.72803214 -2083.16454836  6047.98883038], v=[ 5.8807349   2.3832231  -3.37115042]
  RK45_ECI: r=[-6756.59268862   656.08248156 -3767.83845548], v=[-3.36540571 -3.00366495  5.55788737]
Epoch 694, t=2460388.4266236085:
  TLE_ECI: r=[ 4490.39921515 -2008.7431762   5944.50398162], v=[ 5.76523634  2.43913127 -3.52724398]
  RK45_ECI: r=[-6778.65637037   633.32860512 -3731.6284345 ], v=[-3.32650341 -3.00882843  5.57869388]
Epoch 695, t=2460388.426698872:
  TLE_ECI: r=[ 4662.50122207 -1932.59195077  5836.37722868], v=[ 5.64518495  2.49303264 -3.68059626]
  RK45_ECI: r=[-6800.4558685    610.53116103 -3695.28378799], v=[-3.28747413 -3.0138476   5.59930078]
Epoch 696, t=2460388.4267741353:
  TLE_ECI: r=[ 4830.89806357 -1854.7735105   5723.69261559], v=[ 5.52067513  2.5448807  -3.83108736]
  RK45_ECI: r=[-6821.99033999   587.69123383 -3658.80581654], v=[-3.24831941 -3.01872213  5.61970729]
Epoch 697, t=2460388.4268493988:
  TLE_ECI: r=[ 4995.45667173 -1775.35191522  5606.53775123], v=[ 5.39180483  2.59463061 -3.97859953]
  RK45_ECI: r=[-6843.25905206   564.80979865 -3622.19565359], v=[-3.20904058 -3.0234517   5.63991275]
Epoch 698, t=2460388.426924662:
  TLE_ECI: r=[ 5156.0470001  -1694.39260704  5485.00374365], v=[ 5.25867547  2.64223922 -4.12301726]
  RK45_ECI: r=[-6864.26098737   541.88810969 -3585.4549533 ], v=[-3.16963953 -3.02803599  5.65991621]
Epoch 699, t=2460388.426999925:
  TLE_ECI: r=[ 5312.54212289 -1611.96237309  5359.18513171], v=[ 5.1213919   2.68766511 -4.26422736]
  RK45_ECI: r=[-6884.99543371   518.92716717 -3548.58485962], v=[-3.13011763 -3.03247468  5.67971701]
Epoch 700, t=2460388.4270751886:
  TLE_ECI: r=[ 5464.81835586 -1528.12922977  5229.17981382], v=[ 4.98006225  2.73086867 -4.40211905]
  RK45_ECI: r=[-6905.46159486   495.92800536 -3511.58669283], v=[-3.09047638 -3.03676751  5.69931441]
Epoch 701, t=2460388.427150452:
  TLE_ECI: r=[ 5612.75532654 -1442.96245949  5095.08897408], v=[ 4.83479796  2.77181204 -4.53658407]
  RK45_ECI: r=[-6925.65868046   472.8917212  -3474.46177809], v=[-3.05071736 -3.04091417  5.71870766]
Epoch 702, t=2460388.4272257155:
  TLE_ECI: r=[ 5756.23609087 -1356.53249332  4957.01700561], v=[ 4.68571361  2.81045924 -4.66751676]
  RK45_ECI: r=[-6945.58600417   449.81930066 -3437.21127022], v=[-3.01084193 -3.0449144   5.73789612]
Epoch 703, t=2460388.427300979:
  TLE_ECI: r=[ 5895.14722256 -1268.91086904  4815.07143135], v=[ 4.53292688  2.84677613 -4.79481413]
  RK45_ECI: r=[-6965.24261339   426.71201084 -3399.83685352], v=[-2.970852   -3.04876789  5.75687889]
Epoch 704, t=2460388.427376242:
  TLE_ECI: r=[ 6029.37890147 -1180.17018994  4669.36282212], v=[ 4.37655844  2.88073051 -4.918376  ]
  RK45_ECI: r=[-6984.62784307   403.57086274 -3362.33969287], v=[-2.93074895 -3.05247438  5.77565533]
Epoch 705, t=2460388.4274515053:
  TLE_ECI: r=[ 6158.82501686 -1090.38399514  4520.00471223], v=[ 4.21673186  2.91229214 -5.03810499]
  RK45_ECI: r=[-7003.74094933   380.3969008  -3324.72113229], v=[-2.89053435 -3.05603363  5.79422473]
Epoch 706, t=2460388.4275267688:
  TLE_ECI: r=[6283.38323212 -999.626804   4367.11351259], v=[ 4.05357356  2.94143271 -5.1539067 ]
  RK45_ECI: r=[-7022.5812823    357.19113951 -3286.98234308], v=[-2.85020958 -3.05944539  5.81258648]
Epoch 707, t=2460388.427602032:
  TLE_ECI: r=[6402.95508281 -907.97398541 4210.80842129], v=[ 3.88721263  2.96812592 -5.26568974]
  RK45_ECI: r=[-7041.14794192   333.95485504 -3249.12503269], v=[-2.80977657 -3.06270939  5.83073969]
Epoch 708, t=2460388.4276772956:
  TLE_ECI: r=[6517.44605349 -815.50171235 4051.21133187], v=[ 3.71778083  2.99234751 -5.3733658 ]
  RK45_ECI: r=[-7059.44030227   310.6890453  -3211.15038207], v=[-2.76923674 -3.0658254   5.84868375]
Epoch 709, t=2460388.4277525586:
  TLE_ECI: r=[6626.76565301 -722.28691869 3888.44673925], v=[ 3.5454124   3.01407525 -5.47684978]
  RK45_ECI: r=[-7077.45765921   287.39482424 -3173.05975348], v=[-2.72859165 -3.06879319  5.86641799]
Epoch 710, t=2460388.427827822:
  TLE_ECI: r=[6730.82749756 -628.40715777 3722.64164333], v=[ 3.37024401  3.03328902 -5.57605979]
  RK45_ECI: r=[-7095.19932196   264.07324544 -3134.85451364], v=[-2.68784289 -3.07161255  5.88394172]
Epoch 711, t=2460388.4279030855:
  TLE_ECI: r=[6829.54936827 -533.94065341 3553.92545055], v=[ 3.19241463  3.04997078 -5.67091728]
  RK45_ECI: r=[-7112.66468875   240.72533248 -3096.53585355], v=[-2.64699187 -3.07428326  5.90125435]
Epoch 712, t=2460388.427978349:
  TLE_ECI: r=[6922.85328833 -438.96615801 3382.42987315], v=[ 3.01206543  3.06410459 -5.76134708]
  RK45_ECI: r=[-7129.85292595   217.35237136 -3058.10550835], v=[-2.60604054 -3.0768051   5.91835505]
Epoch 713, t=2460388.428053612:
  TLE_ECI: r=[7010.66558402 -343.56292636 3208.28882656], v=[ 2.82933968  3.07567666 -5.8472775 ]
  RK45_ECI: r=[-7146.76337686   193.95548331 -3019.56485937], v=[-2.56499053 -3.07917786  5.93524316]
Epoch 714, t=2460388.4281288753:
  TLE_ECI: r=[7092.91695005 -247.81056732 3031.63832466], v=[ 2.64438258  3.08467537 -5.92864033]
  RK45_ECI: r=[-7163.39562851   170.53544629 -2980.91474724], v=[-2.52384284 -3.08140139  5.95191827]
Epoch 715, t=2460388.4282041388:
  TLE_ECI: r=[7169.54250022 -151.78909947 2852.6163733 ], v=[ 2.45734122  3.09109125 -6.00537097]
  RK45_ECI: r=[-7179.7488074    147.09366627 -2942.1571036 ], v=[-2.48259965 -3.08347547  5.9683795 ]
Epoch 716, t=2460388.428279402:
  TLE_ECI: r=[7240.48182622  -55.57880241 2671.36286197], v=[ 2.2683644   3.09491699 -6.07740847]
  RK45_ECI: r=[-7195.82243922   123.63105982 -2903.29295709], v=[-2.4412622  -3.08539993  5.98462636]
Epoch 717, t=2460388.4283546656:
  TLE_ECI: r=[7305.67904663   40.73983061 2488.0194537 ], v=[ 2.07760255  3.0961475  -6.14469554]
  RK45_ECI: r=[-7211.61575761   100.14892134 -2864.32406901], v=[-2.39983247 -3.0871746   6.00065808]
Epoch 718, t=2460388.4284299286:
  TLE_ECI: r=[7365.08285397  137.08613902 2302.72947348], v=[ 1.88520759  3.09477987 -6.20717866]
  RK45_ECI: r=[-7227.12816103    76.64837969 -2825.25184141], v=[-2.35831208 -3.08879931  6.01647404]
Epoch 719, t=2460388.428505192:
  TLE_ECI: r=[7418.64655618  233.37944948 2115.63779504], v=[ 1.69133278  3.09081341 -6.26480811]
  RK45_ECI: r=[-7242.35927184    53.13021858 -2786.07712807], v=[-2.31670207 -3.09027392  6.03207384]
Epoch 720, t=2460388.4285804555:
  TLE_ECI: r=[7466.32811726  329.53901524 1926.89072625], v=[ 1.49613263  3.08424962 -6.317538  ]
  RK45_ECI: r=[-7257.30829082    29.59585187 -2746.80188836], v=[-2.27500462 -3.09159826  6.04745666]
Epoch 721, t=2460388.428655719:
  TLE_ECI: r=[7508.0901917   425.4841699  1736.63589322], v=[ 1.29976277  3.07509222 -6.36532634]
  RK45_ECI: r=[-7.27197479e+03  6.04620255e+00 -2.70742717e+03], v=[-2.23322099 -3.0927722   6.06262204]
Epoch 722, t=2460388.4287309824:
  TLE_ECI: r=[7543.90015586  521.13437546 1545.02212313], v=[ 1.10237981  3.06334714 -6.40813504]
  RK45_ECI: r=[-7286.35805928   -17.5174283  -2667.95474733], v=[-2.19135317 -3.0937956   6.07756925]
Epoch 723, t=2460388.4288062453:
  TLE_ECI: r=[7573.7301371   616.40926812 1352.19932599], v=[ 0.90414119  3.04902251 -6.44593   ]
  RK45_ECI: r=[-7300.45756448   -41.09390561 -2628.3860534 ], v=[-2.14940281 -3.09466833  6.09229772]
Epoch 724, t=2460388.4288815088:
  TLE_ECI: r=[7597.55703024  711.2288154  1158.31837537], v=[ 0.70520506  3.03212867 -6.47868109]
  RK45_ECI: r=[-7314.27295966   -64.6824407  -2588.72195049], v=[-2.10737094 -3.09539027  6.10680707]
Epoch 725, t=2460388.428956772:
  TLE_ECI: r=[7615.36252687  805.51325164  963.53098822], v=[ 0.50573019  3.01267817 -6.50636221]
  RK45_ECI: r=[-7327.80352058   -88.28161315 -2548.96442394], v=[-2.06525978 -3.09596131  6.12109654]
Epoch 726, t=2460388.4290320356:
  TLE_ECI: r=[7627.13312428  899.18323455  767.98960391], v=[ 0.30587577  2.99068573 -6.52895129]
  RK45_ECI: r=[-7341.04885819  -111.89049518 -2509.11453182], v=[-2.02307058 -3.09638133  6.13516571]
Epoch 727, t=2460388.4291072986:
  TLE_ECI: r=[7632.86014116  992.15986853  571.84726263], v=[ 0.10580132  2.96616824 -6.54643033]
  RK45_ECI: r=[-7354.00828249  -135.50766414 -2469.17427061], v=[-1.98080556 -3.09665023  6.14901383]
Epoch 728, t=2460388.429182562:
  TLE_ECI: r=[7632.53971336 1084.36486157  375.25748314], v=[-0.09433348  2.93914479 -6.55878544]
  RK45_ECI: r=[-7366.68148398  -159.13232803 -2429.14451695], v=[-1.93846577 -3.09676793  6.16264056]
Epoch 729, t=2460388.4292578255:
  TLE_ECI: r=[7626.17281368 1175.72045804  178.37414016], v=[-0.29436889  2.90963659 -6.56600677]
  RK45_ECI: r=[-7379.06797631  -182.76334599 -2389.02671141], v=[-1.89605287 -3.09673431  6.17604537]
Epoch 730, t=2460388.429333089:
  TLE_ECI: r=[7613.76523999 1266.14959466  -18.64865863], v=[-0.49414527  2.87766699 -6.56808863]
  RK45_ECI: r=[-7391.16717092  -206.39940885 -2348.82267574], v=[-1.85356888 -3.09654932  6.18922761]
Epoch 731, t=2460388.4294083524:
  TLE_ECI: r=[7595.32761278 1355.57594414 -215.65669578], v=[-0.6935032   2.84326144 -6.56502939]
  RK45_ECI: r=[-7402.97872192  -230.03958469 -2308.53348116], v=[-1.81101508 -3.09621285  6.20218689]
Epoch 732, t=2460388.4294836153:
  TLE_ECI: r=[7570.87537019 1443.92395823 -412.49576736], v=[-0.89228361  2.80644752 -6.55683157]
  RK45_ECI: r=[-7414.50201524  -253.68244666 -2268.16114739], v=[-1.76839369 -3.09572485  6.21492253]
Epoch 733, t=2460388.4295588788:
  TLE_ECI: r=[7540.42873803 1531.11902153 -609.01180623], v=[-1.09032797  2.76725483 -6.54350178]
  RK45_ECI: r=[-7425.73677751  -277.32719951 -2227.70656169], v=[-1.72570579 -3.09508526  6.22743422]
Epoch 734, t=2460388.429634142:
  TLE_ECI: r=[7504.01273707 1617.08738168 -805.05100524], v=[-1.28747833  2.72571504 -6.52505072]
  RK45_ECI: r=[-7436.68257908  -300.97269859 -2187.17118123], v=[-1.68295304 -3.09429399  6.23972146]
Epoch 735, t=2460388.4297094056:
  TLE_ECI: r=[ 7461.65714552  1701.7563015  -1000.45994006], v=[-1.48357754  2.68186184 -6.5014932 ]
  RK45_ECI: r=[-7447.33890085  -324.61763148 -2146.5568479 ], v=[-1.64013749 -3.09335102  6.25178367]
Epoch 736, t=2460388.429784669:
  TLE_ECI: r=[ 7413.3964775   1785.05409916 -1195.08569173], v=[-1.67846933  2.63573087 -6.4728481 ]
  RK45_ECI: r=[-7457.70544051  -348.26106304 -2105.86464501], v=[-1.59726041 -3.09225628  6.26362049]
Epoch 737, t=2460388.429859932:
  TLE_ECI: r=[ 7359.26995909  1866.91018792 -1388.77596876], v=[-1.87199846  2.58735977 -6.43913837]
  RK45_ECI: r=[-7467.78166056  -371.90156394 -2065.09661352], v=[-1.55432408 -3.09100975  6.27523129]
Epoch 738, t=2460388.4299351955:
  TLE_ECI: r=[ 7299.32147335  1947.25522272 -1581.37922846], v=[-2.06401086  2.53678805 -6.40039097]
  RK45_ECI: r=[-7477.56732419  -395.53833612 -2024.25365046], v=[-1.51132956 -3.08961138  6.28661579]
Epoch 739, t=2460388.430010459:
  TLE_ECI: r=[ 7233.59955508  2026.02102958 -1772.74479781], v=[-2.25435376  2.48405715 -6.3566369 ]
  RK45_ECI: r=[-7487.06205897  -419.17023234 -1983.33722817], v=[-1.46827854 -3.08806114  6.29777354]
Epoch 740, t=2460388.4300857224:
  TLE_ECI: r=[ 7162.15732845  2103.14075061 -1962.72299331], v=[-2.44287577  2.42921033 -6.30791113]
  RK45_ECI: r=[-7496.26541592  -442.79593847 -1942.34920694], v=[-1.42517308 -3.08635902  6.308704  ]
Epoch 741, t=2460388.430160986:
  TLE_ECI: r=[ 7085.05246718  2178.5488793  -2151.16523995], v=[-2.62942708  2.37229266 -6.25425257]
  RK45_ECI: r=[-7505.17713675  -466.41451713 -1901.2906811 ], v=[-1.3820145  -3.08450498  6.31940685]
Epoch 742, t=2460388.4302362488:
  TLE_ECI: r=[ 7002.34715246  2252.18129551 -2337.92418926], v=[-2.81385952  2.313351   -6.19570407]
  RK45_ECI: r=[-7513.79676129  -490.0245376  -1860.16371099], v=[-1.33880505 -3.08249906  6.32988153]
Epoch 743, t=2460388.430311512:
  TLE_ECI: r=[ 6914.107994    2323.97540298 -2522.85383593], v=[-2.99602673  2.2524339  -6.13231233]
  RK45_ECI: r=[-7522.1240897   -513.62520015 -1818.96920252], v=[-1.29554585 -3.08034122  6.34012776]
Epoch 744, t=2460388.4303867756:
  TLE_ECI: r=[ 6820.40601303  2393.87005799 -2705.80963357], v=[-3.17578425  2.18959162 -6.06412789]
  RK45_ECI: r=[-7530.15880735  -537.21535607 -1777.70864186], v=[-1.25223857 -3.07803146  6.35014515]
Epoch 745, t=2460388.430462039:
  TLE_ECI: r=[ 6721.31655662  2461.80570437 -2886.64860875], v=[-3.35298964  2.12487605 -5.99120506]
  RK45_ECI: r=[-7537.90053604  -560.79369082 -1736.383906  ], v=[-1.20888533 -3.07556981  6.3599332 ]
Epoch 746, t=2460388.430537302:
  TLE_ECI: r=[ 6616.91924815  2527.72438397 -3065.22947385], v=[-3.52750262  2.05834067 -5.91360191]
  RK45_ECI: r=[-7545.34899258  -584.35905608 -1694.99648807], v=[-1.16548782 -3.0729563   6.36949154]
Epoch 747, t=2460388.4306125655:
  TLE_ECI: r=[ 6507.29789125  2591.56986305 -3241.41273814], v=[-3.69918516  1.9900405  -5.83138016]
  RK45_ECI: r=[-7552.50400307  -607.91065052 -1653.54729965], v=[-1.12204715 -3.07019091  6.37881991]
Epoch 748, t=2460388.430687829:
  TLE_ECI: r=[ 6392.54044323  2653.28756332 -3415.0608175 ], v=[-3.86790159  1.92003205 -5.74460516]
  RK45_ECI: r=[-7559.36519677  -631.44704453 -1612.03842104], v=[-1.07856561 -3.06727372  6.38791782]
Epoch 749, t=2460388.4307630924:
  TLE_ECI: r=[ 6272.7389129   2712.82468548 -3586.0381421 ], v=[-4.03351873  1.84837329 -5.65334585]
  RK45_ECI: r=[-7565.93238688  -654.96729877 -1570.47096218], v=[-1.03504454 -3.06420473  6.39678498]
Epoch 750, t=2460388.430838356:
  TLE_ECI: r=[ 6147.98929087  2770.13023474 -3754.2112625 ], v=[-4.19590595  1.77512356 -5.55767464]
  RK45_ECI: r=[-7572.20526656  -678.4700999  -1528.84681512], v=[-0.99148602 -3.06098402  6.40542097]
Epoch 751, t=2460388.4309136188:
  TLE_ECI: r=[ 6018.39147816  2825.1550456  -3919.44895373], v=[-4.35493533  1.70034358 -5.4576674 ]
  RK45_ECI: r=[-7578.18364014  -701.95439326 -1487.16728906], v=[-0.9478916  -3.05761164  6.41382546]
Epoch 752, t=2460388.430988882:
  TLE_ECI: r=[ 5884.04917018  2877.85189446 -4081.62231732], v=[-4.51048173  1.6240953  -5.35340335]
  RK45_ECI: r=[-7583.86728462  -725.41909764 -1445.43389039], v=[-0.90426297 -3.05408765  6.42199813]
Epoch 753, t=2460388.4310641456:
  TLE_ECI: r=[ 5745.06982044  2928.17543148 -4240.60488153], v=[-4.66242289  1.54644194 -5.24496503]
  RK45_ECI: r=[-7589.25599476  -748.86306522 -1403.6481277 ], v=[-0.86060186 -3.05041211  6.42993864]
Epoch 754, t=2460388.431139409:
  TLE_ECI: r=[ 5601.56451886  2976.0822909  -4396.2726991 ], v=[-4.8106395   1.46744787 -5.1324382 ]
  RK45_ECI: r=[-7594.34959998  -772.28526409 -1361.81131522], v=[-0.81690979 -3.04658509  6.43764671]
Epoch 755, t=2460388.4312146725:
  TLE_ECI: r=[ 5453.64790864  3021.53110872 -4548.50444305], v=[-4.95501533  1.38717862 -5.01591176]
  RK45_ECI: r=[-7599.14786531  -795.68438357 -1319.92535843], v=[-0.77318889 -3.04260671  6.44512193]
Epoch 756, t=2460388.4312899355:
  TLE_ECI: r=[ 5301.4381011   3064.48254158 -4697.18150011], v=[-5.0954373   1.30570076 -4.8954777 ]
  RK45_ECI: r=[-7603.65064743  -819.0593702  -1277.99157592], v=[-0.72944069 -3.03847704  6.45236405]
Epoch 757, t=2460388.431365199:
  TLE_ECI: r=[ 5145.05654292  3104.89936253 -4842.18806171], v=[-5.23179558  1.22308184 -4.771231  ]
  RK45_ECI: r=[-7607.85778133  -842.40914515 -1236.01148451], v=[-0.68566691 -3.03419619  6.45937276]
Epoch 758, t=2460388.4314404624:
  TLE_ECI: r=[ 4984.62797068  3142.74639669 -4983.4112128 ], v=[-5.36398361  1.1393904  -4.64326958]
  RK45_ECI: r=[-7611.76912088  -865.73256315 -1193.98660291], v=[-0.64186928 -3.02976426  6.46614777]
Epoch 759, t=2460388.431515726:
  TLE_ECI: r=[ 4820.28027352  3177.99061422 -5120.74101802], v=[-5.49189827  1.05469584 -4.51169414]
  RK45_ECI: r=[-7615.38454764  -889.02859423 -1151.91825421], v=[-0.59804933 -3.02518134  6.47268882]
Epoch 760, t=2460388.431590989:
  TLE_ECI: r=[ 4652.14439812  3210.60114153 -5254.0706054 ], v=[-5.61543987  0.96906843 -4.37660818]
  RK45_ECI: r=[-7618.70389887  -912.29593205 -1109.80835571], v=[-0.55420919 -3.02044762  6.47899557]
Epoch 761, t=2460388.431666252:
  TLE_ECI: r=[ 4480.35425212  3240.54927354 -5383.29624754], v=[-5.7345123   0.88257918 -4.23811784]
  RK45_ECI: r=[-7621.72708381  -935.53352589 -1067.65823429], v=[-0.51035041 -3.01556319  6.48506779]
Epoch 762, t=2460388.4317415156:
  TLE_ECI: r=[ 4305.04655779  3267.80855065 -5508.31744006], v=[-5.84902301  0.79529978 -4.09633182]
  RK45_ECI: r=[-7624.45399573  -958.74030064 -1025.46941591], v=[-0.4664747  -3.0105282   6.49090521]
Epoch 763, t=2460388.431816779:
  TLE_ECI: r=[ 4126.36079885  3292.35469967 -5629.03697763], v=[-5.95888315  0.70730265 -3.95136134]
  RK45_ECI: r=[-7626.88456073  -981.91520647  -983.24322992], v=[-0.42258361 -3.00534277  6.49650761]
Epoch 764, t=2460388.4318920425:
  TLE_ECI: r=[ 3944.43907033  3314.16570822 -5745.36102704], v=[-6.06400761  0.61866074 -3.80331998]
  RK45_ECI: r=[-7629.018674   -1005.05694174  -940.9816019 ], v=[-0.37867927 -3.00000711  6.50187468]
Epoch 765, t=2460388.4319673055:
  TLE_ECI: r=[ 3759.42598397  3333.2218179  -5857.19919769], v=[-6.16431504  0.52944757 -3.65232364]
  RK45_ECI: r=[-7630.85627672 -1028.16436742  -898.68606313], v=[-0.33476343 -2.99452139  6.50700621]
Epoch 766, t=2460388.432042569:
  TLE_ECI: r=[ 3571.4685134   3349.50558548 -5964.46460918], v=[-6.25972797  0.43973709 -3.49849042]
  RK45_ECI: r=[-7632.39733953 -1051.23668652  -856.35755022], v=[-0.2908372  -2.98888569  6.51190201]
Epoch 767, t=2460388.4321178324:
  TLE_ECI: r=[ 3380.7159356   3363.00182882 -6067.07395631], v=[-6.3501728   0.34960368 -3.34194054]
  RK45_ECI: r=[-7633.64179252 -1074.2724874   -813.99819267], v=[-0.24690293 -2.98310027  6.51656181]
Epoch 768, t=2460388.432193096:
  TLE_ECI: r=[ 3187.31967289  3373.6976857  -6164.94757103], v=[-6.4355799   0.25912209 -3.18279625]
  RK45_ECI: r=[-7634.58962169 -1097.27083873  -771.60912807], v=[-0.20296196 -2.97716528  6.52098544]
Epoch 769, t=2460388.432268359:
  TLE_ECI: r=[ 2991.4331827   3381.58261244 -6258.00948162], v=[-6.5158836   0.16836734 -3.02118171]
  RK45_ECI: r=[-7635.24079473 -1120.23044612  -729.19229086], v=[-0.15901642 -2.97108096  6.52517265]
Epoch 770, t=2460388.432343622:
  TLE_ECI: r=[ 2793.211846    3386.64838443 -6346.18746897], v=[-6.59102231  0.07741468 -2.85722291]
  RK45_ECI: r=[-7635.59531225 -1143.15017636  -686.74921924], v=[-0.11506805 -2.96484751  6.52912325]
Epoch 771, t=2460388.4324188856:
  TLE_ECI: r=[ 2592.81280462  3388.8891367  -6429.41311993], v=[-6.66093847 -0.01366049 -2.69104757]
  RK45_ECI: r=[-7635.65318319 -1166.02923596  -644.28085453], v=[-0.07111799 -2.95846507  6.5328371 ]
Epoch 772, t=2460388.432494149:
  TLE_ECI: r=[ 2390.39489718  3388.30131747 -6507.62187779], v=[-6.72557866 -0.10478263 -2.52278505]
  RK45_ECI: r=[-7635.41441716 -1188.86622254  -601.78933476], v=[-0.02716855 -2.95193393  6.53631397]
Epoch 773, t=2460388.4325694125:
  TLE_ECI: r=[ 2186.11849433  3384.88372616 -6580.75308977], v=[-6.78489358 -0.19587616 -2.35256623]
  RK45_ECI: r=[-7634.87904579 -1211.66020955  -559.27580248], v=[ 0.01677891 -2.94525426  6.53955374]
Epoch 774, t=2460388.432644676:
  TLE_ECI: r=[ 1980.14538292  3378.63750567 -6648.7500515 ], v=[-6.83883813 -0.28686553 -2.18052344]
  RK45_ECI: r=[-7634.04710924 -1234.40991148  -516.7421992 ], v=[ 0.06072226 -2.93842636  6.5425562 ]
Epoch 775, t=2460388.432719939:
  TLE_ECI: r=[ 1772.63864907  3369.56613661 -6711.56004862], v=[-6.88737138 -0.37767522 -2.00679034]
  RK45_ECI: r=[-7632.91866746 -1257.11420265  -474.19006866], v=[ 0.10465977 -2.93145048  6.5453212 ]
Epoch 776, t=2460388.4327952024:
  TLE_ECI: r=[ 1563.76251114  3357.67545644 -6769.1343952 ], v=[-6.93045665 -0.46822991 -1.83150182]
  RK45_ECI: r=[-7631.49376759 -1279.77229389  -431.62035606], v=[ 0.14859032 -2.92432675  6.54784866]
Epoch 777, t=2460388.432870466:
  TLE_ECI: r=[ 1353.68225094  3342.9736219  -6821.42846945], v=[-6.96806149 -0.55845441 -1.65479391]
  RK45_ECI: r=[-7629.77249864 -1302.38279379  -389.03520595], v=[ 0.19251157 -2.91705554  6.55013838]
Epoch 778, t=2460388.4329457292:
  TLE_ECI: r=[ 1142.56404534  3325.47112567 -6868.40174616], v=[-7.00015773 -0.6482738  -1.47680367]
  RK45_ECI: r=[-7627.75493778 -1324.94478171  -346.43576477], v=[ 0.23642218 -2.90963704  6.55219028]
Epoch 779, t=2460388.4330209927:
  TLE_ECI: r=[  930.57484685  3305.18078263 -6910.01782617], v=[-7.02672146 -0.73761345 -1.29766909]
  RK45_ECI: r=[-7625.44119745 -1347.45698267  -303.82397932], v=[ 0.28032005 -2.90207159  6.55400421]
Epoch 780, t=2460388.4330962556:
  TLE_ECI: r=[  717.88226356  3282.11771792 -6946.2444629 ], v=[-7.04773309 -0.8263991  -1.11752899]
  RK45_ECI: r=[-7622.83139678 -1369.91827971  -261.20139738], v=[ 0.32420342 -2.89435947  6.55558008]
Epoch 781, t=2460388.433171519:
  TLE_ECI: r=[  504.65439053  3256.29936467 -6977.05358567], v=[-7.0631773  -0.91455697 -0.93652294]
  RK45_ECI: r=[-7619.92562096 -1392.32788909  -218.56896708], v=[ 0.36807119 -2.88650085  6.5569178 ]
Epoch 782, t=2460388.4332467825:
  TLE_ECI: r=[  291.05973739  3227.74543586 -7002.42132019], v=[-7.07304312 -1.00201367 -0.75479112]
  RK45_ECI: r=[-7616.72403821 -1414.68443189  -175.92883746], v=[ 0.41192102 -2.87849614  6.55801729]
Epoch 783, t=2460388.433322046:
  TLE_ECI: r=[   77.26705909  3196.47791972 -7022.32800585], v=[-7.07732386 -1.08869642 -0.57247424]
  RK45_ECI: r=[-7613.226771   -1436.98699466  -133.28215772], v=[ 0.4557516  -2.87034555  6.55887846]
Epoch 784, t=2460388.433397309:
  TLE_ECI: r=[ -136.55475549  3162.5210604  -7036.75820998], v=[-7.07601717 -1.17453295 -0.38971343]
  RK45_ECI: r=[-7609.43402342 -1459.23420455   -90.63107817], v=[ 0.49956059 -2.8620495   6.55950124]
Epoch 785, t=2460388.4334725724:
  TLE_ECI: r=[ -350.23685168  3125.90133858 -7045.700739  ], v=[-7.06912501 -1.25945176 -0.20665016]
  RK45_ECI: r=[-7605.34591495 -1481.42528372   -47.97654863], v=[ 0.54334688 -2.85360819  6.55988559]
Epoch 786, t=2460388.433547836:
  TLE_ECI: r=[ -563.61048333  3086.64745135 -7049.1486467 ], v=[-7.05665366 -1.34338197 -0.0234261 ]
  RK45_ECI: r=[-7.60096263e+03 -1.50355913e+03 -5.32011965e+00], v=[ 0.58710875 -2.84502193  6.56003145]
Epoch 787, t=2460388.4336230992:
  TLE_ECI: r=[ -776.50718073  3044.79029058 -7047.09923924], v=[-7.0386137  -1.42625346  0.15981695]
  RK45_ECI: r=[-7596.28438796 -1525.63447533    37.33625751], v=[ 0.63084408 -2.83629112  6.55993879]
Epoch 788, t=2460388.4336983627:
  TLE_ECI: r=[ -988.75887126  3000.36291884 -7039.55407718], v=[-7.01502    -1.50799695  0.34293717]
  RK45_ECI: r=[-7591.31136479 -1547.65042698    79.99143214], v=[ 0.67455154 -2.82741602  6.55960758]
Epoch 789, t=2460388.4337736256:
  TLE_ECI: r=[-1200.19800081  2953.40054739 -7026.5189745 ], v=[-6.98589175 -1.58854402  0.52579284]
  RK45_ECI: r=[-7586.04384057 -1569.60562295   122.64325246], v=[ 0.71822883 -2.81839707  6.5590378 ]
Epoch 790, t=2460388.433848889:
  TLE_ECI: r=[-1410.65769777  2903.94049572 -7008.00399437], v=[-6.95125239 -1.6678272   0.70824241]
  RK45_ECI: r=[-7580.48197264 -1591.49929211   165.2907677 ], v=[ 0.76187482 -2.80923449  6.55822944]
Epoch 791, t=2460388.4339241525:
  TLE_ECI: r=[-1619.97184981  2852.02218167 -6984.02344214], v=[-6.91112962 -1.74577998  0.89014463]
  RK45_ECI: r=[-7574.62600139 -1613.33033928   207.93242645], v=[ 0.8054878  -2.79992864  6.5571825 ]
Epoch 792, t=2460388.433999416:
  TLE_ECI: r=[-1827.97526727  2797.68707895 -6954.59585498], v=[-6.86555538 -1.82233685  1.07135865]
  RK45_ECI: r=[-7568.47622622 -1635.09752359   250.56627716], v=[ 0.84906564 -2.79047993  6.55589701]
Epoch 793, t=2460388.4340746794:
  TLE_ECI: r=[-2034.50380227  2740.97868782 -6919.74398865], v=[-6.81456583 -1.89743342  1.25174409]
  RK45_ECI: r=[-7562.03285984 -1656.79994835   293.19116881], v=[ 0.89260705 -2.78088866  6.55437296]
Epoch 794, t=2460388.4341499424:
  TLE_ECI: r=[-2239.39446788  2681.94250792 -6879.49480114], v=[-6.75820133 -1.9710064   1.4311612 ]
  RK45_ECI: r=[-7555.29626377 -1678.43627203   335.8049503 ], v=[ 0.93610969 -2.77115532  6.55261041]
Epoch 795, t=2460388.434225206:
  TLE_ECI: r=[-2442.48559612  2620.62597742 -6833.87943321], v=[-6.69650639 -2.04299374  1.60947089]
  RK45_ECI: r=[-7548.26663303 -1700.00573129   378.40667087], v=[ 0.97957246 -2.76128013  6.55060937]
Epoch 796, t=2460388.4343004692:
  TLE_ECI: r=[-2643.61691564  2557.07847347 -6782.93318601], v=[-6.62952967 -2.11333457  1.7865349 ]
  RK45_ECI: r=[-7540.94426671 -1721.50724322   420.99477982], v=[ 1.02299363 -2.75126348  6.5483699 ]
Epoch 797, t=2460388.4343757327:
  TLE_ECI: r=[-2842.62970838  2491.35124931 -6726.69549554], v=[-6.55732392 -2.18196931  1.96221585]
  RK45_ECI: r=[-7533.32953567 -1742.93958284   463.56732722], v=[ 1.06637111 -2.74110585  6.54589207]
Epoch 798, t=2460388.4344509956:
  TLE_ECI: r=[-3039.36691752  2423.4974094  -6665.2099041 ], v=[-6.47994597 -2.24883972  2.13637738]
  RK45_ECI: r=[-7525.4227706  -1764.30167425   506.1227635 ], v=[ 1.10970317 -2.73080762  6.54317594]
Epoch 799, t=2460388.434526259:
  TLE_ECI: r=[-3233.67329882  2353.57183269 -6598.52402867], v=[-6.39745667 -2.31388897  2.30888422]
  RK45_ECI: r=[-7517.22419273 -1785.59275991   548.66013837], v=[ 1.1529887  -2.72036905  6.54022155]
Epoch 800, t=2460388.4346015225:
  TLE_ECI: r=[-3425.39549842  2281.63118109 -6526.68952642], v=[-6.30992087 -2.37706161  2.4796023 ]
  RK45_ECI: r=[-7508.73425347 -1806.81151896   591.17730398], v=[ 1.19622539 -2.70979068  6.53702903]
Epoch 801, t=2460388.434676786:
  TLE_ECI: r=[-3614.38220166  2207.7338215  -6449.76205697], v=[-6.21740737 -2.4383037   2.64839887]
  RK45_ECI: r=[-7499.95323748 -1827.95707096   633.67311113], v=[ 1.23941192 -2.69907283  6.53359843]
Epoch 802, t=2460388.4347520494:
  TLE_ECI: r=[-3800.48424418  2131.9397882  -6367.80124186], v=[-6.11998884 -2.4975628   2.81514258]
  RK45_ECI: r=[-7490.88158717 -1849.02820718   676.14561334], v=[ 1.2825462  -2.688216    6.52992989]
Epoch 803, t=2460388.4348273124:
  TLE_ECI: r=[-3983.55472328  2054.31074674 -6280.87062087], v=[-6.01774184 -2.55478801  2.97970357]
  RK45_ECI: r=[-7481.51969149 -1870.02386661   718.59326399], v=[ 1.3256265  -2.67722064  6.52602353]
Epoch 804, t=2460388.434902576:
  TLE_ECI: r=[-4163.44913738  1974.90989973 -6189.03760543], v=[-5.9107467  -2.60993012  3.1419536 ]
  RK45_ECI: r=[-7471.86780943 -1890.94330071   761.01511434], v=[ 1.36865172 -2.666087    6.52187939]
Epoch 805, t=2460388.4349778392:
  TLE_ECI: r=[-4340.02546327  1893.80200469 -6092.37342913], v=[-5.79908751 -2.6629415   3.30176611]
  RK45_ECI: r=[-7461.92647057 -1911.78520795   803.40902151], v=[ 1.41161955 -2.65481568  6.51749767]
Epoch 806, t=2460388.4350531027:
  TLE_ECI: r=[-4513.14429295  1811.05327781 -5990.95309514], v=[-5.68285203 -2.71377624  3.45901636]
  RK45_ECI: r=[-7451.69600447 -1932.5487193    845.77383884], v=[ 1.45452868 -2.64340703  6.51287846]
Epoch 807, t=2460388.435128366:
  TLE_ECI: r=[-4682.66893782  1726.73135235 -5884.85532083], v=[-5.56213166 -2.76239015  3.61358149]
  RK45_ECI: r=[-7441.17692457 -1953.23264478   888.10762501], v=[ 1.49737702 -2.63186159  6.50802193]
Epoch 808, t=2460388.435203629:
  TLE_ECI: r=[-4848.46553224  1640.90523882 -5774.16247945], v=[-5.43702137 -2.80874082  3.76534066]
  RK45_ECI: r=[-7430.36963114 -1973.83601849   930.4090362 ], v=[ 1.54016305 -2.62017977  6.50292823]
Epoch 809, t=2460388.4352788925:
  TLE_ECI: r=[-5010.40315958  1553.6452136  -5658.96053883], v=[-5.30761958 -2.85278768  3.91417507]
  RK45_ECI: r=[-7419.27456174 -1994.35786211   972.67653067], v=[ 1.58288509 -2.60836204  6.49759751]
Epoch 810, t=2460388.435354156:
  TLE_ECI: r=[-5168.35392699  1465.02284614 -5539.33899746], v=[-5.17402818 -2.89449199  4.05996815]
  RK45_ECI: r=[-7407.89218275 -2014.79713516  1014.90856779], v=[ 1.62554142 -2.59640887  6.49202993]
Epoch 811, t=2460388.4354294194:
  TLE_ECI: r=[-5322.1930876   1375.11088622 -5415.3908175 ], v=[-5.03635241 -2.93381688  4.20260558]
  RK45_ECI: r=[-7396.22291544 -2035.15290111  1057.10380595], v=[ 1.66813054 -2.58432068  6.48622565]
Epoch 812, t=2460388.435504683:
  TLE_ECI: r=[-5471.79913559  1283.98321876 -5287.21235512], v=[-4.89470076 -2.97072743  4.34197541]
  RK45_ECI: r=[-7384.26734395 -2055.42399002  1099.2603107 ], v=[ 1.71065038 -2.57209807  6.4801849 ]
Epoch 813, t=2460388.435579946:
  TLE_ECI: r=[-5617.05390018  1191.71482095 -5154.90328812], v=[-4.74918495 -3.00519065  4.47796817]
  RK45_ECI: r=[-7372.02591999 -2075.60945073  1141.37674303], v=[ 1.75309941 -2.55974149  6.47390784]
Epoch 814, t=2460388.4356552092:
  TLE_ECI: r=[-5757.84265531  1098.38163562 -5018.56654068], v=[-4.59991978 -3.03717558  4.61047691]
  RK45_ECI: r=[-7359.49913805 -2095.70832158  1183.45156702], v=[ 1.79547598 -2.54725142  6.46739468]
Epoch 815, t=2460388.4357304727:
  TLE_ECI: r=[-5894.0541904   1004.06060721 -4878.30820561], v=[-4.44702311 -3.06665325  4.73939733]
  RK45_ECI: r=[-7346.68746618 -2115.71965667  1225.48344529], v=[ 1.83777858 -2.53462833  6.4606456 ]
Epoch 816, t=2460388.435805736:
  TLE_ECI: r=[-6025.5809154    908.82955435 -4734.23746384], v=[-4.29061575 -3.09359674  4.86462788]
  RK45_ECI: r=[-7333.59154479 -2135.64230295  1267.47045011], v=[ 1.88000513 -2.52187283  6.45366086]
Epoch 817, t=2460388.435880999:
  TLE_ECI: r=[-6152.31894192   812.76714052 -4586.46650135], v=[-4.13082135 -3.11798119  4.98606979]
  RK45_ECI: r=[-7320.21192507 -2155.4752456   1309.41105041], v=[ 1.92215396 -2.50898547  6.4464407 ]
Epoch 818, t=2460388.4359562625:
  TLE_ECI: r=[-6274.16817781   715.95273747 -4435.11042359], v=[-3.96776631 -3.1397839   5.10362719]
  RK45_ECI: r=[-7306.54897074 -2175.21776681  1351.30430606], v=[ 1.96422396 -2.49596659  6.43898525]
Epoch 819, t=2460388.436031526:
  TLE_ECI: r=[-6391.03239371   618.46646731 -4280.28716737], v=[-3.80157972 -3.15898424  5.21720721]
  RK45_ECI: r=[-7292.6034278  -2194.86862836  1393.14809819], v=[ 2.00621289 -2.4828169   6.43129485]
Epoch 820, t=2460388.4361067894:
  TLE_ECI: r=[-6502.81931223   520.38906537 -4122.11741036], v=[-3.63239324 -3.17556376  5.32672   ]
  RK45_ECI: r=[-7278.37575014 -2214.42699905  1434.94129241], v=[ 2.04811946 -2.46953684  6.42336967]
Epoch 821, t=2460388.436182053:
  TLE_ECI: r=[-6609.44068109   421.80183112 -3960.7244782 ], v=[-3.46034097 -3.18950617  5.43207887]
  RK45_ECI: r=[-7263.86664787 -2233.89174843  1476.68197096], v=[ 2.08994161 -2.45612707  6.41521006]
Epoch 822, t=2460388.436257316:
  TLE_ECI: r=[-6710.81234485   322.78658048 -3796.23424928], v=[-3.28555939 -3.20079736  5.53320035]
  RK45_ECI: r=[-7249.07672911 -2253.26188105  1518.36861083], v=[ 2.13167768 -2.44258815  6.40681628]
Epoch 823, t=2460388.4363325792:
  TLE_ECI: r=[-6806.85431839   223.42549954 -3628.77505732], v=[-3.10818722 -3.20942547  5.63000422]
  RK45_ECI: r=[-7234.0063945  -2272.53669165  1560.00027652], v=[ 2.17332659 -2.42892048  6.39818849]
Epoch 824, t=2460388.4364078427:
  TLE_ECI: r=[-6897.49084658   123.80119312 -3458.47759179], v=[-2.92836535 -3.21538083  5.72241366]
  RK45_ECI: r=[-7218.65646594 -2291.71496783  1601.5748613 ], v=[ 2.2148861  -2.4151248   6.38932708]
Epoch 825, t=2460388.436483106:
  TLE_ECI: r=[-6982.65047179    23.99653823 -3285.47479614], v=[-2.74623667 -3.218656    5.81035523]
  RK45_ECI: r=[-7203.02744094 -2310.79589388  1643.09123706], v=[ 2.25635495 -2.40120157  6.38023227]
Epoch 826, t=2460388.4365583695:
  TLE_ECI: r=[-7062.26609198   -75.90536645 -3109.90176416], v=[-2.56194602 -3.21924581  5.893759  ]
  RK45_ECI: r=[-7187.12009845 -2329.77836377  1684.5474977 ], v=[ 2.29773112 -2.38715151  6.37090444]
Epoch 827, t=2460388.4366336325:
  TLE_ECI: r=[-7136.27501723  -175.82124853 -2931.89563428], v=[-2.37564002 -3.21714734  5.97255861]
  RK45_ECI: r=[-7170.93510293 -2348.6614024   1725.94212967], v=[ 2.33901294 -2.37297521  6.3613439 ]
Epoch 828, t=2460388.436708896:
  TLE_ECI: r=[-7204.61902026  -275.66781577 -2751.59548206], v=[-2.18746699 -3.21235994  6.04669128]
  RK45_ECI: r=[-7154.47289141 -2367.44431804  1767.27420295], v=[ 2.38019937 -2.35867308  6.35155084]
Epoch 829, t=2460388.4367841594:
  TLE_ECI: r=[-7267.24438735  -375.36170182 -2569.14221091], v=[-1.99757679 -3.20488524  6.11609792]
  RK45_ECI: r=[-7137.73436072 -2386.12592589  1808.54162487], v=[ 2.42128819 -2.34424592  6.34152572]
Epoch 830, t=2460388.436859423:
  TLE_ECI: r=[-7324.10196225  -474.81961889 -2384.67844115], v=[-1.80612076 -3.19472712  6.18072318]
  RK45_ECI: r=[-7120.72005132 -2404.70542698  1849.74327464], v=[ 2.46227816 -2.32969422  6.33126878]
Epoch 831, t=2460388.4369346863:
  TLE_ECI: r=[-7375.14718771  -573.95840768 -2198.34839746], v=[-1.6132515  -3.18189176  6.24051545]
  RK45_ECI: r=[-7103.43081031 -2423.18174044  1890.87725961], v=[ 2.50316728 -2.31501872  6.32078046]
Epoch 832, t=2460388.4370099492:
  TLE_ECI: r=[-7420.34014486  -672.69508648 -2010.29779484], v=[-1.41912287 -3.1663876   6.29542698]
  RK45_ECI: r=[-7085.86735752 -2441.5539133   1931.94207709], v=[ 2.54395392 -2.30022007  6.31006112]
Epoch 833, t=2460388.4370852127:
  TLE_ECI: r=[-7459.64557936  -770.94700795 -1820.67372325], v=[-1.22388971 -3.14822536  6.34541386]
  RK45_ECI: r=[-7068.03016572 -2459.82126847  1972.93680344], v=[ 2.58463704 -2.28529868  6.29911097]
Epoch 834, t=2460388.437160476:
  TLE_ECI: r=[-7493.03294211  -868.63179956 -1629.62453083], v=[-1.02770785 -3.12741801  6.39043612]
  RK45_ECI: r=[-7049.92020577 -2477.98264976  2013.85936205], v=[ 2.62521448 -2.27025541  6.28793053]
Epoch 835, t=2460388.4372357395:
  TLE_ECI: r=[-7520.47640803  -965.66752024 -1437.29970608], v=[-0.83073392 -3.10398081  6.43045771]
  RK45_ECI: r=[-7031.53806039 -2496.03727596  2054.70864056], v=[ 2.66568499 -2.25509076  6.27652007]
Epoch 836, t=2460388.4373110025:
  TLE_ECI: r=[-7541.95490277 -1061.97268649 -1243.84975886], v=[-0.63312519 -3.07793124  6.46544658]
  RK45_ECI: r=[-7012.88473356 -2513.98400437  2095.48257038], v=[ 2.70604642 -2.23980559  6.26488017]
Epoch 837, t=2460388.437386266:
  TLE_ECI: r=[-7557.4521084  -1157.46643031 -1049.42610049], v=[-0.43503949 -3.04928903  6.49537468]
  RK45_ECI: r=[-6993.96072991 -2531.8221716   2136.18023472], v=[ 2.74629774 -2.22440034  6.25301104]
Epoch 838, t=2460388.4374615294:
  TLE_ECI: r=[-7566.9564951  -1252.06843587  -854.18092294], v=[-0.23663505 -3.01807612  6.52021802]
  RK45_ECI: r=[-6974.76682719 -2549.55084924  2176.80014375], v=[ 2.78643737 -2.2088757   6.2409131 ]
Epoch 839, t=2460388.437536793:
  TLE_ECI: r=[-7570.46131934 -1345.69909639  -658.26707731], v=[-0.03807036 -2.98431667  6.53995664]
  RK45_ECI: r=[-6955.30397912 -2567.16900028  2217.34043011], v=[ 2.82646335 -2.19323245  6.22858687]
Epoch 840, t=2460388.4376120563:
  TLE_ECI: r=[-7567.9646325  -1438.27956029  -461.83795169], v=[ 0.16049594 -2.94803702  6.5545747 ]
  RK45_ECI: r=[-6935.57280994 -2584.67586212  2257.79999103], v=[ 2.86637447 -2.17747114  6.21603268]
Epoch 841, t=2460388.4376873192:
  TLE_ECI: r=[-7559.46928696 -1529.73177657  -265.04734843], v=[ 0.35890521 -2.90926566  6.56406042]
  RK45_ECI: r=[-6915.57439595 -2602.07032294  2298.17677694], v=[ 2.9061686  -2.16159266  6.20325114]
Epoch 842, t=2460388.4377625827:
  TLE_ECI: r=[-7544.9829161  -1619.9786503    -68.04936111], v=[ 0.55699896 -2.86803325  6.56840616]
  RK45_ECI: r=[-6895.30927635 -2619.35173533  2338.4698793 ], v=[ 2.94584475 -2.14559747  6.19024252]
Epoch 843, t=2460388.437837846:
  TLE_ECI: r=[-7524.51795386 -1708.94397596   129.00174887], v=[ 0.75461896 -2.82437255  6.56760837]
  RK45_ECI: r=[-6874.77828248 -2636.51919508  2378.67782226], v=[ 2.98540133 -2.12948627  6.17700727]
Epoch 844, t=2460388.4379131095:
  TLE_ECI: r=[-7498.09160704 -1796.55259125   325.95167576], v=[ 0.95160737 -2.77831841  6.56166763]
  RK45_ECI: r=[-6853.98243334 -2653.57169411  2418.79875674], v=[ 3.02483644 -2.1132599   6.16354598]
Epoch 845, t=2460388.437988373:
  TLE_ECI: r=[-7465.72584497 -1882.73041937   522.64619312], v=[ 1.14780691 -2.72990774  6.55058865]
  RK45_ECI: r=[-6832.92239406 -2670.50848911  2458.83159073], v=[ 3.06414887 -2.09691891  6.149859  ]
Epoch 846, t=2460388.438063636:
  TLE_ECI: r=[-7427.4473865  -1967.40451107   718.93127727], v=[ 1.34306094 -2.67917948  6.53438023]
  RK45_ECI: r=[-6811.59931205 -2687.32850042  2498.77429575], v=[ 3.10333655 -2.08046422  6.13594701]
Epoch 847, t=2460388.4381388994:
  TLE_ECI: r=[-7383.28765443 -2050.50319446   914.6532306 ], v=[ 1.53721369 -2.62617457  6.51305529]
  RK45_ECI: r=[-6790.01376046 -2704.03109744  2538.62597252], v=[ 3.14239847 -2.06389633  6.12181032]
Epoch 848, t=2460388.438214163:
  TLE_ECI: r=[-7333.28278277 -2131.95600519  1109.65880464], v=[ 1.73011026 -2.57093588  6.48663086]
  RK45_ECI: r=[-6768.16662346 -2720.6154009   2578.38516071], v=[ 3.18133309 -2.04721594  6.10744942]
Epoch 849, t=2460388.4382894263:
  TLE_ECI: r=[-7277.47356361 -2211.69383457  1303.79532266], v=[ 1.92159684 -2.51350825  6.45512802]
  RK45_ECI: r=[-6746.0589843  -2737.08043269  2618.05003139], v=[ 3.22013852 -2.03042392  6.09286495]
Epoch 850, t=2460388.4383646897:
  TLE_ECI: r=[-7215.90541799 -2289.64896701  1496.91080167], v=[ 2.11152083 -2.45393836  6.41857192]
  RK45_ECI: r=[-6723.69154824 -2753.42546987  2657.6195045 ], v=[ 3.25881359 -2.01352086  6.07805732]
Epoch 851, t=2460388.4384399527:
  TLE_ECI: r=[-7148.62836431 -2365.75511686  1688.8540739 ], v=[ 2.29973095 -2.39227475  6.37699175]
  RK45_ECI: r=[-6701.06553269 -2769.6494661   2697.09157465], v=[ 3.29735624 -1.9965077   6.06302724]
Epoch 852, t=2460388.438515216:
  TLE_ECI: r=[-7075.6969484  -2439.94756921  1879.47490736], v=[ 2.48607737 -2.32856774  6.3304207 ]
  RK45_ECI: r=[-6678.18154439 -2785.7518079   2736.46535278], v=[ 3.33576548 -1.97938494  6.04777506]
Epoch 853, t=2460388.4385904795:
  TLE_ECI: r=[-6997.17023816 -2512.16310909  2068.62412568], v=[ 2.67041185 -2.26286943  6.27889595]
  RK45_ECI: r=[-6655.04051943 -2801.73164205  2775.7393956 ], v=[ 3.37403981 -1.96215334  6.03230132]
Epoch 854, t=2460388.438665743:
  TLE_ECI: r=[-6913.11174653 -2582.34015993  2256.15372687], v=[ 2.85258784 -2.1952336   6.2224586 ]
  RK45_ECI: r=[-6631.64360427 -2817.58802171  2814.91189608], v=[ 3.41217734 -1.94481377  6.01660671]
Epoch 855, t=2460388.438741006:
  TLE_ECI: r=[-6823.58939229 -2650.41879479  2441.917001  ], v=[ 3.03246061 -2.12571571  6.16115366]
  RK45_ECI: r=[-6607.99176268 -2833.32010771  2853.98142099], v=[ 3.45017658 -1.92736701  6.00069182]
Epoch 856, t=2460388.4388162694:
  TLE_ECI: r=[-6728.67541187 -2716.34086774  2625.7686466 ], v=[ 3.20988741 -2.05437281  6.09503003]
  RK45_ECI: r=[-6584.0856244  -2848.92729922  2892.94708865], v=[ 3.48803655 -1.90981355  5.98455697]
Epoch 857, t=2460388.438891533:
  TLE_ECI: r=[-6628.44634435 -2780.04994291  2807.56488596], v=[ 3.3847275  -1.98126352  6.02414038]
  RK45_ECI: r=[-6559.92648578 -2864.40858976  2931.80692245], v=[ 3.52575523 -1.89215441  5.96820299]
Epoch 858, t=2460388.4389667963:
  TLE_ECI: r=[-6522.98293661 -2841.49142309  2987.16357882], v=[ 3.55684237 -1.90644797  5.94854118]
  RK45_ECI: r=[-6535.51511511 -2879.76329023  2970.55986369], v=[ 3.56333147 -1.87439017  5.9516303 ]
Epoch 859, t=2460388.4390420597:
  TLE_ECI: r=[-6412.37008316 -2900.61257562  3164.42433462], v=[ 3.72609574 -1.82998772  5.8682926 ]
  RK45_ECI: r=[-6510.85272125 -2894.99048578  3009.204129  ], v=[ 3.60076344 -1.85652178  5.93483965]
Epoch 860, t=2460388.4391173227:
  TLE_ECI: r=[-6296.69676347 -2957.36255899  3339.20862319], v=[ 3.89235378 -1.75194578  5.78345848]
  RK45_ECI: r=[-6485.94020759 -2910.08942082  3047.73848483], v=[ 3.63804983 -1.83854994  5.91783158]
Epoch 861, t=2460388.439192586:
  TLE_ECI: r=[-6176.05593293 -3011.69254019  3511.37988363], v=[ 4.05548514 -1.67238644  5.69410626]
  RK45_ECI: r=[-6460.77856957 -2925.05934488  3086.1615194 ], v=[ 3.67518917 -1.8204754   5.9006067 ]
Epoch 862, t=2460388.4392678495:
  TLE_ECI: r=[-6050.54449686 -3063.5556238   3680.80363158], v=[ 4.21536109 -1.59137531  5.60030692]
  RK45_ECI: r=[-6435.3688381  -2939.89945567  3124.47182499], v=[ 3.71217997 -1.80229897  5.88316562]
Epoch 863, t=2460388.439343113:
  TLE_ECI: r=[-5920.2631955  -3112.90696658  3847.34756445], v=[ 4.3718556  -1.50897922  5.50213492]
  RK45_ECI: r=[-6409.71193122 -2954.60902995  3162.66817692], v=[ 3.74902094 -1.78402137  5.86550889]
Epoch 864, t=2460388.4394183764:
  TLE_ECI: r=[-5785.31652855 -3159.70379679  4010.88166474], v=[ 4.52484545 -1.42526619  5.39966812]
  RK45_ECI: r=[-6383.80911883 -2969.18718652  3200.74881707], v=[ 3.78571029 -1.76564353  5.8476373 ]
Epoch 865, t=2460388.4394936394:
  TLE_ECI: r=[-5645.81267803 -3203.90543315  4171.27830143], v=[ 4.67421034 -1.34030534  5.29298773]
  RK45_ECI: r=[-6357.66134852 -2983.63319549  3238.71252956], v=[ 3.82224671 -1.7471662   5.82955143]
Epoch 866, t=2460388.439568903:
  TLE_ECI: r=[-5501.86338114 -3245.47338596  4328.412329  ], v=[ 4.81983297 -1.2541668   5.18217825]
  RK45_ECI: r=[-6331.26966478 -2997.9463338   3276.55792312], v=[ 3.85862877 -1.72859017  5.81125191]
Epoch 867, t=2460388.4396441663:
  TLE_ECI: r=[-5353.58389396 -3284.37128862  4482.16118462], v=[ 4.9615991  -1.16692176  5.06732734]
  RK45_ECI: r=[-6304.635148   -3012.12582806  3314.2836108 ], v=[ 3.89485502 -1.70991626  5.79273941]
Epoch 868, t=2460388.4397194297:
  TLE_ECI: r=[-5201.09285927 -3320.56499558  4632.40498274], v=[ 5.09939769 -1.07864228  4.9485258 ]
  RK45_ECI: r=[-6277.75875967 -3026.17098102  3351.88838613], v=[ 3.93092419 -1.69114521  5.7740145 ]
Epoch 869, t=2460388.439794693:
  TLE_ECI: r=[-5044.51221834 -3354.0225939   4779.02660757], v=[ 5.23312096 -0.98940133  4.82586746]
  RK45_ECI: r=[-6250.64182971 -3040.0809459   3389.37051778], v=[ 3.96683451 -1.672278    5.75507803]
Epoch 870, t=2460388.439869956:
  TLE_ECI: r=[-4883.96712081 -3384.7144155   4921.91180308], v=[ 5.36266443 -0.89927268  4.69944913]
  RK45_ECI: r=[-6223.28534899 -3053.85501955  3426.7288086 ], v=[ 4.00258471 -1.65331541  5.73593059]
Epoch 871, t=2460388.4399452196:
  TLE_ECI: r=[-4719.5857828  -3412.61311971  5060.94926053], v=[ 5.48792708 -0.80833078  4.56937048]
  RK45_ECI: r=[-6195.69041002 -3067.4925074   3463.96188905], v=[ 4.0381734  -1.63425824  5.71657287]
Epoch 872, t=2460388.440020483:
  TLE_ECI: r=[-4551.49944149 -3437.69362864  5196.0307036 ], v=[ 5.60881136 -0.71665084  4.43573398]
  RK45_ECI: r=[-6167.85801725 -3080.9927154   3501.06856799], v=[ 4.07359931 -1.61510726  5.69700546]
Epoch 873, t=2460388.4400957464:
  TLE_ECI: r=[-4379.84220917 -3459.93320649  5327.05097089], v=[ 5.72522325 -0.62430864  4.29864481]
  RK45_ECI: r=[-6139.78954771 -3094.35482514  3538.04713664], v=[ 4.10886071 -1.59586349  5.67722926]
Epoch 874, t=2460388.4401710094:
  TLE_ECI: r=[-4204.75098427 -3479.31145152  5453.90809579], v=[ 5.83707239 -0.53138055  4.15821075]
  RK45_ECI: r=[-6111.48615262 -3107.57810738  3574.89624092], v=[ 4.1439562  -1.5765278   5.65724497]
Epoch 875, t=2460388.440246273:
  TLE_ECI: r=[-4026.36529981 -3495.8103629   5576.50338367], v=[ 5.94427209 -0.43794336  4.01454213]
  RK45_ECI: r=[-6082.94858266 -3120.6620356   3611.61504748], v=[ 4.17888488 -1.55710077  5.63705303]
Epoch 876, t=2460388.4403215363:
  TLE_ECI: r=[-3844.82727201 -3509.41427979  5694.74148654], v=[ 6.0467394  -0.34407434  3.86775172]
  RK45_ECI: r=[-6054.17838392 -3133.60574666  3648.20169182], v=[ 4.21364488 -1.53758352  5.61665445]
Epoch 877, t=2460388.4403967997:
  TLE_ECI: r=[-3660.28144525 -3520.10994524  5808.5304748 ], v=[ 6.14439518 -0.24985112  3.71795462]
  RK45_ECI: r=[-6025.17646735 -3146.40864023  3684.65517551], v=[ 4.24823514 -1.51797677  5.59604976]
Epoch 878, t=2460388.440472063:
  TLE_ECI: r=[-3472.87468589 -3527.88650473  5917.78190623], v=[ 6.23716415 -0.15535161  3.56526821]
  RK45_ECI: r=[-5995.94426729 -3159.06993493  3720.97381928], v=[ 4.28265397 -1.49828155  5.57523989]
Epoch 879, t=2460388.440547326:
  TLE_ECI: r=[-3282.75607538 -3532.7355051   6022.41089229], v=[ 6.32497494 -0.06065398  3.40981201]
  RK45_ECI: r=[-5966.48298163 -3171.5889329   3757.15629281], v=[ 4.31690002 -1.47849876  5.5542256 ]
Epoch 880, t=2460388.4406225896:
  TLE_ECI: r=[-3090.07674971 -3534.65094104  6122.33616136], v=[6.40776012 0.03416349 3.25170761]
  RK45_ECI: r=[-5936.79339123 -3183.96512873  3793.20177718], v=[ 4.3509724  -1.458629    5.53300733]
Epoch 881, t=2460388.440697853:
  TLE_ECI: r=[-2894.98984088 -3533.62920066  6217.48011942], v=[6.48545626 0.12902236 3.09107857]
  RK45_ECI: r=[-5906.87710417 -3196.19770015  3829.10844145], v=[ 4.38486929 -1.43867343  5.51158615]
Epoch 882, t=2460388.4407731164:
  TLE_ECI: r=[-2697.65031409 -3529.66910884  6307.76890755], v=[6.55800398 0.22384414 2.92805033]
  RK45_ECI: r=[-5876.7350666  -3208.28607248  3864.87530517], v=[ 4.41858968 -1.41863279  5.48996263]
Epoch 883, t=2460388.44084838:
  TLE_ECI: r=[-2498.21485506 -3522.77191832  6393.1324566 ], v=[6.62534796 0.31855039 2.76275008]
  RK45_ECI: r=[-5846.36876888 -3220.2295019   3900.50072013], v=[ 4.45213191 -1.39850814  5.46813773]
Epoch 884, t=2460388.440923643:
  TLE_ECI: r=[-2296.84175646 -3512.94130221  6473.50453904], v=[6.687437   0.41306271 2.59530671]
  RK45_ECI: r=[-5815.77945419 -3232.02732302  3935.98338094], v=[ 4.48549467 -1.3783004   5.44611225]
Epoch 885, t=2460388.4409989063:
  TLE_ECI: r=[-2093.69075176 -3500.18337905  6548.82281757], v=[6.74422404 0.50730292 2.42585067]
  RK45_ECI: r=[-5784.96793249 -3243.67905254  3971.3224839 ], v=[ 4.51867711 -1.35801019  5.42388668]
Epoch 886, t=2460388.4410741697:
  TLE_ECI: r=[-1888.92295118 -3484.50666589  6619.02889111], v=[6.79566619 0.60119297 2.25451391]
  RK45_ECI: r=[-5753.93587211 -3255.18391011  4006.51623331], v=[ 4.55167746 -1.33763872  5.4014621 ]
Epoch 887, t=2460388.441149433:
  TLE_ECI: r=[-1682.70067409 -3465.92210054  6684.06833746], v=[6.84172474 0.69465511 2.08142973]
  RK45_ECI: r=[-5722.6842534  -3266.54134727  4041.56366761], v=[ 4.58449472 -1.31718672  5.37883914]
Epoch 888, t=2460388.441224696:
  TLE_ECI: r=[-1475.18734181 -3444.44302166  6743.89075321], v=[6.88236523 0.78761187 1.90673272]
  RK45_ECI: r=[-5691.21477148 -3277.75060273  4076.46300777], v=[ 4.61712717 -1.29665539  5.3560189 ]
Epoch 889, t=2460388.4412999596:
  TLE_ECI: r=[-1266.54730932 -3420.08517654  6798.44979037], v=[6.9175574  0.87998627 1.73055865]
  RK45_ECI: r=[-5659.5282618  -3288.81121335  4111.21346488], v=[ 4.64957397 -1.27604537  5.33300191]
Epoch 890, t=2460388.441375223:
  TLE_ECI: r=[-1056.94579763 -3392.86668089  6847.70319026], v=[6.94727525 0.97170169 1.55304434]
  RK45_ECI: r=[-5627.62601394 -3299.72254973  4145.81376093], v=[ 4.68183385 -1.25535762  5.30978899]
Epoch 891, t=2460388.4414504864:
  TLE_ECI: r=[ -846.54872429 -3362.80802421  6891.61281412], v=[6.97149707 1.06268204 1.37432762]
  RK45_ECI: r=[-5595.50960426 -3310.4839305   4180.26230062], v=[ 4.71390525 -1.23459324  5.28638119]
Epoch 892, t=2460388.44152575:
  TLE_ECI: r=[ -635.52258411 -3329.93204904  6930.14467081], v=[6.9902054  1.1528518  1.19454717]
  RK45_ECI: r=[-5563.18004594 -3321.09483447  4214.55814228], v=[ 4.74578722 -1.21375299  5.26277914]
Epoch 893, t=2460388.441601013:
  TLE_ECI: r=[ -424.03432947 -3294.26393191  6963.26894138], v=[7.00338709 1.24213606 1.01384243]
  RK45_ECI: r=[-5530.63909161 -3331.55454371  4248.69954461], v=[ 4.77747807 -1.19283811  5.23898402]
Epoch 894, t=2460388.4416762763:
  TLE_ECI: r=[ -212.25120174 -3255.83116978  6990.96000053], v=[7.01103325 1.33046065 0.83235352]
  RK45_ECI: r=[-5497.887604   -3341.86261818  4282.68573546], v=[ 4.808977   -1.17184924  5.21499637]
Epoch 895, t=2460388.4417515397:
  TLE_ECI: r=[-3.40659710e-01 -3.21466355e+03  7.01319644e+03], v=[7.0131393  1.41775208 0.65022112]
  RK45_ECI: r=[-5464.92691493 -3352.01846265  4316.51546437], v=[ 4.84028279 -1.15078736  5.19081705]
Epoch 896, t=2460388.441826803:
  TLE_ECI: r=[  211.52978919 -3170.79312978  7029.96105999], v=[7.00970496 1.50393769 0.46758637]
  RK45_ECI: r=[-5431.75865208 -3362.02143613  4350.1871712 ], v=[ 4.87139393 -1.12965359  5.16644718]
Epoch 897, t=2460388.4419020666:
  TLE_ECI: r=[  423.19270898 -3124.25421857  7041.24092923], v=[7.00073423 1.58894566 0.28459079]
  RK45_ECI: r=[-5398.38386046 -3371.87104494  4383.69993514], v=[ 4.9023095  -1.10844872  5.1418874 ]
Epoch 898, t=2460388.4419773296:
  TLE_ECI: r=[  634.48085574 -3075.08334423  7047.02734651], v=[6.98623539 1.67270507 0.10137612]
  RK45_ECI: r=[-5364.80434826 -3381.56661543  4417.0520544 ], v=[ 4.93302786 -1.08717399  5.11713895]
Epoch 899, t=2460388.442052593:
  TLE_ECI: r=[  845.22734332 -3023.31922265  7047.31587066], v=[ 6.96622099  1.75514603 -0.08191572]
  RK45_ECI: r=[-5331.02100438 -3391.10773123  4450.24277447], v=[ 4.96354826 -1.06583006  5.09220241]
Epoch 900, t=2460388.4421278564:
  TLE_ECI: r=[ 1055.26571794 -2969.00273588  7042.10631894], v=[ 6.94070788  1.83619959 -0.26514276]
  RK45_ECI: r=[-5297.03520141 -3400.49383196  4483.27087376], v=[ 4.99386951 -1.04441793  5.06707866]
Epoch 901, t=2460388.44220312:
  TLE_ECI: r=[ 1264.43012343 -2912.17689509  7031.40276702], v=[ 6.90971712  1.91579791 -0.44816309]
  RK45_ECI: r=[-5262.84861665 -3409.7243176   4516.13482886], v=[ 5.02399015 -1.02293873  5.04176887]
Epoch 902, t=2460388.4422783833:
  TLE_ECI: r=[ 1472.55542043 -2852.88680836  7015.21354588], v=[ 6.87327403  1.99387429 -0.63083494]
  RK45_ECI: r=[-5228.46232572 -3418.79872258  4548.83374088], v=[ 5.05390928 -1.00139325  5.01627373]
Epoch 903, t=2460388.4423536463:
  TLE_ECI: r=[ 1679.47730593 -2791.17965061  6993.55123571], v=[ 6.83140815  2.07036317 -0.81301682]
  RK45_ECI: r=[-5193.87819052 -3427.71641827  4581.36594927], v=[ 5.08362534 -0.97978277  4.99059453]
Epoch 904, t=2460388.4424289097:
  TLE_ECI: r=[ 1885.03247349 -2727.10460801  6966.43265661], v=[ 6.78415318  2.14520029 -0.99456757]
  RK45_ECI: r=[-5159.09712508 -3436.47701242  4613.730718  ], v=[ 5.11313759 -0.95810796  4.96473185]
Epoch 905, t=2460388.442504173:
  TLE_ECI: r=[ 2089.05868978 -2660.7128673   6933.87885638], v=[ 6.73154703  2.21832261 -1.17534652]
  RK45_ECI: r=[-5124.12054142 -3445.07997997  4645.92685566], v=[ 5.14244488 -0.93636981  4.93868663]
Epoch 906, t=2460388.4425794366:
  TLE_ECI: r=[ 2291.39495376 -2592.05755821  6895.91509515], v=[ 6.67363175  2.28966845 -1.35521353]
  RK45_ECI: r=[-5088.9501648  -3453.52476248  4677.95287714], v=[ 5.1715458  -0.91456949  4.91246009]
Epoch 907, t=2460388.4426546996:
  TLE_ECI: r=[ 2491.88160577 -2521.19372353  6852.57082689], v=[ 6.61045349  2.3591775  -1.53402916]
  RK45_ECI: r=[-5053.58742781 -3461.81085376  4709.80760821], v=[ 5.20043922 -0.892708    4.88605318]
Epoch 908, t=2460388.442729963:
  TLE_ECI: r=[ 2690.36048103 -2448.17824794  6803.87967794], v=[ 6.54206248  2.42679093 -1.71165471]
  RK45_ECI: r=[-5018.03326152 -3469.93787886  4741.49032584], v=[ 5.22912443 -0.87078603  4.85946651]
Epoch 909, t=2460388.4428052264:
  TLE_ECI: r=[ 2886.67498762 -2373.06985521  6749.8794225 ], v=[ 6.46851303  2.49245133 -1.88795236]
  RK45_ECI: r=[-4982.2895871  -3477.90526182  4772.9994187 ], v=[ 5.2575999  -0.84880485  4.83270142]
Epoch 910, t=2460388.44288049:
  TLE_ECI: r=[ 3080.67025845 -2295.9290351   6690.61195501], v=[ 6.38986342  2.55610285 -2.06278527]
  RK45_ECI: r=[-4946.3575269  -3485.71258296  4804.33402494], v=[ 5.28586481 -0.82676527  4.80575864]
Epoch 911, t=2460388.4429557533:
  TLE_ECI: r=[ 3272.19326427 -2216.81800256  6626.12325952], v=[ 6.30617594  2.61769121 -2.23601765]
  RK45_ECI: r=[-4910.23885241 -3493.35932619  4835.4926992 ], v=[ 5.31391777 -0.80466848  4.77863943]
Epoch 912, t=2460388.4430310163:
  TLE_ECI: r=[ 3461.09292662 -2135.80065922  6556.463376  ], v=[ 6.21751679  2.67716372 -2.4075149 ]
  RK45_ECI: r=[-4873.93503364 -3500.84502129  4866.47429928], v=[ 5.34175771 -0.7825155   4.75134479]
Epoch 913, t=2460388.4431062797:
  TLE_ECI: r=[ 3647.2202613  -2052.94250299  6481.68636366], v=[ 6.12395605  2.73446943 -2.57714368]
  RK45_ECI: r=[-4837.44702534 -3508.16931817  4897.27812188], v=[ 5.36938394 -0.76030701  4.72387532]
Epoch 914, t=2460388.443181543:
  TLE_ECI: r=[ 3830.42845646 -1968.31063569  6401.85026126], v=[ 6.02556764  2.78955903 -2.74477205]
  RK45_ECI: r=[-4800.77679845 -3515.33168733  4927.90260037], v=[ 5.39679498 -0.73804431  4.69623243]
Epoch 915, t=2460388.4432568066:
  TLE_ECI: r=[ 4010.57301348 -1881.9736713   6317.01704444], v=[ 5.92242927  2.84238497 -2.91026951]
  RK45_ECI: r=[-4763.9255032  -3522.33173837  4958.34689713], v=[ 5.42399002 -0.71572824  4.66841687]
Epoch 916, t=2460388.44333207:
  TLE_ECI: r=[ 4187.51185391 -1794.00169117  6227.25257995], v=[ 5.81462238  2.89290151 -3.07350715]
  RK45_ECI: r=[-4726.89495576 -3529.16899806  4988.60960792], v=[ 5.45096776 -0.69335999  4.64042993]
Epoch 917, t=2460388.443407333:
  TLE_ECI: r=[ 4361.10542622 -1704.46620136  6132.62657709], v=[ 5.70223209  2.94106473 -3.23435772]
  RK45_ECI: r=[-4689.68649479 -3535.84305355  5018.68976429], v=[ 5.47772726 -0.67094049  4.6122725 ]
Epoch 918, t=2460388.4434825964:
  TLE_ECI: r=[ 4531.21683613 -1613.44002514  6033.21253604], v=[ 5.58534711  2.9868326  -3.39269576]
  RK45_ECI: r=[-4652.30159949 -3542.35351837  5048.58626113], v=[ 5.50426749 -0.64847073  4.58394563]
Epoch 919, t=2460388.44355786:
  TLE_ECI: r=[ 4697.71192384 -1520.99732034  5929.08769337], v=[ 5.46405972  3.03016498 -3.54839766]
  RK45_ECI: r=[-4614.74178724 -3548.69997165  5078.29800014], v=[ 5.5305874  -0.62595175  4.55545035]
Epoch 920, t=2460388.4436331233:
  TLE_ECI: r=[ 4860.45939114 -1427.21347039  5820.33296461], v=[ 5.33846568  3.07102368 -3.70134177]
  RK45_ECI: r=[-4577.00840229 -3554.88203225  5107.82402791], v=[ 5.5566861  -0.60338448  4.52678756]
Epoch 921, t=2460388.4437083867:
  TLE_ECI: r=[ 5019.33090032 -1332.16503625  5707.03288388], v=[ 5.2086642   3.10937249 -3.85140851]
  RK45_ECI: r=[-4539.10330362 -3560.89927063  5137.16298254], v=[ 5.58256232 -0.58077014  4.4979586 ]
Epoch 922, t=2460388.4437836497:
  TLE_ECI: r=[ 5174.20117253 -1235.92971048  5589.27554076], v=[ 5.0747578   3.14517722 -3.99848044]
  RK45_ECI: r=[-4501.02786042 -3566.75130784  5166.31392522], v=[ 5.60821517 -0.55810968  4.46896439]
Epoch 923, t=2460388.443858913:
  TLE_ECI: r=[ 5324.94810254 -1138.58619437  5467.15251423], v=[ 4.93685228  3.17840574 -4.14244238]
  RK45_ECI: r=[-4462.78358597 -3572.43779319  5195.27578492], v=[ 5.63364366 -0.5354041   4.43980598]
Epoch 924, t=2460388.4439341766:
  TLE_ECI: r=[ 5471.45283369 -1040.21422397  5340.75880394], v=[ 4.79505665  3.20902799 -4.28318148]
  RK45_ECI: r=[-4424.37203149 -3577.95834358  5224.04749761], v=[ 5.65884679 -0.51265446  4.41048445]
Epoch 925, t=2460388.44400944:
  TLE_ECI: r=[5613.59986843 -940.8944466  5210.19275858], v=[ 4.64948305  3.23701601 -4.42058734]
  RK45_ECI: r=[-4385.79457092 -3583.31261163  5252.62813991], v=[ 5.6838237  -0.4898617   4.38100073]
Epoch 926, t=2460388.444084703:
  TLE_ECI: r=[5751.27715468 -840.70838712 5075.5560016 ], v=[ 4.50024664  3.26234398 -4.55455204]
  RK45_ECI: r=[-4347.0532892  -3588.50018482  5281.01626067], v=[ 5.70857306 -0.46702716  4.35135631]
Epoch 927, t=2460388.4441599664:
  TLE_ECI: r=[5884.37618633 -739.73831437 4936.95335424], v=[ 4.34746551  3.28498828 -4.68497032]
  RK45_ECI: r=[-4308.14903028 -3593.52080005  5309.21134977], v=[ 5.73309437 -0.44415149  4.32155173]
Epoch 928, t=2460388.44423523:
  TLE_ECI: r=[6012.79207496 -638.06727433 4794.49275594], v=[ 4.19126065  3.30492745 -4.81173958]
  RK45_ECI: r=[-4269.08389416 -3598.37406193  5337.21197286], v=[ 5.75738633 -0.42123604  4.29158849]
Epoch 929, t=2460388.4443104933:
  TLE_ECI: r=[6136.42364557 -535.77895599 4648.28518206], v=[ 4.03175581  3.32214223 -4.93476003]
  RK45_ECI: r=[-4229.85910334 -3603.05966473  5365.01736393], v=[ 5.78144823 -0.39828166  4.26146741]
Epoch 930, t=2460388.4443857567:
  TLE_ECI: r=[6255.17351584 -432.95763935 4498.44455918], v=[ 3.86907741  3.33661563 -5.05393472]
  RK45_ECI: r=[-4190.4765894  -3607.5772589   5392.62624021], v=[ 5.8052789  -0.3752896   4.23118986]
Epoch 931, t=2460388.4444610197:
  TLE_ECI: r=[6368.94817434 -329.6881447  4345.08767782], v=[ 3.70335448  3.34833288 -5.16916967]
  RK45_ECI: r=[-4150.93795071 -3611.92651748  5420.03758994], v=[ 5.82887743 -0.35226095  4.20075697]
Epoch 932, t=2460388.444536283:
  TLE_ECI: r=[6477.65806092 -226.05568855 4188.33410272], v=[ 3.53471848  3.35728153 -5.28037392]
  RK45_ECI: r=[-4111.24422412 -3616.10718811  5447.2507903 ], v=[ 5.85224322 -0.32919643  4.1701694 ]
Epoch 933, t=2460388.4446115466:
  TLE_ECI: r=[6581.21763316 -122.14592471 4028.30608081], v=[ 3.36330329  3.36345139 -5.38745963]
  RK45_ECI: r=[-4071.39755183 -3620.11892447  5474.26445663], v=[ 5.87537504 -0.30609744  4.13942871]
Epoch 934, t=2460388.44468681:
  TLE_ECI: r=[6679.54544118  -18.04479897 3865.12844682], v=[ 3.18924507  3.36683457 -5.49034213]
  RK45_ECI: r=[-4031.39917968 -3623.96145221  5501.07784967], v=[ 5.89827221 -0.28296483  4.10853572]
Epoch 935, t=2460388.4447620735:
  TLE_ECI: r=[6772.56419327   86.16150324 3698.92852661], v=[ 3.01268213  3.36742552 -5.58894001]
  RK45_ECI: r=[-3991.25107673 -3627.63446716  5527.68973219], v=[ 5.92093364 -0.25979987  4.07749186]
Epoch 936, t=2460388.4448373364:
  TLE_ECI: r=[6860.20081991  190.38660866 3529.83603836], v=[ 2.83375486  3.36522098 -5.6831752 ]
  RK45_ECI: r=[-3950.95487127 -3631.13768146  5554.09912889], v=[ 5.94335845 -0.23660366  4.04629827]
Epoch 937, t=2460388.4449126:
  TLE_ECI: r=[6942.38653218  294.54410798 3357.98299166], v=[ 2.65260558  3.36022008 -5.77297302]
  RK45_ECI: r=[-3910.51161936 -3634.47086936  5580.30543939], v=[ 5.9655461  -0.21337695  4.01495563]
Epoch 938, t=2460388.4449878633:
  TLE_ECI: r=[7019.0568809   398.54750895 3183.50358455], v=[ 2.46937846  3.35242424 -5.85826224]
  RK45_ECI: r=[-3869.92350273 -3637.63373472  5606.30732988], v=[ 5.9874954  -0.19012111  3.98346553]
Epoch 939, t=2460388.4450631267:
  TLE_ECI: r=[7090.15180873  502.3103876  3006.53409858], v=[ 2.28421938  3.34183726 -5.9389752 ]
  RK45_ECI: r=[-3829.19178935 -3640.62603475  5632.10408855], v=[ 6.00920574 -0.16683705  3.95182883]
Epoch 940, t=2460388.44513839:
  TLE_ECI: r=[7155.6157001   605.74644117 2827.21279208], v=[ 2.09727583  3.32846527 -6.01504779]
  RK45_ECI: r=[-3788.31848367 -3643.44751123  5657.69452479], v=[ 6.03067607 -0.14352603  3.92004697]
Epoch 941, t=2460388.445213653:
  TLE_ECI: r=[7215.39742955  708.76953969 2645.67979153], v=[ 1.90869679  3.31231674 -6.08641956]
  RK45_ECI: r=[-3747.30524212 -3646.09791584  5683.07770064], v=[ 6.05190558 -0.12018917  3.88812113]
Epoch 942, t=2460388.4452889166:
  TLE_ECI: r=[7269.45039614  811.29388285 2462.07698139], v=[ 1.71863256  3.29340252 -6.15303377]
  RK45_ECI: r=[-3706.15313839 -3648.57705022  5708.25303867], v=[ 6.07289374 -0.09682722  3.856052  ]
Epoch 943, t=2460388.44536418:
  TLE_ECI: r=[7317.73257387  913.2339459  2276.54789215], v=[ 1.52723471  3.27173576 -6.21483742]
  RK45_ECI: r=[-3664.86439177 -3650.88466847  5733.21925719], v=[ 6.09363948 -0.07344158  3.82384122]
Epoch 944, t=2460388.4454394435:
  TLE_ECI: r=[7360.20653924 1014.50463617 2089.23758702], v=[ 1.33465593  3.24733197 -6.27178133]
  RK45_ECI: r=[-3623.44029077 -3653.02055993  5757.97567246], v=[ 6.11414219 -0.05003314  3.79148966]
Epoch 945, t=2460388.4455147064:
  TLE_ECI: r=[7396.83950754 1115.02132241 1900.29254713], v=[ 1.14104987  3.22020898 -6.32382016]
  RK45_ECI: r=[-3581.88307085 -3654.98450153  5782.52102694], v=[ 6.13440081 -0.02660332  3.75899896]
Epoch 946, t=2460388.44558997:
  TLE_ECI: r=[7427.60334739 1214.69999317 1709.86055549], v=[ 0.94657103  3.19038691 -6.37091245]
  RK45_ECI: r=[-3540.19382089 -3656.77631899  5806.85476495], v=[ 6.15441486e+00 -3.15287814e-03  3.72636984e+00]
Epoch 947, t=2460388.4456652333:
  TLE_ECI: r=[7452.47462296 1313.45719843 1518.09057963], v=[ 0.75137466  3.15788821 -6.41302069]
  RK45_ECI: r=[-3498.3742249  -3658.39580736  5830.97598856], v=[6.17418359 0.02031707 3.69360351]
Epoch 948, t=2460388.4457404967:
  TLE_ECI: r=[7471.43460127 1411.21020696 1325.13265323], v=[ 0.5556166   3.1227376  -6.45011132]
  RK45_ECI: r=[-3456.42633918 -3659.84278295  5854.88358409], v=[6.19370606 0.04380524 3.66070147]
Epoch 949, t=2460388.44581576:
  TLE_ECI: r=[7484.46927079 1507.87705514 1131.13775677], v=[ 0.35945314  3.08496205 -6.48215477]
  RK45_ECI: r=[-3414.35147129 -3661.11706753  5878.57689659], v=[6.21298173 0.06731072 3.6276646 ]
Epoch 950, t=2460388.445891023:
  TLE_ECI: r=[7491.56935771 1603.37659496  936.25769722], v=[ 0.16304093  3.0445908  -6.5091255 ]
  RK45_ECI: r=[-3372.15189054 -3662.21848899  5902.05472242], v=[6.2320096  0.09083211 3.5944946 ]
Epoch 951, t=2460388.4459662866:
  TLE_ECI: r=[7492.73031505 1697.62865099  740.64498704], v=[-0.03346321  3.00165529 -6.53100202]
  RK45_ECI: r=[-3329.82870115 -3663.14690075  5925.31653001], v=[6.25078923 0.11436862 3.56119221]
Epoch 952, t=2460388.44604155:
  TLE_ECI: r=[7487.95235361 1790.55395716  544.45272238], v=[-0.22990236  2.95618917 -6.54776691]
  RK45_ECI: r=[-3287.38361134 -3663.90213817  5948.36146062], v=[6.26931993 0.13791915 3.52775866]
Epoch 953, t=2460388.4461168135:
  TLE_ECI: r=[7477.24042352 1882.07431251  347.83446095], v=[-0.4261197   2.90822826 -6.55940681]
  RK45_ECI: r=[-3244.81870685 -3664.48406454  5971.18845018], v=[6.28760082 0.1614824  3.49419548]
Epoch 954, t=2460388.446192077:
  TLE_ECI: r=[7460.6042144  1972.1126256   150.94409925], v=[-0.62195857  2.85781049 -6.56591248]
  RK45_ECI: r=[-3202.13531285 -3664.89253416  5993.79687322], v=[6.3056314  0.18505746 3.46050359]
Epoch 955, t=2460388.44626734:
  TLE_ECI: r=[7438.05815274 2060.59295916  -46.06425044], v=[-0.81726265  2.80497594 -6.56727878]
  RK45_ECI: r=[-3159.33573007 -3665.12742614  6016.18558126], v=[6.32341075 0.20864292 3.42668471]
Epoch 956, t=2460388.4463426033:
  TLE_ECI: r=[7409.62136556 2147.44068227 -243.03638316], v=[-1.01187612  2.74976673 -6.56350467]
  RK45_ECI: r=[-3116.42107675 -3665.18862177  6038.35406747], v=[6.34093847 0.23223801 3.39273961]
Epoch 957, t=2460388.4464178667:
  TLE_ECI: r=[7375.31769945 2232.58240304 -439.81812468], v=[-1.20564371  2.69222703 -6.55459323]
  RK45_ECI: r=[-3073.3930834  -3665.07599688  6060.30151326], v=[6.3582139  0.2558416  3.35866954]
Epoch 958, t=2460388.44649313:
  TLE_ECI: r=[7335.17567676 2315.94611874 -636.2554547 ], v=[-1.3984109   2.63240303 -6.54055163]
  RK45_ECI: r=[-3030.25386327 -3664.78946168  6082.02690526], v=[6.37523625 0.27945241 3.32447608]
Epoch 959, t=2460388.4465683936:
  TLE_ECI: r=[7289.22847667 2397.46125625 -832.19462993], v=[-1.59002401  2.57034285 -6.52139117]
  RK45_ECI: r=[-2987.00475742 -3664.32890334  6103.52964825], v=[6.39200504 0.30306951 3.29016016]
Epoch 960, t=2460388.4466436566:
  TLE_ECI: r=[ 7237.51391439  2477.05871045 -1027.48230701], v=[-1.78033037  2.50609655 -6.4971272 ]
  RK45_ECI: r=[-2943.64809567 -3663.69425228  6124.8086501 ], v=[6.40851943 0.32669151 3.25572353]
Epoch 961, t=2460388.44671892:
  TLE_ECI: r=[ 7180.07437991  2554.67098864 -1221.96566481], v=[-1.96917841  2.43971605 -6.46777917]
  RK45_ECI: r=[-2900.18500926 -3662.88541752  6145.86342932], v=[6.42477904 0.35031763 3.22116699]
Epoch 962, t=2460388.4467941835:
  TLE_ECI: r=[ 7116.95684462  2630.23214084 -1415.49252656], v=[-2.15641783  2.3712551  -6.43337059]
  RK45_ECI: r=[-2856.61724921 -3661.9023155   6166.69320837], v=[6.44078328 0.37394675 3.18649181]
Epoch 963, t=2460388.446869447:
  TLE_ECI: r=[ 7048.2127931   2703.67790106 -1607.91148109], v=[-2.34189966  2.30076927 -6.39392898]
  RK45_ECI: r=[-2812.9469539  -3660.74490363  6187.29702563], v=[6.45653139 0.39757757 3.1516996 ]
Epoch 964, t=2460388.44694471:
  TLE_ECI: r=[ 6973.89819446  2774.94570056 -1799.0720035 ], v=[-2.52547645  2.22831582 -6.34948589]
  RK45_ECI: r=[-2769.17588502 -3659.41311924  6207.6741266 ], v=[6.47202281 0.42120898 3.11679164]
Epoch 965, t=2460388.4470199733:
  TLE_ECI: r=[ 6894.0734224   2843.97480334 -1988.82457484], v=[-2.70700238  2.1539537  -6.30007683]
  RK45_ECI: r=[-2725.30518189 -3657.90689152  6227.82404724], v=[6.48725719 0.44484019 3.08176873]
Epoch 966, t=2460388.4470952367:
  TLE_ECI: r=[ 6808.8032523   2910.70623445 -2177.0208011 ], v=[-2.88633334  2.07774352 -6.24574128]
  RK45_ECI: r=[-2681.33720478 -3656.22621003  6247.74576128], v=[6.50223374 0.46846981 3.04663267]
Epoch 967, t=2460388.4471705:
  TLE_ECI: r=[ 6718.15677433  2975.082913   -2363.51353086], v=[-3.0633271   1.99974744 -6.18652259]
  RK45_ECI: r=[-2637.27331784 -3654.37101425  6267.43872325], v=[6.51695206 0.49209692 3.01138442]
Epoch 968, t=2460388.4472457636:
  TLE_ECI: r=[ 6622.20734317  3037.04967957 -2548.156972  ], v=[-3.23784339  1.92002917 -6.12246802]
  RK45_ECI: r=[-2593.11568264 -3652.34130874  6286.90202424], v=[6.53141147 0.51572023 2.97602561]
Epoch 969, t=2460388.4473210266:
  TLE_ECI: r=[ 6521.03252502  3096.55332444 -2730.806807  ], v=[-3.40974405  1.83865387 -6.05362861]
  RK45_ECI: r=[-2548.86607888 -3650.13707143  6306.13495197], v=[6.54561145 0.53933861 2.94055755]
Epoch 970, t=2460388.44739629:
  TLE_ECI: r=[ 6414.71399613  3153.54270955 -2911.32030689], v=[-3.57889309  1.75568811 -5.9800592 ]
  RK45_ECI: r=[-2504.52565693 -3647.75825944  6325.13706856], v=[6.55955166 0.5629513  2.90498106]
Epoch 971, t=2460388.4474715535:
  TLE_ECI: r=[ 6303.33752822  3207.96869601 -3089.5564439 ], v=[-3.74515687  1.67119982 -5.90181836]
  RK45_ECI: r=[-2460.09680123 -3645.20491381  6343.90740633], v=[6.5732314  0.58655687 2.86929794]
Epoch 972, t=2460388.447546817:
  TLE_ECI: r=[ 6186.99288068  3259.78426309 -3265.37600231], v=[-3.90840414  1.58525822 -5.81896831]
  RK45_ECI: r=[-2415.58088884 -3642.47700672  6362.44545156], v=[6.58665029 0.61015443 2.83350919]
Epoch 973, t=2460388.4476220803:
  TLE_ECI: r=[ 6065.77373419  3308.94452897 -3438.6416878 ], v=[-4.06850619  1.49793378 -5.73157492]
  RK45_ECI: r=[-2370.9801023  -3639.57459006  6380.75034885], v=[6.59980772 0.63374268 2.79761646]
Epoch 974, t=2460388.4476973433:
  TLE_ECI: r=[ 5939.77762248  3355.40677078 -3609.21823506], v=[-4.22533691  1.40929812 -5.63970757]
  RK45_ECI: r=[-2326.29603585 -3636.4976624   6398.82151305], v=[6.61270327 0.65732059 2.76162091]
Epoch 975, t=2460388.4477726067:
  TLE_ECI: r=[ 5809.10581171  3399.13053097 -3776.97251338], v=[-4.37877296  1.31942396 -5.54343917]
  RK45_ECI: r=[-2281.53045538 -3633.24626895  6416.65827998], v=[6.62533646 0.6808871  2.72552386]
Epoch 976, t=2460388.44784787:
  TLE_ECI: r=[ 5673.86327488  3440.07754559 -3941.77363066], v=[-4.52869378  1.2283851  -5.44284605]
  RK45_ECI: r=[-2236.68516185 -3629.82044211  6434.25999419], v=[6.63770683 0.70444107 2.68932665]
Epoch 977, t=2460388.4479231336:
  TLE_ECI: r=[ 5534.15856583  3478.21184735 -4103.49303508], v=[-4.67498174  1.1362563  -5.33800788]
  RK45_ECI: r=[-2191.76174552 -3626.22020708  6451.62608984], v=[6.64981399 0.72798151 2.65303043]
Epoch 978, t=2460388.4479983966:
  TLE_ECI: r=[ 5390.10374937  3513.49976216 -4262.00461498], v=[-4.8175222   1.04311325 -5.22900764]
  RK45_ECI: r=[-2146.76262195 -3622.44567961  6468.75568594], v=[6.66165733 0.75150701 2.61663707]
Epoch 979, t=2460388.44807366:
  TLE_ECI: r=[ 5241.81426764  3545.91000115 -4417.18479627], v=[-4.95620364  0.94903247 -5.11593153]
  RK45_ECI: r=[-2101.68875633 -3618.49684571  6485.64847465], v=[6.67323663 0.77501687 2.58014721]
Epoch 980, t=2460388.4481489235:
  TLE_ECI: r=[ 5089.40890658  3575.41359057 -4568.91263803], v=[-5.09091769  0.8540913  -4.99886888]
  RK45_ECI: r=[-2056.54257084 -3614.37383924  6502.30359573], v=[6.68455131 0.79850969 2.54356272]
Epoch 981, t=2460388.448224187:
  TLE_ECI: r=[ 4933.00965746  3601.98396064 -4717.06992547], v=[-5.22155922  0.75836777 -4.87791208]
  RK45_ECI: r=[-2011.3254622  -3610.07669174  6518.72059361], v=[6.69560106 0.82198455 2.50688458]
Epoch 982, t=2460388.4482994503:
  TLE_ECI: r=[ 4772.74162709  3625.59695153 -4861.54126072], v=[-5.34802648  0.66194061 -4.75315651]
  RK45_ECI: r=[-1966.03964566 -3605.60554031  6534.89871095], v=[6.70638538 0.84544016 2.47011451]
Epoch 983, t=2460388.4483747133:
  TLE_ECI: r=[ 4608.73294638  3646.23081991 -5002.21415119], v=[-5.47022107  0.56488912 -4.62470047]
  RK45_ECI: r=[-1920.68694224 -3600.96047705  6550.83735673], v=[6.71690389 0.86887538 2.43325384]
Epoch 984, t=2460388.4484499767:
  TLE_ECI: r=[ 4441.11462311  3663.86631192 -5138.97909532], v=[-5.58804812  0.46729308 -4.49264506]
  RK45_ECI: r=[-1875.26852771 -3596.14153769  6566.53616806], v=[6.72715635 0.89228945 2.39630342]
Epoch 985, t=2460388.44852524:
  TLE_ECI: r=[ 4270.02049952  3678.48659638 -5271.72966613], v=[-5.70141626  0.3692328  -4.35709412]
  RK45_ECI: r=[-1829.78684185 -3591.14890774  6581.9943454 ], v=[6.73714226 0.91568093 2.35926512]
Epoch 986, t=2460388.4486005036:
  TLE_ECI: r=[ 4095.58710128  3690.07733444 -5400.36259183], v=[-5.81023775  0.27078895 -4.21815414]
  RK45_ECI: r=[-1784.24329042 -3585.98265185  6597.2114659 ], v=[6.74686134 0.93904892 2.32213996]
Epoch 987, t=2460388.448675767:
  TLE_ECI: r=[ 3917.95353771  3698.62667772 -5524.77783406], v=[-5.91442851  0.17204252 -4.07593418]
  RK45_ECI: r=[-1738.64010374 -3580.64295453  6612.18682757], v=[6.75631315 0.96239212 2.28492963]
Epoch 988, t=2460388.44875103:
  TLE_ECI: r=[ 3737.26140033  3704.12526737 -5644.87866338], v=[-6.0139082   0.07307478 -3.93054576]
  RK45_ECI: r=[-1692.97911397 -3575.12994894  6626.91988358], v=[6.76549739 0.98570941 2.24763552]
Epoch 989, t=2460388.4488262935:
  TLE_ECI: r=[ 3553.65460598  3706.56628618 -5760.571732  ], v=[-6.10860026 -0.02603286 -3.7821028 ]
  RK45_ECI: r=[-1647.2615038  -3569.44369901  6641.4102983 ], v=[6.77441383 1.00899999 2.21025846]
Epoch 990, t=2460388.448901557:
  TLE_ECI: r=[ 3367.27934622  3705.94539715 -5871.76714392], v=[-6.19843195 -0.12519879 -3.63072147]
  RK45_ECI: r=[-1601.48972812 -3563.58444196  6655.6573335 ], v=[6.78306206 1.03226245 2.17280034]
Epoch 991, t=2460388.4489768203:
  TLE_ECI: r=[ 3178.28392718  3702.26079285 -5978.37852218], v=[-6.28333441 -0.22434139 -3.47652018]
  RK45_ECI: r=[-1555.66520009 -3557.55227567  6669.66059939], v=[6.79144184 1.05549588 2.1352622 ]
Epoch 992, t=2460388.449052084:
  TLE_ECI: r=[ 2986.81866201  3695.51318574 -6080.32307327], v=[-6.36324272 -0.32337902 -3.31961941]
  RK45_ECI: r=[-1509.79016272 -3551.34743212  6683.41944987], v=[6.79955282 1.07869899 2.09764574]
Epoch 993, t=2460388.4491273467:
  TLE_ECI: r=[ 2793.03576217  3685.70579972 -6177.52164886], v=[-6.43809593 -0.42223011 -3.16014167]
  RK45_ECI: r=[-1463.86645763 -3544.97008541  6696.93338274], v=[6.80739472 1.10187064 2.05995237]
Epoch 994, t=2460388.44920261:
  TLE_ECI: r=[ 2597.0891733   3672.8444015  -6269.89880441], v=[-6.50783707 -0.52081326 -2.99821136]
  RK45_ECI: r=[-1417.89527293 -3538.42032787  6710.20208985], v=[6.81496738 1.12501004 2.02218291]
Epoch 995, t=2460388.4492778736:
  TLE_ECI: r=[ 2399.1345183   3656.9372452  -6357.38285521], v=[-6.57241324 -0.61904723 -2.83395471]
  RK45_ECI: r=[-1371.879076   -3531.69844835  6723.22489493], v=[6.82227045 1.1481158  1.9843393 ]
Epoch 996, t=2460388.449353137:
  TLE_ECI: r=[ 2199.32893105  3637.99510092 -6439.90592924], v=[-6.6317756  -0.71685105 -2.66749966]
  RK45_ECI: r=[-1325.81928594 -3524.80457799  6736.00144152], v=[6.82930375 1.17118699 1.94642256]
Epoch 997, t=2460388.4494284:
  TLE_ECI: r=[ 1997.83095408  3616.03123176 -6517.40401721], v=[-6.68587941 -0.81414407 -2.49897577]
  RK45_ECI: r=[-1279.71837501 -3517.7390288   6748.53108177], v=[6.83606696 1.19422221 1.9084346 ]
Epoch 998, t=2460388.4495036635:
  TLE_ECI: r=[ 1794.80037122  3591.06140808 -6589.81701959], v=[-6.73468407 -0.91084608 -2.32851412]
  RK45_ECI: r=[-1233.57753528 -3510.50191791  6760.81353318], v=[6.84255996 1.21722067 1.8703763 ]
Epoch 999, t=2460388.449578927:
  TLE_ECI: r=[ 1590.39814624  3563.10385808 -6657.0887908 ], v=[-6.77815312 -1.00687725 -2.1562472 ]
  RK45_ECI: r=[-1187.39861577 -3503.09346397  6772.8483407 ], v=[6.84878254 1.24018125 1.83224904]
Epoch 1000, t=2460388.4496541903:
  TLE_ECI: r=[ 1384.7862541   3532.17927925 -6719.16718028], v=[-6.81625428 -1.10215832 -1.98230883]
  RK45_ECI: r=[-1141.18387485 -3495.51397467  6784.63494882], v=[6.85473444 1.26310266 1.79405458]
Epoch 1001, t=2460388.449729454:
  TLE_ECI: r=[ 1178.12756489  3498.31081602 -6776.00407062], v=[-6.84895946 -1.19661058 -1.80683406]
  RK45_ECI: r=[-1094.93473589 -3487.76361438  6796.17303478], v=[6.86041555 1.28598399 1.75579396]
Epoch 1002, t=2460388.4498047167:
  TLE_ECI: r=[  970.58572689  3461.52403905 -6827.55541268], v=[-6.87624478 -1.29015593 -1.62995905]
  RK45_ECI: r=[-1048.65367972 -3479.84274651  6807.46201355], v=[6.86582563 1.30882383 1.71746912]
Epoch 1003, t=2460388.44987998:
  TLE_ECI: r=[  762.32499845  3421.84693772 -6873.78125763], v=[-6.89809058 -1.38271705 -1.45182098]
  RK45_ECI: r=[-1002.34190135 -3471.75151649  6818.50163065], v=[6.87096458 1.33162142 1.67908092]
Epoch 1004, t=2460388.4499552436:
  TLE_ECI: r=[  553.51018133  3379.3098794  -6914.64578614], v=[-6.9144814  -1.47421731 -1.27255794]
  RK45_ECI: r=[ -956.0012549  -3463.49018379  6829.29147656], v=[6.87583227 1.35437562 1.64063078]
Epoch 1005, t=2460388.450030507:
  TLE_ECI: r=[  344.30645177  3333.94559946 -6950.11733433], v=[-6.92540606 -1.56458091 -1.09230886]
  RK45_ECI: r=[ -909.63400504 -3455.05910319  6839.83105313], v=[6.88042851 1.37708517 1.60212047]
Epoch 1006, t=2460388.4501057705:
  TLE_ECI: r=[  134.87924254  3285.7891726  -6980.16841679], v=[-6.93085757 -1.65373292 -0.91121337]
  RK45_ECI: r=[ -863.24157781 -3446.45847212  6850.12007163], v=[6.88475323 1.39974915 1.56355105]
Epoch 1007, t=2460388.4501810335:
  TLE_ECI: r=[  -74.6058758   3234.87798599 -7004.77574655], v=[-6.93083322 -1.74159933 -0.72941171]
  RK45_ECI: r=[ -816.82646003 -3437.68870506  6860.15801048], v=[6.88880626 1.42236618 1.52492446]
Epoch 1008, t=2460388.450256297:
  TLE_ECI: r=[ -283.98336122  3181.2517104  -7023.92025191], v=[-6.9253345  -1.82810719 -0.54704464]
  RK45_ECI: r=[ -770.38984817 -3428.74997561  6869.94464355], v=[6.89258756 1.44493549 1.48624159]
Epoch 1009, t=2460388.4503315603:
  TLE_ECI: r=[ -493.08777094  3124.95226884 -7037.58709038], v=[-6.91436715 -1.91318452 -0.36425334]
  RK45_ECI: r=[ -723.93359941 -3419.64258377  6879.47960735], v=[6.89609705 1.46745597 1.44750387]
Epoch 1010, t=2460388.450406824:
  TLE_ECI: r=[ -701.75392781  3066.0238054  -7045.7656594 ], v=[-6.89794114 -1.99676046 -0.18117928]
  RK45_ECI: r=[ -677.45998232 -3410.36693103  6888.76246161], v=[6.89933461 1.48992635 1.40871308]
Epoch 1011, t=2460388.450482087:
  TLE_ECI: r=[ -909.81703829  3004.51265083 -7048.4496041 ], v=[-6.87607064e+00 -2.07876532e+00  2.03584542e-03]
  RK45_ECI: r=[ -630.97042405 -3400.92324764  6897.79295206], v=[6.90230022 1.51234573 1.36987028]
Epoch 1012, t=2460388.45055735:
  TLE_ECI: r=[-1117.11281126  2940.46728999 -7045.63682194], v=[-6.84877405 -2.1591306   0.18525026]
  RK45_ECI: r=[ -584.46741473 -3391.3119987   6906.57062118], v=[6.90499378 1.53471276 1.33097747]
Epoch 1013, t=2460388.4506326136:
  TLE_ECI: r=[-1323.47761961  2873.93831219 -7037.32946427], v=[-6.81607393 -2.2377891   0.36832216]
  RK45_ECI: r=[ -537.95215089 -3381.5333857   6915.09527153], v=[6.90741529 1.55702665 1.29203551]
Epoch 1014, t=2460388.450707877:
  TLE_ECI: r=[-1528.74857416  2804.97838973 -7023.53393497], v=[-6.77799703 -2.31467491  0.55110986]
  RK45_ECI: r=[ -491.42649095 -3371.5877488   6923.36658608], v=[6.90956471 1.57928632 1.25304586]
Epoch 1015, t=2460388.4507831405:
  TLE_ECI: r=[-1732.76368492  2733.64222602 -7004.26088582], v=[-6.73457426 -2.38972348  0.73347186]
  RK45_ECI: r=[ -444.89270499 -3361.4755357   6931.38418304], v=[6.91144202 1.60149053 1.21401031]
Epoch 1016, t=2460388.4508584035:
  TLE_ECI: r=[-1935.36196944  2659.98652169 -6979.52520898], v=[-6.68584064 -2.46287169  0.91526699]
  RK45_ECI: r=[ -398.3526515  -3351.19710701  6939.14777126], v=[6.91304719 1.62363818 1.17493031]
Epoch 1017, t=2460388.450933667:
  TLE_ECI: r=[-2136.38360887  2584.06990866 -6949.34602622], v=[-6.6318353  -2.53405792  1.09635446]
  RK45_ECI: r=[ -351.80752609 -3340.75268424  6946.65717289], v=[6.91438027 1.64572851 1.13580676]
Epoch 1018, t=2460388.4510089303:
  TLE_ECI: r=[-2335.67002398  2505.95293689 -6913.74667534], v=[-6.57260146 -2.60322203  1.276594  ]
  RK45_ECI: r=[ -305.25981971 -3330.14279006  6953.91200442], v=[6.91544122 1.66776019 1.09664164]
Epoch 1019, t=2460388.451084194:
  TLE_ECI: r=[-2533.06403008  2425.69800651 -6872.75469332], v=[-6.50818639 -2.67030546  1.45584594]
  RK45_ECI: r=[ -258.71095803 -3319.3677065   6960.91206741], v=[6.9162301  1.68973233 1.05743604]
Epoch 1020, t=2460388.451159457:
  TLE_ECI: r=[-2728.40995062  2343.36932457 -6826.4017965 ], v=[-6.43864136 -2.73525127  1.63397134]
  RK45_ECI: r=[ -212.1632106  -3308.42792689  6967.65703899], v=[6.91674691 1.7116437  1.01819178]
Epoch 1021, t=2460388.45123472:
  TLE_ECI: r=[-2921.55373146  2259.03286358 -6774.72385769], v=[-6.36402164 -2.79800415  1.81083207]
  RK45_ECI: r=[ -165.61843416 -3297.32385132  6974.14667506], v=[6.91699171 1.73349322 0.97891032]
Epoch 1022, t=2460388.4513099836:
  TLE_ECI: r=[-3112.34308729  2172.75627658 -6717.76088026], v=[-6.28438641 -2.85851058  1.98629089]
  RK45_ECI: r=[ -119.07782257 -3286.0557286   6980.38082696], v=[6.91696455 1.75528016 0.93959254]
Epoch 1023, t=2460388.451385247:
  TLE_ECI: r=[-3300.62757961  2084.60889389 -6655.55696918], v=[-6.19979879 -2.91671872  2.16021161]
  RK45_ECI: r=[  -72.54386473 -3274.62413077  6986.35917627], v=[6.91666549 1.77700318 0.90024046]
Epoch 1024, t=2460388.4514605105:
  TLE_ECI: r=[-3486.25876116  1994.66163648 -6588.16029902], v=[-6.11032574 -2.97257854  2.33245913]
  RK45_ECI: r=[  -26.01798382 -3263.0293717   6992.08155978], v=[6.9160946  1.79866141 0.86085516]
Epoch 1025, t=2460388.451535774:
  TLE_ECI: r=[-3669.09028491  1902.98696843 -6515.62307893], v=[-6.01603803 -3.02604186  2.50289958]
  RK45_ECI: r=[   20.4975534  -3251.27198985  6997.54771388], v=[6.91525196 1.82025364 0.82143847]
Epoch 1026, t=2460388.451611037:
  TLE_ECI: r=[-3848.97801312  1809.65885136 -6438.00151461], v=[-5.91701023 -3.07706237  2.67140041]
  RK45_ECI: r=[   67.00089365 -3239.35242429  7002.7574418 ], v=[6.91413767 1.84177882 0.78199185]
Epoch 1027, t=2460388.4516863003:
  TLE_ECI: r=[-4025.78015182  1714.75264173 -6355.35576726], v=[-5.81332056 -3.12559572  2.83783049]
  RK45_ECI: r=[  113.49084602 -3227.27095084  7007.71062414], v=[6.91275182 1.86323619 0.7425162 ]
Epoch 1028, t=2460388.451761564:
  TLE_ECI: r=[-4199.35732925  1618.3450976  -6267.74990958], v=[-5.70505095 -3.17159948  3.00206019]
  RK45_ECI: r=[  159.96492578 -3215.02819029  7012.4070079 ], v=[6.91109452 1.88462446 0.70301353]
Epoch 1029, t=2460388.451836827:
  TLE_ECI: r=[-4369.57272768  1520.51427438 -6175.25187876], v=[-5.59228691 -3.21503323  3.16396151]
  RK45_ECI: r=[  206.42171368 -3202.62448805  7016.84646522], v=[6.9091659  1.90594276 0.66348494]
Epoch 1030, t=2460388.4519120906:
  TLE_ECI: r=[-4536.29218549  1421.33947393 -6077.93342651], v=[-5.47511752 -3.25585859  3.32340816]
  RK45_ECI: r=[  252.85894783 -3190.06042713  7021.02879194], v=[6.9069661  1.92718989 0.62393225]
Epoch 1031, t=2460388.4519873536:
  TLE_ECI: r=[-4699.38429941  1320.90119519 -5975.87006619], v=[-5.35363533 -3.29403923  3.48027567]
  RK45_ECI: r=[  299.27499092 -3177.33642572  7024.95385655], v=[6.90449525 1.94836489 0.58435673]
Epoch 1032, t=2460388.452062617:
  TLE_ECI: r=[-4858.72054415  1219.28101609 -5869.14101693], v=[-5.22793626 -3.32954099  3.63444147]
  RK45_ECI: r=[  345.6680237  -3164.45296474  7028.62151552], v=[6.90175349 1.96946678 0.54475985]
Epoch 1033, t=2460388.4521378805:
  TLE_ECI: r=[-5014.17535045  1116.56160896 -5757.82914496], v=[-5.09811966 -3.36233178  3.785785  ]
  RK45_ECI: r=[  392.03620035 -3151.41053481  7032.03163487], v=[6.89874101 1.99049452 0.50514307]
Epoch 1034, t=2460388.452213144:
  TLE_ECI: r=[-5165.62622121  1012.82662133 -5642.02090199], v=[-4.96428809 -3.39238171  3.93418779]
  RK45_ECI: r=[  438.37789605 -3138.209572    7035.18410432], v=[6.89545794 2.01144717 0.46550766]
Epoch 1035, t=2460388.452288407:
  TLE_ECI: r=[-5312.95382242   908.16063752 -5521.80626075], v=[-4.82654736 -3.41966308  4.07953359]
  RK45_ECI: r=[  484.6906365  -3124.85076676  7038.07876626], v=[6.89190453 2.03232345 0.42585564]
Epoch 1036, t=2460388.4523636703:
  TLE_ECI: r=[-5456.04208951   802.64904893 -5397.27864775], v=[-4.68500637 -3.44415045  4.22170841]
  RK45_ECI: r=[  530.97344921 -3111.33438208  7040.71556953], v=[6.8880809  2.05312271 0.38618773]
Epoch 1037, t=2460388.452438934:
  TLE_ECI: r=[-5594.7783035    696.37807716 -5268.5348732 ], v=[-4.5397771  -3.4658206   4.36060066]
  RK45_ECI: r=[  577.22386316 -3097.66112511  7043.09437916], v=[6.8839873  2.07384367 0.34650593]
Epoch 1038, t=2460388.452514197:
  TLE_ECI: r=[-5729.05319317   589.43464355 -5135.67505823], v=[-4.39097448 -3.48465261  4.49610122]
  RK45_ECI: r=[  623.44046939 -3083.83139724  7045.21513097], v=[6.87962392 2.09448549 0.30681135]
Epoch 1039, t=2460388.4525894606:
  TLE_ECI: r=[-5858.76102016   481.90631362 -4998.80255933], v=[-4.23871632 -3.50062785  4.62810353]
  RK45_ECI: r=[  669.62102039 -3069.84586037  7047.077728  ], v=[6.87499102 2.115047   0.26710581]
Epoch 1040, t=2460388.4526647236:
  TLE_ECI: r=[-5983.79966328   373.88124365 -4858.02389021], v=[-4.08312326 -3.51373003  4.75650367]
  RK45_ECI: r=[  715.76368182 -3055.70506056  7048.68210634], v=[6.87008884 2.13552717 0.22739078]
Epoch 1041, t=2460388.452739987:
  TLE_ECI: r=[-6104.07070598   265.44803924 -4713.44864092], v=[-3.92431857 -3.52394521  4.88120047]
  RK45_ECI: r=[  761.86727662 -3041.40934787  7050.02822872], v=[6.86491755 2.15592529 0.18766714]
Epoch 1042, t=2460388.4528152505:
  TLE_ECI: r=[-6219.4795088    156.69578628 -4565.18939447], v=[-3.76242821 -3.5312618   5.00209559]
  RK45_ECI: r=[  807.9293449  -3026.95947659  7051.11602577], v=[6.85947749 2.17624009 0.14793692]
Epoch 1043, t=2460388.452890514:
  TLE_ECI: r=[-6329.93529174    47.71390983 -4413.36164089], v=[-3.5975806  -3.5356706   5.11909357]
  RK45_ECI: r=[  853.94848536 -3012.35587877  7051.94546863], v=[6.85376889 2.19647074 0.10820121]
Epoch 1044, t=2460388.4529657774:
  TLE_ECI: r=[-6435.351207     -61.4078828  -4258.08368883], v=[-3.42990661 -3.53716481  5.23210196]
  RK45_ECI: r=[  899.92246151 -2997.59925942  7052.51651988], v=[6.84779205 2.21661609 0.06846184]
Epoch 1045, t=2460388.4530410403:
  TLE_ECI: r=[-6535.64441063  -170.57965675 -4099.47657466], v=[-3.25953943 -3.53574001  5.34103138]
  RK45_ECI: r=[  945.84944936 -2982.69020201  7052.82916304], v=[6.8415473  2.23667511 0.02872025]
Epoch 1046, t=2460388.453116304:
  TLE_ECI: r=[-6630.73612881  -279.71140002 -3937.66396933], v=[-3.0866144  -3.53139423  5.44579558]
  RK45_ECI: r=[  991.72827917 -2967.62908262  7052.88339006], v=[ 6.83503484  2.25664711 -0.01102264]
Epoch 1047, t=2460388.453191567:
  TLE_ECI: r=[-6720.55172478  -388.71298398 -3772.77208284], v=[-2.91126905 -3.52412793  5.54631153]
  RK45_ECI: r=[ 1037.5565044  -2952.41670211  7052.67919714], v=[ 6.82825507  2.27653084 -0.05076482]
Epoch 1048, t=2460388.4532668306:
  TLE_ECI: r=[-6805.02075928  -497.49431436 -3604.92956654], v=[-2.73364286 -3.51394395  5.64249951]
  RK45_ECI: r=[ 1083.3327331  -2937.05352284  7052.21659069], v=[ 6.82120827  2.29632547 -0.09050522]
Epoch 1049, t=2460388.4533420936:
  TLE_ECI: r=[-6884.0770509   -605.96536677 -3434.26741318], v=[-2.55387722 -3.50084762  5.73428316]
  RK45_ECI: r=[ 1129.05452567 -2921.54036627  7051.49559678], v=[ 6.81389486  2.31602977 -0.1302418 ]
Epoch 1050, t=2460388.453417357:
  TLE_ECI: r=[-6957.65872404  -714.03634249 -3260.91885501], v=[-2.37211525 -3.4848467   5.82158955]
  RK45_ECI: r=[ 1174.7207198  -2905.87763095  7050.51623431], v=[ 6.80631509  2.33564304 -0.16997368]
Epoch 1051, t=2460388.4534926205:
  TLE_ECI: r=[-7025.70827006  -821.61762326 -3085.01925976], v=[-2.18850179 -3.46595135  5.90434924]
  RK45_ECI: r=[ 1220.32950481 -2890.06594059  7049.27853635], v=[ 6.79846934  2.35516429 -0.20969941]
Epoch 1052, t=2460388.453567884:
  TLE_ECI: r=[-7088.17258906  -928.61992641 -2906.70602474], v=[-2.00318317 -3.4441742   5.98249635]
  RK45_ECI: r=[ 1265.87866679 -2874.10606788  7047.78256065], v=[ 6.79035804  2.37459238 -0.24941715]
Epoch 1053, t=2460388.4536431474:
  TLE_ECI: r=[-7145.00303557 -1034.95435992 -2726.11846908], v=[-1.81630719 -3.41953029  6.05596866]
  RK45_ECI: r=[ 1311.36682451 -2857.99850517  7046.02834881], v=[ 6.7819815   2.39392651 -0.28912582]
Epoch 1054, t=2460388.4537184103:
  TLE_ECI: r=[-7196.15546262 -1140.53247626 -2543.39772426], v=[-1.62802292 -3.39203708  6.12470757]
  RK45_ECI: r=[ 1356.79155562 -2841.74411939  7044.01599241], v=[ 6.77334023  2.41316546 -0.32882341]
Epoch 1055, t=2460388.453793674:
  TLE_ECI: r=[-7241.59024564 -1245.26643111 -2358.68662292], v=[-1.4384806  -3.36171447  6.18865826]
  RK45_ECI: r=[ 1402.15170758 -2825.34333454  7041.74553946], v=[ 6.76443453  2.43230855 -0.36850902]
Epoch 1056, t=2460388.453868937:
  TLE_ECI: r=[-7281.27233481 -1349.06893186 -2172.12958611], v=[-1.24783155 -3.32858471  6.24776966]
  RK45_ECI: r=[ 1447.44548407 -2808.79681064  7039.21707034], v=[ 6.75526481  2.4513548  -0.40818119]
Epoch 1057, t=2460388.4539442006:
  TLE_ECI: r=[-7315.17127216 -1451.85339496 -1983.87250913], v=[-1.05622802 -3.29267248  6.30199455]
  RK45_ECI: r=[ 1492.67068836 -2792.10536179  7036.4307022 ], v=[ 6.74583159  2.4703031  -0.44783811]
Epoch 1058, t=2460388.454019464:
  TLE_ECI: r=[-7343.26122011 -1553.53399893 -1794.06264587], v=[-0.86382305 -3.2540048   6.35128959]
  RK45_ECI: r=[ 1537.82595155 -2775.26950984  7033.38651181], v=[ 6.73613522  2.48915266 -0.48747869]
Epoch 1059, t=2460388.454094727:
  TLE_ECI: r=[-7365.52098824 -1654.0257354  -1602.84849202], v=[-0.67077036 -3.21261105  6.39561533]
  RK45_ECI: r=[ 1582.90887113 -2758.29016631  7030.08465618], v=[ 6.7261763   2.50790229 -0.52710092]
Epoch 1060, t=2460388.4541699905:
  TLE_ECI: r=[-7381.9340319  -1753.24456813 -1410.37966704], v=[-0.4772242  -3.16852294  6.4349363 ]
  RK45_ECI: r=[ 1627.91830575 -2741.16778025  7026.52521243], v=[ 6.71595515  2.52655132 -0.5667039 ]
Epoch 1061, t=2460388.454245254:
  TLE_ECI: r=[-7392.4884946  -1851.10737467 -1216.80679503], v=[-0.28333926 -3.12177447  6.469221  ]
  RK45_ECI: r=[ 1672.85247527 -2723.90304737  7022.70830823], v=[ 6.70547225  2.54509879 -0.60628618]
Epoch 1062, t=2460388.4543205174:
  TLE_ECI: r=[-7397.17719928 -1947.53210418 -1022.28138471], v=[-0.0892705  -3.07240192  6.49844194]
  RK45_ECI: r=[ 1717.70920264 -2706.49682227  7018.63412008], v=[ 6.69472819  2.56354362 -0.64584593]
Epoch 1063, t=2460388.454395781:
  TLE_ECI: r=[-7395.99765904 -2042.43782574  -826.95570859], v=[ 0.10482696 -3.02044383  6.52257568]
  RK45_ECI: r=[ 1762.48713289 -2688.94965571  7014.30275991], v=[ 6.68372336  2.58188504 -0.68538208]
Epoch 1064, t=2460388.454471044:
  TLE_ECI: r=[-7388.95208556 -2135.74477539  -630.98268127], v=[ 0.29879799 -2.96594096  6.54160286]
  RK45_ECI: r=[ 1807.18388584 -2671.26250292  7009.71445012], v=[ 6.67245843  2.60012189 -0.7248926 ]
Epoch 1065, t=2460388.454546307:
  TLE_ECI: r=[-7376.04736222 -2227.37451202  -434.5157373 ], v=[ 0.49248756 -2.90893623  6.55550819]
  RK45_ECI: r=[ 1851.79833256 -2653.43583745  7004.86929697], v=[ 6.66093377  2.61825351 -0.76437661]
Epoch 1066, t=2460388.4546215707:
  TLE_ECI: r=[-7357.29507505 -2317.24985399  -237.70870842], v=[ 0.68574088 -2.84947472  6.56428046]
  RK45_ECI: r=[ 1896.32871125 -2635.47038984  6999.76747539], v=[ 6.64914991  2.63627897 -0.80383265]
Epoch 1067, t=2460388.454696834:
  TLE_ECI: r=[-7332.71147866 -2405.29503197   -40.71570041], v=[ 0.87840355 -2.78760365  6.56791261]
  RK45_ECI: r=[ 1940.7728667  -2617.36705428  6994.40922118], v=[ 6.63710749  2.65419723 -0.8432589 ]
Epoch 1068, t=2460388.454772097:
  TLE_ECI: r=[-7302.31749556 -2491.43571106   156.30903023], v=[ 1.07032164 -2.72337228  6.56640165]
  RK45_ECI: r=[ 1985.12904732 -2599.12657869  6988.79473539], v=[ 6.62480708  2.67200736 -0.88265391]
Epoch 1069, t=2460388.4548473605:
  TLE_ECI: r=[-7266.13866952 -2575.59914001   353.21119979], v=[ 1.26134192 -2.6568319   6.55974874]
  RK45_ECI: r=[ 2029.39613376 -2580.74945422  6982.92414401], v=[ 6.61224907  2.68970873 -0.92201676]
Epoch 1070, t=2460388.454922624:
  TLE_ECI: r=[-7224.20518658 -2657.71408543   549.83662099], v=[ 1.45131186 -2.5880358   6.54795916]
  RK45_ECI: r=[ 2073.57177482 -2562.23668491  6976.79774418], v=[ 6.59943421  2.70730021 -0.96134547]
Epoch 1071, t=2460388.4549978874:
  TLE_ECI: r=[-7176.55182113 -2737.71097833   746.03132642], v=[ 1.64007986 -2.51703923  6.53104227]
  RK45_ECI: r=[ 2117.65464075 -2543.58886642  6970.41570416], v=[ 6.58636295  2.72478105 -1.00063895]
Epoch 1072, t=2460388.455073151:
  TLE_ECI: r=[-7123.21791318 -2815.52195258   941.64169178], v=[ 1.82749535 -2.44389929  6.50901158]
  RK45_ECI: r=[ 2161.64260038 -2524.80693146  6963.77831899], v=[ 6.57303602  2.74215026 -1.03989538]
Epoch 1073, t=2460388.455148414:
  TLE_ECI: r=[-7064.24734339 -2891.08088238  1136.51455888], v=[ 2.01340889 -2.36867497  6.48188465]
  RK45_ECI: r=[ 2205.53392309 -2505.89166146  6956.88583689], v=[ 6.55945402  2.75940693 -1.0791133 ]
Epoch 1074, t=2460388.455223677:
  TLE_ECI: r=[-6999.68846195 -2964.32352225  1330.49735807], v=[ 2.19767234 -2.29142701  6.44968314]
  RK45_ECI: r=[ 2249.32750407 -2486.84357091  6949.73841306], v=[ 6.54561737  2.77655044 -1.11829183]
Epoch 1075, t=2460388.4552989407:
  TLE_ECI: r=[-6929.59409781 -3035.18743683  1523.43823032], v=[ 2.38013897 -2.21221792  6.41243276]
  RK45_ECI: r=[ 2293.02101955 -2467.66370509  6942.33640977], v=[ 6.53152689  2.79357972 -1.15742895]
Epoch 1076, t=2460388.455374204:
  TLE_ECI: r=[-6854.0214804  -3103.61213822  1715.18614843], v=[ 2.56066355 -2.1311119   6.37016326]
  RK45_ECI: r=[ 2336.61315725 -2448.35268674  6934.68003042], v=[ 6.51718307  2.81049402 -1.1965236 ]
Epoch 1077, t=2460388.4554494675:
  TLE_ECI: r=[-6773.03219922 -3169.53911697  1905.59103756], v=[ 2.73910252 -2.04817476  6.32290836]
  RK45_ECI: r=[ 2380.1018122  -2428.91148588  6926.76962912], v=[ 6.50258669  2.82729239 -1.23557396]
Epoch 1078, t=2460388.4555247305:
  TLE_ECI: r=[-6686.69216141 -3232.91187201  2094.50389489], v=[ 2.91531409 -1.9634739   6.2707058 ]
  RK45_ECI: r=[ 2423.48527634 -2409.34091655  6918.60550112], v=[ 6.4877384   2.84397395 -1.27457858]
Epoch 1079, t=2460388.455599994:
  TLE_ECI: r=[-6595.07149776 -3293.67603843  2281.7769081 ], v=[ 3.08915835 -1.87707821  6.21359721]
  RK45_ECI: r=[ 2466.76246028 -2389.641516    6910.18783073], v=[ 6.47263866  2.86053809 -1.31353658]
Epoch 1080, t=2460388.4556752574:
  TLE_ECI: r=[-6498.24456    -3351.77931493  2467.26357307], v=[ 3.2604974  -1.78905805  6.15162814]
  RK45_ECI: r=[ 2509.93106998 -2369.81436945  6901.51704508], v=[ 6.45728833  2.87698377 -1.35244596]
Epoch 1081, t=2460388.455750521:
  TLE_ECI: r=[-6396.28982048 -3407.17158801  2650.81881002], v=[ 3.42919544 -1.69948518  6.084848  ]
  RK45_ECI: r=[ 2552.98981186 -2349.8601259   6892.59338259], v=[ 6.44168795  2.89331029 -1.39130565]
Epoch 1082, t=2460388.4558257842:
  TLE_ECI: r=[-6289.2898154  -3459.80495457  2832.29907852], v=[ 3.59511892 -1.60843267  6.01330999]
  RK45_ECI: r=[ 2595.93660888 -2329.77979178  6883.4172561 ], v=[ 6.42583835  2.90951669 -1.43011385]
Epoch 1083, t=2460388.455901047:
  TLE_ECI: r=[-6177.33108536 -3509.63374504  3011.56249109], v=[ 3.7581366  -1.51597488  5.93707109]
  RK45_ECI: r=[ 2638.76997291 -2309.57412337  6873.9889628 ], v=[ 6.40974015  2.92560221 -1.46886931]
Epoch 1084, t=2460388.4559763107:
  TLE_ECI: r=[-6060.50406183 -3556.61463467  3188.46892508], v=[ 3.91811972 -1.42218732  5.85619198]
  RK45_ECI: r=[ 2681.488244   -2289.24394793  6864.30885043], v=[ 6.39339405  2.94156607 -1.50757059]
Epoch 1085, t=2460388.456051574:
  TLE_ECI: r=[-5938.90305244 -3600.70657078  3362.88013321], v=[ 4.07494202 -1.32714669  5.77073699]
  RK45_ECI: r=[ 2724.08974679 -2268.79012163  6854.37727607], v=[ 6.37680077  2.95740744 -1.54621627]
Epoch 1086, t=2460388.4561268375:
  TLE_ECI: r=[-5812.62612131 -3641.8708811   3534.65985225], v=[ 4.22847992 -1.23093073  5.68077403]
  RK45_ECI: r=[ 2766.57301189 -2248.21340836  6844.19455769], v=[ 6.35996095  2.97312557 -1.5848051 ]
Epoch 1087, t=2460388.4562021005:
  TLE_ECI: r=[-5681.77502807 -3680.07127136  3703.67390988], v=[ 4.37861257 -1.13361819  5.58637458]
  RK45_ECI: r=[ 2808.93579214 -2227.51494914  6833.76121602], v=[ 6.34287555  2.98871947 -1.62333512]
Epoch 1088, t=2460388.456277364:
  TLE_ECI: r=[-5546.45509978 -3715.27392337  3869.79032965], v=[ 4.52522194 -1.03528873  5.48761355]
  RK45_ECI: r=[ 2851.17722286 -2206.69523038  6823.07744008], v=[ 6.32554499  3.00418862 -1.66180563]
Epoch 1089, t=2460388.4563526274:
  TLE_ECI: r=[-5406.775208   -3747.44742193  4032.87943418], v=[ 4.66819296 -0.9360229   5.38456927]
  RK45_ECI: r=[ 2893.29506878 -2185.75540634  6812.14377259], v=[ 6.30797027  3.01953204 -1.70021466]
Epoch 1090, t=2460388.456427891:
  TLE_ECI: r=[-5262.84763533 -3776.56284962  4192.81394603], v=[ 4.80741356 -0.83590204  5.2773234 ]
  RK45_ECI: r=[ 2935.28788084 -2164.69626426  6800.96056731], v=[ 6.29015205  3.03474899 -1.73856099]
Epoch 1091, t=2460388.4565031542:
  TLE_ECI: r=[-5114.78799299 -3802.59379425  4349.46908659], v=[ 4.94277478 -0.7350082   5.16596086]
  RK45_ECI: r=[ 2977.15421331 -2143.51859523  6789.52818251], v=[ 6.27209104  3.04983876 -1.77684338]
Epoch 1092, t=2460388.456578417:
  TLE_ECI: r=[-4962.71513694 -3825.51635604  4502.72267283], v=[ 5.07417084 -0.63342412  5.05056974]
  RK45_ECI: r=[ 3018.89185388 -2122.22357745  6777.84720254], v=[ 6.25378824  3.06480039 -1.81505988]
Epoch 1093, t=2460388.4566536807:
  TLE_ECI: r=[-4806.75102483 -3845.30922686  4652.45521154], v=[ 5.20149922 -0.53123308  4.93124127]
  RK45_ECI: r=[ 3060.49995323 -2100.8117162   6765.91783895], v=[ 6.23524411  3.07963336 -1.8532098 ]
Epoch 1094, t=2460388.456728944:
  TLE_ECI: r=[-4647.02068271 -3861.95361961  4798.5499916 ], v=[ 5.32466074 -0.42851889  4.80806968]
  RK45_ECI: r=[ 3101.97631186 -2079.28420231  6753.74069786], v=[ 6.21645969  3.09433672 -1.89129122]
Epoch 1095, t=2460388.4568042075:
  TLE_ECI: r=[-4483.65205814 -3875.43334325  4940.89317351], v=[ 5.44355966 -0.32536584  4.68115215]
  RK45_ECI: r=[ 3143.31969463 -2057.6417548   6741.31611407], v=[ 6.19743563  3.10890983 -1.92930307]
Epoch 1096, t=2460388.456879471:
  TLE_ECI: r=[-4316.77592669 -3885.73480158  5079.37387667], v=[ 5.55810367 -0.22185854  4.55058876]
  RK45_ECI: r=[ 3184.52811323 -2035.88547612  6728.64466231], v=[ 6.17817291  3.12335182 -1.96724362]
Epoch 1097, t=2460388.456954734:
  TLE_ECI: r=[-4146.52579639 -3892.84699282  5213.88426408], v=[ 5.66820405 -0.11808197  4.41648232]
  RK45_ECI: r=[ 3225.59995991 -2014.01629568  6715.72681326], v=[ 6.15867235  3.13766192 -2.00511146]
Epoch 1098, t=2460388.4570299974:
  TLE_ECI: r=[-3973.0377538  -3896.76156793  5344.31962437], v=[ 5.77377568 -0.01412127  4.27893837]
  RK45_ECI: r=[ 3266.53421254 -1992.03483192  6702.56285959], v=[ 6.13893452  3.15183958 -2.04290574]
Epoch 1099, t=2460388.457105261:
  TLE_ECI: r=[-3796.45042187 -3897.47276329  5470.57845151], v=[5.87473709 0.08993821 4.13806505]
  RK45_ECI: r=[ 3307.32870937 -1969.94231135  6689.15347016], v=[ 6.11896052  3.16588388 -2.08062455]
Epoch 1100, t=2460388.4571805242:
  TLE_ECI: r=[-3616.90480223 -3894.97745599  5592.56252155], v=[5.97101056 0.19401103 3.99397301]
  RK45_ECI: r=[ 3347.98223848 -1947.73947667  6675.4990134 ], v=[ 6.09875104  3.1797942  -2.11826685]
Epoch 1101, t=2460388.4572557877:
  TLE_ECI: r=[-3434.54417278 -3889.27515406  5710.17696676], v=[6.06252213 0.29801172 3.84677533]
  RK45_ECI: r=[ 3388.49284705 -1925.42746258  6661.60012073], v=[ 6.07830712  3.1935697  -2.15583091]
Epoch 1102, t=2460388.4573310507:
  TLE_ECI: r=[-3249.51398372 -3880.36798768  5823.33034716], v=[6.14920167 0.40185486 3.69658742]
  RK45_ECI: r=[ 3428.85895749 -1903.00722685  6647.4573078 ], v=[ 6.05762963  3.20720964 -2.19331536]
Epoch 1103, t=2460388.457406314:
  TLE_ECI: r=[-3061.96169534 -3868.26074662  5931.93471896], v=[6.23098293 0.50545517 3.54352695]
  RK45_ECI: r=[ 3469.07956791 -1880.47940791  6633.07089495], v=[ 6.03671918  3.22071348 -2.23071935]
Epoch 1104, t=2460388.4574815775:
  TLE_ECI: r=[-2872.03672818 -3852.96081777  6035.90570059], v=[6.30780357 0.60872751 3.38771372]
  RK45_ECI: r=[ 3509.15255657 -1857.84526665  6618.44161307], v=[ 6.01557693  3.23408035 -2.26804098]
Epoch 1105, t=2460388.457556841:
  TLE_ECI: r=[-2679.89029823 -3834.47821943  6135.16253553], v=[6.3796052  0.71158701 3.22926958]
  RK45_ECI: r=[ 3549.07673607 -1835.10556881  6603.56986382], v=[ 5.9942036   3.24730962 -2.30527923]
Epoch 1106, t=2460388.457632104:
  TLE_ECI: r=[-2485.67531896 -3812.82557629  6229.62815251], v=[6.44633345 0.81394908 3.06831833]
  RK45_ECI: r=[ 3588.85000347 -1812.26159023  6588.45640611], v=[ 5.9726004   3.26040044 -2.34243223]
Epoch 1107, t=2460388.4577073674:
  TLE_ECI: r=[-2289.54623511 -3788.0181395   6319.22922254], v=[6.50793792 0.9157296  2.90498565]
  RK45_ECI: r=[ 3628.47137582 -1789.31398617  6573.10158555], v=[ 5.95076795  3.27335229 -2.37949914]
Epoch 1108, t=2460388.457782631:
  TLE_ECI: r=[-2091.65896739 -3760.07372933  6403.89621339], v=[6.56437233 1.01684482 2.73939897]
  RK45_ECI: r=[ 3667.93930984 -1766.26374434  6557.50596426], v=[ 5.92870719  3.28616444 -2.41647859]
Epoch 1109, t=2460388.4578578942:
  TLE_ECI: r=[-1892.17074438 -3729.0127523   6483.56344079], v=[6.61559443 1.11721153 2.57168738]
  RK45_ECI: r=[ 3707.25191363 -1743.11204877  6541.67026293], v=[ 5.90641924  3.29883614 -2.45336889]
Epoch 1110, t=2460388.4579331577:
  TLE_ECI: r=[-1691.2399897  -3694.8581774   6558.16911684], v=[6.66156611 1.2167471  2.40198152]
  RK45_ECI: r=[ 3746.40802562 -1719.85968756  6525.59491606], v=[ 5.88390488  3.31136677 -2.49016904]
Epoch 1111, t=2460388.4580084207:
  TLE_ECI: r=[-1489.02620791 -3657.63551398  6627.65539539], v=[6.70225339 1.31536951 2.23041351]
  RK45_ECI: r=[ 3785.40558609 -1696.50796905  6509.28074351], v=[ 5.86116537  3.32375552 -2.52687716]
Epoch 1112, t=2460388.458083684:
  TLE_ECI: r=[-1285.68981607 -3617.37281011  6691.96841433], v=[6.7376264  1.41299755 2.05711684]
  RK45_ECI: r=[ 3824.24363453 -1673.05756725  6492.72811789], v=[ 5.83820137  3.33600189 -2.56349244]
Epoch 1113, t=2460388.4581589475:
  TLE_ECI: r=[-1081.39208285 -3574.10060254  6751.05833513], v=[6.76765946 1.50955067 1.88222623]
  RK45_ECI: r=[ 3862.92066133 -1649.50949627  6475.93764519], v=[ 5.81501386  3.34810519 -2.60001354]
Epoch 1114, t=2460388.458234211:
  TLE_ECI: r=[ -876.29495884 -3527.85191246  6804.87937909], v=[6.79233108 1.60494921 1.7058776 ]
  RK45_ECI: r=[ 3901.43481533 -1625.86496938  6458.91010104], v=[ 5.79160404  3.36006468 -2.63643877]
Epoch 1115, t=2460388.4583094744:
  TLE_ECI: r=[ -670.56096095 -3478.66221483  6853.38986067], v=[6.81162392 1.69911439 1.5282079 ]
  RK45_ECI: r=[ 3939.78496214 -1602.12479612  6441.64595236], v=[ 5.76797271  3.3718798  -2.67276714]
Epoch 1116, t=2460388.4583847374:
  TLE_ECI: r=[ -464.35305549 -3426.56940952  6896.55221778], v=[6.82552486 1.79196836 1.34935506]
  RK45_ECI: r=[ 3977.96908757 -1578.29031587  6424.14607925], v=[ 5.7441212   3.38354975 -2.70899681]
Epoch 1117, t=2460388.458460001:
  TLE_ECI: r=[ -257.83449112 -3371.6137981   6934.33303895], v=[6.83402494 1.88343436 1.16945786]
  RK45_ECI: r=[ 4015.98625453 -1554.36222089  6406.41088102], v=[ 5.72005021  3.39507407 -2.74512696]
Epoch 1118, t=2460388.4585352642:
  TLE_ECI: r=[  -51.16873234 -3313.8380424   6966.70308759], v=[6.83711945 1.97343664 0.98865581]
  RK45_ECI: r=[ 4053.83498886 -1530.34155043  6388.44100703], v=[ 5.69576077  3.4064521  -2.78115627]
Epoch 1119, t=2460388.4586105277:
  TLE_ECI: r=[  155.48070803 -3253.28713887  6993.63732303], v=[6.83480782 2.0619006  0.80708912]
  RK45_ECI: r=[ 4091.51348212 -1506.2295457   6370.23728719], v=[ 5.67125413  3.41768314 -2.81708308]
Epoch 1120, t=2460388.458685791:
  TLE_ECI: r=[  361.95038572 -3190.00838176  7015.11491861], v=[6.82709371 2.14875282 0.62489851]
  RK45_ECI: r=[ 4129.02062843 -1482.0270367   6351.8002205 ], v=[ 5.64653113  3.42876665 -2.8529064 ]
Epoch 1121, t=2460388.458761054:
  TLE_ECI: r=[  568.07704244 -3124.05132806  7031.11927658], v=[6.81398495 2.23392113 0.44222516]
  RK45_ECI: r=[ 4166.35446115 -1457.73539252  6333.13074658], v=[ 5.62159316  3.43970189 -2.88862441]
Epoch 1122, t=2460388.4588363175:
  TLE_ECI: r=[  773.69776922 -3055.46775336  7041.63804002], v=[6.79549356 2.31733471 0.25921061]
  RK45_ECI: r=[ 4203.51406781 -1433.35532273  6314.22929118], v=[ 5.59644095  3.45048841 -2.92423632]
Epoch 1123, t=2460388.458911581:
  TLE_ECI: r=[  978.65007732 -2984.31161956  7046.66310171], v=[6.7716357  2.39892403 0.07599662]
  RK45_ECI: r=[ 4240.49801129 -1408.88789041  6295.09654651], v=[ 5.57107558  3.46112559 -2.95974079]
Epoch 1124, t=2460388.4589868444:
  TLE_ECI: r=[ 1182.77206077 -2910.63902856  7046.19060978], v=[ 6.74243171  2.478621   -0.10727489]
  RK45_ECI: r=[ 4277.30452772 -1384.33436332  6275.73339615], v=[ 5.54549835  3.47161277 -2.9951362 ]
Epoch 1125, t=2460388.4590621074:
  TLE_ECI: r=[ 1385.90250431 -2834.50818372  7040.22097048], v=[ 6.70790604  2.55635897 -0.29046199]
  RK45_ECI: r=[ 4313.93220003 -1359.6958162   6256.1405558 ], v=[ 5.51971038  3.48194937 -3.03042125]
Epoch 1126, t=2460388.459137371:
  TLE_ECI: r=[ 1587.88104154 -2755.97932941  7028.75884764], v=[ 6.66808726  2.63207289 -0.47342277]
  RK45_ECI: r=[ 4350.38013383 -1334.97297068  6236.31846895], v=[ 5.49371239  3.49213494 -3.06559512]
Epoch 1127, t=2460388.4592126342:
  TLE_ECI: r=[ 1788.5482283  -2675.11472656  7011.81315926], v=[ 6.62300805  2.70569917 -0.65601554]
  RK45_ECI: r=[ 4386.64641963 -1310.16722798  6216.26814241], v=[ 5.46750586  3.5021688  -3.10065604]
Epoch 1128, t=2460388.4592878977:
  TLE_ECI: r=[ 1987.7457     -2591.97859024  6989.39707095], v=[ 6.57270514  2.77717591 -0.83809884]
  RK45_ECI: r=[ 4422.72999953 -1285.27944903  6195.99012582], v=[ 5.44109167  3.51205045 -3.13560302]
Epoch 1129, t=2460388.459363161:
  TLE_ECI: r=[ 2185.31628579 -2506.63704305  6961.52798622], v=[ 6.5172193   2.84644285 -1.0195316 ]
  RK45_ECI: r=[ 4458.62915608 -1260.3109263   6175.48535569], v=[ 5.41447117  3.5217793  -3.17043446]
Epoch 1130, t=2460388.459438424:
  TLE_ECI: r=[ 2381.10412298 -2419.15807091  6928.22753383], v=[ 6.45659533  2.91344142 -1.20017323]
  RK45_ECI: r=[ 4494.34251139 -1235.26275657  6154.75458977], v=[ 5.38764551  3.53135477 -3.20514907]
Epoch 1131, t=2460388.4595136875:
  TLE_ECI: r=[ 2574.95480646 -2329.61144295  6889.52155193], v=[ 6.39088197  2.97811489 -1.37988371]
  RK45_ECI: r=[ 4529.86919719 -1210.13567723  6133.79829751], v=[ 5.36061545  3.54077646 -3.23974606]
Epoch 1132, t=2460388.459588951:
  TLE_ECI: r=[ 2766.71546516 -2238.06869713  6845.44006929], v=[ 6.32013196  3.04040827 -1.55852369]
  RK45_ECI: r=[ 4565.20735567 -1184.93111561  6112.61754359], v=[ 5.3333825   3.55004373 -3.27422366]
Epoch 1133, t=2460388.4596642144:
  TLE_ECI: r=[ 2956.23490969 -2144.60305851  6796.01728333], v=[ 6.24440191  3.10026845 -1.73595461]
  RK45_ECI: r=[ 4600.35596028 -1159.64995032  6091.21290875], v=[ 5.30594757  3.55915613 -3.30858092]
Epoch 1134, t=2460388.459739478:
  TLE_ECI: r=[ 3143.36374252 -2049.28938845  6741.29153519], v=[ 6.16375231  3.15764421 -1.9120388 ]
  RK45_ECI: r=[ 4635.31334147 -1134.29349736  6069.58538167], v=[ 5.27831208  3.56811307 -3.34281626]
Epoch 1135, t=2460388.459814741:
  TLE_ECI: r=[ 3327.95446839 -1952.20413587  6681.30528174], v=[ 6.07824749  3.21248628 -2.08663957]
  RK45_ECI: r=[ 4670.07816175 -1108.86287416  6047.7357615 ], v=[ 5.25047718  3.57691405 -3.3769284 ]
Epoch 1136, t=2460388.4598900042:
  TLE_ECI: r=[ 3509.86163234 -1853.42523916  6616.10506442], v=[ 5.9879555   3.26474738 -2.25962131]
  RK45_ECI: r=[ 4704.64957976 -1083.35883293  6025.66454329], v=[ 5.22244368  3.58555868 -3.41091657]
Epoch 1137, t=2460388.4599652677:
  TLE_ECI: r=[ 3688.94189796 -1753.03212157  6545.7414753 ], v=[ 5.89294821  3.31438225 -2.4308496 ]
  RK45_ECI: r=[ 4739.02579103 -1057.78282532  6003.37284861], v=[ 5.19421312  3.59404636 -3.44477903]
Epoch 1138, t=2460388.460040531:
  TLE_ECI: r=[ 3865.05418299 -1651.10559192  6470.26911989], v=[ 5.79330111  3.36134768 -2.60019131]
  RK45_ECI: r=[ 4773.20580117 -1032.13574682  5980.86128879], v=[ 5.16578645  3.60237668 -3.47851486]
Epoch 1139, t=2460388.460115794:
  TLE_ECI: r=[ 4038.05975919 -1547.72780175  6389.74657708], v=[ 5.68909335  3.40560255 -2.76751468]
  RK45_ECI: r=[ 4807.18783032 -1006.41905955  5958.13101095], v=[ 5.13716525  3.61054904 -3.51212233]
Epoch 1140, t=2460388.4601910575:
  TLE_ECI: r=[ 4207.82237955 -1442.98213389  6304.23635595], v=[ 5.58040765  3.44710794 -2.93268947]
  RK45_ECI: r=[4840.97121764 -980.63341716 5935.18242514], v=[ 5.10835018  3.61856314 -3.54560084]
Epoch 1141, t=2460388.460266321:
  TLE_ECI: r=[ 4374.20835701 -1336.95320598  6213.80484979], v=[ 5.46733022  3.48582705 -3.095587  ]
  RK45_ECI: r=[4874.55420246 -954.78028975 5912.01669766], v=[ 5.07934285  3.62641839 -3.57894867]
Epoch 1142, t=2460388.4603415844:
  TLE_ECI: r=[ 4537.08668868 -1229.72675784  6118.52228698], v=[ 5.34995078  3.52172529 -3.25608028]
  RK45_ECI: r=[4907.93566263 -928.86069644 5888.63457412], v=[ 5.05014434  3.63411438 -3.61216476]
Epoch 1143, t=2460388.460416848:
  TLE_ECI: r=[ 4696.32915435 -1121.38959449  6018.462679  ], v=[ 5.22836238  3.55477034 -3.41404409]
  RK45_ECI: r=[4941.11448092 -902.87565879 5865.03680401], v=[ 5.02075575  3.64165068 -3.64524804]
Epoch 1144, t=2460388.460492111:
  TLE_ECI: r=[ 4851.81041473 -1012.02953143  5913.70376552], v=[ 5.10266147  3.5849321  -3.56935513]
  RK45_ECI: r=[4974.08893312 -876.82666095 5841.22458975], v=[ 4.99117869  3.64902675 -3.67819683]
Epoch 1145, t=2460388.4605673742:
  TLE_ECI: r=[5003.40812281 -901.73526853 5804.32695655], v=[ 4.97294767  3.61218286 -3.72189202]
  RK45_ECI: r=[5006.85838208 -850.71436876 5817.1983609 ], v=[ 4.96141387  3.65624229 -3.71101053]
Epoch 1146, t=2460388.4606426377:
  TLE_ECI: r=[5151.00300222 -790.59640262 5690.41727173], v=[ 4.83932384  3.63649715 -3.8715355 ]
  RK45_ECI: r=[5039.42112334 -824.5402739  5792.95933868], v=[ 4.93146291  3.66329677 -3.74368748]
Epoch 1147, t=2460388.460717901:
  TLE_ECI: r=[5294.47895491 -678.70330034 5572.06327679], v=[ 4.70189596  3.65785191 -4.01816844]
  RK45_ECI: r=[5071.776073   -798.30541144 5768.50830307], v=[ 4.90132695  3.67018981 -3.77622662]
Epoch 1148, t=2460388.4607931646:
  TLE_ECI: r=[5433.72315036 -566.14703946 5449.35701714], v=[ 4.560773    3.67622644 -4.161676  ]
  RK45_ECI: r=[5103.92215216 -772.01081904 5743.8460379 ], v=[ 4.87100709  3.67692099 -3.80862692]
Epoch 1149, t=2460388.4608684275:
  TLE_ECI: r=[5568.62611441 -453.01935168 5322.39394869], v=[ 4.41606694  3.69160243 -4.30194566]
  RK45_ECI: r=[5135.85769384 -745.65800144 5718.97379964], v=[ 4.84050502  3.68348984 -3.84088674]
Epoch 1150, t=2460388.460943691:
  TLE_ECI: r=[5699.08182258 -339.41248386 5191.27286593], v=[ 4.26789256  3.70396404 -4.43886737]
  RK45_ECI: r=[5167.58208517 -719.24763582 5693.8920369 ], v=[ 4.80982144  3.68989607 -3.87300548]
Epoch 1151, t=2460388.4610189544:
  TLE_ECI: r=[5824.98777622 -225.41921969 5056.09582726], v=[ 4.11636749  3.71329784 -4.57233361]
  RK45_ECI: r=[5199.09367949 -692.78123373 5668.60202449], v=[ 4.77895803  3.69613919 -3.90498154]
Epoch 1152, t=2460388.461094218:
  TLE_ECI: r=[5946.24509131 -111.13274082 4916.96807764], v=[ 3.96161203  3.71959287 -4.70223947]
  RK45_ECI: r=[5230.39157703 -666.25973253 5643.10445584], v=[ 4.74791582  3.70221886 -3.93681403]
Epoch 1153, t=2460388.4611694813:
  TLE_ECI: r=[6.06275858e+03 3.35343356e+00 4.77399797e+03], v=[ 3.80374909  3.72284066 -4.82848275]
  RK45_ECI: r=[5261.47430357 -639.68452368 5617.40050867], v=[ 4.71669636  3.70813465 -3.96850149]
Epoch 1154, t=2460388.4612447442:
  TLE_ECI: r=[6174.43681078  117.94550467 4627.29687598], v=[ 3.6429041   3.72303519 -4.95096406]
  RK45_ECI: r=[5292.34068566 -613.05679201 5591.4911318 ], v=[ 4.68530097  3.71388618 -4.00004276]
Epoch 1155, t=2460388.4613200077:
  TLE_ECI: r=[6281.19221584  232.54954313 4476.97911414], v=[ 3.4792049   3.72017302 -5.06958686]
  RK45_ECI: r=[5322.98999043 -586.37733827 5565.37691247], v=[ 4.6537305   3.71947315 -4.03143715]
Epoch 1156, t=2460388.461395271:
  TLE_ECI: r=[6382.94112902  347.07145809 4323.16184909], v=[ 3.31278165  3.71425315 -5.18425761]
  RK45_ECI: r=[5353.42063057 -559.6476927  5539.05917781], v=[ 4.62198669  3.72489513 -4.06268305]
Epoch 1157, t=2460388.4614705346:
  TLE_ECI: r=[6479.60387069  461.41714658 4165.96500811], v=[ 3.14376674  3.70527714 -5.29488577]
  RK45_ECI: r=[5383.63174183 -532.8688056  5512.53864918], v=[ 4.59007059  3.7301518  -4.09377962]
Epoch 1158, t=2460388.4615457975:
  TLE_ECI: r=[6571.10481108  575.49253363 4005.51118746], v=[ 2.97229469  3.69324905 -5.40138395]
  RK45_ECI: r=[5413.62176427 -506.04221481 5485.81667711], v=[ 4.55798395  3.73524275 -4.12472529]
Epoch 1159, t=2460388.461621061:
  TLE_ECI: r=[6657.37242574  689.20372695 3841.92555765], v=[ 2.79850197  3.67817551 -5.50366793]
  RK45_ECI: r=[5443.38999217 -479.16873045 5458.89386989], v=[ 4.52572766  3.74016771 -4.15551936]
Epoch 1160, t=2460388.4616963244:
  TLE_ECI: r=[6738.33936326  802.45698009 3675.33576653], v=[ 2.62252702  3.66006564 -5.60165677]
  RK45_ECI: r=[5472.93530128 -452.24955381 5431.77121514], v=[ 4.49330307  3.74492631 -4.18616073]
Epoch 1161, t=2460388.461771588:
  TLE_ECI: r=[6813.94249494  915.15884651 3505.8718402 ], v=[ 2.44451005  3.63893111 -5.69527288]
  RK45_ECI: r=[5502.25630588 -425.28610202 5404.44996509], v=[ 4.46071181  3.74951822 -4.21664797]
Epoch 1162, t=2460388.4618468513:
  TLE_ECI: r=[6884.12296799 1027.2162384  3333.66608176], v=[ 2.26459294  3.6147861  -5.78444204]
  RK45_ECI: r=[5531.35217812 -398.2793377  5376.93086826], v=[ 4.42795494  3.75394312 -4.24698027]
Epoch 1163, t=2460388.4619221142:
  TLE_ECI: r=[6948.8262575  1138.53648406 3158.85296814], v=[ 2.08291916  3.58764732 -5.86909355]
  RK45_ECI: r=[5560.22141979 -371.23081476 5349.21532559], v=[ 4.39503428  3.75820065 -4.2771561 ]
Epoch 1164, t=2460388.4619973777:
  TLE_ECI: r=[7008.00219838 1249.02748664 2981.56904493], v=[ 1.8996336   3.557534   -5.94916022]
  RK45_ECI: r=[5588.86335628 -344.14135355 5321.30396751], v=[ 4.36195073  3.76229057 -4.30717478]
Epoch 1165, t=2460388.462072641:
  TLE_ECI: r=[7061.60504596 1358.59767985 2801.95281935], v=[ 1.7148825   3.52446785 -6.02457845]
  RK45_ECI: r=[5617.27691059 -317.01216886 5293.19781768], v=[ 4.32870568  3.76621256 -4.33703523]
Epoch 1166, t=2460388.4621479046:
  TLE_ECI: r=[7109.59350145 1467.15618567 2620.14465143], v=[ 1.52881331  3.48847309 -6.09528832]
  RK45_ECI: r=[5645.46075428 -289.8446919  5264.89817336], v=[ 4.29530081  3.7699663  -4.36673607]
Epoch 1167, t=2460388.462223168:
  TLE_ECI: r=[7151.93074924 1574.61287075 2436.28664359], v=[ 1.34157459  3.44957637 -6.16123359]
  RK45_ECI: r=[5673.41409685 -262.63989652 5236.40580948], v=[ 4.26173721  3.77355152 -4.3962765 ]
Epoch 1168, t=2460388.462298431:
  TLE_ECI: r=[7188.58449236 1680.87840129 2250.52252856], v=[ 1.15331584  3.40780685 -6.22236182]
  RK45_ECI: r=[5701.13550341 -235.39935111 5207.72217602], v=[ 4.22801673  3.77696792 -4.42565504]
Epoch 1169, t=2460388.4623736944:
  TLE_ECI: r=[7219.52695985 1785.86440294 2062.99755584], v=[ 0.96418742  3.36319609 -6.27862433]
  RK45_ECI: r=[5728.62433128 -208.12388526 5178.84792498], v=[ 4.19414032  3.78021526 -4.45487103]
Epoch 1170, t=2460388.462448958:
  TLE_ECI: r=[7244.73495853 1889.48340902 1873.8583767 ], v=[ 0.77434041  3.31577806 -6.32997634]
  RK45_ECI: r=[5755.87955196 -180.81472608 5149.7841151 ], v=[ 4.16010939  3.78329326 -4.48392341]
Epoch 1171, t=2460388.4625242213:
  TLE_ECI: r=[7264.18987338 1991.64901901 1683.252928  ], v=[ 0.58392648  3.26558913 -6.37637694]
  RK45_ECI: r=[5782.89989566 -153.47331734 5120.53208747], v=[ 4.12592566  3.78620165 -4.51281085]
Epoch 1172, t=2460388.4625994847:
  TLE_ECI: r=[7277.87768748 2092.27595114 1491.3303147 ], v=[ 0.39309778  3.21266802 -6.41778915]
  RK45_ECI: r=[5809.68461024 -126.10064284 5091.09264268], v=[ 4.09159026  3.78894021 -4.54153256]
Epoch 1173, t=2460388.4626747477:
  TLE_ECI: r=[7285.78900016 2191.28009272 1298.24069135], v=[ 0.20200677  3.15705577 -6.45417998]
  RK45_ECI: r=[5836.23232566  -98.69828383 5061.46727851], v=[ 4.05710508  3.79150866 -4.5700871 ]
Epoch 1174, t=2460388.462750011:
  TLE_ECI: r=[7287.91900902 2288.57865807 1104.13514266], v=[ 0.01080615  3.09879575 -6.48552041]
  RK45_ECI: r=[5862.54243195  -71.2670783  5031.65666792], v=[ 4.02247109  3.7939068  -4.59847382]
Epoch 1175, t=2460388.4628252746:
  TLE_ECI: r=[7284.26755152 2384.09013036  909.16556302], v=[-0.18035132  3.03793355 -6.51178547]
  RK45_ECI: r=[5888.61395029  -43.80826412 5001.66190379], v=[ 3.98768973  3.7961344  -4.62669171]
Epoch 1176, t=2460388.462900538:
  TLE_ECI: r=[7274.83907989 2477.73441682  713.48453541], v=[-0.37131292  2.97451702 -6.53295422]
  RK45_ECI: r=[5914.44567092  -16.32329582 4971.48436987], v=[ 3.95276277  3.79819124 -4.65473945]
Epoch 1177, t=2460388.462975801:
  TLE_ECI: r=[7259.64267085 2569.43287416  517.24520966], v=[-0.5619261   2.90859617 -6.54900981]
  RK45_ECI: r=[5940.03664184   11.18658415 4941.1251776 ], v=[ 3.91769168  3.8000771  -4.68261603]
Epoch 1178, t=2460388.4630510644:
  TLE_ECI: r=[7238.69198755 2659.10846149  320.60118014], v=[-0.75203863  2.84022317 -6.55993945]
  RK45_ECI: r=[5965.38627654   38.72053198 4910.58501378], v=[ 3.88247743  3.8017918  -4.71032082]
Epoch 1179, t=2460388.463126328:
  TLE_ECI: r=[7212.00531226 2746.68567782  123.70636297], v=[-0.94149872  2.76945229 -6.56573448]
  RK45_ECI: r=[5990.49328125   66.27695413 4879.86542923], v=[ 3.84712197  3.80333515 -4.73785242]
Epoch 1180, t=2460388.4632015913:
  TLE_ECI: r=[7179.60550113 2832.09071216  -73.28512691], v=[-1.13015512  2.69633986 -6.5663903 ]
  RK45_ECI: r=[6015.35696694   93.8548528  4848.96726431], v=[ 3.81162645  3.80470695 -4.76521009]
Epoch 1181, t=2460388.4632768547:
  TLE_ECI: r=[7141.51997179 2915.25148527 -270.21909904], v=[-1.3178573   2.62094422 -6.56190646]
  RK45_ECI: r=[6039.97618513  121.45276429 4817.89194421], v=[ 3.77599268  3.80590704 -4.79239255]
Epoch 1182, t=2460388.4633521177:
  TLE_ECI: r=[7097.78068859 2996.09769055 -466.94141064], v=[-1.50445553  2.54332565 -6.55228659]
  RK45_ECI: r=[6064.35003502  149.06943767 4786.64061312], v=[ 3.74022214  3.80693525 -4.81939883]
Epoch 1183, t=2460388.463427381:
  TLE_ECI: r=[7048.42410014 3074.56093779 -663.29808983], v=[-1.68980106  2.46354636 -6.53753844]
  RK45_ECI: r=[6088.47796397  176.70402252 4755.21397795], v=[ 3.70431583  3.80779143 -4.8462283 ]
Epoch 1184, t=2460388.4635026446:
  TLE_ECI: r=[6993.49116034 3150.57468599 -859.13545879], v=[-1.87374619  2.3816704  -6.51767387]
  RK45_ECI: r=[6112.35874594  204.3549166  4723.61363446], v=[ 3.66827573  3.80847543 -4.87287961]
Epoch 1185, t=2460388.463577908:
  TLE_ECI: r=[ 6933.02725868  3224.07438435 -1054.30025642], v=[-2.05614442  2.29776364 -6.49270879]
  RK45_ECI: r=[6135.99173223  232.02111507 4691.84044698], v=[ 3.63210302  3.8089871  -4.89935204]
Epoch 1186, t=2460388.4636531714:
  TLE_ECI: r=[ 6867.08219004  3294.99750664 -1248.63976079], v=[-2.23685058  2.21189366 -6.46266322]
  RK45_ECI: r=[6159.37583672  259.70114703 4659.895881  ], v=[ 3.59579951  3.80932633 -4.92564436]
Epoch 1187, t=2460388.4637284344:
  TLE_ECI: r=[ 6795.71012229  3363.28358424 -1442.00191098], v=[-2.41572093  2.12412978 -6.42756121]
  RK45_ECI: r=[6182.51021062  287.39375445 4627.78111246], v=[ 3.55936674  3.80949299 -4.9517556 ]
Epoch 1188, t=2460388.463803698:
  TLE_ECI: r=[ 6718.96951063  3428.87433827 -1634.23542826], v=[-2.59261332  2.03454286 -6.38743084]
  RK45_ECI: r=[6205.3943356   315.0980813  4595.49686779], v=[ 3.52280569  3.80948695 -4.97768519]
Epoch 1189, t=2460388.4638789613:
  TLE_ECI: r=[ 6636.9231065   3491.71360912 -1825.18993673], v=[-2.76738726  1.94320541 -6.34230422]
  RK45_ECI: r=[6228.0270544   342.81251881 4563.04478635], v=[ 3.48611839  3.80930814 -5.0034318 ]
Epoch 1190, t=2460388.4639542247:
  TLE_ECI: r=[ 6549.63786549  3551.74748454 -2014.7160828 ], v=[-2.93990408  1.85019138 -6.29221739]
  RK45_ECI: r=[6250.4077592   370.53605638 4530.42575569], v=[ 3.44930601  3.80895643 -5.02899472]
Epoch 1191, t=2460388.464029488:
  TLE_ECI: r=[ 6457.18490025  3608.92432551 -2202.66565399], v=[-3.11002701  1.75557618 -6.23721035]
  RK45_ECI: r=[6272.53542709  398.26721731 4497.64128027], v=[ 3.41237041  3.80843175 -5.05437279]
Epoch 1192, t=2460388.464104751:
  TLE_ECI: r=[ 6359.63943074  3663.19479203 -2388.89169649], v=[-3.27762131  1.65943659 -6.17732702]
  RK45_ECI: r=[6294.40926193  426.00473832 4464.69256674], v=[ 3.37531313  3.80773402 -5.07956507]
Epoch 1193, t=2460388.4641800146:
  TLE_ECI: r=[ 6257.0806781   3714.51195959 -2573.24863156], v=[-3.44255439  1.56185068 -6.11261515]
  RK45_ECI: r=[6316.02878009  453.74775889 4431.58036043], v=[ 3.33813517  3.80686315 -5.104571  ]
Epoch 1194, t=2460388.464255278:
  TLE_ECI: r=[ 6149.59186164  3762.83124658 -2755.59237078], v=[-3.60469588  1.46289776 -6.04312633]
  RK45_ECI: r=[6337.39289397  481.49466534 4398.30634273], v=[ 3.30083858  3.8058191  -5.12938929]
Epoch 1195, t=2460388.4643305414:
  TLE_ECI: r=[ 6037.26008621  3808.11052759 -2935.78042975], v=[-3.7639178   1.36265832 -5.96891589]
  RK45_ECI: r=[6358.50103704  509.24444251 4364.87142362], v=[ 3.26342455  3.80460179 -5.15401929]
Epoch 1196, t=2460388.4644058044:
  TLE_ECI: r=[ 5920.17629093  3850.3101329  -3113.67204048], v=[-3.92009457  1.26121394 -5.89004292]
  RK45_ECI: r=[6379.3521535   536.99547517 4331.27730311], v=[ 3.22589513  3.8032112  -5.17845974]
Epoch 1197, t=2460388.464481068:
  TLE_ECI: r=[ 5798.43512761  3889.39295215 -3289.12826194], v=[-4.07310323  1.15864721 -5.80657012]
  RK45_ECI: r=[6399.94588836  564.74701628 4297.52458455], v=[ 3.18825118  3.80164726 -5.20271021]
Epoch 1198, t=2460388.4645563313:
  TLE_ECI: r=[ 5672.13494923  3925.32436014 -3462.01208934], v=[-4.22282341  1.0550417  -5.71856385]
  RK45_ECI: r=[6420.28121043  592.49744947 4263.61498182], v=[ 3.15049475  3.79990996 -5.22676948]
Epoch 1199, t=2460388.4646315947:
  TLE_ECI: r=[ 5541.37768262  3958.07231705 -3632.18856129], v=[-4.36913753  0.95048185 -5.62609398]
  RK45_ECI: r=[6440.35749143  620.24564084 4229.54958239], v=[ 3.11262721  3.79799926 -5.25063676]
Epoch 1200, t=2460388.464706858:
  TLE_ECI: r=[ 5406.26875476  3987.60737775 -3799.52486532], v=[-4.51193082  0.84505291 -5.52923388]
  RK45_ECI: r=[6460.17410914  647.99045583 4195.32947646], v=[ 3.07464996  3.79591513 -5.27431132]
Epoch 1201, t=2460388.464782121:
  TLE_ECI: r=[ 5266.91701683  4013.90270128 -3963.89044141], v=[-4.65109145  0.73884089 -5.42806033]
  RK45_ECI: r=[6479.73007866  675.7302772  4160.95640373], v=[ 3.03656507  3.79365761 -5.29779195]
Epoch 1202, t=2460388.4648573846:
  TLE_ECI: r=[ 5123.43460718  4036.93413535 -4125.15708343], v=[-4.78651059  0.63193242 -5.32265348]
  RK45_ECI: r=[6499.02507448  703.46435447 4126.43098132], v=[ 2.99837338  3.79122662 -5.32107824]
Epoch 1203, t=2460388.464932648:
  TLE_ECI: r=[ 4975.93692828  4056.68014362 -4283.19903873], v=[-4.91808253  0.52441477 -5.21309673]
  RK45_ECI: r=[6518.05813656  731.1910701  4091.75496216], v=[ 2.96007699  3.78862223 -5.34416902]
Epoch 1204, t=2460388.4650079114:
  TLE_ECI: r=[ 4824.54250514  4073.12188616 -4437.89310536], v=[-5.0457047   0.41637572 -5.09947669]
  RK45_ECI: r=[6536.82877355  758.90940343 4056.92929417], v=[ 2.92167711  3.7858444  -5.36706367]
Epoch 1205, t=2460388.465083175:
  TLE_ECI: r=[ 4669.37289913  4086.24322    -4589.11872707], v=[-5.1692778   0.30790347 -4.98188314]
  RK45_ECI: r=[6555.33614355  786.61787127 4021.95558302], v=[ 2.88317566  3.78289319 -5.38976113]
Epoch 1206, t=2460388.465158438:
  TLE_ECI: r=[ 4510.55262027  4096.03069922 -4736.75808622], v=[-5.28870585  0.19908664 -4.86040886]
  RK45_ECI: r=[6573.57960091  814.31520223 3986.83511495], v=[ 2.84457422  3.77976863 -5.4122606 ]
Epoch 1207, t=2460388.4652337013:
  TLE_ECI: r=[ 4348.20897697  4102.47364033 -4880.69619397], v=[-5.40389624  0.09001407 -4.73514963]
  RK45_ECI: r=[6591.55876058  842.00052856 3951.56868395], v=[ 2.80587383  3.77647069 -5.43456158]
Epoch 1208, t=2460388.4653089647:
  TLE_ECI: r=[ 4182.47204425  4105.56405007 -5020.8209785 ], v=[-5.51475986 -0.01922509 -4.60620413]
  RK45_ECI: r=[6609.2727345   869.67223254 3916.15808023], v=[ 2.76707659  3.77299948 -5.45666294]
Epoch 1209, t=2460388.465384228:
  TLE_ECI: r=[ 4013.47450961  4105.29668698 -5157.02337037], v=[-5.62121108 -0.12854159 -4.47367383]
  RK45_ECI: r=[6626.72107371  897.32929209 3880.60427139], v=[ 2.72818374  3.76935499 -5.4785641 ]
Epoch 1210, t=2460388.4654594916:
  TLE_ECI: r=[ 3841.35157728  4101.66905233 -5289.19738559], v=[-5.72316787 -0.23784608 -4.33766294]
  RK45_ECI: r=[6643.90300232  924.97022461 3844.90889622], v=[ 2.6891972   3.76553733 -5.50026406]
Epoch 1211, t=2460388.4655347546:
  TLE_ECI: r=[ 3666.24087057  4094.68138176 -5417.24020599], v=[-5.82055184 -0.34704919 -4.19827829]
  RK45_ECI: r=[6660.81792945  952.59375861 3809.07326691], v=[ 2.65011859  3.76154656 -5.52176205]
Epoch 1212, t=2460388.465610018:
  TLE_ECI: r=[ 3488.28227262  4084.33668919 -5541.05225696], v=[-5.91328828 -0.45606168 -4.05562928]
  RK45_ECI: r=[6677.46550592  980.19902526 3773.09819316], v=[ 2.61094895  3.75738267 -5.54305759]
Epoch 1213, t=2460388.4656852814:
  TLE_ECI: r=[ 3307.6178857   4070.64069855 -5660.53728268], v=[-6.00130623 -0.56479438 -3.90982774]
  RK45_ECI: r=[6693.84491648 1007.78440872 3736.98550072], v=[ 2.57169041  3.75304582 -5.56414962]
Epoch 1214, t=2460388.465760545:
  TLE_ECI: r=[ 3124.39186897  4053.60188419 -5775.60241844], v=[-6.08453851 -0.67315835 -3.76098789]
  RK45_ECI: r=[6709.95575492 1035.3488864  3700.7361758 ], v=[ 2.53234422  3.74853604 -5.58503758]
Epoch 1215, t=2460388.465835808:
  TLE_ECI: r=[ 2938.75034653  4033.23144473 -5886.15826036], v=[-6.16292179 -0.78106493 -3.60922622]
  RK45_ECI: r=[6725.79723915 1062.89084413 3664.35205977], v=[ 2.49291252  3.74385349 -5.60572043]
Epoch 1216, t=2460388.4659110713:
  TLE_ECI: r=[ 2750.84124351  4009.54332939 -5992.11893216], v=[-6.23639658 -0.88842583 -3.45466141]
  RK45_ECI: r=[6741.36905258 1090.4094132  3627.83397619], v=[ 2.45339637  3.7389982  -5.62619773]
Epoch 1217, t=2460388.4659863347:
  TLE_ECI: r=[ 2560.81423897  3982.5541739  -6093.40214937], v=[-6.30490733 -0.99515316 -3.29741422]
  RK45_ECI: r=[6756.67066336 1117.90332284 3591.18326285], v=[ 2.41379739  3.73397028 -5.64646874]
Epoch 1218, t=2460388.466061598:
  TLE_ECI: r=[ 2368.82059933  3952.28332387 -6189.92928048], v=[-6.3684024  -1.10115952 -3.1376074 ]
  RK45_ECI: r=[6771.70140277 1145.37109487 3554.40160814], v=[ 2.37411755  3.72876988 -5.66653255]
Epoch 1219, t=2460388.4661368616:
  TLE_ECI: r=[ 2175.01307032  3918.7528105  -6281.62540531], v=[-6.42683417 -1.20635808 -2.9753656 ]
  RK45_ECI: r=[6786.46090784 1172.81170731 3517.4900159 ], v=[ 2.33435811  3.72339708 -5.68638863]
Epoch 1220, t=2460388.4662121246:
  TLE_ECI: r=[ 1979.54576745  3881.98732768 -6368.41937048], v=[-6.48015898 -1.3106626  -2.81081527]
  RK45_ECI: r=[6800.94847046 1200.22355009 3480.4503604 ], v=[ 2.29452125  3.71785209 -5.706036  ]
Epoch 1221, t=2460388.466287388:
  TLE_ECI: r=[ 1782.5740084   3842.01423695 -6450.24384187], v=[-6.52833723 -1.41398761 -2.64408458]
  RK45_ECI: r=[6815.16381057 1227.60575553 3443.2834793 ], v=[ 2.25460802  3.71213495 -5.72547423]
Epoch 1222, t=2460388.4663626514:
  TLE_ECI: r=[ 1584.25425947  3798.86350923 -6527.03535439], v=[-6.57133333 -1.51624833 -2.47530328]
  RK45_ECI: r=[6829.10645235 1254.95705532 3405.99073358], v=[ 2.21462007  3.70624582 -5.74470264]
Epoch 1223, t=2460388.466437915:
  TLE_ECI: r=[ 1384.74396661  3752.56772685 -6598.73435852], v=[-6.60911581 -1.61736082 -2.30460263]
  RK45_ECI: r=[6842.77579498 1282.27597595 3368.57384052], v=[ 2.17455939  3.7001849  -5.76372035]
Epoch 1224, t=2460388.4665131783:
  TLE_ECI: r=[ 1184.20144323  3703.16205184 -6665.28526404], v=[-6.64165725 -1.71724203 -2.13211531]
  RK45_ECI: r=[6856.17151919 1309.5614972  3331.03382059], v=[ 2.13442725  3.69395228 -5.78252687]
Epoch 1225, t=2460388.4665884413:
  TLE_ECI: r=[  982.78575706  3650.68419569 -6726.63648074], v=[-6.66893434 -1.81580986 -1.9579753 ]
  RK45_ECI: r=[6869.29299152 1336.8120153  3293.3725792 ], v=[ 2.09422585  3.68754824 -5.80112128]
Epoch 1226, t=2460388.4666637047:
  TLE_ECI: r=[  780.65656281  3595.1744025  -6782.74045602], v=[-6.69092788 -1.91298326 -1.78231778]
  RK45_ECI: r=[6882.13996894 1364.02666398 3255.59096729], v=[ 2.05395626  3.68097285 -5.81950316]
Epoch 1227, t=2460388.466738968:
  TLE_ECI: r=[  577.97404215  3536.67539854 -6833.55370975], v=[-6.70762279 -2.00868222 -1.60527905]
  RK45_ECI: r=[6894.71203218 1391.20417897 3217.69036778], v=[ 2.01362015  3.67422629 -5.83767188]
Epoch 1228, t=2460388.4668142316:
  TLE_ECI: r=[  374.89873563  3475.23237263 -6879.03686587], v=[-6.7190081  -2.10282788 -1.4269964 ]
  RK45_ECI: r=[6907.00864897 1418.34309331 3179.67252523], v=[ 1.97321952  3.66730882 -5.8556266 ]
Epoch 1229, t=2460388.4668894946:
  TLE_ECI: r=[  171.59143874  3410.89293716 -6919.15468102], v=[-6.725077   -2.19534255 -1.24760804]
  RK45_ECI: r=[6919.02943043 1445.44214587 3141.53883428], v=[ 1.93275604  3.66022064 -5.8733667 ]
Epoch 1230, t=2460388.466964758:
  TLE_ECI: r=[  -31.78696321  3343.70709414 -6953.87607014], v=[-6.72582675 -2.28614988 -1.06725297]
  RK45_ECI: r=[6930.77415969 1472.50047173 3103.29015431], v=[ 1.89223079  3.65296186 -5.8908918 ]
Epoch 1231, t=2460388.4670400214:
  TLE_ECI: r=[ -235.07555955  3273.72719147 -6983.17412913], v=[-6.72125879 -2.37517475 -0.88607089]
  RK45_ECI: r=[6942.24228984 1499.51647649 3064.92842423], v=[ 1.85164599  3.64553279 -5.90820102]
Epoch 1232, t=2460388.467115285:
  TLE_ECI: r=[ -438.1135794   3201.00788656 -7007.02615432], v=[-6.71137865 -2.46234346 -0.70420213]
  RK45_ECI: r=[6953.43357237 1526.48914501 3026.45468917], v=[ 1.81100293  3.63793359 -5.92529392]
Epoch 1233, t=2460388.4671905483:
  TLE_ECI: r=[ -640.740506    3125.60610301 -7025.41365892], v=[-6.69619596 -2.54758372 -0.52178748]
  RK45_ECI: r=[6964.34754414 1553.41701842 2987.87071945], v=[ 1.77030364  3.63016457 -5.94216972]
Epoch 1234, t=2460388.4672658113:
  TLE_ECI: r=[ -842.79619194  3047.58098913 -7038.32238652], v=[-6.67572449 -2.63082472 -0.33896814]
  RK45_ECI: r=[6974.98387361 1580.29884164 2949.1779297 ], v=[ 1.72954979  3.62222596 -5.95882782]
Epoch 1235, t=2460388.4673410747:
  TLE_ECI: r=[-1044.12101923  2966.99386318 -7045.74232133], v=[-6.64998204 -2.71199724 -0.15588562]
  RK45_ECI: r=[6985.34238135 1607.1337535  2910.37719138], v=[ 1.68874248  3.61411791 -5.97526787]
Epoch 1236, t=2460388.467416338:
  TLE_ECI: r=[-1244.55596808  2883.9081789  -7047.66769562], v=[-6.61899053 -2.79103362  0.0273184 ]
  RK45_ECI: r=[6995.42259644 1633.92016965 2871.47047086], v=[ 1.64788394  3.60584079 -5.99148904]
Epoch 1237, t=2460388.4674916016:
  TLE_ECI: r=[-1443.9427764   2798.38946861 -7044.09699388], v=[-6.58277591 -2.86786783  0.21050214]
  RK45_ECI: r=[7005.22431502 1660.65707973 2832.45882754], v=[ 1.60697546  3.59739479 -6.00749092]
Epoch 1238, t=2460388.467566865:
  TLE_ECI: r=[-1642.12405286  2710.50529446 -7035.03295399], v=[-6.54136816 -2.94243557  0.39352382]
  RK45_ECI: r=[7014.74714348 1687.34303482 2793.34405595], v=[ 1.56601909  3.58878026 -6.02327278]
Epoch 1239, t=2460388.467642128:
  TLE_ECI: r=[-1838.9433908   2620.32520164 -7020.48256538], v=[-6.4948013  -3.01467424  0.5762418 ]
  RK45_ECI: r=[7023.99080778 1713.97678775 2754.12758955], v=[ 1.5250165   3.57999749 -6.03883405]
Epoch 1240, t=2460388.4677173914:
  TLE_ECI: r=[-2034.24552013  2527.92064385 -7000.457064  ], v=[-6.44311329 -3.08452313  0.75851463]
  RK45_ECI: r=[7032.95516619 1740.55748177 2714.81031114], v=[ 1.48396879  3.57104665 -6.05417441]
Epoch 1241, t=2460388.467792655:
  TLE_ECI: r=[-2227.87638043  2433.3649584  -6974.97192438], v=[-6.38634608 -3.1519233   0.94020121]
  RK45_ECI: r=[7041.63982409 1767.08354473 2675.39421284], v=[ 1.4428782   3.56192818 -6.06929309]
Epoch 1242, t=2460388.4678679183:
  TLE_ECI: r=[-2419.68327162  2336.73328981 -6944.04684853], v=[-6.32454554 -3.21681773  1.12116081]
  RK45_ECI: r=[7050.04462233 1793.55397237 2635.88036746], v=[ 1.40174602  3.55264228 -6.08418968]
Epoch 1243, t=2460388.4679431817:
  TLE_ECI: r=[-2609.51496422  2238.10253643 -6907.70575177], v=[-6.25776142 -3.27915132  1.30125328]
  RK45_ECI: r=[7058.16923707 1819.96732752 2596.27059216], v=[ 1.36057431  3.54318938 -6.09886352]
Epoch 1244, t=2460388.4680184447:
  TLE_ECI: r=[-2797.22181015  2137.55129894 -6865.97674561], v=[-6.18604737 -3.33887097  1.48033905]
  RK45_ECI: r=[7066.01345189 1846.32237234 2556.56633797], v=[ 1.31936474  3.5335698  -6.11331408]
Epoch 1245, t=2460388.468093708:
  TLE_ECI: r=[-2982.65588413  2035.15978726 -6818.89211737], v=[-6.10946079 -3.39592564  1.6582793 ]
  RK45_ECI: r=[7073.5771627  1872.61825572 2516.7684983 ], v=[ 1.2781184   3.52378373 -6.12754106]
Epoch 1246, t=2460388.4681689716:
  TLE_ECI: r=[-3165.67105996  1931.00980554 -6766.48830702], v=[-6.02806293 -3.45026633  1.83493602]
  RK45_ECI: r=[7080.86005137 1898.85341957 2476.87908924], v=[ 1.23683754  3.51383167 -6.14154374]
Epoch 1247, t=2460388.468244235:
  TLE_ECI: r=[-3346.12315007  1825.18465737 -6708.80588079], v=[-5.94191874 -3.50184615  2.01017215]
  RK45_ECI: r=[7087.86200336 1925.0268671  2436.89919604], v=[ 1.19552346  3.50371386 -6.15532175]
Epoch 1248, t=2460388.468319498:
  TLE_ECI: r=[-3523.87000597  1717.76909897 -6645.88950176], v=[-5.85109688 -3.55062035  2.18385164]
  RK45_ECI: r=[7094.58273516 1951.13704707 2396.8308451 ], v=[ 1.15417839  3.49343082 -6.16887442]
Epoch 1249, t=2460388.4683947614:
  TLE_ECI: r=[-3698.77164963  1608.84923203 -6577.78789747], v=[-5.75566965 -3.59654643  2.35583958]
  RK45_ECI: r=[7101.02221041 1977.18322107 2356.67475031], v=[ 1.11280323  3.48298271 -6.18220151]
Epoch 1250, t=2460388.468470025:
  TLE_ECI: r=[-3870.6903514   1498.51249677 -6504.55382452], v=[-5.65571294 -3.63958407  2.5260023 ]
  RK45_ECI: r=[7107.18017215 2003.16384354 2316.43294557], v=[ 1.07140023  3.47237007 -6.19530236]
Epoch 1251, t=2460388.4685452883:
  TLE_ECI: r=[-4039.49075893  1386.84756352 -6426.2440301 ], v=[-5.55130619 -3.67969525  2.69420743]
  RK45_ECI: r=[7113.05651002 2029.07781884 2276.10671481], v=[ 1.02997087  3.46159322 -6.20817658]
Epoch 1252, t=2460388.4686205518:
  TLE_ECI: r=[-4205.03999761  1273.94427327 -6342.91921053], v=[-5.44253232 -3.7168442   2.86032407]
  RK45_ECI: r=[7118.65112017 2054.92405189 2235.69734337], v=[ 0.98851663  3.45065249 -6.22082376]
Epoch 1253, t=2460388.4686958147:
  TLE_ECI: r=[-4367.20777173  1159.89357899 -6254.64396687], v=[-5.32947769 -3.75099754  3.02422282]
  RK45_ECI: r=[7123.96379539 2080.70100876 2195.20687886], v=[ 0.94703975  3.43954846 -6.23324329]
Epoch 1254, t=2460388.468771078:
  TLE_ECI: r=[-4525.8664806   1044.78742399 -6161.48675749], v=[-5.21223201 -3.78212424  3.18577593]
  RK45_ECI: r=[7128.99453048 2106.40795649 2154.63604216], v=[ 0.90554112  3.4282813  -6.24543496]
Epoch 1255, t=2460388.4688463416:
  TLE_ECI: r=[-4680.8912979    928.71874376 -6063.51984771], v=[-5.09088831 -3.81019565  3.34485737]
  RK45_ECI: r=[7133.74314481 2132.04336711 2113.98688772], v=[ 0.86402298  3.41685159 -6.25739816]
Epoch 1256, t=2460388.468921605:
  TLE_ECI: r=[-4832.16028475   811.78134299 -5960.81925651], v=[-4.96554284 -3.83518558  3.50134294]
  RK45_ECI: r=[7138.2095788  2157.60615586 2073.26071182], v=[ 0.82248681  3.4052597  -6.26913255]
Epoch 1257, t=2460388.4689968685:
  TLE_ECI: r=[-4979.55448255   694.06983315 -5853.46470032], v=[-4.83629505 -3.85707025  3.65511035]
  RK45_ECI: r=[7142.39377918 2183.09523929 2032.45881203], v=[ 0.7809341   3.393506   -6.28063776]
Epoch 1258, t=2460388.4690721314:
  TLE_ECI: r=[-5122.95800571   575.67957207 -5741.53953388], v=[-4.70324748 -3.87582837  3.80603934]
  RK45_ECI: r=[7146.2956152  2208.50910156 1991.58325519], v=[ 0.73936706  3.38159109 -6.29191323]
Epoch 1259, t=2460388.469147395:
  TLE_ECI: r=[-5262.25814091   456.70652819 -5625.13068826], v=[-4.56650566 -3.89144121  3.95401175]
  RK45_ECI: r=[7149.91511244 2233.84701661 1950.63476837], v=[ 0.69778661  3.36951518 -6.30295879]
Epoch 1260, t=2460388.4692226583:
  TLE_ECI: r=[-5397.34542581   337.24729239 -5504.32860605], v=[-4.4261781  -3.90389248  4.09891165]
  RK45_ECI: r=[7153.25216664 2259.10747531 1909.61542452], v=[ 0.65619496  3.35727889 -6.31377389]
Epoch 1261, t=2460388.4692979218:
  TLE_ECI: r=[-5528.11374438   217.39894146 -5379.2271737 ], v=[-4.28237617 -3.91316849  4.2406254 ]
  RK45_ECI: r=[7156.30678749 2284.28950743 1868.52633798], v=[ 0.61459342  3.34488256 -6.32435828]
Epoch 1262, t=2460388.469373185:
  TLE_ECI: r=[-5654.46040989    97.25897487 -5249.92365108], v=[-4.13521404 -3.91925809  4.37904175]
  RK45_ECI: r=[7159.07891602 2309.39173559 1827.3693962 ], v=[ 0.57298402  3.33232676 -6.33471148]
Epoch 1263, t=2460388.469448448:
  TLE_ECI: r=[-5776.28624754   -23.07474747 -5116.51859835], v=[-3.98480858 -3.9221527   4.51405194]
  RK45_ECI: r=[7161.56855402 2334.41297026 1786.14610416], v=[ 0.53136843  3.31961197 -6.34483314]
Epoch 1264, t=2460388.4695237116:
  TLE_ECI: r=[-5893.49567445  -143.50415173 -4979.1158    ], v=[-3.83127925 -3.92184637  4.64554977]
  RK45_ECI: r=[7163.77573896 2359.3523908  1744.85738736], v=[ 0.48974772  3.30673848 -6.35472307]
Epoch 1265, t=2460388.469598975:
  TLE_ECI: r=[-6005.9967762   -263.9309293  -4837.82218639], v=[-3.67474804 -3.91833573  4.77343172]
  RK45_ECI: r=[7165.70044282 2384.20850877 1703.50533519], v=[ 0.44812414  3.29370695 -6.36438079]
Epoch 1266, t=2460388.4696742385:
  TLE_ECI: r=[-6113.70138209  -384.25668343 -4692.74775251], v=[-3.51533941 -3.91162003  4.89759702]
  RK45_ECI: r=[7167.34271944 2408.98036508 1662.09107016], v=[ 0.40649896  3.28051774 -6.37380606]
Epoch 1267, t=2460388.4697495014:
  TLE_ECI: r=[-6216.52513795  -504.38297522 -4544.00547426], v=[-3.35318014 -3.90170112  5.01794772]
  RK45_ECI: r=[7168.70257523 2433.66648136 1620.61668856], v=[ 0.36487442  3.26717154 -6.38299845]
Epoch 1268, t=2460388.469824765:
  TLE_ECI: r=[-6314.38756926  -624.21147636 -4391.71122216], v=[-3.18839921 -3.88858354  5.1343888 ]
  RK45_ECI: r=[7169.78008108 2458.26604599 1579.08312164], v=[ 0.3232516   3.25366866 -6.39195776]
Epoch 1269, t=2460388.4699000283:
  TLE_ECI: r=[-6407.21215466  -743.64394183 -4235.98367261], v=[-3.0211278  -3.87227441  5.24682822]
  RK45_ECI: r=[7170.57529947 2482.77788611 1537.49188527], v=[ 0.28163215  3.2400096  -6.40068372]
Epoch 1270, t=2460388.4699752918:
  TLE_ECI: r=[-6494.92638372  -862.58236271 -4076.94421675], v=[-2.8514991  -3.8527835   5.35517705]
  RK45_ECI: r=[7171.08828245 2507.20065628 1495.84488848], v=[ 0.24001813  3.22619501 -6.40917594]
Epoch 1271, t=2460388.470050555:
  TLE_ECI: r=[-6577.4618176   -980.92902918 -3914.71686692], v=[-2.67964824 -3.83012322  5.45934947]
  RK45_ECI: r=[7171.31912782 2531.53340994 1454.14326082], v=[ 0.19841081  3.21222527 -6.41743423]
Epoch 1272, t=2460388.470125818:
  TLE_ECI: r=[-6654.75414852 -1098.58659203 -3749.42816088], v=[-2.50571219 -3.80430859  5.55926294]
  RK45_ECI: r=[7171.26791809 2555.77469156 1412.38911201], v=[ 0.15681242  3.19810111 -6.4254582 ]
Epoch 1273, t=2460388.4702010816:
  TLE_ECI: r=[-6726.74324027 -1215.45822114 -3581.20706378], v=[-2.32982961 -3.77535731  5.6548382 ]
  RK45_ECI: r=[7170.93476102 2579.92370033 1370.5833785 ], v=[ 0.11522404  3.18382288 -6.43324772]
Epoch 1274, t=2460388.470276345:
  TLE_ECI: r=[-6793.37319619 -1331.44756991 -3410.18486802], v=[-2.1521408  -3.74328964  5.74599935]
  RK45_ECI: r=[7170.31977604 2603.97928053 1328.72758515], v=[ 0.07364733  3.16939109 -6.44080252]
Epoch 1275, t=2460388.4703516085:
  TLE_ECI: r=[-6854.59239362 -1446.45893288 -3236.49509094], v=[-1.97278754 -3.70812846  5.83267395]
  RK45_ECI: r=[7169.42308452 2627.94010846 1286.82365207], v=[ 0.03208432  3.15480645 -6.44812229]
Epoch 1276, t=2460388.470426872:
  TLE_ECI: r=[-6910.35352965 -1560.39730656 -3060.27337067], v=[-1.79191299 -3.66989926  5.91479307]
  RK45_ECI: r=[7168.24482813 2651.80525095 1244.87271465], v=[-0.0094637   3.14006935 -6.45520688]
Epoch 1277, t=2460388.470502135:
  TLE_ECI: r=[-6960.61366536 -1673.16844861 -2881.65735991], v=[-1.6096616  -3.6286301   5.99229134]
  RK45_ECI: r=[7166.78516533 2675.573277   1202.87689408], v=[-0.0509945   3.12518059 -6.46205595]
Epoch 1278, t=2460388.4705773983:
  TLE_ECI: r=[-7005.33424227 -1784.67903862 -2700.786618  ], v=[-1.42617891 -3.58435159  6.06510702]
  RK45_ECI: r=[7165.04424066 2699.24339741 1160.83713105], v=[-0.09250702  3.1101405  -6.4686694 ]
Epoch 1279, t=2460388.4706526618:
  TLE_ECI: r=[-7044.48114297 -1894.83663479 -2517.80250114], v=[-1.24161156 -3.53709691  6.13318206]
  RK45_ECI: r=[7163.02223036 2722.81447501 1118.75495795], v=[-0.13399958  3.09494967 -6.47504701]
Epoch 1280, t=2460388.470727925:
  TLE_ECI: r=[-7078.0247012  -2003.54983248 -2332.84805107], v=[-1.05610703 -3.48690173  6.19646214]
  RK45_ECI: r=[7160.71932508 2746.28520903 1076.6323041 ], v=[-0.17547016  3.07960881 -6.48118852]
Epoch 1281, t=2460388.4708031886:
  TLE_ECI: r=[-7105.93973097 -2110.72832218 -2146.0678821 ], v=[-0.86981363 -3.43380422  6.25489674]
  RK45_ECI: r=[7158.13571022 2769.65468081 1034.4703097 ], v=[-0.21691749  3.06411838 -6.48709381]
Epoch 1282, t=2460388.4708784516:
  TLE_ECI: r=[-7128.20555436 -2216.28294458 -1957.60806671], v=[-0.68288032 -3.37784502  6.30843917]
  RK45_ECI: r=[7155.27161997 2792.92148564  992.27110541], v=[-0.25833932  3.04847919 -6.49276261]
Epoch 1283, t=2460388.470953715:
  TLE_ECI: r=[-7144.80599314 -2320.12584963 -1767.61601989], v=[-0.49545657 -3.31906719  6.35704662]
  RK45_ECI: r=[7152.12723562 2816.08484668  950.03563528], v=[-0.29973461  3.03269162 -6.49819484]
Epoch 1284, t=2460388.4710289785:
  TLE_ECI: r=[-7155.72942043 -2422.1704463  -1576.24038198], v=[-0.30769227 -3.25751622  6.40068021]
  RK45_ECI: r=[7148.7027902  2839.14364625  907.76543777], v=[-0.34110167  3.01675627 -6.50339031]
Epoch 1285, t=2460388.471104242:
  TLE_ECI: r=[-7160.96874531 -2522.33155958 -1383.63090065], v=[-0.11973762 -3.19323995  6.439305  ]
  RK45_ECI: r=[7144.99854321 2862.0966086   865.46244973], v=[-0.3824385   3.00067392 -6.50834885]
Epoch 1286, t=2460388.471179505:
  TLE_ECI: r=[-7160.52143268 -2620.52546122 -1189.93831159], v=[ 0.06825704 -3.12628853  6.47289006]
  RK45_ECI: r=[7141.01475809 2884.94262728  823.1282126 ], v=[-0.42374343  2.98444519 -6.51307028]
Epoch 1287, t=2460388.4712547683:
  TLE_ECI: r=[-7154.38947481 -2716.67002519  -995.31421845], v=[ 0.25614136 -3.05671444  6.50140845]
  RK45_ECI: r=[7136.7516416  2907.68093462  780.76367208], v=[-0.46501539  2.96807048 -6.51755456]
Epoch 1288, t=2460388.4713300318:
  TLE_ECI: r=[-7142.57943486 -2810.68467193  -799.9109718 ], v=[ 0.44376507 -2.98457238  6.52483731]
  RK45_ECI: r=[7132.20951456 2930.31015791  738.37096726], v=[-0.50625218  2.95155066 -6.52180146]
Epoch 1289, t=2460388.471405295:
  TLE_ECI: r=[-7125.10241131 -2902.49052117  -603.88154745], v=[ 0.63097814 -2.90991925  6.54315782]
  RK45_ECI: r=[7127.38863218 2952.82940358  695.95124389], v=[-0.54745251  2.93488622 -6.52581093]
Epoch 1290, t=2460388.4714805586:
  TLE_ECI: r=[-7101.97403583 -2992.01043855  -407.37942422], v=[ 0.81763086 -2.83281412  6.55635526]
  RK45_ECI: r=[7122.28932265 2975.23742212  653.50644456], v=[-0.58861438  2.91807798 -6.52958279]
Epoch 1291, t=2460388.4715558216:
  TLE_ECI: r=[-7073.21446897 -3079.16908085  -210.5584611 ], v=[ 1.00357403 -2.75331817  6.564419  ]
  RK45_ECI: r=[7116.91190574 2997.53312872  611.03811474], v=[-0.62973613  2.90112659 -6.53311696]
Epoch 1292, t=2460388.471631085:
  TLE_ECI: r=[-7038.84834696 -3163.89304388   -13.57277419], v=[ 1.18865907 -2.67149461  6.56734252]
  RK45_ECI: r=[7111.2566246  3019.71576987  568.54720216], v=[-0.67081671  2.88403249 -6.53641337]
Epoch 1293, t=2460388.4717063485:
  TLE_ECI: r=[-6998.90481418 -3246.1108005    183.42338677], v=[ 1.37273811 -2.58740867  6.56512344]
  RK45_ECI: r=[7105.32387512 3041.78400265  526.03585134], v=[-0.71185391  2.86679659 -6.5394719 ]
Epoch 1294, t=2460388.471781612:
  TLE_ECI: r=[-6953.41746291 -3325.75284518   380.27576188], v=[ 1.55566416 -2.50112754  6.55776345]
  RK45_ECI: r=[7099.11395576 3063.7369506   483.50521024], v=[-0.75284648  2.84941942 -6.54229247]
Epoch 1295, t=2460388.4718568753:
  TLE_ECI: r=[-6902.4243133  -3402.7517331    576.83020462], v=[ 1.73729119 -2.41272028  6.54526841]
  RK45_ECI: r=[7092.62726292 3085.57339203  440.95722558], v=[-0.79379241  2.83190182 -6.544875  ]
Epoch 1296, t=2460388.4719321383:
  TLE_ECI: r=[-6845.96779116 -3477.04211796   772.93280533], v=[ 1.91747431 -2.32225779  6.52764825]
  RK45_ECI: r=[7085.86417222 3107.29226535  398.39344554], v=[-0.83469008  2.8142445  -6.54721943]
Epoch 1297, t=2460388.4720074018:
  TLE_ECI: r=[-6784.09465129 -3548.56088828   968.4300143 ], v=[ 2.09606985 -2.22981273  6.50491703]
  RK45_ECI: r=[7078.82496293 3128.89283194  355.8148191 ], v=[-0.87553842  2.79644792 -6.54932571]
Epoch 1298, t=2460388.472082665:
  TLE_ECI: r=[-6716.85599803 -3617.2471009   1163.16876484], v=[ 2.27293551 -2.13545948  6.47709289]
  RK45_ECI: r=[7071.51010538 3150.37378034  313.22349436], v=[-0.91633527  2.77851304 -6.55119378]
Epoch 1299, t=2460388.4721579286:
  TLE_ECI: r=[-6644.30720166 -3683.04211398  1356.99659557], v=[ 2.44793043 -2.03927405  6.44419803]
  RK45_ECI: r=[7063.91994072 3171.73425253  270.62062055], v=[-0.95707938  2.76044041 -6.55282361]
Epoch 1300, t=2460388.4722331916:
  TLE_ECI: r=[-6566.50787215 -3745.8895979   1549.76177236], v=[ 2.62091538 -1.94133406  6.40625872]
  RK45_ECI: r=[7056.05497278 3192.97295184  228.00834682], v=[-0.99776857  2.74223101 -6.55421514]
Epoch 1301, t=2460388.472308455:
  TLE_ECI: r=[-6483.52176477 -3805.73566078  1741.31340938], v=[ 2.79175283 -1.84171857  6.36330525]
  RK45_ECI: r=[7047.91551302 3214.08915407  185.38762272], v=[-1.03840181  2.72388532 -6.55536837]
Epoch 1302, t=2460388.4723837185:
  TLE_ECI: r=[-6395.41679124 -3862.52877853  1931.50158964], v=[ 2.96030707 -1.74050817  6.3153719 ]
  RK45_ECI: r=[7039.50199568 3235.08182352  142.75999768], v=[-1.0789775   2.70540409 -6.55628329]
Epoch 1303, t=2460388.472458982:
  TLE_ECI: r=[-6302.26491869 -3916.21991665  2120.17748438], v=[ 3.12644433 -1.63778475  6.26249693]
  RK45_ECI: r=[7030.81492495 3255.94978623  100.12742148], v=[-1.11949365  2.68678823 -6.55695987]
Epoch 1304, t=2460388.4725342453:
  TLE_ECI: r=[-6204.1421195  -3966.76255278  2307.19347151], v=[ 3.2900329  -1.53363154  6.20472253]
  RK45_ECI: r=[7021.85468413 3276.6922035    57.49104359], v=[-1.15994906  2.66803832 -6.55739813]
Epoch 1305, t=2460388.4726095083:
  TLE_ECI: r=[-6101.12831863 -4014.11269878  2492.403253  ], v=[ 3.4509432  -1.428133    6.14209476]
  RK45_ECI: r=[7012.62185024 3297.30781263   14.85301394], v=[-1.20034157  2.64915539 -6.55759807]
Epoch 1306, t=2460388.4726847718:
  TLE_ECI: r=[-5993.30727944 -4058.22900976  2675.66197084], v=[ 3.60904796 -1.3213747   6.07466355]
  RK45_ECI: r=[7003.11673206 3317.79598618  -27.78591838], v=[-1.24067035  2.63013985 -6.55755972]
Epoch 1307, t=2460388.472760035:
  TLE_ECI: r=[-5880.76660264 -4099.07271196  2856.82632198], v=[ 3.76422224 -1.21344335  6.00248262]
  RK45_ECI: r=[6993.33993169 3338.15547371  -70.42360369], v=[-1.28093326  2.61099273 -6.55728309]
Epoch 1308, t=2460388.4728352986:
  TLE_ECI: r=[-5763.59760647 -4136.60770739  3035.75467154], v=[ 3.91634357 -1.10442663  5.92560946]
  RK45_ECI: r=[6983.29190607 3358.3853735  -113.05869301], v=[-1.32112891  2.59171473 -6.55676825]
Epoch 1309, t=2460388.472910562:
  TLE_ECI: r=[-5641.8952611  -4170.80058714  3212.30716463], v=[ 4.06529207 -0.99441316  5.84410523]
  RK45_ECI: r=[6972.9731178  3378.48478703 -155.68983755], v=[-1.36125592  2.57230655 -6.55601521]
Epoch 1310, t=2460388.472985825:
  TLE_ECI: r=[-5515.75812129 -4201.62064351  3386.34583654], v=[ 4.21095049 -0.88349243  5.75803477]
  RK45_ECI: r=[6962.38421624 3398.45248679 -198.31488864], v=[-1.40131215  2.55276925 -6.55502407]
Epoch 1311, t=2460388.4730610885:
  TLE_ECI: r=[-5385.28819477 -4229.03996119  3557.73472106], v=[ 4.35320437 -0.77175467  5.66746648]
  RK45_ECI: r=[6951.52553835 3418.2878602  -240.93309836], v=[-1.44129681  2.53310325 -6.55379486]
Epoch 1312, t=2460388.473136352:
  TLE_ECI: r=[-5250.59093065 -4253.03334277  3726.33995731], v=[ 4.49194207 -0.65929084  5.57247228]
  RK45_ECI: r=[6940.39775841 3437.98969211 -283.54231898], v=[-1.48120777  2.51330963 -6.55232767]
Epoch 1313, t=2460388.4732116153:
  TLE_ECI: r=[-5111.77508215 -4273.57839641  3892.0298943 ], v=[ 4.62705489 -0.54619252  5.47312757]
  RK45_ECI: r=[6929.00138019 3457.55710522 -326.14120344], v=[-1.52104367  2.49338911 -6.55062259]
Epoch 1314, t=2460388.473286879:
  TLE_ECI: r=[-4968.9526286  -4290.65553801  4054.6751938 ], v=[ 4.75843713 -0.43255183  5.36951112]
  RK45_ECI: r=[6917.33691317 3476.98922522 -368.72840507], v=[-1.56080314  2.47334241 -6.5486797 ]
Epoch 1315, t=2460388.4733621418:
  TLE_ECI: r=[-4822.23869511 -4304.2479938   4214.14893096], v=[ 4.88598622 -0.31846137  5.26170505]
  RK45_ECI: r=[6905.40507817 3496.28486099 -411.30177849], v=[-1.60048409  2.45317063 -6.54649913]
Epoch 1316, t=2460388.473437405:
  TLE_ECI: r=[-4671.75140645 -4314.34187206  4370.32669286], v=[ 5.00960271 -0.20401411  5.14979468]
  RK45_ECI: r=[6893.2062398  3515.44341526 -453.86057775], v=[-1.64008571  2.43287421 -6.54408096]
Epoch 1317, t=2460388.4735126686:
  TLE_ECI: r=[-4517.61186538 -4320.9260884   4523.08667494], v=[ 5.12919045 -0.08930333  5.03386856]
  RK45_ECI: r=[6880.74114333 3534.46371009 -496.40265914], v=[-1.67960593  2.41245426 -6.54142535]
Epoch 1318, t=2460388.473587932:
  TLE_ECI: r=[-4359.94400229 -4323.99243351  4672.30977504], v=[5.24465656 0.02557743 4.91401831]
  RK45_ECI: r=[6868.01028636 3553.34496601 -538.92687844], v=[-1.71904357  2.39191142 -6.53853239]
Epoch 1319, t=2460388.473663195:
  TLE_ECI: r=[-4198.87449862 -4323.53555329  4817.87968512], v=[5.35591159 0.14053447 4.79033855]
  RK45_ECI: r=[6855.01444604 3572.08602233 -581.43109439], v=[-1.75839657  2.37124683 -6.53540228]
Epoch 1320, t=2460388.4737384585:
  TLE_ECI: r=[-4034.53263231 -4319.55300358  4959.68298053], v=[5.46286949 0.25547407 4.66292687]
  RK45_ECI: r=[6841.75406374 3590.68622236 -623.91436387], v=[-1.79766395  2.35046103 -6.53203513]
Epoch 1321, t=2460388.473813722:
  TLE_ECI: r=[-3867.05024796 -4312.04517718  5097.60920698], v=[5.56544776 0.37030244 4.5318837 ]
  RK45_ECI: r=[6828.22977614 3609.14463416 -666.37514592], v=[-1.83684418  2.32955488 -6.52843108]
Epoch 1322, t=2460388.4738889853:
  TLE_ECI: r=[-3696.5615989  -4301.01535446  5231.55096485], v=[5.66356745 0.4849259  4.39731224]
  RK45_ECI: r=[6814.44233447 3627.46021051 -708.81150234], v=[-1.87593541  2.30852942 -6.52459035]
Epoch 1323, t=2460388.473964249:
  TLE_ECI: r=[-3523.20325033 -4286.46968862  5361.4039909 ], v=[5.75715323 0.59925091 4.25931836]
  RK45_ECI: r=[6800.39227587 3645.63219464 -751.222293  ], v=[-1.91493647  2.28738531 -6.52051308]
Epoch 1324, t=2460388.4740395118:
  TLE_ECI: r=[-3347.11398127 -4268.41719103  5487.0672375 ], v=[5.84613345 0.71318414 4.11801055]
  RK45_ECI: r=[6786.08044711 3663.65946471 -793.60538369], v=[-1.95384533  2.26612372 -6.51619952]
Epoch 1325, t=2460388.474114775:
  TLE_ECI: r=[-3168.43462189 -4246.86976443  5608.44294901], v=[5.93044017 0.82663261 3.97349978]
  RK45_ECI: r=[6771.50732226 3681.54138361 -835.95983533], v=[-1.99266102  2.2447452  -6.5116498 ]
Epoch 1326, t=2460388.4741900386:
  TLE_ECI: r=[-2987.30801554 -4221.84213281  5725.43673567], v=[6.01000924 0.93950368 3.82589945]
  RK45_ECI: r=[6756.6735896  3699.27704869 -878.28411283], v=[-2.03138205  2.22325065 -6.50686414]
Epoch 1327, t=2460388.474265302:
  TLE_ECI: r=[-2803.87885308 -4193.35187116  5837.95764455], v=[6.08478029 1.05170516 3.67532528]
  RK45_ECI: r=[6741.58006302 3716.86544922 -920.57628557], v=[-2.07000657  2.20164112 -6.50184278]
Epoch 1328, t=2460388.4743405655:
  TLE_ECI: r=[-2618.29356963 -4161.4193812   5945.91822782], v=[6.1546968  1.16314539 3.5218952 ]
  RK45_ECI: r=[6726.22731866 3734.30585174 -962.83521867], v=[-2.10853345  2.17991731 -6.49658592]
Epoch 1329, t=2460388.4744158285:
  TLE_ECI: r=[-2430.70023941 -4126.06786821  6049.23460815], v=[6.21970616 1.27373329 3.36572928]
  RK45_ECI: r=[ 6710.61627199  3751.59717443 -1005.05878698], v=[-2.14696065  2.15808039 -6.49109385]
Epoch 1330, t=2460388.474491092:
  TLE_ECI: r=[-2241.24840877 -4087.32335223  6147.82654125], v=[6.27975963 1.38337849 3.20694966]
  RK45_ECI: r=[ 6694.74742934  3768.73880014 -1047.24605641], v=[-2.18528726  2.13613097 -6.48536675]
Epoch 1331, t=2460388.4745663553:
  TLE_ECI: r=[-2050.08905026 -4045.21460284  6241.61747567], v=[6.33481244 1.49199133 3.04568038]
  RK45_ECI: r=[ 6678.62152959  3785.72985693 -1089.39549923], v=[-2.22351178  2.11406994 -6.47940486]
Epoch 1332, t=2460388.474641619:
  TLE_ECI: r=[-1857.37439369 -3999.77314704  6330.53460948], v=[6.38482377 1.59948293 2.88204734]
  RK45_ECI: r=[ 6662.23944866  3802.56937124 -1131.50519424], v=[-2.26163239  2.09189839 -6.47320851]
Epoch 1333, t=2460388.474716882:
  TLE_ECI: r=[-1663.25781791 -3951.03323679  6414.5089442 ], v=[6.42975681 1.70576534 2.71617819]
  RK45_ECI: r=[ 6645.60180104  3819.25663368 -1173.57401287], v=[-2.29964797  2.06961704 -6.46677789]
Epoch 1334, t=2460388.474792145:
  TLE_ECI: r=[-1467.89374078 -3899.03181788  6493.47533572], v=[6.46957876 1.81075149 2.54820222]
  RK45_ECI: r=[ 6628.7095698   3835.79060387 -1215.59984104], v=[-2.33755654  2.0472271  -6.46011339]
Epoch 1335, t=2460388.4748674086:
  TLE_ECI: r=[-1271.43745148 -3843.80851905  6567.37254211], v=[6.5042608  1.91435541 2.37825029]
  RK45_ECI: r=[ 6611.56329312  3852.1706851  -1257.58175055], v=[-2.37535717  2.02472919 -6.4532152 ]
Epoch 1336, t=2460388.474942672:
  TLE_ECI: r=[-1074.04505732 -3785.40559319  6636.14326883], v=[6.53377822 2.01649214 2.20645467]
  RK45_ECI: r=[ 6594.16375978  3868.39603703 -1299.51822244], v=[-2.41304838  2.00212421 -6.4460836 ]
Epoch 1337, t=2460388.4750179355:
  TLE_ECI: r=[ -875.87331484 -3723.8679035   6699.73421051], v=[6.55811032 2.11707787 2.03294902]
  RK45_ECI: r=[ 6576.51190677  3884.46572435 -1341.40734668], v=[-2.4506284   1.9794133  -6.43871897]
Epoch 1338, t=2460388.4750931985:
  TLE_ECI: r=[ -677.07952925 -3659.2428816   6758.09608998], v=[6.57724047 2.21603    1.85786823]
  RK45_ECI: r=[ 6558.60854969  3900.37892383 -1383.24760958], v=[-2.48809576  1.95659741 -6.43112162]
Epoch 1339, t=2460388.475168462:
  TLE_ECI: r=[ -477.82138804 -3591.58049933  6811.18369414], v=[6.59115611 2.31326723 1.68134832]
  RK45_ECI: r=[ 6540.45424827  3916.13505374 -1425.03808751], v=[-2.52544956  1.93367714 -6.42329176]
Epoch 1340, t=2460388.4752437253:
  TLE_ECI: r=[ -278.25690298 -3520.93321587  6858.95590693], v=[6.59984874 2.40870957 1.5035264 ]
  RK45_ECI: r=[ 6522.05006197  3931.73312244 -1466.77668147], v=[-2.56268783  1.91065376 -6.41522983]
Epoch 1341, t=2460388.475318989:
  TLE_ECI: r=[  -78.5442431  -3447.35594694  6901.37573918], v=[6.60331394 2.50227841 1.32454047]
  RK45_ECI: r=[ 6503.3966654   3947.17246073 -1508.46227514], v=[-2.59980948  1.88752799 -6.40693608]
Epoch 1342, t=2460388.475394252:
  TLE_ECI: r=[  121.15837757 -3370.90601954  6938.41035535], v=[6.60155136 2.59389661 1.14452942]
  RK45_ECI: r=[ 6484.49505559  3962.45217285 -1550.09297133], v=[-2.63681275  1.86430101 -6.39841093]
Epoch 1343, t=2460388.475469515:
  TLE_ECI: r=[  320.69281322 -3291.6431283   6970.03109735], v=[6.59456471 2.68348851 0.96363286]
  RK45_ECI: r=[ 6465.34609692  3977.57146843 -1591.6672672 ], v=[-2.6736962   1.84097377 -6.38965474]
Epoch 1344, t=2460388.4755447786:
  TLE_ECI: r=[  519.90114832 -3209.62928631  6996.21350514], v=[6.58236174 2.77098009 0.78199103]
  RK45_ECI: r=[ 6445.95038003  3992.52978743 -1633.18424632], v=[-2.71045894  1.81754692 -6.38066774]
Epoch 1345, t=2460388.475620042:
  TLE_ECI: r=[  718.62576127 -3124.9287806   7016.93733443], v=[6.56495426 2.8562989  0.59974473]
  RK45_ECI: r=[ 6426.30902972  4007.32618221 -1674.64182473], v=[-2.74709905  1.79402174 -6.37145042]
Epoch 1346, t=2460388.4756953055:
  TLE_ECI: r=[  916.70948613 -3037.60812057  7032.18657118], v=[6.5423581  2.93937418 0.41703516]
  RK45_ECI: r=[ 6406.42275731  4021.96000972 -1716.03889499], v=[-2.78361544  1.77039899 -6.36200307]
Epoch 1347, t=2460388.475770569:
  TLE_ECI: r=[ 1113.99572437 -2947.73598679  7041.94944308], v=[6.51459313 3.0201369  0.23400389]
  RK45_ECI: r=[ 6386.29261908  4036.4304145  -1757.37357432], v=[-2.82000639  1.74667987 -6.35232614]
Epoch 1348, t=2460388.475845832:
  TLE_ECI: r=[ 1310.32855795 -2855.38318162  7046.21842798], v=[6.48168321 3.09851982 0.05079269]
  RK45_ECI: r=[ 6365.91952695  4050.73664045 -1798.64437198], v=[-2.8562705   1.72286536 -6.34242004]
Epoch 1349, t=2460388.4759210953:
  TLE_ECI: r=[ 1505.55290356 -2760.62255981  7044.9902591 ], v=[ 6.44365614  3.17445758 -0.13245653]
  RK45_ECI: r=[ 6345.30410198  4064.8781498  -1839.85037945], v=[-2.89240688  1.69895612 -6.33228502]
Epoch 1350, t=2460388.475996359:
  TLE_ECI: r=[ 1699.51458167 -2663.52899312  7038.2659274 ], v=[ 6.40054374  3.24788667 -0.31560184]
  RK45_ECI: r=[ 6324.44753311  4078.85404004 -1880.98952956], v=[-2.92841365  1.67495348 -6.32192161]
Epoch 1351, t=2460388.476071622:
  TLE_ECI: r=[ 1892.0604701  -2564.17929891  7026.05068069], v=[ 6.35238171  3.31874553 -0.4985014 ]
  RK45_ECI: r=[ 6303.3505676   4092.66369507 -1922.06072457], v=[-2.96428976  1.65085822 -6.31133014]
Epoch 1352, t=2460388.4761468857:
  TLE_ECI: r=[ 2083.03861376 -2462.65218384  7008.35401969], v=[ 6.29920969  3.3869746  -0.68101353]
  RK45_ECI: r=[ 6282.01431947  4106.30630124 -1963.06209773], v=[-3.00003352  1.62667155 -6.30051111]
Epoch 1353, t=2460388.4762221486:
  TLE_ECI: r=[ 2272.29833537 -2359.02818949  6985.1896911 ], v=[ 6.24107118  3.45251632 -0.86299685]
  RK45_ECI: r=[ 6260.43974748  4119.78113728 -2003.99217157], v=[-3.03564355  1.60239451 -6.28946496]
Epoch 1354, t=2460388.476297412:
  TLE_ECI: r=[ 2459.69038001 -2253.38960399  6956.57567744], v=[ 6.17801351  3.5153153  -1.04431036]
  RK45_ECI: r=[ 6238.62750214  4133.08768859 -2044.85004617], v=[-3.07111901  1.57802776 -6.27819195]
Epoch 1355, t=2460388.4763726755:
  TLE_ECI: r=[ 2645.0669882  -2145.82043621  6922.53418403], v=[ 6.11008784  3.57531819 -1.22481356]
  RK45_ECI: r=[ 6216.57883518  4146.22509892 -2085.63367286], v=[-3.10645804  1.55357265 -6.2666927 ]
Epoch 1356, t=2460388.476447939:
  TLE_ECI: r=[ 2828.28203914 -2036.40632554  6883.09162271], v=[ 6.03734907  3.63247386 -1.40436653]
  RK45_ECI: r=[ 6194.29452867  4159.19278019 -2126.3419645 ], v=[-3.14165964  1.52903    -6.25496752]
Epoch 1357, t=2460388.476523202:
  TLE_ECI: r=[ 3009.19115078 -1925.23449045  6838.2785926 ], v=[ 5.95985588  3.68673336 -1.58283004]
  RK45_ECI: r=[ 6171.77586244  4171.98989724 -2166.97288141], v=[-3.17672197  1.50440117 -6.24301705]
Epoch 1358, t=2460388.4765984653:
  TLE_ECI: r=[ 3187.65181507 -1812.39362574  6788.12985776], v=[ 5.87767058  3.73805004 -1.76006566]
  RK45_ECI: r=[ 6149.02351319  4184.61595674 -2207.52553213], v=[-3.21164421  1.47968685 -6.23084159]
Epoch 1359, t=2460388.476673729:
  TLE_ECI: r=[ 3363.5234737  -1697.97388441  6732.68432183], v=[ 5.79085916  3.78637952 -1.93593587]
  RK45_ECI: r=[ 6126.03848747  4197.07027604 -2247.99845455], v=[-3.24642502  1.45488808 -6.21844159]
Epoch 1360, t=2460388.476748992:
  TLE_ECI: r=[ 3536.66765088 -1582.06677398  6671.9849996 ], v=[ 5.6994912   3.83167974 -2.11030413]
  RK45_ECI: r=[ 6102.82198891  4209.35211041 -2288.3898108 ], v=[-3.28106279  1.43000613 -6.20581766]
Epoch 1361, t=2460388.4768242557:
  TLE_ECI: r=[ 3706.94805515 -1464.7650932   6606.07898554], v=[ 5.60363983  3.87391104 -2.28303499]
  RK45_ECI: r=[ 6079.37483384  4221.46089974 -2328.69852523], v=[-3.31555652  1.40504182 -6.19297016]
Epoch 1362, t=2460388.4768995186:
  TLE_ECI: r=[ 3874.23068192 -1346.16287028  6535.01741932], v=[ 5.50338168  3.91303612 -2.45399424]
  RK45_ECI: r=[ 6055.69836214  4233.39585728 -2368.92257929], v=[-3.34990444  1.37999655 -6.17989978]
Epoch 1363, t=2460388.476974782:
  TLE_ECI: r=[ 4038.38393399 -1226.35524479  6458.85544826], v=[ 5.39879679  3.94902019 -2.62304893]
  RK45_ECI: r=[ 6031.79317507  4245.1565553  -2409.06127972], v=[-3.38410591  1.3548709  -6.16660676]
Epoch 1364, t=2460388.4770500455:
  TLE_ECI: r=[ 4199.27869989 -1105.43845906  6377.6521869 ], v=[ 5.28996862  3.98183087 -2.79006754]
  RK45_ECI: r=[ 6007.66063315  4256.74222369 -2449.11261572], v=[-3.41815915  1.32966628 -6.15309181]
Epoch 1365, t=2460388.477125309:
  TLE_ECI: r=[4356.78847179 -983.50973857 6291.47067339], v=[ 5.17698396  4.01143831 -2.95492002]
  RK45_ECI: r=[ 5983.30168419  4268.15228604 -2489.07533417], v=[-3.45206307  1.30438364 -6.13935538]
Epoch 1366, t=2460388.4772005724:
  TLE_ECI: r=[4510.78944057 -860.66722608 6200.37782307], v=[ 5.05993283  4.03781518 -3.11747794]
  RK45_ECI: r=[ 5958.71728039  4279.38617029 -2528.94818373], v=[-3.48581655  1.27902393 -6.12539794]
Epoch 1367, t=2460388.4772758354:
  TLE_ECI: r=[4661.16059097 -737.00991757 6104.444379  ], v=[ 4.93890848  4.0609367  -3.27761458]
  RK45_ECI: r=[ 5933.90882057  4290.44313823 -2568.72916878], v=[-3.51941786  1.25358856 -6.11122022]
Epoch 1368, t=2460388.477351099:
  TLE_ECI: r=[4807.78380599 -612.63752968 6003.74485952], v=[ 4.81400728  4.0807807  -3.43520497]
  RK45_ECI: r=[ 5908.87692752  4301.32278314 -2608.41760482], v=[-3.55286638  1.22807813 -6.0968225 ]
Epoch 1369, t=2460388.477426362:
  TLE_ECI: r=[4950.5439461  -487.65050088 5898.35750302], v=[ 4.68532864  4.09732762 -3.59012609]
  RK45_ECI: r=[ 5883.62301989  4312.02438401 -2648.01150464], v=[-3.58616041  1.20249407 -6.08220553]
Epoch 1370, t=2460388.4775016257:
  TLE_ECI: r=[5089.32895009 -362.14985827 5788.36420963], v=[ 4.55297501  4.11056049 -3.74225686]
  RK45_ECI: r=[ 5858.14808251  4322.54739789 -2687.50963063], v=[-3.61929886  1.17683735 -6.06736981]
Epoch 1371, t=2460388.477576889:
  TLE_ECI: r=[5224.0299214  -236.23715007 5673.85048017], v=[ 4.41705172  4.12046502 -3.8914783 ]
  RK45_ECI: r=[ 5832.4531044   4332.8912862  -2726.91074705], v=[-3.65228065  1.15110892 -6.05231585]
Epoch 1372, t=2460388.477652152:
  TLE_ECI: r=[5354.54121441 -110.01437997 5554.90535222], v=[ 4.27766696  4.12702958 -4.03767364]
  RK45_ECI: r=[ 5806.53954143  4343.05536033 -2766.21288315], v=[-3.68510412  1.12531022 -6.03704442]
Epoch 1373, t=2460388.4777274155:
  TLE_ECI: r=[5480.76052022   16.41613712 5431.62133331], v=[ 4.13493165  4.13024526 -4.18072832]
  RK45_ECI: r=[ 5780.40803714  4353.0392349  -2805.41536383], v=[-3.71776866  1.09944186 -6.02155584]
Epoch 1374, t=2460388.477802679:
  TLE_ECI: r=[5602.58894534  142.95176449 5304.09433138], v=[ 3.98895941  4.13010579 -4.32053021]
  RK45_ECI: r=[ 5754.06006664  4362.84223879 -2844.51622736], v=[-3.7502726   1.07350528 -6.00585091]
Epoch 1375, t=2460388.4778779424:
  TLE_ECI: r=[5719.93109327  269.48968788 5172.42358252], v=[ 3.83986645  4.12660766 -4.45696958]
  RK45_ECI: r=[ 5727.49653516  4372.46389487 -2883.51443561], v=[-3.78261506  1.04750135 -5.98993008]
Epoch 1376, t=2460388.4779532054:
  TLE_ECI: r=[5832.69514148  395.92696655 5036.71157589], v=[ 3.6877715   4.11975004 -4.58993929]
  RK45_ECI: r=[ 5700.71894296  4381.90355478 -2922.40803902], v=[-3.81479438  1.0214315  -5.97379421]
Epoch 1377, t=2460388.478028469:
  TLE_ECI: r=[5940.79291098  522.16068474 4897.06397607], v=[ 3.53279565  4.10953489 -4.7193348 ]
  RK45_ECI: r=[ 5673.72806707  4391.16082    -2961.19618873], v=[-3.84680985  0.99529648 -5.95744368]
Epoch 1378, t=2460388.478103732:
  TLE_ECI: r=[6044.13994333  648.08793373 4753.58954274], v=[ 3.37506238  4.09596685 -4.84505431]
  RK45_ECI: r=[ 5646.5250744   4400.23515089 -2999.87749014], v=[-3.87866028  0.96909738 -5.94087912]
Epoch 1379, t=2460388.4781789957:
  TLE_ECI: r=[6142.6555653   773.6059633  4606.40004774], v=[ 3.21469736  4.07905333 -4.96699882]
  RK45_ECI: r=[ 5619.11136557  4409.1259748  -3038.4501911 ], v=[-3.9103442   0.94283554 -5.92410131]
Epoch 1380, t=2460388.478254259:
  TLE_ECI: r=[6236.26295503  898.61224893 4455.61018969], v=[ 3.05182842  4.05880448 -5.08507221]
  RK45_ECI: r=[ 5591.48787556  4417.83284511 -3076.91326886], v=[-3.94186076  0.91651183 -5.90711076]
Epoch 1381, t=2460388.478329522:
  TLE_ECI: r=[6324.88920736 1023.00455739 4301.33750602], v=[ 2.8865854   4.03523315 -5.19918136]
  RK45_ECI: r=[ 5563.65615869  4426.35516433 -3115.26480198], v=[-3.97320834  0.89012771 -5.88990834]
Epoch 1382, t=2460388.4784047855:
  TLE_ECI: r=[6408.46538158 1146.6811046  4143.70228271], v=[ 2.71910007  4.008355   -5.30923616]
  RK45_ECI: r=[ 5535.61701631  4434.69255963 -3153.50395484], v=[-4.00438625  0.86368393 -5.87249448]
Epoch 1383, t=2460388.478480049:
  TLE_ECI: r=[6486.92657448 1269.54052921 3982.82746151], v=[ 2.54950605  3.97818837 -5.41514966]
  RK45_ECI: r=[ 5507.37165434  4442.84453046 -3191.62935384], v=[-4.03539335  0.8371816  -5.85486985]
Epoch 1384, t=2460388.4785553124:
  TLE_ECI: r=[6560.2119625  1391.4820496  3818.83854501], v=[ 2.37793865  3.94475434 -5.5168381 ]
  RK45_ECI: r=[ 5478.92152166  4450.81055094 -3229.6392734 ], v=[-4.0662282   0.81062206 -5.83703528]
Epoch 1385, t=2460388.478630576:
  TLE_ECI: r=[6628.26485417 1512.40552933 3651.86349938], v=[ 2.20453484  3.90807669 -5.61422101]
  RK45_ECI: r=[ 5450.267582    4458.59020531 -3267.53270706], v=[-4.09688997  0.7840062  -5.81899129]
Epoch 1386, t=2460388.478705839:
  TLE_ECI: r=[6691.03274135 1632.21154047 3482.032655  ], v=[ 2.02943308  3.86818192 -5.70722125]
  RK45_ECI: r=[ 5421.41144211  4466.1829476  -3305.30776332], v=[-4.12737711  0.75733549 -5.80073884]
Epoch 1387, t=2460388.478781102:
  TLE_ECI: r=[6748.46732366 1750.80152443 3309.47860501], v=[ 1.85277318  3.82509919 -5.7957651 ]
  RK45_ECI: r=[ 5392.35392692  4473.58843088 -3342.96362059], v=[-4.15768894  0.73061069 -5.78227835]
Epoch 1388, t=2460388.4788563657:
  TLE_ECI: r=[6800.52457573 1868.07775792 3134.33610177], v=[ 1.67469629  3.77886035 -5.87978234]
  RK45_ECI: r=[ 5363.09628002  4480.80619438 -3380.49892751], v=[-4.18782434  0.70383292 -5.76361054]
Epoch 1389, t=2460388.478931629:
  TLE_ECI: r=[6847.16476557 1983.94351148 2956.74195153], v=[ 1.4953447   3.72949989 -5.95920628]
  RK45_ECI: r=[ 5333.63999709  4487.83575944 -3417.91198665], v=[-4.21778194  0.67700353 -5.7447363 ]
Epoch 1390, t=2460388.479006892:
  TLE_ECI: r=[6888.35249777 2098.30309167 2776.83490707], v=[ 1.31486177  3.6770549  -6.03397382]
  RK45_ECI: r=[ 5303.98634226  4494.67668616 -3455.20145934], v=[-4.24756064  0.65012368 -5.72565634]
Epoch 1391, t=2460388.4790821555:
  TLE_ECI: r=[6924.05671847 2211.06200194 2594.75555882], v=[ 1.13339174  3.62156511 -6.10402556]
  RK45_ECI: r=[ 5274.13615574  4501.3286465  -3492.36653399], v=[-4.27715977  0.62319411 -5.70637112]
Epoch 1392, t=2460388.479157419:
  TLE_ECI: r=[6954.25077696 2322.12690121 2410.64622405], v=[ 0.95107973  3.56307277 -6.16930578]
  RK45_ECI: r=[ 5244.09110229  4507.79115432 -3529.40535547], v=[-4.30657784  0.59621631 -5.68688166]
Epoch 1393, t=2460388.4792326824:
  TLE_ECI: r=[6978.91242404 2431.40576288 2224.65083469], v=[ 0.76807151  3.5016227  -6.22976255]
  RK45_ECI: r=[ 5213.85219     4514.06384374 -3566.31694531], v=[-4.33581404  0.56919118 -5.66718849]
Epoch 1394, t=2460388.479307946:
  TLE_ECI: r=[6998.02383606 2538.80793297 2036.91482355], v=[ 0.58451343  3.43726221 -6.28534775]
  RK45_ECI: r=[ 5183.42095959  4520.1462843  -3603.09963566], v=[-4.36486705  0.5421201  -5.64729257]
Epoch 1395, t=2460388.479383209:
  TLE_ECI: r=[7011.57163748 2644.24418573 1847.5850092 ], v=[ 0.4005523   3.37004108 -6.33601711]
  RK45_ECI: r=[ 5152.79871118  4526.03807631 -3639.75211195], v=[-4.3937358   0.51500421 -5.62719465]
Epoch 1396, t=2460388.479458472:
  TLE_ECI: r=[7019.54688093 2747.62688168 1656.80947964], v=[ 0.21633524  3.30001154 -6.38173027]
  RK45_ECI: r=[ 5121.98630721  4531.73891827 -3676.27357778], v=[-4.42241964  0.48784428 -5.60689519]
Epoch 1397, t=2460388.4795337357:
  TLE_ECI: r=[7021.94510009 2848.86991877 1464.73747461], v=[ 0.03200959  3.22722818 -6.42245081]
  RK45_ECI: r=[ 5090.98546139  4537.24837686 -3712.66221144], v=[-4.45091712  0.46064181 -5.58639526]
Epoch 1398, t=2460388.479608999:
  TLE_ECI: r=[7018.76628298 2947.88888757 1271.51926701], v=[-0.15227725  3.15174794 -6.45814626]
  RK45_ECI: r=[ 5059.79720808  4542.56611813 -3748.91705298], v=[-4.47922748  0.43339772 -5.56569544]
Epoch 1399, t=2460388.4796842625:
  TLE_ECI: r=[7010.01487907 3044.60112265 1077.30604327], v=[-0.33637793  3.07363009 -6.48878818]
  RK45_ECI: r=[ 5028.42313187  4547.69175997 -3785.03646557], v=[-4.50734942  0.40611338 -5.54479669]
Epoch 1400, t=2460388.4797595255:
  TLE_ECI: r=[6995.69980434 3138.92575242  882.24978285], v=[-0.52014522  2.99293612 -6.51435215]
  RK45_ECI: r=[ 4996.86456755  4552.62494348 -3821.01915974], v=[-4.53528192  0.37878997 -5.52369981]
Epoch 1401, t=2460388.479834789:
  TLE_ECI: r=[6975.83439692 3230.78385018  686.50313714], v=[-0.70343228  2.90972973 -6.5348178 ]
  RK45_ECI: r=[ 4965.12239894  4557.36539415 -3856.86435487], v=[-4.56302436  0.35142826 -5.50240529]
Epoch 1402, t=2460388.4799100524:
  TLE_ECI: r=[6950.43645966 3320.0983785   490.21930746], v=[-0.8860926   2.82407678 -6.55016882]
  RK45_ECI: r=[ 4933.19838689  4561.91273219 -3892.57026418], v=[-4.59057533  0.32402977 -5.48091422]
Epoch 1403, t=2460388.479985316:
  TLE_ECI: r=[6919.52820892 3406.79433669  293.55192281], v=[-1.06798027  2.73604522 -6.56039301]
  RK45_ECI: r=[ 4901.09359125  4566.26665579 -3928.13594691], v=[-4.6179341   0.29659542 -5.45922721]
Epoch 1404, t=2460388.4800605793:
  TLE_ECI: r=[6883.13626415 3490.79880485   96.6549171 ], v=[-1.24895003  2.64570504 -6.56548224]
  RK45_ECI: r=[ 4868.80963871  4570.42683193 -3963.55979854], v=[-4.64509942  0.26912661 -5.43734527]
Epoch 1405, t=2460388.480135842:
  TLE_ECI: r=[6841.29163545 3572.04098588 -100.31759396], v=[-1.4288574  2.5531282 -6.5654325]
  RK45_ECI: r=[ 4836.34789747  4574.39294298 -3998.84055572], v=[-4.6720703   0.24162452 -5.41526921]
Epoch 1406, t=2460388.4802111057:
  TLE_ECI: r=[6794.02965519 3650.45234669 -297.21143591], v=[-1.60755885  2.45838858 -6.56024389]
  RK45_ECI: r=[ 4803.70927163  4578.16474197 -4033.97745409], v=[-4.69884616  0.21408994 -5.39299955]
Epoch 1407, t=2460388.480286369:
  TLE_ECI: r=[6741.39001004 3725.96655556 -493.872499  ], v=[-1.78491187  2.36156194 -6.54992062]
  RK45_ECI: r=[ 4770.89556769  4581.7419029  -4068.96874318], v=[-4.72542566  0.1865244  -5.37053742]
Epoch 1408, t=2460388.4803616325:
  TLE_ECI: r=[6683.4166654  3798.5196202  -690.14686127], v=[-1.96077509  2.26272579 -6.53447099]
  RK45_ECI: r=[ 4737.90786958  4585.12415689 -4103.81350214], v=[-4.75180808  0.15892884 -5.34788344]
Epoch 1409, t=2460388.4804368955:
  TLE_ECI: r=[6620.15784955 3868.04990259 -885.8809116 ], v=[-2.13500845  2.16195941 -6.51390741]
  RK45_ECI: r=[ 4704.74800362  4588.3112027  -4138.50999749], v=[-4.7779921   0.13130481 -5.32503878]
Epoch 1410, t=2460388.480512159:
  TLE_ECI: r=[ 6551.6659673   3934.49824936 -1080.92147233], v=[-2.30747326  2.0593437  -6.48824637]
  RK45_ECI: r=[ 4671.41689215  4591.30281795 -4173.05748035], v=[-4.80397717  0.10365309 -5.30200395]
Epoch 1411, t=2460388.4805874224:
  TLE_ECI: r=[ 6477.99762245  3997.80792579 -1275.11592173], v=[-2.47803235  1.95496117 -6.45750844]
  RK45_ECI: r=[ 4637.91593654  4594.09872991 -4207.45471572], v=[-4.82976234  0.07597488 -5.2787798 ]
Epoch 1412, t=2460388.480662686:
  TLE_ECI: r=[ 6399.21352492  4057.92474229 -1468.31231566], v=[-2.6465502   1.84889583 -6.42171821]
  RK45_ECI: r=[ 4604.24682732  4596.69868512 -4241.70015333], v=[-4.85534646  0.0482716  -5.25536741]
Epoch 1413, t=2460388.4807379493:
  TLE_ECI: r=[ 6315.37844997  4114.79708139 -1660.3595087 ], v=[-2.81289298  1.74123315 -6.38090433]
  RK45_ECI: r=[ 4570.4106714   4599.10244783 -4275.79289283], v=[-4.88072886  0.02054419 -5.23176742]
Epoch 1414, t=2460388.480813212:
  TLE_ECI: r=[ 6226.56119546  4168.37592336 -1851.10727457], v=[-2.97692876  1.63205996 -6.33509942]
  RK45_ECI: r=[ 4536.40933763  4601.30977158 -4309.73123913], v=[-4.90590829 -0.00720579 -5.20798103]
Epoch 1415, t=2460388.4808884757:
  TLE_ECI: r=[ 6132.83447473  4218.61496132 -2040.40642554], v=[-3.13852756  1.52146439 -6.28434008]
  RK45_ECI: r=[ 4502.2437668   4603.32046201 -4343.51446062], v=[-4.9308842  -0.03497754 -5.18400878]
Epoch 1416, t=2460388.480963739:
  TLE_ECI: r=[ 6034.27492732  4265.4705311  -2228.10893107], v=[-3.29756146  1.40953578 -6.22866686]
  RK45_ECI: r=[ 4467.91539019  4605.13428888 -4377.14135036], v=[-4.95565573 -0.06276985 -5.15985154]
Epoch 1417, t=2460388.4810390025:
  TLE_ECI: r=[ 5930.96300622  4308.9017214  -2414.06803521], v=[-3.4539047   1.29636463 -6.16812417]
  RK45_ECI: r=[ 4433.42593578  4606.75104896 -4410.6103936 ], v=[-4.98022176 -0.09058131 -5.13551044]
Epoch 1418, t=2460388.481114266:
  TLE_ECI: r=[ 5822.98292148  4348.87039088 -2598.13837282], v=[-3.60743382  1.18204249 -6.10276031]
  RK45_ECI: r=[ 4398.77653213  4608.17053994 -4443.92071127], v=[-5.00458166 -0.11841096 -5.11098613]
Epoch 1419, t=2460388.481189529:
  TLE_ECI: r=[ 5710.42258214  4385.34118356 -2780.1760846 ], v=[-3.75802773  1.0666619  -6.03262737]
  RK45_ECI: r=[ 4363.96908845  4609.39257054 -4477.07064804], v=[-5.02873425 -0.14625723 -5.08627987]
Epoch 1420, t=2460388.4812647924:
  TLE_ECI: r=[ 5593.37347065  4418.28162667 -2960.03893053], v=[-3.90556781  0.9503163  -5.9577812 ]
  RK45_ECI: r=[ 4329.00440831  4610.41696967 -4510.05964466], v=[-5.05267913 -0.17411945 -5.06139209]
Epoch 1421, t=2460388.481340056:
  TLE_ECI: r=[ 5471.93064311  4447.66205618 -3137.58640211], v=[-4.04993801  0.83309997 -5.87828137]
  RK45_ECI: r=[ 4293.88441432  4611.24356527 -4542.88605986], v=[-5.07641514 -0.20199604 -5.03632406]
Epoch 1422, t=2460388.4814153193:
  TLE_ECI: r=[ 5346.19259792  4473.45571077 -3312.67983275], v=[-4.19102493  0.71510793 -5.79419109]
  RK45_ECI: r=[ 4258.61040695  4611.87218904 -4575.54887914], v=[-5.09994156 -0.22988592 -5.01107657]
Epoch 1423, t=2460388.4814905827:
  TLE_ECI: r=[ 5216.26120637  4495.63873704 -3485.18250662], v=[-4.32871793  0.59643585 -5.7055772 ]
  RK45_ECI: r=[ 4223.18368932  4612.30267762 -4608.04709098], v=[-5.1232577  -0.25778804 -4.98565044]
Epoch 1424, t=2460388.4815658457:
  TLE_ECI: r=[ 5082.2416406   4514.1901951  -3654.95976569], v=[-4.46290921  0.47718002 -5.61251003]
  RK45_ECI: r=[ 4187.60620874  4612.53489526 -4640.37908129], v=[-5.14636242 -0.28570082 -4.96004696]
Epoch 1425, t=2460388.481641109:
  TLE_ECI: r=[ 4944.242233    4529.09213647 -3821.87911484], v=[-4.59349386  0.35743719 -5.51506344]
  RK45_ECI: r=[ 4151.87878134  4612.56869496 -4672.54430547], v=[-5.16925537 -0.31362356 -4.93426658]
Epoch 1426, t=2460388.4817163725:
  TLE_ECI: r=[ 4802.37446539  4540.32952873 -3985.81032523], v=[-4.72037     0.23730455 -5.41331464]
  RK45_ECI: r=[ 4116.00336702  4612.40396035 -4704.541164  ], v=[-5.19193544 -0.34155472 -4.90831062]
Epoch 1427, t=2460388.481791636:
  TLE_ECI: r=[ 4656.75282369  4547.89032923 -4146.62553551], v=[-4.8434388   0.11687965 -5.30734424]
  RK45_ECI: r=[ 4079.98112989  4612.04054982 -4736.36881796], v=[-5.21440207 -0.36949332 -4.88217977]
Epoch 1428, t=2460388.481866899:
  TLE_ECI: r=[ 4507.49472966  4551.76546692 -4304.19935093], v=[-4.96260461e+00 -3.73972007e-03 -5.19723606e+00]
  RK45_ECI: r=[ 4043.81404625  4611.47837215 -4768.02568735], v=[-5.23665417 -0.3974378  -4.85587537]
Epoch 1429, t=2460388.4819421624:
  TLE_ECI: r=[ 4354.72039057  4551.94890369 -4458.40894023], v=[-5.07777497 -0.12445562 -5.08307717]
  RK45_ECI: r=[ 4007.50310201  4610.7173127  -4799.51109226], v=[-5.25869131 -0.42538735 -4.82939802]
Epoch 1430, t=2460388.482017426:
  TLE_ECI: r=[ 4198.55278029  4548.43755895 -4609.13413057], v=[-5.18886071 -0.24516997 -4.96495772]
  RK45_ECI: r=[ 3971.04980403  4609.75726069 -4830.8239098 ], v=[-5.28051274 -0.45334077 -4.80274868]
Epoch 1431, t=2460388.4820926893:
  TLE_ECI: r=[ 4039.1174847   4541.23136701 -4756.25749982], v=[-5.29577603 -0.36578469 -4.84297092]
  RK45_ECI: r=[ 3934.45597401  4608.59815529 -4861.96273181], v=[-5.3021175  -0.48129662 -4.77592857]
Epoch 1432, t=2460388.4821679527:
  TLE_ECI: r=[ 3876.5426125   4530.33326358 -4899.66446668], v=[-5.39843854 -0.48620178 -4.71721294]
  RK45_ECI: r=[ 3897.72279409  4607.23988862 -4892.92674282], v=[-5.32350509 -0.50925395 -4.74893844]
Epoch 1433, t=2460388.4822432157:
  TLE_ECI: r=[ 3710.95870346  4515.74917315 -5039.24337833], v=[-5.49676929 -0.60632334 -4.58778282]
  RK45_ECI: r=[ 3860.85227489  4605.68242519 -4923.71440669], v=[-5.34467448 -0.53721119 -4.72177966]
Epoch 1434, t=2460388.482318479:
  TLE_ECI: r=[ 3542.49856903  4497.48804872 -5174.88559548], v=[-5.5906929  -0.72605177 -4.45478242]
  RK45_ECI: r=[ 3823.84541636  4603.92567894 -4954.32506323], v=[-5.36562525 -0.56516752 -4.69445283]
Epoch 1435, t=2460388.4823937425:
  TLE_ECI: r=[ 3371.29726416  4475.56179785 -5306.48557518], v=[-5.68013753 -0.84528971 -4.31831629]
  RK45_ECI: r=[ 3786.70374912  4601.96958204 -4984.75762153], v=[-5.3863567  -0.59312176 -4.66695897]
Epoch 1436, t=2460388.482469006:
  TLE_ECI: r=[ 3197.49192478  4449.98531853 -5433.94095074], v=[-5.765035   -0.9639402  -4.17849162]
  RK45_ECI: r=[ 3749.42912505  4599.81412437 -5015.01071404], v=[-5.40686794 -0.62107246 -4.63929933]
Epoch 1437, t=2460388.4825442694:
  TLE_ECI: r=[ 3021.2216698   4420.77647647 -5557.15260916], v=[-5.84532076 -1.08190674 -4.03541811]
  RK45_ECI: r=[ 3712.02274271  4597.45923216 -5045.08354944], v=[-5.42715848 -0.64901866 -4.61147467]
Epoch 1438, t=2460388.4826195324:
  TLE_ECI: r=[ 2842.62750232  4387.95608236 -5676.02476594], v=[-5.920934   -1.19909334 -3.88920794]
  RK45_ECI: r=[ 3674.48664504  4594.90492561 -5074.97463689], v=[-5.44722736 -0.67695881 -4.58348641]
Epoch 1439, t=2460388.482694796:
  TLE_ECI: r=[ 2661.8521446   4351.54790971 -5790.46503691], v=[-5.99181766 -1.31540468 -3.73997563]
  RK45_ECI: r=[ 3636.82184524  4592.15114703 -5104.68333651], v=[-5.4670742  -0.7048921  -4.55533518]
Epoch 1440, t=2460388.4827700593:
  TLE_ECI: r=[ 2479.04000082  4311.57862449 -5900.38450778], v=[-6.05791846 -1.43074608 -3.58783795]
  RK45_ECI: r=[ 3599.02989614  4589.19787159 -5134.2085904 ], v=[-5.48669832 -0.73281733 -4.52702201]
Epoch 1441, t=2460388.4828453227:
  TLE_ECI: r=[ 2294.33699019  4268.07779911 -6005.6978004 ], v=[-6.11918693 -1.54502363 -3.43291386]
  RK45_ECI: r=[ 3561.1126776   4586.04514019 -5163.54907281], v=[-5.5060989  -0.76073306 -4.4985482 ]
Epoch 1442, t=2460388.482920586:
  TLE_ECI: r=[ 2107.89044333  4221.07788041 -6106.32313657], v=[-6.17557747 -1.65814426 -3.27532438]
  RK45_ECI: r=[ 3523.0714039   4582.69291277 -5192.70401732], v=[-5.52527547 -0.78863835 -4.46991453]
Epoch 1443, t=2460388.482995849:
  TLE_ECI: r=[ 1919.84899732  4170.6141585  -6202.18239882], v=[-6.22704834 -1.77001576 -3.11519253]
  RK45_ECI: r=[ 3484.90814822  4579.14126525 -5221.67197971], v=[-5.54422713 -0.81653163 -4.44112246]
Epoch 1444, t=2460388.4830711125:
  TLE_ECI: r=[ 1730.36242873  4116.72476243 -6293.20118826], v=[-6.27356169 -1.880547   -2.9526432 ]
  RK45_ECI: r=[ 3446.62393585  4575.39016849 -5250.45234096], v=[-5.56295353 -0.84441209 -4.41217262]
Epoch 1445, t=2460388.483146376:
  TLE_ECI: r=[ 1539.58160864  4059.45059467 -6379.30887985], v=[-6.31508362 -1.98964779 -2.78780305]
  RK45_ECI: r=[ 3408.22034046  4571.43964058 -5279.04407713], v=[-5.58145403 -0.87227855 -4.38306609]
Epoch 1446, t=2460388.4832216394:
  TLE_ECI: r=[ 1347.65833449  3998.8353234  -6460.43867437], v=[-6.35158413 -2.0972291  -2.62080047]
  RK45_ECI: r=[ 3369.69926826  4567.28977324 -5307.44590541], v=[-5.59972786 -0.90012956 -4.35380419]
Epoch 1447, t=2460388.4832969024:
  TLE_ECI: r=[ 1154.74523401  3934.9253389  -6536.52764771], v=[-6.38303721 -2.20320308 -2.4517654 ]
  RK45_ECI: r=[ 3331.06230422  4562.94060708 -5335.65682102], v=[-5.61777441 -0.92796392 -4.32438801]
Epoch 1448, t=2460388.483372166:
  TLE_ECI: r=[  960.99559892  3867.76973166 -6607.51679701], v=[-6.40942077 -2.30748316 -2.28082929]
  RK45_ECI: r=[ 3292.31048099  4558.39213327 -5363.67621933], v=[-5.63559335 -0.95578084 -4.29481819]
Epoch 1449, t=2460388.4834474293:
  TLE_ECI: r=[  766.56333454  3797.42023184 -6673.35108406], v=[-6.43071673 -2.40998404 -2.108125  ]
  RK45_ECI: r=[ 3253.44590388  4553.64449164 -5391.50271096], v=[-5.65318383 -0.98357876 -4.26509623]
Epoch 1450, t=2460388.4835226927:
  TLE_ECI: r=[  571.60279256  3723.93118451 -6733.97947553], v=[-6.44691097 -2.51062181 -1.93378665]
  RK45_ECI: r=[ 3214.46980987  4548.69769624 -5419.13557065], v=[-5.67054545 -1.01135673 -4.23522295]
Epoch 1451, t=2460388.483597956:
  TLE_ECI: r=[  376.26866182  3647.35950347 -6789.35498024], v=[-6.45799336 -2.60931404 -1.75794957]
  RK45_ECI: r=[ 3175.38412948  4543.55188975 -5446.5735596 ], v=[-5.68767746 -1.03911331 -4.2051997 ]
Epoch 1452, t=2460388.483673219:
  TLE_ECI: r=[  180.71585834  3567.76462649 -6839.43468348], v=[-6.46395777 -2.70597974 -1.58075019]
  RK45_ECI: r=[ 3136.19046631  4538.20715568 -5473.81570828], v=[-5.70457932 -1.06684731 -4.17502758]
Epoch 1453, t=2460388.4837484825:
  TLE_ECI: r=[  -14.9006376   3485.20847217 -6884.17977819], v=[-6.464802   -2.80053957 -1.40232591]
  RK45_ECI: r=[ 3096.88986373  4532.66351363 -5500.86143367], v=[-5.7212507  -1.09455794 -4.14470727]
Epoch 1454, t=2460388.483823746:
  TLE_ECI: r=[ -210.42583856  3399.7553868  -6923.5555933 ], v=[-6.46052788 -2.89291578 -1.22281505]
  RK45_ECI: r=[ 3057.4844531   4526.9211591  -5527.70939551], v=[-5.73769083 -1.12224362 -4.11424028]
Epoch 1455, t=2460388.4838990094:
  TLE_ECI: r=[ -405.70491288  3311.47209861 -6957.53161887], v=[-6.4511412  -2.98303228 -1.04235669]
  RK45_ECI: r=[ 3017.975484    4520.98014006 -5554.35889498], v=[-5.75389932 -1.14990341 -4.08362744]
Epoch 1456, t=2460388.483974273:
  TLE_ECI: r=[ -600.58329416  3220.42766509 -6986.08152823], v=[-6.4366517  -3.07081477 -0.86109061]
  RK45_ECI: r=[ 2978.36490977  4514.84064996 -5580.80873821], v=[-5.7698755  -1.1775359  -4.05287015]
Epoch 1457, t=2460388.484049536:
  TLE_ECI: r=[ -794.90679189  3126.69342187 -7009.18319715], v=[-6.4170731  -3.1561907  -0.67915718]
  RK45_ECI: r=[ 2938.65435106  4508.50281528 -5607.0579916 ], v=[-5.78561884 -1.20513987 -4.02196952]
Epoch 1458, t=2460388.4841247993:
  TLE_ECI: r=[ -988.52174784  3030.34291909 -7026.81871975], v=[-6.39242301 -3.23908946 -0.49669726]
  RK45_ECI: r=[ 2898.84486099  4501.96668416 -5633.10609412], v=[-5.80112907 -1.23271452 -3.99092623]
Epoch 1459, t=2460388.4842000627:
  TLE_ECI: r=[-1181.27509912  2931.45187664 -7038.97442171], v=[-6.36272301 -3.31944227 -0.31385207]
  RK45_ECI: r=[ 2858.93859496  4495.23250771 -5658.95175563], v=[-5.81640545 -1.2602583  -3.95974183]
Epoch 1460, t=2460388.484275326:
  TLE_ECI: r=[-1373.01453406  2830.09811826 -7045.64087003], v=[-6.32799855 -3.39718235 -0.13076313]
  RK45_ECI: r=[ 2818.93681405  4488.30036787 -5684.59430414], v=[-5.83144765 -1.28777026 -3.92841716]
Epoch 1461, t=2460388.4843505896:
  TLE_ECI: r=[-1563.5886005   2726.36151326 -7046.81288003], v=[-6.28827898 -3.47224492  0.05242786]
  RK45_ECI: r=[ 2778.84149244  4481.17050891 -5710.03259159], v=[-5.84625504 -1.31524898 -3.89695365]
Epoch 1462, t=2460388.4844258525:
  TLE_ECI: r=[-1752.84681515  2620.32391991 -7042.48951912], v=[-6.24359751 -3.54456726  0.23557915]
  RK45_ECI: r=[ 2738.65426636  4473.84310025 -5735.26572095], v=[-5.86082715 -1.34269325 -3.86535241]
Epoch 1463, t=2460388.484501116:
  TLE_ECI: r=[-1940.63981098  2512.06910246 -7032.6741075 ], v=[-6.19399115 -3.61408881  0.41854898]
  RK45_ECI: r=[ 2698.37619755  4466.31821874 -5760.29315342], v=[-5.87516372 -1.37010227 -3.83361415]
Epoch 1464, t=2460388.4845763794:
  TLE_ECI: r=[-2126.81940542  2401.68269539 -7017.37421596], v=[-6.13950074 -3.68075114  0.60119574]
  RK45_ECI: r=[ 2658.00946336  4458.59617102 -5785.11364994], v=[-5.8892641  -1.39747449 -3.80174044]
Epoch 1465, t=2460388.484651643:
  TLE_ECI: r=[-2311.23874672  2289.25211852 -6996.60166046], v=[-6.08017089 -3.744498    0.78337804]
  RK45_ECI: r=[ 2617.55533518  4450.67707304 -5809.72656572], v=[-5.90312799 -1.42480895 -3.76973213]
Epoch 1466, t=2460388.484726906:
  TLE_ECI: r=[-2493.75241308  2174.86652114 -6970.37249368], v=[-6.01604997 -3.80527542  0.96495484]
  RK45_ECI: r=[ 2577.01599947  4442.56125665 -5834.13068531], v=[-5.91675474 -1.45210411 -3.73759081]
Epoch 1467, t=2460388.4848021693:
  TLE_ECI: r=[-2674.21655084  2058.61668466 -6938.70699351], v=[-5.94718999 -3.86303176  1.14578551]
  RK45_ECI: r=[ 2536.39252555  4434.24882407 -5858.32549088], v=[-5.93014414 -1.47935916 -3.7053172 ]
Epoch 1468, t=2460388.4848774327:
  TLE_ECI: r=[-2852.48894666  1940.59499422 -6901.62964857], v=[-5.8736467  -3.91771768  1.32572997]
  RK45_ECI: r=[ 2495.68656361  4425.73999096 -5882.3101241 ], v=[-5.94329577 -1.50657291 -3.67291242]
Epoch 1469, t=2460388.484952696:
  TLE_ECI: r=[-3028.42916413  1820.8953396  -6859.16914052], v=[-5.79547943 -3.96928622  1.50464878]
  RK45_ECI: r=[ 2454.90011692  4417.03508279 -5906.08351191], v=[-5.95620911 -1.53374393 -3.64037796]
Epoch 1470, t=2460388.4850279596:
  TLE_ECI: r=[-3201.89864594  1699.61304909 -6811.35832344], v=[-5.71275111 -4.01769284  1.68240323]
  RK45_ECI: r=[ 2414.03446569  4408.13424961 -5929.64503713], v=[-5.96888389 -1.56087127 -3.60771465]
Epoch 1471, t=2460388.4851032225:
  TLE_ECI: r=[-3372.76081675  1576.84482532 -6758.23420011], v=[-5.62552823 -4.06289547  1.85885545]
  RK45_ECI: r=[ 2373.09181511  4399.03787854 -5952.99353669], v=[-5.98131955 -1.5879534  -3.57492414]
Epoch 1472, t=2460388.485178486:
  TLE_ECI: r=[-3540.88120825  1452.68863087 -6699.83789522], v=[-5.53388073 -4.10485456  2.03386852]
  RK45_ECI: r=[ 2332.07305794  4389.7460513  -5976.12862373], v=[-5.99351596 -1.61498963 -3.54200696]
Epoch 1473, t=2460388.4852537494:
  TLE_ECI: r=[-3706.12753486  1327.24366973 -6636.21462565], v=[-5.43788201 -4.14353304  2.20730657]
  RK45_ECI: r=[ 2290.98040505  4380.2591743  -5999.04915339], v=[-6.00547259 -1.64197841 -3.50896477]
Epoch 1474, t=2460388.485329013:
  TLE_ECI: r=[-3868.36981641  1200.61027181 -6567.41366759], v=[-5.33760887 -4.17889643  2.37903487]
  RK45_ECI: r=[ 2249.81532636  4370.57747569 -6021.75442482], v=[-6.01718914 -1.66891869 -3.47579858]
Epoch 1475, t=2460388.4854042763:
  TLE_ECI: r=[-4027.48047463  1072.88982376 -6493.48832072], v=[-5.23314145 -4.21091284  2.54891991]
  RK45_ECI: r=[ 2208.57929243  4360.70118878 -6044.24374082], v=[-6.02866534 -1.6958094  -3.44250941]
Epoch 1476, t=2460388.4854795393:
  TLE_ECI: r=[-4183.3344301    944.18470181 -6414.49586939], v=[-5.12456317 -4.239553    2.71682956]
  RK45_ECI: r=[ 2167.27452456  4350.63075586 -6066.51599165], v=[-6.0399007  -1.72264902 -3.40909892]
Epoch 1477, t=2460388.4855548027:
  TLE_ECI: r=[-4335.80921166   814.59814269 -6330.4975407 ], v=[-5.01196064 -4.26479033  2.88263312]
  RK45_ECI: r=[ 2125.90191903  4340.36628313 -6088.5708086 ], v=[-6.05089511 -1.74943685 -3.37556769]
Epoch 1478, t=2460388.485630066:
  TLE_ECI: r=[-4484.78503477   684.23423463 -6241.55845976], v=[-4.89542366 -4.28660089  3.04620143]
  RK45_ECI: r=[ 2084.46370208  4329.90823199 -6110.40710049], v=[-6.0616481  -1.77617138 -3.34191736]
Epoch 1479, t=2460388.4857053296:
  TLE_ECI: r=[-4630.14490794   553.19778744 -6147.7476018 ], v=[-4.77504512 -4.30496346  3.20740698]
  RK45_ECI: r=[ 2042.96135158  4319.25686853 -6132.02420004], v=[-6.07215945 -1.80285155 -3.30814898]
Epoch 1480, t=2460388.4857805925:
  TLE_ECI: r=[-4771.77472052   421.59427534 -6049.13774147], v=[-4.65092094 -4.31985953  3.36612399]
  RK45_ECI: r=[ 2001.39654403  4308.41251387 -6153.42134378], v=[-6.08242886 -1.82947617 -3.27426376]
Epoch 1481, t=2460388.485855856:
  TLE_ECI: r=[-4909.56333814   289.52969807 -5945.80539911], v=[-4.52314999 -4.33127341  3.52222855]
  RK45_ECI: r=[ 1959.77091973  4297.37551534 -6174.59777597], v=[-6.09245605 -1.85604413 -3.24026291]
Epoch 1482, t=2460388.4859311194:
  TLE_ECI: r=[-5043.40268214   157.1105791  -5837.83078417], v=[-4.39183403 -4.33919211  3.67559863]
  RK45_ECI: r=[ 1918.08597241  4286.14615312 -6195.55284668], v=[-6.10224081 -1.88255435 -3.20614747]
Epoch 1483, t=2460388.486006383:
  TLE_ECI: r=[-5173.18782139    24.44382591 -5725.29773569], v=[-4.25707765 -4.34360545  3.82611429]
  RK45_ECI: r=[ 1876.34374283  4274.72489337 -6216.28561929], v=[-6.11178279 -1.90900545 -3.17191898]
Epoch 1484, t=2460388.4860816463:
  TLE_ECI: r=[-5298.81705419  -108.36334164 -5608.29365991], v=[-4.11898815 -4.34450607  3.97365768]
  RK45_ECI: r=[ 1834.54552846  4263.11198073 -6236.79555642], v=[-6.12108184 -1.93539651 -3.13757834]
Epoch 1485, t=2460388.4861569093:
  TLE_ECI: r=[-5420.19199001  -241.2034613  -5486.90946511], v=[-3.97767554 -4.3418894   4.11811317]
  RK45_ECI: r=[ 1792.69357381  4251.30795567 -6257.08164683], v=[-6.13013758 -1.96172602 -3.10312726]
Epoch 1486, t=2460388.4862321727:
  TLE_ECI: r=[-5537.21762572  -373.9689782  -5361.23949354], v=[-3.83325233 -4.33575375  4.25936747]
  RK45_ECI: r=[ 1750.78896632  4239.31302869 -6277.14346164], v=[-6.13894993 -1.9879932  -3.06856649]
Epoch 1487, t=2460388.486307436:
  TLE_ECI: r=[-5649.80242482  -506.55223707 -5231.38145066], v=[-3.68583359 -4.32610022  4.39730968]
  RK45_ECI: r=[ 1708.83339185  4227.12757709 -6296.98028966], v=[-6.14751866 -2.01419688 -3.03389725]
Epoch 1488, t=2460388.4863826996:
  TLE_ECI: r=[-5757.85838931  -638.84563171 -5097.43633157], v=[-3.53553678 -4.31293278  4.53183138]
  RK45_ECI: r=[ 1666.82890071  4214.75211641 -6316.59124462], v=[-6.15584349 -2.0403357  -2.9991211 ]
Epoch 1489, t=2460388.486457963:
  TLE_ECI: r=[-5861.3011309   -770.74167661 -4959.50834479], v=[-3.38248166 -4.29625824  4.66282677]
  RK45_ECI: r=[ 1624.77679395  4202.18692453 -6335.97581866], v=[-6.16392429 -2.06640874 -2.96423897]
Epoch 1490, t=2460388.486533226:
  TLE_ECI: r=[-5960.04994179  -902.13307695 -4817.70483333], v=[-3.22679026 -4.27608626  4.79019269]
  RK45_ECI: r=[ 1582.67932567  4189.43259578 -6355.13305653], v=[-6.17176077 -2.09241452 -2.92925259]
Epoch 1491, t=2460388.4866084894:
  TLE_ECI: r=[-6054.02784985 -1032.91288548 -4672.13619322], v=[-3.0685867  -4.2524294   4.91382878]
  RK45_ECI: r=[ 1540.53758538  4176.4893685  -6374.06255377], v=[-6.17935285 -2.11835227 -2.89416271]
Epoch 1492, t=2460388.486683753:
  TLE_ECI: r=[-6143.16169584 -1162.97448566 -4522.91578937], v=[-2.90799716 -4.225303    5.03363748]
  RK45_ECI: r=[ 1498.35326438  4163.35766162 -6392.76363955], v=[-6.18670037 -2.14422082 -2.85897059]
Epoch 1493, t=2460388.4867590163:
  TLE_ECI: r=[-6227.38218348 -1292.21174865 -4370.15986898], v=[-2.74514977 -4.19472531  5.14952419]
  RK45_ECI: r=[ 1456.12842025  4150.03803958 -6411.23547879], v=[-6.19380309 -2.17001885 -2.82367781]
Epoch 1494, t=2460388.4868342797:
  TLE_ECI: r=[-6306.62393827 -1420.51910279 -4213.98747248], v=[-2.58017449 -4.16071739  5.26139731]
  RK45_ECI: r=[ 1413.8643564   4136.53081315 -6429.4775936 ], v=[-6.20066093 -2.19574544 -2.78828531]
Epoch 1495, t=2460388.4869095427:
  TLE_ECI: r=[-6380.82556552 -1547.79160209 -4054.52034203], v=[-2.41320304 -4.12330313  5.36916833]
  RK45_ECI: r=[ 1371.56333447  4122.83662984 -6447.48908561], v=[-6.20727364 -2.22139912 -2.75279483]
Epoch 1496, t=2460388.486984806:
  TLE_ECI: r=[-6449.92968293 -1673.92508714 -3891.88282778], v=[-2.24436875 -4.08250925  5.47275189]
  RK45_ECI: r=[ 1329.22644528  4108.95575547 -6465.26957517], v=[-6.21364119 -2.24697914 -2.71720716]
Epoch 1497, t=2460388.4870600696:
  TLE_ECI: r=[-6513.88299373 -1798.81616058 -3726.20179164], v=[-2.0738065  -4.03836529  5.5720659 ]
  RK45_ECI: r=[ 1286.85538345  4094.88865028 -6482.81843242], v=[-6.21976346 -2.27248435 -2.68152357]
Epoch 1498, t=2460388.487135333:
  TLE_ECI: r=[-6572.63631371 -1922.36234632 -3557.60650912], v=[-1.90165258 -3.99090353  5.66703157]
  RK45_ECI: r=[ 1244.45221226  4080.63592691 -6500.13487422], v=[-6.22564026 -2.29791344 -2.64574565]
Epoch 1499, t=2460388.487210596:
  TLE_ECI: r=[-6626.14462193 -2044.46213712 -3386.22856874], v=[-1.72804462 -3.94015906  5.75757347]
  RK45_ECI: r=[ 1202.01862857  4066.19806688 -6517.21829382], v=[-6.23127148 -2.32326528 -2.60987469]
Epoch 1500, t=2460388.4872858594:
  TLE_ECI: r=[-6674.36707424 -2165.01515717 -3212.20176968], v=[-1.55312141 -3.88616972  5.84361966]
  RK45_ECI: r=[ 1159.55572268  4051.57535558 -6534.06832833], v=[-6.23665712 -2.34853911 -2.57391146]
Epoch 1501, t=2460388.487361123:
  TLE_ECI: r=[-6717.26707217 -2283.92212959 -3035.66201715], v=[-1.37702286 -3.82897603  5.92510169]
  RK45_ECI: r=[ 1117.06576223  4036.76850077 -6550.68414543], v=[-6.24179698 -2.37373348 -2.53785776]
Epoch 1502, t=2460388.4874363863:
  TLE_ECI: r=[-6754.81227033 -2401.08503703 -2856.74721607], v=[-1.19988984 -3.76862123  6.00195469]
  RK45_ECI: r=[ 1074.55005191  4021.77786511 -6567.06531603], v=[-6.24669105 -2.39884752 -2.50171452]
Epoch 1503, t=2460388.4875116497:
  TLE_ECI: r=[-6786.97460892 -2516.40718479 -2675.59716282], v=[-1.0218641  -3.70515122  6.07411743]
  RK45_ECI: r=[ 1032.01065861  4006.60410895 -6583.21110962], v=[-6.25133919 -2.42387991 -2.46548338]
Epoch 1504, t=2460388.4875869127:
  TLE_ECI: r=[-6813.73034488 -2629.79326219 -2492.35343532], v=[-0.84308812 -3.63861453  6.14153237]
  RK45_ECI: r=[  989.44928045  3991.24775427 -6599.12096122], v=[-6.25574134 -2.44882953 -2.42916562]
Epoch 1505, t=2460388.487662176:
  TLE_ECI: r=[-6835.06004107 -2741.14950283 -2307.15928147], v=[-0.66370497 -3.56906229  6.20414573]
  RK45_ECI: r=[  946.86700738  3975.70911346 -6614.79453326], v=[-6.25989752 -2.47369565 -2.39276203]
Epoch 1506, t=2460388.4877374396:
  TLE_ECI: r=[-6850.9486278  -2850.3836443  -2120.15950597], v=[-0.48385827 -3.49654816  6.2619075 ]
  RK45_ECI: r=[  904.26611014  3959.98894609 -6630.23105186], v=[-6.26380759 -2.49847684 -2.35627443]
Epoch 1507, t=2460388.487812703:
  TLE_ECI: r=[-6861.38538552 -2957.4050859  -1931.50035578], v=[-0.30369201 -3.42112834  6.31477154]
  RK45_ECI: r=[  861.64789282  3944.08764676 -6645.43011887], v=[-6.26747157 -2.52317222 -2.31970375]
Epoch 1508, t=2460388.4878879664:
  TLE_ECI: r=[-6866.36396108 -3062.1249457  -1741.32940421], v=[-0.12335044 -3.34286149  6.36269556]
  RK45_ECI: r=[  819.01442415  3928.00592292 -6660.39105697], v=[-6.27088938 -2.54778051 -2.28305165]
Epoch 1509, t=2460388.4879632294:
  TLE_ECI: r=[-6865.88238228 -3164.4561159  -1549.79543373], v=[ 0.05702204 -3.2618087   6.40564123]
  RK45_ECI: r=[  776.36740209  3911.74433656 -6675.11334338], v=[-6.274061   -2.5723006  -2.24631942]
Epoch 1510, t=2460388.488038493:
  TLE_ECI: r=[-6859.94302253 -3264.31341746 -1357.04831778], v=[ 0.23728104 -3.17803345  6.44357417]
  RK45_ECI: r=[  733.70791533  3895.3032268  -6689.596666  ], v=[-6.27698646 -2.59673175 -2.20950786]
Epoch 1511, t=2460388.4881137563:
  TLE_ECI: r=[-6848.55265353 -3361.61355194 -1163.23890126], v=[ 0.41728224 -3.09160152  6.47646398]
  RK45_ECI: r=[  691.03823568  3878.68340438 -6703.84030998], v=[-6.27966569 -2.62107256 -2.17261879]
Epoch 1512, t=2460388.4881890197:
  TLE_ECI: r=[-6831.72240305 -3456.27525335  -968.51888044], v=[ 0.59688156 -3.00258097  6.5042843 ]
  RK45_ECI: r=[  648.35966551  3861.88529556 -6717.84390834], v=[-6.28209875 -2.64532217 -2.13565317]
Epoch 1513, t=2460388.488264283:
  TLE_ECI: r=[-6809.46775458 -3548.2193369   -773.04068181], v=[ 0.77593528 -2.9110421   6.52701281]
  RK45_ECI: r=[  605.67427356  3844.90965431 -6731.60683737], v=[-6.2842856  -2.66947929 -2.09861265]
Epoch 1514, t=2460388.488339546:
  TLE_ECI: r=[-6781.80854446 -3637.36874738  -576.95734032], v=[ 0.9543001  -2.81705735  6.54463126]
  RK45_ECI: r=[  562.98375618  3827.75708216 -6745.1286168 ], v=[-6.28622627 -2.69354284 -2.06149854]
Epoch 1515, t=2460388.4884148096:
  TLE_ECI: r=[-6748.76890252 -3723.64870464  -380.42237715], v=[ 1.1318334  -2.72070126  6.55712549]
  RK45_ECI: r=[  520.28919979  3810.4279448  -6758.40896013], v=[-6.28792082 -2.71751209 -2.02431164]
Epoch 1516, t=2460388.488490073:
  TLE_ECI: r=[-6710.37729472 -3806.98664794  -183.58967674], v=[ 1.30839319 -2.62205042  6.56448543]
  RK45_ECI: r=[  477.59287519  3792.92310351 -6771.44721199], v=[-6.28936925 -2.74138566 -1.98705378]
Epoch 1517, t=2460388.4885653364:
  TLE_ECI: r=[-6666.666457   -3887.31237787    13.3866363 ], v=[ 1.48383837 -2.52118337  6.56670513]
  RK45_ECI: r=[  434.89608207  3775.2430159  -6784.24303669], v=[-6.29057164 -2.76516269 -1.94972592]
Epoch 1518, t=2460388.4886405994:
  TLE_ECI: r=[-6617.67338889 -3964.55807787   210.35232059], v=[ 1.65802876 -2.41818059  6.56378276]
  RK45_ECI: r=[  392.20109001  3757.38856584 -6796.79580621], v=[-6.291528   -2.78884179 -1.9123299 ]
Epoch 1519, t=2460388.488715863:
  TLE_ECI: r=[-6563.43927614 -4038.65844926   407.15314145], v=[ 1.83082528 -2.31312437  6.5557206 ]
  RK45_ECI: r=[  349.5089832   3739.36014227 -6809.10525797], v=[-6.29223844 -2.81242225 -1.87486652]
Epoch 1520, t=2460388.4887911263:
  TLE_ECI: r=[-6504.00952427 -4109.5506511    603.63499452], v=[ 2.00209004 -2.20609878  6.54252503]
  RK45_ECI: r=[  306.82145397  3721.15838896 -6821.17095615], v=[-6.29270302 -2.83590299 -1.83733709]
Epoch 1521, t=2460388.4888663897:
  TLE_ECI: r=[-6439.43367394 -4177.17443215   799.6440291 ], v=[ 2.17168646 -2.09718959  6.52420659]
  RK45_ECI: r=[  264.14056681  3702.78413316 -6832.99236359], v=[-6.29292182 -2.85928276 -1.79974329]
Epoch 1522, t=2460388.488941653:
  TLE_ECI: r=[-6369.76537022 -4241.4721628    995.02677131], v=[ 2.33947937 -1.98648418  6.50077986]
  RK45_ECI: r=[  221.46761728  3684.23786359 -6844.569176  ], v=[-6.29289494 -2.88256071 -1.76208608]
Epoch 1523, t=2460388.489016916:
  TLE_ECI: r=[-6295.06232933 -4302.38886637  1189.63024694], v=[ 2.50533516 -1.8740715   6.47226354]
  RK45_ECI: r=[  178.80487087  3665.5205137  -6855.90082539], v=[-6.29262249 -2.9057355  -1.72436731]
Epoch 1524, t=2460388.4890921796:
  TLE_ECI: r=[-6215.38623916 -4359.8723403   1383.30210367], v=[ 2.66912187 -1.76004195  6.43868041]
  RK45_ECI: r=[  136.15340746  3646.63249855 -6866.98707495], v=[-6.29210458 -2.92880639 -1.68658778]
Epoch 1525, t=2460388.489167443:
  TLE_ECI: r=[-6130.80278191 -4413.87308954  1575.89073303], v=[ 2.83070931 -1.64448734  6.40005727]
  RK45_ECI: r=[   93.51491438  3627.57450058 -6877.82753177], v=[-6.29134135 -2.95177234 -1.64874881]
Epoch 1526, t=2460388.4892427064:
  TLE_ECI: r=[-6041.38152809 -4464.34444377  1767.24539129], v=[ 2.98996914 -1.52750077  6.35642495]
  RK45_ECI: r=[   50.89145085  3608.34739206 -6888.4217132 ], v=[-6.29033292 -2.97463211 -1.61085208]
Epoch 1527, t=2460388.48931797:
  TLE_ECI: r=[-5947.19589014 -4511.24257837  1957.21631978], v=[ 3.14677503 -1.40917661  6.30781829]
  RK45_ECI: r=[    8.28430702  3588.95169245 -6898.76934649], v=[-6.28907944 -2.99738486 -1.57289857]
Epoch 1528, t=2460388.489393233:
  TLE_ECI: r=[-5848.32307314 -4554.52653525  2145.65486422], v=[ 3.30100271 -1.28961036  6.25427607]
  RK45_ECI: r=[  -34.30425817  3569.38838404 -6908.86992408], v=[-6.28758109 -3.02002928 -1.53489014]
Epoch 1529, t=2460388.4894684963:
  TLE_ECI: r=[-5744.8439561  -4594.15832689  2332.41359291], v=[ 3.45253012 -1.16889858  6.195841  ]
  RK45_ECI: r=[  -76.8733621   3549.65781483 -6918.72328067], v=[-6.28583801 -3.04256473 -1.49682741]
Epoch 1530, t=2460388.4895437597:
  TLE_ECI: r=[-5636.84310329 -4630.10286491  2517.34641403], v=[ 3.60123747 -1.04713884  6.13255969]
  RK45_ECI: r=[ -119.42074877  3529.76098398 -6928.32892951], v=[-6.28385039 -3.0649899  -1.45871225]
Epoch 1531, t=2460388.489619023:
  TLE_ECI: r=[-5524.40863978 -4662.32805966  2700.30869145], v=[ 3.74700737 -0.92442961  6.06448257]
  RK45_ECI: r=[ -161.9449417   3509.69852945 -6937.68657985], v=[-6.28161841 -3.08730388 -1.42054582]
Epoch 1532, t=2460388.4896942866:
  TLE_ECI: r=[-5407.63218993 -4690.80483062  2881.1573593 ], v=[ 3.88972488 -0.80087017  5.99166388]
  RK45_ECI: r=[ -204.44446592  3489.47109386 -6946.79594497], v=[-6.27914229 -3.10950573 -1.38232926]
Epoch 1533, t=2460388.4897695496:
  TLE_ECI: r=[-5286.60881432 -4715.50711544  3059.75103513], v=[ 4.02927768 -0.67656054  5.9141616 ]
  RK45_ECI: r=[ -246.91707137  3469.07970745 -6955.65657816], v=[-6.27642223 -3.13159417 -1.34406447]
Epoch 1534, t=2460388.489844813:
  TLE_ECI: r=[-5161.43687444 -4736.41195496  3235.9501313 ], v=[ 4.16555607 -0.55160138  5.83203739]
  RK45_ECI: r=[ -289.36188152  3448.52474027 -6964.26833428], v=[-6.27345844 -3.15356858 -1.30575206]
Epoch 1535, t=2460388.4899200764:
  TLE_ECI: r=[-5032.2180328  -4753.49941862  3409.61696515], v=[ 4.29845311 -0.42609393  5.74535658]
  RK45_ECI: r=[ -331.7766501   3427.80723908 -6972.63078757], v=[-6.27025115 -3.17542767 -1.26739392]
Epoch 1536, t=2460388.48999534:
  TLE_ECI: r=[-4899.05711271 -4766.75268483  3580.615867  ], v=[ 4.42786471 -0.30013988  5.65418804]
  RK45_ECI: r=[ -374.1599091   3406.92787508 -6980.74368502], v=[-6.26680061 -3.19717055 -1.22899121]
Epoch 1537, t=2460388.490070603:
  TLE_ECI: r=[-4762.06203837 -4776.15802554  3748.8132866 ], v=[ 4.55368966 -0.17384136  5.55860416]
  RK45_ECI: r=[ -416.509991    3385.88742346 -6988.60674141], v=[-6.26310707 -3.2187962  -1.19054528]
Epoch 1538, t=2460388.4901458663:
  TLE_ECI: r=[-4621.34368884 -4781.70487456  3914.07789746], v=[ 4.67582978 -0.04730073  5.45868081]
  RK45_ECI: r=[ -458.82526014  3364.6866632  -6996.21968019], v=[-6.25917078 -3.24030368 -1.15205747]
Epoch 1539, t=2460388.4902211297:
  TLE_ECI: r=[-4477.01588969 -4783.38575159  4076.28069952], v=[4.79418991 0.07937937 5.3544972 ]
  RK45_ECI: r=[ -501.10424392  3343.32628419 -7003.58226767], v=[-6.25499199 -3.26169208 -1.11352897]
Epoch 1540, t=2460388.490296393:
  TLE_ECI: r=[-4329.19526252 -4781.19632609  4235.29511938], v=[4.90867807 0.20609619 5.24613588]
  RK45_ECI: r=[ -543.34490909  3321.80728039 -7010.69417577], v=[-6.25057101 -3.28296024 -1.07496148]
Epoch 1541, t=2460388.4903716566:
  TLE_ECI: r=[-4178.00114234 -4775.13540688  4390.99710859], v=[5.01920546 0.33274692 5.13368262]
  RK45_ECI: r=[ -585.54598815  3300.13025471 -7017.55522117], v=[-6.2459081  -3.30410737 -1.03635599]
Epoch 1542, t=2460388.4904469196:
  TLE_ECI: r=[-4023.55549295 -4765.20493173  4543.26523975], v=[5.12568655 0.45922878 5.01722637]
  RK45_ECI: r=[ -627.70525276  3278.29632114 -7024.16506771], v=[-6.24100361 -3.32513224 -0.99771441]
Epoch 1543, t=2460388.490522183:
  TLE_ECI: r=[-3865.9827504  -4751.41001404  4691.98080009], v=[5.22803915 0.58543916 4.89685915]
  RK45_ECI: r=[ -669.82164955  3256.30599044 -7030.52357776], v=[-6.23585778 -3.34603416 -0.95903755]
Epoch 1544, t=2460388.4905974464:
  TLE_ECI: r=[-3705.40980457 -4733.75886672  4837.02788308], v=[5.32618445 0.71127561 4.772676  ]
  RK45_ECI: r=[ -711.89352632  3234.1600861  -7036.63052415], v=[-6.23047092 -3.36681218 -0.92032678]
Epoch 1545, t=2460388.49067271:
  TLE_ECI: r=[-3541.9658395  -4712.26284431  4978.29347725], v=[5.42004711 0.83663598 4.64477487]
  RK45_ECI: r=[ -753.91886285  3211.85964371 -7042.48563477], v=[-6.22484341 -3.38746516 -0.88158381]
Epoch 1546, t=2460388.4907479733:
  TLE_ECI: r=[-3375.7822413  -4686.93642218  5115.66755278], v=[5.50955525 0.9614185  4.51325658]
  RK45_ECI: r=[ -795.8964021   3189.4052948  -7048.08875867], v=[-6.21897553 -3.40799234 -0.84280965]
Epoch 1547, t=2460388.4908232363:
  TLE_ECI: r=[-3206.99250464 -4657.79717566  5249.04314548], v=[5.59464058 1.08552183 4.37822468]
  RK45_ECI: r=[ -837.82393094  3166.7981983  -7053.43962167], v=[-6.21286768 -3.42839251 -0.8040062 ]
Epoch 1548, t=2460388.4908984997:
  TLE_ECI: r=[-3035.73206984 -4624.86580417  5378.31643808], v=[5.67523837 1.20884522 4.2397854 ]
  RK45_ECI: r=[ -879.70040541  3144.03888892 -7058.53811271], v=[-6.20652015 -3.44866502 -0.7651743 ]
Epoch 1549, t=2460388.490973763:
  TLE_ECI: r=[-2862.13829482 -4588.1660569   5503.38683918], v=[5.75128754 1.33128849 4.09804754]
  RK45_ECI: r=[ -921.52418637  3121.12822531 -7063.38404899], v=[-6.19993329 -3.46880892 -0.7263153 ]
Epoch 1550, t=2460388.4910490266:
  TLE_ECI: r=[-2686.35028925 -4547.72475319  5624.15705927], v=[5.82273068 1.45275216 3.95312241]
  RK45_ECI: r=[ -963.29326873  3098.06728361 -7067.97721462], v=[-6.19310751 -3.48882313 -0.68743094]
Epoch 1551, t=2460388.4911242896:
  TLE_ECI: r=[-2508.50882916 -4503.57174393  5740.53318412], v=[5.8895141  1.57313752 3.80512372]
  RK45_ECI: r=[-1005.00602044  3074.85694031 -7072.31745171], v=[-6.18604321 -3.50870671 -0.64852259]
Epoch 1552, t=2460388.491199553:
  TLE_ECI: r=[-2328.75619073 -4455.73991808  5852.42474538], v=[5.95158785 1.69234676 3.65416747]
  RK45_ECI: r=[-1046.66140518  3051.49774702 -7076.40466704], v=[-6.17874066 -3.52845902 -0.60959108]
Epoch 1553, t=2460388.4912748164:
  TLE_ECI: r=[-2147.23611572 -4404.26513062  5959.7447885 ], v=[6.00890574 1.81028295 3.5003719 ]
  RK45_ECI: r=[-1088.25722965  3027.99091291 -7080.23865763], v=[-6.17120034 -3.5480789  -0.57063833]
Epoch 1554, t=2460388.49135008:
  TLE_ECI: r=[-1964.09364315 -4349.18620543  6062.40993776], v=[6.06142541 1.92685018 3.34385734]
  RK45_ECI: r=[-1129.79225586  3004.33711387 -7083.81932479], v=[-6.1634226  -3.56756561 -0.53166534]
Epoch 1555, t=2460388.4914253433:
  TLE_ECI: r=[-1779.47500686 -4290.54489667  6160.34045836], v=[6.10910831 2.04195361 3.18474617]
  RK45_ECI: r=[-1171.26449552  2980.53746551 -7087.14650914], v=[-6.15540789 -3.58691809 -0.49267385]
Epoch 1556, t=2460388.4915006063:
  TLE_ECI: r=[-1593.52753142 -4228.38585116  6253.46031582], v=[6.15191974 2.15549956 3.02316269]
  RK45_ECI: r=[-1212.67233194  2956.59287814 -7090.22009742], v=[-6.14715664 -3.60613544 -0.45366525]
Epoch 1557, t=2460388.4915758697:
  TLE_ECI: r=[-1406.39946522 -4162.75659268  6341.6972322 ], v=[6.18982884 2.26739558 2.85923303]
  RK45_ECI: r=[-1254.01473975  2932.50392626 -7093.04002327], v=[-6.13866917 -3.62521702 -0.41464036]
Epoch 1558, t=2460388.491651133:
  TLE_ECI: r=[-1218.23993801 -4093.70745459  6424.98273978], v=[6.22280868 2.37755052 2.69308505]
  RK45_ECI: r=[-1295.289545    2908.27186149 -7095.60614625], v=[-6.129946   -3.64416172 -0.3756011 ]
Epoch 1559, t=2460388.4917263966:
  TLE_ECI: r=[-1029.19879287 -4021.29156089  6503.2522314 ], v=[6.25083618 2.48587457 2.52484825]
  RK45_ECI: r=[-1336.49552288  2883.89738658 -7097.91840048], v=[-6.1209875  -3.66296881 -0.33654848]
Epoch 1560, t=2460388.49180166:
  TLE_ECI: r=[ -839.42648039 -3945.5647793   6576.44500806], v=[6.27389218 2.59227936 2.35465366]
  RK45_ECI: r=[-1377.63070367  2859.38165551 -7099.97668323], v=[-6.11179419 -3.68163727 -0.29748425]
Epoch 1561, t=2460388.491876923:
  TLE_ECI: r=[ -649.0739516  -3866.58567564  6644.50432347], v=[6.29196143 2.69667802 2.18263376]
  RK45_ECI: r=[-1418.69348742  2834.72561148 -7101.78092602], v=[-6.10236653 -3.70016621 -0.25840979]
Epoch 1562, t=2460388.4919521865:
  TLE_ECI: r=[ -458.29249392 -3784.41547631  6707.37742556], v=[6.30503258 2.79898527 2.00892234]
  RK45_ECI: r=[-1459.68286041  2809.92985142 -7103.33108936], v=[-6.09270485 -3.71855503 -0.21932592]
Epoch 1563, t=2460388.49202745:
  TLE_ECI: r=[ -267.2336811  -3699.11800722  6765.01559509], v=[6.3130982  2.89911744 1.83365445]
  RK45_ECI: r=[-1500.59666993  2784.99566819 -7104.62709545], v=[-6.08280974 -3.73680264 -0.18023457]
Epoch 1564, t=2460388.4921027133:
  TLE_ECI: r=[  -76.04920861 -3610.75965351  6817.37418113], v=[6.31615479 2.99699254 1.65696625]
  RK45_ECI: r=[-1541.43370541  2759.9237907  -7105.6689113 ], v=[-6.07268159 -3.75490832 -0.14113675]
Epoch 1565, t=2460388.4921779768:
  TLE_ECI: r=[  115.10921339 -3519.40930532  6864.41263354], v=[6.31420272 3.09253035 1.47899495]
  RK45_ECI: r=[-1582.19201736  2734.71541025 -7106.45649085], v=[-6.06232097 -3.77287109 -0.1020342 ]
Epoch 1566, t=2460388.4922532397:
  TLE_ECI: r=[  306.08996821 -3425.13830511  6906.09453242], v=[6.30724632 3.18565245 1.29987868]
  RK45_ECI: r=[-1622.87002379  2709.37150218 -7106.98981041], v=[-6.05172838 -3.79069009 -0.06292831]
Epoch 1567, t=2460388.492328503:
  TLE_ECI: r=[  496.74169142 -3328.02038935  6942.38761442], v=[6.29529374 3.27628234 1.1197564 ]
  RK45_ECI: r=[-1663.46672351  2683.89268523 -7107.26885733], v=[-6.04090417 -3.80836473 -0.02381989]
Epoch 1568, t=2460388.4924037666:
  TLE_ECI: r=[  686.91332729 -3228.13163478  6973.2637962 ], v=[6.27835708 3.36434541 0.9387678 ]
  RK45_ECI: r=[-1703.97998691  2658.28029238 -7107.29361649], v=[-6.02984898 -3.82589394  0.01528913]
Epoch 1569, t=2460388.49247903:
  TLE_ECI: r=[  876.45428725 -3125.5503976   6998.69919459], v=[6.25645226 3.44976904 0.75705321]
  RK45_ECI: r=[-1744.4086186   2632.5350781  -7107.06408766], v=[-6.01856325 -3.84327704  0.05439773]
Epoch 1570, t=2460388.492554293:
  TLE_ECI: r=[ 1065.2145476  -3020.3572562   7018.67414386], v=[6.22959909 3.53248265 0.57475344]
  RK45_ECI: r=[-1784.7505      2606.65839303 -7106.5802843 ], v=[-6.00704763 -3.86051298  0.09350401]
Epoch 1571, t=2460388.4926295565:
  TLE_ECI: r=[ 1253.04480148 -2912.63493693  7033.17320973], v=[6.19782119 3.6124178  0.39200977]
  RK45_ECI: r=[-1825.00464145  2580.65087472 -7105.8422188 ], v=[-5.99530251 -3.87760118  0.13260713]
Epoch 1572, t=2460388.49270482:
  TLE_ECI: r=[ 1439.79652076 -2802.46826676  7042.18520057], v=[6.16114598 3.68950816 0.20896375]
  RK45_ECI: r=[-1865.16948221  2554.5135323  -7104.84991388], v=[-5.98332843 -3.8945408   0.17170573]
Epoch 1573, t=2460388.4927800833:
  TLE_ECI: r=[ 1625.32210687 -2689.94409721  7045.70317527], v=[6.1196047  3.7636896  0.02575719]
  RK45_ECI: r=[-1905.24310854  2528.24761478 -7103.60341406], v=[-5.97112603 -3.91133091  0.21079806]
Epoch 1574, t=2460388.4928553468:
  TLE_ECI: r=[ 1809.47499646 -2575.15123937  7043.7244482 ], v=[ 6.07323235  3.83490026 -0.15746803]
  RK45_ECI: r=[-1945.22434131  2501.85390161 -7102.1027518 ], v=[-5.95869577 -3.92797083  0.24988313]
Epoch 1575, t=2460388.4929306097:
  TLE_ECI: r=[ 1992.1097672  -2458.18040106  7036.250591  ], v=[ 6.02206764  3.90308055 -0.34056999]
  RK45_ECI: r=[-1985.11108792  2475.33378181 -7100.34800302], v=[-5.94603838 -3.94445954  0.28895902]
Epoch 1576, t=2460388.493005873:
  TLE_ECI: r=[ 2173.08227959 -2339.124094    7023.28743129], v=[ 5.966153    3.96817329 -0.52340687]
  RK45_ECI: r=[-2024.90237282  2448.68791393 -7098.33920673], v=[-5.93315425 -3.96079649  0.3280249 ]
Epoch 1577, t=2460388.4930811366:
  TLE_ECI: r=[ 2352.24974406 -2218.07659531  7004.84504843], v=[ 5.90553453  4.03012361 -0.70583707]
  RK45_ECI: r=[-2064.59665604  2421.91733763 -7096.07643017], v=[-5.92004399 -3.97698086  0.36707942]
Epoch 1578, t=2460388.4931564:
  TLE_ECI: r=[ 2529.47086147 -2095.13385275  6980.93776607], v=[ 5.84026197  4.08887912 -0.88771924]
  RK45_ECI: r=[-2104.19204881  2395.02333642 -7093.55977426], v=[-5.90670829 -3.99301173  0.40612084]
Epoch 1579, t=2460388.4932316635:
  TLE_ECI: r=[ 2704.60592475 -1970.39341576  6951.58414162], v=[ 5.77038867  4.1443899  -1.06891248]
  RK45_ECI: r=[-2143.68738932  2368.00671421 -7090.78930394], v=[-5.89314764 -4.00888846  0.44514816]
Epoch 1580, t=2460388.4933069265:
  TLE_ECI: r=[ 2877.51692167 -1843.95436815  6916.80695279], v=[ 5.69597152  4.19660852 -1.24927636]
  RK45_ECI: r=[-2183.08061284  2340.86889735 -7087.76515744], v=[-5.87936283 -4.02461007  0.48415947]
Epoch 1581, t=2460388.49338219:
  TLE_ECI: r=[ 3048.06766383 -1715.91721789  6876.63318087], v=[ 5.61707093  4.24549016 -1.42867107]
  RK45_ECI: r=[-2222.37075899  2313.61056484 -7084.48740026], v=[-5.86535429 -4.04017599  0.52315396]
Epoch 1582, t=2460388.4934574533:
  TLE_ECI: r=[ 3216.12385857 -1586.38386807  6831.09399116], v=[ 5.53375079  4.29099257 -1.6069575 ]
  RK45_ECI: r=[-2261.55631031  2286.23278586 -7080.95614399], v=[-5.85112266 -4.05558546  0.56213026]
Epoch 1583, t=2460388.4935327168:
  TLE_ECI: r=[ 3381.55323595 -1455.45750534  6780.22471014], v=[ 5.44607843  4.3330761  -1.78399735]
  RK45_ECI: r=[-2300.63540467  2258.73687753 -7077.17154575], v=[-5.8366687  -4.07083759  0.60108665]
Epoch 1584, t=2460388.49360798:
  TLE_ECI: r=[ 3544.22564565 -1323.2425275   6724.06479973], v=[ 5.35412456  4.37170381 -1.95965324]
  RK45_ECI: r=[-2339.60689885  2231.12366752 -7073.13370292], v=[-5.82199292 -4.08593174  0.64002213]
Epoch 1585, t=2460388.493683243:
  TLE_ECI: r=[ 3704.01315473 -1189.84447278  6662.65782846], v=[ 5.2579632   4.40684141 -2.13378879]
  RK45_ECI: r=[-2378.46875821  2203.39461811 -7068.84281579], v=[-5.8070962  -4.10086698  0.67893479]
Epoch 1586, t=2460388.4937585066:
  TLE_ECI: r=[ 3860.79016154 -1055.36989446  6596.05143953], v=[ 5.15767164  4.43845742 -2.30626873]
  RK45_ECI: r=[-2417.22021529  2175.55030266 -7064.29895437], v=[-5.79197891 -4.11564283  0.71782401]
Epoch 1587, t=2460388.49383377:
  TLE_ECI: r=[4014.43347149 -919.92634117 6524.29731603], v=[ 5.05333042  4.46652303 -2.47695903]
  RK45_ECI: r=[-2455.85924639  2147.59219579 -7059.50234022], v=[-5.77664195 -4.13025836  0.75668788]
Epoch 1588, t=2460388.4939090335:
  TLE_ECI: r=[4164.82240839 -783.62223042 6447.45114291], v=[ 4.94502322  4.49101226 -2.64572693]
  RK45_ECI: r=[-2494.38454829  2119.52127012 -7054.45312083], v=[-5.76108592 -4.14471291  0.79552522]
Epoch 1589, t=2460388.4939842965:
  TLE_ECI: r=[4311.83890304 -646.56678649 6365.57256613], v=[ 4.83283685  4.51190193 -2.81244113]
  RK45_ECI: r=[-2532.79463936  2091.33863626 -7049.15147326], v=[-5.74531154 -4.15900573  0.83433467]
Epoch 1590, t=2460388.49405956:
  TLE_ECI: r=[4455.36759372 -508.86990427 6278.7251487 ], v=[ 4.71686111  4.52917173 -2.97697181]
  RK45_ECI: r=[-2571.08806158  2063.04538811 -7043.59758336], v=[-5.72931949 -4.17313614  0.87311488]
Epoch 1591, t=2460388.4941348233:
  TLE_ECI: r=[4595.29590405 -370.64213721 6186.97632385], v=[ 4.59718881  4.54280417 -3.13919077]
  RK45_ECI: r=[-2609.26351774  2034.64251915 -7037.79161802], v=[-5.71311041 -4.18710346  0.91186467]
Epoch 1592, t=2460388.4942100868:
  TLE_ECI: r=[4731.5141404  -231.99456028 6090.39734514], v=[ 4.47391566  4.55278465 -3.29897154]
  RK45_ECI: r=[-2647.31919861  2006.13140369 -7031.73383524], v=[-5.69668518 -4.20090689  0.95058232]
Epoch 1593, t=2460388.49428535:
  TLE_ECI: r=[4863.91557593  -93.03869446 5989.06323368], v=[ 4.34714021  4.55910147 -3.45618944]
  RK45_ECI: r=[-2685.25399751  1977.51291022 -7025.42439054], v=[-5.68004437 -4.21454583  0.98926683]
Epoch 1594, t=2460388.494360613:
  TLE_ECI: r=[4992.396535     46.11356726 5883.0527224 ], v=[ 4.21696379  4.56174583 -3.61072169]
  RK45_ECI: r=[-2723.06593913  1948.78856224 -7018.86359569], v=[-5.66318895 -4.22801943  1.02791631]
Epoch 1595, t=2460388.4944358766:
  TLE_ECI: r=[5116.85647505  185.35010736 5772.44819749], v=[ 4.08349037  4.5607119  -3.76244752]
  RK45_ECI: r=[-2760.75411086  1919.9590929  -7012.05159006], v=[-5.64611944 -4.24132718  1.06652995]
Epoch 1596, t=2460388.49451114:
  TLE_ECI: r=[5237.1980659   324.55858651 5657.3356369 ], v=[ 3.94682659  4.55599676 -3.91124827]
  RK45_ECI: r=[-2798.31706658  1891.02564874 -7004.98860896], v=[-5.62883659 -4.25446839  1.10510637]
Epoch 1597, t=2460388.4945864035:
  TLE_ECI: r=[5353.32726776  463.62659083 5537.80454598], v=[ 3.80708161  4.54760043 -4.05700745]
  RK45_ECI: r=[-2835.75302887  1861.98963404 -6997.67496628], v=[-5.61134131 -4.2674423   1.14364388]
Epoch 1598, t=2460388.494661667:
  TLE_ECI: r=[5465.15340584  602.44170809 5413.94789041], v=[ 3.66436702  4.53552591 -4.19961087]
  RK45_ECI: r=[-2873.06091303  1832.85193868 -6990.11084983], v=[-5.59363422 -4.28024833  1.18214148]
Epoch 1599, t=2460388.49473693:
  TLE_ECI: r=[5572.5892449   740.89160159 5285.8620262 ], v=[ 3.51879684  4.51977915 -4.3389467 ]
  RK45_ECI: r=[-2910.23877946  1803.61411796 -6982.29663309], v=[-5.57571635 -4.29288568  1.22059726]
Epoch 1600, t=2460388.4948121933:
  TLE_ECI: r=[5675.55105075  878.86416568 5153.64662712], v=[ 3.37048729  4.50036908 -4.47490559]
  RK45_ECI: r=[-2947.28573435  1774.27692308 -6974.23248185], v=[-5.55758822 -4.30535387  1.25901042]
Epoch 1601, t=2460388.4948874568:
  TLE_ECI: r=[5773.95866922 1016.24751994 5017.40460921], v=[ 3.21955686  4.4773076  -4.60738074]
  RK45_ECI: r=[-2984.20035986  1744.84152593 -6965.91867545], v=[-5.53925064 -4.31765224  1.29737961]
Epoch 1602, t=2460388.49496272:
  TLE_ECI: r=[5867.73558307 1152.93016377 4877.24205283], v=[ 3.06612611  4.45060955 -4.73626802]
  RK45_ECI: r=[-3020.98091217  1715.30935923 -6957.35558354], v=[-5.52070457 -4.32978006  1.33570311]
Epoch 1603, t=2460388.4950379836:
  TLE_ECI: r=[5956.80897542 1288.80105122 4733.26812195], v=[ 2.91031764  4.42029277 -4.86146599]
  RK45_ECI: r=[-3057.62632947  1685.68133342 -6948.5434262 ], v=[-5.50195065 -4.3417368   1.37397993]
Epoch 1604, t=2460388.4951132466:
  TLE_ECI: r=[6041.10979268 1423.74966409 4585.59498091], v=[ 2.75225595  4.38637801 -4.98287605]
  RK45_ECI: r=[-3094.13470971  1655.959034   -6939.48263845], v=[-5.48298996 -4.35352169  1.41220817]
Epoch 1605, t=2460388.49518851:
  TLE_ECI: r=[6120.57278415 1557.66617228 4434.33770868], v=[ 2.59206736  4.34888902 -5.10040252]
  RK45_ECI: r=[-3130.50517876  1626.14322927 -6930.17341248], v=[-5.46382305 -4.36513428  1.45038704]
Epoch 1606, t=2460388.4952637735:
  TLE_ECI: r=[6195.13657877 1690.44141887 4279.61421058], v=[ 2.42987992  4.30785245 -5.21395266]
  RK45_ECI: r=[-3166.73634823  1596.23511542 -6920.61607156], v=[-5.44445076 -4.37657394  1.48851518]
Epoch 1607, t=2460388.495339037:
  TLE_ECI: r=[6264.7437194  1821.96707984 4121.54512767], v=[ 2.26582331  4.26329788 -5.32343682]
  RK45_ECI: r=[-3202.82650957  1566.23615207 -6910.81104092], v=[-5.42487409 -4.38784     1.52659088]
Epoch 1608, t=2460388.4954143:
  TLE_ECI: r=[6329.34071919 1952.13571707 3960.25374372], v=[ 2.10002874  4.21525779 -5.42876848]
  RK45_ECI: r=[-3238.77429038  1536.14754713 -6900.75866836], v=[-5.40509391 -4.39893184  1.5646128 ]
Epoch 1609, t=2460388.4954895633:
  TLE_ECI: r=[6388.87808263 2080.84094126 3795.86588996], v=[ 1.9326288   4.16376756 -5.52986433]
  RK45_ECI: r=[-3274.578831    1505.97008097 -6890.45916365], v=[-5.38511077 -4.40984904  1.60258012]
Epoch 1610, t=2460388.4955648268:
  TLE_ECI: r=[6443.31037918 2207.97738934 3628.50984751], v=[ 1.76375744  4.10886542 -5.62664436]
  RK45_ECI: r=[-3310.23827453  1475.70537197 -6879.91303186], v=[-5.36492582 -4.42059088  1.64049098]
Epoch 1611, t=2460388.49564009:
  TLE_ECI: r=[6492.59625867 2333.44088553 3458.31624775], v=[ 1.59354976  4.05059244 -5.7190319 ]
  RK45_ECI: r=[-3345.75159771  1445.35436137 -6869.12054452], v=[-5.34453973 -4.43115686  1.67834437]
Epoch 1612, t=2460388.4957153536:
  TLE_ECI: r=[6536.69849053 2457.12850969 3285.41797057], v=[ 1.422142    3.9889925  -5.80695372]
  RK45_ECI: r=[-3381.11712861  1414.9185343  -6858.08218219], v=[-5.32395354 -4.44154636  1.71613861]
Epoch 1613, t=2460388.4957906166:
  TLE_ECI: r=[6575.58400186 2578.93866388 3109.95004062], v=[ 1.24967137  3.92411226 -5.89034007]
  RK45_ECI: r=[-3416.3335262   1384.399121   -6846.79833629], v=[-5.30316816 -4.45175879  1.75387236]
Epoch 1614, t=2460388.49586588:
  TLE_ECI: r=[6609.22387465 2698.77123424 2932.04952173], v=[ 1.07627591  3.85600115 -5.96912476]
  RK45_ECI: r=[-3451.39995167  1353.7969176  -6835.26924291], v=[-5.28218418 -4.46179374  1.7915448 ]
Epoch 1615, t=2460388.4959411435:
  TLE_ECI: r=[6637.59341382 2816.52755966 2751.85540932], v=[ 0.90209447  3.78471128 -6.0432452 ]
  RK45_ECI: r=[-3486.31458913  1323.11356925 -6823.49546799], v=[-5.26100275 -4.47165056  1.82915408]
Epoch 1616, t=2460388.496016407:
  TLE_ECI: r=[6660.67213827 2932.11059126 2569.50852119], v=[ 0.72726652  3.71029746 -6.11264248]
  RK45_ECI: r=[-3521.0764405   1292.3500352  -6811.47731506], v=[-5.23962459 -4.48132876  1.86669921]
Epoch 1617, t=2460388.4960916704:
  TLE_ECI: r=[6678.44380479 3045.42495493 2385.15138667], v=[ 0.55193205  3.63281712 -6.17726142]
  RK45_ECI: r=[-3555.68387192  1261.50782462 -6799.21531963], v=[-5.2180508  -4.49082776  1.90417851]
Epoch 1618, t=2460388.4961669333:
  TLE_ECI: r=[6690.89643061 3156.37701206 2198.9281341 ], v=[ 0.37623148  3.55233027 -6.23705061]
  RK45_ECI: r=[-3590.13557481  1230.58818886 -6786.70991648], v=[-5.19628228 -4.50014702  1.94159064]
Epoch 1619, t=2460388.4962421968:
  TLE_ECI: r=[6698.0222663  3264.87501702 2010.98437702], v=[ 0.20030549  3.4688995  -6.29196244]
  RK45_ECI: r=[-3624.43073179  1199.59193905 -6773.96136783], v=[-5.17431965 -4.50928615  1.97893482]
Epoch 1620, t=2460388.49631746:
  TLE_ECI: r=[6699.81785652 3370.82907715 1821.46709873], v=[ 0.02429496  3.38258987 -6.34195318]
  RK45_ECI: r=[-3658.56756955  1168.52074556 -6760.97030005], v=[-5.15216412 -4.51824452  2.01620919]
Epoch 1621, t=2460388.4963927236:
  TLE_ECI: r=[6696.28400638 3474.1513074  1630.52453585], v=[-0.15165917  3.29346887 -6.38698302]
  RK45_ECI: r=[-3692.54511593  1137.37558473 -6747.73704842], v=[-5.12981643 -4.5270217   2.05341277]
Epoch 1622, t=2460388.496467987:
  TLE_ECI: r=[6687.42578929 3574.75588525 1438.30606054], v=[-0.32741606  3.20160642 -6.42701607]
  RK45_ECI: r=[-3726.36177653  1106.15798824 -6734.26220294], v=[-5.1072777  -4.53561713  2.0905439 ]
Epoch 1623, t=2460388.49654325:
  TLE_ECI: r=[6673.25255336 3672.5591036  1244.96206172], v=[-0.502835    3.10707475 -6.46202042]
  RK45_ECI: r=[-3760.01627624  1074.86922755 -6720.54624135], v=[-5.08454888 -4.5440303   2.12760127]
Epoch 1624, t=2460388.4966185135:
  TLE_ECI: r=[6653.77786979 3767.47952105 1050.64382545], v=[-0.67777563  3.00994835 -6.49196818]
  RK45_ECI: r=[-3793.50781973  1043.51012803 -6706.58945177], v=[-5.06163061 -4.55226085  2.16458408]
Epoch 1625, t=2460388.496693777:
  TLE_ECI: r=[6629.01958509 3859.43791328  855.50341421], v=[-0.85209799  2.91030397 -6.51683548]
  RK45_ECI: r=[-3826.8346778   1012.08238359 -6692.39252042], v=[-5.03852413 -4.56030819  2.20149049]
Epoch 1626, t=2460388.4967690404:
  TLE_ECI: r=[6598.99976329 3948.3574189   659.69354571], v=[-1.02566266  2.80822047 -6.53660249]
  RK45_ECI: r=[-3859.99590499   980.58698689 -6677.95581398], v=[-5.01523021 -4.56817191  2.23831957]
Epoch 1627, t=2460388.4968443033:
  TLE_ECI: r=[6563.74468911 4034.16356637  463.36747093], v=[-1.19833085  2.70377882 -6.55125348]
  RK45_ECI: r=[-3892.98979253   949.02564191 -6663.28004581], v=[-4.99175012 -4.57585145  2.27506947]
Epoch 1628, t=2460388.4969195668:
  TLE_ECI: r=[6523.28479822 4116.78441459  266.67885182], v=[-1.36996462  2.59706199 -6.5607768 ]
  RK45_ECI: r=[-3925.81556534   917.39918575 -6648.36552785], v=[-4.96808452 -4.58334646  2.31173941]
Epoch 1629, t=2460388.49699483:
  TLE_ECI: r=[6477.65472126 4196.15049857   69.78163836], v=[-1.54042685  2.48815492 -6.56516488]
  RK45_ECI: r=[-3958.47198541   885.70891052 -6633.21278207], v=[-4.94423439 -4.59065647  2.34832811]
Epoch 1630, t=2460388.4970700936:
  TLE_ECI: r=[6426.89320744 4272.19496617 -127.17005441], v=[-1.70958146  2.37714442 -6.56441428]
  RK45_ECI: r=[-3990.95752426   853.95638122 -6617.82248443], v=[-4.92020092 -4.59778098  2.38483392]
Epoch 1631, t=2460388.497145357:
  TLE_ECI: r=[6371.04310292 4344.85361584 -324.02206959], v=[-1.87729351  2.26411909 -6.55852565]
  RK45_ECI: r=[-4023.271264     822.14260595 -6602.19503263], v=[-4.8959849 -4.6047196  2.4212559]
Epoch 1632, t=2460388.49722062:
  TLE_ECI: r=[6310.15132688 4414.06493313 -520.62033175], v=[-2.04342926  2.14916929 -6.54750376]
  RK45_ECI: r=[-4055.41154225   790.26931005 -6586.33119887], v=[-4.87158766 -4.61147181  2.45759224]
Epoch 1633, t=2460388.4972958835:
  TLE_ECI: r=[6244.26877985 4479.77021745 -716.81096993], v=[-2.20785637  2.03238698 -6.53135748]
  RK45_ECI: r=[-4087.37760727   758.33734365 -6570.23132034], v=[-4.84700985 -4.61803729  2.49384218]
Epoch 1634, t=2460388.497371147:
  TLE_ECI: r=[6173.45037709 4541.91352082 -912.4404408 ], v=[-2.37044393  1.91386576 -6.51009976]
  RK45_ECI: r=[-4119.16825692   726.34801651 -6553.89596092], v=[-4.82225252 -4.62441559  2.53000443]
Epoch 1635, t=2460388.4974464104:
  TLE_ECI: r=[ 6097.75495054  4600.44177021 -1107.35565121], v=[-2.53106263  1.79370066 -6.48374766]
  RK45_ECI: r=[-4150.78200584   694.30291265 -6537.32584946], v=[-4.79731689 -4.63060626  2.56607738]
Epoch 1636, t=2460388.497521674:
  TLE_ECI: r=[ 6017.24521112  4655.30479453 -1301.40408042], v=[-2.68958482  1.67198816 -6.45232228]
  RK45_ECI: r=[-4182.21796465   662.20305467 -6520.52141424], v=[-4.77220378 -4.63660893  2.6020601 ]
Epoch 1637, t=2460388.4975969368:
  TLE_ECI: r=[ 5931.98770937  4706.45534968 -1494.43390181], v=[-2.84588465  1.54882608 -6.41584878]
  RK45_ECI: r=[-4213.47451895   630.05018784 -6503.48348557], v=[-4.74691457 -4.64242313  2.6379508 ]
Epoch 1638, t=2460388.4976722:
  TLE_ECI: r=[ 5842.05272323  4753.84922944 -1686.29410377], v=[-2.99983819  1.42431343 -6.37435634]
  RK45_ECI: r=[-4244.55108532   597.84503266 -6486.21234394], v=[-4.72144984 -4.64804857  2.6737489 ]
Epoch 1639, t=2460388.4977474636:
  TLE_ECI: r=[ 5747.51428095  4797.44519764 -1876.83461016], v=[-3.15132348  1.29855042 -6.32787813]
  RK45_ECI: r=[-4275.44606645   565.58934097 -6468.70883942], v=[-4.69581098 -4.65348479  2.70945261]
Epoch 1640, t=2460388.497822727:
  TLE_ECI: r=[ 5648.45004318  4837.20509407 -2065.90639951], v=[-3.30022065  1.17163834 -6.27645128]
  RK45_ECI: r=[-4306.15845394   533.28428866 -6450.97350828], v=[-4.66999895 -4.65873144  2.74506087]
Epoch 1641, t=2460388.49789799:
  TLE_ECI: r=[ 5544.94126524  4873.0938329  -2253.36162348], v=[-3.44641206  1.04367946 -6.22011686]
  RK45_ECI: r=[-4336.68710059   500.93120907 -6433.00697547], v=[-4.64401483 -4.66378812  2.78057239]
Epoch 1642, t=2460388.4979732535:
  TLE_ECI: r=[ 5437.07267085  4905.07949854 -2439.053724  ], v=[-3.58978235  0.91477692 -6.15891983]
  RK45_ECI: r=[-4367.03087131   468.5314004  -6414.80987411], v=[-4.61785967 -4.66865451  2.81598593]
Epoch 1643, t=2460388.498048517:
  TLE_ECI: r=[ 5324.93246622  4933.1332739  -2622.83754955], v=[-3.73021854  0.78503471 -6.09290897]
  RK45_ECI: r=[-4397.18877419   436.08605903 -6396.38275847], v=[-4.59153445 -4.67333023  2.8513004 ]
Epoch 1644, t=2460388.4981237804:
  TLE_ECI: r=[ 5208.61220859  4957.2295313  -2804.56946975], v=[-3.86761013  0.65455752 -6.02213691]
  RK45_ECI: r=[-4427.1594054    403.5967993  -6377.72645092], v=[-4.56504049 -4.67781492  2.88651423]
Epoch 1645, t=2460388.498199044:
  TLE_ECI: r=[ 5088.20674322  4977.34583773 -2984.10748881], v=[-4.00184919  0.52345069 -5.94665998]
  RK45_ECI: r=[-4456.94179085   371.06481075 -6358.84152306], v=[-4.53837877 -4.68210825  2.92162632]
Epoch 1646, t=2460388.4982743068:
  TLE_ECI: r=[ 4963.81413829  4993.46295952 -3161.31135737], v=[-4.13283044  0.3918201  -5.86653827]
  RK45_ECI: r=[-4486.53482232   338.49144122 -6339.72864052], v=[-4.51155042 -4.68620987  2.95663543]
Epoch 1647, t=2460388.49834957:
  TLE_ECI: r=[ 4835.53554402  5005.5649375  -3336.04268264], v=[-4.26045134  0.25977207 -5.78183547]
  RK45_ECI: r=[-4515.93740251   305.87800197 -6320.38847701], v=[-4.48455652 -4.69011949  2.99154032]
Epoch 1648, t=2460388.4984248336:
  TLE_ECI: r=[ 4703.47519567  5013.63901217 -3508.16503717], v=[-4.38461214  0.12741329 -5.69261888]
  RK45_ECI: r=[-4545.14857487   273.2257028  -6300.82162195], v=[-4.45739808 -4.69383678  3.02633992]
Epoch 1649, t=2460388.498500097:
  TLE_ECI: r=[ 4567.74026804  5017.67569407 -3677.54406549], v=[-4.50521602e+00 -5.14926552e-03 -5.59895933e+00]
  RK45_ECI: r=[-4574.16698295   240.5361727  -6281.02894883], v=[-4.43007646 -4.69736141  3.06103267]
Epoch 1650, t=2460388.4985753605:
  TLE_ECI: r=[ 4428.44080034  5017.66875747 -3844.04758907], v=[-4.62216909 -0.13780843 -5.50093112]
  RK45_ECI: r=[-4602.9918224    207.81046999 -6261.01096974], v=[-4.40259257 -4.7006931   3.09561765]
Epoch 1651, t=2460388.4986506235:
  TLE_ECI: r=[ 4285.68961993  5013.61523281 -4007.54570931], v=[-4.73538052 -0.27045695 -5.39861192]
  RK45_ECI: r=[-4631.62162208   175.05038616 -6240.76867396], v=[-4.37494791 -4.70383153  3.13009314]
Epoch 1652, t=2460388.498725887:
  TLE_ECI: r=[ 4139.60218952  5005.51546068 -4167.91090835], v=[-4.84476256 -0.40298758 -5.29208277]
  RK45_ECI: r=[-4660.0557267    142.25681384 -6220.30249193], v=[-4.34714324 -4.70677645  3.16445841]
Epoch 1653, t=2460388.4988011504:
  TLE_ECI: r=[ 3990.29659954  4993.37301534 -4325.01814813], v=[-4.95023064 -0.53529314 -5.18142795]
  RK45_ECI: r=[-4688.29308174   109.43111823 -6199.61314235], v=[-4.31917972 -4.70952758  3.19871223]
Epoch 1654, t=2460388.498876414:
  TLE_ECI: r=[ 3837.89341226  4977.19475335 -4478.74496689], v=[-5.05170343 -0.66726661 -5.06673491]
  RK45_ECI: r=[-4716.3323795     76.57494122 -6178.7015492 ], v=[-4.29105876 -4.71208463  3.23285306]
Epoch 1655, t=2460388.4989516772:
  TLE_ECI: r=[ 3682.5155771   4956.99079553 -4628.97157365], v=[-5.14910287 -0.79880124 -4.94809424]
  RK45_ECI: r=[-4744.1728477     43.68935205 -6157.56825397], v=[-4.26278128 -4.71444736  3.26687998]
Epoch 1656, t=2460388.49902694:
  TLE_ECI: r=[ 3524.28834374  4932.77450887 -4775.5809403 ], v=[-5.24235425 -0.9297906  -4.82559954]
  RK45_ECI: r=[-4771.81306924    10.77615502 -6136.21430139], v=[-4.23434882 -4.71661549  3.30079132]
Epoch 1657, t=2460388.4991022036:
  TLE_ECI: r=[ 3363.33910194  4904.56253768 -4918.45889126], v=[-5.33138626 -1.06012875 -4.69934737]
  RK45_ECI: r=[-4799.25241601   -22.16374836 -6114.64014593], v=[-4.20576217 -4.71858882  3.33458633]
Epoch 1658, t=2460388.499177467:
  TLE_ECI: r=[ 3199.79736429  4872.37472694 -5057.49419092], v=[-5.41613102 -1.1897102  -4.56943714]
  RK45_ECI: r=[-4826.48987503   -55.12898146 -6092.84654595], v=[-4.17702251 -4.72036709  3.36826381]
Epoch 1659, t=2460388.4992527305:
  TLE_ECI: r=[ 3033.79460255  4836.2341494  -5192.57862835], v=[-5.49652414 -1.31843009 -4.43597108]
  RK45_ECI: r=[-4853.5241886    -88.11789131 -6070.83447531], v=[-4.14813129 -4.72195008  3.40182222]
Epoch 1660, t=2460388.4993279935:
  TLE_ECI: r=[ 2865.46416953  4796.16706796 -5323.60709961], v=[-5.5725048  -1.44618422 -4.29905408]
  RK45_ECI: r=[-4880.35436619  -121.12909662 -6048.60471423], v=[-4.11908971 -4.72333757  3.43526036]
Epoch 1661, t=2460388.499403257:
  TLE_ECI: r=[ 2694.94113436  4752.20294916 -5450.47768733], v=[-5.6440157  -1.57286921 -4.15879368]
  RK45_ECI: r=[-4906.97979921  -154.16168971 -6026.15773318], v=[-4.08989855 -4.72452936  3.46857751]
Epoch 1662, t=2460388.4994785204:
  TLE_ECI: r=[ 2522.36225845  4704.37438745 -5573.09173791], v=[-5.71100316 -1.69838246 -4.01529992]
  RK45_ECI: r=[-4933.39913414  -187.21385337 -6003.49463943], v=[-4.06055942 -4.72552524  3.501772  ]
Epoch 1663, t=2460388.499553784:
  TLE_ECI: r=[ 2347.86582829  4652.71711483 -5691.35393577], v=[-5.77341718 -1.82262234 -3.86868526]
  RK45_ECI: r=[-4959.61165152  -220.28450379 -5980.61602083], v=[-4.03107327 -4.72632501  3.53484293]
Epoch 1664, t=2460388.4996290472:
  TLE_ECI: r=[ 2171.59155855  4597.26996342 -5805.17237503], v=[-5.83121138 -1.94548821 -3.71906455]
  RK45_ECI: r=[-4985.61614476  -253.3719786  -5957.52290042], v=[-4.00144156 -4.72692851  3.56778881]
Epoch 1665, t=2460388.49970431:
  TLE_ECI: r=[ 1993.68049344  4538.07482895 -5914.45862843], v=[-5.88434311 -2.0668805  -3.56655485]
  RK45_ECI: r=[-5011.41166626  -286.47488758 -5934.21609727], v=[-3.97166552 -4.72733554  3.60060846]
Epoch 1666, t=2460388.4997795736:
  TLE_ECI: r=[ 1814.27484044  4475.17666166 -6019.12781329], v=[-5.93277343 -2.18670086 -3.41127538]
  RK45_ECI: r=[-5036.99763552  -319.59231563 -5910.69610548], v=[-3.94174596 -4.72754595  3.63330115]
Epoch 1667, t=2460388.499854837:
  TLE_ECI: r=[ 1633.51793715  4408.62339404 -6119.09865497], v=[-5.97646716 -2.30485212 -3.25334743]
  RK45_ECI: r=[-5062.37275569  -352.72243685 -5886.96408614], v=[-3.9116845  -4.72755958  3.66586524]
Epoch 1668, t=2460388.4999301005:
  TLE_ECI: r=[ 1451.55408368  4338.46592812 -6214.29354722], v=[-6.01539286 -2.42123844 -3.09289427]
  RK45_ECI: r=[-5087.53634113  -385.86415972 -5863.0206556 ], v=[-3.88148211 -4.72737626  3.69829985]
Epoch 1669, t=2460388.500005364:
  TLE_ECI: r=[ 1268.52844154  4264.75808905 -6304.63860971], v=[-6.04952289 -2.53576537 -2.93004102]
  RK45_ECI: r=[-5112.48723734  -419.01581418 -5838.86688533], v=[-3.8511403  -4.72699587  3.73060352]
Epoch 1670, t=2460388.500080627:
  TLE_ECI: r=[ 1084.58693093  4187.55657968 -6390.06374275], v=[-6.07883339 -2.64833988 -2.76491458]
  RK45_ECI: r=[-5137.22454045  -452.17600246 -5814.50363263], v=[-3.8206603  -4.72641827  3.76277507]
Epoch 1671, t=2460388.5001558904:
  TLE_ECI: r=[  899.87606608  4106.92094959 -6470.50267889], v=[-6.10330429 -2.75887055 -2.59764352]
  RK45_ECI: r=[-5161.74769845  -485.34380328 -5789.93141495], v=[-3.79004294 -4.72564331  3.7948138 ]
Epoch 1672, t=2460388.500231154:
  TLE_ECI: r=[  714.54291434  4022.91352745 -6545.89303188], v=[-6.12291935 -2.86726749 -2.428358  ]
  RK45_ECI: r=[-5186.05547226  -518.51738364 -5765.15144625], v=[-3.75928988 -4.72467091  3.82671809]
Epoch 1673, t=2460388.5003064172:
  TLE_ECI: r=[  528.73493056  3935.59938692 -6616.17634243], v=[-6.13766614 -2.97344247 -2.25718965]
  RK45_ECI: r=[-5210.14721053  -551.6956455  -5740.16437096], v=[-3.72840209 -4.72350092  3.85848708]
Epoch 1674, t=2460388.5003816807:
  TLE_ECI: r=[  342.59985397  3845.04629216 -6681.29812106], v=[-6.14753604 -3.07730903 -2.08427148]
  RK45_ECI: r=[-5234.02181181  -584.8769129  -5714.97130812], v=[-3.69738111 -4.72213328  3.89011933]
Epoch 1675, t=2460388.5004569436:
  TLE_ECI: r=[  156.28560327  3751.32464452 -6741.20788801], v=[-6.15252425 -3.17878245 -1.90973779]
  RK45_ECI: r=[-5257.67841664  -618.05978208 -5689.57315258], v=[-3.6662282  -4.72056787  3.92161369]
Epoch 1676, t=2460388.500532207:
  TLE_ECI: r=[  -30.05988291  3654.50743039 -6795.85921002], v=[-6.15262975 -3.27777995 -1.73372403]
  RK45_ECI: r=[-5281.11650188  -651.24332618 -5663.97044473], v=[-3.63494419 -4.71880458  3.95296947]
Epoch 1677, t=2460388.5006074705:
  TLE_ECI: r=[ -216.28869505  3554.67015983 -6845.20973435], v=[-6.14785538 -3.3742206  -1.55636676]
  RK45_ECI: r=[-5304.33488721  -684.42570717 -5638.1644504 ], v=[-3.60353076 -4.71684337  3.98418508]
Epoch 1678, t=2460388.500682734:
  TLE_ECI: r=[ -402.25311252  3451.89081168 -6889.22121954], v=[-6.13820773 -3.46802546 -1.37780351]
  RK45_ECI: r=[-5327.33295606  -717.60582147 -5612.15584154], v=[-3.57198892 -4.71468413  4.01525969]
Epoch 1679, t=2460388.500757997:
  TLE_ECI: r=[ -587.80569768  3346.24977376 -6927.8595632 ], v=[-6.12369721 -3.55911765 -1.19817267]
  RK45_ECI: r=[-5350.10955504  -750.7818296  -5585.94590728], v=[-3.54032037 -4.71232684  4.04619173]
Epoch 1680, t=2460388.5008332604:
  TLE_ECI: r=[ -772.79944965  3237.82977446 -6961.0948268 ], v=[-6.10433798 -3.6474224  -1.01761343]
  RK45_ECI: r=[-5372.66418732  -783.95280111 -5559.53520883], v=[-3.50852594 -4.70977141  4.07698052]
Epoch 1681, t=2460388.500908524:
  TLE_ECI: r=[ -957.08785902  3126.7158272  -6988.90125747], v=[-6.08014797 -3.73286707 -0.83626564]
  RK45_ECI: r=[-5394.99604147  -817.11732654 -5532.92467944], v=[-3.47660693 -4.70701778  4.10762495]
Epoch 1682, t=2460388.5009837872:
  TLE_ECI: r=[-1140.52506123  3012.99515961 -7011.25730663], v=[-6.05114885 -3.81538121 -0.65426971]
  RK45_ECI: r=[-5417.10410273  -850.27372393 -5506.1155122 ], v=[-3.4445649  -4.70406594  4.13812362]
Epoch 1683, t=2460388.5010590507:
  TLE_ECI: r=[-1322.96593955  2896.75714734 -7028.14564565], v=[-6.01736601 -3.89489668 -0.47176655]
  RK45_ECI: r=[-5438.9877898   -883.42088521 -5479.108406  ], v=[-3.41240087 -4.70091582  4.1684757 ]
Epoch 1684, t=2460388.5011343136:
  TLE_ECI: r=[-1504.26622931  2778.09324935 -7039.55317843], v=[-5.97882856 -3.9713476  -0.28889742]
  RK45_ECI: r=[-5460.64600949  -916.55696827 -5451.90470013], v=[-3.38011657 -4.69756744  4.19867968]
Epoch 1685, t=2460388.501209577:
  TLE_ECI: r=[-1684.28266237  2657.09692037 -7045.4710509 ], v=[-5.93556924 -4.04467052 -0.10580385]
  RK45_ECI: r=[-5482.07829457  -949.68103916 -5424.50497774], v=[-3.34771284 -4.69402073  4.22873489]
Epoch 1686, t=2460388.5012848405:
  TLE_ECI: r=[-1862.87302789  2533.86356342 -7045.89465752], v=[-5.88762446 -4.11480435  0.07737247]
  RK45_ECI: r=[-5503.28387945  -982.79168483 -5396.91020797], v=[-3.31519101 -4.69027568  4.25864023]
Epoch 1687, t=2460388.501360104:
  TLE_ECI: r=[-2039.89631595  2408.49044024 -7040.82364467], v=[-5.83503425 -4.18169047  0.26048978]
  RK45_ECI: r=[-5524.26180475 -1015.88722169 -5369.12162875], v=[-3.28255268 -4.68633231  4.28839435]
Epoch 1688, t=2460388.5014353674:
  TLE_ECI: r=[-2215.21281794  2281.07660006 -7030.261911  ], v=[-5.77784225 -4.24527278  0.44340636]
  RK45_ECI: r=[-5545.01152496 -1048.9665383  -5341.1399652 ], v=[-3.24979886 -4.68219059  4.31799645]
Epoch 1689, t=2460388.5015106304:
  TLE_ECI: r=[-2388.68422826  2151.72281005 -7014.21760469], v=[-5.71609562 -4.3054977   0.62598064]
  RK45_ECI: r=[-5565.5320081  -1082.02779179 -5312.96660554], v=[-3.21693133 -4.67785058  4.34744505]
Epoch 1690, t=2460388.501585894:
  TLE_ECI: r=[-2560.17377681  2020.53145015 -6992.70311761], v=[-5.64984503 -4.36231431  0.80807129]
  RK45_ECI: r=[-5585.8228171  -1115.07004518 -5284.60215431], v=[-3.18395095 -4.67331225  4.37673949]
Epoch 1691, t=2460388.5016611572:
  TLE_ECI: r=[-2729.54629573  1887.60647414 -6965.73507659], v=[-5.57914468 -4.41567427  0.98953732]
  RK45_ECI: r=[-5605.88323296 -1148.09188341 -5256.04761557], v=[-3.15085907 -4.6685756   4.40587872]
Epoch 1692, t=2460388.5017364207:
  TLE_ECI: r=[-2896.6683503   1753.05330288 -6933.33433143], v=[-5.50405215 -4.4655319   1.1702382 ]
  RK45_ECI: r=[-5625.71235264 -1181.09162285 -5227.30427096], v=[-3.11765731 -4.66364073  4.43486141]
Epoch 1693, t=2460388.501811684:
  TLE_ECI: r=[-3061.40833556  1616.97874911 -6895.52593992], v=[-5.42462848 -4.51184429  1.35003393]
  RK45_ECI: r=[-5645.30966709 -1214.0681496  -5198.37287116], v=[-3.08434672 -4.6585076   4.46368677]
Epoch 1694, t=2460388.501886947:
  TLE_ECI: r=[-3223.63657386  1479.49094409 -6852.33914986], v=[-5.34093803 -4.55457121  1.52878518]
  RK45_ECI: r=[-5664.67420663 -1247.01962188 -5169.25485203], v=[-3.0509291  -4.65317637  4.49235338]
Epoch 1695, t=2460388.5019622105:
  TLE_ECI: r=[-3383.22543318  1340.69921652 -6803.80737796], v=[-5.25304844 -4.59367529  1.70635337]
  RK45_ECI: r=[-5683.80565701 -1279.94524235 -5139.95070099], v=[-3.01740519 -4.64764696  4.52086071]
Epoch 1696, t=2460388.502037474:
  TLE_ECI: r=[-3540.04939896  1200.71406241 -6749.96818572], v=[-5.16103066 -4.62912192  1.88260077]
  RK45_ECI: r=[-5702.7030704  -1312.84316995 -5110.46187001], v=[-2.9837768  -4.64191954  4.54920736]
Epoch 1697, t=2460388.5021127374:
  TLE_ECI: r=[-3693.9851901   1059.64702321 -6690.86325226], v=[-5.06495883 -4.66087936  2.05739061]
  RK45_ECI: r=[-5721.36587739 -1345.71214803 -5080.78926944], v=[-2.95004515 -4.63599413  4.57739241]
Epoch 1698, t=2460388.5021880004:
  TLE_ECI: r=[-3844.91184757   917.6106187  -6626.53834414], v=[-4.96491026 -4.68891872  2.23058717]
  RK45_ECI: r=[-5739.79342902 -1378.55076141 -5050.93395331], v=[-2.91621162 -4.62987081  4.60541485]
Epoch 1699, t=2460388.502263264:
  TLE_ECI: r=[-3992.71083977   774.71821469 -6557.04328212], v=[-4.8609653  -4.71321408  2.40205589]
  RK45_ECI: r=[-5757.98507386 -1411.3576456  -5020.89698235], v=[-2.88227754 -4.62354969  4.63327366]
Epoch 1700, t=2460388.5023385272:
  TLE_ECI: r=[-4137.26613762   631.08400049 -6482.43190489], v=[-4.7532074  -4.73374238  2.57166349]
  RK45_ECI: r=[-5775.94026894 -1444.13152693 -4990.67928159], v=[-2.84824417 -4.61703082  4.66096797]
Epoch 1701, t=2460388.5024137907:
  TLE_ECI: r=[-4278.46431734   486.82285584 -6402.76202987], v=[-4.64172298 -4.75048355  2.73927801]
  RK45_ECI: r=[-5793.65821522 -1476.87072574 -4960.2822085 ], v=[-2.81411318 -4.61031437  4.68849649]
Epoch 1702, t=2460388.502489054:
  TLE_ECI: r=[-4416.19464616   342.05027106 -6318.09541092], v=[-4.52660136 -4.7634205   2.90476898]
  RK45_ECI: r=[-5811.13838608 -1509.57398628 -4929.70670206], v=[-2.77988581 -4.60340042  4.71585838]
Epoch 1703, t=2460388.502564317:
  TLE_ECI: r=[-4550.3491686    196.8822699  -6228.49769311], v=[-4.40793476 -4.77253911  3.06800748]
  RK45_ECI: r=[-5828.38018119 -1542.23989486 -4898.95384911], v=[-2.74556346 -4.59628908  4.74305262]
Epoch 1704, t=2460388.5026395805:
  TLE_ECI: r=[-4680.82279413    51.43526498 -6134.03836454], v=[-4.28581813 -4.77782833  3.22886622]
  RK45_ECI: r=[-5845.38299651 -1574.86708943 -4868.02474299], v=[-2.71114751 -4.58898052  4.77007823]
Epoch 1705, t=2460388.502714844:
  TLE_ECI: r=[-4807.51337522   -94.1739557  -6034.79070516], v=[-4.16034916 -4.77928008  3.38721971]
  RK45_ECI: r=[-5862.14633278 -1607.45429734 -4836.92033703], v=[-2.67663921 -4.5814748   4.79693434]
Epoch 1706, t=2460388.5027901074:
  TLE_ECI: r=[-4930.32179161  -239.82837344 -5930.8317327 ], v=[-4.03162822 -4.77688937  3.54294427]
  RK45_ECI: r=[-5878.66944994 -1639.99984403 -4805.64202935], v=[-2.64204027 -4.57377217  4.82361973]
Epoch 1707, t=2460388.502865371:
  TLE_ECI: r=[-5049.15202771  -385.41081873 -5822.24214567], v=[-3.89975821 -4.77065424  3.69591819]
  RK45_ECI: r=[-5894.95194452 -1672.5026148  -4774.19063885], v=[-2.60735179 -4.5658727   4.85013367]
Epoch 1708, t=2460388.502940634:
  TLE_ECI: r=[-5163.9112504   -530.80404971 -5709.10626345], v=[-3.76484457 -4.7605758   3.8460218 ]
  RK45_ECI: r=[-5910.99302681 -1704.96078106 -4742.56772839], v=[-2.57257566 -4.55777667  4.87647481]
Epoch 1709, t=2460388.5030158972:
  TLE_ECI: r=[-5274.50987698  -675.8909058  -5591.51196358], v=[-3.62699512 -4.74665828  3.99313757]
  RK45_ECI: r=[-5926.79237952 -1737.37340291 -4710.77397909], v=[-2.5377128  -4.54948416  4.90264256]
Epoch 1710, t=2460388.5030911607:
  TLE_ECI: r=[-5380.86165468  -820.5543122  -5469.55061614], v=[-3.48632006 -4.72890893  4.13715021]
  RK45_ECI: r=[-5942.34946806 -1769.739071   -4678.81051993], v=[-2.50276465 -4.54099533  4.92863596]
Epoch 1711, t=2460388.503166424:
  TLE_ECI: r=[-5482.88372467  -964.67743291 -5343.31701537], v=[-3.34293181 -4.70733812  4.27794673]
  RK45_ECI: r=[-5957.66361227 -1802.05611723 -4646.67878856], v=[-2.46773293 -4.53231047  4.95445381]
Epoch 1712, t=2460388.5032416875:
  TLE_ECI: r=[-5580.49668949 -1108.14375049 -5212.9093085 ], v=[-3.19694501 -4.68195928  4.41541658]
  RK45_ECI: r=[-5972.73444735 -1834.32342906 -4614.3796272 ], v=[-2.43261876 -4.52342969  4.98009539]
Epoch 1713, t=2460388.5033169505:
  TLE_ECI: r=[-5673.62468057 -1250.83714336 -5078.42892183], v=[-3.04847637 -4.65278892  4.54945173]
  RK45_ECI: r=[-5987.56124956 -1866.53918641 -4581.91464177], v=[-2.39742405 -4.51435334  5.00555941]
Epoch 1714, t=2460388.503392214:
  TLE_ECI: r=[-5762.19540498 -1392.64204621 -4939.98048418], v=[-2.89764456 -4.61984667  4.67994671]
  RK45_ECI: r=[-6002.14373414 -1898.70245135 -4549.28453246], v=[-2.36214973 -4.5050815   5.03084528]
Epoch 1715, t=2460388.5034674774:
  TLE_ECI: r=[-5846.14022465 -1533.44344465 -4797.6717476 ], v=[-2.74457021 -4.58315517  4.80679878]
  RK45_ECI: r=[-6016.48141668 -1930.8118194  -4516.49045917], v=[-2.32679725 -4.49561441  5.05595206]
Epoch 1716, t=2460388.503542741:
  TLE_ECI: r=[-5925.39419834 -1673.12703508 -4651.61350551], v=[-2.58937574 -4.54274017  4.92990793]
  RK45_ECI: r=[-6030.57367741 -1962.86563133 -4483.53389799], v=[-2.29136836 -4.48595239  5.0808786 ]
Epoch 1717, t=2460388.503618004:
  TLE_ECI: r=[-5999.89614303 -1811.57928367 -4501.91950825], v=[-2.43218532 -4.49863041  5.04917703]
  RK45_ECI: r=[-6044.4200588  -1994.86248695 -4450.41602549], v=[-2.2558645  -4.47609569  5.10562396]
Epoch 1718, t=2460388.5036932672:
  TLE_ECI: r=[-6069.58866276 -1948.68758967 -4348.70637623], v=[-2.27312468 -4.45085774  5.1645119 ]
  RK45_ECI: r=[-6058.02029917 -2026.80144951 -4417.13755456], v=[-2.22028663 -4.46604443  5.13018758]
Epoch 1719, t=2460388.5037685307:
  TLE_ECI: r=[-6134.41822607 -2084.34027307 -4192.09351043], v=[-2.11232114 -4.39945695  5.27582135]
  RK45_ECI: r=[-6071.37375115 -2058.68071113 -4383.70013885], v=[-2.18463666 -4.45579902  5.15456819]
Epoch 1720, t=2460388.503843794:
  TLE_ECI: r=[-6194.33518975 -2218.42673623 -4032.2030007 ], v=[-1.94990341 -4.34446587  5.3830173 ]
  RK45_ECI: r=[-6084.4801126  -2090.4991652  -4350.10465666], v=[-2.14891574 -4.44535963  5.17876513]
Epoch 1721, t=2460388.5039190575:
  TLE_ECI: r=[-6249.29384432 -2350.83753783 -3869.15953157], v=[-1.78600153 -4.28592528  5.48601486]
  RK45_ECI: r=[-6097.33882478 -2122.25516279 -4316.35262141], v=[-2.11312561 -4.43472664  5.20277725]
Epoch 1722, t=2460388.5039943205:
  TLE_ECI: r=[-6299.2524589  -2481.4644651  -3703.09028591], v=[-1.62074677 -4.22387891  5.58473238]
  RK45_ECI: r=[-6109.94948085 -2153.94731138 -4282.44523914], v=[-2.07726774 -4.42390035  5.22660367]
Epoch 1723, t=2460388.504069584:
  TLE_ECI: r=[-6344.17328676 -2610.20069725 -3534.12484635], v=[-1.45427148 -4.15837341  5.67909153]
  RK45_ECI: r=[-6122.31185207 -2185.57467785 -4248.38324106], v=[-2.04134308 -4.4128809   5.25024383]
Epoch 1724, t=2460388.5041448474:
  TLE_ECI: r=[-6384.0226389  -2736.94078414 -3362.39509448], v=[-1.28670902 -4.08945831  5.76901736]
  RK45_ECI: r=[-6134.42535821 -2217.13546723 -4214.16832113], v=[-2.00535357 -4.40166876  5.27369651]
Epoch 1725, t=2460388.504220111:
  TLE_ECI: r=[-6418.77088394 -2861.58080765 -3188.03510818], v=[-1.11819368 -4.01718601  5.85443841]
  RK45_ECI: r=[-6146.28973658 -2248.62857826 -4179.80137935], v=[-1.96930034 -4.39026414  5.29696106]
Epoch 1726, t=2460388.5042953743:
  TLE_ECI: r=[-6448.39247947 -2984.01845025 -3011.1810568 ], v=[-0.94886051 -3.94161169  5.93528672]
  RK45_ECI: r=[-6157.90448979 -2280.0523743  -4145.28396518], v=[-1.93318517 -4.37866747  5.32003639]
Epoch 1727, t=2460388.5043706372:
  TLE_ECI: r=[-6472.8660023  -3104.15306178 -2831.97109453], v=[-0.77884524 -3.86279333  6.01149792]
  RK45_ECI: r=[-6169.26926196 -2311.40547193 -4110.61731322], v=[-1.89700952 -4.36687909  5.34292162]
Epoch 1728, t=2460388.5044459007:
  TLE_ECI: r=[-6492.17413001 -3221.88582    -2650.54525204], v=[-0.60828414 -3.78079164  6.08301128]
  RK45_ECI: r=[-6180.38385739 -2342.68694283 -4075.80217245], v=[-1.86077436 -4.35489917  5.36561624]
Epoch 1729, t=2460388.504521164:
  TLE_ECI: r=[-6506.30370908 -3337.11969982 -2467.04532622], v=[-0.43731396 -3.69567     6.14976979]
  RK45_ECI: r=[-6191.24776341 -2373.89500678 -4040.84027566], v=[-1.82448161 -4.34272823  5.38811906]
Epoch 1730, t=2460388.5045964275:
  TLE_ECI: r=[-6515.2457302  -3449.75963111 -2281.61476842], v=[-0.26607177 -3.60749444  6.21172016]
  RK45_ECI: r=[-6201.86075688 -2405.02856904 -4005.73254386], v=[-1.78813244 -4.33036651  5.41042945]
Epoch 1731, t=2460388.5046716905:
  TLE_ECI: r=[-6518.99535473 -3559.7125413  -2094.39857116], v=[-0.09469488 -3.51633358  6.26881293]
  RK45_ECI: r=[-6212.22235568 -2436.08585727 -3970.48072701], v=[-1.75172879 -4.31781457  5.43254626]
Epoch 1732, t=2460388.504746954:
  TLE_ECI: r=[-6517.55187759 -3666.88750983 -1905.54315342], v=[ 0.07667933 -3.42225858  6.32100248]
  RK45_ECI: r=[-6222.33239408 -2467.06594838 -3935.08558988], v=[-1.71527161 -4.30507258  5.45446897]
Epoch 1733, t=2460388.5048222174:
  TLE_ECI: r=[-6510.91878884 -3771.19573159 -1715.19624448], v=[ 0.24791348 -3.32534306  6.36824706]
  RK45_ECI: r=[-6232.19057057 -2497.96746983 -3899.54839588], v=[-1.67876238 -4.29214095  5.47619676]
Epoch 1734, t=2460388.504897481:
  TLE_ECI: r=[-6499.10373008 -3872.55066813 -1523.50676664], v=[ 0.41887029 -3.22566306  6.41050888]
  RK45_ECI: r=[-6241.79648656 -2528.78880822 -3863.87074938], v=[-1.64220288 -4.27902017  5.4977286 ]
Epoch 1735, t=2460388.5049727443:
  TLE_ECI: r=[-6482.1184978  -3970.8681026  -1330.62471682], v=[ 0.58941275 -3.12329701  6.4477541 ]
  RK45_ECI: r=[-6251.1499585  -2559.5288766  -3828.05359155], v=[-1.60559427 -4.26571051  5.51906389]
Epoch 1736, t=2460388.5050480072:
  TLE_ECI: r=[-6459.9790452  -4066.06619223 -1136.70104706], v=[ 0.7594042  -3.0183256   6.47995288]
  RK45_ECI: r=[-6260.25057238 -2590.18591986 -3792.09870896], v=[-1.56893849 -4.25221259  5.54020153]
Epoch 1737, t=2460388.5051232707:
  TLE_ECI: r=[-6432.70542088 -4158.06561449  -941.88754427], v=[ 0.92870848 -2.91083176  6.5070794 ]
  RK45_ECI: r=[-6269.0981955  -2620.75902176 -3756.00688283], v=[-1.53223652 -4.23852661  5.56114102]
Epoch 1738, t=2460388.505198534:
  TLE_ECI: r=[-6400.32182256 -4246.78952061  -746.33670896], v=[ 1.09718998 -2.80090059  6.5291119 ]
  RK45_ECI: r=[-6277.6925777  -2651.24682172 -3719.77940287], v=[-1.49548982 -4.224653    5.58188157]
Epoch 1739, t=2460388.5052737975:
  TLE_ECI: r=[-6362.85652935 -4332.16367745  -550.20163345], v=[ 1.26471384 -2.68861928  6.54603268]
  RK45_ECI: r=[-6286.03338243 -2681.64772312 -3683.41790583], v=[-1.4587002  -4.21059231  5.60242221]
Epoch 1740, t=2460388.505349061:
  TLE_ECI: r=[-6320.3418892  -4414.11651204  -353.63587948], v=[ 1.431146   -2.57407702  6.55782815]
  RK45_ECI: r=[-6294.12046592 -2711.96064772 -3646.92335217], v=[-1.4218688  -4.19634484  5.62276236]
Epoch 1741, t=2460388.505424324:
  TLE_ECI: r=[-6272.81430443 -4492.57915448  -156.79335536], v=[ 1.59635334 -2.45736496  6.56448879]
  RK45_ECI: r=[-6301.95348231 -2742.18385992 -3610.29756339], v=[-1.3849976  -4.18191125  5.64290098]
Epoch 1742, t=2460388.5054995874:
  TLE_ECI: r=[-6220.31414789 -4567.48557092    40.17180718], v=[ 1.76020379 -2.3385761   6.56600922]
  RK45_ECI: r=[-6309.53233221 -2772.31645083 -3573.5413364 ], v=[-1.34808755 -4.16729178  5.66283758]
Epoch 1743, t=2460388.505574851:
  TLE_ECI: r=[-6162.88580714 -4638.77250903   237.1053765 ], v=[ 1.92256646 -2.21780525  6.56238816]
  RK45_ECI: r=[-6316.85681698 -2802.35707325 -3536.65598593], v=[-1.31114016 -4.15248688  5.68257143]
Epoch 1744, t=2460388.5056501143:
  TLE_ECI: r=[-6100.57759412 -4706.37962667   433.85314448], v=[ 2.08331173 -2.09514892  6.55362845]
  RK45_ECI: r=[-6323.92666242 -2832.30414893 -3499.64317962], v=[-1.27415721 -4.13749715  5.70210159]
Epoch 1745, t=2460388.5057253777:
  TLE_ECI: r=[-6033.44171684 -4770.24952523   630.26105004], v=[ 2.24231134 -1.97070522  6.53973705]
  RK45_ECI: r=[-6330.74176457 -2862.15660957 -3462.50389622], v=[-1.23713987 -4.12232293  5.72142752]
Epoch 1746, t=2460388.5058006407:
  TLE_ECI: r=[-5961.53424915 -4830.32778104   826.17530253], v=[ 2.39943856 -1.84457385  6.52072502]
  RK45_ECI: r=[-6337.30184619 -2891.91274066 -3425.23999045], v=[-1.20009013 -4.10696492  5.74054822]
Epoch 1747, t=2460388.505875904:
  TLE_ECI: r=[-5884.91502611 -4886.56306269  1021.4425047 ], v=[ 2.55456826 -1.7168559   6.49660752]
  RK45_ECI: r=[-6343.60684142 -2921.57164137 -3387.85227412], v=[-1.16300895 -4.09142337  5.75946325]
Epoch 1748, t=2460388.5059511675:
  TLE_ECI: r=[-5803.64767736 -4938.90706961  1215.90977564], v=[ 2.70757698 -1.58765389  6.46740381]
  RK45_ECI: r=[-6349.65660326 -2951.13197959 -3350.34208573], v=[-1.12589783 -4.0756988   5.77817189]
Epoch 1749, t=2460388.506026431:
  TLE_ECI: r=[-5717.79951686 -4987.31464396  1409.4248729 ], v=[ 2.85834312 -1.45707158  6.43313719]
  RK45_ECI: r=[-6355.45092019 -2980.59219703 -3312.71112219], v=[-1.08875859 -4.05979184  5.79667327]
Epoch 1750, t=2460388.506101694:
  TLE_ECI: r=[-5627.44151426 -5031.74377523  1601.83631421], v=[ 3.00674696 -1.32521395  6.39383502]
  RK45_ECI: r=[-6360.98970526 -3009.95109395 -3274.96055708], v=[-1.05159258 -4.04370293  5.81496678]
Epoch 1751, t=2460388.5061769574:
  TLE_ECI: r=[-5532.64817532 -5072.15570306  1792.99349832], v=[ 3.15267082 -1.19218706  6.34952869]
  RK45_ECI: r=[-6366.2728198  -3039.20740518 -3237.09174429], v=[-1.01440125 -4.02743259  5.83305174]
Epoch 1752, t=2460388.506252221:
  TLE_ECI: r=[-5433.49756697 -5108.51485027  1982.74682524], v=[ 3.2959991  -1.05809799  6.30025354]
  RK45_ECI: r=[-6371.30019174 -3068.35993527 -3199.10586352], v=[-0.97718595 -4.01098128  5.85092754]
Epoch 1753, t=2460388.5063274843:
  TLE_ECI: r=[-5330.07119221 -5140.78892056  2170.94781536], v=[ 3.43661843 -0.92305474  6.24604891]
  RK45_ECI: r=[-6376.07165995 -3097.40714308 -3161.00463402], v=[-0.93994852 -3.99434967  5.86859335]
Epoch 1754, t=2460388.5064027477:
  TLE_ECI: r=[-5222.4539356  -5168.94890941  2357.44922754], v=[ 3.57441774 -0.78716612  6.18695802]
  RK45_ECI: r=[-6380.58716542 -3126.34785918 -3122.78924481], v=[-0.90269029 -3.97753824  5.88604858]
Epoch 1755, t=2460388.5064780107:
  TLE_ECI: r=[-5110.73400663 -5192.96911409  2542.1051762 ], v=[ 3.70928833 -0.65054171  6.12302801]
  RK45_ECI: r=[-6384.84663784 -3155.18077596 -3084.46106719], v=[-0.86541276 -3.96054753  5.90329259]
Epoch 1756, t=2460388.506553274:
  TLE_ECI: r=[-4995.00280404 -5212.82721628  2724.7712468 ], v=[ 3.841124   -0.51329169  6.05430982]
  RK45_ECI: r=[-6388.8499895  -3183.90464568 -3046.02147678], v=[-0.82811742 -3.9433781   5.92032472]
Epoch 1757, t=2460388.5066285376:
  TLE_ECI: r=[-4875.3549302  -5228.50420996  2905.30461045], v=[ 3.96982111 -0.37552679  5.98085819]
  RK45_ECI: r=[-6392.59719495 -3212.5182877  -3007.47167215], v=[-0.79080563 -3.92603045  5.9371444 ]
Epoch 1758, t=2460388.506703801:
  TLE_ECI: r=[-4751.88805028 -5239.98447923  3083.56413669], v=[ 4.09527865 -0.23735822  5.9027316 ]
  RK45_ECI: r=[-6396.08815635 -3241.02018391 -2968.81339911], v=[-0.75347921 -3.9085053   5.95375084]
Epoch 1759, t=2460388.5067790644:
  TLE_ECI: r=[-4624.70282526 -5247.25579642  3259.41050478], v=[ 4.21739834 -0.09889752  5.81999222]
  RK45_ECI: r=[-6399.3228609  -3269.40918053 -2930.04786504], v=[-0.71613951 -3.89080317  5.97014349]
Epoch 1760, t=2460388.5068543274:
  TLE_ECI: r=[-4493.902843   -5250.30931951  3432.70631345], v=[4.33608472 0.03974348 5.73270583]
  RK45_ECI: r=[-6402.30129068 -3297.68398843 -2891.17646207], v=[-0.67878806 -3.87292464  5.98632172]
Epoch 1761, t=2460388.506929591:
  TLE_ECI: r=[-4359.59446985 -5249.13965308  3603.3161887 ], v=[4.4512452  0.17845284 5.64094179]
  RK45_ECI: r=[-6405.02340933 -3325.84337842 -2852.20058638], v=[-0.64142633 -3.85487032  6.00228493]
Epoch 1762, t=2460388.5070048543:
  TLE_ECI: r=[-4221.88685356 -5243.74477331  3771.10689009], v=[4.56279012 0.31711848 5.54477297]
  RK45_ECI: r=[-6407.48923798 -3353.88618646 -2813.12145443], v=[-0.60405569 -3.83664072  6.01803257]
Epoch 1763, t=2460388.5070801177:
  TLE_ECI: r=[-4080.89177128 -5234.12608361  3935.94741476], v=[4.67063286 0.45562837 5.44427566]
  RK45_ECI: r=[-6409.69874229 -3381.81091921 -2773.94083715], v=[-0.56667798 -3.81823665  6.03356389]
Epoch 1764, t=2460388.507155381:
  TLE_ECI: r=[-3936.72355159 -5220.2884004   4097.70909966], v=[4.77468986 0.59387058 5.33952954]
  RK45_ECI: r=[-6411.65197213 -3409.61655563 -2734.65977471], v=[-0.52929437 -3.79965856  6.04887845]
Epoch 1765, t=2460388.507230644:
  TLE_ECI: r=[-3789.49899477 -5202.2399386   4256.2657217 ], v=[4.87488071 0.73173339 5.23061759]
  RK45_ECI: r=[-6413.34891362 -3437.30147863 -2695.2802327 ], v=[-0.49190689 -3.78090733  6.06397545]
Epoch 1766, t=2460388.5073059076:
  TLE_ECI: r=[-3639.33721494 -5179.99235015  4411.49359551], v=[4.9711282 0.8691054 5.117626 ]
  RK45_ECI: r=[-6414.78963003 -3464.86482751 -2655.80307298], v=[-0.45451654 -3.76198337  6.07885451]
Epoch 1767, t=2460388.507381171:
  TLE_ECI: r=[-3486.35963344 -5153.56064659  4563.27166937], v=[5.06335838 1.00587555 5.00064414]
  RK45_ECI: r=[-6415.9741733  -3492.3053397  -2616.22971353], v=[-0.41712483 -3.74288731  6.09351506]
Epoch 1768, t=2460388.5074564344:
  TLE_ECI: r=[-3330.68981745 -5122.96323311  4711.48161852], v=[5.1515006  1.1419333  4.87976443]
  RK45_ECI: r=[-6416.90257264 -3519.62154844 -2576.56194891], v=[-0.37973361 -3.72361999  6.1079564 ]
Epoch 1769, t=2460388.5075316974:
  TLE_ECI: r=[-3172.45340865 -5088.22187286  4856.00793627], v=[5.23548759 1.27716865 4.7550823 ]
  RK45_ECI: r=[-6417.57490804 -3546.81220334 -2536.80120714], v=[-0.3423444  -3.7041821   6.12217796]
Epoch 1770, t=2460388.507606961:
  TLE_ECI: r=[-3011.77796039 -5049.36170738  4996.7380225 ], v=[5.31525544 1.41147228 4.6266961 ]
  RK45_ECI: r=[-6417.99126675 -3573.87645219 -2496.94835814], v=[-0.30495819 -3.68457403  6.1361794 ]
Epoch 1771, t=2460388.5076822243:
  TLE_ECI: r=[-2848.79292319 -5006.41117907  5133.56227001], v=[5.39074373 1.54473561 4.49470698]
  RK45_ECI: r=[-6418.15171477 -3600.8127126  -2457.00539631], v=[-0.26757701 -3.66479674  6.14995996]
Epoch 1772, t=2460388.5077574877:
  TLE_ECI: r=[-2683.62947916 -4959.40204711  5266.37414805], v=[5.46189551 1.67685087 4.35921887]
  RK45_ECI: r=[-6418.056367   -3627.61998892 -2416.97338417], v=[-0.23020203 -3.64485075  6.16351924]
Epoch 1773, t=2460388.507832751:
  TLE_ECI: r=[-2516.42045033 -4908.36935227  5395.07028335], v=[5.52865736 1.80771124 4.22033834]
  RK45_ECI: r=[-6417.70531605 -3654.29684273 -2376.85413842], v=[-0.19283509 -3.62473694  6.17685659]
Epoch 1774, t=2460388.507908014:
  TLE_ECI: r=[-2347.30020508 -4853.35138195  5519.55053861], v=[5.59097939 1.93721085 4.07817452]
  RK45_ECI: r=[-6417.09869436 -3680.84204641 -2336.64910464], v=[-0.15547771 -3.60445603  6.18997148]
Epoch 1775, t=2460388.5079832776:
  TLE_ECI: r=[-2176.40449236 -4794.38966783  5639.71808804], v=[5.64881534 2.06524498 3.93283905]
  RK45_ECI: r=[-6416.23662321 -3707.25476158 -2296.35916389], v=[-0.11813088 -3.58400845  6.20286357]
Epoch 1776, t=2460388.508058541:
  TLE_ECI: r=[-2003.87041805 -4731.52890967  5755.47949062], v=[5.70212252 2.19171004 3.78444593]
  RK45_ECI: r=[-6415.11923809 -3733.53343822 -2255.98633394], v=[-0.08079662 -3.56339523  6.21553217]
Epoch 1777, t=2460388.5081338044:
  TLE_ECI: r=[-1829.83627705 -4664.81696901  5866.7447602 ], v=[5.75086191 2.31650368 3.63311147]
  RK45_ECI: r=[-6413.74669426 -3759.6770982  -2215.53169018], v=[-0.04347609 -3.54261689  6.22797691]
Epoch 1778, t=2460388.508209068:
  TLE_ECI: r=[-1654.441457   -4594.30482359  5973.42743297], v=[5.79499815 2.43952488 3.47895417]
  RK45_ECI: r=[-6412.11914767 -3785.68433305 -2174.99706995], v=[-6.17113713e-03 -3.52167438e+00  6.24019717e+00]
Epoch 1779, t=2460388.508284331:
  TLE_ECI: r=[-1477.82633964 -4520.0465226   6075.44463218], v=[5.83449956 2.56067403 3.32209464]
  RK45_ECI: r=[-6410.23678289 -3811.55393937 -2134.38393513], v=[ 0.03111674 -3.50056846  6.25219247]
Epoch 1780, t=2460388.5083595943:
  TLE_ECI: r=[-1300.13213554 -4442.09916194  6172.71712974], v=[5.86933813 2.67985302 3.16265552]
  RK45_ECI: r=[-6408.09975503 -3837.28509377 -2093.69317728], v=[ 0.06838655 -3.47929958  6.26396249]
Epoch 1781, t=2460388.5084348577:
  TLE_ECI: r=[-1121.5008519  -4360.52281121  6265.16940533], v=[5.89948957 2.79696525 3.00076134]
  RK45_ECI: r=[-6405.70826864 -3862.87628048 -2052.92683577], v=[ 0.10563629 -3.45786882  6.27550661]
Epoch 1782, t=2460388.508510121:
  TLE_ECI: r=[ -942.07512617 -4275.38048538  6352.72970224], v=[5.92493334 2.91191578 2.83653846]
  RK45_ECI: r=[-6403.06251939 -3888.32653965 -2012.08599797], v=[ 0.1428648  -3.43627674  6.28682446]
Epoch 1783, t=2460388.5085853846:
  TLE_ECI: r=[ -761.99812601 -4186.73809037  6435.33008049], v=[5.94565258 3.02461136 2.67011496]
  RK45_ECI: r=[-6400.16272589 -3913.6344949  -1971.17252027], v=[ 0.18007025 -3.41452434  6.29791548]
Epoch 1784, t=2460388.5086606476:
  TLE_ECI: r=[ -581.41344859 -4094.66436937  6512.90646691], v=[5.9616342  3.13496048 2.50162053]
  RK45_ECI: r=[-6397.00912454 -3938.79896843 -1930.1878796 ], v=[ 0.21725115 -3.3926124   6.30877924]
Epoch 1785, t=2460388.508735911:
  TLE_ECI: r=[ -400.46495885 -3999.23085645  6585.39870217], v=[5.9728688  3.24287354 2.3311864 ]
  RK45_ECI: r=[-6393.60190415 -3963.81915248 -1889.13297722], v=[ 0.25440651 -3.37054141  6.31941544]
Epoch 1786, t=2460388.5088111744:
  TLE_ECI: r=[ -219.29674886 -3900.5118085   6652.75058514], v=[5.97935075 3.34826278 2.1589452 ]
  RK45_ECI: r=[-6389.94133789 -3988.69356742 -1848.00987233], v=[ 0.29153435 -3.34831249  6.3298235 ]
Epoch 1787, t=2460388.508886438:
  TLE_ECI: r=[  -38.05297605 -3798.58415564  6714.90991385], v=[5.98107813 3.45104244 1.9850309 ]
  RK45_ECI: r=[-6386.02766119 -4013.42127322 -1806.8196633 ], v=[ 0.32863351 -3.32592624  6.34000311]
Epoch 1788, t=2460388.508961701:
  TLE_ECI: r=[  143.12222684 -3693.52743931  6771.82852372], v=[5.97805276 3.55112877 1.80957869]
  RK45_ECI: r=[-6381.86117824 -4038.00080711 -1765.56441765], v=[ 0.36570201 -3.3033838   6.3499537 ]
Epoch 1789, t=2460388.5090369643:
  TLE_ECI: r=[  324.08490809 -3585.42374918  6823.46232252], v=[5.97028015 3.64844018 1.63272486]
  RK45_ECI: r=[-6377.44210785 -4062.43137672 -1724.24504474], v=[ 0.40273887 -3.28068567  6.35967502]
Epoch 1790, t=2460388.5091122277:
  TLE_ECI: r=[  504.6913438  -3474.35765995  6869.77132265], v=[5.95776951 3.74289716 1.45460673]
  RK45_ECI: r=[-6372.77074094 -4086.71183274 -1682.86303599], v=[ 0.43974262 -3.25783269  6.36916667]
Epoch 1791, t=2460388.509187491:
  TLE_ECI: r=[  684.79819408 -3360.41616559  6910.71966997], v=[5.94053379 3.83442246 1.27536255]
  RK45_ECI: r=[-6367.84739589 -4110.84085269 -1641.42027474], v=[ 0.47671144 -3.23482591  6.37842817]
Epoch 1792, t=2460388.5092627546:
  TLE_ECI: r=[  864.26260345 -3243.68861161  6946.27566989], v=[5.91858956 3.9229411  1.09513137]
  RK45_ECI: r=[-6362.67234768 -4134.81751712 -1599.91786934], v=[ 0.51364419 -3.21166596  6.38745924]
Epoch 1793, t=2460388.5093380176:
  TLE_ECI: r=[ 1042.94230302 -3124.26662869  6976.41181023], v=[5.8919571  4.00838042 0.91405295]
  RK45_ECI: r=[-6357.24596847 -4158.64040162 -1558.35790431], v=[ 0.5505389  -3.18835402  6.39625937]
Epoch 1794, t=2460388.509413281:
  TLE_ECI: r=[ 1220.69575798 -3002.24405007  7001.10478102], v=[5.86066027 4.09067019 0.73226766]
  RK45_ECI: r=[-6351.5685099  -4182.30873154 -1516.74129706], v=[ 0.58739461 -3.16489062  6.40482834]
Epoch 1795, t=2460388.5094885444:
  TLE_ECI: r=[ 1397.3822213  -2877.71685533  7020.33549138], v=[5.82472659 4.16974256 0.5499164 ]
  RK45_ECI: r=[-6345.64031382 -4205.8213858  -1475.06955121], v=[ 0.62420985 -3.14127662  6.4131658 ]
Epoch 1796, t=2460388.509563808:
  TLE_ECI: r=[ 1572.86188057 -2750.78308559  7034.0890832 ], v=[5.78418715 4.2455322  0.36714045]
  RK45_ECI: r=[-6339.46176047 -4229.17707734 -1433.34456461], v=[ 0.66098282 -3.11751312  6.42127132]
Epoch 1797, t=2460388.5096390713:
  TLE_ECI: r=[ 1746.99595699 -2621.54276998  7042.35494173], v=[5.73907663 4.31797632 0.18408141]
  RK45_ECI: r=[-6333.03316375 -4252.37490865 -1391.56745444], v=[ 0.69771238 -3.09360078  6.42914466]
Epoch 1798, t=2460388.5097143343:
  TLE_ECI: r=[ 1919.64680529 -2490.09785388  7045.12670319], v=[5.68943324e+00 4.38701469e+00 8.81062002e-04]
  RK45_ECI: r=[-6326.35496331 -4275.41349518 -1349.74032026], v=[ 0.73439657 -3.0695408   6.43678538]
Epoch 1799, t=2460388.5097895977:
  TLE_ECI: r=[ 2090.67804997 -2356.55209815  7042.4022592 ], v=[ 5.63529865  4.45258979 -0.18231869]
  RK45_ECI: r=[-6319.42744354 -4298.29208048 -1307.86408653], v=[ 0.77103445 -3.04533375  6.44419327]
Epoch 1800, t=2460388.509864861:
  TLE_ECI: r=[ 2259.95464578 -2221.01103078  7034.18375827], v=[ 5.57671806  4.5146467  -0.36537596]
  RK45_ECI: r=[-6312.25099677 -4321.00957297 -1265.94026757], v=[ 0.80762454 -3.02098053  6.45136804]
Epoch 1801, t=2460388.5099401246:
  TLE_ECI: r=[ 2427.34301257 -2083.5818444   7020.47760404], v=[ 5.51374008  4.57313324 -0.54814897]
  RK45_ECI: r=[-6304.82606442 -4343.56472273 -1223.9707739 ], v=[ 0.84416505 -2.99648225  6.45830932]
Epoch 1802, t=2460388.5100153876:
  TLE_ECI: r=[ 2592.71112519 -1944.37332587  7001.29445062], v=[ 5.44641673  4.62800001 -0.73049614]
  RK45_ECI: r=[-6297.15303896 -4365.95654556 -1181.95692765], v=[ 0.8806547  -2.97183973  6.46501687]
Epoch 1803, t=2460388.510090651:
  TLE_ECI: r=[ 2755.92863887 -1803.49574232  6976.64919467], v=[ 5.37480337  4.67920044 -0.91227622]
  RK45_ECI: r=[-6289.23230802 -4388.18402582 -1139.90024955], v=[ 0.91709204 -2.94705386  6.4714904 ]
Epoch 1804, t=2460388.5101659144:
  TLE_ECI: r=[ 2916.86695458 -1661.06079951  6946.56096459], v=[ 5.2989587   4.72669073 -1.09334836]
  RK45_ECI: r=[-6281.06430745 -4410.24609864 -1097.80226197], v=[ 0.9534756  -2.92212558  6.47772965]
Epoch 1805, t=2460388.510241178:
  TLE_ECI: r=[ 3075.39934263 -1517.1815264   6911.05310655], v=[ 5.21894467  4.77043003 -1.27357223]
  RK45_ECI: r=[-6272.64944011 -4432.14181225 -1055.66429117], v=[ 0.98980411 -2.8970557   6.4837344 ]
Epoch 1806, t=2460388.5103164413:
  TLE_ECI: r=[ 3231.40103476 -1371.97219446  6870.1531674 ], v=[ 5.1348265   4.81038035 -1.45280812]
  RK45_ECI: r=[-6263.98820828 -4453.86995515 -1013.48825845], v=[ 1.02607579 -2.87184538  6.48950433]
Epoch 1807, t=2460388.5103917043:
  TLE_ECI: r=[ 3384.74931714 -1225.54823879  6823.89287464], v=[ 5.04667255  4.84650666 -1.63091704]
  RK45_ECI: r=[-6255.08104892 -4475.42957051  -971.27549345], v=[ 1.06228933 -2.84649545  6.49503923]
Epoch 1808, t=2460388.5104669677:
  TLE_ECI: r=[ 3535.3236405  -1078.02612908  6772.30811323], v=[ 4.95455432  4.87877693 -1.80776083]
  RK45_ECI: r=[-6245.92839859 -4496.8196739   -929.0275251 ], v=[ 1.09844331 -2.82100686  6.50033889]
Epoch 1809, t=2460388.510542231:
  TLE_ECI: r=[3683.00569077 -929.52333692 6715.43889943], v=[ 4.85854639  4.90716212 -1.98320223]
  RK45_ECI: r=[-6236.53070842 -4518.03931741  -886.74568518], v=[ 1.13453644 -2.79538044  6.50540308]
Epoch 1810, t=2460388.5106174946:
  TLE_ECI: r=[3827.67949672 -780.15820602 6653.32935153], v=[ 4.75872637  4.93163621 -2.15710504]
  RK45_ECI: r=[-6226.88852919 -4539.08732118  -844.43190236], v=[ 1.17056695 -2.7696174   6.51023157]
Epoch 1811, t=2460388.510692758:
  TLE_ECI: r=[3969.23151629 -630.049869   6586.02765759], v=[ 4.65517483  4.95217625 -2.32933416]
  RK45_ECI: r=[-6217.00231987 -4559.96276938  -802.08751138], v=[ 1.20653355 -2.74371858  6.51482415]
Epoch 1812, t=2460388.510768021:
  TLE_ECI: r=[4107.55072359 -479.31816605 6513.58604012], v=[ 4.54797528  4.96876236 -2.49975572]
  RK45_ECI: r=[-6206.87259601 -4580.66464873  -759.71404663], v=[ 1.2424348  -2.71768496  6.51918064]
Epoch 1813, t=2460388.5108432844:
  TLE_ECI: r=[4242.52870163 -328.08350378 6436.06071779], v=[ 4.437214    4.98137779 -2.6682372 ]
  RK45_ECI: r=[-6196.4998431  -4601.1920067   -717.31304387], v=[ 1.27826928 -2.69151752  6.52330086]
Epoch 1814, t=2460388.510918548:
  TLE_ECI: r=[4374.05971735 -176.46683087 6353.51186406], v=[ 4.32298012  4.99000888 -2.83464747]
  RK45_ECI: r=[-6185.88455625 -4621.54392448  -674.88584072], v=[ 1.31403569 -2.66521713  6.52718462]
Epoch 1815, t=2460388.5109938113:
  TLE_ECI: r=[4502.04081132  -24.58949645 6266.00356293], v=[ 4.20536548  4.99464513 -2.99885696]
  RK45_ECI: r=[-6175.02734636 -4641.71926321  -632.4343735 ], v=[ 1.34973229 -2.63878502  6.53083174]
Epoch 1816, t=2460388.5110690747:
  TLE_ECI: r=[4626.37187668  127.42683422 6173.60376161], v=[ 4.08446457  4.99527918 -3.16073772]
  RK45_ECI: r=[-6163.92867369 -4661.71721613  -589.95978284], v=[ 1.38535797 -2.61222197  6.53424207]
Epoch 1817, t=2460388.5111443377:
  TLE_ECI: r=[4746.95573864  279.46026204 6076.38422031], v=[ 3.96037446  4.99190684 -3.3201635 ]
  RK45_ECI: r=[-6152.58923007 -4681.53656427  -547.46420707], v=[ 1.42091079 -2.58552934  6.53741542]
Epoch 1818, t=2460388.511219601:
  TLE_ECI: r=[4863.69822817  431.38880581 5974.42045903], v=[ 3.83319471  4.98452712 -3.47700989]
  RK45_ECI: r=[-6141.00942234 -4701.17662795  -504.94858917], v=[ 1.45638984 -2.55870779  6.54035168]
Epoch 1819, t=2460388.5112948646:
  TLE_ECI: r=[4976.50825983  583.09041694 5867.79170149], v=[ 3.70302736  4.97314219 -3.6311544 ]
  RK45_ECI: r=[-6129.18983168 -4720.63643861  -462.41447091], v=[ 1.49179368 -2.53175834  6.54305071]
Epoch 1820, t=2460388.511370128:
  TLE_ECI: r=[5085.29790192  734.44313107 5756.58081613], v=[ 3.56997678  4.95775743 -3.78247655]
  RK45_ECI: r=[-6117.13112854 -4739.91489984  -419.86379453], v=[ 1.52712056 -2.50468226  6.54551235]
Epoch 1821, t=2460388.511445391:
  TLE_ECI: r=[5189.98244905  885.32513669 5640.87425424], v=[ 3.43414966  4.93838138 -3.93085798]
  RK45_ECI: r=[-6104.83392028 -4759.01106209  -377.29810399], v=[ 1.56236907 -2.47748061  6.54773649]
Epoch 1822, t=2460388.5115206544:
  TLE_ECI: r=[5290.48047946 1035.61493318 5520.76198527], v=[ 3.29565484  4.91502584 -4.0761825 ]
  RK45_ECI: r=[-6092.29863575 -4777.92426111  -334.71834446], v=[ 1.59753828 -2.45015404  6.54972304]
Epoch 1823, t=2460388.511595918:
  TLE_ECI: r=[5386.71393412 1185.19133797 5396.33742934], v=[ 3.15460333  4.88770575 -4.21833627]
  RK45_ECI: r=[-6079.52604132 -4796.65333222  -292.12666065], v=[ 1.6326263  -2.42270398  6.55147186]
Epoch 1824, t=2460388.5116711813:
  TLE_ECI: r=[5478.60816984 1333.93364378 5267.69738689], v=[ 3.01110816  4.85643929 -4.35720778]
  RK45_ECI: r=[-6066.5166575  -4815.19751128  -249.52419871], v=[ 1.66763202 -2.39513125  6.55298286]
Epoch 1825, t=2460388.5117464447:
  TLE_ECI: r=[5566.09202115 1481.72170128 5134.94196573], v=[ 2.86528433  4.82124778 -4.49268805]
  RK45_ECI: r=[-6053.27121364 -4833.55574572  -206.91290512], v=[ 1.70255375 -2.36743717  6.55425595]
Epoch 1826, t=2460388.5118217077:
  TLE_ECI: r=[5649.09786197 1628.43599974 4998.17450525], v=[ 2.7172487   4.78215575 -4.62467064]
  RK45_ECI: r=[-6039.79036523 -4851.72712214  -164.29432712], v=[ 1.73739005 -2.3396228   6.55529104]
Epoch 1827, t=2460388.511896971:
  TLE_ECI: r=[5727.56164133 1773.95782958 4857.50149805], v=[ 2.56711988  4.73919091 -4.75305177]
  RK45_ECI: r=[-6026.07457251 -4869.71099917  -121.66941225], v=[ 1.77214004 -2.31168884  6.55608807]
Epoch 1828, t=2460388.5119722346:
  TLE_ECI: r=[5801.42296219 1918.16928061 4713.03250895], v=[ 2.41501818  4.69238409 -4.87773041]
  RK45_ECI: r=[-6012.12466587 -4887.5062612    -79.04030875], v=[ 1.80680183 -2.28363676  6.55664696]
Epoch 1829, t=2460388.512047498:
  TLE_ECI: r=[5870.62511232 2060.95340352 4564.88009134], v=[ 2.26106551  4.64176927 -4.99860837]
  RK45_ECI: r=[-5997.9412027  -4905.1121722    -36.40816499], v=[ 1.84137435 -2.2554674   6.55696766]
Epoch 1830, t=2460388.5121227615:
  TLE_ECI: r=[5935.11511442 2202.19428915 4413.15970117], v=[ 2.10538527  4.58738356 -5.11559034]
  RK45_ECI: r=[-5983.52497035 -4922.52772482     6.22506998], v=[ 1.87585592 -2.2271821   6.55705012]
Epoch 1831, t=2460388.5121980244:
  TLE_ECI: r=[5994.84377589 2341.77714594 4257.98960834], v=[ 1.94810227  4.52926714 -5.22858402]
  RK45_ECI: r=[-5968.87667189 -4939.75204283    48.85784702], v=[ 1.91024513 -2.198782    6.55689429]
Epoch 1832, t=2460388.512273288:
  TLE_ECI: r=[6049.7657016  2479.58846431 4099.49080577], v=[ 1.78934256  4.46746329 -5.33750019]
  RK45_ECI: r=[-5953.99679826 -4956.78450877    91.48921694], v=[ 1.9445411  -2.17026779  6.55650013]
Epoch 1833, t=2460388.5123485513:
  TLE_ECI: r=[6099.83937076 2615.51600525 3937.78691605], v=[ 1.62923346  4.40201832 -5.44225277]
  RK45_ECI: r=[-5938.88624296 -4973.62405749   134.11702989], v=[ 1.97874199 -2.14164098  6.55586764]
Epoch 1834, t=2460388.5124238147:
  TLE_ECI: r=[6145.02714425 2749.44896316 3773.0040959 ], v=[ 1.46790335  4.33298155 -5.5427589 ]
  RK45_ECI: r=[-5923.54559939 -4990.26998221   176.74013628], v=[ 2.01284675 -2.11290245  6.55499678]
Epoch 1835, t=2460388.512499078:
  TLE_ECI: r=[6185.29530207 2881.27803936 3605.27093831], v=[ 1.3054816   4.26040528 -5.63893902]
  RK45_ECI: r=[-5907.97571222 -5006.72132191   219.35658618], v=[ 2.0468537  -2.08405358  6.55388756]
Epoch 1836, t=2460388.512574341:
  TLE_ECI: r=[6220.61407925 3010.89551538 3434.71837265], v=[ 1.1420985   4.18434476 -5.73071693]
  RK45_ECI: r=[-5892.17733105 -5022.97723874   261.96482988], v=[ 2.0807615  -2.05509551  6.55253998]
Epoch 1837, t=2460388.5126496046:
  TLE_ECI: r=[6250.95765531 3138.19541502 3261.4795627 ], v=[ 0.97788506  4.10485814 -5.81801987]
  RK45_ECI: r=[-5876.15097693 -5039.03714003   304.56391744], v=[ 2.11456925 -2.02602898  6.55095403]
Epoch 1838, t=2460388.512724868:
  TLE_ECI: r=[6276.30422701 3263.07348389 3085.68980254], v=[ 0.81297301  4.02200643 -5.90077859]
  RK45_ECI: r=[-5859.89760505 -5054.90001273   347.15169927], v=[ 2.14827517 -1.99685553  6.54912974]
Epoch 1839, t=2460388.5128001315:
  TLE_ECI: r=[6296.63599224 3385.42734847 2907.48641077], v=[ 0.64749464  3.93585347 -5.97892738]
  RK45_ECI: r=[-5843.41784479 -5070.56517945   389.72702559], v=[ 2.1818782  -1.96757606  6.54706713]
Epoch 1840, t=2460388.5128753944:
  TLE_ECI: r=[6311.93918256 3505.15656633 2727.00862267], v=[ 0.4815827   3.84646585 -6.05240415]
  RK45_ECI: r=[-5826.71267886 -5086.0316512    432.28774766], v=[ 2.21537657 -1.93819213  6.54476626]
Epoch 1841, t=2460388.512950658:
  TLE_ECI: r=[6322.20403403 3622.16278337 2544.39748093], v=[ 0.31537025  3.75391289 -6.12115051]
  RK45_ECI: r=[-5809.78265506 -5101.2988582    474.83291575], v=[ 2.24876941 -1.90870448  6.54222716]
Epoch 1842, t=2460388.5130259213:
  TLE_ECI: r=[6327.42485532 3736.3497062  2359.79572431], v=[ 0.14899062  3.6582666  -6.18511178]
  RK45_ECI: r=[-5792.62857145 -5116.36600446   517.36098088], v=[ 2.2820554  -1.87911429  6.53944986]
Epoch 1843, t=2460388.5131011847:
  TLE_ECI: r=[6327.59999204 3847.62325694 2173.34767518], v=[-0.01742274  3.55960156 -6.24423707]
  RK45_ECI: r=[-5775.25136148 -5131.23220622   559.86999544], v=[ 2.31523292 -1.849423    6.53643446]
Epoch 1844, t=2460388.513176448:
  TLE_ECI: r=[6322.73183759 3955.89163425 1985.19912533], v=[-0.18373638  3.45799493 -6.2984793 ]
  RK45_ECI: r=[-5757.65168892 -5145.89681714   602.35881053], v=[ 2.34830096 -1.81963151  6.53318101]
Epoch 1845, t=2460388.513251711:
  TLE_ECI: r=[6312.82684265 4061.0653724  1795.49722052], v=[-0.34981694  3.35352636 -6.34779528]
  RK45_ECI: r=[-5739.8305968  -5160.3589017    644.82528063], v=[ 2.38125777 -1.78974144  6.52968962]
Epoch 1846, t=2460388.5133269746:
  TLE_ECI: r=[6297.89546197 4163.05749103 1604.39034385], v=[-0.51553129  3.24627793 -6.39214571]
  RK45_ECI: r=[-5721.78866162 -5174.61791622   687.26845692], v=[ 2.4141025  -1.75975353  6.52596036]
Epoch 1847, t=2460388.513402238:
  TLE_ECI: r=[6277.95221561 4261.78345787 1412.02799777], v=[-0.68074662  3.13633407 -6.43149527]
  RK45_ECI: r=[-5703.52672594 -5188.67310521   729.68679286], v=[ 2.44683387 -1.729669    6.52199331]
Epoch 1848, t=2460388.5134775015:
  TLE_ECI: r=[6253.01562956 4357.1613346  1218.56068526], v=[-0.84533055  3.02378152 -6.46581258]
  RK45_ECI: r=[-5685.04577734 -5202.52363446   772.0783447 ], v=[ 2.47945029 -1.6994893   6.51778862]
Epoch 1849, t=2460388.513552765:
  TLE_ECI: r=[6223.10823121 4449.11182795 1024.13979   ], v=[-1.00915127  2.90870923 -6.49507029]
  RK45_ECI: r=[-5666.34651336 -5216.16888908   814.44196557], v=[ 2.51195077 -1.66921536  6.51334638]
Epoch 1850, t=2460388.513628028:
  TLE_ECI: r=[6188.25654318 4537.55833904  828.91745566], v=[-1.1720776   2.79120831 -6.51924508]
  RK45_ECI: r=[-5647.43003589 -5229.60798835   856.77551522], v=[ 2.54433359 -1.63884881  6.50866678]
Epoch 1851, t=2460388.5137032913:
  TLE_ECI: r=[6148.49100736 4622.42710149  633.04646465], v=[-1.33397918  2.67137194 -6.5383177 ]
  RK45_ECI: r=[-5628.29694941 -5242.84041529   899.07804679], v=[ 2.57659793 -1.60839043  6.50374989]
Epoch 1852, t=2460388.5137785547:
  TLE_ECI: r=[6103.84603781 4703.64713493  436.68011599], v=[-1.4947265   2.54929529 -6.55227296]
  RK45_ECI: r=[-5608.94813997 -5255.86545574   941.34801771], v=[ 2.60874254 -1.57784144  6.49859586]
Epoch 1853, t=2460388.513853818:
  TLE_ECI: r=[6054.35993876 4781.1503785   239.97210296], v=[-1.65419108  2.42507546 -6.56109974]
  RK45_ECI: r=[-5589.38464814 -5268.68232589   983.58349002], v=[ 2.64076584 -1.54720332  6.4932049 ]
Epoch 1854, t=2460388.5139290816:
  TLE_ECI: r=[6000.07488455 4854.87173088   43.07639026], v=[-1.81224551  2.29881138 -6.56479107]
  RK45_ECI: r=[-5569.60720445 -5281.29044299  1025.78332009], v=[ 2.67266689 -1.51647703  6.48757712]
Epoch 1855, t=2460388.5140043446:
  TLE_ECI: r=[5941.03689785 4924.74908851 -153.85290911], v=[-1.96876361  2.17060374 -6.56334403]
  RK45_ECI: r=[-5549.61696825 -5293.68898226  1067.94537507], v=[ 2.70444398 -1.48566421  6.4817128 ]
Epoch 1856, t=2460388.514079608:
  TLE_ECI: r=[5877.29575274 4990.72346835 -350.66165691], v=[-2.12362055  2.04055487 -6.55675985]
  RK45_ECI: r=[-5529.41457148 -5305.87745375  1110.06871109], v=[ 2.73609633 -1.45476566  6.47561203]
Epoch 1857, t=2460388.5141548715:
  TLE_ECI: r=[5808.90501799 5052.73895345 -547.19581311], v=[-2.27669288  1.90876871 -6.54504385]
  RK45_ECI: r=[-5509.00094272 -5317.85518537  1152.15179114], v=[ 2.76762269 -1.42378262  6.46927501]
Epoch 1858, t=2460388.514230135:
  TLE_ECI: r=[5735.92195395 5110.74281094 -743.30155886], v=[-2.42785871  1.77535068 -6.52820545]
  RK45_ECI: r=[-5488.3771743  -5329.6214448   1194.19268498], v=[ 2.79902154 -1.39271659  6.46270201]
Epoch 1859, t=2460388.514305398:
  TLE_ECI: r=[5658.407493   5164.68550301 -938.8254195 ], v=[-2.57699777  1.64040759 -6.50625816]
  RK45_ECI: r=[-5467.54413102 -5341.17562443  1236.1900565 ], v=[ 2.83029178 -1.3615687   6.45589321]
Epoch 1860, t=2460388.5143806613:
  TLE_ECI: r=[ 5576.42612696  5214.52079588 -1133.61438703], v=[-2.72399154  1.50404758 -6.47921959]
  RK45_ECI: r=[-5446.50272254 -5352.51712893  1278.14237328], v=[ 2.8614322  -1.33034016  6.44884885]
Epoch 1861, t=2460388.5144559247:
  TLE_ECI: r=[ 5490.04594241  5260.20569916 -1327.5160424 ], v=[-2.86872334  1.36637998 -6.44711138]
  RK45_ECI: r=[-5425.25382541 -5363.64536292  1320.04830111], v=[ 2.89244172 -1.2990321   6.44156912]
Epoch 1862, t=2460388.514531188:
  TLE_ECI: r=[ 5399.33850249  5301.70056969 -1520.378677  ], v=[-3.0110784   1.22751528 -6.40995924]
  RK45_ECI: r=[-5403.79857261 -5374.55963583  1361.90591732], v=[ 2.92331884 -1.26764604  6.43405434]
Epoch 1863, t=2460388.5146064516:
  TLE_ECI: r=[ 5304.37880091  5338.96912864 -1712.05141359], v=[-3.150944    1.08756496 -6.36779288]
  RK45_ECI: r=[-5382.13784244 -5385.25938648  1403.71389109], v=[ 2.95406249 -1.2361831   6.42630473]
Epoch 1864, t=2460388.5146817146:
  TLE_ECI: r=[ 5205.24521366  5371.9784775  -1902.38432647], v=[-3.28820951  0.94664148 -6.32064602]
  RK45_ECI: r=[-5360.27262431 -5395.74400618  1445.47069649], v=[ 2.98467146 -1.20464455  6.41832055]
Epoch 1865, t=2460388.514756978:
  TLE_ECI: r=[ 5102.01936996  5400.69918714 -2091.2285605 ], v=[-3.42276656  0.80485809 -6.26855632]
  RK45_ECI: r=[-5338.20386863 -5406.01294181  1487.17480925], v=[ 3.01514455 -1.17303164  6.41010208]
Epoch 1866, t=2460388.5148322415:
  TLE_ECI: r=[ 4994.78617647  5425.10523131 -2278.43644964], v=[-3.55450904  0.66232881 -6.21156537]
  RK45_ECI: r=[-5315.9324879  -5416.06563694  1528.82490233], v=[ 3.04548071 -1.1413455   6.40164955]
Epoch 1867, t=2460388.514907505:
  TLE_ECI: r=[ 4883.63368336  5445.17407007 -2463.8616338 ], v=[-3.68333324  0.5191683  -6.14971865]
  RK45_ECI: r=[-5293.45966517 -5425.90145379  1570.4190642 ], v=[ 3.07567846 -1.10958769  6.39296334]
Epoch 1868, t=2460388.5149827683:
  TLE_ECI: r=[ 4768.653025    5460.88665411 -2647.35917485], v=[-3.80913792  0.37549176 -6.08306546]
  RK45_ECI: r=[-5270.78631436 -5435.51986993  1611.95597184], v=[ 3.10573676 -1.07775934  6.3840437 ]
Epoch 1869, t=2460388.5150580313:
  TLE_ECI: r=[ 4649.93835908  5472.22742742 -2828.78567116], v=[-3.93182439  0.23141486 -6.01165892]
  RK45_ECI: r=[-5247.91346524 -5444.92032061  1653.4341086 ], v=[ 3.13565442 -1.04586174  6.37489094]
Epoch 1870, t=2460388.5151332947:
  TLE_ECI: r=[ 4527.58672322  5479.18439554 -3007.99937064], v=[-4.05129659  0.08705359 -5.93555588]
  RK45_ECI: r=[-5224.84210773 -5454.1022961   1694.85195975], v=[ 3.16543027 -1.01389617  6.36550537]
Epoch 1871, t=2460388.515208558:
  TLE_ECI: r=[ 4401.69804959  5481.74905299 -3184.8602826 ], v=[-4.16746116 -0.0574758  -5.8548169 ]
  RK45_ECI: r=[-5201.57319006 -5463.06527904  1736.20820673], v=[ 3.19506328 -0.98186377  6.35588728]
Epoch 1872, t=2460388.5152838216:
  TLE_ECI: r=[ 4272.37501652  5479.91644671 -3359.23028757], v=[-4.28022752 -0.20205689 -5.76950618]
  RK45_ECI: r=[-5178.10794378 -5471.8086858   1777.50095084], v=[ 3.224552   -0.94976614  6.34603709]
Epoch 1873, t=2460388.515359085:
  TLE_ECI: r=[ 4139.72297887  5473.68516627 -3530.97324572], v=[-4.38950794 -0.34657319 -5.67969147]
  RK45_ECI: r=[-5154.44721834 -5480.33206138  1818.72907145], v=[ 3.25389556 -0.91760427  6.33595504]
Epoch 1874, t=2460388.515434348:
  TLE_ECI: r=[ 4003.84989593  5463.05733366 -3699.95510336], v=[-4.4952176  -0.49090827 -5.58544409]
  RK45_ECI: r=[-5130.59238095 -5488.63480165  1859.89048249], v=[ 3.28309238 -0.88537992  6.32564162]
Epoch 1875, t=2460388.5155096115:
  TLE_ECI: r=[ 3864.86617697  5448.03864967 -3866.04399748], v=[-4.59727465 -0.63494585 -5.48683877]
  RK45_ECI: r=[-5106.54416227 -5496.71652494  1900.98426022], v=[ 3.31214174 -0.85309394  6.31509705]
Epoch 1876, t=2460388.515584875:
  TLE_ECI: r=[ 3722.88468591  5428.63831739 -4029.11035865], v=[-4.69560029 -0.77856985 -5.38395365]
  RK45_ECI: r=[-5082.30364423 -5504.57672616  1942.00890233], v=[ 3.34104247 -0.82074766  6.30432168]
Epoch 1877, t=2460388.5156601383:
  TLE_ECI: r=[ 3578.02058333  5404.86908345 -4189.02701152], v=[-4.7901188  -0.92166452 -5.2768702 ]
  RK45_ECI: r=[-5057.87210603 -5512.21487632  1982.96252468], v=[ 3.3697932  -0.78834267  6.293316  ]
Epoch 1878, t=2460388.5157354013:
  TLE_ECI: r=[ 3430.39126287  5376.74720553 -4345.66927342], v=[-4.88075763 -1.06411453 -5.16567313]
  RK45_ECI: r=[-5033.25065018 -5519.6304948   2023.84363177], v=[ 3.39839277 -0.75588031  6.28208038]
Epoch 1879, t=2460388.5158106647:
  TLE_ECI: r=[ 3280.11619128  5344.29248016 -4498.9150506 ], v=[-4.96744742 -1.20580511 -5.0504503 ]
  RK45_ECI: r=[-5008.44002452 -5526.82322065  2064.6513046 ], v=[ 3.42684048 -0.72336145  6.27061505]
Epoch 1880, t=2460388.515885928:
  TLE_ECI: r=[ 3127.31690457  5307.52816508 -4648.64493248], v=[-5.05012204 -1.34662205 -4.93129272]
  RK45_ECI: r=[-4983.44165494 -5533.79251938  2105.38347658], v=[ 3.45513481 -0.69078785  6.25892058]
Epoch 1881, t=2460388.5159611916:
  TLE_ECI: r=[ 2972.11684524  5266.48100201 -4794.74228337], v=[-5.1287187  -1.48645184 -4.80829437]
  RK45_ECI: r=[-4958.25643776 -5540.53799261  2146.03904115], v=[ 3.48327492 -0.65816057  6.24699724]
Epoch 1882, t=2460388.516036455:
  TLE_ECI: r=[ 2814.64127663  5221.18118487 -4937.09333182], v=[-5.20317792 -1.62518179 -4.68155219]
  RK45_ECI: r=[-4932.88569824 -5547.05916702  2186.61613041], v=[ 3.51125943 -0.62548123  6.23484557]
Epoch 1883, t=2460388.516111718:
  TLE_ECI: r=[ 2655.0171959   5171.66232758 -5075.58725765], v=[-5.27344359 -1.76270004 -4.55116599]
  RK45_ECI: r=[-4907.33057619 -5553.35560818  2227.11326197], v=[ 3.53908726 -0.59275118  6.22246599]
Epoch 1884, t=2460388.5161869815:
  TLE_ECI: r=[ 2493.37316951  5117.96146894 -5210.11627626], v=[-5.33946303 -1.89889579 -4.41723834]
  RK45_ECI: r=[-4881.59184313 -5559.42698564  2267.52952465], v=[ 3.56675771 -0.55997131  6.20985876]
Epoch 1885, t=2460388.516262245:
  TLE_ECI: r=[ 2329.83932059  5060.11899448 -5340.57572075], v=[-5.40118701 -2.03365921 -4.27987449]
  RK45_ECI: r=[-4855.67097493 -5565.27282606  2307.86287084], v=[ 3.59426932 -0.5271434   6.19702448]
Epoch 1886, t=2460388.5163375083:
  TLE_ECI: r=[ 2164.54716178  4998.17863707 -5466.8641211 ], v=[-5.45856976 -2.16688165 -4.1391823 ]
  RK45_ECI: r=[-4829.56889557 -5570.89276761  2348.11220404], v=[ 3.62162126 -0.49426852  6.18396347]
Epoch 1887, t=2460388.516412772:
  TLE_ECI: r=[ 1997.62950466  4932.18743351 -5588.88328085], v=[-5.51156903 -2.29845568 -3.99527214]
  RK45_ECI: r=[-4803.28697502 -5576.28639333  2388.27567421], v=[ 3.64881223 -0.46134832  6.17067632]
Epoch 1888, t=2460388.5164880347:
  TLE_ECI: r=[ 1829.22036693  4862.19568173 -5706.53835118], v=[-5.56014609 -2.42827517 -3.84825679]
  RK45_ECI: r=[-4776.82638907 -5581.45331568  2428.35181338], v=[ 3.67584116 -0.42838417  6.15716349]
Epoch 1889, t=2460388.516563298:
  TLE_ECI: r=[ 1659.45480706  4788.25692291 -5819.73790197], v=[-5.60426576 -2.55623543 -3.69825139]
  RK45_ECI: r=[-4750.18793219 -5586.39323506  2468.33971898], v=[ 3.70270738 -0.39537695  6.14342525]
Epoch 1890, t=2460388.5166385616:
  TLE_ECI: r=[ 1488.46890259  4710.427865   -5928.39399056], v=[-5.64389644 -2.6822332  -3.54537329]
  RK45_ECI: r=[-4723.37312815 -5591.10574045  2508.23736421], v=[ 3.72940948 -0.3623285   6.12946227]
Epoch 1891, t=2460388.516713825:
  TLE_ECI: r=[ 1316.39958332  4628.76836096 -6032.42222731], v=[-5.6790101  -2.80616677 -3.38974199]
  RK45_ECI: r=[-4696.38292778 -5595.59050685  2548.0436636 ], v=[ 3.75594667 -0.32923987  6.11527491]
Epoch 1892, t=2460388.516789088:
  TLE_ECI: r=[ 1143.38455009  4543.34135206 -6131.74183855], v=[-5.70958233 -2.92793605 -3.23147903]
  RK45_ECI: r=[-4669.21887592 -5599.84715167  2587.75660048], v=[ 3.78231756 -0.2961129   6.10086386]
Epoch 1893, t=2460388.5168643515:
  TLE_ECI: r=[  969.5621117   4454.21283233 -6226.27572648], v=[-5.73559229 -3.04744272 -3.07070793]
  RK45_ECI: r=[-4641.88178735 -5603.87540317  2627.37528106], v=[ 3.80852151 -0.26294849  6.08622943]
Epoch 1894, t=2460388.516939615:
  TLE_ECI: r=[  795.07115552  4361.45177471 -6315.95052655], v=[-5.75702279 -3.16459018 -2.90755403]
  RK45_ECI: r=[-4614.37287403 -5607.67492486  2666.89825376], v=[ 3.8345575  -0.22974802  6.07137211]
Epoch 1895, t=2460388.5170148783:
  TLE_ECI: r=[  620.05098383  4265.1300919  -6400.69666153], v=[-5.77386024 -3.27928369 -2.74214448]
  RK45_ECI: r=[-4586.693574   -5611.24539142  2706.32370057], v=[ 3.8604243  -0.19651317  6.05629256]
Epoch 1896, t=2460388.517090142:
  TLE_ECI: r=[  444.6412172   4165.32257602 -6480.44839294], v=[-5.7860947  -3.39143043 -2.57460803]
  RK45_ECI: r=[-4558.84486379 -5614.58651513  2745.65054805], v=[ 3.88612114 -0.16324503  6.04099118]
Epoch 1897, t=2460388.5171654047:
  TLE_ECI: r=[  268.98169638  4062.10683924 -6555.14386943], v=[-5.79371984 -3.50093957 -2.40507505]
  RK45_ECI: r=[-4530.82833363 -5617.69797655  2784.87680306], v=[ 3.91164671 -0.12994543  6.0254687 ]
Epoch 1898, t=2460388.517240668:
  TLE_ECI: r=[   93.21232427  3955.56325691 -6624.72517209], v=[-5.79673291 -3.60772239 -2.23367734]
  RK45_ECI: r=[-4502.64481908 -5620.57953581  2824.001582  ], v=[ 3.93700037 -0.09661528  6.00972547]
Epoch 1899, t=2460388.5173159316:
  TLE_ECI: r=[  -82.52697121  3845.77489828 -6689.1383571 ], v=[-5.79513483 -3.71169222 -2.06054809]
  RK45_ECI: r=[-4474.29556523 -5623.23090437  2863.02345045], v=[ 3.96218116 -0.06325599  5.99376203]
Epoch 1900, t=2460388.517391195:
  TLE_ECI: r=[ -258.09639555  3732.82746665 -6748.33349507], v=[-5.78893011 -3.81276462 -1.88582172]
  RK45_ECI: r=[-4445.78205038 -5625.65181493  2901.94061267], v=[ 3.98718789 -0.02986923  5.97757909]
Epoch 1901, t=2460388.5174664585:
  TLE_ECI: r=[ -433.35638474  3616.80923133 -6802.26470752], v=[-5.77812684 -3.9108574  -1.70963385]
  RK45_ECI: r=[-4417.10527532 -5627.84201763  2940.75200827], v=[4.01201985e+00 3.54389009e-03 5.96117708e+00]
Epoch 1902, t=2460388.5175417215:
  TLE_ECI: r=[ -608.16770361  3497.81096077 -6850.89020039], v=[-5.76273672 -4.00589065 -1.53212116]
  RK45_ECI: r=[-4388.26687383 -5629.80125661  2979.45566955], v=[4.03667575 0.03698154 5.94455679]
Epoch 1903, t=2460388.517616985:
  TLE_ECI: r=[ -782.39159616  3375.92584567 -6894.17229434], v=[-5.74277499 -4.0977869  -1.35342128]
  RK45_ECI: r=[-4359.26770143 -5631.52932396  3018.05072399], v=[4.06115501 0.07044278 5.92771859]
Epoch 1904, t=2460388.5176922483:
  TLE_ECI: r=[ -955.88983054  3251.24943565 -6932.07745232], v=[-5.71826047 -4.18647104 -1.17367271]
  RK45_ECI: r=[-4330.10903453 -5633.02597973  3056.53575577], v=[4.0854567  0.10392623 5.91066307]
Epoch 1905, t=2460388.517767512:
  TLE_ECI: r=[-1128.5248488   3123.8795598  -6964.57630383], v=[-5.6892155  -4.27187048 -0.99301471]
  RK45_ECI: r=[-4300.79238987 -5634.29101505  3094.90899316], v=[4.10957968 0.13743017 5.893391  ]
Epoch 1906, t=2460388.517842775:
  TLE_ECI: r=[-1300.15986279  2993.91625223 -6991.64366629], v=[-5.65566594 -4.35391516 -0.8115872 ]
  RK45_ECI: r=[-4271.31879169 -5635.32421791  3133.16938995], v=[4.13352326 0.17095352 5.87590282]
Epoch 1907, t=2460388.517918038:
  TLE_ECI: r=[-1470.65895211  2861.46167895 -7013.25856329], v=[-5.61764114 -4.4325376  -0.62953067]
  RK45_ECI: r=[-4241.689915   -5636.12539671  3171.31500579], v=[4.15728623 0.20449443 5.85819943]
Epoch 1908, t=2460388.5179933016:
  TLE_ECI: r=[-1639.88720311  2726.62004241 -7029.40423978], v=[-5.57517388 -4.507673   -0.44698605]
  RK45_ECI: r=[-4211.90663439 -5636.69437558  3209.34498024], v=[4.18086802 0.23805196 5.84028118]
Epoch 1909, t=2460388.518068565:
  TLE_ECI: r=[-1807.71076187  2589.49752505 -7040.06817434], v=[-5.52830042 -4.57925921 -0.26409463]
  RK45_ECI: r=[-4181.97025614 -5637.03096342  3247.25791749], v=[4.20426774 0.2716247  5.82214874]
Epoch 1910, t=2460388.5181438285:
  TLE_ECI: r=[-1973.99697245  2450.20219181 -7045.2420882 ], v=[-5.4770604  -4.64723684 -0.08099795]
  RK45_ECI: r=[-4151.88233384 -5637.13500999  3285.05207166], v=[4.22748431 0.30521096 5.80380292]
Epoch 1911, t=2460388.5182190915:
  TLE_ECI: r=[-2138.61446391  2308.84391662 -7044.92195133], v=[-5.42149686 -4.71154926  0.10216228]
  RK45_ECI: r=[-4121.64405989 -5637.0063398   3322.72623531], v=[4.25051697 0.33880949 5.78524428]
Epoch 1912, t=2460388.518294355:
  TLE_ECI: r=[-2301.43327939  2165.53427317 -7039.1079854 ], v=[-5.36165613 -4.77214272  0.28524433]
  RK45_ECI: r=[-4091.25671023 -5636.64483089  3360.27902697], v=[4.27336486 0.37241889 5.76647352]
Epoch 1913, t=2460388.5183696183:
  TLE_ECI: r=[-2462.32493449  2020.38648473 -7027.80466373], v=[-5.29758788 -4.82896629  0.4681065 ]
  RK45_ECI: r=[-4060.72161625 -5636.05033432  3397.70906966], v=[4.29602713 0.40603777 5.74749129]
Epoch 1914, t=2460388.518444882:
  TLE_ECI: r=[-2621.1625451   1873.51531315 -7011.02070817], v=[-5.22934504 -4.88197198  0.65060726]
  RK45_ECI: r=[-4030.03996643 -5635.2227098   3435.01516564], v=[4.31850303 0.43966486 5.72829821]
Epoch 1915, t=2460388.518520145:
  TLE_ECI: r=[-2777.82091815  1725.03697594 -6988.76908284], v=[-5.15698377 -4.93111472  0.83260534]
  RK45_ECI: r=[-3999.21334948 -5634.161866    3472.1955966 ], v=[4.34079152 0.47329847 5.70889513]
Epoch 1916, t=2460388.518595408:
  TLE_ECI: r=[-2932.17664381  1575.06906504 -6961.06698492], v=[-5.08056341 -4.97635244  1.01395981]
  RK45_ECI: r=[-3968.2429822  -5632.86767137  3509.24917445], v=[4.36289188 0.50693733 5.68928269]
Epoch 1917, t=2460388.5186706716:
  TLE_ECI: r=[-3084.10820984  1423.73042199 -6927.93583228], v=[-5.00014642 -5.01764613  1.19453022]
  RK45_ECI: r=[-3937.1301683  -5631.34005166  3546.17454019], v=[4.38480329 0.54058007 5.66946158]
Epoch 1918, t=2460388.518745935:
  TLE_ECI: r=[-3233.4960667   1271.1410958  -6889.40124817], v=[-4.91579836 -5.05495978  1.37417668]
  RK45_ECI: r=[-3905.87613184 -5629.57888974  3582.97051202], v=[4.40652502 0.57422542 5.64943244]
Epoch 1919, t=2460388.5188211985:
  TLE_ECI: r=[-3380.22273979  1117.42221715 -6845.4930427 ], v=[-4.82758785 -5.08826048  1.55275996]
  RK45_ECI: r=[-3874.48248853 -5627.58414147  3619.63539493], v=[4.42805607 0.60787167 5.62919619]
Epoch 1920, t=2460388.518896462:
  TLE_ECI: r=[-3524.17291556   962.69591247 -6796.24519144], v=[-4.73558649 -5.11751845  1.7301416 ]
  RK45_ECI: r=[-3842.95045743 -5625.35572188  3656.16801718], v=[4.44939574 0.64151757 5.60875346]
Epoch 1921, t=2460388.518971725:
  TLE_ECI: r=[-3665.23352865   807.08521944 -6741.69581082], v=[-4.63986885 -5.14270704  1.90618401]
  RK45_ECI: r=[-3811.28141269 -5622.89356135  3692.56703882], v=[4.47054323 0.67516169 5.588105  ]
Epoch 1922, t=2460388.5190469883:
  TLE_ECI: r=[-3803.2938596    650.71394925 -6681.88713057], v=[-4.54051232 -5.16380278  2.08075057]
  RK45_ECI: r=[-3779.47668457 -5620.19763347  3728.83112467], v=[4.49149776 0.70880267 5.56725156]
Epoch 1923, t=2460388.519122252:
  TLE_ECI: r=[-3938.24560547   493.70665275 -6616.86546315], v=[-4.4375972  -5.18078538  2.25370573]
  RK45_ECI: r=[-3747.53752003 -5617.2678653   3764.95911386], v=[4.51225865 0.74243921 5.54619381]
Epoch 1924, t=2460388.519197515:
  TLE_ECI: r=[-4069.98297504   336.18848159 -6546.68117008], v=[-4.33120651 -5.19363778  2.42491511]
  RK45_ECI: r=[-3715.46556704 -5614.10427199  3800.949342  ], v=[4.53282492 0.77606963 5.52493271]
Epoch 1925, t=2460388.5192727786:
  TLE_ECI: r=[-4198.40276858   178.28510079 -6471.38862533], v=[-4.22142601 -5.20234613  2.5942456 ]
  RK45_ECI: r=[-3683.26206681 -5610.70681252  3836.80065878], v=[4.55319591 0.80969265 5.50346893]
Epoch 1926, t=2460388.5193480416:
  TLE_ECI: r=[-4323.4044584     20.12260266 -6391.0461756 ], v=[-4.10834411 -5.20689985  2.76156546]
  RK45_ECI: r=[-3650.928419   -5607.07546663  3872.5117491 ], v=[4.57337088 0.84330685 5.48180327]
Epoch 1927, t=2460388.519423305:
  TLE_ECI: r=[-4444.89026836  -138.17264228 -6305.71609776], v=[-3.99205178 -5.20729162  2.92674443]
  RK45_ECI: r=[-3618.46597882 -5603.21025617  3908.08130287], v=[4.59334905 0.87691085 5.4599365 ]
Epoch 1928, t=2460388.5194985685:
  TLE_ECI: r=[-4562.76524874  -296.47401023 -6215.46455312], v=[-3.87264253 -5.20351741  3.08965382]
  RK45_ECI: r=[-3585.87601489 -5599.11115268  3943.50818118], v=[4.6131298  0.91050337 5.43786931]
Epoch 1929, t=2460388.519573832:
  TLE_ECI: r=[-4676.93735262  -454.65477336 -6120.36153892], v=[-3.75021232 -5.19557647  3.25016659]
  RK45_ECI: r=[-3553.16020593 -5594.7782307   3978.7907518 ], v=[4.63271219 0.94408269 5.41560273]
Epoch 1930, t=2460388.519649095:
  TLE_ECI: r=[-4787.31750957  -612.58817381 -6020.48083672], v=[-3.6248595  -5.18347133  3.4081575 ]
  RK45_ECI: r=[-3520.31997258 -5590.21151283  4013.92772237], v=[4.6520955  0.97764739 5.39313757]
Epoch 1931, t=2460388.5197243583:
  TLE_ECI: r=[-4893.81968932  -770.14757984 -5915.89995798], v=[-3.4966847  -5.16720786  3.56350315]
  RK45_ECI: r=[-3487.35626331 -5585.41097005  4048.91829744], v=[4.6712793  1.01119652 5.37047431]
Epoch 1932, t=2460388.519799622:
  TLE_ECI: r=[-4996.36097919  -927.20650362 -5806.70008662], v=[-3.36579081 -5.14679523  3.71608211]
  RK45_ECI: r=[-3454.27093213 -5580.37673109  4083.76069949], v=[4.6902626  1.04472821 5.34761411]
Epoch 1933, t=2460388.519874885:
  TLE_ECI: r=[-5094.86164402 -1083.63875684 -5692.96601878], v=[-3.23228287 -5.12224591  3.86577499]
  RK45_ECI: r=[-3421.06510964 -5575.10879271  4118.45397719], v=[4.70904487 1.07824134 5.32455758]
Epoch 1934, t=2460388.5199501486:
  TLE_ECI: r=[-5189.24519097 -1239.3185379  -5574.78609968], v=[-3.09626799 -5.09357568  4.01246459]
  RK45_ECI: r=[-3387.7405036  -5569.60728904  4152.99653186], v=[4.72762526 1.11173419 5.30130578]
Epoch 1935, t=2460388.5200254116:
  TLE_ECI: r=[-5279.43843447 -1394.12051734 -5452.25215768], v=[-2.9578553  -5.06080363  4.15603591]
  RK45_ECI: r=[-3354.29855725 -5563.87229257  4187.38709815], v=[4.74600307 1.14520533 5.27785955]
Epoch 1936, t=2460388.520100675:
  TLE_ECI: r=[-5365.3715388  -1547.92000012 -5325.45943548], v=[-2.8171558  -5.02395215  4.29637633]
  RK45_ECI: r=[-3320.74023296 -5557.90380754  4221.62489717], v=[4.76417791 1.17865381 5.25421942]
Epoch 1937, t=2460388.5201759385:
  TLE_ECI: r=[-5446.97809719 -1700.59293392 -5194.50651862], v=[-2.67428237 -4.98304694  4.43337562]
  RK45_ECI: r=[-3287.06741551 -5551.7020279   4255.70818931], v=[4.78214883 1.21207775 5.23038656]
Epoch 1938, t=2460388.520251202:
  TLE_ECI: r=[-5524.19517012 -1852.01607056 -5059.49526121], v=[-2.52934962 -4.93811693  4.56692611]
  RK45_ECI: r=[-3253.28125174 -5545.26698973  4289.63604367], v=[4.79991536 1.24547602 5.20636163]
Epoch 1939, t=2460388.5203264654:
  TLE_ECI: r=[-5596.96333955 -2002.06705055 -4920.53070894], v=[-2.38247381 -4.88919437  4.6969227 ]
  RK45_ECI: r=[-3219.38347643 -5538.59888697  4323.40689653], v=[4.81747668 1.27884692 5.18214571]
Epoch 1940, t=2460388.5204017283:
  TLE_ECI: r=[-5665.2267632  -2150.62448598 -4777.72101955], v=[-2.23377278 -4.83631472  4.82326303]
  RK45_ECI: r=[-3185.37555382 -5531.69784219  4357.01951062], v=[4.83483216 1.31218901 5.1577397 ]
Epoch 1941, t=2460388.520476992:
  TLE_ECI: r=[-5728.93319486 -2297.56812543 -4631.17738059], v=[-2.08336582 -4.77951669  4.94584748]
  RK45_ECI: r=[-3151.25845933 -5524.5638929   4390.47312428], v=[4.85198142 1.34550132 5.13314412]
Epoch 1942, t=2460388.520552255:
  TLE_ECI: r=[-5788.03406328 -2442.7788534  -4481.01392462], v=[-1.93137362 -4.7188422   5.06457933]
  RK45_ECI: r=[-3117.0341063  -5517.19729849  4423.76603731], v=[4.86892359 1.378782   5.10836021]
Epoch 1943, t=2460388.5206275187:
  TLE_ECI: r=[-5842.48448764 -2586.13885357 -4327.34764203], v=[-1.77791815 -4.65433632  5.1793648 ]
  RK45_ECI: r=[-3082.70365648 -5509.5981345   4456.89734005], v=[4.88565822 1.4120299  5.08338865]
Epoch 1944, t=2460388.520702782:
  TLE_ECI: r=[-5892.24332002 -2727.53168917 -4170.29829123], v=[-1.62312258 -4.58604731  5.29011313]
  RK45_ECI: r=[-3048.2688698 -5501.7666547  4489.8655051], v=[4.90218456 1.44524332 5.05823056]
Epoch 1945, t=2460388.520778045:
  TLE_ECI: r=[-5937.27318732 -2866.84238151 -4009.98830665], v=[-1.46711119 -4.51402653  5.39673668]
  RK45_ECI: r=[-3013.73122993 -5493.70303177  4522.66932436], v=[4.91850203 1.47842082 5.03288687]
Epoch 1946, t=2460388.5208533085:
  TLE_ECI: r=[-5977.5404885  -3003.95757445 -3846.54270428], v=[-1.31000919 -4.43832843  5.49915098]
  RK45_ECI: r=[-2979.09172396 -5485.40733672  4555.30805402], v=[4.93461026 1.51156144 5.00735812]
Epoch 1947, t=2460388.520928572:
  TLE_ECI: r=[-6013.01547141 -3138.76552417 -3680.08898497], v=[-1.15194273 -4.35901052  5.59727486]
  RK45_ECI: r=[-2944.35229169 -5476.87989433  4587.78003483], v=[4.95050847 1.54466332 4.98164561]
Epoch 1948, t=2460388.5210038354:
  TLE_ECI: r=[-6043.67222478 -3271.15626109 -3510.75703555], v=[-0.99303874 -4.27613331  5.69103043]
  RK45_ECI: r=[-2909.51410848 -5468.12081964  4620.08437911], v=[4.96619625 1.57772532 4.95575002]
Epoch 1949, t=2460388.5210790983:
  TLE_ECI: r=[-6069.48871731 -3401.02164649 -3338.67902787], v=[-0.83342484 -4.18976029  5.78034323]
  RK45_ECI: r=[-2874.57912543 -5459.13046688  4652.2194468 ], v=[4.98167283 1.61074558 4.92967266]
Epoch 1950, t=2460388.521154362:
  TLE_ECI: r=[-6090.44677633 -3528.25553377 -3163.98931579], v=[-0.67322921 -4.09995786  5.86514227]
  RK45_ECI: r=[-2839.54833965 -5449.90893685  4684.18451122], v=[4.99693788 1.64372314 4.9034141 ]
Epoch 1951, t=2460388.521229625:
  TLE_ECI: r=[-6106.5321613  -3652.7537508  -2986.82433011], v=[-0.51258052 -4.00679531  5.94536008]
  RK45_ECI: r=[-2804.42325286 -5440.45645613  4715.97839589], v=[5.01199088 1.67665657 4.87697529]
Epoch 1952, t=2460388.5213048887:
  TLE_ECI: r=[-6117.73453709 -3774.41425759 -2807.32247175], v=[-0.35160782 -3.91034473  6.02093279]
  RK45_ECI: r=[-2769.20566131 -5430.77337393  4747.59963439], v=[5.02683117 1.70954417 4.85035744]
Epoch 1953, t=2460388.521380152:
  TLE_ECI: r=[-6124.04749133 -3893.13721539 -2625.62400305], v=[-0.19044039 -3.810681    6.09180016]
  RK45_ECI: r=[-2733.89675213 -5420.85984497  4779.04736191], v=[5.04145838 1.74238481 4.82356127]
Epoch 1954, t=2460388.521455415:
  TLE_ECI: r=[-6125.46855193 -4008.82505177 -2441.8709374 ], v=[-0.0292077 -3.7078817  6.1579057]
  RK45_ECI: r=[-2698.49849967 -5410.71628859  4810.31998149], v=[5.05587181 1.77517663 4.79658812]
Epoch 1955, t=2460388.5215306785:
  TLE_ECI: r=[-6121.99914192 -4121.38261526 -2256.20692736], v=[ 0.13196078 -3.60202706  6.21919664]
  RK45_ECI: r=[-2663.01191055 -5400.342839    4841.41678563], v=[5.07007117 1.80791868 4.76943859]
Epoch 1956, t=2460388.521605942:
  TLE_ECI: r=[-6113.64464762 -4230.71714795 -2068.77715095], v=[ 0.29293561 -3.4931999   6.27562403]
  RK45_ECI: r=[-2627.43850231 -5389.73977275  4872.33662925], v=[5.08405599 1.84060954 4.74211368]
Epoch 1957, t=2460388.5216812054:
  TLE_ECI: r=[-6100.41436788 -4336.73843587 -1879.72819692], v=[ 0.45358753 -3.38148558  6.32714279]
  RK45_ECI: r=[-2591.78009069 -5378.90749863  4903.07808586], v=[5.09782566 1.87324752 4.71461462]
Epoch 1958, t=2460388.521756469:
  TLE_ECI: r=[-6082.32151738 -4439.35886757 -1689.2079484 ], v=[ 0.61378757 -3.26697188  6.3737117 ]
  RK45_ECI: r=[-2556.0378737  -5367.84621066  4933.64031432], v=[5.11137987 1.90583148 4.68694216]
Epoch 1959, t=2460388.521831732:
  TLE_ECI: r=[-6059.38322858 -4538.49349081 -1497.36546547], v=[ 0.77340714 -3.149749    6.4152935 ]
  RK45_ECI: r=[-2520.21384653 -5356.55639304  4964.02176236], v=[5.12471796 1.9383596  4.6590977 ]
Epoch 1960, t=2460388.521906995:
  TLE_ECI: r=[-6031.62048406 -4634.0601559  -1304.3508667 ], v=[ 0.93231819 -3.02990942  6.4518549 ]
  RK45_ECI: r=[-2484.30902404 -5345.03821324  4994.22174237], v=[5.1378397  1.97083092 4.63108187]
Epoch 1961, t=2460388.5219822587:
  TLE_ECI: r=[-5999.05817734 -4725.97947922 -1110.31520941], v=[ 1.09039324 -2.90754789  6.4833666 ]
  RK45_ECI: r=[-2448.32493754 -5333.29199764  5024.23914183], v=[5.15074466 2.00324403 4.60289567]
Epoch 1962, t=2460388.522057522:
  TLE_ECI: r=[-5961.72503949 -4814.17498172  -915.41036933], v=[ 1.24750553 -2.78276128  6.50980334]
  RK45_ECI: r=[-2412.2634206  -5321.31821408  5054.07257559], v=[5.16343229 2.03559725 4.57454041]
Epoch 1963, t=2460388.5221327855:
  TLE_ECI: r=[-5919.65362721 -4898.57313695  -719.78891934], v=[ 1.40352917 -2.65564858  6.53114391]
  RK45_ECI: r=[-2376.12568042 -5309.11709574  5083.72122709], v=[5.17590232 2.06788948 4.54601685]
Epoch 1964, t=2460388.5222080485:
  TLE_ECI: r=[-5872.88030973 -4979.10341641  -523.60400754], v=[ 1.55833916 -2.52631073  6.54737115]
  RK45_ECI: r=[-2339.91373088 -5296.68919121  5113.1835903 ], v=[5.18815415 2.10011887 4.51732645]
Epoch 1965, t=2460388.522283312:
  TLE_ECI: r=[-5821.44517929 -5055.69841925  -327.0092349 ], v=[ 1.71181157 -2.39485061  6.55847203]
  RK45_ECI: r=[-2303.62859369 -5284.03470107  5142.45899829], v=[5.20018759 2.13228451 4.48846984]
Epoch 1966, t=2460388.5223585754:
  TLE_ECI: r=[-5765.39210407 -5128.29382585  -130.1585322 ], v=[ 1.86382362 -2.26137291  6.5644376 ]
  RK45_ECI: r=[-2267.27181263 -5271.15400097  5171.54637226], v=[5.21200225 2.16438498 4.45944809]
Epoch 1967, t=2460388.522433839:
  TLE_ECI: r=[-5704.76863246 -5196.82852285    66.79396305], v=[ 2.01425376 -2.12598407  6.56526302]
  RK45_ECI: r=[-2230.84523671 -5258.0476175   5200.44436984], v=[5.22359765 2.19641863 4.43026254]
Epoch 1968, t=2460388.522509102:
  TLE_ECI: r=[-5639.6259825  -5261.24462124   263.69403013], v=[ 2.16298182 -1.98879216  6.56094757]
  RK45_ECI: r=[-2194.35025625 -5244.7158842   5229.15206568], v=[5.23497348 2.22838419 4.40091411]
Epoch 1969, t=2460388.522584365:
  TLE_ECI: r=[-5570.01893641 -5321.48757268   460.38748841], v=[ 2.3098891  -1.84990682  6.55149465]
  RK45_ECI: r=[-2157.78837616 -5231.15922891  5257.66840436], v=[5.24612938 2.26028033 4.37140389]
Epoch 1970, t=2460388.5226596287:
  TLE_ECI: r=[-5496.00588566 -5377.50611649   656.7203211 ], v=[ 2.45485843 -1.70943912  6.53691177]
  RK45_ECI: r=[-2121.16114963 -5217.3780695   5285.9923376 ], v=[5.25706502 2.29210566 4.34173296]
Epoch 1971, t=2460388.522734892:
  TLE_ECI: r=[-5417.64871998 -5429.25239047   852.53879837], v=[ 2.59777432 -1.56750153  6.51721055]
  RK45_ECI: r=[-2084.46995569 -5203.37276918  5314.12295574], v=[5.26778011 2.32385894 4.31190227]
Epoch 1972, t=2460388.5228101555:
  TLE_ECI: r=[-5335.01278962 -5476.68195533  1047.68960045], v=[ 2.73852303 -1.42420777  6.49240671]
  RK45_ECI: r=[-2047.71665727 -5189.14391256  5342.05896058], v=[5.27827421 2.35553852 4.28191321]
Epoch 1973, t=2460388.5228854185:
  TLE_ECI: r=[-5248.16686581 -5519.75381753  1242.01994038], v=[ 2.87699269 -1.27967275  6.46252003]
  RK45_ECI: r=[-2010.90265274 -5174.69187711  5369.7994577 ], v=[5.28854708 2.38714318 4.25176674]
Epoch 1974, t=2460388.522960682:
  TLE_ECI: r=[-5157.18301741 -5558.43052635  1435.37768595], v=[ 3.01307335 -1.13401241  6.42757438]
  RK45_ECI: r=[-1974.02945724 -5160.01713776  5397.34342728], v=[5.29859838 2.41867156 4.22146398]
Epoch 1975, t=2460388.5230359454:
  TLE_ECI: r=[-5062.13664591 -5592.67811336  1627.61148154], v=[ 3.14665713 -0.98734371  6.38759766]
  RK45_ECI: r=[-1937.09847096 -5145.12008631  5424.68998478], v=[5.30842786 2.45012244 4.19100588]
Epoch 1976, t=2460388.523111209:
  TLE_ECI: r=[-4963.10635757 -5622.46618328  1818.57086874], v=[ 3.27763827 -0.83978446  6.34262178]
  RK45_ECI: r=[-1900.11156683 -5130.00135338  5451.83786825], v=[5.31803515 2.48149419 4.16039387]
Epoch 1977, t=2460388.5231864722:
  TLE_ECI: r=[-4860.17391168 -5647.7679254   2008.10640643], v=[ 3.4059132  -0.69145325  6.29268264]
  RK45_ECI: r=[-1863.07013357 -5114.66135687  5478.78620865], v=[5.32741999 2.51278559 4.12962894]
Epoch 1978, t=2460388.523261735:
  TLE_ECI: r=[-4753.42416838 -5668.5601222   2196.06978977], v=[ 3.53138069 -0.54246935  6.23782008]
  RK45_ECI: r=[-1825.97573838 -5099.10059256  5505.53401549], v=[5.33658212 2.54399526 4.09871221]
Epoch 1979, t=2460388.5233369987:
  TLE_ECI: r=[-4642.94494969 -5684.82322592  2382.31396806], v=[ 3.65394188 -0.39295258  6.17807787]
  RK45_ECI: r=[-1788.82990489 -5083.31958213  5532.08030559], v=[5.34552126 2.57512189 4.06764483]
Epoch 1980, t=2460388.523412262:
  TLE_ECI: r=[-4528.82706535 -5696.54129034  2566.69326176], v=[ 3.77350037 -0.24302323  6.11350363]
  RK45_ECI: r=[-1751.63404014 -5067.31876067  5558.4242265 ], v=[5.3542372  2.60616426 4.0364278 ]
Epoch 1981, t=2460388.5234875255:
  TLE_ECI: r=[-4411.16416868 -5703.70204216  2749.06347783], v=[ 3.8899623  -0.09280199  6.04414884]
  RK45_ECI: r=[-1714.39002705 -5051.09881611  5584.56456267], v=[5.36272959 2.63712074 4.00506256]
Epoch 1982, t=2460388.5235627885:
  TLE_ECI: r=[-4290.05271159 -5706.29686428  2929.282024  ], v=[4.00323644 0.05759023 5.97006874]
  RK45_ECI: r=[-1677.09943919 -5034.66028548  5610.50035632], v=[5.37099821 2.66798999 3.97355028]
Epoch 1983, t=2460388.523638052:
  TLE_ECI: r=[-4165.59179598 -5704.32085448  3107.20802122], v=[4.11323423 0.20803235 5.89132229]
  RK45_ECI: r=[-1639.76331451 -5018.00348319  5636.23101801], v=[5.37904293 2.69877108 3.94189166]
Epoch 1984, t=2460388.5237133154:
  TLE_ECI: r=[-4037.88319071 -5697.7727533   3282.70241506], v=[4.21986987 0.35840322 5.80797215]
  RK45_ECI: r=[-1602.38372004 -5001.12920652  5661.75523838], v=[5.38686341 2.72946228 3.91008832]
Epoch 1985, t=2460388.523788579:
  TLE_ECI: r=[-3907.03117922 -5686.65499696  3455.62808493], v=[4.32306041 0.50858172 5.72008459]
  RK45_ECI: r=[-1564.96188888 -4984.03785736  5687.07231906], v=[5.39445952 2.76006251 3.87814114]
Epoch 1986, t=2460388.5238638422:
  TLE_ECI: r=[-3773.14248888 -5670.97370279  3625.84995184], v=[4.42272576 0.65844691 5.62772943]
  RK45_ECI: r=[-1527.49971284 -4966.73018015  5712.18109202], v=[5.40183095 2.79057018 3.84605159]
Epoch 1987, t=2460388.523939105:
  TLE_ECI: r=[-3636.32621822 -5650.73865386  3793.23508422], v=[4.51878879 0.80787804 5.53098   ]
  RK45_ECI: r=[-1489.99877089 -4949.20675961  5737.08063753], v=[5.40897754 2.82098393 3.81382085]
Epoch 1988, t=2460388.5240143687:
  TLE_ECI: r=[-3496.6936796  -5625.96333441  3957.6528017 ], v=[4.61117536 0.95675478 5.42991305]
  RK45_ECI: r=[-1452.46010354 -4931.4679421   5761.77038969], v=[5.41589918 2.85130287 3.78144965]
Epoch 1989, t=2460388.524089632:
  TLE_ECI: r=[-3354.35840606 -5596.66485372  4118.97477722], v=[4.6998144  1.10495718 5.3246087 ]
  RK45_ECI: r=[-1414.88578625 -4913.51458644  5786.24909212], v=[5.4225956  2.88152527 3.74893965]
Epoch 1990, t=2460388.5241648955:
  TLE_ECI: r=[-3209.43599061 -5562.86397631  4277.07513666], v=[4.78463797 1.25236586 5.21515035]
  RK45_ECI: r=[-1377.27705482 -4895.34713209  5810.51607508], v=[5.42906669 2.91165005 3.71629172]
Epoch 1991, t=2460388.524240159:
  TLE_ECI: r=[-3062.04400703 -5524.58509408  4431.83055652], v=[4.86558125 1.39886208 5.10162462]
  RK45_ECI: r=[-1339.63580773 -4876.9663796   5834.57021904], v=[5.43531222 2.94167566 3.68350738]
Epoch 1992, t=2460388.524315422:
  TLE_ECI: r=[-2912.30192881 -5481.85619801  4583.12035937], v=[4.94258266 1.54432779 4.98412129]
  RK45_ECI: r=[-1301.96362788 -4858.37296089  5858.41064309], v=[5.44133205 2.97160074 3.65058782]
Epoch 1993, t=2460388.5243906854:
  TLE_ECI: r=[-2760.33096606 -5434.70889031  4730.82660676], v=[5.01558383 1.68864587 4.86273318]
  RK45_ECI: r=[-1264.26155714 -4839.56725412  5882.03680533], v=[5.44712613 3.00142442 3.61753381]
Epoch 1994, t=2460388.524465949:
  TLE_ECI: r=[-2606.25406301 -5383.17830601  4874.83419022], v=[5.08452973 1.83170003 4.73755611]
  RK45_ECI: r=[-1226.53167733 -4820.55017895  5905.44750336], v=[5.45269424 3.03114497 3.584347  ]
Epoch 1995, t=2460388.5245412122:
  TLE_ECI: r=[-2450.19573219 -5327.30312027  5015.03091935], v=[5.1493686  1.97337505 4.6086888 ]
  RK45_ECI: r=[-1188.77522562 -4801.32221217  5928.64209664], v=[5.4580363  3.06076134 3.55102831]
Epoch 1996, t=2460388.5246164757:
  TLE_ECI: r=[-2292.28196875 -5267.12550826  5151.3076077 ], v=[5.21005205 2.11355679 4.47623277]
  RK45_ECI: r=[-1150.99410509 -4781.88420982  5951.61951503], v=[5.46315216 3.09027198 3.51757927]
Epoch 1997, t=2460388.5246917387:
  TLE_ECI: r=[-2132.64016338 -5202.69110468  5283.5581561 ], v=[5.26653511 2.25213232 4.34029231]
  RK45_ECI: r=[-1113.18990088 -4762.23685057  5974.37891721], v=[5.46804173 3.11967557 3.48400111]
Epoch 1998, t=2460388.524767002:
  TLE_ECI: r=[-1971.39893685 -5134.0489929   5411.67963314], v=[5.31877617 2.38899003 4.20097431]
  RK45_ECI: r=[-1075.36365518 -4742.38054407  5996.91978563], v=[5.47270497 3.14897123 3.45029459]
Epoch 1999, t=2460388.5248422655:
  TLE_ECI: r=[-1808.68812825 -5061.25162631  5535.57235347], v=[5.36673709 2.52401964 4.05838826]
  RK45_ECI: r=[-1037.51745377 -4722.31627019  6019.24097292], v=[5.47714173 3.17815726 3.4164614 ]
Epoch 2000, t=2460388.524917529:
  TLE_ECI: r=[-1644.63862805 -4984.35481291  5655.13995301], v=[5.41038318 2.65711236 3.91264609]
  RK45_ECI: r=[ -999.65253373 -4702.04454267  6041.34186823], v=[5.481352   3.20723263 3.38250248]
Epoch 2001, t=2460388.524992792:
  TLE_ECI: r=[-1479.3823026  -4903.41765947  5770.28946161], v=[5.44968323 2.78816091 3.76386211]
  RK45_ECI: r=[ -961.77098209 -4681.5663682   6063.22134958], v=[5.48533565 3.23619565 3.34841954]
Epoch 2002, t=2460388.5250680554:
  TLE_ECI: r=[-1313.05182981 -4818.50254251  5880.93137286], v=[5.48460952 2.9170597  3.61215291]
  RK45_ECI: r=[ -923.87384076 -4660.88218406  6084.87892235], v=[5.48909269 3.26504546 3.31421336]
Epoch 2003, t=2460388.525143319:
  TLE_ECI: r=[-1145.78068011 -4729.67503076  5986.97971131], v=[5.51513783 3.04370479 3.45763729]
  RK45_ECI: r=[ -885.96269456 -4639.99271873  6106.3137873 ], v=[5.49262308 3.29378076 3.27988517]
Epoch 2004, t=2460388.5252185822:
  TLE_ECI: r=[ -977.70295101 -4637.00385213  6088.35209659], v=[5.54124746 3.16799406 3.30043613]
  RK45_ECI: r=[ -848.03944974 -4618.89891555  6127.52495525], v=[5.49592676 3.32240002 3.24543657]
Epoch 2005, t=2460388.5252938457:
  TLE_ECI: r=[ -808.9532749  -4540.56083424  6184.96980482], v=[5.56292125 3.28982724 3.14067229]
  RK45_ECI: r=[ -810.10534199 -4597.60132479  6148.51184551], v=[5.49900374 3.35090222 3.21086847]
Epoch 2006, t=2460388.5253691087:
  TLE_ECI: r=[ -639.66672475 -4440.42084576  6276.75782719], v=[5.58014556 3.40910599 2.97847055]
  RK45_ECI: r=[ -772.16245889 -4576.10101211  6169.27339257], v=[5.50185397 3.37928571 3.17618265]
Epoch 2007, t=2460388.525444372:
  TLE_ECI: r=[ -469.97865428 -4336.66174538  6363.64492534], v=[5.59291024 3.52573402 2.81395751]
  RK45_ECI: r=[ -734.21184035 -4554.3984456   6189.80912697], v=[5.50447749 3.40754963 3.14137987]
Epoch 2008, t=2460388.5255196355:
  TLE_ECI: r=[ -300.02467002 -4229.36430746  6445.56368425], v=[5.60120872 3.63961709 2.64726145]
  RK45_ECI: r=[ -696.25506963 -4532.49439932  6210.11829045], v=[5.50687432 3.4356927  3.10646141]
Epoch 2009, t=2460388.525594899:
  TLE_ECI: r=[ -129.94047081 -4118.61216764  6522.45056182], v=[5.60503794 3.75066314 2.47851226]
  RK45_ECI: r=[ -658.29405219 -4510.38987008  6230.19994555], v=[5.50904446 3.46371343 3.07142888]
Epoch 2010, t=2460388.5256701624:
  TLE_ECI: r=[   40.13824588 -4004.49175475  6594.24593558], v=[5.60439835 3.85878232 2.30784135]
  RK45_ECI: r=[ -620.33002067 -4488.08544421  6250.0535423 ], v=[5.51098797 3.49161081 3.03628322]
Epoch 2011, t=2460388.5257454254:
  TLE_ECI: r=[  210.0758793  -3887.0922236   6660.89414649], v=[5.59929395 3.96388705 2.13538153]
  RK45_ECI: r=[ -582.36506092 -4465.58224531  6269.67807262], v=[5.51270486 3.51938323 3.00102622]
Epoch 2012, t=2460388.525820689:
  TLE_ECI: r=[  379.73707781 -3766.50538347  6722.34353955], v=[5.58973219 4.06589218 1.96126692]
  RK45_ECI: r=[ -544.40020972 -4442.88077181  6289.07309264], v=[5.51419521 3.54702983 2.96565867]
Epoch 2013, t=2460388.5258959522:
  TLE_ECI: r=[  548.9867759  -3642.82562826  6778.54650171], v=[5.57572404 4.1647149  1.78563285]
  RK45_ECI: r=[ -506.43704671 -4419.98184261  6308.23788583], v=[5.51545911 3.57454937 2.93018186]
Epoch 2014, t=2460388.5259712157:
  TLE_ECI: r=[  717.69034619 -3516.14986205  6829.45949637], v=[5.55728394 4.2602749  1.60861575]
  RK45_ECI: r=[ -468.47747438 -4396.88650706  6327.17156731], v=[5.51649658 3.60194039 2.89459744]
Epoch 2015, t=2460388.526046479:
  TLE_ECI: r=[  885.71369304 -3386.57742372  6875.04309518], v=[5.5344298  4.35249444 1.43035306]
  RK45_ECI: r=[ -430.522721   -4373.59538687  6345.8736184 ], v=[5.51730777 3.62920189 2.85890637]
Epoch 2016, t=2460388.526121742:
  TLE_ECI: r=[ 1052.92334757 -3254.21001266  6915.26200657], v=[5.50718296 4.44129833 1.25098312]
  RK45_ECI: r=[ -392.57486834 -4350.10966249  6364.34308943], v=[5.51789272 3.65633229 2.82311046]
Epoch 2017, t=2460388.5261970055:
  TLE_ECI: r=[ 1219.18661017 -3119.15159802  6950.08510125], v=[5.47556816 4.52661408 1.07064506]
  RK45_ECI: r=[ -354.63494856 -4326.42986217  6382.57956264], v=[5.51825157 3.68333078 2.78721052]
Epoch 2018, t=2460388.526272269:
  TLE_ECI: r=[ 1384.37159531 -2981.50835483  6979.48543489], v=[5.43961355 4.60837187 0.88947873]
  RK45_ECI: r=[ -316.70453616 -4302.55684873  6400.5823639 ], v=[5.51838444 3.71019611 2.75120787]
Epoch 2019, t=2460388.5263475324:
  TLE_ECI: r=[ 1548.34737331 -2841.38857084  7003.44026737], v=[5.39935067 4.68650464 0.70762457]
  RK45_ECI: r=[ -278.78552845 -4278.49172297  6418.35066192], v=[5.51829144 3.73692688 2.71510418]
Epoch 2020, t=2460388.5264227954:
  TLE_ECI: r=[ 1710.98405407 -2698.90257021  7021.93107928], v=[5.35481437 4.76094814 0.52522351]
  RK45_ECI: r=[ -240.87932875 -4254.23525539  6435.88388811], v=[5.51797272 3.76352197 2.67890059]
Epoch 2021, t=2460388.526498059:
  TLE_ECI: r=[ 1872.15292001 -2554.16260849  7034.94358509], v=[5.3060428  4.83164102 0.34241686]
  RK45_ECI: r=[ -202.98746985 -4229.78833977  6453.18139738], v=[5.51742841 3.78998024 2.64259844]
Epoch 2022, t=2460388.5265733222:
  TLE_ECI: r=[ 2031.72647677 -2407.28281426  7042.4677435 ], v=[5.25307741 4.89852476 0.15934626]
  RK45_ECI: r=[ -165.11152085 -4205.15187579  6470.24255343], v=[5.51665868 3.8163005  2.60619907]
Epoch 2023, t=2460388.5266485857:
  TLE_ECI: r=[ 2189.57858508 -2258.37908217  7044.4977645 ], v=[ 5.1959629   4.96154383 -0.02384652]
  RK45_ECI: r=[ -127.25286843 -4180.32665519  6487.06680705], v=[5.5156637  3.84248167 2.56970366]
Epoch 2024, t=2460388.526723849:
  TLE_ECI: r=[ 2345.58454988 -2107.56898784  7041.03211349], v=[ 5.13474717  5.02064568 -0.20701957]
  RK45_ECI: r=[  -89.41340281 -4155.31382901  6503.65338136], v=[5.51444362 3.86852237 2.53311387]
Epoch 2025, t=2460388.526799112:
  TLE_ECI: r=[ 2499.6212112  -1954.97170394  7032.07351225], v=[ 5.06948129  5.07578078 -0.39003104]
  RK45_ECI: r=[  -51.59451946 -4130.11420624  6520.0017458 ], v=[5.51299864 3.89442153 2.49643091]
Epoch 2026, t=2460388.5268743755:
  TLE_ECI: r=[ 2651.56706251 -1800.70787968  7017.62893682], v=[ 5.00021944  5.1269027  -0.57273917]
  RK45_ECI: r=[  -13.79774454 -4104.72872129  6536.11129897], v=[5.51132895 3.92017803 2.45965611]
Epoch 2027, t=2460388.526949639:
  TLE_ECI: r=[ 2801.30230928 -1644.89958923  6997.70961246], v=[ 4.92701891  5.17396809 -0.75500245]
  RK45_ECI: r=[   23.97536133 -4079.15831601  6551.98144836], v=[5.50943473 3.94579069 2.42279084]
Epoch 2028, t=2460388.5270249024:
  TLE_ECI: r=[ 2948.70898571 -1487.67020968  6972.33100527], v=[ 4.84994005  5.21693674 -0.93667968]
  RK45_ECI: r=[   61.72341949 -4053.40381955  6567.61168311], v=[5.50731621 3.97125848 2.38583629]
Epoch 2029, t=2460388.527100166:
  TLE_ECI: r=[ 3093.67103983 -1329.14433216  6941.51281101], v=[ 4.76904618  5.25577162 -1.11763009]
  RK45_ECI: r=[   99.44454882 -4027.46643202  6583.00128164], v=[5.50497359 3.99658006 2.34879417]
Epoch 2030, t=2460388.527175429:
  TLE_ECI: r=[ 3236.07441988 -1169.44767478  6905.27894065], v=[ 4.68440359  5.2904389  -1.29771344]
  RK45_ECI: r=[  137.13736252 -4001.34699998  6598.149752  ], v=[5.50240712 4.02175437 2.31166567]
Epoch 2031, t=2460388.5272506922:
  TLE_ECI: r=[ 3375.80717693 -1008.70694736  6863.65750295], v=[ 4.59608145  5.32090803 -1.47679012]
  RK45_ECI: r=[  174.80034313 -3975.04649754  6613.05653713], v=[5.499617   4.04678032 2.27445217]
Epoch 2032, t=2460388.5273259557:
  TLE_ECI: r=[3512.75952952 -847.0498086  6816.68078399], v=[ 4.5041518   5.34715166 -1.65472126]
  RK45_ECI: r=[  212.43210749 -3948.5657834   6627.72115727], v=[5.49660347 4.07165688 2.23715487]
Epoch 2033, t=2460388.527401219:
  TLE_ECI: r=[3646.82396396 -684.60473023 6764.38522356], v=[ 4.40868948  5.36914576 -1.83136882]
  RK45_ECI: r=[  250.03078295 -3921.90609606  6642.14293561], v=[5.4933668  4.09638272 2.1997755 ]
Epoch 2034, t=2460388.5274764826:
  TLE_ECI: r=[3777.89531391 -521.50090589 6706.81138863], v=[ 4.30977205  5.3868696  -2.00659571]
  RK45_ECI: r=[  287.59500241 -3895.06831073  6656.32141145], v=[5.48990725 4.12095685 2.16231527]
Epoch 2035, t=2460388.5275517455:
  TLE_ECI: r=[3905.87084103 -357.86816173 6644.00394362], v=[ 4.20747981  5.40030579 -2.18026586]
  RK45_ECI: r=[  325.12322175 -3868.05343495  6670.25606367], v=[5.48622507 4.14537813 2.12477556]
Epoch 2036, t=2460388.527627009:
  TLE_ECI: r=[4030.65031962 -193.83680977 6576.01161778], v=[ 4.10189559  5.4094403  -2.35224437]
  RK45_ECI: r=[  362.6139332  -3840.86248151  6683.94638012], v=[5.48232053 4.16964551 2.08715777]
Epoch 2037, t=2460388.5277022724:
  TLE_ECI: r=[4152.13610698  -29.53761316 6502.88716947], v=[ 3.99310487  5.41426246 -2.52239753]
  RK45_ECI: r=[  400.06576426 -3813.49634561  6697.39192029], v=[5.47819391 4.19375797 2.04946309]
Epoch 2038, t=2460388.527777536:
  TLE_ECI: r=[4270.23322516  134.89836077 6424.68734743], v=[ 3.8811956   5.41476497 -2.69059303]
  RK45_ECI: r=[  437.4768545  -3785.95631266  6710.5920639 ], v=[5.47384551 4.21771422 2.01169329]
Epoch 2039, t=2460388.527852799:
  TLE_ECI: r=[4384.8494346   299.3398198  6341.47284907], v=[ 3.76625817  5.41094393 -2.85669995]
  RK45_ECI: r=[  474.84566986 -3758.24342414  6723.54632948], v=[5.46927565 4.24151317 1.97384976]
Epoch 2040, t=2460388.5279280622:
  TLE_ECI: r=[4495.89530327  463.65540078 6253.30827578], v=[ 3.64838533  5.40279889 -3.02058894]
  RK45_ECI: r=[  512.17121205 -3730.35833488  6736.25442181], v=[5.46448457 4.26515407 1.93593335]
Epoch 2041, t=2460388.5280033257:
  TLE_ECI: r=[4603.28428058  627.71369768 6160.26208521], v=[ 3.52767215  5.39033274 -3.18213228]
  RK45_ECI: r=[  549.45145071 -3702.30248782  6748.71569342], v=[5.45947264 4.28863554 1.89794602]
Epoch 2042, t=2460388.528078589:
  TLE_ECI: r=[4706.93276331  791.38341564 6062.40654068], v=[ 3.40421591  5.37355185 -3.34120399]
  RK45_ECI: r=[  586.68520327 -3674.07668301  6760.92980361], v=[5.45424015 4.3119567  1.85988879]
Epoch 2043, t=2460388.5281538526:
  TLE_ECI: r=[4806.76016182  954.53346244 5959.81765759], v=[ 3.27811608  5.35246597 -3.49767992]
  RK45_ECI: r=[  623.87062335 -3645.68225161  6772.89618917], v=[5.44878747 4.33511631 1.82176344]
Epoch 2044, t=2460388.5282291155:
  TLE_ECI: r=[4902.68896683 1117.03303821 5852.57514693], v=[ 3.1494742   5.32708829 -3.65143785]
  RK45_ECI: r=[  661.00619012 -3617.12027394  6784.61441416], v=[5.44311495 4.35811328 1.78357136]
Epoch 2045, t=2460388.528304379:
  TLE_ECI: r=[4994.644798   1278.75179695 5740.76235597], v=[ 3.01839378  5.29743545 -3.80235759]
  RK45_ECI: r=[  698.09091544 -3588.39143116  6796.08421157], v=[5.43722286 4.3809469  1.74531344]
Epoch 2046, t=2460388.5283796424:
  TLE_ECI: r=[5082.55648107 1439.55986505 5624.46620591], v=[ 2.88498032  5.26352744 -3.95032107]
  RK45_ECI: r=[  735.12278518 -3559.49721542  6807.304997  ], v=[5.43111164 4.40361582 1.7069916 ]
Epoch 2047, t=2460388.528454906:
  TLE_ECI: r=[5166.35609265 1599.32800186 5503.77712693], v=[ 2.74934115  5.22538772 -4.09521244]
  RK45_ECI: r=[  772.10062885 -3530.43845749  6818.27646384], v=[5.42478159 4.42611919 1.66860692]
Epoch 2048, t=2460388.5285301693:
  TLE_ECI: r=[5245.97901691 1757.92768927 5378.7889902 ], v=[ 2.61158534  5.18304311 -4.23691816]
  RK45_ECI: r=[  809.02261591 -3501.21653311  6828.99810632], v=[5.41823316 4.44845578 1.63016115]
Epoch 2049, t=2460388.5286054322:
  TLE_ECI: r=[5321.36400276 1915.23121953 5249.59903729], v=[ 2.47182371  5.13652384 -4.37532707]
  RK45_ECI: r=[  845.88724057 -3471.83256043  6839.46953438], v=[5.41146673 4.47062457 1.59165572]
Epoch 2050, t=2460388.5286806957:
  TLE_ECI: r=[5392.45319065 2071.11186028 5116.30780682], v=[ 2.3301686   5.0858635  -4.51033054]
  RK45_ECI: r=[  882.69352555 -3442.28724645  6849.6905093 ], v=[5.40448261 4.49262483 1.55309149]
Epoch 2051, t=2460388.528755959:
  TLE_ECI: r=[5459.19219115 2225.44386426 4979.01905827], v=[ 2.18673391  5.03109903 -4.64182249]
  RK45_ECI: r=[  919.43947515 -3412.58213113  6859.66051023], v=[5.39728128 4.51445527 1.51447043]
Epoch 2052, t=2460388.5288312226:
  TLE_ECI: r=[5521.53010748 2378.10263285 4837.8396933 ], v=[ 2.04163498  4.97227071 -4.76969952]
  RK45_ECI: r=[  956.12393218 -3382.71807525  6869.37926479], v=[5.38986311 4.53611505 1.47579359]
Epoch 2053, t=2460388.5289064855:
  TLE_ECI: r=[5579.41958885 2528.96478572 4692.87967439], v=[ 1.89498846  4.90942212 -4.89386098]
  RK45_ECI: r=[  992.7449098  -3352.69663984  6878.84628118], v=[5.38222862 4.55760289 1.43706294]
Epoch 2054, t=2460388.528981749:
  TLE_ECI: r=[5632.81683936 2677.9083265  4544.25194098], v=[ 1.74691222  4.84260014 -5.01420907]
  RK45_ECI: r=[ 1029.301441   -3322.51855406  6888.06134697], v=[5.37437812 4.5789181  1.39827936]
Epoch 2055, t=2460388.5290570124:
  TLE_ECI: r=[5681.68169644 2824.81264491 4392.07232294], v=[ 1.59752532  4.77185489 -5.13064889]
  RK45_ECI: r=[ 1065.79203826 -3292.18497593  6897.02412037], v=[5.36631209 4.60005966 1.35944426]
Epoch 2056, t=2460388.529132276:
  TLE_ECI: r=[5725.97763473 2969.55868079 4236.45945176], v=[ 1.44694788  4.69723969 -5.24308856]
  RK45_ECI: r=[ 1102.21490054 -3261.69734989  6905.73418824], v=[5.35803102 4.62102642 1.32055944]
Epoch 2057, t=2460388.5292075393:
  TLE_ECI: r=[5765.67180273 3112.0290052  4077.53466928], v=[ 1.29530094  4.61881108 -5.35143929]
  RK45_ECI: r=[ 1138.56888522 -3231.05656595  6914.19131262], v=[5.34953532 4.64181758 1.28162595]
Epoch 2058, t=2460388.5292828023:
  TLE_ECI: r=[5800.73505886 3252.10790036 3915.42193402], v=[ 1.14270645  4.53662872 -5.45561542]
  RK45_ECI: r=[ 1174.85202685 -3200.2642309   6922.39506576], v=[5.34082556 4.6624319  1.24264577]
Epoch 2059, t=2460388.5293580657:
  TLE_ECI: r=[5831.14195702 3389.68152329 3750.24772542], v=[ 0.98928706  4.4507554  -5.55553455]
  RK45_ECI: r=[ 1211.06337153 -3169.32109847  6930.34526376], v=[5.33190211 4.6828687  1.20361978]
Epoch 2060, t=2460388.529433329:
  TLE_ECI: r=[5856.87082339 3524.63789807 3582.14094562], v=[ 0.83516614  4.36125694 -5.65111758]
  RK45_ECI: r=[ 1247.20145008 -3138.22836239  6938.04161121], v=[5.32276547 4.703127   1.16454942]
Epoch 2061, t=2460388.5295085926:
  TLE_ECI: r=[5877.90373682 3656.8670766  3411.23281931], v=[ 0.6804676   4.2682022  -5.74228877]
  RK45_ECI: r=[ 1283.26448226 -3106.98750832  6945.48375324], v=[5.31341621 4.7232057  1.12543647]
Epoch 2062, t=2460388.529583856:
  TLE_ECI: r=[5894.22655242 3786.26121305 3237.65679146], v=[ 0.52531582  4.17166299 -5.82897584]
  RK45_ECI: r=[ 1319.25134143 -3075.59945463  6952.67148648], v=[5.30385476 4.74310401 1.086282  ]
Epoch 2063, t=2460388.529659119:
  TLE_ECI: r=[5905.82892429 3912.71463657 3061.54842305], v=[ 0.36983555  4.07171403 -5.91111001]
  RK45_ECI: r=[ 1355.1600858  -3044.06585232  6959.60444753], v=[5.29408177 4.76282074 1.04708801]
Epoch 2064, t=2460388.5297343824:
  TLE_ECI: r=[5912.70426816 4036.1240086  2883.04528502], v=[ 0.21415175  3.9684329  -5.98862606]
  RK45_ECI: r=[ 1390.98977558 -3012.38747896  6966.2824812 ], v=[5.28409764 4.78235524 1.00785536]
Epoch 2065, t=2460388.529809646:
  TLE_ECI: r=[5914.84983412 4156.38830584 2702.28685018], v=[ 0.05838957  3.86189997 -6.06146242]
  RK45_ECI: r=[ 1426.73896161 -2980.56556284  6972.70533862], v=[5.27390291 4.80170657 0.96858551]
Epoch 2066, t=2460388.5298849093:
  TLE_ECI: r=[5912.26666368 4273.40897398 2519.41438362], v=[-0.0973258   3.75219834 -6.12956118]
  RK45_ECI: r=[ 1462.40588654 -2948.60162933  6978.87272356], v=[5.26349821 4.82087366 0.92928026]
Epoch 2067, t=2460388.5299601727:
  TLE_ECI: r=[5904.95959952 4387.08999336 2334.57083138], v=[-0.25286922  3.6394138  -6.19286817]
  RK45_ECI: r=[ 1497.98944101 -2916.49662426  6984.78446734], v=[5.25288403 4.83985577 0.88994067]
Epoch 2068, t=2460388.5300354357:
  TLE_ECI: r=[5892.93729416 4497.33794252 2147.90070761], v=[-0.40811573  3.52363471 -6.25133303]
  RK45_ECI: r=[ 1533.48770897 -2884.25224119  6990.44027132], v=[5.24206105 4.85865175 0.85056875]
Epoch 2069, t=2460388.530110699:
  TLE_ECI: r=[5876.21214977 4604.06214616 1959.54998037], v=[-0.56294064  3.40495199 -6.3049092 ]
  RK45_ECI: r=[ 1568.89976597 -2851.8692807   6995.84000909], v=[5.23102972 4.87726097 0.81116538]
Epoch 2070, t=2460388.5301859626:
  TLE_ECI: r=[5854.80038543 4707.17464799 1769.66595586], v=[-0.71721961  3.283459   -6.35355401]
  RK45_ECI: r=[ 1604.22418445 -2819.34900436  7000.98347865], v=[5.21979063 4.89568253 0.77173201]
Epoch 2071, t=2460388.530261226:
  TLE_ECI: r=[5828.7219711  4806.59035458 1578.39716166], v=[-0.87082881  3.1592515  -6.39722871]
  RK45_ECI: r=[ 1639.45923199 -2786.69297568  7005.87044264], v=[5.20834446 4.91391542 0.73227046]
Epoch 2072, t=2460388.530336489:
  TLE_ECI: r=[5798.00063781 4902.22707271 1385.89322865], v=[-1.02364496  3.03242755 -6.4358985 ]
  RK45_ECI: r=[ 1674.60349247 -2753.90247282  7010.50072508], v=[5.19669183 4.93195875 0.69278216]
Epoch 2073, t=2460388.5304117524:
  TLE_ECI: r=[5762.66379953 4994.00564783 1192.3047722 ], v=[-1.17554551  2.90308741 -6.46953256]
  RK45_ECI: r=[ 1709.65605348 -2720.97831245  7014.87421916], v=[5.18483321 4.94981192 0.65326803]
Epoch 2074, t=2460388.530487016:
  TLE_ECI: r=[5722.74261522 5081.84992861  997.78327194], v=[-1.32640866  2.77133353 -6.49810407]
  RK45_ECI: r=[ 1744.61503125 -2687.92223495  7018.99070071], v=[5.17276934 4.96747385 0.61373007]
Epoch 2075, t=2460388.5305622793:
  TLE_ECI: r=[5678.27190515 5165.68690022  802.4809512 ], v=[-1.47611356  2.63727039 -6.52159026]
  RK45_ECI: r=[ 1779.47934672 -2654.73522786  7022.85005708], v=[5.16050078 4.98494384 0.57416935]
Epoch 2076, t=2460388.5306375427:
  TLE_ECI: r=[5629.29013525 5245.44672921  606.55065549], v=[-1.6245403   2.50100444 -6.53997243]
  RK45_ECI: r=[ 1814.24729408 -2621.41889124  7026.45211014], v=[5.14802827 5.00222091 0.53458771]
Epoch 2077, t=2460388.5307128057:
  TLE_ECI: r=[5575.83939919 5321.0628071   410.14573048], v=[-1.77157011  2.36264402 -6.55323593]
  RK45_ECI: r=[ 1848.91763806 -2587.97438117  7029.79674627], v=[5.1353524  5.01930432 0.49498641]
Epoch 2078, t=2460388.530788069:
  TLE_ECI: r=[5517.96532048 5392.47187235  213.41989962], v=[-1.91708544  2.22229926 -6.56137022]
  RK45_ECI: r=[ 1883.48901319 -2554.4029953   7032.88384249], v=[5.12247382 5.03619326 0.45536692]
Epoch 2079, t=2460388.5308633326:
  TLE_ECI: r=[5455.71710595 5459.61396602   16.52714107], v=[-2.06097001  2.080082   -6.56436886]
  RK45_ECI: r=[ 1917.96003596 -2520.70605313  7035.71328541], v=[5.1093932  5.05288692 0.4157307 ]
Epoch 2080, t=2460388.530938596:
  TLE_ECI: r=[5389.14744187 5522.4325488  -180.37843524], v=[-2.20310895  1.93610566 -6.56222951]
  RK45_ECI: r=[ 1952.32949103 -2486.88472001  7038.28498257], v=[5.09611116 5.06938458 0.37607902]
Epoch 2081, t=2460388.5310138594:
  TLE_ECI: r=[5318.31246415 5580.87453283 -377.14271086], v=[-2.34338891  1.79048518 -6.55495392]
  RK45_ECI: r=[ 1986.59570108 -2452.94063074  7040.59881539], v=[5.08262848 5.0856853  0.33641371]
Epoch 2082, t=2460388.5310891224:
  TLE_ECI: r=[5243.27172653 5634.89031191 -573.61168204], v=[-2.48169811  1.64333693 -6.54254798]
  RK45_ECI: r=[ 2020.75745424 -2418.87496856  7042.65471166], v=[5.06894582 5.10178837 0.29673606]
Epoch 2083, t=2460388.531164386:
  TLE_ECI: r=[5164.08808406 5684.43386524 -769.63158273], v=[-2.6179265   1.49477855 -6.52502166]
  RK45_ECI: r=[ 2054.81340909 -2384.68905915  7044.45259596], v=[5.05506383 5.11769304 0.25704753]
Epoch 2084, t=2460388.5312396493:
  TLE_ECI: r=[5080.82773763 5729.46270425 -965.04900763], v=[-2.75196576  1.34492892 -6.50238903]
  RK45_ECI: r=[ 2088.76236178 -2350.38409456  7045.99240909], v=[5.04098317 5.1333986  0.21734939]
Epoch 2085, t=2460388.5313149127:
  TLE_ECI: r=[ 4993.56011153  5769.93797126 -1159.71103459], v=[-2.8837095   1.19390803 -6.47466822]
  RK45_ECI: r=[ 2122.602659   -2315.96173605  7047.27408024], v=[5.02670467 5.14890416 0.1776435 ]
Epoch 2086, t=2460388.531390176:
  TLE_ECI: r=[ 4902.35781122  5805.82445659 -1353.4653467 ], v=[-3.01305326  1.04183687 -6.44188144]
  RK45_ECI: r=[ 2156.33311497 -2281.42318151  7048.2975705 ], v=[5.01222898 5.16420905 0.13793112]
Epoch 2087, t=2460388.531465439:
  TLE_ECI: r=[ 4807.29657783  5837.09061512 -1546.16035381], v=[-3.13989463  0.88883733 -6.40405493]
  RK45_ECI: r=[ 2189.95238839 -2246.76979675  7049.06284264], v=[4.99755684 5.17931251 0.09821373]
Epoch 2088, t=2460388.5315407026:
  TLE_ECI: r=[ 4708.45515541  5863.70864994 -1737.64531319], v=[-3.26413337  0.73503211 -6.36121894]
  RK45_ECI: r=[ 2223.45916326 -2212.00293396  7049.56986893], v=[4.98268895 5.19421384 0.0584928 ]
Epoch 2089, t=2460388.531615966:
  TLE_ECI: r=[ 4605.91532639  5885.65445059 -1927.77044972], v=[-3.38567141  0.58054458 -6.31340772]
  RK45_ECI: r=[ 2256.85226054 -2177.12381066  7049.81863183], v=[4.967626   5.20891237 0.01876961]
Epoch 2090, t=2460388.5316912294:
  TLE_ECI: r=[ 4499.76177397  5902.90767098 -2116.38707487], v=[-3.50441302  0.42549874 -6.26065946]
  RK45_ECI: r=[ 2290.13005805 -2142.13411988  7049.8091204 ], v=[ 4.95236884  5.22340726 -0.020954  ]
Epoch 2091, t=2460388.5317664924:
  TLE_ECI: r=[ 4390.08204417  5915.45171993 -2303.34770479], v=[-3.62026482  0.27001906 -6.20301627]
  RK45_ECI: r=[ 2323.29123807 -2107.03525039  7049.54133925], v=[ 4.93691825  5.2376978  -0.06067656]
Epoch 2092, t=2460388.531841756:
  TLE_ECI: r=[ 4276.96640273  5923.27382702 -2488.50617714], v=[-3.73313589  0.11423037 -6.14052414]
  RK45_ECI: r=[ 2356.33495759 -2071.82809517  7049.01529329], v=[ 4.92127476  5.25178348 -0.10039716]
Epoch 2093, t=2460388.5319170193:
  TLE_ECI: r=[ 4160.50786249  5926.36497555 -2671.71776697], v=[-3.84293782 -0.04174221 -6.07323289]
  RK45_ECI: r=[ 2389.25945649 -2036.51453147  7048.23100817], v=[ 4.90543934  5.26566344 -0.14011377]
Epoch 2094, t=2460388.5319922827:
  TLE_ECI: r=[ 4040.80203554  5924.71996295 -2852.83930099], v=[-3.94958482 -0.1977734  -6.00119614]
  RK45_ECI: r=[ 2422.06373842 -2001.09563444  7047.18850614], v=[ 4.88941262  5.2793371  -0.1798253 ]
Epoch 2095, t=2460388.532067546:
  TLE_ECI: r=[ 3917.94706997  5918.33739223 -3031.72927053], v=[-4.05299374 -0.35373783 -5.92447123]
  RK45_ECI: r=[ 2454.74621394 -1965.57312706  7045.88783611], v=[ 4.87319551  5.29280368 -0.21952992]
Epoch 2096, t=2460388.532142809:
  TLE_ECI: r=[ 3792.04358456  5907.21966239 -3208.24794296], v=[-4.15308416 -0.50951019 -5.84311923]
  RK45_ECI: r=[ 2487.30559405 -1929.94842391  7044.32905039], v=[ 4.85678881  5.3060625  -0.25922614]
Epoch 2097, t=2460388.5322180726:
  TLE_ECI: r=[ 3663.19451501  5891.37301165 -3382.25747134], v=[-4.24977845 -0.66496534 -5.75720478]
  RK45_ECI: r=[ 2519.74105581 -1894.22243586  7042.51218344], v=[ 4.84019308  5.31911308 -0.29891307]
Epoch 2098, t=2460388.532293336:
  TLE_ECI: r=[ 3531.50513172  5870.80744462 -3553.62200275], v=[-4.34300182 -0.81997835 -5.66679614]
  RK45_ECI: r=[ 2552.05087558 -1858.39707176  7040.43732672], v=[ 4.82340933  5.33195462 -0.33858869]
Epoch 2099, t=2460388.5323685994:
  TLE_ECI: r=[ 3397.08288216  5845.53677012 -3722.20778435], v=[-4.43268237 -0.97442468 -5.57196507]
  RK45_ECI: r=[ 2584.23408097 -1822.47342722  7038.10453804], v=[ 4.80643823  5.34458655 -0.3782519 ]
Epoch 2100, t=2460388.532443863:
  TLE_ECI: r=[ 3260.03731907  5815.57857826 -3887.88326783], v=[-4.51875119 -1.12818021 -5.47278677]
  RK45_ECI: r=[ 2616.28911663 -1786.45325359  7035.51392603], v=[ 4.78928073  5.35700815 -0.41790086]
Epoch 2101, t=2460388.532519126:
  TLE_ECI: r=[ 3120.48002581  5780.95421725 -4050.51921183], v=[-4.60114234 -1.28112139 -5.36933982]
  RK45_ECI: r=[ 2648.21472358 -1750.3379899   7032.66559059], v=[ 4.77193766  5.36921879 -0.45753412]
Epoch 2102, t=2460388.5325943893:
  TLE_ECI: r=[ 2978.52445591  5741.68881321 -4209.9887822 ], v=[-4.67979294 -1.43312537 -5.26170612]
  RK45_ECI: r=[ 2680.01009965 -1714.12856402  7029.55959555], v=[ 4.7544096   5.381218   -0.49715078]
Epoch 2103, t=2460388.5326696527:
  TLE_ECI: r=[ 2834.28594123  5697.81119332 -4366.1676504 ], v=[-4.75464321 -1.58407    -5.14997079]
  RK45_ECI: r=[ 2711.6735594  -1677.82691455  7026.19609807], v=[ 4.73669761  5.39300502 -0.53674882]
Epoch 2104, t=2460388.532744916:
  TLE_ECI: r=[ 2687.88152869  5649.35390045 -4518.93408941], v=[-4.82563651 -1.73383401 -5.03422214]
  RK45_ECI: r=[ 2743.20415517 -1641.43415673  7022.5751913 ], v=[ 4.71880239  5.40457934 -0.57632715]
Epoch 2105, t=2460388.5328201796:
  TLE_ECI: r=[ 2539.42990051  5596.35315727 -4668.1690676 ], v=[-4.89271937 -1.8822971  -4.91455155]
  RK45_ECI: r=[ 2774.60036737 -1604.95206847  7018.69704341], v=[ 4.70072493  5.41594028 -0.61588395]
Epoch 2106, t=2460388.5328954426:
  TLE_ECI: r=[ 2389.05129317  5538.84882984 -4813.75634012], v=[-4.95584153 -2.02933998 -4.79105341]
  RK45_ECI: r=[ 2805.86096824 -1568.38211183  7014.56180166], v=[ 4.68246611  5.42708724 -0.65541776]
Epoch 2107, t=2460388.532970706:
  TLE_ECI: r=[ 2236.86733395  5476.88442384 -4955.58253789], v=[-5.01495596 -2.17484456 -4.66382505]
  RK45_ECI: r=[ 2836.98517719 -1531.72523098  7010.16955913], v=[ 4.66402653  5.43801978 -0.69492769]
Epoch 2108, t=2460388.5330459694:
  TLE_ECI: r=[ 2083.0010391   5410.5070061  -5093.53725441], v=[-5.07001892 -2.31869396 -4.53296662]
  RK45_ECI: r=[ 2867.97134856 -1494.98339246  7005.52053837], v=[ 4.6454073   5.4487372  -0.73441172]
Epoch 2109, t=2460388.533121233:
  TLE_ECI: r=[ 1927.57664823  5339.76719611 -5227.51312971], v=[-5.12098998 -2.46077262 -4.39858106]
  RK45_ECI: r=[ 2898.81856061 -1458.15772984  7000.61486771], v=[ 4.62660915  5.45923902 -0.77386879]
Epoch 2110, t=2460388.533196496:
  TLE_ECI: r=[ 1770.71955523  5264.71911252 -5357.405932  ], v=[-5.167832   -2.6009664  -4.26077397]
  RK45_ECI: r=[ 2929.52518615 -1421.2502215   6995.4527994 ], v=[ 4.60763321  5.46952454 -0.81329689]
Epoch 2111, t=2460388.5332717593:
  TLE_ECI: r=[ 1612.55614478  5185.42035117 -5483.11463644], v=[-5.2105112  -2.73916272 -4.11965354]
  RK45_ECI: r=[ 2960.09046422 -1384.2618249   6990.03445335], v=[ 4.5884801   5.47959338 -0.85269512]
Epoch 2112, t=2460388.5333470227:
  TLE_ECI: r=[ 1453.21378305  5101.93190628 -5604.54150174], v=[-5.24899715 -2.87525052 -3.97533047]
  RK45_ECI: r=[ 2990.5132024  -1347.19402579  6984.36002616], v=[ 4.56915075  5.48944496 -0.89206204]
Epoch 2113, t=2460388.533422286:
  TLE_ECI: r=[ 1292.82065304  5014.31814388 -5721.59214352], v=[-5.28326282 -3.00912047 -3.82791785]
  RK45_ECI: r=[ 3020.79194137 -1310.04864127  6978.42978064], v=[ 4.54964622  5.4990787  -0.93139584]
Epoch 2114, t=2460388.5334975496:
  TLE_ECI: r=[ 1131.50566693  4922.64674495 -5834.17560535], v=[-5.31328455 -3.140665   -3.6775311 ]
  RK45_ECI: r=[ 3050.92578619 -1272.82682231  6972.2438801 ], v=[ 4.52996727  5.50849413 -0.97069545]
Epoch 2115, t=2460388.5335728126:
  TLE_ECI: r=[  969.39837697  4826.98864862 -5942.20442682], v=[-5.33904209 -3.26977834 -3.52428786]
  RK45_ECI: r=[ 3080.913152   -1235.53057245  6965.80264173], v=[ 4.51011508  5.51769064 -1.00995887]
Epoch 2116, t=2460388.533648076:
  TLE_ECI: r=[  806.62881482  4727.41800793 -6045.59470878], v=[-5.36051857 -3.39635673 -3.3683079 ]
  RK45_ECI: r=[ 3110.75330113 -1198.16086349  6959.10621432], v=[ 4.49009031  5.52666784 -1.04918523]
Epoch 2117, t=2460388.5337233394:
  TLE_ECI: r=[  643.32747378  4624.01211234 -6144.26617603], v=[-5.37770055 -3.52029835 -3.20971303]
  RK45_ECI: r=[ 3140.44507503 -1160.71920139  6952.1548413 ], v=[ 4.46989391  5.53542523 -1.08837307]
Epoch 2118, t=2460388.533798603:
  TLE_ECI: r=[  479.62514746  4516.85133965 -6238.14223682], v=[-5.39057802 -3.64150347 -3.048627  ]
  RK45_ECI: r=[ 3169.98705414 -1123.20742537  6944.94884425], v=[ 4.44952699  5.54396226 -1.1275206 ]
Epoch 2119, t=2460388.5338738663:
  TLE_ECI: r=[  315.65284028  4406.01908925 -6327.15003965], v=[-5.39914434 -3.75987453 -2.88517539]
  RK45_ECI: r=[ 3199.3783714  -1085.62670261  6937.48842123], v=[ 4.42899034  5.5522785  -1.16662676]
Epoch 2120, t=2460388.5339491293:
  TLE_ECI: r=[  151.54167636  4291.60171601 -6411.22052718], v=[-5.40339632 -3.87531616 -2.71948556]
  RK45_ECI: r=[ 3228.61748601 -1047.97905967  6929.77395404], v=[ 4.4082852   5.5603734  -1.20568955]
Epoch 2121, t=2460388.5340243927:
  TLE_ECI: r=[  -12.57725462  4173.68846489 -6490.288487  ], v=[-5.40333414 -3.98773534 -2.55168647]
  RK45_ECI: r=[ 3257.70368442 -1010.26548191  6921.80562016], v=[ 4.38741225  5.56824661 -1.24470811]
Epoch 2122, t=2460388.534099656:
  TLE_ECI: r=[ -176.57292432  4052.37139661 -6564.29259982], v=[-5.39896139 -4.09704139 -2.38190868]
  RK45_ECI: r=[3286.63584333 -972.48749386 6913.5837096 ], v=[ 4.36637248  5.57589766 -1.283681  ]
Epoch 2123, t=2460388.5341749196:
  TLE_ECI: r=[ -340.31452014  3927.74531903 -6633.17548439], v=[-5.39028505 -4.20314605 -2.21028417]
  RK45_ECI: r=[3315.41258448 -934.64695493 6905.10860239], v=[ 4.34516706  5.58332606 -1.32260643]
Epoch 2124, t=2460388.534250183:
  TLE_ECI: r=[ -503.67153495  3799.90771211 -6696.88373955], v=[-5.37731547 -4.30596356 -2.03694628]
  RK45_ECI: r=[3344.03306976 -896.74504723 6896.38053116], v=[ 4.32379679  5.59053144 -1.36148333]
Epoch 2125, t=2460388.534325446:
  TLE_ECI: r=[ -666.51385846  3668.95865384 -6755.36798334], v=[-5.36006636 -4.40541072 -1.86202961]
  RK45_ECI: r=[3372.49580404 -858.78381844 6887.39994196], v=[ 4.30226297  5.59751328 -1.40030974]
Epoch 2126, t=2460388.5344007094:
  TLE_ECI: r=[ -828.71192265  3535.00073513 -6808.58288895], v=[-5.33855475 -4.50140699 -1.68566989]
  RK45_ECI: r=[3400.80009884 -820.76426624 6878.1670408 ], v=[ 4.28056629  5.60427128 -1.43908478]
Epoch 2127, t=2460388.534475973:
  TLE_ECI: r=[ -990.13673687  3398.13899009 -6856.48721789], v=[-5.31280102 -4.59387445 -1.50800394]
  RK45_ECI: r=[3428.94486734 -782.68793211 6868.68216407], v=[ 4.2587078   5.61080502 -1.47780703]
Epoch 2128, t=2460388.5345512363:
  TLE_ECI: r=[-1150.66003273  3258.48080829 -6899.04384997], v=[-5.28282884 -4.68273795 -1.32916948]
  RK45_ECI: r=[3456.92877411 -744.55669371 6858.94574994], v=[ 4.23668869  5.61711406 -1.5164747 ]
Epoch 2129, t=2460388.5346264993:
  TLE_ECI: r=[-1310.15434359  3116.13585666 -6936.21981026], v=[-5.24866518 -4.76792511 -1.14930512]
  RK45_ECI: r=[3484.75088025 -706.37192861 6848.95811287], v=[ 4.21450992  5.62319804 -1.55508656]
Epoch 2130, t=2460388.5347017627:
  TLE_ECI: r=[-1468.49314053  2971.21597986 -6967.98629303], v=[-5.21034022 -4.84936643 -0.96855021]
  RK45_ECI: r=[3512.41013002 -668.13515792 6838.71962049], v=[ 4.19217249  5.62905661 -1.59364119]
Epoch 2131, t=2460388.534777026:
  TLE_ECI: r=[-1625.55087463  2823.83513502 -6994.31868276], v=[-5.1678874  -4.92699528 -0.78704473]
  RK45_ECI: r=[3539.90546871 -629.84793591 6828.23064961], v=[ 4.16967745  5.6346894  -1.63213717]
Epoch 2132, t=2460388.5348522896:
  TLE_ECI: r=[-1781.20311185  2674.10928993 -7015.19657193], v=[-5.12134334 -5.00074798 -0.60492922]
  RK45_ECI: r=[3567.23597787 -591.51163755 6817.49153528], v=[ 4.14702577  5.64009608 -1.67057327]
Epoch 2133, t=2460388.534927553:
  TLE_ECI: r=[-1935.32662006  2522.15633666 -7030.60377583], v=[-5.07074785 -5.07056384 -0.42234465]
  RK45_ECI: r=[3594.40036627 -553.12815674 6806.50277354], v=[ 4.12421869  5.64527626 -1.70894771]
Epoch 2134, t=2460388.535002816:
  TLE_ECI: r=[-2087.79945755  2368.09600646 -7040.52834436], v=[-5.01614385 -5.1363852  -0.23943235]
  RK45_ECI: r=[3621.39772984 -514.69888442 6795.26471898], v=[ 4.10125718  5.65022963 -1.74725925]
Epoch 2135, t=2460388.5350780794:
  TLE_ECI: r=[-2238.5010953   2212.04975367 -7044.96257065], v=[-4.95757736 -5.19815753 -0.05633387]
  RK45_ECI: r=[3648.22704952 -476.22535463 6783.7777852 ], v=[ 4.07814227  5.65495589 -1.7855065 ]
Epoch 2136, t=2460388.535153343:
  TLE_ECI: r=[-2387.31246729  2054.14069692 -7043.9029968 ], v=[-4.89509746 -5.25582937  0.12680909]
  RK45_ECI: r=[3674.88730918 -437.70913551 6772.04239496], v=[ 4.05487507  5.65945472 -1.82368804]
Epoch 2137, t=2460388.5352286063:
  TLE_ECI: r=[-2534.11609185  1894.49350099 -7037.35041639], v=[-4.82875627 -5.30935245  0.3098548 ]
  RK45_ECI: r=[3701.37762511 -399.15161412 6760.05892337], v=[ 4.03145654  5.66372584 -1.86180264]
Epoch 2138, t=2460388.5353038698:
  TLE_ECI: r=[-2678.79615475  1733.23428635 -7025.30987401], v=[-4.75860888 -5.35868169  0.49266161]
  RK45_ECI: r=[3727.6967515  -360.55469847 6747.82792397], v=[ 4.00788795  5.66776892 -1.89984853]
Epoch 2139, t=2460388.5353791327:
  TLE_ECI: r=[-2821.23859421  1570.49053994 -7007.79066174], v=[-4.68471333 -5.40377525  0.675088  ]
  RK45_ECI: r=[3753.8438199  -321.91979161 6735.34979132], v=[ 3.98417032  5.67158369 -1.9378245 ]
Epoch 2140, t=2460388.535454396:
  TLE_ECI: r=[-2961.33120805  1406.39098401 -6984.80631243], v=[-4.60713052 -5.4445946   0.85699277]
  RK45_ECI: r=[3779.8178489  -283.24843861 6722.62498474], v=[ 3.96030471  5.67516991 -1.97572914]
Epoch 2141, t=2460388.5355296596:
  TLE_ECI: r=[-3098.96371124  1241.06552485 -6956.37459019], v=[-4.52592424 -5.48110446  1.03823507]
  RK45_ECI: r=[3805.61798202 -244.54204626 6709.65391121], v=[ 3.93629212  5.67852731 -2.01356122]
Epoch 2142, t=2460388.535604923:
  TLE_ECI: r=[-3234.02784114  1074.64512054 -6922.51747753], v=[-4.44116107 -5.51327291  1.21867452]
  RK45_ECI: r=[3831.24301058 -205.80253235 6696.43717003], v=[ 3.91213385  5.68165562 -2.051319  ]
Epoch 2143, t=2460388.535680186:
  TLE_ECI: r=[-3366.41743351   907.26169712 -6883.26115964], v=[-4.35291035 -5.54107138  1.39817132]
  RK45_ECI: r=[3856.69197653 -167.03148177 6682.97525125], v=[ 3.88783103  5.6845546  -2.08900108]
Epoch 2144, t=2460388.5357554494:
  TLE_ECI: r=[-3496.02851589   739.0480075  -6838.6360055 ], v=[-4.26124408 -5.56447472  1.57658636]
  RK45_ECI: r=[3881.96428507 -128.229927   6669.2684593 ], v=[ 3.86338443  5.68722406 -2.12660659]
Epoch 2145, t=2460388.535830713:
  TLE_ECI: r=[-3622.75937077   570.13758598 -6788.67654603], v=[-4.16623696 -5.58346117  1.7537813 ]
  RK45_ECI: r=[3907.05863581  -89.39997682 6655.31749015], v=[ 3.83879548  5.68966374 -2.16413362]
Epoch 2146, t=2460388.5359059763:
  TLE_ECI: r=[-3746.51062663   400.66460661 -6733.42144911], v=[-4.06796626 -5.59801239  1.92961869]
  RK45_ECI: r=[3931.97432793  -50.54286325 6641.12272662], v=[ 3.81406509  5.69187343 -2.20158113]
Epoch 2147, t=2460388.5359812398:
  TLE_ECI: r=[-3867.185332     230.76378793 -6672.91349164], v=[-3.96651178 -5.60811352  2.10396205]
  RK45_ECI: r=[3956.71020005  -11.6605145  6626.6848247 ], v=[ 3.78919459  5.69385295 -2.23894739]
Epoch 2148, t=2460388.5360565027:
  TLE_ECI: r=[-3984.68903072    60.5702997  -6607.19952852], v=[-3.86195582 -5.61375314  2.276676  ]
  RK45_ECI: r=[3981.26533476   27.24547496 6612.00431954], v=[ 3.76418513  5.69560207 -2.27623102]
Epoch 2149, t=2460388.536131766:
  TLE_ECI: r=[-4098.92983671  -109.78038903 -6536.33045858], v=[-3.75438305 -5.61492336  2.44762633]
  RK45_ECI: r=[4005.63916494   66.17406556 6597.08154347], v=[ 3.73903749  5.69712064 -2.31343116]
Epoch 2150, t=2460388.5362070296:
  TLE_ECI: r=[-4209.81850315  -280.1525468  -6460.36118758], v=[-3.64388053 -5.61161976  2.61668013]
  RK45_ECI: r=[4029.83044238  105.12313829 6581.91725454], v=[ 3.71375314  5.69840847 -2.35054592]
Epoch 2151, t=2460388.536282293:
  TLE_ECI: r=[-4317.26849437  -450.41033214 -6379.35058814], v=[-3.53053762 -5.60384143  2.78370586]
  RK45_ECI: r=[4053.83849907  144.09145355 6566.51186899], v=[ 3.68833299  5.6994654  -2.38757427]
Epoch 2152, t=2460388.5363575565:
  TLE_ECI: r=[-4421.19605299  -620.41788862 -6293.36145667], v=[-3.41444588 -5.59159099  2.94857348]
  RK45_ECI: r=[4077.66222187  183.07707459 6550.8660989 ], v=[ 3.66277842  5.70029126 -2.4245145 ]
Epoch 2153, t=2460388.5364328194:
  TLE_ECI: r=[-4521.52026792  -790.03943867 -6202.46046737], v=[-3.29569905 -5.57487457  3.11115452]
  RK45_ECI: r=[4101.30073473  222.07839894 6534.98052399], v=[ 3.63709058  5.70088591 -2.46136524]
Epoch 2154, t=2460388.536508083:
  TLE_ECI: r=[-4618.16312914  -959.13944355 -6106.71812324], v=[-3.17439291 -5.55370184  3.27132219]
  RK45_ECI: r=[4124.75349862  261.09438083 6518.85550411], v=[ 3.61127027  5.7012492  -2.49812567]
Epoch 2155, t=2460388.5365833463:
  TLE_ECI: r=[-4711.04960159 -1127.58263181 -6006.20870411], v=[-3.0506253  -5.52808599  3.42895151]
  RK45_ECI: r=[4148.01931855  300.12289343 6502.49185863], v=[ 3.58531898  5.70138103 -2.5347939 ]
Epoch 2156, t=2460388.5366586098:
  TLE_ECI: r=[-4800.10767657 -1295.23415872 -5901.01021182], v=[-2.924496   -5.49804375  3.58391934]
  RK45_ECI: r=[4171.09755988  339.16269052 6485.89003676], v=[ 3.55923767  5.70128124 -2.57136893]
Epoch 2157, t=2460388.536733873:
  TLE_ECI: r=[-4885.26843055 -1461.9597005  -5791.20431242], v=[-2.79610663 -5.46359535  3.73610453]
  RK45_ECI: r=[4193.98715863  378.21182873 6469.05080592], v=[ 3.53302772  5.70094974 -2.60784906]
Epoch 2158, t=2460388.536809136:
  TLE_ECI: r=[-4966.46608452 -1627.62554685 -5676.87627554], v=[-2.66556066 -5.42476454  3.885388  ]
  RK45_ECI: r=[4216.68728085  417.26869931 6451.97478976], v=[ 3.50669031  5.70038642 -2.64423296]
Epoch 2159, t=2460388.5368843996:
  TLE_ECI: r=[-5043.63803765 -1792.09876562 -5558.11491089], v=[-2.53296318 -5.38157861  4.03165284]
  RK45_ECI: r=[4239.19741608  456.33225123 6434.66237523], v=[ 3.48022625  5.69959118 -2.6805198 ]
Epoch 2160, t=2460388.536959663:
  TLE_ECI: r=[-5116.72494434 -1955.24722292 -5435.01250186], v=[-2.398421   -5.3340683   4.17478438]
  RK45_ECI: r=[4261.51642361  495.40035185 6417.11444215], v=[ 3.45363709  5.69856395 -2.71670774]
Epoch 2161, t=2460388.5370349265:
  TLE_ECI: r=[-5185.67074391 -2116.9397466  -5307.66473648], v=[-2.26204244 -5.28226786  4.31467032]
  RK45_ECI: r=[4283.64370272  534.47174957 6399.33147219], v=[ 3.42692377  5.69730463 -2.75279578]
Epoch 2162, t=2460388.5371101894:
  TLE_ECI: r=[-5250.42271637 -2277.04620238 -5176.17063546], v=[-2.12393731 -5.22621496  4.45120078]
  RK45_ECI: r=[4305.57813752  573.54430998 6381.31437236], v=[ 3.40008784  5.69581318 -2.78878209]
Epoch 2163, t=2460388.537185453:
  TLE_ECI: r=[-5310.93149845 -2435.43766025 -5040.63247762], v=[-1.98421676 -5.16595077  4.58426844]
  RK45_ECI: r=[4327.31924318  612.61697884 6363.06355427], v=[ 3.37313013  5.69408952 -2.82466586]
Epoch 2164, t=2460388.5372607163:
  TLE_ECI: r=[-5367.15116206 -2591.98640691 -4901.15572253], v=[-1.84299328 -5.10151982  4.71376859]
  RK45_ECI: r=[4348.86623204  651.68814154 6344.57968681], v=[ 3.34605185  5.6921336  -2.86044577]
Epoch 2165, t=2460388.5373359798:
  TLE_ECI: r=[-5419.03922575 -2746.5661109  -4757.84893062], v=[-1.70038057 -5.03297007  4.83959921]
  RK45_ECI: r=[4370.21812088  690.75584815 6325.86362418], v=[ 3.31885444  5.6899454  -2.89612018]
Epoch 2166, t=2460388.537411243:
  TLE_ECI: r=[-5466.55669516 -2899.05191034 -4610.82368057], v=[-1.55649343 -4.96035282  4.9616611 ]
  RK45_ECI: r=[4391.37434348  729.81884314 6306.91587996], v=[ 3.29153888  5.68752486 -2.93168811]
Epoch 2167, t=2460388.537486506:
  TLE_ECI: r=[-5509.66810382 -3049.32049823 -4460.19448428], v=[-1.41144772 -4.8837227   5.07985793]
  RK45_ECI: r=[4412.33383986  768.87498918 6287.73742026], v=[ 3.26410674  5.684872   -2.96714776]
Epoch 2168, t=2460388.5375617696:
  TLE_ECI: r=[-5548.34150613 -3197.2502885  -4306.07869929], v=[-1.26536016 -4.80313764  5.19409632]
  RK45_ECI: r=[4433.09615471  807.92322876 6268.32868285], v=[ 3.23655887  5.68198677 -3.00249833]
Epoch 2169, t=2460388.537637033:
  TLE_ECI: r=[-5582.54855588 -3342.72141908 -4148.59643866], v=[-1.1183484  -4.71865882  5.30428595]
  RK45_ECI: r=[4453.66054413  846.96194432 6248.69037909], v=[ 3.20889651  5.67886916 -3.03773852]
Epoch 2170, t=2460388.5377122965:
  TLE_ECI: r=[-5612.26449468 -3485.61591497 -3987.87047867], v=[-0.97053081 -4.63035064  5.4103396 ]
  RK45_ECI: r=[4474.02607664  885.98918438 6228.8234163 ], v=[ 3.18112111  5.67551922 -3.07286672]
Epoch 2171, t=2460388.53778756:
  TLE_ECI: r=[-5637.46818072 -3625.81776939 -3824.02616404], v=[-0.8220264  -4.53828064  5.51217325]
  RK45_ECI: r=[4494.19222125  925.0036903  6208.72833937], v=[ 3.15323369  5.67193692 -3.10788198]
Epoch 2172, t=2460388.537862823:
  TLE_ECI: r=[-5658.14211678 -3763.21302373 -3657.19131095], v=[-0.67295475 -4.44251952  5.60970617]
  RK45_ECI: r=[4514.15797489  964.00332444 6188.4061725 ], v=[ 3.12523586  5.66812235 -3.14278251]
Epoch 2173, t=2460388.5379380863:
  TLE_ECI: r=[-5674.27242092 -3897.68992792 -3487.49610797], v=[-0.52343589 -4.34314103  5.70286094]
  RK45_ECI: r=[4533.92291239 1002.98702697 6167.85737918], v=[ 3.09712846  5.66407548 -3.17756754]
Epoch 2174, t=2460388.5380133498:
  TLE_ECI: r=[-5685.84890262 -4029.13893442 -3315.07301467], v=[-0.3735902  -4.24022193  5.79156356]
  RK45_ECI: r=[4553.4863344  1041.95317893 6147.08271247], v=[ 3.06891278  5.65979636 -3.2122358 ]
Epoch 2175, t=2460388.538088613:
  TLE_ECI: r=[-5692.86502809 -4157.45285567 -3140.05665845], v=[-0.22353836 -4.13384196  5.87574353]
  RK45_ECI: r=[4572.84736221 1080.89982925 6126.08313192], v=[ 3.04059029  5.65528509 -3.24678568]
Epoch 2176, t=2460388.5381638766:
  TLE_ECI: r=[-5695.31793606 -4282.52693722 -2962.58372918], v=[-0.07340117 -4.02408373  5.95533385]
  RK45_ECI: r=[4592.00550065 1119.82571783 6104.85921314], v=[ 3.01216203  5.65054168 -3.28121627]
Epoch 2177, t=2460388.5382391396:
  TLE_ECI: r=[-5693.20845283 -4404.25892886 -2782.79287217], v=[ 0.07670048 -3.91103273  6.03027115]
  RK45_ECI: r=[4610.95980471 1158.72870859 6083.41203747], v=[ 2.98362964  5.64556629 -3.3155258 ]
Epoch 2178, t=2460388.538314403:
  TLE_ECI: r=[-5686.54104001 -4522.54923721 -2600.82457931], v=[ 0.22664579 -3.79477717  6.10049571]
  RK45_ECI: r=[4629.70987983 1197.60774068 6061.7420936 ], v=[ 2.95499399  5.64035893 -3.34971352]
Epoch 2179, t=2460388.5383896665:
  TLE_ECI: r=[-5675.32386695 -4637.30090949 -2416.82107837], v=[ 0.37631404 -3.67540801  6.16595151]
  RK45_ECI: r=[4648.25507211 1236.4611954  6039.85017562], v=[ 2.92625637  5.63491968 -3.38377817]
Epoch 2180, t=2460388.53846493:
  TLE_ECI: r=[-5659.56875288 -4748.41978222 -2230.92622089], v=[ 0.52558481 -3.55301882  6.22658633]
  RK45_ECI: r=[4666.5945565  1275.28712428 6017.73729435], v=[ 2.89741831  5.62924872 -3.41771819]
Epoch 2181, t=2460388.538540193:
  TLE_ECI: r=[-5639.29118379 -4855.81452717 -2043.28536843], v=[ 0.67433797 -3.42770572  6.28235171]
  RK45_ECI: r=[4684.72770308 1314.08391003 5995.4042663 ], v=[ 2.8684811   5.62334615 -3.45153235]
Epoch 2182, t=2460388.5386154563:
  TLE_ECI: r=[-5614.51024222 -4959.39679527 -1854.04527766], v=[ 0.82245391 -3.29956733  6.33320311]
  RK45_ECI: r=[4702.65413957 1352.85049128 5972.85159693], v=[ 2.83944564  5.61721202 -3.48521987]
Epoch 2183, t=2460388.5386907198:
  TLE_ECI: r=[-5585.24867534 -5059.08119216 -1663.35398369], v=[ 0.96981352 -3.16870466  6.37909985]
  RK45_ECI: r=[4720.37298891 1391.58473663 5950.08043171], v=[ 2.8103136   5.61084655 -3.51877905]
Epoch 2184, t=2460388.538765983:
  TLE_ECI: r=[-5551.53281962 -5154.7854169  -1471.36068268], v=[ 1.11629835 -3.03522105  6.42000519]
  RK45_ECI: r=[4737.88381453 1430.28538638 5927.09139438], v=[ 2.78108602  5.60424983 -3.55220899]
Epoch 2185, t=2460388.5388412466:
  TLE_ECI: r=[-5513.39259229 -5246.43031529 -1278.21561304], v=[ 1.2617907  -2.89922207  6.45588638]
  RK45_ECI: r=[4755.18584606 1468.9504965  5903.88554617], v=[ 2.75176447  5.59742208 -3.58550814]
Epoch 2186, t=2460388.5389165096:
  TLE_ECI: r=[-5470.86148077 -5333.93993195 -1084.06993579], v=[ 1.40617374 -2.76081544  6.48671468]
  RK45_ECI: r=[4772.27858305 1507.5786236  5880.46363306], v=[ 2.72235013  5.59036343 -3.61867544]
Epoch 2187, t=2460388.538991773:
  TLE_ECI: r=[-5423.97645251 -5417.24163851  -889.07561409], v=[ 1.5493316  -2.62011093  6.51246535]
  RK45_ECI: r=[4789.16143553 1546.16819541 5856.82651636], v=[ 2.69284429  5.58307407 -3.65170967]
Epoch 2188, t=2460388.5390670365:
  TLE_ECI: r=[-5372.77801576 -5496.26609975  -693.38529173], v=[ 1.69114943 -2.47722028  6.53311774]
  RK45_ECI: r=[4805.83383575 1584.71759897 5832.97506526], v=[ 2.66324825  5.57555419 -3.68460963]
Epoch 2189, t=2460388.5391423:
  TLE_ECI: r=[-5317.31012342 -5570.94739713  -497.1521713 ], v=[ 1.83151357 -2.33225714  6.54865525]
  RK45_ECI: r=[4822.29530136 1623.22540609 5808.91004334], v=[ 2.63356323  5.56780395 -3.71737426]
Epoch 2190, t=2460388.5392175633:
  TLE_ECI: r=[-5257.62015055 -5641.22306929  -300.52989164], v=[ 1.97031157 -2.18533688  6.5590654 ]
  RK45_ECI: r=[4838.54511725 1661.68967975 5784.63256137], v=[ 2.60379077  5.55982364 -3.75000205]
Epoch 2191, t=2460388.5392928263:
  TLE_ECI: r=[-5193.75887071 -5707.03415014  -103.67240488], v=[ 2.10743236 -2.03657661  6.56433977]
  RK45_ECI: r=[4854.58282558 1700.10898005 5760.14339958], v=[ 2.5739321   5.55161343 -3.78249196]
Epoch 2192, t=2460388.5393680898:
  TLE_ECI: r=[-5125.78034581 -5768.32528053    93.26614665], v=[ 2.24276629 -1.88609497  6.5644741 ]
  RK45_ECI: r=[4870.40788177 1738.4817406  5735.44345844], v=[ 2.54398851  5.54317356 -3.81484279]
Epoch 2193, t=2460388.539443353:
  TLE_ECI: r=[-5053.74197924 -5825.04466421   290.13155406], v=[ 2.37620527 -1.73401213  6.55946822]
  RK45_ECI: r=[4886.01976524 1776.80635401 5710.53364616], v=[ 2.51396132  5.53450429 -3.84705335]
Epoch 2194, t=2460388.5395186166:
  TLE_ECI: r=[-4977.70440078 -5877.1441734    486.76966524], v=[ 2.5076428  -1.5804496   6.54932607]
  RK45_ECI: r=[4901.41803579 1815.08139687 5685.41476027], v=[ 2.48385174  5.5256058  -3.87912261]
Epoch 2195, t=2460388.53959388:
  TLE_ECI: r=[-4897.73143105 -5924.57937496   683.02650835], v=[ 2.63697411 -1.4255302   6.53405573]
  RK45_ECI: r=[4916.60203424 1853.30494112 5660.08796019], v=[ 2.45366136  5.51647846 -3.91104909]
Epoch 2196, t=2460388.539669143:
  TLE_ECI: r=[-4813.89004451 -5967.30955443   878.74841515], v=[ 2.76409626 -1.26937792  6.51366935]
  RK45_ECI: r=[4931.57134561 1891.47555214 5634.55405977], v=[ 2.42339139  5.50712249 -3.94283175]
Epoch 2197, t=2460388.5397444065:
  TLE_ECI: r=[-4726.25024211 -6005.29780795  1073.78214379], v=[ 2.88890817 -1.11211777  6.4881832 ]
  RK45_ECI: r=[4946.32547105 1929.59167134 5608.81399794], v=[ 2.39304313  5.49753819 -3.97446944]
Epoch 2198, t=2460388.53981967:
  TLE_ECI: r=[-4634.88509635 -6038.51098841  1267.97500167], v=[ 3.01131075 -0.95387576  6.45761763]
  RK45_ECI: r=[4960.86400965 1967.65186599 5582.86859895], v=[ 2.3626178   5.48772578 -4.00596112]
Epoch 2199, t=2460388.5398949333:
  TLE_ECI: r=[-4539.87061923 -6066.91979131  1461.17496739], v=[ 3.13120697 -0.79477876  6.42199703]
  RK45_ECI: r=[4975.18634731 2005.65421665 5556.71906041], v=[ 2.332117    5.47768568 -4.03730535]
Epoch 2200, t=2460388.5399701963:
  TLE_ECI: r=[-4441.28573251 -6090.49875273  1653.2308122 ], v=[ 3.24850194 -0.63495437  6.38134984]
  RK45_ECI: r=[4989.29203321 2043.59712733 5530.36634676], v=[ 2.30154207  5.46741819 -4.06850098]
Epoch 2201, t=2460388.5400454598:
  TLE_ECI: r=[-4339.21212904 -6109.22632381  1843.99222062], v=[ 3.363103   -0.47453079  6.33570851]
  RK45_ECI: r=[5003.18081603 2081.47954732 5503.81105464], v=[ 2.27089393  5.45692349 -4.09954728]
Epoch 2202, t=2460388.540120723:
  TLE_ECI: r=[-4233.73431042 -6123.08481022  2033.30991047], v=[ 3.47491976 -0.3136368   6.28510947]
  RK45_ECI: r=[5016.85205025 2119.2993829  5477.05453307], v=[ 2.24017432  5.44620207 -4.13044268]
Epoch 2203, t=2460388.5401959866:
  TLE_ECI: r=[-4124.93944371 -6132.06044064  2221.03575162], v=[ 3.58386423 -0.15240157  6.22959308]
  RK45_ECI: r=[5030.30544228 2157.0553902  5450.09751487], v=[ 2.20938432  5.43525415 -4.16118633]
Epoch 2204, t=2460388.54027125:
  TLE_ECI: r=[-4012.91730532 -6136.14336549  2407.0228838 ], v=[3.68985084 0.00904544 6.16920363]
  RK45_ECI: r=[5043.54043454 2194.74566261 5422.94124443], v=[ 2.17852554  5.42408019 -4.1917768 ]
Epoch 2205, t=2460388.540346513:
  TLE_ECI: r=[-3897.76022282 -6135.32765423  2591.1258333 ], v=[3.79279654 0.17057455 6.10398926]
  RK45_ECI: r=[5056.55662408 2232.36861393 5395.58672323], v=[ 2.14759933  5.41268057 -4.22221298]
Epoch 2206, t=2460388.5404217765:
  TLE_ECI: r=[-3779.56292489 -6129.61134684  2773.20062808], v=[3.89262084 0.332056   6.03400194]
  RK45_ECI: r=[5069.35379167 2269.92319898 5368.03457075], v=[ 2.11660661  5.40105547 -4.25249417]
Epoch 2207, t=2460388.54049704:
  TLE_ECI: r=[-3658.42256915 -6118.99638624  2953.10491201], v=[3.9892459  0.49336007 5.95929742]
  RK45_ECI: r=[5081.93135378 2307.40733944 5340.28618681], v=[ 2.08554913  5.38920545 -4.28261882]
Epoch 2208, t=2460388.5405723033:
  TLE_ECI: r=[-3534.43858832 -6103.48866382  3130.69805715], v=[4.08259658 0.65435716 5.87993515]
  RK45_ECI: r=[5094.28905473 2344.81979886 5312.34233142], v=[ 2.05442797  5.37713077 -4.31258612]
Epoch 2209, t=2460388.540647567:
  TLE_ECI: r=[-3407.71262444 -6083.09800313  3305.8412746 ], v=[4.1726005  0.8149179  5.79597827]
  RK45_ECI: r=[5106.42639381 2382.15868533 5284.20429457], v=[ 2.02324475  5.36483196 -4.34239468]
Epoch 2210, t=2460388.5407228298:
  TLE_ECI: r=[-3278.34846131 -6057.83814239  3478.39772383], v=[4.25918808 0.97491328 5.70749353]
  RK45_ECI: r=[5118.34301607 2419.42242402 5255.87311378], v=[ 1.99200083  5.3523094  -4.3720434 ]
Epoch 2211, t=2460388.540798093:
  TLE_ECI: r=[-3146.45186614 -6027.72676242  3648.23261983], v=[4.34229261 1.13421476 5.61455122]
  RK45_ECI: r=[5130.03873441 2456.60997648 5227.34943073], v=[ 1.96069712  5.33956335 -4.40153162]
Epoch 2212, t=2460388.5408733566:
  TLE_ECI: r=[-3012.13060813 -5992.7854132   3815.213339  ], v=[4.42185029 1.29269435 5.51722512]
  RK45_ECI: r=[5141.51302756 2493.71928186 5198.63469462], v=[ 1.9293354   5.3265944  -4.43085784]
Epoch 2213, t=2460388.54094862:
  TLE_ECI: r=[-2875.49429716 -5953.03953604  3979.20952258], v=[4.4978003  1.45022472 5.41559243]
  RK45_ECI: r=[5152.76567793 2530.7491123  5169.7296919 ], v=[ 1.89791675  5.31340285 -4.46002126]
Epoch 2214, t=2460388.5410238835:
  TLE_ECI: r=[-2736.65431031 -5908.51843285  4140.09317827], v=[4.57008478 1.60667933 5.3097337 ]
  RK45_ECI: r=[5163.79624194 2567.69759242 5140.63575684], v=[ 1.86644279  5.29998928 -4.48902053]
Epoch 2215, t=2460388.5410991465:
  TLE_ECI: r=[-2595.72371618 -5859.25523475  4297.7387798 ], v=[4.63864896 1.76193248 5.19973278]
  RK45_ECI: r=[5174.60441276 2604.56316063 5111.35396193], v=[ 1.8349149   5.28635414 -4.5178546 ]
Epoch 2216, t=2460388.54117441:
  TLE_ECI: r=[-2452.81711304 -5805.28690572  4452.02336408], v=[4.70344113 1.9158595  5.0856767 ]
  RK45_ECI: r=[5185.19003554 2641.34478596 5081.88497031], v=[ 1.80333398  5.27249768 -4.54652281]
Epoch 2217, t=2460388.5412496733:
  TLE_ECI: r=[-2308.05063715 -5746.6541656   4602.82662654], v=[4.76441268 2.06833677 4.96765563]
  RK45_ECI: r=[5195.55265175 2678.04042697 5052.23027914], v=[ 1.77170183  5.25842057 -4.57502373]
Epoch 2218, t=2460388.541324937:
  TLE_ECI: r=[-2161.54179761 -5683.4014889   4750.03101371], v=[4.82151818 2.21924183 4.84576281]
  RK45_ECI: r=[5205.69208181 2714.64886594 5022.39070043], v=[ 1.74001954  5.24412315 -4.60335656]
Epoch 2219, t=2460388.5414001998:
  TLE_ECI: r=[-2013.40941408 -5615.57705444  4893.52181372], v=[4.87471536 2.3684535  4.72009443]
  RK45_ECI: r=[5215.60789552 2751.16807108 4992.36775268], v=[ 1.70828888  5.22960611 -4.63151989]
Epoch 2220, t=2460388.541475463:
  TLE_ECI: r=[-1863.7734529  -5543.23273062  5033.18724409], v=[4.92396515 2.51585201 4.59074959]
  RK45_ECI: r=[5225.29996676 2787.59701972 4962.16211827], v=[ 1.67651078  5.21486975 -4.65951309]
Epoch 2221, t=2460388.5415507266:
  TLE_ECI: r=[-1712.75502846 -5466.42399647  5168.91853744], v=[4.9692317  2.66131901 4.45783017]
  RK45_ECI: r=[5234.76804078 2823.93416513 4931.77490503], v=[ 1.64468663  5.19991454 -4.68733512]
Epoch 2222, t=2460388.54162599:
  TLE_ECI: r=[-1560.47623788 -5385.20992195  5300.61002424], v=[5.01048243 2.80473772 4.32144081]
  RK45_ECI: r=[5244.01176602 2860.17766246 4901.20751525], v=[ 1.61281806  5.18474116 -4.71498473]
Epoch 2223, t=2460388.5417012535:
  TLE_ECI: r=[-1407.06007841 -5299.65311387  5428.15921316], v=[5.047688   2.945993   4.18168874]
  RK45_ECI: r=[5253.03100132 2896.32630486 4870.46078558], v=[ 1.58090616  5.16934997 -4.74246116]
Epoch 2224, t=2460388.5417765165:
  TLE_ECI: r=[-1252.63036284 -5209.81966194  5551.4668688 ], v=[5.08082237 3.08497146 4.03868378]
  RK45_ECI: r=[5261.82537959 2932.37808318 4839.53628029], v=[ 1.54895275  5.15374173 -4.76976303]
Epoch 2225, t=2460388.54185178:
  TLE_ECI: r=[-1097.31155805 -5115.77910091  5670.43708653], v=[5.10986275 3.22156153 3.89253816]
  RK45_ECI: r=[5270.39480721 2968.33198432 4808.43470179], v=[ 1.51695874  5.13791675 -4.79688974]
Epoch 2226, t=2460388.5419270433:
  TLE_ECI: r=[ -941.22877676 -5017.60433141  5784.97736496], v=[5.1347897  3.35565355 3.7433665 ]
  RK45_ECI: r=[5278.73907801 3004.18647788 4777.15719055], v=[ 1.48492553  5.12187557 -4.8238403 ]
Epoch 2227, t=2460388.542002307:
  TLE_ECI: r=[ -784.50761539 -4915.37157772  5894.99867528], v=[5.15558705 3.48713984 3.59128569]
  RK45_ECI: r=[5286.85789847 3039.93974044 4745.70518953], v=[ 1.45285477  5.10561891 -4.85061347]
Epoch 2228, t=2460388.54207757:
  TLE_ECI: r=[ -627.27406837 -4809.16032302  6000.41552801], v=[5.17224195 3.6159148  3.43641479]
  RK45_ECI: r=[5294.75116587 3075.59057749 4714.07955917], v=[ 1.42074755  5.08914716 -4.87720855]
Epoch 2229, t=2460388.542152833:
  TLE_ECI: r=[ -469.65444129 -4699.05324463  6101.14603686], v=[5.18474488 3.74187497 3.27887494]
  RK45_ECI: r=[5302.41857666 3111.13700452 4682.28190794], v=[ 1.3886057   5.07246116 -4.90362419]
Epoch 2230, t=2460388.5422280966:
  TLE_ECI: r=[ -311.77519437 -4585.13615457  6197.1119796 ], v=[5.1930896  3.86491917 3.11878926]
  RK45_ECI: r=[5309.86006974 3146.57801921 4650.31295755], v=[ 1.35643014  5.05556124 -4.92985982]
Epoch 2231, t=2460388.54230336:
  TLE_ECI: r=[ -153.76292583 -4467.4979217   6288.23885638], v=[5.19727319 3.98494847 2.95628277]
  RK45_ECI: r=[5317.07548801 3181.91210877 4618.17387995], v=[ 1.32422227  5.03844798 -4.95591448]
Epoch 2232, t=2460388.5423786235:
  TLE_ECI: r=[ 4.25578533e+00 -4.34623041e+03  6.37445594e+03], v=[5.19729604 4.10186633 2.79148227]
  RK45_ECI: r=[5324.06459604 3217.13747344 4585.86615737], v=[ 1.29198376  5.02112217 -4.98178698]
Epoch 2233, t=2460388.5424538865:
  TLE_ECI: r=[  162.15445276 -4221.42839729  6455.69635203], v=[5.19316183 4.21557867 2.62451627]
  RK45_ECI: r=[5330.82726251 3252.25261126 4553.3909788 ], v=[ 1.25971601  5.00358441 -5.0074764 ]
Epoch 2234, t=2460388.54252915:
  TLE_ECI: r=[  319.80683282 -4093.18951418  6531.8970644 ], v=[5.18487751 4.32599393 2.45551485]
  RK45_ECI: r=[5337.36344965 3287.2565275  4520.7490785 ], v=[ 1.22741994  4.98583506 -5.03298216]
Epoch 2235, t=2460388.5426044133:
  TLE_ECI: r=[  477.08694882 -3961.6141537   6602.99899348], v=[5.1724533  4.43302314 2.2846096 ]
  RK45_ECI: r=[5343.67292718 3322.14726852 4487.94211361], v=[ 1.1950974   4.96787503 -5.05830299]
Epoch 2236, t=2460388.542679677:
  TLE_ECI: r=[  633.86924074 -3826.80539972  6668.94701953], v=[5.1559027  4.53657997 2.11193351]
  RK45_ECI: r=[5349.75565437 3356.92366215 4454.97098085], v=[ 1.16274948  4.94970476 -5.0834382 ]
Epoch 2237, t=2460388.54275494:
  TLE_ECI: r=[  790.02865121 -3688.86894468  6729.69003176], v=[5.13524243 4.63658079 1.93762084]
  RK45_ECI: r=[5355.61145436 3391.58393398 4421.83720032], v=[ 1.13037787  4.93132509 -5.10838665]
Epoch 2238, t=2460388.542830203:
  TLE_ECI: r=[  945.44071307 -3547.91300973  6785.18096572], v=[5.11049243 4.73294477 1.76180707]
  RK45_ECI: r=[5361.24024497 3426.12660244 4388.54199075], v=[ 1.09798396  4.91273668 -5.13314745]
Epoch 2239, t=2460388.5429054666:
  TLE_ECI: r=[ 1099.98168887 -3404.04824985  6835.37683743], v=[5.08167582 4.82559393 1.58462876]
  RK45_ECI: r=[5366.64202134 3460.55068536 4355.08610455], v=[ 1.06556869  4.89393993 -5.15772004]
Epoch 2240, t=2460388.54298073:
  TLE_ECI: r=[ 1253.5286039  -3257.38768257  6880.23877484], v=[5.04881891 4.91445314 1.40622346]
  RK45_ECI: r=[5371.81661722 3494.85425838 4321.47123977], v=[ 1.03313391  4.87493578 -5.18210319]
Epoch 2241, t=2460388.5430559935:
  TLE_ECI: r=[ 1405.95938499 -3108.04659049  6919.73204586], v=[5.01195116 4.99945024 1.22672961]
  RK45_ECI: r=[5376.76403064 3529.03616523 4287.69831474], v=[ 1.00068071  4.85572475 -5.20629625]
Epoch 2242, t=2460388.543131257:
  TLE_ECI: r=[ 1557.1529445  -2956.142434    6953.82608358], v=[4.97110515 5.08051606 1.04628644]
  RK45_ECI: r=[5381.48414354 3563.09465867 4253.76888608], v=[ 0.96821078  4.83630772 -5.23029811]
Epoch 2243, t=2460388.54320652:
  TLE_ECI: r=[ 1706.98926669 -2801.79476492  6982.49450836], v=[4.92631657 5.15758446 0.86503386]
  RK45_ECI: r=[5385.9769515  3597.02842634 4219.68404087], v=[ 0.93572538  4.8166853  -5.25410801]
Epoch 2244, t=2460388.5432817833:
  TLE_ECI: r=[ 1855.34953406 -2645.12511443  7005.71514676], v=[4.8776241  5.23059246 0.68311238]
  RK45_ECI: r=[5390.24239685 3630.83605891 4185.44503005], v=[ 0.90322588  4.79685822 -5.27772511]
Epoch 2245, t=2460388.543357047:
  TLE_ECI: r=[ 2002.11616884 -2486.25692726  7023.47004767], v=[4.82506951 5.29948017 0.50066296]
  RK45_ECI: r=[5394.28046314 3664.51610442 4151.05311005], v=[ 0.87071369  4.77682719 -5.30114853]
Epoch 2246, t=2460388.54343231:
  TLE_ECI: r=[ 2147.17295849 -2325.31544756  7035.74549503], v=[4.76869755 5.3641909  0.31782697]
  RK45_ECI: r=[5398.0911588  3698.06727659 4116.5093804 ], v=[ 0.83819006  4.75659287 -5.32437754]
Epoch 2247, t=2460388.5435075737:
  TLE_ECI: r=[ 2290.40513699 -2162.42762643  7042.53201774], v=[4.70855592 5.4246712  0.13474603]
  RK45_ECI: r=[5401.67442423 3731.48785787 4081.8154329 ], v=[ 0.80565666  4.73615618 -5.34741108]
Epoch 2248, t=2460388.5435828366:
  TLE_ECI: r=[ 2431.69946782 -1997.72203068  7043.82439638], v=[ 4.64469525  5.48087088 -0.04843804]
  RK45_ECI: r=[5405.03029935 3764.77655648 4046.97237872], v=[ 0.77311476  4.7155178  -5.37024842]
Epoch 2249, t=2460388.5436581:
  TLE_ECI: r=[ 2570.94435555 -1831.32871547  7039.62166679], v=[ 4.57716899  5.53274309 -0.23158338]
  RK45_ECI: r=[5408.15877418 3797.93198728 4011.98149631], v=[ 0.74056573  4.69467848 -5.39288873]
Epoch 2250, t=2460388.5437333635:
  TLE_ECI: r=[ 2708.02989547 -1663.37916488  7029.9271208 ], v=[ 4.50603348  5.58024429 -0.41454813]
  RK45_ECI: r=[5411.05990299 3830.95286534 3976.84390415], v=[ 0.70801081  4.67363891 -5.41533128]

Summary Statistics:
Mean position difference: 9967.028 m
Max position difference: 15491.974 m
Mean velocity difference: 9.256 m/s
Max velocity difference: 14.381 m/s
