Perturbation configuration 11: J2, ThirdBody, AtmDrag
TLE: 1 41240U 16002A   24078.93311235 -.00000041  00000-0  88455-4 0  9998
2 41240  66.0433  38.7934 0008217 275.1931  84.8147 12.80929479381943
Initial state: r=[-1860.2918104   2511.66965221  7054.40180529], v=[-5.6479915  -4.46099341  0.09890006], jd=2460388.3743908517

Epoch 0, t=2460388.3743908517:
  TLE_ECI: r=[ -351.48708541 -3116.28604399  7048.74830935], v=[ 7.08706485 -1.16734781 -0.16198856]
  RK45_ECI: r=[ -638.30754113 -3056.16509346  7055.93178089], v=[ 7.08108291 -1.28901005  0.0822758 ]
Epoch 1, t=2460388.374466115:
  TLE_ECI: r=[ -137.27230569 -3150.1622597   7041.1361309 ], v=[ 7.09393955 -1.08267212 -0.34522476]
  RK45_ECI: r=[ -590.79644065 -3064.77962644  7056.33410189], v=[ 7.0851446  -1.26844281  0.0425105 ]
Epoch 2, t=2460388.3745413786:
  TLE_ECI: r=[   77.08014039 -3181.38368931  7028.03051036], v=[ 7.09521288 -0.99714928 -0.52819217]
  RK45_ECI: r=[ -543.25556438 -3073.23775528  7056.47782411], v=[ 7.08892930e+00 -1.24782561e+00  2.74353439e-03]
Epoch 3, t=2460388.3746166416:
  TLE_ECI: r=[  291.40089939 -3209.92595726  7009.44164072], v=[ 7.09088301 -0.91085071 -0.71074908]
  RK45_ECI: r=[ -495.68744654 -3081.53902928  7056.36294268], v=[ 7.09243678 -1.22715971 -0.03702306]
Epoch 4, t=2460388.374691905:
  TLE_ECI: r=[  505.52064517 -3235.76691758  6985.38396259], v=[ 7.08095245 -0.82384836 -0.89275404]
  RK45_ECI: r=[ -448.09329752 -3089.68323835  7055.98946265], v=[ 7.09566693 -1.20644587 -0.0767884 ]
Epoch 5, t=2460388.3747671684:
  TLE_ECI: r=[  719.2701538  -3258.88667385  6955.87615369], v=[ 7.06542804 -0.73621478 -1.07406603]
  RK45_ECI: r=[ -400.47500466 -3097.67005903  7055.35739478], v=[ 7.09861958 -1.1856851  -0.11655101]
Epoch 6, t=2460388.374842432:
  TLE_ECI: r=[  932.48047197 -3279.26759311  6920.94111519], v=[ 7.04432095 -0.648023   -1.25454454]
  RK45_ECI: r=[ -352.834881   -3105.49910588  7054.46676884], v=[ 7.10129454 -1.16487861 -0.15630906]
Epoch 7, t=2460388.3749176953:
  TLE_ECI: r=[ 1144.98303866 -3296.89431962  6880.60595499], v=[ 7.01764668 -0.55934646 -1.43404965]
  RK45_ECI: r=[ -305.1743742  -3113.17014574  7053.31760993], v=[ 7.1036917  -1.14402724 -0.19606144]
Epoch 8, t=2460388.3749929583:
  TLE_ECI: r=[ 1356.60980644 -3311.75379038  6834.90196791], v=[ 6.98542506 -0.470259   -1.61244216]
  RK45_ECI: r=[ -257.49602569 -3120.68277572  7051.90997893], v=[ 7.1058109  -1.12313229 -0.23580615]
Epoch 9, t=2460388.3750682217:
  TLE_ECI: r=[ 1567.19341059 -3323.83523011  6783.86461286], v=[ 6.94768023 -0.38083469 -1.78958369]
  RK45_ECI: r=[ -209.8010497  -3128.03681253  7050.24391029], v=[ 7.10765207 -1.10219449 -0.27554228]
Epoch 10, t=2460388.375143485:
  TLE_ECI: r=[ 1776.56724122 -3333.13018104  6727.53348699], v=[ 6.90444061 -0.29114795 -1.96533675]
  RK45_ECI: r=[ -162.09133897 -3135.23197107  7048.31946234], v=[ 7.10921507 -1.08121489 -0.31526836]
Epoch 11, t=2460388.3752187486:
  TLE_ECI: r=[ 1984.56561175 -3339.63249537  6665.9522967 ], v=[ 6.8557389  -0.20127335 -2.1395649 ]
  RK45_ECI: r=[ -114.36921189 -3142.26791009  7046.13672457], v=[ 7.11049982 -1.0601947  -0.35498257]
Epoch 12, t=2460388.3752940116:
  TLE_ECI: r=[ 2191.02386861 -3343.33834957  6599.16882568], v=[ 6.80161208 -0.11128561 -2.31213278]
  RK45_ECI: r=[  -66.63656306 -3149.14436421  7043.69578161], v=[ 7.11150623 -1.03913495 -0.39468343]
Epoch 13, t=2460388.375369275:
  TLE_ECI: r=[ 2395.77855907 -3344.24622207  6527.23489985], v=[ 6.74210136 -0.02125949 -2.48290627]
  RK45_ECI: r=[  -18.89460884 -3155.86116978  7040.99668774], v=[ 7.11223423 -1.0180364  -0.43437005]
Epoch 14, t=2460388.3754445384:
  TLE_ECI: r=[ 2598.66750028 -3342.35693067  6450.20634941], v=[ 6.67725215  0.06873018 -2.65175257]
  RK45_ECI: r=[   28.85410407 -3162.41797941  7038.03957909], v=[ 7.11268376 -0.99690033 -0.47404041]
Epoch 15, t=2460388.375519802:
  TLE_ECI: r=[ 2799.52994562 -3337.67360781  6368.14296775], v=[ 6.60711406  0.15860863 -2.81854029]
  RK45_ECI: r=[   76.60812284 -3168.81461042  7034.82453741], v=[ 7.11285477 -0.97572764 -0.51369342]
Epoch 16, t=2460388.3755950653:
  TLE_ECI: r=[ 2998.20670109 -3330.20170363  6281.10846744], v=[ 6.53174085  0.2483012  -2.98313955]
  RK45_ECI: r=[  124.36512603 -3175.05076602  7031.3517118 ], v=[ 7.11274721 -0.95451951 -0.55332724]
Epoch 17, t=2460388.3756703283:
  TLE_ECI: r=[ 3194.54024083 -3319.94899054  6189.17043323], v=[ 6.45119042  0.33773336 -3.1454221 ]
  RK45_ECI: r=[  172.12321668 -3181.12621967  7027.62123435], v=[ 7.11236107 -0.93327701 -0.59294043]
Epoch 18, t=2460388.3757455917:
  TLE_ECI: r=[ 3388.37487024 -3306.9255201   6092.40027199], v=[ 6.36552471  0.42683084 -3.3052614 ]
  RK45_ECI: r=[  219.88117669 -3187.04083475  7023.63318869], v=[ 7.11169632 -0.91200088 -0.63253207]
Epoch 19, t=2460388.375820855:
  TLE_ECI: r=[ 3579.55679062 -3291.14366881  5990.87315994], v=[ 6.27480974  0.51551963 -3.46253271]
  RK45_ECI: r=[  267.63645755 -3192.79431252  7019.38777651], v=[ 7.11075297 -0.89069243 -0.67210016]
Epoch 20, t=2460388.3758961186:
  TLE_ECI: r=[ 3767.93425992 -3272.61809229  5884.66798673], v=[ 6.17911554  0.60372605 -3.61711323]
  RK45_ECI: r=[  315.38760521 -3198.38650202  7014.8851149 ], v=[ 7.10953101 -0.86935255 -0.71164361]
Epoch 21, t=2460388.375971382:
  TLE_ECI: r=[ 3953.35770322 -3251.36572231  5773.86729671], v=[ 6.07851605  0.69137683 -3.76888214]
  RK45_ECI: r=[  363.13229737 -3203.81715126  7010.12541241], v=[ 7.10803047 -0.84798244 -0.75116059]
Epoch 22, t=2460388.376046645:
  TLE_ECI: r=[ 4135.67982264 -3227.4057645   5658.55722736], v=[ 5.97308917  0.77839912 -3.91772072]
  RK45_ECI: r=[  410.86863673 -3209.08607273  7005.10884853], v=[ 7.10625139 -0.82658316 -0.79064965]
Epoch 23, t=2460388.3761219084:
  TLE_ECI: r=[ 4314.75575255 -3200.75963501  5538.82744473], v=[ 5.86291661  0.86472067 -4.06351246]
  RK45_ECI: r=[  458.59540474 -3214.19315701  6999.83553607], v=[ 7.10419376 -0.80515547 -0.83010989]
Epoch 24, t=2460388.376197172:
  TLE_ECI: r=[ 4490.44311832 -3171.45101389  5414.77107633], v=[ 5.74808389  0.95026975 -4.20614314]
  RK45_ECI: r=[  506.31005363 -3219.13815424  6994.30574216], v=[ 7.10185769 -0.78370068 -0.8695393 ]
Epoch 25, t=2460388.3762724353:
  TLE_ECI: r=[ 4662.60218865 -3139.50577878  5286.48464097], v=[ 5.62868029  1.03497526 -4.3455009 ]
  RK45_ECI: r=[  554.01112942 -3223.92094535  6988.51961907], v=[ 7.0992432  -0.76221968 -0.90893681]
Epoch 26, t=2460388.3763476987:
  TLE_ECI: r=[ 4831.09597824 -3104.95199526  5154.06797596], v=[ 5.50479875  1.11876683 -4.48147637]
  RK45_ECI: r=[  601.69631164 -3228.54132336  6982.47743469], v=[ 7.09635039 -0.74071367 -0.94830058]
Epoch 27, t=2460388.3764229617:
  TLE_ECI: r=[ 4995.79034923 -3067.81990828  5017.62416167], v=[ 5.37653582  1.2015748  -4.61396274]
  RK45_ECI: r=[  649.36370439 -3232.99913997  6976.17941563], v=[ 7.09317936 -0.71918374 -0.98762919]
Epoch 28, t=2460388.376498225:
  TLE_ECI: r=[ 5156.55415558 -3028.14185931  4877.25944323], v=[ 5.24399158  1.28333039 -4.74285585]
  RK45_ECI: r=[  697.01208989 -3237.29431308  6969.62570386], v=[ 7.08973015 -0.69763063 -1.02692172]
Epoch 29, t=2460388.3765734886:
  TLE_ECI: r=[ 5313.259295   -2985.95234585  4733.08314986], v=[ 5.10726961  1.36396564 -4.86805426]
  RK45_ECI: r=[  744.6389237  -3241.42664188  6962.81663166], v=[ 7.08600291 -0.67605567 -1.06617619]
Epoch 30, t=2460388.376648752:
  TLE_ECI: r=[ 5465.78084928 -2941.28793588  4585.20761144], v=[ 4.96647688  1.44341354 -4.98945937]
  RK45_ECI: r=[  792.24275355 -3245.39603936  6955.75238638], v=[ 7.08199774 -0.65445975 -1.1053915 ]
Epoch 31, t=2460388.376724015:
  TLE_ECI: r=[ 5613.9971684  -2894.18726812  4433.74807258], v=[ 4.82172365  1.52160805 -5.10697549]
  RK45_ECI: r=[  839.8210374  -3249.20232679  6948.43332987], v=[ 7.07771481 -0.63284418 -1.14456569]
Epoch 32, t=2460388.3767992784:
  TLE_ECI: r=[ 5757.79000388 -2844.69095466  4278.82260424], v=[ 4.67312345  1.59848422 -5.2205099 ]
  RK45_ECI: r=[  887.37255937 -3252.84544592  6940.85963089], v=[ 7.07315422 -0.61120972 -1.18369783]
Epoch 33, t=2460388.376874542:
  TLE_ECI: r=[ 5897.04455417 -2792.84164453  4120.55201302], v=[ 4.52079294  1.67397814 -5.32997294]
  RK45_ECI: r=[  934.89542711 -3256.32529131  6933.03156524], v=[ 7.0683161  -0.58955745 -1.22278651]
Epoch 34, t=2460388.3769498053:
  TLE_ECI: r=[ 6031.64959332 -2738.6839235   3959.05974794], v=[ 4.36485185  1.74802711 -5.43527812]
  RK45_ECI: r=[  982.38732768 -3259.6417283   6924.94949509], v=[ 7.06320068 -0.56788859 -1.26182992]
Epoch 35, t=2460388.3770250687:
  TLE_ECI: r=[ 6161.49755357 -2682.26429329  3794.47180506], v=[ 4.20542288  1.8205696  -5.53634214]
  RK45_ECI: r=[ 1029.8468119  -3262.79470196  6916.61364271], v=[ 7.05780807 -0.54620403 -1.30082698]
Epoch 36, t=2460388.3771003317:
  TLE_ECI: r=[ 6286.48460653 -2623.63115069  3626.91662981], v=[ 4.04263162  1.89154536 -5.63308502]
  RK45_ECI: r=[ 1077.2713448  -3265.78408289  6908.02443461], v=[ 7.05213854 -0.52450509 -1.3397757 ]
Epoch 37, t=2460388.377175595:
  TLE_ECI: r=[ 6406.51077989 -2562.83467378  3456.52501716], v=[ 3.87660642  1.96089547 -5.72543011]
  RK45_ECI: r=[ 1124.65992873 -3268.60985557  6899.18202634], v=[ 7.04619218 -0.50279244 -1.3786754 ]
Epoch 38, t=2460388.3772508586:
  TLE_ECI: r=[ 6521.47999342 -2499.92688931  3283.4300098 ], v=[ 3.70747834  2.02856238 -5.81330421]
  RK45_ECI: r=[ 1172.01003175 -3271.27190794  6890.08686661], v=[ 7.03996928 -0.48106743 -1.41752408]
Epoch 39, t=2460388.377326122:
  TLE_ECI: r=[ 6631.30017003 -2434.96155648  3107.76679426], v=[ 3.53538098  2.09448994 -5.8966376 ]
  RK45_ECI: r=[ 1219.31999362 -3273.77019675  6880.73924992], v=[ 7.03347003 -0.45933101 -1.45632051]
Epoch 40, t=2460388.3774013855:
  TLE_ECI: r=[ 6735.88330464 -2367.99413922  2929.67259507], v=[ 3.36045044  2.15862348 -5.97536415]
  RK45_ECI: r=[ 1266.58815491 -3276.10468383  6871.13947527], v=[ 7.02669463 -0.43758416 -1.49506343]
Epoch 41, t=2460388.3774766484:
  TLE_ECI: r=[ 6835.14553057 -2299.08177991  2749.2865672 ], v=[ 3.18282519  2.22090986 -6.0494213 ]
  RK45_ECI: r=[ 1313.81199026 -3278.27528915  6861.2880335 ], v=[ 7.01964343 -0.41582821 -1.53375088]
Epoch 42, t=2460388.377551912:
  TLE_ECI: r=[ 6929.00721689 -2228.28317099  2566.74968661], v=[ 3.00264593  2.2812975  -6.1187502 ]
  RK45_ECI: r=[ 1360.99050533 -3280.28202132  6851.18510286], v=[ 7.01231653 -0.39406383 -1.57238216]
Epoch 43, t=2460388.3776271753:
  TLE_ECI: r=[ 7017.39299392 -2155.65862458  2382.20463931], v=[ 2.82005551  2.33973644 -6.18329571]
  RK45_ECI: r=[ 1408.12117872 -3282.12481768  6840.83119626], v=[ 7.00471431 -0.37229236 -1.61095529]
Epoch 44, t=2460388.3777024387:
  TLE_ECI: r=[ 7100.23184401 -2081.26994213  2195.79570873], v=[ 2.63519879  2.39617837 -6.24300648]
  RK45_ECI: r=[ 1455.2023572  -3283.80367038  6830.22664854], v=[ 6.99683702 -0.35051476 -1.64946906]
Epoch 45, t=2460388.3777777017:
  TLE_ECI: r=[ 7177.45714832 -2005.18040265  2007.66866171], v=[ 2.44822258  2.45057668 -6.29783496]
  RK45_ECI: r=[ 1502.23216555 -3285.31857105  6819.37185064], v=[ 6.98868492 -0.32873211 -1.68792203]
Epoch 46, t=2460388.377852965:
  TLE_ECI: r=[ 7249.00676657 -1927.45462504  1817.97063297], v=[ 2.25927541  2.50288652 -6.3477375 ]
  RK45_ECI: r=[ 1549.20875931 -3286.66950607  6808.26720258], v=[ 6.98025833 -0.30694544 -1.7263128 ]
Epoch 47, t=2460388.3779282286:
  TLE_ECI: r=[ 7314.82305344 -1848.15863864  1626.85000859], v=[ 2.06850751  2.5530648  -6.39267435]
  RK45_ECI: r=[ 1596.13047983 -3287.85649113  6796.91305987], v=[ 6.9715575  -0.28515571 -1.76464012]
Epoch 48, t=2460388.378003492:
  TLE_ECI: r=[ 7374.85293144 -1767.359743    1434.45630803], v=[ 1.87607065  2.60107029 -6.43260969]
  RK45_ECI: r=[ 1642.99504176 -3288.87951856  6785.30994748], v=[ 6.96258285 -0.26336417 -1.80290223]
Epoch 49, t=2460388.3780787555:
  TLE_ECI: r=[ 7429.04792937 -1685.12647234  1240.94006533], v=[ 1.68211799  2.64686358 -6.46751169]
  RK45_ECI: r=[ 1689.80101261 -3289.73862342  6773.45818419], v=[ 6.95333462 -0.24157169 -1.84109809]
Epoch 50, t=2460388.3781540184:
  TLE_ECI: r=[ 7477.3642189  -1601.52855773  1046.45270919], v=[ 1.48680399  2.69040717 -6.49735254]
  RK45_ECI: r=[ 1736.5458908  -3290.43381454  6761.35837536], v=[ 6.94381327 -0.21977961 -1.87922575]
Epoch 51, t=2460388.378229282:
  TLE_ECI: r=[ 7519.76267049 -1516.63678059   851.14644232], v=[ 1.29028425  2.73166551 -6.52210845]
  RK45_ECI: r=[ 1783.22847919 -3290.96513779  6749.01079828], v=[ 6.93401905 -0.19798869 -1.91728433]
Epoch 52, t=2460388.3783045453:
  TLE_ECI: r=[ 7556.20885765 -1430.52304318   655.17412003], v=[ 1.09271539  2.77060498 -6.5417597 ]
  RK45_ECI: r=[ 1829.84691647 -3291.33263749  6736.41590453], v=[ 6.92395229 -0.17619999 -1.95527246]
Epoch 53, t=2460388.3783798087:
  TLE_ECI: r=[ 7586.67310559 -1343.26021988   458.68912825], v=[ 0.89425494  2.80719397 -6.55629063]
  RK45_ECI: r=[ 1876.39893133 -3291.53635144  6723.5742764 ], v=[ 6.91361348 -0.15441475 -1.99318836]
Epoch 54, t=2460388.378455072:
  TLE_ECI: r=[ 7611.13051156 -1254.92211617   261.84526094], v=[ 0.69506117  2.84140288 -6.56568969]
  RK45_ECI: r=[ 1922.8831003  -3291.57634655  6710.4862666 ], v=[ 6.9030029  -0.13263384 -2.031031  ]
Epoch 55, t=2460388.378530335:
  TLE_ECI: r=[ 7629.56096239 -1165.58342824    64.79659724], v=[ 0.49529298  2.87320416 -6.56994942]
  RK45_ECI: r=[ 1969.29693848 -3291.45268105  6697.15254333], v=[ 6.89212111 -0.1108586  -2.06879845]
Epoch 56, t=2460388.3786055986:
  TLE_ECI: r=[ 7641.9491656  -1075.31958936  -132.30262171], v=[ 0.29510975  2.90257232 -6.56906648]
  RK45_ECI: r=[ 2015.63925655 -3291.16542806  6683.57341194], v=[ 6.88096835 -0.08908978 -2.10648987]
Epoch 57, t=2460388.378680862:
  TLE_ECI: r=[7648.28464105 -984.20683933 -329.29811606], v=[ 0.09467121  2.92948397 -6.56304162]
  RK45_ECI: r=[ 2061.908206   -3290.71467124  6669.74936928], v=[ 6.86954504 -0.06732845 -2.14410385]
Epoch 58, t=2460388.3787561255:
  TLE_ECI: r=[7648.56174428 -892.32206991 -526.03569063], v=[-0.10586268  2.95391783 -6.55187971]
  RK45_ECI: r=[ 2108.10153212 -3290.10049352  6655.68105444], v=[ 6.85785173 -0.04557583 -2.18163867]
Epoch 59, t=2460388.378831389:
  TLE_ECI: r=[7642.77966761 -799.74278122 -722.36135815], v=[-0.30633188  2.97585472 -6.53558975]
  RK45_ECI: r=[ 2154.21782162 -3289.32299382  6641.3688537 ], v=[ 6.84588874 -0.0238328  -2.2190933 ]
Epoch 60, t=2460388.378906652:
  TLE_ECI: r=[7630.9424388  -706.54703781 -918.12146233], v=[-0.50657639  2.99527765 -6.51418481]
  RK45_ECI: r=[ 2200.25460888 -3288.38227946  6626.81349756], v=[ 6.83365669e+00 -2.10069193e-03 -2.25646582e+00]
Epoch 61, t=2460388.3789819153:
  TLE_ECI: r=[ 7613.05892613  -612.81331233 -1113.16280062], v=[-0.70643645  3.01217175 -6.48768204]
  RK45_ECI: r=[ 2246.21071371 -3287.2784508   6612.01531902], v=[ 6.82115588  0.01961975 -2.29375541]
Epoch 62, t=2460388.3790571787:
  TLE_ECI: r=[ 7589.1428177   -518.62055255 -1307.33274645], v=[-0.90575258  3.02652432 -6.45610269]
  RK45_ECI: r=[ 2292.08430229 -3286.01163057  6596.97485988], v=[ 6.80838678  0.04132745 -2.33096067]
Epoch 63, t=2460388.379132442:
  TLE_ECI: r=[ 7559.21261889  -424.04802479 -1500.4793711 ], v=[-1.10436577  3.03832486 -6.41947203]
  RK45_ECI: r=[ 2337.87313866 -3284.58194684  6581.69281531], v=[ 6.79534999  0.0630212  -2.36807989]
Epoch 64, t=2460388.379207705:
  TLE_ECI: r=[ 7523.29163343  -329.17529025 -1692.45156469], v=[-1.3021176   3.04756504 -6.37781936]
  RK45_ECI: r=[ 2383.57539772 -3282.98954237  6566.16975173], v=[ 6.78204601  0.08469993 -2.40511172]
Epoch 65, t=2460388.3792829686:
  TLE_ECI: r=[ 7481.40794781  -234.08204877 -1883.09915658], v=[-1.49885039  3.0542387  -6.33117799]
  RK45_ECI: r=[ 2429.18990632 -3281.23453712  6550.40602069], v=[ 6.76847516  0.1063629  -2.4420553 ]
Epoch 66, t=2460388.379358232:
  TLE_ECI: r=[ 7433.59440096  -138.84820391 -2072.2730348 ], v=[-1.69440732  3.05834191 -6.27958517]
  RK45_ECI: r=[ 2474.71422397 -3279.31709478  6534.4024231 ], v=[ 6.75463815  0.12800878 -2.47890877]
Epoch 67, t=2460388.3794334955:
  TLE_ECI: r=[ 7379.88856121   -43.55370637 -2259.82526443], v=[-1.88863254  3.05987288 -6.22308212]
  RK45_ECI: r=[ 2520.14695677 -3277.23736503  6518.15939826], v=[ 6.74053537  0.14963669 -2.5156711 ]
Epoch 68, t=2460388.379508759:
  TLE_ECI: r=[ 7320.33269344    51.72149225 -2445.60920502], v=[-2.08137133  3.05883207 -6.16171391]
  RK45_ECI: r=[ 2565.48589003 -3274.99552071  6501.67769692], v=[ 6.7261675   0.17124544 -2.5523406 ]
Epoch 69, t=2460388.379584022:
  TLE_ECI: r=[ 7254.97372394   146.89748551 -2629.47962671], v=[-2.27247023  3.05522208 -6.09552949]
  RK45_ECI: r=[ 2610.72921609 -3272.59174343  6484.9579295 ], v=[ 6.71153509  0.19283396 -2.58891594]
Epoch 70, t=2460388.3796592853:
  TLE_ECI: r=[ 7183.86319953   241.89456543 -2811.29282501], v=[-2.46177715  3.0490477  -6.0245816 ]
  RK45_ECI: r=[ 2655.87577302 -3270.02618011  6468.00047478], v=[ 6.69663849  0.21440151 -2.62539627]
Epoch 71, t=2460388.3797345487:
  TLE_ECI: r=[ 7107.05724613   336.6331616  -2990.90673425], v=[-2.6491415   3.0403159  -5.94892673]
  RK45_ECI: r=[ 2700.92314486 -3267.29904311  6450.80619437], v=[ 6.68147848  0.23594677 -2.66177974]
Epoch 72, t=2460388.379809812:
  TLE_ECI: r=[ 7024.61652084   431.03399408 -3168.1810395 ], v=[-2.8344143   3.02903581 -5.86862509]
  RK45_ECI: r=[ 2745.86995186 -3264.41051352  6433.37556018], v=[ 6.6660555   0.25746888 -2.69806534]
Epoch 73, t=2460388.3798850756:
  TLE_ECI: r=[ 6936.60616146   525.0181188  -3342.97728686], v=[-3.01744834  3.01521872 -5.78374053]
  RK45_ECI: r=[ 2790.7140026  -3261.36080878  6415.70937776], v=[ 6.65037029  0.27896663 -2.73425143]
Epoch 74, t=2460388.3799603386:
  TLE_ECI: r=[ 6843.09573397   618.50697363 -3515.15899205], v=[-3.19809824  2.99887804 -5.6943405 ]
  RK45_ECI: r=[ 2835.45350876 -3258.15014919  6397.80830107], v=[ 6.63442345  0.30043897 -2.77033665]
Epoch 75, t=2460388.380035602:
  TLE_ECI: r=[ 6744.15916764   711.4225255  -3684.59174726], v=[-3.37622065  2.98002929 -5.60049597]
  RK45_ECI: r=[ 2880.08732087 -3254.77870827  6379.67273568], v=[ 6.61821538  0.32188517 -2.80632019]
Epoch 76, t=2460388.3801108655:
  TLE_ECI: r=[ 6639.87470372   803.68721384 -3851.14332612], v=[-3.55167428  2.95869012 -5.50228137]
  RK45_ECI: r=[ 2924.61304999 -3251.24674681  6361.30360312], v=[ 6.60174692  0.34330392 -2.84220022]
Epoch 77, t=2460388.380186129:
  TLE_ECI: r=[ 6530.32482419   895.22409704 -4014.68378669], v=[-3.72432004  2.93488026 -5.39977456]
  RK45_ECI: r=[ 2969.02933187 -3247.55447707  6342.7014075 ], v=[ 6.58501855  0.36469436 -2.87797576]
Epoch 78, t=2460388.3802613923:
  TLE_ECI: r=[ 6415.5961851    985.95689593 -4175.08557242], v=[-3.89402119  2.90862148 -5.29305669]
  RK45_ECI: r=[ 3013.3340006  -3243.70216083  6323.86700838], v=[ 6.56803108  0.38605529 -2.91364516]
Epoch 79, t=2460388.3803366553:
  TLE_ECI: r=[ 6295.77954827  1075.81003888 -4332.22361105], v=[-4.06064339  2.87993763 -5.1822122 ]
  RK45_ECI: r=[ 3057.52528911 -3239.6900566   6304.80110265], v=[ 6.55078517  0.40738567 -2.94920711]
Epoch 80, t=2460388.3804119187:
  TLE_ECI: r=[ 6170.96969423  1164.70879906 -4485.97541126], v=[-4.22405484  2.8488545  -5.06732871]
  RK45_ECI: r=[ 3101.60206155 -3235.51836444  6285.50412231], v=[ 6.53328124  0.42868477 -2.9846608 ]
Epoch 81, t=2460388.380487182:
  TLE_ECI: r=[ 6041.26536265  1252.57924382 -4636.22115713], v=[-4.38412636  2.81539993 -4.94849694]
  RK45_ECI: r=[ 3145.56195841 -3231.18739312  6265.97704797], v=[ 6.51552021  0.4499513  -3.02000443]
Epoch 82, t=2460388.3805624456:
  TLE_ECI: r=[ 5906.7691596   1339.3483712  -4782.84380027], v=[-4.54073152  2.77960371 -4.82581065]
  RK45_ECI: r=[ 3189.40363228 -3226.69738592  6246.22041539], v=[ 6.4975026   0.4711844  -3.05523703]
Epoch 83, t=2460388.3806377086:
  TLE_ECI: r=[ 5767.58748088  1424.94413425 -4925.72914957], v=[-4.69374669  2.74149756 -4.69936655]
  RK45_ECI: r=[ 3233.1247379  -3222.04867287  6226.23523178], v=[ 6.47922936  0.49238279 -3.09035681]
Epoch 84, t=2460388.380712972:
  TLE_ECI: r=[ 5623.8304089   1509.29556817 -5064.76595844], v=[-4.84305118  2.70111506 -4.56926422]
  RK45_ECI: r=[ 3276.72415273 -3217.24147709  6206.02195322], v=[ 6.46070096  0.51354574 -3.12536297]
Epoch 85, t=2460388.3807882355:
  TLE_ECI: r=[ 5475.61164758  1592.33274575 -5199.84600974], v=[-4.9885273   2.65849169 -4.43560601]
  RK45_ECI: r=[ 3320.20013414 -3212.27609833  6185.58132078], v=[ 6.4419181   0.53467221 -3.16025424]
Epoch 86, t=2460388.380863499:
  TLE_ECI: r=[ 5323.04841427  1673.98690353 -5330.86419796], v=[-5.13006045  2.61366476 -4.298497  ]
  RK45_ECI: r=[ 3363.55056171 -3207.15286837  6164.91427886], v=[ 6.42288169  0.55576103 -3.19502899]
Epoch 87, t=2460388.3809387623:
  TLE_ECI: r=[ 5166.26134896  1754.19048051 -5457.71860895], v=[-5.26753923  2.56667337 -4.15804485]
  RK45_ECI: r=[ 3406.77410632 -3201.87206111  6144.02139444], v=[ 6.40359229  0.57681136 -3.22968628]
Epoch 88, t=2460388.3810140253:
  TLE_ECI: r=[ 5005.37442246  1832.87715818 -5580.31059692], v=[-5.40085546  2.5175584  -4.01435977]
  RK45_ECI: r=[ 3449.86845551 -3196.43405405  6122.90373241], v=[ 6.38405092  0.59782191 -3.26422435]
Epoch 89, t=2460388.3810892887:
  TLE_ECI: r=[ 4840.51481539  1909.98197402 -5698.54485882], v=[-5.52990437  2.46636239 -3.86755438]
  RK45_ECI: r=[ 3492.83250272 -3190.83909621  6101.56177453], v=[ 6.36425808  0.61879198 -3.29864241]
Epoch 90, t=2460388.381164552:
  TLE_ECI: r=[ 4671.8128479   1985.44128398 -5812.32950599], v=[-5.65458453  2.41312962 -3.71774366]
  RK45_ECI: r=[ 3535.66453017 -3185.08752489  6079.99630334], v=[ 6.34421452  0.63972053 -3.33293921]
Epoch 91, t=2460388.3812398156:
  TLE_ECI: r=[ 4499.40185457  2059.19287426 -5921.57613299], v=[-5.77479806  2.357906   -3.56504483]
  RK45_ECI: r=[ 3578.36244869 -3179.17971509  6058.20831515], v=[ 6.32392122  0.66060641 -3.36711315]
Epoch 92, t=2460388.381315079:
  TLE_ECI: r=[ 4323.41808322  2131.17599616 -6026.19988373], v=[-5.89045058  2.30073904 -3.40957727]
  RK45_ECI: r=[ 3620.92494878 -3173.115971    6036.19840758], v=[ 6.30337878  0.68144878 -3.40116331]
Epoch 93, t=2460388.381390342:
  TLE_ECI: r=[ 4144.000593    2201.33140264 -6126.11951474], v=[-6.00145137  2.24167781 -3.25146242]
  RK45_ECI: r=[ 3663.34975332 -3166.89671694  6013.96770225], v=[ 6.28258829  0.70224637 -3.43508795]
Epoch 94, t=2460388.3814656055:
  TLE_ECI: r=[ 3961.29111832  2269.60144516 -6221.25745546], v=[-6.1077134   2.18077287 -3.09082368]
  RK45_ECI: r=[ 3705.63596382 -3160.52220553  5991.51660023], v=[ 6.26155016  0.72299856 -3.46888648]
Epoch 95, t=2460388.381540869:
  TLE_ECI: r=[ 3775.43399487  2335.93004472 -6311.53986595], v=[-6.20915336  2.11807628 -2.92778633]
  RK45_ECI: r=[ 3747.78131589 -3153.99287742  5968.84624244], v=[ 6.24026553  0.7437041  -3.50255715]
Epoch 96, t=2460388.3816161323:
  TLE_ECI: r=[ 3586.57602031  2400.26278714 -6396.89669138], v=[-6.30569175  2.05364153 -2.76247743]
  RK45_ECI: r=[ 3789.78432692 -3147.30908415  5945.95735856], v=[ 6.21873511  0.76436207 -3.53609891]
Epoch 97, t=2460388.381691396:
  TLE_ECI: r=[ 3394.8663447   2462.54695369 -6477.26171379], v=[-6.39725294  1.98752346 -2.59502568]
  RK45_ECI: r=[ 3831.6435175  -3140.47118175  5922.85068212], v=[ 6.19695965  0.78497157 -3.56951067]
Epoch 98, t=2460388.3817666587:
  TLE_ECI: r=[ 3200.45636095  2522.73155303 -6552.57260084], v=[-6.4837652   1.9197783  -2.42556139]
  RK45_ECI: r=[ 3873.35664797 -3133.47964089  5899.52739048], v=[ 6.17494031  0.80553136 -3.60279075]
Epoch 99, t=2460388.381841922:
  TLE_ECI: r=[ 3003.49955623  2580.76740029 -6622.77095155], v=[-6.56516076  1.85046348 -2.25421633]
  RK45_ECI: r=[ 3914.92283463 -3126.33473651  5875.98790426], v=[ 6.15267754  0.82604082 -3.63593854]
Epoch 100, t=2460388.3819171856:
  TLE_ECI: r=[ 2804.15143569  2636.6070975  -6687.80233925], v=[-6.64137585  1.77963775 -2.08112365]
  RK45_ECI: r=[ 3956.33985153 -3119.03695517  5852.23341974], v=[ 6.13017251  0.8464987  -3.66895236]
Epoch 101, t=2460388.381992449:
  TLE_ECI: r=[ 2602.56937187  2690.20511038 -6747.6163513 ], v=[-6.71235074  1.70736102 -1.9064178 ]
  RK45_ECI: r=[ 3997.60624166 -3111.58668103  5828.2647012 ], v=[ 6.10742601  0.86690411 -3.70183115]
Epoch 102, t=2460388.382067712:
  TLE_ECI: r=[ 2398.91249723  2741.51778689 -6802.16662598], v=[-6.77802978  1.63369434 -1.73023436]
  RK45_ECI: r=[ 4038.72035622 -3103.98434197  5804.08263085], v=[ 6.08443892  0.88725607 -3.73457371]
Epoch 103, t=2460388.3821429755:
  TLE_ECI: r=[ 2193.3415479   2790.5034208  -6851.41088623], v=[-6.83836146  1.55869983 -1.55271004]
  RK45_ECI: r=[ 4079.68057996 -3096.23033746  5779.68809857], v=[ 6.06121215  0.90755364 -3.76717883]
Epoch 104, t=2460388.382218239:
  TLE_ECI: r=[ 1986.01878654  2837.12223988 -6895.31097053], v=[-6.89329842  1.48244068 -1.37398249]
  RK45_ECI: r=[ 4120.48546058 -3088.3250809   5755.08188622], v=[ 6.0377465   0.92779591 -3.79964548]
Epoch 105, t=2460388.3822935023:
  TLE_ECI: r=[ 1777.10784459  2881.33646712 -6933.83286063], v=[-6.94279746  1.40498107 -1.19419024]
  RK45_ECI: r=[ 4161.13300751 -3080.26906548  5730.26513021], v=[ 6.0140431   0.94798175 -3.83197216]
Epoch 106, t=2460388.382368766:
  TLE_ECI: r=[ 1566.77360315  2923.11034271 -6966.94670624], v=[-6.98681964  1.32638609 -1.01347261]
  RK45_ECI: r=[ 4201.62197349 -3072.06267813  5705.23851094], v=[ 5.99010267  0.96811038 -3.86415797]
Epoch 107, t=2460388.3824440287:
  TLE_ECI: r=[ 1355.18207384  2962.41014784 -6994.62684677], v=[-7.02533022  1.24672177 -0.83196958]
  RK45_ECI: r=[ 4241.95019228 -3063.70647106  5680.00330311], v=[ 5.96592649  0.98818057 -3.8962013 ]
Epoch 108, t=2460388.382519292:
  TLE_ECI: r=[ 1142.50023555  2999.20424777 -7016.85182984], v=[-7.05829875  1.16605488 -0.64982169]
  RK45_ECI: r=[ 4282.11662797 -3055.20078904  5654.56008153], v=[ 5.94151515  1.00819164 -3.92810141]
Epoch 109, t=2460388.3825945556:
  TLE_ECI: r=[  928.89595718  3033.46309036 -7033.60442699], v=[-7.08569904  1.08445306 -0.46716998]
  RK45_ECI: r=[ 4322.11967321 -3046.5461077   5628.90977951], v=[ 5.91686963  1.02814262 -3.95985715]
Epoch 110, t=2460388.382669819:
  TLE_ECI: r=[  714.53783326  3065.15924712 -7044.87164612], v=[-7.10750924  1.00198463 -0.28415581]
  RK45_ECI: r=[ 4361.95737666 -3037.74296122  5603.05358159], v=[ 5.89199112  1.04803241 -3.99146703]
Epoch 111, t=2460388.3827450825:
  TLE_ECI: r=[  499.59506227  3094.2674298  -7050.64474093], v=[-7.12371178  0.91871859 -0.10092085]
  RK45_ECI: r=[ 4401.62851568 -3028.79176518  5576.99219649], v=[ 5.86688036  1.06786022 -4.02293021]
Epoch 112, t=2460388.3828203455:
  TLE_ECI: r=[  284.2373251   3120.7645092  -7050.91921737], v=[-7.13429344  0.8347246   0.08239309]
  RK45_ECI: r=[ 4441.13096798 -3019.6931162   5550.72695142], v=[ 5.84153869  1.08762485 -4.05424509]
Epoch 113, t=2460388.382895609:
  TLE_ECI: r=[   68.63461742  3144.62953722 -7045.69483686], v=[-7.13924533  0.7500728   0.26564415]
  RK45_ECI: r=[ 4480.46371873 -3010.44738337  5524.25844438], v=[ 5.81596676  1.10732563 -4.08541096]
Epoch 114, t=2460388.3829708723:
  TLE_ECI: r=[ -147.04282702  3165.84375596 -7034.97561664], v=[-7.1385629   0.66483391  0.4486905 ]
  RK45_ECI: r=[ 4519.62519386 -3001.05507728  5497.58764636], v=[ 5.79016558  1.12696161 -4.11642667]
Epoch 115, t=2460388.383046136:
  TLE_ECI: r=[ -362.62470418  3184.39061761 -7018.76982696], v=[-7.13224598  0.57907907  0.63139044]
  RK45_ECI: r=[ 4558.61348306 -2991.51677244  5470.71578887], v=[ 5.76413639  1.14653171 -4.1472908 ]
Epoch 116, t=2460388.383121399:
  TLE_ECI: r=[ -577.94076225  3200.25579581 -6997.08998514], v=[-7.12029872  0.49287984  0.81360255]
  RK45_ECI: r=[ 4597.42738968 -2981.83291271  5443.64360831], v=[ 5.73787998  1.16603514 -4.17800251]
Epoch 117, t=2460388.383196662:
  TLE_ECI: r=[ -792.82092394  3213.42719893 -6969.95284671], v=[-7.10272964  0.40630812  0.99518573]
  RK45_ECI: r=[ 4636.06483739 -2972.00413829  5416.37248314], v=[ 5.71139775  1.18547074 -4.20856024]
Epoch 118, t=2460388.3832719256:
  TLE_ECI: r=[-1007.09545572  3223.89497095 -6937.37939327], v=[-7.0795516   0.31943607  1.17599935]
  RK45_ECI: r=[ 4674.52483374 -2962.03084205  5388.90303401], v=[ 5.68469039  1.20483785 -4.23896331]
Epoch 119, t=2460388.383347189:
  TLE_ECI: r=[-1220.59504267  3231.65151085 -6899.39481762], v=[-7.0507818   0.2323361   1.35590332]
  RK45_ECI: r=[ 4712.80583932 -2951.913569    5361.23626864], v=[ 5.65775892  1.22413553 -4.2692106 ]
Epoch 120, t=2460388.3834224525:
  TLE_ECI: r=[-1433.15095736  3236.69147116 -6856.02850549], v=[-7.01644178  0.1450808   1.53475821]
  RK45_ECI: r=[ 4750.90598689 -2941.65293336  5333.37346436], v=[ 5.63060468  1.24336271 -4.29930071]
Epoch 121, t=2460388.3834977155:
  TLE_ECI: r=[-1644.5951718   3239.01176853 -6807.31401446], v=[-6.9765574   0.05774289  1.71242535]
  RK45_ECI: r=[ 4788.82375644 -2931.24949756  5305.31564884], v=[ 5.60322873  1.26251847 -4.32923255]
Epoch 122, t=2460388.383572979:
  TLE_ECI: r=[-1854.76052592  3238.61156744 -6753.2890496 ], v=[-6.93115882 -0.0296049   1.88876692]
  RK45_ECI: r=[ 4826.55817156 -2920.70367146  5277.06345767], v=[ 5.57563178  1.28160216 -4.35900544]
Epoch 123, t=2460388.3836482423:
  TLE_ECI: r=[-2063.48080062  3235.49230762 -6693.99543636], v=[-6.8802805  -0.1168898   2.06364607]
  RK45_ECI: r=[ 4864.10721131 -2910.01614447  5248.61832639], v=[ 5.54781528  1.30061264 -4.38861788]
Epoch 124, t=2460388.383723506:
  TLE_ECI: r=[-2270.59088517  3229.65768553 -6629.47909017], v=[-6.82396115 -0.20403908  2.23692701]
  RK45_ECI: r=[ 4901.46972318 -2899.1874043   5219.98103419], v=[ 5.51978008  1.31954914 -4.41806905]
Epoch 125, t=2460388.383798769:
  TLE_ECI: r=[-2475.92689652  3221.11365542 -6559.78998311], v=[-6.76224375 -0.29098017  2.4084751 ]
  RK45_ECI: r=[ 4938.64388493 -2888.21810396  5191.15290309], v=[ 5.49152755  1.33841064 -4.44735761]
Epoch 126, t=2460388.383874032:
  TLE_ECI: r=[-2679.32629794  3209.86843244 -6484.98210761], v=[-6.69517548 -0.37764059  2.57815696]
  RK45_ECI: r=[ 4975.62821367 -2877.10883931  5162.13499595], v=[ 5.46305881  1.35719621 -4.47648248]
Epoch 127, t=2460388.3839492956:
  TLE_ECI: r=[-2880.62806395  3195.93245525 -6405.11343695], v=[-6.62280771 -0.4639482   2.7458406 ]
  RK45_ECI: r=[ 5012.42175703 -2865.86004314  5132.92797006], v=[ 5.43437459  1.37590524 -4.50544301]
Epoch 128, t=2460388.384024559:
  TLE_ECI: r=[-3079.67275001  3179.31842287 -6320.24588304], v=[-6.54519599 -0.54983105  2.91139547]
  RK45_ECI: r=[ 5049.02254451 -2854.47244676  5103.53330931], v=[ 5.4054764   1.39453659 -4.53423773]
Epoch 129, t=2460388.3840998225:
  TLE_ECI: r=[-3276.30265581  3160.04125475 -6230.44525101], v=[-6.46239998 -0.63521757  3.07469257]
  RK45_ECI: r=[ 5085.42945289 -2842.94656438  5073.95181878], v=[ 5.37636514  1.41308953 -4.56286585]
Epoch 130, t=2460388.384175086:
  TLE_ECI: r=[-3470.36193964  3138.11808642 -6135.78119085], v=[-6.37448341 -0.72003658  3.23560459]
  RK45_ECI: r=[ 5121.64070658 -2831.28308718  5044.18486379], v=[ 5.34704221  1.43156304 -4.59132608]
Epoch 131, t=2460388.384250349:
  TLE_ECI: r=[-3661.69673266  3113.56826607 -6036.3271462 ], v=[-6.2815141  -0.80421734  3.39400595]
  RK45_ECI: r=[ 5157.65486145 -2819.48264367  5014.23354152], v=[ 5.31750879  1.44995623 -4.61961735]
Epoch 132, t=2460388.3843256123:
  TLE_ECI: r=[-3850.15529715  3086.41329688 -5932.16030005], v=[-6.18356383 -0.88768968  3.54977295]
  RK45_ECI: r=[ 5193.47099014 -2807.54568901  4984.09853024], v=[ 5.28776563  1.46826847 -4.64773905]
Epoch 133, t=2460388.384400876:
  TLE_ECI: r=[-4035.58809184  3056.67688221 -5823.3615177 ], v=[-6.08070835 -0.97038397  3.70278383]
  RK45_ECI: r=[ 5229.08717473 -2795.47299532  4953.78136087], v=[ 5.25781431  1.48649869 -4.67568973]
Epoch 134, t=2460388.384476139:
  TLE_ECI: r=[-4217.84792751  3024.38486548 -5710.01528671], v=[-5.97302731 -1.05223118  3.85291887]
  RK45_ECI: r=[ 5264.50232208 -2783.26510317  4923.28286351], v=[ 5.22765574  1.50464615 -4.70346866]
Epoch 135, t=2460388.384551402:
  TLE_ECI: r=[-4396.79006664  2989.56523197 -5592.20965401], v=[-5.86060423 -1.133163    4.00006051]
  RK45_ECI: r=[ 5299.71453872 -2770.92280262  4892.60459003], v=[ 5.19729154  1.52270978 -4.73107441]
Epoch 136, t=2460388.3846266656:
  TLE_ECI: r=[-4572.27237398  2952.24803556 -5470.03616015], v=[-5.7435264  -1.21311189  4.14409342]
  RK45_ECI: r=[ 5334.72292077 -2758.44656815  4861.74723759], v=[ 5.16672249  1.54068896 -4.75850639]
Epoch 137, t=2460388.384701929:
  TLE_ECI: r=[-4744.15537771  2912.46544974 -5343.58977083], v=[-5.62188485 -1.29201105  4.2849046 ]
  RK45_ECI: r=[ 5369.5260667  -2745.83706284  4830.71193803], v=[ 5.1359498   1.55858284 -4.78576356]
Epoch 138, t=2460388.3847771925:
  TLE_ECI: r=[-4912.30241692  2870.25169166 -5212.96880558], v=[-5.49577429 -1.36979459  4.42238347]
  RK45_ECI: r=[ 5404.12227971 -2733.0950367   4799.50012347], v=[ 5.10497496  1.57639043 -4.81284471]
Epoch 139, t=2460388.384852456:
  TLE_ECI: r=[-5076.5797428  2825.6430065 -5078.2748637], v=[-5.36529303 -1.44639748  4.55642198]
  RK45_ECI: r=[ 5438.51049821 -2720.22105566  4768.11264823], v=[ 5.07379892  1.59411102 -4.83974907]
Epoch 140, t=2460388.384927719:
  TLE_ECI: r=[-5236.85661863  2778.67765326 -4939.61274754], v=[-5.23054293 -1.5217557   4.68691465]
  RK45_ECI: r=[ 5472.68888393 -2707.21594931  4736.55110913], v=[ 5.04242335  1.61174358 -4.86647531]
Epoch 141, t=2460388.3850029823:
  TLE_ECI: r=[-5393.00545839  2729.39581253 -4797.09038306], v=[-5.09162928 -1.59580626  4.81375872]
  RK45_ECI: r=[ 5506.65655989 -2694.08021354  4704.81622305], v=[ 5.01084906  1.62928749 -4.89302281]
Epoch 142, t=2460388.385078246:
  TLE_ECI: r=[-5544.90188118  2677.83964411 -4650.81873791], v=[-4.94866078 -1.66848721  4.9368542 ]
  RK45_ECI: r=[ 5540.41216621 -2680.81454239  4672.90915395], v=[ 4.97907729  1.64674193 -4.91939062]
Epoch 143, t=2460388.385153509:
  TLE_ECI: r=[-5692.42484557  2624.05319223 -4500.91173679], v=[-4.80174944 -1.73973774  5.05610395]
  RK45_ECI: r=[ 5573.95405757 -2667.41972147  4640.83137386], v=[ 4.94710961  1.66410593 -4.94557752]
Epoch 144, t=2460388.3852287726:
  TLE_ECI: r=[-5835.45674011  2568.08236448 -4347.4861744 ], v=[-4.65101049 -1.80949826  5.17141377]
  RK45_ECI: r=[ 5607.28120486 -2653.89634154  4608.58376062], v=[ 4.91494697  1.68137882 -4.9715828 ]
Epoch 145, t=2460388.3853040356:
  TLE_ECI: r=[-5973.88347243  2509.97491095 -4190.66162592], v=[-4.49656231 -1.87771035  5.28269252]
  RK45_ECI: r=[ 5640.39182698 -2640.24527065  4576.16795439], v=[ 4.88259111  1.69855956 -4.99740515]
Epoch 146, t=2460388.385379299:
  TLE_ECI: r=[-6107.59459255  2449.78031519 -4030.56035498], v=[-4.33852629 -1.94431696  5.38985212]
  RK45_ECI: r=[ 5673.28507477 -2626.46702535  4543.58469117], v=[ 4.85004285  1.71564758 -5.023044  ]
Epoch 147, t=2460388.3854545625:
  TLE_ECI: r=[-6236.48333915  2387.54985692 -3867.30721955], v=[-4.17702683 -2.00926232  5.49280769]
  RK45_ECI: r=[ 5705.95963142 -2612.56232983  4510.83516585], v=[ 4.81730349  1.73264207 -5.04849841]
Epoch 148, t=2460388.385529826:
  TLE_ECI: r=[-6360.44675762  2323.33650071 -3701.0295753 ], v=[-4.01219116 -2.07249206  5.59147761]
  RK45_ECI: r=[ 5738.41390462 -2598.53200461  4477.9208891 ], v=[ 4.78437463  1.7495421  -5.07376722]
Epoch 149, t=2460388.3856050894:
  TLE_ECI: r=[-6479.38577795  2257.1948684  -3531.85717686], v=[-3.8441493  -2.13395325  5.68578357]
  RK45_ECI: r=[ 5770.64689895 -2584.37666424  4444.84276131], v=[ 4.75125727  1.766347   -5.09884974]
Epoch 150, t=2460388.3856803523:
  TLE_ECI: r=[-6593.20529035  2189.18121323 -3359.92207702], v=[-3.67303392 -2.19359444  5.77565068]
  RK45_ECI: r=[ 5802.65689231 -2570.09721414  4411.60246457], v=[ 4.71795318  1.78305577 -5.1237447 ]
Epoch 151, t=2460388.385755616:
  TLE_ECI: r=[-6701.81425034  2119.35329548 -3185.35852373], v=[-3.49898024 -2.25136575  5.8610075 ]
  RK45_ECI: r=[ 5834.44320705 -2555.69413621  4378.20059605], v=[ 4.68446307  1.79966793 -5.14845169]
Epoch 152, t=2460388.385830879:
  TLE_ECI: r=[-6805.12571559  2047.77044894 -3008.30285526], v=[-3.32212595 -2.30721882  5.94178612]
  RK45_ECI: r=[ 5866.00414198 -2541.16834865  4344.63885189], v=[ 4.65078873  1.81618248 -5.17296943]
Epoch 153, t=2460388.3859061426:
  TLE_ECI: r=[-6903.05694482  1974.49345469 -2828.89339342], v=[-3.14261107 -2.36110693  6.01792221]
  RK45_ECI: r=[ 5897.33858836 -2526.52054079  4310.91830855], v=[ 4.61693135  1.83259872 -5.19729716]
Epoch 154, t=2460388.3859814056:
  TLE_ECI: r=[-6995.52945501  1899.58452913 -2647.27033498], v=[-2.96057789 -2.41298503  6.08935511]
  RK45_ECI: r=[ 5928.44529527 -2511.7514792   4277.04020465], v=[ 4.58289227  1.84891587 -5.221434  ]
Epoch 155, t=2460388.386056669:
  TLE_ECI: r=[-7082.46910967  1823.10719017 -2463.57564129], v=[-2.77617075 -2.46280979  6.15602785]
  RK45_ECI: r=[ 5959.32304291 -2496.86188423  4243.00578448], v=[ 4.54867283  1.86513319 -5.24537908]
Epoch 156, t=2460388.3861319325:
  TLE_ECI: r=[-7163.80614727  1745.12632518 -2277.95292644], v=[-2.58953605 -2.5105396   6.21788721]
  RK45_ECI: r=[ 5989.97073634 -2481.85247618  4208.81613724], v=[ 4.51427425  1.88124997 -5.26913161]
Epoch 157, t=2460388.386207196:
  TLE_ECI: r=[-7239.47526296  1665.70805483 -2090.54734379], v=[-2.40082204 -2.55613462  6.2748838 ]
  RK45_ECI: r=[ 6020.38688289 -2466.72413516  4174.47283944], v=[ 4.4796982   1.89726533 -5.29269055]
Epoch 158, t=2460388.3862824594:
  TLE_ECI: r=[-7309.41565788  1584.91969744 -1901.50547104], v=[-2.21017874 -2.59955687  6.32697205]
  RK45_ECI: r=[ 6050.57055018 -2451.47751731  4139.97682998], v=[ 4.44494573  1.91317866 -5.31605523]
Epoch 159, t=2460388.3863577223:
  TLE_ECI: r=[-7373.57108626  1502.8297332  -1710.97519405], v=[-2.0177578  -2.64077019  6.37411033]
  RK45_ECI: r=[ 6080.52012658 -2436.11359235  4105.32986231], v=[ 4.41001872  1.928989   -5.33922449]
Epoch 160, t=2460388.386432986:
  TLE_ECI: r=[-7431.88992098  1419.50765939 -1519.10558938], v=[-1.82371238 -2.67974033  6.41626089]
  RK45_ECI: r=[ 6110.23484526 -2420.63293172  4070.53272189], v=[ 4.37491806  1.94469584 -5.36219782]
Epoch 161, t=2460388.386508249:
  TLE_ECI: r=[-7484.32517022  1335.0240605  -1326.04680572], v=[-1.62819701 -2.71643494  6.45338999]
  RK45_ECI: r=[ 6139.71351709 -2405.03633915  4035.58668432], v=[ 4.33964514  1.96029843 -5.38497439]
Epoch 162, t=2460388.3865835126:
  TLE_ECI: r=[-7530.83453576  1249.45046212 -1131.94994431], v=[-1.43136748 -2.75082364  6.48546787]
  RK45_ECI: r=[ 6168.95470683 -2389.32472673  4000.49336058], v=[ 4.3042017   1.97579592 -5.40755314]
Epoch 163, t=2460388.386658776:
  TLE_ECI: r=[-7571.3804444   1162.85929098  -936.96693848], v=[-1.23338072 -2.782878    6.51246882]
  RK45_ECI: r=[ 6197.95751851 -2373.49877236  3965.25370973], v=[ 4.26858882  1.9911877  -5.42993349]
Epoch 164, t=2460388.386734039:
  TLE_ECI: r=[-7605.93007689  1075.32383532  -741.25043232], v=[-1.03439462 -2.81257162  6.53437118]
  RK45_ECI: r=[ 6226.72040425 -2357.5594798   3929.86952254], v=[ 4.2328084   2.00647287 -5.4521143 ]
Epoch 165, t=2460388.3868093025:
  TLE_ECI: r=[-7634.45540879   986.91809332  -544.95365874], v=[-0.83456794 -2.83988011  6.55115733]
  RK45_ECI: r=[ 6255.24262813 -2341.50743886  3894.3416008 ], v=[ 4.19686137  2.02165093 -5.47409509]
Epoch 166, t=2460388.386884566:
  TLE_ECI: r=[-7656.93321481   897.716843    -348.23031698], v=[-0.63406015 -2.86478115  6.5628138 ]
  RK45_ECI: r=[ 6283.52304897 -2325.34347992  3858.67124656], v=[ 4.16074916  2.03672116 -5.49587505]
Epoch 167, t=2460388.3869598294:
  TLE_ECI: r=[-7673.34510211   807.7954893   -151.23444957], v=[-0.43303132 -2.88725445  6.56933118]
  RK45_ECI: r=[ 6311.5602905  -2309.06854554  3822.86010389], v=[ 4.12447354  2.05168273 -5.51745321]
Epoch 168, t=2460388.387035093:
  TLE_ECI: r=[-7683.67752272   717.23002154    45.87968091], v=[-0.23164197 -2.90728184  6.5707042 ]
  RK45_ECI: r=[ 6339.35349406 -2292.68333471  3786.90915098], v=[ 4.08803562  2.06653506 -5.53882897]
Epoch 169, t=2460388.387110356:
  TLE_ECI: r=[-7687.9217834    626.09697112   242.95771541], v=[-0.03005292 -2.92484725  6.5669317 ]
  RK45_ECI: r=[ 6366.901177   -2276.18888421  3750.82021434], v=[ 4.05143734  2.0812773  -5.56000128]
Epoch 170, t=2460388.387185619:
  TLE_ECI: r=[-7686.07406083   534.47325515   439.84532203], v=[ 0.17157484 -2.93993672  6.55801664]
  RK45_ECI: r=[ 6394.20263513 -2259.58580129  3714.59411118], v=[ 4.01467966  2.09590893 -5.58096966]
Epoch 171, t=2460388.3872608826:
  TLE_ECI: r=[-7678.13539322   442.43624625   636.38831958], v=[ 0.37308026 -2.95253842  6.54396609]
  RK45_ECI: r=[ 6421.25677642 -2242.87494197  3678.23216893], v=[ 3.97776404  2.11042929 -5.60173335]
Epoch 172, t=2460388.387336146:
  TLE_ECI: r=[-7664.11168773   350.06361579   832.4328011 ], v=[ 0.5743024  -2.96264266  6.52479127]
  RK45_ECI: r=[ 6448.06228487 -2226.05727826  3641.73606302], v=[ 3.94069229  2.12483757 -5.62229143]
Epoch 173, t=2460388.387411409:
  TLE_ECI: r=[-7644.0137128    257.43331241  1027.82525704], v=[ 0.77508053 -2.9702419   6.50050745]
  RK45_ECI: r=[ 6474.61809531 -2209.13367899  3605.1071344 ], v=[ 3.90346588  2.13913311 -5.64264313]
Epoch 174, t=2460388.3874866725:
  TLE_ECI: r=[-7617.85709241   164.62340521  1222.41269812], v=[ 0.97525435 -2.97533073  6.47113402]
  RK45_ECI: r=[ 6500.92352605 -2192.10476371  3568.34621025], v=[ 3.86608577  2.15331543 -5.66278803]
Epoch 175, t=2460388.387561936:
  TLE_ECI: r=[-7585.66228762    71.7121519   1416.04277765], v=[ 1.174664   -2.97790593  6.43669443]
  RK45_ECI: r=[ 6526.97717121 -2174.97160526  3531.45515576], v=[ 3.82855398  2.1673837  -5.6827251 ]
Epoch 176, t=2460388.3876371994:
  TLE_ECI: r=[-7547.45458324   -21.22215805  1608.56391333], v=[ 1.37315031 -2.97796641  6.39721618]
  RK45_ECI: r=[ 6552.77823358 -2157.73493473  3494.43497793], v=[ 3.79087164  2.18133738 -5.70245383]
Epoch 177, t=2460388.387712463:
  TLE_ECI: r=[-7503.26406548  -114.10124802  1799.82540822], v=[ 1.57055486 -2.97551324  6.35273079]
  RK45_ECI: r=[ 6578.32545888 -2140.39575244  3457.2873821 ], v=[ 3.75304061  2.1951757  -5.7219733 ]
Epoch 178, t=2460388.387787726:
  TLE_ECI: r=[-7453.12559719  -206.84689955  1989.67757098], v=[ 1.76672014 -2.97054965  6.30327376]
  RK45_ECI: r=[ 6603.61783277 -2122.95495093  3420.01373254], v=[ 3.71506238  2.20889803 -5.74128284]
Epoch 179, t=2460388.387862989:
  TLE_ECI: r=[-7397.0787864   -299.38110588  2177.97183513], v=[ 1.96148973 -2.963081    6.24888457]
  RK45_ECI: r=[ 6628.65470646 -2105.41316636  3382.61487058], v=[ 3.67693795  2.22250393 -5.760382  ]
Epoch 180, t=2460388.3879382527:
  TLE_ECI: r=[-7335.16795575  -391.62600732  2364.56087721], v=[ 2.15470832 -2.9531148   6.1896066 ]
  RK45_ECI: r=[ 6653.43474234 -2087.77150171  3345.09269336], v=[ 3.63866935  2.23599257 -5.77926985]
Epoch 181, t=2460388.388013516:
  TLE_ECI: r=[-7267.44210359  -483.50404579  2549.29873387], v=[ 2.34622194 -2.9406607   6.12548714]
  RK45_ECI: r=[ 6677.95718292 -2070.03070663  3307.44822462], v=[ 3.60025777  2.24936346 -5.79794587]
Epoch 182, t=2460388.3880887795:
  TLE_ECI: r=[-7193.95486317  -574.93800797  2732.04091764], v=[ 2.53587805 -2.92573044  6.05657727]
  RK45_ECI: r=[ 6702.22083673 -2052.19180847  3269.68319796], v=[ 3.56170506  2.26261587 -5.81640922]
Epoch 183, t=2460388.3881640425:
  TLE_ECI: r=[-7114.76445954  -665.85107043  2912.64453135], v=[ 2.72352564 -2.90833791  5.98293191]
  RK45_ECI: r=[ 6726.22474125 -2034.25572294  3231.79899969], v=[ 3.52301279  2.27574918 -5.83465925]
Epoch 184, t=2460388.388239306:
  TLE_ECI: r=[-7029.93365325  -756.1669482   3090.96838103], v=[ 2.90901543 -2.88849902  5.90460969]
  RK45_ECI: r=[ 6749.96828124 -2016.22310173  3193.79648449], v=[ 3.48418194  2.28876297 -5.85269557]
Epoch 185, t=2460388.3883145694:
  TLE_ECI: r=[-6939.52969866  -845.80983374  3266.87308738], v=[ 3.0921999  -2.86623182  5.82167294]
  RK45_ECI: r=[ 6773.45018894 -1998.09507627  3155.67757961], v=[ 3.44521459  2.30165646 -5.87051725]
Epoch 186, t=2460388.388389833:
  TLE_ECI: r=[-6843.62428078  -934.70454469  3440.22119543], v=[ 3.27293348 -2.84155636  5.7341876 ]
  RK45_ECI: r=[ 6796.66974703 -1979.8724144   3117.44332461], v=[ 3.40611195  2.31442919 -5.88812385]
Epoch 187, t=2460388.3884650962:
  TLE_ECI: r=[-6742.29345719 -1022.77656632  3610.87728255], v=[ 3.45107263 -2.81449477  5.6422232 ]
  RK45_ECI: r=[ 6819.62582821 -1961.55616918  3079.09547967], v=[ 3.36687592  2.32708044 -5.90551456]
Epoch 188, t=2460388.388540359:
  TLE_ECI: r=[-6635.61759791 -1109.95209466  3778.70806457], v=[ 3.62647596 -2.78507115  5.54585276]
  RK45_ECI: r=[ 6842.31752268 -1943.14727823  3040.63545186], v=[ 3.32750806  2.33960965 -5.92268877]
Epoch 189, t=2460388.3886156227:
  TLE_ECI: r=[-6523.68130589 -1196.15817686  3943.58249999], v=[ 3.79900437 -2.75331159  5.44515276]
  RK45_ECI: r=[ 6864.74424953 -1924.64640776  3002.06410832], v=[ 3.28800941  2.35201639 -5.9396461 ]
Epoch 190, t=2460388.388690886:
  TLE_ECI: r=[-6406.57336567 -1281.32265396  4105.37189221], v=[ 3.96852113 -2.71924416  5.34020303]
  RK45_ECI: r=[ 6886.9048119  -1906.05471676  2963.38340472], v=[ 3.24838207  2.36429996 -5.95638572]
Epoch 191, t=2460388.3887661495:
  TLE_ECI: r=[-6284.38665761 -1365.37430052  4263.94998966], v=[ 4.134892   -2.68289882  5.23108672]
  RK45_ECI: r=[ 6908.79853351 -1887.37299005  2924.59439529], v=[ 3.20862726  2.37645988 -5.97290718]
Epoch 192, t=2460388.3888414125:
  TLE_ECI: r=[-6157.21808853 -1448.24284582  4419.19308374], v=[ 4.29798531 -2.64430748  5.1178902 ]
  RK45_ECI: r=[ 6930.4242501  -1868.60239839  2885.69904805], v=[ 3.1687471   2.38849545 -5.98920966]
Epoch 193, t=2460388.388916676:
  TLE_ECI: r=[-6025.1684951  -1529.85910521  4570.98010453], v=[ 4.45767214 -2.60350385  5.00070299]
  RK45_ECI: r=[ 6951.78141216 -1849.74362032  2846.69824104], v=[ 3.12874264  2.40040627 -6.00529283]
Epoch 194, t=2460388.3889919394:
  TLE_ECI: r=[-5888.34258586 -1610.15492742  4719.19271431], v=[ 4.6138263  -2.56052354  4.8796177 ]
  RK45_ECI: r=[ 6972.86916696 -1830.79761598  2807.59340146], v=[ 3.08861547  2.41219181 -6.02115609]
Epoch 195, t=2460388.389067203:
  TLE_ECI: r=[-5746.84883902 -1689.06332497  4863.71539856], v=[ 4.76632454 -2.51540394  4.75472991]
  RK45_ECI: r=[ 6993.68649206 -1811.76547675  2768.38632868], v=[ 3.04836754  2.42385141 -6.03679875]
Epoch 196, t=2460388.3891424662:
  TLE_ECI: r=[-5600.79941793 -1766.51851052  5004.43555461], v=[ 4.91504655 -2.46818418  4.62613815]
  RK45_ECI: r=[ 7014.23275291 -1792.64800368  2729.07809071], v=[ 3.00800009  2.43538466 -6.05222039]
Epoch 197, t=2460388.389217729:
  TLE_ECI: r=[-5450.31008491 -1842.45593517  5141.24357787], v=[ 5.05987514 -2.41890516  4.49394374]
  RK45_ECI: r=[ 7034.50685788 -1773.44639267  2689.6706812 ], v=[ 2.96751529  2.44679087 -6.06742026]
Epoch 198, t=2460388.3892929927:
  TLE_ECI: r=[-5295.5000858  -1916.81240597  5274.03294533], v=[ 5.20069624 -2.36760943  4.35825078]
  RK45_ECI: r=[ 7054.5082928  -1754.16133576  2650.16498909], v=[ 2.92691419  2.45806969 -6.08239803]
Epoch 199, t=2460388.389368256:
  TLE_ECI: r=[-5136.49208496 -1989.52604015  5402.70029671], v=[ 5.33739906 -2.31434122  4.219166  ]
  RK45_ECI: r=[ 7074.23625953 -1734.79381229  2610.56245956], v=[ 2.88619839  2.4692206  -6.09715317]
Epoch 200, t=2460388.3894435195:
  TLE_ECI: r=[-4973.41204504 -2060.53638107  5527.14551283], v=[ 5.46987611 -2.25914634  4.07679872]
  RK45_ECI: r=[ 7093.68980253 -1715.34493618  2570.86491424], v=[ 2.8453699   2.480243   -6.11168501]
Epoch 201, t=2460388.389518783:
  TLE_ECI: r=[-4806.38913057 -2129.78443101  5647.27179126], v=[ 5.59802332 -2.20207222  3.93126072]
  RK45_ECI: r=[ 7112.86832953 -1695.81552355  2531.07343384], v=[ 2.80442995  2.49113647 -6.12599321]
Epoch 202, t=2460388.389594046:
  TLE_ECI: r=[-4635.55561043 -2197.21268535  5762.98571942], v=[ 5.72174008 -2.14316777  3.78266619]
  RK45_ECI: r=[ 7131.77082274 -1676.20679417  2491.19003583], v=[ 2.76338077  2.5019004  -6.14007702]
Epoch 203, t=2460388.3896693094:
  TLE_ECI: r=[-4461.046726   -2262.76523441  5874.19734468], v=[ 5.84092936 -2.08248339  3.63113159]
  RK45_ECI: r=[ 7150.39688685 -1656.51937566  2451.21543137], v=[ 2.72222319  2.51253448 -6.15393625]
Epoch 204, t=2460388.389744573:
  TLE_ECI: r=[-4283.00062113 -2326.38772496  5980.82024192], v=[ 5.95549772 -2.02007091  3.47677559]
  RK45_ECI: r=[ 7168.7455299  -1636.75449588  2411.15164563], v=[ 2.68095945  2.52303809 -6.16757019]
Epoch 205, t=2460388.3898198362:
  TLE_ECI: r=[-4101.55820639 -2388.02746037  6082.77157806], v=[ 6.06535543 -1.95598359  3.31971898]
  RK45_ECI: r=[ 7186.81611337 -1616.91305961  2370.99995739], v=[ 2.63959098  2.53341081 -6.18097844]
Epoch 206, t=2460388.3898950997:
  TLE_ECI: r=[-3916.86305323 -2447.6334286   6179.97217381], v=[ 6.17041649 -1.89027599  3.16008454]
  RK45_ECI: r=[ 7204.60800484 -1596.99597396  2330.76164686], v=[ 2.59811926  2.54365221 -6.19416059]
Epoch 207, t=2460388.3899703627:
  TLE_ECI: r=[-3729.06128693 -2505.15633248  6272.34656255], v=[ 6.2705987  -1.82300402  2.99799697]
  RK45_ECI: r=[ 7222.12026138 -1577.00448062  2290.43875341], v=[ 2.55654648  2.5537617  -6.20711599]
Epoch 208, t=2460388.390045626:
  TLE_ECI: r=[-3538.30144201 -2560.54867291  6359.82304619], v=[ 6.36582375 -1.75422477  2.83358279]
  RK45_ECI: r=[ 7239.35251748 -1556.93921787  2250.03199531], v=[ 2.51487355  2.56373901 -6.21984444]
Epoch 209, t=2460388.3901208895:
  TLE_ECI: r=[-3344.73438767 -2613.76472003  6442.3337483 ], v=[ 6.45601722 -1.68399658  2.66697024]
  RK45_ECI: r=[ 7256.30385641 -1536.80143483  2209.54341902], v=[ 2.47310269  2.57358356 -6.23234531]
Epoch 210, t=2460388.390196153:
  TLE_ECI: r=[-3148.51318028 -2664.76059463  6519.81466406], v=[ 6.54110867 -1.61237893  2.49828917]
  RK45_ECI: r=[ 7272.97368932 -1516.5920514   2168.97431608], v=[ 2.43123538  2.58329494 -6.24461823]
Epoch 211, t=2460388.390271416:
  TLE_ECI: r=[-2949.79295777 -2713.49428293  6592.2057074 ], v=[ 6.62103167 -1.53943244  2.32767095]
  RK45_ECI: r=[ 7289.36135631 -1496.31208981  2128.32617032], v=[ 2.38927327  2.59287273 -6.25666277]
Epoch 212, t=2460388.3903466794:
  TLE_ECI: r=[-2748.73078599 -2759.92570527  6659.450755  ], v=[ 6.69572384 -1.4652187   2.15524838]
  RK45_ECI: r=[ 7305.46622196 -1475.96251138  2087.60046821], v=[ 2.34721804  2.60231649 -6.26847852]
Epoch 213, t=2460388.390421943:
  TLE_ECI: r=[-2545.48558281 -2804.01669382  6721.49768746], v=[ 6.7651269  -1.38980036  1.98115556]
  RK45_ECI: r=[ 7321.28771929 -1455.54426477  2046.79850737], v=[ 2.30507116  2.61162586 -6.28006511]
Epoch 214, t=2460388.3904972062:
  TLE_ECI: r=[-2340.21796228 -2845.73105925  6778.29842731], v=[ 6.82918672 -1.31324101  1.80552784]
  RK45_ECI: r=[ 7336.82508476 -1435.05851917  2005.92216257], v=[ 2.2628347   2.62080032 -6.29142204]
Epoch 215, t=2460388.3905724697:
  TLE_ECI: r=[-2133.09011686 -2885.0346099   6829.80897406], v=[ 6.88785332 -1.23560514  1.62850166]
  RK45_ECI: r=[ 7352.07784763 -1414.50612793  1964.97254462], v=[ 2.22050994  2.62983957 -6.30254902]
Epoch 216, t=2460388.3906477327:
  TLE_ECI: r=[-1924.2656994  -2921.89517299  6875.9894362 ], v=[ 6.94108093 -1.15695809  1.45021448]
  RK45_ECI: r=[ 7367.04520176 -1393.88836934  1923.95172747], v=[ 2.17809915  2.63874306 -6.31344552]
Epoch 217, t=2460388.390722996:
  TLE_ECI: r=[-1713.90966147 -2956.28264321  6916.80406006], v=[ 6.98882804 -1.07736596  1.27080468]
  RK45_ECI: r=[ 7381.72677138 -1373.20597832  1882.8606335 ], v=[ 2.13560344  2.64751055 -6.32411132]
Epoch 218, t=2460388.3907982595:
  TLE_ECI: r=[-1502.188176   -2988.16897032  6952.22125584], v=[ 7.03105736 -0.99689561  1.09041145]
  RK45_ECI: r=[ 7396.12197254 -1352.45999724  1841.70076354], v=[ 2.09302448  2.65614161 -6.33454605]
Epoch 219, t=2460388.390873523:
  TLE_ECI: r=[-1289.26847421 -3017.52820561  6982.21362036], v=[ 7.0677359 -0.9156146  0.9091747]
  RK45_ECI: r=[ 7410.23011184 -1331.65161235  1800.47400805], v=[ 2.05036437  2.66463582 -6.34474924]
Epoch 220, t=2460388.3909487864:
  TLE_ECI: r=[-1075.31872423 -3044.33651594  7006.75795679], v=[ 7.09883499 -0.8335911   0.72723492]
  RK45_ECI: r=[ 7424.05076278 -1310.78168845  1759.18148655], v=[ 2.00762439  2.67299286 -6.35472067]
Epoch 221, t=2460388.3910240494:
  TLE_ECI: r=[ -860.50790954 -3068.57219964  7025.83529144], v=[ 7.12433027 -0.7508939   0.54473313]
  RK45_ECI: r=[ 7437.58319645 -1289.8515217   1717.82528951], v=[ 1.96480686  2.68121226 -6.36445983]
Epoch 222, t=2460388.391099313:
  TLE_ECI: r=[ -645.00566227 -3090.21571432  7039.43088722], v=[ 7.14420172 -0.66759222  0.36181075]
  RK45_ECI: r=[ 7450.82707436 -1268.86185637  1676.40634598], v=[ 1.92191286  2.68929377 -6.37396655]
Epoch 223, t=2460388.3911745762:
  TLE_ECI: r=[ -428.98218539 -3109.24967474  7047.53425435], v=[ 7.15843367 -0.58375584  0.17860949]
  RK45_ECI: r=[ 7463.78187048 -1247.81374849  1634.92616806], v=[ 1.87894411  2.69723704 -6.38324049]
Epoch 224, t=2460388.3912498397:
  TLE_ECI: r=[ -212.60808519 -3125.65887842  7050.13915774], v=[ 7.16701482e+00 -4.99454917e-01 -4.72873237e-03]
  RK45_ECI: r=[ 7476.44696211 -1226.70839981  1593.38666011], v=[ 1.8359027   2.70504164 -6.39228127]
Epoch 225, t=2460388.3913251027:
  TLE_ECI: r=[ 3.94574253e+00 -3.13943031e+03  7.04724362e+03], v=[ 7.16993824 -0.41475999 -0.18806191]
  RK45_ECI: r=[ 7488.82185451 -1205.54687305  1551.78933998], v=[ 1.79279035  2.71270723 -6.40108856]
Epoch 226, t=2460388.391400366:
  TLE_ECI: r=[  220.50828157 -3150.55317293  7038.84992957], v=[ 7.16720137 -0.32974185 -0.37124805]
  RK45_ECI: r=[ 7500.90623545 -1184.32991837  1510.13514064], v=[ 1.74960817  2.72023359 -6.40966221]
Epoch 227, t=2460388.3914756295:
  TLE_ECI: r=[  436.90847249 -3159.01885384  7024.9646253 ], v=[ 7.15880603 -0.24447158 -0.55414525]
  RK45_ECI: r=[ 7512.69946532 -1163.05885083  1468.42616898], v=[ 1.70635847  2.72762029 -6.41800181]
Epoch 228, t=2460388.391550893:
  TLE_ECI: r=[  652.97538172 -3164.82097298  7005.59850527], v=[ 7.14475841 -0.15902044 -0.73661184]
  RK45_ECI: r=[ 7524.20118935 -1141.73455126  1426.66355627], v=[ 1.66304256  2.73486707 -6.42610715]
Epoch 229, t=2460388.3916261564:
  TLE_ECI: r=[  868.53832471 -3167.9553675   6980.766612  ], v=[ 7.12506909 -0.07345983 -0.91850647]
  RK45_ECI: r=[ 7535.41085614 -1120.35823576  1384.84921894], v=[ 1.61966257  2.74197356 -6.43397789]
Epoch 230, t=2460388.3917014194:
  TLE_ECI: r=[ 1083.42698875 -3168.4201018   6950.48822283], v=[ 7.09975301  0.01213875 -1.09968817]
  RK45_ECI: r=[ 7546.32802957 -1098.93097866  1342.98468397], v=[ 1.57622022  2.74893945 -6.44161377]
Epoch 231, t=2460388.391776683:
  TLE_ECI: r=[ 1297.47160214 -3166.21545708  6914.78683575], v=[ 7.06882946  0.09770384 -1.28001655]
  RK45_ECI: r=[ 7556.95243524 -1077.45353792  1301.0708894 ], v=[ 1.53271663  2.75576454 -6.44901465]
Epoch 232, t=2460388.3918519462:
  TLE_ECI: r=[ 1510.50301017 -3161.34394772  6873.69015239], v=[ 7.03232208  0.18316395 -1.45935179]
  RK45_ECI: r=[ 7567.28351213 -1055.92724302  1259.10995451], v=[ 1.48915412  2.76244844 -6.45618018]
Epoch 233, t=2460388.3919272097:
  TLE_ECI: r=[ 1722.35284332 -3153.81030866  6827.23005772], v=[ 6.99025885  0.2684477  -1.63755482]
  RK45_ECI: r=[ 7577.32095067 -1034.35298368  1217.10301643], v=[ 1.44553402  2.76899092 -6.4631102 ]
Epoch 234, t=2460388.392002473:
  TLE_ECI: r=[ 1932.85363896 -3143.62149387  6775.4425968 ], v=[ 6.94267206  0.35348385 -1.81448739]
  RK45_ECI: r=[ 7587.06427131 -1012.73198871  1175.05200199], v=[ 1.40185847  2.77539166 -6.4698044 ]
Epoch 235, t=2460388.392077736:
  TLE_ECI: r=[ 2141.83896241 -3130.78667703  6718.36794846], v=[ 6.8895983   0.43820134 -1.99001219]
  RK45_ECI: r=[7596.51309689 -991.06534284 1132.95844569], v=[ 1.3581292   2.78165037 -6.4762626 ]
Epoch 236, t=2460388.3921529995:
  TLE_ECI: r=[ 2349.14357326 -3115.31721971  6656.05039585], v=[ 6.83107844  0.52252944 -2.16399292]
  RK45_ECI: r=[7605.66719118 -969.35381062 1090.82328993], v=[ 1.31434733  2.78776689 -6.48248465]
Epoch 237, t=2460388.392228263:
  TLE_ECI: r=[ 2554.60349882 -3097.22669804  6588.53829416], v=[ 6.76715757  0.60639766 -2.33629443]
  RK45_ECI: r=[7614.52607211 -947.59873506 1048.64866424], v=[ 1.2705152   2.79374085 -6.48847028]
Epoch 238, t=2460388.3923035264:
  TLE_ECI: r=[ 2758.05619951 -3076.53086835  6515.88403513], v=[ 6.69788504  0.68973591 -2.50678278]
  RK45_ECI: r=[7623.08947572 -925.80101309 1006.43571068], v=[ 1.22663415  2.79957209 -6.49421935]
Epoch 239, t=2460388.39237879:
  TLE_ECI: r=[ 2959.34068638 -3053.24766046  6438.14400855], v=[ 6.62331436  0.77247451 -2.67532538]
  RK45_ECI: r=[7631.35699468 -903.96188478  964.18636452], v=[ 1.18270631  2.80526028 -6.49973164]
Epoch 240, t=2460388.392454053:
  TLE_ECI: r=[ 3158.29763847 -3027.39717247  6355.37856089], v=[ 6.54350321  0.85454426 -2.84179107]
  RK45_ECI: r=[7639.32831115 -882.08244427  921.90216649], v=[ 1.13873345  2.8108052  -6.50500697]
Epoch 241, t=2460388.3925293162:
  TLE_ECI: r=[ 3354.76956372 -2999.00161814  6267.65195073], v=[ 6.45851336  0.93587655 -3.00605022]
  RK45_ECI: r=[7647.00322716 -860.16346199  879.58406233], v=[ 1.09471667  2.8162067  -6.51004525]
Epoch 242, t=2460388.3926045797:
  TLE_ECI: r=[ 3548.60086912 -2968.08536286  6175.03230146], v=[ 6.36841069  1.01640331 -3.16797482]
  RK45_ECI: r=[7654.38134023 -838.20629204  837.23418991], v=[ 1.05065834  2.82146448 -6.51484625]
Epoch 243, t=2460388.392679843:
  TLE_ECI: r=[ 3739.63801928 -2934.67486879  6077.59155084], v=[ 6.27326509  1.09605712 -3.32743859]
  RK45_ECI: r=[7661.46243202 -816.21183827  794.85369508], v=[ 1.00655979  2.82657836 -6.51940988]
Epoch 244, t=2460388.392755106:
  TLE_ECI: r=[ 3927.72964019 -2898.79869371  5975.4053977 ], v=[ 6.17315045  1.17477127 -3.4843171 ]
  RK45_ECI: r=[7668.24613619 -794.18145935  752.44471889], v=[ 0.96242339  2.83154808 -6.52373594]
Epoch 245, t=2460388.3928303695:
  TLE_ECI: r=[ 4112.72667327 -2860.48742263  5868.5532456 ], v=[ 6.06814459  1.25247986 -3.63848781]
  RK45_ECI: r=[7674.73228954 -772.11593042  710.00820955], v=[ 0.91825025  2.8363735  -6.52782436]
Epoch 246, t=2460388.392905633:
  TLE_ECI: r=[ 4294.4824423  -2819.77371031  5757.11814386], v=[ 5.95832923  1.32911773 -3.78983022]
  RK45_ECI: r=[7680.9206375  -750.0163538   667.54571252], v=[ 0.87404214  2.84105442 -6.53167502]
Epoch 247, t=2460388.3929808964:
  TLE_ECI: r=[ 4472.85280445 -2776.69221053  5641.18672542], v=[ 5.84378989  1.40462063 -3.93822594]
  RK45_ECI: r=[7686.81088907 -727.88398436  625.05917295], v=[ 0.82980121  2.84559061 -6.53528778]
Epoch 248, t=2460388.39305616:
  TLE_ECI: r=[ 4647.69625666 -2731.27955898  5520.84914206], v=[ 5.72461589  1.47892522 -4.08355879]
  RK45_ECI: r=[7692.40287188 -705.71973154  582.54973935], v=[ 0.78552881  2.84998193 -6.53866257]
Epoch 249, t=2460388.393131423:
  TLE_ECI: r=[ 4818.87404081 -2683.5743576   5396.19899673], v=[ 5.60090024  1.55196913 -4.22571488]
  RK45_ECI: r=[7697.69629948 -683.52496307  540.01955827], v=[ 0.74122728  2.85422816 -6.54179925]
Epoch 250, t=2460388.3932066862:
  TLE_ECI: r=[ 4986.25028673 -2633.61708713  5267.33327304], v=[ 5.47273961  1.62369105 -4.36458273]
  RK45_ECI: r=[7702.6910473  -661.30045817  497.46957948], v=[ 0.69689779  2.85832917 -6.54469779]
Epoch 251, t=2460388.3932819497:
  TLE_ECI: r=[ 5149.69207349 -2581.45015743  5134.35226222], v=[ 5.34023422  1.69403073 -4.50005333]
  RK45_ECI: r=[7707.38692053 -639.04732574  454.90135173], v=[ 0.65254207  2.86228482 -6.54735812]
Epoch 252, t=2460388.393357213:
  TLE_ECI: r=[ 5309.06956856 -2527.11781771  4997.35948712], v=[ 5.20348782  1.76292904 -4.63202026]
  RK45_ECI: r=[7711.78370119 -616.76682803  412.31682394], v=[ 0.60816229  2.86609491 -6.54978013]
Epoch 253, t=2460388.3934324766:
  TLE_ECI: r=[ 5464.25612469 -2470.66613378  4856.46162373], v=[ 5.06260757  1.83032806 -4.76037975]
  RK45_ECI: r=[7715.88126294 -594.45987877  369.71714625], v=[ 0.56375979  2.86975933 -6.55196379]
Epoch 254, t=2460388.3935077395:
  TLE_ECI: r=[ 5615.12837516 -2412.14296706  4711.76841998], v=[ 4.91770399  1.89617108 -4.88503077]
  RK45_ECI: r=[7719.67939953 -572.12785329  327.10446862], v=[ 0.51933695  2.8732779  -6.55390905]
Epoch 255, t=2460388.393583003:
  TLE_ECI: r=[ 5761.56636268 -2351.59786937  4563.39261201], v=[ 4.76889087  1.96040271 -5.00587515]
  RK45_ECI: r=[7723.17802501 -549.77153409  284.47974163], v=[ 0.47489489  2.87665053 -6.55561586]
Epoch 256, t=2460388.3936582664:
  TLE_ECI: r=[ 5903.45359385 -2289.08213969  4411.44983798], v=[ 4.61628519  2.02296887 -5.12281762]
  RK45_ECI: r=[7726.37700449 -527.3920351   241.84451572], v=[ 0.43043539  2.87987709 -6.55708423]
Epoch 257, t=2460388.39373353:
  TLE_ECI: r=[ 6040.67716318 -2224.64871717  4256.05854931], v=[ 4.460007    2.08381686 -5.23576589]
  RK45_ECI: r=[7729.27619322 -504.99062435  199.20074187], v=[ 0.38596059  2.88295745 -6.5583141 ]
Epoch 258, t=2460388.3938087933:
  TLE_ECI: r=[ 6173.127838   -2158.35215348  4097.33991955], v=[ 4.30017939  2.14289542 -5.34463078]
  RK45_ECI: r=[7731.87551086 -482.56821941  156.54957071], v=[ 0.34147186  2.88589151 -6.55930547]
Epoch 259, t=2460388.3938840562:
  TLE_ECI: r=[ 6300.70014223 -2090.24858531  3935.41775101], v=[ 4.13692836  2.20015473 -5.44932624]
  RK45_ECI: r=[7734.17483158 -460.12620078  113.89315371], v=[ 0.29697156  2.88867914 -6.56005834]
Epoch 260, t=2460388.3939593197:
  TLE_ECI: r=[ 6423.29246745 -2020.39561512  3770.4183789 ], v=[ 3.9703827   2.25554656 -5.54976947]
  RK45_ECI: r=[7736.17411574 -437.66526551   71.23224102], v=[ 0.25246061  2.89132029 -6.56057272]
Epoch 261, t=2460388.394034583:
  TLE_ECI: r=[ 6540.80711946 -1948.85237199  3602.47057346], v=[ 3.80067394  2.30902418 -5.64588093]
  RK45_ECI: r=[7737.87326536 -415.18679603   28.56898409], v=[ 0.20794141  2.89381483 -6.56084861]
Epoch 262, t=2460388.3941098466:
  TLE_ECI: r=[ 6653.15042405 -1875.67938959  3431.70543991], v=[ 3.62793623  2.3605425  -5.7375845 ]
  RK45_ECI: r=[7739.27223204 -392.6917999   -14.09526658], v=[ 0.16341549  2.89616269 -6.56088606]
Epoch 263, t=2460388.3941851095:
  TLE_ECI: r=[ 6760.23279287 -1800.93859366  3258.25631619], v=[ 3.45230622  2.41005804 -5.82480747]
  RK45_ECI: r=[7740.37096917 -370.18139637  -56.75896046], v=[ 0.11888462  2.89836381 -6.56068508]
Epoch 264, t=2460388.394260373:
  TLE_ECI: r=[ 6861.96881916 -1724.69317066  3082.2586689 ], v=[ 3.27392295  2.45752905 -5.90748063]
  RK45_ECI: r=[7741.1694454  -347.65663672  -99.42054726], v=[ 0.07435054  2.90041811 -6.56024572]
Epoch 265, t=2460388.3943356364:
  TLE_ECI: r=[ 6958.27731631 -1647.00763303  2903.84998725], v=[ 3.09292777  2.5029155  -5.98553836]
  RK45_ECI: r=[7741.66763884 -325.11855258 -142.0786772 ], v=[ 0.02981482  2.90232553 -6.55956803]
Epoch 266, t=2460388.3944109:
  TLE_ECI: r=[ 7049.08140737 -1567.94768611  2723.16967516], v=[ 2.9094642   2.54617909 -6.05891864]
  RK45_ECI: r=[7741.86553658 -302.5684187  -184.73140026], v=[-0.0147204   2.90408602 -6.55865207]
Epoch 267, t=2460388.3944861633:
  TLE_ECI: r=[ 7134.30858367 -1487.58019215  2540.3589417 ], v=[ 2.72367782  2.58728335 -6.12756315]
  RK45_ECI: r=[7741.76314313 -280.00724446 -227.37736745], v=[-0.05925356  2.90569953 -6.55749791]
Epoch 268, t=2460388.3945614262:
  TLE_ECI: r=[ 7213.89076126 -1405.97313536  2355.56068985], v=[ 2.53571617  2.62619361 -6.19141728]
  RK45_ECI: r=[7741.36047184 -257.436151   -270.01503003], v=[-0.10378289  2.90716601 -6.55610563]
Epoch 269, t=2460388.3946366897:
  TLE_ECI: r=[ 7287.76435471 -1323.19547954  2168.91940368], v=[ 2.34572857  2.66287712 -6.25043023]
  RK45_ECI: r=[7740.65755037 -234.85619146 -312.64283983], v=[-0.14830666  2.90848545 -6.55447531]
Epoch 270, t=2460388.394711953:
  TLE_ECI: r=[ 7355.87030501 -1239.31723571  1980.58103414], v=[ 2.1538661   2.69730298 -6.30455502]
  RK45_ECI: r=[7739.65440999 -212.26839832 -355.25944918], v=[-0.19282331  2.90965782 -6.55260704]
Epoch 271, t=2460388.3947872166:
  TLE_ECI: r=[ 7418.15414634 -1154.40931905  1790.69288348], v=[ 1.96028136  2.72944221 -6.35374853]
  RK45_ECI: r=[7738.35111101 -189.67404797 -397.86291115], v=[-0.23733068  2.91068308 -6.55050094]
Epoch 272, t=2460388.39486248:
  TLE_ECI: r=[ 7474.56604752 -1068.54350946  1599.40348839], v=[ 1.76512844  2.75926782 -6.39797159]
  RK45_ECI: r=[7736.74770211 -167.07406185 -440.45207931], v=[-0.28182743  2.91156125 -6.54815709]
Epoch 273, t=2460388.394937743:
  TLE_ECI: r=[7525.06085114 -981.79241203 1406.86250203], v=[ 1.56856274  2.78675476 -6.43718895]
  RK45_ECI: r=[7734.84428239 -144.46982797 -483.02480868], v=[-0.32631119  2.91229229 -6.54557567]
Epoch 274, t=2460388.3950130064:
  TLE_ECI: r=[7569.59812336 -894.22930757 1213.22057498], v=[ 1.37074084  2.81188    -6.47136935]
  RK45_ECI: r=[7732.64091257 -121.86213332 -525.58015407], v=[-0.37078084  2.91287624 -6.54275675]
Epoch 275, t=2460388.39508827:
  TLE_ECI: r=[7608.14216999 -805.92822169 1018.62923531], v=[ 1.17182039  2.83462253 -6.50048555]
  RK45_ECI: r=[7730.13768558  -99.25209933 -568.11657143], v=[-0.41523462  2.91331308 -6.53970049]
Epoch 276, t=2460388.3951635333:
  TLE_ECI: r=[7640.66207891 -716.96377384  823.2407678 ], v=[ 0.97195996  2.85496338 -6.52451434]
  RK45_ECI: r=[7727.33473483  -76.64100249 -610.6321186 ], v=[-0.45967038  2.91360285 -6.53640704]
Epoch 277, t=2460388.3952387967:
  TLE_ECI: r=[7667.13174306 -627.41113539  627.20809244], v=[ 0.77131894  2.87288564 -6.54343657]
  RK45_ECI: r=[7724.23215486  -54.02976345 -653.12565277], v=[-0.50408677  2.91374555 -6.53287655]
Epoch 278, t=2460388.3953140597:
  TLE_ECI: r=[7687.5298809  -537.34598789  430.68464236], v=[ 0.57005735  2.88837447 -6.55723719]
  RK45_ECI: r=[7720.83012489  -31.41976985 -695.59503496], v=[-0.54848144  2.91374124 -6.52910922]
Epoch 279, t=2460388.395389323:
  TLE_ECI: r=[7701.84006099 -446.84436819  233.82424128], v=[ 0.36833573  2.90141713 -6.56590521]
  RK45_ECI: r=[7717.128744     -8.8118076  -738.03932356], v=[-0.59285327  2.91358993 -6.52510518]
Epoch 280, t=2460388.3954645866:
  TLE_ECI: r=[7710.05070556 -355.98273839   36.78098053], v=[ 0.16631505  2.91200296 -6.56943377]
  RK45_ECI: r=[7713.12816484   13.79300302 -780.45697958], v=[-0.6372005   2.91329168 -6.5208646 ]
Epoch 281, t=2460388.39553985:
  TLE_ECI: r=[7712.15510744 -264.83783038 -160.29090404], v=[-0.03584352  2.92012344 -6.56782009]
  RK45_ECI: r=[7708.82859364   36.39338697 -822.84606754], v=[-0.68152099  2.91284654 -6.51638772]
Epoch 282, t=2460388.395615113:
  TLE_ECI: r=[7708.15143327 -173.48662521 -357.23715547], v=[-0.23797864  2.92577214 -6.56106553]
  RK45_ECI: r=[7704.23021517   58.9882249  -865.20505174], v=[-0.725813    2.91225458 -6.51167473]
Epoch 283, t=2460388.3956903764:
  TLE_ECI: r=[7698.04272733  -82.00619675 -553.90361894], v=[-0.43992904  2.92894477 -6.54917554]
  RK45_ECI: r=[7699.33315503   81.57673233 -907.53299355], v=[-0.77007541  2.91151584 -6.50672579]
Epoch 284, t=2460388.39576564:
  TLE_ECI: r=[7681.83690503    9.52621881 -750.13636503], v=[-0.6415336   2.92963916 -6.53215968]
  RK45_ECI: r=[7694.13768397  104.15752435 -949.82776345], v=[-0.81430586  2.91063041 -6.50154116]
Epoch 285, t=2460388.3958409033:
  TLE_ECI: r=[7659.54674896  101.03337931 -945.78181272], v=[-0.84263147  2.92785525 -6.51003162]
  RK45_ECI: r=[7688.64396959  126.72968351 -992.08822642], v=[-0.85850304  2.90959836 -6.49612105]
Epoch 286, t=2460388.3959161667:
  TLE_ECI: r=[ 7631.18989723   192.43808008 -1140.68685206], v=[-1.04306225  2.92359514 -6.48280909]
  RK45_ECI: r=[ 7682.85229071   149.29193756 -1034.31245535], v=[-0.9026648   2.9084198  -6.49046571]
Epoch 287, t=2460388.3959914297:
  TLE_ECI: r=[ 7596.7888293    283.66319791 -1334.69896642], v=[-1.24266609  2.91686302 -6.4505139 ]
  RK45_ECI: r=[ 7676.76289139   171.84317031 -1076.49892186], v=[-0.94678941  2.90709481 -6.48457541]
Epoch 288, t=2460388.396066693:
  TLE_ECI: r=[ 7556.37084379   374.63184614 -1527.6663541 ], v=[-1.44128387  2.90766523 -6.41317189]
  RK45_ECI: r=[ 7670.37593532   194.38259994 -1118.64669232], v=[-0.99087575  2.90562347 -6.4784503 ]
Epoch 289, t=2460388.3961419566:
  TLE_ECI: r=[ 7509.96803951   465.26730625 -1719.43804936], v=[-1.6387573   2.89601017 -6.37081294]
  RK45_ECI: r=[ 7663.69177265   216.90884557 -1160.75364741], v=[-1.0349215   2.90400592 -6.47209074]
Epoch 290, t=2460388.39621722:
  TLE_ECI: r=[ 7457.61728577   555.49318269 -1909.86404257], v=[-1.83492904  2.8819084  -6.32347091]
  RK45_ECI: r=[ 7656.71061635   239.42099302 -1202.81865843], v=[-1.07892532  2.90224225 -6.46549693]
Epoch 291, t=2460388.3962924834:
  TLE_ECI: r=[ 7399.36019175   645.2334457  -2098.79539954], v=[-2.02964285  2.86537254 -6.27118363]
  RK45_ECI: r=[ 7649.43281743   261.9177746  -1244.83980839], v=[-1.1228851   2.90033261 -6.45866921]
Epoch 292, t=2460388.3963677464:
  TLE_ECI: r=[ 7335.24307346   734.41247451 -2286.08437976], v=[-2.22274374  2.84641727 -6.21399283]
  RK45_ECI: r=[ 7641.85867895   284.3980785  -1286.81557761], v=[-1.1667991   2.89827711 -6.45160786]
Epoch 293, t=2460388.39644301:
  TLE_ECI: r=[ 7265.31690633   822.9552079  -2471.58455359], v=[-2.41407807  2.82505936 -6.15194416]
  RK45_ECI: r=[ 7633.9884024    306.86112637 -1328.7450383 ], v=[-1.21066623  2.89607588 -6.44431309]
Epoch 294, t=2460388.3965182733:
  TLE_ECI: r=[ 7189.63729445   910.78707818 -2655.15091819], v=[-2.6034937   2.80131761 -6.08508708]
  RK45_ECI: r=[ 7625.82241695   329.30554291 -1370.62608332], v=[-1.25448415  2.89372907 -6.43678529]
Epoch 295, t=2460388.3965935367:
  TLE_ECI: r=[ 7108.26441591   997.83416114 -2836.64001215], v=[-2.79084006  2.77521284 -6.01347488]
  RK45_ECI: r=[ 7617.3609806    351.73041843 -1412.45759126], v=[-1.29825158  2.89123683 -6.42902471]
Epoch 296, t=2460388.3966687997:
  TLE_ECI: r=[ 7021.26297745  1084.02319622 -3015.91002867], v=[-2.97596836  2.74676789 -5.93716457]
  RK45_ECI: r=[ 7608.60455819   374.13438063 -1454.23746108], v=[-1.34196617  2.88859933 -6.42103177]
Epoch 297, t=2460388.396744063:
  TLE_ECI: r=[ 6928.70214771  1169.28173112 -3192.82092723], v=[-3.15873165  2.71600755 -5.85621687]
  RK45_ECI: r=[ 7599.55338525   396.51665485 -1495.96477101], v=[-1.38562684  2.88581671 -6.41280669]
Epoch 298, t=2460388.3968193266:
  TLE_ECI: r=[ 6830.65551777  1253.53805845 -3367.23454364], v=[-3.33898495  2.68295858 -5.77069614]
  RK45_ECI: r=[ 7590.20782691   418.87613563 -1537.63801215], v=[-1.42923188  2.88288913 -6.40434981]
Epoch 299, t=2460388.39689459:
  TLE_ECI: r=[ 6727.20102769  1336.72135954 -3539.01469844], v=[-3.51658537  2.64764969 -5.68067032]
  RK45_ECI: r=[ 7580.56834879   441.2115656  -1579.25528734], v=[-1.47277919  2.8798168  -6.39566155]
Epoch 300, t=2460388.3969698534:
  TLE_ECI: r=[ 6618.42090467  1418.76174253 -3708.02730338], v=[-3.69139225  2.61011147 -5.58621088]
  RK45_ECI: r=[ 7570.6352536    463.52204032 -1620.81548351], v=[-1.51626746  2.87659988 -6.38674218]
Epoch 301, t=2460388.3970451164:
  TLE_ECI: r=[ 6504.40159905  1499.59028235 -3874.14046615], v=[-3.86326721  2.57037638 -5.48739272]
  RK45_ECI: r=[ 7560.40908443   485.8061955  -1662.31651455], v=[-1.5596944   2.8732386  -6.37759218]
Epoch 302, t=2460388.39712038:
  TLE_ECI: r=[ 6385.23369524  1579.13915503 -4037.22459305], v=[-4.03207433  2.5284787  -5.38429417]
  RK45_ECI: r=[ 7549.89011401   508.06326171 -1703.75746619], v=[-1.60305892  2.8697331  -6.36821181]
Epoch 303, t=2460388.3971956433:
  TLE_ECI: r=[ 6261.01186258  1657.34157853 -4197.15248968], v=[-4.19768022  2.48445457 -5.27699684]
  RK45_ECI: r=[ 7539.07876563   530.29214066 -1745.136841  ], v=[-1.64635932  2.8660836  -6.35860142]
Epoch 304, t=2460388.3972709067:
  TLE_ECI: r=[ 6131.83476036  1734.13194572 -4353.7994595 ], v=[-4.3599541   2.43834184 -5.16558563]
  RK45_ECI: r=[ 7527.9755758    552.4915829  -1786.45275648], v=[-1.68959352  2.86229034 -6.34876152]
Epoch 305, t=2460388.39734617:
  TLE_ECI: r=[ 5997.80496064  1809.44585984 -4507.04340014], v=[-4.51876795  2.39018015 -5.05014857]
  RK45_ECI: r=[ 7516.58089158   574.66069076 -1827.7041089 ], v=[-1.73276024  2.8583535  -6.33869238]
Epoch 306, t=2460388.397421433:
  TLE_ECI: r=[ 5859.02886973  1883.22017022 -4656.7648976 ], v=[-4.67399658  2.34001082 -4.93077682]
  RK45_ECI: r=[ 7504.89533361   596.79810951 -1868.88882895], v=[-1.77585719  2.85427336 -6.32839457]
Epoch 307, t=2460388.3974966966:
  TLE_ECI: r=[ 5715.61661909  1955.39309397 -4802.84731786], v=[-4.82551775  2.2878768  -4.80756455]
  RK45_ECI: r=[ 7492.91921157   618.90307563 -1910.00601067], v=[-1.8188833   2.85005009 -6.31786833]
Epoch 308, t=2460388.39757196:
  TLE_ECI: r=[ 5567.68200791  2025.90416242 -4945.17689647], v=[-4.97321221  2.23382271 -4.68060888]
  RK45_ECI: r=[ 7480.6530063    640.97449915 -1951.05416948], v=[-1.86183689  2.84568394 -6.30711411]
Epoch 309, t=2460388.3976472234:
  TLE_ECI: r=[ 5415.34238893  2094.69434089 -5083.64282535], v=[-5.11696385  2.17789471 -4.55000976]
  RK45_ECI: r=[ 7468.09732464   663.0111405  -1992.03143924], v=[-1.90471589  2.84117518 -6.29613241]
Epoch 310, t=2460388.397722487:
  TLE_ECI: r=[ 5258.71857846  2161.70605957 -5218.1373373 ], v=[-5.25665974  2.12014052 -4.41586994]
  RK45_ECI: r=[ 7455.25255751   685.01210935 -2032.9367265 ], v=[-1.94751903  2.83652403 -6.28492358]
Epoch 311, t=2460388.39779775:
  TLE_ECI: r=[ 5097.93476495  2226.88324562 -5348.55578791], v=[-5.39219024  2.06060938 -4.27829485]
  RK45_ECI: r=[ 7442.11940248   706.97606217 -2073.76798069], v=[-1.99024405  2.8317308  -6.27348822]
Epoch 312, t=2460388.3978730133:
  TLE_ECI: r=[ 4933.11838278  2290.1714293  -5474.79673476], v=[-5.52344907  1.99935191 -4.1373925 ]
  RK45_ECI: r=[ 7428.6982057    728.90224221 -2114.52430491], v=[-2.03288989  2.82679571 -6.26182661]
Epoch 313, t=2460388.3979482767:
  TLE_ECI: r=[ 4764.40004795  2351.51769741 -5596.76201421], v=[-5.65033338  1.93642019 -3.99327344]
  RK45_ECI: r=[ 7414.98950502   750.7895694  -2155.2042288 ], v=[-2.07545489  2.82171901 -6.24993922]
Epoch 314, t=2460388.39802354:
  TLE_ECI: r=[ 4591.91342791  2410.87079681 -5714.35681527], v=[-5.77274384  1.87186766 -3.84605063]
  RK45_ECI: r=[ 7400.99397693   772.63681498 -2195.80590421], v=[-2.11793701  2.81650103 -6.23782662]
Epoch 315, t=2460388.398098803:
  TLE_ECI: r=[ 4415.79514756  2468.18114842 -5827.48975087], v=[-5.8905847   1.80574906 -3.69583934]
  RK45_ECI: r=[ 7386.712124     794.44298982 -2236.32805904], v=[-2.16033477  2.81114203 -6.22548924]
Epoch 316, t=2460388.3981740666:
  TLE_ECI: r=[ 4236.18465146  2523.40093913 -5936.07292629], v=[-6.00376385  1.73812038 -3.5427571 ]
  RK45_ECI: r=[ 7372.14451514   816.20708542 -2276.76923316], v=[-2.20264657  2.80564231 -6.21292756]
Epoch 317, t=2460388.39824933:
  TLE_ECI: r=[ 4053.22413538  2576.48408132 -6040.0220049 ], v=[-6.11219291  1.66903886 -3.38692357]
  RK45_ECI: r=[ 7357.29166877   837.92811612 -2317.12815887], v=[-2.24487092  2.80000212 -6.20014201]
Epoch 318, t=2460388.3983245934:
  TLE_ECI: r=[ 3867.05840496  2627.38630287 -6139.25627097], v=[-6.21578725  1.59856289 -3.22846046]
  RK45_ECI: r=[ 7342.15431652   859.60486311 -2357.40300362], v=[-2.28700582  2.79422184 -6.18713321]
Epoch 319, t=2460388.398399857:
  TLE_ECI: r=[ 3677.83476742  2676.06516996 -6233.69868966], v=[-6.31446608  1.52675198 -3.06749144]
  RK45_ECI: r=[ 7326.73299811   881.23636722 -2397.59250662], v=[-2.32904982  2.78830174 -6.17390161]
Epoch 320, t=2460388.39847512:
  TLE_ECI: r=[ 3485.70292332  2722.4801101  -6323.27596415], v=[-6.40815249  1.45366673 -2.90414202]
  RK45_ECI: r=[ 7311.02833429   902.82156414 -2437.69522076], v=[-2.37100129  2.78224215 -6.16044772]
Epoch 321, t=2460388.3985503833:
  TLE_ECI: r=[ 3290.81481628  2766.59248653 -6407.91858981], v=[-6.49677354  1.37936871 -2.73853948]
  RK45_ECI: r=[ 7295.04094896   924.35945645 -2477.70970232], v=[-2.41285862  2.77604338 -6.14677207]
Epoch 322, t=2460388.3986256467:
  TLE_ECI: r=[ 3093.32456079  2808.36556566 -6487.56090551], v=[-6.58026023  1.30392049 -2.57081276]
  RK45_ECI: r=[ 7278.77141002   945.8490692  -2517.63469818], v=[-2.45462036  2.76970574 -6.13287512]
Epoch 323, t=2460388.39870091:
  TLE_ECI: r=[ 2893.38828942  2847.76458905 -6562.14114197], v=[-6.65854762  1.22738556 -2.40109235]
  RK45_ECI: r=[ 7262.2205172    967.28919766 -2557.46839678], v=[-2.49628452  2.76322961 -6.11875755]
Epoch 324, t=2460388.3987761736:
  TLE_ECI: r=[ 2691.16403817  2884.75679018 -6631.60146707], v=[-6.73157483  1.14982827 -2.22951022]
  RK45_ECI: r=[ 7245.38878167   988.67897769 -2597.20973874], v=[-2.53784988  2.75661529 -6.10441977]
Epoch 325, t=2460388.3988514366:
  TLE_ECI: r=[ 2486.81163123  2919.31141311 -6695.88802832], v=[-6.79928512  1.07131378 -2.05619969]
  RK45_ECI: r=[ 7228.27711185  1010.0171053  -2636.8567355 ], v=[-2.57931424  2.74986321 -6.08986253]
Epoch 326, t=2460388.3989267:
  TLE_ECI: r=[ 2280.49252189  2951.39976673 -6754.95099214], v=[-6.86162586  0.99190797 -1.88129534]
  RK45_ECI: r=[ 7210.88595366  1031.30284749 -2676.40851989], v=[-2.62067658  2.74297364 -6.0750862 ]
Epoch 327, t=2460388.3990019634:
  TLE_ECI: r=[ 2072.36971748  2980.99520172 -6808.74458041], v=[-6.91854865  0.91167748 -1.70493294]
  RK45_ECI: r=[ 7193.21600116  1052.53515739 -2715.86366817], v=[-2.66193531  2.73594694 -6.06009135]
Epoch 328, t=2460388.399077227:
  TLE_ECI: r=[ 1862.60761864  3008.07316251 -6857.22710373], v=[-6.97000926  0.83068956 -1.52724929]
  RK45_ECI: r=[ 7175.26812145  1073.71284518 -2755.22039141], v=[-2.70308844  2.72878353 -6.04487868]
Epoch 329, t=2460388.3991524903:
  TLE_ECI: r=[ 1651.37189962  3032.61119889 -6900.36099183], v=[-7.01596775  0.74901209 -1.34838216]
  RK45_ECI: r=[ 7157.04286748  1094.83505803 -2794.47764413], v=[-2.74413477  2.72148374 -6.02944865]
Epoch 330, t=2460388.3992277533:
  TLE_ECI: r=[ 1438.82938869  3054.58897932 -6938.11282092], v=[-7.05638842  0.66671348 -1.1684702 ]
  RK45_ECI: r=[ 7138.54122124  1115.90050885 -2833.63346336], v=[-2.78507214  2.71404804 -6.01380207]
Epoch 331, t=2460388.3993030167:
  TLE_ECI: r=[ 1225.14790275  3073.98832464 -6970.45333786], v=[-7.09123987  0.5838626  -0.9876528 ]
  RK45_ECI: r=[ 7119.76366326  1136.9084749  -2872.68699394], v=[-2.82589954  2.70647672 -5.99793932]
Epoch 332, t=2460388.39937828:
  TLE_ECI: r=[ 1010.49617106  3090.79319481 -6997.35748156], v=[-7.12049502  0.50052878 -0.80607001]
  RK45_ECI: r=[ 7100.71094203  1157.8579231  -2911.63683127], v=[-2.8666154   2.69877016 -5.981861  ]
Epoch 333, t=2460388.3994535436:
  TLE_ECI: r=[  795.04366858  3104.98972052 -7018.80440103], v=[-7.1441311   0.41678173 -0.62386243]
  RK45_ECI: r=[ 7081.38399095  1178.74768045 -2950.48121053], v=[-2.90721778  2.69092885 -5.96556789]
Epoch 334, t=2460388.3995288066:
  TLE_ECI: r=[  578.96050315  3116.56620739 -7034.77747065], v=[-7.16212971  0.33269151 -0.44117113]
  RK45_ECI: r=[ 7061.78358762  1199.57672162 -2989.21873806], v=[-2.94770509  2.68295318 -5.94906061]
Epoch 335, t=2460388.39960407:
  TLE_ECI: r=[  362.41724732  3125.51315275 -7045.26430205], v=[-7.17447678  0.24832837 -0.25813752]
  RK45_ECI: r=[ 7041.9102362   1220.34433156 -3027.8485674 ], v=[-2.98807636  2.67484347 -5.93233955]
Epoch 336, t=2460388.3996793334:
  TLE_ECI: r=[  145.5848612   3131.82324076 -7050.25675336], v=[-7.18116264  0.16376284 -0.07490327]
  RK45_ECI: r=[ 7021.76500162  1241.0492447  -3066.36876697], v=[-3.02832946  2.66660022 -5.91540559]
Epoch 337, t=2460388.399754597:
  TLE_ECI: r=[  -71.36547601  3135.491357   -7049.75093497], v=[-7.18218194  0.07906561  0.10838983]
  RK45_ECI: r=[ 7001.34850246  1261.69062803 -3104.77831551], v=[-3.06846321  2.65822381 -5.89825922]
Epoch 338, t=2460388.3998298603:
  TLE_ECI: r=[ -288.26248922  3136.51459013 -7043.74721254], v=[-7.17753375e+00 -5.69256317e-03  2.91599913e-01]
  RK45_ECI: r=[ 6980.66173745  1282.26732622 -3143.07547398], v=[-3.1084757   2.64971472 -5.88090126]
Epoch 339, t=2460388.3999051233:
  TLE_ECI: r=[ -504.93493045  3134.89223561 -7032.25020677], v=[-7.1672215  -0.09044082  0.47458518]
  RK45_ECI: r=[ 6959.70553731  1302.77832981 -3181.25886968], v=[-3.1483654   2.64107341 -5.86333235]
Epoch 340, t=2460388.3999803867:
  TLE_ECI: r=[ -721.21174812  3130.62579121 -7015.26879009], v=[-7.15125299 -0.1751084   0.657204  ]
  RK45_ECI: r=[ 6938.48043985  1323.22293524 -3219.32766947], v=[-3.18813131  2.6323002  -5.84555294]
Epoch 341, t=2460388.40005565:
  TLE_ECI: r=[ -936.92216385  3123.7189625  -6992.8160805 ], v=[-7.12964039 -0.25962451  0.83931499]
  RK45_ECI: r=[ 6916.98758115  1343.59989708 -3257.27997094], v=[-3.22777137  2.62339565 -5.82756393]
Epoch 342, t=2460388.4001309136:
  TLE_ECI: r=[-1151.89584141  3114.17765624 -6964.90943209], v=[-7.10240024 -0.34391852  1.02077714]
  RK45_ECI: r=[ 6895.22761989  1363.90839589 -3295.11476919], v=[-3.2672844   2.61436013 -5.80936585]
Epoch 343, t=2460388.400206177:
  TLE_ECI: r=[-1365.96300931  3102.00997647 -6931.57042261], v=[-7.06955343 -0.42791997  1.20144989]
  RK45_ECI: r=[ 6873.20161911  1384.1472955  -3332.83035236], v=[-3.30666854  2.60519419 -5.79095955]
Epoch 344, t=2460388.40028144:
  TLE_ECI: r=[-1578.95458309  3087.22622288 -6892.82483804], v=[-7.03112518 -0.5115586   1.38119328]
  RK45_ECI: r=[ 6850.91046163  1404.31560359 -3370.42537   ], v=[-3.34592227  2.5958983  -5.77234574]
Epoch 345, t=2460388.4003567034:
  TLE_ECI: r=[-1790.70233274  3069.83886496 -6848.7026539 ], v=[-6.98714505 -0.5947645   1.55986798]
  RK45_ECI: r=[ 6828.35471836  1424.41262874 -3407.89900291], v=[-3.38504463  2.58647281 -5.75352485]
Epoch 346, t=2460388.400431967:
  TLE_ECI: r=[-2001.0389586   3049.86255797 -6799.23801382], v=[-6.93764689 -0.67746803  1.73733546]
  RK45_ECI: r=[ 6805.53559533  1444.437147   -3445.24937964], v=[-3.42403357  2.57691831 -5.73449787]
Epoch 347, t=2460388.4005072303:
  TLE_ECI: r=[-2209.79825774  3027.31411493 -6744.46920474], v=[-6.88266886 -0.75959998  1.91345805]
  RK45_ECI: r=[ 6782.45379059  1464.3883535  -3482.47551239], v=[-3.46288796  2.56723522 -5.71526533]
Epoch 348, t=2460388.4005824937:
  TLE_ECI: r=[-2416.81524422  3002.21249733 -6684.43862929], v=[-6.82225336 -0.84109157  2.08809905]
  RK45_ECI: r=[ 6759.11043025  1484.26513256 -3519.57571808], v=[-3.50160595  2.55742409 -5.69582814]
Epoch 349, t=2460388.4006577567:
  TLE_ECI: r=[-2621.92626857  2974.57880809 -6619.19277505], v=[-6.75644704 -0.92187453  2.26112285]
  RK45_ECI: r=[ 6735.50644845  1504.06650992 -3556.54866959], v=[-3.54018606  2.54748544 -5.67618703]
Epoch 350, t=2460388.40073302:
  TLE_ECI: r=[-2824.96918079  2944.43624466 -6548.7821807 ], v=[-6.68530075 -1.00188117  2.432395  ]
  RK45_ECI: r=[ 6711.64244844  1523.79180709 -3593.39356245], v=[-3.57862735  2.53741962 -5.65634247]
Epoch 351, t=2460388.4008082836:
  TLE_ECI: r=[-3025.78340425  2911.81012502 -6473.26139936], v=[-6.60886951 -1.08104441  2.60178234]
  RK45_ECI: r=[ 6687.51970493  1543.43982315 -3630.10855772], v=[-3.6169278   2.52722729 -5.63629549]
Epoch 352, t=2460388.400883547:
  TLE_ECI: r=[-3224.21009663  2876.7278388  -6392.68895876], v=[-6.5272125  -1.15929779  2.76915307]
  RK45_ECI: r=[ 6663.13895454  1563.00976872 -3666.69268561], v=[-3.65508632  2.51690886 -5.61604664]
Epoch 353, t=2460388.40095881:
  TLE_ECI: r=[-3420.09225733  2839.2188427  -6307.12731842], v=[-6.44039299 -1.23657561  2.93437688]
  RK45_ECI: r=[ 6638.50150276  1582.50045351 -3703.14412248], v=[-3.69310091  2.506465   -5.59559698]
Epoch 354, t=2460388.4010340734:
  TLE_ECI: r=[-3613.27488446  2799.31459758 -6216.64282386], v=[-6.34847829 -1.31281298  3.09732503]
  RK45_ECI: r=[ 6613.60798179  1601.91121084 -3739.46207799], v=[-3.73097065  2.49589608 -5.57494699]
Epoch 355, t=2460388.401109337:
  TLE_ECI: r=[-3803.60504649  2757.04860183 -6121.30565796], v=[-6.25153976 -1.38794577  3.25787045]
  RK45_ECI: r=[ 6588.45937871  1621.24108768 -3775.64525078], v=[-3.76869408  2.48520264 -5.55409744]
Epoch 356, t=2460388.4011846003:
  TLE_ECI: r=[-3990.93203675  2712.45632633 -6021.18978919], v=[-6.14965271 -1.46191077  3.41588784]
  RK45_ECI: r=[ 6563.0569182   1640.48900351 -3811.69200679], v=[-3.80626943  2.47438531 -5.53304931]
Epoch 357, t=2460388.4012598637:
  TLE_ECI: r=[-4175.10748421  2665.57519561 -5916.37291701], v=[-6.04289637 -1.53464569  3.5712538 ]
  RK45_ECI: r=[ 6537.40137469  1659.65418514 -3847.60139505], v=[-3.84369558  2.46344453 -5.51180318]
Epoch 358, t=2460388.4013351267:
  TLE_ECI: r=[-4355.98546356  2616.4445706  -5806.93641436], v=[-5.93135386 -1.60608923  3.72384684]
  RK45_ECI: r=[ 6511.49412034  1678.73546736 -3883.37162678], v=[-3.88097062  2.45238101 -5.49036016]
Epoch 359, t=2460388.40141039:
  TLE_ECI: r=[-4533.42264214  2565.10566648 -5692.96526718], v=[-5.81511208 -1.67618116  3.87354759]
  RK45_ECI: r=[ 6485.33581845  1697.73219773 -3919.00192764], v=[-3.91809363  2.44119513 -5.46872075]
Epoch 360, t=2460388.4014856536:
  TLE_ECI: r=[-4707.27834762  2511.6015947  -5574.5480112 ], v=[-5.69426168 -1.7448623   4.02023879]
  RK45_ECI: r=[ 6458.92750524  1716.64344354 -3954.49102191], v=[-3.95506319  2.42988747 -5.44688575]
Epoch 361, t=2460388.401560917:
  TLE_ECI: r=[-4877.41471174  2455.97727853 -5451.77666581], v=[-5.56889702 -1.81207462  4.16380546]
  RK45_ECI: r=[ 6432.27046526  1735.4681479  -3989.83730804], v=[-3.99187755  2.41845868 -5.42485618]
Epoch 362, t=2460388.4016361805:
  TLE_ECI: r=[-5043.69677298  2398.27942896 -5324.74666511], v=[-5.43911607 -1.8777613   4.30413494]
  RK45_ECI: r=[ 6405.36550988  1754.20555491 -4025.03985466], v=[-4.02853566  2.40690924 -5.40263266]
Epoch 363, t=2460388.4017114434:
  TLE_ECI: r=[-5205.99257806  2338.55652238 -5193.55678629], v=[-5.30502036 -1.94186671  4.44111704]
  RK45_ECI: r=[ 6378.21407653  1772.85452553 -4060.09690943], v=[-4.06503559  2.39523987 -5.38021634]
Epoch 364, t=2460388.401786707:
  TLE_ECI: r=[-5364.17331602  2276.8587004  -5058.3090751 ], v=[-5.16671489 -2.00433658  4.57464405]
  RK45_ECI: r=[ 6350.81685896  1791.41442212 -4095.00771459], v=[-4.10137649  2.383451   -5.35760772]
Epoch 365, t=2460388.4018619703:
  TLE_ECI: r=[-5518.11338061  2213.23781901 -4919.10876889], v=[-5.02430806 -2.06511794  4.70461092]
  RK45_ECI: r=[ 6323.17494127  1809.88433364 -4129.77102121], v=[-4.13755695  2.37154322 -5.33480766]
Epoch 366, t=2460388.4019372337:
  TLE_ECI: r=[-5667.69049999  2147.74734682 -4776.06421675], v=[-4.87791162 -2.12415918  4.83091526]
  RK45_ECI: r=[ 6295.28966664  1828.26322807 -4164.38526159], v=[-4.17357527  2.35951721 -5.3118172 ]
Epoch 367, t=2460388.402012497:
  TLE_ECI: r=[-5812.78582903  2080.44233616 -4629.28679719], v=[-4.72764056 -2.18141016  4.95345751]
  RK45_ECI: r=[ 6267.16188254  1846.5503671  -4198.84952478], v=[-4.20943041  2.34737348 -5.28863701]
Epoch 368, t=2460388.40208776:
  TLE_ECI: r=[-5953.28404041  2011.37939469 -4478.89083321], v=[-4.57361301 -2.23682219  5.07214094]
  RK45_ECI: r=[ 6238.79309012  1864.74463965 -4233.16209632], v=[-4.24512051  2.33511278 -5.26526825]
Epoch 369, t=2460388.4021630236:
  TLE_ECI: r=[-6089.07344235  1940.61657038 -4324.99350485], v=[-4.41595019 -2.29034812  5.18687181]
  RK45_ECI: r=[ 6210.18401278  1882.84542351 -4267.32223574], v=[-4.28064473  2.32273556 -5.24171147]
Epoch 370, t=2460388.402238287:
  TLE_ECI: r=[-6220.04603442  1868.2134061  -4167.71475941], v=[-4.25477629 -2.34194235  5.2975594 ]
  RK45_ECI: r=[ 6181.33578149  1900.85183011 -4301.3287219 ], v=[-4.31600169  2.31024243 -5.21796755]
Epoch 371, t=2460388.4023135505:
  TLE_ECI: r=[-6346.09762023  1794.23082239 -4007.17721909], v=[-4.09021841 -2.39156086  5.4041161 ]
  RK45_ECI: r=[ 6152.24979659  1918.76285341 -4335.18002232], v=[-4.35118974  2.29763411 -5.19403758]
Epoch 372, t=2460388.4023888134:
  TLE_ECI: r=[-6467.12788219  1718.7311027  -3843.50608651], v=[-3.92240641 -2.43916131  5.5064575 ]
  RK45_ECI: r=[ 6122.92708023  1936.57768622 -4368.87508944], v=[-4.38620769  2.2849112  -5.16992235]
Epoch 373, t=2460388.402464077:
  TLE_ECI: r=[-6583.04048477  1641.77776601 -3676.82904776], v=[-3.75147286 -2.48470305  5.60450246]
  RK45_ECI: r=[ 6093.36877721  1954.29550931 -4402.41272148], v=[-4.42105424  2.27207428 -5.14562274]
Epoch 374, t=2460388.4025393403:
  TLE_ECI: r=[-6693.74312321  1563.4356269  -3507.27617347], v=[-3.57755291 -2.52814711  5.69817316]
  RK45_ECI: r=[ 6063.57592242  1971.91552262 -4435.79187882], v=[-4.45572821  2.25912395 -5.12113953]
Epoch 375, t=2460388.4026146038:
  TLE_ECI: r=[-6799.14762107  1483.77066621 -3334.97981763], v=[-3.40078418 -2.56945631  5.78739519]
  RK45_ECI: r=[ 6033.54996087  1989.43674182 -4469.01105807], v=[-4.49022798  2.24606096 -5.09647387]
Epoch 376, t=2460388.402689867:
  TLE_ECI: r=[-6899.16999828  1402.84999464 -3160.07451437], v=[-3.2213067  -2.60859526  5.87209762]
  RK45_ECI: r=[ 6003.29194072  2006.85839488 -4502.06923213], v=[-4.52455238  2.2328859  -5.07162655]
Epoch 377, t=2460388.40276513:
  TLE_ECI: r=[-6993.73053727  1320.7418168  -2982.69687285], v=[-3.03926272 -2.64553037  5.95221305]
  RK45_ECI: r=[ 5972.80305982  2024.17962763 -4534.96522279], v=[-4.55870013  2.21959943 -5.04659848]
Epoch 378, t=2460388.4028403936:
  TLE_ECI: r=[-7082.75386536  1237.51529229 -2802.98547019], v=[-2.85479664 -2.68022997  6.02767769]
  RK45_ECI: r=[ 5942.08450713  2041.39964337 -4567.69785782], v=[-4.59266994  2.20620217 -5.0213906 ]
Epoch 379, t=2460388.402915657:
  TLE_ECI: r=[-7166.16899394  1153.24059922 -2621.08074269], v=[-2.66805492 -2.71266422  6.0984314 ]
  RK45_ECI: r=[ 5911.13735683  2058.5176645  -4600.2661235 ], v=[-4.62646067  2.19269474 -4.9960037 ]
Epoch 380, t=2460388.4029909205:
  TLE_ECI: r=[-7243.90939424  1067.98879412 -2437.1248753 ], v=[-2.47918591 -2.74280523  6.16441773]
  RK45_ECI: r=[ 5879.96310851  2075.53273465 -4632.66855399], v=[-4.66007074  2.17907791 -4.97043897]
Epoch 381, t=2460388.403066184:
  TLE_ECI: r=[-7315.91304917   981.83177201 -2251.26168945], v=[-2.28833975 -2.77062705  6.22558404]
  RK45_ECI: r=[ 5848.56270573  2092.44416992 -4664.9042994 ], v=[-4.69349918  2.16535225 -4.9446971 ]
Epoch 382, t=2460388.403141447:
  TLE_ECI: r=[-7382.122503     894.84222693 -2063.63652946], v=[-2.09566827 -2.7961057   6.28188145]
  RK45_ECI: r=[ 5816.93781991  2109.25094271 -4696.97175918], v=[-4.72674427  2.15151859 -4.91877941]
Epoch 383, t=2460388.4032167103:
  TLE_ECI: r=[-7442.48492062   807.09350384 -1874.39614739], v=[-1.9013248  -2.8192192   6.33326498]
  RK45_ECI: r=[ 5785.0892531   2125.95247831 -4728.87024427], v=[-4.75980522  2.13757744 -4.89268648]
Epoch 384, t=2460388.4032919738:
  TLE_ECI: r=[-7496.9521157    718.65966574 -1683.68858674], v=[-1.70546414 -2.83994759  6.37969352]
  RK45_ECI: r=[ 5753.01826104  2142.54795593 -4760.59861683], v=[-4.79268078  2.12352948 -4.86641928]
Epoch 385, t=2460388.403367237:
  TLE_ECI: r=[-7545.4806028    629.61534447 -1491.66306483], v=[-1.50824232 -2.85827294  6.42112992]
  RK45_ECI: r=[ 5720.72639635  2159.03644829 -4792.15544977], v=[-4.8253694  2.1093755 -4.839979 ]
Epoch 386, t=2460388.4034425:
  TLE_ECI: r=[-7588.0316298    540.03572079 -1298.46985406], v=[-1.30981658 -2.87417938  6.457541  ]
  RK45_ECI: r=[ 5688.21493789  2175.41714782 -4823.53962262], v=[-4.85786986  2.09511623 -4.81336664]
Epoch 387, t=2460388.4035177636:
  TLE_ECI: r=[-7624.57121747   449.99637137 -1104.26016227], v=[-1.11034514 -2.8876531   6.48889758]
  RK45_ECI: r=[ 5655.4847061   2191.68949278 -4854.75045939], v=[-4.89018138  2.08075215 -4.78658277]
Epoch 388, t=2460388.403593027:
  TLE_ECI: r=[-7655.07017809   359.57333729  -909.18601209], v=[-0.90998713 -2.8986824   6.51517451]
  RK45_ECI: r=[ 5622.5374382   2207.85249267 -4885.78640919], v=[-4.92230229  2.06628414 -4.75962878]
Epoch 389, t=2460388.4036682905:
  TLE_ECI: r=[-7679.50414747   268.84297038  -713.40011962], v=[-0.70890244 -2.90725765  6.5363507 ]
  RK45_ECI: r=[ 5589.37412921  2223.90549732 -4916.64665949], v=[-4.95423168  2.05171282 -4.73250538]
Epoch 390, t=2460388.403743554:
  TLE_ECI: r=[-7697.85360396   177.88189002  -517.0557724 ], v=[-0.50725159 -2.91337135  6.55240915]
  RK45_ECI: r=[ 5555.99638317  2239.84760956 -4947.32982321], v=[-4.98596805  2.03703898 -4.70521383]
Epoch 391, t=2460388.403818817:
  TLE_ECI: r=[-7710.10388484    86.76694009  -320.30670678], v=[-0.30519556 -2.91701809  6.56333694]
  RK45_ECI: r=[ 5522.40552041  2255.67804826 -4977.83481195], v=[-5.01751022  2.02226338 -4.67775512]
Epoch 392, t=2460388.4038940803:
  TLE_ECI: r=[-7.71624520e+03 -4.42496730e+00 -1.23306985e+02], v=[-0.10289569 -2.91819461  6.56912525]
  RK45_ECI: r=[ 5488.60238727  2271.39627015 -5008.16096953], v=[-5.04885743  2.00738651 -4.65012988]
Epoch 393, t=2460388.4039693438:
  TLE_ECI: r=[-7716.27263939   -95.61678207    73.78912836], v=[ 0.09948646 -2.91689975  6.5697694 ]
  RK45_ECI: r=[ 5454.58877665  2287.00131803 -5038.30678983], v=[-5.08000807  1.99240931 -4.62233949]
Epoch 394, t=2460388.404044607:
  TLE_ECI: r=[-7710.1861764   -186.73147315   270.82728951], v=[ 0.30178927 -2.91313449  6.56526881]
  RK45_ECI: r=[ 5420.36571429  2302.49256392 -5068.27148455], v=[-5.11096125  1.97733236 -4.59438473]
Epoch 395, t=2460388.4041198706:
  TLE_ECI: r=[-7697.99067024  -277.69207083   467.65319946], v=[ 0.50385117 -2.90690192  6.55562702]
  RK45_ECI: r=[ 5385.93485419  2317.86914146 -5098.05370776], v=[-5.14171554  1.96215654 -4.56626685]
Epoch 396, t=2460388.4041951336:
  TLE_ECI: r=[-7679.69586164  -368.42171153   664.11272742], v=[ 0.70551079 -2.89820726  6.5408517 ]
  RK45_ECI: r=[ 5351.29755669  2333.13029695 -5127.65240403], v=[-5.17226976  1.94688258 -4.53798691]
Epoch 397, t=2460388.404270397:
  TLE_ECI: r=[-7655.31636087  -458.84379317   860.05203419], v=[ 0.90660712 -2.88705786  6.52095461]
  RK45_ECI: r=[ 5316.45469321  2348.27550615 -5157.06693749], v=[-5.20262322  1.93151102 -4.50954552]
Epoch 398, t=2460388.4043456605:
  TLE_ECI: r=[-7624.87164113  -548.88190567  1055.31769541], v=[ 1.10697961 -2.87346316  6.49595164]
  RK45_ECI: r=[ 5281.40811042  2363.30384644 -5186.29584809], v=[-5.23277434  1.9160428  -4.48094413]
Epoch 399, t=2460388.404420924:
  TLE_ECI: r=[-7588.3860186   -638.45998654  1249.75682422], v=[ 1.30646831 -2.85743471  6.46586274]
  RK45_ECI: r=[ 5246.158864    2378.21471204 -5215.33837237], v=[-5.26272226  1.90047856 -4.4521835 ]
Epoch 400, t=2460388.4044961873:
  TLE_ECI: r=[-7545.88863269  -727.50236397  1443.21719361], v=[ 1.50491404 -2.83898615  6.43071193]
  RK45_ECI: r=[ 5210.70865592  2393.00726907 -5244.19320665], v=[-5.2924656   1.88481915 -4.42326496]
Epoch 401, t=2460388.4045714503:
  TLE_ECI: r=[-7497.41342378  -815.93379909  1635.54735798], v=[ 1.70215848 -2.8181332   6.39052727]
  RK45_ECI: r=[ 5175.05888536  2407.68079177 -5272.85932939], v=[-5.32200324  1.86906537 -4.39418956]
Epoch 402, t=2460388.4046467138:
  TLE_ECI: r=[-7442.99909526  -903.67963869  1826.59677408], v=[ 1.89804436 -2.79489362  6.34534086]
  RK45_ECI: r=[ 5139.21044786  2422.23477544 -5301.33612548], v=[-5.35133449  1.85321776 -4.36495793]
Epoch 403, t=2460388.404721977:
  TLE_ECI: r=[-7382.68909438  -990.66574658  2016.21592108], v=[ 2.09241551 -2.76928725  6.29518874]
  RK45_ECI: r=[ 5103.16524209  2436.66833293 -5329.62218219], v=[-5.38045783  1.83727727 -4.33557157]
Epoch 404, t=2460388.4047972406:
  TLE_ECI: r=[-7316.53156679 -1076.81865534  2204.25641961], v=[ 2.28511708 -2.74133593  6.24011096]
  RK45_ECI: r=[ 5066.92435239  2450.98088181 -5357.71676147], v=[-5.40937246  1.82124457 -4.30603126]
Epoch 405, t=2460388.4048725036:
  TLE_ECI: r=[-7244.57932144 -1162.06558549  2390.57114986], v=[ 2.47599558 -2.7110635   6.18015143]
  RK45_ECI: r=[ 5030.48970044  2465.17155119 -5385.61847254], v=[-5.43807688  1.80512062 -4.27633848]
Epoch 406, t=2460388.404947767:
  TLE_ECI: r=[-7166.88977274 -1246.33459277  2575.01436838], v=[ 2.66489912 -2.6784958   6.11535798]
  RK45_ECI: r=[ 4993.86220311  2479.23985387 -5413.32671999], v=[-5.46657043  1.78890599 -4.2464939 ]
Epoch 407, t=2460388.4050230305:
  TLE_ECI: r=[-7083.52491194 -1329.55450112  2757.44182371], v=[ 2.85167742 -2.64366061  6.04578225]
  RK45_ECI: r=[ 4957.04329882  2493.18509556 -5440.84051854], v=[-5.49485204  1.77260147 -4.2164986 ]
Epoch 408, t=2460388.405098294:
  TLE_ECI: r=[-6994.55124206 -1411.6550489   2937.71087051], v=[ 3.03618201 -2.60658764  5.97147965]
  RK45_ECI: r=[ 4920.03476307  2507.00649554 -5468.15863439], v=[-5.52292039  1.75620798 -4.18635394]
Epoch 409, t=2460388.4051735573:
  TLE_ECI: r=[-6900.03972536 -1492.56692685  3115.68058237], v=[ 3.2182663  -2.56730851  5.89250935]
  RK45_ECI: r=[ 4882.8377078   2520.7034952  -5495.28035554], v=[-5.5507747   1.73972618 -4.15606075]
Epoch 410, t=2460388.4052488203:
  TLE_ECI: r=[-6800.06572848 -1572.22181663  3291.21186288], v=[ 3.39778575 -2.52585671  5.80893418]
  RK45_ECI: r=[ 4845.45410398  2534.27526048 -5522.20434018], v=[-5.57841353  1.72315708 -4.12562053]
Epoch 411, t=2460388.4053240838:
  TLE_ECI: r=[-6694.7089411  -1650.55252923  3464.16755508], v=[ 3.57459796 -2.48226755  5.72082058]
  RK45_ECI: r=[ 4807.88489082  2547.72132478 -5548.93001462], v=[-5.60583626  1.70650124 -4.09503396]
Epoch 412, t=2460388.405399347:
  TLE_ECI: r=[-6584.05333651 -1727.49294038  3634.41254927], v=[ 3.74856277 -2.43657815  5.62823858]
  RK45_ECI: r=[ 4770.13154253  2561.0410235  -5575.45642908], v=[-5.63304184  1.68975948 -4.06430216]
Epoch 413, t=2460388.4054746106:
  TLE_ECI: r=[-6468.18708385 -1802.97812727  3801.81388876], v=[ 3.91954242 -2.38882743  5.53126167]
  RK45_ECI: r=[ 4732.19587829  2574.23361023 -5601.78239478], v=[-5.66002903  1.67293275 -4.03342651]
Epoch 414, t=2460388.405549874:
  TLE_ECI: r=[-6347.20247922 -1876.94440269  3966.24087385], v=[ 4.0874016  -2.339056    5.42996681]
  RK45_ECI: r=[ 4694.07903657  2587.29855079 -5627.90722629], v=[-5.68679705  1.65602171 -4.00240785]
Epoch 415, t=2460388.405625137:
  TLE_ECI: r=[-6221.19587483 -1949.32935016  4127.56516372], v=[ 4.25200759 -2.2873062   5.32443429]
  RK45_ECI: r=[ 4655.78303548  2600.23504906 -5653.82963192], v=[-5.71334455  1.6390274  -3.97124772]
Epoch 416, t=2460388.4057004005:
  TLE_ECI: r=[-6090.2675766  -2020.07194956  4285.66087622], v=[ 4.41323037 -2.233622    5.2147477 ]
  RK45_ECI: r=[ 4617.30883583  2613.04265929 -5679.54906011], v=[-5.73967091  1.62195039 -3.93994683]
Epoch 417, t=2460388.405775664:
  TLE_ECI: r=[-5954.52179498 -2089.11251734  4440.40468555], v=[ 4.5709427  -2.17804899  5.10099387]
  RK45_ECI: r=[ 4578.65794606  2625.72074736 -5705.06459735], v=[-5.76577515  1.60479154 -3.90850629]
Epoch 418, t=2460388.4058509273:
  TLE_ECI: r=[-5814.06653692 -2156.39283032  4591.67591763], v=[ 4.72502024 -2.12063435  4.98326273]
  RK45_ECI: r=[ 4539.83222726  2638.26860204 -5730.37510086], v=[-5.79165605  1.58755179 -3.87692753]
Epoch 419, t=2460388.405926191:
  TLE_ECI: r=[-5669.01352263 -2221.85615542  4739.35664322], v=[ 4.87534162 -2.06142678  4.86164732]
  RK45_ECI: r=[ 4500.83284324  2650.6857141  -5755.47991231], v=[-5.8173129   1.57023183 -3.84521141]
Epoch 420, t=2460388.4060014538:
  TLE_ECI: r=[-5519.47810058 -2285.44728059  4883.3317686 ], v=[ 5.02178853 -2.00047647  4.73624362]
  RK45_ECI: r=[ 4461.66185735  2662.9713262  -5780.37779121], v=[-5.84274438  1.55283273 -3.81335949]
Epoch 421, t=2460388.406076717:
  TLE_ECI: r=[-5365.57912682 -2347.11262534  5023.48912388], v=[ 5.16424586 -1.93783504  4.60715055]
  RK45_ECI: r=[ 4422.32025092  2675.12501397 -5805.06820852], v=[-5.86794992  1.53535507 -3.78137249]
Epoch 422, t=2460388.4061519806:
  TLE_ECI: r=[-5207.43890751 -2406.80018664  5159.71954879], v=[ 5.30260172 -1.8735555   4.47446982]
  RK45_ECI: r=[ 4382.80956529  2687.14617431 -5829.55028777], v=[-5.89292856  1.51779971 -3.74925156]
Epoch 423, t=2460388.406227244:
  TLE_ECI: r=[-5045.18307312 -2464.45964796  5291.91697595], v=[ 5.43674757 -1.80769223  4.33830589]
  RK45_ECI: r=[ 4343.13170144  2699.03413217 -5853.82293308], v=[-5.91767917  1.50016762 -3.71699815]
Epoch 424, t=2460388.406302507:
  TLE_ECI: r=[-4878.94049074 -2520.04238895  5419.97851152], v=[ 5.56657825 -1.74030091  4.19876585]
  RK45_ECI: r=[ 4303.28803676  2710.78834574 -5877.88540134], v=[-5.94220092  1.48245961 -3.68461327]
Epoch 425, t=2460388.4063777705:
  TLE_ECI: r=[-4708.84313008 -2573.50158373  5543.80451312], v=[ 5.69199212 -1.67143844  4.05595935]
  RK45_ECI: r=[ 4263.28010997  2722.40827096 -5901.73684152], v=[-5.96649292  1.46467648 -3.65209809]
Epoch 426, t=2460388.406453034:
  TLE_ECI: r=[-4535.02600101 -2624.79215118  5663.29866529], v=[ 5.81289108 -1.60116294  3.90999852]
  RK45_ECI: r=[ 4223.10930695  2733.89337584 -5925.37652071], v=[-5.99055438  1.44681904 -3.61945361]
Epoch 427, t=2460388.4065282973:
  TLE_ECI: r=[-4357.62701573 -2673.87085062  5778.36805203], v=[ 5.92918065 -1.52953368  3.76099785]
  RK45_ECI: r=[ 4182.77755947  2745.24301452 -5948.80338119], v=[-6.01438419  1.42888827 -3.58668132]
Epoch 428, t=2460388.406603561:
  TLE_ECI: r=[-4176.78688541 -2720.69630192  5888.92322658], v=[ 6.04077007 -1.45661104  3.60907411]
  RK45_ECI: r=[ 4142.28625837  2756.45668084 -5972.0167063 ], v=[-6.03798157  1.41088497 -3.55378225]
Epoch 429, t=2460388.4066788238:
  TLE_ECI: r=[-3992.64901537 -2765.2290076   5994.87827853], v=[ 6.14757232 -1.38245645  3.45434626]
  RK45_ECI: r=[ 4101.63699055  2767.53381844 -5995.01567555], v=[-6.06134566  1.39281001 -3.52075756]
Epoch 430, t=2460388.406754087:
  TLE_ECI: r=[-3805.35935851 -2807.4314319   6096.15089791], v=[ 6.24950419 -1.30713228  3.29693535]
  RK45_ECI: r=[ 4060.83132456  2778.47391349 -6017.79947611], v=[-6.08447559  1.37466421 -3.48760846]
Epoch 431, t=2460388.4068293506:
  TLE_ECI: r=[-3615.0663471  -2847.26795917  6192.66243659], v=[ 6.34648637 -1.23070191  3.13696444]
  RK45_ECI: r=[ 4019.87067268  2789.27646352 -6040.36740832], v=[-6.10737061  1.35644841 -3.45433596]
Epoch 432, t=2460388.406904614:
  TLE_ECI: r=[-3421.92074284 -2884.70497101  6284.33796673], v=[ 6.43844345 -1.15322959  2.97455846]
  RK45_ECI: r=[ 3978.75700331  2799.94085991 -6062.718463  ], v=[-6.13002967  1.3381636  -3.42094157]
Epoch 433, t=2460388.4069798775:
  TLE_ECI: r=[-3226.07552527 -2919.71086102  6371.10633623], v=[ 6.52530402 -1.07478039  2.80984419]
  RK45_ECI: r=[ 3937.49173285  2810.46662577 -6084.85195699], v=[-6.15245203  1.31981059 -3.38742633]
Epoch 434, t=2460388.4070551405:
  TLE_ECI: r=[-3027.68577938 -2952.25605111  6452.90022138], v=[ 6.60700067 -0.9954202   2.64295006]
  RK45_ECI: r=[ 3896.07647724  2820.85323723 -6106.76710853], v=[-6.17463687  1.30139027 -3.35379145]
Epoch 435, t=2460388.407130404:
  TLE_ECI: r=[-2826.90853872 -2982.3130515   6529.6561764 ], v=[ 6.68347009 -0.91521557  2.47400613]
  RK45_ECI: r=[ 3854.51283329  2831.10021141 -6128.4631436 ], v=[-6.19658338  1.28290348 -3.32003812]
Epoch 436, t=2460388.4072056673:
  TLE_ECI: r=[-2623.90271332 -3009.85642723  6601.31468017], v=[ 6.75465307 -0.83423379  2.30314398]
  RK45_ECI: r=[ 3812.80223829  2841.20707584 -6149.93939638], v=[-6.21829085  1.26435106 -3.2861674 ]
Epoch 437, t=2460388.407280931:
  TLE_ECI: r=[-2418.82893037 -3034.86285604  6667.82017986], v=[ 6.82049453 -0.75254274  2.13049656]
  RK45_ECI: r=[ 3770.94669534  2851.17325993 -6171.19490699], v=[-6.23975827  1.24573403 -3.25218081]
Epoch 438, t=2460388.407356194:
  TLE_ECI: r=[-2211.84941699 -3057.3111371   6729.12113155], v=[ 6.88094361 -0.67021087  1.95619816]
  RK45_ECI: r=[ 3728.94745398  2860.99835378 -6192.22912456], v=[-6.26098506  1.22705313 -3.21807925]
Epoch 439, t=2460388.407431457:
  TLE_ECI: r=[-2003.12788198 -3077.18220214  6785.17003793], v=[ 6.93595363 -0.58730714  1.78038426]
  RK45_ECI: r=[ 3686.80673086  2870.68175435 -6213.04101203], v=[-6.28197013  1.2083095  -3.18386441]
Epoch 440, t=2460388.4075067206:
  TLE_ECI: r=[-1792.8293519  -3094.4591548   6835.92348275], v=[ 6.98548217 -0.50390094  1.60319143]
  RK45_ECI: r=[ 3644.52557619  2880.22312261 -6233.63012944], v=[-6.30271302  1.18950376 -3.14953704]
Epoch 441, t=2460388.407581984:
  TLE_ECI: r=[-1581.12009626 -3109.12724656  6881.34216256], v=[ 7.02949111 -0.42006208  1.42475725]
  RK45_ECI: r=[ 3602.10564194  2889.62197914 -6253.99574708], v=[-6.32321296  1.17063683 -3.11509837]
Epoch 442, t=2460388.4076572475:
  TLE_ECI: r=[-1368.16746209 -3121.17391387  6921.3909151 ], v=[ 7.06794658 -0.33586072  1.24522021]
  RK45_ECI: r=[ 3559.54896411  2898.87779178 -6274.13695517], v=[-6.343469    1.15170975 -3.08054994]
Epoch 443, t=2460388.4077325105:
  TLE_ECI: r=[-1154.13976167 -3130.58877825  6956.03874483], v=[ 7.10081906 -0.2513673   1.06471959]
  RK45_ECI: r=[ 3516.85720874  2907.99009854 -6294.05304629], v=[-6.36348041  1.13272346 -3.04589299]
Epoch 444, t=2460388.407807774:
  TLE_ECI: r=[ -939.20610519 -3137.3636687   6985.25884519], v=[ 7.12808334 -0.16665246  0.88339536]
  RK45_ECI: r=[ 3474.03143693  2916.95857715 -6313.74359669], v=[-6.38324673  1.11367858 -3.01112826]
Epoch 445, t=2460388.4078830373:
  TLE_ECI: r=[ -723.53632438 -3141.49260567  7009.0286181 ], v=[ 7.14971858 -0.08178704  0.70138809]
  RK45_ECI: r=[ 3431.07390547  2925.78267329 -6333.20763302], v=[-6.40276695  1.09457627 -2.97625749]
Epoch 446, t=2460388.407958301:
  TLE_ECI: r=[ -507.30080416 -3142.9718214   7027.32969011], v=[7.16570830e+00 3.15798555e-03 5.18838838e-01]
  RK45_ECI: r=[ 3387.98589473  2934.4620209  -6352.44465151], v=[-6.42204055  1.07541729 -2.94128158]
Epoch 447, t=2460388.408033564:
  TLE_ECI: r=[ -290.67035964 -3141.79975883  7040.1479256 ], v=[7.17604039 0.08811161 0.33588905]
  RK45_ECI: r=[ 3344.76947145  2942.99612708 -6371.45379322], v=[-6.44106664  1.05620269 -2.90620212]
Epoch 448, t=2460388.408108827:
  TLE_ECI: r=[  -73.81611314 -3137.97707256  7047.4734369 ], v=[7.18070709 0.17300277 0.15268047]
  RK45_ECI: r=[ 3301.42632617  2951.38456386 -6390.23439111], v=[-6.45984452  1.03693342 -2.87102035]
Epoch 449, t=2460388.4081840906:
  TLE_ECI: r=[  143.09067509 -3131.50663001  7049.30059124], v=[ 7.17970507  0.25776054 -0.03064501]
  RK45_ECI: r=[ 3257.95753506  2959.62703246 -6408.7860459 ], v=[-6.47837377  1.01761011 -2.83573703]
Epoch 450, t=2460388.408259354:
  TLE_ECI: r=[  359.87868429 -3122.39350574  7045.62801485], v=[ 7.17303536  0.34231403 -0.21394537]
  RK45_ECI: r=[ 3214.36538762  2967.72302158 -6427.10784075], v=[-6.49665346  0.99823393 -2.80035391]
Epoch 451, t=2460388.4083346175:
  TLE_ECI: r=[  576.37670256 -3110.64498041  7036.45859367], v=[ 7.16070337  0.4265925  -0.39707865]
  RK45_ECI: r=[ 3170.65118189  2975.67219306 -6445.19930188], v=[-6.51468308  0.97880566 -2.76487191]
Epoch 452, t=2460388.408409881:
  TLE_ECI: r=[  792.41375003 -3096.27053418  7021.79947124], v=[ 7.14271888  0.51052548 -0.579903  ]
  RK45_ECI: r=[ 3126.81701349  2983.47409364 -6463.05962184], v=[-6.53246182  0.95932637 -2.72929264]
Epoch 453, t=2460388.408485144:
  TLE_ECI: r=[ 1007.81920217 -3079.28184223  7001.66204339], v=[ 7.11909608  0.5940427  -0.76227679]
  RK45_ECI: r=[ 3082.8645958   2991.12832987 -6480.68817453], v=[-6.54998901  0.93979699 -2.69361735]
Epoch 454, t=2460388.4085604073:
  TLE_ECI: r=[ 1222.42295813 -3059.69275457  6976.06194978], v=[ 7.08985348  0.67707431 -0.94405875]
  RK45_ECI: r=[ 3038.79501891  2998.63462685 -6498.08458535], v=[-6.56726427  0.9202182  -2.65784681]
Epoch 455, t=2460388.408635671:
  TLE_ECI: r=[ 1436.05551796 -3037.51930076  6945.01906261], v=[ 7.05501396  0.75955075 -1.125108  ]
  RK45_ECI: r=[ 2994.61060286  3005.99251689 -6515.24799481], v=[-6.58428673  0.90059117 -2.6219828 ]
Epoch 456, t=2460388.408710934:
  TLE_ECI: r=[ 1648.5481503  -3012.77966765  6908.55747201], v=[ 7.01460473  0.84140295 -1.30528423]
  RK45_ECI: r=[ 2950.31266223  3013.20168992 -6532.1779594 ], v=[-6.60105593  0.88091667 -2.58602625]
Epoch 457, t=2460388.4087861977:
  TLE_ECI: r=[ 1859.73301411 -2985.49418729  6866.7054685 ], v=[ 6.96865733  0.9225623  -1.48444774]
  RK45_ECI: r=[ 2905.90331944  3020.26173287 -6548.87372385], v=[-6.61757109  0.86119579 -2.54997878]
Epoch 458, t=2460388.4088614606:
  TLE_ECI: r=[ 2069.44328032 -2955.685327    6819.49552233], v=[ 6.91720758  1.00296074 -1.6624596 ]
  RK45_ECI: r=[ 2861.38430898  3027.17228734 -6565.33470343], v=[-6.63383162  0.84142949 -2.51384166]
Epoch 459, t=2460388.408936724:
  TLE_ECI: r=[ 2277.51329607 -2923.37764832  6766.96425972], v=[ 6.86029559  1.08253085 -1.8391817 ]
  RK45_ECI: r=[ 2816.75673397  3033.93310243 -6581.56054855], v=[-6.64983715  0.82161843 -2.47761567]
Epoch 460, t=2460388.4090119875:
  TLE_ECI: r=[ 2483.77866132 -2888.59782184  6709.15243624], v=[ 6.7979657   1.1612058  -2.01447687]
  RK45_ECI: r=[ 2772.02294277  3040.54375454 -6597.55045772], v=[-6.66558689  0.80176381 -2.4413026 ]
Epoch 461, t=2460388.409087251:
  TLE_ECI: r=[ 2688.07639183 -2851.374584    6646.10490691], v=[ 6.73026649  1.23891951 -2.18820899]
  RK45_ECI: r=[ 2727.18426509  3047.00396218 -6613.30401805], v=[-6.6810804   0.78186641 -2.4049034 ]
Epoch 462, t=2460388.409162514:
  TLE_ECI: r=[ 2890.2450292  -2811.7387282   6577.87059343], v=[ 6.65725072  1.31560662 -2.36024308]
  RK45_ECI: r=[ 2682.24306148  3053.31332173 -6628.82045477], v=[-6.6963169   0.76192742 -2.36841987]
Epoch 463, t=2460388.4092377773:
  TLE_ECI: r=[ 3090.12480015 -2769.72304738  6504.50244822], v=[ 6.57897529  1.39120265 -2.53044543]
  RK45_ECI: r=[ 2637.20044604  3059.47160358 -6644.09944178], v=[-6.71129607  0.74194752 -2.33185279]
Epoch 464, t=2460388.409313041:
  TLE_ECI: r=[ 3287.55769161 -2725.36235678  6426.05741569], v=[ 6.49550124  1.46564391 -2.69868363]
  RK45_ECI: r=[ 2592.05817373  3065.47848768 -6659.14043794], v=[-6.72601734  0.72192768 -2.29520345]
Epoch 465, t=2460388.409388304:
  TLE_ECI: r=[ 3482.38760795 -2678.69343442  6342.59639027], v=[ 6.40689367  1.53886768 -2.86482677]
  RK45_ECI: r=[ 2546.81840566  3071.3336262  -6673.94277268], v=[-6.74048006  0.70186899 -2.25847351]
Epoch 466, t=2460388.4094635677:
  TLE_ECI: r=[ 3674.46048514 -2629.75499972  6254.18417156], v=[ 6.31322171  1.61081219 -3.02874543]
  RK45_ECI: r=[ 2501.48248549  3077.03676639 -6688.50606403], v=[-6.75468383  0.68177225 -2.2216639 ]
Epoch 467, t=2460388.4095388306:
  TLE_ECI: r=[ 3863.62440441 -2578.58769391  6160.88941652], v=[ 6.2145585   1.68141665 -3.19031188]
  RK45_ECI: r=[ 2456.05279879  3082.5875494  -6702.82959612], v=[-6.76862795  0.66163867 -2.18477646]
Epoch 468, t=2460388.409614094:
  TLE_ECI: r=[ 4049.72974245 -2525.23400298  6062.78458863], v=[ 6.11098109  1.75062145 -3.34940011]
  RK45_ECI: r=[ 2410.5304706   3087.98577018 -6716.91306835], v=[-6.78231211  0.64146893 -2.14781197]
Epoch 469, t=2460388.4096893575:
  TLE_ECI: r=[ 4232.62924376 -2469.73828984  5959.94590421], v=[ 6.00257041  1.81836799 -3.50588595]
  RK45_ECI: r=[ 2364.91727364  3093.2311444  -6730.75598183], v=[-6.7957358   0.621264   -2.11077173]
Epoch 470, t=2460388.409764621:
  TLE_ECI: r=[ 4412.1781679  -2412.1467153   5852.45327576], v=[ 5.88941126  1.88459889 -3.65964716]
  RK45_ECI: r=[ 2319.21539055  3098.32336543 -6744.35771963], v=[-6.80889843  0.60102499 -2.07365741]
Epoch 471, t=2460388.4098398844:
  TLE_ECI: r=[ 4588.23439675 -2352.50721167  5740.39025243], v=[ 5.77159218  1.94925799 -3.81056356]
  RK45_ECI: r=[ 2273.42617767  3103.26220957 -6757.71793097], v=[-6.82179964  0.5807527  -2.03646996]
Epoch 472, t=2460388.4099151473:
  TLE_ECI: r=[ 4760.65854089 -2290.86945787  5623.8439576 ], v=[ 5.64920542  2.01229037 -3.95851706]
  RK45_ECI: r=[ 2227.55204322  3108.04736325 -6770.83595952], v=[-6.83443878  0.56044836 -1.99921123]
Epoch 473, t=2460388.409990411:
  TLE_ECI: r=[ 4929.31407758 -2227.28478474  5502.90502361], v=[ 5.52234689  2.07364249 -4.10339183]
  RK45_ECI: r=[ 2181.5941223  3112.678646  -6783.7115303], v=[-6.84681558  0.54011264 -1.96188201]
Epoch 474, t=2460388.410065674:
  TLE_ECI: r=[ 5094.06741932 -2161.80621488  5377.66752384], v=[ 5.39111605  2.13326211 -4.24507432]
  RK45_ECI: r=[ 2135.55420359  3117.15580957 -6796.34418711], v=[-6.85892959  0.51974652 -1.92448361]
Epoch 475, t=2460388.4101409377:
  TLE_ECI: r=[ 5254.78804814 -2094.48836592  5248.22890175], v=[ 5.25561591  2.19109841 -4.3834534 ]
  RK45_ECI: r=[ 2089.43448919  3121.47858895 -6808.73336713], v=[-6.87078028  0.49935113 -1.8870177 ]
Epoch 476, t=2460388.4102162006:
  TLE_ECI: r=[ 5411.34860771 -2025.38743517  5114.68989743], v=[ 5.11595288  2.24710203 -4.51842045]
  RK45_ECI: r=[ 2043.23656594  3125.64676909 -6820.87869462], v=[-6.88236725  0.47892737 -1.84948545]
Epoch 477, t=2460388.410291464:
  TLE_ECI: r=[ 5563.6250298  -1954.56109116  4977.15447126], v=[ 4.97223673  2.30122513 -4.64986941]
  RK45_ECI: r=[ 1996.96220511  3129.66014377 -6832.77974253], v=[-6.89369011  0.45847617 -1.81188816]
Epoch 478, t=2460388.4103667275:
  TLE_ECI: r=[ 5711.49659837 -1882.06851974  4835.72972507], v=[ 4.82458051  2.35342137 -4.77769692]
  RK45_ECI: r=[ 1950.61320807  3133.51849558 -6844.43609249], v=[-6.90474844  0.43799852 -1.77422716]
Epoch 479, t=2460388.410441991:
  TLE_ECI: r=[ 5854.84607151 -1807.97031411  4690.52582064], v=[ 4.67310048  2.40364603 -4.90180236]
  RK45_ECI: r=[ 1904.19115879  3137.22163315 -6855.84738772], v=[-6.9155419   0.4174953  -1.73650362]
Epoch 480, t=2460388.4105172544:
  TLE_ECI: r=[ 5993.55977054 -1732.32844018  4541.65589554], v=[ 4.51791597  2.45185598 -5.02208796]
  RK45_ECI: r=[ 1857.69827663  3140.76933338 -6867.01311998], v=[-6.92607001  0.39696764 -1.6987192 ]
Epoch 481, t=2460388.4105925173:
  TLE_ECI: r=[ 6127.52766763 -1655.20620357  4389.23597663], v=[ 4.35914937  2.49800975 -5.1384589 ]
  RK45_ECI: r=[ 1811.1361603   3144.16141449 -6877.93295096], v=[-6.93633244  0.37641646 -1.66087508]
Epoch 482, t=2460388.410667781:
  TLE_ECI: r=[ 6256.64349522 -1576.66812607  4233.38489094], v=[ 4.19692596  2.54206764 -5.25082332]
  RK45_ECI: r=[ 1764.50659406  3147.39770468 -6888.60649685], v=[-6.94632882  0.35584268 -1.62297257]
Epoch 483, t=2460388.410743044:
  TLE_ECI: r=[ 6380.8048031  -1496.7799985   4074.22417431], v=[ 4.03137385  2.58399159 -5.35909249]
  RK45_ECI: r=[ 1717.81117989  3150.47803324 -6899.03343095], v=[-6.95605884  0.33524722 -1.58501285]
Epoch 484, t=2460388.4108183077:
  TLE_ECI: r=[ 6499.91306246 -1415.60875601  3911.87797757], v=[ 3.86262391  2.62374539 -5.46318083]
  RK45_ECI: r=[ 1671.05214958  3153.40221079 -6909.21328893], v=[-6.96552208  0.31463121 -1.5469976 ]
Epoch 485, t=2460388.410893571:
  TLE_ECI: r=[ 6613.87374182 -1333.22243963  3746.47297053], v=[ 3.69080962  2.66129461 -5.56300599]
  RK45_ECI: r=[ 1624.23110095  3156.17008707 -6919.14576262], v=[-6.97471822  0.29399555 -1.50892798]
Epoch 486, t=2460388.410968834:
  TLE_ECI: r=[ 6722.59638121 -1249.6901593   3578.1382437 ], v=[ 3.51606699  2.69660663 -5.65848894]
  RK45_ECI: r=[ 1577.34985518  3158.78150357 -6928.83050307], v=[-6.98364696  0.27334122 -1.47080534]
Epoch 487, t=2460388.4110440975:
  TLE_ECI: r=[ 6825.99468173 -1165.08195791  3407.00520793], v=[ 3.33853443  2.72965078 -5.74955403]
  RK45_ECI: r=[ 1530.41020791  3161.23632306 -6938.26716998], v=[-6.99230798  0.25266918 -1.43263102]
Epoch 488, t=2460388.411119361:
  TLE_ECI: r=[ 6923.98655419 -1079.46886998  3233.20749204], v=[ 3.1583527   2.76039822 -5.83612905]
  RK45_ECI: r=[ 1483.41377106  3163.53440832 -6947.4554744 ], v=[-7.000701    0.23198032 -1.39440619]
Epoch 489, t=2460388.4111946244:
  TLE_ECI: r=[7016.49420264 -992.92278377 3056.88083834], v=[ 2.97566473  2.78882209 -5.91814532]
  RK45_ECI: r=[ 1436.36278986  3165.67561232 -6956.39500728], v=[-7.00882565  0.2112758  -1.35613254]
Epoch 490, t=2460388.411269888:
  TLE_ECI: r=[7103.44418502 -905.51640078 2878.1629964 ], v=[ 2.79061553  2.81489746 -5.9955377 ]
  RK45_ECI: r=[ 1389.25887114  3167.65981774 -6965.08549831], v=[-7.0166817   0.19055652 -1.31781126]
Epoch 491, t=2460388.411345151:
  TLE_ECI: r=[7184.76747187 -817.32319556 2697.19361492], v=[ 2.6033521   2.83860139 -6.06824472]
  RK45_ECI: r=[ 1342.10384636  3169.48690276 -6973.5266423 ], v=[-7.02426885  0.16982346 -1.27944367]
Epoch 492, t=2460388.411420414:
  TLE_ECI: r=[7260.39951382 -728.4172693  2514.1141319 ], v=[ 2.41402326  2.85991296 -6.13620858]
  RK45_ECI: r=[ 1294.89952077  3171.15676494 -6981.7181427 ], v=[-7.03158685  0.14907757 -1.24103115]
Epoch 493, t=2460388.4114956777:
  TLE_ECI: r=[7330.28028024 -638.87341334 2329.06766322], v=[ 2.22277958  2.87881326 -6.19937521]
  RK45_ECI: r=[ 1247.64751456  3172.66930073 -6989.65974857], v=[-7.03863547  0.12831976 -1.20257485]
Epoch 494, t=2460388.411570941:
  TLE_ECI: r=[7394.35431991 -548.76696212 2142.19888966], v=[ 2.02977321  2.89528543 -6.25769435]
  RK45_ECI: r=[ 1200.35008445  3174.02440557 -6997.35110641], v=[-7.04541441  0.1075512  -1.16407649]
Epoch 495, t=2460388.411646204:
  TLE_ECI: r=[7452.57080339 -458.17377201 1953.65394246], v=[ 1.8351578   2.90931468 -6.31111958]
  RK45_ECI: r=[ 1153.00906933  3175.2219891  -7004.79194972], v=[-7.05192342  0.08677286 -1.12553743]
Epoch 496, t=2460388.4117214675:
  TLE_ECI: r=[7504.88357135 -367.17006978 1763.58028753], v=[ 1.63908833  2.92088832 -6.35960833]
  RK45_ECI: r=[ 1105.62563547  3176.26198465 -7011.98212018], v=[-7.05816237  0.06598546 -1.08695848]
Epoch 497, t=2460388.411796731:
  TLE_ECI: r=[7551.25116448 -275.83251803 1572.12660856], v=[ 1.44172102  2.92999571 -6.40312198]
  RK45_ECI: r=[ 1058.2022697   3177.1443064  -7018.92126234], v=[-7.06413096  0.04519023 -1.04834154]
Epoch 498, t=2460388.4118719944:
  TLE_ECI: r=[7591.63686446 -184.23806365 1379.44268877], v=[ 1.24321316  2.93662835 -6.44162586]
  RK45_ECI: r=[ 1010.7403745   3177.86889064 -7025.60919769], v=[-7.06982903  0.02438801 -1.0096876 ]
Epoch 499, t=2460388.411947258:
  TLE_ECI: r=[7626.00872327  -92.46389334 1185.67929187], v=[ 1.04372301  2.94077984 -6.47508927]
  RK45_ECI: r=[  963.24221588  3178.43567545 -7032.04562866], v=[-7.07525634e+00  3.57992557e-03 -9.70998391e-01]
Epoch 500, t=2460388.412022521:
  TLE_ECI: r=[ 7.65433959e+03 -5.87390559e-01  9.90988042e+02], v=[ 0.84340968  2.94244591 -6.50348553]
  RK45_ECI: r=[  915.70963968  3178.84460743 -7038.23033282], v=[-7.08041271 -0.017233   -0.93227526]
Epoch 501, t=2460388.412097784:
  TLE_ECI: r=[7676.60713428   91.3140206   795.5213025 ], v=[ 0.64243292  2.94162443 -6.52679203]
  RK45_ECI: r=[  868.1438161   3179.09564536 -7044.16317838], v=[-7.08529803 -0.03805009 -0.89351904]
Epoch 502, t=2460388.4121730477:
  TLE_ECI: r=[7692.79386365  183.1628065   599.43205514], v=[ 0.44095308  2.93831537 -6.54499019]
  RK45_ECI: r=[  820.54724113  3179.18874989 -7049.84387175], v=[-7.08991206 -0.05887008 -0.85473162]
Epoch 503, t=2460388.412248311:
  TLE_ECI: r=[7702.88713965  274.88148079  402.87377717], v=[ 0.23913092  2.93252086 -6.55806552]
  RK45_ECI: r=[  772.92132143  3179.12388737 -7055.27226688], v=[-7.09425469 -0.07969215 -0.81591402]
Epoch 504, t=2460388.4123235745:
  TLE_ECI: r=[7706.87918786  366.39264741  206.00031914], v=[ 0.03712748  2.92424515 -6.56600763]
  RK45_ECI: r=[  725.26833027  3178.90103855 -7060.44812226], v=[-7.09832574 -0.10051515 -0.77706795]
Epoch 505, t=2460388.4123988375:
  TLE_ECI: r=[7704.76710578  457.61904456    8.96578181], v=[-0.16489604  2.91349464 -6.56881022]
  RK45_ECI: r=[  677.59011865  3178.52018709 -7065.3712598 ], v=[-7.10212507 -0.12133809 -0.73819478]
Epoch 506, t=2460388.412474101:
  TLE_ECI: r=[7696.55286001  548.48370156 -188.07560696], v=[-0.36677844  2.90027783 -6.56647111]
  RK45_ECI: r=[  629.8878598   3177.98131719 -7070.04157426], v=[-7.10565261 -0.14216025 -0.69929534]
Epoch 507, t=2460388.4125493644:
  TLE_ECI: r=[7682.24329178  638.90986874 -384.96961558], v=[-0.56835864  2.88460534 -6.55899223]
  RK45_ECI: r=[  582.1640562   3177.28443615 -7074.45883418], v=[-7.1089082  -0.1629804  -0.66037152]
Epoch 508, t=2460388.412624628:
  TLE_ECI: r=[7661.85010639  728.82117376 -581.56213201], v=[-0.76947581  2.86648992 -6.54637961]
  RK45_ECI: r=[  534.4201177   3176.4295403  -7078.62292604], v=[-7.11189175 -0.1837977  -0.62142435]
Epoch 509, t=2460388.4126998913:
  TLE_ECI: r=[7635.38986427  818.14166437 -777.69928695], v=[-0.96996953  2.84594639 -6.5286434 ]
  RK45_ECI: r=[  486.65832256  3175.41665315 -7082.53366461], v=[-7.11460315 -0.20461101 -0.58245554]
Epoch 510, t=2460388.412775154:
  TLE_ECI: r=[7602.88396945  906.79585113 -973.2275768 ], v=[-1.1696799   2.82299168 -6.50579782]
  RK45_ECI: r=[  438.88052522  3174.24579544 -7086.19091625], v=[-7.11704231 -0.22541933 -0.54346647]
Epoch 511, t=2460388.4128504177:
  TLE_ECI: r=[ 7564.35864089   994.70886129 -1167.99398622], v=[-1.36844772  2.79764476 -6.47786119]
  RK45_ECI: r=[  391.08790083  3172.91697684 -7089.59460235], v=[-7.11920919 -0.24622196 -0.50445796]
Epoch 512, t=2460388.412925681:
  TLE_ECI: r=[ 7519.84490534  1081.80636877 -1361.84611033], v=[-1.56611455  2.76992667 -6.44485589]
  RK45_ECI: r=[  343.28295611  3171.43025126 -7092.74455379], v=[-7.12110369 -0.26701764 -0.46543193]
Epoch 513, t=2460388.4130009445:
  TLE_ECI: r=[ 7469.3785611   1168.01474713 -1554.63227622], v=[-1.76252292  2.73986049 -6.40680832]
  RK45_ECI: r=[  295.46710267  3169.78564507 -7095.64068962], v=[-7.12272578 -0.28780556 -0.42638938]
Epoch 514, t=2460388.4130762075:
  TLE_ECI: r=[ 7413.00015366  1253.26108828 -1746.20166385], v=[-1.9575164   2.70747129 -6.36374892]
  RK45_ECI: r=[  247.6428484   3167.98323313 -7098.28286927], v=[-7.12407539 -0.30858447 -0.38733223]
Epoch 515, t=2460388.413151471:
  TLE_ECI: r=[ 7350.75492682  1337.47335213 -1936.40442604], v=[-2.15093979  2.67278612 -6.31571212]
  RK45_ECI: r=[  199.81136928  3166.02304737 -7100.67103902], v=[-7.12515251 -0.32935366 -0.3482613 ]
Epoch 516, t=2460388.4132267344:
  TLE_ECI: r=[ 7282.69280578  1420.58029644 -2125.09180768], v=[-2.34263919  2.63583402 -6.26273628]
  RK45_ECI: r=[  151.97452145  3163.90514882 -7102.80511159], v=[-7.1259571  -0.35011215 -0.30917797]
Epoch 517, t=2460388.413301998:
  TLE_ECI: r=[ 7208.86834084  1502.5116255  -2312.11626381], v=[-2.53246219  2.59664594 -6.20486369]
  RK45_ECI: r=[  104.13458682  3161.62962932 -7104.68499204], v=[-7.12648916 -0.37085876 -0.27008397]
Epoch 518, t=2460388.4133772613:
  TLE_ECI: r=[ 7129.34066483  1583.19802799 -2497.3315766 ], v=[-2.72025793  2.55525476 -6.14214054]
  RK45_ECI: r=[   56.29297738  3159.19654527 -7106.31063218], v=[-7.12674866 -0.3915927  -0.23098031]
Epoch 519, t=2460388.413452524:
  TLE_ECI: r=[ 7044.17344817  1662.57121459 -2680.59297113], v=[-2.90587727  2.51169521 -6.07461682]
  RK45_ECI: r=[    8.45220193  3156.60601807 -7107.68195384], v=[-7.12673563 -0.41231271 -0.19186891]
Epoch 520, t=2460388.4135277877:
  TLE_ECI: r=[ 6953.43482591  1740.56405966 -2861.75722973], v=[-3.08917291  2.46600386 -6.00234634]
  RK45_ECI: r=[  -39.38656375  3153.85810509 -7108.7989301 ], v=[-7.12645007 -0.4330181  -0.1527506 ]
Epoch 521, t=2460388.413603051:
  TLE_ECI: r=[ 6857.19736918  1817.11053264 -3040.68280502], v=[-3.26999949  2.41821911 -5.92538664]
  RK45_ECI: r=[  -87.22146365  3150.95290437 -7109.66151824], v=[-7.12589202 -0.45370786 -0.11362674]
Epoch 522, t=2460388.4136783145:
  TLE_ECI: r=[ 6755.53800549  1892.14583768 -3217.22993131], v=[-3.44821372  2.36838113 -5.84379895]
  RK45_ECI: r=[ -135.05021643  3147.89055039 -7110.26967994], v=[-7.1250615  -0.47438085 -0.07449909]
Epoch 523, t=2460388.413753578:
  TLE_ECI: r=[ 6648.53795904  1965.60644704 -3391.26073442], v=[-3.62367449  2.31653181 -5.75764811]
  RK45_ECI: r=[ -182.87141078  3144.6711295  -7110.62339964], v=[-7.12395856 -0.49503625 -0.03536863]
Epoch 524, t=2460388.413828841:
  TLE_ECI: r=[ 6536.28268879  2037.43013597 -3562.63933979], v=[-3.79624299  2.26271475 -5.66700258]
  RK45_ECI: r=[ -230.68253964  3141.29480958 -7110.72266181], v=[-7.12258326e+00 -5.15672830e-01  3.76268668e-03]
Epoch 525, t=2460388.4139041044:
  TLE_ECI: r=[ 6418.86179372  2107.55611157 -3731.23197866], v=[-3.96578282  2.20697519 -5.5719343 ]
  RK45_ECI: r=[ -278.48242834  3137.76167333 -7110.5674662 ], v=[-7.12093567 -0.53628988  0.04289406]
Epoch 526, t=2460388.413979368:
  TLE_ECI: r=[ 6296.36897348  2175.92494795 -3896.9070926 ], v=[-4.13216009  2.14936001 -5.47251864]
  RK45_ECI: r=[ -326.26922278  3134.07185576 -7110.15781479], v=[-7.11901585 -0.55688641  0.08202411]
Epoch 527, t=2460388.4140546313:
  TLE_ECI: r=[ 6168.90192743  2242.47871361 -4059.53543584], v=[-4.29524352  2.08991764 -5.3688344 ]
  RK45_ECI: r=[ -374.0406442   3130.22553385 -7109.49372582], v=[-7.11682391 -0.57746127  0.12115109]
Epoch 528, t=2460388.4141298947:
  TLE_ECI: r=[ 6036.56227959  2307.16100057 -4218.99017564], v=[-4.45490458  2.02869805 -5.26096364]
  RK45_ECI: r=[ -421.79528359  3126.22282384 -7108.57521648], v=[-7.11435992 -0.59801366  0.160274  ]
Epoch 529, t=2460388.4142051577:
  TLE_ECI: r=[ 5899.4555017   2369.91695377 -4375.14699054], v=[-4.61101752  1.96575271 -5.1489917 ]
  RK45_ECI: r=[ -469.53063768  3122.06393988 -7107.40233378], v=[-7.11162401 -0.61854233  0.19939092]
Epoch 530, t=2460388.414280421:
  TLE_ECI: r=[ 5757.69079889  2430.69338644 -4527.88416632], v=[-4.76345954  1.90113448 -5.03300705]
  RK45_ECI: r=[ -517.2455341   3117.74899    -7105.97510423], v=[-7.10861629 -0.6390466   0.23850102]
Epoch 531, t=2460388.4143556845:
  TLE_ECI: r=[ 5611.38106093  2489.43871941 -4677.08268992], v=[-4.91211084  1.83489765 -4.91310127]
  RK45_ECI: r=[ -564.93812237  3113.27814599 -7104.29357444], v=[-7.10533685 -0.65952546  0.27760293]
Epoch 532, t=2460388.414430948:
  TLE_ECI: r=[ 5460.6427427   2546.10309411 -4822.62634071], v=[-5.05685472  1.76709785 -4.78936893]
  RK45_ECI: r=[ -612.60612859  3108.6516272  -7102.35781924], v=[-7.10178588 -0.67997779  0.3166949 ]
Epoch 533, t=2460388.414506211:
  TLE_ECI: r=[ 5305.59578343  2600.63838027 -4964.40177964], v=[-5.19757765  1.69779201 -4.66190754]
  RK45_ECI: r=[ -660.24792139  3103.86960289 -7100.16789942], v=[-7.0979635  -0.70040267  0.35577576]
Epoch 534, t=2460388.4145814744:
  TLE_ECI: r=[ 5146.36347868  2652.99827862 -5102.29863574], v=[-5.33416941  1.62703825 -4.53081746]
  RK45_ECI: r=[ -707.86168084  3098.93226355 -7097.72389185], v=[-7.09386988 -0.72079918  0.39484413]
Epoch 535, t=2460388.414656738:
  TLE_ECI: r=[ 4983.07242518  2703.13826431 -5236.20959028], v=[-5.46652309  1.55489593 -4.39620179]
  RK45_ECI: r=[ -755.445561    3093.83981214 -7095.02588244], v=[-7.08950516 -0.74116631  0.43389863]
Epoch 536, t=2460388.4147320013:
  TLE_ECI: r=[ 4815.85238853  2751.0156867  -5366.03045824], v=[-5.59453524  1.48142555 -4.25816632]
  RK45_ECI: r=[ -802.99794233  3088.59243387 -7092.0739515 ], v=[-7.08486952 -0.7615032   0.47293808]
Epoch 537, t=2460388.4148072647:
  TLE_ECI: r=[ 4644.83620568  2796.58978837 -5491.66026724], v=[-5.71810589  1.40668868 -4.11681943]
  RK45_ECI: r=[ -850.51655775  3083.19039023 -7088.86823042], v=[-7.07996317 -0.7818087   0.51196075]
Epoch 538, t=2460388.4148825277:
  TLE_ECI: r=[ 4470.15968606  2839.82172554 -5613.00133385], v=[-5.83713865  1.33074796 -3.97227198]
  RK45_ECI: r=[ -897.99978153  3077.63388392 -7085.40881858], v=[-7.07478631 -0.8020819   0.55096544]
Epoch 539, t=2460388.414957791:
  TLE_ECI: r=[ 4291.96146936  2880.6746525  -5729.95933702], v=[-5.95154079  1.25366695 -3.82463725]
  RK45_ECI: r=[ -945.44580006  3071.92313982 -7081.69583746], v=[-7.06933912 -0.8223219   0.58995078]
Epoch 540, t=2460388.4150330545:
  TLE_ECI: r=[ 4110.3829639   2919.11367131 -5842.44338909], v=[-6.06122326  1.17551018 -3.67403083]
  RK45_ECI: r=[ -992.85298964  3066.05837171 -7077.72939828], v=[-7.0636218  -0.84252778  0.6289156 ]
Epoch 541, t=2460388.415108318:
  TLE_ECI: r=[ 3925.56820063  2955.10591424 -5950.36610378], v=[-6.1661008   1.09634305 -3.52057054]
  RK45_ECI: r=[-1040.21909033  3060.03987458 -7073.50967759], v=[-7.05763463 -0.86269842  0.66785814]
Epoch 542, t=2460388.4151835814:
  TLE_ECI: r=[ 3737.66372637  2988.6205567  -6053.64366145], v=[-6.26609197  1.01623179 -3.36437632]
  RK45_ECI: r=[-1087.54249081  3053.86787463 -7069.03680558], v=[-7.05137782 -0.88283293  0.70677724]
Epoch 543, t=2460388.4152588444:
  TLE_ECI: r=[ 3546.81849618  3019.62883174 -6152.19587157], v=[-6.3611192   0.93524339 -3.20557015]
  RK45_ECI: r=[-1134.82135684  3047.54263354 -7064.31093939], v=[-7.04485162 -0.90293035  0.74567152]
Epoch 544, t=2460388.415334108:
  TLE_ECI: r=[ 3353.18371967  3048.10409558 -6245.94623223], v=[-6.45110887  0.8534455  -3.04427595]
  RK45_ECI: r=[-1182.05388271  3041.06441041 -7059.33224496], v=[-7.03805628 -0.92298974  0.78453962]
Epoch 545, t=2460388.4154093713:
  TLE_ECI: r=[ 3156.91279426  3074.02178477 -6334.82198696], v=[-6.53599134  0.77090648 -2.88061946]
  RK45_ECI: r=[-1229.23845229  3034.43345221 -7054.10087208], v=[-7.03099203 -0.94301022  0.82338034]
Epoch 546, t=2460388.4154846347:
  TLE_ECI: r=[ 2958.16114874  3097.35947936 -6418.7541784 ], v=[-6.61570098  0.68769528 -2.7147282 ]
  RK45_ECI: r=[-1276.37281634  3027.65009555 -7048.61705356], v=[-7.02365922 -0.96299067  0.86219198]
Epoch 547, t=2460388.4155598977:
  TLE_ECI: r=[ 2757.08613873  3118.09690182 -6497.67769925], v=[-6.69017624  0.60388139 -2.5467313 ]
  RK45_ECI: r=[-1323.45514881  3020.71463285 -7042.88098561], v=[-7.01605813 -0.98293011  0.90097315]
Epoch 548, t=2460388.415635161:
  TLE_ECI: r=[ 2553.84688644  3136.21596637 -6571.53134004], v=[-6.75935971  0.51953474 -2.37675948]
  RK45_ECI: r=[-1370.48429384  3013.62726041 -7036.89278719], v=[-7.00818896 -1.00282787  0.93972305]
Epoch 549, t=2460388.4157104245:
  TLE_ECI: r=[ 2348.60421032  3151.70074306 -6640.25783425], v=[-6.82319808  0.43472575 -2.20494486]
  RK45_ECI: r=[-1417.45778652  3006.38837275 -7030.65275115], v=[-7.00005211 -1.02268275  0.97843975]
Epoch 550, t=2460388.415785688:
  TLE_ECI: r=[ 2141.52046288  3164.53750472 -6703.80390014], v=[-6.88164224  0.34952518 -2.03142094]
  RK45_ECI: r=[-1464.37424268  2998.99821595 -7024.16103818], v=[-6.99164784 -1.04249395  1.01712228]
Epoch 551, t=2460388.4158609514:
  TLE_ECI: r=[ 1932.75941275  3174.71472925 -6762.12027982], v=[-6.93464731  0.2640041  -1.85632246]
  RK45_ECI: r=[-1511.23142595  2991.45716797 -7017.41793722], v=[-6.98297653 -1.06226037  1.0557689 ]
Epoch 552, t=2460388.4159362144:
  TLE_ECI: r=[ 1722.48612621  3182.2231039  -6815.16177513], v=[-6.98217262  0.17823389 -1.67978532]
  RK45_ECI: r=[-1558.02752127  2983.76555704 -7010.42368873], v=[-6.97403854 -1.08198104  1.09437826]
Epoch 553, t=2460388.416011478:
  TLE_ECI: r=[ 1510.86680116  3187.05555373 -6862.88728062], v=[-7.02418179  0.09228604 -1.50194646]
  RK45_ECI: r=[-1604.76138001  2975.92360413 -7003.17843818], v=[-6.96483407 -1.1016553   1.13294954]
Epoch 554, t=2460388.4160867413:
  TLE_ECI: r=[ 1298.06869395  3189.20721483 -6905.2598135 ], v=[-7.06064270e+00  6.23225966e-03 -1.32294375e+00]
  RK45_ECI: r=[-1651.43055257  2967.93174859 -6995.68254037], v=[-6.95536361 -1.12128194  1.17148084]
Epoch 555, t=2460388.4161620047:
  TLE_ECI: r=[ 1084.25995192  3188.67546071 -6942.24654053], v=[-7.09152756 -0.07985567 -1.14291593]
  RK45_ECI: r=[-1698.03366404  2959.79026544 -6987.93618831], v=[-6.94562745 -1.14086019  1.20997117]
Epoch 556, t=2460388.416237268:
  TLE_ECI: r=[  869.60949243  3185.4598987  -6973.81880185], v=[-7.11681288 -0.16590594 -0.96200249]
  RK45_ECI: r=[-1744.56849296  2951.49957356 -6979.93972688], v=[-6.93562604 -1.16038895  1.24841881]
Epoch 557, t=2460388.416312531:
  TLE_ECI: r=[  654.28688116  3179.56236853 -6999.9521318 ], v=[-7.13647952 -0.25184674 -0.78034352]
  RK45_ECI: r=[-1791.03323707  2943.06003674 -6971.69344057], v=[-6.92535977 -1.17986726  1.28682241]
Epoch 558, t=2460388.4163877945:
  TLE_ECI: r=[  438.46216344  3170.98694955 -7020.62627662], v=[-7.1505127  -0.33760641 -0.59807971]
  RK45_ECI: r=[-1837.42675583  2934.47190037 -6963.19750134], v=[-6.91482889 -1.19929447  1.32518115]
Epoch 559, t=2460388.416463058:
  TLE_ECI: r=[  222.30578874  3159.73994404 -7035.82520927], v=[-7.15890196 -0.42311334 -0.41535214]
  RK45_ECI: r=[-1883.74661746  2925.73564818 -6954.45232555], v=[-6.90403396 -1.21866939  1.36349316]
Epoch 560, t=2460388.4165383214:
  TLE_ECI: r=[ 5.98844143e+00  3.14582988e+03 -7.04553714e+03], v=[-7.16164123 -0.50829617 -0.23230226]
  RK45_ECI: r=[-1929.99145745  2916.8515839  -6945.45813849], v=[-6.89297528 -1.23799124  1.40175743]
Epoch 561, t=2460388.416613585:
  TLE_ECI: r=[ -210.31908172  3129.26751304 -7049.75452985], v=[-7.1587288  -0.59308375 -0.04907173]
  RK45_ECI: r=[-1976.15907138  2907.82016693 -6936.21534064], v=[-6.88165338 -1.25725894  1.43997227]
Epoch 562, t=2460388.416688848:
  TLE_ECI: r=[ -426.44599448  3110.06579748 -7048.47408639], v=[-7.1501673  -0.67740523  0.13419764]
  RK45_ECI: r=[-2022.24767144  2898.64179619 -6926.72426039], v=[-6.8700687  -1.27647155  1.47813632]
Epoch 563, t=2460388.4167641113:
  TLE_ECI: r=[ -642.22168954  3088.2398941  -7041.69677591], v=[-7.13596376 -0.76119019  0.31736402]
  RK45_ECI: r=[-2068.25612629  2889.31674134 -6916.98509595], v=[-6.85822153 -1.29562841  1.51624879]
Epoch 564, t=2460388.4168393747:
  TLE_ECI: r=[ -857.47581557  3063.80715283 -7029.42781801], v=[-7.11612953 -0.84436853  0.50028563]
  RK45_ECI: r=[-2114.18202428  2879.84552993 -6906.99832502], v=[-6.84611247 -1.31472836  1.55430778]
Epoch 565, t=2460388.416914638:
  TLE_ECI: r=[-1072.03844527  3036.7870987  -7011.67668282], v=[-7.09068034 -0.92687066  0.6828209 ]
  RK45_ECI: r=[-2160.02401251  2870.22849415 -6896.76420495], v=[-6.83374188 -1.33377062  1.59231232]
Epoch 566, t=2460388.416989901:
  TLE_ECI: r=[-1285.74018888  3007.20142103 -6988.45708433], v=[-7.05963623 -1.0086275   0.8648285 ]
  RK45_ECI: r=[-2205.77968916  2860.46618115 -6886.28324132], v=[-6.8211104  -1.35275404  1.63026053]
Epoch 567, t=2460388.4170651645:
  TLE_ECI: r=[-1498.41236054  2975.07394235 -6959.78697045], v=[-7.02302158 -1.0895706   1.0461675 ]
  RK45_ECI: r=[-2251.4479322   2850.55888147 -6875.55565678], v=[-6.80821835 -1.37167796  1.66815162]
Epoch 568, t=2460388.417140428:
  TLE_ECI: r=[-1709.88705547  2940.43062045 -6925.68851033], v=[-6.98086507 -1.16963206  1.22669744]
  RK45_ECI: r=[-2297.02697096  2840.50703186 -6864.58182507], v=[-6.79506621 -1.39054145  1.70598423]
Epoch 569, t=2460388.4172156914:
  TLE_ECI: r=[-1919.99731557  2903.29951521 -6886.1880783 ], v=[-6.93319969 -1.24874471  1.40627844]
  RK45_ECI: r=[-2342.51463252  2830.31115557 -6853.36223501], v=[-6.7816546  -1.40934345  1.74375669]
Epoch 570, t=2460388.417290955:
  TLE_ECI: r=[-2128.57725004  2863.71076984 -6841.31623493], v=[-6.88006268 -1.32684211  1.58477132]
  RK45_ECI: r=[-2387.9095771   2819.97161281 -6841.89717585], v=[-6.76798392 -1.42808321  1.78146801]
Epoch 571, t=2460388.417366218:
  TLE_ECI: r=[-2335.46215563  2821.69659426 -6791.107705  ], v=[-6.82149553 -1.40385859  1.76203767]
  RK45_ECI: r=[-2433.20942619  2809.48899379 -6830.1872139 ], v=[-6.75405488 -1.44675958  1.81911634]
Epoch 572, t=2460388.4174414813:
  TLE_ECI: r=[-2540.48867788  2777.29121334 -6735.60135237], v=[-6.75754395 -1.47972939  1.93793996]
  RK45_ECI: r=[-2478.41306898  2798.86361286 -6818.23259782], v=[-6.73986781 -1.46537191  1.85670086]
Epoch 573, t=2460388.4175167447:
  TLE_ECI: r=[-2743.49488815  2730.53087918 -6674.84015194], v=[-6.68825783 -1.55439058  2.11234167]
  RK45_ECI: r=[-2523.51875263  2788.09594101 -6806.03374469], v=[-6.72542325 -1.48391929  1.89422028]
Epoch 574, t=2460388.417592008:
  TLE_ECI: r=[-2944.32044324  2681.45381732 -6608.87115844], v=[-6.61369124 -1.6277792   2.28510734]
  RK45_ECI: r=[-2568.52432672  2777.18654073 -6793.59119803], v=[-6.71072189 -1.50240068  1.93167288]
Epoch 575, t=2460388.4176672716:
  TLE_ECI: r=[-3142.80670205  2630.10020296 -6537.74547224], v=[-6.53390234 -1.69983328  2.45610274]
  RK45_ECI: r=[-2613.42846561  2766.13579996 -6780.90527879], v=[-6.69576415 -1.52081533  1.96905773]
Epoch 576, t=2460388.4177425345:
  TLE_ECI: r=[-3338.79684207  2576.51213913 -6461.51820219], v=[-6.4489534  -1.77049189  2.62519489]
  RK45_ECI: r=[-2658.22881645  2754.94435143 -6767.97661352], v=[-6.68055081 -1.5391621   2.00637295]
Epoch 577, t=2460388.417817798:
  TLE_ECI: r=[-3532.13601249  2520.73358513 -6380.24842531], v=[-6.35891071 -1.83969527  2.79225223]
  RK45_ECI: r=[-2702.92428064  2743.61253287 -6754.8054768 ], v=[-6.66508224 -1.55744037  2.04361777]
Epoch 578, t=2460388.4178930614:
  TLE_ECI: r=[-3722.67141001  2462.8103785  -6293.99914374], v=[-6.26384458 -1.90738473  2.95714466]
  RK45_ECI: r=[-2747.51312495  2732.14084911 -6741.39232865], v=[-6.64935902 -1.57564923  2.08079086]
Epoch 579, t=2460388.417968325:
  TLE_ECI: r=[-3910.25242947  2402.79016173 -6202.83723844], v=[-6.16382925 -1.97350281  3.1197437 ]
  RK45_ECI: r=[-2791.99322332  2720.52990129 -6727.73776692], v=[-6.6333819  -1.59378765  2.11789056]
Epoch 580, t=2460388.4180435883:
  TLE_ECI: r=[-4094.73077495  2340.7223534  -6106.83342008], v=[-6.05894289 -2.03799329  3.27992254]
  RK45_ECI: r=[-2836.3632656   2708.78010475 -6713.84214398], v=[-6.61715134 -1.61185489  2.15491591]
Epoch 581, t=2460388.4181188513:
  TLE_ECI: r=[-4275.96057019  2276.6581215  -6006.06217696], v=[-5.94926748 -2.10080125  3.43755615]
  RK45_ECI: r=[-2880.62092679  2696.89213401 -6699.70614621], v=[-6.60066817 -1.62984985  2.19186508]
Epoch 582, t=2460388.4181941147:
  TLE_ECI: r=[-4453.79850096  2210.65029313 -5900.60171991], v=[-5.83488883 -2.16187314  3.59252141]
  RK45_ECI: r=[-2924.76512165  2684.86634983 -6685.33007379], v=[-6.58393281 -1.64777191  2.22873728]
Epoch 583, t=2460388.418269378:
  TLE_ECI: r=[-4628.10388792  2142.7533861  -5790.53392446], v=[-5.71589647 -2.22115675  3.74469714]
  RK45_ECI: r=[-2968.79413793  2672.70329055 -6670.71442943], v=[-6.56694588 -1.66562016  2.2655312 ]
Epoch 584, t=2460388.4183446416:
  TLE_ECI: r=[-4798.73882622  2073.02351612 -5675.94426999], v=[-5.59238359 -2.27860135  3.89396427]
  RK45_ECI: r=[-3012.70587618  2660.4035952  -6655.85986477], v=[-6.54970819 -1.68339361  2.3022452 ]
Epoch 585, t=2460388.4184199045:
  TLE_ECI: r=[-4965.56828234  2001.51837892 -5556.92177601], v=[-5.46444702 -2.33415764  4.04020587]
  RK45_ECI: r=[-3056.49883583  2647.96776692 -6640.76683482], v=[-6.53222032 -1.70109143  2.33887815]
Epoch 586, t=2460388.418495168:
  TLE_ECI: r=[-5128.46022596  1928.29714591 -5433.55893568], v=[-5.33218709 -2.3877779   4.18330731]
  RK45_ECI: r=[-3100.17134324  2635.39633888 -6625.43587093], v=[-6.51448291 -1.71871281  2.37542875]
Epoch 587, t=2460388.4185704314:
  TLE_ECI: r=[-5287.28569985  1853.42050211 -5305.95164659], v=[-5.19570763 -2.43941594  4.32315628]
  RK45_ECI: r=[-3143.72170607  2622.68987718 -6609.867513  ], v=[-6.49649666 -1.73625686  2.41189571]
Epoch 588, t=2460388.418645695:
  TLE_ECI: r=[-5441.9189477   1776.95054043 -5174.19913857], v=[-5.05511586 -2.48902718  4.45964293]
  RK45_ECI: r=[-3187.14844211  2609.84889196 -6594.06223454], v=[-6.47826216 -1.7537228   2.44827791]
Epoch 589, t=2460388.4187209583:
  TLE_ECI: r=[-5592.23750936  1698.95072534 -5038.40389901], v=[-4.9105223  -2.53656871  4.59265996]
  RK45_ECI: r=[-3230.44948027  2596.87405975 -6578.02074055], v=[-6.45978026 -1.77110963  2.48457371]
Epoch 590, t=2460388.4187962213:
  TLE_ECI: r=[-5738.12231504  1619.48585795 -4898.67159532], v=[-4.76204074 -2.58199926  4.72210268]
  RK45_ECI: r=[-3273.62334086  2583.76591346 -6561.74352246], v=[-6.4410516  -1.78841656  2.520782  ]
Epoch 591, t=2460388.4188714847:
  TLE_ECI: r=[-5879.45780105  1538.62195655 -4755.11099485], v=[-4.60978807 -2.62527936  4.84786912]
  RK45_ECI: r=[-3316.66837362  2570.5250168  -6545.23115363], v=[-6.42207687 -1.80564278  2.55690149]
Epoch 592, t=2460388.418946748:
  TLE_ECI: r=[-6016.13197454  1456.42630173 -4607.83388214], v=[-4.4538843  -2.66637125  4.96986011]
  RK45_ECI: r=[-3359.5831058   2557.15191244 -6528.48413669], v=[-6.40285671 -1.82278749  2.59293108]
Epoch 593, t=2460388.4190220116:
  TLE_ECI: r=[-6148.03652434  1372.96731581 -4456.95497372], v=[-4.29445239 -2.70523898  5.08797938]
  RK45_ECI: r=[-3402.36549045  2543.64730638 -6511.50321885], v=[-6.38339203 -1.83984972  2.62886913]
Epoch 594, t=2460388.419097275:
  TLE_ECI: r=[-6275.06690456  1288.31452249 -4302.59183028], v=[-4.1316182  -2.74184844  5.20213359]
  RK45_ECI: r=[-3445.01407305  2530.01174493 -6494.28892045], v=[-6.36368348 -1.8568287   2.66471456]
Epoch 595, t=2460388.419172538:
  TLE_ECI: r=[-6397.12241668  1202.53850845 -4144.86476655], v=[-3.96551038 -2.77616738  5.31223247]
  RK45_ECI: r=[-3487.52720086  2516.24584596 -6476.84184816], v=[-6.34373181 -1.87372358  2.70046608]
Epoch 596, t=2460388.4192478014:
  TLE_ECI: r=[-6514.10630659  1115.7107902  -3983.89675864], v=[-3.79626024 -2.80816548  5.41818888]
  RK45_ECI: r=[-3529.90324853  2502.35020297 -6459.16261687], v=[-6.32353776 -1.89053356  2.73612243]
Epoch 597, t=2460388.419323065:
  TLE_ECI: r=[-6625.92582236  1027.90386653 -3819.81334923], v=[-3.62400172 -2.8378143   5.51991887]
  RK45_ECI: r=[-3572.14076601  2488.3253879  -6441.25176516], v=[-6.30310202 -1.90725787  2.77168249]
Epoch 598, t=2460388.4193983283:
  TLE_ECI: r=[-6732.49230568   939.19108401 -3652.7425504 ], v=[-3.44887123 -2.8650874   5.61734177]
  RK45_ECI: r=[-3614.23773832  2474.17214278 -6423.11009255], v=[-6.28242554 -1.92389555  2.80714469]
Epoch 599, t=2460388.4194735917:
  TLE_ECI: r=[-6833.72126148   849.64659428 -3482.81474429], v=[-3.27100755 -2.88996029  5.71038024]
  RK45_ECI: r=[-3656.19273423  2459.8910421  -6404.73815513], v=[-6.26150903 -1.94044584  2.84250791]
Epoch 600, t=2460388.4195488547:
  TLE_ECI: r=[-6929.53242577   759.34531268 -3310.16258171], v=[-3.09055175 -2.91241052  5.79896038]
  RK45_ECI: r=[-3698.00412772  2445.48273502 -6386.13660075], v=[-6.24035327 -1.95690792  2.87777091]
Epoch 601, t=2460388.419624118:
  TLE_ECI: r=[-7019.84984158   668.3627744  -3134.92087865], v=[-2.90764703 -2.93241768  5.88301176]
  RK45_ECI: r=[-3739.67031984  2430.94784446 -6367.3060853 ], v=[-6.21895907 -1.97328101  2.91293243]
Epoch 602, t=2460388.4196993816:
  TLE_ECI: r=[-7104.60190814   576.77519214 -2957.22651091], v=[-2.72243865 -2.94996338  5.96246749]
  RK45_ECI: r=[-3781.18988474  2416.28697078 -6348.247183  ], v=[-6.19732713 -1.98956434  2.94799137]
Epoch 603, t=2460388.419774645:
  TLE_ECI: r=[-7183.72145039   484.65931165 -2777.21830679], v=[-2.53507382 -2.96503132  6.03726429]
  RK45_ECI: r=[-3822.56084135  2401.50089137 -6328.96074494], v=[-6.17545849 -2.00575699  2.98294617]
Epoch 604, t=2460388.419849908:
  TLE_ECI: r=[-7257.14577158   392.09238836 -2595.03693807], v=[-2.34570151 -2.97760731  6.10734255]
  RK45_ECI: r=[-3863.78158818  2386.59028138 -6309.44745473], v=[-6.15335396 -2.02185814  3.01779558]
Epoch 605, t=2460388.4199251714:
  TLE_ECI: r=[-7324.81671075   299.15203733 -2410.82480926], v=[-2.1544724  -2.98767927  6.17264636]
  RK45_ECI: r=[-3904.85111191  2371.55560162 -6289.70772445], v=[-6.13101408 -2.0378672   3.05253885]
Epoch 606, t=2460388.420000435:
  TLE_ECI: r=[-7386.68068394   205.91629451 -2224.72594525], v=[-1.96153873 -2.99523722  6.23312361]
  RK45_ECI: r=[-3945.76725722  2356.39772264 -6269.74252697], v=[-6.10844001 -2.05378319  3.08717424]
Epoch 607, t=2460388.4200756983:
  TLE_ECI: r=[-7442.68873467   112.4634662  -2036.88587747], v=[-1.76705418 -3.00027334  6.28872598]
  RK45_ECI: r=[-3986.52881853  2341.11719977 -6249.55237945], v=[-6.08563241 -2.06960544  3.12170085]
Epoch 608, t=2460388.4201509617:
  TLE_ECI: r=[-7492.79657393    18.87208373 -1847.45152867], v=[-1.57117373 -3.00278194  6.33940903]
  RK45_ECI: r=[-4027.13385056  2325.71484491 -6229.13818397], v=[-6.06259233 -2.08533304  3.15611712]
Epoch 609, t=2460388.4202262247:
  TLE_ECI: r=[-7536.96461775   -74.77914141 -1656.57109637], v=[-1.37405356 -3.0027595   6.38513221]
  RK45_ECI: r=[-4067.5807815   2310.19136325 -6208.50066427], v=[-6.03932066 -2.10096519  3.19042183]
Epoch 610, t=2460388.420301488:
  TLE_ECI: r=[-7575.15802015  -168.41147281 -1464.3939351 ], v=[-1.17585086 -3.00020465  6.42585894]
  RK45_ECI: r=[-4107.86861682  2294.54723641 -6187.6402568 ], v=[-6.01581797 -2.11650133  3.22461423]
Epoch 611, t=2460388.4203767516:
  TLE_ECI: r=[-7607.34670324  -261.9460835  -1271.07043758], v=[-0.97672378 -2.9951182   6.4615566 ]
  RK45_ECI: r=[-4147.99524165  2278.78337215 -6166.55799016], v=[-5.99208546 -2.13194048  3.25869262]
Epoch 612, t=2460388.420452015:
  TLE_ECI: r=[-7633.50538259  -355.3042122  -1076.75191491], v=[-0.77683124 -2.9875031   6.49219657]
  RK45_ECI: r=[-4187.95947368  2262.90035    -6145.25441095], v=[-5.96812382 -2.14728201  3.29265609]
Epoch 613, t=2460388.4205272784:
  TLE_ECI: r=[-7653.61358883  -448.40720806  -881.59047586], v=[-0.57633281 -2.97736451  6.51775429]
  RK45_ECI: r=[-4227.75940528  2246.89901547 -6123.73047147], v=[-5.94393418 -2.16252502  3.32650312]
Epoch 614, t=2460388.4206025414:
  TLE_ECI: r=[-7667.65568657  -541.17657544  -685.73890546], v=[-0.37538858 -2.96470971  6.53820924]
  RK45_ECI: r=[-4267.39349581  2230.78010313 -6101.98693505], v=[-5.91951746 -2.17766873  3.3602325 ]
Epoch 615, t=2460388.420677805:
  TLE_ECI: r=[-7675.62088173  -633.53413114  -489.35054286], v=[-0.174159   -2.94954817  6.55354498]
  RK45_ECI: r=[-4306.86077035  2214.5441151  -6080.02426212], v=[-5.89487426 -2.1927126   3.3938435 ]
Epoch 616, t=2460388.4207530683:
  TLE_ECI: r=[-7677.50323951  -725.4019366   -292.57915872], v=[ 0.02719521 -2.93189151  6.56374919]
  RK45_ECI: r=[-4346.15915681  2198.19199509 -6057.84353627], v=[-5.87000583 -2.20765569  3.42733442]
Epoch 617, t=2460388.4208283317:
  TLE_ECI: r=[-7673.30168392  -816.70245445   -95.57883217], v=[ 0.22851322 -2.91175347  6.56881363]
  RK45_ECI: r=[-4385.28749709  2181.72434637 -6035.44533309], v=[-5.84491291 -2.22249735  3.46070441]
Epoch 618, t=2460388.420903595:
  TLE_ECI: r=[-7663.02000011  -907.35859263   101.49617257], v=[ 0.42963425 -2.88914996  6.56873418]
  RK45_ECI: r=[-4424.24392309  2165.1420473  -6012.83065429], v=[-5.81959667 -2.23723673  3.49395193]
Epoch 619, t=2460388.420978858:
  TLE_ECI: r=[-7646.66683415  -997.29374801   298.4915297 ], v=[ 0.63039767 -2.86409898  6.56351085]
  RK45_ECI: r=[-4463.02692681  2148.44586095 -5990.00030225], v=[-5.79405808 -2.25187308  3.52707582]
Epoch 620, t=2460388.4210541216:
  TLE_ECI: r=[-7624.2556743  -1086.43196191   495.25297542], v=[ 0.83064316 -2.83662066  6.55314777]
  RK45_ECI: r=[-4501.63555402  2131.63630941 -5966.95476102], v=[-5.76829777 -2.26640585  3.56007532]
Epoch 621, t=2460388.421129385:
  TLE_ECI: r=[-7595.80485633 -1174.69785057   691.62643149], v=[ 1.03021085 -2.80673721  6.53765317]
  RK45_ECI: r=[-4540.06777722  2114.71437145 -5943.69516831], v=[-5.74231704 -2.28083414  3.59294882]
Epoch 622, t=2460388.4212046484:
  TLE_ECI: r=[-7561.3375371  -1262.01675967   887.45812863], v=[ 1.22894142 -2.77447289  6.5170394 ]
  RK45_ECI: r=[-4578.32246377  2097.68067345 -5920.2221282 ], v=[-5.71611667 -2.29515732  3.62569542]
Epoch 623, t=2460388.4212799114:
  TLE_ECI: r=[-7520.88168154 -1348.31478374  1082.59472957], v=[ 1.42667626 -2.73985403  6.49132291]
  RK45_ECI: r=[-4616.39760713  2080.53620961 -5896.53680278], v=[-5.68969801 -2.3093745   3.6583135 ]
Epoch 624, t=2460388.421355175:
  TLE_ECI: r=[-7474.47002335 -1433.51891819  1276.88345171], v=[ 1.62325765 -2.70290898  6.46052423]
  RK45_ECI: r=[-4654.2922727   2063.2815188  -5872.63969774], v=[-5.66306169 -2.32348514  3.69080233]
Epoch 625, t=2460388.4214304383:
  TLE_ECI: r=[-7422.14006025 -1517.55698859  1470.17218936], v=[ 1.8185288  -2.66366808  6.42466794]
  RK45_ECI: r=[-4692.00498855  2045.91739448 -5848.53165549], v=[-5.63620873 -2.33748852  3.72316077]
Epoch 626, t=2460388.4215057017:
  TLE_ECI: r=[-7363.9340071  -1600.3578016   1662.30963518], v=[ 2.01233405 -2.62216366  6.38378267]
  RK45_ECI: r=[-4729.53395352  2028.44476554 -5824.21375513], v=[-5.60914041 -2.35138383  3.75538733]
Epoch 627, t=2460388.421580965:
  TLE_ECI: r=[-7299.89876385 -1681.85118362  1853.14540099], v=[ 2.20451897 -2.57842996  6.33790107]
  RK45_ECI: r=[-4766.87806157  2010.86428074 -5799.68662894], v=[-5.58185748 -2.36517045  3.78748115]
Epoch 628, t=2460388.421656228:
  TLE_ECI: r=[-7230.08588101 -1761.96801939  2042.5301377 ], v=[ 2.39493051 -2.53250316  6.28705975]
  RK45_ECI: r=[-4804.03535362  1993.17696783 -5774.95149163], v=[-5.55436139 -2.37884753  3.81944064]
Epoch 629, t=2460388.4217314916:
  TLE_ECI: r=[-7154.5514957  -1840.64039602  2230.31565417], v=[ 2.58341714 -2.4844213   6.23129928]
  RK45_ECI: r=[-4841.00491743  1975.38338479 -5750.0088719 ], v=[-5.52665279 -2.39241455  3.85126509]
Epoch 630, t=2460388.421806755:
  TLE_ECI: r=[-7073.35631438 -1917.80153355  2416.35503517], v=[ 2.76982891 -2.43422428  6.17066414]
  RK45_ECI: r=[-4877.78531678  1957.48435179 -5724.85964977], v=[-5.49873273 -2.40587079  3.88295336]
Epoch 631, t=2460388.4218820184:
  TLE_ECI: r=[-6986.5655418  -1993.38592681  2600.50275798], v=[ 2.95401767 -2.38195378  6.10520267]
  RK45_ECI: r=[-4914.37479469  1939.48082801 -5699.50495167], v=[-5.47060253 -2.41921549  3.914504  ]
Epoch 632, t=2460388.421957282:
  TLE_ECI: r=[-6894.24883097 -2067.32937985  2782.61480779], v=[ 3.13583709 -2.32765327  6.03496705]
  RK45_ECI: r=[-4950.77227265  1921.37348414 -5673.94543743], v=[-5.44226302 -2.43244805  3.94591618]
Epoch 633, t=2460388.422032545:
  TLE_ECI: r=[-6796.48023083 -2139.56904075  2962.54879167], v=[ 3.31514287 -2.27136795  5.96001322]
  RK45_ECI: r=[-4986.97584104  1903.16338037 -5648.18237349], v=[-5.41371565 -2.44556763  3.97718831]
Epoch 634, t=2460388.4221078083:
  TLE_ECI: r=[-6693.33809915 -2210.0435349   3140.16405104], v=[ 3.49179281 -2.21314469  5.88040085]
  RK45_ECI: r=[-5022.98461092  1884.85109296 -5622.21631109], v=[-5.38496112 -2.45857374  4.00831972]
Epoch 635, t=2460388.4221830717:
  TLE_ECI: r=[-6584.90507393 -2278.69289643  3315.32177261], v=[ 3.66564693 -2.15303202  5.79619327]
  RK45_ECI: r=[-5058.79718315  1866.43746821 -5596.04816724], v=[-5.35600053 -2.47146569  4.03930927]
Epoch 636, t=2460388.422258335:
  TLE_ECI: r=[-6471.26797972 -2345.45869964  3487.88509755], v=[ 3.83656759 -2.09108006  5.70745743]
  RK45_ECI: r=[-5094.41184656  1847.92349457 -5569.6791147 ], v=[-5.32683524 -2.48424273  4.07015556]
Epoch 637, t=2460388.422333598:
  TLE_ECI: r=[-6352.51776826 -2410.2840693   3657.71922899], v=[ 4.00441959 -2.02734051  5.61426384]
  RK45_ECI: r=[-5129.82722272  1829.31003124 -5543.11009069], v=[-5.29746638 -2.49690419  4.10085746]
Epoch 638, t=2460388.4224088616:
  TLE_ECI: r=[-6228.74941461 -2473.11380377  3824.69153746], v=[ 4.1690703  -1.96186653  5.51668647]
  RK45_ECI: r=[-5165.04243931  1810.59766752 -5516.34166141], v=[-5.26789464 -2.50944957  4.13141432]
Epoch 639, t=2460388.422484125:
  TLE_ECI: r=[-6100.06187991 -2533.89430838  3988.67166469], v=[ 4.33038974 -1.89471279  5.41480273]
  RK45_ECI: r=[-5200.05564558  1791.78749957 -5489.37515114], v=[-5.23812158 -2.52187809  4.16182457]
Epoch 640, t=2460388.4225593884:
  TLE_ECI: r=[-5966.55800184 -2592.5737156   4149.53162509], v=[ 4.48825068 -1.82593535  5.30869339]
  RK45_ECI: r=[-5234.86580942  1772.88023163 -5462.21126285], v=[-5.20814804 -2.53418918  4.19208742]
Epoch 641, t=2460388.422634652:
  TLE_ECI: r=[-5828.34441598 -2649.10191031  4307.14590531], v=[ 4.64252878 -1.75559163  5.19844247]
  RK45_ECI: r=[-5269.47126727  1753.87688032 -5434.85121462], v=[-5.17797545 -2.54638213  4.22220147]
Epoch 642, t=2460388.422709915:
  TLE_ECI: r=[-5685.53147589 -2703.43055443  4461.39156152], v=[ 4.79310261 -1.68374039  5.08413724]
  RK45_ECI: r=[-5303.87083697  1734.7782513  -5407.29584977], v=[-5.14760482 -2.55845632  4.25216579]
Epoch 643, t=2460388.4227851783:
  TLE_ECI: r=[-5538.23313065 -2755.5131945   4612.14831447], v=[ 4.93985385 -1.61044159  4.96586807]
  RK45_ECI: r=[-5338.06319973  1715.58518557 -5379.54614559], v=[-5.11703732 -2.57041115  4.28197928]
Epoch 644, t=2460388.4228604417:
  TLE_ECI: r=[-5386.56687819 -2805.30519898  4759.29864229], v=[ 5.08266725 -1.53575645  4.84372837]
  RK45_ECI: r=[-5372.04702937  1696.29857514 -5351.60308654], v=[-5.08627409 -2.582246    4.31164087]
Epoch 645, t=2460388.422935705:
  TLE_ECI: r=[-5230.65363783 -2852.76386333  4902.72787082], v=[ 5.22143084 -1.45974732  4.71781457]
  RK45_ECI: r=[-5405.82116715  1676.91922211 -5323.46753152], v=[-5.05531619 -2.59396029  4.3411496 ]
Epoch 646, t=2460388.4230109686:
  TLE_ECI: r=[-5070.61765906 -2897.8484283   5042.32426154], v=[ 5.35603591 -1.38247766  4.58822594]
  RK45_ECI: r=[-5439.38399866  1657.44817026 -5295.14074305], v=[-5.02416507 -2.60555331  4.37050415]
Epoch 647, t=2460388.4230862316:
  TLE_ECI: r=[-4906.58642903 -2940.52009902  5177.97909704], v=[ 5.48637717 -1.30401198  4.45506459]
  RK45_ECI: r=[-5472.73437747  1637.88624738 -5266.62359488], v=[-4.99282179 -2.61702449  4.39970357]
Epoch 648, t=2460388.423161495:
  TLE_ECI: r=[-4738.69053419 -2980.74213551  5309.58676378], v=[ 5.61235278 -1.22441572  4.31843533]
  RK45_ECI: r=[-5505.87102469  1618.23431642 -5237.91709931], v=[-4.96128753 -2.62837326  4.4287468 ]
Epoch 649, t=2460388.4232367584:
  TLE_ECI: r=[-4567.06360598 -3018.47979458  5437.04483252], v=[ 5.73386444 -1.14375533  4.17844561]
  RK45_ECI: r=[-5538.79280549  1598.4932123  -5209.02213943], v=[-4.92956337 -2.63959904  4.45763293]
Epoch 650, t=2460388.423312022:
  TLE_ECI: r=[-4391.84217843 -3053.70041768  5560.25413586], v=[ 5.85081745 -1.06209809  4.03520541]
  RK45_ECI: r=[-5571.49814596  1578.66399976 -5179.9400125 ], v=[-4.89765079 -2.65070117  4.48636063]
Epoch 651, t=2460388.4233872853:
  TLE_ECI: r=[-4213.16558652 -3086.37344272  5679.11884317], v=[ 5.96312079 -0.97951211  3.88882719]
  RK45_ECI: r=[-5603.98593372  1558.747507   -5150.67161617], v=[-4.86555088 -2.66167909  4.514929  ]
Epoch 652, t=2460388.4234625483:
  TLE_ECI: r=[-4031.17586322 -3116.47041715  5793.54653282], v=[ 6.07068716 -0.89606629  3.73942575]
  RK45_ECI: r=[-5636.25490894  1538.74466335 -5121.2179901 ], v=[-4.83326488 -2.67253222  4.54333697]
Epoch 653, t=2460388.4235378117:
  TLE_ECI: r=[-3846.0175888  -3143.96506933  5903.44826154], v=[ 6.17343309 -0.81183015  3.58711815]
  RK45_ECI: r=[-5668.30383376  1518.65635295 -5091.58018063], v=[-4.80079399 -2.68326     4.57158355]
Epoch 654, t=2460388.423613075:
  TLE_ECI: r=[-3657.83782995 -3168.83325687  6008.73863113], v=[ 6.27127893 -0.72687394  3.43202365]
  RK45_ECI: r=[-5700.1316107   1498.48343159 -5061.7591005 ], v=[-4.76813934 -2.69386189  4.59966779]
Epoch 655, t=2460388.4236883386:
  TLE_ECI: r=[-3466.78598575 -3191.05303554  6109.3358522 ], v=[ 6.36414896 -0.64126846  3.27426357]
  RK45_ECI: r=[-5731.73671782  1478.22698911 -5031.75608937], v=[-4.73530245 -2.70433725  4.62758845]
Epoch 656, t=2460388.4237636016:
  TLE_ECI: r=[-3273.01368717 -3210.60465509  6205.1618051 ], v=[ 6.45197139 -0.55508506  3.11396121]
  RK45_ECI: r=[-5763.1179326   1457.88797324 -5001.57221623], v=[-4.70228459 -2.7146855   4.65534447]
Epoch 657, t=2460388.423838865:
  TLE_ECI: r=[-3076.67463901 -3227.47061421  6296.14209785], v=[ 6.53467848 -0.46839551  2.95124177]
  RK45_ECI: r=[-5794.27448145  1437.46703597 -4971.2081279 ], v=[-4.66908657 -2.72490624  4.68293526]
Epoch 658, t=2460388.4239141284:
  TLE_ECI: r=[-2877.92455442 -3241.63561521  6382.20612139], v=[ 6.61220649 -0.38127205  2.78623222]
  RK45_ECI: r=[-5825.20472557  1416.96538109 -4940.66533021], v=[-4.63571012 -2.73499879  4.71035939]
Epoch 659, t=2460388.423989392:
  TLE_ECI: r=[-2676.92099399 -3253.0866169   6463.28710165], v=[ 6.68449581 -0.29378724  2.61906124]
  RK45_ECI: r=[-5855.90775366  1396.38378428 -4909.94462266], v=[-4.60215621 -2.74496267  4.73761614]
Epoch 660, t=2460388.4240646553:
  TLE_ECI: r=[-2473.82325096 -3261.81283466  6539.32214876], v=[ 6.75149094 -0.20601394  2.44985909]
  RK45_ECI: r=[-5886.38209737  1375.72335934 -4879.04738624], v=[-4.56842642 -2.75479728  4.76470424]
Epoch 661, t=2460388.4241399183:
  TLE_ECI: r=[-2268.79223534 -3267.80574261  6610.2523033 ], v=[ 6.81314053 -0.11802529  2.27875751]
  RK45_ECI: r=[-5916.62657814  1354.98507513 -4847.9747226 ], v=[-4.53452207 -2.76450209  4.79162271]
Epoch 662, t=2460388.4242151817:
  TLE_ECI: r=[-2061.99030894 -3271.05910806  6676.02257945], v=[ 6.86939747 -0.02989451  2.10588966]
  RK45_ECI: r=[-5946.64045044  1334.16959848 -4816.72729858], v=[-4.50044397 -2.77407668  4.81837094]
Epoch 663, t=2460388.424290445:
  TLE_ECI: r=[-1853.58121566 -3271.56895444  6736.58200532], v=[6.92021882 0.05830498 1.93138995]
  RK45_ECI: r=[-5976.42213524  1313.27815823 -4785.30666485], v=[-4.4661939  -2.78352043  4.84494756]
Epoch 664, t=2460388.4243657086:
  TLE_ECI: r=[-1643.72991492 -3269.33359333  6791.88366009], v=[6.96556592 0.14649973 1.75539402]
  RK45_ECI: r=[-6005.97075533  1292.31154727 -4753.71364484], v=[-4.43177287 -2.79283288  4.87135186]
Epoch 665, t=2460388.424440972:
  TLE_ECI: r=[-1432.6024622  -3264.35361865  6841.88470818], v=[7.00540439 0.23461626 1.57803858]
  RK45_ECI: r=[-6035.28489737  1271.27090196 -4721.94965973], v=[-4.3971825  -2.80201347  4.8975826 ]
Epoch 666, t=2460388.424516235:
  TLE_ECI: r=[-1220.36588918 -3256.63190271  6886.5464304 ], v=[7.03970412 0.32258117 1.39946131]
  RK45_ECI: r=[-6064.36342807  1250.15721113 -4690.01584284], v=[-4.36242414 -2.81106168  4.92363885]
Epoch 667, t=2460388.4245914984:
  TLE_ECI: r=[-1007.18803514 -3246.17360931  6925.83425196], v=[7.06843934 0.41032119 1.21980082]
  RK45_ECI: r=[-6093.20563064  1228.97115571 -4657.91288061], v=[-4.32749862 -2.81997713  4.94951999]
Epoch 668, t=2460388.424666762:
  TLE_ECI: r=[ -793.23747408 -3232.98616608  6959.7177676 ], v=[7.09158856 0.49776319 1.03919645]
  RK45_ECI: r=[-6121.80998741  1207.71398865 -4625.64236716], v=[-4.29240778 -2.82875922  4.97522472]
Epoch 669, t=2460388.4247420253:
  TLE_ECI: r=[ -578.68334497 -3217.07927539  6988.17076347], v=[7.10913468 0.58483427 0.85778827]
  RK45_ECI: r=[-6150.17565622  1186.38651875 -4593.20514923], v=[-4.25715264 -2.83740754  5.00075232]
Epoch 670, t=2460388.4248172888:
  TLE_ECI: r=[ -363.69523038 -3198.4649025   7011.17123604], v=[7.1210649  0.67146183 0.67571689]
  RK45_ECI: r=[-6178.3012801   1164.98990398 -4560.60268695], v=[-4.22173487 -2.84592153  5.02610162]
Epoch 671, t=2460388.4248925517:
  TLE_ECI: r=[ -148.44303409 -3177.15726591  7028.70140797], v=[7.12737081 0.75757357 0.49312341]
  RK45_ECI: r=[-6206.18577224  1143.52515194 -4527.83614445], v=[-4.18615585 -2.85430072  5.05127168]
Epoch 672, t=2460388.424967815:
  TLE_ECI: r=[   66.90318781 -3153.17282897  7040.74774074], v=[7.12804832 0.84309769 0.31014932]
  RK45_ECI: r=[-6233.82844525  1121.99295729 -4494.90622709], v=[-4.15041644 -2.86254475  5.07626194]
Epoch 673, t=2460388.4250430786:
  TLE_ECI: r=[  282.17330271 -3126.53028231  7047.30094446], v=[7.12309772 0.92796273 0.12693636]
  RK45_ECI: r=[-6261.22784451  1100.3945951  -4461.81457124], v=[-4.11451851 -2.87065306  5.1010711 ]
Epoch 674, t=2460388.425118342:
  TLE_ECI: r=[  497.19727046 -3097.25053323  7048.35598439], v=[ 7.11252364  1.01209779 -0.05637356]
  RK45_ECI: r=[-6288.38316364  1078.73088962 -4428.56204614], v=[-4.07846311 -2.87862524  5.1256985 ]
Epoch 675, t=2460388.425193605:
  TLE_ECI: r=[  711.80525659 -3065.35669045  7043.9120845 ], v=[ 7.09633507  1.09543252 -0.23963845]
  RK45_ECI: r=[-6315.29297706  1057.00312572 -4395.15030688], v=[-4.04225214 -2.88646077  5.15014287]
Epoch 676, t=2460388.4252688685:
  TLE_ECI: r=[  925.82779998 -3030.87403857  7033.97272778], v=[ 7.07454534  1.17789724 -0.42271636]
  RK45_ECI: r=[-6341.95662483  1035.21200888 -4361.58007585], v=[-4.00588647 -2.89415928  5.17440366]
Epoch 677, t=2460388.425344132:
  TLE_ECI: r=[ 1139.0958895  -2993.83002886  7018.54565378], v=[ 7.04717209  1.25942289 -0.6054655 ]
  RK45_ECI: r=[-6368.37307047  1013.35856629 -4327.85254837], v=[-3.96936751 -2.90172035  5.19847996]
Epoch 678, t=2460388.4254193953:
  TLE_ECI: r=[ 1351.44113115 -2954.25425167  6997.64285279], v=[ 7.0142373   1.33994116 -0.7877443 ]
  RK45_ECI: r=[-6394.54105014   991.44398757 -4293.96924439], v=[-3.932697   -2.90914348  5.22237067]
Epoch 679, t=2460388.4254946588:
  TLE_ECI: r=[ 1562.69586929 -2912.17841476  6971.28055702], v=[ 6.97576726  1.41938451 -0.96941154]
  RK45_ECI: r=[-6420.45979424   969.46911143 -4259.93105502], v=[-3.89587602 -2.91642829  5.2460751 ]
Epoch 680, t=2460388.4255699217:
  TLE_ECI: r=[ 1772.69330806 -2867.63632381  6939.47922883], v=[ 6.93179252  1.49768624 -1.15032645]
  RK45_ECI: r=[-6446.12794219   947.43524297 -4225.73967545], v=[-3.8589065  -2.92357429  5.26959206]
Epoch 681, t=2460388.425645185:
  TLE_ECI: r=[ 1981.26767434 -2820.6638361   6902.26354563], v=[ 6.88234791  1.57478059 -1.3303488 ]
  RK45_ECI: r=[-6471.54486496   925.34309996 -4191.39584594], v=[-3.82178934 -2.93058116  5.29292101]
Epoch 682, t=2460388.4257204486:
  TLE_ECI: r=[ 2188.25429548 -2771.29886154  6859.66238204], v=[ 6.8274725   1.65060267 -1.50933902]
  RK45_ECI: r=[-6496.70957469   903.1937261  -4156.90079061], v=[-3.78452598 -2.93744847  5.31606107]
Epoch 683, t=2460388.425795712:
  TLE_ECI: r=[ 2393.48976109 -2719.58131431  6811.70878873], v=[ 6.76720957  1.72508862 -1.6871583 ]
  RK45_ECI: r=[-6521.62086748   880.98832914 -4122.25606505], v=[-3.7471182  -2.94417578  5.33901116]
Epoch 684, t=2460388.4258709755:
  TLE_ECI: r=[ 2596.81204144 -2665.55308619  6758.43996833], v=[ 6.70160658  1.79817562 -1.86366867]
  RK45_ECI: r=[-6546.27801122   858.72776128 -4087.46258153], v=[-3.70956709 -2.95076274  5.36177065]
Epoch 685, t=2460388.4259462385:
  TLE_ECI: r=[ 2798.06060582 -2609.25802189  6699.89724824], v=[ 6.63071516  1.86980194 -2.03873312]
  RK45_ECI: r=[-6570.67971179   836.41334663 -4052.52207388], v=[-3.67187463 -2.95720888  5.38433838]
Epoch 686, t=2460388.426021502:
  TLE_ECI: r=[ 2997.07657831 -2550.74185257  6636.12605035], v=[ 6.55459103  1.93990703 -2.2122157 ]
  RK45_ECI: r=[-6594.82537169   814.04581426 -4017.43529965], v=[-3.63404174 -2.96351392  5.40671381]
Epoch 687, t=2460388.4260967653:
  TLE_ECI: r=[ 3193.70281526 -2490.05220711  6567.17585792], v=[ 6.47329403  2.0084315  -2.38398163]
  RK45_ECI: r=[-6618.71405276   791.62622341 -3982.20351065], v=[-3.5960699  -2.96967745  5.42889612]
Epoch 688, t=2460388.4261720288:
  TLE_ECI: r=[ 3387.78405921 -2427.23854365  6493.10017921], v=[ 6.386888    2.07531721 -2.55389737]
  RK45_ECI: r=[-6642.34461225   769.15579842 -3946.82829688], v=[-3.55796089 -2.97569908  5.45088427]
Epoch 689, t=2460388.426247292:
  TLE_ECI: r=[ 3579.16705236 -2362.35211834  6413.95650822], v=[ 6.29544082  2.14050734 -2.72183075]
  RK45_ECI: r=[-6665.71635635   746.63540426 -3911.31059094], v=[-3.51971587 -2.98157847  5.47267764]
Epoch 690, t=2460388.426322555:
  TLE_ECI: r=[ 3767.70065007 -2295.44595562  6329.80628241], v=[ 6.19902428  2.20394635 -2.88765106]
  RK45_ECI: r=[-6688.82805871   724.06638251 -3875.65216384], v=[-3.48133683 -2.98731521  5.4942751 ]
Epoch 691, t=2460388.4263978186:
  TLE_ECI: r=[ 3953.23596666 -2226.57476283  6240.71483734], v=[ 6.09771411  2.2655802  -3.05122914]
  RK45_ECI: r=[-6711.67915399   701.44947281 -3839.85378976], v=[-3.44282472 -2.99290901  5.51567618]
Epoch 692, t=2460388.426473082:
  TLE_ECI: r=[ 4135.62645155 -2155.79495107  6146.75135858], v=[ 5.99158986  2.32535618 -3.21243751]
  RK45_ECI: r=[-6734.26875477   678.78574844 -3803.91674721], v=[-3.40418103 -2.99835954  5.53688004]
Epoch 693, t=2460388.4265483455:
  TLE_ECI: r=[ 4314.72803214 -2083.16454836  6047.98883038], v=[ 5.8807349   2.3832231  -3.37115042]
  RK45_ECI: r=[-6756.59578053   656.07644966 -3767.84265914], v=[-3.3654076  -3.0036664   5.55788572]
Epoch 694, t=2460388.4266236085:
  TLE_ECI: r=[ 4490.39921515 -2008.7431762   5944.50398162], v=[ 5.76523634  2.43913127 -3.52724398]
  RK45_ECI: r=[-6778.65947324   633.32256429 -3731.63264801], v=[-3.32650578 -3.00882928  5.5786925 ]
Epoch 695, t=2460388.426698872:
  TLE_ECI: r=[ 4662.50122207 -1932.59195077  5836.37722868], v=[ 5.64518495  2.49303264 -3.68059626]
  RK45_ECI: r=[-6800.45898562   610.52511513 -3695.2880097 ], v=[-3.28747704 -3.01384787  5.59929963]
Epoch 696, t=2460388.4267741353:
  TLE_ECI: r=[ 4830.89806357 -1854.7735105   5723.69261559], v=[ 5.52067513  2.5448807  -3.83108736]
  RK45_ECI: r=[-6821.99347507   587.68518651 -3658.81004517], v=[-3.24832291 -3.01872185  5.6197063 ]
Epoch 697, t=2460388.4268493988:
  TLE_ECI: r=[ 4995.45667173 -1775.35191522  5606.53775123], v=[ 5.39180483  2.59463061 -3.97859953]
  RK45_ECI: r=[-6843.26220913   564.80375335 -3622.19988823], v=[-3.20904473 -3.02345091  5.63991188]
Epoch 698, t=2460388.426924662:
  TLE_ECI: r=[ 5156.0470001  -1694.39260704  5485.00374365], v=[ 5.25867547  2.64223922 -4.12301726]
  RK45_ECI: r=[-6864.26417076   541.88206958 -3585.45919343], v=[-3.16964437 -3.02803473  5.65991538]
Epoch 699, t=2460388.426999925:
  TLE_ECI: r=[ 5312.54212289 -1611.96237309  5359.18513171], v=[ 5.1213919   2.68766511 -4.26422736]
  RK45_ECI: r=[-6884.99864798   518.92113511 -3548.5891051 ], v=[-3.13012318 -3.03247301  5.67971618]
Epoch 700, t=2460388.4270751886:
  TLE_ECI: r=[ 5464.81835586 -1528.12922977  5229.17981382], v=[ 4.98006225  2.73086867 -4.40211905]
  RK45_ECI: r=[-6905.46484479   495.92198388 -3511.59094392], v=[-3.09048268 -3.03676547  5.6993135 ]
Epoch 701, t=2460388.427150452:
  TLE_ECI: r=[ 5612.75532654 -1442.96245949  5095.08897408], v=[ 4.83479796  2.77181204 -4.53658407]
  RK45_ECI: r=[-6925.66197094   472.88571248 -3474.46603545], v=[-3.05072442 -3.04091182  5.71870663]
Epoch 702, t=2460388.4272257155:
  TLE_ECI: r=[ 5756.23609087 -1356.53249332  4957.01700561], v=[ 4.68571361  2.81045924 -4.66751676]
  RK45_ECI: r=[-6945.5893402    449.8133065  -3437.21553488], v=[-3.01084976 -3.0449118   5.7378949 ]
Epoch 703, t=2460388.427300979:
  TLE_ECI: r=[ 5895.14722256 -1268.91086904  4815.07143135], v=[ 4.53292688  2.84677613 -4.79481413]
  RK45_ECI: r=[-6965.24599998   426.70603261 -3399.8411269 ], v=[-2.97086059 -3.04876511  5.75687742]
Epoch 704, t=2460388.427376242:
  TLE_ECI: r=[ 6029.37890147 -1180.17018994  4669.36282212], v=[ 4.37655844  2.88073051 -4.918376  ]
  RK45_ECI: r=[-6984.63128522   403.56490143 -3362.34397672], v=[-2.93075832 -3.05247147  5.77565357]
Epoch 705, t=2460388.4274515053:
  TLE_ECI: r=[ 6158.82501686 -1090.38399514  4520.00471223], v=[ 4.21673186  2.91229214 -5.03810499]
  RK45_ECI: r=[-7003.74445196   380.39095696 -3324.72542874], v=[-2.89054445 -3.05603067  5.79422262]
Epoch 706, t=2460388.4275267688:
  TLE_ECI: r=[6283.38323212 -999.626804   4367.11351259], v=[ 4.05357356  2.94143271 -5.1539067 ]
  RK45_ECI: r=[-7022.5848502    357.18521327 -3286.98665452], v=[-2.85022041 -3.05944243  5.81258397]
Epoch 707, t=2460388.427602032:
  TLE_ECI: r=[6402.95508281 -907.97398541 4210.80842129], v=[ 3.88721263  2.96812592 -5.26568974]
  RK45_ECI: r=[-7041.15157968   333.94894609 -3249.12936184], v=[-2.80978809 -3.06270651  5.83073674]
Epoch 708, t=2460388.4276772956:
  TLE_ECI: r=[6517.44605349 -815.50171235 4051.21133187], v=[ 3.71778083  2.99234751 -5.3733658 ]
  RK45_ECI: r=[-7059.44401426   310.68315293 -3211.15473188], v=[-2.7692489  -3.06582266  5.84868033]
Epoch 709, t=2460388.4277525586:
  TLE_ECI: r=[6626.76565301 -722.28691869 3888.44673925], v=[ 3.5454124   3.01407525 -5.47684978]
  RK45_ECI: r=[-7077.4614495    287.3889473  -3173.06412716], v=[-2.72860442 -3.06879065  5.86641407]
Epoch 710, t=2460388.427827822:
  TLE_ECI: r=[6730.82749756 -628.40715777 3722.64164333], v=[ 3.37024401  3.03328902 -5.57605979]
  RK45_ECI: r=[-7095.20319431   264.06738241 -3134.85891454], v=[-2.68785621 -3.07161026  5.88393727]
Epoch 711, t=2460388.4279030855:
  TLE_ECI: r=[6829.54936827 -533.94065341 3553.92545055], v=[ 3.19241463  3.04997078 -5.67091728]
  RK45_ECI: r=[-7112.66864653   240.71948145 -3096.54028521], v=[-2.64700567 -3.07428129  5.90124934]
Epoch 712, t=2460388.427978349:
  TLE_ECI: r=[6922.85328833 -438.96615801 3382.42987315], v=[ 3.01206543  3.06410459 -5.76134708]
  RK45_ECI: r=[-7129.85697215   217.34653007 -3058.10997438], v=[-2.60605477 -3.07680349  5.91834948]
Epoch 713, t=2460388.428053612:
  TLE_ECI: r=[7010.66558402 -343.56292636 3208.28882656], v=[ 2.82933968  3.07567666 -5.8472775 ]
  RK45_ECI: r=[-7146.76751401   193.94964919 -3019.56936347], v=[-2.56500511 -3.07917668  5.93523702]
Epoch 714, t=2460388.4281288753:
  TLE_ECI: r=[7092.91695005 -247.81056732 3031.63832466], v=[ 2.64438258  3.08467537 -5.92864033]
  RK45_ECI: r=[-7163.39985867   170.52961645 -2980.91929311], v=[-2.5238577  -3.08140066  5.95191156]
Epoch 715, t=2460388.4282041388:
  TLE_ECI: r=[7169.54250022 -151.78909947 2852.6163733 ], v=[ 2.45734122  3.09109125 -6.00537097]
  RK45_ECI: r=[-7179.75313217   147.0878376  -2942.16169495], v=[-2.48261472 -3.08347523  5.96837223]
Epoch 716, t=2460388.428279402:
  TLE_ECI: r=[7240.48182622  -55.57880241 2671.36286197], v=[ 2.2683644   3.09491699 -6.07740847]
  RK45_ECI: r=[-7195.82685966   123.62522898 -2903.29759752], v=[-2.4412774  -3.08540021  5.98461855]
Epoch 717, t=2460388.4283546656:
  TLE_ECI: r=[7305.67904663   40.73983061 2488.0194537 ], v=[ 2.07760255  3.0961475  -6.14469554]
  RK45_ECI: r=[-7211.6202743    100.14308482 -2864.32876204], v=[-2.39984771 -3.08717543  6.00064973]
Epoch 718, t=2460388.4284299286:
  TLE_ECI: r=[7365.08285397  137.08613902 2302.72947348], v=[ 1.88520759  3.09477987 -6.20717866]
  RK45_ECI: r=[-7227.13277399    76.64253387 -2825.25659039], v=[-2.35832729 -3.08880069  6.01646519]
Epoch 719, t=2460388.428505192:
  TLE_ECI: r=[7418.64655618  233.37944948 2115.63779504], v=[ 1.69133278  3.09081341 -6.26480811]
  RK45_ECI: r=[-7242.36398062    53.12435975 -2786.08193615], v=[-2.31671716 -3.09027586  6.03206452]
Epoch 720, t=2460388.4285804555:
  TLE_ECI: r=[7466.32811726  329.53901524 1926.89072625], v=[ 1.49613263  3.08424962 -6.317538  ]
  RK45_ECI: r=[-7257.31309442    29.58997627 -2746.80675847], v=[-2.27501953 -3.09160077  6.04744691]
Epoch 721, t=2460388.428655719:
  TLE_ECI: r=[7508.0901917   425.4841699  1736.63589322], v=[ 1.29976277  3.07509222 -6.36532634]
  RK45_ECI: r=[-7.27197968e+03  6.04030649e+00 -2.70743210e+03], v=[-2.23323564 -3.09277527  6.0626119 ]
Epoch 722, t=2460388.4287309824:
  TLE_ECI: r=[7543.90015586  521.13437546 1545.02212313], v=[ 1.10237981  3.06334714 -6.40813504]
  RK45_ECI: r=[-7286.36304768   -17.52334846 -2667.95974913], v=[-2.19136749 -3.09379922  6.07755879]
Epoch 723, t=2460388.4288062453:
  TLE_ECI: r=[7573.7301371   616.40926812 1352.19932599], v=[ 0.90414119  3.04902251 -6.44593   ]
  RK45_ECI: r=[-7300.46264193   -41.09985338 -2628.39112421], v=[-2.14941673 -3.09467247  6.09228697]
Epoch 724, t=2460388.4288815088:
  TLE_ECI: r=[7597.55703024  711.2288154  1158.31837537], v=[ 0.70520506  3.03212867 -6.47868109]
  RK45_ECI: r=[-7314.27812338   -64.68841944 -2588.72709195], v=[-2.10738441 -3.09539491  6.1067961 ]
Epoch 725, t=2460388.428956772:
  TLE_ECI: r=[7615.36252687  805.51325164  963.53098822], v=[ 0.50573019  3.01267817 -6.50636221]
  RK45_ECI: r=[-7327.80876744   -88.28762597 -2548.96963729], v=[-2.06527274 -3.0959664   6.12108541]
Epoch 726, t=2460388.4290320356:
  TLE_ECI: r=[7627.13312428  899.18323455  767.98960391], v=[ 0.30587577  2.99068573 -6.52895129]
  RK45_ECI: r=[-7341.05418473  -111.89654497 -2509.11981791], v=[-2.02308299 -3.09638683  6.13515448]
Epoch 727, t=2460388.4291072986:
  TLE_ECI: r=[7632.86014116  992.15986853  571.84726263], v=[ 0.10580132  2.96616824 -6.54643033]
  RK45_ECI: r=[-7354.013685    -135.51375344 -2469.17962987], v=[-1.98081739 -3.0966561   6.14900257]
Epoch 728, t=2460388.429182562:
  TLE_ECI: r=[7632.53971336 1084.36486157  375.25748314], v=[-0.09433348  2.93914479 -6.55878544]
  RK45_ECI: r=[-7366.68695852  -159.13845908 -2429.1499494 ], v=[-1.93847699 -3.0967741   6.16262933]
Epoch 729, t=2460388.4292578255:
  TLE_ECI: r=[7626.17281368 1175.72045804  178.37414016], v=[-0.29436889  2.90963659 -6.56600677]
  RK45_ECI: r=[-7379.07351882  -182.76952063 -2389.03221662], v=[-1.89606346 -3.09674074  6.17603423]
Epoch 730, t=2460388.429333089:
  TLE_ECI: r=[7613.76523999 1266.14959466  -18.64865863], v=[-0.49414527  2.87766699 -6.56808863]
  RK45_ECI: r=[-7391.17277723  -206.40562853 -2348.82825289], v=[-1.85357883 -3.09655593  6.18921663]
Epoch 731, t=2460388.4294083524:
  TLE_ECI: r=[7595.32761278 1355.57594414 -215.65669578], v=[-0.6935032   2.84326144 -6.56502939]
  RK45_ECI: r=[-7402.98438785  -230.04585045 -2308.53912902], v=[-1.81102438 -3.09621958  6.20217613]
Epoch 732, t=2460388.4294836153:
  TLE_ECI: r=[7570.87537019 1443.92395823 -412.49576736], v=[-0.89228361  2.80644752 -6.55683157]
  RK45_ECI: r=[-7414.50773663  -253.68875909 -2268.16686433], v=[-1.76840237 -3.09573164  6.21491205]
Epoch 733, t=2460388.4295588788:
  TLE_ECI: r=[7540.42873803 1531.11902153 -609.01180623], v=[-1.09032797  2.76725483 -6.54350178]
  RK45_ECI: r=[-7425.7425503   -277.33355875 -2227.71234573], v=[-1.72571386 -3.09509202  6.22742407]
Epoch 734, t=2460388.429634142:
  TLE_ECI: r=[7504.01273707 1617.08738168 -805.05100524], v=[-1.28747833  2.72571504 -6.52505072]
  RK45_ECI: r=[-7436.6883994   -300.97910434 -2187.17703004], v=[-1.68296052 -3.09430067  6.2397117 ]
Epoch 735, t=2460388.4297094056:
  TLE_ECI: r=[ 7461.65714552  1701.7563015  -1000.45994006], v=[-1.48357754  2.68186184 -6.5014932 ]
  RK45_ECI: r=[-7447.34476502  -324.62408298 -2146.56275884], v=[-1.64014443 -3.09335755  6.25177434]
Epoch 736, t=2460388.429784669:
  TLE_ECI: r=[ 7413.3964775   1785.05409916 -1195.08569173], v=[-1.67846933  2.63573087 -6.4728481 ]
  RK45_ECI: r=[-7457.71134514  -348.2675591  -2105.87061518], v=[-1.59726686 -3.09226259  6.26361162]
Epoch 737, t=2460388.429859932:
  TLE_ECI: r=[ 7359.26995909  1866.91018792 -1388.77596876], v=[-1.87199846  2.58735977 -6.43913837]
  RK45_ECI: r=[-7467.78760257  -371.90810295 -2065.10263978], v=[-1.55433009 -3.09101577  6.27522292]
Epoch 738, t=2460388.4299351955:
  TLE_ECI: r=[ 7299.32147335  1947.25522272 -1581.37922846], v=[-2.06401086  2.53678805 -6.40039097]
  RK45_ECI: r=[-7477.57330091  -395.54491605 -2024.25972948], v=[-1.51133519 -3.08961706  6.28660794]
Epoch 739, t=2460388.430010459:
  TLE_ECI: r=[ 7233.59955508  2026.02102958 -1772.74479781], v=[-2.25435376  2.48405715 -6.3566369 ]
  RK45_ECI: r=[-7487.06806813  -419.17685079 -1983.34335647], v=[-1.46828386 -3.08806642  6.29776624]
Epoch 740, t=2460388.4300857224:
  TLE_ECI: r=[ 7162.15732845  2103.14075061 -1962.72299331], v=[-2.44287577  2.42921033 -6.30791113]
  RK45_ECI: r=[-7496.27145572  -442.8025927  -1942.35538095], v=[-1.42517816 -3.08636385  6.30869725]
Epoch 741, t=2460388.430160986:
  TLE_ECI: r=[ 7085.05246718  2178.5488793  -2151.16523995], v=[-2.62942708  2.37229266 -6.25425257]
  RK45_ECI: r=[-7505.18320583  -466.42120408 -1901.29689719], v=[-1.38201941 -3.08450933  6.31940067]
Epoch 742, t=2460388.4302362488:
  TLE_ECI: r=[ 7002.34715246  2252.18129551 -2337.92418926], v=[-2.81385952  2.313351   -6.19570407]
  RK45_ECI: r=[-7513.80285886  -490.03125394 -1860.16996551], v=[-1.33880989 -3.08250287  6.32987589]
Epoch 743, t=2460388.430311512:
  TLE_ECI: r=[ 6914.107994    2323.97540298 -2522.85383593], v=[-2.99602673  2.2524339  -6.13231233]
  RK45_ECI: r=[-7522.13021543  -513.63194233 -1818.97549189], v=[-1.29555068 -3.08034446  6.34012268]
Epoch 744, t=2460388.4303867756:
  TLE_ECI: r=[ 6820.40601303  2393.87005799 -2705.80963357], v=[-3.17578425  2.18959162 -6.06412789]
  RK45_ECI: r=[-7530.16496151  -537.22212034 -1777.71496257], v=[-1.25224348 -3.07803411  6.35014059]
Epoch 745, t=2460388.430462039:
  TLE_ECI: r=[ 6721.31655662  2461.80570437 -2886.64860875], v=[-3.35298964  2.12487605 -5.99120506]
  RK45_ECI: r=[-7537.90671939  -560.80047331 -1736.39025467], v=[-1.2088904  -3.07557186  6.35992915]
Epoch 746, t=2460388.430537302:
  TLE_ECI: r=[ 6616.91924815  2527.72438397 -3065.22947385], v=[-3.52750262  2.05834067 -5.91360191]
  RK45_ECI: r=[-7545.35520642  -584.3658528  -1695.00286148], v=[-1.16549314 -3.07295773  6.36948797]
Epoch 747, t=2460388.4306125655:
  TLE_ECI: r=[ 6507.29789125  2591.56986305 -3241.41273814], v=[-3.69918516  1.9900405  -5.83138016]
  RK45_ECI: r=[-7552.51024923  -607.91745749 -1653.55369482], v=[-1.12205278 -3.07019172  6.37881679]
Epoch 748, t=2460388.430687829:
  TLE_ECI: r=[ 6392.54044323  2653.28756332 -3415.0608175 ], v=[-3.86790159  1.92003205 -5.74460516]
  RK45_ECI: r=[-7559.37147759  -631.45385773 -1612.0448352 ], v=[-1.07857165 -3.06727391  6.3879151 ]
Epoch 749, t=2460388.4307630924:
  TLE_ECI: r=[ 6272.7389129   2712.82468548 -3586.0381421 ], v=[-4.03351873  1.84837329 -5.65334585]
  RK45_ECI: r=[-7565.93870517  -654.97411426 -1570.47739288], v=[-1.03505103 -3.06420432  6.39678262]
Epoch 750, t=2460388.430838356:
  TLE_ECI: r=[ 6147.98929087  2770.13023474 -3754.2112625 ], v=[-4.19590595  1.77512356 -5.55767464]
  RK45_ECI: r=[-7572.21162559  -678.47691385 -1528.85326017], v=[-0.99149306 -3.06098304  6.40541891]
Epoch 751, t=2460388.4309136188:
  TLE_ECI: r=[ 6018.39147816  2825.1550456  -3919.44895373], v=[-4.35493533  1.70034358 -5.4576674 ]
  RK45_ECI: r=[-7578.19004361  -701.96120198 -1487.17374664], v=[-0.94789923 -3.0576101   6.41382366]
Epoch 752, t=2460388.430988882:
  TLE_ECI: r=[ 5884.04917018  2877.85189446 -4081.62231732], v=[-4.51048173  1.6240953  -5.35340335]
  RK45_ECI: r=[-7583.87373658  -725.42589763 -1445.44035903], v=[-0.90427126 -3.05408558  6.42199653]
Epoch 753, t=2460388.4310641456:
  TLE_ECI: r=[ 5745.06982044  2928.17543148 -4240.60488153], v=[-4.66242289  1.54644194 -5.24496503]
  RK45_ECI: r=[-7589.26249964  -748.86985321 -1403.65460628], v=[-0.86061084 -3.05040956  6.42993718]
Epoch 754, t=2460388.431139409:
  TLE_ECI: r=[ 5601.56451886  2976.0822909  -4396.2726991 ], v=[-4.8106395   1.46744787 -5.1324382 ]
  RK45_ECI: r=[-7594.35616247  -772.2920371  -1361.81780301], v=[-0.81691952 -3.04658209  6.43764533]
Epoch 755, t=2460388.4312146725:
  TLE_ECI: r=[ 5453.64790864  3021.53110872 -4548.50444305], v=[-4.95501533  1.38717862 -5.01591176]
  RK45_ECI: r=[-7599.15449037  -795.69113891 -1319.9318551 ], v=[-0.7731994  -3.04260332  6.44512057]
Epoch 756, t=2460388.4312899355:
  TLE_ECI: r=[ 5301.4381011   3064.48254158 -4697.18150011], v=[-5.0954373   1.30570076 -4.8954777 ]
  RK45_ECI: r=[-7603.65734018  -819.06610552 -1277.99808152], v=[-0.729452   -3.03847331  6.45236266]
Epoch 757, t=2460388.431365199:
  TLE_ECI: r=[ 5145.05654292  3104.89936253 -4842.18806171], v=[-5.23179558  1.22308184 -4.771231  ]
  RK45_ECI: r=[-7607.86454707  -842.41585846 -1236.01799947], v=[-0.68567903 -3.03419218  6.45937127]
Epoch 758, t=2460388.4314404624:
  TLE_ECI: r=[ 4984.62797068  3142.74639669 -4983.4112128 ], v=[-5.36398361  1.1393904  -4.64326958]
  RK45_ECI: r=[-7611.77596496  -865.73925285 -1193.99312806], v=[-0.64188223 -3.02976002  6.46614612]
Epoch 759, t=2460388.431515726:
  TLE_ECI: r=[ 4820.28027352  3177.99061422 -5120.74101802], v=[-5.49189827  1.05469584 -4.51169414]
  RK45_ECI: r=[-7615.39147548  -889.03525911 -1151.92479073], v=[-0.5980631  -3.02517695  6.47268696]
Epoch 760, t=2460388.431590989:
  TLE_ECI: r=[ 4652.14439812  3210.60114153 -5254.0706054 ], v=[-5.61543987  0.96906843 -4.37660818]
  RK45_ECI: r=[-7618.71091582  -912.30257132 -1109.81490516], v=[-0.55422379 -3.02044313  6.47899345]
Epoch 761, t=2460388.431666252:
  TLE_ECI: r=[ 4480.35425212  3240.54927354 -5383.29624754], v=[-5.7345123   0.88257918 -4.23811784]
  RK45_ECI: r=[-7621.73419517  -935.54013918 -1067.66479856], v=[-0.51036581 -3.01555867  6.48506535]
Epoch 762, t=2460388.4317415156:
  TLE_ECI: r=[ 4305.04655779  3267.80855065 -5508.31744006], v=[-5.84902301  0.79529978 -4.09633182]
  RK45_ECI: r=[-7624.46120663  -958.74688803 -1025.47599719], v=[-0.46649088 -3.01052372  6.49090241]
Epoch 763, t=2460388.431816779:
  TLE_ECI: r=[ 4126.36079885  3292.35469967 -5629.03697763], v=[-5.95888315  0.70730265 -3.95136134]
  RK45_ECI: r=[-7626.89187615  -981.92176843  -983.24983068], v=[-0.42260053 -3.00533839  6.49650441]
Epoch 764, t=2460388.4318920425:
  TLE_ECI: r=[ 3944.43907033  3314.16570822 -5745.36102704], v=[-6.06400761  0.61866074 -3.80331998]
  RK45_ECI: r=[-7629.02609866 -1005.06347919  -940.98822489], v=[-0.37869689 -3.00000289  6.50187105]
Epoch 765, t=2460388.4319673055:
  TLE_ECI: r=[ 3759.42598397  3333.2218179  -5857.19919769], v=[-6.16431504  0.52944757 -3.65232364]
  RK45_ECI: r=[-7630.86381507 -1028.17088166  -898.69271133], v=[-0.33478171 -2.99451739  6.50700209]
Epoch 766, t=2460388.432042569:
  TLE_ECI: r=[ 3571.4685134   3349.50558548 -5964.46460918], v=[-6.25972797  0.43973709 -3.49849042]
  RK45_ECI: r=[-7632.40499566 -1051.24317928  -856.36422677], v=[-0.29085608 -2.98888198  6.5118974 ]
Epoch 767, t=2460388.4321178324:
  TLE_ECI: r=[ 3380.7159356   3363.00182882 -6067.07395631], v=[-6.3501728   0.34960368 -3.34194054]
  RK45_ECI: r=[-7633.64957017 -1074.27896075  -814.00490086], v=[-0.24692236 -2.9830969   6.51655669]
Epoch 768, t=2460388.432193096:
  TLE_ECI: r=[ 3187.31967289  3373.6976857  -6164.94757103], v=[-6.4355799   0.25912209 -3.18279625]
  RK45_ECI: r=[-7634.59752418 -1097.27729512  -771.61587134], v=[-0.20298186 -2.9771623   6.52097978]
Epoch 769, t=2460388.432268359:
  TLE_ECI: r=[ 2991.4331827   3381.58261244 -6258.00948162], v=[-6.5158836   0.16836734 -3.02118171]
  RK45_ECI: r=[-7635.24882494 -1120.23688829  -729.19907266], v=[-0.15903673 -2.97107842  6.52516645]
Epoch 770, t=2460388.432343622:
  TLE_ECI: r=[ 2793.211846    3386.64838443 -6346.18746897], v=[-6.59102231  0.07741468 -2.85722291]
  RK45_ECI: r=[-7635.60347259 -1143.15660736  -686.75604308], v=[-0.11508869 -2.96484545  6.52911651]
Epoch 771, t=2460388.4324188856:
  TLE_ECI: r=[ 2592.81280462  3388.8891367  -6429.41311993], v=[-6.66093847 -0.01366049 -2.69104757]
  RK45_ECI: r=[-7635.66147557 -1166.03565907  -644.28772388], v=[-0.07113888 -2.95846352  6.53282984]
Epoch 772, t=2460388.432494149:
  TLE_ECI: r=[ 2390.39489718  3388.30131747 -6507.62187779], v=[-6.72557866 -0.10478263 -2.52278505]
  RK45_ECI: r=[-7635.42284299 -1188.87264126  -601.79625303], v=[-0.02718962 -2.95193292  6.53630619]
Epoch 773, t=2460388.4325694125:
  TLE_ECI: r=[ 2186.11849433  3384.88372616 -6580.75308977], v=[-6.78489358 -0.19587616 -2.35256623]
  RK45_ECI: r=[-7634.88760595 -1211.66662755  -559.28277296], v=[ 0.01675774 -2.94525382  6.53954546]
Epoch 774, t=2460388.432644676:
  TLE_ECI: r=[ 1980.14538292  3378.63750567 -6648.7500515 ], v=[-6.83883813 -0.28686553 -2.18052344]
  RK45_ECI: r=[-7634.0558041  -1234.41633256  -516.74922505], v=[ 0.06070108 -2.9384265   6.54254745]
Epoch 775, t=2460388.432719939:
  TLE_ECI: r=[ 1772.63864907  3369.56613661 -6711.56004862], v=[-6.88737138 -0.37767522 -2.00679034]
  RK45_ECI: r=[-7632.92749685 -1257.12063066  -474.19715281], v=[ 0.10463865 -2.9314512   6.54531202]
Epoch 776, t=2460388.4327952024:
  TLE_ECI: r=[ 1563.76251114  3357.67545644 -6769.1343952 ], v=[-6.93045665 -0.46822991 -1.83150182]
  RK45_ECI: r=[-7631.50273085 -1279.77873272  -431.62750124], v=[ 0.14856934 -2.92432806  6.54783908]
Epoch 777, t=2460388.432870466:
  TLE_ECI: r=[ 1353.68225094  3342.9736219  -6821.42846945], v=[-6.96806149 -0.55845441 -1.65479391]
  RK45_ECI: r=[-7629.7815946  -1302.38924732  -389.04241458], v=[ 0.1924908  -2.91705743  6.55012845]
Epoch 778, t=2460388.4329457292:
  TLE_ECI: r=[ 1142.56404534  3325.47112567 -6868.40174616], v=[-7.00015773 -0.6482738  -1.47680367]
  RK45_ECI: r=[-7627.76416481 -1324.95125371  -346.443039  ], v=[ 0.23640171 -2.9096395   6.55218004]
Epoch 779, t=2460388.4330209927:
  TLE_ECI: r=[  930.57484685  3305.18078263 -6910.01782617], v=[-7.02672146 -0.73761345 -1.29766909]
  RK45_ECI: r=[-7625.45055346 -1347.46347683  -303.83132091], v=[ 0.28029992 -2.90207459  6.55399373]
Epoch 780, t=2460388.4330962556:
  TLE_ECI: r=[  717.88226356  3282.11771792 -6946.2444629 ], v=[-7.04773309 -0.8263991  -1.11752899]
  RK45_ECI: r=[-7622.8408793  -1369.92479953  -261.20880777], v=[ 0.3241837  -2.89436298  6.55556941]
Epoch 781, t=2460388.433171519:
  TLE_ECI: r=[  504.65439053  3256.29936467 -6977.05358567], v=[-7.0631773  -0.91455697 -0.93652294]
  RK45_ECI: r=[-7619.93522712 -1392.33443784  -218.57644729], v=[ 0.36805193 -2.88650484  6.55690701]
Epoch 782, t=2460388.4332467825:
  TLE_ECI: r=[  291.05973739  3227.74543586 -7002.42132019], v=[-7.07304312 -1.00201367 -0.75479112]
  RK45_ECI: r=[-7616.73376485 -1414.6910126   -175.93638812], v=[ 0.41190227 -2.87850056  6.55800643]
Epoch 783, t=2460388.433322046:
  TLE_ECI: r=[   77.26705909  3196.47791972 -7022.32800585], v=[-7.07732386 -1.08869642 -0.57247424]
  RK45_ECI: r=[-7613.23661468 -1436.99361005  -133.28977903], v=[ 0.45573339 -2.87035036  6.5588676 ]
Epoch 784, t=2460388.433397309:
  TLE_ECI: r=[ -136.55475549  3162.5210604  -7036.75820998], v=[-7.07601717 -1.17453295 -0.38971343]
  RK45_ECI: r=[-7609.44398049 -1459.24085702   -90.63876991], v=[ 0.49954295 -2.86205464  6.55949045]
Epoch 785, t=2460388.4334725724:
  TLE_ECI: r=[ -350.23685168  3125.90133858 -7045.700739  ], v=[-7.06912501 -1.25945176 -0.20665016]
  RK45_ECI: r=[-7605.3559816  -1481.43197527   -47.98431015], v=[ 0.54332984 -2.8536136   6.55987493]
Epoch 786, t=2460388.433547836:
  TLE_ECI: r=[ -563.61048333  3086.64745135 -7049.1486467 ], v=[-7.05665366 -1.34338197 -0.0234261 ]
  RK45_ECI: r=[-7.60097280e+03 -1.50356586e+03 -5.32794987e+00], v=[ 0.58709231 -2.84502756  6.56002099]
Epoch 787, t=2460388.4336230992:
  TLE_ECI: r=[ -776.50718073  3044.79029058 -7047.09923924], v=[-7.0386137  -1.42625346  0.15981695]
  RK45_ECI: r=[-7596.29466208 -1525.64124953    37.32836007], v=[ 0.63082824 -2.8362969   6.55992859]
Epoch 788, t=2460388.4336983627:
  TLE_ECI: r=[ -988.75887126  3000.36291884 -7039.55407718], v=[-7.01502    -1.50799695  0.34293717]
  RK45_ECI: r=[-7591.32173679 -1547.65724387    79.98346936], v=[ 0.67453629 -2.82742187  6.55959769]
Epoch 789, t=2460388.4337736256:
  TLE_ECI: r=[-1200.19800081  2953.40054739 -7026.5189745 ], v=[-6.98589175 -1.58854402  0.52579284]
  RK45_ECI: r=[-7586.05430666 -1569.61248288   122.6352266 ], v=[ 0.71821414 -2.81840293  6.55902829]
Epoch 790, t=2460388.433848889:
  TLE_ECI: r=[-1410.65769777  2903.94049572 -7008.00399437], v=[-6.95125239 -1.6678272   0.70824241]
  RK45_ECI: r=[-7580.49252919 -1591.50619496   165.28268136], v=[ 0.76186067 -2.80924029  6.55822036]
Epoch 791, t=2460388.4339241525:
  TLE_ECI: r=[-1619.97184981  2852.02218167 -6984.02344214], v=[-6.91112962 -1.74577998  0.89014463]
  RK45_ECI: r=[-7574.63664499 -1613.33728451   207.92428256], v=[ 0.80547415 -2.79993431  6.5571739 ]
Epoch 792, t=2460388.433999416:
  TLE_ECI: r=[-1827.97526727  2797.68707895 -6954.59585498], v=[-6.86555538 -1.82233685  1.07135865]
  RK45_ECI: r=[-7568.48695373 -1635.10451021   250.55807894], v=[ 0.84905245 -2.79048542  6.55588891]
Epoch 793, t=2460388.4340746794:
  TLE_ECI: r=[-2034.50380227  2740.97868782 -6919.74398865], v=[-6.81456583 -1.89743342  1.25174409]
  RK45_ECI: r=[-7562.04366846 -1656.80697499   293.18291969], v=[ 0.89259426 -2.7808939   6.55436541]
Epoch 794, t=2460388.4341499424:
  TLE_ECI: r=[-2239.39446788  2681.94250792 -6879.49480114], v=[-6.75820133 -1.9710064   1.4311612 ]
  RK45_ECI: r=[-7555.30715106 -1678.44333687   335.79665394], v=[ 0.93609724 -2.77116024  6.55260343]
Epoch 795, t=2460388.434225206:
  TLE_ECI: r=[-2442.48559612  2620.62597742 -6833.87943321], v=[-6.69650639 -2.04299374  1.60947089]
  RK45_ECI: r=[-7548.27759699 -1700.01283217   378.39833108], v=[ 0.97956028 -2.76128469  6.550603  ]
Epoch 796, t=2460388.4343004692:
  TLE_ECI: r=[-2643.61691564  2557.07847347 -6782.93318601], v=[-6.62952967 -2.11333457  1.7865349 ]
  RK45_ECI: r=[-7540.95530577 -1721.51437766   420.98640053], v=[ 1.02298166 -2.75126763  6.54836413]
Epoch 797, t=2460388.4343757327:
  TLE_ECI: r=[-2842.62970838  2491.35124931 -6726.69549554], v=[-6.55732392 -2.18196931  1.96221585]
  RK45_ECI: r=[-7533.34064876 -1742.94674803   463.5589124 ], v=[ 1.06635926 -2.74110954  6.54588691]
Epoch 798, t=2460388.4344509956:
  TLE_ECI: r=[-3039.36691752  2423.4974094  -6665.2099041 ], v=[-6.47994597 -2.24883972  2.13637738]
  RK45_ECI: r=[-7525.43395715 -1764.30886713   506.11431718], v=[ 1.10969136 -2.73081081  6.5431714 ]
Epoch 799, t=2460388.434526259:
  TLE_ECI: r=[-3233.67329882  2353.57183269 -6598.52402867], v=[-6.39745667 -2.31388897  2.30888422]
  RK45_ECI: r=[-7517.23545271 -1785.59997719   548.6516645 ], v=[ 1.15297685 -2.72037172  6.54021762]
Epoch 800, t=2460388.4346015225:
  TLE_ECI: r=[-3425.39549842  2281.63118109 -6526.68952642], v=[-6.30992087 -2.37706161  2.4796023 ]
  RK45_ECI: r=[-7508.74558736 -1806.81875718   591.16880648], v=[ 1.19621343 -2.7097928   6.53702569]
Epoch 801, t=2460388.434676786:
  TLE_ECI: r=[-3614.38220166  2207.7338215  -6449.76205697], v=[-6.21740737 -2.4383037   2.64839887]
  RK45_ECI: r=[-7499.96464632 -1827.96432652   633.66459378], v=[ 1.23939976 -2.69907439  6.53359566]
Epoch 802, t=2460388.4347520494:
  TLE_ECI: r=[-3800.48424418  2131.9397882  -6367.80124186], v=[-6.11998884 -2.4975628   2.81514258]
  RK45_ECI: r=[-7490.89307252 -1849.03547643   676.13707975], v=[ 1.28253375 -2.68821699  6.52992767]
Epoch 803, t=2460388.4348273124:
  TLE_ECI: r=[-3983.55472328  2054.31074674 -6280.87062087], v=[-6.01774184 -2.55478801  2.97970357]
  RK45_ECI: r=[-7481.53125545 -1870.03114584   718.5847176 ], v=[ 1.32561369 -2.67722104  6.52602181]
Epoch 804, t=2460388.434902576:
  TLE_ECI: r=[-4163.44913738  1974.90989973 -6189.03760543], v=[-5.9107467  -2.60993012  3.1419536 ]
  RK45_ECI: r=[-7471.87945456 -1890.95058623   761.00655832], v=[ 1.36863848 -2.66608684  6.52187815]
Epoch 805, t=2460388.4349778392:
  TLE_ECI: r=[-4340.02546327  1893.80200469 -6092.37342913], v=[-5.79908751 -2.6629415   3.30176611]
  RK45_ECI: r=[-7461.93819996 -1911.79249613   803.40045878], v=[ 1.4116058  -2.65481497  6.51749685]
Epoch 806, t=2460388.4350531027:
  TLE_ECI: r=[-4513.14429295  1811.05327781 -5990.95309514], v=[-5.68285203 -2.71377624  3.45901636]
  RK45_ECI: r=[-7451.70782164 -1932.55600664   845.76527201], v=[ 1.45451436 -2.64340577  6.51287801]
Epoch 807, t=2460388.435128366:
  TLE_ECI: r=[-4682.66893782  1726.73135235 -5884.85532083], v=[-5.56213166 -2.76239015  3.61358149]
  RK45_ECI: r=[-7441.18883346 -1953.23992792   888.09905637], v=[ 1.49736206 -2.63185982  6.50802181]
Epoch 808, t=2460388.435203629:
  TLE_ECI: r=[-4848.46553224  1640.90523882 -5774.16247945], v=[-5.43702137 -2.80874082  3.76534066]
  RK45_ECI: r=[-7430.38163606 -1973.84329427   930.40046768], v=[ 1.5401474  -2.62017754  6.50292838]
Epoch 809, t=2460388.4352788925:
  TLE_ECI: r=[-5010.40315958  1553.6452136  -5658.96053883], v=[-5.30761958 -2.85278768  3.91417507]
  RK45_ECI: r=[-7419.28666737 -1994.36512761   972.66796386], v=[ 1.5828687  -2.60835937  6.49759787]
Epoch 810, t=2460388.435354156:
  TLE_ECI: r=[-5168.35392699  1465.02284614 -5539.33899746], v=[-5.17402818 -2.89449199  4.05996815]
  RK45_ECI: r=[-7407.90439402 -2014.80438773  1014.90000388], v=[ 1.62552425 -2.5964058   6.49203045]
Epoch 811, t=2460388.4354294194:
  TLE_ECI: r=[-5322.1930876   1375.11088622 -5415.3908175 ], v=[-5.03635241 -2.93381688  4.20260558]
  RK45_ECI: r=[-7396.23523755 -2035.16013841  1057.09524577], v=[ 1.66811256 -2.58431727  6.48622627]
Epoch 812, t=2460388.435504683:
  TLE_ECI: r=[-5471.79913559  1283.98321876 -5287.21235512], v=[-4.89470076 -2.97072743  4.34197541]
  RK45_ECI: r=[-7384.27978227 -2055.43121006  1099.25175468], v=[ 1.71063156 -2.57209438  6.48018555]
Epoch 813, t=2460388.435579946:
  TLE_ECI: r=[-5617.05390018  1191.71482095 -5154.90328812], v=[-4.74918495 -3.00519065  4.47796817]
  RK45_ECI: r=[-7372.03848004 -2075.61665186  1141.36819122], v=[ 1.75307974 -2.55973756  6.47390848]
Epoch 814, t=2460388.4356552092:
  TLE_ECI: r=[-5757.84265531  1098.38163562 -5018.56654068], v=[-4.59991978 -3.03717558  4.61047691]
  RK45_ECI: r=[-7359.51182542 -2095.71550257  1183.44301907], v=[ 1.79545545 -2.54724732  6.46739524]
Epoch 815, t=2460388.4357304727:
  TLE_ECI: r=[-5894.0541904   1004.06060721 -4878.30820561], v=[-4.44702311 -3.06665325  4.73939733]
  RK45_ECI: r=[-7346.70028649 -2115.72681664  1225.47490052], v=[ 1.83775718 -2.53462412  6.46064601]
Epoch 816, t=2460388.435805736:
  TLE_ECI: r=[-6025.5809154    908.82955435 -4734.23746384], v=[-4.29061575 -3.09359674  4.86462788]
  RK45_ECI: r=[-7333.60450362 -2135.64944148  1267.46190745], v=[ 1.87998289 -2.52186858  6.45366109]
Epoch 817, t=2460388.435880999:
  TLE_ECI: r=[-6152.31894192   812.76714052 -4586.46650135], v=[-4.13082135 -3.11798119  4.98606979]
  RK45_ECI: r=[-7320.22502791 -2155.48236268  1309.40250847], v=[ 1.92213087 -2.50898124  6.44644069]
Epoch 818, t=2460388.4359562625:
  TLE_ECI: r=[-6274.16817781   715.95273747 -4435.11042359], v=[-3.96776631 -3.1397839   5.10362719]
  RK45_ECI: r=[-7306.56222297 -2175.22486285  1351.29576315], v=[ 1.96420007 -2.49596244  6.43898495]
Epoch 819, t=2460388.436031526:
  TLE_ECI: r=[-6391.03239371   618.46646731 -4280.28716737], v=[-3.80157972 -3.15898424  5.21720721]
  RK45_ECI: r=[-7292.61683455 -2194.8757042   1393.13955231], v=[ 2.00618823 -2.4828129   6.43129422]
Epoch 820, t=2460388.4361067894:
  TLE_ECI: r=[-6502.81931223   520.38906537 -4122.11741036], v=[-3.63239324 -3.17556376  5.32672   ]
  RK45_ECI: r=[-7278.38931633 -2214.43405594  1434.93274131], v=[ 2.04809406 -2.46953305  6.42336869]
Epoch 821, t=2460388.436182053:
  TLE_ECI: r=[-6609.44068109   421.80183112 -3960.7244782 ], v=[-3.46034097 -3.18950617  5.43207887]
  RK45_ECI: r=[-7263.88037811 -2233.89878803  1476.67341217], v=[ 2.08991553 -2.45612355  6.41520868]
Epoch 822, t=2460388.436257316:
  TLE_ECI: r=[-6710.81234485   322.78658048 -3796.23424928], v=[-3.28555939 -3.20079736  5.53320035]
  RK45_ECI: r=[-7249.0906277  -2253.26890541  1518.36004168], v=[ 2.13165097 -2.44258498  6.40681448]
Epoch 823, t=2460388.4363325792:
  TLE_ECI: r=[-6806.85431839   223.42549954 -3628.77505732], v=[-3.10818722 -3.20942547  5.63000422]
  RK45_ECI: r=[-7234.0204653  -2272.54370319  1559.99169421], v=[ 2.17329931 -2.42891768  6.39818624]
Epoch 824, t=2460388.4364078427:
  TLE_ECI: r=[-6897.49084658   123.80119312 -3458.47759179], v=[-2.92836535 -3.21538083  5.72241366]
  RK45_ECI: r=[-7218.67071244 -2291.72196931  1601.5662629 ], v=[ 2.21485833 -2.41512244  6.38932438]
Epoch 825, t=2460388.436483106:
  TLE_ECI: r=[-6982.65047179    23.99653823 -3285.47479614], v=[-2.74623667 -3.218656    5.81035523]
  RK45_ECI: r=[-7203.04186615 -2310.80288838  1643.08261959], v=[ 2.25632675 -2.4011997   6.3802291 ]
Epoch 826, t=2460388.4365583695:
  TLE_ECI: r=[-7062.26609198   -75.90536645 -3109.90176416], v=[-2.56194602 -3.21924581  5.893759  ]
  RK45_ECI: r=[-7187.13470491 -2329.78535464  1684.53885815], v=[ 2.29770256 -2.38715016  6.37090081]
Epoch 827, t=2460388.4366336325:
  TLE_ECI: r=[-7136.27501723  -175.82124853 -2931.89563428], v=[-2.37564002 -3.21714734  5.97255861]
  RK45_ECI: r=[-7170.94989268 -2348.66839327  1725.93346504], v=[ 2.33898411 -2.37297442  6.36133982]
Epoch 828, t=2460388.436708896:
  TLE_ECI: r=[-7204.61902026  -275.66781577 -2751.59548206], v=[-2.18746699 -3.21235994  6.04669128]
  RK45_ECI: r=[-7154.48786597 -2367.4513127   1767.2655103 ], v=[ 2.38017035 -2.35867287  6.35154631]
Epoch 829, t=2460388.4367841594:
  TLE_ECI: r=[-7267.24438735  -375.36170182 -2569.14221091], v=[-1.99757679 -3.20488524  6.11609792]
  RK45_ECI: r=[-7137.74952105 -2386.13292832  1808.53290139], v=[ 2.42125906 -2.34424632  6.34152077]
Epoch 830, t=2460388.436859423:
  TLE_ECI: r=[-7324.10196225  -474.81961889 -2384.67844115], v=[-1.80612076 -3.19472712  6.18072318]
  RK45_ECI: r=[-7120.7353979  -2404.71244127  1849.73451768], v=[ 2.462249   -2.32969524  6.33126343]
Epoch 831, t=2460388.4369346863:
  TLE_ECI: r=[-7375.14718771  -573.95840768 -2198.34839746], v=[-1.6132515  -3.18189176  6.24051545]
  RK45_ECI: r=[-7103.44634305 -2423.18877075  1890.86846667], v=[ 2.50313817 -2.31502038  6.32077475]
Epoch 832, t=2460388.4370099492:
  TLE_ECI: r=[-7420.34014486  -672.69508648 -2010.29779484], v=[-1.41912287 -3.1663876   6.29542698]
  RK45_ECI: r=[-7085.88307582 -2441.56096381  1931.93324594], v=[ 2.54392494 -2.30022235  6.31005508]
Epoch 833, t=2460388.4370852127:
  TLE_ECI: r=[-7459.64557936  -770.94700795 -1820.67372325], v=[-1.22388971 -3.14822536  6.34541386]
  RK45_ECI: r=[-7068.04606847 -2459.82834335  1972.92793212], v=[ 2.58460827 -2.28530159  6.29910465]
Epoch 834, t=2460388.437160476:
  TLE_ECI: r=[-7493.03294211  -868.63179956 -1629.62453083], v=[-1.02770785 -3.12741801  6.39043612]
  RK45_ECI: r=[-7049.93629139 -2477.98975308  2013.8504489 ], v=[ 2.62518598 -2.27025892  6.28792398]
Epoch 835, t=2460388.4372357395:
  TLE_ECI: r=[-7520.47640803  -965.66752024 -1437.29970608], v=[-0.83073392 -3.10398081  6.43045771]
  RK45_ECI: r=[-7031.55432684 -2496.04441168  2054.69968426], v=[ 2.66565684 -2.25509485  6.27651336]
Epoch 836, t=2460388.4373110025:
  TLE_ECI: r=[-7541.95490277 -1061.97268649 -1243.84975886], v=[-0.63312519 -3.07793124  6.46544658]
  RK45_ECI: r=[-7012.90117838 -2513.99117626  2095.47356998], v=[ 2.70601867 -2.23981023  6.26487333]
Epoch 837, t=2460388.437386266:
  TLE_ECI: r=[-7557.4521084  -1157.46643031 -1049.42610049], v=[-0.43503949 -3.04928903  6.49537468]
  RK45_ECI: r=[-6993.97735027 -2531.82938324  2136.17118965], v=[ 2.74627046 -2.22440551  6.25300415]
Epoch 838, t=2460388.4374615294:
  TLE_ECI: r=[-7566.9564951  -1252.06843587  -854.18092294], v=[-0.23663505 -3.01807612  6.52021802]
  RK45_ECI: r=[-6974.78361993 -2549.55810392  2176.79105388], v=[ 2.78641059 -2.20888133  6.24090622]
Epoch 839, t=2460388.437536793:
  TLE_ECI: r=[-7570.46131934 -1345.69909639  -658.26707731], v=[-0.03807036 -2.98431667  6.53995664]
  RK45_ECI: r=[-6955.32094079 -2567.17630102  2217.33129571], v=[ 2.82643711 -2.19323851  6.22858007]
Epoch 840, t=2460388.4376120563:
  TLE_ECI: r=[-7567.9646325  -1438.27956029  -461.83795169], v=[ 0.16049594 -2.94803702  6.5545747 ]
  RK45_ECI: r=[-6935.5899369  -2584.68321158  2257.7908128 ], v=[ 2.86634881 -2.17747757  6.21602602]
Epoch 841, t=2460388.4376873192:
  TLE_ECI: r=[-7559.46928696 -1529.73177657  -265.04734843], v=[ 0.35890521 -2.90926566  6.56406042]
  RK45_ECI: r=[-6915.59168437 -2602.07772343  2298.167556  ], v=[ 2.90614353 -2.1615994   6.20324469]
Epoch 842, t=2460388.4377625827:
  TLE_ECI: r=[-7544.9829161  -1619.9786503    -68.04936111], v=[ 0.55699896 -2.86803325  6.56840616]
  RK45_ECI: r=[-6895.32672231 -2619.35918875  2338.46061722], v=[ 2.94582028 -2.14560447  6.19023634]
Epoch 843, t=2460388.437837846:
  TLE_ECI: r=[-7524.51795386 -1708.94397596   129.00174887], v=[ 0.75461896 -2.82437255  6.56760837]
  RK45_ECI: r=[-6874.79588204 -2636.52670293  2378.66852101], v=[ 2.98537747 -2.12949346  6.17700142]
Epoch 844, t=2460388.4379131095:
  TLE_ECI: r=[-7498.09160704 -1796.55259125   325.95167576], v=[ 0.95160737 -2.77831841  6.56166763]
  RK45_ECI: r=[-6854.00018256 -2653.57925746  2418.78941871], v=[ 3.02481317 -2.1132672   6.16354053]
Epoch 845, t=2460388.437988373:
  TLE_ECI: r=[-7465.72584497 -1882.73041937   522.64619312], v=[ 1.14780691 -2.72990774  6.55058865]
  RK45_ECI: r=[-6832.94028912 -2670.51610859  2458.82221868], v=[ 3.06412618 -2.09692626  6.149854  ]
Epoch 846, t=2460388.438063636:
  TLE_ECI: r=[-7427.4473865  -1967.40451107   718.93127727], v=[ 1.34306094 -2.67917948  6.53438023]
  RK45_ECI: r=[-6811.61734924 -2687.33617622  2498.76489281], v=[ 3.1033144  -2.08047157  6.13594252]
Epoch 847, t=2460388.4381388994:
  TLE_ECI: r=[-7383.28765443 -2050.50319446   914.6532306 ], v=[ 1.53721369 -2.62617457  6.51305529]
  RK45_ECI: r=[-6790.03193634 -2704.03882933  2538.61654212], v=[ 3.14237683 -2.06390359  6.12180638]
Epoch 848, t=2460388.438214163:
  TLE_ECI: r=[-7333.28278277 -2131.95600519  1109.65880464], v=[ 1.73011026 -2.57093588  6.48663086]
  RK45_ECI: r=[-6768.18493481 -2720.6231882   2578.3757066 ], v=[ 3.18131192 -2.04722306  6.10744607]
Epoch 849, t=2460388.4382894263:
  TLE_ECI: r=[-7277.47356361 -2211.69383457  1303.79532266], v=[ 1.92159684 -2.51350825  6.45512802]
  RK45_ECI: r=[-6746.07742827 -2737.08827432  2618.04055756], v=[ 3.22011776 -2.03043083  6.09286224]
Epoch 850, t=2460388.4383646897:
  TLE_ECI: r=[-7215.90541799 -2289.64896701  1496.91080167], v=[ 2.11152083 -2.45393836  6.41857192]
  RK45_ECI: r=[-6723.7101223  -2753.43336436  2657.61001514], v=[ 3.25879318 -2.0135275   6.07805526]
Epoch 851, t=2460388.4384399527:
  TLE_ECI: r=[-7148.62836431 -2365.75511686  1688.8540739 ], v=[ 2.29973095 -2.39227475  6.37699175]
  RK45_ECI: r=[-6701.08423477 -2769.65741163  2697.08207413], v=[ 3.29733611 -1.99651403  6.06302587]
Epoch 852, t=2460388.438515216:
  TLE_ECI: r=[-7075.6969484  -2439.94756921  1879.47490736], v=[ 2.48607737 -2.32856774  6.3304207 ]
  RK45_ECI: r=[-6678.20037285 -2785.7598023   2736.4558456 ], v=[ 3.33574557 -1.9793909   6.04777439]
Epoch 853, t=2460388.4385904795:
  TLE_ECI: r=[-6997.17023816 -2512.16310909  2068.62412568], v=[ 2.67041185 -2.26286943  6.27889595]
  RK45_ECI: r=[-6655.05947311 -2801.73968286  2775.72988631], v=[ 3.37402003 -1.96215889  6.03230135]
Epoch 854, t=2460388.438665743:
  TLE_ECI: r=[-6913.11174653 -2582.34015993  2256.15372687], v=[ 2.85258784 -2.1952336   6.2224586 ]
  RK45_ECI: r=[-6631.66268253 -2817.59610621  2814.90238928], v=[ 3.41215762 -1.94481888  6.01660745]
Epoch 855, t=2460388.438741006:
  TLE_ECI: r=[-6823.58939229 -2650.41879479  2441.917001  ], v=[ 3.03246061 -2.12571571  6.16115366]
  RK45_ECI: r=[-6608.01096538 -2833.32823297  2853.97192125], v=[ 3.45015683 -1.92737164  6.00069325]
Epoch 856, t=2460388.4388162694:
  TLE_ECI: r=[-6728.67541187 -2716.34086774  2625.7686466 ], v=[ 3.20988741 -2.05437281  6.09503003]
  RK45_ECI: r=[-6584.10495194 -2848.93546215  2892.93760048], v=[ 3.4880167  -1.90981769  5.98455909]
Epoch 857, t=2460388.438891533:
  TLE_ECI: r=[-6628.44634435 -2780.04994291  2807.56488596], v=[ 3.3847275  -1.98126352  6.02414038]
  RK45_ECI: r=[-6559.9459391  -2864.41678713  2931.79745025], v=[ 3.52573519 -1.89215803  5.96820577]
Epoch 858, t=2460388.4389667963:
  TLE_ECI: r=[-6522.98293661 -2841.49142309  2987.16357882], v=[ 3.55684237 -1.90644797  5.94854118]
  RK45_ECI: r=[-6535.53469567 -2879.77151875  2970.55041169], v=[ 3.56331117 -1.87439328  5.95163372]
Epoch 859, t=2460388.4390420597:
  TLE_ECI: r=[-6412.37008316 -2900.61257562  3164.42433462], v=[ 3.72609574 -1.82998772  5.8682926 ]
  RK45_ECI: r=[-6510.87243103 -2894.99874212  3009.19470126], v=[ 3.60074279 -1.85652437  5.93484369]
Epoch 860, t=2460388.4391173227:
  TLE_ECI: r=[-6296.69676347 -2957.36255899  3339.20862319], v=[ 3.89235378 -1.75194578  5.78345848]
  RK45_ECI: r=[-6485.96004909 -2910.09770168  3047.72908516], v=[ 3.63802876 -1.83855201  5.91783618]
Epoch 861, t=2460388.439192586:
  TLE_ECI: r=[-6176.05593293 -3011.69254019  3511.37988363], v=[ 4.05548514 -1.67238644  5.69410626]
  RK45_ECI: r=[-6460.79854573 -2925.06764702  3086.15215137], v=[ 3.6751676  -1.82047698  5.90061182]
Epoch 862, t=2460388.4392678495:
  TLE_ECI: r=[-6050.54449686 -3063.5556238   3680.80363158], v=[ 4.21536109 -1.59137531  5.60030692]
  RK45_ECI: r=[-6435.38895234 -2939.90777598  3124.46249185], v=[ 3.71215785 -1.80230007  5.88317122]
Epoch 863, t=2460388.439343113:
  TLE_ECI: r=[-5920.2631955  -3112.90696658  3847.34756445], v=[ 4.3718556  -1.50897922  5.50213492]
  RK45_ECI: r=[-6409.73218736 -2954.61736546  3162.65888162], v=[ 3.7489982  -1.78402201  5.86551492]
Epoch 864, t=2460388.4394183764:
  TLE_ECI: r=[-5785.31652855 -3159.70379679  4010.88166474], v=[ 4.52484545 -1.42526619  5.39966812]
  RK45_ECI: r=[-6383.82952107 -2969.19553448  3200.7395622 ], v=[ 3.78568687 -1.76564376  5.8476437 ]
Epoch 865, t=2460388.4394936394:
  TLE_ECI: r=[-5645.81267803 -3203.90543315  4171.27830143], v=[ 4.67421034 -1.34030534  5.29298773]
  RK45_ECI: r=[-6357.68190139 -2983.64155337  3238.70331737], v=[ 3.82222257 -1.74716605  5.82955815]
Epoch 866, t=2460388.439568903:
  TLE_ECI: r=[-5501.86338114 -3245.47338596  4328.412329  ], v=[ 4.81983297 -1.2541668   5.18217825]
  RK45_ECI: r=[-6331.29037308 -2997.95469937  3276.54875547], v=[ 3.85860388 -1.72858968  5.81125889]
Epoch 867, t=2460388.4396441663:
  TLE_ECI: r=[-5353.58389396 -3284.37128862  4482.16118462], v=[ 4.9615991  -1.16692176  5.06732734]
  RK45_ECI: r=[-6304.65601679 -3012.13419937  3314.27448919], v=[ 3.89482934 -1.70991549  5.79274659]
Epoch 868, t=2460388.4397194297:
  TLE_ECI: r=[-5201.09285927 -3320.56499558  4632.40498274], v=[ 5.09939769 -1.07864228  4.9485258 ]
  RK45_ECI: r=[-6277.77979416 -3026.17935647  3351.87931165], v=[ 3.93089769 -1.69114421  5.77402181]
Epoch 869, t=2460388.439794693:
  TLE_ECI: r=[-5044.51221834 -3354.0225939   4779.02660757], v=[ 5.23312096 -0.98940133  4.82586746]
  RK45_ECI: r=[-6250.66303527 -3040.08932427  3389.36149114], v=[ 3.96680717 -1.67227683  5.75508543]
Epoch 870, t=2460388.439869956:
  TLE_ECI: r=[-4883.96712081 -3384.7144155   4921.91180308], v=[ 5.36266443 -0.89927268  4.69944913]
  RK45_ECI: r=[-6223.30673104 -3053.86339998  3426.71983015], v=[ 4.00255654 -1.65331412  5.73593801]
Epoch 871, t=2460388.4399452196:
  TLE_ECI: r=[-4719.5857828  -3412.61311971  5060.94926053], v=[ 5.48792708 -0.80833078  4.56937048]
  RK45_ECI: r=[-6195.711974   -3067.50088944  3463.95295875], v=[ 4.03814439 -1.6342569   5.71658025]
Epoch 872, t=2460388.440020483:
  TLE_ECI: r=[-4551.49944149 -3437.69362864  5196.0307036 ], v=[ 5.60881136 -0.71665084  4.43573398]
  RK45_ECI: r=[-6167.87976856 -3081.00109902  3501.05968547], v=[ 4.07356948 -1.61510594  5.69701276]
Epoch 873, t=2460388.4400957464:
  TLE_ECI: r=[-4379.84220917 -3459.93320649  5327.05097089], v=[ 5.72522325 -0.62430864  4.29864481]
  RK45_ECI: r=[-6139.81149165 -3094.3632107   3538.03830116], v=[ 4.10883007 -1.59586225  5.67723642]
Epoch 874, t=2460388.4401710094:
  TLE_ECI: r=[-4204.75098427 -3479.31145152  5453.90809579], v=[ 5.83707239 -0.53138055  4.15821075]
  RK45_ECI: r=[-6111.50829434 -3107.58649569  3574.88745145], v=[ 4.14392478 -1.57652669  5.65725195]
Epoch 875, t=2460388.440246273:
  TLE_ECI: r=[-4026.36529981 -3495.8103629   5576.50338367], v=[ 5.94427209 -0.43794336  4.01454213]
  RK45_ECI: r=[-6082.97092709 -3120.67042788  3611.60630269], v=[ 4.17885272 -1.55709987  5.63705979]
Epoch 876, t=2460388.4403215363:
  TLE_ECI: r=[-3844.82727201 -3509.41427979  5694.74148654], v=[ 6.0467394  -0.34407434  3.86775172]
  RK45_ECI: r=[-6054.20093576 -3133.61414453  3648.19299011], v=[ 4.21361202 -1.53758289  5.61666094]
Epoch 877, t=2460388.4403967997:
  TLE_ECI: r=[-3660.28144525 -3520.10994524  5808.5304748 ], v=[ 6.14439518 -0.24985112  3.71795462]
  RK45_ECI: r=[-6025.19923097 -3146.41704573  3684.64651506], v=[ 4.24820164 -1.51797646  5.59605595]
Epoch 878, t=2460388.440472063:
  TLE_ECI: r=[-3472.87468589 -3527.88650473  5917.78190623], v=[ 6.23716415 -0.15535161  3.56526821]
  RK45_ECI: r=[-5995.9672467  -3159.07835045  3720.96519809], v=[ 4.28261988 -1.49828162  5.57524576]
Epoch 879, t=2460388.440547326:
  TLE_ECI: r=[-3282.75607538 -3532.7355051   6022.41089229], v=[ 6.32497494 -0.06065398  3.40981201]
  RK45_ECI: r=[-5966.50618046 -3171.59736122  3757.14770869], v=[ 4.3168654  -1.47849926  5.55423113]
Epoch 880, t=2460388.4406225896:
  TLE_ECI: r=[-3090.07674971 -3534.65094104  6122.33616136], v=[6.40776012 0.03416349 3.25170761]
  RK45_ECI: r=[-5936.81681268 -3183.97357296  3793.19322786], v=[ 4.35093733 -1.45862999  5.5330125 ]
Epoch 881, t=2460388.440697853:
  TLE_ECI: r=[-2894.98984088 -3533.62920066  6217.48011942], v=[6.48545626 0.12902236 3.09107857]
  RK45_ECI: r=[-5906.90075096 -3196.20616371  3829.09992457], v=[ 4.38483384 -1.43867496  5.51159096]
Epoch 882, t=2460388.4407731164:
  TLE_ECI: r=[-2697.65031409 -3529.66910884  6307.76890755], v=[6.55800398 0.22384414 2.92805033]
  RK45_ECI: r=[-5876.75894096 -3208.29455905  3864.86681834], v=[ 4.41855392 -1.41863489  5.48996706]
Epoch 883, t=2460388.44084838:
  TLE_ECI: r=[-2498.21485506 -3522.77191832  6393.1324566 ], v=[6.62534796 0.31855039 2.76275008]
  RK45_ECI: r=[-5846.39287254 -3220.23801541  3900.49226097], v=[ 4.45209593 -1.39851084  5.46814181]
Epoch 884, t=2460388.440923643:
  TLE_ECI: r=[-2296.84175646 -3512.94130221  6473.50453904], v=[6.687437   0.41306271 2.59530671]
  RK45_ECI: r=[-5815.80378833 -3232.03586758  3935.97494715], v=[ 4.48545854 -1.37830372  5.44611598]
Epoch 885, t=2460388.4409989063:
  TLE_ECI: r=[-2093.69075176 -3500.18337905  6548.82281757], v=[6.74422404 0.50730292 2.42585067]
  RK45_ECI: r=[-5784.99249775 -3243.68763243  3971.31407325], v=[ 4.51864092 -1.35801417  5.42389007]
Epoch 886, t=2460388.4410741697:
  TLE_ECI: r=[-1888.92295118 -3484.50666589  6619.02889111], v=[6.79566619 0.60119297 2.25451391]
  RK45_ECI: r=[-5753.96066858 -3255.19252971  4006.50784372], v=[ 4.55164129 -1.33764336  5.4014652 ]
Epoch 887, t=2460388.441149433:
  TLE_ECI: r=[-1682.70067409 -3465.92210054  6684.06833746], v=[6.84172474 0.69465511 2.08142973]
  RK45_ECI: r=[-5722.70928064 -3266.55001103  4041.55529721], v=[ 4.58445867 -1.31719203  5.37884195]
Epoch 888, t=2460388.441224696:
  TLE_ECI: r=[-1475.18734181 -3444.44302166  6743.89075321], v=[6.88236523 0.78761187 1.90673272]
  RK45_ECI: r=[-5691.2400285  -3277.75931511  4076.4546549 ], v=[ 4.6170913  -1.29666136  5.35602149]
Epoch 889, t=2460388.4412999596:
  TLE_ECI: r=[-1266.54730932 -3420.08517654  6798.44979037], v=[6.9175574  0.87998627 1.73055865]
  RK45_ECI: r=[-5659.55374709 -3288.81997877  4111.20512815], v=[ 4.64953837 -1.27605201  5.33300431]
Epoch 890, t=2460388.441375223:
  TLE_ECI: r=[-1056.94579763 -3392.86668089  6847.70319026], v=[6.94727525 0.97170169 1.55304434]
  RK45_ECI: r=[-5627.6517255  -3299.73137254  4145.80543926], v=[ 4.68179859 -1.2553649   5.30979124]
Epoch 891, t=2460388.4414504864:
  TLE_ECI: r=[ -846.54872429 -3362.80802421  6891.61281412], v=[6.97149707 1.06268204 1.37432762]
  RK45_ECI: r=[-5595.53553964 -3310.4928149   4180.25399326], v=[ 4.7138704  -1.23460113  5.28638335]
Epoch 892, t=2460388.44152575:
  TLE_ECI: r=[ -635.52258411 -3329.93204904  6930.14467081], v=[6.9902054  1.1528518  1.19454717]
  RK45_ECI: r=[-5563.20620224 -3321.1037845   4214.54984883], v=[ 4.74575284 -1.21376148  5.26278127]
Epoch 893, t=2460388.441601013:
  TLE_ECI: r=[ -424.03432947 -3294.26393191  6963.26894138], v=[7.00338709 1.24213606 1.01384243]
  RK45_ECI: r=[-5530.66546556 -3331.56356317  4248.69126507], v=[ 4.77744421 -1.19284714  5.23898618]
Epoch 894, t=2460388.4416762763:
  TLE_ECI: r=[ -212.25120174 -3255.83116978  6990.96000053], v=[7.01103325 1.33046065 0.83235352]
  RK45_ECI: r=[-5497.91419197 -3341.87171062  4282.67747023], v=[ 4.80894372 -1.17185879  5.21499863]
Epoch 895, t=2460388.4417515397:
  TLE_ECI: r=[-3.40659710e-01 -3.21466355e+03  7.01319644e+03], v=[7.0131393  1.41775208 0.65022112]
  RK45_ECI: r=[-5464.95371301 -3352.0276313   4316.50721429], v=[ 4.84025012 -1.15079736  5.19081947]
Epoch 896, t=2460388.441826803:
  TLE_ECI: r=[  211.52978919 -3170.79312978  7029.96105999], v=[7.00970496 1.50393769 0.46758637]
  RK45_ECI: r=[-5431.78565614 -3362.03068389  4350.1789375 ], v=[ 4.87136191 -1.129664    5.16644982]
Epoch 897, t=2460388.4419020666:
  TLE_ECI: r=[  423.19270898 -3124.25421857  7041.24092923], v=[7.00073423 1.58894566 0.28459079]
  RK45_ECI: r=[-5398.41106619 -3371.88037434  4383.69171951], v=[ 4.90227814 -1.10845947  5.14189033]
Epoch 898, t=2460388.4419773296:
  TLE_ECI: r=[  634.48085574 -3075.08334423  7047.02734651], v=[6.98623539 1.67270507 0.10137612]
  RK45_ECI: r=[-5364.83175123 -3381.57602862  4417.04385894], v=[ 4.93299719 -1.08718502  5.11714224]
Epoch 899, t=2460388.442052593:
  TLE_ECI: r=[  845.22734332 -3023.31922265  7047.31587066], v=[ 6.96622099  1.75514603 -0.08191572]
  RK45_ECI: r=[-5331.04860014 -3391.11722992  4450.23460171], v=[ 4.96351827 -1.06584131  5.09220611]
Epoch 900, t=2460388.4421278564:
  TLE_ECI: r=[ 1055.26571794 -2969.00273588  7042.10631894], v=[ 6.94070788  1.83619959 -0.26514276]
  RK45_ECI: r=[-5297.0629855  -3400.50341745  4483.26272662], v=[ 4.99384019 -1.04442933  5.06708285]
Epoch 901, t=2460388.44220312:
  TLE_ECI: r=[ 1264.43012343 -2912.17689509  7031.40276702], v=[ 6.90971712  1.91579791 -0.44816309]
  RK45_ECI: r=[-5262.87658472 -3409.73399073  4516.12671066], v=[ 5.02396148 -1.02295021  5.0417736 ]
Epoch 902, t=2460388.4422783833:
  TLE_ECI: r=[ 1472.55542043 -2852.88680836  7015.21354588], v=[ 6.87327403  1.99387429 -0.63083494]
  RK45_ECI: r=[-5228.49047355 -3418.80848379  4548.82565529], v=[ 5.05388124 -1.00140476  5.01627905]
Epoch 903, t=2460388.4423536463:
  TLE_ECI: r=[ 1679.47730593 -2791.17965061  6993.55123571], v=[ 6.83140815  2.07036317 -0.81301682]
  RK45_ECI: r=[-5193.90651409 -3427.72626753  4581.35790029], v=[ 5.08359789 -0.97979423  4.99060048]
Epoch 904, t=2460388.4424289097:
  TLE_ECI: r=[ 1885.03247349 -2727.10460801  6966.43265661], v=[ 6.78415318  2.14520029 -0.99456757]
  RK45_ECI: r=[-5159.12562065 -3436.48694929  4613.72270992], v=[ 5.11311069 -0.9581193   4.96473848]
Epoch 905, t=2460388.442504173:
  TLE_ECI: r=[ 2089.05868978 -2660.7128673   6933.87885638], v=[ 6.73154703  2.21832261 -1.17534652]
  RK45_ECI: r=[-5124.14920556 -3445.0900036   4645.91889304], v=[ 5.14241847 -0.93638098  4.93869399]
Epoch 906, t=2460388.4425794366:
  TLE_ECI: r=[ 2291.39495376 -2592.05755821  6895.91509515], v=[ 6.67363175  2.28966845 -1.35521353]
  RK45_ECI: r=[-5088.97899446 -3453.53487164  4677.94496474], v=[ 5.17151983 -0.91458043  4.91246819]
Epoch 907, t=2460388.4426546996:
  TLE_ECI: r=[ 2491.88160577 -2521.19372353  6852.57082689], v=[ 6.61045349  2.3591775  -1.53402916]
  RK45_ECI: r=[-5053.61642032 -3461.82104685  4709.79975098], v=[ 5.20041361 -0.89271866  4.88606205]
Epoch 908, t=2460388.442729963:
  TLE_ECI: r=[ 2690.36048103 -2448.17824794  6803.87967794], v=[ 6.54206248  2.42679093 -1.71165471]
  RK45_ECI: r=[-5018.06241469 -3469.94815397  4741.48252884], v=[ 5.22909912 -0.87079635  4.85947617]
Epoch 909, t=2460388.4428052264:
  TLE_ECI: r=[ 2886.67498762 -2373.06985521  6749.8794225 ], v=[ 6.46851303  2.49245133 -1.88795236]
  RK45_ECI: r=[-4982.31889919 -3477.91561672  4772.99168708], v=[ 5.25757482 -0.8488148   4.83271187]
Epoch 910, t=2460388.44288049:
  TLE_ECI: r=[ 3080.67025845 -2295.9290351   6690.61195501], v=[ 6.38986342  2.55610285 -2.06278527]
  RK45_ECI: r=[-4946.38699668 -3485.72301518  4804.32636388], v=[ 5.28583986 -0.82677481  4.80576989]
Epoch 911, t=2460388.4429557533:
  TLE_ECI: r=[ 3272.19326427 -2216.81800256  6626.12325952], v=[ 6.30617594  2.61769121 -2.23601765]
  RK45_ECI: r=[-4910.26847917 -3493.36983306  4835.48511387], v=[ 5.31389289 -0.80467759  4.77865148]
Epoch 912, t=2460388.4430310163:
  TLE_ECI: r=[ 3461.09292662 -2135.80065922  6556.463376  ], v=[ 6.21751679  2.67716372 -2.4075149 ]
  RK45_ECI: r=[-4873.9648172  -3500.85559996  4866.46679477], v=[ 5.34173282 -0.78252414  4.7513576 ]
Epoch 913, t=2460388.4431062797:
  TLE_ECI: r=[ 3647.2202613  -2052.94250299  6481.68636366], v=[ 6.12395605  2.73446943 -2.57714368]
  RK45_ECI: r=[-4837.47696604 -3508.17996567  4897.2707032 ], v=[ 5.36935894 -0.76031518  4.7238889 ]
Epoch 914, t=2460388.443181543:
  TLE_ECI: r=[ 3830.42845646 -1968.31063569  6401.85026126], v=[ 6.02556764  2.78955903 -2.74477205]
  RK45_ECI: r=[-4800.80689717 -3515.34240062  4927.89527236], v=[ 5.3967698  -0.738052    4.69624674]
Epoch 915, t=2460388.4432568066:
  TLE_ECI: r=[ 4010.57301348 -1881.9736713   6317.01704444], v=[ 5.92242927  2.84238497 -2.91026951]
  RK45_ECI: r=[-4763.95576132 -3522.3425144   4958.33966445], v=[ 5.42396459 -0.71573545  4.66843188]
Epoch 916, t=2460388.44333207:
  TLE_ECI: r=[ 4187.51185391 -1794.00169117  6227.25257995], v=[ 5.81462238  2.89290151 -3.07350715]
  RK45_ECI: r=[-4726.92537516 -3529.17983378  4988.60247501], v=[ 5.450942   -0.69336672  4.6404456 ]
Epoch 917, t=2460388.443407333:
  TLE_ECI: r=[ 4361.10542622 -1704.46620136  6132.62657709], v=[ 5.70223209  2.94106473 -3.23435772]
  RK45_ECI: r=[-4689.71707782 -3535.85394599  5018.68273532], v=[ 5.4777011  -0.67094676  4.6122888 ]
Epoch 918, t=2460388.4434825964:
  TLE_ECI: r=[ 4531.21683613 -1613.44002514  6033.21253604], v=[ 5.58534711  2.9868326  -3.39269576]
  RK45_ECI: r=[-4652.33234896 -3542.36446468  5048.57933998], v=[ 5.50424086 -0.64847656  4.58396249]
Epoch 919, t=2460388.44355786:
  TLE_ECI: r=[ 4697.71192384 -1520.99732034  5929.08769337], v=[ 5.46405972  3.03016498 -3.54839766]
  RK45_ECI: r=[-4614.77270634 -3548.71096913  5078.29119036], v=[ 5.53056025 -0.62595717  4.55546773]
Epoch 920, t=2460388.4436331233:
  TLE_ECI: r=[ 4860.45939114 -1427.21347039  5820.33296461], v=[ 5.33846568  3.07102368 -3.70134177]
  RK45_ECI: r=[-4577.03949462 -3554.89307842  5107.81733273], v=[ 5.55665836 -0.60338952  4.52680542]
Epoch 921, t=2460388.4437083867:
  TLE_ECI: r=[ 5019.33090032 -1332.16503625  5707.03288388], v=[ 5.2086642   3.10937249 -3.85140851]
  RK45_ECI: r=[-4539.13457305 -3560.91036322  5137.15640481], v=[ 5.58253396 -0.58077484  4.49797687]
Epoch 922, t=2460388.4437836497:
  TLE_ECI: r=[ 5174.20117253 -1235.92971048  5589.27554076], v=[ 5.0747578   3.14517722 -3.99848044]
  RK45_ECI: r=[-4501.05931115 -3566.76244488  5166.30746743], v=[ 5.60818615 -0.55811409  4.46898301]
Epoch 923, t=2460388.443858913:
  TLE_ECI: r=[ 5324.94810254 -1138.58619437  5467.15251423], v=[ 4.93685228  3.17840574 -4.14244238]
  RK45_ECI: r=[-4462.8152224  -3572.448973    5195.26944916], v=[ 5.63361394 -0.53540826  4.43982489]
Epoch 924, t=2460388.4439341766:
  TLE_ECI: r=[ 5471.45283369 -1040.21422397  5340.75880394], v=[ 4.79505665  3.20902799 -4.28318148]
  RK45_ECI: r=[-4424.40385819 -3577.96956481  5224.04128561], v=[ 5.65881635 -0.51265842  4.41050359]
Epoch 925, t=2460388.44400944:
  TLE_ECI: r=[5613.59986843 -940.8944466  5210.19275858], v=[ 4.64948305  3.23701601 -4.42058734]
  RK45_ECI: r=[-4385.8265926  -3583.32387332  5252.62205298], v=[ 5.68379253 -0.48986553  4.38102005]
Epoch 926, t=2460388.444084703:
  TLE_ECI: r=[5751.27715468 -840.70838712 5075.5560016 ], v=[ 4.50024664  3.26234398 -4.55455204]
  RK45_ECI: r=[-4347.08551061 -3588.51148635  5281.01029976], v=[ 5.70854115 -0.46703092  4.35137575]
Epoch 927, t=2460388.4441599664:
  TLE_ECI: r=[5884.37618633 -739.73831437 4936.95335424], v=[ 4.34746551  3.28498828 -4.68497032]
  RK45_ECI: r=[-4308.1814562  -3593.53214122  5309.20551544], v=[ 5.73306173 -0.44415523  4.32157122]
Epoch 928, t=2460388.44423523:
  TLE_ECI: r=[6012.79207496 -638.06727433 4794.49275594], v=[ 4.19126065  3.30492745 -4.81173958]
  RK45_ECI: r=[-4269.1165293  -3598.38544292  5337.20626533], v=[ 5.75735297 -0.42123982  4.29160799]
Epoch 929, t=2460388.4443104933:
  TLE_ECI: r=[6136.42364557 -535.77895599 4648.28518206], v=[ 4.03175581  3.32214223 -4.93476003]
  RK45_ECI: r=[-4229.8919523  -3603.07108616  5365.01178305], v=[ 5.78141417 -0.39828555  4.26148686]
Epoch 930, t=2460388.4443857567:
  TLE_ECI: r=[6255.17351584 -432.95763935 4498.44455918], v=[ 3.86907741  3.33661563 -5.05393472]
  RK45_ECI: r=[-4190.50965662 -3607.58872179  5392.62078551], v=[ 5.80524417 -0.37529366  4.23120922]
Epoch 931, t=2460388.4444610197:
  TLE_ECI: r=[6368.94817434 -329.6881447  4345.08767782], v=[ 3.70335448  3.34833288 -5.16916967]
  RK45_ECI: r=[-4150.97124043 -3611.93802325  5420.03226066], v=[ 5.82884206 -0.35226524  4.20077618]
Epoch 932, t=2460388.444536283:
  TLE_ECI: r=[6477.65806092 -226.05568855 4188.33410272], v=[ 3.53471848  3.35728153 -5.28037392]
  RK45_ECI: r=[-4111.27774029 -3616.11873859  5447.24558542], v=[ 5.85220726 -0.32920103  4.17018844]
Epoch 933, t=2460388.4446115466:
  TLE_ECI: r=[6581.21763316 -122.14592471 4028.30608081], v=[ 3.36330329  3.36345139 -5.38745963]
  RK45_ECI: r=[-4071.4312981  -3620.13052188  5474.25937486], v=[ 5.87533855 -0.30610238  4.13944753]
Epoch 934, t=2460388.44468681:
  TLE_ECI: r=[6679.54544118  -18.04479897 3865.12844682], v=[ 3.18924507  3.36683457 -5.49034213]
  RK45_ECI: r=[-4031.43315931 -3623.97309914  5501.07288954], v=[ 5.89823525 -0.28297018  4.10855431]
Epoch 935, t=2460388.4447620735:
  TLE_ECI: r=[6772.56419327   86.16150324 3698.92852661], v=[ 3.01268213  3.36742552 -5.58894001]
  RK45_ECI: r=[-3991.2852926  -3627.64616655  5527.68489206], v=[ 5.92089626 -0.25980569  4.07751019]
Epoch 936, t=2460388.4448373364:
  TLE_ECI: r=[6860.20081991  190.38660866 3529.83603836], v=[ 2.83375486  3.36522098 -5.6831752 ]
  RK45_ECI: r=[-3950.98932579 -3631.14943656  5554.09440698], v=[ 5.94332073 -0.23660998  4.04631631]
Epoch 937, t=2460388.4449126:
  TLE_ECI: r=[6942.38653218  294.54410798 3357.98299166], v=[ 2.65260558  3.36022008 -5.77297302]
  RK45_ECI: r=[-3910.54631449 -3634.48268373  5580.30083385], v=[ 5.96550811 -0.21338382  4.01497338]
Epoch 938, t=2460388.4449878633:
  TLE_ECI: r=[7019.0568809   398.54750895 3183.50358455], v=[ 2.46937846  3.35242424 -5.85826224]
  RK45_ECI: r=[-3869.95843989 -3637.64561218  5606.30283882], v=[ 5.98745723 -0.19012857  3.98348299]
Epoch 939, t=2460388.4450631267:
  TLE_ECI: r=[7090.15180873  502.3103876  3006.53409858], v=[ 2.28421938  3.34183726 -5.9389752 ]
  RK45_ECI: r=[-3829.22696946 -3640.63797933  5632.09971005], v=[ 6.00916747 -0.16684513  3.951846  ]
Epoch 940, t=2460388.44513839:
  TLE_ECI: r=[7155.6157001   605.74644117 2827.21279208], v=[ 2.09727583  3.32846527 -6.01504779]
  RK45_ECI: r=[-3788.3539071  -3643.45952718  5657.69025701], v=[ 6.03063778 -0.14353476  3.92006386]
Epoch 941, t=2460388.445213653:
  TLE_ECI: r=[7215.39742955  708.76953969 2645.67979153], v=[ 1.90869679  3.31231674 -6.08641956]
  RK45_ECI: r=[-3747.34090869 -3646.1100075   5683.0735418 ], v=[ 6.05186735 -0.12019855  3.88813775]
Epoch 942, t=2460388.4452889166:
  TLE_ECI: r=[7269.45039614  811.29388285 2462.07698139], v=[ 1.71863256  3.29340252 -6.15303377]
  RK45_ECI: r=[-3706.18904733 -3648.58922206  5708.24898714], v=[ 6.07285567 -0.09683728  3.85606839]
Epoch 943, t=2460388.44536418:
  TLE_ECI: r=[7317.73257387  913.2339459  2276.54789215], v=[ 1.52723471  3.27173576 -6.21483742]
  RK45_ECI: r=[-3664.9005418  -3650.896925    5733.21531151], v=[ 6.09360164 -0.07345231  3.8238574 ]
Epoch 944, t=2460388.4454394435:
  TLE_ECI: r=[7360.20653924 1014.50463617 2089.23758702], v=[ 1.33465593  3.24733197 -6.27178133]
  RK45_ECI: r=[-3623.47668004 -3653.03290567  5757.97183138], v=[ 6.11410467 -0.05004456  3.79150567]
Epoch 945, t=2460388.4455147064:
  TLE_ECI: r=[7396.83950754 1115.02132241 1900.29254713], v=[ 1.14104987  3.22020898 -6.32382016]
  RK45_ECI: r=[-3581.91969698 -3654.99694094  5782.51728948], v=[ 6.13436369 -0.0266154   3.75901483]
Epoch 946, t=2460388.44558997:
  TLE_ECI: r=[7427.60334739 1214.69999317 1709.86055549], v=[ 0.94657103  3.19038691 -6.37091245]
  RK45_ECI: r=[-3540.23068099 -3656.78885644  5806.8511304 ], v=[ 6.15437822e+00 -3.16559680e-03  3.72638563e+00]
Epoch 947, t=2460388.4456652333:
  TLE_ECI: r=[7452.47462296 1313.45719843 1518.09057963], v=[ 0.75137466  3.15788821 -6.41302069]
  RK45_ECI: r=[-3498.41131561 -3658.40844707  5830.97245653], v=[6.17414748 0.02030373 3.69361927]
Epoch 948, t=2460388.4457404967:
  TLE_ECI: r=[7471.43460127 1411.21020696 1325.13265323], v=[ 0.5556166   3.1227376  -6.45011132]
  RK45_ECI: r=[-3456.46365672 -3659.85552898  5854.88015457], v=[6.19367056 0.04379131 3.66071725]
Epoch 949, t=2460388.44581576:
  TLE_ECI: r=[7484.46927079 1507.87705514 1131.13775677], v=[ 0.35945314  3.08496205 -6.48215477]
  RK45_ECI: r=[-3414.38901145 -3661.12992368  5878.57356992], v=[6.21294689 0.06729625 3.62768047]
Epoch 950, t=2460388.445891023:
  TLE_ECI: r=[7491.56935771 1603.37659496  936.25769722], v=[ 0.16304093  3.0445908  -6.5091255 ]
  RK45_ECI: r=[-3372.18964879 -3662.23145878  5902.05149933], v=[6.23197548 0.09081713 3.59451061]
Epoch 951, t=2460388.4459662866:
  TLE_ECI: r=[7492.73031505 1697.62865099  740.64498704], v=[-0.03346321  3.00165529 -6.53100202]
  RK45_ECI: r=[-3329.86667265 -3663.15998742  5925.31341166], v=[6.25075587 0.11435319 3.56120843]
Epoch 952, t=2460388.44604155:
  TLE_ECI: r=[7487.95235361 1790.55395716  544.45272238], v=[-0.22990236  2.95618917 -6.54776691]
  RK45_ECI: r=[-3287.42179101 -3663.91534459  5948.35844858], v=[6.26928735 0.13790332 3.52777515]
Epoch 953, t=2460388.4461168135:
  TLE_ECI: r=[7477.24042352 1882.07431251  347.83446095], v=[-0.4261197   2.90822826 -6.55940681]
  RK45_ECI: r=[-3244.85708943 -3664.49739322  5971.18554643], v=[6.28756905 0.16146623 3.49421231]
Epoch 954, t=2460388.446192077:
  TLE_ECI: r=[7460.6042144  1972.1126256   150.94409925], v=[-0.62195857  2.85781049 -6.56591248]
  RK45_ECI: r=[-3202.17389298 -3664.9059872   5993.79408018], v=[6.30560046 0.18504101 3.46052082]
Epoch 955, t=2460388.44626734:
  TLE_ECI: r=[7438.05815274 2060.59295916  -46.06425044], v=[-0.81726265  2.80497594 -6.56727878]
  RK45_ECI: r=[-3159.37450231 -3665.14100522  6016.18290177], v=[6.32338064 0.20862626 3.42670241]
Epoch 956, t=2460388.4463426033:
  TLE_ECI: r=[7409.62136556 2147.44068227 -243.03638316], v=[-1.01187612  2.74976673 -6.56350467]
  RK45_ECI: r=[-3116.46003571 -3665.20232813  6038.35150474], v=[6.34090917 0.2322212  3.39275784]
Epoch 957, t=2460388.4464178667:
  TLE_ECI: r=[7375.31769945 2232.58240304 -439.81812468], v=[-1.20564371  2.69222703 -6.55459323]
  RK45_ECI: r=[-3073.43222373 -3665.08983135  6060.2990709 ], v=[6.35818541 0.25582472 3.35868835]
Epoch 958, t=2460388.44649313:
  TLE_ECI: r=[7335.17567676 2315.94611874 -636.2554547 ], v=[-1.3984109   2.63240303 -6.54055163]
  RK45_ECI: r=[-3030.2931798  -3664.80342462  6082.02458722], v=[6.37520853 0.27943551 3.32449552]
Epoch 959, t=2460388.4465683936:
  TLE_ECI: r=[7289.22847667 2397.46125625 -832.19462993], v=[-1.59002401  2.57034285 -6.52139117]
  RK45_ECI: r=[-2987.04424514 -3664.34299469  6103.52745882], v=[6.39197806 0.30305267 3.29018028]
Epoch 960, t=2460388.4466436566:
  TLE_ECI: r=[ 7237.51391439  2477.05871045 -1027.48230701], v=[-1.78033037  2.50609655 -6.4971272 ]
  RK45_ECI: r=[-2943.68774986 -3663.70847154  6124.80659387], v=[6.40849314 0.32667479 3.25574438]
Epoch 961, t=2460388.44671892:
  TLE_ECI: r=[ 7180.07437991  2554.67098864 -1221.96566481], v=[-1.96917841  2.43971605 -6.46777917]
  RK45_ECI: r=[-2900.22482551 -3662.8997638   6145.86151111], v=[6.4247534  0.35030109 3.2211886 ]
Epoch 962, t=2460388.4467941835:
  TLE_ECI: r=[ 7116.95684462  2630.23214084 -1415.49252656], v=[-2.15641783  2.3712551  -6.43337059]
  RK45_ECI: r=[-2856.65722348 -3661.9167875   6166.69143324], v=[6.44075821 0.37393045 3.18651421]
Epoch 963, t=2460388.446869447:
  TLE_ECI: r=[ 7048.2127931   2703.67790106 -1607.91148109], v=[-2.34189966  2.30076927 -6.39392898]
  RK45_ECI: r=[-2812.98708253 -3660.75949972  6187.29539881], v=[6.45650684 0.39756156 3.15172282]
Epoch 964, t=2460388.44694471:
  TLE_ECI: r=[ 6973.89819446  2774.94570056 -1799.0720035 ], v=[-2.52547645  2.22831582 -6.34948589]
  RK45_ECI: r=[-2769.21616483 -3659.42783743  6207.67265343], v=[6.47199871 0.4211933  3.11681569]
Epoch 965, t=2460388.4470199733:
  TLE_ECI: r=[ 6894.0734224   2843.97480334 -1988.82457484], v=[-2.70700238  2.1539537  -6.30007683]
  RK45_ECI: r=[-2725.34561015 -3657.92172956  6227.82273315], v=[6.48723346 0.4448249  3.08179362]
Epoch 966, t=2460388.4470952367:
  TLE_ECI: r=[ 6808.8032523   2910.70623445 -2177.0208011 ], v=[-2.88633334  2.07774352 -6.24574128]
  RK45_ECI: r=[-2681.37777928 -3656.2411654   6247.74461174], v=[6.50221031 0.46845493 3.0466584 ]
Epoch 967, t=2460388.4471705:
  TLE_ECI: r=[ 6718.15677433  2975.082913   -2363.51353086], v=[-3.0633271   1.99974744 -6.18652259]
  RK45_ECI: r=[-2637.31403686 -3654.38608422  6267.43774371], v=[6.51692884 0.49208248 3.01141098]
Epoch 968, t=2460388.4472457636:
  TLE_ECI: r=[ 6622.20734317  3037.04967957 -2548.156972  ], v=[-3.23784339  1.92002917 -6.12246802]
  RK45_ECI: r=[-2593.15654501 -3652.35649041  6286.90122009], v=[6.53138838 0.51570626 2.97605299]
Epoch 969, t=2460388.4473210266:
  TLE_ECI: r=[ 6521.03252502  3096.55332444 -2730.806807  ], v=[-3.40974405  1.83865387 -6.05362861]
  RK45_ECI: r=[-2548.90708396 -3650.1523618   6306.13432848], v=[6.54558841 0.53932512 2.94058574]
Epoch 970, t=2460388.44739629:
  TLE_ECI: r=[ 6414.71399613  3153.54270955 -2911.32030689], v=[-3.57889309  1.75568811 -5.9800592 ]
  RK45_ECI: r=[-2504.56680459 -3647.77365543  6325.13663088], v=[6.55952859 0.56293829 2.90501002]
Epoch 971, t=2460388.4474715535:
  TLE_ECI: r=[ 6303.33752822  3207.96869601 -3089.5564439 ], v=[-3.74515687  1.67119982 -5.90181836]
  RK45_ECI: r=[-2460.13809185 -3645.22041231  6343.90715939], v=[6.57320823 0.58654436 2.86932765]
Epoch 972, t=2460388.447546817:
  TLE_ECI: r=[ 6186.99288068  3259.78426309 -3265.37600231], v=[-3.90840414  1.58525822 -5.81896831]
  RK45_ECI: r=[-2415.62232332 -3642.49260464  6362.44540009], v=[6.58662694 0.6101424  2.8335396 ]
Epoch 973, t=2460388.4476220803:
  TLE_ECI: r=[ 6065.77373419  3308.94452897 -3438.6416878 ], v=[-4.06850619  1.49793378 -5.73157492]
  RK45_ECI: r=[-2371.021682   -3639.59028439  6380.75049729], v=[6.59978412 0.63373111 2.79764754]
Epoch 974, t=2460388.4476973433:
  TLE_ECI: r=[ 5939.77762248  3355.40677078 -3609.21823506], v=[-4.22533691  1.40929812 -5.63970757]
  RK45_ECI: r=[-2326.33776255 -3636.51345024  6398.82186556], v=[6.61267935 0.65730947 2.7616526 ]
Epoch 975, t=2460388.4477726067:
  TLE_ECI: r=[ 5809.10581171  3399.13053097 -3776.97251338], v=[-4.37877296  1.31942396 -5.54343917]
  RK45_ECI: r=[-2281.5723313  -3633.26214756  6416.6588404 ], v=[6.62531217 0.68087639 2.72555611]
Epoch 976, t=2460388.44784787:
  TLE_ECI: r=[ 5673.86327488  3440.07754559 -3941.77363066], v=[-4.52869378  1.2283851  -5.44284605]
  RK45_ECI: r=[-2236.72718956 -3629.83640894  6434.26076601], v=[6.63768211 0.70443076 2.68935941]
Epoch 977, t=2460388.4479231336:
  TLE_ECI: r=[ 5534.15856583  3478.21184735 -4103.49303508], v=[-4.67498174  1.1362563  -5.33800788]
  RK45_ECI: r=[-2191.80392792 -3626.23625982  6451.62707618], v=[6.6497888  0.72797154 2.65306365]
Epoch 978, t=2460388.4479983966:
  TLE_ECI: r=[ 5390.10374937  3513.49976216 -4262.00461498], v=[-4.8175222   1.04311325 -5.22900764]
  RK45_ECI: r=[-2146.80496221 -3622.46181623  6468.75688954], v=[6.66163162 0.75149734 2.61667068]
Epoch 979, t=2460388.44807366:
  TLE_ECI: r=[ 5241.81426764  3545.91000115 -4417.18479627], v=[-4.95620364  0.94903247 -5.11593153]
  RK45_ECI: r=[-2101.73125784 -3618.51306448  6485.64989787], v=[6.67321038 0.77500746 2.58018115]
Epoch 980, t=2460388.4481489235:
  TLE_ECI: r=[ 5089.40890658  3575.41359057 -4568.91263803], v=[-5.09091769  0.8540913  -4.99886888]
  RK45_ECI: r=[-2056.58523718 -3614.39013874  6502.30524053], v=[6.68452449 0.79850048 2.54359692]
Epoch 981, t=2460388.448224187:
  TLE_ECI: r=[ 4933.00965746  3601.98396064 -4717.06992547], v=[-5.22155922  0.75836777 -4.87791208]
  RK45_ECI: r=[-2011.36829704 -3610.09307092  6518.72246155], v=[6.69557367 0.82197548 2.506919  ]
Epoch 982, t=2460388.4482994503:
  TLE_ECI: r=[ 4772.74162709  3625.59695153 -4861.54126072], v=[-5.34802648  0.66194061 -4.75315651]
  RK45_ECI: r=[-1966.08265273 -3605.62199848  6534.9008032 ], v=[6.70635741 0.84543118 2.47014908]
Epoch 983, t=2460388.4483747133:
  TLE_ECI: r=[ 4608.73294638  3646.23081991 -5002.21415119], v=[-5.47022107  0.56488912 -4.62470047]
  RK45_ECI: r=[-1920.7301253  -3600.97701393  6550.83967408], v=[6.71687534 0.86886643 2.4332885 ]
Epoch 984, t=2460388.4484499767:
  TLE_ECI: r=[ 4441.11462311  3663.86631192 -5138.97909532], v=[-5.58804812  0.46729308 -4.49264506]
  RK45_ECI: r=[-1875.31189043 -3596.15815336  6566.53871092], v=[6.72712724 0.89228046 2.39633812]
Epoch 985, t=2460388.44852524:
  TLE_ECI: r=[ 4270.02049952  3678.48659638 -5271.72966613], v=[-5.70141626  0.3692328  -4.35709412]
  RK45_ECI: r=[-1829.83038782 -3591.1656027   6581.99711382], v=[6.73711259 0.91567185 2.3592998 ]
Epoch 986, t=2460388.4486005036:
  TLE_ECI: r=[ 4095.58710128  3690.07733444 -5400.36259183], v=[-5.81023775  0.27078895 -4.21815414]
  RK45_ECI: r=[-1784.28702304 -3585.99942701  6597.2144596 ], v=[6.74683116 0.93903969 2.32217457]
Epoch 987, t=2460388.448675767:
  TLE_ECI: r=[ 3917.95353771  3698.62667772 -5524.77783406], v=[-5.91442851  0.17204252 -4.07593418]
  RK45_ECI: r=[-1738.68402618 -3580.65981118  6612.19004596], v=[6.7562825  0.96238267 2.28496413]
Epoch 988, t=2460388.44875103:
  TLE_ECI: r=[ 3737.26140033  3704.12526737 -5644.87866338], v=[-6.0139082   0.07307478 -3.93054576]
  RK45_ECI: r=[-1693.02322914 -3575.14688878  6626.92332578], v=[6.7654663  0.98569968 2.24766986]
Epoch 989, t=2460388.4488262935:
  TLE_ECI: r=[ 3553.65460598  3706.56628618 -5760.571732  ], v=[-6.10860026 -0.02603286 -3.7821028 ]
  RK45_ECI: r=[-1647.30581429 -3569.46072409  6641.41396317], v=[6.77438238 1.00898993 2.2102926 ]
Epoch 990, t=2460388.448901557:
  TLE_ECI: r=[ 3367.27934622  3705.94539715 -5871.76714392], v=[-6.19843195 -0.12519879 -3.63072147]
  RK45_ECI: r=[-1601.53423613 -3563.6015547   6655.66121969], v=[6.78303028 1.03225201 2.17283427]
Epoch 991, t=2460388.4489768203:
  TLE_ECI: r=[ 3178.28392718  3702.26079285 -5978.37852218], v=[-6.28333441 -0.22434139 -3.47652018]
  RK45_ECI: r=[-1555.70990743 -3557.56947883  6669.66470537], v=[6.79140982 1.05548501 2.13529587]
Epoch 992, t=2460388.449052084:
  TLE_ECI: r=[ 2986.81866201  3695.51318574 -6080.32307327], v=[-6.36324272 -0.32337902 -3.31961941]
  RK45_ECI: r=[-1509.83507074 -3551.36472878  6683.42377394], v=[6.79952062 1.07868763 2.09767915]
Epoch 993, t=2460388.4491273467:
  TLE_ECI: r=[ 2793.03576217  3685.70579972 -6177.52164886], v=[-6.43809593 -0.42223011 -3.16014167]
  RK45_ECI: r=[-1463.91156719 -3544.9874789   6696.93792313], v=[6.80736241 1.10185876 2.05998549]
Epoch 994, t=2460388.44920261:
  TLE_ECI: r=[ 2597.0891733   3672.8444015  -6269.89880441], v=[-6.50783707 -0.52081326 -2.99821136]
  RK45_ECI: r=[-1417.94058438 -3538.43782179  6710.20684472], v=[6.81493506 1.12499761 2.02221576]
Epoch 995, t=2460388.4492778736:
  TLE_ECI: r=[ 2399.1345183   3656.9372452  -6357.38285521], v=[-6.57241324 -0.61904723 -2.83395471]
  RK45_ECI: r=[-1371.92458917 -3531.71604649  6723.2298624 ], v=[6.82223819 1.14810279 1.98437186]
Epoch 996, t=2460388.449353137:
  TLE_ECI: r=[ 2199.32893105  3637.99510092 -6439.90592924], v=[-6.6317756  -0.71685105 -2.66749966]
  RK45_ECI: r=[-1325.8650001  -3524.82228434  6736.00661976], v=[6.82927164 1.17117337 1.94645483]
Epoch 997, t=2460388.4494284:
  TLE_ECI: r=[ 1997.83095408  3616.03123176 -6517.40401721], v=[-6.68587941 -0.81414407 -2.49897577]
  RK45_ECI: r=[-1279.76428887 -3517.75684744  6748.536469  ], v=[6.83603508 1.19420797 1.90846662]
Epoch 998, t=2460388.4495036635:
  TLE_ECI: r=[ 1794.80037122  3591.06140808 -6589.81701959], v=[-6.73468407 -0.91084608 -2.32851412]
  RK45_ECI: r=[-1233.62364699 -3510.51985303  6760.81912775], v=[6.84252839 1.21720579 1.87040807]
Epoch 999, t=2460388.449578927:
  TLE_ECI: r=[ 1590.39814624  3563.10385808 -6657.0887908 ], v=[-6.77815312 -1.00687725 -2.1562472 ]
  RK45_ECI: r=[-1187.44492293 -3503.11151979  6772.85414111], v=[6.84875138 1.24016574 1.83228059]
Epoch 1000, t=2460388.4496541903:
  TLE_ECI: r=[ 1384.7862541   3532.17927925 -6719.16718028], v=[-6.81625428 -1.10215832 -1.98230883]
  RK45_ECI: r=[-1141.23037449 -3495.53215538  6784.64095376], v=[6.85470377 1.26308652 1.79408595]
Epoch 1001, t=2460388.449729454:
  TLE_ECI: r=[ 1178.12756489  3498.31081602 -6776.00407062], v=[-6.84895946 -1.19661058 -1.80683406]
  RK45_ECI: r=[-1094.98142452 -3487.78192413  6796.17924319], v=[6.86038545 1.28596724 1.75582518]
Epoch 1002, t=2460388.4498047167:
  TLE_ECI: r=[  970.58572689  3461.52403905 -6827.55541268], v=[-6.87624478 -1.29015593 -1.62995905]
  RK45_ECI: r=[-1048.70055333 -3479.86118932  6807.46842463], v=[6.86579617 1.30880648 1.71750024]
Epoch 1003, t=2460388.44987998:
  TLE_ECI: r=[  762.32499845  3421.84693772 -6873.78125763], v=[-6.89809058 -1.38271705 -1.45182098]
  RK45_ECI: r=[-1002.38895546 -3471.77009626  6818.50824391], v=[6.87093583 1.3316035  1.679112  ]
Epoch 1004, t=2460388.4499552436:
  TLE_ECI: r=[  553.51018133  3379.3098794  -6914.64578614], v=[-6.9144814  -1.47421731 -1.27255794]
  RK45_ECI: r=[ -956.04848461 -3463.50890419  6829.29829185], v=[6.8758043  1.35435717 1.64066186]
Epoch 1005, t=2460388.450030507:
  TLE_ECI: r=[  344.30645177  3333.94559946 -6950.11733433], v=[-6.92540606 -1.56458091 -1.09230886]
  RK45_ECI: r=[ -909.68140501 -3455.07796766  6839.83807065], v=[6.88040137 1.37706622 1.60215161]
Epoch 1006, t=2460388.4501057705:
  TLE_ECI: r=[  134.87924254  3285.7891726  -6980.16841679], v=[-6.93085757 -1.65373292 -0.91121337]
  RK45_ECI: r=[ -863.28914237 -3446.47748382  6850.12729196], v=[6.88472698 1.39972976 1.5635823 ]
Epoch 1007, t=2460388.4501810335:
  TLE_ECI: r=[  -74.6058758   3234.87798599 -7004.77574655], v=[-6.93083322 -1.74159933 -0.72941171]
  RK45_ECI: r=[ -816.87418322 -3437.70786682  6860.16543461], v=[6.88878094 1.42234639 1.5249559 ]
Epoch 1008, t=2460388.450256297:
  TLE_ECI: r=[ -283.98336122  3181.2517104  -7023.92025191], v=[-6.9253345  -1.82810719 -0.54704464]
  RK45_ECI: r=[ -770.43772378 -3428.7692899   6869.95227287], v=[6.8925632  1.44491536 1.48627328]
Epoch 1009, t=2460388.4503315603:
  TLE_ECI: r=[ -493.08777094  3124.95226884 -7037.58709038], v=[-6.91436715 -1.91318452 -0.36425334]
  RK45_ECI: r=[ -723.98162105 -3419.66205271  6879.48744364], v=[6.89607367 1.46743555 1.44753586]
Epoch 1010, t=2460388.450406824:
  TLE_ECI: r=[ -701.75392781  3066.0238054  -7045.7656594 ], v=[-6.89794114 -1.99676046 -0.18117928]
  RK45_ECI: r=[ -677.5081435  -3410.38655629  6888.77050709], v=[6.89931222 1.48990571 1.40874544]
Epoch 1011, t=2460388.450482087:
  TLE_ECI: r=[ -909.81703829  3004.51265083 -7048.4496041 ], v=[-6.87607064e+00 -2.07876532e+00  2.03584542e-03]
  RK45_ECI: r=[ -631.0187182  -3400.94303051  6897.80120934], v=[6.90227883 1.51232495 1.36990308]
Epoch 1012, t=2460388.45055735:
  TLE_ECI: r=[-1117.11281126  2940.46728999 -7045.63682194], v=[-6.84877405 -2.1591306   0.18525026]
  RK45_ECI: r=[ -584.51583532 -3391.33193999  6906.57909325], v=[6.90497338 1.53469188 1.33101075]
Epoch 1013, t=2460388.4506326136:
  TLE_ECI: r=[-1323.47761961  2873.93831219 -7037.32946427], v=[-6.81607393 -2.2377891   0.36832216]
  RK45_ECI: r=[ -538.00069147 -3381.55348581  6915.10396176], v=[6.90739586 1.55700576 1.29206934]
Epoch 1014, t=2460388.450707877:
  TLE_ECI: r=[-1528.74857416  2804.97838973 -7023.53393497], v=[-6.77799703 -2.31467491  0.55110986]
  RK45_ECI: r=[ -491.4751452  -3371.60800767  6923.3754982 ], v=[6.90954623 1.57926549 1.25308029]
Epoch 1015, t=2460388.4507831405:
  TLE_ECI: r=[-1732.76368492  2733.64222602 -7004.26088582], v=[-6.73457426 -2.38972348  0.73347186]
  RK45_ECI: r=[ -444.94146681 -3361.49595285  6931.39332109], v=[6.91142445 1.60146981 1.21404538]
Epoch 1016, t=2460388.4508584035:
  TLE_ECI: r=[-1935.36196944  2659.98652169 -6979.52520898], v=[-6.68584064 -2.46287169  0.91526699]
  RK45_ECI: r=[ -398.40151503 -3351.21768151  6939.15713957], v=[6.91303048 1.62361764 1.17496607]
Epoch 1017, t=2460388.450933667:
  TLE_ECI: r=[-2136.38360887  2584.06990866 -6949.34602622], v=[-6.6318353  -2.53405792  1.09635446]
  RK45_ECI: r=[ -351.85648583 -3340.77341477  6946.66677604], v=[6.91436437 1.64570821 1.13584324]
Epoch 1018, t=2460388.4510089303:
  TLE_ECI: r=[-2335.67002398  2505.95293689 -6913.74667534], v=[-6.57260146 -2.60322203  1.276594  ]
  RK45_ECI: r=[ -305.30887048 -3330.1636749   6953.92184721], v=[6.91542607 1.66774019 1.09667887]
Epoch 1019, t=2460388.451084194:
  TLE_ECI: r=[-2533.06403008  2425.69800651 -6872.75469332], v=[-6.50818639 -2.67030546  1.45584594]
  RK45_ECI: r=[ -258.76009509 -3319.38874357  6960.9221548 ], v=[6.91621563 1.68971268 1.05747405]
Epoch 1020, t=2460388.451159457:
  TLE_ECI: r=[-2728.40995062  2343.36932457 -6826.4017965 ], v=[-6.43864136 -2.73525127  1.63397134]
  RK45_ECI: r=[ -212.21242966 -3308.44911379  6967.66737606], v=[6.91673306 1.71162445 1.01823058]
Epoch 1021, t=2460388.45123472:
  TLE_ECI: r=[-2921.55373146  2259.03286358 -6774.72385769], v=[-6.36402164 -2.79800415  1.81083207]
  RK45_ECI: r=[ -165.66773141 -3297.34518536  6974.15726699], v=[6.9169784  1.73347441 0.97894991]
Epoch 1022, t=2460388.4513099836:
  TLE_ECI: r=[-3112.34308729  2172.75627658 -6717.76088026], v=[-6.28438641 -2.85851058  1.98629089]
  RK45_ECI: r=[ -119.12719469 -3286.07720684  6980.39167894], v=[6.9169517  1.75526183 0.93963293]
Epoch 1023, t=2460388.451385247:
  TLE_ECI: r=[-3300.62757961  2084.60889389 -6655.55696918], v=[-6.19979879 -2.91671872  2.16021161]
  RK45_ECI: r=[  -72.59330894 -3274.64575005  6986.37029347], v=[6.91665301 1.77698535 0.90028164]
Epoch 1024, t=2460388.4514605105:
  TLE_ECI: r=[-3486.25876116  1994.66163648 -6588.16029902], v=[-6.11032574 -2.97257854  2.33245913]
  RK45_ECI: r=[  -26.06749786 -3263.05112871  6992.09294734], v=[6.91608242 1.79864411 0.86089713]
Epoch 1025, t=2460388.451535774:
  TLE_ECI: r=[-3669.09028491  1902.98696843 -6515.62307893], v=[-6.01603803 -3.02604186  2.50289958]
  RK45_ECI: r=[   20.44797125 -3251.29388115  6997.5593768 ], v=[6.91523999 1.82023688 0.8214812 ]
Epoch 1026, t=2460388.451611037:
  TLE_ECI: r=[-3848.97801312  1809.65885136 -6438.00151461], v=[-5.91701023 -3.07706237  2.67140041]
  RK45_ECI: r=[   66.95124458 -3239.37444639  7002.76938493], v=[6.91412584 1.8417626  0.78203531]
Epoch 1027, t=2460388.4516863003:
  TLE_ECI: r=[-4025.78015182  1714.75264173 -6355.35576726], v=[-5.81332056 -3.12559572  2.83783049]
  RK45_ECI: r=[  113.44113069 -3227.29310019  7007.72285215], v=[6.91274004 1.86322052 0.74256036]
Epoch 1028, t=2460388.451761564:
  TLE_ECI: r=[-4199.35732925  1618.3450976  -6267.74990958], v=[-5.70505095 -3.17159948  3.00206019]
  RK45_ECI: r=[  159.91514438 -3215.05046341  7012.41952522], v=[6.91108273 1.88460932 0.70305836]
Epoch 1029, t=2460388.451836827:
  TLE_ECI: r=[-4369.57272768  1520.51427438 -6175.25187876], v=[-5.59228691 -3.21503323  3.16396151]
  RK45_ECI: r=[  206.37186588 -3202.64688149  7016.85927603], v=[6.90915401 1.90592815 0.66353038]
Epoch 1030, t=2460388.4519120906:
  TLE_ECI: r=[-4536.29218549  1421.33947393 -6077.93342651], v=[-5.47511752 -3.25585859  3.32340816]
  RK45_ECI: r=[  252.80903289 -3190.08293757  7021.04190009], v=[6.90695405 1.92717578 0.62397826]
Epoch 1031, t=2460388.4519873536:
  TLE_ECI: r=[-4699.38429941  1320.90119519 -5975.87006619], v=[-5.35363533 -3.29403923  3.48027567]
  RK45_ECI: r=[  299.22500766 -3177.35905     7024.96726559], v=[6.90448298 1.94835126 0.58440326]
Epoch 1032, t=2460388.452062617:
  TLE_ECI: r=[-4858.72054415  1219.28101609 -5869.14101693], v=[-5.22793626 -3.32954099  3.63444147]
  RK45_ECI: r=[  345.6179706  -3164.47569989  7028.63522862], v=[6.90174096 1.9694536  0.54480684]
Epoch 1033, t=2460388.4521378805:
  TLE_ECI: r=[-5014.17535045  1116.56160896 -5757.82914496], v=[-5.09811966 -3.36233178  3.785785  ]
  RK45_ECI: r=[  391.98607553 -3151.43337809  7032.04565487], v=[6.89872815 1.99048175 0.50519047]
Epoch 1034, t=2460388.452213144:
  TLE_ECI: r=[-5165.62622121  1012.82662133 -5642.02090199], v=[-4.96428809 -3.39238171  3.93418779]
  RK45_ECI: r=[  438.32769737 -3138.23252095  7035.19843362], v=[6.89544474 2.01143476 0.4655554 ]
Epoch 1035, t=2460388.452288407:
  TLE_ECI: r=[-5312.95382242   908.16063752 -5521.80626075], v=[-4.82654736 -3.41966308  4.07953359]
  RK45_ECI: r=[  484.64036158 -3124.8738192   7038.0934069 ], v=[6.89189093 2.03231135 0.42590366]
Epoch 1036, t=2460388.4523636703:
  TLE_ECI: r=[-5456.04208951   802.64904893 -5397.27864775], v=[-4.68500637 -3.44415045  4.22170841]
  RK45_ECI: r=[  530.92309551 -3111.35753617  7040.73052314], v=[6.8880669  2.05311087 0.38623596]
Epoch 1037, t=2460388.452438934:
  TLE_ECI: r=[-5594.7783035    696.37807716 -5268.5348732 ], v=[-4.5397771  -3.4658206   4.36060066]
  RK45_ECI: r=[  577.17342801 -3097.68437936  7043.10964696], v=[6.88397287 2.07383205 0.34655433]
Epoch 1038, t=2460388.452514197:
  TLE_ECI: r=[-5729.05319317   589.43464355 -5135.67505823], v=[-4.39097448 -3.48465261  4.49610122]
  RK45_ECI: r=[  623.38995007 -3083.8547505   7045.23071377], v=[6.87960907 2.09447402 0.30685984]
Epoch 1039, t=2460388.4525894606:
  TLE_ECI: r=[-5858.76102016   481.90631362 -4998.80255933], v=[-4.23871632 -3.50062785  4.62810353]
  RK45_ECI: r=[  669.57041416 -3069.86931189  7047.09362621], v=[6.87497574 2.11503562 0.26715433]
Epoch 1040, t=2460388.4526647236:
  TLE_ECI: r=[-5983.79966328   373.88124365 -4858.02389021], v=[-4.08312326 -3.51373003  4.75650367]
  RK45_ECI: r=[  715.71298601 -3055.72860997  7048.69831998], v=[6.87007314 2.13551583 0.22743927]
Epoch 1041, t=2460388.452739987:
  TLE_ECI: r=[-6104.07070598   265.44803924 -4713.44864092], v=[-3.92431857 -3.52394521  4.88120047]
  RK45_ECI: r=[  761.81648865 -3041.4329952   7050.04475747], v=[6.86490147 2.15591392 0.18771556]
Epoch 1042, t=2460388.4528152505:
  TLE_ECI: r=[-6219.4795088    156.69578628 -4565.18939447], v=[-3.76242821 -3.5312618   5.00209559]
  RK45_ECI: r=[  807.87846237 -3026.98322225  7051.13286891], v=[6.85946105 2.17622863 0.14798521]
Epoch 1043, t=2460388.452890514:
  TLE_ECI: r=[-6329.93529174    47.71390983 -4413.36164089], v=[-3.5975806  -3.5356706   5.11909357]
  RK45_ECI: r=[  853.89750609 -3012.37972356  7051.96262516], v=[6.85375211 2.19645914 0.10824931]
Epoch 1044, t=2460388.4529657774:
  TLE_ECI: r=[-6435.351207     -61.4078828  -4258.08368883], v=[-3.42990661 -3.53716481  5.23210196]
  RK45_ECI: r=[  899.87138359 -2997.62320454  7052.53398847], v=[6.847775   2.21660428 0.06850971]
Epoch 1045, t=2460388.4530410403:
  TLE_ECI: r=[-6535.64441063  -170.57965675 -4099.47657466], v=[-3.25953943 -3.53574001  5.34103138]
  RK45_ECI: r=[  945.7982712  -2982.71424898  7052.84694211], v=[6.84153002 2.23666305 0.02876787]
Epoch 1046, t=2460388.453116304:
  TLE_ECI: r=[-6630.73612881  -279.71140002 -3937.66396933], v=[-3.0866144  -3.53139423  5.44579558]
  RK45_ECI: r=[  991.67699954 -2967.65323335  7052.90147776], v=[ 6.8350174   2.25663474 -0.01097532]
Epoch 1047, t=2460388.453191567:
  TLE_ECI: r=[-6720.55172478  -388.71298398 -3772.77208284], v=[-2.91126905 -3.52412793  5.54631153]
  RK45_ECI: r=[ 1037.5051225  -2952.44095881  7052.69759145], v=[ 6.82823753  2.27651811 -0.05071783]
Epoch 1048, t=2460388.4532668306:
  TLE_ECI: r=[-6805.02075928  -497.49431436 -3604.92956654], v=[-2.73364286 -3.51394395  5.64249951]
  RK45_ECI: r=[ 1083.28124856 -2937.07788802  7052.23528941], v=[ 6.8211907   2.29631234 -0.09045858]
Epoch 1049, t=2460388.4533420936:
  TLE_ECI: r=[-6884.0770509   -605.96536677 -3434.26741318], v=[-2.55387722 -3.50084762  5.73428316]
  RK45_ECI: r=[ 1129.00293861 -2921.56484271  7051.51459758], v=[ 6.81387734  2.3160162  -0.13019552]
Epoch 1050, t=2460388.453417357:
  TLE_ECI: r=[-6957.65872404  -714.03634249 -3260.91885501], v=[-2.37211525 -3.4848467   5.82158955]
  RK45_ECI: r=[ 1174.66903083 -2905.90222167  7050.5355348 ], v=[ 6.8062977   2.335629   -0.16992778]
Epoch 1051, t=2460388.4534926205:
  TLE_ECI: r=[-7025.70827006  -821.61762326 -3085.01925976], v=[-2.18850179 -3.46595135  5.90434924]
  RK45_ECI: r=[ 1220.27771509 -2890.0906488   7049.29813409], v=[ 6.79845216  2.35514974 -0.20965388]
Epoch 1052, t=2460388.453567884:
  TLE_ECI: r=[-7088.17258906  -928.61992641 -2906.70602474], v=[-2.00318317 -3.4441742   5.98249635]
  RK45_ECI: r=[ 1265.82677802 -2874.13089694  7047.80245321], v=[ 6.79034115  2.37457732 -0.24937199]
Epoch 1053, t=2460388.4536431474:
  TLE_ECI: r=[-7145.00303557 -1034.95435992 -2726.11846908], v=[-1.81630719 -3.41953029  6.05596866]
  RK45_ECI: r=[ 1311.31483894 -2858.02345857  7046.04853381], v=[ 6.78196499  2.39391091 -0.28908102]
Epoch 1054, t=2460388.4537184103:
  TLE_ECI: r=[-7196.15546262 -1140.53247626 -2543.39772426], v=[-1.62802292 -3.39203708  6.12470757]
  RK45_ECI: r=[ 1356.73947606 -2841.76920066  7044.03646755], v=[ 6.77332419  2.41314932 -0.32877895]
Epoch 1055, t=2460388.453793674:
  TLE_ECI: r=[-7241.59024564 -1245.26643111 -2358.68662292], v=[-1.4384806  -3.36171447  6.18865826]
  RK45_ECI: r=[ 1402.09953739 -2825.36854727  7041.76630259], v=[ 6.76441904  2.43229187 -0.36846488]
Epoch 1056, t=2460388.453868937:
  TLE_ECI: r=[-7281.27233481 -1349.06893186 -2172.12958611], v=[-1.24783155 -3.32858471  6.24776966]
  RK45_ECI: r=[ 1447.39322717 -2808.82215837  7039.2381195 ], v=[ 6.75524995  2.45133758 -0.40813735]
Epoch 1057, t=2460388.4539442006:
  TLE_ECI: r=[-7315.17127216 -1451.85339496 -1983.87250913], v=[-1.05622802 -3.29267248  6.30199455]
  RK45_ECI: r=[ 1492.61834919 -2792.13084799  7036.45203562], v=[ 6.74581745  2.47028536 -0.44779452]
Epoch 1058, t=2460388.454019464:
  TLE_ECI: r=[-7343.26122011 -1553.53399893 -1794.06264587], v=[-0.86382305 -3.2540048   6.35128959]
  RK45_ECI: r=[ 1537.77353504 -2775.29513787  7033.40812801], v=[ 6.73612186  2.48913442 -0.48743531]
Epoch 1059, t=2460388.454094727:
  TLE_ECI: r=[-7365.52098824 -1654.0257354  -1602.84849202], v=[-0.67077036 -3.21261105  6.39561533]
  RK45_ECI: r=[ 1582.8563827  -2758.31593938  7030.10655392], v=[ 6.7261638   2.50788358 -0.5270577 ]
Epoch 1060, t=2460388.4541699905:
  TLE_ECI: r=[-7381.9340319  -1753.24456813 -1410.37966704], v=[-0.4772242  -3.16852294  6.4349363 ]
  RK45_ECI: r=[ 1627.86575125 -2741.19370133  7026.54739083], v=[ 6.71594357  2.52653218 -0.56666079]
Epoch 1061, t=2460388.454245254:
  TLE_ECI: r=[-7392.4884946  -1851.10737467 -1216.80679503], v=[-0.28333926 -3.12177447  6.469221  ]
  RK45_ECI: r=[ 1672.79986093 -2723.9291192   7022.73076672], v=[ 6.70546165  2.54507925 -0.60624313]
Epoch 1062, t=2460388.4543205174:
  TLE_ECI: r=[-7397.17719928 -1947.53210418 -1022.28138471], v=[-0.0892705  -3.07240192  6.49844194]
  RK45_ECI: r=[ 1717.65653505 -2706.5230473   7018.65685848], v=[ 6.69471861  2.56352374 -0.64580288]
Epoch 1063, t=2460388.454395781:
  TLE_ECI: r=[-7395.99765904 -2042.43782574  -826.95570859], v=[ 0.10482696 -3.02044383  6.52257568]
  RK45_ECI: r=[ 1762.43441891 -2688.97603606  7014.32577842], v=[ 6.68371484  2.58186486 -0.68533896]
Epoch 1064, t=2460388.454471044:
  TLE_ECI: r=[-7388.95208556 -2135.74477539  -630.98268127], v=[ 0.29879799 -2.96594096  6.54160286]
  RK45_ECI: r=[ 1807.13113259 -2671.28904035  7009.73774933], v=[ 6.67245101  2.60010147 -0.72484937]
Epoch 1065, t=2460388.454546307:
  TLE_ECI: r=[-7376.04736222 -2227.37451202  -434.5157373 ], v=[ 0.49248756 -2.90893623  6.55550819]
  RK45_ECI: r=[ 1851.74554728 -2653.46253333  7004.89287786], v=[ 6.66092746  2.61823291 -0.7643332 ]
Epoch 1066, t=2460388.4546215707:
  TLE_ECI: r=[-7357.29507505 -2317.24985399  -237.70870842], v=[ 0.68574088 -2.84947472  6.56428046]
  RK45_ECI: r=[ 1896.27590136 -2635.49724514  6999.79133934], v=[ 6.64914473  2.63625826 -0.80378899]
Epoch 1067, t=2460388.454696834:
  TLE_ECI: r=[-7332.71147866 -2405.29503197   -40.71570041], v=[ 0.87840355 -2.78760365  6.56791261]
  RK45_ECI: r=[ 1940.7200396  -2617.39406953  6994.43336998], v=[ 6.63710344  2.65417647 -0.84321494]
Epoch 1068, t=2460388.454772097:
  TLE_ECI: r=[-7302.31749556 -2491.43571106   156.30903023], v=[ 1.07032164 -2.72337228  6.56640165]
  RK45_ECI: r=[ 1985.07621041 -2599.15375399  6988.81917119], v=[ 6.62480416  2.67198662 -0.88260958]
Epoch 1069, t=2460388.4548473605:
  TLE_ECI: r=[-7266.13866952 -2575.59914001   353.21119979], v=[ 1.26134192 -2.6568319   6.55974874]
  RK45_ECI: r=[ 2029.34329434 -2580.77678924  6982.94886935], v=[ 6.61224725  2.68968807 -0.92197202]
Epoch 1070, t=2460388.454922624:
  TLE_ECI: r=[-7224.20518658 -2657.71408543   549.83662099], v=[ 1.45131186 -2.5880358   6.54795916]
  RK45_ECI: r=[ 2073.51894006 -2562.26417885  6976.82276192], v=[ 6.59943346  2.70727971 -0.96130027]
Epoch 1071, t=2460388.4549978874:
  TLE_ECI: r=[-7176.55182113 -2737.71097833   746.03132642], v=[ 1.64007986 -2.51703923  6.53104227]
  RK45_ECI: r=[ 2117.60181756 -2543.61651807  6970.44101749], v=[ 6.58636324  2.72476077 -1.00059323]
Epoch 1072, t=2460388.455073151:
  TLE_ECI: r=[-7123.21791318 -2815.52195258   941.64169178], v=[ 1.82749535 -2.44389929  6.50901158]
  RK45_ECI: r=[ 2161.58979545 -2524.83473916  6963.80393137], v=[ 6.57303729  2.74213026 -1.0398491 ]
Epoch 1073, t=2460388.455148414:
  TLE_ECI: r=[-7064.24734339 -2891.08088238  1136.51455888], v=[ 2.01340889 -2.36867497  6.48188465]
  RK45_ECI: r=[ 2205.48114274 -2505.91962315  6956.91175205], v=[ 6.55945623  2.75938728 -1.07906644]
Epoch 1074, t=2460388.455223677:
  TLE_ECI: r=[-6999.68846195 -2964.32352225  1330.49735807], v=[ 2.19767234 -2.29142701  6.44968314]
  RK45_ECI: r=[ 2249.27475426 -2486.87168416  6949.76463492], v=[ 6.54562046  2.7765312  -1.11824435]
Epoch 1075, t=2460388.4552989407:
  TLE_ECI: r=[-6929.59409781 -3035.18743683  1523.43823032], v=[ 2.38013897 -2.21221792  6.41243276]
  RK45_ECI: r=[ 2292.96830579 -2467.69196711  6942.36294243], v=[ 6.53153077  2.79356092 -1.15738083]
Epoch 1076, t=2460388.455374204:
  TLE_ECI: r=[-6854.0214804  -3103.61213822  1715.18614843], v=[ 2.56066355 -2.1311119   6.37016326]
  RK45_ECI: r=[ 2336.56048462 -2448.38109441  6934.70687809], v=[ 6.51718769  2.81047573 -1.19647483]
Epoch 1077, t=2460388.4554494675:
  TLE_ECI: r=[-6773.03219922 -3169.53911697  1905.59103756], v=[ 2.73910252 -2.04817476  6.32290836]
  RK45_ECI: r=[ 2380.04918527 -2428.94003578  6926.7967961 ], v=[ 6.50259196  2.82727463 -1.23552452]
Epoch 1078, t=2460388.4555247305:
  TLE_ECI: r=[-6686.69216141 -3232.91187201  2094.50389489], v=[ 2.91531409 -1.9634739   6.2707058 ]
  RK45_ECI: r=[ 2423.43269918 -2409.36960505  6918.63299173], v=[ 6.48774425  2.84395676 -1.27452848]
Epoch 1079, t=2460388.455599994:
  TLE_ECI: r=[-6595.07149776 -3293.67603843  2281.7769081 ], v=[ 3.08915835 -1.87707821  6.21359721]
  RK45_ECI: r=[ 2466.7099364  -2389.67033922  6910.2156493 ], v=[ 6.47264499  2.86052151 -1.31348582]
Epoch 1080, t=2460388.4556752574:
  TLE_ECI: r=[-6498.24456    -3351.77931493  2467.26357307], v=[ 3.2604974  -1.78905805  6.15162814]
  RK45_ECI: r=[ 2509.87860235 -2369.84332339  6901.54519584], v=[ 6.45729507  2.87696781 -1.35239455]
Epoch 1081, t=2460388.455750521:
  TLE_ECI: r=[-6396.28982048 -3407.17158801  2650.81881002], v=[ 3.42919544 -1.69948518  6.084848  ]
  RK45_ECI: r=[ 2552.93740293 -2349.88920642  6892.62186968], v=[ 6.44169501  2.89329497 -1.39125361]
Epoch 1082, t=2460388.4558257842:
  TLE_ECI: r=[-6289.2898154  -3459.80495457  2832.29907852], v=[ 3.59511892 -1.60843267  6.01330999]
  RK45_ECI: r=[ 2595.88426053 -2329.8089947   6883.44608349], v=[ 6.42584565  2.90950202 -1.43006121]
Epoch 1083, t=2460388.455901047:
  TLE_ECI: r=[-6177.33108536 -3509.63374504  3011.56249109], v=[ 3.7581366  -1.51597488  5.93707109]
  RK45_ECI: r=[ 2638.7176865  -2309.60344446  6874.0181343 ], v=[ 6.40974761  2.92558818 -1.4688161 ]
Epoch 1084, t=2460388.4559763107:
  TLE_ECI: r=[-6060.50406183 -3556.61463467  3188.46892508], v=[ 3.91811972 -1.42218732  5.85619198]
  RK45_ECI: r=[ 2681.43602037 -2289.27338301  6864.33836957], v=[ 6.3934016   2.94155267 -1.50751686]
Epoch 1085, t=2460388.456051574:
  TLE_ECI: r=[-5938.90305244 -3600.70657078  3362.88013321], v=[ 4.07494202 -1.32714669  5.77073699]
  RK45_ECI: r=[ 2724.03758629 -2268.81966659  6854.40714615], v=[ 6.37680832  2.95739466 -1.54616206]
Epoch 1086, t=2460388.4561268375:
  TLE_ECI: r=[-5812.62612131 -3641.8708811   3534.65985225], v=[ 4.22847992 -1.23093073  5.68077403]
  RK45_ECI: r=[ 2766.52091443 -2248.24305919  6844.22478169], v=[ 6.35996845  2.97311339 -1.58475046]
Epoch 1087, t=2460388.4562021005:
  TLE_ECI: r=[-5681.77502807 -3680.07127136  3703.67390988], v=[ 4.37861257 -1.13361819  5.58637458]
  RK45_ECI: r=[ 2808.88375719 -2227.54470201  6833.79179659], v=[ 6.34288293  2.98870787 -1.62328009]
Epoch 1088, t=2460388.456277364:
  TLE_ECI: r=[-5546.45509978 -3715.27392337  3869.79032965], v=[ 4.52522194 -1.03528873  5.48761355]
  RK45_ECI: r=[ 2851.12524949 -2206.72508164  6823.10837951], v=[ 6.3255522   3.00417755 -1.66175028]
Epoch 1089, t=2460388.4563526274:
  TLE_ECI: r=[-5406.775208   -3747.44742193  4032.87943418], v=[ 4.66819296 -0.9360229   5.38456927]
  RK45_ECI: r=[ 2893.24315576 -2185.78535259  6812.17507281], v=[ 6.30797725  3.01952147 -1.70015904]
Epoch 1090, t=2460388.456427891:
  TLE_ECI: r=[-5262.84763533 -3776.56284962  4192.81394603], v=[ 4.80741356 -0.83590204  5.2773234 ]
  RK45_ECI: r=[ 2935.23602663 -2164.72630235  6800.99222984], v=[ 6.29015878  3.03473888 -1.73850517]
Epoch 1091, t=2460388.4565031542:
  TLE_ECI: r=[-5114.78799299 -3802.59379425  4349.46908659], v=[ 4.94277478 -0.7350082   5.16596086]
  RK45_ECI: r=[ 2977.10241614 -2143.54872233  6789.56020847], v=[ 6.27209746  3.04982906 -1.77678742]
Epoch 1092, t=2460388.456578417:
  TLE_ECI: r=[-4962.71513694 -3825.51635604  4502.72267283], v=[ 5.07417084 -0.63342412  5.05056974]
  RK45_ECI: r=[ 3018.84011177 -2122.25379103  6777.87959264], v=[ 6.25379434  3.06479104 -1.81500384]
Epoch 1093, t=2460388.4566536807:
  TLE_ECI: r=[-4806.75102483 -3845.30922686  4652.45521154], v=[ 5.20149922 -0.53123308  4.93124127]
  RK45_ECI: r=[ 3060.4482641  -2100.8420141   6765.95059347], v=[ 6.23524988  3.07962432 -1.85315375]
Epoch 1094, t=2460388.456728944:
  TLE_ECI: r=[-4647.02068271 -3861.95361961  4798.5499916 ], v=[ 5.32466074 -0.42851889  4.80806968]
  RK45_ECI: r=[ 3101.92467353 -2079.31458271  6753.7738167 ], v=[ 6.21646513  3.09432793 -1.89123522]
Epoch 1095, t=2460388.4568042075:
  TLE_ECI: r=[-4483.65205814 -3875.43334325  4940.89317351], v=[ 5.44355966 -0.32536584  4.68115215]
  RK45_ECI: r=[ 3143.26810495 -2057.67221626  6741.34959668], v=[ 6.19744073  3.10890122 -1.92924718]
Epoch 1096, t=2460388.456879471:
  TLE_ECI: r=[-4316.77592669 -3885.73480158  5079.37387667], v=[ 5.55810367 -0.22185854  4.55058876]
  RK45_ECI: r=[ 3184.47657005 -2035.91601759  6728.67850777], v=[ 6.17817767  3.12334334 -1.9671879 ]
Epoch 1097, t=2460388.456954734:
  TLE_ECI: r=[-4146.52579639 -3892.84699282  5213.88426408], v=[ 5.66820405 -0.11808197  4.41648232]
  RK45_ECI: r=[ 3225.54846119 -2014.0469165   6715.76102026], v=[ 6.1586768   3.13765351 -2.00505597]
Epoch 1098, t=2460388.4570299974:
  TLE_ECI: r=[-3973.0377538  -3896.76156793  5344.31962437], v=[ 5.77377568 -0.01412127  4.27893837]
  RK45_ECI: r=[ 3266.48275641 -1992.06553181  6702.59742647], v=[ 6.13893869  3.15183118 -2.04285054]
Epoch 1099, t=2460388.457105261:
  TLE_ECI: r=[-3796.45042187 -3897.47276329  5470.57845151], v=[5.87473709 0.08993821 4.13806505]
  RK45_ECI: r=[ 3307.27729417 -1969.9730904   6689.18839489], v=[ 6.11896446  3.16587544 -2.08056968]
Epoch 1100, t=2460388.4571805242:
  TLE_ECI: r=[-3616.90480223 -3894.97745599  5592.56252155], v=[5.97101056 0.19401103 3.99397301]
  RK45_ECI: r=[ 3347.93086279 -1947.77033536  6675.53429368], v=[ 6.09875477  3.17978565 -2.11821237]
Epoch 1101, t=2460388.4572557877:
  TLE_ECI: r=[-3434.54417278 -3889.27515406  5710.17696676], v=[6.06252213 0.29801172 3.84677533]
  RK45_ECI: r=[ 3388.44150977 -1925.45840175  6661.63575391], v=[ 6.0783107   3.19356099 -2.15577685]
Epoch 1102, t=2460388.4573310507:
  TLE_ECI: r=[-3249.51398372 -3880.36798768  5823.33034716], v=[6.14920167 0.40185486 3.69658742]
  RK45_ECI: r=[ 3428.80765789 -1903.03824767  6647.49329105], v=[ 6.05763313  3.20720073 -2.19326175]
Epoch 1103, t=2460388.457406314:
  TLE_ECI: r=[-3061.96169534 -3868.26074662  5931.93471896], v=[6.23098293 0.50545517 3.54352695]
  RK45_ECI: r=[ 3469.02830565 -1880.51051187  6633.10722517], v=[ 6.03672265  3.22070431 -2.23066623]
Epoch 1104, t=2460388.4574815775:
  TLE_ECI: r=[-2872.03672818 -3852.96081777  6035.90570059], v=[6.30780357 0.60872751 3.38771372]
  RK45_ECI: r=[ 3509.10133175 -1857.87645551  6618.478287  ], v=[ 6.01558044  3.23407088 -2.26798837]
Epoch 1105, t=2460388.457556841:
  TLE_ECI: r=[-2679.89029823 -3834.47821943  6135.16253553], v=[6.3796052  0.71158701 3.22926958]
  RK45_ECI: r=[ 3549.02554925 -1835.13684462  6603.60687807], v=[ 5.99420723  3.24729982 -2.30522716]
Epoch 1106, t=2460388.457632104:
  TLE_ECI: r=[-2485.67531896 -3812.82557629  6229.62815251], v=[6.44633345 0.81394908 3.06831833]
  RK45_ECI: r=[ 3588.79885572 -1812.29295526  6588.49375719], v=[ 5.97260423  3.26039028 -2.3423807 ]
Epoch 1107, t=2460388.4577073674:
  TLE_ECI: r=[-2289.54623511 -3788.0181395   6319.22922254], v=[6.50793792 0.9157296  2.90498565]
  RK45_ECI: r=[ 3628.42026871 -1789.34544285  6573.13926989], v=[ 5.95077206  3.27334173 -2.37944816]
Epoch 1108, t=2460388.457782631:
  TLE_ECI: r=[-2091.65896739 -3760.07372933  6403.89621339], v=[6.56437233 1.01684482 2.73939897]
  RK45_ECI: r=[ 3667.8882455  -1766.29529528  6557.54397833], v=[ 5.92871165  3.28615348 -2.41642815]
Epoch 1109, t=2460388.4578578942:
  TLE_ECI: r=[-1892.17074438 -3729.0127523   6483.56344079], v=[6.61559443 1.11721153 2.57168738]
  RK45_ECI: r=[ 3707.2008947  -1743.14369667  6541.70860319], v=[ 5.90642415  3.29882474 -2.45331899]
Epoch 1110, t=2460388.4579331577:
  TLE_ECI: r=[-1691.2399897  -3694.8581774   6558.16911684], v=[6.66156611 1.2167471  2.40198152]
  RK45_ECI: r=[ 3746.35705532 -1719.89143518  6525.63357907], v=[ 5.88391032  3.31135494 -2.49011966]
Epoch 1111, t=2460388.4580084207:
  TLE_ECI: r=[-1489.02620791 -3657.63551398  6627.65539539], v=[6.70225339 1.31536951 2.23041351]
  RK45_ECI: r=[ 3785.35466815 -1696.53981918  6509.31972594], v=[ 5.86117142  3.32374326 -2.52682829]
Epoch 1112, t=2460388.458083684:
  TLE_ECI: r=[-1285.68981607 -3617.37281011  6691.96841433], v=[6.7376264  1.41299755 2.05711684]
  RK45_ECI: r=[ 3824.19277325 -1673.08952264  6492.76741658], v=[ 5.8382081   3.33598921 -2.56344404]
Epoch 1113, t=2460388.4581589475:
  TLE_ECI: r=[-1081.39208285 -3574.10060254  6751.05833513], v=[6.76765946 1.50955067 1.88222623]
  RK45_ECI: r=[ 3862.86986148 -1649.54155959  6475.97725719], v=[ 5.81502136  3.3480921  -2.59996557]
Epoch 1114, t=2460388.458234211:
  TLE_ECI: r=[ -876.29495884 -3527.85191246  6804.87937909], v=[6.79233108 1.60494921 1.7058776 ]
  RK45_ECI: r=[ 3901.38408221 -1625.89714319  6458.95002363], v=[ 5.79161239  3.36005121 -2.63639119]
Epoch 1115, t=2460388.4583094744:
  TLE_ECI: r=[ -670.56096095 -3478.66221483  6853.38986067], v=[6.81162392 1.69911439 1.5282079 ]
  RK45_ECI: r=[ 3939.73430149 -1602.1570828   6441.6861831 ], v=[ 5.76798196  3.37186597 -2.67271992]
Epoch 1116, t=2460388.4583847374:
  TLE_ECI: r=[ -464.35305549 -3426.56940952  6896.55221778], v=[6.82552486 1.79196836 1.34935506]
  RK45_ECI: r=[ 3977.91850555 -1578.32271759  6424.186616  ], v=[ 5.74413143  3.3835356  -2.70894989]
Epoch 1117, t=2460388.458460001:
  TLE_ECI: r=[ -257.83449112 -3371.6137981   6934.33303895], v=[6.83402494 1.88343436 1.16945786]
  RK45_ECI: r=[ 4015.93575767 -1554.39473958  6406.45172199], v=[ 5.72006146  3.39505964 -2.74508029]
Epoch 1118, t=2460388.4585352642:
  TLE_ECI: r=[  -51.16873234 -3313.8380424   6966.70308759], v=[6.83711945 1.97343664 0.98865581]
  RK45_ECI: r=[ 4053.78458405 -1530.37418772  6388.48215075], v=[ 5.69577308  3.40643744 -2.7811098 ]
Epoch 1119, t=2460388.4586105277:
  TLE_ECI: r=[  155.48070803 -3253.28713887  6993.63732303], v=[6.83480782 2.0619006  0.80708912]
  RK45_ECI: r=[ 4091.46317648 -1506.26230288  6370.27873261], v=[ 5.67126755  3.4176683  -2.81703674]
Epoch 1120, t=2460388.458685791:
  TLE_ECI: r=[  361.95038572 -3190.00838176  7015.11491861], v=[6.82709371 2.14875282 0.62489851]
  RK45_ECI: r=[ 4128.97042934 -1482.05991472  6351.84196692], v=[ 5.64654569  3.42875168 -2.85286014]
Epoch 1121, t=2460388.458761054:
  TLE_ECI: r=[  568.07704244 -3124.05132806  7031.11927658], v=[6.81398495 2.23392113 0.44222516]
  RK45_ECI: r=[ 4166.30437612 -1457.76839192  6333.17279371], v=[ 5.62160888  3.43968686 -2.88857817]
Epoch 1122, t=2460388.4588363175:
  TLE_ECI: r=[  773.69776922 -3055.46775336  7041.63804002], v=[6.79549356 2.31733471 0.25921061]
  RK45_ECI: r=[ 4203.46410446 -1433.38844367  6314.2716391 ], v=[ 5.59645784  3.45047338 -2.92419002]
Epoch 1123, t=2460388.458911581:
  TLE_ECI: r=[  978.65007732 -2984.31161956  7046.66310171], v=[6.7716357  2.39892403 0.07599662]
  RK45_ECI: r=[ 4240.44817725 -1408.92113262  6295.13919574], v=[ 5.57109362  3.46111063 -2.9596944 ]
Epoch 1124, t=2460388.4589868444:
  TLE_ECI: r=[ 1182.77206077 -2910.63902856  7046.19060978], v=[ 6.74243171  2.478621   -0.10727489]
  RK45_ECI: r=[ 4277.25483058 -1384.3677261   6275.77634752], v=[ 5.54551755  3.47159794 -2.99508965]
Epoch 1125, t=2460388.4590621074:
  TLE_ECI: r=[ 1385.90250431 -2834.50818372  7040.22097048], v=[ 6.70790604  2.55635897 -0.29046199]
  RK45_ECI: r=[ 4313.8826473  -1359.72929838  6256.18381056], v=[ 5.51973071  3.48193474 -3.03037448]
Epoch 1126, t=2460388.459137371:
  TLE_ECI: r=[ 1587.88104154 -2755.97932941  7028.75884764], v=[ 6.66808726  2.63207289 -0.47342277]
  RK45_ECI: r=[ 4350.33073282 -1335.0065707   6236.36202865], v=[ 5.49373383  3.49212057 -3.06554809]
Epoch 1127, t=2460388.4592126342:
  TLE_ECI: r=[ 1788.5482283  -2675.11472656  7011.81315926], v=[ 6.62300805  2.70569917 -0.65601554]
  RK45_ECI: r=[ 4386.59717743 -1310.20094382  6216.31200896], v=[ 5.46752836  3.50215476 -3.10060868]
Epoch 1128, t=2460388.4592878977:
  TLE_ECI: r=[ 1987.7457     -2591.97859024  6989.39707095], v=[ 6.57270514  2.77717591 -0.83809884]
  RK45_ECI: r=[ 4422.68092294 -1285.31327826  6196.03430138], v=[ 5.44111518  3.51203681 -3.13555531]
Epoch 1129, t=2460388.459363161:
  TLE_ECI: r=[ 2185.31628579 -2506.63704305  6961.52798622], v=[ 6.5172193   2.84644285 -1.0195316 ]
  RK45_ECI: r=[ 4458.58025158 -1260.34486608  6175.52984269], v=[ 5.41449563  3.52176611 -3.17038636]
Epoch 1130, t=2460388.459438424:
  TLE_ECI: r=[ 2381.10412298 -2419.15807091  6928.22753383], v=[ 6.45659533  2.91344142 -1.20017323]
  RK45_ECI: r=[ 4494.29378501 -1235.29680369  6154.79939084], v=[ 5.38767086  3.53134208 -3.20510056]
Epoch 1131, t=2460388.4595136875:
  TLE_ECI: r=[ 2574.95480646 -2329.61144295  6889.52155193], v=[ 6.39088197  2.97811489 -1.37988371]
  RK45_ECI: r=[ 4529.82065458 -1210.16982816  6133.84341546], v=[ 5.36064162  3.54076433 -3.2396971 ]
Epoch 1132, t=2460388.459588951:
  TLE_ECI: r=[ 2766.71546516 -2238.06869713  6845.44006929], v=[ 6.32013196  3.04040827 -1.55852369]
  RK45_ECI: r=[ 4565.15900195 -1184.96536645  6112.66298135], v=[ 5.33340942  3.55003221 -3.27417424]
Epoch 1133, t=2460388.4596642144:
  TLE_ECI: r=[ 2956.23490969 -2144.60305851  6796.01728333], v=[ 6.24440191  3.10026845 -1.73595461]
  RK45_ECI: r=[ 4600.3078001  -1159.68429695  6091.25866934], v=[ 5.30597516  3.55914525 -3.30853104]
Epoch 1134, t=2460388.459739478:
  TLE_ECI: r=[ 3143.36374252 -2049.28938845  6741.29153519], v=[ 6.16375231  3.15764421 -1.9120388 ]
  RK45_ECI: r=[ 4635.26537892 -1134.32793538  6069.63146812], v=[ 5.27834024  3.56810287 -3.3427659 ]
Epoch 1135, t=2460388.459814741:
  TLE_ECI: r=[ 3327.95446839 -1952.20413587  6681.30528174], v=[ 6.07824749  3.21248628 -2.08663957]
  RK45_ECI: r=[ 4670.03040039 -1108.897399    6047.78217686], v=[ 5.25050585  3.57690455 -3.37687758]
Epoch 1136, t=2460388.4598900042:
  TLE_ECI: r=[ 3509.86163234 -1853.42523916  6616.10506442], v=[ 5.9879555   3.26474738 -2.25962131]
  RK45_ECI: r=[ 4704.60202256 -1083.39343986  6025.71129054], v=[ 5.22247276  3.5855499  -3.4108653 ]
Epoch 1137, t=2460388.4599652677:
  TLE_ECI: r=[ 3688.94189796 -1753.03212157  6545.7414753 ], v=[ 5.89294821  3.31438225 -2.4308496 ]
  RK45_ECI: r=[ 4738.97844044 -1057.8175095   6003.41993062], v=[ 5.19424253  3.59403832 -3.44472733]
Epoch 1138, t=2460388.460040531:
  TLE_ECI: r=[ 3865.05418299 -1651.10559192  6470.26911989], v=[ 5.79330111  3.36134768 -2.60019131]
  RK45_ECI: r=[ 4773.15865905 -1032.17050337  5980.90870829], v=[ 5.16581609  3.60236937 -3.47846276]
Epoch 1139, t=2460388.460115794:
  TLE_ECI: r=[ 4038.05975919 -1547.72780175  6389.74657708], v=[ 5.68909335  3.40560255 -2.76751468]
  RK45_ECI: r=[ 4807.14089799 -1006.45388358  5958.17877046], v=[ 5.13719505  3.61054247 -3.51206985]
Epoch 1140, t=2460388.4601910575:
  TLE_ECI: r=[ 4207.82237955 -1442.98213389  6304.23635595], v=[ 5.58040765  3.44710794 -2.93268947]
  RK45_ECI: r=[4840.92449589 -980.66830379 5935.23052697], v=[ 5.10838005  3.61855729 -3.54554803]
Epoch 1141, t=2460388.460266321:
  TLE_ECI: r=[ 4374.20835701 -1336.95320598  6213.80484979], v=[ 5.46733022  3.48582705 -3.095587  ]
  RK45_ECI: r=[4874.50769159 -954.81523421 5912.06514385], v=[ 5.07937273  3.62641326 -3.57889557]
Epoch 1142, t=2460388.4603415844:
  TLE_ECI: r=[ 4537.08668868 -1229.72675784  6118.52228698], v=[ 5.34995078  3.52172529 -3.25608028]
  RK45_ECI: r=[4907.88936244 -928.89569406 5888.68336641], v=[ 5.05017415  3.63410994 -3.61211142]
Epoch 1143, t=2460388.460416848:
  TLE_ECI: r=[ 4696.32915435 -1121.38959449  6018.462679  ], v=[ 5.22836238  3.55477034 -3.41404409]
  RK45_ECI: r=[4941.06839079 -902.9107051  5865.08594379], v=[ 5.02078543  3.64164689 -3.64519451]
Epoch 1144, t=2460388.460492111:
  TLE_ECI: r=[ 4851.81041473 -1012.02953143  5913.70376552], v=[ 5.10266147  3.5849321  -3.56935513]
  RK45_ECI: r=[4974.04305203 -876.86175164 5841.27407808], v=[ 4.99120818  3.6490236  -3.67814316]
Epoch 1145, t=2460388.4605673742:
  TLE_ECI: r=[5003.40812281 -901.73526853 5804.32695655], v=[ 4.97294767  3.61218286 -3.72189202]
  RK45_ECI: r=[5006.81270866 -850.7494998  5817.24819846], v=[ 4.96144312  3.65623972 -3.71095679]
Epoch 1146, t=2460388.4606426377:
  TLE_ECI: r=[5151.00300222 -790.59640262 5690.41727173], v=[ 4.83932384  3.63649715 -3.8715355 ]
  RK45_ECI: r=[5039.3756559  -824.57544152 5793.00952574], v=[ 4.93149188  3.66329475 -3.74363372]
Epoch 1147, t=2460388.460717901:
  TLE_ECI: r=[5294.47895491 -678.70330034 5572.06327679], v=[ 4.70189596  3.65785191 -4.01816844]
  RK45_ECI: r=[5071.73080961 -798.34061217 5768.55883951], v=[ 4.9013556   3.67018827 -3.77617292]
Epoch 1148, t=2460388.4607931646:
  TLE_ECI: r=[5433.72315036 -566.14703946 5449.35701714], v=[ 4.560773    3.67622644 -4.161676  ]
  RK45_ECI: r=[5103.87709069 -772.04604973 5743.89692318], v=[ 4.8710354   3.6769199  -3.80857333]
Epoch 1149, t=2460388.4608684275:
  TLE_ECI: r=[5568.62611441 -453.01935168 5322.39394869], v=[ 4.41606694  3.69160243 -4.30194566]
  RK45_ECI: r=[5135.81283202 -745.6932593  5719.0250328 ], v=[ 4.84053297  3.68348914 -3.84083333]
Epoch 1150, t=2460388.460943691:
  TLE_ECI: r=[5699.08182258 -339.41248386 5191.27286593], v=[ 4.26789256  3.70396404 -4.43886737]
  RK45_ECI: r=[5167.53742064 -719.28291842 5693.94361658], v=[ 4.80984902  3.6898957  -3.87295232]
Epoch 1151, t=2460388.4610189544:
  TLE_ECI: r=[5824.98777622 -225.41921969 5056.09582726], v=[ 4.11636749  3.71329784 -4.57233361]
  RK45_ECI: r=[5199.04920986 -692.81653903 5668.65394889], v=[ 4.77898525  3.69613909 -3.90492868]
Epoch 1152, t=2460388.461094218:
  TLE_ECI: r=[5946.24509131 -111.13274082 4916.96807764], v=[ 3.96161203  3.71959287 -4.70223947]
  RK45_ECI: r=[5230.34729994 -666.29505886 5643.1567228 ], v=[ 4.74794268  3.70221897 -3.93676153]
Epoch 1153, t=2460388.4611694813:
  TLE_ECI: r=[6.06275858e+03 3.35343356e+00 4.77399797e+03], v=[ 3.80374909  3.72284066 -4.82848275]
  RK45_ECI: r=[5261.43021674 -639.71986977 5617.45311559], v=[ 4.71672288  3.70813491 -3.96844942]
Epoch 1154, t=2460388.4612447442:
  TLE_ECI: r=[6174.43681078  117.94550467 4627.29687598], v=[ 3.6429041   3.72303519 -4.95096406]
  RK45_ECI: r=[5292.29678698 -613.09215696 5591.54407575], v=[ 4.68532717  3.71388654 -3.99999117]
Epoch 1155, t=2460388.4613200077:
  TLE_ECI: r=[6281.19221584  232.54954313 4476.97911414], v=[ 3.4792049   3.72017302 -5.06958686]
  RK45_ECI: r=[5322.94627795 -586.41272157 5565.43019016], v=[ 4.65375641  3.71947354 -4.03138609]
Epoch 1156, t=2460388.461395271:
  TLE_ECI: r=[6382.94112902  347.07145809 4323.16184909], v=[ 3.31278165  3.71425315 -5.18425761]
  RK45_ECI: r=[5353.37710262 -559.68309423 5539.11278564], v=[ 4.62201237  3.7248955  -4.06263256]
Epoch 1157, t=2460388.4614705346:
  TLE_ECI: r=[6479.60387069  461.41714658 4165.96500811], v=[ 3.14376674  3.70527714 -5.29488577]
  RK45_ECI: r=[5383.58839701 -532.90422559 5512.59258323], v=[ 4.59009608  3.7301521  -4.09372976]
Epoch 1158, t=2460388.4615457975:
  TLE_ECI: r=[6571.10481108  575.49253363 4005.51118746], v=[ 2.97229469  3.69324905 -5.40138395]
  RK45_ECI: r=[5413.57860155 -506.0776538  5485.87093323], v=[ 4.55800931  3.73524293 -4.12467608]
Epoch 1159, t=2460388.461621061:
  TLE_ECI: r=[6657.37242574  689.20372695 3841.92555765], v=[ 2.79850197  3.67817551 -5.50366793]
  RK45_ECI: r=[5443.34701089 -479.20418931 5458.94844371], v=[ 4.52575295  3.74016771 -4.15547085]
Epoch 1160, t=2460388.4616963244:
  TLE_ECI: r=[6738.33936326  802.45698009 3675.33576653], v=[ 2.62252702  3.66006564 -5.60165677]
  RK45_ECI: r=[5472.89250121 -452.28503373 5431.82610206], v=[ 4.49332836  3.7449261  -4.18611293]
Epoch 1161, t=2460388.461771588:
  TLE_ECI: r=[6813.94249494  915.15884651 3505.8718402 ], v=[ 2.44451005  3.63893111 -5.69527288]
  RK45_ECI: r=[5502.21368723 -425.32160439 5404.50516043], v=[ 4.46073716  3.74951776 -4.21660091]
Epoch 1162, t=2460388.4618468513:
  TLE_ECI: r=[6884.12296799 1027.2162384  3333.66608176], v=[ 2.26459294  3.6147861  -5.78444204]
  RK45_ECI: r=[5531.3097416  -398.31486418 5376.98636717], v=[ 4.42798044  3.75394238 -4.24693395]
Epoch 1163, t=2460388.4619221142:
  TLE_ECI: r=[6948.8262575  1138.53648406 3158.85296814], v=[ 2.08291916  3.58764732 -5.86909355]
  RK45_ECI: r=[5560.17916661 -371.26636717 5349.27112319], v=[ 4.39506     3.75819961 -4.27711054]
Epoch 1164, t=2460388.4619973777:
  TLE_ECI: r=[7008.00219838 1249.02748664 2981.56904493], v=[ 1.8996336   3.557534   -5.94916022]
  RK45_ECI: r=[5588.82128816 -344.17693387 5321.3600589 ], v=[ 4.36197676  3.7622892  -4.30712997]
Epoch 1165, t=2460388.462072641:
  TLE_ECI: r=[7061.60504596 1358.59767985 2801.95281935], v=[ 1.7148825   3.52446785 -6.02457845]
  RK45_ECI: r=[5617.2350298  -317.04777917 5293.254198  ], v=[ 4.32873209  3.76621085 -4.33699116]
Epoch 1166, t=2460388.4621479046:
  TLE_ECI: r=[7109.59350145 1467.15618567 2620.14465143], v=[ 1.52881331  3.48847309 -6.09528832]
  RK45_ECI: r=[5645.41906359 -289.88033434 5264.95483781], v=[ 4.29532769  3.76996424 -4.36669273]
Epoch 1167, t=2460388.462223168:
  TLE_ECI: r=[7151.93074924 1574.61287075 2436.28664359], v=[ 1.34157459  3.44957637 -6.16123359]
  RK45_ECI: r=[5673.3725996  -262.67557325 5236.46275336], v=[ 4.26176463  3.77354912 -4.39623388]
Epoch 1168, t=2460388.462298431:
  TLE_ECI: r=[7188.58449236 1680.87840129 2250.52252856], v=[ 1.15331584  3.40780685 -6.22236182]
  RK45_ECI: r=[5701.09420342 -235.43506426 5207.7793948 ], v=[ 4.22804479  3.77696518 -4.4256131 ]
Epoch 1169, t=2460388.4623736944:
  TLE_ECI: r=[7219.52695985 1785.86440294 2062.99755584], v=[ 0.96418742  3.36319609 -6.27862433]
  RK45_ECI: r=[5728.58323289 -208.15963687 5178.90541434], v=[ 4.19416907  3.7802122  -4.45482974]
Epoch 1170, t=2460388.462448958:
  TLE_ECI: r=[7244.73495853 1889.48340902 1873.8583767 ], v=[ 0.77434041  3.31577806 -6.32997634]
  RK45_ECI: r=[5755.83865996 -180.8505181  5149.84187093], v=[ 4.16013892  3.78328989 -4.48388273]
Epoch 1171, t=2460388.4625242213:
  TLE_ECI: r=[7264.18987338 1991.64901901 1683.252928  ], v=[ 0.58392648  3.26558913 -6.37637694]
  RK45_ECI: r=[5782.85921533 -153.50915151 5120.59010595], v=[ 4.12595602  3.78619802 -4.51277073]
Epoch 1172, t=2460388.4625994847:
  TLE_ECI: r=[7277.87768748 2092.27595114 1491.3303147 ], v=[ 0.39309778  3.21266802 -6.41778915]
  RK45_ECI: r=[5809.64414722 -126.13652073 5091.15092029], v=[ 4.09162152  3.78893634 -4.54149296]
Epoch 1173, t=2460388.4626747477:
  TLE_ECI: r=[7285.78900016 2191.28009272 1298.24069135], v=[ 0.20200677  3.15705577 -6.45417998]
  RK45_ECI: r=[5836.192086    -98.73420675 5061.52581205], v=[ 4.05713729  3.79150459 -4.57004796]
Epoch 1174, t=2460388.462750011:
  TLE_ECI: r=[7287.91900902 2288.57865807 1104.13514266], v=[ 0.01080615  3.09879575 -6.48552041]
  RK45_ECI: r=[5862.50242195  -71.30304727 5031.71545454], v=[ 4.02250429  3.79390259 -4.5984351 ]
Epoch 1175, t=2460388.4628252746:
  TLE_ECI: r=[7284.26755152 2384.09013036  909.16556302], v=[-0.18035132  3.03793355 -6.51178547]
  RK45_ECI: r=[5888.57417657  -43.84427983 5001.72094104], v=[ 3.98772396  3.79613009 -4.62665333]
Epoch 1176, t=2460388.462900538:
  TLE_ECI: r=[7274.83907989 2477.73441682  713.48453541], v=[-0.37131292  2.97451702 -6.53295422]
  RK45_ECI: r=[5914.40614027  -16.3593586  4971.54365566], v=[ 3.95279806  3.79818688 -4.65470136]
Epoch 1177, t=2460388.462975801:
  TLE_ECI: r=[7259.64267085 2569.43287416  517.24520966], v=[-0.5619261   2.90859617 -6.54900981]
  RK45_ECI: r=[5939.99736121   11.15047432 4941.18471024], v=[ 3.91772804  3.80007276 -4.68257817]
Epoch 1178, t=2460388.4630510644:
  TLE_ECI: r=[7238.69198755 2659.10846149  320.60118014], v=[-0.75203863  2.84022317 -6.55993945]
  RK45_ECI: r=[5965.34725295   38.68437553 4910.64479199], v=[ 3.88251486  3.80178754 -4.71028313]
Epoch 1179, t=2460388.463126328:
  TLE_ECI: r=[7212.00531226 2746.68567782  123.70636297], v=[-0.94149872  2.76945229 -6.56573448]
  RK45_ECI: r=[5990.45452174   66.24075192 4879.92545211], v=[ 3.84716048  3.80333104 -4.73781484]
Epoch 1180, t=2460388.4632015913:
  TLE_ECI: r=[7179.60550113 2832.09071216  -73.28512691], v=[-1.13015512  2.69633986 -6.5663903 ]
  RK45_ECI: r=[6015.31847847   93.8186061  4849.02753135], v=[ 3.81166602  3.80470305 -4.76517256]
Epoch 1181, t=2460388.4632768547:
  TLE_ECI: r=[7141.51997179 2915.25148527 -270.21909904], v=[-1.3178573   2.62094422 -6.56190646]
  RK45_ECI: r=[6039.93797457  121.41647478 4817.95245526], v=[ 3.77603329  3.80590341 -4.79235501]
Epoch 1182, t=2460388.4633521177:
  TLE_ECI: r=[7097.78068859 2996.09769055 -466.94141064], v=[-1.50445553  2.54332565 -6.55228659]
  RK45_ECI: r=[6064.31210903  149.0331075  4786.70136839], v=[ 3.74026375  3.80693196 -4.81936123]
Epoch 1183, t=2460388.463427381:
  TLE_ECI: r=[7048.42410014 3074.56093779 -663.29808983], v=[-1.68980106  2.46354636 -6.53753844]
  RK45_ECI: r=[6088.440329    176.66765423 4755.27497796], v=[ 3.70435841  3.80778854 -4.8461906 ]
Epoch 1184, t=2460388.4635026446:
  TLE_ECI: r=[6993.49116034 3150.57468599 -859.13545879], v=[-1.87374619  2.3816704  -6.51767387]
  RK45_ECI: r=[6112.32140809  204.31851314 4723.67488004], v=[ 3.66831922  3.808473   -4.87284177]
Epoch 1185, t=2460388.463577908:
  TLE_ECI: r=[ 6933.02725868  3224.07438435 -1054.30025642], v=[-2.05614442  2.29776364 -6.49270879]
  RK45_ECI: r=[6135.95469728  231.98467977 4691.90193922], v=[ 3.63214736  3.80898519 -4.89931401]
Epoch 1186, t=2460388.4636531714:
  TLE_ECI: r=[ 6867.08219004  3294.99750664 -1248.63976079], v=[-2.23685058  2.21189366 -6.46266322]
  RK45_ECI: r=[6159.33911001  259.6646836  4659.9576212 ], v=[ 3.59584464  3.809325   -4.92560611]
Epoch 1187, t=2460388.4637284344:
  TLE_ECI: r=[ 6795.71012229  3363.28358424 -1442.00191098], v=[-2.41572093  2.12412978 -6.42756121]
  RK45_ECI: r=[6182.47379704  287.35726692 4627.8431021 ], v=[ 3.55941259  3.80949227 -4.95171711]
Epoch 1188, t=2460388.463803698:
  TLE_ECI: r=[ 6718.96951063  3428.87433827 -1634.23542826], v=[-2.59261332  2.03454286 -6.38743084]
  RK45_ECI: r=[6205.35823957  315.061574   4595.55910852], v=[ 3.52285217  3.8094869  -4.97764644]
Epoch 1189, t=2460388.4638789613:
  TLE_ECI: r=[ 6636.9231065   3491.71360912 -1825.18993673], v=[-2.76738726  1.94320541 -6.34230422]
  RK45_ECI: r=[6227.99127979  342.77599633 4563.10727987], v=[ 3.48616542  3.80930879 -5.00339278]
Epoch 1190, t=2460388.4639542247:
  TLE_ECI: r=[ 6549.63786549  3551.74748454 -2014.7160828 ], v=[-2.93990408  1.85019138 -6.29221739]
  RK45_ECI: r=[6250.37230935  370.49952356 4530.48850378], v=[ 3.44935351  3.80895781 -5.02895543]
Epoch 1191, t=2460388.464029488:
  TLE_ECI: r=[ 6457.18490025  3608.92432551 -2202.66565399], v=[-3.11002701  1.75557618 -6.23721035]
  RK45_ECI: r=[6272.50030475  398.23067913 4497.70428467], v=[ 3.4124183   3.80843389 -5.05433323]
Epoch 1192, t=2460388.464104751:
  TLE_ECI: r=[ 6359.63943074  3663.19479203 -2388.89169649], v=[-3.27762131  1.65943659 -6.17732702]
  RK45_ECI: r=[6294.37446932  425.96819993 4464.75582919], v=[ 3.37536131  3.80773694 -5.07952525]
Epoch 1193, t=2460388.4641800146:
  TLE_ECI: r=[ 6257.0806781   3714.51195959 -2573.24863156], v=[-3.44255439  1.56185068 -6.11261515]
  RK45_ECI: r=[6315.99431879  453.71122551 4431.64388255], v=[ 3.33818356  3.80686685 -5.10453094]
Epoch 1194, t=2460388.464255278:
  TLE_ECI: r=[ 6149.59186164  3762.83124658 -2755.59237078], v=[-3.60469588  1.46289776 -6.04312633]
  RK45_ECI: r=[6337.35876505  481.45814223 4398.37012601], v=[ 3.30088708  3.80582359 -5.12934902]
Epoch 1195, t=2460388.4643305414:
  TLE_ECI: r=[ 6037.26008621  3808.11052759 -2935.78042975], v=[-3.7639178   1.36265832 -5.96891589]
  RK45_ECI: r=[6358.46724095  509.20793494 4364.93546936], v=[ 3.26347308  3.80460706 -5.15397884]
Epoch 1196, t=2460388.4644058044:
  TLE_ECI: r=[ 5920.17629093  3850.3101329  -3113.67204048], v=[-3.92009457  1.26121394 -5.89004292]
  RK45_ECI: r=[6379.31869019  536.95898835 4331.3416124 ], v=[ 3.22594362  3.80321725 -5.17841914]
Epoch 1197, t=2460388.464481068:
  TLE_ECI: r=[ 5798.43512761  3889.39295215 -3289.12826194], v=[-4.07310323  1.15864721 -5.80657012]
  RK45_ECI: r=[6399.91275725  564.71055534 4297.58915823], v=[ 3.18829954  3.80165405 -5.2026695 ]
Epoch 1198, t=2460388.4645563313:
  TLE_ECI: r=[ 5672.13494923  3925.32436014 -3462.01208934], v=[-4.22282341  1.0550417  -5.71856385]
  RK45_ECI: r=[6420.24841045  592.46101938 4263.67982043], v=[ 3.15054291  3.79991748 -5.2267287 ]
Epoch 1199, t=2460388.4646315947:
  TLE_ECI: r=[ 5541.37768262  3958.07231705 -3632.18856129], v=[-4.36913753  0.95048185 -5.62609398]
  RK45_ECI: r=[6440.32502104  620.20924641 4229.61468614], v=[ 3.11267511  3.79800748 -5.25059598]
Epoch 1200, t=2460388.464706858:
  TLE_ECI: r=[ 5406.26875476  3987.60737775 -3799.52486532], v=[-4.51193082  0.84505291 -5.52923388]
  RK45_ECI: r=[6460.14196643  647.95410164 4195.39484524], v=[ 3.07469753  3.79592402 -5.27427058]
Epoch 1201, t=2460388.464782121:
  TLE_ECI: r=[ 5266.91701683  4013.90270128 -3963.89044141], v=[-4.65109145  0.73884089 -5.42806033]
  RK45_ECI: r=[6479.69826132  675.6939676  4161.02203704], v=[ 3.03661226  3.79366711 -5.29775132]
Epoch 1202, t=2460388.4648573846:
  TLE_ECI: r=[ 5123.43460718  4036.93413535 -4125.15708343], v=[-4.78651059  0.63193242 -5.32265348]
  RK45_ECI: r=[6498.99357991  703.42809349 4126.49687828], v=[ 2.99842016  3.7912367  -5.32103778]
Epoch 1203, t=2460388.464932648:
  TLE_ECI: r=[ 4975.93692828  4056.68014362 -4283.19903873], v=[-4.91808253  0.52441477 -5.21309673]
  RK45_ECI: r=[6518.02696186  731.15486149 4091.82112149], v=[ 2.9601233   3.78863283 -5.34412879]
Epoch 1204, t=2460388.4650079114:
  TLE_ECI: r=[ 4824.54250514  4073.12188616 -4437.89310536], v=[-5.0457047   0.41637572 -5.09947669]
  RK45_ECI: r=[6536.79791564  758.87325059 4056.99571418], v=[ 2.92172295  3.78585548 -5.36702372]
Epoch 1205, t=2460388.465083175:
  TLE_ECI: r=[ 4669.37289913  4086.24322    -4589.11872707], v=[-5.1692778   0.30790347 -4.98188314]
  RK45_ECI: r=[6555.30559919  786.58177724 4022.02226162], v=[ 2.88322099  3.78290469 -5.38972155]
Epoch 1206, t=2460388.465158438:
  TLE_ECI: r=[ 4510.55262027  4096.03069922 -4736.75808622], v=[-5.28870585  0.19908664 -4.86040886]
  RK45_ECI: r=[6573.54936675  814.27916968 3986.90204961], v=[ 2.84461904  3.77978049 -5.41222143]
Epoch 1207, t=2460388.4652337013:
  TLE_ECI: r=[ 4348.20897697  4102.47364033 -4880.69619397], v=[-5.40389624  0.09001407 -4.73514963]
  RK45_ECI: r=[6591.52883323  841.96455978 3951.63587177], v=[ 2.80591813  3.77648285 -5.43452289]
Epoch 1208, t=2460388.4653089647:
  TLE_ECI: r=[ 4182.47204425  4105.56405007 -5020.8209785 ], v=[-5.51475986 -0.01922509 -4.60620413]
  RK45_ECI: r=[6609.2431106   869.63632942 3916.22551788], v=[ 2.76712038  3.77301187 -5.45662479]
Epoch 1209, t=2460388.465384228:
  TLE_ECI: r=[ 4013.47450961  4105.29668698 -5157.02337037], v=[-5.62121108 -0.12854159 -4.47367383]
  RK45_ECI: r=[6626.69174997  897.29345613 3880.67195519], v=[ 2.72822703  3.76936757 -5.47852655]
Epoch 1210, t=2460388.4654594916:
  TLE_ECI: r=[ 3841.35157728  4101.66905233 -5289.19738559], v=[-5.72316787 -0.23784608 -4.33766294]
  RK45_ECI: r=[6643.87397558  924.93445691 3844.97682209], v=[ 2.68924004  3.76555002 -5.50022716]
Epoch 1211, t=2460388.4655347546:
  TLE_ECI: r=[ 3666.24087057  4094.68138176 -5417.24020599], v=[-5.82055184 -0.34704919 -4.19827829]
  RK45_ECI: r=[6660.78919675  952.55805991 3809.14143044], v=[ 2.65016099  3.76155931 -5.52172585]
Epoch 1212, t=2460388.465610018:
  TLE_ECI: r=[ 3488.28227262  4084.33668919 -5541.05225696], v=[-5.91328828 -0.45606168 -4.05562928]
  RK45_ECI: r=[6677.43706451  980.16339588 3773.16658962], v=[ 2.61099095  3.75739542 -5.54302214]
Epoch 1213, t=2460388.4656852814:
  TLE_ECI: r=[ 3307.6178857   4070.64069855 -5660.53728268], v=[-6.00130623 -0.56479438 -3.90982774]
  RK45_ECI: r=[6693.81676393 1007.74884866 3737.0541251 ], v=[ 2.57173206  3.75305853 -5.56411496]
Epoch 1214, t=2460388.465760545:
  TLE_ECI: r=[ 3124.39186897  4053.60188419 -5775.60241844], v=[-6.08453851 -0.67315835 -3.76098789]
  RK45_ECI: r=[6709.92788911 1035.3133953  3700.80502282], v=[ 2.53238558  3.74854864 -5.58500375]
Epoch 1215, t=2460388.465835808:
  TLE_ECI: r=[ 2938.75034653  4033.23144473 -5886.15826036], v=[-6.16292179 -0.78106493 -3.60922622]
  RK45_ECI: r=[6725.76965835 1062.8554213  3664.42112393], v=[ 2.49295365  3.74386595 -5.60568747]
Epoch 1216, t=2460388.4659110713:
  TLE_ECI: r=[ 2750.84124351  4009.54332939 -5992.11893216], v=[-6.23639658 -0.88842583 -3.45466141]
  RK45_ECI: r=[6741.34175545 1090.37405768 3627.90325181], v=[ 2.45343734  3.73901047 -5.62616565]
Epoch 1217, t=2460388.4659863347:
  TLE_ECI: r=[ 2560.81423897  3982.5541739  -6093.40214937], v=[-6.30490733 -0.99515316 -3.29741422]
  RK45_ECI: r=[6756.64364904 1117.8680334  3591.2527441 ], v=[ 2.41383826  3.73398232 -5.64643757]
Epoch 1218, t=2460388.466061598:
  TLE_ECI: r=[ 2368.82059933  3952.28332387 -6189.92928048], v=[-6.3684024  -1.10115952 -3.1376074 ]
  RK45_ECI: r=[6771.67467083 1145.33587006 3554.47128909], v=[ 2.3741584   3.72878166 -5.6665023 ]
Epoch 1219, t=2460388.4661368616:
  TLE_ECI: r=[ 2175.01307032  3918.7528105  -6281.62540531], v=[-6.42683417 -1.20635808 -2.9753656 ]
  RK45_ECI: r=[6786.43445839 1172.7765455  3517.55989055], v=[ 2.33439902  3.72340858 -5.6863593 ]
Epoch 1220, t=2460388.4662121246:
  TLE_ECI: r=[ 1979.54576745  3881.98732768 -6368.41937048], v=[-6.48015898 -1.3106626  -2.81081527]
  RK45_ECI: r=[6800.92230408 1200.18844948 3480.52042275], v=[ 2.29456229  3.71786327 -5.70600759]
Epoch 1221, t=2460388.466287388:
  TLE_ECI: r=[ 1782.5740084   3842.01423695 -6450.24384187], v=[-6.52833723 -1.41398761 -2.64408458]
  RK45_ECI: r=[6815.1379284  1227.5707142  3443.35372336], v=[ 2.25464928  3.71214582 -5.72544674]
Epoch 1222, t=2460388.4663626514:
  TLE_ECI: r=[ 1584.25425947  3798.86350923 -6527.03535439], v=[-6.57133333 -1.51624833 -2.47530328]
  RK45_ECI: r=[6829.080856   1254.92207134 3406.06115345], v=[ 2.21466162  3.70625636 -5.74467605]
Epoch 1223, t=2460388.466437915:
  TLE_ECI: r=[ 1384.74396661  3752.56772685 -6598.73435852], v=[-6.60911581 -1.61736082 -2.30460263]
  RK45_ECI: r=[6842.75048663 1282.2410473  3368.64443041], v=[ 2.17460132  3.70019512 -5.76369464]
Epoch 1224, t=2460388.4665131783:
  TLE_ECI: r=[ 1184.20144323  3703.16205184 -6665.28526404], v=[-6.64165725 -1.71724203 -2.13211531]
  RK45_ECI: r=[6856.14650149 1309.52662194 3331.10457488], v=[ 2.13446963  3.69396218 -5.78250201]
Epoch 1225, t=2460388.4665884413:
  TLE_ECI: r=[  982.78575706  3650.68419569 -6726.63648074], v=[-6.66893434 -1.81580986 -1.9579753 ]
  RK45_ECI: r=[6869.26826764 1336.77719154 3293.44349244], v=[ 2.09426876  3.68755784 -5.80109723]
Epoch 1226, t=2460388.4666637047:
  TLE_ECI: r=[  780.65656281  3595.1744025  -6782.74045602], v=[-6.69092788 -1.91298326 -1.78231778]
  RK45_ECI: r=[6882.11554249 1363.99188996 3255.6620343 ], v=[ 2.05399977  3.68098216 -5.8194799 ]
Epoch 1227, t=2460388.466738968:
  TLE_ECI: r=[  577.97404215  3536.67539854 -6833.55370975], v=[-6.70762279 -2.00868222 -1.60527905]
  RK45_ECI: r=[6894.68790722 1391.16945307 3217.76158364], v=[ 2.01366432  3.67423535 -5.83764934]
Epoch 1228, t=2460388.4668142316:
  TLE_ECI: r=[  374.89873563  3475.23237263 -6879.03686587], v=[-6.7190081  -2.10282788 -1.4269964 ]
  RK45_ECI: r=[6906.98482994 1418.30841412 3179.74388534], v=[ 1.9732644   3.66731766 -5.85560475]
Epoch 1229, t=2460388.4668894946:
  TLE_ECI: r=[  171.59143874  3410.89293716 -6919.15468102], v=[-6.725077   -2.19534255 -1.24760804]
  RK45_ECI: r=[6919.00592215 1445.40751222 3141.61033435], v=[ 1.93280169  3.6602293  -5.87334548]
Epoch 1230, t=2460388.466964758:
  TLE_ECI: r=[  -31.78696321  3343.70709414 -6953.87607014], v=[-6.72582675 -2.28614988 -1.06725297]
  RK45_ECI: r=[6930.75096727 1472.46588275 3103.36179045], v=[ 1.89227725  3.65297038 -5.89087115]
Epoch 1231, t=2460388.4670400214:
  TLE_ECI: r=[ -235.07555955  3273.72719147 -6983.17412913], v=[-6.72125879 -2.37517475 -0.88607089]
  RK45_ECI: r=[6942.21941864 1499.48193159 3065.0001929 ], v=[ 1.8516933   3.64554123 -5.90818089]
Epoch 1232, t=2460388.467115285:
  TLE_ECI: r=[ -438.1135794   3201.00788656 -7007.02615432], v=[-6.71137865 -2.46234346 -0.70420213]
  RK45_ECI: r=[6953.41102796 1526.45464397 3026.52658724], v=[ 1.8110511   3.637942   -5.92527423]
Epoch 1233, t=2460388.4671905483:
  TLE_ECI: r=[ -640.740506    3125.60610301 -7025.41365892], v=[-6.69619596 -2.54758372 -0.52178748]
  RK45_ECI: r=[6964.3253322  1553.38256137 2987.94274417], v=[ 1.7703527   3.630173   -5.94215042]
Epoch 1234, t=2460388.4672658113:
  TLE_ECI: r=[ -842.79619194  3047.58098913 -7038.32238652], v=[-6.67572449 -2.63082472 -0.33896814]
  RK45_ECI: r=[6974.96199991 1580.26442911 2949.25007877], v=[ 1.72959974  3.62223448 -5.95880885]
Epoch 1235, t=2460388.4673410747:
  TLE_ECI: r=[-1044.12101923  2966.99386318 -7045.74232133], v=[-6.64998204 -2.71199724 -0.15588562]
  RK45_ECI: r=[6985.32085164 1607.09938641 2910.44946287], v=[ 1.68879332  3.61412657 -5.97524916]
Epoch 1236, t=2460388.467416338:
  TLE_ECI: r=[-1244.55596808  2883.9081789  -7047.66769562], v=[-6.61899053 -2.79103362  0.0273184 ]
  RK45_ECI: r=[6995.40141644 1633.88584936 2871.54286325], v=[ 1.64793565  3.60584967 -5.99147054]
Epoch 1237, t=2460388.4674916016:
  TLE_ECI: r=[-1443.9427764   2798.38946861 -7044.09699388], v=[-6.58277591 -2.86786783  0.21050214]
  RK45_ECI: r=[7005.20349028 1660.62280798 2832.53133969], v=[ 1.60702802  3.59740394 -6.00747257]
Epoch 1238, t=2460388.467566865:
  TLE_ECI: r=[-1642.12405286  2710.50529446 -7035.03295399], v=[-6.54136816 -2.94243557  0.39352382]
  RK45_ECI: r=[7014.72667941 1687.30881379 2793.41668709], v=[ 1.56607245  3.58878975 -6.02325451]
Epoch 1239, t=2460388.467642128:
  TLE_ECI: r=[-1838.9433908   2620.32520164 -7020.48256538], v=[-6.4948013  -3.01467424  0.5762418 ]
  RK45_ECI: r=[7023.97070948 1713.94262    2754.20033924], v=[ 1.52507063  3.58000738 -6.03881584]
Epoch 1240, t=2460388.4677173914:
  TLE_ECI: r=[-2034.24552013  2527.92064385 -7000.457064  ], v=[-6.44311329 -3.08452313  0.75851463]
  RK45_ECI: r=[7032.93543849 1740.52337026 2714.88317927], v=[ 1.48402364  3.571057   -6.05415619]
Epoch 1241, t=2460388.467792655:
  TLE_ECI: r=[-2227.87638043  2433.3649584  -6974.97192438], v=[-6.38634608 -3.1519233   0.94020121]
  RK45_ECI: r=[7041.62047142 1767.04949281 2675.46719954], v=[ 1.4429337   3.56193904 -6.06927482]
Epoch 1242, t=2460388.4678679183:
  TLE_ECI: r=[-2419.68327162  2336.73328981 -6944.04684853], v=[-6.32454554 -3.21681773  1.12116081]
  RK45_ECI: r=[7050.02564873 1793.5199837  2635.95347313], v=[ 1.40180212  3.55265371 -6.08417133]
Epoch 1243, t=2460388.4679431817:
  TLE_ECI: r=[-2609.51496422  2238.10253643 -6907.70575177], v=[-6.25776142 -3.27915132  1.30125328]
  RK45_ECI: r=[7058.15064607 1819.93340612 2596.3438174 ], v=[ 1.36063092  3.54320141 -6.09884507]
Epoch 1244, t=2460388.4680184447:
  TLE_ECI: r=[-2797.22181015  2137.55129894 -6865.97674561], v=[-6.18604737 -3.33887097  1.48033905]
  RK45_ECI: r=[7065.99524658 1846.28852246 2556.63968351], v=[ 1.31942179  3.53358248 -6.11329551]
Epoch 1245, t=2460388.468093708:
  TLE_ECI: r=[-2982.65588413  2035.15978726 -6818.89211737], v=[-6.10946079 -3.39592564  1.6582793 ]
  RK45_ECI: r=[7073.5593456  1872.58448192 2516.84196502], v=[ 1.2781758   3.5237971  -6.12752235]
Epoch 1246, t=2460388.4681689716:
  TLE_ECI: r=[-3165.67105996  1931.00980554 -6766.48830702], v=[-6.02806293 -3.45026633  1.83493602]
  RK45_ECI: r=[7080.84262445 1898.81972656 2476.95267804], v=[ 1.23689521  3.51384575 -6.14152488]
Epoch 1247, t=2460388.468244235:
  TLE_ECI: r=[-3346.12315007  1825.18465737 -6708.80588079], v=[-5.94191874 -3.50184615  2.01017215]
  RK45_ECI: r=[7087.84496801 1924.99325979 2436.97290788], v=[ 1.1955813   3.50372868 -6.15530275]
Epoch 1248, t=2460388.468319498:
  TLE_ECI: r=[-3523.87000597  1717.76909897 -6645.88950176], v=[-5.85109688 -3.55062035  2.18385164]
  RK45_ECI: r=[7094.5660922  1951.10353047 2396.90468089], v=[ 1.15423632  3.49344639 -6.16885528]
Epoch 1249, t=2460388.4683947614:
  TLE_ECI: r=[-3698.77164963  1608.84923203 -6577.78789747], v=[-5.75566965 -3.59654643  2.35583958]
  RK45_ECI: r=[7101.00596006 1977.14980028 2356.74871089], v=[ 1.11286116  3.48299904 -6.18218225]
Epoch 1250, t=2460388.468470025:
  TLE_ECI: r=[-3870.6903514   1498.51249677 -6504.55382452], v=[-5.65571294 -3.63958407  2.5260023 ]
  RK45_ECI: r=[7107.16431406 2003.13052366 2316.50703164], v=[ 1.07145807  3.47238715 -6.19528301]
Epoch 1251, t=2460388.4685452883:
  TLE_ECI: r=[-4039.49075893  1386.84756352 -6426.2440301 ], v=[-5.55130619 -3.67969525  2.69420743]
  RK45_ECI: r=[7113.04104327 2029.04460498 2276.18092695], v=[ 1.03002853  3.46161105 -6.20815715]
Epoch 1252, t=2460388.4686205518:
  TLE_ECI: r=[-4205.03999761  1273.94427327 -6342.91921053], v=[-5.44253232 -3.7168442   2.86032407]
  RK45_ECI: r=[7118.63604328 2054.89094907 2235.77168191], v=[ 0.98857403  3.45067106 -6.2208043 ]
Epoch 1253, t=2460388.4686958147:
  TLE_ECI: r=[-4367.20777173  1159.89357899 -6254.64396687], v=[-5.32947769 -3.75099754  3.02422282]
  RK45_ECI: r=[7123.94910636 2080.6680219  2195.28134394], v=[ 0.9470968   3.43956774 -6.23322383]
Epoch 1254, t=2460388.468771078:
  TLE_ECI: r=[-4525.8664806   1044.78742399 -6161.48675749], v=[-5.21223201 -3.78212424  3.18577593]
  RK45_ECI: r=[7128.98022681 2106.37509035 2154.7106336 ], v=[ 0.90559777  3.42830128 -6.24541555]
Epoch 1255, t=2460388.4688463416:
  TLE_ECI: r=[-4680.8912979    928.71874376 -6063.51984771], v=[-5.09088831 -3.81019565  3.34485737]
  RK45_ECI: r=[7133.72922356 2132.01062629 2114.06160506], v=[ 0.86407915  3.41687223 -6.25737885]
Epoch 1256, t=2460388.468921605:
  TLE_ECI: r=[-4832.16028475   811.78134299 -5960.81925651], v=[-4.96554284 -3.83518558  3.50134294]
  RK45_ECI: r=[7138.19603659 2157.57354468 2073.33555427], v=[ 0.82254245  3.40528096 -6.26911338]
Epoch 1257, t=2460388.4689968685:
  TLE_ECI: r=[-4979.55448255   694.06983315 -5853.46470032], v=[-4.83629505 -3.85707025  3.65511035]
  RK45_ECI: r=[7142.38061228 2183.06276184 2032.53377843], v=[ 0.78098914  3.39352784 -6.2806188 ]
Epoch 1258, t=2460388.4690721314:
  TLE_ECI: r=[-5122.95800571   575.67957207 -5741.53953388], v=[-4.70324748 -3.87582837  3.80603934]
  RK45_ECI: r=[7146.28281952 2208.47676161 1991.65834401], v=[ 0.73942146  3.38161345 -6.29189454]
Epoch 1259, t=2460388.469147395:
  TLE_ECI: r=[-5262.25814091   456.70652819 -5625.13068826], v=[-4.56650566 -3.89144121  3.95401175]
  RK45_ECI: r=[7149.90268366 2233.81481763 1950.70997771], v=[ 0.69784033  3.36953802 -6.30294042]
Epoch 1260, t=2460388.4692226583:
  TLE_ECI: r=[-5397.34542581   337.24729239 -5504.32860605], v=[-4.4261781  -3.90389248  4.09891165]
  RK45_ECI: r=[7153.24010021 2259.07542041 1909.69075207], v=[ 0.65624799  3.35730216 -6.31375591]
Epoch 1261, t=2460388.4692979218:
  TLE_ECI: r=[-5528.11374438   217.39894146 -5379.2271737 ], v=[-4.28237617 -3.91316849  4.2406254 ]
  RK45_ECI: r=[7156.2950787  2284.25759936 1868.60178104], v=[ 0.61464573  3.34490619 -6.32434074]
Epoch 1262, t=2460388.469373185:
  TLE_ECI: r=[-5654.46040989    97.25897487 -5249.92365108], v=[-4.13521404 -3.91925809  4.37904175]
  RK45_ECI: r=[7159.06756004 2309.35997671 1827.44495165], v=[ 0.57303559  3.3323507  -6.33469445]
Epoch 1263, t=2460388.469448448:
  TLE_ECI: r=[-5776.28624754   -23.07474747 -5116.51859835], v=[-3.98480858 -3.9221527   4.51405194]
  RK45_ECI: r=[7161.55754601 2334.38136252 1786.22176851], v=[ 0.53141926  3.31963616 -6.34481668]
Epoch 1264, t=2460388.4695237116:
  TLE_ECI: r=[-5893.49567445  -143.50415173 -4979.1158    ], v=[-3.83127925 -3.92184637  4.64554977]
  RK45_ECI: r=[7163.76507407 2359.32093578 1744.93315672], v=[ 0.48979782  3.30676285 -6.35470724]
Epoch 1265, t=2460388.469598975:
  TLE_ECI: r=[-6005.9967762   -263.9309293  -4837.82218639], v=[-3.67474804 -3.91833573  4.77343172]
  RK45_ECI: r=[7165.69011628 2384.17720763 1703.58120529], v=[ 0.44817353  3.29373145 -6.36436563]
Epoch 1266, t=2460388.4696742385:
  TLE_ECI: r=[-6113.70138209  -384.25668343 -4692.74775251], v=[-3.51533941 -3.91162003  4.89759702]
  RK45_ECI: r=[7167.33272661 2408.94921859 1662.16703639], v=[ 0.40654766  3.2805423  -6.37379165]
Epoch 1267, t=2460388.4697495014:
  TLE_ECI: r=[-6216.52513795  -504.38297522 -4544.00547426], v=[-3.35318014 -3.90170112  5.01794772]
  RK45_ECI: r=[7168.69291165 2433.63548988 1620.69274595], v=[ 0.36492246  3.26719611 -6.38298482]
Epoch 1268, t=2460388.469824765:
  TLE_ECI: r=[-6314.38756926  -624.21147636 -4391.71122216], v=[-3.18839921 -3.88858354  5.1343888 ]
  RK45_ECI: r=[7169.77074254 2458.23520952 1579.15926493], v=[ 0.32329902  3.25369317 -6.39194497]
Epoch 1269, t=2460388.4699000283:
  TLE_ECI: r=[-6407.21215466  -743.64394183 -4235.98367261], v=[-3.0211278  -3.87227441  5.24682822]
  RK45_ECI: r=[7170.56628202 2482.74720428 1537.56810891], v=[ 0.28167901  3.240034   -6.4006718 ]
Epoch 1270, t=2460388.4699752918:
  TLE_ECI: r=[-6494.92638372  -862.58236271 -4076.94421675], v=[-2.8514991  -3.8527835   5.35517705]
  RK45_ECI: r=[7171.07958249 2507.17012836 1495.92118669], v=[ 0.24006447  3.22621925 -6.40916493]
Epoch 1271, t=2460388.470050555:
  TLE_ECI: r=[-6577.4618176   -980.92902918 -3914.71686692], v=[-2.67964824 -3.83012322  5.45934947]
  RK45_ECI: r=[7171.31074212 2531.50303489 1454.21962755], v=[ 0.1984567   3.21224931 -6.41742416]
Epoch 1272, t=2460388.470125818:
  TLE_ECI: r=[-6654.75414852 -1098.58659203 -3749.42816088], v=[-2.50571219 -3.80430859  5.55926294]
  RK45_ECI: r=[7171.25984382 2555.74446805 1412.4655411 ], v=[ 0.15685791  3.1981249  -6.42544909]
Epoch 1273, t=2460388.4702010816:
  TLE_ECI: r=[-6726.74324027 -1215.45822114 -3581.20706378], v=[-2.32982961 -3.77535731  5.6548382 ]
  RK45_ECI: r=[7170.92699581 2579.89362675 1370.65986361], v=[ 0.11526921  3.18384638 -6.43323959]
Epoch 1274, t=2460388.470276345:
  TLE_ECI: r=[-6793.37319619 -1331.44756991 -3410.18486802], v=[-2.1521408  -3.74328964  5.74599935]
  RK45_ECI: r=[7170.31231798 2603.94935506 1328.80411988], v=[ 0.07369226  3.16941427 -6.44079538]
Epoch 1275, t=2460388.4703516085:
  TLE_ECI: r=[-6854.59239362 -1446.45893288 -3236.49509094], v=[-1.97278754 -3.70812846  5.83267395]
  RK45_ECI: r=[7169.41593219 2627.91032907 1286.90022992], v=[ 0.03212909  3.15482928 -6.44811616]
Epoch 1276, t=2460388.470426872:
  TLE_ECI: r=[-6910.35352965 -1560.39730656 -3060.27337067], v=[-1.79191299 -3.66989926  5.91479307]
  RK45_ECI: r=[7168.23798064 2651.77561548 1244.94932914], v=[-0.00941902  3.14009182 -6.45520173]
Epoch 1277, t=2460388.470502135:
  TLE_ECI: r=[-6960.61366536 -1673.16844861 -2881.65735991], v=[-1.6096616  -3.6286301   5.99229134]
  RK45_ECI: r=[7166.77862228 2675.54378314 1202.95353877], v=[-0.05094983  3.12520267 -6.4620518 ]
Epoch 1278, t=2460388.4705773983:
  TLE_ECI: r=[-7005.33424227 -1784.67903862 -2700.786618  ], v=[-1.42617891 -3.58435159  6.06510702]
  RK45_ECI: r=[7165.03800221 2699.21404283 1160.91379957], v=[-0.09246228  3.1101622  -6.46866621]
Epoch 1279, t=2460388.4706526618:
  TLE_ECI: r=[-7044.48114297 -1894.83663479 -2517.80250114], v=[-1.24161156 -3.53709691  6.13318206]
  RK45_ECI: r=[7163.01629714 2722.78525733 1118.83164404], v=[-0.13395469  3.09497098 -6.47504477]
Epoch 1280, t=2460388.470727925:
  TLE_ECI: r=[-7078.0247012  -2003.54983248 -2332.84805107], v=[-1.05610703 -3.48690173  6.19646214]
  RK45_ECI: r=[7160.71369828 2746.25612588 1076.7090017 ], v=[-0.17542505  3.07962975 -6.4811872 ]
Epoch 1281, t=2460388.4708031886:
  TLE_ECI: r=[-7105.93973097 -2110.72832218 -2146.0678821 ], v=[-0.86981363 -3.43380422  6.25489674]
  RK45_ECI: r=[7158.13039148 2769.62572992 1034.54701294], v=[-0.21687207  3.06413895 -6.48709338]
Epoch 1282, t=2460388.4708784516:
  TLE_ECI: r=[-7128.20555436 -2216.28294458 -1957.60806671], v=[-0.68288032 -3.37784502  6.30843917]
  RK45_ECI: r=[7155.26661142 2792.89266482  992.34780868], v=[-0.25829354  3.04849941 -6.49276302]
Epoch 1283, t=2460388.470953715:
  TLE_ECI: r=[-7144.80599314 -2320.12584963 -1767.61601989], v=[-0.49545657 -3.31906719  6.35704662]
  RK45_ECI: r=[7152.1225398  2816.05615392  950.11233323], v=[-0.29968839  3.03271152 -6.49819604]
Epoch 1284, t=2460388.4710289785:
  TLE_ECI: r=[-7155.72942043 -2422.1704463  -1576.24038198], v=[-0.30769227 -3.25751622  6.40068021]
  RK45_ECI: r=[7148.69841008 2839.11507972  907.84212539], v=[-0.34105496  3.01677589 -6.50339226]
Epoch 1285, t=2460388.471104242:
  TLE_ECI: r=[-7160.96874531 -2522.33155958 -1383.63090065], v=[-0.11973762 -3.19323995  6.439305  ]
  RK45_ECI: r=[7144.99448209 2862.06816672  865.53912236], v=[-0.38239125  3.00069329 -6.50835149]
Epoch 1286, t=2460388.471179505:
  TLE_ECI: r=[-7160.52143268 -2620.52546122 -1189.93831159], v=[ 0.06825704 -3.12628853  6.47289006]
  RK45_ECI: r=[7141.01101959 2884.91430872  823.20486594], v=[-0.42369559  2.98446435 -6.51307355]
Epoch 1287, t=2460388.4712547683:
  TLE_ECI: r=[-7154.38947481 -2716.67002519  -995.31421845], v=[ 0.25614136 -3.05671444  6.50140845]
  RK45_ECI: r=[7136.74822958 2907.65273839  780.84030223], v=[-0.46496694  2.96808949 -6.5175584 ]
Epoch 1288, t=2460388.4713300318:
  TLE_ECI: r=[-7142.57943486 -2810.68467193  -799.9109718 ], v=[ 0.44376507 -2.98457238  6.52483731]
  RK45_ECI: r=[7132.2064331  2930.28208333  738.44757072], v=[-0.50620307  2.95156957 -6.52180581]
Epoch 1289, t=2460388.471405295:
  TLE_ECI: r=[-7125.10241131 -2902.49052117  -603.88154745], v=[ 0.63097814 -2.90991925  6.54315782]
  RK45_ECI: r=[7127.38588547 2952.80145032  696.02781759], v=[-0.54740274  2.93490509 -6.52581572]
Epoch 1290, t=2460388.4714805586:
  TLE_ECI: r=[-7101.97403583 -2992.01043855  -407.37942422], v=[ 0.81763086 -2.83281412  6.55635526]
  RK45_ECI: r=[7122.28691496 2975.20959025  653.58298584], v=[-0.58856394  2.91809686 -6.52958796]
Epoch 1291, t=2460388.4715558216:
  TLE_ECI: r=[-7073.21446897 -3079.16908085  -210.5584611 ], v=[ 1.00357403 -2.75331817  6.564419  ]
  RK45_ECI: r=[7116.90984135 2997.50541871  611.11462138], v=[-0.62968503  2.90114555 -6.53312243]
Epoch 1292, t=2460388.471631085:
  TLE_ECI: r=[-7038.84834696 -3163.89304388   -13.57277419], v=[ 1.18865907 -2.67149461  6.56734252]
  RK45_ECI: r=[7111.25490773 3019.68818256  568.62367233], v=[-0.67076496  2.88405159 -6.5364191 ]
Epoch 1293, t=2460388.4717063485:
  TLE_ECI: r=[-6998.90481418 -3246.1108005    183.42338677], v=[ 1.37273811 -2.58740867  6.56512344]
  RK45_ECI: r=[7105.32250984 3041.75653931  526.11228363], v=[-0.71180154  2.86681589 -6.53947781]
Epoch 1294, t=2460388.471781612:
  TLE_ECI: r=[-6953.41746291 -3325.75284518   380.27576188], v=[ 1.55566416 -2.50112754  6.55776345]
  RK45_ECI: r=[7099.11294597 3063.70961287  483.58160361], v=[-0.75279352  2.84943897 -6.54229851]
Epoch 1295, t=2460388.4718568753:
  TLE_ECI: r=[-6902.4243133  -3402.7517331    576.83020462], v=[ 1.73729119 -2.41272028  6.54526841]
  RK45_ECI: r=[7092.62661228 3085.54618199  441.03357936], v=[-0.7937389   2.83192169 -6.54488112]
Epoch 1296, t=2460388.4719321383:
  TLE_ECI: r=[-6845.96779116 -3477.04211796   772.93280533], v=[ 1.91747431 -2.32225779  6.52764825]
  RK45_ECI: r=[7085.86388404 3107.26518541  398.46975937], v=[-0.83463607  2.81426475 -6.54722558]
Epoch 1297, t=2460388.4720074018:
  TLE_ECI: r=[-6784.09465129 -3548.56088828   968.4300143 ], v=[ 2.09606985 -2.22981273  6.50491703]
  RK45_ECI: r=[7078.82504018 3128.86588488  355.89109294], v=[-0.87548399  2.7964686  -6.54933185]
Epoch 1298, t=2460388.472082665:
  TLE_ECI: r=[-6716.85599803 -3617.2471009   1163.16876484], v=[ 2.27293551 -2.13545948  6.47709289]
  RK45_ECI: r=[7071.51055059 3150.34696929  313.29972842], v=[-0.91628047  2.77853419 -6.55119987]
Epoch 1299, t=2460388.4721579286:
  TLE_ECI: r=[-6644.30720166 -3683.04211398  1356.99659557], v=[ 2.44793043 -2.03927405  6.44419803]
  RK45_ECI: r=[7063.920756   3171.70758091  270.69681527], v=[-0.95702428  2.76046208 -6.55282961]
Epoch 1300, t=2460388.4722331916:
  TLE_ECI: r=[-6566.50787215 -3745.8895979   1549.76177236], v=[ 2.62091538 -1.94133406  6.40625872]
  RK45_ECI: r=[7056.05615968 3192.94642333  228.08450279], v=[-0.99771326  2.74225324 -6.55422104]
Epoch 1301, t=2460388.472308455:
  TLE_ECI: r=[-6483.52176477 -3805.73566078  1741.31340938], v=[ 2.79175283 -1.84171857  6.36330525]
  RK45_ECI: r=[7047.9170726  3214.0627726   185.46374069], v=[-1.03834637  2.72390815 -6.55537415]
Epoch 1302, t=2460388.4723837185:
  TLE_ECI: r=[-6395.41679124 -3862.52877853  1931.50158964], v=[ 2.96030707 -1.74050817  6.3153719 ]
  RK45_ECI: r=[7039.50392844 3235.0555932   142.83607848], v=[-1.07892201  2.70542753 -6.55628894]
Epoch 1303, t=2460388.472458982:
  TLE_ECI: r=[-6302.26491869 -3916.21991665  2120.17748438], v=[ 3.12644433 -1.63778475  6.26249693]
  RK45_ECI: r=[7030.81723081 3255.92371131  100.20346597], v=[-1.11943821  2.68681231 -6.55696538]
Epoch 1304, t=2460388.4725342453:
  TLE_ECI: r=[-6204.1421195  -3966.76255278  2307.19347151], v=[ 3.2900329  -1.53363154  6.20472253]
  RK45_ECI: r=[7021.85736242 3276.66628837   57.56705263], v=[-1.15989376  2.66806305 -6.55740352]
Epoch 1305, t=2460388.4726095083:
  TLE_ECI: r=[-6101.12831863 -4014.11269878  2492.403253  ], v=[ 3.4509432  -1.428133    6.14209476]
  RK45_ECI: r=[7012.62489972 3297.28206169   14.92898833], v=[-1.20028649  2.64918077 -6.55760333]
Epoch 1306, t=2460388.4726847718:
  TLE_ECI: r=[-5993.30727944 -4058.22900976  2675.66197084], v=[ 3.60904796 -1.3213747   6.07466355]
  RK45_ECI: r=[7003.12015089 3317.77040387  -27.70997793], v=[-1.24061558  2.63016588 -6.55756488]
Epoch 1307, t=2460388.472760035:
  TLE_ECI: r=[-5880.76660264 -4099.07271196  2856.82632198], v=[ 3.76422224 -1.21344335  6.00248262]
  RK45_ECI: r=[6993.34371749 3338.13006443  -70.34769662], v=[-1.28087889  2.61101941 -6.55728819]
Epoch 1308, t=2460388.4728352986:
  TLE_ECI: r=[-5763.59760647 -4136.60770739  3035.75467154], v=[ 3.91634357 -1.10442663  5.92560946]
  RK45_ECI: r=[6983.29605586 3358.36014158 -112.98281893], v=[-1.32107503  2.59174205 -6.5567733 ]
Epoch 1309, t=2460388.472910562:
  TLE_ECI: r=[-5641.8952611  -4170.80058714  3212.30716463], v=[ 4.06529207 -0.99441316  5.84410523]
  RK45_ECI: r=[6972.97762814 3378.45973666 -155.61399632], v=[-1.36120259  2.57233447 -6.55602026]
Epoch 1310, t=2460388.472985825:
  TLE_ECI: r=[-5515.75812129 -4201.62064351  3386.34583654], v=[ 4.21095049 -0.88349243  5.75803477]
  RK45_ECI: r=[6962.38908315 3398.42762201 -198.23908034], v=[-1.40125946  2.55279775 -6.55502915]
Epoch 1311, t=2460388.4730610885:
  TLE_ECI: r=[-5385.28819477 -4229.03996119  3557.73472106], v=[ 4.35320437 -0.77175467  5.66746648]
  RK45_ECI: r=[6951.53075741 3418.26318483 -240.85732338], v=[-1.44124482  2.53313229 -6.55380002]
Epoch 1312, t=2460388.473136352:
  TLE_ECI: r=[-5250.59093065 -4253.03334277  3726.33995731], v=[ 4.49194207 -0.65929084  5.57247228]
  RK45_ECI: r=[6940.4033248  3437.96520974 -283.46657801], v=[-1.48115654  2.51333918 -6.55233297]
Epoch 1313, t=2460388.4732116153:
  TLE_ECI: r=[-5111.77508215 -4273.57839641  3892.0298943 ], v=[ 4.62705489 -0.54619252  5.47312757]
  RK45_ECI: r=[6929.00728869 3457.53281917 -326.06549753], v=[-1.52099325  2.49341912 -6.55062807]
Epoch 1314, t=2460388.473286879:
  TLE_ECI: r=[-4968.9526286  -4290.65553801  4054.6751938 ], v=[ 4.75843713 -0.43255183  5.36951112]
  RK45_ECI: r=[6917.34315826 3476.96513848 -368.6527356 ], v=[-1.56075358  2.47337284 -6.54868543]
Epoch 1315, t=2460388.4733621418:
  TLE_ECI: r=[-4822.23869511 -4304.2479938   4214.14893096], v=[ 4.88598622 -0.31846137  5.26170505]
  RK45_ECI: r=[6905.41165405 3496.26097622 -411.22614724], v=[-1.60043542  2.45320141 -6.54650516]
Epoch 1316, t=2460388.473437405:
  TLE_ECI: r=[-4671.75140645 -4314.34187206  4370.32669286], v=[ 5.00960271 -0.20401411  5.14979468]
  RK45_ECI: r=[6893.21314049 3515.4197348  -453.78498684], v=[-1.64003797  2.43290529 -6.54408735]
Epoch 1317, t=2460388.4735126686:
  TLE_ECI: r=[-4517.61186538 -4320.9260884   4523.08667494], v=[ 5.12919045 -0.08930333  5.03386856]
  RK45_ECI: r=[6880.74836264 3534.44023586 -496.32711112], v=[-1.67955912  2.41248559 -6.54143215]
Epoch 1318, t=2460388.473587932:
  TLE_ECI: r=[-4359.94400229 -4323.99243351  4672.30977504], v=[5.24465656 0.02557743 4.91401831]
  RK45_ECI: r=[6868.01781806 3553.32169957 -538.85137621], v=[-1.71899772  2.39194294 -6.53853967]
Epoch 1319, t=2460388.473663195:
  TLE_ECI: r=[-4198.87449862 -4323.53555329  4817.87968512], v=[5.35591159 0.14053447 4.79033855]
  RK45_ECI: r=[6855.02228382 3572.06296482 -581.35564127], v=[-1.75835166  2.37127847 -6.5354101 ]
Epoch 1320, t=2460388.4737384585:
  TLE_ECI: r=[-4034.53263231 -4319.55300358  4959.68298053], v=[5.46286949 0.25547407 4.66292687]
  RK45_ECI: r=[6841.76220133 3590.66337453 -623.83896352], v=[-1.79761999  2.35049273 -6.53204354]
Epoch 1321, t=2460388.473813722:
  TLE_ECI: r=[-3867.05024796 -4312.04517718  5097.60920698], v=[5.56544776 0.37030244 4.5318837 ]
  RK45_ECI: r=[6828.23820735 3609.12199634 -666.29980238], v=[-1.83680115  2.32958658 -6.52844014]
Epoch 1322, t=2460388.4738889853:
  TLE_ECI: r=[-3696.5615989  -4301.01535446  5231.55096485], v=[5.66356745 0.4849259  4.39731224]
  RK45_ECI: r=[6814.45105324 3627.43778264 -708.73621999], v=[-1.87589328  2.30856106 -6.52460011]
Epoch 1323, t=2460388.473964249:
  TLE_ECI: r=[-3523.20325033 -4286.46968862  5361.4039909 ], v=[5.75715323 0.59925091 4.25931836]
  RK45_ECI: r=[6800.40127632 3645.60997626 -751.14707656], v=[-1.91489521  2.28741683 -6.52052359]
Epoch 1324, t=2460388.4740395118:
  TLE_ECI: r=[-3347.11398127 -4268.41719103  5487.0672375 ], v=[5.84613345 0.71318414 4.11801055]
  RK45_ECI: r=[6786.08972364 3663.63745496 -793.53023816], v=[-1.9538049   2.26615506 -6.51621082]
Epoch 1325, t=2460388.474114775:
  TLE_ECI: r=[-3168.43462189 -4246.86976443  5608.44294901], v=[5.93044017 0.82663261 3.97349978]
  RK45_ECI: r=[6771.5168695  3681.5195813  -835.88476599], v=[-1.99262138  2.24477631 -6.51166194]
Epoch 1326, t=2460388.4741900386:
  TLE_ECI: r=[-2987.30801554 -4221.84213281  5725.43673567], v=[6.01000924 0.93950368 3.82589945]
  RK45_ECI: r=[6756.68340258 3699.25545225 -878.2091252 ], v=[-2.03134313  2.22328147 -6.50687713]
Epoch 1327, t=2460388.474265302:
  TLE_ECI: r=[-2803.87885308 -4193.35187116  5837.95764455], v=[6.08478029 1.05170516 3.67532528]
  RK45_ECI: r=[6741.59013712 3716.84405678 -920.50138538], v=[-2.06996831  2.20167161 -6.50185667]
Epoch 1328, t=2460388.4743405655:
  TLE_ECI: r=[-2618.29356963 -4161.4193812   5945.91822782], v=[6.1546968  1.16314539 3.5218952 ]
  RK45_ECI: r=[6726.2376497  3734.2846611  -962.76041181], v=[-2.10849578  2.17994742 -6.49660072]
Epoch 1329, t=2460388.4744158285:
  TLE_ECI: r=[-2430.70023941 -4126.06786821  6049.23460815], v=[6.21970616 1.27373329 3.36572928]
  RK45_ECI: r=[ 6710.6268562   3751.57618317 -1004.98407948], v=[-2.14692352  2.1581101  -6.49110959]
Epoch 1330, t=2460388.474491092:
  TLE_ECI: r=[-2241.24840877 -4087.32335223  6147.82654125], v=[6.27975963 1.38337849 3.20694966]
  RK45_ECI: r=[ 6694.75826347  3768.71800561 -1047.17145438], v=[-2.18525057  2.13616023 -6.48538344]
Epoch 1331, t=2460388.4745663553:
  TLE_ECI: r=[-2050.08905026 -4045.21460284  6241.61747567], v=[6.33481244 1.49199133 3.04568038]
  RK45_ECI: r=[ 6678.63261089  3785.70925626 -1089.32100883], v=[-2.22347546  2.11409872 -6.4794225 ]
Epoch 1332, t=2460388.474641619:
  TLE_ECI: r=[-1857.37439369 -3999.77314704  6330.53460948], v=[6.38482377 1.59948293 2.88204734]
  RK45_ECI: r=[ 6662.25077489  3802.54896141 -1131.43082162], v=[-2.26159636  2.09192669 -6.47322709]
Epoch 1333, t=2460388.474716882:
  TLE_ECI: r=[-1663.25781791 -3951.03323679  6414.5089442 ], v=[6.42975681 1.70576534 2.71617819]
  RK45_ECI: r=[ 6645.61337049  3819.23641158 -1173.49976415], v=[-2.29961215  2.06964484 -6.46679741]
Epoch 1334, t=2460388.474792145:
  TLE_ECI: r=[-1467.89374078 -3899.03181788  6493.47533572], v=[6.46957876 1.81075149 2.54820222]
  RK45_ECI: r=[ 6628.72138129  3835.77056632 -1215.52572226], v=[-2.33752084  2.04725439 -6.46013383]
Epoch 1335, t=2460388.4748674086:
  TLE_ECI: r=[-1271.43745148 -3843.80851905  6567.37254211], v=[6.5042608  1.91435541 2.37825029]
  RK45_ECI: r=[ 6611.575346    3852.15082891 -1257.50776758], v=[-2.37532152  2.02475596 -6.45323653]
Epoch 1336, t=2460388.474942672:
  TLE_ECI: r=[-1074.04505732 -3785.40559319  6636.14326883], v=[6.53377822 2.01649214 2.20645467]
  RK45_ECI: r=[ 6594.17605392  3868.376359   -1299.44438102], v=[-2.4130127   2.00215048 -6.4461058 ]
Epoch 1337, t=2460388.4750179355:
  TLE_ECI: r=[ -875.87331484 -3723.8679035   6699.73421051], v=[6.55811032 2.11707787 2.03294902]
  RK45_ECI: r=[ 6576.52444255  3884.44622136 -1341.33365229], v=[-2.45059261  1.97943909 -6.43874199]
Epoch 1338, t=2460388.4750931985:
  TLE_ECI: r=[ -677.07952925 -3659.2428816   6758.09608998], v=[6.57724047 2.21603    1.85786823]
  RK45_ECI: r=[ 6558.62132795  3900.35959289 -1383.17406748], v=[-2.4880598   1.95662272 -6.43114543]
Epoch 1339, t=2460388.475168462:
  TLE_ECI: r=[ -477.82138804 -3591.58049933  6811.18369414], v=[6.59115611 2.31326723 1.68134832]
  RK45_ECI: r=[ 6540.4672703   3916.11589201 -1424.96470263], v=[-2.52541335  1.93370202 -6.4233163 ]
Epoch 1340, t=2460388.4752437253:
  TLE_ECI: r=[ -278.25690298 -3520.93321587  6858.95590693], v=[6.59984874 2.40870957 1.5035264 ]
  RK45_ECI: r=[ 6522.06332947  3931.71412726 -1466.70345846], v=[-2.56265131  1.91067822 -6.41525505]
Epoch 1341, t=2460388.475318989:
  TLE_ECI: r=[  -78.5442431  -3447.35594694  6901.37573918], v=[6.60331394 2.50227841 1.32454047]
  RK45_ECI: r=[ 6503.41018045  3947.15362969 -1508.38921825], v=[-2.59977261  1.88755209 -6.40696193]
Epoch 1342, t=2460388.475394252:
  TLE_ECI: r=[  121.15837757 -3370.90601954  6938.41035535], v=[6.60155136 2.59389661 1.14452942]
  RK45_ECI: r=[ 6484.50882057  3962.43350381 -1550.02008445], v=[-2.63677548  1.86432478 -6.39843735]
Epoch 1343, t=2460388.475469515:
  TLE_ECI: r=[  320.69281322 -3291.6431283   6970.03109735], v=[6.59456471 2.68348851 0.96363286]
  RK45_ECI: r=[ 6465.36011449  3977.55295955 -1591.59455378], v=[-2.67365849  1.84099727 -6.38968166]
Epoch 1344, t=2460388.4755447786:
  TLE_ECI: r=[  519.90114832 -3209.62928631  6996.21350514], v=[6.58236174 2.77098009 0.78199103]
  RK45_ECI: r=[ 6445.96465303  3992.5114372  -1633.11170944], v=[-2.71042077  1.81757019 -6.3806951 ]
Epoch 1345, t=2460388.475620042:
  TLE_ECI: r=[  718.62576127 -3124.9287806   7016.93733443], v=[6.56495426 2.8562989  0.59974473]
  RK45_ECI: r=[ 6426.32356118  4007.30798947 -1674.56946702], v=[-2.74706039  1.79404484 -6.37147815]
Epoch 1346, t=2460388.4756953055:
  TLE_ECI: r=[  916.70948613 -3037.60812057  7032.18657118], v=[6.5423581  2.93937418 0.41703516]
  RK45_ECI: r=[ 6406.4375503   4021.94197371 -1715.96671863], v=[-2.7835763   1.77042198 -6.3620311 ]
Epoch 1347, t=2460388.475770569:
  TLE_ECI: r=[ 1113.99572437 -2947.73598679  7041.94944308], v=[6.51459313 3.0201369  0.23400389]
  RK45_ECI: r=[ 6386.3076767   4036.41253482 -1757.30158107], v=[-2.81996676  1.74670281 -6.35235441]
Epoch 1348, t=2460388.475845832:
  TLE_ECI: r=[ 1310.32855795 -2855.38318162  7046.21842798], v=[6.48168321 3.09851982 0.05079269]
  RK45_ECI: r=[ 6365.93485225  4050.71891712 -1798.57256317], v=[-2.8562304   1.72288831 -6.34244848]
Epoch 1349, t=2460388.4759210953:
  TLE_ECI: r=[ 1505.55290356 -2760.62255981  7044.9902591 ], v=[ 6.44365614  3.17445758 -0.13245653]
  RK45_ECI: r=[ 6345.31969791  4064.8605832  -1839.77875599], v=[-2.89236633  1.69897915 -6.33231357]
Epoch 1350, t=2460388.475996359:
  TLE_ECI: r=[ 1699.51458167 -2663.52899312  7038.2659274 ], v=[ 6.40054374  3.24788667 -0.31560184]
  RK45_ECI: r=[ 6324.46340241  4078.83663099 -1880.91809195], v=[-2.92837268  1.67497664 -6.32195021]
Epoch 1351, t=2460388.476071622:
  TLE_ECI: r=[ 1892.0604701  -2564.17929891  7026.05068069], v=[ 6.35238171  3.31874553 -0.4985014 ]
  RK45_ECI: r=[ 6303.36671279  4092.64644473 -1921.98947296], v=[-2.96424842  1.65088157 -6.31135873]
Epoch 1352, t=2460388.4761468857:
  TLE_ECI: r=[ 2083.03861376 -2462.65218384  7008.35401969], v=[ 6.29920969  3.3869746  -0.68101353]
  RK45_ECI: r=[ 6282.03074274  4106.28921118 -1962.9910319 ], v=[-2.99999185  1.62669515 -6.30053965]
Epoch 1353, t=2460388.4762221486:
  TLE_ECI: r=[ 2272.29833537 -2359.02818949  6985.1896911 ], v=[ 6.24107118  3.45251632 -0.86299685]
  RK45_ECI: r=[ 6260.45645069  4119.76420938 -2003.921291  ], v=[-3.03560162  1.6024184  -6.28949339]
Epoch 1354, t=2460388.476297412:
  TLE_ECI: r=[ 2459.69038001 -2253.38960399  6956.57567744], v=[ 6.17801351  3.5153153  -1.04431036]
  RK45_ECI: r=[ 6238.64448673  4133.07092509 -2044.77935004], v=[-3.07107687  1.578052   -6.27822024]
Epoch 1355, t=2460388.4763726755:
  TLE_ECI: r=[ 2645.0669882  -2145.82043621  6922.53418403], v=[ 6.11008784  3.57531819 -1.22481356]
  RK45_ECI: r=[ 6216.59610214  4146.20850233 -2085.56316015], v=[-3.10641578  1.55359728 -6.26672081]
Epoch 1356, t=2460388.476447939:
  TLE_ECI: r=[ 2828.28203914 -2036.40632554  6883.09162271], v=[ 6.03734907  3.63247386 -1.40436653]
  RK45_ECI: r=[ 6194.3120785   4159.17635328 -2126.27163395], v=[-3.14161733  1.52905505 -6.25499543]
Epoch 1357, t=2460388.476523202:
  TLE_ECI: r=[ 3009.19115078 -1925.23449045  6838.2785926 ], v=[ 5.95985588  3.68673336 -1.58283004]
  RK45_ECI: r=[ 6171.79369511  4171.97364301 -2166.90273164], v=[-3.17667969  1.50442668 -6.24304474]
Epoch 1358, t=2460388.4765984653:
  TLE_ECI: r=[ 3187.65181507 -1812.39362574  6788.12985776], v=[ 5.87767058  3.73805004 -1.76006566]
  RK45_ECI: r=[ 6149.04162813  4184.59987838 -2207.45556163], v=[-3.21160205  1.47971283 -6.23086904]
Epoch 1359, t=2460388.476673729:
  TLE_ECI: r=[ 3363.5234737  -1697.97388441  6732.68432183], v=[ 5.79085916  3.78637952 -1.93593587]
  RK45_ECI: r=[ 6126.05688353  4197.05437686 -2247.92866178], v=[-3.24638307  1.45491456 -6.2184688 ]
Epoch 1360, t=2460388.476748992:
  TLE_ECI: r=[ 3536.66765088 -1582.06677398  6671.9849996 ], v=[ 5.6994912   3.83167974 -2.11030413]
  RK45_ECI: r=[ 6102.84066439  4209.33639383 -2288.32019419], v=[-3.28102113  1.43003312 -6.20584463]
Epoch 1361, t=2460388.4768242557:
  TLE_ECI: r=[ 3706.94805515 -1464.7650932   6606.07898554], v=[ 5.60363983  3.87391104 -2.28303499]
  RK45_ECI: r=[ 6079.39378644  4221.44536921 -2328.62908325], v=[-3.31551524  1.40506933 -6.1929969 ]
Epoch 1362, t=2460388.4768995186:
  TLE_ECI: r=[ 3874.23068192 -1346.16287028  6535.01741932], v=[ 5.50338168  3.91303612 -2.45399424]
  RK45_ECI: r=[ 6055.71758901  4233.38051628 -2368.85331047], v=[-3.34986364  1.38002457 -6.1799263 ]
Epoch 1363, t=2460388.476974782:
  TLE_ECI: r=[ 4038.38393399 -1226.35524479  6458.85544826], v=[ 5.39879679  3.94902019 -2.62304893]
  RK45_ECI: r=[ 6031.81267278  4245.14140723 -2408.99218276], v=[-3.38406565  1.35489942 -6.16663309]
Epoch 1364, t=2460388.4770500455:
  TLE_ECI: r=[ 4199.27869989 -1105.43845906  6377.6521869 ], v=[ 5.28996862  3.98183087 -2.79006754]
  RK45_ECI: r=[ 6007.68039774  4256.7272719  -2449.04368945], v=[-3.41811953  1.32969529 -6.15311797]
Epoch 1365, t=2460388.477125309:
  TLE_ECI: r=[4356.78847179 -983.50973857 6291.47067339], v=[ 5.17698396  4.01143831 -2.95492002]
  RK45_ECI: r=[ 5983.32171117  4268.13753374 -2489.00657765], v=[-3.45202416  1.3044131  -6.13938142]
Epoch 1366, t=2460388.4772005724:
  TLE_ECI: r=[4510.78944057 -860.66722608 6200.37782307], v=[ 5.05993283  4.03781518 -3.11747794]
  RK45_ECI: r=[ 5958.73756482  4279.37162049 -2528.87959622], v=[-3.48577842  1.27905382 -6.12542388]
Epoch 1367, t=2460388.4772758354:
  TLE_ECI: r=[4661.16059097 -737.00991757 6104.444379  ], v=[ 4.93890848  4.0609367  -3.27761458]
  RK45_ECI: r=[ 5933.92935702  4290.42879376 -2568.66074985], v=[-3.51938059  1.25361885 -6.11124612]
Epoch 1368, t=2460388.477351099:
  TLE_ECI: r=[4807.78380599 -612.63752968 6003.74485952], v=[ 4.81400728  4.0807807  -3.43520497]
  RK45_ECI: r=[ 5908.89771019  4301.30864656 -2608.34935433], v=[-3.55283002  1.22810878 -6.0968484 ]
Epoch 1369, t=2460388.477426362:
  TLE_ECI: r=[4950.5439461  -487.65050088 5898.35750302], v=[ 4.68532864  4.09732762 -3.59012609]
  RK45_ECI: r=[ 5883.6440426   4312.01045761 -2647.94342276], v=[-3.586125    1.20252503 -6.08223149]
Epoch 1370, t=2460388.4775016257:
  TLE_ECI: r=[5089.32895009 -362.14985827 5788.36420963], v=[ 4.55297501  4.11056049 -3.74225686]
  RK45_ECI: r=[ 5858.16933878  4322.53368365 -2687.44171788], v=[-3.61926445  1.17686857 -6.06739588]
Epoch 1371, t=2460388.477576889:
  TLE_ECI: r=[5224.0299214  -236.23715007 5673.85048017], v=[ 4.41705172  4.12046502 -3.8914783 ]
  RK45_ECI: r=[ 5832.47458748  4332.87778576 -2726.84300432], v=[-3.65224729  1.15114035 -6.05234208]
Epoch 1372, t=2460388.477652152:
  TLE_ECI: r=[5354.54121441 -110.01437997 5554.90535222], v=[ 4.27766696  4.12702958 -4.03767364]
  RK45_ECI: r=[ 5806.56124439  4343.04207496 -2766.14531169], v=[-3.68507182  1.1253418  -6.03707087]
Epoch 1373, t=2460388.4777274155:
  TLE_ECI: r=[5480.76052022   16.41613712 5431.62133331], v=[ 4.13493165  4.13024526 -4.18072832]
  RK45_ECI: r=[ 5780.42995289  4353.02616551 -2805.34796526], v=[-3.71773744  1.09947354 -6.02158257]
Epoch 1374, t=2460388.477802679:
  TLE_ECI: r=[5602.58894534  142.95176449 5304.09433138], v=[ 3.98895941  4.13010579 -4.32053021]
  RK45_ECI: r=[ 5754.08218801  4362.82938589 -2844.44900368], v=[-3.75024247  1.07353699 -6.00587797]
Epoch 1375, t=2460388.4778779424:
  TLE_ECI: r=[5719.93109327  269.48968788 5172.42358252], v=[ 3.83986645  4.12660766 -4.45696958]
  RK45_ECI: r=[ 5727.51885496  4372.45125858 -2883.4473892 ], v=[-3.78258602  1.04753303 -5.98995755]
Epoch 1376, t=2460388.4779532054:
  TLE_ECI: r=[5832.69514148  395.92696655 5036.71157589], v=[ 3.6877715   4.11975004 -4.58993929]
  RK45_ECI: r=[ 5700.74145404  4381.8911348  -2922.34117263], v=[-3.81476642  1.02146309 -5.97382212]
Epoch 1377, t=2460388.478028469:
  TLE_ECI: r=[5940.79291098  522.16068474 4897.06397607], v=[ 3.53279565  4.10953489 -4.7193348 ]
  RK45_ECI: r=[ 5673.75076235  4391.14861563 -2961.12950544], v=[-3.84678295  0.99532792 -5.95747209]
Epoch 1378, t=2460388.478103732:
  TLE_ECI: r=[6044.13994333  648.08793373 4753.58954274], v=[ 3.37506238  4.09596685 -4.84505431]
  RK45_ECI: r=[ 5646.54794695  4400.22316103 -2999.8109934 ], v=[-3.87863441  0.96912861 -5.94090808]
Epoch 1379, t=2460388.4781789957:
  TLE_ECI: r=[6142.6555653   773.6059633  4606.40004774], v=[ 3.21469736  4.07905333 -4.96699882]
  RK45_ECI: r=[ 5619.13440868  4409.11419798 -3038.38388465], v=[-3.91031934  0.9428665  -5.92413088]
Epoch 1380, t=2460388.478254259:
  TLE_ECI: r=[6236.26295503  898.61224893 4455.61018969], v=[ 3.05182842  4.05880448 -5.08507221]
  RK45_ECI: r=[ 5591.51108278  4417.82127944 -3076.84715676], v=[-3.94183684  0.91654246 -5.90714097]
Epoch 1381, t=2460388.478329522:
  TLE_ECI: r=[6324.88920736 1023.00455739 4301.33750602], v=[ 2.8865854   4.03523315 -5.19918136]
  RK45_ECI: r=[ 5563.67952386  4426.34380759 -3115.19888852], v=[-3.97318534  0.89015796 -5.88993923]
Epoch 1382, t=2460388.4784047855:
  TLE_ECI: r=[6408.46538158 1146.6811046  4143.70228271], v=[ 2.71910007  4.008355   -5.30923616]
  RK45_ECI: r=[ 5535.64053362  4434.68140925 -3153.4382446 ], v=[-4.00436409  0.86371374 -5.87252609]
Epoch 1383, t=2460388.478480049:
  TLE_ECI: r=[6486.92657448 1269.54052921 3982.82746151], v=[ 2.54950605  3.97818837 -5.41514966]
  RK45_ECI: r=[ 5507.3953184   4442.83358355 -3191.56385155], v=[-4.03537197  0.83721094 -5.8549022 ]
Epoch 1384, t=2460388.4785553124:
  TLE_ECI: r=[6560.2119625  1391.4820496  3818.83854501], v=[ 2.37793865  3.94475434 -5.5168381 ]
  RK45_ECI: r=[ 5478.9453275   4450.79980432 -3229.57398398], v=[-4.06620754  0.81065088 -5.8370684 ]
Epoch 1385, t=2460388.478630576:
  TLE_ECI: r=[6628.26485417 1512.40552933 3651.86349938], v=[ 2.20453484  3.90807669 -5.61422101]
  RK45_ECI: r=[ 5450.29152513  4458.57965557 -3267.46763555], v=[-4.09686995  0.78403446 -5.81902519]
Epoch 1386, t=2460388.478705839:
  TLE_ECI: r=[6691.03274135 1632.21154047 3482.032655  ], v=[ 2.02943308  3.86818192 -5.70722125]
  RK45_ECI: r=[ 5421.43551852  4466.17259108 -3305.24291485], v=[-4.12735765  0.75736317 -5.80077353]
Epoch 1387, t=2460388.478781102:
  TLE_ECI: r=[6748.46732366 1750.80152443 3309.47860501], v=[ 1.85277318  3.82509919 -5.7957651 ]
  RK45_ECI: r=[ 5392.37813313  4473.57826375 -3342.89900033], v=[-4.15766996  0.73063776 -5.78231384]
Epoch 1388, t=2460388.4788563657:
  TLE_ECI: r=[6800.52457573 1868.07775792 3134.33610177], v=[ 1.67469629  3.77886035 -5.87978234]
  RK45_ECI: r=[ 5363.12061308  4480.79621266 -3380.43454064], v=[-4.18780576  0.70385935 -5.76364683]
Epoch 1389, t=2460388.478931629:
  TLE_ECI: r=[6847.16476557 1983.94351148 2956.74195153], v=[ 1.4953447   3.72949989 -5.95920628]
  RK45_ECI: r=[ 5333.6644546   4487.82595908 -3417.84783828], v=[-4.21776367  0.67702933 -5.74477336]
Epoch 1390, t=2460388.479006892:
  TLE_ECI: r=[6888.35249777 2098.30309167 2776.83490707], v=[ 1.31486177  3.6770549  -6.03397382]
  RK45_ECI: r=[ 5304.01092236  4494.66706301 -3455.1375545 ], v=[-4.2475426   0.65014883 -5.72569417]
Epoch 1391, t=2460388.4790821555:
  TLE_ECI: r=[6924.05671847 2211.06200194 2594.75555882], v=[ 1.13339174  3.62156511 -6.10402556]
  RK45_ECI: r=[ 5274.16085713  4501.31919641 -3492.30287758], v=[-4.27714188  0.62321861 -5.70640969]
Epoch 1392, t=2460388.479157419:
  TLE_ECI: r=[6954.25077696 2322.12690121 2410.64622405], v=[ 0.95107973  3.56307277 -6.16930578]
  RK45_ECI: r=[ 5244.11592419  4507.78187319 -3529.34195222], v=[-4.30656002  0.59624018 -5.68692094]
Epoch 1393, t=2460388.4792326824:
  TLE_ECI: r=[6978.91242404 2431.40576288 2224.65083469], v=[ 0.76807151  3.5016227  -6.22976255]
  RK45_ECI: r=[ 5213.87713216  4514.05472753 -3566.25379971], v=[-4.33579621  0.56921443 -5.66722845]
Epoch 1394, t=2460388.479307946:
  TLE_ECI: r=[6998.02383606 2538.80793297 2036.91482355], v=[ 0.58451343  3.43726221 -6.28534775]
  RK45_ECI: r=[ 5183.44602223  4520.13732911 -3603.03675196], v=[-4.36484913  0.54214275 -5.64733316]
Epoch 1395, t=2460388.479383209:
  TLE_ECI: r=[7011.57163748 2644.24418573 1847.5850092 ], v=[ 0.4005523   3.37004108 -6.33601711]
  RK45_ECI: r=[ 5152.82389503  4526.02927837 -3639.68949409], v=[-4.39371772  0.51502629 -5.62723581]
Epoch 1396, t=2460388.479458472:
  TLE_ECI: r=[7019.54688093 2747.62688168 1656.80947964], v=[ 0.21633524  3.30001154 -6.38173027]
  RK45_ECI: r=[ 5122.01161337  4531.73027405 -3676.21122936], v=[-4.42240135  0.48786582 -5.60693689]
Epoch 1397, t=2460388.4795337357:
  TLE_ECI: r=[7021.94510009 2848.86991877 1464.73747461], v=[ 0.03200959  3.22722818 -6.42245081]
  RK45_ECI: r=[ 5091.01089138  4537.23988304 -3712.60013573], v=[-4.45089856  0.46066286 -5.58643743]
Epoch 1398, t=2460388.479608999:
  TLE_ECI: r=[7018.76628298 2947.88888757 1271.51926701], v=[-0.15227725  3.15174794 -6.45814626]
  RK45_ECI: r=[ 5059.82276374  4542.5577717  -3748.85525284], v=[-4.47920861  0.43341831 -5.56573801]
Epoch 1399, t=2460388.4796842625:
  TLE_ECI: r=[7010.01487907 3044.60112265 1077.30604327], v=[-0.33637793  3.07363009 -6.48878818]
  RK45_ECI: r=[ 5028.44881533  4547.68355819 -3784.97494347], v=[-4.50733019  0.40613358 -5.54483961]
Epoch 1400, t=2460388.4797595255:
  TLE_ECI: r=[6995.69980434 3138.92575242  882.24978285], v=[-0.52014522  2.99293612 -6.51435215]
  RK45_ECI: r=[ 4996.89038116  4552.61688398 -3820.9579177 ], v=[-4.53526231  0.37880982 -5.52374301]
Epoch 1401, t=2460388.479834789:
  TLE_ECI: r=[6975.83439692 3230.78385018  686.50313714], v=[-0.70343228  2.90972973 -6.5348178 ]
  RK45_ECI: r=[ 4965.14834521  4557.35747491 -3856.8033945 ], v=[-4.56300433  0.35144781 -5.5024487 ]
Epoch 1402, t=2460388.4799100524:
  TLE_ECI: r=[6950.43645966 3320.0983785   490.21930746], v=[-0.8860926   2.82407678 -6.55016882]
  RK45_ECI: r=[ 4933.22446843  4561.90495157 -3892.50958661], v=[-4.59055489  0.32404909 -5.48095777]
Epoch 1403, t=2460388.479985316:
  TLE_ECI: r=[6919.52820892 3406.79433669  293.55192281], v=[-1.06798027  2.73604522 -6.56039301]
  RK45_ECI: r=[ 4901.11981068  4566.25901252 -3928.07555288], v=[-4.61791324  0.29661456 -5.45927084]
Epoch 1404, t=2460388.4800605793:
  TLE_ECI: r=[6883.13626415 3490.79880485   96.6549171 ], v=[-1.24895003  2.64570504 -6.56548224]
  RK45_ECI: r=[ 4868.83599865  4570.41932517 -3963.4996883 ], v=[-4.64507816  0.26914564 -5.43738891]
Epoch 1405, t=2460388.480135842:
  TLE_ECI: r=[6841.29163545 3572.04098588 -100.31759396], v=[-1.4288574  2.5531282 -6.5654325]
  RK45_ECI: r=[ 4836.37440041  4574.38557226 -3998.78072913], v=[-4.67204866  0.24164351 -5.4153128 ]
Epoch 1406, t=2460388.4802111057:
  TLE_ECI: r=[6794.02965519 3650.45234669 -297.21143591], v=[-1.60755885  2.45838858 -6.56024389]
  RK45_ECI: r=[ 4803.73591992  4578.15750724 -4033.9179106 ], v=[-4.69882417  0.21410893 -5.39304302]
Epoch 1407, t=2460388.480286369:
  TLE_ECI: r=[6741.39001004 3725.96655556 -493.872499  ], v=[-1.78491187  2.36156194 -6.54992062]
  RK45_ECI: r=[ 4770.92236343  4581.73480447 -4068.90948184], v=[-4.72540335  0.18654346 -5.37058072]
Epoch 1408, t=2460388.4803616325:
  TLE_ECI: r=[6683.4166654  3798.5196202  -690.14686127], v=[-1.96077509  2.26272579 -6.53447099]
  RK45_ECI: r=[ 4737.93481458  4585.11719544 -4103.75452165], v=[-4.75178551  0.15894803 -5.34792651]
Epoch 1409, t=2460388.4804368955:
  TLE_ECI: r=[6620.15784955 3868.04990259 -885.8809116 ], v=[-2.13500845  2.16195941 -6.51390741]
  RK45_ECI: r=[ 4704.77509936  4588.30437929 -4138.45129622], v=[-4.77796932  0.13132416 -5.32508158]
Epoch 1410, t=2460388.480512159:
  TLE_ECI: r=[ 6551.6659673   3934.49824936 -1080.92147233], v=[-2.30747326  2.0593437  -6.48824637]
  RK45_ECI: r=[ 4671.44413972  4591.29613392 -4172.99905638], v=[-4.80395424  0.10367267 -5.30204643]
Epoch 1411, t=2460388.4805874224:
  TLE_ECI: r=[ 6477.99762245  3997.80792579 -1275.11592173], v=[-2.47803235  1.95496117 -6.45750844]
  RK45_ECI: r=[ 4637.94333656  4594.09218691 -4207.39656689], v=[-4.82973935  0.07599472 -5.27882194]
Epoch 1412, t=2460388.480662686:
  TLE_ECI: r=[ 6399.21352492  4057.92474229 -1468.31231566], v=[-2.6465502   1.84889583 -6.42171821]
  RK45_ECI: r=[ 4604.27437996  4596.69228506 -4241.64227724], v=[-4.85532347  0.04829174 -5.25540916]
Epoch 1413, t=2460388.4807379493:
  TLE_ECI: r=[ 6315.37844997  4114.79708139 -1660.3595087 ], v=[-2.81289298  1.74123315 -6.38090433]
  RK45_ECI: r=[ 4570.4383763   4599.09619283 -4275.73528696], v=[-4.88070596  0.02056466 -5.23180877]
Epoch 1414, t=2460388.480813212:
  TLE_ECI: r=[ 6226.56119546  4168.37592336 -1851.10727457], v=[-2.97692876  1.63205996 -6.33509942]
  RK45_ECI: r=[ 4536.43719393  4601.30366394 -4309.67390081], v=[-4.90588555 -0.00718496 -5.20802196]
Epoch 1415, t=2460388.4808884757:
  TLE_ECI: r=[ 6132.83447473  4218.61496132 -2040.40642554], v=[-3.13852756  1.52146439 -6.28434008]
  RK45_ECI: r=[ 4502.27177303  4603.31450419 -4343.45738712], v=[-4.93086172 -0.03495634 -5.18404929]
Epoch 1416, t=2460388.480963739:
  TLE_ECI: r=[ 6034.27492732  4265.4705311  -2228.10893107], v=[-3.29756146  1.40953578 -6.22866686]
  RK45_ECI: r=[ 4467.94354437  4605.12848339 -4377.08453893], v=[-4.95563358 -0.06274827 -5.15989163]
Epoch 1417, t=2460388.4810390025:
  TLE_ECI: r=[ 5930.96300622  4308.9017214  -2414.06803521], v=[-3.4539047   1.29636463 -6.16812417]
  RK45_ECI: r=[ 4433.45423532  4606.74539838 -4410.55384151], v=[-4.98020004 -0.09055935 -5.13555011]
Epoch 1418, t=2460388.481114266:
  TLE_ECI: r=[ 5822.98292148  4348.87039088 -2598.13837282], v=[-3.60743382  1.18204249 -6.10276031]
  RK45_ECI: r=[ 4398.80497391  4608.16504683 -4443.86441586], v=[-5.00456045 -0.11838861 -5.11102541]
Epoch 1419, t=2460388.481189529:
  TLE_ECI: r=[ 5710.42258214  4385.34118356 -2780.1760846 ], v=[-3.75802773  1.0666619  -6.03262737]
  RK45_ECI: r=[ 4363.9976688   4609.38723745 -4477.01460675], v=[-5.02871364 -0.14623451 -5.08631876]
Epoch 1420, t=2460388.4812647924:
  TLE_ECI: r=[ 5593.37347065  4418.28162667 -2960.03893053], v=[-3.90556781  0.9503163  -5.9577812 ]
  RK45_ECI: r=[ 4329.03312302  4610.41179902 -4510.00385511], v=[-5.05265919 -0.17409637 -5.06143063]
Epoch 1421, t=2460388.481340056:
  TLE_ECI: r=[ 5471.93064311  4447.66205618 -3137.58640211], v=[-4.04993801  0.83309997 -5.87828137]
  RK45_ECI: r=[ 4293.91325868  4611.23855938 -4542.83051983], v=[-5.07639595 -0.20197262 -5.03636227]
Epoch 1422, t=2460388.4814153193:
  TLE_ECI: r=[ 5346.19259792  4473.45571077 -3312.67983275], v=[-4.19102493  0.71510793 -5.79419109]
  RK45_ECI: r=[ 4258.63937579  4611.86735003 -4575.49358669], v=[-5.09992319 -0.22986221 -5.0111145 ]
Epoch 1423, t=2460388.4814905827:
  TLE_ECI: r=[ 5216.26120637  4495.63873704 -3485.18250662], v=[-4.32871793  0.59643585 -5.7055772 ]
  RK45_ECI: r=[ 4223.21277701  4612.29800742 -4607.99204438], v=[-5.12324022 -0.25776406 -4.98568813]
Epoch 1424, t=2460388.4815658457:
  TLE_ECI: r=[ 5082.2416406   4514.1901951  -3654.95976569], v=[-4.46290921  0.47718002 -5.61251003]
  RK45_ECI: r=[ 4187.63540926  4612.53039552 -4640.32427914], v=[-5.14634588 -0.28567661 -4.96008446]
Epoch 1425, t=2460388.481641109:
  TLE_ECI: r=[ 4944.242233    4529.09213647 -3821.87911484], v=[-4.59349386  0.35743719 -5.51506344]
  RK45_ECI: r=[ 4151.90808835  4612.56436708 -4672.48974666], v=[-5.16923982 -0.31359917 -4.93430394]
Epoch 1426, t=2460388.4817163725:
  TLE_ECI: r=[ 4802.37446539  4540.32952873 -3985.81032523], v=[-4.72037     0.23730455 -5.41331464]
  RK45_ECI: r=[ 4116.03277386  4612.39980541 -4704.48684777], v=[-5.19192092 -0.34153019 -4.90834788]
Epoch 1427, t=2460388.481791636:
  TLE_ECI: r=[ 4656.75282369  4547.89032923 -4146.62553551], v=[-4.8434388   0.11687965 -5.30734424]
  RK45_ECI: r=[ 4080.01062967  4612.03656856 -4736.3147439 ], v=[-5.21438861 -0.36946871 -4.882217  ]
Epoch 1428, t=2460388.481866899:
  TLE_ECI: r=[ 4507.49472966  4551.76546692 -4304.19935093], v=[-4.96260461e+00 -3.73972007e-03 -5.19723606e+00]
  RK45_ECI: r=[ 4043.84363187  4611.47456496 -4767.97185542], v=[-5.2366418  -0.39741317 -4.85591262]
Epoch 1429, t=2460388.4819421624:
  TLE_ECI: r=[ 4354.72039057  4551.94890369 -4458.40894023], v=[-5.07777497 -0.12445562 -5.08307717]
  RK45_ECI: r=[ 4007.53276627  4610.71367959 -4799.45750278], v=[-5.25868004 -0.42536276 -4.82943534]
Epoch 1430, t=2460388.482017426:
  TLE_ECI: r=[ 4198.55278029  4548.43755895 -4609.13413057], v=[-5.18886071 -0.24516997 -4.96495772]
  RK45_ECI: r=[ 3971.07953963  4609.75380129 -4830.77056346], v=[-5.28050258 -0.45331627 -4.80278614]
Epoch 1431, t=2460388.4820926893:
  TLE_ECI: r=[ 4039.1174847   4541.23136701 -4756.25749982], v=[-5.29577603 -0.36578469 -4.84297092]
  RK45_ECI: r=[ 3934.48577367  4608.59486883 -4861.90962969], v=[-5.30210845 -0.48127227 -4.77596623]
Epoch 1432, t=2460388.4821679527:
  TLE_ECI: r=[ 3876.5426125   4530.33326358 -4899.66446668], v=[-5.39843854 -0.48620178 -4.71721294]
  RK45_ECI: r=[ 3897.75265055  4607.23677395 -4892.87388635], v=[-5.32349714 -0.50922981 -4.74897635]
Epoch 1433, t=2460388.4822432157:
  TLE_ECI: r=[ 3710.95870346  4515.74917315 -5039.24337833], v=[-5.49676929 -0.60632334 -4.58778282]
  RK45_ECI: r=[ 3860.88218102  4605.67948074 -4923.66179766], v=[-5.3446676  -0.53718732 -4.72181786]
Epoch 1434, t=2460388.482318479:
  TLE_ECI: r=[ 3542.49856903  4497.48804872 -5174.88559548], v=[-5.5906929  -0.72605177 -4.45478242]
  RK45_ECI: r=[ 3823.87536516  4603.92290277 -4954.27270376], v=[-5.36561941 -0.56514399 -4.69449139]
Epoch 1435, t=2460388.4823937425:
  TLE_ECI: r=[ 3371.29726416  4475.56179785 -5306.48557518], v=[-5.68013753 -0.84528971 -4.31831629]
  RK45_ECI: r=[ 3786.73373386  4601.9669718  -4984.70551408], v=[-5.38635187 -0.59309861 -4.66699793]
Epoch 1436, t=2460388.482469006:
  TLE_ECI: r=[ 3197.49192478  4449.98531853 -5433.94095074], v=[-5.765035   -0.9639402  -4.17849162]
  RK45_ECI: r=[ 3749.45913921  4599.81167738 -5014.95886134], v=[-5.40686408 -0.62104976 -4.63933873]
Epoch 1437, t=2460388.4825442694:
  TLE_ECI: r=[ 3021.2216698   4420.77647647 -5557.15260916], v=[-5.84532076 -1.08190674 -4.03541811]
  RK45_ECI: r=[ 3712.05278015  4597.45694536 -5045.03195451], v=[-5.42715553 -0.64899646 -4.61151456]
Epoch 1438, t=2460388.4826195324:
  TLE_ECI: r=[ 2842.62750232  4387.95608236 -5676.02476594], v=[-5.920934   -1.19909334 -3.88920794]
  RK45_ECI: r=[ 3674.51669995  4594.90279562 -5074.92330297], v=[-5.44722526 -0.67693716 -4.58352681]
Epoch 1439, t=2460388.482694796:
  TLE_ECI: r=[ 2661.8521446   4351.54790971 -5790.46503691], v=[-5.99181766 -1.31540468 -3.73997563]
  RK45_ECI: r=[ 3636.85191225  4592.14917017 -5104.63226706], v=[-5.46707287 -0.70487104 -4.55537613]
Epoch 1440, t=2460388.4827700593:
  TLE_ECI: r=[ 2479.04000082  4311.57862449 -5900.38450778], v=[-6.05791846 -1.43074608 -3.58783795]
  RK45_ECI: r=[ 3599.05997032  4589.19604392 -5134.15778905], v=[-5.48669771 -0.73279689 -4.52706353]
Epoch 1441, t=2460388.4828453227:
  TLE_ECI: r=[ 2294.33699019  4268.07779911 -6005.6978004 ], v=[-6.11918693 -1.54502363 -3.43291386]
  RK45_ECI: r=[ 3561.1427545   4586.04345751 -5163.49854332], v=[-5.50609892 -0.76071329 -4.4985903 ]
Epoch 1442, t=2460388.482920586:
  TLE_ECI: r=[ 2107.89044333  4221.07788041 -6106.32313657], v=[-6.17557747 -1.65814426 -3.27532438]
  RK45_ECI: r=[ 3523.10147959  4582.69137067 -5192.65376353], v=[-5.52527605 -0.78861926 -4.46995723]
Epoch 1443, t=2460388.482995849:
  TLE_ECI: r=[ 1919.84899732  4170.6141585  -6202.18239882], v=[-6.22704834 -1.77001576 -3.11519253]
  RK45_ECI: r=[ 3484.9382193   4579.13985917 -5221.62200553], v=[-5.54422818 -0.81651325 -4.44116575]
Epoch 1444, t=2460388.4830711125:
  TLE_ECI: r=[ 1730.36242873  4116.72476243 -6293.20118826], v=[-6.27356169 -1.880547   -2.9526432 ]
  RK45_ECI: r=[ 3446.65399948  4575.38889374 -5250.40265027], v=[-5.56295496 -0.84439445 -4.41221652]
Epoch 1445, t=2460388.483146376:
  TLE_ECI: r=[ 1539.58160864  4059.45059467 -6379.30887985], v=[-6.31508362 -1.98964779 -2.78780305]
  RK45_ECI: r=[ 3408.25039435  4571.43849238 -5278.99467382], v=[-5.58145576 -0.87226164 -4.38311057]
Epoch 1446, t=2460388.4832216394:
  TLE_ECI: r=[ 1347.65833449  3998.8353234  -6460.43867437], v=[-6.35158413 -2.0972291  -2.62080047]
  RK45_ECI: r=[ 3369.72931069  4567.28874677 -5307.39679324], v=[-5.5997298  -0.90011339 -4.35384925]
Epoch 1447, t=2460388.4832969024:
  TLE_ECI: r=[ 1154.74523401  3934.9253389  -6536.52764771], v=[-6.38303721 -2.20320308 -2.4517654 ]
  RK45_ECI: r=[ 3331.09233403  4562.93969752 -5335.60800367], v=[-5.61777647 -0.92794849 -4.32443361]
Epoch 1448, t=2460388.483372166:
  TLE_ECI: r=[  960.99559892  3867.76973166 -6607.51679701], v=[-6.40942077 -2.30748316 -2.28082929]
  RK45_ECI: r=[ 3292.34049758  4558.39133585 -5363.62770026], v=[-5.63559546 -0.95576614 -4.29486432]
Epoch 1449, t=2460388.4834474293:
  TLE_ECI: r=[  766.56333454  3797.42023184 -6673.35108406], v=[-6.43071673 -2.40998404 -2.108125  ]
  RK45_ECI: r=[ 3253.47590717  4553.64380169 -5391.45449344], v=[-5.6531859  -0.98356477 -4.26514285]
Epoch 1450, t=2460388.4835226927:
  TLE_ECI: r=[  571.60279256  3723.93118451 -6733.97947553], v=[-6.44691097 -2.51062181 -1.93378665]
  RK45_ECI: r=[ 3214.4998003   4548.69710921 -5419.08765771], v=[-5.67054741 -1.01134342 -4.23527   ]
Epoch 1451, t=2460388.483597956:
  TLE_ECI: r=[  376.26866182  3647.35950347 -6789.35498024], v=[-6.45799336 -2.60931404 -1.75794957]
  RK45_ECI: r=[ 3175.41410795  4543.55140127 -5446.52595397], v=[-5.68767924 -1.03910066 -4.20524715]
Epoch 1452, t=2460388.483673219:
  TLE_ECI: r=[  180.71585834  3567.76462649 -6839.43468348], v=[-6.46395777 -2.70597974 -1.58075019]
  RK45_ECI: r=[ 3136.22043419  4538.20676161 -5473.76841235], v=[-5.70458085 -1.06683528 -4.17507537]
Epoch 1453, t=2460388.4837484825:
  TLE_ECI: r=[  -14.9006376   3485.20847217 -6884.17977819], v=[-6.464802   -2.80053957 -1.40232591]
  RK45_ECI: r=[ 3096.91982276  4532.66321009 -5500.81444951], v=[-5.72125193 -1.09454648 -4.14475535]
Epoch 1454, t=2460388.483823746:
  TLE_ECI: r=[ -210.42583856  3399.7553868  -6923.5555933 ], v=[-6.46052788 -2.89291578 -1.22281505]
  RK45_ECI: r=[ 3057.51440541  4526.92094247 -5527.66272478], v=[-5.7376917  -1.12223269 -4.11428859]
Epoch 1455, t=2460388.4838990094:
  TLE_ECI: r=[ -405.70491288  3311.47209861 -6957.53161887], v=[-6.4511412  -2.98303228 -1.04235669]
  RK45_ECI: r=[ 3018.00543197  4520.98000707 -5554.31253895], v=[-5.7538998  -1.14989296 -4.08367591]
Epoch 1456, t=2460388.483974273:
  TLE_ECI: r=[ -600.58329416  3220.42766509 -6986.08152823], v=[-6.4366517  -3.07081477 -0.86109061]
  RK45_ECI: r=[ 2978.39485604  4514.84059768 -5580.76269772], v=[-5.76987555 -1.17752587 -4.05291872]
Epoch 1457, t=2460388.484049536:
  TLE_ECI: r=[ -794.90679189  3126.69342187 -7009.18319715], v=[-6.4170731  -3.1561907  -0.67915718]
  RK45_ECI: r=[ 2938.68429845  4508.50284114 -5607.01226707], v=[-5.78561845 -1.2051302  -4.02201812]
Epoch 1458, t=2460388.4841247993:
  TLE_ECI: r=[ -988.52174784  3030.34291909 -7026.81871975], v=[-6.39242301 -3.23908946 -0.49669726]
  RK45_ECI: r=[ 2898.87481242  4501.96678598 -5633.06068551], v=[-5.80112821 -1.23270516 -3.99097478]
Epoch 1459, t=2460388.4842000627:
  TLE_ECI: r=[-1181.27509912  2931.45187664 -7038.97442171], v=[-6.36272301 -3.31944227 -0.31385207]
  RK45_ECI: r=[ 2858.96855339  4495.23268371 -5658.90666248], v=[-5.81640413 -1.26024919 -3.95979029]
Epoch 1460, t=2460388.484275326:
  TLE_ECI: r=[-1373.01453406  2830.09811826 -7045.64087003], v=[-6.32799855 -3.39718235 -0.13076313]
  RK45_ECI: r=[ 2818.96678245  4488.30061669 -5684.54952555], v=[-5.83144588 -1.28776133 -3.92846544]
Epoch 1461, t=2460388.4843505896:
  TLE_ECI: r=[-1563.5886005   2726.36151326 -7046.81288003], v=[-6.28827898 -3.47224492  0.05242786]
  RK45_ECI: r=[ 2778.87147366  4481.17082958 -5709.98812624], v=[-5.84625283 -1.31524016 -3.89700169]
Epoch 1462, t=2460388.4844258525:
  TLE_ECI: r=[-1752.84681515  2620.32391991 -7042.48951912], v=[-6.24359751 -3.54456726  0.23557915]
  RK45_ECI: r=[ 2738.68426311  4473.84349219 -5735.22156709], v=[-5.86082453 -1.34268449 -3.86540016]
Epoch 1463, t=2460388.484501116:
  TLE_ECI: r=[-1940.63981098  2512.06910246 -7032.6741075 ], v=[-6.19399115 -3.61408881  0.41854898]
  RK45_ECI: r=[ 2698.40621231  4466.31868178 -5760.24930892], v=[-5.87516074 -1.37009351 -3.83366154]
Epoch 1464, t=2460388.4845763794:
  TLE_ECI: r=[-2126.81940542  2401.68269539 -7017.37421596], v=[-6.13950074 -3.68075114  0.60119574]
  RK45_ECI: r=[ 2658.03949835  4458.59670534 -5785.07011233], v=[-5.8892608  -1.39746567 -3.80178742]
Epoch 1465, t=2460388.484651643:
  TLE_ECI: r=[-2311.23874672  2289.25211852 -6996.60166046], v=[-6.08017089 -3.744498    0.78337804]
  RK45_ECI: r=[ 2617.58539228  4450.6776792  -5809.68333219], v=[-5.90312442 -1.42480003 -3.76977866]
Epoch 1466, t=2460388.484726906:
  TLE_ECI: r=[-2493.75241308  2174.86652114 -6970.37249368], v=[-6.01604997 -3.80527542  0.96495484]
  RK45_ECI: r=[ 2577.04608018  4442.56193551 -5834.08775275], v=[-5.91675097 -1.45209503 -3.73763685]
Epoch 1467, t=2460388.4848021693:
  TLE_ECI: r=[-2674.21655084  2058.61668466 -6938.70699351], v=[-5.94718999 -3.86303176  1.14578551]
  RK45_ECI: r=[ 2536.42263093  4434.2495768  -5858.28285592], v=[-5.93014023 -1.47934989 -3.70536269]
Epoch 1468, t=2460388.4848774327:
  TLE_ECI: r=[-2852.48894666  1940.59499422 -6901.62964857], v=[-5.8736467  -3.91771768  1.32572997]
  RK45_ECI: r=[ 2495.71669426  4425.74081898 -5882.26778318], v=[-5.9432918  -1.5065634  -3.67295735]
Epoch 1469, t=2460388.484952696:
  TLE_ECI: r=[-3028.42916413  1820.8953396  -6859.16914052], v=[-5.79547943 -3.96928622  1.50464878]
  RK45_ECI: r=[ 2454.93027294  4417.03598774 -5906.04146128], v=[-5.95620516 -1.53373415 -3.6404223 ]
Epoch 1470, t=2460388.4850279596:
  TLE_ECI: r=[-3201.89864594  1699.61304909 -6811.35832344], v=[-5.71275111 -4.01769284  1.68240323]
  RK45_ECI: r=[ 2414.06464664  4408.13523331 -5929.60327292], v=[-5.96888004 -1.56086121 -3.6077584 ]
Epoch 1471, t=2460388.4851032225:
  TLE_ECI: r=[-3372.76081675  1576.84482532 -6758.23420011], v=[-5.62552823 -4.06289547  1.85885545]
  RK45_ECI: r=[ 2373.12202003  4399.03894296 -5952.95205496], v=[-5.98131589 -1.58794303 -3.57496727]
Epoch 1472, t=2460388.485178486:
  TLE_ECI: r=[-3540.88120825  1452.68863087 -6699.83789522], v=[-5.53388073 -4.10485456  2.03386852]
  RK45_ECI: r=[ 2332.10328531  4389.74719847 -5976.08742052], v=[-5.99351257 -1.61497894 -3.54204949]
Epoch 1473, t=2460388.4852537494:
  TLE_ECI: r=[-3706.12753486  1327.24366973 -6636.21462565], v=[-5.43788201 -4.14353304  2.20730657]
  RK45_ECI: r=[ 2291.01065278  4380.26040633 -5999.00822474], v=[-6.00546956 -1.6419674  -3.50900669]
Epoch 1474, t=2460388.485329013:
  TLE_ECI: r=[-3868.36981641  1200.61027181 -6567.41366759], v=[-5.33760887 -4.17889643  2.37903487]
  RK45_ECI: r=[ 2249.8455918   4370.57879468 -6021.71376686], v=[-6.01718655 -1.66890736 -3.47583991]
Epoch 1475, t=2460388.4854042763:
  TLE_ECI: r=[-4027.48047463  1072.88982376 -6493.48832072], v=[-5.23314145 -4.21091284  2.54891991]
  RK45_ECI: r=[ 2208.60957243  4360.70259677 -6044.20334976], v=[-6.02866327 -1.69579776 -3.44255017]
Epoch 1476, t=2460388.4854795393:
  TLE_ECI: r=[-4183.3344301    944.18470181 -6414.49586939], v=[-5.12456317 -4.239553    2.71682956]
  RK45_ECI: r=[ 2167.30481542  4350.63225482 -6066.47586387], v=[-6.03989923 -1.72263708 -3.40913914]
Epoch 1477, t=2460388.4855548027:
  TLE_ECI: r=[-4335.80921166   814.59814269 -6330.4975407 ], v=[-5.01196064 -4.26479033  2.88263312]
  RK45_ECI: r=[ 2125.93221656  4340.36787489 -6088.53094067], v=[-6.05089431 -1.74942465 -3.37560739]
Epoch 1478, t=2460388.485630066:
  TLE_ECI: r=[-4484.78503477   684.23423463 -6241.55845976], v=[-4.89542366 -4.28660089  3.04620143]
  RK45_ECI: r=[ 2084.49400162  4329.90991822 -6110.36748921], v=[-6.06164805 -1.77615894 -3.34195659]
Epoch 1479, t=2460388.4857053296:
  TLE_ECI: r=[-4630.14490794   553.19778744 -6147.7476018 ], v=[-4.77504512 -4.30496346  3.20740698]
  RK45_ECI: r=[ 2042.99164806  4319.25865068 -6131.98484246], v=[-6.0721602  -1.8028389  -3.30818779]
Epoch 1480, t=2460388.4857805925:
  TLE_ECI: r=[-4771.77472052   421.59427534 -6049.13774147], v=[-4.65092094 -4.31985953  3.36612399]
  RK45_ECI: r=[ 2001.42683199  4308.41439314 -6153.38223724], v=[-6.08243047 -1.82946336 -3.27430218]
Epoch 1481, t=2460388.485855856:
  TLE_ECI: r=[-4909.56333814   289.52969807 -5945.80539911], v=[-4.52314999 -4.33127341  3.52222855]
  RK45_ECI: r=[ 1959.80119337  4297.37749266 -6174.55891814], v=[-6.09245857 -1.85603119 -3.24030099]
Epoch 1482, t=2460388.4859311194:
  TLE_ECI: r=[-5043.40268214   157.1105791  -5837.83078417], v=[-4.39183403 -4.33919211  3.67559863]
  RK45_ECI: r=[ 1918.11622563  4286.14822912 -6195.51423556], v=[-6.10224428 -1.88254134 -3.20618527]
Epoch 1483, t=2460388.486006383:
  TLE_ECI: r=[-5173.18782139    24.44382591 -5725.29773569], v=[-4.25707765 -4.34360545  3.82611429]
  RK45_ECI: r=[ 1876.37396933  4274.72706834 -6216.24725323], v=[-6.11178724 -1.90899243 -3.17195656]
Epoch 1484, t=2460388.4860816463:
  TLE_ECI: r=[-5298.81705419  -108.36334164 -5608.29365991], v=[-4.11898815 -4.34450607  3.97365768]
  RK45_ECI: r=[ 1834.57572173  4263.11425463 -6236.75743415], v=[-6.12108729 -1.93538352 -3.13761575]
Epoch 1485, t=2460388.4861569093:
  TLE_ECI: r=[-5420.19199001  -241.2034613  -5486.90946511], v=[-3.97767554 -4.3418894   4.11811317]
  RK45_ECI: r=[ 1792.72372724  4251.31032807 -6257.04376744], v=[-6.13014405 -1.96171312 -3.10316456]
Epoch 1486, t=2460388.4862321727:
  TLE_ECI: r=[-5537.21762572  -373.9689782  -5361.23949354], v=[-3.83325233 -4.33575375  4.25936747]
  RK45_ECI: r=[ 1750.81907322  4239.3154988  -6277.1058246 ], v=[-6.13895742 -1.98798044 -3.06860374]
Epoch 1487, t=2460388.486307436:
  TLE_ECI: r=[-5649.80242482  -506.55223707 -5231.38145066], v=[-3.68583359 -4.32610022  4.39730968]
  RK45_ECI: r=[ 1708.86344555  4227.13014373 -6296.94289483], v=[-6.14752717 -2.01418433 -3.0339345 ]
Epoch 1488, t=2460388.4863826996:
  TLE_ECI: r=[-5757.85838931  -638.84563171 -5097.43633157], v=[-3.53553678 -4.31293278  4.53183138]
  RK45_ECI: r=[ 1666.85889459  4214.75477802 -6316.55409221], v=[-6.155853   -2.04032342 -2.99915842]
Epoch 1489, t=2460388.486457963:
  TLE_ECI: r=[-5861.3011309   -770.74167661 -4959.50834479], v=[-3.38248166 -4.29625824  4.66282677]
  RK45_ECI: r=[ 1624.80672149  4202.18967915 -6335.93890927], v=[-6.16393478 -2.06639679 -2.9642764 ]
Epoch 1490, t=2460388.486533226:
  TLE_ECI: r=[-5960.04994179  -902.13307695 -4817.70483333], v=[-3.22679026 -4.27608626  4.79019269]
  RK45_ECI: r=[ 1582.70918055  4189.4354411  -6355.09639107], v=[-6.17177221 -2.09240295 -2.92929019]
Epoch 1491, t=2460388.4866084894:
  TLE_ECI: r=[-6054.02784985 -1032.91288548 -4672.13619322], v=[-3.0685867  -4.2524294   4.91382878]
  RK45_ECI: r=[ 1540.5673615   4176.49230182 -6374.02613351], v=[-6.1793652  -2.11834113 -2.89420053]
Epoch 1492, t=2460388.486683753:
  TLE_ECI: r=[-6143.16169584 -1162.97448566 -4522.91578937], v=[-2.90799716 -4.225303    5.03363748]
  RK45_ECI: r=[ 1498.38295591  4163.36067989 -6392.72746605], v=[-6.18671359 -2.14421017 -2.85900867]
Epoch 1493, t=2460388.4867590163:
  TLE_ECI: r=[-6227.38218348 -1292.21174865 -4370.15986898], v=[-2.74514977 -4.19472531  5.14952419]
  RK45_ECI: r=[ 1456.15802173  4150.0411394  -6411.1995539 ], v=[-6.19381711 -2.17000874 -2.8237162 ]
Epoch 1494, t=2460388.4868342797:
  TLE_ECI: r=[-6306.62393827 -1420.51910279 -4213.98747248], v=[-2.58017449 -4.16071739  5.26139731]
  RK45_ECI: r=[ 1413.89386271  4136.53399083 -6429.4419194 ], v=[-6.2006757  -2.19573591 -2.78832403]
Epoch 1495, t=2460388.4869095427:
  TLE_ECI: r=[-6380.82556552 -1547.79160209 -4054.52034203], v=[-2.41320304 -4.12330313  5.36916833]
  RK45_ECI: r=[ 1371.59274094  4122.8398814  -6447.45366444], v=[-6.20728909 -2.22139022 -2.75283393]
Epoch 1496, t=2460388.486984806:
  TLE_ECI: r=[-6449.92968293 -1673.92508714 -3891.88282778], v=[-2.24436875 -4.08250925  5.47275189]
  RK45_ECI: r=[ 1329.25574769  4108.95907669 -6465.23440951], v=[-6.21365726 -2.2469709  -2.71724666]
Epoch 1497, t=2460388.4870600696:
  TLE_ECI: r=[-6513.88299373 -1798.81616058 -3726.20179164], v=[-2.0738065  -4.03836529  5.5720659 ]
  RK45_ECI: r=[ 1286.88457807  4094.89203667 -6482.78352491], v=[-6.21978005 -2.27247681 -2.68156348]
Epoch 1498, t=2460388.487135333:
  TLE_ECI: r=[-6572.63631371 -1922.36234632 -3557.60650912], v=[-1.90165258 -3.99090353  5.66703157]
  RK45_ECI: r=[ 1244.48129591  4080.63937384 -6500.10022762], v=[-6.22565729 -2.29790662 -2.64578599]
Epoch 1499, t=2460388.487210596:
  TLE_ECI: r=[-6626.14462193 -2044.46213712 -3386.22856874], v=[-1.72804462 -3.94015906  5.75757347]
  RK45_ECI: r=[ 1202.04759858  4066.20156955 -6517.18391093], v=[-6.23128888 -2.32325919 -2.60991546]
Epoch 1500, t=2460388.4872858594:
  TLE_ECI: r=[-6674.36707424 -2165.01515717 -3212.20176968], v=[-1.55312141 -3.88616972  5.84361966]
  RK45_ECI: r=[ 1159.58457696  4051.57890908 -6534.03421199], v=[-6.23667479 -2.34853377 -2.57395267]
Epoch 1501, t=2460388.487361123:
  TLE_ECI: r=[-6717.26707217 -2283.92212959 -3035.66201715], v=[-1.37702286 -3.82897603  5.92510169]
  RK45_ECI: r=[ 1117.09449926  4036.77210014 -6550.65029845], v=[-6.24181483 -2.3737289  -2.53789939]
Epoch 1502, t=2460388.4874363863:
  TLE_ECI: r=[-6754.81227033 -2401.08503703 -2856.74721607], v=[-1.19988984 -3.76862123  6.00195469]
  RK45_ECI: r=[ 1074.57867074  4021.78150534 -6567.03174114], v=[-6.246709   -2.3988437  -2.50175657]
Epoch 1503, t=2460388.4875116497:
  TLE_ECI: r=[-6786.97460892 -2516.40718479 -2675.59716282], v=[-1.0218641  -3.70515122  6.07411743]
  RK45_ECI: r=[ 1032.03915887  4006.60778508 -6583.17780946], v=[-6.25135715 -2.42387684 -2.46552582]
Epoch 1504, t=2460388.4875869127:
  TLE_ECI: r=[-6813.73034488 -2629.79326219 -2492.35343532], v=[-0.84308812 -3.63861453  6.14153237]
  RK45_ECI: r=[  989.47766232  3991.25146139 -6599.08793827], v=[-6.25575924 -2.4488272  -2.42920843]
Epoch 1505, t=2460388.487662176:
  TLE_ECI: r=[-6835.06004107 -2741.14950283 -2307.15928147], v=[-0.66370497 -3.56906229  6.20414573]
  RK45_ECI: r=[  946.89527159  3975.71284676 -6614.76178979], v=[-6.25991526 -2.47369404 -2.39280518]
Epoch 1506, t=2460388.4877374396:
  TLE_ECI: r=[-6850.9486278  -2850.3836443  -2120.15950597], v=[-0.48385827 -3.49654816  6.2619075 ]
  RK45_ECI: r=[  904.29425794  3959.99270093 -6630.19858992], v=[-6.2638251  -2.49847592 -2.35631786]
Epoch 1507, t=2460388.487812703:
  TLE_ECI: r=[-6861.38538552 -2957.4050859  -1931.50035578], v=[-0.30369201 -3.42112834  6.31477154]
  RK45_ECI: r=[  861.67592594  3944.09141869 -6645.39794023], v=[-6.26748878 -2.52317197 -2.31974744]
Epoch 1508, t=2460388.4878879664:
  TLE_ECI: r=[-6866.36396108 -3062.1249457  -1741.32940421], v=[-0.12335044 -3.34286149  6.36269556]
  RK45_ECI: r=[  819.04234477  3928.00970774 -6660.35916309], v=[-6.27090621 -2.54778087 -2.28309553]
Epoch 1509, t=2460388.4879632294:
  TLE_ECI: r=[-6865.88238228 -3164.4561159  -1549.79543373], v=[ 0.05702204 -3.2618087   6.40564123]
  RK45_ECI: r=[  776.3952128   3911.7481303  -6675.08173537], v=[-6.2740774  -2.57230154 -2.24636345]
Epoch 1510, t=2460388.488038493:
  TLE_ECI: r=[-6859.94302253 -3264.31341746 -1357.04831778], v=[ 0.23728104 -3.17803345  6.44357417]
  RK45_ECI: r=[  733.73561908  3895.30702582 -6689.56534462], v=[-6.27700238 -2.59673321 -2.20955198]
Epoch 1511, t=2460388.4881137563:
  TLE_ECI: r=[-6848.55265353 -3361.61355194 -1163.23890126], v=[ 0.41728224 -3.09160152  6.47646398]
  RK45_ECI: r=[  691.06583572  3878.68720538 -6703.80927559], v=[-6.2796811  -2.6210745  -2.17266293]
Epoch 1512, t=2460388.4881890197:
  TLE_ECI: r=[-6831.72240305 -3456.27525335  -968.51888044], v=[ 0.59688156 -3.00258097  6.5042843 ]
  RK45_ECI: r=[  648.38716533  3861.88909559 -6717.8131609 ], v=[-6.2821136  -2.64532452 -2.13569727]
Epoch 1513, t=2460388.488264283:
  TLE_ECI: r=[-6809.46775458 -3548.2193369   -773.04068181], v=[ 0.77593528 -2.9110421   6.52701281]
  RK45_ECI: r=[  605.70167684  3844.91345081 -6731.57637641], v=[-6.28429988 -2.669482   -2.09865664]
Epoch 1514, t=2460388.488339546:
  TLE_ECI: r=[-6781.80854446 -3637.36874738  -576.95734032], v=[ 0.9543001  -2.81705735  6.54463126]
  RK45_ECI: r=[  563.01106672  3827.76087295 -6745.09844142], v=[-6.28623996 -2.69354585 -2.06154237]
Epoch 1515, t=2460388.4884148096:
  TLE_ECI: r=[-6748.76890252 -3723.64870464  -380.42237715], v=[ 1.1318334  -2.72070126  6.55712549]
  RK45_ECI: r=[  520.31642145  3810.43172813 -6758.379069  ], v=[-6.28793392 -2.71751534 -2.02435523]
Epoch 1516, t=2460388.488490073:
  TLE_ECI: r=[-6710.37729472 -3806.98664794  -183.58967674], v=[ 1.30839319 -2.62205042  6.56448543]
  RK45_ECI: r=[  477.62001178  3792.92687803 -6771.41760337], v=[-6.28938176 -2.74138907 -1.98709706]
Epoch 1517, t=2460388.4885653364:
  TLE_ECI: r=[-6666.666457   -3887.31237787    13.3866363 ], v=[ 1.48383837 -2.52118337  6.56670513]
  RK45_ECI: r=[  434.92313736  3775.24678068 -6784.2137084 ], v=[-6.29058358 -2.7651662  -1.94976884]
Epoch 1518, t=2460388.4886405994:
  TLE_ECI: r=[-6617.67338889 -3964.55807787   210.35232059], v=[ 1.65802876 -2.41818059  6.56378276]
  RK45_ECI: r=[  392.2280676   3757.39232035 -6796.76675566], v=[-6.29153941 -2.78884535 -1.9123724 ]
Epoch 1519, t=2460388.488715863:
  TLE_ECI: r=[-6563.43927614 -4038.65844926   407.15314145], v=[ 1.83082528 -2.31312437  6.5557206 ]
  RK45_ECI: r=[  349.53588648  3739.36388638 -6809.07648222], v=[-6.29224935 -2.81242579 -1.87490853]
Epoch 1520, t=2460388.4887911263:
  TLE_ECI: r=[-6504.00952427 -4109.5506511    603.63499452], v=[ 2.00209004 -2.20609878  6.54252503]
  RK45_ECI: r=[  306.84828605  3721.16212291 -6821.1424519 ], v=[-6.29271347 -2.83590646 -1.83737857]
Epoch 1521, t=2460388.4888663897:
  TLE_ECI: r=[-6439.43367394 -4177.17443215   799.6440291 ], v=[ 2.17168646 -2.09718959  6.52420659]
  RK45_ECI: r=[  264.16733049  3702.78785757 -6832.96412719], v=[-6.29293187 -2.85928611 -1.79978418]
Epoch 1522, t=2460388.488941653:
  TLE_ECI: r=[-6369.76537022 -4241.4721628    995.02677131], v=[ 2.33947937 -1.98648418  6.50077986]
  RK45_ECI: r=[  221.49431497  3684.24157939 -6844.54120353], v=[-6.29290466 -2.88256389 -1.76212635]
Epoch 1523, t=2460388.489016916:
  TLE_ECI: r=[-6295.06232933 -4302.38886637  1189.63024694], v=[ 2.50533516 -1.8740715   6.47226354]
  RK45_ECI: r=[  178.83150455  3665.52422211 -6855.87311266], v=[-6.29263194 -2.90573846 -1.72440692]
Epoch 1524, t=2460388.4890921796:
  TLE_ECI: r=[-6215.38623916 -4359.8723403   1383.30210367], v=[ 2.66912187 -1.76004195  6.43868041]
  RK45_ECI: r=[  136.17997864  3646.63620105 -6866.95961758], v=[-6.29211383 -2.9288091  -1.6866267 ]
Epoch 1525, t=2460388.489167443:
  TLE_ECI: r=[-6130.80278191 -4413.87308954  1575.89073303], v=[ 2.83070931 -1.64448734  6.40005727]
  RK45_ECI: r=[   93.54142411  3627.5781989  -6877.80032521], v=[-6.29135048 -2.95177477 -1.64878702]
Epoch 1526, t=2460388.4892427064:
  TLE_ECI: r=[-6041.38152809 -4464.34444377  1767.24539129], v=[ 2.98996914 -1.52750077  6.35642495]
  RK45_ECI: r=[   50.91789961  3608.35108809 -6888.39475277], v=[-6.29034201 -2.97463423 -1.61088957]
Epoch 1527, t=2460388.48931797:
  TLE_ECI: r=[-5947.19589014 -4511.24257837  1957.21631978], v=[ 3.14677503 -1.40917661  6.30781829]
  RK45_ECI: r=[    8.31069478  3588.95538822 -6898.74262744], v=[-6.28908859 -2.99738666 -1.57293532]
Epoch 1528, t=2460388.489393233:
  TLE_ECI: r=[-5848.32307314 -4554.52653525  2145.65486422], v=[ 3.30100271 -1.28961036  6.25427607]
  RK45_ECI: r=[  -34.27793203  3569.39208167 -6908.84344163], v=[-6.28759037 -3.02003074 -1.53492616]
Epoch 1529, t=2460388.4894684963:
  TLE_ECI: r=[-5744.8439561  -4594.15832689  2332.41359291], v=[ 3.45253012 -1.16889858  6.195841  ]
  RK45_ECI: r=[  -76.8470987   3549.66151651 -6918.69703007], v=[-6.2858475  -3.04256585 -1.49686271]
Epoch 1530, t=2460388.4895437597:
  TLE_ECI: r=[-5636.84310329 -4630.10286491  2517.34641403], v=[ 3.60123747 -1.04713884  6.13255969]
  RK45_ECI: r=[ -119.39454982  3529.76469188 -6928.30290606], v=[-6.28386019 -3.06499069 -1.45874683]
Epoch 1531, t=2460388.489619023:
  TLE_ECI: r=[-5524.40863978 -4662.32805966  2700.30869145], v=[ 3.74700737 -0.92442961  6.06448257]
  RK45_ECI: r=[ -161.91880942  3509.7022457  -6937.66077897], v=[-6.28162859 -3.08730434 -1.4205797 ]
Epoch 1532, t=2460388.4896942866:
  TLE_ECI: r=[-5407.63218993 -4690.80483062  2881.1573593 ], v=[ 3.88972488 -0.80087017  5.99166388]
  RK45_ECI: r=[ -204.41840308  3489.4748205  -6946.77036223], v=[-6.27915293 -3.10950588 -1.38236248]
Epoch 1533, t=2460388.4897695496:
  TLE_ECI: r=[-5286.60881432 -4715.50711544  3059.75103513], v=[ 4.02927768 -0.67656054  5.9141616 ]
  RK45_ECI: r=[ -246.8910812   3469.0834464  -6955.63120934], v=[-6.27643341 -3.13159403 -1.34409705]
Epoch 1534, t=2460388.489844813:
  TLE_ECI: r=[-5161.43687444 -4736.41195496  3235.9501313 ], v=[ 4.16555607 -0.55160138  5.83203739]
  RK45_ECI: r=[ -289.33596774  3448.52849329 -6964.24317537], v=[-6.27347022 -3.15356817 -1.30578405]
Epoch 1535, t=2460388.4899200764:
  TLE_ECI: r=[-5032.2180328  -4753.49941862  3409.61696515], v=[ 4.29845311 -0.42609393  5.74535658]
  RK45_ECI: r=[ -331.75081683  3427.81100769 -6972.60583484], v=[-6.27026359 -3.17542705 -1.26742535]
Epoch 1536, t=2460388.48999534:
  TLE_ECI: r=[-4899.05711271 -4766.75268483  3580.615867  ], v=[ 4.42786471 -0.30013988  5.65418804]
  RK45_ECI: r=[ -374.13416085  3406.9316606  -6980.71893502], v=[-6.26681378 -3.19716974 -1.22902214]
Epoch 1537, t=2460388.490070603:
  TLE_ECI: r=[-4762.06203837 -4776.15802554  3748.8132866 ], v=[ 4.55368966 -0.17384136  5.55860416]
  RK45_ECI: r=[ -416.48433262  3385.89122691 -6988.58219103], v=[-6.263121   -3.21879525 -1.19057575]
Epoch 1538, t=2460388.4901458663:
  TLE_ECI: r=[-4621.34368884 -4781.70487456  3914.07789746], v=[ 4.67582978 -0.04730073  5.45868081]
  RK45_ECI: r=[ -458.79969676  3364.69048531 -6996.19532664], v=[-6.25918552 -3.24030263 -1.15208755]
Epoch 1539, t=2460388.4902211297:
  TLE_ECI: r=[-4477.01588969 -4783.38575159  4076.28069952], v=[4.79418991 0.07937937 5.3544972 ]
  RK45_ECI: r=[ -501.07878091  3343.33012537 -7003.55810855], v=[-6.25500757 -3.26169099 -1.1135587 ]
Epoch 1540, t=2460388.490296393:
  TLE_ECI: r=[-4329.19526252 -4781.19632609  4235.29511938], v=[4.90867807 0.20609619 5.24613588]
  RK45_ECI: r=[ -543.31955198  3321.8111407  -7010.67020903], v=[-6.25058745 -3.28295916 -1.07499092]
Epoch 1541, t=2460388.4903716566:
  TLE_ECI: r=[-4178.00114234 -4775.13540688  4390.99710859], v=[5.01920546 0.33274692 5.13368262]
  RK45_ECI: r=[ -585.5207426   3300.13413385 -7017.53144516], v=[-6.24592541 -3.30410636 -1.03638522]
Epoch 1542, t=2460388.4904469196:
  TLE_ECI: r=[-4023.55549295 -4765.20493173  4543.26523975], v=[5.12568655 0.45922878 5.01722637]
  RK45_ECI: r=[ -627.68012447  3278.30021845 -7024.14148115], v=[-6.2410218  -3.32513134 -0.99774347]
Epoch 1543, t=2460388.490522183:
  TLE_ECI: r=[-3865.9827504  -4751.41001404  4691.98080009], v=[5.22803915 0.58543916 4.89685915]
  RK45_ECI: r=[ -669.79664426  3256.30990489 -7030.50017978], v=[-6.23587684 -3.34603345 -0.95906651]
Epoch 1544, t=2460388.4905974464:
  TLE_ECI: r=[-3705.40980457 -4733.75886672  4837.02788308], v=[5.32618445 0.71127561 4.772676  ]
  RK45_ECI: r=[ -711.86864967  3234.16401627 -7036.60731425], v=[-6.23049085 -3.3668117  -0.92035568]
Epoch 1545, t=2460388.49067271:
  TLE_ECI: r=[-3541.9658395  -4712.26284431  4978.29347725], v=[5.42004711 0.83663598 4.64477487]
  RK45_ECI: r=[ -753.89412038  3211.86358782 -7042.46261282], v=[-6.22486417 -3.38746498 -0.88161272]
Epoch 1546, t=2460388.4907479733:
  TLE_ECI: r=[-3375.7822413  -4686.93642218  5115.66755278], v=[5.50955525 0.9614185  4.51325658]
  RK45_ECI: r=[ -795.87179914  3189.40925069 -7048.06592492], v=[-6.21899709 -3.4079925  -0.84283862]
Epoch 1547, t=2460388.4908232363:
  TLE_ECI: r=[-3206.99250464 -4657.79717566  5249.04314548], v=[5.59464058 1.08552183 4.37822468]
  RK45_ECI: r=[ -837.79947264  3166.80216346 -7053.41697668], v=[-6.21289002 -3.42839308 -0.80403529]
Epoch 1548, t=2460388.4908984997:
  TLE_ECI: r=[-3035.73206984 -4624.86580417  5378.31643808], v=[5.67523837 1.20884522 4.2397854 ]
  RK45_ECI: r=[ -879.6760966   3144.0428605  -7058.51565739], v=[-6.2065432  -3.44866604 -0.76520355]
Epoch 1549, t=2460388.490973763:
  TLE_ECI: r=[-2862.13829482 -4588.1660569   5503.38683918], v=[5.75128754 1.33128849 4.09804754]
  RK45_ECI: r=[ -921.50003156  3121.13220014 -7063.36178454], v=[-6.19995701 -3.46881044 -0.72634476]
Epoch 1550, t=2460388.4910490266:
  TLE_ECI: r=[-2686.35028925 -4547.72475319  5624.15705927], v=[5.82273068 1.45275216 3.95312241]
  RK45_ECI: r=[ -963.26927202  3098.07125822 -7067.95514251], v=[-6.19313183 -3.48882519 -0.68746064]
Epoch 1551, t=2460388.4911242896:
  TLE_ECI: r=[-2508.50882916 -4503.57174393  5740.53318412], v=[5.8895141  1.57313752 3.80512372]
  RK45_ECI: r=[-1004.98218555  3074.86091098 -7072.29557362], v=[-6.18606806 -3.50870935 -0.64855257]
Epoch 1552, t=2460388.491199553:
  TLE_ECI: r=[-2328.75619073 -4455.73991808  5852.42474538], v=[5.95158785 1.69234676 3.65416747]
  RK45_ECI: r=[-1046.63773531  3051.50170975 -7076.38298489], v=[-6.17876597 -3.52846228 -0.60962137]
Epoch 1553, t=2460388.4912748164:
  TLE_ECI: r=[-2147.23611572 -4404.26513062  5959.7447885 ], v=[6.00890574 1.81028295 3.5003719 ]
  RK45_ECI: r=[-1088.23372756  3027.99486353 -7080.21717347], v=[-6.17122604 -3.54808281 -0.57066894]
Epoch 1554, t=2460388.49135008:
  TLE_ECI: r=[-1964.09364315 -4349.18620543  6062.40993776], v=[6.06142541 1.92685018 3.34385734]
  RK45_ECI: r=[-1129.76892374  3004.34104802 -7083.79804084], v=[-6.16344859 -3.56757018 -0.5316963 ]
Epoch 1555, t=2460388.4914253433:
  TLE_ECI: r=[-1779.47500686 -4290.54489667  6160.34045836], v=[6.10910831 2.04195361 3.18474617]
  RK45_ECI: r=[-1171.24133506  2980.5413787  -7087.12542764], v=[-6.1554341  -3.58692335 -0.49270517]
Epoch 1556, t=2460388.4915006063:
  TLE_ECI: r=[-1593.52753142 -4228.38585116  6253.46031582], v=[6.15191974 2.15549956 3.02316269]
  RK45_ECI: r=[-1212.64934422  2956.59676579 -7090.19922071], v=[-6.14718298 -3.60614139 -0.45369692]
Epoch 1557, t=2460388.4915758697:
  TLE_ECI: r=[-1406.39946522 -4162.75659268  6341.6972322 ], v=[6.18982884 2.26739558 2.85923303]
  RK45_ECI: r=[-1253.99192531  2932.50778374 -7093.01935365], v=[-6.13869555 -3.62522368 -0.41467238]
Epoch 1558, t=2460388.491651133:
  TLE_ECI: r=[-1218.23993801 -4093.70745459  6424.98273978], v=[6.22280868 2.37755052 2.69308505]
  RK45_ECI: r=[-1295.2669038   2908.27568416 -7095.58568598], v=[-6.12997233 -3.64416908 -0.37563346]
Epoch 1559, t=2460388.4917263966:
  TLE_ECI: r=[-1029.19879287 -4021.29156089  6503.2522314 ], v=[6.25083618 2.48587457 2.52484825]
  RK45_ECI: r=[-1336.4730543   2883.90116985 -7097.89815175], v=[-6.1210137  -3.66297686 -0.33658117]
Epoch 1560, t=2460388.49180166:
  TLE_ECI: r=[ -839.42648039 -3945.5647793   6576.44500806], v=[6.27389218 2.59227936 2.35465366]
  RK45_ECI: r=[-1377.60840654  2859.38539485 -7099.95664807], v=[-6.11182016 -3.68164599 -0.29751724]
Epoch 1561, t=2460388.491876923:
  TLE_ECI: r=[ -649.0739516  -3866.58567564  6644.50432347], v=[6.29196143 2.69667802 2.18263376]
  RK45_ECI: r=[-1418.67136002  2834.72930251 -7101.76110629], v=[-6.10239221 -3.70017558 -0.25844305]
Epoch 1562, t=2460388.4919521865:
  TLE_ECI: r=[ -458.29249392 -3784.41547631  6707.37742556], v=[6.30503258 2.79898527 2.00892234]
  RK45_ECI: r=[-1459.66090051  2809.9334899  -7103.31148672], v=[-6.09273015 -3.71856503 -0.21935942]
Epoch 1563, t=2460388.49202745:
  TLE_ECI: r=[ -267.2336811  -3699.11800722  6765.01559509], v=[6.3130982  2.89911744 1.83365445]
  RK45_ECI: r=[-1500.57487481  2784.99925011 -7104.60771129], v=[-6.08283458 -3.73681322 -0.18026826]
Epoch 1564, t=2460388.4921027133:
  TLE_ECI: r=[  -76.04920861 -3610.75965351  6817.37418113], v=[6.31615479 2.99699254 1.65696625]
  RK45_ECI: r=[-1541.41207191  2759.92731229 -7105.64974672], v=[-6.07270592 -3.75491945 -0.14117059]
Epoch 1565, t=2460388.4921779768:
  TLE_ECI: r=[  115.10921339 -3519.40930532  6864.41263354], v=[6.31420272 3.09253035 1.47899495]
  RK45_ECI: r=[-1582.1705419   2734.71886803 -7106.43754663], v=[-6.06234473 -3.77288272 -0.10206813]
Epoch 1566, t=2460388.4922532397:
  TLE_ECI: r=[  306.08996821 -3425.13830511  6906.09453242], v=[6.30724632 3.18565245 1.29987868]
  RK45_ECI: r=[-1622.84870244  2709.37489296 -7106.97108698], v=[-6.05175151 -3.79070217 -0.06296228]
Epoch 1567, t=2460388.492328503:
  TLE_ECI: r=[  496.74169142 -3328.02038935  6942.38761442], v=[6.29529374 3.27628234 1.1197564 ]
  RK45_ECI: r=[-1663.44555204  2683.8960062  -7107.25035477], v=[-6.04092664 -3.8083772  -0.02385384]
Epoch 1568, t=2460388.4924037666:
  TLE_ECI: r=[  686.91332729 -3228.13163478  6973.2637962 ], v=[6.27835708 3.36434541 0.9387678 ]
  RK45_ECI: r=[-1703.95896086  2658.28354107 -7107.27533444], v=[-6.02987075 -3.82590675  0.01525526]
Epoch 1569, t=2460388.49247903:
  TLE_ECI: r=[  876.45428725 -3125.5503976   6998.69919459], v=[6.25645226 3.44976904 0.75705321]
  RK45_ECI: r=[-1744.3877333   2632.53825245 -7107.04602538], v=[-6.0185843  -3.84329013  0.05436402]
Epoch 1570, t=2460388.492554293:
  TLE_ECI: r=[ 1065.2145476  -3020.3572562   7018.67414386], v=[6.22959909 3.53248265 0.57475344]
  RK45_ECI: r=[-1784.7297507   2606.66149138 -7106.56244064], v=[-6.00706795 -3.86052628  0.0934705 ]
Epoch 1571, t=2460388.4926295565:
  TLE_ECI: r=[ 1253.04480148 -2912.63493693  7033.17320973], v=[6.19782119 3.6124178  0.39200977]
  RK45_ECI: r=[-1824.98402332  2580.65389582 -7105.82459218], v=[-5.99532209 -3.87761463  0.1325739 ]
Epoch 1572, t=2460388.49270482:
  TLE_ECI: r=[ 1439.79652076 -2802.46826676  7042.18520057], v=[6.16114598 3.68950816 0.20896375]
  RK45_ECI: r=[-1865.14899046  2554.51647533 -7104.83250232], v=[-5.98334728 -3.89455434  0.17167283]
Epoch 1573, t=2460388.4927800833:
  TLE_ECI: r=[ 1625.32210687 -2689.94409721  7045.70317527], v=[6.1196047  3.7636896  0.02575719]
  RK45_ECI: r=[-1905.22273844  2528.25047932 -7103.58621516], v=[-5.97114417 -3.91134447  0.21076557]
Epoch 1574, t=2460388.4928553468:
  TLE_ECI: r=[ 1809.47499646 -2575.15123937  7043.7244482 ], v=[ 6.07323235  3.83490026 -0.15746803]
  RK45_ECI: r=[-1945.20408832  2501.85668766 -7102.08576276], v=[-5.95871323 -3.92798435  0.24985109]
Epoch 1575, t=2460388.4929306097:
  TLE_ECI: r=[ 1992.1097672  -2458.18040106  7036.250591  ], v=[ 6.02206764  3.90308055 -0.34056999]
  RK45_ECI: r=[-1985.09094767  2475.33648979 -7100.33122069], v=[-5.9460552  -3.94447297  0.28892749]
Epoch 1576, t=2460388.493005873:
  TLE_ECI: r=[ 2173.08227959 -2339.124094    7023.28743129], v=[ 5.966153    3.96817329 -0.52340687]
  RK45_ECI: r=[-2024.88234125  2448.69054461 -7098.32262758], v=[-5.93317048 -3.96080976  0.32799394]
Epoch 1577, t=2460388.4930811366:
  TLE_ECI: r=[ 2352.24974406 -2218.07659531  7004.84504843], v=[ 5.90553453  4.03012361 -0.70583707]
  RK45_ECI: r=[-2064.57672942  2421.91989213 -7096.06005039], v=[-5.92005968 -3.97699392  0.36704907]
Epoch 1578, t=2460388.4931564:
  TLE_ECI: r=[ 2529.47086147 -2095.13385275  6980.93776607], v=[ 5.84026197  4.08887912 -0.88771924]
  RK45_ECI: r=[-2104.17222378  2395.02581622 -7093.54358971], v=[-5.9067235  -3.99302454  0.40609114]
Epoch 1579, t=2460388.4932316635:
  TLE_ECI: r=[ 2704.60592475 -1970.39341576  6951.58414162], v=[ 5.77038867  4.1443899  -1.06891248]
  RK45_ECI: r=[-2143.66766296  2368.00912107 -7090.7733103 ], v=[-5.89316244 -4.00890097  0.44511915]
Epoch 1580, t=2460388.4933069265:
  TLE_ECI: r=[ 2877.51692167 -1843.95436815  6916.80695279], v=[ 5.69597152  4.19660852 -1.24927636]
  RK45_ECI: r=[-2183.06098269  2340.8712333  -7087.7493501 ], v=[-5.87937729 -4.02462223  0.48413118]
Epoch 1581, t=2460388.49338219:
  TLE_ECI: r=[ 3048.06766383 -1715.91721789  6876.63318087], v=[ 5.61707093  4.24549016 -1.42867107]
  RK45_ECI: r=[-2222.3512231   2313.61283211 -7084.47177451], v=[-5.8653685  -4.04018779  0.5231264 ]
Epoch 1582, t=2460388.4934574533:
  TLE_ECI: r=[ 3216.12385857 -1586.38386807  6831.09399116], v=[ 5.53375079  4.29099257 -1.6069575 ]
  RK45_ECI: r=[-2261.53686727  2286.23498689 -7080.94069497], v=[-5.8511367  -4.05559687  0.56210346]
Epoch 1583, t=2460388.4935327168:
  TLE_ECI: r=[ 3381.55323595 -1455.45750534  6780.22471014], v=[ 5.44607843  4.3330761  -1.78399735]
  RK45_ECI: r=[-2300.6160536   2258.73901486 -7077.15626856], v=[-5.83668264 -4.07084859  0.6010606 ]
Epoch 1584, t=2460388.49360798:
  TLE_ECI: r=[ 3544.22564565 -1323.2425275   6724.06479973], v=[ 5.35412456  4.37170381 -1.95965324]
  RK45_ECI: r=[-2339.58763941  2231.12574381 -7073.11859259], v=[-5.82200687 -4.08594232  0.63999685]
Epoch 1585, t=2460388.493683243:
  TLE_ECI: r=[ 3704.01315473 -1189.84447278  6662.65782846], v=[ 5.2579632   4.40684141 -2.13378879]
  RK45_ECI: r=[-2378.44959066  2203.39663606 -7068.82786742], v=[-5.80711023 -4.10087714  0.67891026]
Epoch 1586, t=2460388.4937585066:
  TLE_ECI: r=[ 3860.79016154 -1055.36989446  6596.05143953], v=[ 5.15767164  4.43845742 -2.30626873]
  RK45_ECI: r=[-2417.20114041  2175.55226496 -7064.2841631 ], v=[-5.79199311 -4.11565257  0.71780022]
Epoch 1587, t=2460388.49383377:
  TLE_ECI: r=[4014.43347149 -919.92634117 6524.29731603], v=[ 5.05333042  4.46652303 -2.47695903]
  RK45_ECI: r=[-2455.84026554  2147.59410509 -7059.48770131], v=[-5.7766564  -4.13026769  0.7566648 ]
Epoch 1588, t=2460388.4939090335:
  TLE_ECI: r=[4164.82240839 -783.62223042 6447.45114291], v=[ 4.94502322  4.49101226 -2.64572693]
  RK45_ECI: r=[-2494.36566331  2119.52312899 -7054.4386297 ], v=[-5.7611007  -4.14472185  0.79550284]
Epoch 1589, t=2460388.4939842965:
  TLE_ECI: r=[4311.83890304 -646.56678649 6365.57256613], v=[ 4.83283685  4.51190193 -2.81244113]
  RK45_ECI: r=[-2532.77585261  2091.34044713 -7049.13712553], v=[-5.74532672 -4.1590143   0.83431294]
Epoch 1590, t=2460388.49405956:
  TLE_ECI: r=[4455.36759372 -508.86990427 6278.7251487 ], v=[ 4.71686111  4.52917173 -2.97697181]
  RK45_ECI: r=[-2571.06937588  2063.04715323 -7043.58337487], v=[-5.72933514 -4.17314437  0.87309378]
Epoch 1591, t=2460388.4941348233:
  TLE_ECI: r=[4595.29590405 -370.64213721 6186.97632385], v=[ 4.59718881  4.54280417 -3.13919077]
  RK45_ECI: r=[-2609.24493637  2034.64424059 -7037.7775449 ], v=[-5.7131266  -4.18711138  0.91184414]
Epoch 1592, t=2460388.4942100868:
  TLE_ECI: r=[4731.5141404  -231.99456028 6090.39734514], v=[ 4.47391566  4.55278465 -3.29897154]
  RK45_ECI: r=[-2647.30072519  2006.13308325 -7031.71989392], v=[-5.69670196 -4.20091455  0.95056231]
Epoch 1593, t=2460388.49428535:
  TLE_ECI: r=[4863.91557593  -93.03869446 5989.06323368], v=[ 4.34714021  4.55910147 -3.45618944]
  RK45_ECI: r=[-2685.23563604  1977.51454944 -7025.41057777], v=[-5.68006179 -4.21455327  0.9892473 ]
Epoch 1594, t=2460388.494360613:
  TLE_ECI: r=[4992.396535     46.11356726 5883.0527224 ], v=[ 4.21696379  4.56174583 -3.61072169]
  RK45_ECI: r=[-2723.04769387  1948.79016236 -7018.84990856], v=[-5.66320705 -4.22802669  1.0278972 ]
Epoch 1595, t=2460388.4944358766:
  TLE_ECI: r=[5116.85647505  185.35010736 5772.44819749], v=[ 4.08349037  4.5607119  -3.76244752]
  RK45_ECI: r=[-2760.73598634  1919.96065485 -7012.03802606], v=[-5.64613825 -4.24133432  1.06651119]
Epoch 1596, t=2460388.49451114:
  TLE_ECI: r=[5237.1980659   324.55858651 5657.3356369 ], v=[ 3.94682659  4.55599676 -3.91124827]
  RK45_ECI: r=[-2798.29906746  1891.02717309 -7004.97516594], v=[-5.62885613 -4.25447546  1.10508792]
Epoch 1597, t=2460388.4945864035:
  TLE_ECI: r=[5353.32726776  463.62659083 5537.80454598], v=[ 3.80708161  4.54760043 -4.05700745]
  RK45_ECI: r=[-2835.73516     1861.99112102 -6997.66164248], v=[-5.6113616  -4.26744935  1.14362566]
Epoch 1598, t=2460388.494661667:
  TLE_ECI: r=[5465.15340584  602.44170809 5413.94789041], v=[ 3.66436702  4.53552591 -4.19961087]
  RK45_ECI: r=[-2873.04317926  1832.85338815 -6990.0976439 ], v=[-5.59365527 -4.28025542  1.18212343]
Epoch 1599, t=2460388.49473693:
  TLE_ECI: r=[5572.5892449   740.89160159 5285.8620262 ], v=[ 3.51879684  4.51977915 -4.3389467 ]
  RK45_ECI: r=[-2910.22118568  1803.61552941 -6982.28354407], v=[-5.57573815 -4.29289287  1.22057933]
Epoch 1600, t=2460388.4948121933:
  TLE_ECI: r=[5675.55105075  878.86416568 5153.64662712], v=[ 3.37048729  4.50036908 -4.47490559]
  RK45_ECI: r=[-2947.2682854   1774.27829562 -6974.2195092 ], v=[-5.55761075 -4.30536121  1.25899255]
Epoch 1601, t=2460388.4948874568:
  TLE_ECI: r=[5773.95866922 1016.24751994 5017.40460921], v=[ 3.21955686  4.4773076  -4.60738074]
  RK45_ECI: r=[-2984.18306043  1744.84285832 -6965.90581897], v=[-5.53927389 -4.31765979  1.29736174]
Epoch 1602, t=2460388.49496272:
  TLE_ECI: r=[5867.73558307 1152.93016377 4877.24205283], v=[ 3.06612611  4.45060955 -4.73626802]
  RK45_ECI: r=[-3020.96376683  1715.31064986 -6957.34284346], v=[-5.5207285  -4.32978787  1.33568517]
Epoch 1603, t=2460388.4950379836:
  TLE_ECI: r=[5956.80897542 1288.80105122 4733.26812195], v=[ 2.91031764  4.42029277 -4.86146599]
  RK45_ECI: r=[-3057.60934252  1685.68258035 -6948.53080306], v=[-5.50197524 -4.34174493  1.37396188]
Epoch 1604, t=2460388.4951132466:
  TLE_ECI: r=[6041.10979268 1423.74966409 4585.59498091], v=[ 2.75225595  4.38637801 -4.98287605]
  RK45_ECI: r=[-3094.11788519  1655.96023491 -6939.47013316], v=[-5.48301514 -4.35353018  1.41218997]
Epoch 1605, t=2460388.49518851:
  TLE_ECI: r=[6120.57278415 1557.66617228 4434.33770868], v=[ 2.59206736  4.34888902 -5.10040252]
  RK45_ECI: r=[-3130.48852037  1626.14438159 -6930.16102624], v=[-5.46384878 -4.36514318  1.45036863]
Epoch 1606, t=2460388.4952637735:
  TLE_ECI: r=[6195.13657877 1690.44141887 4279.61421058], v=[ 2.42987992  4.30785245 -5.21395266]
  RK45_ECI: r=[-3166.71985932  1596.23621625 -6920.60380587], v=[-5.44447697 -4.3765833   1.48849651]
Epoch 1607, t=2460388.495339037:
  TLE_ECI: r=[6264.7437194  1821.96707984 4121.54512767], v=[ 2.26582331  4.26329788 -5.32343682]
  RK45_ECI: r=[-3202.81019304  1566.23719825 -6910.79889752], v=[-5.42490073 -4.38784984  1.52657193]
Epoch 1608, t=2460388.4954143:
  TLE_ECI: r=[6329.34071919 1952.13571707 3960.25374372], v=[ 2.10002874  4.21525779 -5.42876848]
  RK45_ECI: r=[-3238.75814869  1536.14853529 -6900.74664922], v=[-5.40512088 -4.39894221  1.56459353]
Epoch 1609, t=2460388.4954895633:
  TLE_ECI: r=[6388.87808263 2080.84094126 3795.86588996], v=[ 1.9326288   4.16376756 -5.52986433]
  RK45_ECI: r=[-3274.56286612  1505.97100754 -6890.44727092], v=[-5.38513802 -4.40985996  1.60256051]
Epoch 1610, t=2460388.4955648268:
  TLE_ECI: r=[6443.31037918 2207.97738934 3628.50984751], v=[ 1.76375744  4.10886542 -5.62664436]
  RK45_ECI: r=[-3310.22248792  1475.70623321 -6879.90126782], v=[-5.36495325 -4.42060237  1.640471  ]
Epoch 1611, t=2460388.49564009:
  TLE_ECI: r=[6492.59625867 2333.44088553 3458.31624775], v=[ 1.59354976  4.05059244 -5.7190319 ]
  RK45_ECI: r=[-3345.73599027  1445.35515341 -6869.10891157], v=[-5.34456726 -4.43116894  1.67832403]
Epoch 1612, t=2460388.4957153536:
  TLE_ECI: r=[6536.69849053 2457.12850969 3285.41797057], v=[ 1.422142    3.9889925  -5.80695372]
  RK45_ECI: r=[-3381.10170071  1414.91925321 -6858.07068279], v=[-5.3239811  -4.44155903  1.71611788]
Epoch 1613, t=2460388.4957906166:
  TLE_ECI: r=[6575.58400186 2578.93866388 3109.95004062], v=[ 1.24967137  3.92411226 -5.89034007]
  RK45_ECI: r=[-3416.31827763  1384.39976279 -6846.78697291], v=[-5.30319565 -4.45177206  1.75385125]
Epoch 1614, t=2460388.49586588:
  TLE_ECI: r=[6609.22387465 2698.77123424 2932.04952173], v=[ 1.07627591  3.85600115 -5.96912476]
  RK45_ECI: r=[-3451.38488167  1353.7974783  -6835.25801798], v=[-5.28221151 -4.46180761  1.79152332]
Epoch 1615, t=2460388.4959411435:
  TLE_ECI: r=[6637.59341382 2816.52755966 2751.85540932], v=[ 0.90209447  3.78471128 -6.0432452 ]
  RK45_ECI: r=[-3486.29969637  1323.11404493 -6823.48438388], v=[-5.26102984 -4.47166501  1.82913225]
Epoch 1616, t=2460388.496016407:
  TLE_ECI: r=[6660.67213827 2932.11059126 2569.50852119], v=[ 0.72726652  3.71029746 -6.11264248]
  RK45_ECI: r=[-3521.06172311  1292.35042201 -6811.46637403], v=[-5.23965136 -4.48134379  1.86667704]
Epoch 1617, t=2460388.4960916704:
  TLE_ECI: r=[6678.44380479 3045.42495493 2385.15138667], v=[ 0.55193205  3.63281712 -6.17726142]
  RK45_ECI: r=[-3555.66932746  1261.50811885 -6799.20452379], v=[-5.21807716 -4.49084333  1.90415603]
Epoch 1618, t=2460388.4961669333:
  TLE_ECI: r=[6690.89643061 3156.37701206 2198.9281341 ], v=[ 0.37623148  3.55233027 -6.23705061]
  RK45_ECI: r=[-3590.12120039  1230.588387   -6786.69926771], v=[-5.19630816 -4.50016311  1.94156789]
Epoch 1619, t=2460388.4962421968:
  TLE_ECI: r=[6698.0222663  3264.87501702 2010.98437702], v=[ 0.20030549  3.4688995  -6.29196244]
  RK45_ECI: r=[-3624.41652399  1199.59203777 -6773.95086781], v=[-5.17434498 -4.50930271  1.97891183]
Epoch 1620, t=2460388.49631746:
  TLE_ECI: r=[6699.81785652 3370.82907715 1821.46709873], v=[ 0.02429496  3.38258987 -6.34195318]
  RK45_ECI: r=[-3658.55352455  1168.5207418  -6760.95995015], v=[-5.15218884 -4.51826153  2.01618601]
Epoch 1621, t=2460388.4963927236:
  TLE_ECI: r=[6696.28400638 3474.1513074  1630.52453585], v=[-0.15165917  3.29346887 -6.38698302]
  RK45_ECI: r=[-3692.53122949  1137.3754757  -6747.72684975], v=[-5.12984048 -4.5270391   2.05338945]
Epoch 1622, t=2460388.496467987:
  TLE_ECI: r=[6687.42578929 3574.75588525 1438.30606054], v=[-0.32741606  3.20160642 -6.42701607]
  RK45_ECI: r=[-3726.34804408  1106.1577715  -6734.25215622], v=[-5.10730103 -4.53563486  2.09052049]
Epoch 1623, t=2460388.49654325:
  TLE_ECI: r=[6673.25255336 3672.5591036  1244.96206172], v=[-0.502835    3.10707475 -6.46202042]
  RK45_ECI: r=[-3760.00269291  1074.868901   -6720.536347  ], v=[-5.08457145 -4.54404832  2.12757783]
Epoch 1624, t=2460388.4966185135:
  TLE_ECI: r=[6653.77786979 3767.47952105 1050.64382545], v=[-0.67777563  3.00994835 -6.49196818]
  RK45_ECI: r=[-3793.49438043  1043.50968993 -6706.57970978], v=[-5.06165239 -4.55227909  2.16456066]
Epoch 1625, t=2460388.496693777:
  TLE_ECI: r=[6629.01958509 3859.43791328  855.50341421], v=[-0.85209799  2.91030397 -6.51683548]
  RK45_ECI: r=[-3826.82137726  1012.08183259 -6692.38293041], v=[-5.03854509 -4.5603266   2.20146717]
Epoch 1626, t=2460388.4967690404:
  TLE_ECI: r=[6598.99976329 3948.3574189   659.69354571], v=[-1.02566266  2.80822047 -6.53660249]
  RK45_ECI: r=[-3859.98273781   980.58632207 -6677.94637515], v=[-5.01525035 -4.56819042  2.2382964 ]
Epoch 1627, t=2460388.4968443033:
  TLE_ECI: r=[6563.74468911 4034.16356637  463.36747093], v=[-1.19833085  2.70377882 -6.55125348]
  RK45_ECI: r=[-3892.97675332   949.02486275 -6663.27075698], v=[-4.99176944 -4.57587     2.27504651]
Epoch 1628, t=2460388.4969195668:
  TLE_ECI: r=[6523.28479822 4116.78441459  266.67885182], v=[-1.36996462  2.59706199 -6.5607768 ]
  RK45_ECI: r=[-3925.8026487    917.39829215 -6648.35638741], v=[-4.96810303 -4.58336498  2.31171674]
Epoch 1629, t=2460388.49699483:
  TLE_ECI: r=[6477.65472126 4196.15049857   69.78163836], v=[-1.54042685  2.48815492 -6.56516488]
  RK45_ECI: r=[-3958.45918606   885.70790278 -6633.20378802], v=[-4.9442521  -4.5906749   2.34830577]
Epoch 1630, t=2460388.4970700936:
  TLE_ECI: r=[6426.89320744 4272.19496617 -127.17005441], v=[-1.70958146  2.37714442 -6.56441428]
  RK45_ECI: r=[-3990.94483706   853.95526007 -6617.81363438], v=[-4.92021787 -4.59779926  2.38481198]
Epoch 1631, t=2460388.497145357:
  TLE_ECI: r=[6371.04310292 4344.85361584 -324.02206959], v=[-1.87729351  2.26411909 -6.55852565]
  RK45_ECI: r=[-4023.25868406   822.14137251 -6602.18632383], v=[-4.89600112 -4.60473768  2.42123441]
Epoch 1632, t=2460388.49722062:
  TLE_ECI: r=[6310.15132688 4414.06493313 -520.62033175], v=[-2.04342926  2.14916929 -6.54750376]
  RK45_ECI: r=[-4055.39906493   790.26796582 -6586.32262821], v=[-4.8716032  -4.61148963  2.45757125]
Epoch 1633, t=2460388.4972958835:
  TLE_ECI: r=[6244.26877985 4479.77021745 -716.81096993], v=[-2.20785637  2.03238698 -6.53135748]
  RK45_ECI: r=[-4087.36522832   758.33589046 -6570.22288441], v=[-4.84702478 -4.61805479  2.49382174]
Epoch 1634, t=2460388.497371147:
  TLE_ECI: r=[6173.45037709 4541.91352082 -912.4404408 ], v=[-2.37044393  1.91386576 -6.51009976]
  RK45_ECI: r=[-4119.15597244   726.34645653 -6553.88765603], v=[-4.82226689 -4.62443272  2.52998458]
Epoch 1635, t=2460388.4974464104:
  TLE_ECI: r=[ 6097.75495054  4600.44177021 -1107.35565121], v=[-2.53106263  1.79370066 -6.48374766]
  RK45_ECI: r=[-4150.76981241   694.30124833 -6537.31767165], v=[-4.79733077 -4.63062299  2.56605815]
Epoch 1636, t=2460388.497521674:
  TLE_ECI: r=[ 6017.24521112  4655.30479453 -1301.40408042], v=[-2.68958482  1.67198816 -6.45232228]
  RK45_ECI: r=[-4182.20585929   662.20128873 -6520.51335937], v=[-4.77221725 -4.63662522  2.60204152]
Epoch 1637, t=2460388.4975969368:
  TLE_ECI: r=[ 5931.98770937  4706.45534968 -1494.43390181], v=[-2.84588465  1.54882608 -6.41584878]
  RK45_ECI: r=[-4213.46249924   630.04832319 -6503.47554932], v=[-4.74692771 -4.64243895  2.63793289]
Epoch 1638, t=2460388.4976722:
  TLE_ECI: r=[ 5842.05272323  4753.84922944 -1686.29410377], v=[-2.99983819  1.42431343 -6.37435634]
  RK45_ECI: r=[-4244.53914933   597.8430724  -6486.20452189], v=[-4.72146274 -4.6480639   2.67373168]
Epoch 1639, t=2460388.4977474636:
  TLE_ECI: r=[ 5747.51428095  4797.44519764 -1876.83461016], v=[-3.15132348  1.29855042 -6.32787813]
  RK45_ECI: r=[-4275.43421285   565.58728832 -6468.70112707], v=[-4.69582373 -4.65349961  2.70943609]
Epoch 1640, t=2460388.497822727:
  TLE_ECI: r=[ 5648.45004318  4837.20509407 -2065.90639951], v=[-3.30022065  1.17163834 -6.27645128]
  RK45_ECI: r=[-4306.14668194   533.28214692 -6450.96590111], v=[-4.67001162 -4.65874574  2.74504504]
Epoch 1641, t=2460388.49789799:
  TLE_ECI: r=[ 5544.94126524  4873.0938329  -2253.36162348], v=[-3.44641206  1.04367946 -6.22011686]
  RK45_ECI: r=[-4336.67540997   500.9289816  -6432.99946896], v=[-4.64402752 -4.6638019   2.78055725]
Epoch 1642, t=2460388.4979732535:
  TLE_ECI: r=[ 5437.07267085  4905.07949854 -2439.053724  ], v=[-3.58978235  0.91477692 -6.15891983]
  RK45_ECI: r=[-4367.01926243   468.5290905  -6414.80246385], v=[-4.61787246 -4.66866777  2.81597147]
Epoch 1643, t=2460388.498048517:
  TLE_ECI: r=[ 5324.93246622  4933.1332739  -2622.83754955], v=[-3.73021854  0.78503471 -6.09290897]
  RK45_ECI: r=[-4397.17724795   436.08367    -6396.37544012], v=[-4.59154743 -4.67334299  2.85128659]
Epoch 1644, t=2460388.4981237804:
  TLE_ECI: r=[ 5208.61220859  4957.2295313  -2804.56946975], v=[-3.86761013  0.65455752 -6.02213691]
  RK45_ECI: r=[-4427.14796326   403.59433431 -6377.71922033], v=[-4.56505373 -4.6778272   2.88650104]
Epoch 1645, t=2460388.498199044:
  TLE_ECI: r=[ 5088.20674322  4977.34583773 -2984.10748881], v=[-4.00184919  0.52345069 -5.94665998]
  RK45_ECI: r=[-4456.93043474   371.06227285 -6358.83437625], v=[-4.53839237 -4.68212007  2.92161372]
Epoch 1646, t=2460388.4982743068:
  TLE_ECI: r=[ 4963.81413829  4993.46295952 -3161.31135737], v=[-4.13283044  0.3918201  -5.86653827]
  RK45_ECI: r=[-4486.52355468   338.48883326 -6339.72157378], v=[-4.51156442 -4.68622126  2.95662339]
Epoch 1647, t=2460388.49834957:
  TLE_ECI: r=[ 4835.53554402  5005.5649375  -3336.04268264], v=[-4.26045134  0.25977207 -5.78183547]
  RK45_ECI: r=[-4515.9262262    305.87532662 -6320.38148687], v=[-4.484571   -4.69013048  2.9915288 ]
Epoch 1648, t=2460388.4984248336:
  TLE_ECI: r=[ 4703.47519567  5013.63901217 -3508.16503717], v=[-4.38461214  0.12741329 -5.69261888]
  RK45_ECI: r=[-4545.13749316   273.22296243 -6300.81470527], v=[-4.45741309 -4.69384741  3.02632885]
Epoch 1649, t=2460388.498500097:
  TLE_ECI: r=[ 4567.74026804  5017.67569407 -3677.54406549], v=[-4.50521602e+00 -5.14926552e-03 -5.59895933e+00]
  RK45_ECI: r=[-4574.15599944   240.53336946 -6281.02210277], v=[-4.43009207 -4.69737173  3.06102201]
Epoch 1650, t=2460388.4985753605:
  TLE_ECI: r=[ 4428.44080034  5017.66875747 -3844.04758907], v=[-4.62216909 -0.13780843 -5.50093112]
  RK45_ECI: r=[-4602.98094103   207.80760568 -6261.00419185], v=[-4.4026088  -4.70070316  3.09560733]
Epoch 1651, t=2460388.4986506235:
  TLE_ECI: r=[ 4285.68961993  5013.61523281 -4007.54570931], v=[-4.73538052 -0.27045695 -5.39861192]
  RK45_ECI: r=[-4631.61084699   175.04746227 -6240.76196212], v=[-4.3749648  -4.70384138  3.13008313]
Epoch 1652, t=2460388.498725887:
  TLE_ECI: r=[ 4139.60218952  5005.51546068 -4167.91090835], v=[-4.84476256 -0.40298758 -5.29208277]
  RK45_ECI: r=[-4660.04506227   142.25383152 -6220.29584444], v=[-4.34716081 -4.70678614  3.16444863]
Epoch 1653, t=2460388.4988011504:
  TLE_ECI: r=[ 3990.29659954  4993.37301534 -4325.01814813], v=[-4.95023064 -0.53529314 -5.18142795]
  RK45_ECI: r=[-4688.28253244   109.42807827 -6199.60655791], v=[-4.319198   -4.70953717  3.19870262]
Epoch 1654, t=2460388.498876414:
  TLE_ECI: r=[ 3837.89341226  4977.19475335 -4478.74496689], v=[-5.05170343 -0.66726661 -5.06673491]
  RK45_ECI: r=[-4716.32194991    76.57184402 -6178.69502691], v=[-4.29107775 -4.71209418  3.23284355]
Epoch 1655, t=2460388.4989516772:
  TLE_ECI: r=[ 3682.5155771   4956.99079553 -4628.97157365], v=[-5.14910287 -0.79880124 -4.94809424]
  RK45_ECI: r=[-4744.16254238    43.68619768 -6157.56179331], v=[-4.26280097 -4.71445691  3.26687052]
Epoch 1656, t=2460388.49902694:
  TLE_ECI: r=[ 3524.28834374  4932.77450887 -4775.5809403 ], v=[-5.24235425 -0.9297906  -4.82559954]
  RK45_ECI: r=[-4771.80289273    10.77294315 -6136.20790227], v=[-4.23436921 -4.71662512  3.30078184]
Epoch 1657, t=2460388.4991022036:
  TLE_ECI: r=[ 3363.33910194  4904.56253768 -4918.45889126], v=[-5.33138626 -1.06012875 -4.69934737]
  RK45_ECI: r=[-4799.24237273   -22.16701843 -6114.63380866], v=[-4.20578323 -4.71859857  3.33457678]
Epoch 1658, t=2460388.499177467:
  TLE_ECI: r=[ 3199.79736429  4872.37472694 -5057.49419092], v=[-5.41613102 -1.1897102  -4.56943714]
  RK45_ECI: r=[-4826.47996928   -55.13231079 -6092.84027121], v=[-4.17704422 -4.72037703  3.36825412]
Epoch 1659, t=2460388.4992527305:
  TLE_ECI: r=[ 3033.79460255  4836.2341494  -5192.57862835], v=[-5.49652414 -1.31843009 -4.43597108]
  RK45_ECI: r=[-4853.51442439   -88.1212813  -6070.82826415], v=[-4.1481536  -4.72196025  3.40181235]
Epoch 1660, t=2460388.4993279935:
  TLE_ECI: r=[ 2865.46416953  4796.16706796 -5323.60709961], v=[-5.5725048  -1.44618422 -4.29905408]
  RK45_ECI: r=[-4880.34474734  -121.132549   -6048.59856803], v=[-4.11911259 -4.72334801  3.43525025]
Epoch 1661, t=2460388.499403257:
  TLE_ECI: r=[ 2694.94113436  4752.20294916 -5450.47768733], v=[-5.6440157  -1.57286921 -4.15879368]
  RK45_ECI: r=[-4906.97032917  -154.16520653 -6026.15165367], v=[-4.08992194 -4.72454013  3.46856711]
Epoch 1662, t=2460388.4994785204:
  TLE_ECI: r=[ 2522.36225845  4704.37438745 -5573.09173791], v=[-5.71100316 -1.69838246 -4.01529992]
  RK45_ECI: r=[-4933.38981602  -187.21743695 -6003.48862862], v=[-4.06058327 -4.72553638  3.50176126]
Epoch 1663, t=2460388.499553784:
  TLE_ECI: r=[ 2347.86582829  4652.71711483 -5691.35393577], v=[-5.77341718 -1.82262234 -3.86868526]
  RK45_ECI: r=[-4959.60248801  -220.28815673 -5980.61008101], v=[-4.0310975  -4.72633656  3.53483183]
Epoch 1664, t=2460388.4996290472:
  TLE_ECI: r=[ 2171.59155855  4597.26996342 -5805.17237503], v=[-5.83121138 -1.94548821 -3.71906455]
  RK45_ECI: r=[-4985.60713811  -253.37570372 -5957.51703408], v=[-4.0014661  -4.72694049  3.56777731]
Epoch 1665, t=2460388.49970431:
  TLE_ECI: r=[ 1993.68049344  4538.07482895 -5914.45862843], v=[-5.88434311 -2.0668805  -3.56655485]
  RK45_ECI: r=[-5011.40281825  -286.47868789 -5934.21030714], v=[-3.9716903  -4.72734799  3.60059653]
Epoch 1666, t=2460388.4997795736:
  TLE_ECI: r=[ 1814.27484044  4475.17666166 -6019.12781329], v=[-5.93277343 -2.18670086 -3.41127538]
  RK45_ECI: r=[-5036.98894742  -319.59619431 -5910.6903944 ], v=[-3.9417709  -4.72755888  3.63328877]
Epoch 1667, t=2460388.499854837:
  TLE_ECI: r=[ 1633.51793715  4408.62339404 -6119.09865497], v=[-5.97646716 -2.30485212 -3.25334743]
  RK45_ECI: r=[-5062.36422825  -352.72639718 -5886.9584571 ], v=[-3.91170952 -4.72757301  3.66585239]
Epoch 1668, t=2460388.4999301005:
  TLE_ECI: r=[ 1451.55408368  4338.46592812 -6214.29354722], v=[-6.01539286 -2.42123844 -3.09289427]
  RK45_ECI: r=[-5087.52797454  -385.86820507 -5863.01511162], v=[-3.88150714 -4.7273902   3.69828654]
Epoch 1669, t=2460388.500005364:
  TLE_ECI: r=[ 1268.52844154  4264.75808905 -6304.63860971], v=[-6.04952289 -2.53576537 -2.93004102]
  RK45_ECI: r=[-5112.47903127  -419.01994797 -5838.86142952], v=[-3.85116523 -4.72701033  3.73058973]
Epoch 1670, t=2460388.500080627:
  TLE_ECI: r=[ 1084.58693093  4187.55657968 -6390.06374275], v=[-6.07883339 -2.64833988 -2.76491458]
  RK45_ECI: r=[-5137.21649399  -452.18022809 -5814.49826803], v=[-3.82068506 -4.72643324  3.76276082]
Epoch 1671, t=2460388.5001558904:
  TLE_ECI: r=[  899.87606608  4106.92094959 -6470.50267889], v=[-6.10330429 -2.75887055 -2.59764352]
  RK45_ECI: r=[-5161.73981015  -485.3481241  -5789.92614458], v=[-3.79006744 -4.72565878  3.79479908]
Epoch 1672, t=2460388.500231154:
  TLE_ECI: r=[  714.54291434  4022.91352745 -6545.89303188], v=[-6.12291935 -2.86726749 -2.428358  ]
  RK45_ECI: r=[-5186.04774014  -518.52180292 -5765.14627299], v=[-3.75931404 -4.72468686  3.82670294]
Epoch 1673, t=2460388.5003064172:
  TLE_ECI: r=[  528.73493056  3935.59938692 -6616.17634243], v=[-6.13766614 -2.97344247 -2.25718965]
  RK45_ECI: r=[-5210.13963209  -551.70016635 -5740.15929757], v=[-3.72842584 -4.72351733  3.85847152]
Epoch 1674, t=2460388.5003816807:
  TLE_ECI: r=[  342.59985397  3845.04629216 -6681.29812106], v=[-6.14753604 -3.07730903 -2.08427148]
  RK45_ECI: r=[-5234.01438404  -584.88153829 -5714.96633716], v=[-3.69740436 -4.72215011  3.89010339]
Epoch 1675, t=2460388.5004569436:
  TLE_ECI: r=[  156.28560327  3751.32464452 -6741.20788801], v=[-6.15252425 -3.17878245 -1.90973779]
  RK45_ECI: r=[-5257.67113608  -618.06451475 -5689.5682864 ], v=[-3.66625089 -4.72058509  3.92159741]
Epoch 1676, t=2460388.500532207:
  TLE_ECI: r=[  -30.05988291  3654.50743039 -6795.85921002], v=[-6.15262975 -3.27777995 -1.73372403]
  RK45_ECI: r=[-5281.10936463  -651.24816861 -5663.96568539], v=[-3.63496626 -4.71882215  3.95295289]
Epoch 1677, t=2460388.5006074705:
  TLE_ECI: r=[ -216.28869505  3554.67015983 -6845.20973435], v=[-6.14785538 -3.3742206  -1.55636676]
  RK45_ECI: r=[-5304.32788902  -684.43066156 -5638.15979968], v=[-3.60355216 -4.71686125  3.98416825]
Epoch 1678, t=2460388.500682734:
  TLE_ECI: r=[ -402.25311252  3451.89081168 -6889.22121954], v=[-6.13820773 -3.46802546 -1.37780351]
  RK45_ECI: r=[-5327.3260923   -717.61088971 -5612.1513009 ], v=[-3.5720096  -4.71470226  4.01524267]
Epoch 1679, t=2460388.500757997:
  TLE_ECI: r=[ -587.80569768  3346.24977376 -6927.8595632 ], v=[-6.12369721 -3.55911765 -1.19817267]
  RK45_ECI: r=[-5350.10282085  -750.78701321 -5585.9414778 ], v=[-3.54034029 -4.71234518  4.04617457]
Epoch 1680, t=2460388.5008332604:
  TLE_ECI: r=[ -772.79944965  3237.82977446 -6961.0948268 ], v=[-6.10433798 -3.6474224  -1.01761343]
  RK45_ECI: r=[-5372.65757757  -783.95810128 -5559.53089125], v=[-3.50854506 -4.70978989  4.07696328]
Epoch 1681, t=2460388.500908524:
  TLE_ECI: r=[ -957.08785902  3126.7158272  -6988.90125747], v=[-6.08014797 -3.73286707 -0.83626564]
  RK45_ECI: r=[-5394.98955091  -817.12274404 -5532.92047409], v=[-3.47662525 -4.70703634  4.10760769]
Epoch 1682, t=2460388.5009837872:
  TLE_ECI: r=[-1140.52506123  3012.99515961 -7011.25730663], v=[-6.05114885 -3.81538121 -0.65426971]
  RK45_ECI: r=[-5417.097726    -850.27925914 -5506.11141903], v=[-3.4445824  -4.70408452  4.1381064 ]
Epoch 1683, t=2460388.5010590507:
  TLE_ECI: r=[-1322.96593955  2896.75714734 -7028.14564565], v=[-6.01736601 -3.89489668 -0.47176655]
  RK45_ECI: r=[-5438.98152152  -883.42653811 -5479.10442451], v=[-3.41241755 -4.70093435  4.16845858]
Epoch 1684, t=2460388.5011343136:
  TLE_ECI: r=[-1504.26622931  2778.09324935 -7039.55317843], v=[-5.97882856 -3.9713476  -0.28889742]
  RK45_ECI: r=[-5460.63984431  -916.56273843 -5451.90082946], v=[-3.38013244 -4.69758587  4.19866273]
Epoch 1685, t=2460388.501209577:
  TLE_ECI: r=[-1684.28266237  2657.09692037 -7045.4710509 ], v=[-5.93556924 -4.04467052 -0.10580385]
  RK45_ECI: r=[-5482.07222727  -949.68692573 -5424.50121661], v=[-3.34772793 -4.69403899  4.22871816]
Epoch 1686, t=2460388.5012848405:
  TLE_ECI: r=[-1862.87302789  2533.86356342 -7045.89465752], v=[-5.88762446 -4.11480435  0.07737247]
  RK45_ECI: r=[-5503.27790496  -982.79768658 -5396.90655472], v=[-3.31520534 -4.69029371  4.25862379]
Epoch 1687, t=2460388.501360104:
  TLE_ECI: r=[-2039.89631595  2408.49044024 -7040.82364467], v=[-5.83503425 -4.18169047  0.26048978]
  RK45_ECI: r=[-5524.25591824 -1015.89333699 -5369.11808134], v=[-3.2825663  -4.68635006  4.28837825]
Epoch 1688, t=2460388.5014353674:
  TLE_ECI: r=[-2215.21281794  2281.07660006 -7030.261911  ], v=[-5.77784225 -4.24527278  0.44340636]
  RK45_ECI: r=[-5545.0057219  -1048.97276517 -5341.13652126], v=[-3.24981181 -4.68220799  4.31798074]
Epoch 1689, t=2460388.5015106304:
  TLE_ECI: r=[-2388.68422826  2151.72281005 -7014.21760469], v=[-5.71609562 -4.3054977   0.62598064]
  RK45_ECI: r=[-5565.52628432 -1082.0341279  -5312.96326236], v=[-3.21694368 -4.6778676   4.34742978]
Epoch 1690, t=2460388.501585894:
  TLE_ECI: r=[-2560.17377681  2020.53145015 -6992.70311761], v=[-5.64984503 -4.36231431  0.80807129]
  RK45_ECI: r=[-5585.81716883 -1115.07648789 -5284.59890892], v=[-3.18396276 -4.67332884  4.3767247 ]
Epoch 1691, t=2460388.5016611572:
  TLE_ECI: r=[-2729.54629573  1887.60647414 -6965.73507659], v=[-5.57914468 -4.41567427  0.98953732]
  RK45_ECI: r=[-5605.87765688 -1148.09842981 -5256.04446471], v=[-3.15087042 -4.66859171  4.40586444]
Epoch 1692, t=2460388.5017364207:
  TLE_ECI: r=[-2896.6683503   1753.05330288 -6933.33433143], v=[-5.50405215 -4.4655319   1.1702382 ]
  RK45_ECI: r=[-5625.70684594 -1181.09826979 -5227.30121121], v=[-3.11766827 -4.66365634  4.43484767]
Epoch 1693, t=2460388.501811684:
  TLE_ECI: r=[-3061.40833556  1616.97874911 -6895.52593992], v=[-5.42462848 -4.51184429  1.35003393]
  RK45_ECI: r=[-5645.30422744 -1214.07489373 -5198.36989887], v=[-3.08435737 -4.65852268  4.46367361]
Epoch 1694, t=2460388.501886947:
  TLE_ECI: r=[-3223.63657386  1479.49094409 -6852.33914986], v=[-5.34093803 -4.55457121  1.52878518]
  RK45_ECI: r=[-5664.66883231 -1247.02645969 -5169.25196348], v=[-3.05093954 -4.65319089  4.49234079]
Epoch 1695, t=2460388.5019622105:
  TLE_ECI: r=[-3383.22543318  1340.69921652 -6803.80737796], v=[-5.25304844 -4.59367529  1.70635337]
  RK45_ECI: r=[-5683.8003468  -1279.95217022 -5139.94789234], v=[-3.0174155  -4.64766092  4.52084873]
Epoch 1696, t=2460388.502037474:
  TLE_ECI: r=[-3540.04939896  1200.71406241 -6749.96818572], v=[-5.16103066 -4.62912192  1.88260077]
  RK45_ECI: r=[-5702.69782372 -1312.8501842  -5110.45913743], v=[-2.98378707 -4.64193292  4.54919596]
Epoch 1697, t=2460388.5021127374:
  TLE_ECI: r=[-3693.9851901   1059.64702321 -6690.86325226], v=[-5.06495883 -4.66087936  2.05739061]
  RK45_ECI: r=[-5721.3606942  -1345.71924493 -5080.78660906], v=[-2.95005546 -4.63600693  4.5773816 ]
Epoch 1698, t=2460388.5021880004:
  TLE_ECI: r=[-3844.91184757   917.6106187  -6626.53834414], v=[-4.96491026 -4.68891872  2.23058717]
  RK45_ECI: r=[-5739.78830989 -1378.55793729 -5050.93136137], v=[-2.91622206 -4.62988305  4.60540461]
Epoch 1699, t=2460388.502263264:
  TLE_ECI: r=[-3992.71083977   774.71821469 -6557.04328212], v=[-4.8609653  -4.71321408  2.40205589]
  RK45_ECI: r=[-5757.98001989 -1411.36489685 -5020.89445518], v=[-2.8822882  -4.62356138  4.63326398]
Epoch 1700, t=2460388.5023385272:
  TLE_ECI: r=[-4137.26613762   631.08400049 -6482.43190489], v=[-4.7532074  -4.73374238  2.57166349]
  RK45_ECI: r=[-5775.9352818  -1444.13885002 -4990.67681565], v=[-2.84825513 -4.61704197  4.66095881]
Epoch 1701, t=2460388.5024137907:
  TLE_ECI: r=[-4278.46431734   486.82285584 -6402.76202987], v=[-4.64172298 -4.75048355  2.73927801]
  RK45_ECI: r=[-5793.65329708 -1476.87811733 -4960.27980048], v=[-2.81412452 -4.61032501  4.68848784]
Epoch 1702, t=2460388.502489054:
  TLE_ECI: r=[-4416.19464616   342.05027106 -6318.09541092], v=[-4.52660136 -4.7634205   2.90476898]
  RK45_ECI: r=[-5811.13353961 -1509.5814432  -4929.70434885], v=[-2.7798976  -4.60341059  4.71585017]
Epoch 1703, t=2460388.502564317:
  TLE_ECI: r=[-4550.3491686    196.8822699  -6228.49769311], v=[-4.40793476 -4.77253911  3.06800748]
  RK45_ECI: r=[-5828.3754095  -1542.2474142  -4898.95154788], v=[-2.74557577 -4.59629882  4.74304483]
Epoch 1704, t=2460388.5026395805:
  TLE_ECI: r=[-4680.82279413    51.43526498 -6134.03836454], v=[-4.28581813 -4.77782833  3.22886622]
  RK45_ECI: r=[-5845.37830314 -1574.87466849 -4868.02249118], v=[-2.7111604  -4.58898985  4.7700708 ]
Epoch 1705, t=2460388.502714844:
  TLE_ECI: r=[-4807.51337522   -94.1739557  -6034.79070516], v=[-4.16034916 -4.77928008  3.38721971]
  RK45_ECI: r=[-5862.1417216  -1607.46193376 -4836.91813245], v=[-2.67665272 -4.58148379  4.79692724]
Epoch 1706, t=2460388.5027901074:
  TLE_ECI: r=[-4930.32179161  -239.82837344 -5930.8317327 ], v=[-4.03162822 -4.77688937  3.54294427]
  RK45_ECI: r=[-5878.66492516 -1640.00753574 -4805.63987012], v=[-2.64205445 -4.57378086  4.82361288]
Epoch 1707, t=2460388.502865371:
  TLE_ECI: r=[-5049.15202771  -385.41081873 -5822.24214567], v=[-3.89975821 -4.77065424  3.69591819]
  RK45_ECI: r=[-5894.94751058 -1672.51036008 -4774.1885235 ], v=[-2.60736668 -4.56588114  4.85012702]
Epoch 1708, t=2460388.502940634:
  TLE_ECI: r=[-5163.9112504   -530.80404971 -5709.10626345], v=[-3.76484457 -4.7605758   3.8460218 ]
  RK45_ECI: r=[-5910.98868838 -1704.96857852 -4742.56565579], v=[-2.57259128 -4.55778493  4.8764683 ]
Epoch 1709, t=2460388.5030158972:
  TLE_ECI: r=[-5274.50987698  -675.8909058  -5591.51196358], v=[-3.62699512 -4.74665828  3.99313757]
  RK45_ECI: r=[-5926.78814139 -1737.38125158 -4710.77194854], v=[-2.53772917 -4.54949228  4.90263613]
Epoch 1710, t=2460388.5030911607:
  TLE_ECI: r=[-5380.86165468  -820.5543122  -5469.55061614], v=[-3.48632006 -4.72890893  4.13715021]
  RK45_ECI: r=[-5942.3453351  -1769.74697022 -4678.80853111], v=[-2.50278178 -4.54100338  4.92862955]
Epoch 1711, t=2460388.503166424:
  TLE_ECI: r=[-5482.88372467  -964.67743291 -5343.31701537], v=[-3.34293181 -4.70733812  4.27794673]
  RK45_ECI: r=[-5957.6595894  -1802.06406677 -4646.67684157], v=[-2.46775081 -4.5323185   4.95444734]
Epoch 1712, t=2460388.5032416875:
  TLE_ECI: r=[-5580.49668949 -1108.14375049 -5212.9093085 ], v=[-3.19694501 -4.68195928  4.41541658]
  RK45_ECI: r=[-5972.73053943 -1834.33142905 -4614.37772253], v=[-2.43263739 -4.52343776  4.98008882]
Epoch 1713, t=2460388.5033169505:
  TLE_ECI: r=[-5673.62468057 -1250.83714336 -5078.42892183], v=[-3.04847637 -4.65278892  4.54945173]
  RK45_ECI: r=[-5987.55746137 -1866.54723737 -4581.91278033], v=[-2.39744341 -4.51436151  5.00555267]
Epoch 1714, t=2460388.503392214:
  TLE_ECI: r=[-5762.19540498 -1392.64204621 -4939.98048418], v=[-2.89764456 -4.61984667  4.67994671]
  RK45_ECI: r=[-6002.1400703  -1898.71055415 -4549.28271551], v=[-2.36216979 -4.50508983  5.03083832]
Epoch 1715, t=2460388.5034674774:
  TLE_ECI: r=[-5846.14022465 -1533.44344465 -4797.6717476 ], v=[-2.74457021 -4.58315517  4.80679878]
  RK45_ECI: r=[-6016.47788162 -1930.81997527 -4516.48868836], v=[-2.32681797 -4.49562294  5.05594482]
Epoch 1716, t=2460388.503542741:
  TLE_ECI: r=[-5925.39419834 -1673.12703508 -4651.61350551], v=[-2.58937574 -4.54274017  4.92990793]
  RK45_ECI: r=[-6030.57027527 -1962.87384183 -4483.53217531], v=[-2.2913897  -4.48596118  5.08087103]
Epoch 1717, t=2460388.503618004:
  TLE_ECI: r=[-5999.89614303 -1811.57928367 -4501.91950825], v=[-2.43218532 -4.49863041  5.04917703]
  RK45_ECI: r=[-6044.41679345 -1994.87075398 -4450.41435327], v=[-2.25588642 -4.47610478  5.10561601]
Epoch 1718, t=2460388.5036932672:
  TLE_ECI: r=[-6069.58866276 -1948.68758967 -4348.70637623], v=[-2.27312468 -4.45085774  5.1645119 ]
  RK45_ECI: r=[-6058.01717409 -2026.80977524 -4417.13593539], v=[-2.22030906 -4.46605387  5.13017921]
Epoch 1719, t=2460388.5037685307:
  TLE_ECI: r=[-6134.41822607 -2084.34027307 -4192.09351043], v=[-2.11232114 -4.39945695  5.27582135]
  RK45_ECI: r=[-6071.37076946 -2058.689098   -4383.69857563], v=[-2.18465954 -4.45580884  5.15455936]
Epoch 1720, t=2460388.503843794:
  TLE_ECI: r=[-6194.33518975 -2218.42673623 -4032.2030007 ], v=[-1.94990341 -4.34446587  5.3830173 ]
  RK45_ECI: r=[-6084.47727694 -2090.50761588 -4350.10315251], v=[-2.14893899 -4.44536986  5.1787558 ]
Epoch 1721, t=2460388.5039190575:
  TLE_ECI: r=[-6249.29384432 -2350.83753783 -3869.15953157], v=[-1.78600153 -4.28592528  5.48601486]
  RK45_ECI: r=[-6097.33613738 -2122.26368014 -4316.35117962], v=[-2.11314917 -4.43473732  5.20276739]
Epoch 1722, t=2460388.5039943205:
  TLE_ECI: r=[-6299.2524589  -2481.4644651  -3703.09028591], v=[-1.62074677 -4.22387891  5.58473238]
  RK45_ECI: r=[-6109.94694338 -2153.95589843 -4282.4438632 ], v=[-2.07729153 -4.42391149  5.22659327]
Epoch 1723, t=2460388.504069584:
  TLE_ECI: r=[-6344.17328676 -2610.20069725 -3534.12484635], v=[-1.45427148 -4.15837341  5.67909153]
  RK45_ECI: r=[-6122.30946574 -2185.58333774 -4248.38193456], v=[-2.04136702 -4.41289253  5.25023287]
Epoch 1724, t=2460388.5041448474:
  TLE_ECI: r=[-6384.0226389  -2736.94078414 -3362.39509448], v=[-1.28670902 -4.08945831  5.76901736]
  RK45_ECI: r=[-6134.42312366 -2217.14420321 -4214.16708773], v=[-2.00537757 -4.40168088  5.27368499]
Epoch 1725, t=2460388.504220111:
  TLE_ECI: r=[-6418.77088394 -2861.58080765 -3188.03510818], v=[-1.11819368 -4.01718601  5.85443841]
  RK45_ECI: r=[-6146.28765394 -2248.6373936  -4179.80022274], v=[-1.96932433 -4.39027675  5.29694897]
Epoch 1726, t=2460388.5042953743:
  TLE_ECI: r=[-6448.39247947 -2984.01845025 -3011.1810568 ], v=[-0.94886051 -3.94161169  5.93528672]
  RK45_ECI: r=[-6157.90255862 -2280.06127227 -4145.28288906], v=[-1.93320905 -4.37868057  5.32002373]
Epoch 1727, t=2460388.5043706372:
  TLE_ECI: r=[-6472.8660023  -3104.15306178 -2831.97109453], v=[-0.77884524 -3.86279333  6.01149792]
  RK45_ECI: r=[-6169.2674813  -2311.41445575 -4110.6163212 ], v=[-1.89703323 -4.36689267  5.34290842]
Epoch 1728, t=2460388.5044459007:
  TLE_ECI: r=[-6492.17413001 -3221.88582    -2650.54525204], v=[-0.60828414 -3.78079164  6.08301128]
  RK45_ECI: r=[-6180.38222574 -2342.69601566 -4075.80126806], v=[-1.86079779 -4.35491321  5.3656025 ]
Epoch 1729, t=2460388.504521164:
  TLE_ECI: r=[-6506.30370908 -3337.11969982 -2467.04532622], v=[-0.43731396 -3.69567     6.14976979]
  RK45_ECI: r=[-6191.24627877 -2373.90417161 -4040.83946227], v=[-1.82450471 -4.34274271  5.38810481]
Epoch 1730, t=2460388.5045964275:
  TLE_ECI: r=[-6515.2457302  -3449.75963111 -2281.61476842], v=[-0.26607177 -3.60749444  6.21172016]
  RK45_ECI: r=[-6201.85941675 -2405.03782872 -4005.73182469], v=[-1.78815512 -4.3303814   5.41041473]
Epoch 1731, t=2460388.5046716905:
  TLE_ECI: r=[-6518.99535473 -3559.7125413  -2094.39857116], v=[-0.09469488 -3.51633358  6.26881293]
  RK45_ECI: r=[-6212.22115712 -2436.09521442 -3970.48010501], v=[-1.75175099 -4.31782983  5.4325311 ]
Epoch 1732, t=2460388.504746954:
  TLE_ECI: r=[-6517.55187759 -3666.88750983 -1905.54315342], v=[ 0.07667933 -3.42225858  6.32100248]
  RK45_ECI: r=[-6222.33133373 -2467.07540539 -3935.08506777], v=[-1.71529327 -4.30508819  5.45445342]
Epoch 1733, t=2460388.5048222174:
  TLE_ECI: r=[-6510.91878884 -3771.19573159 -1715.19624448], v=[ 0.24791348 -3.32534306  6.36824706]
  RK45_ECI: r=[-6232.18964468 -2497.97702881 -3899.54797605], v=[-1.67878345 -4.29215684  5.47618086]
Epoch 1734, t=2460388.504897481:
  TLE_ECI: r=[-6499.10373008 -3872.55066813 -1523.50676664], v=[ 0.41887029 -3.22566306  6.41050888]
  RK45_ECI: r=[-6241.79569108 -2528.79847096 -3863.87043393], v=[-1.64222331 -4.2790363   5.49771241]
Epoch 1735, t=2460388.5049727443:
  TLE_ECI: r=[-6482.1184978  -3970.8681026  -1330.62471682], v=[ 0.58941275 -3.12329701  6.4477541 ]
  RK45_ECI: r=[-6251.1492891  -2559.53864455 -3828.05338219], v=[-1.60561402 -4.26572683  5.51904747]
Epoch 1736, t=2460388.5050480072:
  TLE_ECI: r=[-6459.9790452  -4066.06619223 -1136.70104706], v=[ 0.7594042  -3.0183256   6.47995288]
  RK45_ECI: r=[-6260.25002451 -2590.19579412 -3792.09860703], v=[-1.56895754 -4.25222904  5.54018492]
Epoch 1737, t=2460388.5051232707:
  TLE_ECI: r=[-6432.70542088 -4158.06561449  -941.88754427], v=[ 0.92870848 -2.91083176  6.5070794 ]
  RK45_ECI: r=[-6269.09776445 -2620.76900305 -3756.00688929], v=[-1.53225485 -4.23854313  5.5611243 ]
Epoch 1738, t=2460388.505198534:
  TLE_ECI: r=[-6400.32182256 -4246.78952061  -746.33670896], v=[ 1.09718998 -2.80090059  6.5291119 ]
  RK45_ECI: r=[-6277.69225871 -2651.25691037 -3719.77951826], v=[-1.49550742 -4.22466953  5.5818648 ]
Epoch 1739, t=2460388.5052737975:
  TLE_ECI: r=[-6362.85652935 -4332.16367745  -550.20163345], v=[ 1.26471384 -2.68861928  6.54603268]
  RK45_ECI: r=[-6286.03317068 -2681.65791906 -3683.41813029], v=[-1.45871707 -4.2106088   5.60240545]
Epoch 1740, t=2460388.505349061:
  TLE_ECI: r=[-6320.3418892  -4414.11651204  -353.63587948], v=[ 1.431146   -2.57407702  6.55782815]
  RK45_ECI: r=[-6294.12035667 -2711.97095049 -3646.92368542], v=[-1.42188495 -4.19636122  5.62274567]
Epoch 1741, t=2460388.505424324:
  TLE_ECI: r=[-6272.81430443 -4492.57915448  -156.79335536], v=[ 1.59635334 -2.45736496  6.56448879]
  RK45_ECI: r=[-6301.95347089 -2742.19426866 -3610.29800473], v=[-1.38501306 -4.18192746  5.64288443]
Epoch 1742, t=2460388.5054995874:
  TLE_ECI: r=[-6220.31414789 -4567.48557092    40.17180718], v=[ 1.76020379 -2.3385761   6.56600922]
  RK45_ECI: r=[-6309.53241419 -2772.32696428 -3573.54188476], v=[-1.34810235 -4.16730776  5.66282123]
Epoch 1743, t=2460388.505574851:
  TLE_ECI: r=[-6162.88580714 -4638.77250903   237.1053765 ], v=[ 1.92256646 -2.21780525  6.56238816]
  RK45_ECI: r=[-6316.85698811 -2802.36768983 -3536.65663984], v=[-1.31115433 -4.15250258  5.68255533]
Epoch 1744, t=2460388.5056501143:
  TLE_ECI: r=[-6100.57759412 -4706.37962667   433.85314448], v=[ 2.08331173 -2.09514892  6.55362845]
  RK45_ECI: r=[-6323.9269188  -2832.31486666 -3499.64393725], v=[-1.27417082 -4.13751252  5.7020858 ]
Epoch 1745, t=2460388.5057253777:
  TLE_ECI: r=[-6033.44171684 -4770.24952523   630.26105004], v=[ 2.24231134 -1.97070522  6.53973705]
  RK45_ECI: r=[-6330.74210264 -2862.16742616 -3462.50475542], v=[-1.23715297 -4.12233792  5.72141209]
Epoch 1746, t=2460388.5058006407:
  TLE_ECI: r=[-5961.53424915 -4830.32778104   826.17530253], v=[ 2.39943856 -1.84457385  6.52072502]
  RK45_ECI: r=[-6337.3022628  -2891.92365354 -3425.24094875], v=[-1.20010279 -4.10697948  5.74053319]
Epoch 1747, t=2460388.505875904:
  TLE_ECI: r=[-5884.91502611 -4886.56306269  1021.4425047 ], v=[ 2.55456826 -1.7168559   6.49660752]
  RK45_ECI: r=[-6343.60733388 -2921.58264769 -3387.85332881], v=[-1.16302123 -4.09143748  5.75944865]
Epoch 1748, t=2460388.5059511675:
  TLE_ECI: r=[-5803.64767736 -4938.90706961  1215.90977564], v=[ 2.70757698 -1.58765389  6.46740381]
  RK45_ECI: r=[-6349.65716938 -2951.14307629 -3350.34323385], v=[-1.12590983 -4.07571241  5.77815776]
Epoch 1749, t=2460388.506026431:
  TLE_ECI: r=[-5717.79951686 -4987.31464396  1409.4248729 ], v=[ 2.85834312 -1.45707158  6.43313719]
  RK45_ECI: r=[-6355.4515583  -2980.60338086 -3312.71236062], v=[-1.08877038 -4.05980493  5.79665964]
Epoch 1750, t=2460388.506101694:
  TLE_ECI: r=[-5627.44151426 -5031.74377523  1601.83631421], v=[ 3.00674696 -1.32521395  6.39383502]
  RK45_ECI: r=[-6360.99041425 -3009.96236153 -3274.96188253], v=[-1.05160424 -4.04371549  5.81495366]
Epoch 1751, t=2460388.5061769574:
  TLE_ECI: r=[-5532.64817532 -5072.15570306  1792.99349832], v=[ 3.15267082 -1.19218706  6.34952869]
  RK45_ECI: r=[-6366.27359915 -3039.21875303 -3237.09315341], v=[-1.01441288 -4.02744461  5.83303913]
Epoch 1752, t=2460388.506252221:
  TLE_ECI: r=[-5433.49756697 -5108.51485027  1982.74682524], v=[ 3.2959991  -1.05809799  6.30025354]
  RK45_ECI: r=[-6371.30104148 -3068.37135985 -3199.10735288], v=[-0.97719765 -4.01099274  5.85091546]
Epoch 1753, t=2460388.5063274843:
  TLE_ECI: r=[-5330.07119221 -5140.78892056  2170.94781536], v=[ 3.43661843 -0.92305474  6.24604891]
  RK45_ECI: r=[-6376.07258072 -3097.41864086 -3161.00620022], v=[-0.93996036 -3.99436059  5.86858179]
Epoch 1754, t=2460388.5064027477:
  TLE_ECI: r=[-5222.4539356  -5168.94890941  2357.44922754], v=[ 3.57441774 -0.78716612  6.18695802]
  RK45_ECI: r=[-6380.58815844 -3126.35942666 -3122.79088446], v=[-0.90270236 -3.97754862  5.88603755]
Epoch 1755, t=2460388.5064780107:
  TLE_ECI: r=[-5110.73400663 -5192.96911409  2542.1051762 ], v=[ 3.70928833 -0.65054171  6.12302801]
  RK45_ECI: r=[-6384.84770489 -3155.19240973 -3084.46277703], v=[-0.86542516 -3.96055739  5.90328205]
Epoch 1756, t=2460388.506553274:
  TLE_ECI: r=[-4995.00280404 -5212.82721628  2724.7712468 ], v=[ 3.841124   -0.51329169  6.05430982]
  RK45_ECI: r=[-6388.8511329  -3183.91634247 -3046.02325364], v=[-0.82813023 -3.94338746  5.92031465]
Epoch 1757, t=2460388.5066285376:
  TLE_ECI: r=[-4875.3549302  -5228.50420996  2905.30461045], v=[ 3.96982111 -0.37552679  5.98085819]
  RK45_ECI: r=[-6392.59841757 -3212.53004439 -3007.47351308], v=[-0.79081891 -3.92603934  5.93713476]
Epoch 1758, t=2460388.506703801:
  TLE_ECI: r=[-4751.88805028 -5239.98447923  3083.56413669], v=[ 4.09527865 -0.23735822  5.9027316 ]
  RK45_ECI: r=[-6396.08946152 -3241.03199759 -2968.81530135], v=[-0.75349305 -3.90851376  5.95374161]
Epoch 1759, t=2460388.5067790644:
  TLE_ECI: r=[-4624.70282526 -5247.25579642  3259.41050478], v=[ 4.21739834 -0.09889752  5.81999222]
  RK45_ECI: r=[-6399.32425245 -3269.42104855 -2930.04982609], v=[-0.71615397 -3.89081123  5.97013462]
Epoch 1760, t=2460388.5068543274:
  TLE_ECI: r=[-4493.902843   -5250.30931951  3432.70631345], v=[4.33608472 0.03974348 5.73270583]
  RK45_ECI: r=[-6402.3027728  -3297.69590841 -2891.17847971], v=[-0.6788032  -3.87293235  5.98631318]
Epoch 1761, t=2460388.506929591:
  TLE_ECI: r=[-4359.59446985 -5249.13965308  3603.3161887 ], v=[4.4512452  0.17845284 5.64094179]
  RK45_ECI: r=[-6405.02498661 -3325.85534826 -2852.20265871], v=[-0.64144221 -3.85487773  6.00227665]
Epoch 1762, t=2460388.5070048543:
  TLE_ECI: r=[-4221.88685356 -5243.74477331  3771.10689009], v=[4.56279012 0.31711848 5.54477297]
  RK45_ECI: r=[-6407.4909153  -3353.89820444 -2813.12357988], v=[-0.60407234 -3.83664788  6.0180245 ]
Epoch 1763, t=2460388.5070801177:
  TLE_ECI: r=[-4080.89177128 -5234.12608361  3935.94741476], v=[4.67063286 0.45562837 5.44427566]
  RK45_ECI: r=[-6409.70052482 -3381.82298391 -2773.94301451], v=[-0.56669544 -3.81824362  6.03355598]
Epoch 1764, t=2460388.507155381:
  TLE_ECI: r=[-3936.72355159 -5220.2884004   4097.70909966], v=[4.77468986 0.59387058 5.33952954]
  RK45_ECI: r=[-6411.65386521 -3409.62866602 -2734.66200315], v=[-0.52931267 -3.79966539  6.04887065]
Epoch 1765, t=2460388.507230644:
  TLE_ECI: r=[-3789.49899477 -5202.2399386   4256.2657217 ], v=[4.87488071 0.73173339 5.23061759]
  RK45_ECI: r=[-6413.35092277 -3437.31363407 -2695.28251177], v=[-0.49192606 -3.78091409  6.06396768]
Epoch 1766, t=2460388.5073059076:
  TLE_ECI: r=[-3639.33721494 -5179.99235015  4411.49359551], v=[4.9711282 0.8691054 5.117626 ]
  RK45_ECI: r=[-6414.79176082 -3464.87702773 -2655.80540262], v=[-0.45453657 -3.7619901   6.07884672]
Epoch 1767, t=2460388.507381171:
  TLE_ECI: r=[-3486.35963344 -5153.56064659  4563.27166937], v=[5.06335838 1.00587555 5.00064414]
  RK45_ECI: r=[-6415.97643137 -3492.31758482 -2616.23209408], v=[-0.41714572 -3.74289408  6.09350719]
Epoch 1768, t=2460388.5074564344:
  TLE_ECI: r=[-3330.68981745 -5122.96323311  4711.48161852], v=[5.1515006  1.1419333  4.87976443]
  RK45_ECI: r=[-6416.90496354 -3519.63383899 -2576.56438111], v=[-0.37975536 -3.72362686  6.10794838]
Epoch 1769, t=2460388.5075316974:
  TLE_ECI: r=[-3172.45340865 -5088.22187286  4856.00793627], v=[5.23548759 1.27716865 4.7550823 ]
  RK45_ECI: r=[-6417.57743729 -3546.82454021 -2536.80369211], v=[-0.34236699 -3.70418913  6.12216974]
Epoch 1770, t=2460388.507606961:
  TLE_ECI: r=[-3011.77796039 -5049.36170738  4996.7380225 ], v=[5.31525544 1.41147228 4.6266961 ]
  RK45_ECI: r=[-6417.99393968 -3573.88883666 -2496.95089738], v=[-0.30498159 -3.68458127  6.13617092]
Epoch 1771, t=2460388.5076822243:
  TLE_ECI: r=[-2848.79292319 -5006.41117907  5133.56227001], v=[5.39074373 1.54473561 4.49470698]
  RK45_ECI: r=[-6418.15453652 -3600.8251463  -2457.00799165], v=[-0.26760119 -3.66480425  6.14995117]
Epoch 1772, t=2460388.5077574877:
  TLE_ECI: r=[-2683.62947916 -4959.40204711  5266.37414805], v=[5.46189551 1.67685087 4.35921887]
  RK45_ECI: r=[-6418.05934245 -3627.63247383 -2416.97603783], v=[-0.23022693 -3.64485857  6.16351009]
Epoch 1773, t=2460388.507832751:
  TLE_ECI: r=[-2516.42045033 -4908.36935227  5395.07028335], v=[5.52865736 1.80771124 4.22033834]
  RK45_ECI: r=[-6417.70844978 -3654.30938115 -2376.85685292], v=[-0.19286068 -3.62474513  6.17684703]
Epoch 1774, t=2460388.507908014:
  TLE_ECI: r=[-2347.30020508 -4853.35138195  5519.55053861], v=[5.59097939 1.93721085 4.07817452]
  RK45_ECI: r=[-6417.10199059 -3680.85464094 -2336.65188278], v=[-0.15550392 -3.60446463  6.18996146]
Epoch 1775, t=2460388.5079832776:
  TLE_ECI: r=[-2176.40449236 -4794.38966783  5639.71808804], v=[5.64881534 2.06524498 3.93283905]
  RK45_ECI: r=[-6416.24008577 -3707.26741509 -2296.36200874], v=[-0.11815766 -3.5840175   6.20285306]
Epoch 1776, t=2460388.508058541:
  TLE_ECI: r=[-2003.87041805 -4731.52890967  5755.47949062], v=[5.70212252 2.19171004 3.78444593]
  RK45_ECI: r=[-6415.12287037 -3733.5461538  -2255.98924881], v=[-0.08082388 -3.56340476  6.21552114]
Epoch 1777, t=2460388.5081338044:
  TLE_ECI: r=[-1829.83627705 -4664.81696901  5866.7447602 ], v=[5.75086191 2.31650368 3.63311147]
  RK45_ECI: r=[-6413.75049919 -3759.68987915 -2215.53467854], v=[-0.04350378 -3.54262693  6.22796534]
Epoch 1778, t=2460388.508209068:
  TLE_ECI: r=[-1654.441457   -4594.30482359  5973.42743297], v=[5.79499815 2.43952488 3.47895417]
  RK45_ECI: r=[-6412.1231277  -3785.69718283 -2175.00013546], v=[-6.19915935e-03 -3.52168495e+00  6.24018502e+00]
Epoch 1779, t=2460388.508284331:
  TLE_ECI: r=[-1477.82633964 -4520.0465226   6075.44463218], v=[5.83449956 2.56067403 3.32209464]
  RK45_ECI: r=[-6410.24093992 -3811.56686157 -2134.38708154], v=[ 0.03108845 -3.50057958  6.25217974]
Epoch 1780, t=2460388.5083595943:
  TLE_ECI: r=[-1300.13213554 -4442.09916194  6172.71712974], v=[5.86933813 2.67985302 3.16265552]
  RK45_ECI: r=[-6408.10409047 -3837.29809207 -2093.69640841], v=[ 0.06835809 -3.47931126  6.26394917]
Epoch 1781, t=2460388.5084348577:
  TLE_ECI: r=[-1121.5008519  -4360.52281121  6265.16940533], v=[5.89948957 2.79696525 3.00076134]
  RK45_ECI: r=[-6405.71278331 -3862.8893586  -2052.93015547], v=[ 0.10560773 -3.45788105  6.27549269]
Epoch 1782, t=2460388.508510121:
  TLE_ECI: r=[ -942.07512617 -4275.38048538  6352.72970224], v=[5.92493334 2.91191578 2.83653846]
  RK45_ECI: r=[-6403.06721363 -3888.33970131 -2012.08941009], v=[ 0.14283623 -3.43628953  6.28680995]
Epoch 1783, t=2460388.5085853846:
  TLE_ECI: r=[ -761.99812601 -4186.73809037  6435.33008049], v=[5.94565258 3.02461136 2.67011496]
  RK45_ECI: r=[-6400.16759945 -3913.64774377 -1971.17602857], v=[ 0.18004176 -3.41453767  6.29790041]
Epoch 1784, t=2460388.5086606476:
  TLE_ECI: r=[ -581.41344859 -4094.66436937  6512.90646691], v=[5.9616342  3.13496048 2.50162053]
  RK45_ECI: r=[-6397.01417667 -3938.81230811 -1930.19148774], v=[ 0.2172228  -3.39262627  6.30876361]
Epoch 1785, t=2460388.508735911:
  TLE_ECI: r=[ -400.46495885 -3999.23085645  6585.39870217], v=[5.9728688  3.24287354 2.3311864 ]
  RK45_ECI: r=[-6393.60713357 -3963.83258644 -1889.13668873], v=[ 0.25437839 -3.37055579  6.31939929]
Epoch 1786, t=2460388.5088111744:
  TLE_ECI: r=[ -219.29674886 -3900.5118085   6652.75058514], v=[5.97935075 3.34826278 2.1589452 ]
  RK45_ECI: r=[-6389.94674286 -3988.70709896 -1848.01369052], v=[ 0.29150653 -3.34832735  6.32980685]
Epoch 1787, t=2460388.508886438:
  TLE_ECI: r=[  -38.05297605 -3798.58415564  6714.90991385], v=[5.98107813 3.45104244 1.9850309 ]
  RK45_ECI: r=[-6386.03323949 -4013.43490543 -1806.82359127], v=[ 0.32860606 -3.32594154  6.33998601]
Epoch 1788, t=2460388.508961701:
  TLE_ECI: r=[  143.12222684 -3693.52743931  6771.82852372], v=[5.97805276 3.55112877 1.80957869]
  RK45_ECI: r=[-6381.86692724 -4038.01454284 -1765.56845821], v=[ 0.36567497 -3.30339951  6.34993619]
Epoch 1789, t=2460388.5090369643:
  TLE_ECI: r=[  324.08490809 -3585.42374918  6823.46232252], v=[5.97028015 3.64844018 1.63272486]
  RK45_ECI: r=[-6377.44802454 -4062.44521856 -1724.2492004 ], v=[ 0.40271232 -3.28070174  6.35965715]
Epoch 1790, t=2460388.5091122277:
  TLE_ECI: r=[  504.6913438  -3474.35765995  6869.77132265], v=[5.95776951 3.74289716 1.45460673]
  RK45_ECI: r=[-6372.77682201 -4086.72578295 -1682.86730893], v=[ 0.43971659 -3.25784907  6.36914849]
Epoch 1791, t=2460388.509187491:
  TLE_ECI: r=[  684.79819408 -3360.41616559  6910.71966997], v=[5.94053379 3.83442246 1.27536255]
  RK45_ECI: r=[-6367.85363772 -4110.85491322 -1641.42466677], v=[ 0.47668598 -3.23484255  6.37840974]
Epoch 1792, t=2460388.5092627546:
  TLE_ECI: r=[  864.26260345 -3243.68861161  6946.27566989], v=[5.91858956 3.9229411  1.09513137]
  RK45_ECI: r=[-6362.67874646 -4134.83168955 -1599.92238186], v=[ 0.51361933 -3.21168281  6.38744062]
Epoch 1793, t=2460388.5093380176:
  TLE_ECI: r=[ 1042.94230302 -3124.26662869  6976.41181023], v=[5.8919571  4.00838042 0.91405295]
  RK45_ECI: r=[-6357.25252022 -4158.65468717 -1558.36253835], v=[ 0.55051465 -3.18837101  6.39624063]
Epoch 1794, t=2460388.509413281:
  TLE_ECI: r=[ 1220.69575798 -3002.24405007  7001.10478102], v=[5.86066027 4.09067019 0.73226766]
  RK45_ECI: r=[-6351.57521056 -4182.32313104 -1516.74605321], v=[ 0.58737098 -3.1649077   6.40480954]
Epoch 1795, t=2460388.5094885444:
  TLE_ECI: r=[ 1397.3822213  -2877.71685533  7020.33549138], v=[5.82472659 4.16974256 0.5499164 ]
  RK45_ECI: r=[-6345.64715932 -4205.83589971 -1475.07442965], v=[ 0.62418684 -3.14129373  6.413147  ]
Epoch 1796, t=2460388.509563808:
  TLE_ECI: r=[ 1572.86188057 -2750.78308559  7034.0890832 ], v=[5.78418715 4.2455322  0.36714045]
  RK45_ECI: r=[-6339.46874676 -4229.19170571 -1433.34956507], v=[ 0.66096041 -3.1175302   6.4212526 ]
Epoch 1797, t=2460388.5096390713:
  TLE_ECI: r=[ 1746.99595699 -2621.54276998  7042.35494173], v=[5.73907663 4.31797632 0.18408141]
  RK45_ECI: r=[-6333.04028689 -4252.38965116 -1391.57257625], v=[ 0.69769055 -3.09361777  6.42912607]
Epoch 1798, t=2460388.5097143343:
  TLE_ECI: r=[ 1919.64680529 -2490.09785388  7045.12670319], v=[5.68943324e+00 4.38701469e+00 8.81062002e-04]
  RK45_ECI: r=[-6326.36221956 -4275.42835113 -1349.74556232], v=[ 0.73437529 -3.06955765  6.43676699]
Epoch 1799, t=2460388.5097895977:
  TLE_ECI: r=[ 2090.67804997 -2356.55209815  7042.4022592 ], v=[ 5.63529865  4.45258979 -0.18231869]
  RK45_ECI: r=[-6319.43482937 -4298.30704881 -1307.86944736], v=[ 0.77101368 -3.0453504   6.44417514]
Epoch 1800, t=2460388.509864861:
  TLE_ECI: r=[ 2259.95464578 -2221.01103078  7034.18375827], v=[ 5.57671806  4.5146467  -0.36537596]
  RK45_ECI: r=[-6312.25850896 -4321.02465229 -1265.9457453 ], v=[ 0.80760423 -3.02099693  6.45135023]
Epoch 1801, t=2460388.5099401246:
  TLE_ECI: r=[ 2427.34301257 -2083.5818444   7020.47760404], v=[ 5.51374008  4.57313324 -0.54814897]
  RK45_ECI: r=[-6304.83370013 -4343.57991133 -1223.97636631], v=[ 0.84414515 -2.99649836  6.45829188]
Epoch 1802, t=2460388.5100153876:
  TLE_ECI: r=[ 2592.71112519 -1944.37332587  7001.29445062], v=[ 5.44641673  4.62800001 -0.73049614]
  RK45_ECI: r=[-6297.16079571 -4365.97184145 -1181.9626322 ], v=[ 0.88063513 -2.9718555   6.46499984]
Epoch 1803, t=2460388.510090651:
  TLE_ECI: r=[ 2755.92863887 -1803.49574232  6976.64919467], v=[ 5.37480337  4.67920044 -0.91227622]
  RK45_ECI: r=[-6289.24018383 -4388.19942677 -1139.90606343], v=[ 0.91707274 -2.94706926  6.47147382]
Epoch 1804, t=2460388.5101659144:
  TLE_ECI: r=[ 2916.86695458 -1661.06079951  6946.56096459], v=[ 5.2989587   4.72669073 -1.09334836]
  RK45_ECI: r=[-6281.0723008  -4410.26160221 -1097.80818211], v=[ 0.95345649 -2.92214058  6.47771356]
Epoch 1805, t=2460388.510241178:
  TLE_ECI: r=[ 3075.39934263 -1517.1815264   6911.05310655], v=[ 5.21894467  4.77043003 -1.27357223]
  RK45_ECI: r=[-6272.65755001 -4432.15741581 -1055.67031429], v=[ 0.9897851  -2.89707028  6.48371882]
Epoch 1806, t=2460388.5103164413:
  TLE_ECI: r=[ 3231.40103476 -1371.97219446  6870.1531674 ], v=[ 5.1348265   4.81038035 -1.45280812]
  RK45_ECI: r=[-6263.99643429 -4453.88565596 -1013.49438113], v=[ 1.02605679 -2.87185952  6.48948929]
Epoch 1807, t=2460388.5103917043:
  TLE_ECI: r=[ 3384.74931714 -1225.54823879  6823.89287464], v=[ 5.04667255  4.84650666 -1.63091704]
  RK45_ECI: r=[-6255.08939119 -4475.44536576  -971.28171215], v=[ 1.06227026 -2.84650915  6.49502475]
Epoch 1808, t=2460388.5104669677:
  TLE_ECI: r=[ 3535.3236405  -1078.02612908  6772.30811323], v=[ 4.95455432  4.87877693 -1.80776083]
  RK45_ECI: r=[-6245.93685782 -4496.83556072  -929.0338362 ], v=[ 1.09842408 -2.82102011  6.50032496]
Epoch 1809, t=2460388.510542231:
  TLE_ECI: r=[3683.00569077 -929.52333692 6715.43889943], v=[ 4.85854639  4.90716212 -1.98320223]
  RK45_ECI: r=[-6236.53928591 -4518.05529296  -886.75208503], v=[ 1.13451696 -2.79539325  6.50538971]
Epoch 1810, t=2460388.5106174946:
  TLE_ECI: r=[3827.67949672 -780.15820602 6653.32935153], v=[ 4.75872637  4.93163621 -2.15710504]
  RK45_ECI: r=[-6226.89722681 -4539.10338266  -844.43838737], v=[ 1.17054713 -2.76962977  6.51021875]
Epoch 1811, t=2460388.510692758:
  TLE_ECI: r=[3969.23151629 -630.049869   6586.02765759], v=[ 4.65517483  4.95217625 -2.32933416]
  RK45_ECI: r=[-6217.01114005 -4559.97891409  -802.09407799], v=[ 1.20651331 -2.74373054  6.51481187]
Epoch 1812, t=2460388.510768021:
  TLE_ECI: r=[4107.55072359 -479.31816605 6513.58604012], v=[ 4.54797528  4.96876236 -2.49975572]
  RK45_ECI: r=[-6206.88154173 -4580.68087412  -759.72069145], v=[ 1.24241406 -2.71769653  6.51916888]
Epoch 1813, t=2460388.5108432844:
  TLE_ECI: r=[4242.52870163 -328.08350378 6436.06071779], v=[ 4.437214    4.98137779 -2.6682372 ]
  RK45_ECI: r=[-6196.50891785 -4601.20831039  -717.3197636 ], v=[ 1.27824795 -2.69152873  6.52328958]
Epoch 1814, t=2460388.510918548:
  TLE_ECI: r=[4374.05971735 -176.46683087 6353.51186406], v=[ 4.32298012  4.99000888 -2.83464747]
  RK45_ECI: r=[-6185.89376402 -4621.56030434  -674.89263232], v=[ 1.31401372 -2.66522801  6.5271738 ]
Epoch 1815, t=2460388.5109938113:
  TLE_ECI: r=[4502.04081132  -24.58949645 6266.00356293], v=[ 4.20536548  4.99464513 -2.99885696]
  RK45_ECI: r=[-6175.03669159 -4641.73571732  -632.44123412], v=[ 1.34970959 -2.63879563  6.53082133]
Epoch 1816, t=2460388.5110690747:
  TLE_ECI: r=[4626.37187668  127.42683422 6173.60376161], v=[ 4.08446457  4.99527918 -3.16073772]
  RK45_ECI: r=[-6163.9381612  -4661.73374289  -589.96670992], v=[ 1.38533449 -2.61223234  6.53423203]
Epoch 1817, t=2460388.5111443377:
  TLE_ECI: r=[4746.95573864  279.46026204 6076.38422031], v=[ 3.96037446  4.99190684 -3.3201635 ]
  RK45_ECI: r=[-6152.59886508 -4681.55316238  -547.47119833], v=[ 1.42088648 -2.58553953  6.53740571]
Epoch 1818, t=2460388.511219601:
  TLE_ECI: r=[4863.69822817  431.38880581 5974.42045903], v=[ 3.83319471  4.98452712 -3.47700989]
  RK45_ECI: r=[-6141.01921035 -4701.19329646  -504.95564267], v=[ 1.45636466 -2.55871785  6.54034224]
Epoch 1819, t=2460388.5112948646:
  TLE_ECI: r=[4976.50825983  583.09041694 5867.79170149], v=[ 3.70302736  4.97314219 -3.6311544 ]
  RK45_ECI: r=[-6129.19977844 -4720.65317693  -462.42158503], v=[ 1.49176759 -2.53176832  6.54304149]
Epoch 1820, t=2460388.511370128:
  TLE_ECI: r=[5085.29790192  734.44313107 5756.58081613], v=[ 3.56997678  4.95775743 -3.78247655]
  RK45_ECI: r=[-6117.14124002 -4739.93170774  -419.87096804], v=[ 1.52709354 -2.50469223  6.5455033 ]
Epoch 1821, t=2460388.511445391:
  TLE_ECI: r=[5189.98244905  885.32513669 5640.87425424], v=[ 3.43414966  4.93838138 -3.93085798]
  RK45_ECI: r=[-6104.84420256 -4759.02793975  -377.305336  ], v=[ 1.5623411  -2.47749062  6.54772755]
Epoch 1822, t=2460388.5115206544:
  TLE_ECI: r=[5290.48047946 1035.61493318 5520.76198527], v=[ 3.29565484  4.91502584 -4.0761825 ]
  RK45_ECI: r=[-6092.30909503 -4777.94120908  -334.72563448], v=[ 1.59750935 -2.45016415  6.54971414]
Epoch 1823, t=2460388.511595918:
  TLE_ECI: r=[5386.71393412 1185.19133797 5396.33742934], v=[ 3.15460333  4.88770575 -4.21833627]
  RK45_ECI: r=[-6079.53668377 -4796.67035145  -292.13400856], v=[ 1.63259641 -2.42271426  6.55146295]
Epoch 1824, t=2460388.5116711813:
  TLE_ECI: r=[5478.60816984 1333.93364378 5267.69738689], v=[ 3.01110816  4.85643929 -4.35720778]
  RK45_ECI: r=[-6066.52748931 -4815.21460313  -249.53160477], v=[ 1.66760119 -2.39514176  6.55297388]
Epoch 1825, t=2460388.5117464447:
  TLE_ECI: r=[5566.09202115 1481.72170128 5134.94196573], v=[ 2.86528433  4.82124778 -4.49268805]
  RK45_ECI: r=[-6053.28224083 -4833.57291193  -206.92036999], v=[ 1.70252199 -2.36744795  6.55424684]
Epoch 1826, t=2460388.5118217077:
  TLE_ECI: r=[5649.09786197 1628.43599974 4998.17450525], v=[ 2.7172487   4.78215575 -4.62467064]
  RK45_ECI: r=[-6039.80159373 -4851.74436482  -164.30185179], v=[ 1.73735739 -2.33963392  6.55528175]
Epoch 1827, t=2460388.511896971:
  TLE_ECI: r=[5727.56164133 1773.95782958 4857.50149805], v=[ 2.56711988  4.73919091 -4.75305177]
  RK45_ECI: r=[-6026.086008   -4869.7283208   -121.67699809], v=[ 1.77210652 -2.31170035  6.55607855]
Epoch 1828, t=2460388.5119722346:
  TLE_ECI: r=[5801.42296219 1918.16928061 4713.03250895], v=[ 2.41501818  4.69238409 -4.87773041]
  RK45_ECI: r=[-6012.13631378 -4887.52366459   -79.04795745], v=[ 1.80676749 -2.28364872  6.55663715]
Epoch 1829, t=2460388.512047498:
  TLE_ECI: r=[5870.62511232 2060.95340352 4564.88009134], v=[ 2.26106551  4.64176927 -4.99860837]
  RK45_ECI: r=[-5997.95306813 -4905.1296605    -36.41587853], v=[ 1.84133925 -2.25547985  6.55695752]
Epoch 1830, t=2460388.5121227615:
  TLE_ECI: r=[5935.11511442 2202.19428915 4413.15970117], v=[ 2.10538527  4.58738356 -5.11559034]
  RK45_ECI: r=[-5983.53705807 -4922.54530147     6.21728931], v=[ 1.87582011 -2.22719509  6.55703961]
Epoch 1831, t=2460388.5121980244:
  TLE_ECI: r=[5994.84377589 2341.77714594 4257.98960834], v=[ 1.94810227  4.52926714 -5.22858402]
  RK45_ECI: r=[-5968.88898622 -4939.76971152    48.84999668], v=[ 1.91020868 -2.19879555  6.55688337]
Epoch 1832, t=2460388.512273288:
  TLE_ECI: r=[6049.7657016  2479.58846431 4099.49080577], v=[ 1.78934256  4.46746329 -5.33750019]
  RK45_ECI: r=[-5954.00934313 -4956.80227345    91.48129419], v=[ 1.94450408 -2.17028195  6.55648878]
Epoch 1833, t=2460388.5123485513:
  TLE_ECI: r=[6099.83937076 2615.51600525 3937.78691605], v=[ 1.62923346  4.40201832 -5.44225277]
  RK45_ECI: r=[-5938.89902177 -4973.64192228   134.10903178], v=[ 1.97870448 -2.14165578  6.55585582]
Epoch 1834, t=2460388.5124238147:
  TLE_ECI: r=[6145.02714425 2749.44896316 3773.0040959 ], v=[ 1.46790335  4.33298155 -5.5427589 ]
  RK45_ECI: r=[-5923.55861509 -4990.28795142   176.73205974], v=[ 2.01280881 -2.1129179   6.55498448]
Epoch 1835, t=2460388.512499078:
  TLE_ECI: r=[6185.29530207 2881.27803936 3605.27093831], v=[ 1.3054816   4.26040528 -5.63893902]
  RK45_ECI: r=[-5907.98896719 -5006.73939995   219.34842801], v=[ 2.04681543 -2.08406969  6.55387476]
Epoch 1836, t=2460388.512574341:
  TLE_ECI: r=[6220.61407925 3010.89551538 3434.71837265], v=[ 1.1420985   4.18434476 -5.73071693]
  RK45_ECI: r=[-5892.19082717 -5022.99543011   261.95658685], v=[ 2.08072297 -2.0551123   6.55252668]
Epoch 1837, t=2460388.5126496046:
  TLE_ECI: r=[6250.95765531 3138.19541502 3261.4795627 ], v=[ 0.97788506  4.10485814 -5.81801987]
  RK45_ECI: r=[-5876.16471551 -5039.05544927   304.55558627], v=[ 2.11453056 -2.02604645  6.55094022]
Epoch 1838, t=2460388.512724868:
  TLE_ECI: r=[6276.30422701 3263.07348389 3085.68980254], v=[ 0.81297301  4.02200643 -5.90077859]
  RK45_ECI: r=[-5859.91158685 -5054.91844437   347.14327672], v=[ 2.14823639 -1.99687369  6.54911544]
Epoch 1839, t=2460388.5128001315:
  TLE_ECI: r=[6296.63599224 3385.42734847 2907.48641077], v=[ 0.64749464  3.93585347 -5.97892738]
  RK45_ECI: r=[-5843.43207002 -5070.58373798   389.71850847], v=[ 2.18183943 -1.96759488  6.54705235]
Epoch 1840, t=2460388.5128753944:
  TLE_ECI: r=[6311.93918256 3505.15656633 2727.00862267], v=[ 0.4815827   3.84646585 -6.05240415]
  RK45_ECI: r=[-5826.72714719 -5086.05034103   432.27913294], v=[ 2.21533787 -1.93821159  6.54475103]
Epoch 1841, t=2460388.512950658:
  TLE_ECI: r=[6322.20403403 3622.16278337 2544.39748093], v=[ 0.31537025  3.75391289 -6.12115051]
  RK45_ECI: r=[-5809.79736565 -5101.31768359   474.8242005 ], v=[ 2.24873088 -1.90872457  6.54221149]
Epoch 1842, t=2460388.5130259213:
  TLE_ECI: r=[6327.42485532 3736.3497062  2359.79572431], v=[ 0.14899062  3.6582666  -6.18511178]
  RK45_ECI: r=[-5792.64352295 -5116.3849695    517.35216242], v=[ 2.2820171  -1.87913498  6.5394338 ]
Epoch 1843, t=2460388.5131011847:
  TLE_ECI: r=[6327.59999204 3847.62325694 2173.34767518], v=[-0.01742274  3.55960156 -6.24423707]
  RK45_ECI: r=[-5775.26655208 -5131.25131481   559.8610713 ], v=[ 2.31519492 -1.84944425  6.53641804]
Epoch 1844, t=2460388.513176448:
  TLE_ECI: r=[6322.73183759 3955.89163425 1985.19912533], v=[-0.18373638  3.45799493 -6.2984793 ]
  RK45_ECI: r=[-5757.66711636 -5145.91607291   602.34977854], v=[ 2.34826333 -1.81965329  6.53316427]
Epoch 1845, t=2460388.513251711:
  TLE_ECI: r=[6312.82684265 4061.0653724  1795.49722052], v=[-0.34981694  3.35352636 -6.34779528]
  RK45_ECI: r=[-5739.84625847 -5160.37830801   644.81613892], v=[ 2.38122055 -1.78976369  6.52967263]
Epoch 1846, t=2460388.5133269746:
  TLE_ECI: r=[6297.89546197 4163.05749103 1604.39034385], v=[-0.51553129  3.24627793 -6.39214571]
  RK45_ECI: r=[-5721.80455454 -5174.63747614   687.25920397], v=[ 2.41406576 -1.75977621  6.52594316]
Epoch 1847, t=2460388.513402238:
  TLE_ECI: r=[6277.95221561 4261.78345787 1412.02799777], v=[-0.68074662  3.13633407 -6.43149527]
  RK45_ECI: r=[-5703.54284688 -5188.69282144   729.67742753], v=[ 2.44679763 -1.72969205  6.52197596]
Epoch 1848, t=2460388.5134775015:
  TLE_ECI: r=[6253.01562956 4357.1613346  1218.56068526], v=[-0.84533055  3.02378152 -6.46581258]
  RK45_ECI: r=[-5685.06212279 -5202.54350938   772.06886625], v=[ 2.47941459 -1.69951267  6.5177712 ]
Epoch 1849, t=2460388.513552765:
  TLE_ECI: r=[6223.10823121 4449.11182795 1024.13979   ], v=[-1.00915127  2.90870923 -6.49507029]
  RK45_ECI: r=[-5666.3630797  -5216.18892468   814.43237368], v=[ 2.51191563 -1.669239    6.51332893]
Epoch 1850, t=2460388.513628028:
  TLE_ECI: r=[6188.25654318 4537.55833904  828.91745566], v=[-1.1720776   2.79120831 -6.51924508]
  RK45_ECI: r=[-5647.44681936 -5229.62818624   856.76580998], v=[ 2.54429902 -1.63887265  6.50864938]
Epoch 1851, t=2460388.5137032913:
  TLE_ECI: r=[6148.49100736 4622.42710149  633.04646465], v=[-1.33397918  2.67137194 -6.5383177 ]
  RK45_ECI: r=[-5628.31394622 -5242.8607767    899.06822875], v=[ 2.57656393 -1.60841441  6.50373261]
Epoch 1852, t=2460388.5137785547:
  TLE_ECI: r=[6103.84603781 4703.64713493  436.68011599], v=[-1.4947265   2.54929529 -6.55227296]
  RK45_ECI: r=[-5608.96534636 -5255.8859815    941.33808785], v=[ 2.60870909 -1.5778655   6.49857876]
Epoch 1853, t=2460388.513853818:
  TLE_ECI: r=[6054.35993876 4781.1503785   239.97210296], v=[-1.65419108  2.42507546 -6.56109974]
  RK45_ECI: r=[-5589.40206046 -5268.70301645   983.57344976], v=[ 2.64073294 -1.54722741  6.49318805]
Epoch 1854, t=2460388.5139290816:
  TLE_ECI: r=[6000.07488455 4854.87173088   43.07639026], v=[-1.81224551  2.29881138 -6.56479107]
  RK45_ECI: r=[-5569.6248192  -5281.31129843  1025.77317128], v=[ 2.67263449 -1.51650109  6.4875606 ]
Epoch 1855, t=2460388.5140043446:
  TLE_ECI: r=[5941.03689785 4924.74908851 -153.85290911], v=[-1.96876361  2.17060374 -6.56334403]
  RK45_ECI: r=[-5549.63478216 -5293.7100023   1067.93511998], v=[ 2.70441206 -1.48568819  6.48169665]
Epoch 1856, t=2460388.514079608:
  TLE_ECI: r=[5877.29575274 4990.72346835 -350.66165691], v=[-2.12362055  2.04055487 -6.55675985]
  RK45_ECI: r=[-5529.43258156 -5305.89863779  1110.05835235], v=[ 2.73606484 -1.45478951  6.47559632]
Epoch 1857, t=2460388.5141548715:
  TLE_ECI: r=[5808.90501799 5052.73895345 -547.19581311], v=[-2.27669288  1.90876871 -6.54504385]
  RK45_ECI: r=[-5509.01914633 -5317.87653248  1152.14133178], v=[ 2.76759156 -1.42380628  6.46925979]
Epoch 1858, t=2460388.514230135:
  TLE_ECI: r=[5735.92195395 5110.74281094 -743.30155886], v=[-2.42785871  1.77535068 -6.52820545]
  RK45_ECI: r=[-5488.39556918 -5329.64295379  1194.18212836], v=[ 2.79899071 -1.39274004  6.46268733]
Epoch 1859, t=2460388.514305398:
  TLE_ECI: r=[5658.407493   5164.68550301 -938.8254195 ], v=[-2.57699777  1.64040759 -6.50625816]
  RK45_ECI: r=[-5467.56271537 -5341.19729385  1236.17940628], v=[ 2.83026118 -1.3615919   6.45587912]
Epoch 1860, t=2460388.5143806613:
  TLE_ECI: r=[ 5576.42612696  5214.52079588 -1133.61438703], v=[-2.72399154  1.50404758 -6.47921959]
  RK45_ECI: r=[-5446.52149503 -5352.53895714  1278.13163338], v=[ 2.86140176 -1.33036308  6.44883537]
Epoch 1861, t=2460388.5144559247:
  TLE_ECI: r=[ 5490.04594241  5260.20569916 -1327.5160424 ], v=[-2.86872334  1.36637998 -6.44711138]
  RK45_ECI: r=[-5425.27278521 -5363.66734811  1320.03747568], v=[ 2.89241135 -1.29905471  6.4415563 ]
Epoch 1862, t=2460388.514531188:
  TLE_ECI: r=[ 5399.33850249  5301.70056969 -1520.378677  ], v=[-3.0110784   1.22751528 -6.40995924]
  RK45_ECI: r=[-5403.81771944 -5374.58177606  1361.89501069], v=[ 2.92328846 -1.26766834  6.4340422 ]
Epoch 1863, t=2460388.5146064516:
  TLE_ECI: r=[ 5304.37880091  5338.96912864 -1712.05141359], v=[-3.150944    1.08756496 -6.36779288]
  RK45_ECI: r=[-5382.15717657 -5385.28167975  1403.70290771], v=[ 2.95403201 -1.23620507  6.42629328]
Epoch 1864, t=2460388.5146817146:
  TLE_ECI: r=[ 5205.24521366  5371.9784775  -1902.38432647], v=[-3.28820951  0.94664148 -6.32064602]
  RK45_ECI: r=[-5360.29214658 -5395.76645045  1445.45964091], v=[ 2.98464079 -1.2046662   6.4183098 ]
Epoch 1865, t=2460388.514756978:
  TLE_ECI: r=[ 5102.01936996  5400.69918714 -2091.2285605 ], v=[-3.42276656  0.80485809 -6.26855632]
  RK45_ECI: r=[-5338.22358044 -5406.03553505  1487.16368604], v=[ 3.01511362 -1.17305296  6.41009204]
Epoch 1866, t=2460388.5148322415:
  TLE_ECI: r=[ 4994.78617647  5425.10523131 -2278.43644964], v=[-3.55450904  0.66232881 -6.21156537]
  RK45_ECI: r=[-5315.95239123 -5416.08837719  1528.81371608], v=[ 3.04544942 -1.14136651  6.40164021]
Epoch 1867, t=2460388.514907505:
  TLE_ECI: r=[ 4883.63368336  5445.17407007 -2463.8616338 ], v=[-3.68333324  0.5191683  -6.14971865]
  RK45_ECI: r=[-5293.47976253 -5425.92433918  1570.40781943], v=[ 3.07564673 -1.10960841  6.39295469]
Epoch 1868, t=2460388.5149827683:
  TLE_ECI: r=[ 4768.653025    5460.88665411 -2647.35917485], v=[-3.80913792  0.37549176 -6.08306546]
  RK45_ECI: r=[-5270.80660881 -5435.54289876  1611.94467297], v=[ 3.10570451 -1.07777979  6.38403571]
Epoch 1869, t=2460388.5150580313:
  TLE_ECI: r=[ 4649.93835908  5472.22742742 -2828.78567116], v=[-3.93182439  0.23141486 -6.01165892]
  RK45_ECI: r=[-5247.93396033 -5444.94349135  1653.42275992], v=[ 3.13562157 -1.04588196  6.3748836 ]
Epoch 1870, t=2460388.5151332947:
  TLE_ECI: r=[ 4527.58672322  5479.18439554 -3007.99937064], v=[-4.05129659  0.08705359 -5.93555588]
  RK45_ECI: r=[-5224.86280749 -5454.12560743  1694.84056536], v=[ 3.16539676 -1.0139162   6.36549865]
Epoch 1871, t=2460388.515208558:
  TLE_ECI: r=[ 4401.69804959  5481.74905299 -3184.8602826 ], v=[-4.16746116 -0.0574758  -5.8548169 ]
  RK45_ECI: r=[-5201.59409897 -5463.08872992  1736.1967705 ], v=[ 3.19502904 -0.98188364  6.35588114]
Epoch 1872, t=2460388.5152838216:
  TLE_ECI: r=[ 4272.37501652  5479.91644671 -3359.23028757], v=[-4.28022752 -0.20205689 -5.76950618]
  RK45_ECI: r=[-5178.1290667  -5471.83227547  1777.48947643], v=[ 3.22451698 -0.9497859   6.34603148]
Epoch 1873, t=2460388.515359085:
  TLE_ECI: r=[ 4139.72297887  5473.68516627 -3530.97324572], v=[-4.38950794 -0.34657319 -5.67969147]
  RK45_ECI: r=[-5154.46856046 -5480.35578941  1818.71756218], v=[ 3.2538597  -0.91762398  6.33594993]
Epoch 1874, t=2460388.515434348:
  TLE_ECI: r=[ 4003.84989593  5463.05733366 -3699.95510336], v=[-4.4952176  -0.49090827 -5.58544409]
  RK45_ECI: r=[-5130.61394779 -5488.65866794  1859.87894142], v=[ 3.28305565 -0.88539962  6.32563695]
Epoch 1875, t=2460388.5155096115:
  TLE_ECI: r=[ 3864.86617697  5448.03864967 -3866.04399748], v=[-4.59727465 -0.63494585 -5.48683877]
  RK45_ECI: r=[-5106.56595955 -5496.74052974  1900.97269005], v=[ 3.31210409 -0.85311369  6.31509277]
Epoch 1876, t=2460388.515584875:
  TLE_ECI: r=[ 3722.88468591  5428.63831739 -4029.11035865], v=[-4.69560029 -0.77856985 -5.38395365]
  RK45_ECI: r=[-5082.3256779  -5504.60087011  1941.99730543], v=[ 3.3410039  -0.82076752  6.30431774]
Epoch 1877, t=2460388.5156601383:
  TLE_ECI: r=[ 3578.02058333  5404.86908345 -4189.02701152], v=[-4.7901188  -0.92166452 -5.2768702 ]
  RK45_ECI: r=[-5057.89438213 -5512.23916044  1982.95090305], v=[ 3.36975368 -0.7883627   6.29331234]
Epoch 1878, t=2460388.5157354013:
  TLE_ECI: r=[ 3430.39126287  5376.74720553 -4345.66927342], v=[-4.88075763 -1.06411453 -5.16567313]
  RK45_ECI: r=[-5033.27317483 -5519.65492049  2023.83198705], v=[ 3.3983523  -0.75590057  6.28207694]
Epoch 1879, t=2460388.5158106647:
  TLE_ECI: r=[ 3280.11619128  5344.29248016 -4498.9150506 ], v=[-4.96744742 -1.20580511 -5.0504503 ]
  RK45_ECI: r=[-5008.46280384 -5526.84778973  2064.63963804], v=[ 3.42679906 -0.72338199  6.27061178]
Epoch 1880, t=2460388.515885928:
  TLE_ECI: r=[ 3127.31690457  5307.52816508 -4648.64493248], v=[-5.05012204 -1.34662205 -4.93129272]
  RK45_ECI: r=[-4983.46469501 -5533.81723401  2105.37178908], v=[ 3.45509245 -0.69080875  6.25891741]
Epoch 1881, t=2460388.5159611916:
  TLE_ECI: r=[ 2972.11684524  5266.48100201 -4794.74228337], v=[-5.1287187  -1.48645184 -4.80829437]
  RK45_ECI: r=[-4958.27974452 -5540.56285539  2146.02733322], v=[ 3.48323164 -0.65818187  6.24699412]
Epoch 1882, t=2460388.516036455:
  TLE_ECI: r=[ 2814.64127663  5221.18118487 -4937.09333182], v=[-5.20317792 -1.62518179 -4.68155219]
  RK45_ECI: r=[-4932.90927748 -5547.08418087  2186.60440223], v=[ 3.51121527 -0.62550299  6.23484246]
Epoch 1883, t=2460388.516111718:
  TLE_ECI: r=[ 2655.0171959   5171.66232758 -5075.58725765], v=[-5.27344359 -1.76270004 -4.55116599]
  RK45_ECI: r=[-4907.35443346 -5553.38077641  2227.10151334], v=[ 3.53904226 -0.59277346  6.22246282]
Epoch 1884, t=2460388.5161869815:
  TLE_ECI: r=[ 2493.37316951  5117.96146894 -5210.11627626], v=[-5.33946303 -1.89889579 -4.41723834]
  RK45_ECI: r=[-4881.61598371 -5559.45231186  2267.51775508], v=[ 3.56671191 -0.55999414  6.20985549]
Epoch 1885, t=2460388.516262245:
  TLE_ECI: r=[ 2329.83932059  5060.11899448 -5340.57572075], v=[-5.40118701 -2.03365921 -4.27987449]
  RK45_ECI: r=[-4855.69540377 -5565.29831423  2307.85107951], v=[ 3.59422277 -0.52716684  6.19702106]
Epoch 1886, t=2460388.5163375083:
  TLE_ECI: r=[ 2164.54716178  4998.17863707 -5466.8641211 ], v=[-5.45856976 -2.16688165 -4.1391823 ]
  RK45_ECI: r=[-4829.59361724 -5570.91842196  2348.10038987], v=[ 3.62157403 -0.49429262  6.18395987]
Epoch 1887, t=2460388.516412772:
  TLE_ECI: r=[ 1997.62950466  4932.18743351 -5588.88328085], v=[-5.51156903 -2.29845568 -3.99527214]
  RK45_ECI: r=[-4803.31199366 -5576.31221832  2388.26383586], v=[ 3.64876438 -0.4613731   6.17067249]
Epoch 1888, t=2460388.5164880347:
  TLE_ECI: r=[ 1829.22036693  4862.19568173 -5706.53835118], v=[-5.56014609 -2.42827517 -3.84825679]
  RK45_ECI: r=[-4776.85170837 -5581.47931601  2428.3399493 ], v=[ 3.67579276 -0.42840966  6.15715941]
Epoch 1889, t=2460388.516563298:
  TLE_ECI: r=[ 1659.45480706  4788.25692291 -5819.73790197], v=[-5.60426576 -2.55623543 -3.69825139]
  RK45_ECI: r=[-4750.21355537 -5586.41941563  2468.32782744], v=[ 3.70265852 -0.39540319  6.14342089]
Epoch 1890, t=2460388.5166385616:
  TLE_ECI: r=[ 1488.46890259  4710.427865   -5928.39399056], v=[-5.64389644 -2.6822332  -3.54537329]
  RK45_ECI: r=[-4723.39905788 -5591.13210629  2508.22544333], v=[ 3.72936023 -0.36235549  6.12945762]
Epoch 1891, t=2460388.516713825:
  TLE_ECI: r=[ 1316.39958332  4628.76836096 -6032.42222731], v=[-5.6790101  -2.80616677 -3.38974199]
  RK45_ECI: r=[-4696.40916622 -5595.6170631   2548.03171139], v=[ 3.75589713 -0.32926764  6.11526995]
Epoch 1892, t=2460388.516789088:
  TLE_ECI: r=[ 1143.38455009  4543.34135206 -6131.74183855], v=[-5.70958233 -2.92793605 -3.23147903]
  RK45_ECI: r=[-4669.24542464 -5599.87390352  2587.74461491], v=[ 3.7822678  -0.29614145  6.10085858]
Epoch 1893, t=2460388.5168643515:
  TLE_ECI: r=[  969.5621117   4454.21283233 -6226.27572648], v=[-5.73559229 -3.04744272 -3.07070793]
  RK45_ECI: r=[-4641.90864738 -5603.90235587  2627.36326008], v=[ 3.80847162 -0.26297782  6.08622383]
Epoch 1894, t=2460388.516939615:
  TLE_ECI: r=[  795.07115552  4361.45177471 -6315.95052655], v=[-5.75702279 -3.16459018 -2.90755403]
  RK45_ECI: r=[-4614.40004581 -5607.70208362  2666.88619532], v=[ 3.83450757 -0.22977813  6.0713662 ]
Epoch 1895, t=2460388.5170148783:
  TLE_ECI: r=[  620.05098383  4265.1300919  -6400.69666153], v=[-5.77386024 -3.27928369 -2.74214448]
  RK45_ECI: r=[-4586.72105743 -5611.27276138  2706.31160272], v=[ 3.86037441 -0.19654404  6.05628636]
Epoch 1896, t=2460388.517090142:
  TLE_ECI: r=[  444.6412172   4165.32257602 -6480.44839294], v=[-5.7860947  -3.39143043 -2.57460803]
  RK45_ECI: r=[-4558.87265821 -5614.61410134  2745.63840893], v=[ 3.88607139 -0.16327664  6.0409847 ]
Epoch 1897, t=2460388.5171654047:
  TLE_ECI: r=[  268.98169638  4062.10683924 -6555.14386943], v=[-5.79371984 -3.50093957 -2.40507505]
  RK45_ECI: r=[-4530.85643782 -5617.7257839   2784.86462099], v=[ 3.91159716 -0.12997776  6.02546198]
Epoch 1898, t=2460388.517240668:
  TLE_ECI: r=[   93.21232427  3955.56325691 -6624.72517209], v=[-5.79673291 -3.60772239 -2.23367734]
  RK45_ECI: r=[-4502.67323132 -5620.60756902  2823.9893555 ], v=[ 3.93695111 -0.09664829  6.00971854]
Epoch 1899, t=2460388.5173159316:
  TLE_ECI: r=[  -82.52697121  3845.77489828 -6689.1383571 ], v=[-5.79513483 -3.71169222 -2.06054809]
  RK45_ECI: r=[-4474.32428332 -5623.25916791  2863.01117826], v=[ 3.96213226 -0.06328965  5.99375493]
Epoch 1900, t=2460388.517391195:
  TLE_ECI: r=[ -258.09639555  3732.82746665 -6748.33349507], v=[-5.78893011 -3.81276462 -1.88582172]
  RK45_ECI: r=[-4445.81107166 -5625.68031303  2901.92829383], v=[ 3.98713942 -0.0299035   5.97757187]
Epoch 1901, t=2460388.5174664585:
  TLE_ECI: r=[ -433.35638474  3616.80923133 -6802.26470752], v=[-5.77812684 -3.9108574  -1.70963385]
  RK45_ECI: r=[-4417.13459676 -5627.87075422  2940.73964215], v=[4.01197185e+00 3.50906467e-03 5.96116978e+00]
Epoch 1902, t=2460388.5175417215:
  TLE_ECI: r=[ -608.16770361  3497.81096077 -6850.89020039], v=[-5.76273672 -4.00589065 -1.53212116]
  RK45_ECI: r=[-4388.296492   -5629.8302353   2979.44325583], v=[4.03662829 0.0369462  5.94454947]
Epoch 1903, t=2460388.517616985:
  TLE_ECI: r=[ -782.39159616  3375.92584567 -6894.17229434], v=[-5.74277499 -4.0977869  -1.35342128]
  RK45_ECI: r=[-4359.29761261 -5631.55854801  3018.03826276], v=[4.06110812 0.070407   5.92771131]
Epoch 1904, t=2460388.5176922483:
  TLE_ECI: r=[ -955.88983054  3251.24943565 -6932.07745232], v=[-5.71826047 -4.18647104 -1.17367271]
  RK45_ECI: r=[-4330.13923477 -5633.05545203  3056.52324749], v=[4.08541041 0.10389005 5.9106559 ]
Epoch 1905, t=2460388.517767512:
  TLE_ECI: r=[-1128.5248488   3123.8795598  -6964.57630383], v=[-5.6892155  -4.27187048 -0.99301471]
  RK45_ECI: r=[-4300.82287502 -5634.32073811  3094.89643876], v=[4.10953402 0.13739366 5.893384  ]
Epoch 1906, t=2460388.517842775:
  TLE_ECI: r=[-1300.15986279  2993.91625223 -6991.64366629], v=[-5.65566594 -4.35391516 -0.8115872 ]
  RK45_ECI: r=[-4271.34955751 -5635.35419384  3133.15679075], v=[4.13347825 0.17091673 5.87589606]
Epoch 1907, t=2460388.517918038:
  TLE_ECI: r=[-1470.65895211  2861.46167895 -7013.25856329], v=[-5.61764114 -4.4325376  -0.62953067]
  RK45_ECI: r=[-4241.72095714 -5636.15562722  3171.30236357], v=[4.15724186 0.20445743 5.85819297]
Epoch 1908, t=2460388.5179933016:
  TLE_ECI: r=[-1639.88720311  2726.62004241 -7029.40423978], v=[-5.57517388 -4.507673   -0.44698605]
  RK45_ECI: r=[-4211.93794857 -5636.72486199  3209.3322972 ], v=[4.18082429 0.2380148  5.84027511]
Epoch 1909, t=2460388.518068565:
  TLE_ECI: r=[-1807.71076187  2589.49752505 -7040.06817434], v=[-5.52830042 -4.57925921 -0.26409463]
  RK45_ECI: r=[-4182.00183811 -5637.06170665  3247.24519632], v=[4.20422464 0.27158746 5.82214311]
Epoch 1910, t=2460388.5181438285:
  TLE_ECI: r=[-1973.99697245  2450.20219181 -7045.2420882 ], v=[-5.4770604  -4.64723684 -0.08099795]
  RK45_ECI: r=[-4151.91417954 -5637.16601057  3285.03931545], v=[4.2274418  0.30517368 5.80379779]
Epoch 1911, t=2460388.5182190915:
  TLE_ECI: r=[-2138.61446391  2308.84391662 -7044.92195133], v=[-5.42149686 -4.71154926  0.10216228]
  RK45_ECI: r=[-4121.67616543 -5637.03759792  3322.71344758], v=[4.25047502 0.33877223 5.78523974]
Epoch 1912, t=2460388.518294355:
  TLE_ECI: r=[-2301.43327939  2165.53427317 -7039.1079854 ], v=[-5.36165613 -4.77214272  0.28524433]
  RK45_ECI: r=[-4091.28907202 -5636.67634636  3360.26621164], v=[4.27332342 0.3723817  5.7664696 ]
Epoch 1913, t=2460388.5183696183:
  TLE_ECI: r=[-2462.32493449  2020.38648473 -7027.80466373], v=[-5.29758788 -4.82896629  0.4681065 ]
  RK45_ECI: r=[-4060.75423099 -5636.08210667  3397.69623102], v=[4.29598614 0.40600069 5.74748806]
Epoch 1914, t=2460388.518444882:
  TLE_ECI: r=[-2621.1625451   1873.51531315 -7011.02070817], v=[-5.22934504 -4.88197198  0.65060726]
  RK45_ECI: r=[-4030.07283124 -5635.25473827  3435.00230833], v=[4.31846244 0.43962794 5.72829571]
Epoch 1915, t=2460388.518520145:
  TLE_ECI: r=[-2777.82091815  1725.03697594 -6988.76908284], v=[-5.15698377 -4.93111472  0.83260534]
  RK45_ECI: r=[-3999.24646187 -5634.19414956  3472.18272557], v=[4.34075126 0.47326174 5.70889342]
Epoch 1916, t=2460388.518595408:
  TLE_ECI: r=[-2932.17664381  1575.06906504 -6961.06698492], v=[-5.08056341 -4.97635244  1.01395981]
  RK45_ECI: r=[-3968.27634016 -5632.9002088   3509.23629493], v=[4.36285188 0.50690083 5.6892818 ]
Epoch 1917, t=2460388.5186706716:
  TLE_ECI: r=[-3084.10820984  1423.73042199 -6927.93583228], v=[-5.00014642 -5.01764613  1.19453022]
  RK45_ECI: r=[-3937.16377029 -5631.37284155  3546.16165763], v=[4.38476346 0.54054381 5.66946155]
Epoch 1918, t=2460388.518745935:
  TLE_ECI: r=[-3233.4960667   1271.1410958  -6889.40124817], v=[-4.91579836 -5.05495978  1.37417668]
  RK45_ECI: r=[-3905.90997687 -5629.61193057  3582.95763206], v=[4.40648528 0.57418941 5.64943329]
Epoch 1919, t=2460388.5188211985:
  TLE_ECI: r=[-3380.22273979  1117.42221715 -6845.4930427 ], v=[-4.82758785 -5.08826048  1.55275996]
  RK45_ECI: r=[-3874.51657615 -5627.61743165  3619.62252337], v=[4.42801634 0.60783593 5.62919793]
Epoch 1920, t=2460388.518896462:
  TLE_ECI: r=[-3524.17291556   962.69591247 -6796.24519144], v=[-4.73558649 -5.11751845  1.7301416 ]
  RK45_ECI: r=[-3842.98478772 -5625.38925976  3656.15515989], v=[4.44935594 0.6414821  5.60875611]
Epoch 1921, t=2460388.518971725:
  TLE_ECI: r=[-3665.23352865   807.08521944 -6741.69581082], v=[-4.63986885 -5.14270704  1.90618401]
  RK45_ECI: r=[-3811.31598629 -5622.9273453   3692.55420173], v=[4.47050327 0.67512649 5.58810857]
Epoch 1922, t=2460388.5190469883:
  TLE_ECI: r=[-3803.2938596    650.71394925 -6681.88713057], v=[-4.54051232 -5.16380278  2.08075057]
  RK45_ECI: r=[-3779.51150267 -5620.23166192  3728.81831374], v=[4.49145756 0.70876772 5.56725604]
Epoch 1923, t=2460388.519122252:
  TLE_ECI: r=[-3938.24560547   493.70665275 -6616.86546315], v=[-4.4375972  -5.18078538  2.25370573]
  RK45_ECI: r=[-3747.57258436 -5617.30213677  3764.94633495], v=[4.51221812 0.7424045  5.54619919]
Epoch 1924, t=2460388.519197515:
  TLE_ECI: r=[-4069.98297504   336.18848159 -6546.68117008], v=[-4.33120651 -5.19363778  2.42491511]
  RK45_ECI: r=[-3715.50087984 -5614.13878514  3800.93660092], v=[4.53278399 0.77603513 5.52493897]
Epoch 1925, t=2460388.5192727786:
  TLE_ECI: r=[-4198.40276858   178.28510079 -6471.38862533], v=[-4.22142601 -5.20234613  2.5942456 ]
  RK45_ECI: r=[-3683.29763083 -5610.74156621  3836.78796119], v=[4.55315451 0.80965833 5.50347606]
Epoch 1926, t=2460388.5193480416:
  TLE_ECI: r=[-4323.4044584     20.12260266 -6391.0461756 ], v=[-4.10834411 -5.20689985  2.76156546]
  RK45_ECI: r=[-3650.96423743 -5607.11045991  3872.4991005 ], v=[4.57332893 0.84327268 5.48181122]
Epoch 1927, t=2460388.519423305:
  TLE_ECI: r=[-4444.89026836  -138.17264228 -6305.71609776], v=[-3.99205178 -5.20729162  2.92674443]
  RK45_ECI: r=[-3618.50205528 -5603.24548837  3908.06870852], v=[4.5933065  0.87687678 5.45994524]
Epoch 1928, t=2460388.5194985685:
  TLE_ECI: r=[-4562.76524874  -296.47401023 -6215.46455312], v=[-3.87264253 -5.20351741  3.08965382]
  RK45_ECI: r=[-3585.91235337 -5599.14662339  3943.49564614], v=[4.61308659 0.91046935 5.43787881]
Epoch 1929, t=2460388.519573832:
  TLE_ECI: r=[-4676.93735262  -454.65477336 -6120.36153892], v=[-3.75021232 -5.19557647  3.25016659]
  RK45_ECI: r=[-3553.19681076 -5594.81393984  3978.7782808 ], v=[4.63266828 0.94404868 5.41561294]
Epoch 1930, t=2460388.519649095:
  TLE_ECI: r=[-4787.31750957  -612.58817381 -6020.48083672], v=[-3.6248595  -5.18347133  3.4081575 ]
  RK45_ECI: r=[-3520.35684836 -5590.24746062  4013.91531987], v=[4.65205085 0.97761334 5.39314843]
Epoch 1931, t=2460388.5197243583:
  TLE_ECI: r=[-4893.81968932  -770.14757984 -5915.89995798], v=[-3.4966847  -5.16720786  3.56350315]
  RK45_ECI: r=[-3487.39341489 -5585.4471571   4048.90596757], v=[4.67123387 1.01116237 5.37048579]
Epoch 1932, t=2460388.519799622:
  TLE_ECI: r=[-4996.36097919  -927.20650362 -5806.70008662], v=[-3.36579081 -5.14679523  3.71608211]
  RK45_ECI: r=[-3454.30836449 -5580.41315836  4083.74844603], v=[4.69021637 1.04469391 5.34762614]
Epoch 1933, t=2460388.519874885:
  TLE_ECI: r=[-5094.86164402 -1083.63875684 -5692.96601878], v=[-3.23228287 -5.12224591  3.86577499]
  RK45_ECI: r=[-3421.10282792 -5575.14546152  4118.44180356], v=[4.70899784 1.07820682 5.32457011]
Epoch 1934, t=2460388.5199501486:
  TLE_ECI: r=[-5189.24519097 -1239.3185379  -5574.78609968], v=[-3.09626799 -5.09357568  4.01246459]
  RK45_ECI: r=[-3387.77851294 -5569.6442011   4152.98444111], v=[4.72757741 1.1116994  5.30131875]
Epoch 1935, t=2460388.5200254116:
  TLE_ECI: r=[-5279.43843447 -1394.12051734 -5452.25215768], v=[-2.9578553  -5.06080363  4.15603591]
  RK45_ECI: r=[-3354.33686282 -5563.90944996  4187.37509295], v=[4.74595442 1.14517021 5.2778729 ]
Epoch 1936, t=2460388.520100675:
  TLE_ECI: r=[-5365.3715388  -1547.92000012 -5325.45943548], v=[-2.8171558  -5.02395215  4.29637633]
  RK45_ECI: r=[-3320.77883983 -5557.94121272  4221.61297984], v=[4.76412846 1.1786183  5.25423309]
Epoch 1937, t=2460388.5201759385:
  TLE_ECI: r=[-5446.97809719 -1700.59293392 -5194.50651862], v=[-2.67428237 -4.98304694  4.43337562]
  RK45_ECI: r=[-3287.10632866 -5551.7396837   4255.69636178], v=[4.78209861 1.21204181 5.2304005 ]
Epoch 1938, t=2460388.520251202:
  TLE_ECI: r=[-5524.19517012 -1852.01607056 -5059.49526121], v=[-2.52934962 -4.93811693  4.56692611]
  RK45_ECI: r=[-3253.32047593 -5545.30489933  4289.62430751], v=[4.79986441 1.24543959 5.20637579]
Epoch 1939, t=2460388.5203264654:
  TLE_ECI: r=[-5596.96333955 -2002.06705055 -4920.53070894], v=[-2.38247381 -4.88919437  4.6969227 ]
  RK45_ECI: r=[-3219.42301619 -5538.6370539   4323.39525297], v=[4.81742504 1.27880994 5.18216003]
Epoch 1940, t=2460388.5204017283:
  TLE_ECI: r=[-5665.2267632  -2150.62448598 -4777.72101955], v=[-2.23377278 -4.83631472  4.82326303]
  RK45_ECI: r=[-3185.41541339 -5531.73627027  4357.00796056], v=[4.83477987 1.31215144 5.15775413]
Epoch 1941, t=2460388.520476992:
  TLE_ECI: r=[-5728.93319486 -2297.56812543 -4631.17738059], v=[-2.08336582 -4.77951669  4.94584748]
  RK45_ECI: r=[-3151.2986426  -5524.60258626  4390.4616683 ], v=[4.85192854 1.34546313 5.13315862]
Epoch 1942, t=2460388.520552255:
  TLE_ECI: r=[-5788.03406328 -2442.7788534  -4481.01392462], v=[-1.93137362 -4.7188422   5.06457933]
  RK45_ECI: r=[-3117.07461676 -5517.23626152  4423.75467572], v=[4.86887018 1.37874313 5.10837475]
Epoch 1943, t=2460388.5206275187:
  TLE_ECI: r=[-5842.48448764 -2586.13885357 -4327.34764203], v=[-1.77791815 -4.65433632  5.1793648 ]
  RK45_ECI: r=[-3082.7444972  -5509.63737181  4456.8860729 ], v=[4.88560436 1.41199033 5.08340317]
Epoch 1944, t=2460388.520702782:
  TLE_ECI: r=[-5892.24332002 -2727.53168917 -4170.29829123], v=[-1.62312258 -4.58604731  5.29011313]
  RK45_ECI: r=[-3048.31004337 -5501.80617112  4489.85433221], v=[4.90213032 1.44520302 5.05824504]
Epoch 1945, t=2460388.520778045:
  TLE_ECI: r=[-5937.27318732 -2866.84238151 -4009.98830665], v=[-1.46711119 -4.51402653  5.39673668]
  RK45_ECI: r=[-3013.77273843 -5493.74283229  4522.65824536], v=[4.91844748 1.47837977 5.03290128]
Epoch 1946, t=2460388.5208533085:
  TLE_ECI: r=[-5977.5404885  -3003.95757445 -3846.54270428], v=[-1.31000919 -4.43832843  5.49915098]
  RK45_ECI: r=[-2979.13356896 -5485.44742644  4555.29706839], v=[4.9345555  1.51151962 5.00737244]
Epoch 1947, t=2460388.520928572:
  TLE_ECI: r=[-6013.01547141 -3138.76552417 -3680.08898497], v=[-1.15194273 -4.35901052  5.59727486]
  RK45_ECI: r=[-2944.39447418 -5476.92027845  4587.76914193], v=[4.95045358 1.54462072 4.98165983]
Epoch 1948, t=2460388.5210038354:
  TLE_ECI: r=[-6043.67222478 -3271.15626109 -3510.75703555], v=[-0.99303874 -4.27613331  5.69103043]
  RK45_ECI: r=[-2909.5566289  -5468.16150339  4620.07357825], v=[4.96614132 1.57768194 4.95576413]
Epoch 1949, t=2460388.5210790983:
  TLE_ECI: r=[-6069.48871731 -3401.02164649 -3338.67902787], v=[-0.83342484 -4.18976029  5.78034323]
  RK45_ECI: r=[-2874.62198361 -5459.17145549  4652.20873724], v=[4.98161794 1.61070142 4.92968665]
Epoch 1950, t=2460388.521154362:
  TLE_ECI: r=[-6090.44677633 -3528.25553377 -3163.98931579], v=[-0.67322921 -4.09995786  5.86514227]
  RK45_ECI: r=[-2839.59153486 -5449.95023551  4684.17389224], v=[4.99688313 1.64367821 4.90342798]
Epoch 1951, t=2460388.521229625:
  TLE_ECI: r=[-6106.5321613  -3652.7537508  -2986.82433011], v=[-0.51258052 -4.00679531  5.94536008]
  RK45_ECI: r=[-2804.46678379 -5440.49806994  4715.96786683], v=[5.01193635 1.67661089 4.87698908]
Epoch 1952, t=2460388.5213048887:
  TLE_ECI: r=[-6117.73453709 -3774.41425759 -2807.32247175], v=[-0.35160782 -3.91034473  6.02093279]
  RK45_ECI: r=[-2769.24952608 -5430.81530787  4747.5891947 ], v=[5.02677695 1.70949776 4.85037116]
Epoch 1953, t=2460388.521380152:
  TLE_ECI: r=[-6124.04749133 -3893.13721539 -2625.62400305], v=[-0.19044039 -3.810681    6.09180016]
  RK45_ECI: r=[-2733.94094829 -5420.90210384  4779.03701117], v=[5.04140455 1.7423377  4.82357493]
Epoch 1954, t=2460388.521455415:
  TLE_ECI: r=[-6125.46855193 -4008.82505177 -2441.8709374 ], v=[-0.0292077 -3.7078817  6.1579057]
  RK45_ECI: r=[-2698.54302426 -5410.75887698  4810.30971948], v=[5.05581845 1.77512886 4.79660176]
Epoch 1955, t=2460388.5215306785:
  TLE_ECI: r=[-6121.99914192 -4121.38261526 -2256.20692736], v=[ 0.13196078 -3.60202706  6.21919664]
  RK45_ECI: r=[-2663.05676012 -5400.38576124  4841.40661236], v=[5.07001836 1.80787029 4.76945226]
Epoch 1956, t=2460388.521605942:
  TLE_ECI: r=[-6113.64464762 -4230.71714795 -2068.77715095], v=[ 0.29293561 -3.4931999   6.27562403]
  RK45_ECI: r=[-2627.48367293 -5389.7830329   4872.326545  ], v=[5.08400379 1.84056058 4.74212741]
Epoch 1957, t=2460388.5216812054:
  TLE_ECI: r=[-6100.41436788 -4336.73843587 -1879.72819692], v=[ 0.45358753 -3.38148558  6.32714279]
  RK45_ECI: r=[-2591.82557801 -5378.95110043  4903.06809122], v=[5.09777413 1.87319802 4.71462847]
Epoch 1958, t=2460388.521756469:
  TLE_ECI: r=[-6082.32151738 -4439.35886757 -1689.2079484 ], v=[ 0.61378757 -3.26697188  6.3737117 ]
  RK45_ECI: r=[-2556.08367303 -5367.89015749  4933.63041019], v=[5.11132906 1.90578152 4.68695618]
Epoch 1959, t=2460388.521831732:
  TLE_ECI: r=[-6059.38322858 -4538.49349081 -1497.36546547], v=[ 0.77340714 -3.149749    6.4152935 ]
  RK45_ECI: r=[-2520.25995282 -5356.60068793  4964.01195003], v=[5.12466792 1.93830922 4.65911195]
Epoch 1960, t=2460388.521906995:
  TLE_ECI: r=[-6031.62048406 -4634.0601559  -1304.3508667 ], v=[ 0.93231819 -3.02990942  6.4518549 ]
  RK45_ECI: r=[-2484.35543203 -5345.08285883  4994.21202353], v=[5.13779047 1.97078019 4.6310964 ]
Epoch 1961, t=2460388.5219822587:
  TLE_ECI: r=[-5999.05817734 -4725.97947922 -1110.31520941], v=[ 1.09039324 -2.90754789  6.4833666 ]
  RK45_ECI: r=[-2448.37164173 -5333.33699615  5024.22951855], v=[5.15069626 2.00319301 4.60291056]
Epoch 1962, t=2460388.522057522:
  TLE_ECI: r=[-5961.72503949 -4814.17498172  -915.41036933], v=[ 1.24750553 -2.78276128  6.50980334]
  RK45_ECI: r=[-2412.31041538 -5321.36356732  5054.06305039], v=[5.16338473 2.03554601 4.57455571]
Epoch 1963, t=2460388.5221327855:
  TLE_ECI: r=[-5919.65362721 -4898.57313695  -719.78891934], v=[ 1.40352917 -2.65564858  6.53114391]
  RK45_ECI: r=[-2376.17296011 -5309.1628051   5083.71180291], v=[5.17585561 2.06783807 4.54603265]
Epoch 1964, t=2460388.5222080485:
  TLE_ECI: r=[-5872.88030973 -4979.10341641  -523.60400754], v=[ 1.55833916 -2.52631073  6.54737115]
  RK45_ECI: r=[-2339.96128978 -5296.73525767  5113.17427052], v=[5.18810829 2.10006737 4.51734279]
Epoch 1965, t=2460388.522283312:
  TLE_ECI: r=[-5821.44517929 -5055.69841925  -327.0092349 ], v=[ 1.71181157 -2.39485061  6.55847203]
  RK45_ECI: r=[-2303.6764262  -5284.0811252   5142.44978673], v=[5.20014256 2.13223297 4.48848681]
Epoch 1966, t=2460388.5223585754:
  TLE_ECI: r=[-5765.39210407 -5128.29382585  -130.1585322 ], v=[ 1.86382362 -2.26137291  6.5644376 ]
  RK45_ECI: r=[-2267.31991325 -5271.20078295  5171.53727317], v=[5.21195802 2.16433346 4.45946575]
Epoch 1967, t=2460388.522433839:
  TLE_ECI: r=[-5704.76863246 -5196.82852285    66.79396305], v=[ 2.01425376 -2.12598407  6.56526302]
  RK45_ECI: r=[-2230.89360016 -5258.09475711  5200.43538786], v=[5.22355419 2.19636719 4.43028094]
Epoch 1968, t=2460388.522509102:
  TLE_ECI: r=[-5639.6259825  -5261.24462124   263.69403013], v=[ 2.16298182 -1.98879216  6.56094757]
  RK45_ECI: r=[-2194.39887749 -5244.76338086  5229.14320588], v=[5.23493074 2.22833289 4.40093331]
Epoch 1969, t=2460388.522584365:
  TLE_ECI: r=[-5570.01893641 -5321.48757268   460.38748841], v=[ 2.3098891  -1.84990682  6.55149465]
  RK45_ECI: r=[-2157.83725047 -5231.20708173  5257.65967216], v=[5.24608732 2.26022921 4.37142395]
Epoch 1970, t=2460388.5226596287:
  TLE_ECI: r=[-5496.00588566 -5377.50611649   656.7203211 ], v=[ 2.45485843 -1.70943912  6.53691177]
  RK45_ECI: r=[-2121.21027265 -5217.42627729  5285.98373876], v=[5.25702357 2.29205476 4.34175393]
Epoch 1971, t=2460388.522734892:
  TLE_ECI: r=[-5417.64871998 -5429.25239047   852.53879837], v=[ 2.59777432 -1.56750153  6.51721055]
  RK45_ECI: r=[-2084.51932349 -5203.42133048  5314.11449633], v=[5.26773921 2.3238083  4.31192421]
Epoch 1972, t=2460388.5228101555:
  TLE_ECI: r=[-5335.01278962 -5476.68195533  1047.68960045], v=[ 2.73852303 -1.42420777  6.49240671]
  RK45_ECI: r=[-2047.76626635 -5189.19282568  5342.05064694], v=[5.27823379 2.35548817 4.28193614]
Epoch 1973, t=2460388.5228854185:
  TLE_ECI: r=[-5248.16686581 -5519.75381753  1242.01994038], v=[ 2.87699269 -1.27967275  6.46252003]
  RK45_ECI: r=[-2010.9525001  -5174.74114021  5369.7912964 ], v=[5.28850705 2.38709314 4.2517907 ]
Epoch 1974, t=2460388.522960682:
  TLE_ECI: r=[-5157.18301741 -5558.43052635  1435.37768595], v=[ 3.01307335 -1.13401241  6.42757438]
  RK45_ECI: r=[-1974.07954037 -5160.06674882  5397.33542509], v=[5.29855866 2.41862186 4.22148898]
Epoch 1975, t=2460388.5230359454:
  TLE_ECI: r=[-5062.13664591 -5592.67811336  1627.61148154], v=[ 3.14665713 -0.98734371  6.38759766]
  RK45_ECI: r=[-1937.14878792 -5145.17004327  5424.68214858], v=[5.30838839 2.45007309 4.19103195]
Epoch 1976, t=2460388.523111209:
  TLE_ECI: r=[-4963.10635757 -5622.46618328  1818.57086874], v=[ 3.27763827 -0.83978446  6.34262178]
  RK45_ECI: r=[-1900.16211617 -5130.05165408  5451.83020505], v=[5.31799582 2.48144518 4.16042103]
Epoch 1977, t=2460388.5231864722:
  TLE_ECI: r=[-4860.17391168 -5647.7679254   2008.10640643], v=[ 3.4059132  -0.69145325  6.29268264]
  RK45_ECI: r=[-1863.12091442 -5114.71199919  5478.77872547], v=[5.32738073 2.51273691 4.12965717]
Epoch 1978, t=2460388.523261735:
  TLE_ECI: r=[-4753.42416838 -5668.5601222   2196.06978977], v=[ 3.53138069 -0.54246935  6.23782008]
  RK45_ECI: r=[-1826.02675041 -5099.15157441  5505.52671938], v=[5.33654285 2.54394692 4.09874153]
Epoch 1979, t=2460388.5233369987:
  TLE_ECI: r=[-4642.94494969 -5684.82322592  2382.31396806], v=[ 3.65394188 -0.39295258  6.17807787]
  RK45_ECI: r=[-1788.88114828 -5083.37090152  5532.07320353], v=[5.3454819  2.57507387 4.06767521]
Epoch 1980, t=2460388.523412262:
  TLE_ECI: r=[-4528.82706535 -5696.54129034  2566.69326176], v=[ 3.77350037 -0.24302323  6.11350363]
  RK45_ECI: r=[-1751.68551558 -5067.37041573  5558.41732538], v=[5.35419767 2.60611652 4.03645924]
Epoch 1981, t=2460388.5234875255:
  TLE_ECI: r=[-4411.16416868 -5703.70204216  2749.06347783], v=[ 3.8899623  -0.09280199  6.04414884]
  RK45_ECI: r=[-1714.44173573 -5051.15080514  5584.55786926], v=[5.36268982 2.63707327 4.00509502]
Epoch 1982, t=2460388.5235627885:
  TLE_ECI: r=[-4290.05271159 -5706.29686428  2929.282024  ], v=[4.00323644 0.05759023 5.97006874]
  RK45_ECI: r=[-1677.15138273 -5034.71260699  5610.49387719], v=[5.37095813 2.66794274 3.97358373]
Epoch 1983, t=2460388.523638052:
  TLE_ECI: r=[-4165.59179598 -5704.32085448  3107.20802122], v=[4.11323423 0.20803235 5.89132229]
  RK45_ECI: r=[-1639.81549497 -5018.05613595  5636.22475952], v=[5.37900248 2.69872403 3.94192608]
Epoch 1984, t=2460388.5237133154:
  TLE_ECI: r=[-4037.88319071 -5697.7727533   3282.70241506], v=[4.21986987 0.35840322 5.80797215]
  RK45_ECI: r=[-1602.43613982 -5001.18218956  5661.74920665], v=[5.38682254 2.72941538 3.91012366]
Epoch 1985, t=2460388.523788579:
  TLE_ECI: r=[-3907.03117922 -5686.65499696  3455.62808493], v=[4.32306041 0.50858172 5.72008459]
  RK45_ECI: r=[-1565.01455073 -4984.09116998  5687.06651991], v=[5.39441818 2.7600157  3.87817735]
Epoch 1986, t=2460388.5238638422:
  TLE_ECI: r=[-3773.14248888 -5670.97370279  3625.84995184], v=[4.42272576 0.65844691 5.62772943]
  RK45_ECI: r=[-1527.55261976 -4966.78382202  5712.17553096], v=[5.40178911 2.79052341 3.84608862]
Epoch 1987, t=2460388.523939105:
  TLE_ECI: r=[-3636.32621822 -5650.73865386  3793.23508422], v=[4.51878879 0.80787804 5.53098   ]
  RK45_ECI: r=[-1490.05192612 -4949.26073069  5737.07531975], v=[5.40893516 2.82093716 3.81385865]
Epoch 1988, t=2460388.5240143687:
  TLE_ECI: r=[-3496.6936796  -5625.96333441  3957.6528017 ], v=[4.61117536 0.95675478 5.42991305]
  RK45_ECI: r=[-1452.51351046 -4931.52224273  5761.76532001], v=[5.41585625 2.85125604 3.78148817]
Epoch 1989, t=2460388.524089632:
  TLE_ECI: r=[-3354.35840606 -5596.66485372  4118.97477722], v=[4.6998144  1.10495718 5.3246087 ]
  RK45_ECI: r=[-1414.93944837 -4913.56921731  5786.24427499], v=[5.4225521  2.88147832 3.74897882]
Epoch 1990, t=2460388.5241648955:
  TLE_ECI: r=[-3209.43599061 -5562.86397631  4277.07513666], v=[4.78463797 1.25236586 5.21515035]
  RK45_ECI: r=[-1377.33097566 -4895.40209425  5810.51151458], v=[5.42902262 2.91160294 3.71633149]
Epoch 1991, t=2460388.524240159:
  TLE_ECI: r=[-3062.04400703 -5524.58509408  4431.83055652], v=[4.86558125 1.39886208 5.10162462]
  RK45_ECI: r=[-1339.68999083 -4877.02167446  5834.56591886], v=[5.43526759 2.94162832 3.68354768]
Epoch 1992, t=2460388.524315422:
  TLE_ECI: r=[-2912.30192881 -5481.85619801  4583.12035937], v=[4.94258266 1.54432779 4.98412129]
  RK45_ECI: r=[-1302.01807668 -4858.42859023  5858.40660653], v=[5.44128688 2.97155312 3.65062861]
Epoch 1993, t=2460388.5243906854:
  TLE_ECI: r=[-2760.33096606 -5434.70889031  4730.82660676], v=[5.01558383 1.68864587 4.86273318]
  RK45_ECI: r=[-1264.31627495 -4839.62322004  5882.03303531], v=[5.44708044 3.00137647 3.61757501]
Epoch 1994, t=2460388.524465949:
  TLE_ECI: r=[-2606.25406301 -5383.17830601  4874.83419022], v=[5.08452973 1.83170003 4.73755611]
  RK45_ECI: r=[-1226.58666728 -4820.60648392  5905.44400242], v=[5.45264805 3.03109663 3.58438857]
Epoch 1995, t=2460388.5245412122:
  TLE_ECI: r=[-2450.19573219 -5327.30312027  5015.03091935], v=[5.1493686  1.97337505 4.6086888 ]
  RK45_ECI: r=[-1188.83049057 -4801.37885895  5928.63886697], v=[5.45798968 3.06071258 3.55107019]
Epoch 1996, t=2460388.5246164757:
  TLE_ECI: r=[-2292.28196875 -5267.12550826  5151.3076077 ], v=[5.21005205 2.11355679 4.47623277]
  RK45_ECI: r=[-1151.04964761 -4781.94120147  5951.61655846], v=[5.46310514 3.09022275 3.5176214 ]
Epoch 1997, t=2460388.5246917387:
  TLE_ECI: r=[-2132.64016338 -5202.69110468  5283.5581561 ], v=[5.26653511 2.25213232 4.34029231]
  RK45_ECI: r=[-1113.24572319 -4762.29419043  5974.37623524], v=[5.46799437 3.11962583 3.48404345]
Epoch 1998, t=2460388.524767002:
  TLE_ECI: r=[-1971.39893685 -5134.0489929   5411.67963314], v=[5.31877617 2.38899003 4.20097431]
  RK45_ECI: r=[-1075.41975912 -4742.43823571  5996.91737946], v=[5.47265734 3.14892094 3.45033709]
Epoch 1999, t=2460388.5248422655:
  TLE_ECI: r=[-1808.68812825 -5061.25162631  5535.57235347], v=[5.36673709 2.52401964 4.05838826]
  RK45_ECI: r=[-1037.5738407  -4722.37431739  6019.23884348], v=[5.4770939  3.17810639 3.41650403]
Epoch 2000, t=2460388.524917529:
  TLE_ECI: r=[-1644.63862805 -4984.35481291  5655.13995301], v=[5.41038318 2.65711236 3.91264609]
  RK45_ECI: r=[ -999.70920457 -4702.10294939  6041.3400162 ], v=[5.48130404 3.20718116 3.38254519]
Epoch 2001, t=2460388.524992792:
  TLE_ECI: r=[-1479.3823026  -4903.41765947  5770.28946161], v=[5.44968323 2.78816091 3.76386211]
  RK45_ECI: r=[ -961.82793722 -4681.62513853  6063.21977542], v=[5.48528765 3.23614357 3.34846231]
Epoch 2002, t=2460388.5250680554:
  TLE_ECI: r=[-1313.05182981 -4818.50254251  5880.93137286], v=[5.48460952 2.9170597  3.61215291]
  RK45_ECI: r=[ -923.93108004 -4660.94132219  6084.87762636], v=[5.48904472 3.26499275 3.31425616]
Epoch 2003, t=2460388.525143319:
  TLE_ECI: r=[-1145.78068011 -4729.67503076  5986.97971131], v=[5.51513783 3.04370479 3.45763729]
  RK45_ECI: r=[ -886.02021729 -4640.05222891  6106.31276965], v=[5.49257524 3.29372741 3.27992799]
Epoch 2004, t=2460388.5252185822:
  TLE_ECI: r=[ -977.70295101 -4637.00385213  6088.35209659], v=[5.54124746 3.16799406 3.30043613]
  RK45_ECI: r=[ -848.09725465 -4618.95880206  6127.52421599], v=[5.49587913 3.32234603 3.24547939]
Epoch 2005, t=2460388.5252938457:
  TLE_ECI: r=[ -808.9532749  -4540.56083424  6184.96980482], v=[5.56292125 3.28982724 3.14067229]
  RK45_ECI: r=[ -810.16342721 -4597.66159186  6148.51138465], v=[5.49895641 3.35084761 3.2109113 ]
Epoch 2006, t=2460388.5253691087:
  TLE_ECI: r=[ -639.66672475 -4440.42084576  6276.75782719], v=[5.58014556 3.40910599 2.97847055]
  RK45_ECI: r=[ -772.22082198 -4576.16166391  6169.27321012], v=[5.50180703 3.37923049 3.17622547]
Epoch 2007, t=2460388.525444372:
  TLE_ECI: r=[ -469.97865428 -4336.66174538  6363.64492534], v=[5.59291024 3.52573402 2.81395751]
  RK45_ECI: r=[ -734.27047826 -4554.45948618  6189.80922296], v=[5.50443103 3.40749381 3.14142271]
Epoch 2008, t=2460388.5255196355:
  TLE_ECI: r=[ -300.02467002 -4229.36430746  6445.56368425], v=[5.60120872 3.63961709 2.64726145]
  RK45_ECI: r=[ -696.31397878 -4532.55583258  6210.118665  ], v=[5.50682844 3.43563632 3.10650427]
Epoch 2009, t=2460388.525594899:
  TLE_ECI: r=[ -129.94047081 -4118.61216764  6522.45056182], v=[5.60503794 3.75066314 2.47851226]
  RK45_ECI: r=[ -658.35322841 -4510.45169973  6230.20059889], v=[5.50899923 3.46365652 3.07147179]
Epoch 2010, t=2460388.5256701624:
  TLE_ECI: r=[   40.13824588 -4004.49175475  6594.24593558], v=[5.60439835 3.85878232 2.30784135]
  RK45_ECI: r=[ -620.38945928 -4488.14767371  6250.05447483], v=[5.51094347 3.49155341 3.0363262 ]
Epoch 2011, t=2460388.5257454254:
  TLE_ECI: r=[  210.0758793  -3887.0922236   6660.89414649], v=[5.59929395 3.96388705 2.13538153]
  RK45_ECI: r=[ -582.42475671 -4465.64487784  6269.67928493], v=[5.51266116 3.51932537 3.00106931]
Epoch 2012, t=2460388.525820689:
  TLE_ECI: r=[  379.73707781 -3766.50538347  6722.34353955], v=[5.58973219 4.06589218 1.96126692]
  RK45_ECI: r=[ -544.46015705 -4442.94381026  6289.0745856 ], v=[5.51415239 3.54697158 2.96570191]
Epoch 2013, t=2460388.5258959522:
  TLE_ECI: r=[  548.9867759  -3642.82562826  6778.54650171], v=[5.57572404 4.1647149  1.78563285]
  RK45_ECI: r=[ -506.49723952 -4420.04528952  6308.23966054], v=[5.51541722 3.57449077 2.93022531]
Epoch 2014, t=2460388.5259712157:
  TLE_ECI: r=[  717.69034619 -3516.14986205  6829.45949637], v=[5.55728394 4.2602749  1.60861575]
  RK45_ECI: r=[ -468.53790621 -4396.95036459  6327.17362524], v=[5.51645568 3.6018815  2.89464113]
Epoch 2015, t=2460388.526046479:
  TLE_ECI: r=[  885.71369304 -3386.57742372  6875.04309518], v=[5.5344298  4.35249444 1.43035306]
  RK45_ECI: r=[ -430.58338508 -4373.6596568   6345.87596132], v=[5.5172679  3.62914277 2.85895036]
Epoch 2016, t=2460388.526121742:
  TLE_ECI: r=[ 1052.92334757 -3254.21001266  6915.26200657], v=[5.50718296 4.44129833 1.25098312]
  RK45_ECI: r=[ -392.63575766 -4350.17434619  6364.34571948], v=[5.51785392 3.65627302 2.82315481]
Epoch 2017, t=2460388.5261970055:
  TLE_ECI: r=[ 1219.18661017 -3119.15159802  6950.08510125], v=[5.47556816 4.52661408 1.07064506]
  RK45_ECI: r=[ -354.6960559  -4326.49496058  6382.58248237], v=[5.51821386 3.68327141 2.78725529]
Epoch 2018, t=2460388.526272269:
  TLE_ECI: r=[ 1384.37159531 -2981.50835483  6979.48543489], v=[5.43961355 4.60837187 0.88947873]
  RK45_ECI: r=[ -316.76585416 -4302.62236236  6400.58557626], v=[5.51834784 3.71013672 2.75125313]
Epoch 2019, t=2460388.5263475324:
  TLE_ECI: r=[ 1548.34737331 -2841.38857084  7003.44026737], v=[5.39935067 4.68650464 0.70762457]
  RK45_ECI: r=[ -278.84704968 -4278.55765188  6418.35417024], v=[5.51825595 3.73686752 2.71514998]
Epoch 2020, t=2460388.5264227954:
  TLE_ECI: r=[ 1710.98405407 -2698.90257021  7021.93107928], v=[5.35481437 4.76094814 0.52522351]
  RK45_ECI: r=[ -240.94104579 -4254.30159923  6435.88769617], v=[5.51793834 3.76346271 2.67894701]
Epoch 2021, t=2460388.526498059:
  TLE_ECI: r=[ 1872.15292001 -2554.16260849  7034.94358509], v=[5.3060428  4.83164102 0.34241686]
  RK45_ECI: r=[ -203.04937534 -4229.85509774  6453.18550938], v=[5.51739513 3.78992116 2.64264553]
Epoch 2022, t=2460388.5265733222:
  TLE_ECI: r=[ 2031.72647677 -2407.28281426  7042.4677435 ], v=[5.25307741 4.89852476 0.15934626]
  RK45_ECI: r=[ -165.17360756 -4205.21904669  6470.24697396], v=[5.51662646 3.81624164 2.60624691]
Epoch 2023, t=2460388.5266485857:
  TLE_ECI: r=[ 2189.57858508 -2258.37908217  7044.4977645 ], v=[ 5.1959629   4.96154383 -0.02384652]
  RK45_ECI: r=[ -127.31512933 -4180.39423742  6487.07154109], v=[5.51563251 3.8424231  2.56975228]
Epoch 2024, t=2460388.526723849:
  TLE_ECI: r=[ 2345.58454988 -2107.56898784  7041.03211349], v=[ 5.13474717  5.02064568 -0.20701957]
  RK45_ECI: r=[  -89.47583112 -4155.38182059  6503.6584343 ], v=[5.51441342 3.86846414 2.53316336]
Epoch 2025, t=2460388.526799112:
  TLE_ECI: r=[ 2499.6212112  -1954.97170394  7032.07351225], v=[ 5.06948129  5.07578078 -0.39003104]
  RK45_ECI: r=[  -51.65710871 -4130.18260487  6520.00712336], v=[5.51296939 3.89436369 2.4964813 ]
Epoch 2026, t=2460388.5268743755:
  TLE_ECI: r=[ 2651.56706251 -1800.70787968  7017.62893682], v=[ 5.00021944  5.1269027  -0.57273917]
  RK45_ECI: r=[  -13.86048863 -4104.79752436  6536.1170072 ], v=[5.51130056 3.92012062 2.45970745]
Epoch 2027, t=2460388.526949639:
  TLE_ECI: r=[ 2801.30230928 -1644.89958923  6997.70961246], v=[ 4.92701891  5.17396809 -0.75500245]
  RK45_ECI: r=[   23.91246807 -4079.22752061  6551.98749362], v=[5.50940716 3.94573376 2.42284318]
Epoch 2028, t=2460388.5270249024:
  TLE_ECI: r=[ 2948.70898571 -1487.67020968  6972.33100527], v=[ 4.84994005  5.21693674 -0.93667968]
  RK45_ECI: r=[   61.6603823  -4053.47342257  6567.61807198], v=[5.50728938 3.97120206 2.38588966]
Epoch 2029, t=2460388.527100166:
  TLE_ECI: r=[ 3093.67103983 -1329.14433216  6941.51281101], v=[ 4.76904618  5.25577162 -1.11763009]
  RK45_ECI: r=[   99.38137243 -4027.53643015  6583.00802096], v=[5.50494742 3.99652417 2.3488486 ]
Epoch 2030, t=2460388.527175429:
  TLE_ECI: r=[ 3236.07441988 -1169.44767478  6905.27894065], v=[ 4.68440359  5.2904389  -1.29771344]
  RK45_ECI: r=[  137.07405118 -4001.41738976  6598.15684875], v=[5.50238153 4.02169903 2.31172119]
Epoch 2031, t=2460388.5272506922:
  TLE_ECI: r=[ 3375.80717693 -1008.70694736  6863.65750295], v=[ 4.59608145  5.32090803 -1.47679012]
  RK45_ECI: r=[  174.73690053 -3975.11727541  6613.06399844], v=[5.49959191 4.04672554 2.2745088 ]
Epoch 2032, t=2460388.5273259557:
  TLE_ECI: r=[3512.75952952 -847.0498086  6816.68078399], v=[ 4.5041518   5.34715166 -1.65472126]
  RK45_ECI: r=[  212.3685368  -3948.63694575  6627.72899033], v=[5.4965788  4.07160267 2.23721261]
Epoch 2033, t=2460388.527401219:
  TLE_ECI: r=[3646.82396396 -684.60473023 6764.38522356], v=[ 4.40868948  5.36914576 -1.83136882]
  RK45_ECI: r=[  249.96708677 -3921.97763929  6642.15114767], v=[5.49334246 4.09632908 2.19983435]
Epoch 2034, t=2460388.5274764826:
  TLE_ECI: r=[3777.89531391 -521.50090589 6706.81138863], v=[ 4.30977205  5.3868696  -2.00659571]
  RK45_ECI: r=[  287.5311828  -3895.14023126  6656.33000972], v=[5.48988315 4.12090375 2.16237523]
Epoch 2035, t=2460388.5275517455:
  TLE_ECI: r=[3905.87084103 -357.86816173 6644.00394362], v=[ 4.20747981  5.40030579 -2.18026586]
  RK45_ECI: r=[  325.05928026 -3868.12572927  6670.26505534], v=[5.48620115 4.14532558 2.12483662]
Epoch 2036, t=2460388.527627009:
  TLE_ECI: r=[4030.65031962 -193.83680977 6576.01161778], v=[ 4.10189559  5.4094403  -2.35224437]
  RK45_ECI: r=[  362.54987084 -3840.93514627  6683.95577222], v=[5.4822967  4.16959347 2.08721989]
Epoch 2037, t=2460388.5277022724:
  TLE_ECI: r=[4152.13610698  -29.53761316 6502.88716947], v=[ 3.99310487  5.41426246 -2.52239753]
  RK45_ECI: r=[  400.00158158 -3813.5693776   6697.40171974], v=[5.47817009 4.19370641 2.04952627]
Epoch 2038, t=2460388.527777536:
  TLE_ECI: r=[4270.23322516  134.89836077 6424.68734743], v=[ 3.8811956   5.41476497 -2.69059303]
  RK45_ECI: r=[  437.41255158 -3786.02970889  6710.60227742], v=[5.47382165 4.21766312 2.01175748]
Epoch 2039, t=2460388.527852799:
  TLE_ECI: r=[4384.8494346   299.3398198  6341.47284907], v=[ 3.76625817  5.41094393 -2.85669995]
  RK45_ECI: r=[  474.78124636 -3758.31718184  6723.55696356], v=[5.46925168 4.24146248 1.97391493]
Epoch 2040, t=2460388.5279280622:
  TLE_ECI: r=[4495.89530327  463.65540078 6253.30827578], v=[ 3.64838533  5.40279889 -3.02058894]
  RK45_ECI: r=[  512.10666725 -3730.43245154  6736.26548265], v=[5.46446044 4.26510375 1.93599946]
Epoch 2041, t=2460388.5280033257:
  TLE_ECI: r=[4603.28428058  627.71369768 6160.26208521], v=[ 3.52767215  5.39033274 -3.18213228]
  RK45_ECI: r=[  549.38678358 -3702.37696124  6748.72718695], v=[5.4594483  4.28858555 1.89801301]
Epoch 2042, t=2460388.528078589:
  TLE_ECI: r=[4706.93276331  791.38341564 6062.40654068], v=[ 3.40421591  5.37355185 -3.34120399]
  RK45_ECI: r=[  586.62041249 -3674.15151128  6760.94173543], v=[5.45421557 4.31190699 1.85995662]
Epoch 2043, t=2460388.5281538526:
  TLE_ECI: r=[4806.76016182  954.53346244 5959.81765759], v=[ 3.27811608  5.35246597 -3.49767992]
  RK45_ECI: r=[  623.80570739 -3645.75743315  6772.90856451], v=[5.44876261 4.33506682 1.82183204]
Epoch 2044, t=2460388.5282291155:
  TLE_ECI: r=[4902.68896683 1117.03303821 5852.57514693], v=[ 3.1494742   5.32708829 -3.65143785]
  RK45_ECI: r=[  660.94114727 -3617.19580752  6784.6272379 ], v=[5.44308979 4.35806397 1.78364068]
Epoch 2045, t=2460388.528304379:
  TLE_ECI: r=[4994.644798   1278.75179695 5740.76235597], v=[ 3.01839378  5.29743545 -3.80235759]
  RK45_ECI: r=[  698.02574388 -3588.46731591  6796.09748818], v=[5.4371974  4.38089771 1.74538342]
Epoch 2046, t=2460388.5283796424:
  TLE_ECI: r=[5082.55648107 1439.55986505 5624.46620591], v=[ 2.88498032  5.26352744 -3.95032107]
  RK45_ECI: r=[  735.05748305 -3559.5734508   6807.31873057], v=[5.43108585 4.40356669 1.70706218]
Epoch 2047, t=2460388.528454906:
  TLE_ECI: r=[5166.35609265 1599.32800186 5503.77712693], v=[ 2.74934115  5.22538772 -4.09521244]
  RK45_ECI: r=[  772.0351943  -3530.51504331  6818.29065805], v=[5.42475551 4.42607007 1.66867803]
Epoch 2048, t=2460388.5285301693:
  TLE_ECI: r=[5245.97901691 1757.92768927 5378.7889902 ], v=[ 2.61158534  5.18304311 -4.23691816]
  RK45_ECI: r=[  808.95704715 -3501.29346953  6829.01276442], v=[5.41820678 4.44840662 1.63023273]
Epoch 2049, t=2460388.5286054322:
  TLE_ECI: r=[5321.36400276 1915.23121953 5249.59903729], v=[ 2.47182371  5.13652384 -4.37532707]
  RK45_ECI: r=[  845.82153595 -3471.90984795  6839.48465924], v=[5.41144008 4.47057532 1.59172771]
Epoch 2050, t=2460388.5286806957:
  TLE_ECI: r=[5392.45319065 2071.11186028 5116.30780682], v=[ 2.3301686   5.0858635  -4.51033054]
  RK45_ECI: r=[  882.6276836  -3442.36488588  6849.70610339], v=[5.40445572 4.49257544 1.55316383]
Epoch 2051, t=2460388.528755959:
  TLE_ECI: r=[5459.19219115 2225.44386426 4979.01905827], v=[ 2.18673391  5.03109903 -4.64182249]
  RK45_ECI: r=[  919.37349464 -3412.66012359  6859.67657561], v=[5.3972542  4.51440569 1.51454306]
Epoch 2052, t=2460388.5288312226:
  TLE_ECI: r=[5521.53010748 2378.10263285 4837.8396933 ], v=[ 2.04163498  4.97227071 -4.76969952]
  RK45_ECI: r=[  956.05781217 -3382.79642214  6869.39580319], v=[5.38983589 4.53606525 1.47586646]
Epoch 2053, t=2460388.5289064855:
  TLE_ECI: r=[5579.41958885 2528.96478572 4692.87967439], v=[ 1.89498846  4.90942212 -4.89386098]
  RK45_ECI: r=[  992.67864971 -3352.77534279  6878.86329392], v=[5.38220131 4.55755283 1.43713599]
Epoch 2054, t=2460388.528981749:
  TLE_ECI: r=[5632.81683936 2677.9083265  4544.25194098], v=[ 1.74691222  4.84260014 -5.01420907]
  RK45_ECI: r=[ 1029.23504063 -3322.59761494  6888.07883508], v=[5.37435079 4.57886774 1.39835254]
Epoch 2055, t=2460388.5290570124:
  TLE_ECI: r=[5681.68169644 2824.81264491 4392.07232294], v=[ 1.59752532  4.77185489 -5.13064889]
  RK45_ECI: r=[ 1065.72549784 -3292.26439683  6897.04208456], v=[5.3662848  4.60000899 1.35951753]
Epoch 2056, t=2460388.529132276:
  TLE_ECI: r=[5725.97763473 2969.55868079 4236.45945176], v=[ 1.44694788  4.69723969 -5.24308856]
  RK45_ECI: r=[ 1102.14822075 -3261.77713301  6905.75262896], v=[5.35800385 4.62097541 1.32063275]
Epoch 2057, t=2460388.5292075393:
  TLE_ECI: r=[5765.67180273 3112.0290052  4077.53466928], v=[ 1.29530094  4.61881108 -5.35143929]
  RK45_ECI: r=[ 1138.50206729 -3231.13671362  6914.21023007], v=[5.34950835 4.64176621 1.28169928]
Epoch 2058, t=2460388.5292828023:
  TLE_ECI: r=[5800.73505886 3252.10790036 3915.42193402], v=[ 1.14270645  4.53662872 -5.45561542]
  RK45_ECI: r=[ 1174.78507249 -3200.34474555  6922.41445993], v=[5.34079887 4.66238016 1.24271908]
Epoch 2059, t=2460388.5293580657:
  TLE_ECI: r=[5831.14195702 3389.68152329 3750.24772542], v=[ 0.98928706  4.4507554  -5.55553455]
  RK45_ECI: r=[ 1210.99628302 -3169.40198256  6930.36513449], v=[5.33187579 4.68281659 1.20369306]
Epoch 2060, t=2460388.529433329:
  TLE_ECI: r=[5856.87082339 3524.63789807 3582.14094562], v=[ 0.83516614  4.36125694 -5.65111758]
  RK45_ECI: r=[ 1247.13423026 -3138.30961837  6938.0619582 ], v=[5.3227396  4.70307453 1.16462264]
Epoch 2061, t=2460388.5295085926:
  TLE_ECI: r=[5877.90373682 3656.8670766  3411.23281931], v=[ 0.6804676   4.2682022  -5.74228877]
  RK45_ECI: r=[ 1283.19713455 -3107.06913859  6945.50457612], v=[5.31339088 4.72315287 1.12550963]
Epoch 2062, t=2460388.529583856:
  TLE_ECI: r=[5894.22655242 3786.26121305 3237.65679146], v=[ 0.52531582  4.17166299 -5.82897584]
  RK45_ECI: r=[ 1319.18386983 -3075.68146151  6952.69278482], v=[5.30383006 4.74305084 1.0863551 ]
Epoch 2063, t=2460388.529659119:
  TLE_ECI: r=[5905.82892429 3912.71463657 3061.54842305], v=[ 0.36983555  4.07171403 -5.91111001]
  RK45_ECI: r=[ 1355.09249486 -3044.148238    6959.62622091], v=[5.29405779 4.76276726 1.04716104]
Epoch 2064, t=2460388.5297343824:
  TLE_ECI: r=[5912.70426816 4036.1240086  2883.04528502], v=[ 0.21415175  3.9684329  -5.98862606]
  RK45_ECI: r=[ 1390.92207044 -3012.47024546  6966.30472926], v=[5.28407446 4.78230147 1.00792835]
Epoch 2065, t=2460388.529809646:
  TLE_ECI: r=[5914.84983412 4156.38830584 2702.28685018], v=[ 0.05838957  3.86189997 -6.06146242]
  RK45_ECI: r=[ 1426.67114792 -2980.64871195  6972.72806108], v=[5.27388062 4.80165256 0.96865846]
Epoch 2066, t=2460388.5298849093:
  TLE_ECI: r=[5912.26666368 4273.40897398 2519.41438362], v=[-0.0973258   3.75219834 -6.12956118]
  RK45_ECI: r=[ 1462.3379705  -2948.68516259  6978.89592026], v=[5.26347688 4.82081944 0.9293532 ]
Epoch 2067, t=2460388.5299601727:
  TLE_ECI: r=[5904.95959952 4387.08999336 2334.57083138], v=[-0.25286922  3.6394138  -6.19286817]
  RK45_ECI: r=[ 1497.92142929 -2916.58054292  6984.80813831], v=[5.25286373 4.83980139 0.89001363]
Epoch 2068, t=2460388.5300354357:
  TLE_ECI: r=[5892.93729416 4497.33794252 2147.90070761], v=[-0.40811573  3.52363471 -6.25133303]
  RK45_ECI: r=[ 1533.41960869 -2884.33654617  6990.46441679], v=[5.24204185 4.85859725 0.85064176]
Epoch 2069, t=2460388.530110699:
  TLE_ECI: r=[5876.21214977 4604.06214616 1959.54998037], v=[-0.56294064  3.40495199 -6.3049092 ]
  RK45_ECI: r=[ 1568.83158466 -2851.95397258  6995.86462956], v=[5.23101168 4.87720642 0.81123849]
Epoch 2070, t=2460388.5301859626:
  TLE_ECI: r=[5854.80038543 4707.17464799 1769.66595586], v=[-0.71721961  3.283459   -6.35355401]
  RK45_ECI: r=[ 1604.15593001 -2819.43408333  7001.00857488], v=[5.2197738  4.89562799 0.77180526]
Epoch 2071, t=2460388.530261226:
  TLE_ECI: r=[5828.7219711  4806.59035458 1578.39716166], v=[-0.87082881  3.1592515  -6.39722871]
  RK45_ECI: r=[ 1639.39091261 -2786.77844151  7005.89601572], v=[5.20832888 4.91386095 0.7323439 ]
Epoch 2072, t=2460388.530336489:
  TLE_ECI: r=[5798.00063781 4902.22707271 1385.89322865], v=[-1.02364496  3.03242755 -6.4358985 ]
  RK45_ECI: r=[ 1674.53511659 -2753.98832487  7010.52677643], v=[5.19667755 4.93190442 0.69285586]
Epoch 2073, t=2460388.5304117524:
  TLE_ECI: r=[5762.66379953 4994.00564783 1192.3047722 ], v=[-1.17554551  2.90308741 -6.46953256]
  RK45_ECI: r=[ 1709.58762973 -2721.06454965  7014.90075057], v=[5.18482023 4.94975779 0.65334203]
Epoch 2074, t=2460388.530487016:
  TLE_ECI: r=[5722.74261522 5081.84992861  997.78327194], v=[-1.32640866  2.77133353 -6.49810407]
  RK45_ECI: r=[ 1744.54656839 -2688.00885577  7019.01771433], v=[5.17275769 4.96741999 0.61380442]
Epoch 2075, t=2460388.5305622793:
  TLE_ECI: r=[5678.27190515 5165.68690022  802.4809512 ], v=[-1.47611356  2.63727039 -6.52159026]
  RK45_ECI: r=[ 1779.41085354 -2654.82223034  7022.87755546], v=[5.16049046 4.98489032 0.57424413]
Epoch 2076, t=2460388.5306375427:
  TLE_ECI: r=[5629.29013525 5245.44672921  606.55065549], v=[-1.6245403   2.50100444 -6.53997243]
  RK45_ECI: r=[ 1814.17877939 -2621.50627297  7026.48009621], v=[5.14801926 5.0021678  0.53466297]
Epoch 2077, t=2460388.5307128057:
  TLE_ECI: r=[5575.83939919 5321.0628071   410.14573048], v=[-1.77157011  2.36264402 -6.55323593]
  RK45_ECI: r=[ 1848.84911057 -2588.0621393   7029.82522337], v=[5.1353447  5.01925168 0.49506222]
Epoch 2078, t=2460388.530788069:
  TLE_ECI: r=[5517.96532048 5392.47187235  213.41989962], v=[-1.91708544  2.22229926 -6.56137022]
  RK45_ECI: r=[ 1883.42048147 -2554.49112658  7032.91281433], v=[5.12246739 5.03614115 0.45544333]
Epoch 2079, t=2460388.5308633326:
  TLE_ECI: r=[5455.71710595 5459.61396602   16.52714107], v=[-2.06097001  2.080082   -6.56436886]
  RK45_ECI: r=[ 1917.89150837 -2520.79455389  7035.7427561 ], v=[5.10938801 5.05283541 0.41580776]
Epoch 2080, t=2460388.530938596:
  TLE_ECI: r=[5389.14744187 5522.4325488  -180.37843524], v=[-2.20310895  1.93610566 -6.56222951]
  RK45_ECI: r=[ 1952.26097565 -2486.97358623  7038.31495655], v=[5.09610717 5.06933371 0.37615679]
Epoch 2081, t=2460388.5310138594:
  TLE_ECI: r=[5318.31246415 5580.87453283 -377.14271086], v=[-2.34338891  1.79048518 -6.55495392]
  RK45_ECI: r=[ 1986.52720569 -2453.02985804  7040.62929745], v=[5.08262563 5.08563513 0.33649224]
Epoch 2082, t=2460388.5310891224:
  TLE_ECI: r=[5243.27172653 5634.89031191 -573.61168204], v=[-2.48169811  1.64333693 -6.54254798]
  RK45_ECI: r=[ 2020.68898622 -2418.96455225  7042.68570689], v=[5.06894404 5.10173894 0.2968154 ]
Epoch 2083, t=2460388.531164386:
  TLE_ECI: r=[5164.08808406 5684.43386524 -769.63158273], v=[-2.6179265   1.49477855 -6.52502166]
  RK45_ECI: r=[ 2054.74497539 -2384.77899427  7044.48410974], v=[5.05506306 5.11764439 0.25712771]
Epoch 2084, t=2460388.5312396493:
  TLE_ECI: r=[5080.82773763 5729.46270425 -965.04900763], v=[-2.75196576  1.34492892 -6.50238903]
  RK45_ECI: r=[ 2088.69396889 -2350.47437594  7046.02444703], v=[5.04098334 5.13335075 0.21743045]
Epoch 2085, t=2460388.5313149127:
  TLE_ECI: r=[ 4993.56011153  5769.93797126 -1159.71103459], v=[-2.8837095   1.19390803 -6.47466822]
  RK45_ECI: r=[ 2122.53431292 -2316.05235831  7047.30664817], v=[5.02670569 5.14885715 0.17772547]
Epoch 2086, t=2460388.531390176:
  TLE_ECI: r=[ 4902.35781122  5805.82445659 -1353.4653467 ], v=[-3.01305326  1.04183687 -6.44188144]
  RK45_ECI: r=[ 2156.26482115 -2281.51413912  7048.33067437], v=[5.01223078 5.16416289 0.13801402]
Epoch 2087, t=2460388.531465439:
  TLE_ECI: r=[ 4807.29657783  5837.09061512 -1546.16035381], v=[-3.13989463  0.88883733 -6.40405493]
  RK45_ECI: r=[ 2189.88415175 -2246.8610841   7049.09648854], v=[4.99755933 5.17926722 0.09829758]
Epoch 2088, t=2460388.5315407026:
  TLE_ECI: r=[ 4708.45515541  5863.70864994 -1737.64531319], v=[-3.26413337  0.73503211 -6.36121894]
  RK45_ECI: r=[ 2223.39098815 -2212.09454539  7049.60406302], v=[4.98269204 5.19416942 0.05857759]
Epoch 2089, t=2460388.531615966:
  TLE_ECI: r=[ 4605.91532639  5885.65445059 -1927.77044972], v=[-3.38567141  0.58054458 -6.31340772]
  RK45_ECI: r=[ 2256.78415077 -2177.21574051  7049.85338028], v=[4.96762961 5.20886881 0.01885535]
Epoch 2090, t=2460388.5316912294:
  TLE_ECI: r=[ 4499.76177397  5902.90767098 -2116.38707487], v=[-3.50441302  0.42549874 -6.26065946]
  RK45_ECI: r=[ 2290.06201684 -2142.22636252  7049.84442936], v=[ 4.95237288  5.22336456 -0.02086732]
Epoch 2091, t=2460388.5317664924:
  TLE_ECI: r=[ 4390.08204417  5915.45171993 -2303.34770479], v=[-3.62026482  0.27001906 -6.20301627]
  RK45_ECI: r=[ 2323.22326812 -2107.12780029  7049.57721478], v=[ 4.93692264  5.23765593 -0.06058895]
Epoch 2092, t=2460388.531841756:
  TLE_ECI: r=[ 4276.96640273  5923.27382702 -2488.50617714], v=[-3.73313589  0.11423037 -6.14052414]
  RK45_ECI: r=[ 2356.26706105 -2071.92094693  7049.05174137], v=[ 4.92127942  5.25174243 -0.10030865]
Epoch 2093, t=2460388.5319170193:
  TLE_ECI: r=[ 4160.50786249  5926.36497555 -2671.71776697], v=[-3.84293782 -0.04174221 -6.07323289]
  RK45_ECI: r=[ 2389.19163503 -2036.60767984  7048.26803457], v=[ 4.90544419  5.26562317 -0.14002438]
Epoch 2094, t=2460388.5319922827:
  TLE_ECI: r=[ 4040.80203554  5924.71996295 -2852.83930099], v=[-3.94958482 -0.1977734  -6.00119614]
  RK45_ECI: r=[ 2421.99599323 -2001.18907441  7047.22611645], v=[ 4.8894176   5.27929758 -0.17973508]
Epoch 2095, t=2460388.532067546:
  TLE_ECI: r=[ 3917.94706997  5918.33739223 -3031.72927053], v=[-4.05299374 -0.35373783 -5.92447123]
  RK45_ECI: r=[ 2454.67854578 -1965.66685383  7045.92603566], v=[ 4.87320056  5.29276487 -0.21943889]
Epoch 2096, t=2460388.532142809:
  TLE_ECI: r=[ 3792.04358456  5907.21966239 -3208.24794296], v=[-4.15308416 -0.50951019 -5.84311923]
  RK45_ECI: r=[ 2487.23800328 -1930.04243296  7044.36784425], v=[ 4.85679387  5.30602436 -0.25913436]
Epoch 2097, t=2460388.5322180726:
  TLE_ECI: r=[ 3663.19451501  5891.37301165 -3382.25747134], v=[-4.24977845 -0.66496534 -5.75720478]
  RK45_ECI: r=[ 2519.67354246 -1894.31672297  7042.55157634], v=[ 4.8401981   5.31907556 -0.29882059]
Epoch 2098, t=2460388.532293336:
  TLE_ECI: r=[ 3531.50513172  5870.80744462 -3553.62200275], v=[-4.34300182 -0.81997835 -5.66679614]
  RK45_ECI: r=[ 2551.98343936 -1858.491633    7040.47732307], v=[ 4.82341427  5.33191767 -0.33849556]
Epoch 2099, t=2460388.5323685994:
  TLE_ECI: r=[ 3397.08288216  5845.53677012 -3722.20778435], v=[-4.43268237 -0.97442468 -5.57196507]
  RK45_ECI: r=[ 2584.16672138 -1822.56825901  7038.14514186], v=[ 4.80644305  5.34455012 -0.37815817]
Epoch 2100, t=2460388.532443863:
  TLE_ECI: r=[ 3260.03731907  5815.57857826 -3887.88326783], v=[-4.51875119 -1.12818021 -5.47278677]
  RK45_ECI: r=[ 2616.22183297 -1786.54835269  7035.55514096], v=[ 4.78928541  5.35697219 -0.41780661]
Epoch 2101, t=2460388.532519126:
  TLE_ECI: r=[ 3120.48002581  5780.95421725 -4050.51921183], v=[-4.60114234 -1.28112139 -5.36933982]
  RK45_ECI: r=[ 2648.14751503 -1750.43335343  7032.70741985], v=[ 4.77194219  5.36918323 -0.45743941]
Epoch 2102, t=2460388.5325943893:
  TLE_ECI: r=[ 2978.52445591  5741.68881321 -4209.9887822 ], v=[-4.67979294 -1.43312537 -5.26170612]
  RK45_ECI: r=[ 2679.94296533 -1714.22418943  7029.60204197], v=[ 4.75441396  5.3811828  -0.49705566]
Epoch 2103, t=2460388.5326696527:
  TLE_ECI: r=[ 2834.28594123  5697.81119332 -4366.1676504 ], v=[-4.75464321 -1.58407    -5.14997079]
  RK45_ECI: r=[ 2711.6064984  -1677.92279965  7026.23916402], v=[ 4.73670183  5.39297013 -0.53665337]
Epoch 2104, t=2460388.532744916:
  TLE_ECI: r=[ 2687.88152869  5649.35390045 -4518.93408941], v=[-4.82563651 -1.73383401 -5.03422214]
  RK45_ECI: r=[ 2743.13716665 -1641.53029967  7022.61887876], v=[ 4.71880646  5.40454471 -0.57623143]
Epoch 2105, t=2460388.5328201796:
  TLE_ECI: r=[ 2539.42990051  5596.35315727 -4668.1690676 ], v=[-4.89271937 -1.8822971  -4.91455155]
  RK45_ECI: r=[ 2774.5334506  -1605.04846775  7018.74135389], v=[ 4.70072889  5.41590585 -0.61578803]
Epoch 2106, t=2460388.5328954426:
  TLE_ECI: r=[ 2389.05129317  5538.84882984 -4813.75634012], v=[-4.95584153 -2.02933998 -4.79105341]
  RK45_ECI: r=[ 2805.79412267 -1568.47876624  7014.60673628], v=[ 4.68246998  5.42705296 -0.6553217 ]
Epoch 2107, t=2460388.532970706:
  TLE_ECI: r=[ 2236.86733395  5476.88442384 -4955.58253789], v=[-5.01495596 -2.17484456 -4.66382505]
  RK45_ECI: r=[ 2836.91840245 -1531.82213964  7010.21511858], v=[ 4.66403035  5.43798561 -0.69483155]
Epoch 2108, t=2460388.5330459694:
  TLE_ECI: r=[ 2083.0010391   5410.5070061  -5093.53725441], v=[-5.07001892 -2.31869396 -4.53296662]
  RK45_ECI: r=[ 2867.9046446  -1495.08055474  7005.56672295], v=[ 4.64541111  5.44870311 -0.73431557]
Epoch 2109, t=2460388.533121233:
  TLE_ECI: r=[ 1927.57664823  5339.76719611 -5227.51312971], v=[-5.12098998 -2.46077262 -4.39858106]
  RK45_ECI: r=[ 2898.75192767 -1458.25514537  7000.66167734], v=[ 4.62661301  5.45920495 -0.77377268]
Epoch 2110, t=2460388.533196496:
  TLE_ECI: r=[ 1770.71955523  5264.71911252 -5357.405932  ], v=[-5.167832   -2.6009664  -4.26077397]
  RK45_ECI: r=[ 2929.45862488 -1421.34789013  6995.50023365], v=[ 4.60763717  5.46949049 -0.81320086]
Epoch 2111, t=2460388.5332717593:
  TLE_ECI: r=[ 1612.55614478  5185.42035117 -5483.11463644], v=[-5.2105112  -2.73916272 -4.11965354]
  RK45_ECI: r=[ 2960.02397565 -1384.35974668  6990.08251145], v=[ 4.58848424  5.47955929 -0.85259924]
Epoch 2112, t=2460388.5333470227:
  TLE_ECI: r=[ 1453.21378305  5101.93190628 -5604.54150174], v=[-5.24899715 -2.87525052 -3.97533047]
  RK45_ECI: r=[ 2990.44678802 -1347.2922009   6984.40870706], v=[ 4.56915514  5.48941084 -0.89196635]
Epoch 2113, t=2460388.533422286:
  TLE_ECI: r=[ 1292.82065304  5014.31814388 -5721.59214352], v=[-5.28326282 -3.00912047 -3.82791785]
  RK45_ECI: r=[ 3020.72560312 -1310.14707003  6978.47908299], v=[ 4.54965093  5.49904451 -0.93130037]
Epoch 2114, t=2460388.5334975496:
  TLE_ECI: r=[ 1131.50566693  4922.64674495 -5834.17560535], v=[-5.31328455 -3.140665   -3.6775311 ]
  RK45_ECI: r=[ 3050.85952657 -1272.92550509  6972.29380235], v=[ 4.52997238  5.50845988 -0.97060024]
Epoch 2115, t=2460388.5335728126:
  TLE_ECI: r=[  969.39837697  4826.98864862 -5942.20442682], v=[-5.33904209 -3.26977834 -3.52428786]
  RK45_ECI: r=[ 3080.84697399 -1235.62950966  6965.85318211], v=[ 4.51012068  5.51765631 -1.00986395]
Epoch 2116, t=2460388.533648076:
  TLE_ECI: r=[  806.62881482  4727.41800793 -6045.59470878], v=[-5.36051857 -3.39635673 -3.3683079 ]
  RK45_ECI: r=[ 3110.68720829 -1198.26005554  6959.15737092], v=[ 4.49009647  5.52663345 -1.0490906 ]
Epoch 2117, t=2460388.5337233394:
  TLE_ECI: r=[  643.32747378  4624.01211234 -6144.26617603], v=[-5.37770055 -3.52029835 -3.20971303]
  RK45_ECI: r=[ 3140.37907144 -1160.81864864  6952.20661209], v=[ 4.46990072  5.53539078 -1.08827876]
Epoch 2118, t=2460388.533798603:
  TLE_ECI: r=[  479.62514746  4516.85133965 -6238.14223682], v=[-5.39057802 -3.64150347 -3.048627  ]
  RK45_ECI: r=[ 3169.92114445 -1123.30712808  6945.00122714], v=[ 4.44953454  5.54392777 -1.12742662]
Epoch 2119, t=2460388.5338738663:
  TLE_ECI: r=[  315.65284028  4406.01908925 -6327.15003965], v=[-5.39914434 -3.75987453 -2.88517539]
  RK45_ECI: r=[ 3199.31256081 -1085.72666091  6937.5414141 ], v=[ 4.42899872  5.552244   -1.1665331 ]
Epoch 2120, t=2460388.5339491293:
  TLE_ECI: r=[  151.54167636  4291.60171601 -6411.22052718], v=[-5.40339632 -3.87531616 -2.71948556]
  RK45_ECI: r=[ 3228.55178025 -1048.0792735   6929.82755478], v=[ 4.40829448  5.56033892 -1.20559621]
Epoch 2121, t=2460388.5340243927:
  TLE_ECI: r=[  -12.57725462  4173.68846489 -6490.288487  ], v=[-5.40333414 -3.98773534 -2.55168647]
  RK45_ECI: r=[ 3257.63808974 -1010.36595101  6921.85982673], v=[ 4.38742251  5.56821218 -1.24461508]
Epoch 2122, t=2460388.534099656:
  TLE_ECI: r=[ -176.57292432  4052.37139661 -6564.29259982], v=[-5.39896139 -4.09704139 -2.38190868]
  RK45_ECI: r=[3286.57036648 -972.58821771 6913.63852005], v=[ 4.3663838   5.57586332 -1.28358826]
Epoch 2123, t=2460388.5341749196:
  TLE_ECI: r=[ -340.31452014  3927.74531903 -6633.17548439], v=[-5.39028505 -4.20314605 -2.21028417]
  RK45_ECI: r=[3315.34723267 -934.7479327  6905.16401496], v=[ 4.3451795   5.58329187 -1.32251394]
Epoch 2124, t=2460388.534250183:
  TLE_ECI: r=[ -503.67153495  3799.90771211 -6696.88373955], v=[-5.37731547 -4.30596356 -2.03694628]
  RK45_ECI: r=[3343.96785063 -896.84627778 6896.43654421], v=[ 4.32381042  5.59049744 -1.36139108]
Epoch 2125, t=2460388.534325446:
  TLE_ECI: r=[ -666.51385846  3668.95865384 -6755.36798334], v=[-5.36006636 -4.40541072 -1.86202961]
  RK45_ECI: r=[3372.4307256  -858.88530027 6887.45655412], v=[ 4.30227784  5.59747953 -1.40021769]
Epoch 2126, t=2460388.5344007094:
  TLE_ECI: r=[ -828.71192265  3535.00073513 -6808.58288895], v=[-5.33855475 -4.50140699 -1.68566989]
  RK45_ECI: r=[3400.73516946 -820.86599747 6878.22425094], v=[ 4.28058245  5.60423784 -1.43899288]
Epoch 2127, t=2460388.534475973:
  TLE_ECI: r=[ -990.13673687  3398.13899009 -6856.48721789], v=[-5.31280102 -4.59387445 -1.50800394]
  RK45_ECI: r=[3428.88009566 -782.78991046 6868.73997136], v=[ 4.25872529  5.61077195 -1.47771523]
Epoch 2128, t=2460388.5345512363:
  TLE_ECI: r=[-1150.66003273  3258.48080829 -6899.04384997], v=[-5.28282884 -4.68273795 -1.32916948]
  RK45_ECI: r=[3456.86416898 -744.65891648 6859.00415385], v=[ 4.23670754  5.61708143 -1.51638296]
Epoch 2129, t=2460388.5346264993:
  TLE_ECI: r=[-1310.15434359  3116.13585666 -6936.21981026], v=[-5.24866518 -4.76792511 -1.14930512]
  RK45_ECI: r=[3484.68645072 -706.47439265 6849.01711322], v=[ 4.21453015  5.62316591 -1.55499482]
Epoch 2130, t=2460388.5347017627:
  TLE_ECI: r=[-1468.49314053  2971.21597986 -6967.98629303], v=[-5.21034022 -4.84936643 -0.96855021]
  RK45_ECI: r=[3512.34588518 -668.23785967 6838.77921744], v=[ 4.19219411  5.62902505 -1.5935494 ]
Epoch 2131, t=2460388.534777026:
  TLE_ECI: r=[-1625.55087463  2823.83513502 -6994.31868276], v=[-5.1678874  -4.92699528 -0.78704473]
  RK45_ECI: r=[3539.84141774 -629.95087135 6828.2908437 ], v=[ 4.16970046  5.63465848 -1.63204526]
Epoch 2132, t=2460388.5348522896:
  TLE_ECI: r=[-1781.20311185  2674.10928993 -7015.19657193], v=[-5.12134334 -5.00074798 -0.60492922]
  RK45_ECI: r=[3567.17212988 -591.61480224 6817.55232742], v=[ 4.14705016  5.64006585 -1.67048119]
Epoch 2133, t=2460388.534927553:
  TLE_ECI: r=[-1935.32662006  2522.15633666 -7030.60377583], v=[-5.07074785 -5.07056384 -0.42234465]
  RK45_ECI: r=[3594.33673029 -553.2315458  6806.56416501], v=[ 4.12424444  5.6452468  -1.7088554 ]
Epoch 2134, t=2460388.535002816:
  TLE_ECI: r=[-2087.79945755  2368.09600646 -7040.52834436], v=[-5.01614385 -5.1363852  -0.23943235]
  RK45_ECI: r=[3621.33431471 -514.80249257 6795.32671144], v=[ 4.10128425  5.650201   -1.74716667]
Epoch 2135, t=2460388.5350780794:
  TLE_ECI: r=[-2238.5010953   2212.04975367 -7044.96257065], v=[-4.95757736 -5.19815753 -0.05633387]
  RK45_ECI: r=[3648.16386387 -476.32917621 6783.84038066], v=[ 4.07817064  5.65492814 -1.78541358]
Epoch 2136, t=2460388.535153343:
  TLE_ECI: r=[-2387.31246729  2054.14069692 -7043.9029968 ], v=[-4.89509746 -5.25582937  0.12680909]
  RK45_ECI: r=[3674.82436133 -437.8131645  6772.10559578], v=[ 4.05490467  5.65942791 -1.82359473]
Epoch 2137, t=2460388.5352286063:
  TLE_ECI: r=[-2534.11609185  1894.49350099 -7037.35041639], v=[-4.82875627 -5.30935245  0.3098548 ]
  RK45_ECI: r=[3701.31492305 -399.25584415 6760.12273224], v=[ 4.03148733  5.66370001 -1.86170889]
Epoch 2138, t=2460388.5353038698:
  TLE_ECI: r=[-2678.79615475  1733.23428635 -7025.30987401], v=[-4.75860888 -5.35868169  0.49266161]
  RK45_ECI: r=[3727.63430279 -360.65912288 6747.89234386], v=[ 4.00791986  5.66774412 -1.89975431]
Epoch 2139, t=2460388.5353791327:
  TLE_ECI: r=[-2821.23859421  1570.49053994 -7007.79066174], v=[-4.68471333 -5.40377525  0.675088  ]
  RK45_ECI: r=[3753.78163168 -322.0244035  6735.41482547], v=[ 3.98420328  5.67155995 -1.93772976]
Epoch 2140, t=2460388.535454396:
  TLE_ECI: r=[-2961.33120805  1406.39098401 -6984.80631243], v=[-4.60713052 -5.4445946   0.85699277]
  RK45_ECI: r=[3779.75592781 -283.35323085 6722.69063663], v=[ 3.96033863  5.67514726 -1.97563385]
Epoch 2141, t=2460388.5355296596:
  TLE_ECI: r=[-3098.96371124  1241.06552485 -6956.37459019], v=[-4.52592424 -5.48110446  1.03823507]
  RK45_ECI: r=[3805.55633418 -244.64701155 6709.72018451], v=[ 3.93632693  5.67850577 -2.01346535]
Epoch 2142, t=2460388.535604923:
  TLE_ECI: r=[-3234.02784114  1074.64512054 -6922.51747753], v=[-4.44116107 -5.51327291  1.21867452]
  RK45_ECI: r=[3831.18164154 -205.90766327 6696.50406856], v=[ 3.91216946  5.68163521 -2.05122253]
Epoch 2143, t=2460388.535680186:
  TLE_ECI: r=[-3366.41743351   907.26169712 -6883.26115964], v=[-4.35291035 -5.54107138  1.39817132]
  RK45_ECI: r=[3856.63089129 -167.13677083 6683.04277892], v=[ 3.88786735  5.68453533 -2.088904  ]
Epoch 2144, t=2460388.5357554494:
  TLE_ECI: r=[-3496.02851589   739.0480075  -6838.6360055 ], v=[-4.26124408 -5.56447472  1.57658636]
  RK45_ECI: r=[3881.90348806 -128.33536666 6669.33662011], v=[ 3.86342137  5.68720592 -2.1265089 ]
Epoch 2145, t=2460388.535830713:
  TLE_ECI: r=[-3622.75937077   570.13758598 -6788.67654603], v=[-4.16623696 -5.58346117  1.7537813 ]
  RK45_ECI: r=[3906.99813087  -89.50555957 6655.38628808], v=[ 3.83883296  5.68964673 -2.16403532]
Epoch 2146, t=2460388.5359059763:
  TLE_ECI: r=[-3746.51062663   400.66460661 -6733.42144911], v=[-4.06796626 -5.59801239  1.92961869]
  RK45_ECI: r=[3931.91411831  -50.64858162 6641.19216565], v=[ 3.81410301  5.69185755 -2.20148223]
Epoch 2147, t=2460388.5359812398:
  TLE_ECI: r=[-3867.185332     230.76378793 -6672.91349164], v=[-3.96651178 -5.60811352  2.10396205]
  RK45_ECI: r=[3956.65028843  -11.76636116 6626.7549087 ], v=[ 3.78923288  5.69383816 -2.2388479 ]
Epoch 2148, t=2460388.5360565027:
  TLE_ECI: r=[-3984.68903072    60.5702997  -6607.19952852], v=[-3.86195582 -5.61375314  2.276676  ]
  RK45_ECI: r=[3981.20572328   27.13950722 6612.07505228], v=[ 3.7642237   5.69558835 -2.27613096]
Epoch 2149, t=2460388.536131766:
  TLE_ECI: r=[-4098.92983671  -109.78038903 -6536.33045858], v=[-3.75438305 -5.61492336  2.44762633]
  RK45_ECI: r=[4005.57985522   66.06798374 6597.15292853], v=[ 3.73907626  5.69710796 -2.31333056]
Epoch 2150, t=2460388.5362070296:
  TLE_ECI: r=[-4209.81850315  -280.1525468  -6460.36118758], v=[-3.64388053 -5.61161976  2.61668013]
  RK45_ECI: r=[4029.77143554  105.01694918 6581.9892953 ], v=[ 3.71379203  5.6983968  -2.35044482]
Epoch 2151, t=2460388.536282293:
  TLE_ECI: r=[-4317.26849437  -450.41033214 -6379.35058814], v=[-3.53053762 -5.60384143  2.78370586]
  RK45_ECI: r=[4053.77979578  143.98516367 6566.58456857], v=[ 3.68837195  5.69945468 -2.38747271]
Epoch 2152, t=2460388.5363575565:
  TLE_ECI: r=[-4421.19605299  -620.41788862 -6293.36145667], v=[-3.41444588 -5.59159099  2.94857348]
  RK45_ECI: r=[4077.60382238  182.97069019 6550.93946013], v=[ 3.66281738  5.70028146 -2.42441253]
Epoch 2153, t=2460388.5364328194:
  TLE_ECI: r=[-4521.52026792  -790.03943867 -6202.46046737], v=[-3.29569905 -5.57487457  3.11115452]
  RK45_ECI: r=[4101.24263892  221.97192594 6535.05454937], v=[ 3.63712949  5.70087697 -2.46126292]
Epoch 2154, t=2460388.536508083:
  TLE_ECI: r=[-4618.16312914  -959.13944355 -6106.71812324], v=[-3.17439291 -5.55370184  3.27132219]
  RK45_ECI: r=[4124.69570608  260.98782484 6518.93019582], v=[ 3.61130909  5.70124108 -2.49802304]
Epoch 2155, t=2460388.5365833463:
  TLE_ECI: r=[-4711.04960159 -1127.58263181 -6006.20870411], v=[-3.0506253  -5.52808599  3.42895151]
  RK45_ECI: r=[4147.96182856  300.0162597  6502.56721844], v=[ 3.58535767  5.70137366 -2.53469102]
Epoch 2156, t=2460388.5366586098:
  TLE_ECI: r=[-4800.10767657 -1295.23415872 -5901.01021182], v=[-2.924496   -5.49804375  3.58391934]
  RK45_ECI: r=[4171.04037157  339.05598392 6485.96606605], v=[ 3.55927621  5.70127457 -2.57126587]
Epoch 2157, t=2460388.536733873:
  TLE_ECI: r=[-4885.26843055 -1461.9597005  -5791.20431242], v=[-2.79610663 -5.46359535  3.73610453]
  RK45_ECI: r=[4193.93027094  378.1050538  6469.12750566], v=[ 3.53306608  5.70094372 -2.60774589]
Epoch 2158, t=2460388.536809136:
  TLE_ECI: r=[-4966.46608452 -1627.62554685 -5676.87627554], v=[-2.66556066 -5.42476454  3.885388  ]
  RK45_ECI: r=[4216.63069266  417.16186022 6452.05216048], v=[ 3.50672848  5.700381   -2.64412974]
Epoch 2159, t=2460388.5368843996:
  TLE_ECI: r=[-5043.63803765 -1792.09876562 -5558.11491089], v=[-2.53296318 -5.38157861  4.03165284]
  RK45_ECI: r=[4239.14112622  456.22535176 6434.74041704], v=[ 3.48026425  5.69958628 -2.6804166 ]
Epoch 2160, t=2460388.536959663:
  TLE_ECI: r=[-5116.72494434 -1955.24722292 -5435.01250186], v=[-2.398421   -5.3340683   4.17478438]
  RK45_ECI: r=[4261.46043094  495.29339543 6417.1931547 ], v=[ 3.45367491  5.69855953 -2.71660462]
Epoch 2161, t=2460388.5370349265:
  TLE_ECI: r=[-5185.67074391 -2116.9397466  -5307.66473648], v=[-2.26204244 -5.28226786  4.31467032]
  RK45_ECI: r=[4283.5880062   534.36473929 6399.41085469], v=[ 3.42696143  5.69730064 -2.75269282]
Epoch 2162, t=2460388.5371101894:
  TLE_ECI: r=[-5250.42271637 -2277.04620238 -5176.17063546], v=[-2.12393731 -5.22621496  4.45120078]
  RK45_ECI: r=[4305.52273625  573.4372486  6381.3944236 ], v=[ 3.40012538  5.69580957 -2.78867935]
Epoch 2163, t=2460388.537185453:
  TLE_ECI: r=[-5310.93149845 -2435.43766025 -5040.63247762], v=[-1.98421676 -5.16595077  4.58426844]
  RK45_ECI: r=[4327.26413645  612.5098688  6363.14427261], v=[ 3.37316757  5.69408625 -2.8245634 ]
Epoch 2164, t=2460388.5372607163:
  TLE_ECI: r=[-5367.15116206 -2591.98640691 -4901.15572253], v=[-1.84299328 -5.10151982  4.71376859]
  RK45_ECI: r=[4348.81141941  651.58098499 6344.66107018], v=[ 3.34608925  5.69213061 -2.86034366]
Epoch 2165, t=2460388.5373359798:
  TLE_ECI: r=[-5419.03922575 -2746.5661109  -4757.84893062], v=[-1.70038057 -5.03297007  4.83959921]
  RK45_ECI: r=[4370.16360218  690.64864699 6325.94567015], v=[ 3.31889183  5.68994266 -2.89601848]
Epoch 2166, t=2460388.537411243:
  TLE_ECI: r=[-5466.55669516 -2899.05191034 -4610.82368057], v=[-1.55649343 -4.96035282  4.9616611 ]
  RK45_ECI: r=[4391.32011892  729.71159903 6306.9985857 ], v=[ 3.29157633  5.68752234 -2.93158687]
Epoch 2167, t=2460388.537486506:
  TLE_ECI: r=[-5509.66810382 -3049.32049823 -4460.19448428], v=[-1.41144772 -4.8837227   5.07985793]
  RK45_ECI: r=[4412.27991001  768.76770359 6287.82078261], v=[ 3.2641443   5.68486967 -2.96704702]
Epoch 2168, t=2460388.5375617696:
  TLE_ECI: r=[-5548.34150613 -3197.2502885  -4306.07869929], v=[-1.26536016 -4.80313764  5.19409632]
  RK45_ECI: r=[4433.04252058  807.81590299 6268.41269832], v=[ 3.23659662  5.68198461 -3.00239815]
Epoch 2169, t=2460388.537637033:
  TLE_ECI: r=[-5582.54855588 -3342.72141908 -4148.59643866], v=[-1.1183484  -4.71865882  5.30428595]
  RK45_ECI: r=[4453.60720718  846.85457953 6248.77504393], v=[ 3.20893451  5.67886715 -3.03763895]
Epoch 2170, t=2460388.5377122965:
  TLE_ECI: r=[-5612.26449468 -3485.61591497 -3987.87047867], v=[-0.97053081 -4.63035064  5.4103396 ]
  RK45_ECI: r=[4473.97303879  885.88178167 6228.90872649], v=[ 3.18115946  5.67551735 -3.07276778]
Epoch 2171, t=2460388.53778756:
  TLE_ECI: r=[-5637.46818072 -3625.81776939 -3824.02616404], v=[-0.8220264  -4.53828064  5.51217325]
  RK45_ECI: r=[4494.13948496  924.89625071 6208.81429069], v=[ 3.15327244  5.67193519 -3.1077837 ]
Epoch 2172, t=2460388.537862823:
  TLE_ECI: r=[-5658.14211678 -3763.21302373 -3657.19131095], v=[-0.67295475 -4.44251952  5.60970617]
  RK45_ECI: r=[4514.10554311  963.895849   6188.49276055], v=[ 3.1252751   5.66812075 -3.14268492]
Epoch 2173, t=2460388.5379380863:
  TLE_ECI: r=[-5674.27242092 -3897.68992792 -3487.49610797], v=[-0.52343589 -4.34314103  5.70286094]
  RK45_ECI: r=[4533.8707886  1002.87951677 6167.94459943], v=[ 3.09716828  5.66407404 -3.17747065]
Epoch 2174, t=2460388.5380133498:
  TLE_ECI: r=[-5685.84890262 -4029.13893442 -3315.07301467], v=[-0.3735902  -4.24022193  5.79156356]
  RK45_ECI: r=[4553.43452261 1041.84563512 6147.17056032], v=[ 3.06895325  5.65979508 -3.21213963]
Epoch 2175, t=2460388.538088613:
  TLE_ECI: r=[-5692.86502809 -4157.45285567 -3140.05665845], v=[-0.22353836 -4.13384196  5.87574353]
  RK45_ECI: r=[4572.79586696 1080.79225312 6126.17160271], v=[ 3.0406315   5.655284   -3.24669023]
Epoch 2176, t=2460388.5381638766:
  TLE_ECI: r=[-5695.31793606 -4282.52693722 -2962.58372918], v=[-0.07340117 -4.02408373  5.95533385]
  RK45_ECI: r=[4591.95432697 1119.71811083 6104.94830223], v=[ 3.01220405  5.6505408  -3.28112152]
Epoch 2177, t=2460388.5382391396:
  TLE_ECI: r=[-5693.20845283 -4404.25892886 -2782.79287217], v=[ 0.07670048 -3.91103273  6.03027115]
  RK45_ECI: r=[4610.90895814 1158.62107238 6083.50174024], v=[ 2.98367255  5.64556566 -3.31543176]
Epoch 2178, t=2460388.538314403:
  TLE_ECI: r=[-5686.54104001 -4522.54923721 -2600.82457931], v=[ 0.22664579 -3.79477717  6.10049571]
  RK45_ECI: r=[4629.65936637 1197.50007717 6061.83240554], v=[ 2.95503785  5.64035859 -3.34962017]
Epoch 2179, t=2460388.5383896665:
  TLE_ECI: r=[-5675.32386695 -4637.30090949 -2416.82107837], v=[ 0.37631404 -3.67540801  6.16595151]
  RK45_ECI: r=[4648.20489822 1236.35350676 6039.94109234], v=[ 2.92630125  5.63491968 -3.38368548]
Epoch 2180, t=2460388.53846493:
  TLE_ECI: r=[-5659.56875288 -4748.41978222 -2230.92622089], v=[ 0.52558481 -3.55301882  6.22658633]
  RK45_ECI: r=[4666.544729   1275.179413   6017.82881164], v=[ 2.89746427  5.62924909 -3.41762614]
Epoch 2181, t=2460388.538540193:
  TLE_ECI: r=[-5639.29118379 -4855.81452717 -2043.28536843], v=[ 0.67433797 -3.42770572  6.28235171]
  RK45_ECI: r=[4684.67822919 1313.97617894 5995.49638014], v=[ 2.86852819  5.62334696 -3.45144088]
Epoch 2182, t=2460388.5386154563:
  TLE_ECI: r=[-5614.51024222 -4959.39679527 -1854.04527766], v=[ 0.82245391 -3.29956733  6.33320311]
  RK45_ECI: r=[4702.60502679 1352.74274357 5972.94430358], v=[ 2.8394939   5.61721332 -3.48512897]
Epoch 2183, t=2460388.5386907198:
  TLE_ECI: r=[-5585.24867534 -5059.08119216 -1663.35398369], v=[ 0.96981352 -3.16870466  6.37909985]
  RK45_ECI: r=[4720.32424503 1391.47697589 5950.17372768], v=[ 2.81036307  5.61084841 -3.51868866]
Epoch 2184, t=2460388.538765983:
  TLE_ECI: r=[-5551.53281962 -5154.7854169  -1471.36068268], v=[ 1.11629835 -3.03522105  6.42000519]
  RK45_ECI: r=[4737.8354475 1430.1776166 5927.1852765], v=[ 2.78113674  5.6042523  -3.55211906]
Epoch 2185, t=2460388.5388412466:
  TLE_ECI: r=[-5513.39259229 -5246.43031529 -1278.21561304], v=[ 1.2617907  -2.89922207  6.45588638]
  RK45_ECI: r=[4755.13786399 1468.84272206 5903.98001158], v=[ 2.75181644  5.59742524 -3.58541862]
Epoch 2186, t=2460388.5389165096:
  TLE_ECI: r=[-5470.86148077 -5333.93993195 -1084.06993579], v=[ 1.40617374 -2.76081544  6.48671468]
  RK45_ECI: r=[4772.23099413 1507.47084933 5880.55867926], v=[ 2.72240336  5.59036733 -3.61858628]
Epoch 2187, t=2460388.538991773:
  TLE_ECI: r=[-5423.97645251 -5417.24163851  -889.07561409], v=[ 1.5493316  -2.62011093  6.51246535]
  RK45_ECI: r=[4789.11424793 1546.06042653 5856.92214121], v=[ 2.69289877  5.58307878 -3.65162082]
Epoch 2188, t=2460388.5390670365:
  TLE_ECI: r=[-5372.77801576 -5496.26609975  -693.38529173], v=[ 1.69114943 -2.47722028  6.53311774]
  RK45_ECI: r=[4805.78705762 1584.60984114 5833.07126698], v=[ 2.66330398  5.57555978 -3.68452102]
Epoch 2189, t=2460388.5391423:
  TLE_ECI: r=[-5317.31012342 -5570.94739713  -497.1521713 ], v=[ 1.83151357 -2.33225714  6.54865525]
  RK45_ECI: r=[4822.2489407  1623.11766534 5809.00682053], v=[ 2.63362018  5.56781046 -3.71728584]
Epoch 2190, t=2460388.5392175633:
  TLE_ECI: r=[-5257.62015055 -5641.22306929  -300.52989164], v=[ 1.97031157 -2.18533688  6.5590654 ]
  RK45_ECI: r=[4838.49918188 1661.58196253 5784.729913  ], v=[ 2.60384891  5.55983113 -3.74991376]
Epoch 2191, t=2460388.5392928263:
  TLE_ECI: r=[-5193.75887071 -5707.03415014  -103.67240488], v=[ 2.10743236 -2.03657661  6.56433977]
  RK45_ECI: r=[4854.53732306 1700.00129314 5760.24132496], v=[ 2.57399138  5.55162196 -3.78240375]
Epoch 2192, t=2460388.5393680898:
  TLE_ECI: r=[-5125.78034581 -5768.32528053    93.26614665], v=[ 2.24276629 -1.88609497  6.5644741 ]
  RK45_ECI: r=[4870.36281935 1738.37409115 5735.54195725], v=[ 2.54404887  5.54318319 -3.8147546 ]
Epoch 2193, t=2460388.539443353:
  TLE_ECI: r=[-5053.74197924 -5825.04466421   290.13155406], v=[ 2.37620527 -1.73401213  6.55946822]
  RK45_ECI: r=[4885.9751498  1776.69874943 5710.63271838], v=[ 2.51402272  5.53451505 -3.84696514]
Epoch 2194, t=2460388.5395186166:
  TLE_ECI: r=[-4977.70440078 -5877.1441734    486.76966524], v=[ 2.5076428  -1.5804496   6.54932607]
  RK45_ECI: r=[4901.37387379 1814.97384489 5685.51440621], v=[ 2.4839141   5.52561773 -3.87903433]
Epoch 2195, t=2460388.53959388:
  TLE_ECI: r=[-4897.73143105 -5924.57937496   683.02650835], v=[ 2.63697411 -1.4255302   6.53405573]
  RK45_ECI: r=[4916.55833166 1853.19744965 5660.18818039], v=[ 2.45372461  5.51649159 -3.9109607 ]
Epoch 2196, t=2460388.539669143:
  TLE_ECI: r=[-4813.89004451 -5967.30955443   878.74841515], v=[ 2.76409626 -1.26937792  6.51366935]
  RK45_ECI: r=[4931.52810794 1891.36812931 5634.65485503], v=[ 2.42345545  5.50713685 -3.94274323]
Epoch 2197, t=2460388.5397444065:
  TLE_ECI: r=[-4726.25024211 -6005.29780795  1073.78214379], v=[ 2.88890817 -1.11211777  6.4881832 ]
  RK45_ECI: r=[4946.2827032  1929.48432542 5608.91536925], v=[ 2.39310791  5.49755379 -3.97438075]
Epoch 2198, t=2460388.53981967:
  TLE_ECI: r=[-4634.88509635 -6038.51098841  1267.97500167], v=[ 3.01131075 -0.95387576  6.45761763]
  RK45_ECI: r=[4960.82171602 1967.54460533 5582.97054746], v=[ 2.36268321  5.48774264 -4.00587225]
Epoch 2199, t=2460388.5398949333:
  TLE_ECI: r=[-4539.87061923 -6066.91979131  1461.17496739], v=[ 3.13120697 -0.79477876  6.42199703]
  RK45_ECI: r=[4975.14453165 2005.54704966 5556.82158738], v=[ 2.33218295  5.47770379 -4.03721628]
Epoch 2200, t=2460388.5399701963:
  TLE_ECI: r=[-4441.28573251 -6090.49875273  1653.2308122 ], v=[ 3.24850194 -0.63495437  6.38134984]
  RK45_ECI: r=[4989.25069872 2043.49006241 5530.46945351], v=[ 2.30160847  5.46743757 -4.06841169]
Epoch 2201, t=2460388.5400454598:
  TLE_ECI: r=[-4339.21212904 -6109.22632381  1843.99222062], v=[ 3.363103   -0.47453079  6.33570851]
  RK45_ECI: r=[5003.13996527 2081.37259283 5503.91474254], v=[ 2.27096068  5.45694411 -4.09945779]
Epoch 2202, t=2460388.540120723:
  TLE_ECI: r=[-4233.73431042 -6123.08481022  2033.30991047], v=[ 3.47491976 -0.3136368   6.28510947]
  RK45_ECI: r=[5016.8116852  2119.19254711 5477.15880342], v=[ 2.24024134  5.44622391 -4.13035299]
Epoch 2203, t=2460388.5401959866:
  TLE_ECI: r=[-4124.93944371 -6132.06044064  2221.03575162], v=[ 3.58386423 -0.15240157  6.22959308]
  RK45_ECI: r=[5030.26556433 2156.94868125 5450.20236894], v=[ 2.20945152  5.43527719 -4.16109646]
Epoch 2204, t=2460388.54027125:
  TLE_ECI: r=[-4012.91730532 -6136.14336549  2407.0228838 ], v=[3.68985084 0.00904544 6.16920363]
  RK45_ECI: r=[5043.50104452 2194.63908844 5423.04668334], v=[ 2.17859284  5.42410441 -4.19168677]
Epoch 2205, t=2460388.540346513:
  TLE_ECI: r=[-3897.76022282 -6135.32765423  2591.1258333 ], v=[3.79279654 0.17057455 6.10398926]
  RK45_ECI: r=[5056.51772225 2232.26218228 5395.69274796], v=[ 2.14766664  5.41270592 -4.22212281]
Epoch 2206, t=2460388.5404217765:
  TLE_ECI: r=[-3779.56292489 -6129.61134684  2773.20062808], v=[3.89262084 0.332056   6.03400194]
  RK45_ECI: r=[5069.31537782 2269.81691732 5368.14118206], v=[ 2.11667386  5.40108192 -4.2524039 ]
Epoch 2207, t=2460388.54049704:
  TLE_ECI: r=[-3658.42256915 -6118.99638624  2953.10491201], v=[3.9892459  0.49336007 5.95929742]
  RK45_ECI: r=[5081.89342718 2307.30121497 5340.39338522], v=[ 2.08561624  5.38923294 -4.2825285 ]
Epoch 2208, t=2460388.5405723033:
  TLE_ECI: r=[-3534.43858832 -6103.48866382  3130.69805715], v=[4.08259658 0.65435716 5.87993515]
  RK45_ECI: r=[5094.25161426 2344.71383846 5312.45011717], v=[ 2.05449489  5.37715926 -4.31249578]
Epoch 2209, t=2460388.540647567:
  TLE_ECI: r=[-3407.71262444 -6083.09800313  3305.8412746 ], v=[4.1726005  0.8149179  5.79597827]
  RK45_ECI: r=[5106.38943793 2382.05289553 5284.31266759], v=[ 2.02331142  5.36486139 -4.34230438]
Epoch 2210, t=2460388.5407228298:
  TLE_ECI: r=[-3278.34846131 -6057.83814239  3478.39772383], v=[4.25918808 0.97491328 5.70749353]
  RK45_ECI: r=[5118.30654293 2419.31681098 5255.98207363], v=[ 1.99206721  5.35233972 -4.37195319]
Epoch 2211, t=2460388.540798093:
  TLE_ECI: r=[-3146.45186614 -6027.72676242  3648.23261983], v=[4.34229261 1.13421476 5.61455122]
  RK45_ECI: r=[5130.00274188 2456.50454602 5227.45897663], v=[ 1.96076316  5.33959449 -4.40144156]
Epoch 2212, t=2460388.5408733566:
  TLE_ECI: r=[-3012.13060813 -5992.7854132   3815.213339  ], v=[4.42185029 1.29269435 5.51722512]
  RK45_ECI: r=[5141.47751326 2493.61403938 5198.74482537], v=[ 1.92940109  5.32662631 -4.430768  ]
Epoch 2213, t=2460388.54094862:
  TLE_ECI: r=[-2875.49429716 -5953.03953604  3979.20952258], v=[4.4978003  1.45022472 5.41559243]
  RK45_ECI: r=[5152.73063935 2530.64406282 5169.84040592], v=[ 1.89798205  5.31343547 -4.45993169]
Epoch 2214, t=2460388.5410238835:
  TLE_ECI: r=[-2736.65431031 -5908.51843285  4140.09317827], v=[4.57008478 1.60667933 5.3097337 ]
  RK45_ECI: r=[5163.76167644 2567.59274057 5140.74705208], v=[ 1.86650769  5.30002255 -4.48893131]
Epoch 2215, t=2460388.5410991465:
  TLE_ECI: r=[-2595.72371618 -5859.25523475  4297.7387798 ], v=[4.63864896 1.76193248 5.19973278]
  RK45_ECI: r=[5174.57031765 2604.45851064 5111.46583594], v=[ 1.8349794   5.28638799 -4.51776578]
Epoch 2216, t=2460388.54117441:
  TLE_ECI: r=[-2452.81711304 -5805.28690572  4452.02336408], v=[4.70344113 1.9158595  5.0856767 ]
  RK45_ECI: r=[5185.15640814 2641.24034166 5081.99742019], v=[ 1.80339809  5.27253206 -4.54643448]
Epoch 2217, t=2460388.5412496733:
  TLE_ECI: r=[-2308.05063715 -5746.6541656   4602.82662654], v=[4.76441268 2.06833677 4.96765563]
  RK45_ECI: r=[5195.51948948 2677.93619188 5052.34330157], v=[ 1.77176556  5.25845543 -4.57493594]
Epoch 2218, t=2460388.541324937:
  TLE_ECI: r=[-2161.54179761 -5683.4014889   4750.03101371], v=[4.82151818 2.21924183 4.84576281]
  RK45_ECI: r=[5205.65938216 2714.54484315 5022.50429163], v=[ 1.74008291  5.24415843 -4.60326939]
Epoch 2219, t=2460388.5414001998:
  TLE_ECI: r=[-2013.40941408 -5615.57705444  4893.52181372], v=[4.87471536 2.3684535  4.72009443]
  RK45_ECI: r=[5215.57565622 2751.06426339 4992.48190847], v=[ 1.70835193  5.22964176 -4.63143339]
Epoch 2220, t=2460388.541475463:
  TLE_ECI: r=[-1863.7734529  -5543.23273062  5033.18724409], v=[4.92396515 2.51585201 4.59074959]
  RK45_ECI: r=[5225.26818572 2787.49342962 4962.27683404], v=[ 1.67657355  5.21490572 -4.65942733]
Epoch 2221, t=2460388.5415507266:
  TLE_ECI: r=[-1712.75502846 -5466.42399647  5168.91853744], v=[4.9692317  2.66131901 4.45783017]
  RK45_ECI: r=[5234.73671624 2823.8307948  4931.8901758 ], v=[ 1.64474917  5.1999508  -4.68725016]
Epoch 2222, t=2460388.54162599:
  TLE_ECI: r=[-1560.47623788 -5385.20992195  5300.61002424], v=[5.01048243 2.80473772 4.32144081]
  RK45_ECI: r=[5243.9808965  2860.07451385 4901.32333565], v=[ 1.61288041  5.18477766 -4.71490062]
Epoch 2223, t=2460388.5417012535:
  TLE_ECI: r=[-1407.06007841 -5299.65311387  5428.15921316], v=[5.047688   2.945993   4.18168874]
  RK45_ECI: r=[5253.00058574 2896.22337967 4870.57714991], v=[ 1.5809684   5.16938669 -4.74237795]
Epoch 2224, t=2460388.5417765165:
  TLE_ECI: r=[-1252.63036284 -5209.81966194  5551.4668688 ], v=[5.08082237 3.08497146 4.03868378]
  RK45_ECI: r=[5261.79541726 2932.27538296 4839.65318252], v=[ 1.54901493  5.15377864 -4.76968077]
Epoch 2225, t=2460388.54185178:
  TLE_ECI: r=[-1097.31155805 -5115.77910091  5670.43708653], v=[5.10986275 3.22156153 3.89253816]
  RK45_ECI: r=[5270.36529788 2968.22951045 4808.55213561], v=[ 1.51702094  5.13795383 -4.79680847]
Epoch 2226, t=2460388.5419270433:
  TLE_ECI: r=[ -941.22877676 -5017.60433141  5784.97736496], v=[5.1347897  3.35565355 3.7433665 ]
  RK45_ECI: r=[5278.71002189 3004.08423166 4777.27514943], v=[ 1.48498781  5.12191281 -4.82376005]
Epoch 2227, t=2460388.542002307:
  TLE_ECI: r=[ -784.50761539 -4915.37157772  5894.99867528], v=[5.15558705 3.48713984 3.59128569]
  RK45_ECI: r=[5286.82929624 3039.83772307 4745.82366668], v=[ 1.45291721  5.1056563  -4.85053428]
Epoch 2228, t=2460388.54207757:
  TLE_ECI: r=[ -627.27406837 -4809.16032302  6000.41552801], v=[5.17224195 3.6159148  3.43641479]
  RK45_ECI: r=[5294.72301874 3075.48879017 4714.19854768], v=[ 1.42081023  5.08918471 -4.87713044]
Epoch 2229, t=2460388.542152833:
  TLE_ECI: r=[ -469.65444129 -4699.05324463  6101.14603686], v=[5.18474488 3.74187497 3.27887494]
  RK45_ECI: r=[5302.39088631 3111.03544845 4682.40140072], v=[ 1.3886687   5.07249886 -4.90354718]
Epoch 2230, t=2460388.5422280966:
  TLE_ECI: r=[ -311.77519437 -4585.13615457  6197.1119796 ], v=[5.1930896  3.86491917 3.11878926]
  RK45_ECI: r=[5309.83283837 3146.47669569 4650.43294747], v=[ 1.35649353  5.0555991  -4.92978391]
Epoch 2231, t=2460388.54230336:
  TLE_ECI: r=[ -153.76292583 -4467.4979217   6288.23885638], v=[5.19727319 3.98494847 2.95628277]
  RK45_ECI: r=[5317.04871833 3181.81101915 4618.2943598 ], v=[ 1.32428614  5.03848604 -4.95583967]
Epoch 2232, t=2460388.5423786235:
  TLE_ECI: r=[ 4.25578533e+00 -4.34623041e+03  6.37445594e+03], v=[5.19729604 4.10186633 2.79148227]
  RK45_ECI: r=[5324.03829126 3217.03661927 4585.98711998], v=[ 1.29204817  5.02116044 -4.98171328]
Epoch 2233, t=2460388.5424538865:
  TLE_ECI: r=[  162.15445276 -4221.42839729  6455.69635203], v=[5.19316183 4.21557867 2.62451627]
  RK45_ECI: r=[5330.80142628 3252.15199422 4553.512417  ], v=[ 1.25978103  5.00362292 -5.00740379]
Epoch 2234, t=2460388.54252915:
  TLE_ECI: r=[  319.80683282 -4093.18951418  6531.8970644 ], v=[5.18487751 4.32599393 2.45551485]
  RK45_ECI: r=[5337.33808612 3287.15614955 4520.87098527], v=[ 1.22748565  4.98587386 -5.03291063]
Epoch 2235, t=2460388.5426044133:
  TLE_ECI: r=[  477.08694882 -3961.6141537   6602.99899348], v=[5.1724533  4.43302314 2.2846096 ]
  RK45_ECI: r=[5343.64804088 3322.04713182 4488.06448202], v=[ 1.19516386  4.96791414 -5.0582325 ]
Epoch 2236, t=2460388.542679677:
  TLE_ECI: r=[  633.86924074 -3826.80539972  6668.94701953], v=[5.1559027  4.53657997 2.11193351]
  RK45_ECI: r=[5349.73125024 3356.82376919 4455.09380416], v=[ 1.16281674  4.94974425 -5.08336873]
Epoch 2237, t=2460388.54275494:
  TLE_ECI: r=[  790.02865121 -3688.86894468  6729.69003176], v=[5.13524243 4.63658079 1.93762084]
  RK45_ECI: r=[5355.58753764 3391.48428754 4421.96047199], v=[ 1.13044598  4.931365   -5.10831818]
Epoch 2238, t=2460388.542830203:
  TLE_ECI: r=[  945.44071307 -3547.91300973  6785.18096572], v=[5.11049243 4.73294477 1.76180707]
  RK45_ECI: r=[5361.21682125 3426.02720567 4388.66570452], v=[ 1.09805296  4.91277706 -5.13307991]
Epoch 2239, t=2460388.5429054666:
  TLE_ECI: r=[ 1099.98168887 -3404.04824985  6835.37683743], v=[5.08167582 4.82559393 1.58462876]
  RK45_ECI: r=[5366.61909641 3460.45154174 4355.21025442], v=[ 1.06563863  4.89398084 -5.15765341]
Epoch 2240, t=2460388.54298073:
  TLE_ECI: r=[ 1253.5286039  -3257.38768257  6880.23877484], v=[5.04881891 4.91445314 1.40622346]
  RK45_ECI: r=[5371.79419707 3494.7553718  4321.59582005], v=[ 1.03320479  4.87497728 -5.1820374 ]
Epoch 2241, t=2460388.5430559935:
  TLE_ECI: r=[ 1405.95938499 -3108.04659049  6919.73204586], v=[5.01195116 4.99945024 1.22672961]
  RK45_ECI: r=[5376.74212137 3528.93753994 4287.8233201 ], v=[ 1.00075256  4.8557669  -5.20623126]
Epoch 2242, t=2460388.543131257:
  TLE_ECI: r=[ 1557.1529445  -2956.142434    6953.82608358], v=[4.97110515 5.08051606 1.04628644]
  RK45_ECI: r=[5381.46275134 3562.99629932 4253.89431152], v=[ 0.9682836   4.83635058 -5.23023385]
Epoch 2243, t=2460388.54320652:
  TLE_ECI: r=[ 1706.98926669 -2801.79476492  6982.49450836], v=[4.92631657 5.15758446 0.86503386]
  RK45_ECI: r=[5385.95608251 3596.93033797 4219.80988177], v=[ 0.93579916  4.81672893 -5.25404444]
Epoch 2244, t=2460388.5432817833:
  TLE_ECI: r=[ 1855.34953406 -2645.12511443  7005.71514676], v=[4.8776241  5.23059246 0.68311238]
  RK45_ECI: r=[5390.22205718 3630.73824696 4185.57128216], v=[ 0.90330061  4.79690267 -5.27766216]
Epoch 2245, t=2460388.543357047:
  TLE_ECI: r=[ 2002.11616884 -2486.25692726  7023.47004767], v=[4.82506951 5.29948017 0.50066296]
  RK45_ECI: r=[5394.26065874 3664.41857469 4151.17976953], v=[ 0.87078934  4.77687252 -5.30108615]
Epoch 2246, t=2460388.54343231:
  TLE_ECI: r=[ 2147.17295849 -2325.31544756  7035.74549503], v=[4.76869755 5.3641909  0.31782697]
  RK45_ECI: r=[5398.07189543 3697.97003523 4116.63644377], v=[ 0.8382666   4.75663913 -5.32431566]
Epoch 2247, t=2460388.5435075737:
  TLE_ECI: r=[ 2290.40513699 -2162.42762643  7042.53201774], v=[4.70855592 5.4246712  0.13474603]
  RK45_ECI: r=[5401.65570737 3731.39091138 4081.94289707], v=[ 0.80573404  4.73620343 -5.34734965]
Epoch 2248, t=2460388.5435828366:
  TLE_ECI: r=[ 2431.69946782 -1997.72203068  7043.82439638], v=[ 4.64469525  5.48087088 -0.04843804]
  RK45_ECI: r=[5405.01213417 3764.67991165 4047.10024094], v=[ 0.77319293  4.71556607 -5.37018738]
Epoch 2249, t=2460388.5436581:
  TLE_ECI: r=[ 2570.94435555 -1831.32871547  7039.62166679], v=[ 4.57716899  5.53274309 -0.23158338]
  RK45_ECI: r=[5408.14116545 3797.83565118 4012.10975419], v=[ 0.74064462  4.69472782 -5.39282803]
Epoch 2250, t=2460388.5437333635:
  TLE_ECI: r=[ 2708.02989547 -1663.37916488  7029.9271208 ], v=[ 4.50603348  5.58024429 -0.41454813]
  RK45_ECI: r=[5411.04285507 3830.85684527 3976.97255561], v=[ 0.70809036  4.67368935 -5.41527089]

Summary Statistics:
Mean position difference: 9967.031 m
Max position difference: 15491.955 m
Mean velocity difference: 9.256 m/s
Max velocity difference: 14.381 m/s
