Perturbation configuration 8: AtmDrag
TLE: 1 41240U 16002A   24078.93311235 -.00000041  00000-0  88455-4 0  9998
2 41240  66.0433  38.7934 0008217 275.1931  84.8147 12.80929479381943
Initial state: r=[-1860.2918104   2511.66965221  7054.40180529], v=[-5.6479915  -4.46099341  0.09890006], jd=2460388.3743908517

Epoch 0, t=2460388.3743908517:
  TLE_ECI: r=[ -351.48708541 -3116.28604399  7048.74830935], v=[ 7.08706485 -1.16734781 -0.16198856]
  RK45_ECI: r=[ -638.30754113 -3056.16509346  7055.93178089], v=[ 7.08108291 -1.28901005  0.0822758 ]
Epoch 1, t=2460388.374466115:
  TLE_ECI: r=[ -137.27230569 -3150.1622597   7041.1361309 ], v=[ 7.09393955 -1.08267212 -0.34522476]
  RK45_ECI: r=[ -590.79639976 -3064.77942841  7056.33393234], v=[ 7.08515702 -1.26838187  0.04245835]
Epoch 2, t=2460388.3745413786:
  TLE_ECI: r=[   77.08014039 -3181.38368931  7028.03051036], v=[ 7.09521288 -0.99714928 -0.52819217]
  RK45_ECI: r=[ -543.25540513 -3073.2369623   7056.47714583], v=[ 7.08895318e+00 -1.24770354e+00  2.63921167e-03]
Epoch 3, t=2460388.3746166416:
  TLE_ECI: r=[  291.40089939 -3209.92595726  7009.44164072], v=[ 7.09088301 -0.91085071 -0.71074908]
  RK45_ECI: r=[ -495.68709801 -3081.53724322  7056.36141633], v=[ 7.09247114 -1.22697635 -0.03717958]
Epoch 4, t=2460388.374691905:
  TLE_ECI: r=[  505.52064517 -3235.76691758  6985.38396259], v=[ 7.08095245 -0.82384836 -0.89275404]
  RK45_ECI: r=[ -448.09269532 -3089.68005993  7055.98674883], v=[ 7.09571079 -1.20620103 -0.07699711]
Epoch 5, t=2460388.3747671684:
  TLE_ECI: r=[  719.2701538  -3258.88667385  6955.87615369], v=[ 7.06542804 -0.73621478 -1.07406603]
  RK45_ECI: r=[ -400.47409094 -3097.66508786  7055.35315406], v=[ 7.09867195 -1.18537864 -0.11681191]
Epoch 6, t=2460388.374842432:
  TLE_ECI: r=[  932.48047197 -3279.26759311  6920.94111519], v=[ 7.04432095 -0.648023   -1.25454454]
  RK45_ECI: r=[ -352.83360448 -3105.49194055  7054.4606619 ], v=[ 7.10135446 -1.16451037 -0.15662213]
Epoch 7, t=2460388.3749176953:
  TLE_ECI: r=[ 1144.98303866 -3296.89431962  6880.60595499], v=[ 7.01764668 -0.55934646 -1.43404965]
  RK45_ECI: r=[ -305.17269017 -3113.16038385  7053.30929754], v=[ 7.10375818 -1.14359707 -0.19642667]
Epoch 8, t=2460388.3749929583:
  TLE_ECI: r=[ 1356.60980644 -3311.75379038  6834.90196791], v=[ 6.98542506 -0.470259   -1.61244216]
  RK45_ECI: r=[ -257.49389599 -3120.67001398  7051.89912209], v=[ 7.10588296 -1.12264006 -0.2362235 ]
Epoch 9, t=2460388.3750682217:
  TLE_ECI: r=[ 1567.19341059 -3323.83523011  6783.86461286], v=[ 6.94768023 -0.38083469 -1.78958369]
  RK45_ECI: r=[ -209.79844278 -3128.02064676  7050.23017023], v=[ 7.10772872 -1.10164009 -0.2760117 ]
Epoch 10, t=2460388.375143485:
  TLE_ECI: r=[ 1776.56724122 -3333.13018104  6727.53348699], v=[ 6.90444061 -0.29114795 -1.96533675]
  RK45_ECI: r=[ -162.08822984 -3135.21199629  7048.3025006 ], v=[ 7.10929534 -1.0805982  -0.3157898 ]
Epoch 11, t=2460388.3752187486:
  TLE_ECI: r=[ 1984.56561175 -3339.63249537  6665.9522967 ], v=[ 6.8557389  -0.20127335 -2.1395649 ]
  RK45_ECI: r=[ -114.36558216 -3142.24372062  7046.11620312], v=[ 7.11058272 -1.0595156  -0.35555596]
Epoch 12, t=2460388.3752940116:
  TLE_ECI: r=[ 2191.02386861 -3343.33834957  6599.16882568], v=[ 6.80161208 -0.11128561 -2.31213278]
  RK45_ECI: r=[  -66.63240091 -3149.11555371  7043.67136288], v=[ 7.11159077 -1.03839335 -0.3953087 ]
Epoch 13, t=2460388.375369275:
  TLE_ECI: r=[ 2395.77855907 -3344.24622207  6527.23489985], v=[ 6.74210136 -0.02125949 -2.48290627]
  RK45_ECI: r=[  -18.88990904 -3155.8273312   7040.96803462], v=[ 7.11231944 -1.0172322  -0.43504711]
Epoch 14, t=2460388.3754445384:
  TLE_ECI: r=[ 2598.66750028 -3342.35693067  6450.20634941], v=[ 6.67725215  0.06873018 -2.65175257]
  RK45_ECI: r=[   28.85934014 -3162.37870524  7038.00635513], v=[ 7.11276865 -0.99603347 -0.47476917]
Epoch 15, t=2460388.375519802:
  TLE_ECI: r=[ 2799.52994562 -3337.67360781  6368.14296775], v=[ 6.60711406  0.15860863 -2.81854029]
  RK45_ECI: r=[   76.61388725 -3168.76949258  7034.78640674], v=[ 7.11293835 -0.97479803 -0.51447377]
Epoch 16, t=2460388.3755950653:
  TLE_ECI: r=[ 2998.20670109 -3330.20170363  6281.10846744], v=[ 6.53174085  0.2483012  -2.98313955]
  RK45_ECI: r=[  124.37140425 -3174.99939607  7031.30833934], v=[ 7.11282852 -0.95352709 -0.55415907]
Epoch 17, t=2460388.3756703283:
  TLE_ECI: r=[ 3194.54024083 -3319.94899054  6189.17043323], v=[ 6.45119042  0.33773336 -3.1454221 ]
  RK45_ECI: r=[  172.12998762 -3181.06818879  7027.5722858 ], v=[ 7.11243912 -0.93222173 -0.59382361]
Epoch 18, t=2460388.3757455917:
  TLE_ECI: r=[ 3388.37487024 -3306.9255201   6092.40027199], v=[ 6.36552471  0.42683084 -3.3052614 ]
  RK45_ECI: r=[  219.88841268 -3186.97573373  7023.57833049], v=[ 7.11177013 -0.91088269 -0.63346647]
Epoch 19, t=2460388.375820855:
  TLE_ECI: r=[ 3579.55679062 -3291.14366881  5990.87315994], v=[ 6.27480974  0.51551963 -3.46253271]
  RK45_ECI: r=[  267.64412438 -3192.72173198  7019.32667612], v=[ 7.11082155 -0.8895113  -0.67308563]
Epoch 20, t=2460388.3758961186:
  TLE_ECI: r=[ 3767.93425992 -3272.61809229  5884.66798673], v=[ 6.17911554  0.60372605 -3.61711323]
  RK45_ECI: r=[  315.3956621  -3198.30603232  7014.81744067], v=[ 7.10959339 -0.86810845 -0.71267999]
Epoch 21, t=2460388.375971382:
  TLE_ECI: r=[ 3953.35770322 -3251.36572231  5773.86729671], v=[ 6.07851605  0.69137683 -3.76888214]
  RK45_ECI: r=[  363.14069703 -3203.72838271  7010.05083382], v=[ 7.10808568 -0.84667535 -0.75224773]
Epoch 22, t=2460388.376046645:
  TLE_ECI: r=[ 4135.67982264 -3227.4057645   5658.55722736], v=[ 5.97308917  0.77839912 -3.91772072]
  RK45_ECI: r=[  410.87732533 -3208.98859558  7005.02703612], v=[ 7.10629845 -0.82521307 -0.79178737]
Epoch 23, t=2460388.3761219084:
  TLE_ECI: r=[ 4314.75575255 -3200.75963501  5538.82744473], v=[ 5.86291661  0.86472067 -4.06351246]
  RK45_ECI: r=[  458.60432194 -3214.08656139  6999.74616147], v=[ 7.10423172 -0.80372238 -0.831298  ]
Epoch 24, t=2460388.376197172:
  TLE_ECI: r=[ 4490.44311832 -3171.45101389  5414.77107633], v=[ 5.74808389  0.95026975 -4.20614314]
  RK45_ECI: r=[  506.31913258 -3219.02203043  6994.20847832], v=[ 7.10188556 -0.7822046  -0.87077762]
Epoch 25, t=2460388.3762724353:
  TLE_ECI: r=[ 4662.60218865 -3139.50577878  5286.48464097], v=[ 5.62868029  1.03497526 -4.3455009 ]
  RK45_ECI: r=[  554.02029683 -3223.79488368  6988.41414016], v=[ 7.09926002 -0.76066062 -0.91022513]
Epoch 26, t=2460388.3763476987:
  TLE_ECI: r=[ 4831.09597824 -3104.95199526  5154.06797596], v=[ 5.50479875  1.11876683 -4.48147637]
  RK45_ECI: r=[  601.70548771 -3228.40491442  6982.36341627], v=[ 7.09635521 -0.73909167 -0.9496387 ]
Epoch 27, t=2460388.3764229617:
  TLE_ECI: r=[ 4995.79034923 -3067.81990828  5017.62416167], v=[ 5.37653582  1.2015748  -4.61396274]
  RK45_ECI: r=[  649.37280292 -3232.85197461  6976.0565347 ], v=[ 7.09317121 -0.71749883 -0.98901687]
Epoch 28, t=2460388.376498225:
  TLE_ECI: r=[ 5156.55415558 -3028.14185931  4877.25944323], v=[ 5.24399158  1.28333039 -4.74285585]
  RK45_ECI: r=[  697.02101821 -3237.13598228  6969.49363876], v=[ 7.08970807 -0.69588285 -1.02835874]
Epoch 29, t=2460388.3765734886:
  TLE_ECI: r=[ 5313.259295   -2985.95234585  4733.08314986], v=[ 5.10726961  1.36396564 -4.86805426]
  RK45_ECI: r=[  744.64758279 -3241.25673713  6962.67506238], v=[ 7.08596596 -0.67424508 -1.06766231]
Epoch 30, t=2460388.376648752:
  TLE_ECI: r=[ 5465.78084928 -2941.28793588  4585.20761144], v=[ 4.96647688  1.44341354 -4.98945937]
  RK45_ECI: r=[  792.25103797 -3245.21415246  6955.60099441], v=[ 7.08194496 -0.6525864  -1.10692648]
Epoch 31, t=2460388.376724015:
  TLE_ECI: r=[ 5613.9971684  -2894.18726812  4433.74807258], v=[ 4.82172365  1.52160805 -5.10697549]
  RK45_ECI: r=[  839.82883539 -3249.0080502   6948.27179849], v=[ 7.07764526 -0.63090815 -1.14614925]
Epoch 32, t=2460388.3767992784:
  TLE_ECI: r=[ 5757.79000388 -2844.69095466  4278.82260424], v=[ 4.67312345  1.59848422 -5.2205099 ]
  RK45_ECI: r=[  887.37975282 -3252.63837246  6940.68764493], v=[ 7.07306695 -0.60921109 -1.18532973]
Epoch 33, t=2460388.376874542:
  TLE_ECI: r=[ 5897.04455417 -2792.84164453  4120.55201302], v=[ 4.52079294  1.67397814 -5.32997294]
  RK45_ECI: r=[  934.9018916  -3256.10501441  6932.8488113 ], v=[ 7.06821018 -0.5874963  -1.22446646]
Epoch 34, t=2460388.3769498053:
  TLE_ECI: r=[ 6031.64959332 -2738.6839235   3959.05974794], v=[ 4.36485185  1.74802711 -5.43527812]
  RK45_ECI: r=[  982.39293255 -3259.40784216  6924.75566169], v=[ 7.06307517 -0.56576502 -1.26355763]
Epoch 35, t=2460388.3770250687:
  TLE_ECI: r=[ 6161.49755357 -2682.26429329  3794.47180506], v=[ 4.20542288  1.8205696  -5.53634214]
  RK45_ECI: r=[ 1029.85142021 -3262.54680138  6916.40842014], v=[ 7.05766205 -0.54401814 -1.30260216]
Epoch 36, t=2460388.3771003317:
  TLE_ECI: r=[ 6286.48460653 -2623.63115069  3626.91662981], v=[ 4.04263162  1.89154536 -5.63308502]
  RK45_ECI: r=[ 1077.27481341 -3265.52176364  6907.80751526], v=[ 7.05197108 -0.522257   -1.34159806]
Epoch 37, t=2460388.377175595:
  TLE_ECI: r=[ 6406.51077989 -2562.83467378  3456.52501716], v=[ 3.87660642  1.96089547 -5.72543011]
  RK45_ECI: r=[ 1124.66210831 -3268.33271401  6898.95310437], v=[ 7.04600236 -0.50048228 -1.38054462]
Epoch 38, t=2460388.3772508586:
  TLE_ECI: r=[ 6521.47999342 -2499.92688931  3283.4300098 ], v=[ 3.70747834  2.02856238 -5.81330421]
  RK45_ECI: r=[ 1172.01076684 -3270.9795415   6889.84563839], v=[ 7.03975619 -0.47869532 -1.41943985]
Epoch 39, t=2460388.377326122:
  TLE_ECI: r=[ 6631.30017003 -2434.96155648  3107.76679426], v=[ 3.53538098  2.09448994 -5.8966376 ]
  RK45_ECI: r=[ 1219.31912262 -3273.46220378  6880.48541384], v=[ 7.03323277 -0.45689709 -1.45828249]
Epoch 40, t=2460388.3774013855:
  TLE_ECI: r=[ 6735.88330464 -2367.99413922  2929.67259507], v=[ 3.36045044  2.15862348 -5.97536415]
  RK45_ECI: r=[ 1266.58551014 -3275.7806636   6870.87273184], v=[ 7.02643229 -0.43508858 -1.4970713 ]
Epoch 41, t=2460388.3774766484:
  TLE_ECI: r=[ 6835.14553057 -2299.08177991  2749.2865672 ], v=[ 3.18282519  2.22090986 -6.0494213 ]
  RK45_ECI: r=[ 1313.80739801 -3277.93484225  6861.00808559], v=[ 7.0193551  -0.41327113 -1.53580429]
Epoch 42, t=2460388.377551912:
  TLE_ECI: r=[ 6929.00721689 -2228.28317099  2566.74968661], v=[ 3.00264593  2.2812975  -6.1187502 ]
  RK45_ECI: r=[ 1360.98378588 -3279.92474914  6850.89165538], v=[ 7.01200134 -0.39144542 -1.57448075]
Epoch 43, t=2460388.3776271753:
  TLE_ECI: r=[ 7017.39299392 -2155.65862458  2382.20463931], v=[ 2.82005551  2.33973644 -6.18329571]
  RK45_ECI: r=[ 1408.11214636 -3281.75032304  6840.52395657], v=[ 7.00437136 -0.36961278 -1.61309872]
Epoch 44, t=2460388.3777024387:
  TLE_ECI: r=[ 7100.23184401 -2081.26994213  2195.79570873], v=[ 2.63519879  2.39617837 -6.24300648]
  RK45_ECI: r=[ 1455.19082032 -3283.41155729  6829.90532634], v=[ 6.99646542 -0.34777421 -1.65165695]
Epoch 45, t=2460388.3777777017:
  TLE_ECI: r=[ 7177.45714832 -2005.18040265  2007.66866171], v=[ 2.44822258  2.45057668 -6.29783496]
  RK45_ECI: r=[ 1502.21792663 -3284.9084448   6819.036158  ], v=[ 6.98828382 -0.32593077 -1.69015401]
Epoch 46, t=2460388.377852965:
  TLE_ECI: r=[ 7249.00676657 -1927.45462504  1817.97063297], v=[ 2.25927541  2.50288652 -6.3477375 ]
  RK45_ECI: r=[ 1549.19161499 -3286.24097332  6807.91685407], v=[ 6.97982684 -0.3040835  -1.72858849]
Epoch 47, t=2460388.3779282286:
  TLE_ECI: r=[ 7314.82305344 -1848.15863864  1626.85000859], v=[ 2.06850751  2.5530648  -6.39267435]
  RK45_ECI: r=[ 1596.11022092 -3287.40915987  6796.54777244], v=[ 6.97109478 -0.28223339 -1.76695913]
Epoch 48, t=2460388.378003492:
  TLE_ECI: r=[ 7374.85293144 -1767.359743    1434.45630803], v=[ 1.87607065  2.60107029 -6.43260969]
  RK45_ECI: r=[ 1642.97145336 -3288.41299843  6784.92944081], v=[ 6.96208804 -0.26038168 -1.80526417]
Epoch 49, t=2460388.3780787555:
  TLE_ECI: r=[ 7429.04792937 -1685.12647234  1240.94006533], v=[ 1.68211799  2.64686358 -6.46751169]
  RK45_ECI: r=[ 1689.77387405 -3289.2525254   6773.0621804 ], v=[ 6.95280686 -0.23852926 -1.84350255]
Epoch 50, t=2460388.3781540184:
  TLE_ECI: r=[ 7477.3642189  -1601.52855773  1046.45270919], v=[ 1.48680399  2.69040717 -6.49735254]
  RK45_ECI: r=[ 1736.51497581 -3289.92775149  6760.94659944], v=[ 6.94325174 -0.21667747 -1.88167232]
Epoch 51, t=2460388.378229282:
  TLE_ECI: r=[ 7519.76267049 -1516.63678059   851.14644232], v=[ 1.29028425  2.73166551 -6.52210845]
  RK45_ECI: r=[ 1783.19355581 -3290.4387239   6748.5829777 ], v=[ 6.9334229  -0.19482707 -1.9197726 ]
Epoch 52, t=2460388.3783045453:
  TLE_ECI: r=[ 7556.20885765 -1430.52304318   655.17412003], v=[ 1.09271539  2.77060498 -6.5417597 ]
  RK45_ECI: r=[ 1829.80774716 -3290.78548867  6735.97176946], v=[ 6.92332071 -0.17297915 -1.957802  ]
Epoch 53, t=2460388.3783798087:
  TLE_ECI: r=[ 7586.67310559 -1343.26021988   458.68912825], v=[ 0.89425494  2.80719397 -6.55629063]
  RK45_ECI: r=[ 1876.35527308 -3290.96808552  6723.11355996], v=[ 6.91294564 -0.15113493 -1.99575874]
Epoch 54, t=2460388.378455072:
  TLE_ECI: r=[ 7611.13051156 -1254.92211617   261.84526094], v=[ 0.69506117  2.84140288 -6.56568969]
  RK45_ECI: r=[ 1922.83470457 -3290.98658299  6710.00870457], v=[ 6.90229799 -0.12929532 -2.03364178]
Epoch 55, t=2460388.378530335:
  TLE_ECI: r=[ 7629.56096239 -1165.58342824    64.79659724], v=[ 0.49529298  2.87320416 -6.56994942]
  RK45_ECI: r=[ 1969.24355137 -3290.84104143  6696.6578746 ], v=[ 6.89137832 -0.10746164 -2.0714492 ]
Epoch 56, t=2460388.3786055986:
  TLE_ECI: r=[ 7641.9491656  -1075.31958936  -132.30262171], v=[ 0.29510975  2.90257232 -6.56906648]
  RK45_ECI: r=[ 2015.58061872 -3290.53153561  6683.06137803], v=[ 6.8801869  -0.08563466 -2.10918013]
Epoch 57, t=2460388.378680862:
  TLE_ECI: r=[7648.28464105 -984.20683933 -329.29811606], v=[ 0.09467121  2.92948397 -6.56304162]
  RK45_ECI: r=[ 2061.84405278 -3290.05815109  6669.21971468], v=[ 6.86872414 -0.06381545 -2.14683317]
Epoch 58, t=2460388.3787561255:
  TLE_ECI: r=[7648.56174428 -892.32206991 -526.03569063], v=[-0.10586268  2.95391783 -6.55187971]
  RK45_ECI: r=[ 2108.03159361 -3289.42097308  6655.13352677], v=[ 6.85699059 -0.04200526 -2.18440659]
Epoch 59, t=2460388.378831389:
  TLE_ECI: r=[7642.77966761 -799.74278122 -722.36135815], v=[-0.30633188  2.97585472 -6.53558975]
  RK45_ECI: r=[ 2154.14182268 -3288.62010229  6640.80320344], v=[ 6.84498659 -0.02020495 -2.22189934]
Epoch 60, t=2460388.378906652:
  TLE_ECI: r=[7630.9424388  -706.54703781 -918.12146233], v=[-0.50657639  2.99527765 -6.51418481]
  RK45_ECI: r=[ 2200.17226928 -3287.65564853  6626.22947847], v=[ 6.83271278e+00  1.58412901e-03 -2.25930953e+00]
Epoch 61, t=2460388.3789819153:
  TLE_ECI: r=[ 7613.05892613  -612.81331233 -1113.16280062], v=[-0.70643645  3.01217175 -6.48768204]
  RK45_ECI: r=[ 2246.12174802 -3286.52771397  6611.41268774], v=[ 6.82016945  0.02336122 -2.29663629]
Epoch 62, t=2460388.3790571787:
  TLE_ECI: r=[ 7589.1428177   -518.62055255 -1307.33274645], v=[-0.90575258  3.02652432 -6.45610269]
  RK45_ECI: r=[ 2291.98842003 -3285.23642355  6596.35337612], v=[ 6.80735708  0.04512526 -2.33387825]
Epoch 63, t=2460388.379132442:
  TLE_ECI: r=[ 7559.21261889  -424.04802479 -1500.4793711 ], v=[-1.10436577  3.03832486 -6.41947203]
  RK45_ECI: r=[ 2337.77004444 -3283.78190783  6581.05224216], v=[ 6.79427629  0.06687501 -2.37103368]
Epoch 64, t=2460388.379207705:
  TLE_ECI: r=[ 7523.29163343  -329.17529025 -1692.45156469], v=[-1.3021176   3.04756504 -6.37781936]
  RK45_ECI: r=[ 2383.46479119 -3282.1643119   6565.50985544], v=[ 6.78092758  0.08860941 -2.40810122]
Epoch 65, t=2460388.3792829686:
  TLE_ECI: r=[ 7481.40794781  -234.08204877 -1883.09915658], v=[-1.49885039  3.0542387  -6.33117799]
  RK45_ECI: r=[ 2429.07148217 -3280.3837577   6549.72657049], v=[ 6.76731129  0.11032769 -2.44508002]
Epoch 66, t=2460388.379358232:
  TLE_ECI: r=[ 7433.59440096  -138.84820391 -2072.2730348 ], v=[-1.69440732  3.05834191 -6.27958517]
  RK45_ECI: r=[ 2474.58767217 -3278.44041169  6533.70319173], v=[ 6.75342811  0.13202854 -2.4819682 ]
Epoch 67, t=2460388.3794334955:
  TLE_ECI: r=[ 7379.88856121   -43.55370637 -2259.82526443], v=[-1.88863254  3.05987288 -6.22308212]
  RK45_ECI: r=[ 2520.01196246 -3276.33442577  6517.44016157], v=[ 6.73927847  0.15371107 -2.51876474]
Epoch 68, t=2460388.379508759:
  TLE_ECI: r=[ 7320.33269344    51.72149225 -2445.60920502], v=[-2.08137133  3.05883207 -6.16171391]
  RK45_ECI: r=[ 2565.34213372 -3274.06597551  6500.93823423], v=[ 6.72486305  0.17537406 -2.55546794]
Epoch 69, t=2460388.379584022:
  TLE_ECI: r=[ 7254.97372394   146.89748551 -2629.47962671], v=[-2.27247023  3.05522208 -6.09552949]
  RK45_ECI: r=[ 2610.57637368 -3271.63524509  6484.19802352], v=[ 6.7101824   0.19701646 -2.59207646]
Epoch 70, t=2460388.3796592853:
  TLE_ECI: r=[ 7183.86319953   241.89456543 -2811.29282501], v=[-2.46177715  3.0490477  -6.0245816 ]
  RK45_ECI: r=[ 2655.71351568 -3269.04238362  6467.21991127], v=[ 6.69523689  0.2186375  -2.62858944]
Epoch 71, t=2460388.3797345487:
  TLE_ECI: r=[ 7107.05724613   336.6331616  -2990.90673425], v=[-2.6491415   3.0403159  -5.94892673]
  RK45_ECI: r=[ 2700.75113941 -3266.28760648  6450.00476277], v=[ 6.6800273   0.24023587 -2.66500505]
Epoch 72, t=2460388.379809812:
  TLE_ECI: r=[ 7024.61652084   431.03399408 -3168.1810395 ], v=[-2.8344143   3.02903581 -5.86862509]
  RK45_ECI: r=[ 2745.68786056 -3263.37109719  6432.55305318], v=[ 6.6645541   0.26181071 -2.70132227]
Epoch 73, t=2460388.3798850756:
  TLE_ECI: r=[ 6936.60616146   525.0181188  -3342.97728686], v=[-3.01744834  3.01521872 -5.78374053]
  RK45_ECI: r=[ 2790.52148341 -3260.29307617  6414.86559166], v=[ 6.64881801  0.28336078 -2.73753943]
Epoch 74, t=2460388.3799603386:
  TLE_ECI: r=[ 6843.09573397   618.50697363 -3515.15899205], v=[-3.19809824  2.99887804 -5.6943405 ]
  RK45_ECI: r=[ 2835.25021534 -3257.05376646  6396.94303565], v=[ 6.63281966  0.30488505 -2.77365519]
Epoch 75, t=2460388.380035602:
  TLE_ECI: r=[ 6744.15916764   711.4225255  -3684.59174726], v=[-3.37622065  2.98002929 -5.60049597]
  RK45_ECI: r=[ 2879.87290245 -3253.65334403  6378.78579391], v=[ 6.61655946  0.32638276 -2.80966874]
Epoch 76, t=2460388.3801108655:
  TLE_ECI: r=[ 6639.87470372   803.68721384 -3851.14332612], v=[-3.55167428  2.95869012 -5.50228137]
  RK45_ECI: r=[ 2924.38715177 -3250.0920729   6360.39479178], v=[ 6.60003824  0.34785261 -2.84557823]
Epoch 77, t=2460388.380186129:
  TLE_ECI: r=[ 6530.32482419   895.22409704 -4014.68378669], v=[-3.72432004  2.93488026 -5.39977456]
  RK45_ECI: r=[ 2968.79159481 -3246.37016795  6341.77053667], v=[ 6.58325652  0.36929372 -2.8813827 ]
Epoch 78, t=2460388.3802613923:
  TLE_ECI: r=[ 6415.5961851    985.95689593 -4175.08557242], v=[-3.89402119  2.90862148 -5.29305669]
  RK45_ECI: r=[ 3013.0840617  -3242.48789414  6322.91389193], v=[ 6.5662151   0.3907049  -2.91708047]
Epoch 79, t=2460388.3803366553:
  TLE_ECI: r=[ 6295.77954827  1075.81003888 -4332.22361105], v=[-4.06064339  2.87993763 -5.1822122 ]
  RK45_ECI: r=[ 3057.26278139 -3238.44551298  6303.82555798], v=[ 6.54891464  0.4120851  -2.95267024]
Epoch 80, t=2460388.3804119187:
  TLE_ECI: r=[ 6170.96969423  1164.70879906 -4485.97541126], v=[-4.22405484  2.8488545  -5.06732871]
  RK45_ECI: r=[ 3101.32661392 -3234.24322711  6284.5059701 ], v=[ 6.53135559  0.43343358 -2.9881512 ]
Epoch 81, t=2460388.380487182:
  TLE_ECI: r=[ 6041.26536265  1252.57924382 -4636.22115713], v=[-4.38412636  2.81539993 -4.94849694]
  RK45_ECI: r=[ 3145.27319607 -3229.88134876  6264.95611281], v=[ 6.51353888  0.45474905 -3.02352155]
Epoch 82, t=2460388.3805624456:
  TLE_ECI: r=[ 5906.7691596   1339.3483712  -4782.84380027], v=[-4.54073152  2.77960371 -4.82581065]
  RK45_ECI: r=[ 3189.10117652 -3225.360124    6245.17652527], v=[ 6.49546503  0.47603064 -3.05878031]
Epoch 83, t=2460388.3806377086:
  TLE_ECI: r=[ 5767.58748088  1424.94413425 -4925.72914957], v=[-4.69374669  2.74149756 -4.69936655]
  RK45_ECI: r=[ 3232.80820646 -3220.67988644  6225.16821863], v=[ 6.477135    0.49727705 -3.0939257 ]
Epoch 84, t=2460388.380712972:
  TLE_ECI: r=[ 5623.8304089   1509.29556817 -5064.76595844], v=[-4.84305118  2.70111506 -4.56926422]
  RK45_ECI: r=[ 3276.39315952 -3215.84086189  6204.93165229], v=[ 6.45854927  0.51848757 -3.12895691]
Epoch 85, t=2460388.3807882355:
  TLE_ECI: r=[ 5475.61164758  1592.33274575 -5199.84600974], v=[-4.9885273   2.65849169 -4.43560601]
  RK45_ECI: r=[ 3319.85428943 -3210.84335331  6184.46757095], v=[ 6.43970856  0.53966115 -3.16387266]
Epoch 86, t=2460388.380863499:
  TLE_ECI: r=[ 5323.04841427  1673.98690353 -5330.86419796], v=[-5.13006045  2.61366476 -4.298497  ]
  RK45_ECI: r=[ 3363.18947239 -3205.68769599  6163.77692289], v=[ 6.42061378  0.56079661 -3.19867133]
Epoch 87, t=2460388.3809387623:
  TLE_ECI: r=[ 5166.26134896  1754.19048051 -5457.71860895], v=[-5.26753923  2.56667337 -4.15804485]
  RK45_ECI: r=[ 3406.39737567 -3200.37416679  6142.86027853], v=[ 6.40126551  0.5818931  -3.23335198]
Epoch 88, t=2460388.3810140253:
  TLE_ECI: r=[ 5005.37442246  1832.87715818 -5580.31059692], v=[-5.40085546  2.5175584  -4.01435977]
  RK45_ECI: r=[ 3449.47568366 -3194.90314696  6121.71870679], v=[ 6.38166478  0.60294933 -3.26791284]
Epoch 89, t=2460388.3810892887:
  TLE_ECI: r=[ 4840.51481539  1909.98197402 -5698.54485882], v=[-5.52990437  2.46636239 -3.86755438]
  RK45_ECI: r=[ 3492.42328621 -3189.27488838  6100.35269274], v=[ 6.36181208  0.6239646  -3.30235313]
Epoch 90, t=2460388.381164552:
  TLE_ECI: r=[ 4671.8128479   1985.44128398 -5812.32950599], v=[-5.65458453  2.41312962 -3.71774366]
  RK45_ECI: r=[ 3535.23846231 -3183.48973171  6078.76302263], v=[ 6.34170819  0.64493786 -3.33667159]
Epoch 91, t=2460388.3812398156:
  TLE_ECI: r=[ 4499.40185457  2059.19287426 -5921.57613299], v=[-5.77479806  2.357906   -3.56504483]
  RK45_ECI: r=[ 3577.91911972 -3177.54805565  6056.95069668], v=[ 6.3213541   0.66586795 -3.37086662]
Epoch 92, t=2460388.381315079:
  TLE_ECI: r=[ 4323.41808322  2131.17599616 -6026.19988373], v=[-5.89045058  2.30073904 -3.40957727]
  RK45_ECI: r=[ 3620.46394568 -3171.4501675   6034.91631596], v=[ 6.30075041  0.68675404 -3.4049373 ]
Epoch 93, t=2460388.381390342:
  TLE_ECI: r=[ 4144.000593    2201.33140264 -6126.11951474], v=[-6.00145137  2.24167781 -3.25146242]
  RK45_ECI: r=[ 3662.87066025 -3165.19649549  6012.66100616], v=[ 6.27989822  0.70759484 -3.4388819 ]
Epoch 94, t=2460388.3814656055:
  TLE_ECI: r=[ 3961.29111832  2269.60144516 -6221.25745546], v=[-6.1077134   2.18077287 -3.09082368]
  RK45_ECI: r=[ 3705.13836161 -3158.78729508  5990.18517156], v=[ 6.25879797  0.72838974 -3.4726998 ]
Epoch 95, t=2460388.381540869:
  TLE_ECI: r=[ 3775.43399487  2335.93004472 -6311.53986595], v=[-6.20915336  2.11807628 -2.92778633]
  RK45_ECI: r=[ 3747.26478271 -3152.22301092  5967.48995715], v=[ 6.23745078  0.74913748 -3.50638929]
Epoch 96, t=2460388.3816161323:
  TLE_ECI: r=[ 3586.57602031  2400.26278714 -6396.89669138], v=[-6.30569175  2.05364153 -2.76247743]
  RK45_ECI: r=[ 3789.24843801 -3145.50399791  5944.57609616], v=[ 6.21585739  0.76983713 -3.5399493 ]
Epoch 97, t=2460388.381691396:
  TLE_ECI: r=[ 3394.8663447   2462.54695369 -6477.26171379], v=[-6.39725294  1.98752346 -2.59502568]
  RK45_ECI: r=[ 3831.08784522 -3138.63061546  5921.44432575], v=[ 6.19401856  0.79048781 -3.57337874]
Epoch 98, t=2460388.3817666587:
  TLE_ECI: r=[ 3200.45636095  2522.73155303 -6552.57260084], v=[-6.4837652   1.9197783  -2.42556139]
  RK45_ECI: r=[ 3872.78076222 -3131.60333836  5898.09582727], v=[ 6.17193545  0.81108824 -3.60667593]
Epoch 99, t=2460388.381841922:
  TLE_ECI: r=[ 3003.49955623  2580.76740029 -6622.77095155], v=[-6.56516076  1.85046348 -2.25421633]
  RK45_ECI: r=[ 3914.32630229 -3124.42244446  5874.5310246 ], v=[ 6.14960852  0.83163781 -3.63984027]
Epoch 100, t=2460388.3819171856:
  TLE_ECI: r=[ 2804.15143569  2636.6070975  -6687.80233925], v=[-6.64137585  1.77963775 -2.08112365]
  RK45_ECI: r=[ 3955.7222372  -3117.08842447  5850.75111803], v=[ 6.12703897  0.85213529 -3.67287006]
Epoch 101, t=2460388.381992449:
  TLE_ECI: r=[ 2602.56937187  2690.20511038 -6747.6163513 ], v=[-6.71235074  1.70736102 -1.9064178 ]
  RK45_ECI: r=[ 3996.96710731 -3109.60166603  5826.75687544], v=[ 6.10422757  0.87257976 -3.70576427]
Epoch 102, t=2460388.382067712:
  TLE_ECI: r=[ 2398.91249723  2741.51778689 -6802.16662598], v=[-6.77802978  1.63369434 -1.73023436]
  RK45_ECI: r=[ 4038.05926138 -3101.96260073  5802.54918267], v=[ 6.08117525  0.89297024 -3.73852167]
Epoch 103, t=2460388.3821429755:
  TLE_ECI: r=[ 2193.3415479   2790.5034208  -6851.41088623], v=[-6.83836146  1.55869983 -1.55271004]
  RK45_ECI: r=[ 4078.99708176 -3094.1716317   5778.12893331], v=[ 6.05788289  0.91330579 -3.77114108]
Epoch 104, t=2460388.382218239:
  TLE_ECI: r=[ 1986.01878654  2837.12223988 -6895.31097053], v=[-6.89329842  1.48244068 -1.37398249]
  RK45_ECI: r=[ 4119.77911375 -3086.22917593  5753.49691273], v=[ 6.03435131  0.9335855  -3.80362145]
Epoch 105, t=2460388.3822935023:
  TLE_ECI: r=[ 1777.10784459  2881.33646712 -6933.83286063], v=[-6.94279746  1.40498107 -1.19419024]
  RK45_ECI: r=[ 4160.40336472 -3078.13573069  5728.65426125], v=[ 6.01058167  0.95380824 -3.83596129]
Epoch 106, t=2460388.382368766:
  TLE_ECI: r=[ 1566.77360315  2923.11034271 -6966.94670624], v=[-6.98681964  1.32638609 -1.01347261]
  RK45_ECI: r=[ 4200.86858501 -3069.89168631  5703.60166264], v=[ 5.98657468  0.97397321 -3.86815971]
Epoch 107, t=2460388.3824440287:
  TLE_ECI: r=[ 1355.18207384  2962.41014784 -6994.62684677], v=[-7.02533022  1.24672177 -0.83196958]
  RK45_ECI: r=[ 4241.17260662 -3061.49759936  5678.34039562], v=[ 5.96233163  0.9940792  -3.90021508]
Epoch 108, t=2460388.382519292:
  TLE_ECI: r=[ 1142.50023555  2999.20424777 -7016.85182984], v=[-7.05829875  1.16605488 -0.64982169]
  RK45_ECI: r=[ 4281.31439121 -3052.95381784  5652.87103823], v=[ 5.93785314  1.01412551 -3.93212669]
Epoch 109, t=2460388.3825945556:
  TLE_ECI: r=[  928.89595718  3033.46309036 -7033.60442699], v=[-7.08569904  1.08445306 -0.46716998]
  RK45_ECI: r=[ 4321.29232947 -3044.26082122  5627.1945274 ], v=[ 5.91314017  1.03411118 -3.96389336]
Epoch 110, t=2460388.382669819:
  TLE_ECI: r=[  714.53783326  3065.15924712 -7044.87164612], v=[-7.10750924  1.00198463 -0.28415581]
  RK45_ECI: r=[ 4361.10446832 -3035.41914788  5601.31205149], v=[ 5.88819393  1.0540351  -3.99551364]
Epoch 111, t=2460388.3827450825:
  TLE_ECI: r=[  499.59506227  3094.2674298  -7050.64474093], v=[-7.12371178  0.91871859 -0.10092085]
  RK45_ECI: r=[ 4400.74958308 -3026.4292169   5575.22432254], v=[ 5.86301518  1.07389648 -4.02698666]
Epoch 112, t=2460388.3828203455:
  TLE_ECI: r=[  284.2373251   3120.7645092  -7050.91921737], v=[-7.13429344  0.8347246   0.08239309]
  RK45_ECI: r=[ 4440.22554998 -3017.29162931  5548.93267171], v=[ 5.83760527  1.09369411 -4.05831083]
Epoch 113, t=2460388.382895609:
  TLE_ECI: r=[   68.63461742  3144.62953722 -7045.69483686], v=[-7.13924533  0.7500728   0.26564415]
  RK45_ECI: r=[ 4479.5313521  -3008.00675756  5522.43770017], v=[ 5.81196485  1.11342733 -4.08948544]
Epoch 114, t=2460388.3829708723:
  TLE_ECI: r=[ -147.04282702  3165.84375596 -7034.97561664], v=[-7.1385629   0.66483391  0.4486905 ]
  RK45_ECI: r=[ 4518.66541369 -2998.5751161   5495.7403824 ], v=[ 5.78609493  1.13309518 -4.12050937]
Epoch 115, t=2460388.383046136:
  TLE_ECI: r=[ -362.62470418  3184.39061761 -7018.76982696], v=[-7.13224598  0.57907907  0.63139044]
  RK45_ECI: r=[ 4557.62582309 -2988.99728378  5468.8419537 ], v=[ 5.75999678  1.15269658 -4.15138117]
Epoch 116, t=2460388.383121399:
  TLE_ECI: r=[ -577.94076225  3200.25579581 -6997.08998514], v=[-7.12029872  0.49287984  0.81360255]
  RK45_ECI: r=[ 4596.41138183 -2979.27370797  5441.74315369], v=[ 5.73367119  1.17223075 -4.18210002]
Epoch 117, t=2460388.383196662:
  TLE_ECI: r=[ -792.82092394  3213.42719893 -6969.95284671], v=[-7.10272964  0.40630812  0.99518573]
  RK45_ECI: r=[ 4635.02001249 -2969.40503342  5414.44536466], v=[ 5.70711958  1.1916965  -4.21266436]
Epoch 118, t=2460388.3832719256:
  TLE_ECI: r=[-1007.09545572  3223.89497095 -6937.37939327], v=[-7.0795516   0.31943607  1.17599935]
  RK45_ECI: r=[ 4673.45072079 -2959.39165634  5386.94921035], v=[ 5.68034261  1.21109319 -4.24307351]
Epoch 119, t=2460388.383347189:
  TLE_ECI: r=[-1220.59504267  3231.65151085 -6899.39481762], v=[-7.0507818   0.2323361   1.35590332]
  RK45_ECI: r=[ 4711.70196593 -2949.23412576  5359.2557019 ], v=[ 5.65334136  1.23041987 -4.27332635]
Epoch 120, t=2460388.3834224525:
  TLE_ECI: r=[-1433.15095736  3236.69147116 -6856.02850549], v=[-7.01644178  0.1450808   1.53475821]
  RK45_ECI: r=[ 4749.77187965 -2938.93306021  5331.36612028], v=[ 5.62611714  1.24967549 -4.30342149]
Epoch 121, t=2460388.3834977155:
  TLE_ECI: r=[-1644.5951718   3239.01176853 -6807.31401446], v=[-6.9765574   0.05774289  1.71242535]
  RK45_ECI: r=[ 4787.65894069 -2928.48902613  5303.28149654], v=[ 5.59867105  1.2688591  -4.33335785]
Epoch 122, t=2460388.383572979:
  TLE_ECI: r=[-1854.76052592  3238.61156744 -6753.2890496 ], v=[-6.93115882 -0.0296049   1.88876692]
  RK45_ECI: r=[ 4825.36217101 -2917.9024368   5275.00246927], v=[ 5.57100377  1.28797006 -4.36313475]
Epoch 123, t=2460388.3836482423:
  TLE_ECI: r=[-2063.48080062  3235.49230762 -6693.99543636], v=[-6.8802805  -0.1168898   2.06364607]
  RK45_ECI: r=[ 4862.87954895 -2907.1739862   5246.53047767], v=[ 5.5431168   1.30700722 -4.39275067]
Epoch 124, t=2460388.383723506:
  TLE_ECI: r=[-2270.59088517  3229.65768553 -6629.47909017], v=[-6.82396115 -0.20403908  2.23692701]
  RK45_ECI: r=[ 4900.20992064 -2896.30416567  5217.86630403], v=[ 5.51501097  1.32596984 -4.42220483]
Epoch 125, t=2460388.383798769:
  TLE_ECI: r=[-2475.92689652  3221.11365542 -6559.78998311], v=[-6.76224375 -0.29098017  2.4084751 ]
  RK45_ECI: r=[ 4937.35146308 -2885.29363263  5189.01127386], v=[ 5.48668767  1.34485685 -4.45149588]
Epoch 126, t=2460388.383874032:
  TLE_ECI: r=[-2679.32629794  3209.86843244 -6484.98210761], v=[-6.69517548 -0.37764059  2.57815696]
  RK45_ECI: r=[ 4974.30269245 -2874.14298696  5159.9664533 ], v=[ 5.45814803  1.36366737 -4.48062273]
Epoch 127, t=2460388.3839492956:
  TLE_ECI: r=[-2880.62806395  3195.93245525 -6405.11343695], v=[-6.62280771 -0.4639482   2.7458406 ]
  RK45_ECI: r=[ 5011.06265497 -2862.8526649   5130.73250247], v=[ 5.42939277  1.38240075 -4.50958476]
Epoch 128, t=2460388.384024559:
  TLE_ECI: r=[-3079.67275001  3179.31842287 -6320.24588304], v=[-6.54519599 -0.54983105  2.91139547]
  RK45_ECI: r=[ 5047.62937975 -2851.42340237  5101.31090885], v=[ 5.40042344  1.40105586 -4.53838048]
Epoch 129, t=2460388.3840998225:
  TLE_ECI: r=[-3276.30265581  3160.04125475 -6230.44525101], v=[-6.46239998 -0.63521757  3.07469257]
  RK45_ECI: r=[ 5084.00174241 -2839.85571725  5071.70248039], v=[ 5.37124091  1.41963198 -4.56700913]
Epoch 130, t=2460388.384175086:
  TLE_ECI: r=[-3470.36193964  3138.11808642 -6135.78119085], v=[-6.37448341 -0.72003658  3.23560459]
  RK45_ECI: r=[ 5120.17796697 -2828.15030515  5041.90858585], v=[ 5.34184662  1.43812808 -4.59546939]
Epoch 131, t=2460388.384250349:
  TLE_ECI: r=[-3661.69673266  3113.56826607 -6036.3271462 ], v=[-6.2815141  -0.80421734  3.39400595]
  RK45_ECI: r=[ 5156.15660853 -2816.30779862  5011.93032549], v=[ 5.31224173  1.45654327 -4.62376022]
Epoch 132, t=2460388.3843256123:
  TLE_ECI: r=[-3850.15529715  3086.41329688 -5932.16030005], v=[-6.18356383 -0.88768968  3.54977295]
  RK45_ECI: r=[ 5191.93673864 -2804.3286563   4981.76838029], v=[ 5.28242701  1.47487694 -4.65188101]
Epoch 133, t=2460388.384400876:
  TLE_ECI: r=[-4035.58809184  3056.67688221 -5823.3615177 ], v=[-6.08070835 -0.97038397  3.70278383]
  RK45_ECI: r=[ 5227.51643919 -2792.21365492  4951.42428458], v=[ 5.25240406  1.49312799 -4.67983033]
Epoch 134, t=2460388.384476139:
  TLE_ECI: r=[-4217.84792751  3024.38486548 -5710.01528671], v=[-5.97302731 -1.05223118  3.85291887]
  RK45_ECI: r=[ 5262.89461619 -2779.96333875  4920.89887124], v=[ 5.22217378  1.51129569 -4.70760742]
Epoch 135, t=2460388.384551402:
  TLE_ECI: r=[-4396.79006664  2989.56523197 -5592.20965401], v=[-5.86060423 -1.133163    4.00006051]
  RK45_ECI: r=[ 5298.06937613 -2767.57850249  4890.19369548], v=[ 5.19173781  1.52937897 -4.73521089]
Epoch 136, t=2460388.3846266656:
  TLE_ECI: r=[-4572.27237398  2952.24803556 -5470.03616015], v=[-5.7435264  -1.21311189  4.14409342]
  RK45_ECI: r=[ 5333.03981417 -2755.05962408  4859.30945705], v=[ 5.16109692  1.54737721 -4.76264012]
Epoch 137, t=2460388.384701929:
  TLE_ECI: r=[-4744.15537771  2912.46544974 -5343.58977083], v=[-5.62188485 -1.29201105  4.2849046 ]
  RK45_ECI: r=[ 5367.80452833 -2742.40737063  4828.24729069], v=[ 5.13025233  1.56528957 -4.78989411]
Epoch 138, t=2460388.3847771925:
  TLE_ECI: r=[-4912.30241692  2870.25169166 -5212.96880558], v=[-5.49577429 -1.36979459  4.42238347]
  RK45_ECI: r=[ 5402.36182179 -2729.62249666  4797.00863164], v=[ 5.09920555  1.58311504 -4.81697162]
Epoch 139, t=2460388.384852456:
  TLE_ECI: r=[-5076.5797428  2825.6430065 -5078.2748637], v=[-5.36529303 -1.44639748  4.55642198]
  RK45_ECI: r=[ 5436.71063224 -2716.7055717   4765.59433686], v=[ 5.06795753  1.60085294 -4.84387193]
Epoch 140, t=2460388.384927719:
  TLE_ECI: r=[-5236.85661863  2778.67765326 -4939.61274754], v=[-5.23054293 -1.5217557   4.68691465]
  RK45_ECI: r=[ 5470.84912168 -2703.65743006  4734.00600633], v=[ 5.03650994  1.6185022  -4.87059367]
Epoch 141, t=2460388.3850029823:
  TLE_ECI: r=[-5393.00545839  2729.39581253 -4797.09038306], v=[-5.09162928 -1.59580626  4.81375872]
  RK45_ECI: r=[ 5504.77641232 -2690.47857102  4702.24435934], v=[ 5.0048636   1.63606224 -4.89713626]
Epoch 142, t=2460388.385078246:
  TLE_ECI: r=[-5544.90188118  2677.83964411 -4650.81873791], v=[-4.94866078 -1.66848721  4.9368542 ]
  RK45_ECI: r=[ 5538.49114407 -2677.16969271  4670.31056258], v=[ 4.97301976  1.65353221 -4.92349873]
Epoch 143, t=2460388.385153509:
  TLE_ECI: r=[-5692.42484557  2624.05319223 -4500.91173679], v=[-4.80174944 -1.73973774  5.05610395]
  RK45_ECI: r=[ 5571.99167179 -2663.73158517  4638.20609107], v=[ 4.94097998  1.67091116 -4.94967988]
Epoch 144, t=2460388.3852287726:
  TLE_ECI: r=[-5835.45674011  2568.08236448 -4347.4861744 ], v=[-4.65101049 -1.80949826  5.17141377]
  RK45_ECI: r=[ 5605.27696586 -2650.16484281  4605.93182504], v=[ 4.90874523  1.68819841 -4.975679  ]
Epoch 145, t=2460388.3853040356:
  TLE_ECI: r=[-5973.88347243  2509.97491095 -4190.66162592], v=[-4.49656231 -1.87771035  5.28269252]
  RK45_ECI: r=[ 5638.34524567 -2636.47033833  4573.48940769], v=[ 4.87631726  1.70539293 -5.00149479]
Epoch 146, t=2460388.385379299:
  TLE_ECI: r=[-6107.59459255  2449.78031519 -4030.56035498], v=[-4.33852629 -1.94431696  5.38985212]
  RK45_ECI: r=[ 5671.19566139 -2622.64859171  4540.8795772 ], v=[ 4.84369689  1.72249415 -5.02712668]
Epoch 147, t=2460388.3854545625:
  TLE_ECI: r=[-6236.48333915  2387.54985692 -3867.30721955], v=[-4.17702683 -2.00926232  5.49280769]
  RK45_ECI: r=[ 5703.82689621 -2608.70033116  4508.10353107], v=[ 4.81088542  1.73950125 -5.05257375]
Epoch 148, t=2460388.385529826:
  TLE_ECI: r=[-6360.44675762  2323.33650071 -3701.0295753 ], v=[-4.01219116 -2.07249206  5.59147761]
  RK45_ECI: r=[ 5736.23735819 -2594.62638164  4475.16278271], v=[ 4.77788445  1.7564133  -5.07783482]
Epoch 149, t=2460388.3856050894:
  TLE_ECI: r=[-6479.38577795  2257.1948684  -3531.85717686], v=[-3.8441493  -2.13395325  5.68578357]
  RK45_ECI: r=[ 5768.42605158 -2580.42736131  4442.05823477], v=[ 4.744695    1.77322965 -5.10290922]
Epoch 150, t=2460388.3856803523:
  TLE_ECI: r=[-6593.20529035  2189.18121323 -3359.92207702], v=[-3.67303392 -2.19359444  5.77565068]
  RK45_ECI: r=[ 5800.39125493 -2566.10418023  4408.79157215], v=[ 4.71131884  1.78994928 -5.1277957 ]
Epoch 151, t=2460388.385755616:
  TLE_ECI: r=[-6701.81425034  2119.35329548 -3185.35852373], v=[-3.49898024 -2.25136575  5.8610075 ]
  RK45_ECI: r=[ 5832.13228991 -2551.65732347  4375.36339395], v=[ 4.67775668  1.80657173 -5.15249383]
Epoch 152, t=2460388.385830879:
  TLE_ECI: r=[-6805.12571559  2047.77044894 -3008.30285526], v=[-3.32212595 -2.30721882  5.94178612]
  RK45_ECI: r=[ 5863.64745604 -2537.08771386  4341.77539905], v=[ 4.64401031  1.82309598 -5.17700236]
Epoch 153, t=2460388.3859061426:
  TLE_ECI: r=[-6903.05694482  1974.49345469 -2828.89339342], v=[-3.14261107 -2.36110693  6.01792221]
  RK45_ECI: r=[ 5894.93564456 -2522.39604453  4308.02866611], v=[ 4.61008093  1.83952135 -5.20132052]
Epoch 154, t=2460388.3859814056:
  TLE_ECI: r=[-6995.52945501  1899.58452913 -2647.27033498], v=[-2.96057789 -2.41298503  6.08935511]
  RK45_ECI: r=[ 5925.99560474 -2507.583086    4274.12443607], v=[ 4.57596989  1.85584705 -5.22544743]
Epoch 155, t=2460388.386056669:
  TLE_ECI: r=[-7082.46910967  1823.10719017 -2463.57564129], v=[-2.77617075 -2.46280979  6.15602785]
  RK45_ECI: r=[ 5956.826117   -2492.64956266  4240.06395546], v=[ 4.54167853  1.87207234 -5.24938223]
Epoch 156, t=2460388.3861319325:
  TLE_ECI: r=[-7163.80614727  1745.12632518 -2277.95292644], v=[-2.58953605 -2.5105396   6.21788721]
  RK45_ECI: r=[ 5987.4260864  -2477.59619851  4205.8483156 ], v=[ 4.50720806  1.88819652 -5.27312417]
Epoch 157, t=2460388.386207196:
  TLE_ECI: r=[-7239.47526296  1665.70805483 -2090.54734379], v=[-2.40082204 -2.55613462  6.2748838 ]
  RK45_ECI: r=[ 6017.794021   -2462.42387809  4171.47909541], v=[ 4.47256017  1.90421871 -5.29667216]
Epoch 158, t=2460388.3862824594:
  TLE_ECI: r=[-7309.41565788  1584.91969744 -1901.50547104], v=[-2.21017874 -2.59955687  6.32697205]
  RK45_ECI: r=[ 6047.92898825 -2447.13326103  4136.95723569], v=[ 4.43773591  1.92013829 -5.32002557]
Epoch 159, t=2460388.3863577223:
  TLE_ECI: r=[-7373.57108626  1502.8297332  -1710.97519405], v=[-2.0177578  -2.64077019  6.37411033]
  RK45_ECI: r=[ 6077.82937751 -2431.72532166  4102.28449237], v=[ 4.40273716  1.93595431 -5.34318325]
Epoch 160, t=2460388.386432986:
  TLE_ECI: r=[-7431.88992098  1419.50765939 -1519.10558938], v=[-1.82371238 -2.67974033  6.41626089]
  RK45_ECI: r=[ 6107.49442162 -2416.20063471  4067.46165261], v=[ 4.36756481  1.95166627 -5.36614468]
Epoch 161, t=2460388.386508249:
  TLE_ECI: r=[-7484.32517022  1335.0240605  -1326.04680572], v=[-1.62819701 -2.71643494  6.45338999]
  RK45_ECI: r=[ 6136.9229318  -2400.56000785  4032.48999403], v=[ 4.33222026  1.9672734  -5.38890903]
Epoch 162, t=2460388.3865835126:
  TLE_ECI: r=[-7530.83453576  1249.45046212 -1131.94994431], v=[-1.43136748 -2.75082364  6.48546787]
  RK45_ECI: r=[ 6166.11347362 -2384.80435747  3997.37112987], v=[ 4.29670525  1.98277487 -5.41147527]
Epoch 163, t=2460388.386658776:
  TLE_ECI: r=[-7571.3804444   1162.85929098  -936.96693848], v=[-1.23338072 -2.782878    6.51246882]
  RK45_ECI: r=[ 6195.06515105 -2368.93436501  3962.10602088], v=[ 4.26102086  1.99817007 -5.4338428 ]
Epoch 164, t=2460388.386734039:
  TLE_ECI: r=[-7605.93007689  1075.32383532  -741.25043232], v=[-1.03439462 -2.81257162  6.53437118]
  RK45_ECI: r=[ 6223.77641734 -2352.9510387   3926.69646012], v=[ 4.22516899  2.0134581  -5.45601051]
Epoch 165, t=2460388.3868093025:
  TLE_ECI: r=[-7634.45540879   986.91809332  -544.95365874], v=[-0.83456794 -2.83988011  6.55115733]
  RK45_ECI: r=[ 6252.24653626 -2336.85497165  3891.14325086], v=[ 4.18915058  2.02863845 -5.4779779 ]
Epoch 166, t=2460388.386884566:
  TLE_ECI: r=[-7656.93321481   897.716843    -348.23031698], v=[-0.63406015 -2.86478115  6.5628138 ]
  RK45_ECI: r=[ 6280.47436708 -2320.64699808  3855.44769705], v=[ 4.15296706  2.04371041 -5.4997442 ]
Epoch 167, t=2460388.3869598294:
  TLE_ECI: r=[-7673.34510211   807.7954893   -151.23444957], v=[-0.43303132 -2.88725445  6.56933118]
  RK45_ECI: r=[ 6308.45853444 -2304.32806487  3819.61144473], v=[ 4.1166202   2.05867315 -5.52130841]
Epoch 168, t=2460388.387035093:
  TLE_ECI: r=[-7683.67752272   717.23002154    45.87968091], v=[-0.23164197 -2.90728184  6.5707042 ]
  RK45_ECI: r=[ 6336.1981797  -2287.8988744   3783.63547367], v=[ 4.0801111   2.07352611 -5.54266996]
Epoch 169, t=2460388.387110356:
  TLE_ECI: r=[-7687.9217834    626.09697112   242.95771541], v=[-0.03005292 -2.92484725  6.5669317 ]
  RK45_ECI: r=[ 6363.69182138 -2271.36046795  3747.52161243], v=[ 4.04344172  2.0882684  -5.56382779]
Epoch 170, t=2460388.387185619:
  TLE_ECI: r=[-7686.07406083   534.47325515   439.84532203], v=[ 0.17157484 -2.93993672  6.55801664]
  RK45_ECI: r=[ 6390.93875508 -2254.71345597  3711.27067958], v=[ 4.00661302  2.10289955 -5.58478144]
Epoch 171, t=2460388.3872608826:
  TLE_ECI: r=[-7678.13539322   442.43624625   636.38831958], v=[ 0.37308026 -2.95253842  6.54396609]
  RK45_ECI: r=[ 6417.93788921 -2237.95869828  3674.88400417], v=[ 3.96962644  2.11741887 -5.60553016]
Epoch 172, t=2460388.387336146:
  TLE_ECI: r=[-7664.11168773   350.06361579   832.4328011 ], v=[ 0.5743024  -2.96264266  6.52479127]
  RK45_ECI: r=[ 6444.68790881 -2221.09717112  3638.36326351], v=[ 3.93248381  2.13182557 -5.626073  ]
Epoch 173, t=2460388.387411409:
  TLE_ECI: r=[-7644.0137128    257.43331241  1027.82525704], v=[ 0.77508053 -2.9702419   6.50050745]
  RK45_ECI: r=[ 6471.18774921 -2204.12974712  3601.70980011], v=[ 3.8951866   2.14611897 -5.64640924]
Epoch 174, t=2460388.3874866725:
  TLE_ECI: r=[-7617.85709241   164.62340521  1222.41269812], v=[ 0.97525435 -2.97533073  6.47113402]
  RK45_ECI: r=[ 6497.43672848 -2187.05704899  3564.92444235], v=[ 3.85773577  2.16029861 -5.66653843]
Epoch 175, t=2460388.387561936:
  TLE_ECI: r=[-7585.66228762    71.7121519   1416.04277765], v=[ 1.174664   -2.97790593  6.43669443]
  RK45_ECI: r=[ 6523.43344198 -2169.88015395  3528.00905727], v=[ 3.82013333  2.17436365 -5.68645957]
Epoch 176, t=2460388.3876371994:
  TLE_ECI: r=[-7547.45458324   -21.22215805  1608.56391333], v=[ 1.37315031 -2.97796641  6.39721618]
  RK45_ECI: r=[ 6549.17709257 -2152.59979645  3490.96465312], v=[ 3.78238042  2.18831356 -5.70617214]
Epoch 177, t=2460388.387712463:
  TLE_ECI: r=[-7503.26406548  -114.10124802  1799.82540822], v=[ 1.57055486 -2.97551324  6.35273079]
  RK45_ECI: r=[ 6574.66642697 -2135.21698094  3453.79293691], v=[ 3.74447889  2.20214758 -5.72567524]
Epoch 178, t=2460388.387787726:
  TLE_ECI: r=[-7453.12559719  -206.84689955  1989.67757098], v=[ 1.76672014 -2.97054965  6.30327376]
  RK45_ECI: r=[ 6599.90043141 -2117.73260374  3416.4952743 ], v=[ 3.70643025  2.21586507 -5.74496819]
Epoch 179, t=2460388.387862989:
  TLE_ECI: r=[-7397.0787864   -299.38110588  2177.97183513], v=[ 1.96148973 -2.963081    6.24888457]
  RK45_ECI: r=[ 6624.87845678 -2100.14730405  3379.07250766], v=[ 3.66823547  2.22946558 -5.76405056]
Epoch 180, t=2460388.3879382527:
  TLE_ECI: r=[-7335.16795575  -391.62600732  2364.56087721], v=[ 2.15470832 -2.9531148   6.1896066 ]
  RK45_ECI: r=[ 6649.59916684 -2082.46218925  3341.52653579], v=[ 3.62989661  2.24294831 -5.7829214 ]
Epoch 181, t=2460388.388013516:
  TLE_ECI: r=[-7267.44210359  -483.50404579  2549.29873387], v=[ 2.34622194 -2.9406607   6.12548714]
  RK45_ECI: r=[ 6674.06180405 -2064.6780122   3303.85838353], v=[ 3.59141483  2.25631275 -5.80158023]
Epoch 182, t=2460388.3880887795:
  TLE_ECI: r=[-7193.95486317  -574.93800797  2732.04091764], v=[ 2.53587805 -2.92573044  6.05657727]
  RK45_ECI: r=[ 6698.26517803 -2046.79580441  3266.06978595], v=[ 3.55279201  2.26955818 -5.8200262 ]
Epoch 183, t=2460388.3881640425:
  TLE_ECI: r=[-7114.76445954  -665.85107043  2912.64453135], v=[ 2.72352564 -2.90833791  5.98293191]
  RK45_ECI: r=[ 6722.20832677 -2028.81648521  3228.16213062], v=[ 3.51402969  2.28268398 -5.83825865]
Epoch 184, t=2460388.388239306:
  TLE_ECI: r=[-7029.93365325  -756.1669482   3090.96838103], v=[ 2.90901543 -2.88849902  5.90460969]
  RK45_ECI: r=[ 6745.89063472 -2010.74070937  3190.13627306], v=[ 3.47512887  2.29568973 -5.8562772 ]
Epoch 185, t=2460388.3883145694:
  TLE_ECI: r=[-6939.52969866  -845.80983374  3266.87308738], v=[ 3.0921999  -2.86623182  5.82167294]
  RK45_ECI: r=[ 6769.31083543 -1992.56961256  3151.99414208], v=[ 3.43609163  2.30857467 -5.87408095]
Epoch 186, t=2460388.388389833:
  TLE_ECI: r=[-6843.62428078  -934.70454469  3440.22119543], v=[ 3.27293348 -2.84155636  5.7341876 ]
  RK45_ECI: r=[ 6792.46821156 -1974.30396586  3113.73677811], v=[ 3.39691916  2.3213383  -5.89166944]
Epoch 187, t=2460388.3884650962:
  TLE_ECI: r=[-6742.29345719 -1022.77656632  3610.87728255], v=[ 3.45107263 -2.81449477  5.6422232 ]
  RK45_ECI: r=[ 6815.36163683 -1955.94482635  3075.36594271], v=[ 3.35761336  2.33397996 -5.90904187]
Epoch 188, t=2460388.388540359:
  TLE_ECI: r=[-6635.61759791 -1109.95209466  3778.70806457], v=[ 3.62647596 -2.78507115  5.54585276]
  RK45_ECI: r=[ 6837.99020196 -1937.49313527  3036.883044  ], v=[ 3.31817582  2.34649903 -5.92619763]
Epoch 189, t=2460388.3886156227:
  TLE_ECI: r=[-6523.68130589 -1196.15817686  3943.58249999], v=[ 3.79900437 -2.75331159  5.44515276]
  RK45_ECI: r=[ 6860.35332561 -1918.9495618   2998.28894988], v=[ 3.27860754  2.35889514 -5.94313636]
Epoch 190, t=2460388.388690886:
  TLE_ECI: r=[-6406.57336567 -1281.32265396  4105.37189221], v=[ 3.96852113 -2.71924416  5.34020303]
  RK45_ECI: r=[ 6882.44981227 -1900.31526915  2959.58561735], v=[ 3.23891063  2.37116755 -5.95985721]
Epoch 191, t=2460388.3887661495:
  TLE_ECI: r=[-6284.38665761 -1365.37430052  4263.94998966], v=[ 4.134892   -2.68289882  5.23108672]
  RK45_ECI: r=[ 6904.27898553 -1881.5910453   2920.77410147], v=[ 3.19908631  2.38331579 -5.97635975]
Epoch 192, t=2460388.3888414125:
  TLE_ECI: r=[-6157.21808853 -1448.24284582  4419.19308374], v=[ 4.29798531 -2.64430748  5.1178902 ]
  RK45_ECI: r=[ 6925.83968244 -1862.77806517  2881.8563715 ], v=[ 3.15913671  2.39533917 -5.99264317]
Epoch 193, t=2460388.388916676:
  TLE_ECI: r=[-6025.1684951  -1529.85910521  4570.98010453], v=[ 4.45767214 -2.60350385  5.00070299]
  RK45_ECI: r=[ 6947.13135304 -1843.87701027  2842.83330614], v=[ 3.11906286  2.4072373  -6.00870713]
Epoch 194, t=2460388.3889919394:
  TLE_ECI: r=[-5888.34258586 -1610.15492742  4719.19271431], v=[ 4.6138263  -2.56052354  4.8796177 ]
  RK45_ECI: r=[ 6968.15314498 -1824.88884425  2803.70633353], v=[ 3.07886634  2.41900962 -6.02455104]
Epoch 195, t=2460388.389067203:
  TLE_ECI: r=[-5746.84883902 -1689.06332497  4863.71539856], v=[ 4.76632454 -2.51540394  4.75472991]
  RK45_ECI: r=[ 6988.90403683 -1805.81466247  2764.47725413], v=[ 3.03854912  2.43065552 -6.04017422]
Epoch 196, t=2460388.3891424662:
  TLE_ECI: r=[-5600.79941793 -1766.51851052  5004.43555461], v=[ 4.91504655 -2.46818418  4.62613815]
  RK45_ECI: r=[ 7009.38339379 -1786.65526903  2725.14713664], v=[ 2.99811243  2.44217454 -6.05557624]
Epoch 197, t=2460388.389217729:
  TLE_ECI: r=[-5450.31008491 -1842.45593517  5141.24357787], v=[ 5.05987514 -2.41890516  4.49394374]
  RK45_ECI: r=[ 7029.59012556 -1767.411864    2685.71797585], v=[ 2.95755844  2.45356603 -6.07075636]
Epoch 198, t=2460388.3892929927:
  TLE_ECI: r=[-5295.5000858  -1916.81240597  5274.03294533], v=[ 5.20069624 -2.36760943  4.35825078]
  RK45_ECI: r=[ 7049.52371733 -1748.08514228  2646.19066125], v=[ 2.91688818  2.46482963 -6.08571425]
Epoch 199, t=2460388.389368256:
  TLE_ECI: r=[-5136.49208496 -1989.52604015  5402.70029671], v=[ 5.33739906 -2.31434122  4.219166  ]
  RK45_ECI: r=[ 7069.18337132 -1728.67608671  2606.56663882], v=[ 2.87610326  2.4759648  -6.10044939]
Epoch 200, t=2460388.3894435195:
  TLE_ECI: r=[-4973.41204504 -2060.53638107  5527.14551283], v=[ 5.46987611 -2.25914634  4.07679872]
  RK45_ECI: r=[ 7088.56813288 -1709.18581509  2566.84773119], v=[ 2.83520569  2.48697097 -6.11496112]
Epoch 201, t=2460388.389518783:
  TLE_ECI: r=[-4806.38913057 -2129.78443101  5647.27179126], v=[ 5.59802332 -2.20207222  3.93126072]
  RK45_ECI: r=[ 7107.67740943 -1689.61514659  2527.03501965], v=[ 2.7941967   2.49784772 -6.12924907]
Epoch 202, t=2460388.389594046:
  TLE_ECI: r=[-4635.55561043 -2197.21268535  5762.98571942], v=[ 5.72174008 -2.14316777  3.78266619]
  RK45_ECI: r=[ 7126.51018438 -1669.96530504  2487.13052271], v=[ 2.75307849  2.50859442 -6.14331254]
Epoch 203, t=2460388.3896693094:
  TLE_ECI: r=[-4461.046726   -2262.76523441  5874.19734468], v=[ 5.84092936 -2.08248339  3.63113159]
  RK45_ECI: r=[ 7145.06606138 -1650.23692074  2447.13495188], v=[ 2.71185192  2.51921078 -6.1571513 ]
Epoch 204, t=2460388.389744573:
  TLE_ECI: r=[-4283.00062113 -2326.38772496  5980.82024192], v=[ 5.95549772 -2.02007091  3.47677559]
  RK45_ECI: r=[ 7163.34404963 -1630.43122555  2407.05033335], v=[ 2.6705192   2.52969618 -6.17076466]
Epoch 205, t=2460388.3898198362:
  TLE_ECI: r=[-4101.55820639 -2388.02746037  6082.77157806], v=[ 6.06535543 -1.95598359  3.31971898]
  RK45_ECI: r=[ 7181.34351052 -1610.54912751  2366.87794651], v=[ 2.62908178  2.5400502  -6.18415223]
Epoch 206, t=2460388.3898950997:
  TLE_ECI: r=[-3916.86305323 -2447.6334286   6179.97217381], v=[ 6.17041649 -1.89027599  3.16008454]
  RK45_ECI: r=[ 7199.06381145 -1590.59153693  2326.61907215], v=[ 2.5875411   2.55027241 -6.1973136 ]
Epoch 207, t=2460388.3899703627:
  TLE_ECI: r=[-3729.06128693 -2505.15633248  6272.34656255], v=[ 6.2705987  -1.82300402  2.99799697]
  RK45_ECI: r=[ 7216.50401062 -1570.55969949  2286.27575061], v=[ 2.54589939  2.56036221 -6.21024811]
Epoch 208, t=2460388.390045626:
  TLE_ECI: r=[-3538.30144201 -2560.54867291  6359.82304619], v=[ 6.36582375 -1.75422477  2.83358279]
  RK45_ECI: r=[ 7233.66374134 -1550.45425613  2245.84870047], v=[ 2.50415752  2.57031934 -6.22295557]
Epoch 209, t=2460388.3901208895:
  TLE_ECI: r=[-3344.73438767 -2613.76472003  6442.3337483 ], v=[ 6.45601722 -1.68399658  2.66697024]
  RK45_ECI: r=[ 7250.54208792 -1530.27645995  2205.33996909], v=[ 2.46231773  2.58014323 -6.23543535]
Epoch 210, t=2460388.390196153:
  TLE_ECI: r=[-3148.51318028 -2664.76059463  6519.81466406], v=[ 6.54110867 -1.61237893  2.49828917]
  RK45_ECI: r=[ 7267.1384613  -1510.02723401  2164.75084858], v=[ 2.42038147  2.58983346 -6.24768708]
Epoch 211, t=2460388.390271416:
  TLE_ECI: r=[-2949.79295777 -2713.49428293  6592.2057074 ], v=[ 6.62103167 -1.53943244  2.32767095]
  RK45_ECI: r=[ 7283.45220159 -1489.70760393  2124.08282338], v=[ 2.37835043  2.59938961 -6.25971033]
Epoch 212, t=2460388.3903466794:
  TLE_ECI: r=[-2748.73078599 -2759.92570527  6659.450755  ], v=[ 6.69572384 -1.4652187   2.15524838]
  RK45_ECI: r=[ 7299.48267338 -1469.31853444  2083.33738062], v=[ 2.33622623  2.60881126 -6.27150469]
Epoch 213, t=2460388.390421943:
  TLE_ECI: r=[-2545.48558281 -2804.01669382  6721.49768746], v=[ 6.7651269  -1.38980036  1.98115556]
  RK45_ECI: r=[ 7315.22930933 -1448.86097735  2042.51581841], v=[ 2.29401037  2.61809802 -6.28306981]
Epoch 214, t=2460388.3904972062:
  TLE_ECI: r=[-2340.21796228 -2845.73105925  6778.29842731], v=[ 6.82918672 -1.31324101  1.80552784]
  RK45_ECI: r=[ 7330.69134655 -1428.3361056   2001.62001235], v=[ 2.25170491  2.6272494  -6.29440517]
Epoch 215, t=2460388.3905724697:
  TLE_ECI: r=[-2133.09011686 -2885.0346099   6829.80897406], v=[ 6.88785332 -1.23560514  1.62850166]
  RK45_ECI: r=[ 7345.86831354 -1407.74477551  1960.65107364], v=[ 2.20931112  2.63626507 -6.30551049]
Epoch 216, t=2460388.3906477327:
  TLE_ECI: r=[-1924.2656994  -2921.89517299  6875.9894362 ], v=[ 6.94108093 -1.15695809  1.45021448]
  RK45_ECI: r=[ 7360.7594051  -1387.08826931  1919.61107711], v=[ 2.16683128  2.64514452 -6.31638524]
Epoch 217, t=2460388.390722996:
  TLE_ECI: r=[-1713.90966147 -2956.28264321  6916.80406006], v=[ 6.98882804 -1.07736596  1.27080468]
  RK45_ECI: r=[ 7375.36424424 -1366.3673247   1878.50094546], v=[ 2.12426646  2.65388747 -6.3270292 ]
Epoch 218, t=2460388.3907982595:
  TLE_ECI: r=[-1502.188176   -2988.16897032  6952.22125584], v=[ 7.03105736 -0.99689561  1.09041145]
  RK45_ECI: r=[ 7389.68224691 -1345.58298737  1837.32218012], v=[ 2.08161837  2.66249353 -6.33744199]
Epoch 219, t=2460388.390873523:
  TLE_ECI: r=[-1289.26847421 -3017.52820561  6982.21362036], v=[ 7.0677359 -0.9156146  0.9091747]
  RK45_ECI: r=[ 7403.71272016 -1324.73644732  1796.07667234], v=[ 2.03888906  2.67096225 -6.34762316]
Epoch 220, t=2460388.3909487864:
  TLE_ECI: r=[-1075.31872423 -3044.33651594  7006.75795679], v=[ 7.09883499 -0.8335911   0.72723492]
  RK45_ECI: r=[ 7417.45523659 -1303.82857228  1754.76554203], v=[ 1.99607985  2.67929333 -6.35757246]
Epoch 221, t=2460388.3910240494:
  TLE_ECI: r=[ -860.50790954 -3068.57219964  7025.83529144], v=[ 7.12433027 -0.7508939   0.54473313]
  RK45_ECI: r=[ 7430.90906808 -1282.8606623   1713.39088053], v=[ 1.95319302  2.68748628 -6.36728942]
Epoch 222, t=2460388.391099313:
  TLE_ECI: r=[ -645.00566227 -3090.21571432  7039.43088722], v=[ 7.14420172 -0.66759222  0.36181075]
  RK45_ECI: r=[ 7444.07387479 -1261.83346446  1671.95361721], v=[ 1.91022967  2.69554087 -6.37677383]
Epoch 223, t=2460388.3911745762:
  TLE_ECI: r=[ -428.98218539 -3109.24967474  7047.53425435], v=[ 7.15843367 -0.58375584  0.17860949]
  RK45_ECI: r=[ 7456.94913035 -1240.74803807  1630.45526479], v=[ 1.86719149  2.70345673 -6.38602538]
Epoch 224, t=2460388.3912498397:
  TLE_ECI: r=[ -212.60808519 -3125.65887842  7050.13915774], v=[ 7.16701482e+00 -4.99454917e-01 -4.72873237e-03]
  RK45_ECI: r=[ 7469.53421243 -1219.60558862  1588.89772839], v=[ 1.82408058  2.71123346 -6.39504366]
Epoch 225, t=2460388.3913251027:
  TLE_ECI: r=[ 3.94574253e+00 -3.13943031e+03  7.04724362e+03], v=[ 7.16993824 -0.41475999 -0.18806191]
  RK45_ECI: r=[ 7481.82862594 -1198.4071821   1547.2825265 ], v=[ 1.78089865  2.7188707  -6.40382838]
Epoch 226, t=2460388.391400366:
  TLE_ECI: r=[  220.50828157 -3150.55317293  7038.84992957], v=[ 7.16720137 -0.32974185 -0.37124805]
  RK45_ECI: r=[ 7493.83205708 -1177.1535715   1505.61059241], v=[ 1.7376468   2.72636823 -6.41237935]
Epoch 227, t=2460388.3914756295:
  TLE_ECI: r=[  436.90847249 -3159.01885384  7024.9646253 ], v=[ 7.15880603 -0.24447158 -0.55414525]
  RK45_ECI: r=[ 7505.5438669  -1155.84607572  1463.88403392], v=[ 1.69432735  2.73372562 -6.42069617]
Epoch 228, t=2460388.391550893:
  TLE_ECI: r=[  652.97538172 -3164.82097298  7005.59850527], v=[ 7.14475841 -0.15902044 -0.73661184]
  RK45_ECI: r=[ 7516.96369941 -1134.48557856  1422.10398275], v=[ 1.6509416   2.74094262 -6.42877864]
Epoch 229, t=2460388.3916261564:
  TLE_ECI: r=[  868.53832471 -3167.9553675   6980.766612  ], v=[ 7.12506909 -0.07345983 -0.91850647]
  RK45_ECI: r=[ 7528.09100343 -1113.07329979  1380.27235616], v=[ 1.60749166  2.74801885 -6.4366264 ]
Epoch 230, t=2460388.3917014194:
  TLE_ECI: r=[ 1083.42698875 -3168.4201018   6950.48822283], v=[ 7.09975301  0.01213875 -1.09968817]
  RK45_ECI: r=[ 7538.9253423  -1091.61031706  1338.39068174], v=[ 1.56397926  2.754954   -6.44423921]
Epoch 231, t=2460388.391776683:
  TLE_ECI: r=[ 1297.47160214 -3166.21545708  6914.78683575], v=[ 7.06882946  0.09770384 -1.28001655]
  RK45_ECI: r=[ 7549.46643989 -1070.09739115  1296.45989803], v=[ 1.52040551  2.76174788 -6.45161691]
Epoch 232, t=2460388.3918519462:
  TLE_ECI: r=[ 1510.50301017 -3161.34394772  6873.69015239], v=[ 7.03232208  0.18316395 -1.45935179]
  RK45_ECI: r=[ 7559.71373568 -1048.53585537  1254.48212515], v=[ 1.47677272  2.76840009 -6.45875916]
Epoch 233, t=2460388.3919272097:
  TLE_ECI: r=[ 1722.35284332 -3153.81030866  6827.23005772], v=[ 6.99025885  0.2684477  -1.63755482]
  RK45_ECI: r=[ 7569.6669187  -1026.92660244  1212.45850085], v=[ 1.43308222  2.7749104  -6.46566578]
Epoch 234, t=2460388.392002473:
  TLE_ECI: r=[ 1932.85363896 -3143.62149387  6775.4425968 ], v=[ 6.94267206  0.35348385 -1.81448739]
  RK45_ECI: r=[ 7579.32550945 -1005.27086482  1170.39095277], v=[ 1.38933614  2.78127849 -6.47233648]
Epoch 235, t=2460388.392077736:
  TLE_ECI: r=[ 2141.83896241 -3130.78667703  6718.36794846], v=[ 6.8895983   0.43820134 -1.99001219]
  RK45_ECI: r=[7588.6891301  -983.56973059 1128.28101618], v=[ 1.34553621  2.78750408 -6.47877105]
Epoch 236, t=2460388.3921529995:
  TLE_ECI: r=[ 2349.14357326 -3115.31721971  6656.05039585], v=[ 6.83107844  0.52252944 -2.16399292]
  RK45_ECI: r=[7597.75754245 -961.82396711 1086.12963398], v=[ 1.30168354  2.79358699 -6.48496937]
Epoch 237, t=2460388.392228263:
  TLE_ECI: r=[ 2554.60349882 -3097.22669804  6588.53829416], v=[ 6.76715757  0.60639766 -2.33629443]
  RK45_ECI: r=[7606.53026481 -940.03492129 1043.93893672], v=[ 1.25778047  2.79952688 -6.49093114]
Epoch 238, t=2460388.3923035264:
  TLE_ECI: r=[ 2758.05619951 -3076.53086835  6515.88403513], v=[ 6.69788504  0.68973591 -2.50678278]
  RK45_ECI: r=[7615.00703163 -918.20349301 1001.71006708], v=[ 1.21382833  2.80532354 -6.49665624]
Epoch 239, t=2460388.39237879:
  TLE_ECI: r=[ 2959.34068638 -3053.24766046  6438.14400855], v=[ 6.62331436  0.77247451 -2.67532538]
  RK45_ECI: r=[7623.1874355  -896.33092607  959.44496131], v=[ 1.16982926  2.81097669 -6.50214441]
Epoch 240, t=2460388.392454053:
  TLE_ECI: r=[ 3158.29763847 -3027.39717247  6355.37856089], v=[ 6.54350321  0.85454426 -2.84179107]
  RK45_ECI: r=[7631.07115771 -874.41831792  917.14516098], v=[ 1.12578499  2.81648609 -6.5073955 ]
Epoch 241, t=2460388.3925293162:
  TLE_ECI: r=[ 3354.76956372 -2999.00161814  6267.65195073], v=[ 6.45851336  0.93587655 -3.00605022]
  RK45_ECI: r=[7638.65799816 -852.4664419   874.81161246], v=[ 1.08169665  2.82185158 -6.5124094 ]
Epoch 242, t=2460388.3926045797:
  TLE_ECI: r=[ 3548.60086912 -2968.08536286  6175.03230146], v=[ 6.36841069  1.01640331 -3.16797482]
  RK45_ECI: r=[7645.94755457 -830.47665598  832.44645476], v=[ 1.03756658  2.82707287 -6.51718589]
Epoch 243, t=2460388.392679843:
  TLE_ECI: r=[ 3739.63801928 -2934.67486879  6077.59155084], v=[ 6.27326509  1.09605712 -3.32743859]
  RK45_ECI: r=[7652.93960688 -808.44986702  790.05083447], v=[ 0.99339612  2.83214977 -6.52172487]
Epoch 244, t=2460388.392755106:
  TLE_ECI: r=[ 3927.72964019 -2898.79869371  5975.4053977 ], v=[ 6.17315045  1.17477127 -3.4843171 ]
  RK45_ECI: r=[7659.6337889  -786.38743758  747.62689382], v=[ 0.94918762  2.83708203 -6.52602612]
Epoch 245, t=2460388.3928303695:
  TLE_ECI: r=[ 4112.72667327 -2860.48742263  5868.5532456 ], v=[ 6.06814459  1.25247986 -3.63848781]
  RK45_ECI: r=[7666.02993517 -764.29014574  705.17558178], v=[ 0.90494221  2.8418695  -6.53008958]
Epoch 246, t=2460388.392905633:
  TLE_ECI: r=[ 4294.4824423  -2819.77371031  5757.11814386], v=[ 5.95832923  1.32911773 -3.78983022]
  RK45_ECI: r=[7672.12779001 -742.15909716  662.69844482], v=[ 0.86066163  2.84651198 -6.53391513]
Epoch 247, t=2460388.3929808964:
  TLE_ECI: r=[ 4472.85280445 -2776.69221053  5641.18672542], v=[ 5.84378989  1.40462063 -3.93822594]
  RK45_ECI: r=[7677.92706216 -719.99555051  620.19742927], v=[ 0.81634804  2.85100924 -6.53750261]
Epoch 248, t=2460388.39305616:
  TLE_ECI: r=[ 4647.69625666 -2731.27955898  5520.84914206], v=[ 5.72461589  1.47892522 -4.08355879]
  RK45_ECI: r=[7683.42757725 -697.80041828  577.67368458], v=[ 0.77200277  2.85536114 -6.54085196]
Epoch 249, t=2460388.393131423:
  TLE_ECI: r=[ 4818.87404081 -2683.5743576   5396.19899673], v=[ 5.60090024  1.55196913 -4.22571488]
  RK45_ECI: r=[7688.62904894 -675.57507213  535.1293586 ], v=[ 0.72762818  2.85956745 -6.54396302]
Epoch 250, t=2460388.3932066862:
  TLE_ECI: r=[ 4986.25028673 -2633.61708713  5267.33327304], v=[ 5.47273961  1.62369105 -4.36458273]
  RK45_ECI: r=[7693.53135016 -653.32029424  492.56540207], v=[ 0.6832254   2.86362807 -6.54683576]
Epoch 251, t=2460388.3932819497:
  TLE_ECI: r=[ 5149.69207349 -2581.45015743  5134.35226222], v=[ 5.34023422  1.69403073 -4.50005333]
  RK45_ECI: r=[7698.13428487 -631.03719697  449.98336489], v=[ 0.63879619  2.86754281 -6.5494701 ]
Epoch 252, t=2460388.393357213:
  TLE_ECI: r=[ 5309.06956856 -2527.11781771  4997.35948712], v=[ 5.20348782  1.76292904 -4.63202026]
  RK45_ECI: r=[7702.43763468 -608.72704635  407.38519736], v=[ 0.5943427   2.8713115  -6.55186594]
Epoch 253, t=2460388.3934324766:
  TLE_ECI: r=[ 5464.25612469 -2470.66613378  4856.46162373], v=[ 5.06260757  1.83032806 -4.76037975]
  RK45_ECI: r=[7706.44127111 -586.39075927  364.77205073], v=[ 0.54986626  2.87493402 -6.55402323]
Epoch 254, t=2460388.3935077395:
  TLE_ECI: r=[ 5615.12837516 -2412.14296706  4711.76841998], v=[ 4.91770399  1.89617108 -4.88503077]
  RK45_ECI: r=[7710.14498788 -564.02971499  322.14607648], v=[ 0.50536925  2.87841019 -6.55594191]
Epoch 255, t=2460388.393583003:
  TLE_ECI: r=[ 5761.56636268 -2351.59786937  4563.39261201], v=[ 4.76889087  1.96040271 -5.00587515]
  RK45_ECI: r=[7713.54869638 -541.6446991   279.5082263 ], v=[ 0.4608528   2.88173991 -6.55762194]
Epoch 256, t=2460388.3936582664:
  TLE_ECI: r=[ 5903.45359385 -2289.08213969  4411.44983798], v=[ 4.61628519  2.02296887 -5.12281762]
  RK45_ECI: r=[7716.65226036 -519.23682902  236.86005207], v=[ 0.41631866  2.88492307 -6.55906331]
Epoch 257, t=2460388.39373353:
  TLE_ECI: r=[ 6040.67716318 -2224.64871717  4256.05854931], v=[ 4.460007    2.08381686 -5.23576589]
  RK45_ECI: r=[7719.45553452 -496.80737662  194.20350629], v=[ 0.37176899  2.88795951 -6.56026595]
Epoch 258, t=2460388.3938087933:
  TLE_ECI: r=[ 6173.127838   -2158.35215348  4097.33991955], v=[ 4.30017939  2.14289542 -5.34463078]
  RK45_ECI: r=[7721.95843627 -474.3572627   151.53974096], v=[ 0.32720514  2.89084914 -6.56122987]
Epoch 259, t=2460388.3938840562:
  TLE_ECI: r=[ 6300.70014223 -2090.24858531  3935.41775101], v=[ 4.13692836  2.20015473 -5.44932624]
  RK45_ECI: r=[7724.16083961 -451.88787176  108.87090923], v=[ 0.28262946  2.89359183 -6.56195504]
Epoch 260, t=2460388.3939593197:
  TLE_ECI: r=[ 6423.29246745 -2020.39561512  3770.4183789 ], v=[ 3.9703827   2.25554656 -5.54976947]
  RK45_ECI: r=[7726.06270168 -429.39990387   66.19776262], v=[ 0.2380429   2.89618752 -6.56244148]
Epoch 261, t=2460388.394034583:
  TLE_ECI: r=[ 6540.80711946 -1948.85237199  3602.47057346], v=[ 3.80067394  2.30902418 -5.64588093]
  RK45_ECI: r=[7727.6639243  -406.89474547   23.52245435], v=[ 0.19344782  2.89863609 -6.56268919]
Epoch 262, t=2460388.3941098466:
  TLE_ECI: r=[ 6653.15042405 -1875.67938959  3431.70543991], v=[ 3.62793623  2.3605425  -5.7375845 ]
  RK45_ECI: r=[7728.96445715 -384.37340761  -19.15366346], v=[ 0.14884576  2.90093747 -6.56269818]
Epoch 263, t=2460388.3941851095:
  TLE_ECI: r=[ 6760.23279287 -1800.93859366  3258.25631619], v=[ 3.45230622  2.41005804 -5.82480747]
  RK45_ECI: r=[7729.96425209 -361.83701308  -61.82903855], v=[ 0.10423849  2.90309157 -6.56246848]
Epoch 264, t=2460388.394260373:
  TLE_ECI: r=[ 6861.96881916 -1724.69317066  3082.2586689 ], v=[ 3.27392295  2.45752905 -5.90748063]
  RK45_ECI: r=[7730.66327617 -339.28661691 -104.50211888], v=[ 0.05962774  2.90509833 -6.56200012]
Epoch 265, t=2460388.3943356364:
  TLE_ECI: r=[ 6958.27731631 -1647.00763303  2903.84998725], v=[ 3.09292777  2.5029155  -5.98553836]
  RK45_ECI: r=[7731.06150549 -316.72325419 -147.17155288], v=[ 0.01501507  2.9069577  -6.56129315]
Epoch 266, t=2460388.3944109:
  TLE_ECI: r=[ 7049.08140737 -1567.94768611  2723.16967516], v=[ 2.9094642   2.54617909 -6.05891864]
  RK45_ECI: r=[7731.15892646 -294.14820367 -189.83538854], v=[-0.02959736  2.90866959 -6.56034761]
Epoch 267, t=2460388.3944861633:
  TLE_ECI: r=[ 7134.30858367 -1487.58019215  2540.3589417 ], v=[ 2.72367782  2.58728335 -6.12756315]
  RK45_ECI: r=[7730.95554149 -271.56247823 -232.49227499], v=[-0.07420801  2.91023397 -6.55916357]
Epoch 268, t=2460388.3945614262:
  TLE_ECI: r=[ 7213.89076126 -1405.97313536  2355.56068985], v=[ 2.53571617  2.62619361 -6.19141728]
  RK45_ECI: r=[7730.45136238 -248.96720274 -275.14066151], v=[-0.11881511  2.9116508  -6.5577411 ]
Epoch 269, t=2460388.3946366897:
  TLE_ECI: r=[ 7287.76435471 -1323.19547954  2168.91940368], v=[ 2.34572857  2.66287712 -6.25043023]
  RK45_ECI: r=[7729.64641505 -226.36343411 -317.77899784], v=[-0.16341692  2.91292004 -6.55608027]
Epoch 270, t=2460388.394711953:
  TLE_ECI: r=[ 7355.87030501 -1239.31723571  1980.58103414], v=[ 2.1538661   2.69730298 -6.30455502]
  RK45_ECI: r=[7728.5407287  -203.75220844 -360.40593429], v=[-0.20801191  2.91404166 -6.55418116]
Epoch 271, t=2460388.3947872166:
  TLE_ECI: r=[ 7418.15414634 -1154.40931905  1790.69288348], v=[ 1.96028136  2.72944221 -6.35374853]
  RK45_ECI: r=[7727.13436287 -181.13480614 -403.01952163], v=[-0.2525979   2.91501564 -6.55204388]
Epoch 272, t=2460388.39486248:
  TLE_ECI: r=[ 7474.56604752 -1068.54350946  1599.40348839], v=[ 1.76512844  2.75926782 -6.39797159]
  RK45_ECI: r=[7725.42736365 -158.5121522  -445.61861133], v=[-0.29717356  2.91584198 -6.54966851]
Epoch 273, t=2460388.394937743:
  TLE_ECI: r=[7525.06085114 -981.79241203 1406.86250203], v=[ 1.56856274  2.78675476 -6.43718895]
  RK45_ECI: r=[7723.41982985 -135.88563879 -488.20105595], v=[-0.34173652  2.91652064 -6.5470552 ]
Epoch 274, t=2460388.3950130064:
  TLE_ECI: r=[7569.59812336 -894.22930757 1213.22057498], v=[ 1.37074084  2.81188    -6.47136935]
  RK45_ECI: r=[7721.11181904 -113.25605643 -530.7659081 ], v=[-0.38628566  2.91705165 -6.54420403]
Epoch 275, t=2460388.39508827:
  TLE_ECI: r=[7608.14216999 -805.92822169 1018.62923531], v=[ 1.17182039  2.83462253 -6.50048555]
  RK45_ECI: r=[7718.50342246  -90.62453038 -573.31162129], v=[-0.43081922  2.917435   -6.54111514]
Epoch 276, t=2460388.3951635333:
  TLE_ECI: r=[7640.66207891 -716.96377384  823.2407678 ], v=[ 0.97195996  2.85496338 -6.52451434]
  RK45_ECI: r=[7715.59477272  -67.99234125 -615.83625083], v=[-0.47533505  2.91767071 -6.53778868]
Epoch 277, t=2460388.3952387967:
  TLE_ECI: r=[7667.13174306 -627.41113539  627.20809244], v=[ 0.77131894  2.87288564 -6.54343657]
  RK45_ECI: r=[7712.38596171  -45.36041337 -658.3386514 ], v=[-0.51983181  2.9177588  -6.53422478]
Epoch 278, t=2460388.3953140597:
  TLE_ECI: r=[7687.5298809  -537.34598789  430.68464236], v=[ 0.57005735  2.88837447 -6.55723719]
  RK45_ECI: r=[7708.87716836  -22.73013864 -700.81668132], v=[-0.56430715  2.9176993  -6.53042363]
Epoch 279, t=2460388.395389323:
  TLE_ECI: r=[7701.84006099 -446.84436819  233.82424128], v=[ 0.36833573  2.90141713 -6.56590521]
  RK45_ECI: r=[ 7.70506849e+03 -1.02306617e-01 -7.43269396e+02], v=[-0.60875994  2.91749224 -6.52638535]
Epoch 280, t=2460388.3954645866:
  TLE_ECI: r=[7710.05070556 -355.98273839   36.78098053], v=[ 0.16631505  2.91200296 -6.56943377]
  RK45_ECI: r=[7700.96007315   22.52195847 -785.69525488], v=[-0.65318844  2.91713766 -6.52211011]
Epoch 281, t=2460388.39553985:
  TLE_ECI: r=[7712.15510744 -264.83783038 -160.29090404], v=[-0.03584352  2.92012344 -6.56782009]
  RK45_ECI: r=[7696.55212767   45.14137734 -828.09231842], v=[-0.6975905   2.91663561 -6.51759812]
Epoch 282, t=2460388.395615113:
  TLE_ECI: r=[7708.15143327 -173.48662521 -357.23715547], v=[-0.23797864  2.92577214 -6.56106553]
  RK45_ECI: r=[7691.84483514   67.75482667 -870.45904842], v=[-0.74196437  2.91598616 -6.51284958]
Epoch 283, t=2460388.3956903764:
  TLE_ECI: r=[7698.04272733  -82.00619675 -553.90361894], v=[-0.43992904  2.92894477 -6.54917554]
  RK45_ECI: r=[7686.83831792   90.36151817 -912.79450341], v=[-0.78630894  2.91518935 -6.50786463]
Epoch 284, t=2460388.39576564:
  TLE_ECI: r=[7681.83690503    9.52621881 -750.13636503], v=[-0.6415336   2.92963916 -6.53215968]
  RK45_ECI: r=[7681.5328465   112.96006259 -955.09655071], v=[-0.83062186  2.91424525 -6.50264352]
Epoch 285, t=2460388.3958409033:
  TLE_ECI: r=[7659.54674896  101.03337931 -945.78181272], v=[-0.84263147  2.92785525 -6.51003162]
  RK45_ECI: r=[7675.92858576  135.54953857 -997.36405228], v=[-0.87490179  2.91315395 -6.49718643]
Epoch 286, t=2460388.3959161667:
  TLE_ECI: r=[ 7631.18989723   192.43808008 -1140.68685206], v=[-1.04306225  2.92359514 -6.48280909]
  RK45_ECI: r=[ 7670.02581379   158.12866954 -1039.59507778], v=[-0.91914661  2.91191553 -6.49149364]
Epoch 287, t=2460388.3959914297:
  TLE_ECI: r=[ 7596.7888293    283.66319791 -1334.69896642], v=[-1.24266609  2.91686302 -6.4505139 ]
  RK45_ECI: r=[ 7663.82477296   180.69633517 -1081.78809555], v=[-0.96335457  2.91053009 -6.48556537]
Epoch 288, t=2460388.396066693:
  TLE_ECI: r=[ 7556.37084379   374.63184614 -1527.6663541 ], v=[-1.44128387  2.90766523 -6.41317189]
  RK45_ECI: r=[ 7657.32562368   203.25174973 -1123.94216876], v=[-1.00752456  2.9089977  -6.47940178]
Epoch 289, t=2460388.3961419566:
  TLE_ECI: r=[ 7509.96803951   465.26730625 -1719.43804936], v=[-1.6387573   2.89601017 -6.37081294]
  RK45_ECI: r=[ 7650.52871594   225.79352786 -1166.05517459], v=[-1.05165424  2.90731848 -6.4730032 ]
Epoch 290, t=2460388.39621722:
  TLE_ECI: r=[ 7457.61728577   555.49318269 -1909.86404257], v=[-1.83492904  2.8819084  -6.32347091]
  RK45_ECI: r=[ 7643.43425999   248.32075134 -1208.12598092], v=[-1.0957423   2.90549254 -6.46636984]
Epoch 291, t=2460388.3962924834:
  TLE_ECI: r=[ 7399.36019175   645.2334457  -2098.79539954], v=[-2.02964285  2.86537254 -6.27118363]
  RK45_ECI: r=[ 7636.04260619   270.83214802 -1250.15266715], v=[-1.1397866   2.90352    -6.45950201]
Epoch 292, t=2460388.3963677464:
  TLE_ECI: r=[ 7335.24307346   734.41247451 -2286.08437976], v=[-2.22274374  2.84641727 -6.21399283]
  RK45_ECI: r=[ 7628.35405597   293.32660187 -1292.13370999], v=[-1.18378542  2.901401   -6.4524    ]
Epoch 293, t=2460388.39644301:
  TLE_ECI: r=[ 7265.31690633   822.9552079  -2471.58455359], v=[-2.41407807  2.82505936 -6.15194416]
  RK45_ECI: r=[ 7620.36880757   315.80333042 -1334.06817801], v=[-1.22773764  2.89913562 -6.44506398]
Epoch 294, t=2460388.3965182733:
  TLE_ECI: r=[ 7189.63729445   910.78707818 -2655.15091819], v=[-2.6034937   2.80131761 -6.08508708]
  RK45_ECI: r=[ 7612.08729008   338.26095381 -1375.95396022], v=[-1.27164096  2.89672405 -6.43749435]
Epoch 295, t=2460388.3965935367:
  TLE_ECI: r=[ 7108.26441591   997.83416114 -2836.64001215], v=[-2.79084006  2.77521284 -6.01347488]
  RK45_ECI: r=[ 7603.50975888   360.69855814 -1417.78993139], v=[-1.31549405  2.89416641 -6.42969134]
Epoch 296, t=2460388.3966687997:
  TLE_ECI: r=[ 7021.26297745  1084.02319622 -3015.91002867], v=[-2.97596836  2.74676789 -5.93716457]
  RK45_ECI: r=[ 7594.6366788    383.11476653 -1459.57398647], v=[-1.35929458  2.89146288 -6.42165536]
Epoch 297, t=2460388.396744063:
  TLE_ECI: r=[ 6928.70214771  1169.28173112 -3192.82092723], v=[-3.15873165  2.71600755 -5.85621687]
  RK45_ECI: r=[ 7585.46828217   405.50880005 -1501.30519976], v=[-1.40304148  2.88861358 -6.41338661]
Epoch 298, t=2460388.3968193266:
  TLE_ECI: r=[ 6830.65551777  1253.53805845 -3367.23454364], v=[-3.33898495  2.68295858 -5.77069614]
  RK45_ECI: r=[ 7576.00493261   427.87954885 -1542.98205821], v=[-1.44673301  2.88561869 -6.40488542]
Epoch 299, t=2460388.39689459:
  TLE_ECI: r=[ 6727.20102769  1336.72135954 -3539.01469844], v=[-3.51658537  2.64764969 -5.68067032]
  RK45_ECI: r=[ 7566.24709527   450.22575091 -1584.60266048], v=[-1.49036707  2.88247839 -6.39615221]
Epoch 300, t=2460388.3969698534:
  TLE_ECI: r=[ 6618.42090467  1418.76174253 -3708.02730338], v=[-3.69139225  2.61011147 -5.58621088]
  RK45_ECI: r=[ 7556.19507031   472.54649745 -1626.16588925], v=[-1.53394237  2.87919285 -6.38718722]
Epoch 301, t=2460388.3970451164:
  TLE_ECI: r=[ 6504.40159905  1499.59028235 -3874.14046615], v=[-3.86326721  2.57037638 -5.48739272]
  RK45_ECI: r=[ 7545.84940097   494.84041945 -1667.66965405], v=[-1.57745658  2.87576229 -6.37799093]
Epoch 302, t=2460388.39712038:
  TLE_ECI: r=[ 6385.23369524  1579.13915503 -4037.22459305], v=[-4.03207433  2.5284787  -5.38429417]
  RK45_ECI: r=[ 7535.21035692   517.10674311 -1709.11303619], v=[-1.62090864  2.87218686 -6.36856358]
Epoch 303, t=2460388.3971956433:
  TLE_ECI: r=[ 6261.01186258  1657.34157853 -4197.15248968], v=[-4.19768022  2.48445457 -5.27699684]
  RK45_ECI: r=[ 7524.27836003   539.34436555 -1750.49453375], v=[-1.66429683  2.86846676 -6.35890552]
Epoch 304, t=2460388.3972709067:
  TLE_ECI: r=[ 6131.83476036  1734.13194572 -4353.7994595 ], v=[-4.3599541   2.43834184 -5.16558563]
  RK45_ECI: r=[ 7513.05394658   561.55203258 -1791.81225964], v=[-1.70761907  2.86460223 -6.34901722]
Epoch 305, t=2460388.39734617:
  TLE_ECI: r=[ 5997.80496064  1809.44585984 -4507.04340014], v=[-4.51876795  2.39018015 -5.05014857]
  RK45_ECI: r=[ 7501.53746115   583.72884203 -1833.06510542], v=[-1.75087406  2.86059344 -6.33889897]
Epoch 306, t=2460388.397421433:
  TLE_ECI: r=[ 5859.02886973  1883.22017022 -4656.7648976 ], v=[-4.67399658  2.34001082 -4.93077682]
  RK45_ECI: r=[ 7489.72952482   605.87343433 -1874.25099706], v=[-1.79405951  2.85644068 -6.3285513 ]
Epoch 307, t=2460388.3974966966:
  TLE_ECI: r=[ 5715.61661909  1955.39309397 -4802.84731786], v=[-4.82551775  2.2878768  -4.80756455]
  RK45_ECI: r=[ 7477.63044427   627.98504139 -1915.36902375], v=[-1.83717436  2.8521441  -6.31797447]
Epoch 308, t=2460388.39757196:
  TLE_ECI: r=[ 5567.68200791  2025.90416242 -4945.17689647], v=[-4.97321221  2.23382271 -4.68060888]
  RK45_ECI: r=[ 7465.24069917   650.06256855 -1956.41769599], v=[-1.8802169   2.84770396 -6.30716888]
Epoch 309, t=2460388.3976472234:
  TLE_ECI: r=[ 5415.34238893  2094.69434089 -5083.64282535], v=[-5.11696385  2.17789471 -4.55000976]
  RK45_ECI: r=[ 7452.5608963    672.10477138 -1997.39514263], v=[-1.92318508  2.84312052 -6.29613504]
Epoch 310, t=2460388.397722487:
  TLE_ECI: r=[ 5258.71857846  2161.70605957 -5218.1373373 ], v=[-5.25665974  2.12014052 -4.41586994]
  RK45_ECI: r=[ 7439.59142435   694.11075486 -2038.30026513], v=[-1.9660776   2.83839399 -6.28487328]
Epoch 311, t=2460388.39779775:
  TLE_ECI: r=[ 5097.93476495  2226.88324562 -5348.55578791], v=[-5.39219024  2.06060938 -4.27829485]
  RK45_ECI: r=[ 7426.33298152   716.07917054 -2079.13100775], v=[-2.0088922   2.83352469 -6.27338418]
Epoch 312, t=2460388.3978730133:
  TLE_ECI: r=[ 4933.11838278  2290.1714293  -5474.79673476], v=[-5.52344907  1.99935191 -4.1373925 ]
  RK45_ECI: r=[ 7412.78591118   738.00925692 -2119.88646833], v=[-2.05162782  2.82851281 -6.26166802]
Epoch 313, t=2460388.3979482767:
  TLE_ECI: r=[ 4764.40004795  2351.51769741 -5596.76201421], v=[-5.65033338  1.93642019 -3.99327344]
  RK45_ECI: r=[ 7398.95075024   759.89992911 -2160.56517116], v=[-2.09428279  2.82335863 -6.24972525]
Epoch 314, t=2460388.39802354:
  TLE_ECI: r=[ 4591.91342791  2410.87079681 -5714.35681527], v=[-5.77274384  1.87186766 -3.84605063]
  RK45_ECI: r=[ 7384.8281754    781.74995335 -2201.16526268], v=[-2.13685505  2.81806245 -6.23755644]
Epoch 315, t=2460388.398098803:
  TLE_ECI: r=[ 4415.79514756  2468.18114842 -5827.48975087], v=[-5.8905847   1.80574906 -3.69583934]
  RK45_ECI: r=[ 7370.4186878    803.5583357  -2241.68546527], v=[-2.17934313  2.81262454 -6.22516198]
Epoch 316, t=2460388.3981740666:
  TLE_ECI: r=[ 4236.18465146  2523.40093913 -5936.07292629], v=[-6.00376385  1.73812038 -3.5427571 ]
  RK45_ECI: r=[ 7355.7228555    825.32406262 -2282.12431321], v=[-2.2217454   2.80704518 -6.21254236]
Epoch 317, t=2460388.39824933:
  TLE_ECI: r=[ 4053.22413538  2576.48408132 -6040.0220049 ], v=[-6.11219291  1.66903886 -3.38692357]
  RK45_ECI: r=[ 7340.74119561   847.04614357 -2322.4805331 ], v=[-2.26406039  2.80132465 -6.19969799]
Epoch 318, t=2460388.3983245934:
  TLE_ECI: r=[ 3867.05840496  2627.38630287 -6139.25627097], v=[-6.21578725  1.59856289 -3.22846046]
  RK45_ECI: r=[ 7325.47444022   868.72335465 -2362.75228667], v=[-2.30628607  2.79546329 -6.18662948]
Epoch 319, t=2460388.398399857:
  TLE_ECI: r=[ 3677.83476742  2676.06516996 -6233.69868966], v=[-6.31446608  1.52675198 -3.06749144]
  RK45_ECI: r=[ 7309.92312783   890.35473174 -2402.93830725], v=[-2.34842099  2.78946138 -6.17333726]
Epoch 320, t=2460388.39847512:
  TLE_ECI: r=[ 3485.70292332  2722.4801101  -6323.27596415], v=[-6.40815249  1.45366673 -2.90414202]
  RK45_ECI: r=[ 7294.08787864   911.9392055  -2443.03714181], v=[-2.3904635   2.78331924 -6.15982183]
Epoch 321, t=2460388.3985503833:
  TLE_ECI: r=[ 3290.81481628  2766.59248653 -6407.91858981], v=[-6.49677354  1.37936871 -2.73853948]
  RK45_ECI: r=[ 7277.969316     933.47577336 -2483.04734062], v=[-2.43241198  2.77703718 -6.14608372]
Epoch 322, t=2460388.3986256467:
  TLE_ECI: r=[ 3093.32456079  2808.36556566 -6487.56090551], v=[-6.58026023  1.30392049 -2.57081276]
  RK45_ECI: r=[ 7261.56800679   954.96345533 -2522.96764442], v=[-2.47426499  2.77061551 -6.13212336]
Epoch 323, t=2460388.39870091:
  TLE_ECI: r=[ 2893.38828942  2847.76458905 -6562.14114197], v=[-6.65854762  1.22738556 -2.40109235]
  RK45_ECI: r=[ 7244.88475159   976.40104151 -2562.79623554], v=[-2.51602051  2.7640546  -6.11794142]
Epoch 324, t=2460388.3987761736:
  TLE_ECI: r=[ 2691.16403817  2884.75679018 -6631.60146707], v=[-6.73157483  1.14982827 -2.22951022]
  RK45_ECI: r=[ 7227.92006001   997.78766267 -2602.53204827], v=[-2.55767731  2.75735476 -6.1035383 ]
Epoch 325, t=2460388.3988514366:
  TLE_ECI: r=[ 2486.81163123  2919.31141311 -6695.88802832], v=[-6.79928512  1.07131378 -2.05619969]
  RK45_ECI: r=[ 7210.67484216  1019.12200963 -2642.1730878 ], v=[-2.59923319  2.7505164  -6.08891474]
Epoch 326, t=2460388.3989267:
  TLE_ECI: r=[ 2280.49252189  2951.39976673 -6754.95099214], v=[-6.86162586  0.99190797 -1.88129534]
  RK45_ECI: r=[ 7193.14954189  1040.40334415 -2681.71848042], v=[-2.64068712  2.74353979 -6.07407109]
Epoch 327, t=2460388.3990019634:
  TLE_ECI: r=[ 2072.36971748  2980.99520172 -6808.74458041], v=[-6.91854865  0.91167748 -1.70493294]
  RK45_ECI: r=[ 7175.34485321  1061.63061419 -2721.16679592], v=[-2.68203748  2.7364253  -6.05900791]
Epoch 328, t=2460388.399077227:
  TLE_ECI: r=[ 1862.60761864  3008.07316251 -6857.22710373], v=[-6.97000926  0.83068956 -1.52724929]
  RK45_ECI: r=[ 7157.26164446  1082.80262466 -2760.51623879], v=[-2.72328229  2.72917333 -6.0437259 ]
Epoch 329, t=2460388.3991524903:
  TLE_ECI: r=[ 1651.37189962  3032.61119889 -6900.36099183], v=[-7.01596775  0.74901209 -1.34838216]
  RK45_ECI: r=[ 7138.90046743  1103.91851747 -2799.76575685], v=[-2.76442032  2.72178421 -6.0282255 ]
Epoch 330, t=2460388.3992277533:
  TLE_ECI: r=[ 1438.82938869  3054.58897932 -6938.11282092], v=[-7.05638842  0.66671348 -1.1684702 ]
  RK45_ECI: r=[ 7120.26230617  1124.97700031 -2838.91338046], v=[-2.80544941  2.71425841 -6.01250749]
Epoch 331, t=2460388.3993030167:
  TLE_ECI: r=[ 1225.14790275  3073.98832464 -6970.45333786], v=[-7.09123987  0.5838626  -0.9876528 ]
  RK45_ECI: r=[ 7101.34763955  1145.977345   -2877.95824753], v=[-2.84636854  2.7065962  -5.99657226]
Epoch 332, t=2460388.39937828:
  TLE_ECI: r=[ 1010.49617106  3090.79319481 -6997.35748156], v=[-7.12049502  0.50052878 -0.80607001]
  RK45_ECI: r=[ 7082.15721641  1166.91851322 -2916.89894653], v=[-2.88717611  2.698798   -5.9804204 ]
Epoch 333, t=2460388.3994535436:
  TLE_ECI: r=[  795.04366858  3104.98972052 -7018.80440103], v=[-7.1441311   0.41678173 -0.62386243]
  RK45_ECI: r=[ 7062.69197182  1187.79932657 -2955.73370573], v=[-2.92787017  2.69086424 -5.96405266]
Epoch 334, t=2460388.3995288066:
  TLE_ECI: r=[  578.96050315  3116.56620739 -7034.77747065], v=[-7.16212971  0.33269151 -0.44117113]
  RK45_ECI: r=[ 7042.95268394  1208.61875445 -2994.46112442], v=[-2.96844913  2.68279536 -5.94746965]
Epoch 335, t=2460388.39960407:
  TLE_ECI: r=[  362.41724732  3125.51315275 -7045.26430205], v=[-7.17447678  0.24832837 -0.25813752]
  RK45_ECI: r=[ 7022.93985559  1229.37607627 -3033.08034883], v=[-3.008912    2.67459163 -5.93067176]
Epoch 336, t=2460388.3996793334:
  TLE_ECI: r=[  145.5848612   3131.82324076 -7050.25675336], v=[-7.18116264  0.16376284 -0.07490327]
  RK45_ECI: r=[ 7002.6545543   1250.07002113 -3071.58944028], v=[-3.04925663  2.66625359 -5.91365986]
Epoch 337, t=2460388.399754597:
  TLE_ECI: r=[  -71.36547601  3135.491357   -7049.75093497], v=[-7.18218194  0.07906561  0.10838983]
  RK45_ECI: r=[ 6982.09739818  1270.69975056 -3109.98737015], v=[-3.08948184  2.65778158 -5.89643441]
Epoch 338, t=2460388.3998298603:
  TLE_ECI: r=[ -288.26248922  3136.51459013 -7043.74721254], v=[-7.17753375e+00 -5.69256317e-03  2.91599913e-01]
  RK45_ECI: r=[ 6961.26938815  1291.26410382 -3148.27239208], v=[-3.12958569  2.64917611 -5.87899623]
Epoch 339, t=2460388.3999051233:
  TLE_ECI: r=[ -504.93493045  3134.89223561 -7032.25020677], v=[-7.1672215  -0.09044082  0.47458518]
  RK45_ECI: r=[ 6940.17135595  1311.76206603 -3186.44312595], v=[-3.16956663  2.64043761 -5.86134596]
Epoch 340, t=2460388.3999803867:
  TLE_ECI: r=[ -721.21174812  3130.62579121 -7015.26879009], v=[-7.15125299 -0.1751084   0.657204  ]
  RK45_ECI: r=[ 6918.80383847  1332.19292801 -3224.49873087], v=[-3.20942367  2.63156641 -5.843484  ]
Epoch 341, t=2460388.40005565:
  TLE_ECI: r=[ -936.92216385  3123.7189625  -6992.8160805 ], v=[-7.12964039 -0.25962451  0.83931499]
  RK45_ECI: r=[ 6897.16797497  1352.55543892 -3262.43729706], v=[-3.24915471  2.62256307 -5.82541129]
Epoch 342, t=2460388.4001309136:
  TLE_ECI: r=[-1151.89584141  3114.17765624 -6964.90943209], v=[-7.10240024 -0.34391852  1.02077714]
  RK45_ECI: r=[ 6875.26442413  1372.84877374 -3300.25781177], v=[-3.28875858  2.61342795 -5.80712831]
Epoch 343, t=2460388.400206177:
  TLE_ECI: r=[-1365.96300931  3102.00997647 -6931.57042261], v=[-7.06955343 -0.42791997  1.20144989]
  RK45_ECI: r=[ 6853.09425167  1393.07179086 -3337.95855555], v=[-3.32823338  2.60416161 -5.78863592]
Epoch 344, t=2460388.40028144:
  TLE_ECI: r=[-1578.95458309  3087.22622288 -6892.82483804], v=[-7.03112518 -0.5115586   1.38119328]
  RK45_ECI: r=[ 6830.65834202  1413.22349247 -3375.5381701 ], v=[-3.36757757  2.5947645  -5.7699348 ]
Epoch 345, t=2460388.4003567034:
  TLE_ECI: r=[-1790.70233274  3069.83886496 -6848.7026539 ], v=[-6.98714505 -0.5947645   1.55986798]
  RK45_ECI: r=[ 6807.95726562  1433.30318138 -3412.99582814], v=[-3.40679019  2.58523697 -5.7510254 ]
Epoch 346, t=2460388.400431967:
  TLE_ECI: r=[-2001.0389586   3049.86255797 -6799.23801382], v=[-6.93764689 -0.67746803  1.73733546]
  RK45_ECI: r=[ 6784.99223227  1453.30962821 -3450.32965047], v=[-3.44586917  2.57557962 -5.73190866]
Epoch 347, t=2460388.4005072303:
  TLE_ECI: r=[-2209.79825774  3027.31411493 -6744.46920474], v=[-6.88266886 -0.75959998  1.91345805]
  RK45_ECI: r=[ 6761.76394054  1473.24202244 -3487.5386411 ], v=[-3.48481337  2.56579286 -5.71258513]
Epoch 348, t=2460388.4005824937:
  TLE_ECI: r=[-2416.81524422  3002.21249733 -6684.43862929], v=[-6.82225336 -0.84109157  2.08809905]
  RK45_ECI: r=[ 6738.27351986  1493.09924289 -3524.62110902], v=[-3.5236209   2.55587725 -5.6930557 ]
Epoch 349, t=2460388.4006577567:
  TLE_ECI: r=[-2621.92626857  2974.57880809 -6619.19277505], v=[-6.75644704 -0.92187453  2.26112285]
  RK45_ECI: r=[ 6714.52190645  1512.88030976 -3561.57571895], v=[-3.56229028  2.54583329 -5.67332109]
Epoch 350, t=2460388.40073302:
  TLE_ECI: r=[-2824.96918079  2944.43624466 -6548.7821807 ], v=[-6.68530075 -1.00188117  2.432395  ]
  RK45_ECI: r=[ 6690.50970371  1532.58453866 -3598.40165791], v=[-3.60082055  2.53566135 -5.65338175]
Epoch 351, t=2460388.4008082836:
  TLE_ECI: r=[-3025.78340425  2911.81012502 -6473.26139936], v=[-6.60886951 -1.08104441  2.60178234]
  RK45_ECI: r=[ 6666.2381907   1552.21072328 -3635.09707895], v=[-3.63920967  2.52536207 -5.63323871]
Epoch 352, t=2460388.400883547:
  TLE_ECI: r=[-3224.21009663  2876.7278388  -6392.68895876], v=[-6.5272125  -1.15929779  2.76915307]
  RK45_ECI: r=[ 6641.70810515  1571.75806848 -3671.66100372], v=[-3.67745653  2.51493586 -5.61289252]
Epoch 353, t=2460388.40095881:
  TLE_ECI: r=[-3420.09225733  2839.2188427  -6307.12731842], v=[-6.44039299 -1.23657561  2.93437688]
  RK45_ECI: r=[ 6616.92075718  1591.2253786  -3708.09160047], v=[-3.71555911  2.5043834  -5.59234422]
Epoch 354, t=2460388.4010340734:
  TLE_ECI: r=[-3613.27488446  2799.31459758 -6216.64282386], v=[-6.34847829 -1.31281298  3.09732503]
  RK45_ECI: r=[ 6591.87677957  1610.61198098 -3744.38807007], v=[-3.75351647  2.49370505 -5.57159427]
Epoch 355, t=2460388.401109337:
  TLE_ECI: r=[-3803.60504649  2757.04860183 -6121.30565796], v=[-6.25153976 -1.38794577  3.25787045]
  RK45_ECI: r=[ 6566.57716226  1629.91691701 -3780.54910261], v=[-3.79132714  2.48290135 -5.55064345]
Epoch 356, t=2460388.4011846003:
  TLE_ECI: r=[-3990.93203675  2712.45632633 -6021.18978919], v=[-6.14965271 -1.46191077  3.41588784]
  RK45_ECI: r=[ 6541.02313425  1649.13910063 -3816.57305565], v=[-3.82898931  2.47197293 -5.52949272]
Epoch 357, t=2460388.4012598637:
  TLE_ECI: r=[-4175.10748421  2665.57519561 -5916.37291701], v=[-6.04289637 -1.53464569  3.5712538 ]
  RK45_ECI: r=[ 6515.21547166  1668.27775288 -3852.45896934], v=[-3.86650188  2.46092023 -5.50814266]
Epoch 358, t=2460388.4013351267:
  TLE_ECI: r=[-4355.98546356  2616.4445706  -5806.93641436], v=[-5.93135386 -1.60608923  3.72384684]
  RK45_ECI: r=[ 6489.15555198  1687.33170317 -3888.20504653], v=[-3.90386288  2.44974396 -5.48659436]
Epoch 359, t=2460388.40141039:
  TLE_ECI: r=[-4533.42264214  2565.10566648 -5692.96526718], v=[-5.81511208 -1.67618116  3.87354759]
  RK45_ECI: r=[ 6462.84403971  1706.30029302 -3923.81050375], v=[-3.94107138  2.4384445  -5.46484831]
Epoch 360, t=2460388.4014856536:
  TLE_ECI: r=[-4707.27834762  2511.6015947  -5574.5480112 ], v=[-5.69426168 -1.7448623   4.02023879]
  RK45_ECI: r=[ 6436.28197456  1725.18258412 -3959.27405648], v=[-3.97812595  2.42702242 -5.44290532]
Epoch 361, t=2460388.401560917:
  TLE_ECI: r=[-4877.41471174  2455.97727853 -5451.77666581], v=[-5.56889702 -1.81207462  4.16380546]
  RK45_ECI: r=[ 6409.47064612  1743.97751411 -3994.59409452], v=[-4.01502482  2.41547839 -5.42076639]
Epoch 362, t=2460388.4016361805:
  TLE_ECI: r=[-5043.69677298  2398.27942896 -5324.74666511], v=[-5.43911607 -1.8777613   4.30413494]
  RK45_ECI: r=[ 6382.41086808  1762.68432122 -4029.76967733], v=[-4.05176689  2.40381287 -5.39843213]
Epoch 363, t=2460388.4017114434:
  TLE_ECI: r=[-5205.99257806  2338.55652238 -5193.55678629], v=[-5.30502036 -1.94186671  4.44111704]
  RK45_ECI: r=[ 6355.10408395  1781.30186111 -4064.79904398], v=[-4.08835026  2.3920266  -5.37590368]
Epoch 364, t=2460388.401786707:
  TLE_ECI: r=[-5364.17331602  2276.8587004  -5058.3090751 ], v=[-5.16671489 -2.00433658  4.57464405]
  RK45_ECI: r=[ 6327.5509893   1799.82949005 -4099.68142731], v=[-4.12477401  2.38011999 -5.35318155]
Epoch 365, t=2460388.4018619703:
  TLE_ECI: r=[-5518.11338061  2213.23781901 -4919.10876889], v=[-5.02430806 -2.06511794  4.70461092]
  RK45_ECI: r=[ 6299.75267246  1818.26629142 -4134.41556932], v=[-4.16103673  2.36809364 -5.33026658]
Epoch 366, t=2460388.4019372337:
  TLE_ECI: r=[-5667.69049999  2147.74734682 -4776.06421675], v=[-4.87791162 -2.12415918  4.83091526]
  RK45_ECI: r=[ 6271.71048232  1836.61122776 -4168.99989344], v=[-4.1971367   2.35594823 -5.30715981]
Epoch 367, t=2460388.402012497:
  TLE_ECI: r=[-5812.78582903  2080.44233616 -4629.28679719], v=[-4.72764056 -2.18141016  4.95345751]
  RK45_ECI: r=[ 6243.4252694   1854.86355488 -4203.43347931], v=[-4.23307286  2.34368427 -5.28386188]
Epoch 368, t=2460388.40208776:
  TLE_ECI: r=[-5953.28404041  2011.37939469 -4478.89083321], v=[-4.57361301 -2.23682219  5.07214094]
  RK45_ECI: r=[ 6214.89854166  1873.02215651 -4237.71460371], v=[-4.26884332  2.33130251 -5.26037398]
Epoch 369, t=2460388.4021630236:
  TLE_ECI: r=[-6089.07344235  1940.61657038 -4324.99350485], v=[-4.41595019 -2.29034812  5.18687181]
  RK45_ECI: r=[ 6186.13102505  1891.0864043  -4271.84251647], v=[-4.30444721  2.3188034  -5.23669664]
Epoch 370, t=2460388.402238287:
  TLE_ECI: r=[-6220.04603442  1868.2134061  -4167.71475941], v=[-4.25477629 -2.34194235  5.2975594 ]
  RK45_ECI: r=[ 6157.12385544  1909.05540414 -4305.8159872 ], v=[-4.33988314  2.30618756 -5.21283072]
Epoch 371, t=2460388.4023135505:
  TLE_ECI: r=[-6346.09762023  1794.23082239 -4007.17721909], v=[-4.09021841 -2.39156086  5.4041161 ]
  RK45_ECI: r=[ 6127.8784397   1926.92814463 -4339.63347438], v=[-4.37514944  2.2934557  -5.18877732]
Epoch 372, t=2460388.4023888134:
  TLE_ECI: r=[-6467.12788219  1718.7311027  -3843.50608651], v=[-3.92240641 -2.43916131  5.5064575 ]
  RK45_ECI: r=[ 6098.39580448  1944.70381293 -4373.29392097], v=[-4.41024489  2.28060842 -5.16453721]
Epoch 373, t=2460388.402464077:
  TLE_ECI: r=[-6583.04048477  1641.77776601 -3676.82904776], v=[-3.75147286 -2.48470305  5.60450246]
  RK45_ECI: r=[ 6068.67709993  1962.38158408 -4406.7961158 ], v=[-4.44516817  2.26764632 -5.14011128]
Epoch 374, t=2460388.4025393403:
  TLE_ECI: r=[-6693.74312321  1563.4356269  -3507.27617347], v=[-3.57755291 -2.52814711  5.69817316]
  RK45_ECI: r=[ 6038.7233657   1979.9606524  -4440.13900966], v=[-4.47991807  2.25457    -5.1155003 ]
Epoch 375, t=2460388.4026146038:
  TLE_ECI: r=[-6799.14762107  1483.77066621 -3334.97981763], v=[-3.40078418 -2.56945631  5.78739519]
  RK45_ECI: r=[ 6008.53605397  1997.44002828 -4473.32109008], v=[-4.51449294  2.24138018 -5.09070542]
Epoch 376, t=2460388.402689867:
  TLE_ECI: r=[-6899.16999828  1402.84999464 -3160.07451437], v=[-3.2213067  -2.60859526  5.87209762]
  RK45_ECI: r=[ 5978.11621799  2014.818934   -4506.34132028], v=[-4.54889162  2.22807748 -5.06572741]
Epoch 377, t=2460388.40276513:
  TLE_ECI: r=[-6993.73053727  1320.7418168  -2982.69687285], v=[-3.03926272 -2.64553037  5.95221305]
  RK45_ECI: r=[ 5947.46506162  2032.09650997 -4539.1985126 ], v=[-4.58311277  2.21466256 -5.0405672 ]
Epoch 378, t=2460388.4028403936:
  TLE_ECI: r=[-7082.75386536  1237.51529229 -2802.98547019], v=[-2.85479664 -2.68022997  6.02767769]
  RK45_ECI: r=[ 5916.58377992  2049.27195384 -4571.89148524], v=[-4.61715509  2.20113604 -5.0152257 ]
Epoch 379, t=2460388.402915657:
  TLE_ECI: r=[-7166.16899394  1153.24059922 -2621.08074269], v=[-2.66805492 -2.71266422  6.0984314 ]
  RK45_ECI: r=[ 5885.47345264  2066.34448245 -4604.41921477], v=[-4.65101742  2.18749854 -4.98970372]
Epoch 380, t=2460388.4029909205:
  TLE_ECI: r=[-7243.90939424  1067.98879412 -2437.1248753 ], v=[-2.47918591 -2.74280523  6.16441773]
  RK45_ECI: r=[ 5854.13558735  2083.31313426 -4636.78022616], v=[-4.68469814  2.17375084 -4.96400243]
Epoch 381, t=2460388.403066184:
  TLE_ECI: r=[-7315.91304917   981.83177201 -2251.26168945], v=[-2.28833975 -2.77062705  6.22558404]
  RK45_ECI: r=[ 5822.57113273  2100.17721965 -4668.97365954], v=[-4.71819628  2.1598935  -4.93812253]
Epoch 382, t=2460388.403141447:
  TLE_ECI: r=[-7382.122503     894.84222693 -2063.63652946], v=[-2.09566827 -2.7961057   6.28188145]
  RK45_ECI: r=[ 5790.78176927  2116.93570616 -4700.99790534], v=[-4.75151007  2.14592737 -4.91206533]
Epoch 383, t=2460388.4032167103:
  TLE_ECI: r=[-7442.48492062   807.09350384 -1874.39614739], v=[-1.9013248  -2.8192192   6.33326498]
  RK45_ECI: r=[ 5758.76830367  2133.58801306 -4732.85226431], v=[-4.78463872  2.13185294 -4.88583141]
Epoch 384, t=2460388.4032919738:
  TLE_ECI: r=[-7496.9521157    718.65966574 -1683.68858674], v=[-1.70546414 -2.83994759  6.37969352]
  RK45_ECI: r=[ 5726.5319988   2150.13331427 -4764.53558894], v=[-4.81758093  2.11767092 -4.85942174]
Epoch 385, t=2460388.403367237:
  TLE_ECI: r=[-7545.4806028    629.61534447 -1491.66306483], v=[-1.50824232 -2.85827294  6.42112992]
  RK45_ECI: r=[ 5694.07441609  2166.57067752 -4796.04644294], v=[-4.85033515  2.10338209 -4.83283751]
Epoch 386, t=2460388.4034425:
  TLE_ECI: r=[-7588.0316298    540.03572079 -1298.46985406], v=[-1.30981658 -2.87417938  6.457541  ]
  RK45_ECI: r=[ 5661.39684187  2182.89929002 -4827.38369617], v=[-4.8829001   2.08898719 -4.8060797 ]
Epoch 387, t=2460388.4035177636:
  TLE_ECI: r=[-7624.57121747   449.99637137 -1104.26016227], v=[-1.11034514 -2.8876531   6.48889758]
  RK45_ECI: r=[ 5628.50010185  2199.11858407 -4858.54666233], v=[-4.91527501  2.07448669 -4.77914891]
Epoch 388, t=2460388.403593027:
  TLE_ECI: r=[-7655.07017809   359.57333729  -909.18601209], v=[-0.90998713 -2.8986824   6.51517451]
  RK45_ECI: r=[ 5595.38594337  2215.22756455 -4889.53378153], v=[-4.94745817  2.0598815  -4.75204649]
Epoch 389, t=2460388.4036682905:
  TLE_ECI: r=[-7679.50414747   268.84297038  -713.40011962], v=[-0.70890244 -2.90725765  6.5363507 ]
  RK45_ECI: r=[ 5562.05536785  2231.22557571 -4920.34423111], v=[-4.97944865  2.04517222 -4.72477319]
Epoch 390, t=2460388.403743554:
  TLE_ECI: r=[-7697.85360396   177.88189002  -517.0557724 ], v=[-0.50725159 -2.91337135  6.55240915]
  RK45_ECI: r=[ 5528.509989    2247.1117156  -4950.97661479], v=[-5.01124492  2.03035966 -4.69733025]
Epoch 391, t=2460388.403818817:
  TLE_ECI: r=[-7710.10388484    86.76694009  -320.30670678], v=[-0.30519556 -2.91701809  6.56333694]
  RK45_ECI: r=[ 5494.75113545  2262.88519804 -4981.4298345 ], v=[-5.04284576  2.01544457 -4.66971866]
Epoch 392, t=2460388.4038940803:
  TLE_ECI: r=[-7.71624520e+03 -4.42496730e+00 -1.23306985e+02], v=[-0.10289569 -2.91819461  6.56912525]
  RK45_ECI: r=[ 5460.77965964  2278.54547388 -5011.70322365], v=[-5.07425041  2.00042747 -4.64193905]
Epoch 393, t=2460388.4039693438:
  TLE_ECI: r=[-7716.27263939   -95.61678207    73.78912836], v=[ 0.09948646 -2.91689975  6.5697694 ]
  RK45_ECI: r=[ 5426.59736546  2294.09158159 -5041.79526721], v=[-5.10545721  1.98530927 -4.61399282]
Epoch 394, t=2460388.404044607:
  TLE_ECI: r=[-7710.1861764   -186.73147315   270.82728951], v=[ 0.30178927 -2.91313449  6.56526881]
  RK45_ECI: r=[ 5392.20528589  2309.5228877  -5071.70516671], v=[-5.13646527  1.97009059 -4.58588072]
Epoch 395, t=2460388.4041198706:
  TLE_ECI: r=[-7697.99067024  -277.69207083   467.65319946], v=[ 0.50385117 -2.90690192  6.55562702]
  RK45_ECI: r=[ 5357.60508544  2324.83852134 -5101.43156707], v=[-5.16727311  1.95477229 -4.55760403]
Epoch 396, t=2460388.4041951336:
  TLE_ECI: r=[-7679.69586164  -368.42171153   664.11272742], v=[ 0.70551079 -2.89820726  6.5408517 ]
  RK45_ECI: r=[ 5322.79813366  2340.03772395 -5130.97340326], v=[-5.19787955  1.93935513 -4.52916378]
Epoch 397, t=2460388.404270397:
  TLE_ECI: r=[-7655.31636087  -458.84379317   860.05203419], v=[ 0.90660712 -2.88705786  6.52095461]
  RK45_ECI: r=[ 5287.78530887  2355.11996557 -5160.33002897], v=[-5.22828384  1.92383964 -4.50056062]
Epoch 398, t=2460388.4043456605:
  TLE_ECI: r=[-7624.87164113  -548.88190567  1055.31769541], v=[ 1.10697961 -2.87346316  6.49595164]
  RK45_ECI: r=[ 5252.5684696   2370.08431948 -5189.49997535], v=[-5.2584844   1.90822677 -4.47179597]
Epoch 399, t=2460388.404420924:
  TLE_ECI: r=[-7588.3860186   -638.45998654  1249.75682422], v=[ 1.30646831 -2.85743471  6.46586274]
  RK45_ECI: r=[ 5217.14867963  2384.93017465 -5218.48246878], v=[-5.28848034  1.89251716 -4.44287061]
Epoch 400, t=2460388.4044961873:
  TLE_ECI: r=[-7545.88863269  -727.50236397  1443.21719361], v=[ 1.50491404 -2.83898615  6.43071193]
  RK45_ECI: r=[ 5181.52765236  2399.65669292 -5247.27619659], v=[-5.31827024  1.87671169 -4.41378587]
Epoch 401, t=2460388.4045714503:
  TLE_ECI: r=[-7497.41342378  -815.93379909  1635.54735798], v=[ 1.70215848 -2.8181332   6.39052727]
  RK45_ECI: r=[ 5145.70679696  2414.26314393 -5275.88012768], v=[-5.34785297  1.86081114 -4.38454279]
Epoch 402, t=2460388.4046467138:
  TLE_ECI: r=[-7442.99909526  -903.67963869  1826.59677408], v=[ 1.89804436 -2.79489362  6.34534086]
  RK45_ECI: r=[ 5109.68701679  2428.7490174  -5304.29363657], v=[-5.37722779  1.84481606 -4.35514204]
Epoch 403, t=2460388.404721977:
  TLE_ECI: r=[-7382.68909438  -990.66574658  2016.21592108], v=[ 2.09241551 -2.76928725  6.29518874]
  RK45_ECI: r=[ 5073.47022325  2443.11342243 -5332.51530189], v=[-5.40639319  1.82872743 -4.32558509]
Epoch 404, t=2460388.4047972406:
  TLE_ECI: r=[-7316.53156679 -1076.81865534  2204.25641961], v=[ 2.28511708 -2.74133593  6.24011096]
  RK45_ECI: r=[ 5037.05750962  2457.35577154 -5360.54437552], v=[-5.43534831  1.8125459  -4.29587273]
Epoch 405, t=2460388.4048725036:
  TLE_ECI: r=[-7244.57932144 -1162.06558549  2390.57114986], v=[ 2.47599558 -2.7110635   6.18015143]
  RK45_ECI: r=[ 5000.4508107   2471.47519022 -5388.37945816], v=[-5.46409164  1.79627246 -4.26600646]
Epoch 406, t=2460388.404947767:
  TLE_ECI: r=[-7166.88977274 -1246.33459277  2575.01436838], v=[ 2.66489912 -2.6784958   6.11535798]
  RK45_ECI: r=[ 4963.65105184  2485.47118588 -5416.01994408], v=[-5.49262249  1.77990768 -4.23598694]
Epoch 407, t=2460388.4050230305:
  TLE_ECI: r=[-7083.52491194 -1329.55450112  2757.44182371], v=[ 2.85167742 -2.64366061  6.04578225]
  RK45_ECI: r=[ 4926.6596825   2499.34305992 -5443.4648386 ], v=[-5.52093976  1.76345236 -4.20581527]
Epoch 408, t=2460388.405098294:
  TLE_ECI: r=[-6994.55124206 -1411.6550489   2937.71087051], v=[ 3.03618201 -2.60658764  5.97147965]
  RK45_ECI: r=[ 4889.47849102  2513.09002787 -5470.71289924], v=[-5.54904211  1.74690742 -4.1754928 ]
Epoch 409, t=2460388.4051735573:
  TLE_ECI: r=[-6900.03972536 -1492.56692685  3115.68058237], v=[ 3.2182663  -2.56730851  5.89250935]
  RK45_ECI: r=[ 4852.10859916  2526.71152631 -5497.76340404], v=[-5.57692873  1.73027353 -4.14502037]
Epoch 410, t=2460388.4052488203:
  TLE_ECI: r=[-6800.06572848 -1572.22181663  3291.21186288], v=[ 3.39778575 -2.52585671  5.80893418]
  RK45_ECI: r=[ 4814.55199185  2540.20671794 -5524.61500297], v=[-5.60459816  1.71355172 -4.1143995 ]
Epoch 411, t=2460388.4053240838:
  TLE_ECI: r=[-6694.7089411  -1650.55252923  3464.16755508], v=[ 3.57459796 -2.48226755  5.72082058]
  RK45_ECI: r=[ 4776.80961766  2553.57513099 -5551.2671121 ], v=[-5.63204974  1.69674255 -4.08363087]
Epoch 412, t=2460388.405399347:
  TLE_ECI: r=[-6584.05333651 -1727.49294038  3634.41254927], v=[ 3.74856277 -2.43657815  5.62823858]
  RK45_ECI: r=[ 4738.88296273  2566.81609688 -5577.71877249], v=[-5.65928241  1.67984685 -4.05271559]
Epoch 413, t=2460388.4054746106:
  TLE_ECI: r=[-6468.18708385 -1802.97812727  3801.81388876], v=[ 3.91954242 -2.38882743  5.53126167]
  RK45_ECI: r=[ 4700.77385994  2579.92886583 -5603.96878693], v=[-5.68629488  1.66286558 -4.02165508]
Epoch 414, t=2460388.405549874:
  TLE_ECI: r=[-6347.20247922 -1876.94440269  3966.24087385], v=[ 4.0874016  -2.339056    5.42996681]
  RK45_ECI: r=[ 4662.48345843  2592.91289909 -5630.01646024], v=[-5.71308637  1.64579941 -3.99045016]
Epoch 415, t=2460388.405625137:
  TLE_ECI: r=[-6221.19587483 -1949.32935016  4127.56516372], v=[ 4.25200759 -2.2873062   5.32443429]
  RK45_ECI: r=[ 4624.01379119  2605.76739773 -5655.86049281], v=[-5.73965549  1.6286494  -3.9591024 ]
Epoch 416, t=2460388.4057004005:
  TLE_ECI: r=[-6090.2675766  -2020.07194956  4285.66087622], v=[ 4.41323037 -2.233622    5.2147477 ]
  RK45_ECI: r=[ 4585.36582919  2618.49191112 -5681.50032303], v=[-5.7660016   1.61141612 -3.92761249]
Epoch 417, t=2460388.405775664:
  TLE_ECI: r=[-5954.52179498 -2089.11251734  4440.40468555], v=[ 4.5709427  -2.17804899  5.10099387]
  RK45_ECI: r=[ 4546.5410937   2631.08580148 -5706.9350285 ], v=[-5.79212368  1.59410043 -3.89598158]
Epoch 418, t=2460388.4058509273:
  TLE_ECI: r=[-5814.06653692 -2156.39283032  4591.67591763], v=[ 4.72502024 -2.12063435  4.98326273]
  RK45_ECI: r=[ 4507.54146036  2643.54835462 -5732.16345835], v=[-5.81802051  1.5767033  -3.8642111 ]
Epoch 419, t=2460388.405926191:
  TLE_ECI: r=[-5669.01352263 -2221.85615542  4739.35664322], v=[ 4.87534162 -2.06142678  4.86164732]
  RK45_ECI: r=[ 4468.36810452  2655.87905707 -5757.18494473], v=[-5.84369132  1.55922543 -3.8323019 ]
Epoch 420, t=2460388.4060014538:
  TLE_ECI: r=[-5519.47810058 -2285.44728059  4883.3317686 ], v=[ 5.02178853 -2.00047647  4.73624362]
  RK45_ECI: r=[ 4429.02310527  2668.07714913 -5781.99823962], v=[-5.86913479  1.54166789 -3.80025558]
Epoch 421, t=2460388.406076717:
  TLE_ECI: r=[-5365.57912682 -2347.11262534  5023.48912388], v=[ 5.16424586 -1.93783504  4.60715055]
  RK45_ECI: r=[ 4389.50745497  2680.14220182 -5806.60280417], v=[-5.89435032  1.52403127 -3.76807286]
Epoch 422, t=2460388.4061519806:
  TLE_ECI: r=[-5207.43890751 -2406.80018664  5159.71954879], v=[ 5.30260172 -1.8735555   4.47446982]
  RK45_ECI: r=[ 4349.8227086   2692.07360881 -5830.99775333], v=[-5.91933692  1.50631645 -3.73575489]
Epoch 423, t=2460388.406227244:
  TLE_ECI: r=[-5045.18307312 -2464.45964796  5291.91697595], v=[ 5.43674757 -1.80769223  4.33830589]
  RK45_ECI: r=[ 4309.97078258  2703.87069248 -5855.18198354], v=[-5.94409342  1.48852441 -3.70330314]
Epoch 424, t=2460388.406302507:
  TLE_ECI: r=[-4878.94049074 -2520.04238895  5419.97851152], v=[ 5.56657825 -1.74030091  4.19876585]
  RK45_ECI: r=[ 4269.95306749  2715.53290764 -5879.15474287], v=[-5.96861899  1.47065597 -3.67071864]
Epoch 425, t=2460388.4063777705:
  TLE_ECI: r=[-4708.84313008 -2573.50158373  5543.80451312], v=[ 5.69199212 -1.67143844  4.05595935]
  RK45_ECI: r=[ 4229.77111617  2727.05970695 -5902.91517195], v=[-5.99291271  1.45271194 -3.63800255]
Epoch 426, t=2460388.406453034:
  TLE_ECI: r=[-4535.02600101 -2624.79215118  5663.29866529], v=[ 5.81289108 -1.60116294  3.90999852]
  RK45_ECI: r=[ 4189.42632804  2738.45055517 -5926.46252918], v=[-6.01697375  1.43469314 -3.60515591]
Epoch 427, t=2460388.4065282973:
  TLE_ECI: r=[-4357.62701573 -2673.87085062  5778.36805203], v=[ 5.92918065 -1.52953368  3.76099785]
  RK45_ECI: r=[ 4148.92065093  2749.70480425 -5949.79574955], v=[-6.04080098  1.41660058 -3.57218021]
Epoch 428, t=2460388.406603561:
  TLE_ECI: r=[-4176.78688541 -2720.69630192  5888.92322658], v=[ 6.04077007 -1.45661104  3.60907411]
  RK45_ECI: r=[ 4108.25548955  2760.82194488 -5972.91410784], v=[-6.0643936   1.39843504 -3.53907647]
Epoch 429, t=2460388.4066788238:
  TLE_ECI: r=[-3992.64901537 -2765.2290076   5994.87827853], v=[ 6.14757232 -1.38245645  3.45434626]
  RK45_ECI: r=[ 4067.43244561  2771.80141807 -5995.81677556], v=[-6.08775072  1.38019744 -3.50584591]
Epoch 430, t=2460388.406754087:
  TLE_ECI: r=[-3805.35935851 -2807.4314319   6096.15089791], v=[ 6.24950419 -1.30713228  3.29693535]
  RK45_ECI: r=[ 4026.4531026   2782.64270715 -6018.50293198], v=[-6.11087145  1.3618886  -3.47248971]
Epoch 431, t=2460388.4068293506:
  TLE_ECI: r=[-3615.0663471  -2847.26795917  6192.66243659], v=[ 6.34648637 -1.23070191  3.13696444]
  RK45_ECI: r=[ 3985.31888716  2793.34530683 -6040.97186915], v=[-6.13375502  1.34350935 -3.43900893]
Epoch 432, t=2460388.406904614:
  TLE_ECI: r=[-3421.92074284 -2884.70497101  6284.33796673], v=[ 6.43844345 -1.15322959  2.97455846]
  RK45_ECI: r=[ 3944.0317846   2803.90860683 -6063.22257106], v=[-6.15640034  1.32506072 -3.40540507]
Epoch 433, t=2460388.4069798775:
  TLE_ECI: r=[-3226.07552527 -2919.71086102  6371.10633623], v=[ 6.52530402 -1.07478039  2.80984419]
  RK45_ECI: r=[ 3902.59322594  2814.33212752 -6085.25434647], v=[-6.17880667  1.30654353 -3.3716792 ]
Epoch 434, t=2460388.4070551405:
  TLE_ECI: r=[-3027.68577938 -2952.25605111  6452.90022138], v=[ 6.60700067 -0.9954202   2.64295006]
  RK45_ECI: r=[ 3861.00484278  2824.61534288 -6107.06640608], v=[-6.20097314  1.28795867 -3.33783253]
Epoch 435, t=2460388.407130404:
  TLE_ECI: r=[-2826.90853872 -2982.3130515   6529.6561764 ], v=[ 6.68347009 -0.91521557  2.47400613]
  RK45_ECI: r=[ 3819.26824765  2834.75776768 -6128.65796843], v=[-6.22289893  1.26930702 -3.30386627]
Epoch 436, t=2460388.4072056673:
  TLE_ECI: r=[-2623.90271332 -3009.85642723  6601.31468017], v=[ 6.75465307 -0.83423379  2.30314398]
  RK45_ECI: r=[ 3777.38489299  2844.75892706 -6150.02835986], v=[-6.24458329  1.25058941 -3.2697815 ]
Epoch 437, t=2460388.407280931:
  TLE_ECI: r=[-2418.82893037 -3034.86285604  6667.82017986], v=[ 6.82049453 -0.75254274  2.13049656]
  RK45_ECI: r=[ 3735.35679958  2854.61824933 -6171.17661426], v=[-6.26602521  1.23180688 -3.23557977]
Epoch 438, t=2460388.407356194:
  TLE_ECI: r=[-2211.84941699 -3057.3111371   6729.12113155], v=[ 6.88094361 -0.67021087  1.95619816]
  RK45_ECI: r=[ 3693.18523161  2864.3353219  -6192.10217262], v=[-6.28722407  1.21296019 -3.20126197]
Epoch 439, t=2460388.407431457:
  TLE_ECI: r=[-2003.12788198 -3077.18220214  6785.17003793], v=[ 6.93595363 -0.58730714  1.78038426]
  RK45_ECI: r=[ 3650.87242451  2873.90954137 -6212.80399241], v=[-6.30817878  1.19405049 -3.16682983]
Epoch 440, t=2460388.4075067206:
  TLE_ECI: r=[-1792.8293519  -3094.4591548   6835.92348275], v=[ 6.98548217 -0.50390094  1.60319143]
  RK45_ECI: r=[ 3608.41944261  2883.34056556 -6233.28162523], v=[-6.32888883  1.17507842 -3.1322841 ]
Epoch 441, t=2460388.407581984:
  TLE_ECI: r=[-1581.12009626 -3109.12724656  6881.34216256], v=[ 7.02949111 -0.42006208  1.42475725]
  RK45_ECI: r=[ 3565.82795459  2892.62791363 -6253.53433456], v=[-6.34935343  1.15604491 -3.09762603]
Epoch 442, t=2460388.4076572475:
  TLE_ECI: r=[-1368.16746209 -3121.17391387  6921.3909151 ], v=[ 7.06794658 -0.33586072  1.24522021]
  RK45_ECI: r=[ 3523.10001488  2901.77105287 -6273.56120501], v=[-6.36957162  1.13695103 -3.06285719]
Epoch 443, t=2460388.4077325105:
  TLE_ECI: r=[-1154.13976167 -3130.58877825  6956.03874483], v=[ 7.10081906 -0.2513673   1.06471959]
  RK45_ECI: r=[ 3480.23730649  2910.76952008 -6293.36152263], v=[-6.38954264  1.11779771 -3.02797883]
Epoch 444, t=2460388.407807774:
  TLE_ECI: r=[ -939.20610519 -3137.3636687   6985.25884519], v=[ 7.12808334 -0.16665246  0.88339536]
  RK45_ECI: r=[ 3437.24090527  2919.62299021 -6312.93485559], v=[-6.40926601  1.0985856  -2.99299171]
Epoch 445, t=2460388.4078830373:
  TLE_ECI: r=[ -723.53632438 -3141.49260567  7009.0286181 ], v=[ 7.14971858 -0.08178704  0.70138809]
  RK45_ECI: r=[ 3394.11308765  2928.33090932 -6332.28022586], v=[-6.42874071  1.07931588 -2.95789758]
Epoch 446, t=2460388.407958301:
  TLE_ECI: r=[ -507.30080416 -3142.9718214   7027.32969011], v=[7.16570830e+00 3.15798555e-03 5.18838838e-01]
  RK45_ECI: r=[ 3350.85514984  2936.89290944 -6351.3971224 ], v=[-6.44796618  1.05998931 -2.92269739]
Epoch 447, t=2460388.408033564:
  TLE_ECI: r=[ -290.67035964 -3141.79975883  7040.1479256 ], v=[7.17604039 0.08811161 0.33588905]
  RK45_ECI: r=[ 3307.46917771  2945.30849773 -6370.28468131], v=[-6.46694151  1.04060698 -2.88739271]
Epoch 448, t=2460388.408108827:
  TLE_ECI: r=[  -73.81611314 -3137.97707256  7047.4734369 ], v=[7.18070709 0.17300277 0.15268047]
  RK45_ECI: r=[ 3263.95687948  2953.5772456  -6388.94222967], v=[-6.485666    1.02116984 -2.85198482]
Epoch 449, t=2460388.4081840906:
  TLE_ECI: r=[  143.09067509 -3131.50663001  7049.30059124], v=[ 7.17970507  0.25776054 -0.03064501]
  RK45_ECI: r=[ 3220.31934678  2961.69885196 -6407.36936062], v=[-6.50413918  1.00167854 -2.8164745 ]
Epoch 450, t=2460388.408259354:
  TLE_ECI: r=[  359.87868429 -3122.39350574  7045.62801485], v=[ 7.17303536  0.34231403 -0.21394537]
  RK45_ECI: r=[ 3176.55888943  2969.67280654 -6425.56515345], v=[-6.52236012  0.98213428 -2.78086352]
Epoch 451, t=2460388.4083346175:
  TLE_ECI: r=[  576.37670256 -3110.64498041  7036.45859367], v=[ 7.16070337  0.4265925  -0.39707865]
  RK45_ECI: r=[ 3132.676822    2977.49876983 -6443.52912763], v=[-6.54032828  0.96253783 -2.74515283]
Epoch 452, t=2460388.408409881:
  TLE_ECI: r=[  792.41375003 -3096.27053418  7021.79947124], v=[ 7.14271888  0.51052548 -0.579903  ]
  RK45_ECI: r=[ 3088.67525989  2985.17628923 -6461.26047154], v=[-6.55804283  0.94289029 -2.70934403]
Epoch 453, t=2460388.408485144:
  TLE_ECI: r=[ 1007.81920217 -3079.28184223  7001.66204339], v=[ 7.11909608  0.5940427  -0.76227679]
  RK45_ECI: r=[ 3044.55593484  2992.70497128 -6478.75855383], v=[-6.57550309  0.92319263 -2.67343843]
Epoch 454, t=2460388.4085604073:
  TLE_ECI: r=[ 1222.42295813 -3059.69275457  6976.06194978], v=[ 7.08985348  0.67707431 -0.94405875]
  RK45_ECI: r=[ 3000.31995306  3000.0845393  -6496.02299297], v=[-6.59270866  0.90344551 -2.63743681]
Epoch 455, t=2460388.408635671:
  TLE_ECI: r=[ 1436.05551796 -3037.51930076  6945.01906261], v=[ 7.05501396  0.75955075 -1.125108  ]
  RK45_ECI: r=[ 2955.96965555  3007.3145273  -6513.05292633], v=[-6.60965863  0.88365013 -2.60134096]
Epoch 456, t=2460388.408710934:
  TLE_ECI: r=[ 1648.5481503  -3012.77966765  6908.55747201], v=[ 7.01460473  0.84140295 -1.30528423]
  RK45_ECI: r=[ 2911.50637404  3014.3946244  -6529.84790434], v=[-6.62635254  0.86380729 -2.56515184]
Epoch 457, t=2460388.4087861977:
  TLE_ECI: r=[ 1859.73301411 -2985.49418729  6866.7054685 ], v=[ 6.96865733  0.9225623  -1.48444774]
  RK45_ECI: r=[ 2866.93225136  3021.32441891 -6546.40716832], v=[-6.6427896   0.84391809 -2.52887108]
Epoch 458, t=2460388.4088614606:
  TLE_ECI: r=[ 2069.44328032 -2955.685327    6819.49552233], v=[ 6.91720758  1.00296074 -1.6624596 ]
  RK45_ECI: r=[ 2822.24904095  3028.10355301 -6562.73012906], v=[-6.65896918  0.82398351 -2.4925    ]
Epoch 459, t=2460388.408936724:
  TLE_ECI: r=[ 2277.51329607 -2923.37764832  6766.96425972], v=[ 6.86029559  1.08253085 -1.8391817 ]
  RK45_ECI: r=[ 2777.4578627   3034.73177456 -6578.81643063], v=[-6.67489091  0.80400423 -2.45603939]
Epoch 460, t=2460388.4090119875:
  TLE_ECI: r=[ 2483.77866132 -2888.59782184  6709.15243624], v=[ 6.7979657   1.1612058  -2.01447687]
  RK45_ECI: r=[ 2732.56108648  3041.2086624  -6594.66526929], v=[-6.69055397  0.78398146 -2.41949106]
Epoch 461, t=2460388.409087251:
  TLE_ECI: r=[ 2688.07639183 -2851.374584    6646.10490691], v=[ 6.73026649  1.23891951 -2.18820899]
  RK45_ECI: r=[ 2687.56005977  3047.53393479 -6610.27622675], v=[-6.70595791  0.763916   -2.38285599]
Epoch 462, t=2460388.409162514:
  TLE_ECI: r=[ 2890.2450292  -2811.7387282   6577.87059343], v=[ 6.65725072  1.31560662 -2.36024308]
  RK45_ECI: r=[ 2642.45716481  3053.70719085 -6625.64852637], v=[-6.72110193  0.74380908 -2.34613601]
Epoch 463, t=2460388.4092377773:
  TLE_ECI: r=[ 3090.12480015 -2769.72304738  6504.50244822], v=[ 6.57897529  1.39120265 -2.53044543]
  RK45_ECI: r=[ 2597.25353295  3059.72820021 -6640.78183629], v=[-6.73598569  0.72366137 -2.30933191]
Epoch 464, t=2460388.409313041:
  TLE_ECI: r=[ 3287.55769161 -2725.36235678  6426.05741569], v=[ 6.49550124  1.46564391 -2.69868363]
  RK45_ECI: r=[ 2551.95093878  3065.59664417 -6655.67561178], v=[-6.75060862  0.70347386 -2.27244501]
Epoch 465, t=2460388.409388304:
  TLE_ECI: r=[ 3482.38760795 -2678.69343442  6342.59639027], v=[ 6.40689367  1.53886768 -2.86482677]
  RK45_ECI: r=[ 2506.55156465  3071.31217736 -6670.32918022], v=[-6.76497004  0.68324768 -2.23547699]
Epoch 466, t=2460388.4094635677:
  TLE_ECI: r=[ 3674.46048514 -2629.75499972  6254.18417156], v=[ 6.31322171  1.61081219 -3.02874543]
  RK45_ECI: r=[ 2461.05677254  3076.87454744 -6684.74215498], v=[-6.77906954  0.66298364 -2.19842883]
Epoch 467, t=2460388.4095388306:
  TLE_ECI: r=[ 3863.62440441 -2578.58769391  6160.88941652], v=[ 6.2145585   1.68141665 -3.19031188]
  RK45_ECI: r=[ 2415.46897018  3082.28339903 -6698.91381927], v=[-6.7929064   0.64268297 -2.16130237]
Epoch 468, t=2460388.409614094:
  TLE_ECI: r=[ 4049.72974245 -2525.23400298  6062.78458863], v=[ 6.11098109  1.75062145 -3.34940011]
  RK45_ECI: r=[ 2369.78930042  3087.5385269  -6712.84386741], v=[-6.80648029  0.62234637 -2.12409842]
Epoch 469, t=2460388.4096893575:
  TLE_ECI: r=[ 4232.62924376 -2469.73828984  5959.94590421], v=[ 6.00257041  1.81836799 -3.50588595]
  RK45_ECI: r=[ 2324.01955608  3092.63964875 -6726.53179776], v=[-6.81979071  0.60197481 -2.08681831]
Epoch 470, t=2460388.409764621:
  TLE_ECI: r=[ 4412.1781679  -2412.1467153   5852.45327576], v=[ 5.88941126  1.88459889 -3.65964716]
  RK45_ECI: r=[ 2278.16194149  3097.58646118 -6739.97699227], v=[-6.83283703  0.58156946 -2.04946374]
Epoch 471, t=2460388.4098398844:
  TLE_ECI: r=[ 4588.23439675 -2352.50721167  5740.39025243], v=[ 5.77159218  1.94925799 -3.81056356]
  RK45_ECI: r=[ 2232.21783181  3102.37874149 -6753.1790963 ], v=[-6.84561888  0.56113111 -2.01203569]
Epoch 472, t=2460388.4099151473:
  TLE_ECI: r=[ 4760.65854089 -2290.86945787  5623.8439576 ], v=[ 5.64920542  2.01229037 -3.95851706]
  RK45_ECI: r=[ 2186.18965781  3107.01618036 -6766.1374535 ], v=[-6.85813562  0.54066101 -1.97453602]
Epoch 473, t=2460388.409990411:
  TLE_ECI: r=[ 4929.31407758 -2227.28478474  5502.90502361], v=[ 5.52234689  2.07364249 -4.10339183]
  RK45_ECI: r=[ 2140.07857287  3111.49859776 -6778.85178463], v=[-6.87038695  0.52015986 -1.93696557]
Epoch 474, t=2460388.410065674:
  TLE_ECI: r=[ 5094.06741932 -2161.80621488  5377.66752384], v=[ 5.39111605  2.13326211 -4.24507432]
  RK45_ECI: r=[ 2093.88638624  3115.82574816 -6791.3216316 ], v=[-6.88237241  0.49962866 -1.89932566]
Epoch 475, t=2460388.4101409377:
  TLE_ECI: r=[ 5254.78804814 -2094.48836592  5248.22890175], v=[ 5.25561591  2.19109841 -4.3834534 ]
  RK45_ECI: r=[ 2047.61532204  3119.99737053 -6803.54643142], v=[-6.89409144  0.47906856 -1.861618  ]
Epoch 476, t=2460388.4102162006:
  TLE_ECI: r=[ 5411.34860771 -2025.38743517  5114.68989743], v=[ 5.11595288  2.24710203 -4.51842045]
  RK45_ECI: r=[ 2001.26698709  3124.01325224 -6815.52580609], v=[-6.90554366  0.45848048 -1.82384377]
Epoch 477, t=2460388.410291464:
  TLE_ECI: r=[ 5563.6250298  -1954.56109116  4977.15447126], v=[ 4.97223673  2.30122513 -4.64986941]
  RK45_ECI: r=[ 1954.84317344  3127.87318984 -6827.25932723], v=[-6.91672865  0.43786537 -1.78600432]
Epoch 478, t=2460388.4103667275:
  TLE_ECI: r=[ 5711.49659837 -1882.06851974  4835.72972507], v=[ 4.82458051  2.35342137 -4.77769692]
  RK45_ECI: r=[ 1908.34570326  3131.57696926 -6838.74657533], v=[-6.927646    0.41722424 -1.748101  ]
Epoch 479, t=2460388.410441991:
  TLE_ECI: r=[ 5854.84607151 -1807.97031411  4690.52582064], v=[ 4.67310048  2.40364603 -4.90180236]
  RK45_ECI: r=[ 1861.77618072  3135.1244018  -6849.98719185], v=[-6.93829533  0.39655798 -1.710135  ]
Epoch 480, t=2460388.4105172544:
  TLE_ECI: r=[ 5993.55977054 -1732.32844018  4541.65589554], v=[ 4.51791597  2.45185598 -5.02208796]
  RK45_ECI: r=[ 1815.13684755  3138.51526913 -6860.98066938], v=[-6.94867617  0.37586776 -1.67210802]
Epoch 481, t=2460388.4105925173:
  TLE_ECI: r=[ 6127.52766763 -1655.20620357  4389.23597663], v=[ 4.35914937  2.49800975 -5.1384589 ]
  RK45_ECI: r=[ 1768.42932275  3141.74939256 -6871.72666826], v=[-6.95878817  0.35515451 -1.63402126]
Epoch 482, t=2460388.410667781:
  TLE_ECI: r=[ 6256.64349522 -1576.66812607  4233.38489094], v=[ 4.19692596  2.54206764 -5.25082332]
  RK45_ECI: r=[ 1721.65541167  3144.82660381 -6882.22480426], v=[-6.96863096  0.33441918 -1.59587608]
Epoch 483, t=2460388.410743044:
  TLE_ECI: r=[ 6380.8048031  -1496.7799985   4074.22417431], v=[ 4.03137385  2.58399159 -5.35909249]
  RK45_ECI: r=[ 1674.81673674  3147.74673557 -6892.47474966], v=[-6.97820422  0.3136627  -1.55767366]
Epoch 484, t=2460388.4108183077:
  TLE_ECI: r=[ 6499.91306246 -1415.60875601  3911.87797757], v=[ 3.86262391  2.62374539 -5.46318083]
  RK45_ECI: r=[ 1627.9155523   3150.5096038  -6902.47604181], v=[-6.98750752  0.29288622 -1.51941573]
Epoch 485, t=2460388.410893571:
  TLE_ECI: r=[ 6613.87374182 -1333.22243963  3746.47297053], v=[ 3.69080962  2.66129461 -5.56300599]
  RK45_ECI: r=[ 1580.95347668  3153.11506184 -6912.22837189], v=[-6.99654054  0.27209067 -1.48110347]
Epoch 486, t=2460388.410968834:
  TLE_ECI: r=[ 6722.59638121 -1249.6901593   3578.1382437 ], v=[ 3.51606699  2.69660663 -5.65848894]
  RK45_ECI: r=[ 1533.93235235  3155.56295563 -6921.73139133], v=[-7.00530296  0.25127705 -1.44273827]
Epoch 487, t=2460388.4110440975:
  TLE_ECI: r=[ 6825.99468173 -1165.08195791  3407.00520793], v=[ 3.33853443  2.72965078 -5.74955403]
  RK45_ECI: r=[ 1486.85399627  3157.8531522  -6930.98476041], v=[-7.01379445  0.23044634 -1.4043215 ]
Epoch 488, t=2460388.411119361:
  TLE_ECI: r=[ 6923.98655419 -1079.46886998  3233.20749204], v=[ 3.1583527   2.76039822 -5.83612905]
  RK45_ECI: r=[ 1439.72004105  3159.98551844 -6939.98819009], v=[-7.02201474  0.20959945 -1.36585434]
Epoch 489, t=2460388.4111946244:
  TLE_ECI: r=[7016.49420264 -992.92278377 3056.88083834], v=[ 2.97566473  2.78882209 -5.91814532]
  RK45_ECI: r=[ 1392.53275463  3161.95991347 -6948.74127405], v=[-7.02996346  0.18873757 -1.32733854]
Epoch 490, t=2460388.411269888:
  TLE_ECI: r=[7103.44418502 -905.51640078 2878.1629964 ], v=[ 2.79061553  2.81489746 -5.9955377 ]
  RK45_ECI: r=[ 1345.29376458  3163.77622426 -6957.2437423 ], v=[-7.03764035  0.16786159 -1.28877529]
Epoch 491, t=2460388.411345151:
  TLE_ECI: r=[7184.76747187 -817.32319556 2697.19361492], v=[ 2.6033521   2.83860139 -6.06824472]
  RK45_ECI: r=[ 1298.00492381  3165.43433423 -6965.495291  ], v=[-7.04504512  0.14697255 -1.25016597]
Epoch 492, t=2460388.411420414:
  TLE_ECI: r=[7260.39951382 -728.4172693  2514.1141319 ], v=[ 2.41402326  2.85991296 -6.13620858]
  RK45_ECI: r=[ 1250.66805909  3166.93414592 -6973.49562521], v=[-7.05217752  0.12607141 -1.21151198]
Epoch 493, t=2460388.4114956777:
  TLE_ECI: r=[7330.28028024 -638.87341334 2329.06766322], v=[ 2.22277958  2.87881326 -6.19937521]
  RK45_ECI: r=[ 1203.28481144  3168.27556062 -6981.24449484], v=[-7.05903731  0.10515911 -1.17281449]
Epoch 494, t=2460388.411570941:
  TLE_ECI: r=[7394.35431991 -548.76696212 2142.19888966], v=[ 2.02977321  2.89528543 -6.25769435]
  RK45_ECI: r=[ 1155.85746037  3169.45848074 -6988.74155023], v=[-7.06562417  0.08423681 -1.13407527]
Epoch 495, t=2460388.411646204:
  TLE_ECI: r=[7452.57080339 -458.17377201 1953.65394246], v=[ 1.8351578   2.90931468 -6.31111958]
  RK45_ECI: r=[ 1108.38786628  3170.48282177 -6995.98652705], v=[-7.07193788  0.06330553 -1.09529571]
Epoch 496, t=2460388.4117214675:
  TLE_ECI: r=[7504.88357135 -367.17006978 1763.58028753], v=[ 1.63908833  2.92088832 -6.35960833]
  RK45_ECI: r=[ 1060.87721518  3171.34852049 -7002.97926664], v=[-7.07797829  0.042366   -1.05647663]
Epoch 497, t=2460388.411796731:
  TLE_ECI: r=[7551.25116448 -275.83251803 1572.12660856], v=[ 1.44172102  2.92999571 -6.40312198]
  RK45_ECI: r=[ 1013.32801728  3172.05549938 -7009.7194189 ], v=[-7.08374509  0.02141949 -1.01761998]
Epoch 498, t=2460388.4118719944:
  TLE_ECI: r=[7591.63686446 -184.23806365 1379.44268877], v=[ 1.24321316  2.93662835 -6.44162586]
  RK45_ECI: r=[  965.74169542  3172.60369944 -7016.20680631], v=[-7.08923814e+00  4.66827174e-04 -9.78726781e-01]
Epoch 499, t=2460388.411947258:
  TLE_ECI: r=[7626.00872327  -92.46389334 1185.67929187], v=[ 1.04372301  2.94077984 -6.47508927]
  RK45_ECI: r=[  918.1205384   3172.99306653 -7022.44113615], v=[-7.09445719 -0.02049081 -0.93979879]
Epoch 500, t=2460388.412022521:
  TLE_ECI: r=[ 7.65433959e+03 -5.87390559e-01  9.90988042e+02], v=[ 0.84340968  2.94244591 -6.50348553]
  RK45_ECI: r=[  870.46641356  3173.22355387 -7028.42218928], v=[-7.09940205 -0.04145239 -0.9008374 ]
Epoch 501, t=2460388.412097784:
  TLE_ECI: r=[7676.60713428   91.3140206   795.5213025 ], v=[ 0.64243292  2.94162443 -6.52679203]
  RK45_ECI: r=[  822.780511    3173.29512436 -7034.14983446], v=[-7.10407262 -0.06241721 -0.86184345]
Epoch 502, t=2460388.4121730477:
  TLE_ECI: r=[7692.79386365  183.1628065   599.43205514], v=[ 0.44095308  2.93831537 -6.54499019]
  RK45_ECI: r=[  775.06534997  3173.2077478  -7039.62378463], v=[-7.10846865 -0.08338398 -0.82281889]
Epoch 503, t=2460388.412248311:
  TLE_ECI: r=[7702.88713965  274.88148079  402.87377717], v=[ 0.23913092  2.93252086 -6.55806552]
  RK45_ECI: r=[  727.32235757  3172.96139596 -7044.84389566], v=[-7.11259005 -0.10435187 -0.78376475]
Epoch 504, t=2460388.4123235745:
  TLE_ECI: r=[7706.87918786  366.39264741  206.00031914], v=[ 0.03712748  2.92424515 -6.56600763]
  RK45_ECI: r=[  679.55382971  3172.55605816 -7049.80993207], v=[-7.11643663 -0.1253197  -0.74468279]
Epoch 505, t=2460388.4123988375:
  TLE_ECI: r=[7704.76710578  457.61904456    8.96578181], v=[-0.16489604  2.91349464 -6.56881022]
  RK45_ECI: r=[  631.76163892  3171.99172547 -7054.52172006], v=[-7.12000825 -0.14628645 -0.70557441]
Epoch 506, t=2460388.412474101:
  TLE_ECI: r=[7696.55286001  548.48370156 -188.07560696], v=[-0.36677844  2.90027783 -6.56647111]
  RK45_ECI: r=[  583.94697831  3171.2683869  -7058.97915593], v=[-7.12330485 -0.1672514  -0.66644045]
Epoch 507, t=2460388.4125493644:
  TLE_ECI: r=[7682.24329178  638.90986874 -384.96961558], v=[-0.56835864  2.88460534 -6.55899223]
  RK45_ECI: r=[  536.11237347  3170.38605971 -7063.18201589], v=[-7.12632626 -0.18821328 -0.62728287]
Epoch 508, t=2460388.412624628:
  TLE_ECI: r=[7661.85010639  728.82117376 -581.56213201], v=[-0.76947581  2.86648992 -6.54637961]
  RK45_ECI: r=[  488.25925464  3169.34474639 -7067.13018935], v=[-7.12907241 -0.20917124 -0.5881027 ]
Epoch 509, t=2460388.4126998913:
  TLE_ECI: r=[7635.38986427  818.14166437 -777.69928695], v=[-0.96996953  2.84594639 -6.5286434 ]
  RK45_ECI: r=[  440.38992258  3168.14447981 -7070.82349822], v=[-7.13154318 -0.23012411 -0.54890171]
Epoch 510, t=2460388.412775154:
  TLE_ECI: r=[7602.88396945  906.79585113 -973.2275768 ], v=[-1.1696799   2.82299168 -6.50579782]
  RK45_ECI: r=[  392.50625306  3166.78528888 -7074.26181426], v=[-7.1337385  -0.25107086 -0.50968129]
Epoch 511, t=2460388.4128504177:
  TLE_ECI: r=[ 7564.35864089   994.70886129 -1167.99398622], v=[-1.36844772  2.79764476 -6.47786119]
  RK45_ECI: r=[  344.60944113  3165.26718878 -7077.44506133], v=[-7.13565832 -0.27201079 -0.4704423 ]
Epoch 512, t=2460388.412925681:
  TLE_ECI: r=[ 7519.84490534  1081.80636877 -1361.84611033], v=[-1.56611455  2.76992667 -6.44485589]
  RK45_ECI: r=[  296.70201632  3163.59024421 -7080.37307915], v=[-7.13730257 -0.2929426  -0.4311867 ]
Epoch 513, t=2460388.4130009445:
  TLE_ECI: r=[ 7469.3785611   1168.01474713 -1554.63227622], v=[-1.76252292  2.73986049 -6.40680832]
  RK45_ECI: r=[  248.78541054  3161.75448839 -7083.04579073], v=[-7.13867119 -0.31386547 -0.39191551]
Epoch 514, t=2460388.4130762075:
  TLE_ECI: r=[ 7413.00015366  1253.26108828 -1746.20166385], v=[-1.9575164   2.70747129 -6.36374892]
  RK45_ECI: r=[  200.86215435  3159.76000733 -7085.46306483], v=[-7.13976414 -0.33477812 -0.3526307 ]
Epoch 515, t=2460388.413151471:
  TLE_ECI: r=[ 7350.75492682  1337.47335213 -1936.40442604], v=[-2.15093979  2.67278612 -6.31571212]
  RK45_ECI: r=[  152.93344349  3157.60683902 -7087.62485103], v=[-7.14058141 -0.35567983 -0.31333312]
Epoch 516, t=2460388.4132267344:
  TLE_ECI: r=[ 7282.69280578  1420.58029644 -2125.09180768], v=[-2.34263919  2.63583402 -6.26273628]
  RK45_ECI: r=[  105.00115524  3155.29505352 -7089.53106863], v=[-7.14112298 -0.37656957 -0.27402416]
Epoch 517, t=2460388.413301998:
  TLE_ECI: r=[ 7208.86834084  1502.5116255  -2312.11626381], v=[-2.53246219  2.59664594 -6.20486369]
  RK45_ECI: r=[   57.06759351  3152.82475335 -7091.18163174], v=[-7.14138884 -0.39744619 -0.23470562]
Epoch 518, t=2460388.4133772613:
  TLE_ECI: r=[ 7129.34066483  1583.19802799 -2497.3315766 ], v=[-2.72025793  2.55525476 -6.14214054]
  RK45_ECI: r=[    9.13419039  3150.19600246 -7092.57649703], v=[-7.14137898 -0.41830883 -0.19537851]
Epoch 519, t=2460388.413452524:
  TLE_ECI: r=[ 7044.17344817  1662.57121459 -2680.59297113], v=[-2.90587727  2.51169521 -6.07461682]
  RK45_ECI: r=[  -38.79652305  3147.40893421 -7093.71559692], v=[-7.14109344 -0.43915622 -0.15604481]
Epoch 520, t=2460388.4135277877:
  TLE_ECI: r=[ 6953.43482591  1740.56405966 -2861.75722973], v=[-3.08917291  2.46600386 -6.00234634]
  RK45_ECI: r=[  -86.72335144  3144.46361272 -7094.59890872], v=[-7.14053223 -0.45998766 -0.11670536]
Epoch 521, t=2460388.413603051:
  TLE_ECI: r=[ 6857.19736918  1817.11053264 -3040.68280502], v=[-3.26999949  2.41821911 -5.92538664]
  RK45_ECI: r=[ -134.64441795  3141.36014581 -7095.2263974 ], v=[-7.13969538 -0.48080212 -0.07736157]
Epoch 522, t=2460388.4136783145:
  TLE_ECI: r=[ 6755.53800549  1892.14583768 -3217.22993131], v=[-3.44821372  2.36838113 -5.84379895]
  RK45_ECI: r=[ -182.55741966  3138.0986794  -7095.59803479], v=[-7.13858295 -0.50159843 -0.03801521]
Epoch 523, t=2460388.413753578:
  TLE_ECI: r=[ 6648.53795904  1965.60644704 -3391.26073442], v=[-3.62367449  2.31653181 -5.75764811]
  RK45_ECI: r=[ -230.46092542  3134.67930814 -7095.71381128], v=[-7.13719499e+00 -5.22375750e-01  1.33266841e-03]
Epoch 524, t=2460388.413828841:
  TLE_ECI: r=[ 6536.28268879  2037.43013597 -3562.63933979], v=[-3.79624299  2.26271475 -5.66700258]
  RK45_ECI: r=[ -278.3524064   3131.10221261 -7095.57372302], v=[-7.13553158 -0.54313282  0.04068012]
Epoch 525, t=2460388.4139041044:
  TLE_ECI: r=[ 6418.86179372  2107.55611157 -3731.23197866], v=[-3.96578282  2.20697519 -5.5719343 ]
  RK45_ECI: r=[ -326.2306686   3127.36748297 -7095.17777502], v=[-7.13359279 -0.56386893  0.08002628]
Epoch 526, t=2460388.413979368:
  TLE_ECI: r=[ 6296.36897348  2175.92494795 -3896.9070926 ], v=[-4.13216009  2.14936001 -5.47251864]
  RK45_ECI: r=[ -374.0938375   3123.47526474 -7094.525978  ], v=[-7.13137869 -0.58458306  0.11936975]
Epoch 527, t=2460388.4140546313:
  TLE_ECI: r=[ 6168.90192743  2242.47871361 -4059.53543584], v=[-4.29524352  2.08991764 -5.3688344 ]
  RK45_ECI: r=[ -421.93961327  3119.42574712 -7093.6183615 ], v=[-7.12888941 -0.60527403  0.15870875]
Epoch 528, t=2460388.4141298947:
  TLE_ECI: r=[ 6036.56227959  2307.16100057 -4218.99017564], v=[-4.45490458  2.02869805 -5.26096364]
  RK45_ECI: r=[ -469.76656739  3115.21905529 -7092.45494964], v=[-7.12612503 -0.62594104  0.19804225]
Epoch 529, t=2460388.4142051577:
  TLE_ECI: r=[ 5899.4555017   2369.91695377 -4375.14699054], v=[-4.61101752  1.96575271 -5.1489917 ]
  RK45_ECI: r=[ -517.57217544  3110.85541693 -7091.03580232], v=[-7.12308571 -0.6465828   0.23736828]
Epoch 530, t=2460388.414280421:
  TLE_ECI: r=[ 5757.69079889  2430.69338644 -4527.88416632], v=[-4.76345954  1.90113448 -5.03300705]
  RK45_ECI: r=[ -565.35524603  3106.33494819 -7089.36095224], v=[-7.11977155 -0.66719861  0.276686  ]
Epoch 531, t=2460388.4143556845:
  TLE_ECI: r=[ 5611.38106093  2489.43871941 -4677.08268992], v=[-4.91211084  1.83489765 -4.91310127]
  RK45_ECI: r=[ -613.11390876  3101.65783207 -7087.43045586], v=[-7.11618269 -0.68778745  0.31599399]
Epoch 532, t=2460388.414430948:
  TLE_ECI: r=[ 5460.6427427   2546.10309411 -4822.62634071], v=[-5.05685472  1.76709785 -4.78936893]
  RK45_ECI: r=[ -660.84586923  3096.82430088 -7085.24440042], v=[-7.1123193  -0.70834818  0.35529049]
Epoch 533, t=2460388.414506211:
  TLE_ECI: r=[ 5305.59578343  2600.63838027 -4964.40177964], v=[-5.19757765  1.69779201 -4.66190754]
  RK45_ECI: r=[ -708.54947675  3091.83453454 -7082.80285579], v=[-7.10818154 -0.72887985  0.39457427]
Epoch 534, t=2460388.4145814744:
  TLE_ECI: r=[ 5146.36347868  2652.99827862 -5102.29863574], v=[-5.33416941  1.62703825 -4.53081746]
  RK45_ECI: r=[ -756.22289173  3086.68873476 -7080.10590938], v=[-7.10376957 -0.74938153  0.43384394]
Epoch 535, t=2460388.414656738:
  TLE_ECI: r=[ 4983.07242518  2703.13826431 -5236.20959028], v=[-5.46652309  1.55489593 -4.39620179]
  RK45_ECI: r=[ -803.8642488   3081.38711632 -7077.15365777], v=[-7.09908359 -0.76985219  0.47309807]
Epoch 536, t=2460388.4147320013:
  TLE_ECI: r=[ 4815.85238853  2751.0156867  -5366.03045824], v=[-5.59453524  1.48142555 -4.25816632]
  RK45_ECI: r=[ -851.47190933  3075.92987533 -7073.94619101], v=[-7.09412376 -0.79029093  0.51233546]
Epoch 537, t=2460388.4148072647:
  TLE_ECI: r=[ 4644.83620568  2796.58978837 -5491.66026724], v=[-5.71810589  1.40668868 -4.11681943]
  RK45_ECI: r=[ -899.04358645  3070.31728696 -7070.48365398], v=[-7.08889033 -0.81069661  0.55155434]
Epoch 538, t=2460388.4148825277:
  TLE_ECI: r=[ 4470.15968606  2839.82172554 -5613.00133385], v=[-5.83713865  1.33074796 -3.97227198]
  RK45_ECI: r=[ -946.57763567  3064.54956523 -7066.76615621], v=[-7.0833835  -0.83106829  0.59075348]
Epoch 539, t=2460388.414957791:
  TLE_ECI: r=[ 4291.96146936  2880.6746525  -5729.95933702], v=[-5.95154079  1.25366695 -3.82463725]
  RK45_ECI: r=[ -994.0722243   3058.62694696 -7062.79383071], v=[-7.07760349 -0.85140504  0.62993149]
Epoch 540, t=2460388.4150330545:
  TLE_ECI: r=[ 4110.3829639   2919.11367131 -5842.44338909], v=[-6.06122326  1.17551018 -3.67403083]
  RK45_ECI: r=[-1041.52571013  3052.5496575  -7058.56679923], v=[-7.07155051 -0.87170593  0.66908715]
Epoch 541, t=2460388.415108318:
  TLE_ECI: r=[ 3925.56820063  2955.10591424 -5950.36610378], v=[-6.1661008   1.09634305 -3.52057054]
  RK45_ECI: r=[-1088.93581398  3046.31800608 -7054.08525268], v=[-7.06522486 -0.89196982  0.70821869]
Epoch 542, t=2460388.4151835814:
  TLE_ECI: r=[ 3737.66372637  2988.6205567  -6053.64366145], v=[-6.26609197  1.01623179 -3.36437632]
  RK45_ECI: r=[-1136.30090627  3039.93223062 -7049.34933221], v=[-7.05862678 -0.91219581  0.74732489]
Epoch 543, t=2460388.4152588444:
  TLE_ECI: r=[ 3546.81849618  3019.62883174 -6152.19587157], v=[-6.3611192   0.93524339 -3.20557015]
  RK45_ECI: r=[-1183.61913435  3033.39260567 -7044.3592073 ], v=[-7.05175652 -0.93238289  0.78640436]
Epoch 544, t=2460388.415334108:
  TLE_ECI: r=[ 3353.18371967  3048.10409558 -6245.94623223], v=[-6.45110887  0.8534455  -3.04427595]
  RK45_ECI: r=[-1230.8886742   3026.69940291 -7039.11505647], v=[-7.04461437 -0.95253015  0.8254557 ]
Epoch 545, t=2460388.4154093713:
  TLE_ECI: r=[ 3156.91279426  3074.02178477 -6334.82198696], v=[-6.53599134  0.77090648 -2.88061946]
  RK45_ECI: r=[-1278.10789177  3019.85288151 -7033.61704098], v=[-7.03720059 -0.97263665  0.8644777 ]
Epoch 546, t=2460388.4154846347:
  TLE_ECI: r=[ 2958.16114874  3097.35947936 -6418.7541784 ], v=[-6.61570098  0.68769528 -2.7147282 ]
  RK45_ECI: r=[-1325.27451949  3012.85339302 -7027.86540914], v=[-7.02951553 -0.99270127  0.90346859]
Epoch 547, t=2460388.4155598977:
  TLE_ECI: r=[ 2757.08613873  3118.09690182 -6497.67769925], v=[-6.69017624  0.60388139 -2.5467313 ]
  RK45_ECI: r=[-1372.38671355  3005.70124325 -7021.8603703 ], v=[-7.02155951 -1.01272301  0.94242698]
Epoch 548, t=2460388.415635161:
  TLE_ECI: r=[ 2553.84688644  3136.21596637 -6571.53134004], v=[-6.75935971  0.51953474 -2.37675948]
  RK45_ECI: r=[-1419.44330091  2998.39663885 -7015.602053  ], v=[-7.01333274 -1.03270118  0.98135203]
Epoch 549, t=2460388.4157104245:
  TLE_ECI: r=[ 2348.60421032  3151.70074306 -6640.25783425], v=[-6.82319808  0.43472575 -2.20494486]
  RK45_ECI: r=[-1466.44179867  2990.93999071 -7009.09076744], v=[-7.00483567 -1.05263457  1.02024179]
Epoch 550, t=2460388.415785688:
  TLE_ECI: r=[ 2141.52046288  3164.53750472 -6703.80390014], v=[-6.88164224  0.34952518 -2.03142094]
  RK45_ECI: r=[-1513.38080569  2983.33155667 -7002.32668551], v=[-6.99606855 -1.07252235  1.05909524]
Epoch 551, t=2460388.4158609514:
  TLE_ECI: r=[ 1932.75941275  3174.71472925 -6762.12027982], v=[-6.93464731  0.2640041  -1.85632246]
  RK45_ECI: r=[-1560.25806812  2975.57173027 -6995.31011264], v=[-6.98703181 -1.09236341  1.09791062]
Epoch 552, t=2460388.4159362144:
  TLE_ECI: r=[ 1722.48612621  3182.2231039  -6815.16177513], v=[-6.98217262  0.17823389 -1.67978532]
  RK45_ECI: r=[-1607.07175405  2967.66085377 -6988.04130345], v=[-6.97772582 -1.11215676  1.13668656]
Epoch 553, t=2460388.416011478:
  TLE_ECI: r=[ 1510.86680116  3187.05555373 -6862.88728062], v=[-7.02418179  0.09228604 -1.50194646]
  RK45_ECI: r=[-1653.82069826  2959.59915902 -6980.52041388], v=[-6.96815083 -1.13190172  1.17542219]
Epoch 554, t=2460388.4160867413:
  TLE_ECI: r=[ 1298.06869395  3189.20721483 -6905.2598135 ], v=[-7.06064270e+00  6.23225966e-03 -1.32294375e+00]
  RK45_ECI: r=[-1700.50243426  2951.38710238 -6972.74781709], v=[-6.95830734 -1.15159708  1.2141156 ]
Epoch 555, t=2460388.4161620047:
  TLE_ECI: r=[ 1084.25995192  3188.67546071 -6942.24654053], v=[-7.09152756 -0.07985567 -1.14291593]
  RK45_ECI: r=[-1747.11557088  2943.02497124 -6964.72371822], v=[-6.94819566 -1.17124203  1.25276576]
Epoch 556, t=2460388.416237268:
  TLE_ECI: r=[  869.60949243  3185.4598987  -6973.81880185], v=[-7.11681288 -0.16590594 -0.96200249]
  RK45_ECI: r=[-1793.65787023  2934.51320065 -6956.44847964], v=[-6.93781627 -1.19083547  1.29137093]
Epoch 557, t=2460388.416312531:
  TLE_ECI: r=[  654.28688116  3179.56236853 -6999.9521318 ], v=[-7.13647952 -0.25184674 -0.78034352]
  RK45_ECI: r=[-1840.12751407  2925.85216896 -6947.92240096], v=[-6.9271696  -1.21037642  1.32992973]
Epoch 558, t=2460388.4163877945:
  TLE_ECI: r=[  438.46216344  3170.98694955 -7020.62627662], v=[-7.1505127  -0.33760641 -0.59807971]
  RK45_ECI: r=[-1886.52334604  2917.04213306 -6939.14566542], v=[-6.91625593 -1.22986421  1.36844131]
Epoch 559, t=2460388.416463058:
  TLE_ECI: r=[  222.30578874  3159.73994404 -7035.82520927], v=[-7.15890196 -0.42311334 -0.41535214]
  RK45_ECI: r=[-1932.84291857  2908.08359425 -6930.11870881], v=[-6.90507583 -1.24929764  1.40690376]
Epoch 560, t=2460388.4165383214:
  TLE_ECI: r=[ 5.98844143e+00  3.14582988e+03 -7.04553714e+03], v=[-7.16164123 -0.50829617 -0.23230226]
  RK45_ECI: r=[-1979.08485171  2898.97686917 -6920.84176938], v=[-6.89362964 -1.26867591  1.44531606]
Epoch 561, t=2460388.416613585:
  TLE_ECI: r=[ -210.31908172  3129.26751304 -7049.75452985], v=[-7.1587288  -0.59308375 -0.04907173]
  RK45_ECI: r=[-2025.24692571  2889.72243394 -6911.31526609], v=[-6.88191793 -1.28799793  1.48367648]
Epoch 562, t=2460388.416688848:
  TLE_ECI: r=[ -426.44599448  3110.06579748 -7048.47408639], v=[-7.1501673  -0.67740523  0.13419764]
  RK45_ECI: r=[-2071.32733775  2880.32070263 -6901.53954331], v=[-6.86994115 -1.30726275  1.52198364]
Epoch 563, t=2460388.4167641113:
  TLE_ECI: r=[ -642.22168954  3088.2398941  -7041.69677591], v=[-7.13596376 -0.76119019  0.31736402]
  RK45_ECI: r=[-2117.32494149  2870.77195688 -6891.51481143], v=[-6.85769963 -1.32646967  1.56023672]
Epoch 564, t=2460388.4168393747:
  TLE_ECI: r=[ -857.47581557  3063.80715283 -7029.42781801], v=[-7.11612953 -0.84436853  0.50028563]
  RK45_ECI: r=[-2163.23731064  2861.07674237 -6881.24156847], v=[-6.845194   -1.34561754  1.5984338 ]
Epoch 565, t=2460388.416914638:
  TLE_ECI: r=[-1072.03844527  3036.7870987  -7011.67668282], v=[-7.09068034 -0.92687066  0.6828209 ]
  RK45_ECI: r=[-2209.06307781  2851.23540469 -6870.72008561], v=[-6.83242466 -1.36470556  1.63657387]
Epoch 566, t=2460388.416989901:
  TLE_ECI: r=[-1285.74018888  3007.20142103 -6988.45708433], v=[-7.05963623 -1.0086275   0.8648285 ]
  RK45_ECI: r=[-2254.79982707  2841.24850937 -6859.95088918], v=[-6.81939227 -1.38373255  1.67465504]
Epoch 567, t=2460388.4170651645:
  TLE_ECI: r=[-1498.41236054  2975.07394235 -6959.78697045], v=[-7.02302158 -1.0895706   1.0461675 ]
  RK45_ECI: r=[-2300.44642215  2831.1163593  -6848.93421462], v=[-6.80609718 -1.40269786  1.71267647]
Epoch 568, t=2460388.417140428:
  TLE_ECI: r=[-1709.88705547  2940.43062045 -6925.68851033], v=[-6.98086507 -1.16963206  1.22669744]
  RK45_ECI: r=[-2346.00107852  2820.83940694 -6837.67045267], v=[-6.79253992 -1.42160054  1.75063681]
Epoch 569, t=2460388.4172156914:
  TLE_ECI: r=[-1919.99731557  2903.29951521 -6886.1880783 ], v=[-6.93319969 -1.24874471  1.40627844]
  RK45_ECI: r=[-2391.46160982  2810.41819314 -6826.16011206], v=[-6.77872112 -1.44043951  1.78853433]
Epoch 570, t=2460388.417290955:
  TLE_ECI: r=[-2128.57725004  2863.71076984 -6841.31623493], v=[-6.88006268 -1.32684211  1.58477132]
  RK45_ECI: r=[-2436.8266627   2799.85309195 -6814.40349666], v=[-6.76464123 -1.45921401  1.82636804]
Epoch 571, t=2460388.417366218:
  TLE_ECI: r=[-2335.46215563  2821.69659426 -6791.107705  ], v=[-6.82149553 -1.40385859  1.76203767]
  RK45_ECI: r=[-2482.09384588  2789.14471247 -6802.40119439], v=[-6.75030099 -1.47792287  1.86413605]
Epoch 572, t=2460388.4174414813:
  TLE_ECI: r=[-2540.48867788  2777.29121334 -6735.60135237], v=[-6.75754395 -1.47972939  1.93793996]
  RK45_ECI: r=[-2527.26203516  2778.29338181 -6790.1534675 ], v=[-6.73570075 -1.49656544  1.90183753]
Epoch 573, t=2460388.4175167447:
  TLE_ECI: r=[-2743.49488815  2730.53087918 -6674.84015194], v=[-6.68825783 -1.55439058  2.11234167]
  RK45_ECI: r=[-2572.32946502  2767.29958719 -6777.66075083], v=[-6.72084111 -1.51514079  1.93947114]
Epoch 574, t=2460388.417592008:
  TLE_ECI: r=[-2944.32044324  2681.45381732 -6608.87115844], v=[-6.61369124 -1.6277792   2.28510734]
  RK45_ECI: r=[-2617.29397285  2756.16390908 -6764.92360869], v=[-6.70572278 -1.53364787  1.97703517]
Epoch 575, t=2460388.4176672716:
  TLE_ECI: r=[-3142.80670205  2630.10020296 -6537.74547224], v=[-6.53390234 -1.69983328  2.45610274]
  RK45_ECI: r=[-2662.15422045  2744.88674976 -6751.94237738], v=[-6.69034621 -1.55208591  2.01452863]
Epoch 576, t=2460388.4177425345:
  TLE_ECI: r=[-3338.79684207  2576.51213913 -6461.51820219], v=[-6.4489534  -1.77049189  2.62519489]
  RK45_ECI: r=[-2706.90784355  2733.46876122 -6738.71770592], v=[-6.67471223 -1.57045378  2.05194965]
Epoch 577, t=2460388.417817798:
  TLE_ECI: r=[-3532.13601249  2520.73358513 -6380.24842531], v=[-6.35891071 -1.83969527  2.79225223]
  RK45_ECI: r=[-2751.55373115  2721.91029444 -6725.24988313], v=[-6.65882123 -1.58875082  2.08929742]
Epoch 578, t=2460388.4178930614:
  TLE_ECI: r=[-3722.67141001  2462.8103785  -6293.99914374], v=[-6.26384458 -1.90738473  2.95714466]
  RK45_ECI: r=[-2796.09013853  2710.21187081 -6711.53938762], v=[-6.64267383 -1.60697612  2.12657059]
Epoch 579, t=2460388.417968325:
  TLE_ECI: r=[-3910.25242947  2402.79016173 -6202.83723844], v=[-6.16382925 -1.97350281  3.1197437 ]
  RK45_ECI: r=[-2840.51492873  2698.37410994 -6697.58683876], v=[-6.62627082 -1.62512866  2.16376749]
Epoch 580, t=2460388.4180435883:
  TLE_ECI: r=[-4094.73077495  2340.7223534  -6106.83342008], v=[-6.05894289 -2.03799329  3.27992254]
  RK45_ECI: r=[-2884.82678014  2686.39744184 -6683.392605  ], v=[-6.6096127  -1.64320766  2.20088712]
Epoch 581, t=2460388.4181188513:
  TLE_ECI: r=[-4275.96057019  2276.6581215  -6006.06217696], v=[-5.94926748 -2.10080125  3.43755615]
  RK45_ECI: r=[-2929.02335776  2674.28256071 -6668.95739592], v=[-6.59270034 -1.66121203  2.23792763]
Epoch 582, t=2460388.4181941147:
  TLE_ECI: r=[-4453.79850096  2210.65029313 -5900.60171991], v=[-5.83488883 -2.16187314  3.59252141]
  RK45_ECI: r=[-2973.10356495  2662.02984092 -6654.28152668], v=[-6.57553418 -1.67914112  2.27488821]
Epoch 583, t=2460388.418269378:
  TLE_ECI: r=[-4628.10388792  2142.7533861  -5790.53392446], v=[-5.71589647 -2.22115675  3.74469714]
  RK45_ECI: r=[-3017.06567923  2649.63983777 -6639.36551922], v=[-6.5581149  -1.69699402  2.31176755]
Epoch 584, t=2460388.4183446416:
  TLE_ECI: r=[-4798.73882622  2073.02351612 -5675.94426999], v=[-5.59238359 -2.27860135  3.89396427]
  RK45_ECI: r=[-3060.90759164  2637.11320906 -6624.21004747], v=[-6.54044332 -1.71476974  2.34856396]
Epoch 585, t=2460388.4184199045:
  TLE_ECI: r=[-4965.56828234  2001.51837892 -5556.92177601], v=[-5.46444702 -2.33415764  4.04020587]
  RK45_ECI: r=[-3104.62779162  2624.45047408 -6608.81558453], v=[-6.52252008 -1.73246743  2.38527631]
Epoch 586, t=2460388.418495168:
  TLE_ECI: r=[-5128.46022596  1928.29714591 -5433.55893568], v=[-5.33218709 -2.3877779   4.18330731]
  RK45_ECI: r=[-3148.22459591  2611.65218274 -6593.18268148], v=[-6.50434586 -1.75008627  2.42190327]
Epoch 587, t=2460388.4185704314:
  TLE_ECI: r=[-5287.28569985  1853.42050211 -5305.95164659], v=[-5.19570763 -2.43941594  4.32315628]
  RK45_ECI: r=[-3191.69630294  2598.71891834 -6577.31189799], v=[-6.48592138 -1.76762537  2.45844354]
Epoch 588, t=2460388.418645695:
  TLE_ECI: r=[-5441.9189477   1776.95054043 -5174.19913857], v=[-5.05511586 -2.48902718  4.45964293]
  RK45_ECI: r=[-3235.04142119  2585.6512072  -6561.2037261 ], v=[-6.46724728 -1.78508393  2.49489597]
Epoch 589, t=2460388.4187209583:
  TLE_ECI: r=[-5592.23750936  1698.95072534 -5038.40389901], v=[-4.9105223  -2.53656871  4.59265996]
  RK45_ECI: r=[-3278.25787148  2572.44974496 -6544.85889369], v=[-6.44832447 -1.80246096  2.53125891]
Epoch 590, t=2460388.4187962213:
  TLE_ECI: r=[-5738.12231504  1619.48585795 -4898.67159532], v=[-4.76204074 -2.58199926  4.72210268]
  RK45_ECI: r=[-3321.34416542  2559.11508096 -6528.27791095], v=[-6.42915359 -1.81975565  2.56753123]
Epoch 591, t=2460388.4188714847:
  TLE_ECI: r=[-5879.45780105  1538.62195655 -4755.11099485], v=[-4.60978807 -2.62527936  4.84786912]
  RK45_ECI: r=[-3364.29864436  2545.64779593 -6511.46137154], v=[-6.4097354  -1.83696717  2.60371162]
Epoch 592, t=2460388.418946748:
  TLE_ECI: r=[-6016.13197454  1456.42630173 -4607.83388214], v=[-4.4538843  -2.66637125  4.96986011]
  RK45_ECI: r=[-3407.11982735  2532.04844909 -6494.40979704], v=[-6.39007056 -1.85409473  2.63979895]
Epoch 593, t=2460388.4190220116:
  TLE_ECI: r=[-6148.03652434  1372.96731581 -4456.95497372], v=[-4.29445239 -2.70523898  5.08797938]
  RK45_ECI: r=[-3449.80566048  2518.31776574 -6477.12395805], v=[-6.37016004 -1.87113735  2.6757916 ]
Epoch 594, t=2460388.419097275:
  TLE_ECI: r=[-6275.06690456  1288.31452249 -4302.59183028], v=[-4.1316182  -2.74184844  5.20213359]
  RK45_ECI: r=[-3492.35468151  2504.45630871 -6459.6043941 ], v=[-6.35000451 -1.88809426  2.71168844]
Epoch 595, t=2460388.419172538:
  TLE_ECI: r=[-6397.12241668  1202.53850845 -4144.86476655], v=[-3.96551038 -2.77616738  5.31223247]
  RK45_ECI: r=[-3534.76523061  2490.46471347 -6441.8517326 ], v=[-6.32960477 -1.90496458  2.74748817]
Epoch 596, t=2460388.4192478014:
  TLE_ECI: r=[-6514.10630659  1115.7107902  -3983.89675864], v=[-3.79626024 -2.80816548  5.41818888]
  RK45_ECI: r=[-3577.03567545  2476.34359083 -6423.86660926], v=[-6.30896161 -1.92174753  2.78318952]
Epoch 597, t=2460388.419323065:
  TLE_ECI: r=[-6625.92582236  1027.90386653 -3819.81334923], v=[-3.62400172 -2.8378143   5.51991887]
  RK45_ECI: r=[-3619.16455902  2462.09352946 -6405.64958218], v=[-6.28807575 -1.93844232  2.81879136]
Epoch 598, t=2460388.4193983283:
  TLE_ECI: r=[-6732.49230568   939.19108401 -3652.7425504 ], v=[-3.44887123 -2.8650874   5.61734177]
  RK45_ECI: r=[-3661.14986096  2447.71529094 -6387.20147477], v=[-6.26694819 -1.95504798  2.85429208]
Epoch 599, t=2460388.4194735917:
  TLE_ECI: r=[-6833.72126148   849.64659428 -3482.81474429], v=[-3.27100755 -2.88996029  5.71038024]
  RK45_ECI: r=[-3702.99014356  2433.20946648 -6368.52286283], v=[-6.24557967 -1.97156377  2.88969058]
Epoch 600, t=2460388.4195488547:
  TLE_ECI: r=[-6929.53242577   759.34531268 -3310.16258171], v=[-3.09055175 -2.91241052  5.79896038]
  RK45_ECI: r=[-3744.68377514  2418.57672305 -6349.61441542], v=[-6.22397103 -1.98798884  2.92498558]
Epoch 601, t=2460388.419624118:
  TLE_ECI: r=[-7019.84984158   668.3627744  -3134.92087865], v=[-2.90764703 -2.93241768  5.88301176]
  RK45_ECI: r=[-3786.22915115  2403.81770103 -6330.47680978], v=[-6.20212309 -2.00432241  2.96017582]
Epoch 602, t=2460388.4196993816:
  TLE_ECI: r=[-7104.60190814   576.77519214 -2957.22651091], v=[-2.72243865 -2.94996338  5.96246749]
  RK45_ECI: r=[-3827.6248401   2388.93301776 -6311.11064005], v=[-6.18003663 -2.02056372  2.99526018]
Epoch 603, t=2460388.419774645:
  TLE_ECI: r=[-7183.72145039   484.65931165 -2777.21830679], v=[-2.53507382 -2.96503132  6.03726429]
  RK45_ECI: r=[-3868.86885706  2373.92347028 -6291.51678174], v=[-6.1577127  -2.03671183  3.03023709]
Epoch 604, t=2460388.419849908:
  TLE_ECI: r=[-7257.14577158   392.09238836 -2595.03693807], v=[-2.34570151 -2.97760731  6.10734255]
  RK45_ECI: r=[-3909.95959609  2358.78975171 -6271.69593998], v=[-6.13515218 -2.05276591  3.06510528]
Epoch 605, t=2460388.4199251714:
  TLE_ECI: r=[-7324.81671075   299.15203733 -2410.82480926], v=[-2.1544724  -2.98767927  6.17264636]
  RK45_ECI: r=[-3950.89603769  2343.53233761 -6251.64854425], v=[-6.11235564 -2.0687254   3.099864  ]
Epoch 606, t=2460388.420000435:
  TLE_ECI: r=[-7386.68068394   205.91629451 -2224.72594525], v=[-1.96153873 -2.99523722  6.23312361]
  RK45_ECI: r=[-3991.67602425  2328.15211935 -6231.37559342], v=[-6.08932428 -2.08458928  3.13451149]
Epoch 607, t=2460388.4200756983:
  TLE_ECI: r=[-7442.68873467   112.4634662  -2036.88587747], v=[-1.76705418 -3.00027334  6.28872598]
  RK45_ECI: r=[-4032.29834531  2312.64966826 -6210.8776236 ], v=[-6.06605879 -2.10035689  3.16904684]
Epoch 608, t=2460388.4201509617:
  TLE_ECI: r=[-7492.79657393    18.87208373 -1847.45152867], v=[-1.57117373 -3.00278194  6.33940903]
  RK45_ECI: r=[-4072.76105329  2297.02581605 -6190.15556163], v=[-6.04256029 -2.11602732  3.20346848]
Epoch 609, t=2460388.4202262247:
  TLE_ECI: r=[-7536.96461775   -74.77914141 -1656.57109637], v=[-1.37405356 -3.0027595   6.38513221]
  RK45_ECI: r=[-4113.06257334  2281.28128596 -6169.2101532 ], v=[-6.01882971 -2.13159978  3.23777517]
Epoch 610, t=2460388.420301488:
  TLE_ECI: r=[-7575.15802015  -168.41147281 -1464.3939351 ], v=[-1.17585086 -3.00020465  6.42585894]
  RK45_ECI: r=[-4153.201906    2265.41657445 -6148.04185244], v=[-5.99486764 -2.14707368  3.27196617]
Epoch 611, t=2460388.4203767516:
  TLE_ECI: r=[-7607.34670324  -261.9460835  -1271.07043758], v=[-0.97672378 -2.9951182   6.4615566 ]
  RK45_ECI: r=[-4193.17693579  2249.43261021 -6126.65171438], v=[-5.97067535 -2.16244807  3.30603975]
Epoch 612, t=2460388.420452015:
  TLE_ECI: r=[-7633.50538259  -355.3042122  -1076.75191491], v=[-0.77683124 -2.9875031   6.49219657]
  RK45_ECI: r=[-4232.98647677  2233.32998883 -6105.04030485], v=[-5.94625356 -2.17772229  3.33999502]
Epoch 613, t=2460388.4205272784:
  TLE_ECI: r=[-7653.61358883  -448.40720806  -881.59047586], v=[-0.57633281 -2.97736451  6.51775429]
  RK45_ECI: r=[-4272.62862066  2217.10957567 -6083.20860124], v=[-5.92160344 -2.19289545  3.37383042]
Epoch 614, t=2460388.4206025414:
  TLE_ECI: r=[-7667.65568657  -541.17657544  -685.73890546], v=[-0.37538858 -2.96470971  6.53820924]
  RK45_ECI: r=[-4312.10182522  2200.7721234  -6061.15738915], v=[-5.89672597 -2.20796679  3.40754474]
Epoch 615, t=2460388.420677805:
  TLE_ECI: r=[-7675.62088173  -633.53413114  -489.35054286], v=[-0.174159   -2.94954817  6.55354498]
  RK45_ECI: r=[-4351.40511185  2184.3181491  -6038.88714698], v=[-5.87162177 -2.22293574  3.44113725]
Epoch 616, t=2460388.4207530683:
  TLE_ECI: r=[-7677.50323951  -725.4019366   -292.57915872], v=[ 0.02719521 -2.93189151  6.56374919]
  RK45_ECI: r=[-4390.53640949  2167.74861733 -6016.398985  ], v=[-5.84629216 -2.23780136  3.47460624]
Epoch 617, t=2460388.4208283317:
  TLE_ECI: r=[-7673.30168392  -816.70245445   -95.57883217], v=[ 0.22851322 -2.91175347  6.56881363]
  RK45_ECI: r=[-4429.49455778  2151.06414754 -5993.6934983 ], v=[-5.82073791 -2.25256302  3.50795085]
Epoch 618, t=2460388.420903595:
  TLE_ECI: r=[-7663.02000011  -907.35859263   101.49617257], v=[ 0.42963425 -2.88914996  6.56873418]
  RK45_ECI: r=[-4468.27768956  2134.26563788 -5970.77171398], v=[-5.79496023 -2.26721986  3.54116954]
Epoch 619, t=2460388.420978858:
  TLE_ECI: r=[-7646.66683415  -997.29374801   298.4915297 ], v=[ 0.63039767 -2.86409898  6.56351085]
  RK45_ECI: r=[-4506.88429671  2117.35386954 -5947.63445684], v=[-5.76896015 -2.28177113  3.57426112]
Epoch 620, t=2460388.4210541216:
  TLE_ECI: r=[-7624.2556743  -1086.43196191   495.25297542], v=[ 0.83064316 -2.83662066  6.55314777]
  RK45_ECI: r=[-4545.31342255  2100.32937956 -5924.2822292 ], v=[-5.74273831 -2.2962163   3.60722486]
Epoch 621, t=2460388.421129385:
  TLE_ECI: r=[-7595.80485633 -1174.69785057   691.62643149], v=[ 1.03021085 -2.80673721  6.53765317]
  RK45_ECI: r=[-4583.56304235  2083.19316756 -5900.71619558], v=[-5.7162961  -2.31055444  3.64005912]
Epoch 622, t=2460388.4212046484:
  TLE_ECI: r=[-7561.3375371  -1262.01675967   887.45812863], v=[ 1.22894142 -2.77447289  6.5170394 ]
  RK45_ECI: r=[-4621.63202252  2065.94587603 -5876.93697986], v=[-5.68963431 -2.32478494  3.672763  ]
Epoch 623, t=2460388.4212799114:
  TLE_ECI: r=[-7520.88168154 -1348.31478374  1082.59472957], v=[ 1.42667626 -2.73985403  6.49132291]
  RK45_ECI: r=[-4659.51835998  2048.58851998 -5852.945771  ], v=[-5.66275435 -2.3389069   3.70533488]
Epoch 624, t=2460388.421355175:
  TLE_ECI: r=[-7474.47002335 -1433.51891819  1276.88345171], v=[ 1.62325765 -2.70290898  6.46052423]
  RK45_ECI: r=[-4697.22111876  2031.12165319 -5828.74309309], v=[-5.6356569  -2.3529198   3.73777404]
Epoch 625, t=2460388.4214304383:
  TLE_ECI: r=[-7422.14006025 -1517.55698859  1470.17218936], v=[ 1.8185288  -2.66366808  6.42466794]
  RK45_ECI: r=[-4734.73882849  2013.54608721 -5804.32981116], v=[-5.60834301 -2.36682292  3.7700793 ]
Epoch 626, t=2460388.4215057017:
  TLE_ECI: r=[-7363.9340071  -1600.3578016   1662.30963518], v=[ 2.01233405 -2.62216366  6.38378267]
  RK45_ECI: r=[-4772.06969156  1995.86277059 -5779.70702993], v=[-5.58081399 -2.38061543  3.80224919]
Epoch 627, t=2460388.421580965:
  TLE_ECI: r=[-7299.89876385 -1681.85118362  1853.14540099], v=[ 2.20451897 -2.57842996  6.33790107]
  RK45_ECI: r=[-4809.21260231  1978.07236815 -5754.87540149], v=[-5.55307068 -2.39429675  3.83428286]
Epoch 628, t=2460388.421656228:
  TLE_ECI: r=[-7230.08588101 -1761.96801939  2042.5301377 ], v=[ 2.39493051 -2.53250316  6.28705975]
  RK45_ECI: r=[-4846.16560684  1960.17592829 -5729.8361676 ], v=[-5.52511453 -2.407866    3.86617869]
Epoch 629, t=2460388.4217314916:
  TLE_ECI: r=[-7154.5514957  -1840.64039602  2230.31565417], v=[ 2.58341714 -2.4844213   6.23129928]
  RK45_ECI: r=[-4882.92779276  1942.17402389 -5704.5898754 ], v=[-5.49694626 -2.42132268  3.89793599]
Epoch 630, t=2460388.421806755:
  TLE_ECI: r=[-7073.35631438 -1917.80153355  2416.35503517], v=[ 2.76982891 -2.43422428  6.17066414]
  RK45_ECI: r=[-4919.49772696  1924.06749303 -5679.1374277 ], v=[-5.46856695 -2.43466608  3.9295536 ]
Epoch 631, t=2460388.4218820184:
  TLE_ECI: r=[-6986.5655418  -1993.38592681  2600.50275798], v=[ 2.95401767 -2.38195378  6.10520267]
  RK45_ECI: r=[-4955.87365756  1905.85731443 -5653.4799765 ], v=[-5.43997798 -2.44789542  3.96103009]
Epoch 632, t=2460388.421957282:
  TLE_ECI: r=[-6894.24883097 -2067.32937985  2782.61480779], v=[ 3.13583709 -2.32765327  6.03496705]
  RK45_ECI: r=[-4992.05450782  1887.54417473 -5627.61820157], v=[-5.4111802  -2.46101013  3.99236461]
Epoch 633, t=2460388.422032545:
  TLE_ECI: r=[-6796.48023083 -2139.56904075  2962.54879167], v=[ 3.31514287 -2.27136795  5.96001322]
  RK45_ECI: r=[-5028.03837496  1869.12915457 -5601.55339638], v=[-5.38217513 -2.47400937  4.02355558]
Epoch 634, t=2460388.4221078083:
  TLE_ECI: r=[-6693.33809915 -2210.0435349   3140.16405104], v=[ 3.49179281 -2.21314469  5.88040085]
  RK45_ECI: r=[-5063.82437119  1850.612845   -5575.28613068], v=[-5.3529635  -2.48689265  4.05460233]
Epoch 635, t=2460388.4221830717:
  TLE_ECI: r=[-6584.90507393 -2278.69289643  3315.32177261], v=[ 3.66564693 -2.15303202  5.79619327]
  RK45_ECI: r=[-5099.41110191  1831.99611007 -5548.81734425], v=[-5.32354645 -2.49965929  4.08550372]
Epoch 636, t=2460388.422258335:
  TLE_ECI: r=[-6471.26797972 -2345.45869964  3487.88509755], v=[ 3.83656759 -2.09108006  5.70745743]
  RK45_ECI: r=[-5134.79686271  1813.27995755 -5522.14823541], v=[-5.2939254  -2.51230854  4.11625835]
Epoch 637, t=2460388.422333598:
  TLE_ECI: r=[-6352.51776826 -2410.2840693   3657.71922899], v=[ 4.00441959 -2.02734051  5.61426384]
  RK45_ECI: r=[-5169.98028036  1794.46526426 -5495.27976414], v=[-5.26410151 -2.52483973  4.1468651 ]
Epoch 638, t=2460388.4224088616:
  TLE_ECI: r=[-6228.74941461 -2473.11380377  3824.69153746], v=[ 4.1690703  -1.96186653  5.51668647]
  RK45_ECI: r=[-5204.96048467  1775.55263421 -5468.21251514], v=[-5.23407552 -2.53725239  4.1773233 ]
Epoch 639, t=2460388.422484125:
  TLE_ECI: r=[-6100.06187991 -2533.89430838  3988.67166469], v=[ 4.33038974 -1.89471279  5.41480273]
  RK45_ECI: r=[-5239.7356337   1756.54318368 -5440.94783964], v=[-5.20384902 -2.54954573  4.20763142]
Epoch 640, t=2460388.4225593884:
  TLE_ECI: r=[-5966.55800184 -2592.5737156   4149.53162509], v=[ 4.48825068 -1.82593535  5.30869339]
  RK45_ECI: r=[-5274.30469922  1737.43763263 -5413.48646048], v=[-5.17342291 -2.56171919  4.23778863]
Epoch 641, t=2460388.422634652:
  TLE_ECI: r=[-5828.34441598 -2649.10191031  4307.14590531], v=[ 4.64252878 -1.75559163  5.19844247]
  RK45_ECI: r=[-5308.66602601  1718.2370167  -5385.82962125], v=[-5.14279866 -2.57377206  4.26779357]
Epoch 642, t=2460388.422709915:
  TLE_ECI: r=[-5685.53147589 -2703.43055443  4461.39156152], v=[ 4.79310261 -1.68374039  5.08413724]
  RK45_ECI: r=[-5342.81843752  1698.94215812 -5357.97818647], v=[-5.11197733 -2.58570373  4.29764529]
Epoch 643, t=2460388.4227851783:
  TLE_ECI: r=[-5538.23313065 -2755.5131945   4612.14831447], v=[ 4.93985385 -1.61044159  4.96586807]
  RK45_ECI: r=[-5376.76062156  1679.55391491 -5329.93315611], v=[-5.08096011 -2.59751363  4.32734271]
Epoch 644, t=2460388.4228604417:
  TLE_ECI: r=[-5386.56687819 -2805.30519898  4759.29864229], v=[ 5.08266725 -1.53575645  4.84372837]
  RK45_ECI: r=[-5410.49125916  1660.07319639 -5301.69553718], v=[-5.04974821 -2.60920113  4.35688474]
Epoch 645, t=2460388.422935705:
  TLE_ECI: r=[-5230.65363783 -2852.76386333  4902.72787082], v=[ 5.22143084 -1.45974732  4.71781457]
  RK45_ECI: r=[-5444.00919788  1640.50082094 -5273.26620982], v=[-5.01834272 -2.62076564  4.38627046]
Epoch 646, t=2460388.4230109686:
  TLE_ECI: r=[-5070.61765906 -2897.8484283   5042.32426154], v=[ 5.35603591 -1.38247766  4.58822594]
  RK45_ECI: r=[-5477.31283321  1620.83785108 -5244.64646177], v=[-4.98674513 -2.6322065   4.41549853]
Epoch 647, t=2460388.4230862316:
  TLE_ECI: r=[-4906.58642903 -2940.52009902  5177.97909704], v=[ 5.48637717 -1.30401198  4.45506459]
  RK45_ECI: r=[-5510.40102572  1601.0851309  -5215.83718795], v=[-4.95495654 -2.64352312  4.44456801]
Epoch 648, t=2460388.423161495:
  TLE_ECI: r=[-4738.69053419 -2980.74213551  5309.58676378], v=[ 5.61235278 -1.22441572  4.31843533]
  RK45_ECI: r=[-5543.27250454  1581.24354005 -5186.83942306], v=[-4.92297819 -2.65471494  4.47347787]
Epoch 649, t=2460388.4232367584:
  TLE_ECI: r=[-4567.06360598 -3018.47979458  5437.04483252], v=[ 5.73386444 -1.14375533  4.17844561]
  RK45_ECI: r=[-5575.92614232  1561.31392966 -5157.65407128], v=[-4.89081118 -2.66578141  4.50222717]
Epoch 650, t=2460388.423312022:
  TLE_ECI: r=[-4391.84217843 -3053.70041768  5560.25413586], v=[ 5.85081745 -1.06209809  4.03520541]
  RK45_ECI: r=[-5608.3603763   1541.29738287 -5128.28245492], v=[-4.85845706 -2.67672185  4.53081461]
Epoch 651, t=2460388.4233872853:
  TLE_ECI: r=[-4213.16558652 -3086.37344272  5679.11884317], v=[ 5.96312079 -0.97951211  3.88882719]
  RK45_ECI: r=[-5640.57410209  1521.19474382 -5098.72549261], v=[-4.82591694 -2.68753574  4.55923929]
Epoch 652, t=2460388.4234625483:
  TLE_ECI: r=[-4031.17586322 -3116.47041715  5793.54653282], v=[ 6.07068716 -0.89606629  3.73942575]
  RK45_ECI: r=[-5672.5660693   1501.00695863 -5068.98424624], v=[-4.7931921  -2.69822249  4.58750016]
Epoch 653, t=2460388.4235378117:
  TLE_ECI: r=[-3846.0175888  -3143.96506933  5903.44826154], v=[ 6.17343309 -0.81183015  3.58711815]
  RK45_ECI: r=[-5704.33504957  1480.73492783 -5039.05978438], v=[-4.7602838  -2.70878156  4.61559621]
Epoch 654, t=2460388.423613075:
  TLE_ECI: r=[-3657.83782995 -3168.83325687  6008.73863113], v=[ 6.27127893 -0.72687394  3.43202365]
  RK45_ECI: r=[-5735.87995419  1460.37952304 -5008.95304057], v=[-4.72719318 -2.71921242  4.64352654]
Epoch 655, t=2460388.4236883386:
  TLE_ECI: r=[-3466.78598575 -3191.05303554  6109.3358522 ], v=[ 6.36414896 -0.64126846  3.27426357]
  RK45_ECI: r=[-5767.19927395  1439.94185213 -4978.66537924], v=[-4.69392184 -2.72951443  4.67128988]
Epoch 656, t=2460388.4237636016:
  TLE_ECI: r=[-3273.01368717 -3210.60465509  6205.1618051 ], v=[ 6.45197139 -0.55508506  3.11396121]
  RK45_ECI: r=[-5798.29179695  1419.42287926 -4948.1978914 ], v=[-4.66047108 -2.73968705  4.69888521]
Epoch 657, t=2460388.423838865:
  TLE_ECI: r=[-3076.67463901 -3227.47061421  6296.14209785], v=[ 6.53467848 -0.46839551  2.95124177]
  RK45_ECI: r=[-5829.15675637  1398.82327023 -4917.55124184], v=[-4.62684173 -2.74972985  4.72631193]
Epoch 658, t=2460388.4239141284:
  TLE_ECI: r=[-2877.92455442 -3241.63561521  6382.20612139], v=[ 6.61220649 -0.38127205  2.78623222]
  RK45_ECI: r=[-5859.79252834  1378.14424741 -4886.72696227], v=[-4.59303557 -2.7596422   4.75356863]
Epoch 659, t=2460388.423989392:
  TLE_ECI: r=[-2676.92099399 -3253.0866169   6463.28710165], v=[ 6.68449581 -0.29378724  2.61906124]
  RK45_ECI: r=[-5890.19821032  1357.38660112 -4855.72587139], v=[-4.55905362 -2.76942361  4.7806546 ]
Epoch 660, t=2460388.4240646553:
  TLE_ECI: r=[-2473.82325096 -3261.81283466  6539.32214876], v=[ 6.75149094 -0.20601394  2.44985909]
  RK45_ECI: r=[-5920.37234815  1336.55146267 -4824.54937458], v=[-4.5248975  -2.77907351  4.80756858]
Epoch 661, t=2460388.4241399183:
  TLE_ECI: r=[-2268.79223534 -3267.80574261  6610.2523033 ], v=[ 6.81314053 -0.11802529  2.27875751]
  RK45_ECI: r=[-5950.31377529  1315.63981698 -4793.19859513], v=[-4.49056856 -2.78859135  4.8343096 ]
Epoch 662, t=2460388.4242151817:
  TLE_ECI: r=[-2061.99030894 -3271.05910806  6676.02257945], v=[ 6.86939747 -0.02989451  2.10588966]
  RK45_ECI: r=[-5980.02175405  1294.6523443  -4761.67421759], v=[-4.45606765 -2.79797676  4.86087706]
Epoch 663, t=2460388.424290445:
  TLE_ECI: r=[-1853.58121566 -3271.56895444  6736.58200532], v=[6.92021882 0.05830498 1.93138995]
  RK45_ECI: r=[-6009.49472195  1273.59029159 -4729.97781807], v=[-4.42139661 -2.80722912  4.88726961]
Epoch 664, t=2460388.4243657086:
  TLE_ECI: r=[-1643.72991492 -3269.33359333  6791.88366009], v=[6.96556592 0.14649973 1.75539402]
  RK45_ECI: r=[-6038.73181171  1252.45446592 -4698.11023883], v=[-4.38655645 -2.81634798  4.91348654]
Epoch 665, t=2460388.424440972:
  TLE_ECI: r=[-1432.6024622  -3264.35361865  6841.88470818], v=[7.00540439 0.23461626 1.57803858]
  RK45_ECI: r=[-6067.73162561  1231.24602073 -4666.072925  ], v=[-4.35154887 -2.82533279  4.93952665]
Epoch 666, t=2460388.424516235:
  TLE_ECI: r=[-1220.36588918 -3256.63190271  6886.5464304 ], v=[7.03970412 0.32258117 1.39946131]
  RK45_ECI: r=[-6096.49304374  1209.96596036 -4633.86703116], v=[-4.31637524 -2.83418305  4.96538899]
Epoch 667, t=2460388.4245914984:
  TLE_ECI: r=[-1007.18803514 -3246.17360931  6925.83425196], v=[7.06843934 0.41032119 1.21980082]
  RK45_ECI: r=[-6125.01535824  1188.61497885 -4601.49326107], v=[-4.28103643 -2.8428984   4.99107298]
Epoch 668, t=2460388.424666762:
  TLE_ECI: r=[ -793.23747408 -3232.98616608  6959.7177676 ], v=[7.09158856 0.49776319 1.03919645]
  RK45_ECI: r=[-6153.29706948  1167.19434666 -4568.95323381], v=[-4.24553431 -2.85147824  5.01657732]
Epoch 669, t=2460388.4247420253:
  TLE_ECI: r=[ -578.68334497 -3217.07927539  6988.17076347], v=[7.10913468 0.58483427 0.85778827]
  RK45_ECI: r=[-6181.33734639  1145.70488639 -4536.24781455], v=[-4.20986994 -2.85992218  5.04190131]
Epoch 670, t=2460388.4248172888:
  TLE_ECI: r=[ -363.69523038 -3198.4649025   7011.17123604], v=[7.1210649  0.67146183 0.67571689]
  RK45_ECI: r=[-6209.13484906  1124.14777248 -4503.37848684], v=[-4.17404504 -2.86822968  5.06704379]
Epoch 671, t=2460388.4248925517:
  TLE_ECI: r=[ -148.44303409 -3177.15726591  7028.70140797], v=[7.12737081 0.75757357 0.49312341]
  RK45_ECI: r=[-6236.68850528  1102.52402757 -4470.34643559], v=[-4.13806103 -2.87640028  5.09200385]
Epoch 672, t=2460388.424967815:
  TLE_ECI: r=[   66.90318781 -3153.17282897  7040.74774074], v=[7.12804832 0.84309769 0.31014932]
  RK45_ECI: r=[-6263.99763772  1080.83435903 -4437.15238315], v=[-4.10191878 -2.88443364  5.11678092]
Epoch 673, t=2460388.4250430786:
  TLE_ECI: r=[  282.17330271 -3126.53028231  7047.30094446], v=[7.12309772 0.92796273 0.12693636]
  RK45_ECI: r=[-6291.0608112   1059.0800588  -4403.79799018], v=[-4.06562023 -2.89232921  5.14137375]
Epoch 674, t=2460388.425118342:
  TLE_ECI: r=[  497.19727046 -3097.25053323  7048.35598439], v=[ 7.11252364  1.01209779 -0.05637356]
  RK45_ECI: r=[-6317.87723156  1037.2619645  -4370.28414397], v=[-4.02916644 -2.9000866   5.16578166]
Epoch 675, t=2460388.425193605:
  TLE_ECI: r=[  711.80525659 -3065.35669045  7043.9120845 ], v=[ 7.09633507  1.09543252 -0.23963845]
  RK45_ECI: r=[-6344.44549327  1015.38137757 -4336.61252363], v=[-3.99255936 -2.9077053   5.19000342]
Epoch 676, t=2460388.4252688685:
  TLE_ECI: r=[  925.82779998 -3030.87403857  7033.97272778], v=[ 7.07454534  1.17789724 -0.42271636]
  RK45_ECI: r=[-6370.76494732   993.43901582 -4302.78386816], v=[-3.95579989 -2.91518496  5.21403849]
Epoch 677, t=2460388.425344132:
  TLE_ECI: r=[ 1139.0958895  -2993.83002886  7018.54565378], v=[ 7.04717209  1.25942289 -0.6054655 ]
  RK45_ECI: r=[-6396.83457319   971.43592089 -4268.79939308], v=[-3.91888948 -2.92252518  5.23788598]
Epoch 678, t=2460388.4254193953:
  TLE_ECI: r=[ 1351.44113115 -2954.25425167  6997.64285279], v=[ 7.0142373   1.33994116 -0.7877443 ]
  RK45_ECI: r=[-6422.65312629   949.37329789 -4234.66064077], v=[-3.88182991 -2.92972546  5.2615448 ]
Epoch 679, t=2460388.4254946588:
  TLE_ECI: r=[ 1562.69586929 -2912.17841476  6971.28055702], v=[ 6.97576726  1.41938451 -0.96941154]
  RK45_ECI: r=[-6448.21985025   927.25199838 -4200.36851989], v=[-3.84462228 -2.93678546  5.28501429]
Epoch 680, t=2460388.4255699217:
  TLE_ECI: r=[ 1772.69330806 -2867.63632381  6939.47922883], v=[ 6.93179252  1.49768624 -1.15032645]
  RK45_ECI: r=[-6473.53340595   905.07334341 -4165.92474898], v=[-3.80726856 -2.94370469  5.30829327]
Epoch 681, t=2460388.425645185:
  TLE_ECI: r=[ 1981.26767434 -2820.6638361   6902.26354563], v=[ 6.88234791  1.57478059 -1.3303488 ]
  RK45_ECI: r=[-6498.59317623   882.83806257 -4131.33008445], v=[-3.76976969 -2.95048285  5.33138122]
Epoch 682, t=2460388.4257204486:
  TLE_ECI: r=[ 2188.25429548 -2771.29886154  6859.66238204], v=[ 6.8274725   1.65060267 -1.50933902]
  RK45_ECI: r=[-6523.3981904    860.54721345 -4096.58576998], v=[-3.73212714 -2.95711953  5.35427728]
Epoch 683, t=2460388.425795712:
  TLE_ECI: r=[ 2393.48976109 -2719.58131431  6811.70878873], v=[ 6.76720957  1.72508862 -1.6871583 ]
  RK45_ECI: r=[-6547.94726502   838.20201862 -4061.69338296], v=[-3.69434271 -2.96361431  5.3769804 ]
Epoch 684, t=2460388.4258709755:
  TLE_ECI: r=[ 2596.81204144 -2665.55308619  6758.43996833], v=[ 6.70160658  1.79817562 -1.86366867]
  RK45_ECI: r=[-6572.2396823    815.80334262 -4026.65385264], v=[-3.65641755 -2.96996686  5.39948996]
Epoch 685, t=2460388.4259462385:
  TLE_ECI: r=[ 2798.06060582 -2609.25802189  6699.89724824], v=[ 6.63071516  1.86980194 -2.03873312]
  RK45_ECI: r=[-6596.27417085   793.35252477 -3991.46893549], v=[-3.61835366 -2.97617672  5.42180481]
Epoch 686, t=2460388.426021502:
  TLE_ECI: r=[ 2997.07657831 -2550.74185257  6636.12605035], v=[ 6.55459103  1.93990703 -2.2122157 ]
  RK45_ECI: r=[-6620.05014596   770.85030553 -3956.13940466], v=[-3.580152   -2.98224361  5.44392444]
Epoch 687, t=2460388.4260967653:
  TLE_ECI: r=[ 3193.70281526 -2490.05220711  6567.17585792], v=[ 6.47329403  2.0084315  -2.38398163]
  RK45_ECI: r=[-6643.56668776   748.29775734 -3920.66653093], v=[-3.54181405 -2.98816718  5.46584805]
Epoch 688, t=2460388.4261720288:
  TLE_ECI: r=[ 3387.78405921 -2427.23854365  6493.10017921], v=[ 6.386888    2.07531721 -2.55389737]
  RK45_ECI: r=[-6666.82267516   725.69611872 -3885.05192531], v=[-3.50334167 -2.99394702  5.48757462]
Epoch 689, t=2460388.426247292:
  TLE_ECI: r=[ 3579.16705236 -2362.35211834  6413.95650822], v=[ 6.29544082  2.14050734 -2.72183075]
  RK45_ECI: r=[-6689.81742963   703.04626641 -3849.29653684], v=[-3.46473601 -2.99958284  5.50910355]
Epoch 690, t=2460388.426322555:
  TLE_ECI: r=[ 3767.70065007 -2295.44595562  6329.80628241], v=[ 6.19902428  2.20394635 -2.88765106]
  RK45_ECI: r=[-6712.54974877   680.34955647 -3813.40215836], v=[-3.42599911 -3.00507422  5.53043375]
Epoch 691, t=2460388.4263978186:
  TLE_ECI: r=[ 3953.23596666 -2226.57476283  6240.71483734], v=[ 6.09771411  2.2655802  -3.05122914]
  RK45_ECI: r=[-6735.01908096   657.60673937 -3777.3695791 ], v=[-3.38713195 -3.01042091  5.55156474]
Epoch 692, t=2460388.426473082:
  TLE_ECI: r=[ 4135.62645155 -2155.79495107  6146.75135858], v=[ 5.99158986  2.32535618 -3.21243751]
  RK45_ECI: r=[-6757.22455807   634.818901   -3741.20009582], v=[-3.34813605 -3.01562258  5.57249572]
Epoch 693, t=2460388.4265483455:
  TLE_ECI: r=[ 4314.72803214 -2083.16454836  6047.98883038], v=[ 5.8807349   2.3832231  -3.37115042]
  RK45_ECI: r=[-6779.16512242   611.98729505 -3704.89535176], v=[-3.30901328 -3.02067886  5.59322574]
Epoch 694, t=2460388.4266236085:
  TLE_ECI: r=[ 4490.39921515 -2008.7431762   5944.50398162], v=[ 5.76523634  2.43913127 -3.52724398]
  RK45_ECI: r=[-6800.84003399   589.1129211  -3668.45648621], v=[-3.26976501 -3.02558946  5.61375413]
Epoch 695, t=2460388.426698872:
  TLE_ECI: r=[ 4662.50122207 -1932.59195077  5836.37722868], v=[ 5.64518495  2.49303264 -3.68059626]
  RK45_ECI: r=[-6822.24846506   566.19681394 -3631.88481287], v=[-3.23039276 -3.03035409  5.63408012]
Epoch 696, t=2460388.4267741353:
  TLE_ECI: r=[ 4830.89806357 -1854.7735105   5723.69261559], v=[ 5.52067513  2.5448807  -3.83108736]
  RK45_ECI: r=[-6843.38959314   543.24006993 -3595.18165033], v=[-3.19089806 -3.03497244  5.65420297]
Epoch 697, t=2460388.4268493988:
  TLE_ECI: r=[ 4995.45667173 -1775.35191522  5606.53775123], v=[ 5.39180483  2.59463061 -3.97859953]
  RK45_ECI: r=[-6864.26270419   520.24367533 -3558.34814888], v=[-3.1512823  -3.03944424  5.67412203]
Epoch 698, t=2460388.426924662:
  TLE_ECI: r=[ 5156.0470001  -1694.39260704  5485.00374365], v=[ 5.25867547  2.64223922 -4.12301726]
  RK45_ECI: r=[-6884.86680507   497.20889675 -3521.3859825 ], v=[-3.11154736 -3.04376916  5.69383638]
Epoch 699, t=2460388.426999925:
  TLE_ECI: r=[ 5312.54212289 -1611.96237309  5359.18513171], v=[ 5.1213919   2.68766511 -4.26422736]
  RK45_ECI: r=[-6905.20120273   474.13674524 -3484.29631167], v=[-3.07169464 -3.04794693  5.71334537]
Epoch 700, t=2460388.4270751886:
  TLE_ECI: r=[ 5464.81835586 -1528.12922977  5229.17981382], v=[ 4.98006225  2.73086867 -4.40211905]
  RK45_ECI: r=[-6925.26512164   451.02826604 -3447.08047413], v=[-3.03172568 -3.05197731  5.73264828]
Epoch 701, t=2460388.427150452:
  TLE_ECI: r=[ 5612.75532654 -1442.96245949  5095.08897408], v=[ 4.83479796  2.77181204 -4.53658407]
  RK45_ECI: r=[-6945.05779261   427.88456707 -3409.73981231], v=[-2.99164205 -3.05586001  5.75174441]
Epoch 702, t=2460388.4272257155:
  TLE_ECI: r=[ 5756.23609087 -1356.53249332  4957.01700561], v=[ 4.68571361  2.81045924 -4.66751676]
  RK45_ECI: r=[-6964.57854869   404.70664462 -3372.27549715], v=[-2.95144512 -3.05959479  5.77063312]
Epoch 703, t=2460388.427300979:
  TLE_ECI: r=[ 5895.14722256 -1268.91086904  4815.07143135], v=[ 4.53292688  2.84677613 -4.79481413]
  RK45_ECI: r=[-6983.82646218   381.4957773  -3334.68923191], v=[-2.91113685 -3.06318138  5.78931355]
Epoch 704, t=2460388.427376242:
  TLE_ECI: r=[ 6029.37890147 -1180.17018994  4669.36282212], v=[ 4.37655844  2.88073051 -4.918376  ]
  RK45_ECI: r=[-7002.80088777   358.25298614 -3296.98219722], v=[-2.87071863 -3.06661952  5.80778509]
Epoch 705, t=2460388.4274515053:
  TLE_ECI: r=[ 6158.82501686 -1090.38399514  4520.00471223], v=[ 4.21673186  2.91229214 -5.03810499]
  RK45_ECI: r=[-7021.50110288   334.97932578 -3259.1557537 ], v=[-2.83019202 -3.069909    5.82604705]
Epoch 706, t=2460388.4275267688:
  TLE_ECI: r=[6283.38323212 -999.626804   4367.11351259], v=[ 4.05357356  2.94143271 -5.1539067 ]
  RK45_ECI: r=[-7039.92647754   311.67582049 -3221.21108809], v=[-2.78955844 -3.07304959  5.84409884]
Epoch 707, t=2460388.427602032:
  TLE_ECI: r=[6402.95508281 -907.97398541 4210.80842129], v=[ 3.88721263  2.96812592 -5.26568974]
  RK45_ECI: r=[-7058.07613714   288.3437573  -3183.14992599], v=[-2.74881984 -3.07604104  5.86193962]
Epoch 708, t=2460388.4276772956:
  TLE_ECI: r=[6517.44605349 -815.50171235 4051.21133187], v=[ 3.71778083  2.99234751 -5.3733658 ]
  RK45_ECI: r=[-7075.94947579   264.98414356 -3144.9734634 ], v=[-2.70797763 -3.07888315  5.87956881]
Epoch 709, t=2460388.4277525586:
  TLE_ECI: r=[6626.76565301 -722.28691869 3888.44673925], v=[ 3.5454124   3.01407525 -5.47684978]
  RK45_ECI: r=[-7093.54581145   241.59810299 -3106.6830784 ], v=[-2.66703342 -3.0815757   5.89698575]
Epoch 710, t=2460388.427827822:
  TLE_ECI: r=[6730.82749756 -628.40715777 3722.64164333], v=[ 3.37024401  3.03328902 -5.57605979]
  RK45_ECI: r=[-7110.86447516   218.18669867 -3068.28015333], v=[-2.6259888  -3.08411849  5.91418979]
Epoch 711, t=2460388.4279030855:
  TLE_ECI: r=[6829.54936827 -533.94065341 3553.92545055], v=[ 3.19241463  3.04997078 -5.67091728]
  RK45_ECI: r=[-7127.90488558   194.75096335 -3029.76589368], v=[-2.58484518 -3.08651132  5.93118038]
Epoch 712, t=2460388.427978349:
  TLE_ECI: r=[6922.85328833 -438.96615801 3382.42987315], v=[ 3.01206543  3.06410459 -5.76134708]
  RK45_ECI: r=[-7144.66623519   171.29219313 -2991.14205163], v=[-2.54360456 -3.088754    5.94795672]
Epoch 713, t=2460388.428053612:
  TLE_ECI: r=[7010.66558402 -343.56292636 3208.28882656], v=[ 2.82933968  3.07567666 -5.8472775 ]
  RK45_ECI: r=[-7161.14788985   147.8115185  -2952.41002347], v=[-2.50226855 -3.09084634  5.96451819]
Epoch 714, t=2460388.4281288753:
  TLE_ECI: r=[7092.91695005 -247.81056732 3031.63832466], v=[ 2.64438258  3.08467537 -5.92864033]
  RK45_ECI: r=[-7177.34945314   124.30972536 -2913.57066192], v=[-2.4608382  -3.09278818  5.9808644 ]
Epoch 715, t=2460388.4282041388:
  TLE_ECI: r=[7169.54250022 -151.78909947 2852.6163733 ], v=[ 2.45734122  3.09109125 -6.00537097]
  RK45_ECI: r=[-7193.27008006   100.78822984 -2874.62591586], v=[-2.41931569 -3.09457933  5.9969945 ]
Epoch 716, t=2460388.428279402:
  TLE_ECI: r=[7240.48182622  -55.57880241 2671.36286197], v=[ 2.2683644   3.09491699 -6.07740847]
  RK45_ECI: r=[-7208.90931526    77.24795669 -2835.5768265 ], v=[-2.37770229 -3.09621964  6.01290805]
Epoch 717, t=2460388.4283546656:
  TLE_ECI: r=[7305.67904663   40.73983061 2488.0194537 ], v=[ 2.07760255  3.0961475  -6.14469554]
  RK45_ECI: r=[-7224.26641912    53.69020978 -2796.42517101], v=[-2.33599998 -3.09770895  6.0286043 ]
Epoch 718, t=2460388.4284299286:
  TLE_ECI: r=[7365.08285397  137.08613902 2302.72947348], v=[ 1.88520759  3.09477987 -6.20717866]
  RK45_ECI: r=[-7239.34081332    30.11612669 -2757.17236531], v=[-2.29421042 -3.09904709  6.04408267]
Epoch 719, t=2460388.428505192:
  TLE_ECI: r=[7418.64655618  233.37944948 2115.63779504], v=[ 1.69133278  3.09081341 -6.26480811]
  RK45_ECI: r=[-7.25413214e+03  6.52649867e+00 -2.71781927e+03], v=[-2.25233465 -3.10023395  6.05934279]
Epoch 720, t=2460388.4285804555:
  TLE_ECI: r=[7466.32811726  329.53901524 1926.89072625], v=[ 1.49613263  3.08424962 -6.317538  ]
  RK45_ECI: r=[-7268.63962094   -17.07725094 -2678.36787346], v=[-2.2103749  -3.10126938  6.07438388]
Epoch 721, t=2460388.428655719:
  TLE_ECI: r=[7508.0901917   425.4841699  1736.63589322], v=[ 1.29976277  3.07509222 -6.36532634]
  RK45_ECI: r=[-7282.8628521    -40.69419137 -2638.81921813], v=[-2.16833242 -3.10215326  6.0892055 ]
Epoch 722, t=2460388.4287309824:
  TLE_ECI: r=[7543.90015586  521.13437546 1545.02212313], v=[ 1.10237981  3.06334714 -6.40813504]
  RK45_ECI: r=[-7296.80115978   -64.32301266 -2599.17510893], v=[-2.12620924 -3.10288545  6.10380697]
Epoch 723, t=2460388.4288062453:
  TLE_ECI: r=[7573.7301371   616.40926812 1352.19932599], v=[ 0.90414119  3.04902251 -6.44593   ]
  RK45_ECI: r=[-7310.45402204   -87.96257158 -2559.43698017], v=[-2.08400702 -3.10346584  6.11818773]
Epoch 724, t=2460388.4288815088:
  TLE_ECI: r=[7597.55703024  711.2288154  1158.31837537], v=[ 0.70520506  3.03212867 -6.47868109]
  RK45_ECI: r=[-7323.82111446  -111.61207222 -2519.60570822], v=[-2.04172682 -3.10389433  6.13234746]
Epoch 725, t=2460388.428956772:
  TLE_ECI: r=[7615.36252687  805.51325164  963.53098822], v=[ 0.50573019  3.01267817 -6.50636221]
  RK45_ECI: r=[-7336.90174295  -135.27008536 -2479.68329322], v=[-1.99937089 -3.10417082  6.1462854 ]
Epoch 726, t=2460388.4290320356:
  TLE_ECI: r=[7627.13312428  899.18323455  767.98960391], v=[ 0.30587577  2.99068573 -6.52895129]
  RK45_ECI: r=[-7349.69553863  -158.93567588 -2439.67080391], v=[-1.95694049 -3.10429521  6.16000118]
Epoch 727, t=2460388.4291072986:
  TLE_ECI: r=[7632.86014116  992.15986853  571.84726263], v=[ 0.10580132  2.96616824 -6.54643033]
  RK45_ECI: r=[-7362.20184203  -182.60741261 -2399.57025109], v=[-1.91443788 -3.10426741  6.17349407]
Epoch 728, t=2460388.429182562:
  TLE_ECI: r=[7632.53971336 1084.36486157  375.25748314], v=[-0.09433348  2.93914479 -6.55878544]
  RK45_ECI: r=[-7374.42036184  -206.28449669 -2359.38252098], v=[-1.87186412 -3.10408736  6.18676377]
Epoch 729, t=2460388.4292578255:
  TLE_ECI: r=[7626.17281368 1175.72045804  178.37414016], v=[-0.29436889  2.90963659 -6.56600677]
  RK45_ECI: r=[-7386.35063648  -229.9657797  -2319.10906583], v=[-1.82922089 -3.10375496  6.19980976]
Epoch 730, t=2460388.429333089:
  TLE_ECI: r=[7613.76523999 1266.14959466  -18.64865863], v=[-0.49414527  2.87766699 -6.56808863]
  RK45_ECI: r=[-7397.99210628  -253.64994464 -2278.75172034], v=[-1.78651025 -3.10327016  6.21263143]
Epoch 731, t=2460388.4294083524:
  TLE_ECI: r=[7595.32761278 1355.57594414 -215.65669578], v=[-0.6935032   2.84326144 -6.56502939]
  RK45_ECI: r=[-7409.34444626  -277.33605276 -2238.31156563], v=[-1.74373348 -3.1026329   6.22522841]
Epoch 732, t=2460388.4294836153:
  TLE_ECI: r=[7570.87537019 1443.92395823 -412.49576736], v=[-0.89228361  2.80644752 -6.55683157]
  RK45_ECI: r=[-7420.40707376  -301.02266948 -2197.79063465], v=[-1.70089286 -3.10184313  6.23760005]
Epoch 733, t=2460388.4295588788:
  TLE_ECI: r=[7540.42873803 1531.11902153 -609.01180623], v=[-1.09032797  2.76725483 -6.54350178]
  RK45_ECI: r=[-7431.17973427  -324.70899319 -2157.18982355], v=[-1.65798945 -3.1009008   6.24974607]
Epoch 734, t=2460388.429634142:
  TLE_ECI: r=[7504.01273707 1617.08738168 -805.05100524], v=[-1.28747833  2.72571504 -6.52505072]
  RK45_ECI: r=[-7441.6620237   -348.39387238 -2116.51060036], v=[-1.61502496 -3.09980587  6.26166598]
Epoch 735, t=2460388.4297094056:
  TLE_ECI: r=[ 7461.65714552  1701.7563015  -1000.45994006], v=[-1.48357754  2.68186184 -6.5014932 ]
  RK45_ECI: r=[-7451.85345265  -372.07598761 -2075.754819  ], v=[-1.57200145 -3.09855832  6.27335922]
Epoch 736, t=2460388.429784669:
  TLE_ECI: r=[ 7413.3964775   1785.05409916 -1195.08569173], v=[-1.67846933  2.63573087 -6.4728481 ]
  RK45_ECI: r=[-7461.75374037  -395.75439755 -2034.92357197], v=[-1.52892023 -3.09715811  6.28482547]
Epoch 737, t=2460388.429859932:
  TLE_ECI: r=[ 7359.26995909  1866.91018792 -1388.77596876], v=[-1.87199846  2.58735977 -6.43913837]
  RK45_ECI: r=[-7471.36238161  -419.42766611 -1994.01891256], v=[-1.48578357 -3.09560526  6.29606412]
Epoch 738, t=2460388.4299351955:
  TLE_ECI: r=[ 7299.32147335  1947.25522272 -1581.37922846], v=[-2.06401086  2.53678805 -6.40039097]
  RK45_ECI: r=[-7480.67915897  -443.09498949 -1953.0417461 ], v=[-1.44259256 -3.09389972  6.3070749 ]
Epoch 739, t=2460388.430010459:
  TLE_ECI: r=[ 7233.59955508  2026.02102958 -1772.74479781], v=[-2.25435376  2.48405715 -6.3566369 ]
  RK45_ECI: r=[-7489.70372624  -466.75521445 -1911.99355506], v=[-1.3993489  -3.0920415   6.31785738]
Epoch 740, t=2460388.4300857224:
  TLE_ECI: r=[ 7162.15732845  2103.14075061 -1962.72299331], v=[-2.44287577  2.42921033 -6.30791113]
  RK45_ECI: r=[-7498.43566481  -490.40702082 -1870.87621093], v=[-1.35605469 -3.09003061  6.32841106]
Epoch 741, t=2460388.430160986:
  TLE_ECI: r=[ 7085.05246718  2178.5488793  -2151.16523995], v=[-2.62942708  2.37229266 -6.25425257]
  RK45_ECI: r=[-7506.87473845  -514.04946582 -1829.69081664], v=[-1.31271122 -3.08786706  6.33873563]
Epoch 742, t=2460388.4302362488:
  TLE_ECI: r=[ 7002.34715246  2252.18129551 -2337.92418926], v=[-2.81385952  2.313351   -6.19570407]
  RK45_ECI: r=[-7515.02051986  -537.68111302 -1788.43944397], v=[-1.26932081 -3.08555088  6.34883054]
Epoch 743, t=2460388.430311512:
  TLE_ECI: r=[ 6914.107994    2323.97540298 -2522.85383593], v=[-2.99602673  2.2524339  -6.13231233]
  RK45_ECI: r=[-7522.87282899  -561.30115777 -1747.12300662], v=[-1.22588453 -3.08308209  6.35869556]
Epoch 744, t=2460388.4303867756:
  TLE_ECI: r=[ 6820.40601303  2393.87005799 -2705.80963357], v=[-3.17578425  2.18959162 -6.06412789]
  RK45_ECI: r=[-7530.43137787  -584.90844633 -1705.74300019], v=[-1.1824041  -3.08046069  6.36833029]
Epoch 745, t=2460388.430462039:
  TLE_ECI: r=[ 6721.31655662  2461.80570437 -2886.64860875], v=[-3.35298964  2.12487605 -5.99120506]
  RK45_ECI: r=[-7537.69581911  -608.50165915 -1664.30131206], v=[-1.13888163 -3.07768678  6.37773428]
Epoch 746, t=2460388.430537302:
  TLE_ECI: r=[ 6616.91924815  2527.72438397 -3065.22947385], v=[-3.52750262  2.05834067 -5.91360191]
  RK45_ECI: r=[-7544.66589629  -632.07964333 -1622.79944443], v=[-1.09531882 -3.07476038  6.38690716]
Epoch 747, t=2460388.4306125655:
  TLE_ECI: r=[ 6507.29789125  2591.56986305 -3241.41273814], v=[-3.69918516  1.9900405  -5.83138016]
  RK45_ECI: r=[-7551.34145546  -655.6415933  -1581.23831626], v=[-1.05171679 -3.07168152  6.3958487 ]
Epoch 748, t=2460388.430687829:
  TLE_ECI: r=[ 6392.54044323  2653.28756332 -3415.0608175 ], v=[-3.86790159  1.92003205 -5.74460516]
  RK45_ECI: r=[-7557.72215914  -679.18607505 -1539.62001827], v=[-1.00807784 -3.06845029  6.40455844]
Epoch 749, t=2460388.4307630924:
  TLE_ECI: r=[ 6272.7389129   2712.82468548 -3586.0381421 ], v=[-4.03351873  1.84837329 -5.65334585]
  RK45_ECI: r=[-7563.80784292  -702.71214529 -1497.94566803], v=[-0.96440328 -3.06506675  6.41303611]
Epoch 750, t=2460388.430838356:
  TLE_ECI: r=[ 6147.98929087  2770.13023474 -3754.2112625 ], v=[-4.19590595  1.77512356 -5.55767464]
  RK45_ECI: r=[-7569.59823101  -726.21848684 -1456.21716712], v=[-0.92069523 -3.06153099  6.4212813 ]
Epoch 751, t=2460388.4309136188:
  TLE_ECI: r=[ 6018.39147816  2825.1550456  -3919.44895373], v=[-4.35493533  1.70034358 -5.4576674 ]
  RK45_ECI: r=[-7575.09315243  -749.70404142 -1414.43583257], v=[-0.87695522 -3.05784307  6.42929373]
Epoch 752, t=2460388.430988882:
  TLE_ECI: r=[ 5884.04917018  2877.85189446 -4081.62231732], v=[-4.51048173  1.6240953  -5.35340335]
  RK45_ECI: r=[-7580.29241062  -773.16772441 -1372.60317897], v=[-0.83318494 -3.05400311  6.43707309]
Epoch 753, t=2460388.4310641456:
  TLE_ECI: r=[ 5745.06982044  2928.17543148 -4240.60488153], v=[-4.66242289  1.54644194 -5.24496503]
  RK45_ECI: r=[-7585.19582721  -796.60838475 -1330.72072293], v=[-0.78938612 -3.05001119  6.44461907]
Epoch 754, t=2460388.431139409:
  TLE_ECI: r=[ 5601.56451886  2976.0822909  -4396.2726991 ], v=[-4.8106395   1.46744787 -5.1324382 ]
  RK45_ECI: r=[-7589.80325613  -820.02498746 -1288.78978608], v=[-0.74556028 -3.04586739  6.45193141]
Epoch 755, t=2460388.4312146725:
  TLE_ECI: r=[ 5453.64790864  3021.53110872 -4548.50444305], v=[-4.95501533  1.38717862 -5.01591176]
  RK45_ECI: r=[-7594.11449345  -843.41621903 -1246.81228247], v=[-0.70170954 -3.04157186  6.45900975]
Epoch 756, t=2460388.4312899355:
  TLE_ECI: r=[ 5301.4381011   3064.48254158 -4697.18150011], v=[-5.0954373   1.30570076 -4.8954777 ]
  RK45_ECI: r=[-7598.12942044  -866.78102334 -1204.78953773], v=[-0.65783543 -3.03712471  6.46585383]
Epoch 757, t=2460388.431365199:
  TLE_ECI: r=[ 5145.05654292  3104.89936253 -4842.18806171], v=[-5.23179558  1.22308184 -4.771231  ]
  RK45_ECI: r=[-7601.84789845  -890.11831901 -1162.72307597], v=[-0.61393966 -3.03252607  6.47246341]
Epoch 758, t=2460388.4314404624:
  TLE_ECI: r=[ 4984.62797068  3142.74639669 -4983.4112128 ], v=[-5.36398361  1.1393904  -4.64326958]
  RK45_ECI: r=[-7605.26980808  -913.42695844 -1120.61442304], v=[-0.57002396 -3.02777606  6.47883819]
Epoch 759, t=2460388.431515726:
  TLE_ECI: r=[ 4820.28027352  3177.99061422 -5120.74101802], v=[-5.49189827  1.05469584 -4.51169414]
  RK45_ECI: r=[-7608.39505523  -936.70590945 -1078.46490857], v=[-0.52608985 -3.0228748   6.48497797]
Epoch 760, t=2460388.431590989:
  TLE_ECI: r=[ 4652.14439812  3210.60114153 -5254.0706054 ], v=[-5.61543987  0.96906843 -4.37660818]
  RK45_ECI: r=[-7611.22350806  -959.9538638  -1036.27645735], v=[-0.48213947 -3.01782248  6.49088244]
Epoch 761, t=2460388.431666252:
  TLE_ECI: r=[ 4480.35425212  3240.54927354 -5383.29624754], v=[-5.7345123   0.88257918 -4.23811784]
  RK45_ECI: r=[-7613.75510023  -983.1697689   -994.0504024 ], v=[-0.43817433 -3.01261924  6.49655138]
Epoch 762, t=2460388.4317415156:
  TLE_ECI: r=[ 4305.04655779  3267.80855065 -5508.31744006], v=[-5.84902301  0.79529978 -4.09633182]
  RK45_ECI: r=[-7615.98975115 -1006.3525479   -951.78827601], v=[-0.39419617 -3.00726524  6.50198457]
Epoch 763, t=2460388.431816779:
  TLE_ECI: r=[ 4126.36079885  3292.35469967 -5629.03697763], v=[-5.95888315  0.70730265 -3.95136134]
  RK45_ECI: r=[-7617.92741122 -1029.50114932  -909.4914133 ], v=[-0.3502065  -3.00176062  6.5071818 ]
Epoch 764, t=2460388.4318920425:
  TLE_ECI: r=[ 3944.43907033  3314.16570822 -5745.36102704], v=[-6.06400761  0.61866074 -3.80331998]
  RK45_ECI: r=[-7619.56800638 -1052.61427033  -867.16174644], v=[-0.30620746 -2.99610561  6.51214283]
Epoch 765, t=2460388.4319673055:
  TLE_ECI: r=[ 3759.42598397  3333.2218179  -5857.19919769], v=[-6.16431504  0.52944757 -3.65232364]
  RK45_ECI: r=[-7620.91150427 -1075.69077066  -824.80081238], v=[-0.26220079 -2.99030039  6.51686744]
Epoch 766, t=2460388.432042569:
  TLE_ECI: r=[ 3571.4685134   3349.50558548 -5964.46460918], v=[-6.25972797  0.43973709 -3.49849042]
  RK45_ECI: r=[-7621.95789481 -1098.72985177  -782.40955228], v=[-0.2181876  -2.98434507  6.5213555 ]
Epoch 767, t=2460388.4321178324:
  TLE_ECI: r=[ 3380.7159356   3363.00182882 -6067.07395631], v=[-6.3501728   0.34960368 -3.34194054]
  RK45_ECI: r=[-7622.7071411  -1121.73010138  -739.99010183], v=[-0.17417022 -2.97823993  6.52560677]
Epoch 768, t=2460388.432193096:
  TLE_ECI: r=[ 3187.31967289  3373.6976857  -6164.94757103], v=[-6.4355799   0.25912209 -3.18279625]
  RK45_ECI: r=[-7623.15925086 -1144.69058699  -697.54360312], v=[-0.13015    -2.97198511  6.5296211 ]
Epoch 769, t=2460388.432268359:
  TLE_ECI: r=[ 2991.4331827   3381.58261244 -6258.00948162], v=[-6.5158836   0.16836734 -3.02118171]
  RK45_ECI: r=[-7623.31422233 -1167.61001373  -655.07199591], v=[-0.08612904 -2.96558089  6.53339829]
Epoch 770, t=2460388.432343622:
  TLE_ECI: r=[ 2793.211846    3386.64838443 -6346.18746897], v=[-6.59102231  0.07741468 -2.85722291]
  RK45_ECI: r=[-7623.17208236 -1190.48724777  -612.57682301], v=[-0.04210911 -2.95902749  6.53693818]
Epoch 771, t=2460388.4324188856:
  TLE_ECI: r=[ 2592.81280462  3388.8891367  -6429.41311993], v=[-6.66093847 -0.01366049 -2.69104757]
  RK45_ECI: r=[-7622.73285898 -1213.32149446  -570.05902942], v=[ 1.90869658e-03 -2.95232504e+00  6.54024066e+00]
Epoch 772, t=2460388.432494149:
  TLE_ECI: r=[ 2390.39489718  3388.30131747 -6507.62187779], v=[-6.72557866 -0.10478263 -2.52278505]
  RK45_ECI: r=[-7621.99659464 -1236.11135151  -527.52075804], v=[ 0.04592203 -2.94547386  6.54330554]
Epoch 773, t=2460388.4325694125:
  TLE_ECI: r=[ 2186.11849433  3384.88372616 -6580.75308977], v=[-6.78489358 -0.19587616 -2.35256623]
  RK45_ECI: r=[-7620.96334251 -1258.85589163  -484.96315496], v=[ 0.08992957 -2.93847413  6.54613271]
Epoch 774, t=2460388.432644676:
  TLE_ECI: r=[ 1980.14538292  3378.63750567 -6648.7500515 ], v=[-6.83883813 -0.28686553 -2.18052344]
  RK45_ECI: r=[-7619.63317318 -1281.55382943  -442.38816583], v=[ 0.13392918 -2.93132616  6.54872202]
Epoch 775, t=2460388.432719939:
  TLE_ECI: r=[ 1772.63864907  3369.56613661 -6711.56004862], v=[-6.88737138 -0.37767522 -2.00679034]
  RK45_ECI: r=[-7618.0061727  -1304.20403913  -399.79733788], v=[ 0.17791912 -2.92403021  6.55107336]
Epoch 776, t=2460388.4327952024:
  TLE_ECI: r=[ 1563.76251114  3357.67545644 -6769.1343952 ], v=[-6.93045665 -0.46822991 -1.83150182]
  RK45_ECI: r=[-7616.08240718 -1326.80573071  -357.19161911], v=[ 0.22189828 -2.91658644  6.55318664]
Epoch 777, t=2460388.432870466:
  TLE_ECI: r=[ 1353.68225094  3342.9736219  -6821.42846945], v=[-6.96806149 -0.55845441 -1.65479391]
  RK45_ECI: r=[-7613.86199841 -1349.35751348  -314.5731577 ], v=[ 0.26586433 -2.9089952   6.55506173]
Epoch 778, t=2460388.4329457292:
  TLE_ECI: r=[ 1142.56404534  3325.47112567 -6868.40174616], v=[-7.00015773 -0.6482738  -1.47680367]
  RK45_ECI: r=[-7611.34504501 -1371.8584664   -271.94310269], v=[ 0.30981592 -2.90125672  6.55669856]
Epoch 779, t=2460388.4330209927:
  TLE_ECI: r=[  930.57484685  3305.18078263 -6910.01782617], v=[-7.02672146 -0.73761345 -1.29766909]
  RK45_ECI: r=[-7608.53168985 -1394.30731518  -229.30340387], v=[ 0.35375094 -2.89337134  6.55809703]
Epoch 780, t=2460388.4330962556:
  TLE_ECI: r=[  717.88226356  3282.11771792 -6946.2444629 ], v=[-7.04773309 -0.8263991  -1.11752899]
  RK45_ECI: r=[-7605.42207812 -1416.70294321  -186.65561151], v=[ 0.39766764 -2.88533935  6.55925706]
Epoch 781, t=2460388.433171519:
  TLE_ECI: r=[  504.65439053  3256.29936467 -6977.05358567], v=[-7.0631773  -0.91455697 -0.93652294]
  RK45_ECI: r=[-7602.01631398 -1439.04456617  -144.00067571], v=[ 0.44156493 -2.87716094  6.5601786 ]
Epoch 782, t=2460388.4332467825:
  TLE_ECI: r=[  291.05973739  3227.74543586 -7002.42132019], v=[-7.07304312 -1.00201367 -0.75479112]
  RK45_ECI: r=[-7598.31459846 -1461.33080647  -101.34074801], v=[ 0.48544045 -2.86883652  6.56086158]
Epoch 783, t=2460388.433322046:
  TLE_ECI: r=[   77.26705909  3196.47791972 -7022.32800585], v=[-7.07732386 -1.08869642 -0.57247424]
  RK45_ECI: r=[-7594.31707554 -1483.56075063   -58.67697937], v=[ 0.52929288 -2.86036633  6.56130597]
Epoch 784, t=2460388.433397309:
  TLE_ECI: r=[ -136.55475549  3162.5210604  -7036.75820998], v=[-7.07601717 -1.17453295 -0.38971343]
  RK45_ECI: r=[-7590.02398214 -1505.73302742   -16.01152214], v=[ 0.5731199  -2.85175079  6.5615117 ]
Epoch 785, t=2460388.4334725724:
  TLE_ECI: r=[ -350.23685168  3125.90133858 -7045.700739  ], v=[-7.06912501 -1.25945176 -0.20665016]
  RK45_ECI: r=[-7585.43545679 -1527.8468587     26.65467246], v=[ 0.61692039 -2.84299012  6.56147875]
Epoch 786, t=2460388.433547836:
  TLE_ECI: r=[ -563.61048333  3086.64745135 -7049.1486467 ], v=[-7.05665366 -1.34338197 -0.0234261 ]
  RK45_ECI: r=[-7580.55170729 -1549.90113885    69.32005236], v=[ 0.66069262 -2.83408464  6.5612071 ]
Epoch 787, t=2460388.4336230992:
  TLE_ECI: r=[ -776.50718073  3044.79029058 -7047.09923924], v=[-7.0386137  -1.42625346  0.15981695]
  RK45_ECI: r=[-7575.37299184 -1571.89461445   111.98266487], v=[ 0.70443447 -2.82503477  6.56069674]
Epoch 788, t=2460388.4336983627:
  TLE_ECI: r=[ -988.75887126  3000.36291884 -7039.55407718], v=[-7.01502    -1.50799695  0.34293717]
  RK45_ECI: r=[-7569.89949972 -1593.82638015   154.64135817], v=[ 0.74814461 -2.81584077  6.55994765]
Epoch 789, t=2460388.4337736256:
  TLE_ECI: r=[-1200.19800081  2953.40054739 -7026.5189745 ], v=[-6.98589175 -1.58854402  0.52579284]
  RK45_ECI: r=[-7564.13154672 -1615.69508059   197.2939794 ], v=[ 0.79182073 -2.80650313  6.55895985]
Epoch 790, t=2460388.433848889:
  TLE_ECI: r=[-1410.65769777  2903.94049572 -7008.00399437], v=[-6.95125239 -1.6678272   0.70824241]
  RK45_ECI: r=[-7558.06930927 -1637.49994481   239.93957689], v=[ 0.83546171 -2.79702207  6.55773333]
Epoch 791, t=2460388.4339241525:
  TLE_ECI: r=[-1619.97184981  2852.02218167 -6984.02344214], v=[-6.91112962 -1.74577998  0.89014463]
  RK45_ECI: r=[-7551.71305401 -1659.23987911   282.5765984 ], v=[ 0.87906583 -2.78739795  6.55626812]
Epoch 792, t=2460388.433999416:
  TLE_ECI: r=[-1827.97526727  2797.68707895 -6954.59585498], v=[-6.86555538 -1.82233685  1.07135865]
  RK45_ECI: r=[-7545.06311094 -1680.91364495   325.20309174], v=[ 0.92263097 -2.77763124  6.55456425]
Epoch 793, t=2460388.4340746794:
  TLE_ECI: r=[-2034.50380227  2740.97868782 -6919.74398865], v=[-6.81456583 -1.89743342  1.25174409]
  RK45_ECI: r=[-7538.1197144  -1702.52034663   367.81790525], v=[ 0.96615582 -2.76772223  6.55262175]
Epoch 794, t=2460388.4341499424:
  TLE_ECI: r=[-2239.39446788  2681.94250792 -6879.49480114], v=[-6.75820133 -1.9710064   1.4311612 ]
  RK45_ECI: r=[-7530.88325886 -1724.05864577   410.41888756], v=[ 1.00963806 -2.75767143  6.55044069]
Epoch 795, t=2460388.434225206:
  TLE_ECI: r=[-2442.48559612  2620.62597742 -6833.87943321], v=[-6.69650639 -2.04299374  1.60947089]
  RK45_ECI: r=[-7523.35395843 -1745.52777971   453.00508738], v=[ 1.05307659 -2.74747911  6.54802111]
Epoch 796, t=2460388.4343004692:
  TLE_ECI: r=[-2643.61691564  2557.07847347 -6782.93318601], v=[-6.62952967 -2.11333457  1.7865349 ]
  RK45_ECI: r=[-7515.53213841 -1766.92666779   495.57495375], v=[ 1.09646969 -2.73714566  6.54536305]
Epoch 797, t=2460388.4343757327:
  TLE_ECI: r=[-2842.62970838  2491.35124931 -6726.69549554], v=[-6.55732392 -2.18196931  1.96221585]
  RK45_ECI: r=[-7507.41820018 -1788.25408823   538.12653673], v=[ 1.13981526 -2.72667157  6.54246661]
Epoch 798, t=2460388.4344509956:
  TLE_ECI: r=[-3039.36691752  2423.4974094  -6665.2099041 ], v=[-6.47994597 -2.24883972  2.13637738]
  RK45_ECI: r=[-7499.01250055 -1809.50896774   580.65828679], v=[ 1.18311158 -2.71605728  6.53933188]
Epoch 799, t=2460388.434526259:
  TLE_ECI: r=[-3233.67329882  2353.57183269 -6598.52402867], v=[-6.39745667 -2.31388897  2.30888422]
  RK45_ECI: r=[-7490.31527972 -1830.69054996   623.16925331], v=[ 1.22635755 -2.70530304  6.53595891]
Epoch 800, t=2460388.4346015225:
  TLE_ECI: r=[-3425.39549842  2281.63118109 -6526.68952642], v=[-6.30992087 -2.37706161  2.4796023 ]
  RK45_ECI: r=[-7481.32702183 -1851.79751831   665.65728895], v=[ 1.26955087 -2.69440943  6.53234784]
Epoch 801, t=2460388.434676786:
  TLE_ECI: r=[-3614.38220166  2207.7338215  -6449.76205697], v=[-6.21740737 -2.4383037   2.64839887]
  RK45_ECI: r=[-7472.0480329  -1872.82899442   708.12124452], v=[ 1.31269024 -2.68337679  6.52849873]
Epoch 802, t=2460388.4347520494:
  TLE_ECI: r=[-3800.48424418  2131.9397882  -6367.80124186], v=[-6.11998884 -2.4975628   2.81514258]
  RK45_ECI: r=[-7462.47878558 -1893.78377372   750.55917415], v=[ 1.35577355 -2.67220566  6.52441175]
Epoch 803, t=2460388.4348273124:
  TLE_ECI: r=[-3983.55472328  2054.31074674 -6280.87062087], v=[-6.01774184 -2.55478801  2.97970357]
  RK45_ECI: r=[-7452.61969463 -1914.66079863   792.96953175], v=[ 1.39879912 -2.66089648  6.52008702]
Epoch 804, t=2460388.434902576:
  TLE_ECI: r=[-4163.44913738  1974.90989973 -6189.03760543], v=[-5.9107467  -2.60993012  3.1419536 ]
  RK45_ECI: r=[-7442.47103764 -1935.45932248   835.35136857], v=[ 1.44176584 -2.64944956  6.51552461]
Epoch 805, t=2460388.4349778392:
  TLE_ECI: r=[-4340.02546327  1893.80200469 -6092.37342913], v=[-5.79908751 -2.6629415   3.30176611]
  RK45_ECI: r=[-7432.03337653 -1956.17804899   877.70254294], v=[ 1.48467143 -2.6378655   6.51072472]
Epoch 806, t=2460388.4350531027:
  TLE_ECI: r=[-4513.14429295  1811.05327781 -5990.95309514], v=[-5.68285203 -2.71377624  3.45901636]
  RK45_ECI: r=[-7421.3070618  -1976.81611197   920.02190859], v=[ 1.52751459 -2.62614467  6.50568747]
Epoch 807, t=2460388.435128366:
  TLE_ECI: r=[-4682.66893782  1726.73135235 -5884.85532083], v=[-5.56213166 -2.76239015  3.61358149]
  RK45_ECI: r=[-7410.29263662 -1997.37232647   962.30752547], v=[ 1.57029324 -2.61428765  6.50041305]
Epoch 808, t=2460388.435203629:
  TLE_ECI: r=[-4848.46553224  1640.90523882 -5774.16247945], v=[-5.43702137 -2.80874082  3.76534066]
  RK45_ECI: r=[-7398.99052433 -2017.84573033  1004.55805057], v=[ 1.61300589 -2.60229487  6.49490161]
Epoch 809, t=2460388.4352788925:
  TLE_ECI: r=[-5010.40315958  1553.6452136  -5658.96053883], v=[-5.30761958 -2.85278768  3.91417507]
  RK45_ECI: r=[-7387.40118728 -2038.23534939  1046.77194325], v=[ 1.65565086 -2.59016681  6.48915334]
Epoch 810, t=2460388.435354156:
  TLE_ECI: r=[-5168.35392699  1465.02284614 -5539.33899746], v=[-5.17402818 -2.89449199  4.05996815]
  RK45_ECI: r=[-7375.52511692 -2058.5401477   1088.94766411], v=[ 1.69822646 -2.57790397  6.4831684 ]
Epoch 811, t=2460388.4354294194:
  TLE_ECI: r=[-5322.1930876   1375.11088622 -5415.3908175 ], v=[-5.03635241 -2.93381688  4.20260558]
  RK45_ECI: r=[-7363.36275708 -2078.75919277  1131.08387262], v=[ 1.74073122 -2.56550678  6.47694698]
Epoch 812, t=2460388.435504683:
  TLE_ECI: r=[-5471.79913559  1283.98321876 -5287.21235512], v=[-4.89470076 -2.97072743  4.34197541]
  RK45_ECI: r=[-7350.91472101 -2098.89132057  1173.17863636], v=[ 1.78316308 -2.55297587  6.47048933]
Epoch 813, t=2460388.435579946:
  TLE_ECI: r=[-5617.05390018  1191.71482095 -5154.90328812], v=[-4.74918495 -3.00519065  4.47796817]
  RK45_ECI: r=[-7338.18148287 -2118.93558436  1215.23061763], v=[ 1.82552054 -2.54031171  6.46379563]
Epoch 814, t=2460388.4356552092:
  TLE_ECI: r=[-5757.84265531  1098.38163562 -5018.56654068], v=[-4.59991978 -3.03717558  4.61047691]
  RK45_ECI: r=[-7325.16356127 -2138.89102732  1257.23828228], v=[ 1.86780195 -2.52751479  6.4568661 ]
Epoch 815, t=2460388.4357304727:
  TLE_ECI: r=[-5894.0541904   1004.06060721 -4878.30820561], v=[-4.44702311 -3.06665325  4.73939733]
  RK45_ECI: r=[-7311.86144645 -2158.75670815  1299.20029445], v=[ 1.91000583 -2.5145856   6.44970094]
Epoch 816, t=2460388.435805736:
  TLE_ECI: r=[-6025.5809154    908.82955435 -4734.23746384], v=[-4.29061575 -3.09359674  4.86462788]
  RK45_ECI: r=[-7298.27580733 -2178.53148032  1341.11472909], v=[ 1.95213013 -2.50152477  6.44230045]
Epoch 817, t=2460388.435880999:
  TLE_ECI: r=[-6152.31894192   812.76714052 -4586.46650135], v=[-4.13082135 -3.11798119  4.98606979]
  RK45_ECI: r=[-7284.4072192  -2198.21433452  1382.98005731], v=[ 1.99417319 -2.48833286  6.43466488]
Epoch 818, t=2460388.4359562625:
  TLE_ECI: r=[-6274.16817781   715.95273747 -4435.11042359], v=[-3.96776631 -3.1397839   5.10362719]
  RK45_ECI: r=[-7270.25606277 -2217.80455633  1424.79534022], v=[ 2.03613394 -2.47501023  6.42679439]
Epoch 819, t=2460388.436031526:
  TLE_ECI: r=[-6391.03239371   618.46646731 -4280.28716737], v=[-3.80157972 -3.15898424  5.21720721]
  RK45_ECI: r=[-7255.82311444 -2237.30091513  1466.55846245], v=[ 2.07801014 -2.4615576   6.41868933]
Epoch 820, t=2460388.4361067894:
  TLE_ECI: r=[-6502.81931223   520.38906537 -4122.11741036], v=[-3.63239324 -3.17556376  5.32672   ]
  RK45_ECI: r=[-7241.10884727 -2256.70258413  1508.26829145], v=[ 2.11980052 -2.44797542  6.41034991]
Epoch 821, t=2460388.436182053:
  TLE_ECI: r=[-6609.44068109   421.80183112 -3960.7244782 ], v=[-3.46034097 -3.18950617  5.43207887]
  RK45_ECI: r=[-7226.11399918 -2276.00843998  1549.92291299], v=[ 2.16150306 -2.43426437  6.40177648]
Epoch 822, t=2460388.436257316:
  TLE_ECI: r=[-6710.81234485   322.78658048 -3796.23424928], v=[-3.28555939 -3.20079736  5.53320035]
  RK45_ECI: r=[-7210.83920167 -2295.21749324  1591.52080698], v=[ 2.20311611 -2.42042503  6.39296934]
Epoch 823, t=2460388.4363325792:
  TLE_ECI: r=[-6806.85431839   223.42549954 -3628.77505732], v=[-3.10818722 -3.20942547  5.63000422]
  RK45_ECI: r=[-7195.28487174 -2314.32904237  1633.06103972], v=[ 2.2446386  -2.40645778  6.38392867]
Epoch 824, t=2460388.4364078427:
  TLE_ECI: r=[-6897.49084658   123.80119312 -3458.47759179], v=[-2.92836535 -3.21538083  5.72241366]
  RK45_ECI: r=[-7179.45186097 -2333.34188314  1674.54150892], v=[ 2.28606833 -2.3923634   6.37465488]
Epoch 825, t=2460388.436483106:
  TLE_ECI: r=[-6982.65047179    23.99653823 -3285.47479614], v=[-2.74623667 -3.218656    5.81035523]
  RK45_ECI: r=[-7163.34068543 -2352.25520458  1715.96108896], v=[ 2.32740404 -2.37814234  6.36514822]
Epoch 826, t=2460388.4365583695:
  TLE_ECI: r=[-7062.26609198   -75.90536645 -3109.90176416], v=[-2.56194602 -3.21924581  5.893759  ]
  RK45_ECI: r=[-7146.95215119 -2371.06790822  1757.31787815], v=[ 2.36864373 -2.36379534  6.35540909]
Epoch 827, t=2460388.4366336325:
  TLE_ECI: r=[-7136.27501723  -175.82124853 -2931.89563428], v=[-2.37564002 -3.21714734  5.97255861]
  RK45_ECI: r=[-7130.28694547 -2389.77902536  1798.61036662], v=[ 2.40978576 -2.349323    6.34543784]
Epoch 828, t=2460388.436708896:
  TLE_ECI: r=[-7204.61902026  -275.66781577 -2751.59548206], v=[-2.18746699 -3.21235994  6.04669128]
  RK45_ECI: r=[-7113.34552113 -2408.38786817  1839.83762674], v=[ 2.45082909 -2.33472572  6.33523465]
Epoch 829, t=2460388.4367841594:
  TLE_ECI: r=[-7267.24438735  -375.36170182 -2569.14221091], v=[-1.99757679 -3.20488524  6.11609792]
  RK45_ECI: r=[-7096.12880405 -2426.89326047  1880.99757123], v=[ 2.49177153 -2.32000432  6.32480002]
Epoch 830, t=2460388.436859423:
  TLE_ECI: r=[-7324.10196225  -474.81961889 -2384.67844115], v=[-1.80612076 -3.19472712  6.18072318]
  RK45_ECI: r=[-7078.63735273 -2445.29440824  1922.08908243], v=[ 2.53261184 -2.30515929  6.31413422]
Epoch 831, t=2460388.4369346863:
  TLE_ECI: r=[-7375.14718771  -573.95840768 -2198.34839746], v=[-1.6132515  -3.18189176  6.24051545]
  RK45_ECI: r=[-7060.87204083 -2463.59023854  1963.11027296], v=[ 2.57334804 -2.29019138  6.3032377 ]
Epoch 832, t=2460388.4370099492:
  TLE_ECI: r=[-7420.34014486  -672.69508648 -2010.29779484], v=[-1.41912287 -3.1663876   6.29542698]
  RK45_ECI: r=[-7042.83361044 -2481.77980507  2004.05964458], v=[ 2.61397852 -2.27510125  6.29211086]
Epoch 833, t=2460388.4370852127:
  TLE_ECI: r=[-7459.64557936  -770.94700795 -1820.67372325], v=[-1.22388971 -3.14822536  6.34541386]
  RK45_ECI: r=[-7024.52254979 -2499.86243473  2044.93627654], v=[ 2.65450224 -2.25988931  6.2807539 ]
Epoch 834, t=2460388.437160476:
  TLE_ECI: r=[-7493.03294211  -868.63179956 -1629.62453083], v=[-1.02770785 -3.12741801  6.39043612]
  RK45_ECI: r=[-7005.93985827 -2517.83698035  2085.73809857], v=[ 2.69491704 -2.24455641  6.26916739]
Epoch 835, t=2460388.4372357395:
  TLE_ECI: r=[-7520.47640803  -965.66752024 -1437.29970608], v=[-0.83073392 -3.10398081  6.43045771]
  RK45_ECI: r=[-6987.0861363  -2535.7026658   2126.46400195], v=[ 2.7352217  -2.22910308  6.25735162]
Epoch 836, t=2460388.4373110025:
  TLE_ECI: r=[-7541.95490277 -1061.97268649 -1243.84975886], v=[-0.63312519 -3.07793124  6.46544658]
  RK45_ECI: r=[-6967.96241623 -2553.45835755  2167.1119248 ], v=[ 2.77541408 -2.21353018  6.24530715]
Epoch 837, t=2460388.437386266:
  TLE_ECI: r=[-7557.4521084  -1157.46643031 -1049.42610049], v=[-0.43503949 -3.04928903  6.49537468]
  RK45_ECI: r=[-6948.5692179  -2571.10339634  2207.68095362], v=[ 2.81549315 -2.19783816  6.23303426]
Epoch 838, t=2460388.4374615294:
  TLE_ECI: r=[-7566.9564951  -1252.06843587  -854.18092294], v=[-0.23663505 -3.01807612  6.52021802]
  RK45_ECI: r=[-6928.907341   -2588.6368606   2248.16960372], v=[ 2.85545733 -2.18202768  6.22053334]
Epoch 839, t=2460388.437536793:
  TLE_ECI: r=[-7570.46131934 -1345.69909639  -658.26707731], v=[-0.03807036 -2.98431667  6.53995664]
  RK45_ECI: r=[-6908.97776517 -2606.05772181  2288.57601423], v=[ 2.89530467 -2.16609958  6.20780497]
Epoch 840, t=2460388.4376120563:
  TLE_ECI: r=[-7567.9646325  -1438.27956029  -461.83795169], v=[ 0.16049594 -2.94803702  6.5545747 ]
  RK45_ECI: r=[-6888.78113217 -2623.36522259  2328.8990865 ], v=[ 2.93503397 -2.15005437  6.19484946]
Epoch 841, t=2460388.4376873192:
  TLE_ECI: r=[-7559.46928696 -1529.73177657  -265.04734843], v=[ 0.35890521 -2.90926566  6.56406042]
  RK45_ECI: r=[-6868.31854631 -2640.55826071  2369.13677835], v=[ 2.97464312 -2.13389298  6.18166745]
Epoch 842, t=2460388.4377625827:
  TLE_ECI: r=[-7544.9829161  -1619.9786503    -68.04936111], v=[ 0.55699896 -2.86803325  6.56840616]
  RK45_ECI: r=[-6847.59056191 -2657.63619298  2409.28818486], v=[ 3.0141311  -2.11761587  6.16825922]
Epoch 843, t=2460388.437837846:
  TLE_ECI: r=[-7524.51795386 -1708.94397596   129.00174887], v=[ 0.75461896 -2.82437255  6.56760837]
  RK45_ECI: r=[-6826.59803202 -2674.59812236  2449.35183579], v=[ 3.05349635 -2.10122375  6.15462523]
Epoch 844, t=2460388.4379131095:
  TLE_ECI: r=[-7498.09160704 -1796.55259125   325.95167576], v=[ 0.95160737 -2.77831841  6.56166763]
  RK45_ECI: r=[-6805.34200133 -2691.44304964  2489.32588909], v=[ 3.09273697 -2.08471745  6.14076608]
Epoch 845, t=2460388.437988373:
  TLE_ECI: r=[-7465.72584497 -1882.73041937   522.64619312], v=[ 1.14780691 -2.72990774  6.55058865]
  RK45_ECI: r=[-6783.82315233 -2708.170237    2529.20925715], v=[ 3.13185176 -2.06809755  6.12668213]
Epoch 846, t=2460388.438063636:
  TLE_ECI: r=[-7427.4473865  -1967.40451107   718.93127727], v=[ 1.34306094 -2.67917948  6.53438023]
  RK45_ECI: r=[-6762.04266019 -2724.77861484  2568.99991944], v=[ 3.17083864 -2.05136499  6.11237408]
Epoch 847, t=2460388.4381388994:
  TLE_ECI: r=[-7383.28765443 -2050.50319446   914.6532306 ], v=[ 1.53721369 -2.62617457  6.51305529]
  RK45_ECI: r=[-6740.00111308 -2741.26755705  2608.69698044], v=[ 3.20969662 -2.03452026  6.09784223]
Epoch 848, t=2460388.438214163:
  TLE_ECI: r=[-7333.28278277 -2131.95600519  1109.65880464], v=[ 1.73011026 -2.57093588  6.48663086]
  RK45_ECI: r=[-6717.69941667 -2757.63619195  2648.29898571], v=[ 3.24842416 -2.01756409  6.08308708]
Epoch 849, t=2460388.4382894263:
  TLE_ECI: r=[-7277.47356361 -2211.69383457  1303.79532266], v=[ 1.92159684 -2.51350825  6.45512802]
  RK45_ECI: r=[-6695.13867966 -2773.88355082  2687.80411377], v=[ 3.28701939 -2.00049735  6.0681093 ]
Epoch 850, t=2460388.4383646897:
  TLE_ECI: r=[-7215.90541799 -2289.64896701  1496.91080167], v=[ 2.11152083 -2.45393836  6.41857192]
  RK45_ECI: r=[-6672.31962448 -2790.00891659  2727.21128907], v=[ 3.32548113 -1.98332065  6.05290926]
Epoch 851, t=2460388.4384399527:
  TLE_ECI: r=[-7148.62836431 -2365.75511686  1688.8540739 ], v=[ 2.29973095 -2.39227475  6.37699175]
  RK45_ECI: r=[-6649.24349598 -2806.01125363  2766.51851456], v=[ 3.36380733 -1.96603496  6.03748773]
Epoch 852, t=2460388.438515216:
  TLE_ECI: r=[-7075.6969484  -2439.94756921  1879.47490736], v=[ 2.48607737 -2.32856774  6.3304207 ]
  RK45_ECI: r=[-6625.91091576 -2821.8899533   2805.72490498], v=[ 3.40199703 -1.94864079  6.02184502]
Epoch 853, t=2460388.4385904795:
  TLE_ECI: r=[-6997.17023816 -2512.16310909  2068.62412568], v=[ 2.67041185 -2.26286943  6.27889595]
  RK45_ECI: r=[-6602.32284109 -2837.64417053  2844.82902309], v=[ 3.44004871 -1.93113889  6.00598169]
Epoch 854, t=2460388.438665743:
  TLE_ECI: r=[-6913.11174653 -2582.34015993  2256.15372687], v=[ 2.85258784 -2.1952336   6.2224586 ]
  RK45_ECI: r=[-6578.48044351 -2853.2729685   2883.82906961], v=[ 3.47796052 -1.91353019  5.98989845]
Epoch 855, t=2460388.438741006:
  TLE_ECI: r=[-6823.58939229 -2650.41879479  2441.917001  ], v=[ 3.03246061 -2.12571571  6.16115366]
  RK45_ECI: r=[-6554.38470777 -2868.77551652  2922.7236175 ], v=[ 3.51573097 -1.89581545  5.97359586]
Epoch 856, t=2460388.4388162694:
  TLE_ECI: r=[-6728.67541187 -2716.34086774  2625.7686466 ], v=[ 3.20988741 -2.05437281  6.09503003]
  RK45_ECI: r=[-6530.03627825 -2884.15121892  2961.5117888 ], v=[ 3.55335909 -1.87799521  5.95707428]
Epoch 857, t=2460388.438891533:
  TLE_ECI: r=[-6628.44634435 -2780.04994291  2807.56488596], v=[ 3.3847275  -1.98126352  6.02414038]
  RK45_ECI: r=[-6505.43647815 -2899.39908081  3000.19161561], v=[ 3.59084289 -1.86007047  5.94033452]
Epoch 858, t=2460388.4389667963:
  TLE_ECI: r=[-6522.98293661 -2841.49142309  2987.16357882], v=[ 3.55684237 -1.90644797  5.94854118]
  RK45_ECI: r=[-6480.5860924  -2914.51841976  3038.76204378], v=[ 3.62818122 -1.84204186  5.92337702]
Epoch 859, t=2460388.4390420597:
  TLE_ECI: r=[-6412.37008316 -2900.61257562  3164.42433462], v=[ 3.72609574 -1.82998772  5.8682926 ]
  RK45_ECI: r=[-6455.48635434 -2929.50833165  3077.22129794], v=[ 3.66537228 -1.82391034  5.90620253]
Epoch 860, t=2460388.4391173227:
  TLE_ECI: r=[-6296.69676347 -2957.36255899  3339.20862319], v=[ 3.89235378 -1.75194578  5.78345848]
  RK45_ECI: r=[-6430.1381859  -2944.368069    3115.56815001], v=[ 3.70241476 -1.80567662  5.88881159]
Epoch 861, t=2460388.439192586:
  TLE_ECI: r=[-6176.05593293 -3011.69254019  3511.37988363], v=[ 4.05548514 -1.67238644  5.69410626]
  RK45_ECI: r=[-6404.54260256 -2959.09689001  3153.80119456], v=[ 3.73930723 -1.78734147  5.87120481]
Epoch 862, t=2460388.4392678495:
  TLE_ECI: r=[-6050.54449686 -3063.5556238   3680.80363158], v=[ 4.21536109 -1.59137531  5.60030692]
  RK45_ECI: r=[-6378.70065552 -2973.69400169  3191.91903026], v=[ 3.77604821 -1.76890573  5.85338283]
Epoch 863, t=2460388.439343113:
  TLE_ECI: r=[-5920.2631955  -3112.90696658  3847.34756445], v=[ 4.3718556  -1.50897922  5.50213492]
  RK45_ECI: r=[-6352.61328086 -2988.15868904  3229.92043794], v=[ 3.81263643 -1.75037011  5.83534618]
Epoch 864, t=2460388.4394183764:
  TLE_ECI: r=[-5785.31652855 -3159.70379679  4010.88166474], v=[ 4.52484545 -1.42526619  5.39966812]
  RK45_ECI: r=[-6326.28177227 -3002.49008228  3267.80366778], v=[ 3.84907011 -1.73173558  5.81709568]
Epoch 865, t=2460388.4394936394:
  TLE_ECI: r=[-5645.81267803 -3203.90543315  4171.27830143], v=[ 4.67421034 -1.34030534  5.29298773]
  RK45_ECI: r=[-6299.70709521 -3016.68746017  3305.56750951], v=[ 3.88534799 -1.7130029   5.7986319 ]
Epoch 866, t=2460388.439568903:
  TLE_ECI: r=[-5501.86338114 -3245.47338596  4328.412329  ], v=[ 4.81983297 -1.2541668   5.18217825]
  RK45_ECI: r=[-6272.89031355 -3030.7501089   3343.21057845], v=[ 3.92146863 -1.69417287  5.77995549]
Epoch 867, t=2460388.4396441663:
  TLE_ECI: r=[-5353.58389396 -3284.37128862  4482.16118462], v=[ 4.9615991  -1.16692176  5.06732734]
  RK45_ECI: r=[-6245.83252723 -3044.67726496  3380.73149427], v=[ 3.95743063 -1.67524633  5.76106712]
Epoch 868, t=2460388.4397194297:
  TLE_ECI: r=[-5201.09285927 -3320.56499558  4632.40498274], v=[ 5.09939769 -1.07864228  4.9485258 ]
  RK45_ECI: r=[-6218.53471511 -3058.46823984  3418.1290562 ], v=[ 3.99323272 -1.65622403  5.74196737]
Epoch 869, t=2460388.439794693:
  TLE_ECI: r=[-5044.51221834 -3354.0225939   4779.02660757], v=[ 5.23312096 -0.98940133  4.82586746]
  RK45_ECI: r=[-6190.99823006 -3072.1221988   3455.4015416 ], v=[ 4.02887317 -1.63710697  5.7226571 ]
Epoch 870, t=2460388.439869956:
  TLE_ECI: r=[-4883.96712081 -3384.7144155   4921.91180308], v=[ 5.36266443 -0.89927268  4.69944913]
  RK45_ECI: r=[-6163.22408011 -3085.63844779  3492.54775919], v=[ 4.06435073 -1.61789593  5.70313692]
Epoch 871, t=2460388.4399452196:
  TLE_ECI: r=[-4719.5857828  -3412.61311971  5060.94926053], v=[ 5.48792708 -0.80833078  4.56937048]
  RK45_ECI: r=[-6135.21337641 -3099.01630201  3529.56634631], v=[ 4.09966402 -1.59859173  5.68340752]
Epoch 872, t=2460388.440020483:
  TLE_ECI: r=[-4551.49944149 -3437.69362864  5196.0307036 ], v=[ 5.60881136 -0.71665084  4.43573398]
  RK45_ECI: r=[-6106.96714029 -3112.25507662  3566.45611775], v=[ 4.1348118  -1.57919516  5.66346951]
Epoch 873, t=2460388.4400957464:
  TLE_ECI: r=[-4379.84220917 -3459.93320649  5327.05097089], v=[ 5.72522325 -0.62430864  4.29864481]
  RK45_ECI: r=[-6078.48677104 -3125.35396567  3603.2153738 ], v=[ 4.16979237 -1.55970723  5.64332379]
Epoch 874, t=2460388.4401710094:
  TLE_ECI: r=[-4204.75098427 -3479.31145152  5453.90809579], v=[ 5.83707239 -0.53138055  4.15821075]
  RK45_ECI: r=[-6049.77343832 -3138.31225043  3639.84276753], v=[ 4.20460435 -1.54012883  5.62297109]
Epoch 875, t=2460388.440246273:
  TLE_ECI: r=[-4026.36529981 -3495.8103629   5576.50338367], v=[ 5.94427209 -0.43794336  4.01454213]
  RK45_ECI: r=[-6020.82790526 -3151.12941109  3676.33746965], v=[ 4.23924686 -1.52046055  5.60241185]
Epoch 876, t=2460388.4403215363:
  TLE_ECI: r=[-3844.82727201 -3509.41427979  5694.74148654], v=[ 6.0467394  -0.34407434  3.86775172]
  RK45_ECI: r=[-5991.65174168 -3163.80459846  3712.69762607], v=[ 4.27371805 -1.50070353  5.58164709]
Epoch 877, t=2460388.4403967997:
  TLE_ECI: r=[-3660.28144525 -3520.10994524  5808.5304748 ], v=[ 6.14439518 -0.24985112  3.71795462]
  RK45_ECI: r=[-5962.24587276 -3176.33722048  3748.92224362], v=[ 4.30801688 -1.48085847  5.56067736]
Epoch 878, t=2460388.440472063:
  TLE_ECI: r=[-3472.87468589 -3527.88650473  5917.78190623], v=[ 6.23716415 -0.15535161  3.56526821]
  RK45_ECI: r=[-5932.61175426 -3188.72650859  3785.00965264], v=[ 4.3421417  -1.46092642  5.53950361]
Epoch 879, t=2460388.440547326:
  TLE_ECI: r=[-3282.75607538 -3532.7355051   6022.41089229], v=[ 6.32497494 -0.06065398  3.40981201]
  RK45_ECI: r=[-5902.75060178 -3200.97177575  3820.95853038], v=[ 4.37609115 -1.44090828  5.51812661]
Epoch 880, t=2460388.4406225896:
  TLE_ECI: r=[-3090.07674971 -3534.65094104  6122.33616136], v=[6.40776012 0.03416349 3.25170761]
  RK45_ECI: r=[-5872.66320808 -3213.07252339  3856.76806227], v=[ 4.40986438 -1.42080468  5.49654681]
Epoch 881, t=2460388.440697853:
  TLE_ECI: r=[-2894.98984088 -3533.62920066  6217.48011942], v=[6.48545626 0.12902236 3.09107857]
  RK45_ECI: r=[-5842.35120412 -3225.02794355  3892.43642842], v=[ 4.44345958 -1.40061676  5.4747653 ]
Epoch 882, t=2460388.4407731164:
  TLE_ECI: r=[-2697.65031409 -3529.66910884  6307.76890755], v=[6.55800398 0.22384414 2.92805033]
  RK45_ECI: r=[-5811.81554973 -3236.83746998  3927.96265397], v=[ 4.47687575 -1.38034526  5.45278265]
Epoch 883, t=2460388.44084838:
  TLE_ECI: r=[-2498.21485506 -3522.77191832  6393.1324566 ], v=[6.62534796 0.31855039 2.76275008]
  RK45_ECI: r=[-5781.05775595 -3248.50037193  3963.34510091], v=[ 4.51011127 -1.35999125  5.43059986]
Epoch 884, t=2460388.440923643:
  TLE_ECI: r=[-2296.84175646 -3512.94130221  6473.50453904], v=[6.687437   0.41306271 2.59530671]
  RK45_ECI: r=[-5750.07908305 -3260.01599499  3998.58247192], v=[ 4.54316483 -1.33955566  5.40821774]
Epoch 885, t=2460388.4409989063:
  TLE_ECI: r=[-2093.69075176 -3500.18337905  6548.82281757], v=[6.74422404 0.50730292 2.42585067]
  RK45_ECI: r=[-5718.88035246 -3271.38386278  4033.67396793], v=[ 4.57603559 -1.31903912  5.38563676]
Epoch 886, t=2460388.4410741697:
  TLE_ECI: r=[-1888.92295118 -3484.50666589  6619.02889111], v=[6.79566619 0.60119297 2.25451391]
  RK45_ECI: r=[-5687.46325469 -3282.60320947  4068.61780492], v=[ 4.6087218  -1.29844281  5.36285806]
Epoch 887, t=2460388.441149433:
  TLE_ECI: r=[-1682.70067409 -3465.92210054  6684.06833746], v=[6.84172474 0.69465511 2.08142973]
  RK45_ECI: r=[-5655.82878334 -3293.67349509  4103.41302733], v=[ 4.64122249 -1.27776748  5.33988225]
Epoch 888, t=2460388.441224696:
  TLE_ECI: r=[-1475.18734181 -3444.44302166  6743.89075321], v=[6.88236523 0.78761187 1.90673272]
  RK45_ECI: r=[-5623.97865544 -3304.59397303  4138.05786806], v=[ 4.67353592 -1.25701434  5.31671048]
Epoch 889, t=2460388.4412999596:
  TLE_ECI: r=[-1266.54730932 -3420.08517654  6798.44979037], v=[6.9175574  0.87998627 1.73055865]
  RK45_ECI: r=[-5591.91371766 -3315.36418701  4172.55154314], v=[ 4.70566128 -1.23618403  5.29334326]
Epoch 890, t=2460388.441375223:
  TLE_ECI: r=[-1056.94579763 -3392.86668089  6847.70319026], v=[6.94727525 0.97170169 1.55304434]
  RK45_ECI: r=[-5559.6352762  -3325.98351872  4206.89278309], v=[ 4.7375973  -1.21527749  5.26978142]
Epoch 891, t=2460388.4414504864:
  TLE_ECI: r=[ -846.54872429 -3362.80802421  6891.61281412], v=[6.97149707 1.06268204 1.37432762]
  RK45_ECI: r=[-5527.14492728 -3336.45130013  4241.08000368], v=[ 4.76934244 -1.19429585  5.24602605]
Epoch 892, t=2460388.44152575:
  TLE_ECI: r=[ -635.52258411 -3329.93204904  6930.14467081], v=[6.9902054  1.1528518  1.19454717]
  RK45_ECI: r=[-5494.44369706 -3346.76701855  4275.11226951], v=[ 4.80089574 -1.17323986  5.22207777]
Epoch 893, t=2460388.441601013:
  TLE_ECI: r=[ -424.03432947 -3294.26393191  6963.26894138], v=[7.00338709 1.24213606 1.01384243]
  RK45_ECI: r=[-5461.53335964 -3356.92997092  4308.98785181], v=[ 4.83225552 -1.15211075  5.19793778]
Epoch 894, t=2460388.4416762763:
  TLE_ECI: r=[ -212.25120174 -3255.83116978  6990.96000053], v=[7.01103325 1.33046065 0.83235352]
  RK45_ECI: r=[-5428.41478883 -3366.93972404  4342.70598357], v=[ 4.86342101 -1.13090918  5.17360663]
Epoch 895, t=2460388.4417515397:
  TLE_ECI: r=[-3.40659710e-01 -3.21466355e+03  7.01319644e+03], v=[7.0131393  1.41775208 0.65022112]
  RK45_ECI: r=[-5395.08933282 -3376.7956939   4376.26542322], v=[ 4.89439096 -1.10963611  5.14908519]
Epoch 896, t=2460388.441826803:
  TLE_ECI: r=[  211.52978919 -3170.79312978  7029.96105999], v=[7.00970496 1.50393769 0.46758637]
  RK45_ECI: r=[-5361.55863885 -3386.49725302  4409.66462211], v=[ 4.92516389 -1.0882927   5.12437457]
Epoch 897, t=2460388.4419020666:
  TLE_ECI: r=[  423.19270898 -3124.25421857  7041.24092923], v=[7.00073423 1.58894566 0.28459079]
  RK45_ECI: r=[-5327.82376479 -3396.04391627  4442.90266591], v=[ 4.95573887 -1.06687971  5.09947543]
Epoch 898, t=2460388.4419773296:
  TLE_ECI: r=[  634.48085574 -3075.08334423  7047.02734651], v=[6.98623539 1.67270507 0.10137612]
  RK45_ECI: r=[-5293.88654    -3405.43502515  4475.97786577], v=[ 4.98611427 -1.0453984   5.07438904]
Epoch 899, t=2460388.442052593:
  TLE_ECI: r=[  845.22734332 -3023.31922265  7047.31587066], v=[ 6.96622099  1.75514603 -0.08191572]
  RK45_ECI: r=[-5259.74786446 -3414.67017019  4508.8894724 ], v=[ 5.01628934 -1.02384944  5.04911594]
Epoch 900, t=2460388.4421278564:
  TLE_ECI: r=[ 1055.26571794 -2969.00273588  7042.10631894], v=[ 6.94070788  1.83619959 -0.26514276]
  RK45_ECI: r=[-5225.40912699 -3423.74880241  4541.63627332], v=[ 5.04626288 -1.00223382  5.02365704]
Epoch 901, t=2460388.44220312:
  TLE_ECI: r=[ 1264.43012343 -2912.17689509  7031.40276702], v=[ 6.90971712  1.91579791 -0.44816309]
  RK45_ECI: r=[-5190.87202422 -3432.6703356   4574.2167569 ], v=[ 5.07603345 -0.9805527   4.99801351]
Epoch 902, t=2460388.4422783833:
  TLE_ECI: r=[ 1472.55542043 -2852.88680836  7015.21354588], v=[ 6.87327403  1.99387429 -0.63083494]
  RK45_ECI: r=[-5156.13764461 -3441.43431294  4606.63003077], v=[ 5.10560016 -0.95880688  4.97218604]
Epoch 903, t=2460388.4423536463:
  TLE_ECI: r=[ 1679.47730593 -2791.17965061  6993.55123571], v=[ 6.83140815  2.07036317 -0.81301682]
  RK45_ECI: r=[-5121.20787093 -3450.04012128  4638.87444759], v=[ 5.13496143 -0.93699763  4.94617593]
Epoch 904, t=2460388.4424289097:
  TLE_ECI: r=[ 1885.03247349 -2727.10460801  6966.43265661], v=[ 6.78415318  2.14520029 -0.99456757]
  RK45_ECI: r=[-5086.08362835 -3458.48737552  4670.94927653], v=[ 5.16411654 -0.91512563  4.91998375]
Epoch 905, t=2460388.442504173:
  TLE_ECI: r=[ 2089.05868978 -2660.7128673   6933.87885638], v=[ 6.73154703  2.21832261 -1.17534652]
  RK45_ECI: r=[-5050.76634498 -3466.77556231  4702.85333531], v=[ 5.19306433 -0.89319189  4.89361045]
Epoch 906, t=2460388.4425794366:
  TLE_ECI: r=[ 2291.39495376 -2592.05755821  6895.91509515], v=[ 6.67363175  2.28966845 -1.35521353]
  RK45_ECI: r=[-5015.25776513 -3474.90413748  4734.58515079], v=[ 5.22180342 -0.8711976   4.86705724]
Epoch 907, t=2460388.4426546996:
  TLE_ECI: r=[ 2491.88160577 -2521.19372353  6852.57082689], v=[ 6.61045349  2.3591775  -1.53402916]
  RK45_ECI: r=[-4979.5593373  -3482.87260676  4766.14355799], v=[ 5.25033266 -0.84914376  4.84032508]
Epoch 908, t=2460388.442729963:
  TLE_ECI: r=[ 2690.36048103 -2448.17824794  6803.87967794], v=[ 6.54206248  2.42679093 -1.71165471]
  RK45_ECI: r=[-4943.67200375 -3490.68060261  4797.52783887], v=[ 5.27865136 -0.82703107  4.81341457]
Epoch 909, t=2460388.4428052264:
  TLE_ECI: r=[ 2886.67498762 -2373.06985521  6749.8794225 ], v=[ 6.46851303  2.49245133 -1.88795236]
  RK45_ECI: r=[-4907.59770606 -3498.32756515  4828.73639549], v=[ 5.30675801 -0.80486083  4.78632705]
Epoch 910, t=2460388.44288049:
  TLE_ECI: r=[ 3080.67025845 -2295.9290351   6690.61195501], v=[ 6.38986342  2.55610285 -2.06278527]
  RK45_ECI: r=[-4871.33757931 -3505.81308403  4859.76837239], v=[ 5.33465176 -0.78263387  4.75906327]
Epoch 911, t=2460388.4429557533:
  TLE_ECI: r=[ 3272.19326427 -2216.81800256  6626.12325952], v=[ 6.30617594  2.61769121 -2.23601765]
  RK45_ECI: r=[-4834.89341366 -3513.13665797  4890.62233624], v=[ 5.36233128 -0.76035137  4.73162446]
Epoch 912, t=2460388.4430310163:
  TLE_ECI: r=[ 3461.09292662 -2135.80065922  6556.463376  ], v=[ 6.21751679  2.67716372 -2.4075149 ]
  RK45_ECI: r=[-4798.26669474 -3520.2978292   4921.29715403], v=[ 5.38979547 -0.73801438  4.70401163]
Epoch 913, t=2460388.4431062797:
  TLE_ECI: r=[ 3647.2202613  -2052.94250299  6481.68636366], v=[ 6.12395605  2.73446943 -2.57714368]
  RK45_ECI: r=[-4761.4583883  -3527.29625542  4951.79212735], v=[ 5.41704367 -0.71562359  4.67622539]
Epoch 914, t=2460388.443181543:
  TLE_ECI: r=[ 3830.42845646 -1968.31063569  6401.85026126], v=[ 6.02556764  2.78955903 -2.74477205]
  RK45_ECI: r=[-4724.47048516 -3534.13142387  4982.10570307], v=[ 5.44407442 -0.69318033  4.64826714]
Epoch 915, t=2460388.4432568066:
  TLE_ECI: r=[ 4010.57301348 -1881.9736713   6317.01704444], v=[ 5.92242927  2.84238497 -2.91026951]
  RK45_ECI: r=[-4687.304148   -3540.80295397  5012.23704984], v=[ 5.47088691 -0.67068544  4.62013763]
Epoch 916, t=2460388.44333207:
  TLE_ECI: r=[ 4187.51185391 -1794.00169117  6227.25257995], v=[ 5.81462238  2.89290151 -3.07350715]
  RK45_ECI: r=[-4649.96121109 -3547.31038787  5042.18477556], v=[ 5.49747986 -0.64814013  4.59183816]
Epoch 917, t=2460388.443407333:
  TLE_ECI: r=[ 4361.10542622 -1704.46620136  6132.62657709], v=[ 5.70223209  2.94106473 -3.23435772]
  RK45_ECI: r=[-4612.44302683 -3553.65332434  5071.94791952], v=[ 5.52385235 -0.62554534  4.56336962]
Epoch 918, t=2460388.4434825964:
  TLE_ECI: r=[ 4531.21683613 -1613.44002514  6033.21253604], v=[ 5.58534711  2.9868326  -3.39269576]
  RK45_ECI: r=[-4574.75108933 -3559.83138934  5101.52538581], v=[ 5.55000335 -0.6029021   4.53473305]
Epoch 919, t=2460388.44355786:
  TLE_ECI: r=[ 4697.71192384 -1520.99732034  5929.08769337], v=[ 5.46405972  3.03016498 -3.54839766]
  RK45_ECI: r=[-4536.88693092 -3565.84417518  5130.91608537], v=[ 5.57593186 -0.58021143  4.50592949]
Epoch 920, t=2460388.4436331233:
  TLE_ECI: r=[ 4860.45939114 -1427.21347039  5820.33296461], v=[ 5.33846568  3.07102368 -3.70134177]
  RK45_ECI: r=[-4498.85190927 -3571.69131242  5160.11907252], v=[ 5.60163698 -0.5574743   4.47695985]
Epoch 921, t=2460388.4437083867:
  TLE_ECI: r=[ 5019.33090032 -1332.16503625  5707.03288388], v=[ 5.2086642   3.10937249 -3.85140851]
  RK45_ECI: r=[-4460.64790075 -3577.37238748  5189.13299767], v=[ 5.62711747 -0.53469194  4.44782547]
Epoch 922, t=2460388.4437836497:
  TLE_ECI: r=[ 5174.20117253 -1235.92971048  5589.27554076], v=[ 5.0747578   3.14517722 -3.99848044]
  RK45_ECI: r=[-4422.27628776 -3582.88703352  5217.9569298 ], v=[ 5.65237245 -0.5118653   4.41852726]
Epoch 923, t=2460388.443858913:
  TLE_ECI: r=[ 5324.94810254 -1138.58619437  5467.15251423], v=[ 4.93685228  3.17840574 -4.14244238]
  RK45_ECI: r=[-4383.73859786 -3588.23491275  5246.58980723], v=[ 5.67740096 -0.48899541  4.3890663 ]
Epoch 924, t=2460388.4439341766:
  TLE_ECI: r=[ 5471.45283369 -1040.21422397  5340.75880394], v=[ 4.79505665  3.20902799 -4.28318148]
  RK45_ECI: r=[-4345.03639657 -3593.41565577  5275.03057531], v=[ 5.70220201 -0.46608332  4.35944366]
Epoch 925, t=2460388.44400944:
  TLE_ECI: r=[5613.59986843 -940.8944466  5210.19275858], v=[ 4.64948305  3.23701601 -4.42058734]
  RK45_ECI: r=[-4306.17107066 -3598.42892732  5303.27831851], v=[ 5.72677476 -0.44313001  4.32966029]
Epoch 926, t=2460388.444084703:
  TLE_ECI: r=[5751.27715468 -840.70838712 5075.5560016 ], v=[ 4.50024664  3.26234398 -4.55455204]
  RK45_ECI: r=[-4267.14472302 -3603.27433301  5331.33159985], v=[ 5.75111792 -0.42013682  4.29971768]
Epoch 927, t=2460388.4441599664:
  TLE_ECI: r=[5884.37618633 -739.73831437 4936.95335424], v=[ 4.34746551  3.28498828 -4.68497032]
  RK45_ECI: r=[-4227.95820616 -3607.95161727  5359.18991245], v=[ 5.77523099 -0.3971044   4.26961637]
Epoch 928, t=2460388.44423523:
  TLE_ECI: r=[6012.79207496 -638.06727433 4794.49275594], v=[ 4.19126065  3.30492745 -4.81173958]
  RK45_ECI: r=[-4188.61363771 -3612.46040299  5386.85183629], v=[ 5.7991127  -0.37403411  4.23935789]
Epoch 929, t=2460388.4443104933:
  TLE_ECI: r=[6136.42364557 -535.77895599 4648.28518206], v=[ 4.03175581  3.32214223 -4.93476003]
  RK45_ECI: r=[-4149.11225119 -3616.80039543  5414.3166118 ], v=[ 5.82276234 -0.35092683  4.20894304]
Epoch 930, t=2460388.4443857567:
  TLE_ECI: r=[6255.17351584 -432.95763935 4498.44455918], v=[ 3.86907741  3.33661563 -5.05393472]
  RK45_ECI: r=[-4109.45599416 -3620.97126183  5441.58296913], v=[ 5.84617879 -0.32778381  4.17837324]
Epoch 931, t=2460388.4444610197:
  TLE_ECI: r=[6368.94817434 -329.6881447  4345.08767782], v=[ 3.70335448  3.34833288 -5.16916967]
  RK45_ECI: r=[-4069.64647829 -3624.97268943  5468.64990633], v=[ 5.86936114 -0.30460613  4.14764959]
Epoch 932, t=2460388.444536283:
  TLE_ECI: r=[6477.65806092 -226.05568855 4188.33410272], v=[ 3.53471848  3.35728153 -5.28037392]
  RK45_ECI: r=[-4029.68474982 -3628.80443505  5495.51680557], v=[ 5.89230881 -0.28139455  4.11677279]
Epoch 933, t=2460388.4446115466:
  TLE_ECI: r=[6581.21763316 -122.14592471 4028.30608081], v=[ 3.36330329  3.36345139 -5.38745963]
  RK45_ECI: r=[-3989.57296775 -3632.46617106  5522.18229697], v=[ 5.9150206  -0.25815043  4.08574441]
Epoch 934, t=2460388.44468681:
  TLE_ECI: r=[6679.54544118  -18.04479897 3865.12844682], v=[ 3.18924507  3.36683457 -5.49034213]
  RK45_ECI: r=[-3949.31238839 -3635.95763428  5548.64564804], v=[ 5.93749584 -0.23487467  4.05456527]
Epoch 935, t=2460388.4447620735:
  TLE_ECI: r=[6772.56419327   86.16150324 3698.92852661], v=[ 3.01268213  3.36742552 -5.58894001]
  RK45_ECI: r=[-3908.90499601 -3639.27853763  5574.90563492], v=[ 5.95973346 -0.21156852  4.02323682]
Epoch 936, t=2460388.4448373364:
  TLE_ECI: r=[6860.20081991  190.38660866 3529.83603836], v=[ 2.83375486  3.36522098 -5.6831752 ]
  RK45_ECI: r=[-3868.35243157 -3642.42860768  5600.96129253], v=[ 5.98173259 -0.18823309  3.99176021]
Epoch 937, t=2460388.4449126:
  TLE_ECI: r=[6942.38653218  294.54410798 3357.98299166], v=[ 2.65260558  3.36022008 -5.77297302]
  RK45_ECI: r=[-3827.65576013 -3645.407628    5626.81202574], v=[ 6.0034927  -0.16486913  3.96013614]
Epoch 938, t=2460388.4449878633:
  TLE_ECI: r=[7019.0568809   398.54750895 3183.50358455], v=[ 2.46937846  3.35242424 -5.85826224]
  RK45_ECI: r=[-3786.8171794  -3648.21532137  5652.45651613], v=[ 6.02501264 -0.14147804  3.92836621]
Epoch 939, t=2460388.4450631267:
  TLE_ECI: r=[7090.15180873  502.3103876  3006.53409858], v=[ 2.28421938  3.34183726 -5.9389752 ]
  RK45_ECI: r=[-3745.83796742 -3650.85145629  5677.89405897], v=[ 6.04629179 -0.11806069  3.89645129]
Epoch 940, t=2460388.44513839:
  TLE_ECI: r=[7155.6157001   605.74644117 2827.21279208], v=[ 2.09727583  3.32846527 -6.01504779]
  RK45_ECI: r=[-3704.72014319 -3653.31579182  5703.12347756], v=[ 6.06732913 -0.09461837  3.86439284]
Epoch 941, t=2460388.445213653:
  TLE_ECI: r=[7215.39742955  708.76953969 2645.67979153], v=[ 1.90869679  3.31231674 -6.08641956]
  RK45_ECI: r=[-3663.46537527 -3655.6080942   5728.14384461], v=[ 6.08812385 -0.07115219  3.83219205]
Epoch 942, t=2460388.4452889166:
  TLE_ECI: r=[7269.45039614  811.29388285 2462.07698139], v=[ 1.71863256  3.29340252 -6.15303377]
  RK45_ECI: r=[-3622.07474607 -3657.72817443  5752.95458831], v=[ 6.10867545 -0.0476629   3.79984964]
Epoch 943, t=2460388.44536418:
  TLE_ECI: r=[7317.73257387  913.2339459  2276.54789215], v=[ 1.52723471  3.27173576 -6.21483742]
  RK45_ECI: r=[-3580.55049025 -3659.67580567  5777.55444291], v=[ 6.12898284 -0.02415192  3.76736724]
Epoch 944, t=2460388.4454394435:
  TLE_ECI: r=[7360.20653924 1014.50463617 2089.23758702], v=[ 1.33465593  3.24733197 -6.27178133]
  RK45_ECI: r=[-3538.89390608 -3661.45078863  5801.94273213], v=[ 6.14904544e+00 -6.20127730e-04  3.73474574e+00]
Epoch 945, t=2460388.4455147064:
  TLE_ECI: r=[7396.83950754 1115.02132241 1900.29254713], v=[ 1.14104987  3.22020898 -6.32382016]
  RK45_ECI: r=[-3497.10724411 -3663.05291937  5826.11821463], v=[6.1688622  0.02293106 3.70198681]
Epoch 946, t=2460388.44558997:
  TLE_ECI: r=[7427.60334739 1214.69999317 1709.86055549], v=[ 0.94657103  3.19038691 -6.37091245]
  RK45_ECI: r=[-3455.19160179 -3664.48203298  5850.08034063], v=[6.18843264 0.04650088 3.66909117]
Epoch 947, t=2460388.4456652333:
  TLE_ECI: r=[7452.47462296 1313.45719843 1518.09057963], v=[ 0.75137466  3.15788821 -6.41302069]
  RK45_ECI: r=[-3413.14867496 -3665.73793914  5873.82822334], v=[6.20775602 0.07008822 3.63606003]
Epoch 948, t=2460388.4457404967:
  TLE_ECI: r=[7471.43460127 1411.21020696 1325.13265323], v=[ 0.5556166   3.1227376  -6.45011132]
  RK45_ECI: r=[-3370.98053374 -3666.82047161  5897.36076384], v=[6.2268314  0.09369178 3.60289493]
Epoch 949, t=2460388.44581576:
  TLE_ECI: r=[7484.46927079 1507.87705514 1131.13775677], v=[ 0.35945314  3.08496205 -6.48215477]
  RK45_ECI: r=[-3328.6884953  -3667.72946354  5920.67731498], v=[6.24565824 0.11731065 3.56959675]
Epoch 950, t=2460388.445891023:
  TLE_ECI: r=[7491.56935771 1603.37659496  936.25769722], v=[ 0.16304093  3.0445908  -6.5091255 ]
  RK45_ECI: r=[-3286.27484363 -3668.4647621   5943.77668984], v=[6.26423556 0.14094343 3.53616719]
Epoch 951, t=2460388.4459662866:
  TLE_ECI: r=[7492.73031505 1697.62865099  740.64498704], v=[-0.03346321  3.00165529 -6.53100202]
  RK45_ECI: r=[-3243.74069155 -3669.02623012  5966.658363  ], v=[6.28256292 0.16458935 3.50260701]
Epoch 952, t=2460388.44604155:
  TLE_ECI: r=[7487.95235361 1790.55395716  544.45272238], v=[-0.22990236  2.95618917 -6.54776691]
  RK45_ECI: r=[-3201.08775891 -3669.41371767  5989.32148723], v=[6.30063961 0.18824727 3.46891744]
Epoch 953, t=2460388.4461168135:
  TLE_ECI: r=[7477.24042352 1882.07431251  347.83446095], v=[-0.4261197   2.90822826 -6.55940681]
  RK45_ECI: r=[-3158.31814498 -3669.62710567  6011.7650136 ], v=[6.31846478 0.2119159  3.43510003]
Epoch 954, t=2460388.446192077:
  TLE_ECI: r=[7460.6042144  1972.1126256   150.94409925], v=[-0.62195857  2.85781049 -6.56591248]
  RK45_ECI: r=[-3115.43318458 -3669.6662599   6033.98832472], v=[6.33603792 0.23559433 3.40115571]
Epoch 955, t=2460388.44626734:
  TLE_ECI: r=[7438.05815274 2060.59295916  -46.06425044], v=[-0.81726265  2.80497594 -6.56727878]
  RK45_ECI: r=[-3072.43519278 -3669.53107896  6055.99028921], v=[6.35335812 0.25928113 3.3670862 ]
Epoch 956, t=2460388.4463426033:
  TLE_ECI: r=[7409.62136556 2147.44068227 -243.03638316], v=[-1.01187612  2.74976673 -6.56350467]
  RK45_ECI: r=[-3029.32529652 -3669.22145365  6077.77040652], v=[6.37042497 0.28297554 3.33289227]
Epoch 957, t=2460388.4464178667:
  TLE_ECI: r=[7375.31769945 2232.58240304 -439.81812468], v=[-1.20564371  2.69222703 -6.55459323]
  RK45_ECI: r=[-2986.10523787 -3668.73727478  6099.32786981], v=[6.38723781 0.30667642 3.29857518]
Epoch 958, t=2460388.44649313:
  TLE_ECI: r=[7335.17567676 2315.94611874 -636.2554547 ], v=[-1.3984109   2.63240303 -6.54055163]
  RK45_ECI: r=[-2942.77714336 -3668.07847042  6120.66168115], v=[6.40379586 0.33038246 3.26413651]
Epoch 959, t=2460388.4465683936:
  TLE_ECI: r=[7289.22847667 2397.46125625 -832.19462993], v=[-1.59002401  2.57034285 -6.52139117]
  RK45_ECI: r=[-2899.34236373 -3667.24493947  6141.77125349], v=[6.42009864 0.35409276 3.22957721]
Epoch 960, t=2460388.4466436566:
  TLE_ECI: r=[ 7237.51391439  2477.05871045 -1027.48230701], v=[-1.78033037  2.50609655 -6.4971272 ]
  RK45_ECI: r=[-2855.80324283 -3666.23663218  6162.65551208], v=[6.43614532 0.37780588 3.19489903]
Epoch 961, t=2460388.44671892:
  TLE_ECI: r=[ 7180.07437991  2554.67098864 -1221.96566481], v=[-1.96917841  2.43971605 -6.46777917]
  RK45_ECI: r=[-2812.16092072 -3665.05346737  6183.31398173], v=[6.45193551 0.40152105 3.16010276]
Epoch 962, t=2460388.4467941835:
  TLE_ECI: r=[ 7116.95684462  2630.23214084 -1415.49252656], v=[-2.15641783  2.3712551  -6.43337059]
  RK45_ECI: r=[-2768.41715982 -3663.6953768   6203.74589678], v=[6.46746863 0.42523712 3.12518967]
Epoch 963, t=2460388.446869447:
  TLE_ECI: r=[ 7048.2127931   2703.67790106 -1607.91148109], v=[-2.34189966  2.30076927 -6.39392898]
  RK45_ECI: r=[-2724.57411148 -3662.16233617  6223.95031124], v=[6.48274394 0.4489528  3.09016138]
Epoch 964, t=2460388.44694471:
  TLE_ECI: r=[ 6973.89819446  2774.94570056 -1799.0720035 ], v=[-2.52547645  2.22831582 -6.34948589]
  RK45_ECI: r=[-2680.63354863 -3660.4542983   6243.92648254], v=[6.49776088 0.47266695 3.05501918]
Epoch 965, t=2460388.4470199733:
  TLE_ECI: r=[ 6894.0734224   2843.97480334 -1988.82457484], v=[-2.70700238  2.1539537  -6.30007683]
  RK45_ECI: r=[-2636.59661944 -3658.57120251  6263.67395289], v=[6.51251909 0.49637878 3.01976387]
Epoch 966, t=2460388.4470952367:
  TLE_ECI: r=[ 6808.8032523   2910.70623445 -2177.0208011 ], v=[-2.88633334  2.07774352 -6.24574128]
  RK45_ECI: r=[-2592.46569771 -3656.51305878  6283.19171363], v=[6.52701781 0.52008687 2.98439723]
Epoch 967, t=2460388.4471705:
  TLE_ECI: r=[ 6718.15677433  2975.082913   -2363.51353086], v=[-3.0633271   1.99974744 -6.18652259]
  RK45_ECI: r=[-2548.24215713 -3654.27981897  6302.47922745], v=[6.54125664 0.54379029 2.94892024]
Epoch 968, t=2460388.4472457636:
  TLE_ECI: r=[ 6622.20734317  3037.04967957 -2548.156972  ], v=[-3.23784339  1.92002917 -6.12246802]
  RK45_ECI: r=[-2503.92817178 -3651.87150644  6321.53560119], v=[6.55523492 0.56748774 2.91333454]
Epoch 969, t=2460388.4473210266:
  TLE_ECI: r=[ 6521.03252502  3096.55332444 -2730.806807  ], v=[-3.40974405  1.83865387 -6.05362861]
  RK45_ECI: r=[-2459.52553224 -3649.28811514  6340.36013457], v=[6.56895213 0.59117807 2.87764144]
Epoch 970, t=2460388.44739629:
  TLE_ECI: r=[ 6414.71399613  3153.54270955 -2911.32030689], v=[-3.57889309  1.75568811 -5.9800592 ]
  RK45_ECI: r=[-2415.03539757 -3646.52961281  6358.95239596], v=[6.58240796 0.6148605  2.84184174]
Epoch 971, t=2460388.4474715535:
  TLE_ECI: r=[ 6303.33752822  3207.96869601 -3089.5564439 ], v=[-3.74515687  1.67119982 -5.90181836]
  RK45_ECI: r=[-2370.46016507 -3643.59606142  6377.31143546], v=[6.59560171 0.63853361 2.80593727]
Epoch 972, t=2460388.447546817:
  TLE_ECI: r=[ 6186.99288068  3259.78426309 -3265.37600231], v=[-3.90840414  1.58525822 -5.81896831]
  RK45_ECI: r=[-2325.80122104 -3640.48744608  6395.43674752], v=[6.60853303 0.66219646 2.76992902]
Epoch 973, t=2460388.4476220803:
  TLE_ECI: r=[ 6065.77373419  3308.94452897 -3438.6416878 ], v=[-4.06850619  1.49793378 -5.73157492]
  RK45_ECI: r=[-2281.06075987 -3637.20383803  6413.3274927 ], v=[6.62120132 0.68584774 2.73381865]
Epoch 974, t=2460388.4476973433:
  TLE_ECI: r=[ 5939.77762248  3355.40677078 -3609.21823506], v=[-4.22533691  1.40929812 -5.63970757]
  RK45_ECI: r=[-2236.24038548 -3633.74525079  6430.983096  ], v=[6.63360617 0.70948642 2.69760732]
Epoch 975, t=2460388.4477726067:
  TLE_ECI: r=[ 5809.10581171  3399.13053097 -3776.97251338], v=[-4.37877296  1.31942396 -5.54343917]
  RK45_ECI: r=[-2191.34187405 -3630.11174544  6448.40290539], v=[6.64574713 0.73311141 2.66129636]
Epoch 976, t=2460388.44784787:
  TLE_ECI: r=[ 5673.86327488  3440.07754559 -3941.77363066], v=[-4.52869378  1.2283851  -5.44284605]
  RK45_ECI: r=[-2146.36703662 -3626.30337111  6465.5862776 ], v=[6.65762376 0.75672159 2.62488712]
Epoch 977, t=2460388.4479231336:
  TLE_ECI: r=[ 5534.15856583  3478.21184735 -4103.49303508], v=[-4.67498174  1.1362563  -5.33800788]
  RK45_ECI: r=[-2101.31747287 -3622.32016798  6482.53265705], v=[6.66923568 0.78031591 2.58838076]
Epoch 978, t=2460388.4479983966:
  TLE_ECI: r=[ 5390.10374937  3513.49976216 -4262.00461498], v=[-4.8175222   1.04311325 -5.22900764]
  RK45_ECI: r=[-2056.19560994 -3618.16227354  6499.24118093], v=[6.68058231 0.80389297 2.55177914]
Epoch 979, t=2460388.44807366:
  TLE_ECI: r=[ 5241.81426764  3545.91000115 -4417.18479627], v=[-4.95620364  0.94903247 -5.11593153]
  RK45_ECI: r=[-2011.00242041 -3613.82968362  6515.71154584], v=[6.69166344 0.82745206 2.51508293]
Epoch 980, t=2460388.4481489235:
  TLE_ECI: r=[ 5089.40890658  3575.41359057 -4568.91263803], v=[-5.09091769  0.8540913  -4.99886888]
  RK45_ECI: r=[-1965.74033772 -3609.32255399  6531.94290988], v=[6.70247853 0.85099176 2.47829399]
Epoch 981, t=2460388.448224187:
  TLE_ECI: r=[ 4933.00965746  3601.98396064 -4717.06992547], v=[-5.22155922  0.75836777 -4.87791208]
  RK45_ECI: r=[-1920.41076685 -3604.64092991  6547.93482593], v=[6.71302729 0.87451115 2.44141334]
Epoch 982, t=2460388.4482994503:
  TLE_ECI: r=[ 4772.74162709  3625.59695153 -4861.54126072], v=[-5.34802648  0.66194061 -4.75315651]
  RK45_ECI: r=[-1875.01593339 -3599.78496867  6563.68655321], v=[6.72330923 0.89800891 2.40444267]
Epoch 983, t=2460388.4483747133:
  TLE_ECI: r=[ 4608.73294638  3646.23081991 -5002.21415119], v=[-5.47022107  0.56488912 -4.62470047]
  RK45_ECI: r=[-1829.55766737 -3594.75477973  6579.19751331], v=[6.733324   0.92148392 2.36738336]
Epoch 984, t=2460388.4484499767:
  TLE_ECI: r=[ 4441.11462311  3663.86631192 -5138.97909532], v=[-5.58804812  0.46729308 -4.49264506]
  RK45_ECI: r=[-1784.03715201 -3589.55041058  6594.46734999], v=[6.74307138 0.94493537 2.33023626]
Epoch 985, t=2460388.44852524:
  TLE_ECI: r=[ 4270.02049952  3678.48659638 -5271.72966613], v=[-5.70141626  0.3692328  -4.35709412]
  RK45_ECI: r=[-1738.45683734 -3584.17206902  6609.49528251], v=[6.75255089 0.96836185 2.29300324]
Epoch 986, t=2460388.4486005036:
  TLE_ECI: r=[ 4095.58710128  3690.07733444 -5400.36259183], v=[-5.81023775  0.27078895 -4.21815414]
  RK45_ECI: r=[-1692.81813677 -3578.61983374  6624.28089685], v=[6.76176228 0.99176243 2.25568534]
Epoch 987, t=2460388.448675767:
  TLE_ECI: r=[ 3917.95353771  3698.62667772 -5524.77783406], v=[-5.91442851  0.17204252 -4.07593418]
  RK45_ECI: r=[-1647.12329    -3572.89390976  6638.82350801], v=[6.77070515 1.01513581 2.21828429]
Epoch 988, t=2460388.44875103:
  TLE_ECI: r=[ 3737.26140033  3704.12526737 -5644.87866338], v=[-6.0139082   0.07307478 -3.93054576]
  RK45_ECI: r=[-1601.37413742 -3566.99444785  6653.12258226], v=[6.77937918 1.03848086 2.18080146]
Epoch 989, t=2460388.4488262935:
  TLE_ECI: r=[ 3553.65460598  3706.56628618 -5760.571732  ], v=[-6.10860026 -0.02603286 -3.7821028 ]
  RK45_ECI: r=[-1555.57186863 -3560.92152397  6667.17779096], v=[6.78778419 1.06179679 2.14323771]
Epoch 990, t=2460388.448901557:
  TLE_ECI: r=[ 3367.27934622  3705.94539715 -5871.76714392], v=[-6.19843195 -0.12519879 -3.63072147]
  RK45_ECI: r=[-1509.71894776 -3554.67539786  6680.98841529], v=[6.79591979 1.08508217 2.10559495]
Epoch 991, t=2460388.4489768203:
  TLE_ECI: r=[ 3178.28392718  3702.26079285 -5978.37852218], v=[-6.28333441 -0.22434139 -3.47652018]
  RK45_ECI: r=[-1463.81679503 -3548.25618164  6694.55407471], v=[6.80378576 1.10833609 2.06787423]
Epoch 992, t=2460388.449052084:
  TLE_ECI: r=[ 2986.81866201  3695.51318574 -6080.32307327], v=[-6.36324272 -0.32337902 -3.31961941]
  RK45_ECI: r=[-1417.86766191 -3541.66412797  6707.87414071], v=[6.81138176 1.13155725 2.03007728]
Epoch 993, t=2460388.4491273467:
  TLE_ECI: r=[ 2793.03576217  3685.70579972 -6177.52164886], v=[-6.43809593 -0.42223011 -3.16014167]
  RK45_ECI: r=[-1371.8733975  -3534.89942875  6720.94812469], v=[6.81870754 1.15474452 1.9922055 ]
Epoch 994, t=2460388.44920261:
  TLE_ECI: r=[ 2597.0891733   3672.8444015  -6269.89880441], v=[-6.50783707 -0.52081326 -2.99821136]
  RK45_ECI: r=[-1325.83519636 -3527.96218843  6733.775726  ], v=[6.82576297 1.17789711 1.95425977]
Epoch 995, t=2460388.4492778736:
  TLE_ECI: r=[ 2399.1345183   3656.9372452  -6357.38285521], v=[-6.57241324 -0.61904723 -2.83395471]
  RK45_ECI: r=[-1279.75553417 -3520.85271853  6746.35628837], v=[6.83254769 1.20101361 1.916242  ]
Epoch 996, t=2460388.449353137:
  TLE_ECI: r=[ 2199.32893105  3637.99510092 -6439.90592924], v=[-6.6317756  -0.71685105 -2.66749966]
  RK45_ECI: r=[-1233.63583654 -3513.57116449  6758.68946515], v=[6.83906157 1.22409311 1.87815326]
Epoch 997, t=2460388.4494284:
  TLE_ECI: r=[ 1997.83095408  3616.03123176 -6517.40401721], v=[-6.68587941 -0.81414407 -2.49897577]
  RK45_ECI: r=[-1187.47858364 -3506.11786098  6770.77462877], v=[6.84530428 1.24713419 1.83999548]
Epoch 998, t=2460388.4495036635:
  TLE_ECI: r=[ 1794.80037122  3591.06140808 -6589.81701959], v=[-6.73468407 -0.91084608 -2.32851412]
  RK45_ECI: r=[-1141.28497365 -3498.49293733  6782.61150465], v=[6.85127573 1.27013608 1.80176954]
Epoch 999, t=2460388.449578927:
  TLE_ECI: r=[ 1590.39814624  3563.10385808 -6657.0887908 ], v=[-6.77815312 -1.00687725 -2.1562472 ]
  RK45_ECI: r=[-1095.05686242 -3490.69663001  6794.19965201], v=[6.85697572 1.29309764 1.76347684]
Epoch 1000, t=2460388.4496541903:
  TLE_ECI: r=[ 1384.7862541   3532.17927925 -6719.16718028], v=[-6.81625428 -1.10215832 -1.98230883]
  RK45_ECI: r=[-1048.79651554 -3482.72926751  6805.53853393], v=[6.86240402 1.3160176  1.72511917]
Epoch 1001, t=2460388.449729454:
  TLE_ECI: r=[ 1178.12756489  3498.31081602 -6776.00407062], v=[-6.84895946 -1.19661058 -1.80683406]
  RK45_ECI: r=[-1002.50536251 -3474.59102852  6816.62783795], v=[6.86756051 1.33889503 1.68669757]
Epoch 1002, t=2460388.4498047167:
  TLE_ECI: r=[  970.58572689  3461.52403905 -6827.55541268], v=[-6.87624478 -1.29015593 -1.62995905]
  RK45_ECI: r=[ -956.1858913  -3466.28229913  6827.46699998], v=[6.87244497 1.36172854 1.64821401]
Epoch 1003, t=2460388.44987998:
  TLE_ECI: r=[  762.32499845  3421.84693772 -6873.78125763], v=[-6.89809058 -1.38271705 -1.45182098]
  RK45_ECI: r=[ -909.83930277 -3457.80323697  6838.05577395], v=[6.87705732 1.38451735 1.60966937]
Epoch 1004, t=2460388.4499552436:
  TLE_ECI: r=[  553.51018133  3379.3098794  -6914.64578614], v=[-6.9144814  -1.47421731 -1.27255794]
  RK45_ECI: r=[ -863.46745742 -3449.15411933  6848.39376516], v=[6.88139743 1.40726035 1.57106508]
Epoch 1005, t=2460388.450030507:
  TLE_ECI: r=[  344.30645177  3333.94559946 -6950.11733433], v=[-6.92540606 -1.56458091 -1.09230886]
  RK45_ECI: r=[ -817.07262653 -3440.33532179  6858.48049461], v=[6.88546513 1.42995625 1.53240292]
Epoch 1006, t=2460388.4501057705:
  TLE_ECI: r=[  134.87924254  3285.7891726  -6980.16841679], v=[-6.93085757 -1.65373292 -0.91121337]
  RK45_ECI: r=[ -770.65624202 -3431.34705613  6868.31568437], v=[6.88926036 1.45260414 1.49368395]
Epoch 1007, t=2460388.4501810335:
  TLE_ECI: r=[  -74.6058758   3234.87798599 -7004.77574655], v=[-6.93083322 -1.74159933 -0.72941171]
  RK45_ECI: r=[ -724.22079723 -3422.18975953  6877.89883436], v=[6.89278295 1.47520264 1.45491017]
Epoch 1008, t=2460388.450256297:
  TLE_ECI: r=[ -283.98336122  3181.2517104  -7023.92025191], v=[-6.9253345  -1.82810719 -0.54704464]
  RK45_ECI: r=[ -677.76749435 -3412.86361778  6887.22972726], v=[6.89603288 1.49775098 1.41608244]
Epoch 1009, t=2460388.4503315603:
  TLE_ECI: r=[ -493.08777094  3124.95226884 -7037.58709038], v=[-6.91436715 -1.91318452 -0.36425334]
  RK45_ECI: r=[ -631.29819658 -3403.36894878  6896.30801483], v=[6.89901006 1.52024804 1.37720221]
Epoch 1010, t=2460388.450406824:
  TLE_ECI: r=[ -701.75392781  3066.0238054  -7045.7656594 ], v=[-6.89794114 -1.99676046 -0.18117928]
  RK45_ECI: r=[ -584.81517863 -3393.70617487  6905.13327646], v=[6.9017144  1.54269257 1.33827128]
Epoch 1011, t=2460388.450482087:
  TLE_ECI: r=[ -909.81703829  3004.51265083 -7048.4496041 ], v=[-6.87607064e+00 -2.07876532e+00  2.03584542e-03]
  RK45_ECI: r=[ -538.31987334 -3383.87554071  6913.705269  ], v=[6.90414587 1.56508364 1.29929073]
Epoch 1012, t=2460388.45055735:
  TLE_ECI: r=[-1117.11281126  2940.46728999 -7045.63682194], v=[-6.84877405 -2.1591306   0.18525026]
  RK45_ECI: r=[ -491.81477681 -3373.8775342   6922.02355687], v=[6.90630439 1.5874199  1.26026253]
Epoch 1013, t=2460388.4506326136:
  TLE_ECI: r=[-1323.47761961  2873.93831219 -7037.32946427], v=[-6.81607393 -2.2377891   0.36832216]
  RK45_ECI: r=[ -445.30109124 -3363.71236915  6930.08795173], v=[6.90818997 1.60970057 1.2211876 ]
Epoch 1014, t=2460388.450707877:
  TLE_ECI: r=[-1528.74857416  2804.97838973 -7023.53393497], v=[-6.77799703 -2.31467491  0.55110986]
  RK45_ECI: r=[ -398.78068074 -3353.38040377  6937.89815212], v=[6.90980258 1.63192455 1.18206737]
Epoch 1015, t=2460388.4507831405:
  TLE_ECI: r=[-1732.76368492  2733.64222602 -7004.26088582], v=[-6.73457426 -2.38972348  0.73347186]
  RK45_ECI: r=[ -352.25582102 -3342.88210677  6945.45379623], v=[6.91114218 1.65409059 1.14290365]
Epoch 1016, t=2460388.4508584035:
  TLE_ECI: r=[-1935.36196944  2659.98652169 -6979.52520898], v=[-6.68584064 -2.46287169  0.91526699]
  RK45_ECI: r=[ -305.72837603 -3332.21785686  6952.7546086 ], v=[6.9122088 1.6761976 1.1036979]
Epoch 1017, t=2460388.450933667:
  TLE_ECI: r=[-2136.38360887  2584.06990866 -6949.34602622], v=[-6.6318353  -2.53405792  1.09635446]
  RK45_ECI: r=[ -259.19954703 -3321.38788812  6959.80042058], v=[6.91300246 1.6982448  1.06445101]
Epoch 1018, t=2460388.4510089303:
  TLE_ECI: r=[-2335.67002398  2505.95293689 -6913.74667534], v=[-6.57260146 -2.60322203  1.276594  ]
  RK45_ECI: r=[ -212.6718302  -3310.39274624  6966.59087095], v=[6.91352315 1.72023085 1.02516499]
Epoch 1019, t=2460388.451084194:
  TLE_ECI: r=[-2533.06403008  2425.69800651 -6872.75469332], v=[-6.50818639 -2.67030546  1.45584594]
  RK45_ECI: r=[ -166.1466566  -3299.23272808  6973.12577271], v=[6.91377094 1.74215485 0.98584091]
Epoch 1020, t=2460388.451159457:
  TLE_ECI: r=[-2728.40995062  2343.36932457 -6826.4017965 ], v=[-6.43864136 -2.73525127  1.63397134]
  RK45_ECI: r=[ -119.62630086 -3287.90834828  6979.40482316], v=[6.91374585 1.76401557 0.94648062]
Epoch 1021, t=2460388.45123472:
  TLE_ECI: r=[-2921.55373146  2259.03286358 -6774.72385769], v=[-6.36402164 -2.79800415  1.81083207]
  RK45_ECI: r=[  -73.11262465 -3276.42002535  6985.4277941 ], v=[6.91344796 1.78581191 0.90708555]
Epoch 1022, t=2460388.4513099836:
  TLE_ECI: r=[-3112.34308729  2172.75627658 -6717.76088026], v=[-6.28438641 -2.85851058  1.98629089]
  RK45_ECI: r=[  -26.60682727 -3264.76802099  6991.19454612], v=[6.91287732 1.80754312 0.86765661]
Epoch 1023, t=2460388.451385247:
  TLE_ECI: r=[-3300.62757961  2084.60889389 -6655.55696918], v=[-6.19979879 -2.91671872  2.16021161]
  RK45_ECI: r=[   19.88859793 -3252.95293063  6996.70478333], v=[6.91203401 1.82920787 0.82819583]
Epoch 1024, t=2460388.4514605105:
  TLE_ECI: r=[-3486.25876116  1994.66163648 -6588.16029902], v=[-6.11032574 -2.97257854  2.33245913]
  RK45_ECI: r=[   66.3722228  -3240.97508334  7001.95835405], v=[6.91091814 1.85080526 0.78870427]
Epoch 1025, t=2460388.451535774:
  TLE_ECI: r=[-3669.09028491  1902.98696843 -6515.62307893], v=[-6.01603803 -3.02604186  2.50289958]
  RK45_ECI: r=[  112.84177632 -3228.83503921  7006.95501503], v=[6.90952979 1.87233408 0.74918379]
Epoch 1026, t=2460388.451611037:
  TLE_ECI: r=[-3848.97801312  1809.65885136 -6438.00151461], v=[-5.91701023 -3.07706237  2.67140041]
  RK45_ECI: r=[  159.29540089 -3216.53325616  7011.6945855 ], v=[6.9078691  1.89379326 0.70963584]
Epoch 1027, t=2460388.4516863003:
  TLE_ECI: r=[-4025.78015182  1714.75264173 -6355.35576726], v=[-5.81332056 -3.12559572  2.83783049]
  RK45_ECI: r=[  205.73190063 -3204.07002327  7016.17695549], v=[6.90593616 1.91518204 0.67006132]
Epoch 1028, t=2460388.451761564:
  TLE_ECI: r=[-4199.35732925  1618.3450976  -6267.74990958], v=[-5.70505095 -3.17159948  3.00206019]
  RK45_ECI: r=[  252.14878737 -3191.4459851   7020.40189466], v=[6.90373113 1.93649911 0.63046226]
Epoch 1029, t=2460388.451836827:
  TLE_ECI: r=[-4369.57272768  1520.51427438 -6175.25187876], v=[-5.59228691 -3.21503323  3.16396151]
  RK45_ECI: r=[  298.54463748 -3178.66150264  7024.36928685], v=[6.90125415 1.95774359 0.59083975]
Epoch 1030, t=2460388.4519120906:
  TLE_ECI: r=[-4536.29218549  1421.33947393 -6077.93342651], v=[-5.47511752 -3.25585859  3.32340816]
  RK45_ECI: r=[  344.9171858  -3165.71718091  7028.07894846], v=[6.89850538 1.97891428 0.55119563]
Epoch 1031, t=2460388.4519873536:
  TLE_ECI: r=[-4699.38429941  1320.90119519 -5975.87006619], v=[-5.35363533 -3.29403923  3.48027567]
  RK45_ECI: r=[  391.2647913  -3152.61345568  7031.53076196], v=[6.89548499 2.00001019 0.51153119]
Epoch 1032, t=2460388.452062617:
  TLE_ECI: r=[-4858.72054415  1219.28101609 -5869.14101693], v=[-5.22793626 -3.32954099  3.63444147]
  RK45_ECI: r=[  437.58563123 -3139.3508263   7034.72460005], v=[6.89219316 2.02103035 0.47184788]
Epoch 1033, t=2460388.4521378805:
  TLE_ECI: r=[-5014.17535045  1116.56160896 -5757.82914496], v=[-5.09811966 -3.36233178  3.785785  ]
  RK45_ECI: r=[  483.87785665 -3125.9298027   7037.66034506], v=[6.88863008 2.0419737  0.43214717]
Epoch 1034, t=2460388.452213144:
  TLE_ECI: r=[-5165.62622121  1012.82662133 -5642.02090199], v=[-4.96428809 -3.39238171  3.93418779]
  RK45_ECI: r=[  530.13983945 -3112.35083846  7040.33790081], v=[6.88479594 2.06283929 0.39243036]
Epoch 1035, t=2460388.452288407:
  TLE_ECI: r=[-5312.95382242   908.16063752 -5521.80626075], v=[-4.82654736 -3.41966308  4.07953359]
  RK45_ECI: r=[  576.36910362 -3098.61464814  7042.7571328 ], v=[6.880691   2.08362584 0.35269946]
Epoch 1036, t=2460388.4523636703:
  TLE_ECI: r=[-5456.04208951   802.64904893 -5397.27864775], v=[-4.68500637 -3.44415045  4.22170841]
  RK45_ECI: r=[  622.56467262 -3084.7215071   7044.91799741], v=[6.87631541 2.1043327  0.31295521]
Epoch 1037, t=2460388.452438934:
  TLE_ECI: r=[-5594.7783035    696.37807716 -5268.5348732 ], v=[-4.5397771  -3.4658206   4.36060066]
  RK45_ECI: r=[  668.7240742  -3070.67214671  7046.8203829 ], v=[6.87166947 2.12495857 0.27319963]
Epoch 1038, t=2460388.452514197:
  TLE_ECI: r=[-5729.05319317   589.43464355 -5135.67505823], v=[-4.39097448 -3.48465261  4.49610122]
  RK45_ECI: r=[  714.84589654 -3056.46698446  7048.46423725], v=[6.86675338 2.14550261 0.23343382]
Epoch 1039, t=2460388.4525894606:
  TLE_ECI: r=[-5858.76102016   481.90631362 -4998.80255933], v=[-4.23871632 -3.50062785  4.62810353]
  RK45_ECI: r=[  760.92789096 -3042.10670468  7049.84948464], v=[6.86156744 2.16596364 0.19365962]
Epoch 1040, t=2460388.4526647236:
  TLE_ECI: r=[-5983.79966328   373.88124365 -4858.02389021], v=[-4.08312326 -3.51373003  4.75650367]
  RK45_ECI: r=[  806.9682216  -3027.591873    7050.97607798], v=[6.85611194 2.18634065 0.15387852]
Epoch 1041, t=2460388.452739987:
  TLE_ECI: r=[-6104.07070598   265.44803924 -4713.44864092], v=[-3.92431857 -3.52394521  4.88120047]
  RK45_ECI: r=[  852.96570845 -3012.92285363  7051.84399009], v=[6.85038706 2.20663289 0.11409141]
Epoch 1042, t=2460388.4528152505:
  TLE_ECI: r=[-6219.4795088    156.69578628 -4565.18939447], v=[-3.76242821 -3.5312618   5.00209559]
  RK45_ECI: r=[  898.91789175 -2998.10042512  7052.45317528], v=[6.84439318 2.22683913 0.07430034]
Epoch 1043, t=2460388.452890514:
  TLE_ECI: r=[-6329.93529174    47.71390983 -4413.36164089], v=[-3.5975806  -3.5356706   5.11909357]
  RK45_ECI: r=[  944.82336824 -2983.12503579  7052.80361725], v=[6.83813055 2.2469585  0.03450639]
Epoch 1044, t=2460388.4529657774:
  TLE_ECI: r=[-6435.351207     -61.4078828  -4258.08368883], v=[-3.42990661 -3.53716481  5.23210196]
  RK45_ECI: r=[  990.67990157 -2967.99741311  7052.8953002 ], v=[ 6.83159953e+00  2.26698987e+00 -5.28857011e-03]
Epoch 1045, t=2460388.4530410403:
  TLE_ECI: r=[-6535.64441063  -170.57965675 -4099.47657466], v=[-3.25953943 -3.53574001  5.34103138]
  RK45_ECI: r=[ 1036.48566726 -2952.71816012  7052.72822488], v=[ 6.82480045  2.28693223 -0.04508308]
Epoch 1046, t=2460388.453116304:
  TLE_ECI: r=[-6630.73612881  -279.71140002 -3937.66396933], v=[-3.0866144  -3.53139423  5.44579558]
  RK45_ECI: r=[ 1082.2394935  -2937.28766714  7052.30239381], v=[ 6.81773357  2.30678485 -0.08487623]
Epoch 1047, t=2460388.453191567:
  TLE_ECI: r=[-6720.55172478  -388.71298398 -3772.77208284], v=[-2.91126905 -3.52412793  5.54631153]
  RK45_ECI: r=[ 1127.93893517 -2921.70675922  7051.61782736], v=[ 6.8103993   2.32654651 -0.12466599]
Epoch 1048, t=2460388.4532668306:
  TLE_ECI: r=[-6805.02075928  -497.49431436 -3604.92956654], v=[-2.73364286 -3.51394395  5.64249951]
  RK45_ECI: r=[ 1173.58259928 -2905.97591497  7050.67454499], v=[ 6.80279795  2.34621639 -0.16445125]
Epoch 1049, t=2460388.4533420936:
  TLE_ECI: r=[-6884.0770509   -605.96536677 -3434.26741318], v=[-2.55387722 -3.50084762  5.73428316]
  RK45_ECI: r=[ 1219.16804823 -2890.09597998  7049.47259715], v=[ 6.79492999  2.36579324 -0.20422998]
Epoch 1050, t=2460388.453417357:
  TLE_ECI: r=[-6957.65872404  -714.03634249 -3260.91885501], v=[-2.37211525 -3.4848467   5.82158955]
  RK45_ECI: r=[ 1264.69411829 -2874.06736695  7048.01201372], v=[ 6.78679569  2.38527638 -0.24400128]
Epoch 1051, t=2460388.4534926205:
  TLE_ECI: r=[-7025.70827006  -821.61762326 -3085.01925976], v=[-2.18850179 -3.46595135  5.90434924]
  RK45_ECI: r=[ 1310.15899942 -2857.89071907  7046.29284562], v=[ 6.77839544  2.40466482 -0.28376366]
Epoch 1052, t=2460388.453567884:
  TLE_ECI: r=[-7088.17258906  -928.61992641 -2906.70602474], v=[-2.00318317 -3.4441742   5.98249635]
  RK45_ECI: r=[ 1355.56047976 -2841.56683126  7044.31517307], v=[ 6.76972971  2.42395743 -0.32351528]
Epoch 1053, t=2460388.4536431474:
  TLE_ECI: r=[-7145.00303557 -1034.95435992 -2726.11846908], v=[-1.81630719 -3.41953029  6.05596866]
  RK45_ECI: r=[ 1400.89717781 -2825.09621198  7042.07905121], v=[ 6.76079884  2.44315342 -0.36325506]
Epoch 1054, t=2460388.4537184103:
  TLE_ECI: r=[-7196.15546262 -1140.53247626 -2543.39772426], v=[-1.62802292 -3.39203708  6.12470757]
  RK45_ECI: r=[ 1446.16667446 -2808.47975202  7039.58459655], v=[ 6.75160337  2.46225157 -0.40298095]
Epoch 1055, t=2460388.453793674:
  TLE_ECI: r=[-7241.59024564 -1245.26643111 -2358.68662292], v=[-1.4384806  -3.36171447  6.18865826]
  RK45_ECI: r=[ 1491.36781636 -2791.71788942  7036.8318686 ], v=[ 6.74214361  2.48125121 -0.44269204]
Epoch 1056, t=2460388.453868937:
  TLE_ECI: r=[-7281.27233481 -1349.06893186 -2172.12958611], v=[-1.24783155 -3.32858471  6.24776966]
  RK45_ECI: r=[ 1536.49880878 -2774.81130343  7033.82096609], v=[ 6.73242     2.50015136 -0.48238687]
Epoch 1057, t=2460388.4539442006:
  TLE_ECI: r=[-7315.17127216 -1451.85339496 -1983.87250913], v=[-1.05622802 -3.29267248  6.30199455]
  RK45_ECI: r=[ 1581.55745802 -2757.7608301   7030.55202917], v=[ 6.72243309  2.51895094 -0.5220636 ]
Epoch 1058, t=2460388.454019464:
  TLE_ECI: r=[-7343.26122011 -1553.53399893 -1794.06264587], v=[-0.86382305 -3.2540048   6.35128959]
  RK45_ECI: r=[ 1626.54239562 -2740.56700718  7027.02514863], v=[ 6.71218325  2.53764915 -0.56172112]
Epoch 1059, t=2460388.454094727:
  TLE_ECI: r=[-7365.52098824 -1654.0257354  -1602.84849202], v=[-0.67077036 -3.21261105  6.39561533]
  RK45_ECI: r=[ 1671.45122335 -2723.23076975  7023.24050693], v=[ 6.70167109  2.55624481 -0.60135742]
Epoch 1060, t=2460388.4541699905:
  TLE_ECI: r=[-7381.9340319  -1753.24456813 -1410.37966704], v=[-0.4772242  -3.16852294  6.4349363 ]
  RK45_ECI: r=[ 1716.28279957 -2705.75258066  7019.19819312], v=[ 6.69089696  2.57473726 -0.64097159]
Epoch 1061, t=2460388.454245254:
  TLE_ECI: r=[-7392.4884946  -1851.10737467 -1216.80679503], v=[-0.28333926 -3.12177447  6.469221  ]
  RK45_ECI: r=[ 1761.03534648 -2688.13315464  7014.89835368], v=[ 6.67986136  2.59312555 -0.68056215]
Epoch 1062, t=2460388.4543205174:
  TLE_ECI: r=[-7397.17719928 -1947.53210418 -1022.28138471], v=[-0.0892705  -3.07240192  6.49844194]
  RK45_ECI: r=[ 1805.70669097 -2670.37336788  7010.34118852], v=[ 6.66856489  2.61140861 -0.72012728]
Epoch 1063, t=2460388.454395781:
  TLE_ECI: r=[-7395.99765904 -2042.43782574  -826.95570859], v=[ 0.10482696 -3.02044383  6.52257568]
  RK45_ECI: r=[ 1850.29547902 -2652.47378687  7005.52682402], v=[ 6.65700798  2.62958566 -0.75966588]
Epoch 1064, t=2460388.454471044:
  TLE_ECI: r=[-7388.95208556 -2135.74477539  -630.98268127], v=[ 0.29879799 -2.96594096  6.54160286]
  RK45_ECI: r=[ 1894.79933566 -2634.43539003  7000.45550837], v=[ 6.6451913   2.64765558 -0.79917593]
Epoch 1065, t=2460388.454546307:
  TLE_ECI: r=[-7376.04736222 -2227.37451202  -434.5157373 ], v=[ 0.49248756 -2.90893623  6.55550819]
  RK45_ECI: r=[ 1939.21713207 -2616.25866457  6995.12736012], v=[ 6.63311523  2.66561768 -0.83865653]
Epoch 1066, t=2460388.4546215707:
  TLE_ECI: r=[-7357.29507505 -2317.24985399  -237.70870842], v=[ 0.68574088 -2.84947472  6.56428046]
  RK45_ECI: r=[ 1983.54710944 -2597.9443598   6989.54257332], v=[ 6.62078033  2.68347106 -0.87810621]
Epoch 1067, t=2460388.454696834:
  TLE_ECI: r=[-7332.71147866 -2405.29503197   -40.71570041], v=[ 0.87840355 -2.78760365  6.56791261]
  RK45_ECI: r=[ 2027.78711729 -2579.49339127  6983.70140747], v=[ 6.60818726  2.70121466 -0.91752315]
Epoch 1068, t=2460388.454772097:
  TLE_ECI: r=[-7302.31749556 -2491.43571106   156.30903023], v=[ 1.07032164 -2.72337228  6.56640165]
  RK45_ECI: r=[ 2071.93540733 -2560.90652555  6977.60408283], v=[ 6.59533661  2.71884759 -0.95690589]
Epoch 1069, t=2460388.4548473605:
  TLE_ECI: r=[-7266.13866952 -2575.59914001   353.21119979], v=[ 1.26134192 -2.6568319   6.55974874]
  RK45_ECI: r=[ 2115.99086056 -2542.18426743  6971.25073782], v=[ 6.58222878  2.73636919 -0.99625353]
Epoch 1070, t=2460388.454922624:
  TLE_ECI: r=[-7224.20518658 -2657.71408543   549.83662099], v=[ 1.45131186 -2.5880358   6.54795916]
  RK45_ECI: r=[ 2159.95113201 -2523.32764383  6964.64169562], v=[ 6.56886452  2.75377836 -1.03556405]
Epoch 1071, t=2460388.4549978874:
  TLE_ECI: r=[-7176.55182113 -2737.71097833   746.03132642], v=[ 1.64007986 -2.51703923  6.53104227]
  RK45_ECI: r=[ 2203.81489358 -2504.33726598  6957.77713925], v=[ 6.55524434  2.77107434 -1.07483638]
Epoch 1072, t=2460388.455073151:
  TLE_ECI: r=[-7123.21791318 -2815.52195258   941.64169178], v=[ 1.82749535 -2.44389929  6.50901158]
  RK45_ECI: r=[ 2247.58001967 -2485.21408774  6950.65738755], v=[ 6.54136895  2.78825613 -1.11406869]
Epoch 1073, t=2460388.455148414:
  TLE_ECI: r=[-7064.24734339 -2891.08088238  1136.51455888], v=[ 2.01340889 -2.36867497  6.48188465]
  RK45_ECI: r=[ 2291.24478359 -2465.95890912  6943.28270804], v=[ 6.527239    2.80532284 -1.15325953]
Epoch 1074, t=2460388.455223677:
  TLE_ECI: r=[-6999.68846195 -2964.32352225  1330.49735807], v=[ 2.19767234 -2.29142701  6.44968314]
  RK45_ECI: r=[ 2334.8080813  -2446.57225826  6935.65326841], v=[ 6.51285492  2.82227383 -1.19240801]
Epoch 1075, t=2460388.4552989407:
  TLE_ECI: r=[-6929.59409781 -3035.18743683  1523.43823032], v=[ 2.38013897 -2.21221792  6.41243276]
  RK45_ECI: r=[ 2378.26759617 -2427.05520321  6927.76945701], v=[ 6.49821753  2.83910805 -1.23151212]
Epoch 1076, t=2460388.455374204:
  TLE_ECI: r=[-6854.0214804  -3103.61213822  1715.18614843], v=[ 2.56066355 -2.1311119   6.37016326]
  RK45_ECI: r=[ 2421.62201816 -2407.40838227  6919.631492  ], v=[ 6.48332738  2.85582474 -1.27057079]
Epoch 1077, t=2460388.4554494675:
  TLE_ECI: r=[-6773.03219922 -3169.53911697  1905.59103756], v=[ 2.73910252 -2.04817476  6.32290836]
  RK45_ECI: r=[ 2464.86924874 -2387.63278657  6911.23975128], v=[ 6.46818525  2.87242295 -1.3095822 ]
Epoch 1078, t=2460388.4555247305:
  TLE_ECI: r=[-6686.69216141 -3232.91187201  2094.50389489], v=[ 2.91531409 -1.9634739   6.2707058 ]
  RK45_ECI: r=[ 2508.00758459 -2367.72924873  6902.59454936], v=[ 6.45279184  2.88890179 -1.34854492]
Epoch 1079, t=2460388.455599994:
  TLE_ECI: r=[-6595.07149776 -3293.67603843  2281.7769081 ], v=[ 3.08915835 -1.87707821  6.21359721]
  RK45_ECI: r=[ 2551.03593764 -2347.69831974  6893.69608304], v=[ 6.4371476   2.90526067 -1.38745805]
Epoch 1080, t=2460388.4556752574:
  TLE_ECI: r=[-6498.24456    -3351.77931493  2467.26357307], v=[ 3.2604974  -1.78905805  6.15162814]
  RK45_ECI: r=[ 2593.95202209 -2327.54110754  6884.54480543], v=[ 6.42125343  2.92149853 -1.42631961]
Epoch 1081, t=2460388.455750521:
  TLE_ECI: r=[-6396.28982048 -3407.17158801  2650.81881002], v=[ 3.42919544 -1.69948518  6.084848  ]
  RK45_ECI: r=[ 2636.75454732 -2307.25827678  6875.14096966], v=[ 6.40510992  2.93761467 -1.46512852]
Epoch 1082, t=2460388.4558257842:
  TLE_ECI: r=[-6289.2898154  -3459.80495457  2832.29907852], v=[ 3.59511892 -1.60843267  6.01330999]
  RK45_ECI: r=[ 2679.44144383 -2286.85085499  6865.4850123 ], v=[ 6.38871791  2.95360815 -1.50388299]
Epoch 1083, t=2460388.455901047:
  TLE_ECI: r=[-6177.33108536 -3509.63374504  3011.56249109], v=[ 3.7581366  -1.51597488  5.93707109]
  RK45_ECI: r=[ 2722.01122804 -2266.31961568  6855.57724749], v=[ 6.37207807  2.96947817 -1.54258177]
Epoch 1084, t=2460388.4559763107:
  TLE_ECI: r=[-6060.50406183 -3556.61463467  3188.46892508], v=[ 3.91811972 -1.42218732  5.85619198]
  RK45_ECI: r=[ 2764.46224552 -2245.66540404  6845.41804212], v=[ 6.35519111  2.98522398 -1.58122342]
Epoch 1085, t=2460388.456051574:
  TLE_ECI: r=[-5938.90305244 -3600.70657078  3362.88013321], v=[ 4.07494202 -1.32714669  5.77073699]
  RK45_ECI: r=[ 2806.792827   -2224.88909485  6835.00777246], v=[ 6.33805779  3.00084474 -1.61980653]
Epoch 1086, t=2460388.4561268375:
  TLE_ECI: r=[-5812.62612131 -3641.8708811   3534.65985225], v=[ 4.22847992 -1.23093073  5.68077403]
  RK45_ECI: r=[ 2849.00150809 -2203.99146908  6824.34677341], v=[ 6.32067879  3.0163397  -1.65832983]
Epoch 1087, t=2460388.4562021005:
  TLE_ECI: r=[-5681.77502807 -3680.07127136  3703.67390988], v=[ 4.37861257 -1.13361819  5.58637458]
  RK45_ECI: r=[ 2891.0860518  -2182.97369032  6813.43559158], v=[ 6.3030551   3.03170787 -1.69679138]
Epoch 1088, t=2460388.456277364:
  TLE_ECI: r=[-5546.45509978 -3715.27392337  3869.79032965], v=[ 4.52522194 -1.03528873  5.48761355]
  RK45_ECI: r=[ 2933.04559502 -2161.8362576   6802.27442618], v=[ 6.28518719  3.04694873 -1.73519047]
Epoch 1089, t=2460388.4563526274:
  TLE_ECI: r=[-5406.775208   -3747.44742193  4032.87943418], v=[ 4.66819296 -0.9360229   5.38456927]
  RK45_ECI: r=[ 2974.87791319 -2140.58034773  6790.86384581], v=[ 6.26707607  3.06206131 -1.77352514]
Epoch 1090, t=2460388.456427891:
  TLE_ECI: r=[-5262.84763533 -3776.56284962  4192.81394603], v=[ 4.80741356 -0.83590204  5.2773234 ]
  RK45_ECI: r=[ 3016.5815632  -2119.20676495  6779.20422115], v=[ 6.24872246  3.07704486 -1.81179416]
Epoch 1091, t=2460388.4565031542:
  TLE_ECI: r=[-5114.78799299 -3802.59379425  4349.46908659], v=[ 4.94277478 -0.7350082   5.16596086]
  RK45_ECI: r=[ 3058.15510544 -2097.7163174   6767.2959274 ], v=[ 6.23012708  3.09189869 -1.84999629]
Epoch 1092, t=2460388.456578417:
  TLE_ECI: r=[-4962.71513694 -3825.51635604  4502.72267283], v=[ 5.07417084 -0.63342412  5.05056974]
  RK45_ECI: r=[ 3099.59633925 -2076.11020565  6755.13957478], v=[ 6.211291    3.10662182 -1.88812958]
Epoch 1093, t=2460388.4566536807:
  TLE_ECI: r=[-4806.75102483 -3845.30922686  4652.45521154], v=[ 5.20149922 -0.53123308  4.93124127]
  RK45_ECI: r=[ 3140.9044178  -2054.38894763  6742.73538511], v=[ 6.19221471  3.12121376 -1.92619335]
Epoch 1094, t=2460388.456728944:
  TLE_ECI: r=[-4647.02068271 -3861.95361961  4798.5499916 ], v=[ 5.32466074 -0.42851889  4.80806968]
  RK45_ECI: r=[ 3182.07715381 -2032.55375646  6730.0839904 ], v=[ 6.17289928  3.13567356 -1.96418565]
Epoch 1095, t=2460388.4568042075:
  TLE_ECI: r=[-4483.65205814 -3875.43334325  4940.89317351], v=[ 5.44355966 -0.32536584  4.68115215]
  RK45_ECI: r=[ 3223.11331792 -2010.60536677  6717.1857402 ], v=[ 6.15334539  3.15000057 -2.00210543]
Epoch 1096, t=2460388.456879471:
  TLE_ECI: r=[-4316.77592669 -3885.73480158  5079.37387667], v=[ 5.55810367 -0.22185854  4.55058876]
  RK45_ECI: r=[ 3264.0109332  -1988.54490166  6704.04123295], v=[ 6.13355407  3.16419394 -2.03995094]
Epoch 1097, t=2460388.456954734:
  TLE_ECI: r=[-4146.52579639 -3892.84699282  5213.88426408], v=[ 5.66820405 -0.11808197  4.41648232]
  RK45_ECI: r=[ 3304.76840103 -1966.3733088   6690.65095858], v=[ 6.11352618  3.17825292 -2.07772079]
Epoch 1098, t=2460388.4570299974:
  TLE_ECI: r=[-3973.0377538  -3896.76156793  5344.31962437], v=[ 5.77377568 -0.01412127  4.27893837]
  RK45_ECI: r=[ 3345.38470408 -1944.09122044  6677.0152224 ], v=[ 6.09326232  3.19217696 -2.1154141 ]
Epoch 1099, t=2460388.457105261:
  TLE_ECI: r=[-3796.45042187 -3897.47276329  5470.57845151], v=[5.87473709 0.08993821 4.13806505]
  RK45_ECI: r=[ 3385.85769432 -1921.69988495  6663.13471922], v=[ 6.07276365  3.20596515 -2.15302897]
Epoch 1100, t=2460388.4571805242:
  TLE_ECI: r=[-3616.90480223 -3894.97745599  5592.56252155], v=[5.97101056 0.19401103 3.99397301]
  RK45_ECI: r=[ 3426.18616675 -1899.20006044  6649.00983243], v=[ 6.05203087  3.21961687 -2.19056435]
Epoch 1101, t=2460388.4572557877:
  TLE_ECI: r=[-3434.54417278 -3889.27515406  5710.17696676], v=[6.06252213 0.29801172 3.84677533]
  RK45_ECI: r=[ 3466.36818134 -1876.59290179  6634.64121721], v=[ 6.03106505  3.23313131 -2.22801851]
Epoch 1102, t=2460388.4573310507:
  TLE_ECI: r=[-3249.51398372 -3880.36798768  5823.33034716], v=[6.14920167 0.40185486 3.69658742]
  RK45_ECI: r=[ 3506.4021709  -1853.87938467  6620.02940865], v=[ 6.00986714  3.24650773 -2.26539007]
Epoch 1103, t=2460388.457406314:
  TLE_ECI: r=[-3061.96169534 -3868.26074662  5931.93471896], v=[6.23098293 0.50545517 3.54352695]
  RK45_ECI: r=[ 3546.28713933 -1831.06016103  6605.17473992], v=[ 5.98843774  3.25974562 -2.30267817]
Epoch 1104, t=2460388.4574815775:
  TLE_ECI: r=[-2872.03672818 -3852.96081777  6035.90570059], v=[6.30780357 0.60872751 3.38771372]
  RK45_ECI: r=[ 3586.02098008 -1808.13651306  6590.07796799], v=[ 5.96677806  3.2728441  -2.33988092]
Epoch 1105, t=2460388.457556841:
  TLE_ECI: r=[-2679.89029823 -3834.47821943  6135.16253553], v=[6.3796052  0.71158701 3.22926958]
  RK45_ECI: r=[ 3625.60251371 -1785.10922151  6574.73950967], v=[ 5.94488887  3.28580259 -2.37699729]
Epoch 1106, t=2460388.457632104:
  TLE_ECI: r=[-2485.67531896 -3812.82557629  6229.62815251], v=[6.44633345 0.81394908 3.06831833]
  RK45_ECI: r=[ 3665.02965308 -1761.97958326  6559.16014999], v=[ 5.92277139  3.29862022 -2.41402539]
Epoch 1107, t=2460388.4577073674:
  TLE_ECI: r=[-2289.54623511 -3788.0181395   6319.22922254], v=[6.50793792 0.9157296  2.90498565]
  RK45_ECI: r=[ 3704.30142179 -1738.74826672  6543.34024758], v=[ 5.90042628  3.31129651 -2.45096437]
Epoch 1108, t=2460388.457782631:
  TLE_ECI: r=[-2091.65896739 -3760.07372933  6403.89621339], v=[6.56437233 1.01684482 2.73939897]
  RK45_ECI: r=[ 3743.41628825 -1715.41627692  6527.28038422], v=[ 5.87785452  3.32383075 -2.48781289]
Epoch 1109, t=2460388.4578578942:
  TLE_ECI: r=[-1892.17074438 -3729.0127523   6483.56344079], v=[6.61559443 1.11721153 2.57168738]
  RK45_ECI: r=[ 3782.37237541 -1691.9848171   6510.9813046 ], v=[ 5.85505725  3.33622218 -2.52456922]
Epoch 1110, t=2460388.4579331577:
  TLE_ECI: r=[-1691.2399897  -3694.8581774   6558.16911684], v=[6.66156611 1.2167471  2.40198152]
  RK45_ECI: r=[ 3821.16853057 -1668.45468987  6494.44345858], v=[ 5.83203528  3.34847024 -2.56123237]
Epoch 1111, t=2460388.4580084207:
  TLE_ECI: r=[-1489.02620791 -3657.63551398  6627.65539539], v=[6.70225339 1.31536951 2.23041351]
  RK45_ECI: r=[ 3859.8027111  -1644.82722385  6477.66769225], v=[ 5.80878991  3.36057411 -2.59780047]
Epoch 1112, t=2460388.458083684:
  TLE_ECI: r=[-1285.68981607 -3617.37281011  6691.96841433], v=[6.7376264  1.41299755 2.05711684]
  RK45_ECI: r=[ 3898.27396378 -1621.10310576  6460.65439147], v=[ 5.7853218   3.3725333  -2.63427268]
Epoch 1113, t=2460388.4581589475:
  TLE_ECI: r=[-1081.39208285 -3574.10060254  6751.05833513], v=[6.76765946 1.50955067 1.88222623]
  RK45_ECI: r=[ 3936.58079167 -1597.28336637  6443.40418201], v=[ 5.76163198  3.38434717 -2.67064765]
Epoch 1114, t=2460388.458234211:
  TLE_ECI: r=[ -876.29495884 -3527.85191246  6804.87937909], v=[6.79233108 1.60494921 1.7058776 ]
  RK45_ECI: r=[ 3974.72135955 -1573.36923742  6425.91786361], v=[ 5.73772167  3.39601499 -2.70692372]
Epoch 1115, t=2460388.4583094744:
  TLE_ECI: r=[ -670.56096095 -3478.66221483  6853.38986067], v=[6.81162392 1.69911439 1.5282079 ]
  RK45_ECI: r=[ 4012.69454265 -1549.36154241  6408.19591871], v=[ 5.71359169  3.4075362  -2.74309988]
Epoch 1116, t=2460388.4583847374:
  TLE_ECI: r=[ -464.35305549 -3426.56940952  6896.55221778], v=[6.82552486 1.79196836 1.34935506]
  RK45_ECI: r=[ 4050.49834492 -1525.26164021  6390.23925365], v=[ 5.6892434   3.41891005 -2.7791743 ]
Epoch 1117, t=2460388.458460001:
  TLE_ECI: r=[ -257.83449112 -3371.6137981   6934.33303895], v=[6.83402494 1.88343436 1.16945786]
  RK45_ECI: r=[ 4088.13183719 -1501.07023526  6372.04828114], v=[ 5.66467751  3.43013607 -2.81514614]
Epoch 1118, t=2460388.4585352642:
  TLE_ECI: r=[  -51.16873234 -3313.8380424   6966.70308759], v=[6.83711945 1.97343664 0.98865581]
  RK45_ECI: r=[ 4125.59355875 -1476.7883828   6353.62367035], v=[ 5.63989506  3.44121363 -2.8510141 ]
Epoch 1119, t=2460388.4586105277:
  TLE_ECI: r=[  155.48070803 -3253.28713887  6993.63732303], v=[6.83480782 2.0619006  0.80708912]
  RK45_ECI: r=[ 4162.88171799 -1452.41734179  6334.96627529], v=[ 5.61489736  3.45214205 -2.8867765 ]
Epoch 1120, t=2460388.458685791:
  TLE_ECI: r=[  361.95038572 -3190.00838176  7015.11491861], v=[6.82709371 2.14875282 0.62489851]
  RK45_ECI: r=[ 4199.99521924 -1427.95795562  6316.07661049], v=[ 5.58968523  3.46292081 -2.92243238]
Epoch 1121, t=2460388.458761054:
  TLE_ECI: r=[  568.07704244 -3124.05132806  7031.11927658], v=[6.81398495 2.23392113 0.44222516]
  RK45_ECI: r=[ 4236.93211495 -1403.41161209  6296.95564171], v=[ 5.5642601   3.47354919 -2.95797992]
Epoch 1122, t=2460388.4588363175:
  TLE_ECI: r=[  773.69776922 -3055.46775336  7041.63804002], v=[6.79549356 2.31733471 0.25921061]
  RK45_ECI: r=[ 4273.691501   -1378.77903248  6277.60380807], v=[ 5.53862271  3.48402675 -2.9934183 ]
Epoch 1123, t=2460388.458911581:
  TLE_ECI: r=[  978.65007732 -2984.31161956  7046.66310171], v=[6.7716357  2.39892403 0.07599662]
  RK45_ECI: r=[ 4310.27195436 -1354.06129526  6258.02182151], v=[ 5.51277416  3.49435288 -3.02874624]
Epoch 1124, t=2460388.4589868444:
  TLE_ECI: r=[ 1182.77206077 -2910.63902856  7046.19060978], v=[ 6.74243171  2.478621   -0.10727489]
  RK45_ECI: r=[ 4346.67172881 -1329.25968524  6238.21058947], v=[ 5.48671577  3.50452696 -3.06396209]
Epoch 1125, t=2460388.4590621074:
  TLE_ECI: r=[ 1385.90250431 -2834.50818372  7040.22097048], v=[ 6.70790604  2.55635897 -0.29046199]
  RK45_ECI: r=[ 4382.88942174 -1304.37529228  6218.17084725], v=[ 5.46044867  3.51454839 -3.09906456]
Epoch 1126, t=2460388.459137371:
  TLE_ECI: r=[ 1587.88104154 -2755.97932941  7028.75884764], v=[ 6.66808726  2.63207289 -0.47342277]
  RK45_ECI: r=[ 4418.92414736 -1279.40884945  6197.9030516 ], v=[ 5.43397361  3.52441677 -3.13405286]
Epoch 1127, t=2460388.4592126342:
  TLE_ECI: r=[ 1788.5482283  -2675.11472656  7011.81315926], v=[ 6.62300805  2.70569917 -0.65601554]
  RK45_ECI: r=[ 4454.77401624 -1254.36177589  6177.40823512], v=[ 5.40729207  3.5341314  -3.16892521]
Epoch 1128, t=2460388.4592878977:
  TLE_ECI: r=[ 1987.7457     -2591.97859024  6989.39707095], v=[ 6.57270514  2.77717591 -0.83809884]
  RK45_ECI: r=[ 4490.43798144 -1229.23494519  6156.68696265], v=[ 5.38040497  3.54369183 -3.20368065]
Epoch 1129, t=2460388.459363161:
  TLE_ECI: r=[ 2185.31628579 -2506.63704305  6961.52798622], v=[ 6.5172193   2.84644285 -1.0195316 ]
  RK45_ECI: r=[ 4525.91434396 -1204.02966634  6135.7401942 ], v=[ 5.35331367  3.55309743 -3.23831758]
Epoch 1130, t=2460388.459438424:
  TLE_ECI: r=[ 2381.10412298 -2419.15807091  6928.22753383], v=[ 6.45659533  2.91344142 -1.20017323]
  RK45_ECI: r=[ 4561.20174096 -1178.74705075  6114.56870676], v=[ 5.32601933  3.56234768 -3.27283472]
Epoch 1131, t=2460388.4595136875:
  TLE_ECI: r=[ 2574.95480646 -2329.61144295  6889.52155193], v=[ 6.39088197  2.97811489 -1.37988371]
  RK45_ECI: r=[ 4596.29931324 -1153.38784699  6093.17298275], v=[ 5.29852275  3.57144217 -3.3072313 ]
Epoch 1132, t=2460388.459588951:
  TLE_ECI: r=[ 2766.71546516 -2238.06869713  6845.44006929], v=[ 6.32013196  3.04040827 -1.55852369]
  RK45_ECI: r=[ 4631.20522395 -1127.95349971  6071.55411211], v=[ 5.27082545  3.58038028 -3.34150557]
Epoch 1133, t=2460388.4596642144:
  TLE_ECI: r=[ 2956.23490969 -2144.60305851  6796.01728333], v=[ 6.24440191  3.10026845 -1.73595461]
  RK45_ECI: r=[ 4665.91845803 -1102.44489994  6049.71269042], v=[ 5.24292837  3.58916155 -3.3756566 ]
Epoch 1134, t=2460388.459739478:
  TLE_ECI: r=[ 3143.36374252 -2049.28938845  6741.29153519], v=[ 6.16375231  3.15764421 -1.9120388 ]
  RK45_ECI: r=[ 4700.43736525 -1076.86337967  6027.64972935], v=[ 5.21483294  3.59778542 -3.40968279]
Epoch 1135, t=2460388.459814741:
  TLE_ECI: r=[ 3327.95446839 -1952.20413587  6681.30528174], v=[ 6.07824749  3.21248628 -2.08663957]
  RK45_ECI: r=[ 4734.76062396 -1051.21007061  6005.36604681], v=[ 5.18654036  3.60625139 -3.44358292]
Epoch 1136, t=2460388.4598900042:
  TLE_ECI: r=[ 3509.86163234 -1853.42523916  6616.10506442], v=[ 5.9879555   3.26474738 -2.25962131]
  RK45_ECI: r=[ 4768.88740238 -1025.48573595  5982.86215042], v=[ 5.15805143  3.61455907 -3.47735621]
Epoch 1137, t=2460388.4599652677:
  TLE_ECI: r=[ 3688.94189796 -1753.03212157  6545.7414753 ], v=[ 5.89294821  3.31438225 -2.4308496 ]
  RK45_ECI: r=[4802.81591807 -999.69184417 5960.13918642], v=[ 5.12936774  3.6227079  -3.51100095]
Epoch 1138, t=2460388.460040531:
  TLE_ECI: r=[ 3865.05418299 -1651.10559192  6470.26911989], v=[ 5.79330111  3.36134768 -2.60019131]
  RK45_ECI: r=[4836.54518882 -973.82930291 5937.19778057], v=[ 5.10049026  3.63069744 -3.54451621]
Epoch 1139, t=2460388.460115794:
  TLE_ECI: r=[ 4038.05975919 -1547.72780175  6389.74657708], v=[ 5.68909335  3.40560255 -2.76751468]
  RK45_ECI: r=[4870.07345728 -947.89959091 5914.03910439], v=[ 5.07142059  3.63852714 -3.5779003 ]
Epoch 1140, t=2460388.4601910575:
  TLE_ECI: r=[ 4207.82237955 -1442.98213389  6304.23635595], v=[ 5.58040765  3.44710794 -2.93268947]
  RK45_ECI: r=[4903.40007077 -921.90337175 5890.66357815], v=[ 5.04215944  3.64619667 -3.61115263]
Epoch 1141, t=2460388.460266321:
  TLE_ECI: r=[ 4374.20835701 -1336.95320598  6213.80484979], v=[ 5.46733022  3.48582705 -3.095587  ]
  RK45_ECI: r=[4936.52329157 -895.84213199 5867.07239236], v=[ 5.01270844  3.65370548 -3.64427149]
Epoch 1142, t=2460388.4603415844:
  TLE_ECI: r=[ 4537.08668868 -1229.72675784  6118.52228698], v=[ 5.34995078  3.52172529 -3.25608028]
  RK45_ECI: r=[4969.44201243 -869.71690351 5843.26630868], v=[ 4.9830687   3.66105315 -3.67725584]
Epoch 1143, t=2460388.460416848:
  TLE_ECI: r=[ 4696.32915435 -1121.38959449  6018.462679  ], v=[ 5.22836238  3.55477034 -3.41404409]
  RK45_ECI: r=[5002.1551312  -843.52872059 5819.24609259], v=[ 4.95324134  3.66823927 -3.71010463]
Epoch 1144, t=2460388.460492111:
  TLE_ECI: r=[ 4851.81041473 -1012.02953143  5913.70376552], v=[ 5.10266147  3.5849321  -3.56935513]
  RK45_ECI: r=[5034.66094739 -817.27908343 5795.01297035], v=[ 4.92322802  3.67526333 -3.74281617]
Epoch 1145, t=2460388.4605673742:
  TLE_ECI: r=[5003.40812281 -901.73526853 5804.32695655], v=[ 4.97294767  3.61218286 -3.72189202]
  RK45_ECI: r=[5066.95883276 -790.96866768 5770.56738141], v=[ 4.89302946  3.682125   -3.7753899 ]
Epoch 1146, t=2460388.4606426377:
  TLE_ECI: r=[5151.00300222 -790.59640262 5690.41727173], v=[ 4.83932384  3.63649715 -3.8715355 ]
  RK45_ECI: r=[5099.04710702 -764.59898086 5745.91057059], v=[ 4.86264734  3.68882381 -3.80782416]
Epoch 1147, t=2460388.460717901:
  TLE_ECI: r=[5294.47895491 -678.70330034 5572.06327679], v=[ 4.70189596  3.65785191 -4.01816844]
  RK45_ECI: r=[5130.92470219 -738.17107044 5721.04333354], v=[ 4.8320828   3.69535936 -3.84011791]
Epoch 1148, t=2460388.4607931646:
  TLE_ECI: r=[5433.72315036 -566.14703946 5449.35701714], v=[ 4.560773    3.67622644 -4.161676  ]
  RK45_ECI: r=[5162.59055544 -711.68598638 5695.96646968], v=[ 4.801337    3.70173126 -3.87227013]
Epoch 1149, t=2460388.4608684275:
  TLE_ECI: r=[5568.62611441 -453.01935168 5322.39394869], v=[ 4.41606694  3.69160243 -4.30194566]
  RK45_ECI: r=[5194.04302478 -685.14524886 5670.68125878], v=[ 4.77041165  3.70793905 -3.90427918]
Epoch 1150, t=2460388.460943691:
  TLE_ECI: r=[5699.08182258 -339.41248386 5191.27286593], v=[ 4.26789256  3.70396404 -4.43886737]
  RK45_ECI: r=[5225.28150708 -658.54954457 5645.18815907], v=[ 4.73930748  3.71398245 -3.93614449]
Epoch 1151, t=2460388.4610189544:
  TLE_ECI: r=[5824.98777622 -225.41921969 5056.09582726], v=[ 4.11636749  3.71329784 -4.57233361]
  RK45_ECI: r=[5256.30438114 -631.90040023 5619.48846848], v=[ 4.70802622  3.719861   -3.96786446]
Epoch 1152, t=2460388.461094218:
  TLE_ECI: r=[5946.24509131 -111.13274082 4916.96807764], v=[ 3.96161203  3.71959287 -4.70223947]
  RK45_ECI: r=[5287.11076192 -605.19876437 5593.58289386], v=[ 4.67656891  3.72557436 -3.99943821]
Epoch 1153, t=2460388.4611694813:
  TLE_ECI: r=[6.06275858e+03 3.35343356e+00 4.77399797e+03], v=[ 3.80374909  3.72284066 -4.82848275]
  RK45_ECI: r=[5317.69919884 -578.44604239 5567.4726339 ], v=[ 4.64493714  3.73112214 -4.03086429]
Epoch 1154, t=2460388.4612447442:
  TLE_ECI: r=[6174.43681078  117.94550467 4627.29687598], v=[ 3.6429041   3.72303519 -4.95096406]
  RK45_ECI: r=[5348.06853816 -551.64343164 5541.15865455], v=[ 4.61313226  3.73650397 -4.06214157]
Epoch 1155, t=2460388.4613200077:
  TLE_ECI: r=[6281.19221584  232.54954313 4476.97911414], v=[ 3.4792049   3.72017302 -5.06958686]
  RK45_ECI: r=[5378.21805973 -524.79174268 5514.6415544 ], v=[ 4.58115515  3.74171956 -4.09326933]
Epoch 1156, t=2460388.461395271:
  TLE_ECI: r=[6382.94112902  347.07145809 4323.16184909], v=[ 3.31278165  3.71425315 -5.18425761]
  RK45_ECI: r=[5408.14620295 -497.89252013 5487.92268326], v=[ 4.54900759  3.74676852 -4.124246  ]
Epoch 1157, t=2460388.4614705346:
  TLE_ECI: r=[6479.60387069  461.41714658 4165.96500811], v=[ 3.14376674  3.70527714 -5.29488577]
  RK45_ECI: r=[5437.85211919 -470.94672487 5461.00277565], v=[ 4.51669065  3.75165053 -4.15507074]
Epoch 1158, t=2460388.4615457975:
  TLE_ECI: r=[6571.10481108  575.49253363 4005.51118746], v=[ 2.97229469  3.69324905 -5.40138395]
  RK45_ECI: r=[5467.33427574 -443.95590865 5433.88320462], v=[ 4.48420611  3.75636522 -4.18574198]
Epoch 1159, t=2460388.461621061:
  TLE_ECI: r=[6657.37242574  689.20372695 3841.92555765], v=[ 2.79850197  3.67817551 -5.50366793]
  RK45_ECI: r=[5496.59198027 -416.92089098 5406.56458967], v=[ 4.45155488  3.76091233 -4.21625905]
Epoch 1160, t=2460388.4616963244:
  TLE_ECI: r=[6738.33936326  802.45698009 3675.33576653], v=[ 2.62252702  3.66006564 -5.60165677]
  RK45_ECI: r=[5525.62412931 -389.84288482 5379.04793521], v=[ 4.41873835  3.76529152 -4.24662083]
Epoch 1161, t=2460388.461771588:
  TLE_ECI: r=[6813.94249494  915.15884651 3505.8718402 ], v=[ 2.44451005  3.63893111 -5.69527288]
  RK45_ECI: r=[5554.42936255 -362.72331986 5351.33451392], v=[ 4.38575816  3.76950248 -4.27682592]
Epoch 1162, t=2460388.4618468513:
  TLE_ECI: r=[6884.12296799 1027.2162384  3333.66608176], v=[ 2.26459294  3.6147861  -5.78444204]
  RK45_ECI: r=[5583.00686855 -335.56316865 5323.42508728], v=[ 4.35261541  3.77354492 -4.30687351]
Epoch 1163, t=2460388.4619221142:
  TLE_ECI: r=[6948.8262575  1138.53648406 3158.85296814], v=[ 2.08291916  3.58764732 -5.86909355]
  RK45_ECI: r=[5611.35517738 -308.363998   5295.32107834], v=[ 4.31931194  3.77741852 -4.33676207]
Epoch 1164, t=2460388.4619973777:
  TLE_ECI: r=[7008.00219838 1249.02748664 2981.56904493], v=[ 1.8996336   3.557534   -5.94916022]
  RK45_ECI: r=[5639.47362846 -281.12663699 5267.02312864], v=[ 4.28584867  3.78112303 -4.36649094]
Epoch 1165, t=2460388.462072641:
  TLE_ECI: r=[7061.60504596 1358.59767985 2801.95281935], v=[ 1.7148825   3.52446785 -6.02457845]
  RK45_ECI: r=[5667.36116642 -253.8523112  5238.53227837], v=[ 4.25222701  3.78465818 -4.39605904]
Epoch 1166, t=2460388.4621479046:
  TLE_ECI: r=[7109.59350145 1467.15618567 2620.14465143], v=[ 1.52881331  3.48847309 -6.09528832]
  RK45_ECI: r=[5695.01648905 -226.54246343 5209.84984489], v=[ 4.21844865  3.78802367 -4.425465  ]
Epoch 1167, t=2460388.462223168:
  TLE_ECI: r=[7151.93074924 1574.61287075 2436.28664359], v=[ 1.34157459  3.44957637 -6.16123359]
  RK45_ECI: r=[5722.43882292 -199.19807667 5180.9766159 ], v=[ 4.18451471  3.79121927 -4.45470804]
Epoch 1168, t=2460388.462298431:
  TLE_ECI: r=[7188.58449236 1680.87840129 2250.52252856], v=[ 1.15331584  3.40780685 -6.22236182]
  RK45_ECI: r=[5749.62676225 -171.82073113 5151.91406313], v=[ 4.15042707  3.79424468 -4.48378668]
Epoch 1169, t=2460388.4623736944:
  TLE_ECI: r=[7219.52695985 1785.86440294 2062.99755584], v=[ 0.96418742  3.36319609 -6.27862433]
  RK45_ECI: r=[5776.57967884 -144.41126439 5122.66284949], v=[ 4.11618667  3.7970997  -4.51270026]
Epoch 1170, t=2460388.462448958:
  TLE_ECI: r=[7244.73495853 1889.48340902 1873.8583767 ], v=[ 0.77434041  3.31577806 -6.32997634]
  RK45_ECI: r=[5803.29656643 -116.97091345 5093.22404998], v=[ 4.08179494  3.79978409 -4.54144774]
Epoch 1171, t=2460388.4625242213:
  TLE_ECI: r=[7264.18987338 1991.64901901 1683.252928  ], v=[ 0.58392648  3.26558913 -6.37637694]
  RK45_ECI: r=[5829.77618216  -89.5011326  5063.59902537], v=[ 4.04725363  3.8022976  -4.5700278 ]
Epoch 1172, t=2460388.4625994847:
  TLE_ECI: r=[7277.87768748 2092.27595114 1491.3303147 ], v=[ 0.39309778  3.21266802 -6.41778915]
  RK45_ECI: r=[5856.01779131  -62.00291398 5033.78858885], v=[ 4.01256386  3.80464002 -4.59843966]
Epoch 1173, t=2460388.4626747477:
  TLE_ECI: r=[7285.78900016 2191.28009272 1298.24069135], v=[ 0.20200677  3.15705577 -6.45417998]
  RK45_ECI: r=[5882.02005361  -34.47784958 5003.7942594 ], v=[ 3.97772755  3.80681111 -4.6266819 ]
Epoch 1174, t=2460388.462750011:
  TLE_ECI: r=[7287.91900902 2288.57865807 1104.13514266], v=[ 0.01080615  3.09879575 -6.48552041]
  RK45_ECI: r=[5907.78237383   -6.92678465 4973.61672068], v=[ 3.94274566  3.80881071 -4.65475388]
Epoch 1175, t=2460388.4628252746:
  TLE_ECI: r=[7284.26755152 2384.09013036  909.16556302], v=[-0.18035132  3.03793355 -6.51178547]
  RK45_ECI: r=[5933.30379576   20.64903398 4943.25708146], v=[ 3.90761965  3.81063858 -4.68265459]
Epoch 1176, t=2460388.462900538:
  TLE_ECI: r=[7274.83907989 2477.73441682  713.48453541], v=[-0.37131292  2.97451702 -6.53295422]
  RK45_ECI: r=[5958.58313705   48.24814227 4912.71674464], v=[ 3.8723513   3.81229455 -4.71038275]
Epoch 1177, t=2460388.462975801:
  TLE_ECI: r=[7259.64267085 2569.43287416  517.24520966], v=[-0.5619261   2.90859617 -6.54900981]
  RK45_ECI: r=[5983.61946844   75.86928919 4881.99683727], v=[ 3.83694208  3.81377842 -4.73793735]
Epoch 1178, t=2460388.4630510644:
  TLE_ECI: r=[7238.69198755 2659.10846149  320.60118014], v=[-0.75203863  2.84022317 -6.55993945]
  RK45_ECI: r=[6008.41221829  103.51162416 4851.09805662], v=[ 3.80139297  3.81509003 -4.76531778]
Epoch 1179, t=2460388.463126328:
  TLE_ECI: r=[7212.00531226 2746.68567782  123.70636297], v=[-0.94149872  2.76945229 -6.56573448]
  RK45_ECI: r=[6032.96012304  131.17354414 4820.02197397], v=[ 3.76570592  3.81622921 -4.79252266]
Epoch 1180, t=2460388.4632015913:
  TLE_ECI: r=[7179.60550113 2832.09071216  -73.28512691], v=[-1.13015512  2.69633986 -6.5663903 ]
  RK45_ECI: r=[6057.26251137  158.85404412 4788.76944163], v=[ 3.7298821   3.81719579 -4.81955125]
Epoch 1181, t=2460388.4632768547:
  TLE_ECI: r=[7141.51997179 2915.25148527 -270.21909904], v=[-1.3178573   2.62094422 -6.56190646]
  RK45_ECI: r=[6081.31826254  186.55165182 4757.3419033 ], v=[ 3.6939233   3.81798962 -4.84640233]
Epoch 1182, t=2460388.4633521177:
  TLE_ECI: r=[7097.78068859 2996.09769055 -466.94141064], v=[-1.50445553  2.54332565 -6.55228659]
  RK45_ECI: r=[6105.12649872  214.26510851 4725.74051814], v=[ 3.65783104  3.81861056 -4.87307492]
Epoch 1183, t=2460388.463427381:
  TLE_ECI: r=[7048.42410014 3074.56093779 -663.29808983], v=[-1.68980106  2.46354636 -6.53753844]
  RK45_ECI: r=[6128.68668216  241.99355755 4693.96600304], v=[ 3.6216063   3.81905846 -4.89956842]
Epoch 1184, t=2460388.4635026446:
  TLE_ECI: r=[6993.49116034 3150.57468599 -859.13545879], v=[-1.87374619  2.3816704  -6.51767387]
  RK45_ECI: r=[6151.99761738  269.73538806 4662.01997342], v=[ 3.58525108  3.81933322 -4.92588151]
Epoch 1185, t=2460388.463577908:
  TLE_ECI: r=[ 6933.02725868  3224.07438435 -1054.30025642], v=[-2.05614442  2.29776364 -6.49270879]
  RK45_ECI: r=[6175.05867353  297.48958857 4629.90330495], v=[ 3.54876654  3.81943468 -4.95201348]
Epoch 1186, t=2460388.4636531714:
  TLE_ECI: r=[ 6867.08219004  3294.99750664 -1248.63976079], v=[-2.23685058  2.21189366 -6.46266322]
  RK45_ECI: r=[6197.86879248  325.25468038 4597.61748078], v=[ 3.51215454  3.81936275 -4.97796313]
Epoch 1187, t=2460388.4637284344:
  TLE_ECI: r=[ 6795.71012229  3363.28358424 -1442.00191098], v=[-2.41572093  2.12412978 -6.42756121]
  RK45_ECI: r=[6220.42714864  353.02939831 4565.16369109], v=[ 3.47541659  3.81911733 -5.00372954]
Epoch 1188, t=2460388.463803698:
  TLE_ECI: r=[ 6718.96951063  3428.87433827 -1634.23542826], v=[-2.59261332  2.03454286 -6.38743084]
  RK45_ECI: r=[6242.73323866  380.81288047 4532.54267168], v=[ 3.43855369  3.8186983  -5.02931212]
Epoch 1189, t=2460388.4638789613:
  TLE_ECI: r=[ 6636.9231065   3491.71360912 -1825.18993673], v=[-2.76738726  1.94320541 -6.34230422]
  RK45_ECI: r=[6264.78593624  408.60351026 4499.75608058], v=[ 3.40156788  3.81810558 -5.05470959]
Epoch 1190, t=2460388.4639542247:
  TLE_ECI: r=[ 6549.63786549  3551.74748454 -2014.7160828 ], v=[-2.93990408  1.85019138 -6.29221739]
  RK45_ECI: r=[6286.58465156  436.40027089 4466.80481601], v=[ 3.36446034  3.81733909 -5.07992127]
Epoch 1191, t=2460388.464029488:
  TLE_ECI: r=[ 6457.18490025  3608.92432551 -2202.66565399], v=[-3.11002701  1.75557618 -6.23721035]
  RK45_ECI: r=[6308.12839009  464.20167849 4433.69039913], v=[ 3.32723294  3.81639876 -5.10494602]
Epoch 1192, t=2460388.464104751:
  TLE_ECI: r=[ 6359.63943074  3663.19479203 -2388.89169649], v=[-3.27762131  1.65943659 -6.17732702]
  RK45_ECI: r=[6329.41637922  492.00646318 4400.41405002], v=[ 3.28988723  3.81528452 -5.12978292]
Epoch 1193, t=2460388.4641800146:
  TLE_ECI: r=[ 6257.0806781   3714.51195959 -2573.24863156], v=[-3.44255439  1.56185068 -6.11261515]
  RK45_ECI: r=[6350.44815046  519.8137589  4366.97652268], v=[ 3.25242422  3.8139963  -5.15443144]
Epoch 1194, t=2460388.464255278:
  TLE_ECI: r=[ 6149.59186164  3762.83124658 -2755.59237078], v=[-3.60469588  1.46289776 -6.04312633]
  RK45_ECI: r=[6371.2226477   547.62194482 4333.3795162 ], v=[ 3.21484597  3.81253407 -5.17889033]
Epoch 1195, t=2460388.4643305414:
  TLE_ECI: r=[ 6037.26008621  3808.11052759 -2935.78042975], v=[-3.7639178   1.36265832 -5.96891589]
  RK45_ECI: r=[6391.73932269  575.42999997 4299.62395045], v=[ 3.1771537   3.81089775 -5.20315894]
Epoch 1196, t=2460388.4644058044:
  TLE_ECI: r=[ 5920.17629093  3850.3101329  -3113.67204048], v=[-3.92009457  1.26121394 -5.89004292]
  RK45_ECI: r=[6411.99715136  603.23630231 4265.71154274], v=[ 3.13934946  3.80908736 -5.22723605]
Epoch 1197, t=2460388.464481068:
  TLE_ECI: r=[ 5798.43512761  3889.39295215 -3289.12826194], v=[-4.07310323  1.15864721 -5.80657012]
  RK45_ECI: r=[6431.99579153  631.04009968 4231.64290305], v=[ 3.10143412  3.80710282 -5.25112126]
Epoch 1198, t=2460388.4645563313:
  TLE_ECI: r=[ 5672.13494923  3925.32436014 -3462.01208934], v=[-4.22282341  1.0550417  -5.71856385]
  RK45_ECI: r=[6451.73424393  658.83976913 4197.41976217], v=[ 3.06340975  3.80494415 -5.27481335]
Epoch 1199, t=2460388.4646315947:
  TLE_ECI: r=[ 5541.37768262  3958.07231705 -3632.18856129], v=[-4.36913753  0.95048185 -5.62609398]
  RK45_ECI: r=[6471.2119016   686.63417109 4163.04321836], v=[ 3.02527775  3.80261132 -5.29831159]
Epoch 1200, t=2460388.464706858:
  TLE_ECI: r=[ 5406.26875476  3987.60737775 -3799.52486532], v=[-4.51193082  0.84505291 -5.52923388]
  RK45_ECI: r=[6490.42816367  714.42216541 4128.51437256], v=[ 2.98703951  3.8001043  -5.32161523]
Epoch 1201, t=2460388.464782121:
  TLE_ECI: r=[ 5266.91701683  4013.90270128 -3963.89044141], v=[-4.65109145  0.73884089 -5.42806033]
  RK45_ECI: r=[6509.38207762  742.20212875 4093.83498076], v=[ 2.94869714  3.79742316 -5.34472313]
Epoch 1202, t=2460388.4648573846:
  TLE_ECI: r=[ 5123.43460718  4036.93413535 -4125.15708343], v=[-4.78651059  0.63193242 -5.32265348]
  RK45_ECI: r=[6528.07333109  769.97330578 4059.0056662 ], v=[ 2.91025149  3.79456785 -5.36763487]
Epoch 1203, t=2460388.464932648:
  TLE_ECI: r=[ 4975.93692828  4056.68014362 -4283.19903873], v=[-4.91808253  0.52441477 -5.21309673]
  RK45_ECI: r=[6546.50099663  797.73407311 4024.02819781], v=[ 2.87170467  3.79153842 -5.3903493 ]
Epoch 1204, t=2460388.4650079114:
  TLE_ECI: r=[ 4824.54250514  4073.12188616 -4437.89310536], v=[-5.0457047   0.41637572 -5.09947669]
  RK45_ECI: r=[6564.66460201  825.48340501 3988.90353225], v=[ 2.83305791  3.78833488 -5.41286584]
Epoch 1205, t=2460388.465083175:
  TLE_ECI: r=[ 4669.37289913  4086.24322    -4589.11872707], v=[-5.1692778   0.30790347 -4.98188314]
  RK45_ECI: r=[6582.56333534  853.21981295 3953.63328944], v=[ 2.79431315  3.7849573  -5.43518344]
Epoch 1206, t=2460388.465158438:
  TLE_ECI: r=[ 4510.55262027  4096.03069922 -4736.75808622], v=[-5.28870585  0.19908664 -4.86040886]
  RK45_ECI: r=[6600.19657585  880.94202049 3918.21876689], v=[ 2.75547198  3.78140571 -5.45730132]
Epoch 1207, t=2460388.4652337013:
  TLE_ECI: r=[ 4348.20897697  4102.47364033 -4880.69619397], v=[-5.40389624  0.09001407 -4.73514963]
  RK45_ECI: r=[6617.56395478  908.64915528 3882.66076566], v=[ 2.71653546  3.77768012 -5.47921899]
Epoch 1208, t=2460388.4653089647:
  TLE_ECI: r=[ 4182.47204425  4105.56405007 -5020.8209785 ], v=[-5.51475986 -0.01922509 -4.60620413]
  RK45_ECI: r=[6634.66461735  936.33959461 3846.96109117], v=[ 2.67750571  3.77378064 -5.50093535]
Epoch 1209, t=2460388.465384228:
  TLE_ECI: r=[ 4013.47450961  4105.29668698 -5157.02337037], v=[-5.62121108 -0.12854159 -4.47367383]
  RK45_ECI: r=[6651.49813414  964.01231183 3811.12071923], v=[ 2.63838397  3.7697073  -5.52244984]
Epoch 1210, t=2460388.4654594916:
  TLE_ECI: r=[ 3841.35157728  4101.66905233 -5289.19738559], v=[-5.72316787 -0.23784608 -4.33766294]
  RK45_ECI: r=[6668.06375987  991.66581984 3775.14130219], v=[ 2.59917221  3.76546022 -5.54376146]
Epoch 1211, t=2460388.4655347546:
  TLE_ECI: r=[ 3666.24087057  4094.68138176 -5417.24020599], v=[-5.82055184 -0.34704919 -4.19827829]
  RK45_ECI: r=[6684.36092912 1019.29884278 3739.02416291], v=[ 2.55987203  3.76103947 -5.56486947]
Epoch 1212, t=2460388.465610018:
  TLE_ECI: r=[ 3488.28227262  4084.33668919 -5541.05225696], v=[-5.91328828 -0.45606168 -4.05562928]
  RK45_ECI: r=[6700.38930934 1046.91050773 3702.7701178 ], v=[ 2.52048449  3.75644509 -5.58577341]
Epoch 1213, t=2460388.4656852814:
  TLE_ECI: r=[ 3307.6178857   4070.64069855 -5660.53728268], v=[-6.00130623 -0.56479438 -3.90982774]
  RK45_ECI: r=[6716.14811915 1074.49919481 3666.38100707], v=[ 2.48101173  3.75167724 -5.60647222]
Epoch 1214, t=2460388.465760545:
  TLE_ECI: r=[ 3124.39186897  4053.60188419 -5775.60241844], v=[-6.08453851 -0.67315835 -3.76098789]
  RK45_ECI: r=[6731.6369723  1102.06387749 3629.85782477], v=[ 2.44145503  3.74673597 -5.62696537]
Epoch 1215, t=2460388.465835808:
  TLE_ECI: r=[ 2938.75034653  4033.23144473 -5886.15826036], v=[-6.16292179 -0.78106493 -3.60922622]
  RK45_ECI: r=[6746.85512079 1129.60293799 3593.20242645], v=[ 2.40181653  3.74162149 -5.64725183]
Epoch 1216, t=2460388.4659110713:
  TLE_ECI: r=[ 2750.84124351  4009.54332939 -5992.11893216], v=[-6.23639658 -0.88842583 -3.45466141]
  RK45_ECI: r=[6761.80226492 1157.11550405 3556.41564208], v=[ 2.3620973   3.73633383 -5.66733116]
Epoch 1217, t=2460388.4659863347:
  TLE_ECI: r=[ 2560.81423897  3982.5541739  -6093.40214937], v=[-6.30490733 -0.99515316 -3.29741422]
  RK45_ECI: r=[6776.47789874 1184.60030143 3519.49881962], v=[ 2.32229897  3.73087312 -5.68720265]
Epoch 1218, t=2460388.466061598:
  TLE_ECI: r=[ 2368.82059933  3952.28332387 -6189.92928048], v=[-6.3684024  -1.10115952 -3.1376074 ]
  RK45_ECI: r=[6790.88138484 1212.05584892 3482.45366005], v=[ 2.28242352  3.72523957 -5.7068654 ]
Epoch 1219, t=2460388.4661368616:
  TLE_ECI: r=[ 2175.01307032  3918.7528105  -6281.62540531], v=[-6.42683417 -1.20635808 -2.9753656 ]
  RK45_ECI: r=[6805.01238048 1239.48112134 3445.2811747 ], v=[ 2.24247221  3.71943324 -5.72631888]
Epoch 1220, t=2460388.4662121246:
  TLE_ECI: r=[ 1979.54576745  3881.98732768 -6368.41937048], v=[-6.48015898 -1.3106626  -2.81081527]
  RK45_ECI: r=[6818.87021199 1266.87450608 3407.9832514 ], v=[ 2.20244722  3.7134544  -5.74556214]
Epoch 1221, t=2460388.466287388:
  TLE_ECI: r=[ 1782.5740084   3842.01423695 -6450.24384187], v=[-6.52833723 -1.41398761 -2.64408458]
  RK45_ECI: r=[6832.45461636 1294.23513254 3370.56073396], v=[ 2.16234962  3.7073031  -5.76459477]
Epoch 1222, t=2460388.4663626514:
  TLE_ECI: r=[ 1584.25425947  3798.86350923 -6527.03535439], v=[-6.57133333 -1.51624833 -2.47530328]
  RK45_ECI: r=[6845.76514387 1321.56172987 3333.01499313], v=[ 2.12218106  3.70097952 -5.78341607]
Epoch 1223, t=2460388.466437915:
  TLE_ECI: r=[ 1384.74396661  3752.56772685 -6598.73435852], v=[-6.60911581 -1.61736082 -2.30460263]
  RK45_ECI: r=[6858.80122524 1348.85282253 3295.34775821], v=[ 2.08194352  3.69448391 -5.80202521]
Epoch 1224, t=2460388.4665131783:
  TLE_ECI: r=[ 1184.20144323  3703.16205184 -6665.28526404], v=[-6.64165725 -1.71724203 -2.13211531]
  RK45_ECI: r=[6871.56256146 1376.10738787 3257.56005685], v=[ 2.04163829  3.68781636 -5.82042169]
Epoch 1225, t=2460388.4665884413:
  TLE_ECI: r=[  982.78575706  3650.68419569 -6726.63648074], v=[-6.66893434 -1.81580986 -1.9579753 ]
  RK45_ECI: r=[6884.04855367 1403.32382071 3219.65380741], v=[ 2.00126754  3.68097719 -5.8386046 ]
Epoch 1226, t=2460388.4666637047:
  TLE_ECI: r=[  780.65656281  3595.1744025  -6782.74045602], v=[-6.69092788 -1.91298326 -1.78231778]
  RK45_ECI: r=[6896.25897588 1430.50125255 3181.62986674], v=[ 1.96083237  3.6739665  -5.85657357]
Epoch 1227, t=2460388.466738968:
  TLE_ECI: r=[  577.97404215  3536.67539854 -6833.55370975], v=[-6.70762279 -2.00868222 -1.60527905]
  RK45_ECI: r=[6908.19343486 1457.63841744 3143.48962707], v=[ 1.92033442  3.66678448 -5.87432793]
Epoch 1228, t=2460388.4668142316:
  TLE_ECI: r=[  374.89873563  3475.23237263 -6879.03686587], v=[-6.7190081  -2.10282788 -1.4269964 ]
  RK45_ECI: r=[6919.85142989 1484.73384748 3105.23484442], v=[ 1.8797757   3.65943143 -5.89186691]
Epoch 1229, t=2460388.4668894946:
  TLE_ECI: r=[  171.59143874  3410.89293716 -6919.15468102], v=[-6.725077   -2.19534255 -1.24760804]
  RK45_ECI: r=[6931.23259813 1511.78628031 3066.86692245], v=[ 1.83915786  3.65190756 -5.90918987]
Epoch 1230, t=2460388.466964758:
  TLE_ECI: r=[  -31.78696321  3343.70709414 -6953.87607014], v=[-6.72582675 -2.28614988 -1.06725297]
  RK45_ECI: r=[6942.33673951 1538.79484926 3028.38672627], v=[ 1.79848199  3.64421301 -5.92629645]
Epoch 1231, t=2460388.4670400214:
  TLE_ECI: r=[ -235.07555955  3273.72719147 -6983.17412913], v=[-6.72125879 -2.37517475 -0.88607089]
  RK45_ECI: r=[6953.16334162 1565.75795977 2989.79620695], v=[ 1.75775029  3.63634812 -5.9431858 ]
Epoch 1232, t=2460388.467115285:
  TLE_ECI: r=[ -438.1135794   3201.00788656 -7007.02615432], v=[-6.71137865 -2.46234346 -0.70420213]
  RK45_ECI: r=[6963.71217589 1592.67459542 2951.09641623], v=[ 1.71696404  3.62831306 -5.95985748]
Epoch 1233, t=2460388.4671905483:
  TLE_ECI: r=[ -640.740506    3125.60610301 -7025.41365892], v=[-6.69619596 -2.54758372 -0.52178748]
  RK45_ECI: r=[6973.98281053 1619.54329734 2912.2891352 ], v=[ 1.67612527  3.62010818 -5.97631074]
Epoch 1234, t=2460388.4672658113:
  TLE_ECI: r=[ -842.79619194  3047.58098913 -7038.32238652], v=[-6.67572449 -2.63082472 -0.33896814]
  RK45_ECI: r=[6983.97493974 1646.36281003 2873.37578698], v=[ 1.63523563  3.61173371 -5.99254501]
Epoch 1235, t=2460388.4673410747:
  TLE_ECI: r=[-1044.12101923  2966.99386318 -7045.74232133], v=[-6.64998204 -2.71199724 -0.15588562]
  RK45_ECI: r=[6993.68840053 1673.13227114 2834.35724836], v=[ 1.59429622  3.60318983 -6.00855994]
Epoch 1236, t=2460388.467416338:
  TLE_ECI: r=[-1244.55596808  2883.9081789  -7047.66769562], v=[-6.61899053 -2.79103362  0.0273184 ]
  RK45_ECI: r=[7003.12275625 1699.85009712 2795.23549705], v=[ 1.55330924  3.59447693 -6.02435473]
Epoch 1237, t=2460388.4674916016:
  TLE_ECI: r=[-1443.9427764   2798.38946861 -7044.09699388], v=[-6.58277591 -2.86786783  0.21050214]
  RK45_ECI: r=[7012.27782257 1726.51527689 2756.01159856], v=[ 1.51227599  3.58559521 -6.03992898]
Epoch 1238, t=2460388.467566865:
  TLE_ECI: r=[-1642.12405286  2710.50529446 -7035.03295399], v=[-6.54136816 -2.94243557  0.39352382]
  RK45_ECI: r=[7021.15323693 1753.12636237 2716.68735741], v=[ 1.47119849  3.57654506 -6.055282  ]
Epoch 1239, t=2460388.467642128:
  TLE_ECI: r=[-1838.9433908   2620.32520164 -7020.48256538], v=[-6.4948013  -3.01467424  0.5762418 ]
  RK45_ECI: r=[7029.74875066 1779.68210665 2677.26421485], v=[ 1.43007842  3.56732676 -6.07041325]
Epoch 1240, t=2460388.4677173914:
  TLE_ECI: r=[-2034.24552013  2527.92064385 -7000.457064  ], v=[-6.44311329 -3.08452313  0.75851463]
  RK45_ECI: r=[7038.06423808 1806.18165218 2637.74305848], v=[ 1.38891685  3.5579405  -6.0853224 ]
Epoch 1241, t=2460388.467792655:
  TLE_ECI: r=[-2227.87638043  2433.3649584  -6974.97192438], v=[-6.38634608 -3.1519233   0.94020121]
  RK45_ECI: r=[7046.09933851 1832.62342842 2598.12589084], v=[ 1.34771602  3.54838674 -6.10000872]
Epoch 1242, t=2460388.4678679183:
  TLE_ECI: r=[-2419.68327162  2336.73328981 -6944.04684853], v=[-6.32454554 -3.21681773  1.12116081]
  RK45_ECI: r=[7053.85391196 1859.00643082 2558.41379022], v=[ 1.30647721  3.53866569 -6.11447184]
Epoch 1243, t=2460388.4679431817:
  TLE_ECI: r=[-2609.51496422  2238.10253643 -6907.70575177], v=[-6.25776142 -3.27915132  1.30125328]
  RK45_ECI: r=[7061.32766532 1885.32922374 2518.60858287], v=[ 1.26520247  3.52877779 -6.12871111]
Epoch 1244, t=2460388.4680184447:
  TLE_ECI: r=[-2797.22181015  2137.55129894 -6865.97674561], v=[-6.18604737 -3.33887097  1.48033905]
  RK45_ECI: r=[7068.52040724 1911.59057006 2478.71172682], v=[ 1.22389346  3.51872338 -6.14272604]
Epoch 1245, t=2460388.468093708:
  TLE_ECI: r=[-2982.65588413  2035.15978726 -6818.89211737], v=[-6.10946079 -3.39592564  1.6582793 ]
  RK45_ECI: r=[7075.43204932 1937.78961817 2438.72411968], v=[ 1.18255126  3.50850266 -6.15651632]
Epoch 1246, t=2460388.4681689716:
  TLE_ECI: r=[-3165.67105996  1931.00980554 -6766.48830702], v=[-6.02806293 -3.45026633  1.83493602]
  RK45_ECI: r=[7082.06230713 1963.92481223 2398.64778694], v=[ 1.14117812  3.49811613 -6.17008129]
Epoch 1247, t=2460388.468244235:
  TLE_ECI: r=[-3346.12315007  1825.18465737 -6708.80588079], v=[-5.94191874 -3.50184615  2.01017215]
  RK45_ECI: r=[7088.411085   1989.99515548 2358.48381865], v=[ 1.09977533  3.48756405 -6.1834206 ]
Epoch 1248, t=2460388.468319498:
  TLE_ECI: r=[-3523.87000597  1717.76909897 -6645.88950176], v=[-5.85109688 -3.55062035  2.18385164]
  RK45_ECI: r=[7094.47813309 2015.99909922 2318.23425019], v=[ 1.05834511  3.47684694 -6.19653359]
Epoch 1249, t=2460388.4683947614:
  TLE_ECI: r=[-3698.77164963  1608.84923203 -6577.78789747], v=[-5.75566965 -3.59654643  2.35583958]
  RK45_ECI: r=[7100.26342762 2041.93590416 2277.89979826], v=[ 1.01688837  3.46596499 -6.20942006]
Epoch 1250, t=2460388.468470025:
  TLE_ECI: r=[-3870.6903514   1498.51249677 -6504.55382452], v=[-5.65571294 -3.63958407  2.5260023 ]
  RK45_ECI: r=[7105.76674524 2067.80402747 2237.48250536], v=[ 0.97540735  3.45491871 -6.22207937]
Epoch 1251, t=2460388.4685452883:
  TLE_ECI: r=[-4039.49075893  1386.84756352 -6426.2440301 ], v=[-5.55130619 -3.67969525  2.69420743]
  RK45_ECI: r=[7110.98799727 2093.60237427 2196.9836605 ], v=[ 0.93390353  3.44370847 -6.23451114]
Epoch 1252, t=2460388.4686205518:
  TLE_ECI: r=[-4205.03999761  1273.94427327 -6342.91921053], v=[-5.44253232 -3.7168442   2.86032407]
  RK45_ECI: r=[7115.92710156 2119.32985026 2156.40455397], v=[ 0.89237838  3.4323346  -6.24671501]
Epoch 1253, t=2460388.4686958147:
  TLE_ECI: r=[-4367.20777173  1159.89357899 -6254.64396687], v=[-5.32947769 -3.75099754  3.02422282]
  RK45_ECI: r=[7120.58388449 2144.98492462 2115.74724137], v=[ 0.85083414  3.42079766 -6.25869037]
Epoch 1254, t=2460388.468771078:
  TLE_ECI: r=[-4525.8664806   1044.78742399 -6161.48675749], v=[-5.21223201 -3.78212424  3.18577593]
  RK45_ECI: r=[7124.95835334 2170.56686359 2075.0124459 ], v=[ 0.80927171  3.40909787 -6.27043704]
Epoch 1255, t=2460388.4688463416:
  TLE_ECI: r=[-4680.8912979    928.71874376 -6063.51984771], v=[-5.09088831 -3.81019565  3.34485737]
  RK45_ECI: r=[7129.05036109 2196.07414251 2034.20222964], v=[ 0.76769333  3.3972358  -6.28195445]
Epoch 1256, t=2460388.468921605:
  TLE_ECI: r=[-4832.16028475   811.78134299 -5960.81925651], v=[-4.96554284 -3.83518558  3.50134294]
  RK45_ECI: r=[7132.85986983 2221.50567767 1993.3178933 ], v=[ 0.72610048  3.38521183 -6.29324224]
Epoch 1257, t=2460388.4689968685:
  TLE_ECI: r=[-4979.55448255   694.06983315 -5853.46470032], v=[-4.83629505 -3.85707025  3.65511035]
  RK45_ECI: r=[7136.38684796 2246.86038671 1952.36073876], v=[ 0.68449464  3.37302634 -6.30430009]
Epoch 1258, t=2460388.4690721314:
  TLE_ECI: r=[-5122.95800571   575.67957207 -5741.53953388], v=[-4.70324748 -3.87582837  3.80603934]
  RK45_ECI: r=[7139.63119838 2272.13675749 1911.33283995], v=[ 0.64287804  3.36067994 -6.31512747]
Epoch 1259, t=2460388.469147395:
  TLE_ECI: r=[-5262.25814091   456.70652819 -5625.13068826], v=[-4.56650566 -3.89144121  3.95401175]
  RK45_ECI: r=[7142.59295917 2297.33406328 1870.23492587], v=[ 0.60125159  3.34817286 -6.32572419]
Epoch 1260, t=2460388.4692226583:
  TLE_ECI: r=[-5397.34542581   337.24729239 -5504.32860605], v=[-4.4261781  -3.90389248  4.09891165]
  RK45_ECI: r=[7145.27205975 2322.45079884 1829.06907629], v=[ 0.55961751  3.33550573 -6.33608975]
Epoch 1261, t=2460388.4692979218:
  TLE_ECI: r=[-5528.11374438   217.39894146 -5379.2271737 ], v=[-4.28237617 -3.91316849  4.2406254 ]
  RK45_ECI: r=[7147.66852858 2347.4859947  1787.83640875], v=[ 0.5179771   3.32267889 -6.34622389]
Epoch 1262, t=2460388.469373185:
  TLE_ECI: r=[-5654.46040989    97.25897487 -5249.92365108], v=[-4.13521404 -3.91925809  4.37904175]
  RK45_ECI: r=[7149.78233727 2372.43827697 1746.53881649], v=[ 0.47633241  3.30969294 -6.35612617]
Epoch 1263, t=2460388.469448448:
  TLE_ECI: r=[-5776.28624754   -23.07474747 -5116.51859835], v=[-3.98480858 -3.9221527   4.51405194]
  RK45_ECI: r=[7151.61351251 2397.30645844 1705.17780885], v=[ 0.43468509  3.29654837 -6.36579625]
Epoch 1264, t=2460388.4695237116:
  TLE_ECI: r=[-5893.49567445  -143.50415173 -4979.1158    ], v=[-3.83127925 -3.92184637  4.64554977]
  RK45_ECI: r=[7153.16210726 2422.08971865 1663.75431366], v=[ 0.39303624  3.28324547 -6.37523394]
Epoch 1265, t=2460388.469598975:
  TLE_ECI: r=[-6005.9967762   -263.9309293  -4837.82218639], v=[-3.67474804 -3.91833573  4.77343172]
  RK45_ECI: r=[7154.42812725 2446.78657378 1622.27042641], v=[ 0.35138808  3.26978492 -6.38443878]
Epoch 1266, t=2460388.4696742385:
  TLE_ECI: r=[-6113.70138209  -384.25668343 -4692.74775251], v=[-3.51533941 -3.91162003  4.89759702]
  RK45_ECI: r=[7155.41164517 2471.39606584 1580.72727249], v=[ 0.30974191  3.25616711 -6.39341056]
Epoch 1267, t=2460388.4697495014:
  TLE_ECI: r=[-6216.52513795  -504.38297522 -4544.00547426], v=[-3.35318014 -3.90170112  5.01794772]
  RK45_ECI: r=[7156.11270121 2495.91672142 1539.126954  ], v=[ 0.26809996  3.24239273 -6.40214883]
Epoch 1268, t=2460388.469824765:
  TLE_ECI: r=[-6314.38756926  -624.21147636 -4391.71122216], v=[-3.18839921 -3.88858354  5.1343888 ]
  RK45_ECI: r=[7156.53138177 2520.3477294  1497.47040434], v=[ 0.2264633   3.22846211 -6.41065344]
Epoch 1269, t=2460388.4699000283:
  TLE_ECI: r=[-6407.21215466  -743.64394183 -4235.98367261], v=[-3.0211278  -3.87227441  5.24682822]
  RK45_ECI: r=[7156.66777426 2544.68791983 1455.7591433 ], v=[ 0.18483361  3.21437577 -6.41892408]
Epoch 1270, t=2460388.4699752918:
  TLE_ECI: r=[-6494.92638372  -862.58236271 -4076.94421675], v=[-2.8514991  -3.8527835   5.35517705]
  RK45_ECI: r=[7156.52196138 2568.93595185 1413.99508487], v=[ 0.14321291  3.20013437 -6.42696042]
Epoch 1271, t=2460388.470050555:
  TLE_ECI: r=[-6577.4618176   -980.92902918 -3914.71686692], v=[-2.67964824 -3.83012322  5.45934947]
  RK45_ECI: r=[7156.09405976 2593.0908805  1372.17936123], v=[ 0.10160249  3.18573832 -6.43476224]
Epoch 1272, t=2460388.470125818:
  TLE_ECI: r=[-6654.75414852 -1098.58659203 -3749.42816088], v=[-2.50571219 -3.80430859  5.55926294]
  RK45_ECI: r=[7155.38418565 2617.15125601 1330.31408739], v=[ 0.06000458  3.17118837 -6.44232919]
Epoch 1273, t=2460388.4702010816:
  TLE_ECI: r=[-6726.74324027 -1215.45822114 -3581.20706378], v=[-2.32982961 -3.77535731  5.6548382 ]
  RK45_ECI: r=[7154.39246228 2641.11627848 1288.40020188], v=[ 0.01842024  3.15648487 -6.44966112]
Epoch 1274, t=2460388.470276345:
  TLE_ECI: r=[-6793.37319619 -1331.44756991 -3410.18486802], v=[-2.1521408  -3.74328964  5.74599935]
  RK45_ECI: r=[7153.11903394 2664.98479576 1246.43923317], v=[-0.02314886  3.14162836 -6.45675779]
Epoch 1275, t=2460388.4703516085:
  TLE_ECI: r=[-6854.59239362 -1446.45893288 -3236.49509094], v=[-1.97278754 -3.70812846  5.83267395]
  RK45_ECI: r=[7151.56405253 2688.75548954 1204.43310591], v=[-0.06470069  3.12661956 -6.46361889]
Epoch 1276, t=2460388.470426872:
  TLE_ECI: r=[-6910.35352965 -1560.39730656 -3060.27337067], v=[-1.79191299 -3.66989926  5.91479307]
  RK45_ECI: r=[7149.72767841 2712.42742876 1162.38295803], v=[-0.10623398  3.11145891 -6.47024426]
Epoch 1277, t=2460388.470502135:
  TLE_ECI: r=[-6960.61366536 -1673.16844861 -2881.65735991], v=[-1.6096616  -3.6286301   5.99229134]
  RK45_ECI: r=[7147.61010363 2735.99918908 1120.29091556], v=[-0.1477465   3.09614719 -6.4766336 ]
Epoch 1278, t=2460388.4705773983:
  TLE_ECI: r=[-7005.33424227 -1784.67903862 -2700.786618  ], v=[-1.42617891 -3.58435159  6.06510702]
  RK45_ECI: r=[7145.211488   2759.46998269 1078.15792122], v=[-0.1892372   3.08068478 -6.48278678]
Epoch 1279, t=2460388.4706526618:
  TLE_ECI: r=[-7044.48114297 -1894.83663479 -2517.80250114], v=[-1.24161156 -3.53709691  6.13318206]
  RK45_ECI: r=[7142.53203238 2782.83867668 1035.98551081], v=[-0.23070442  3.06507227 -6.48870361]
Epoch 1280, t=2460388.470727925:
  TLE_ECI: r=[-7078.0247012  -2003.54983248 -2332.84805107], v=[-1.05610703 -3.48690173  6.19646214]
  RK45_ECI: r=[7139.57195767 2806.10397649  993.77561783], v=[-0.27214614  3.0493104  -6.49438384]
Epoch 1281, t=2460388.4708031886:
  TLE_ECI: r=[-7105.93973097 -2110.72832218 -2146.0678821 ], v=[-0.86981363 -3.43380422  6.25489674]
  RK45_ECI: r=[7136.33146765 2829.26496617  951.52938494], v=[-0.3135611   3.03339965 -6.49982734]
Epoch 1282, t=2460388.4708784516:
  TLE_ECI: r=[-7128.20555436 -2216.28294458 -1957.60806671], v=[-0.68288032 -3.37784502  6.30843917]
  RK45_ECI: r=[7132.81082974 2852.32024856  909.24894722], v=[-0.35494708  3.01734084 -6.50503386]
Epoch 1283, t=2460388.470953715:
  TLE_ECI: r=[-7144.80599314 -2320.12584963 -1767.61601989], v=[-0.49545657 -3.31906719  6.35704662]
  RK45_ECI: r=[7129.01024015 2875.26904868  866.93525073], v=[-0.39630302  3.00113437 -6.51000331]
Epoch 1284, t=2460388.4710289785:
  TLE_ECI: r=[-7155.72942043 -2422.1704463  -1576.24038198], v=[-0.30769227 -3.25751622  6.40068021]
  RK45_ECI: r=[7124.92995608 2898.11025384  824.58983716], v=[-0.43762728  2.98478088 -6.51473553]
Epoch 1285, t=2460388.471104242:
  TLE_ECI: r=[-7160.96874531 -2522.33155958 -1383.63090065], v=[-0.11973762 -3.19323995  6.439305  ]
  RK45_ECI: r=[7120.57026685 2920.84259529  782.21464713], v=[-0.47891786  2.96828114 -6.51923034]
Epoch 1286, t=2460388.471179505:
  TLE_ECI: r=[-7160.52143268 -2620.52546122 -1189.93831159], v=[ 0.06825704 -3.12628853  6.47289006]
  RK45_ECI: r=[7115.93145983 2943.46497191  739.81122509], v=[-0.52017311  2.95163581 -6.52348758]
Epoch 1287, t=2460388.4712547683:
  TLE_ECI: r=[-7154.38947481 -2716.67002519  -995.31421845], v=[ 0.25614136 -3.05671444  6.50140845]
  RK45_ECI: r=[7111.01375632 2965.9766182   697.38051879], v=[-0.56139198  2.93484529 -6.52750721]
Epoch 1288, t=2460388.4713300318:
  TLE_ECI: r=[-7142.57943486 -2810.68467193  -799.9109718 ], v=[ 0.44376507 -2.98457238  6.52483731]
  RK45_ECI: r=[7105.81750969 2988.37616998  654.9246712 ], v=[-0.60257228  2.91791048 -6.53128902]
Epoch 1289, t=2460388.471405295:
  TLE_ECI: r=[-7125.10241131 -2902.49052117  -603.88154745], v=[ 0.63097814 -2.90991925  6.54315782]
  RK45_ECI: r=[7100.34299269 3010.6627372   612.44483032], v=[-0.64371275  2.90083188 -6.53483295]
Epoch 1290, t=2460388.4714805586:
  TLE_ECI: r=[-7101.97403583 -2992.01043855  -407.37942422], v=[ 0.81763086 -2.83281412  6.55635526]
  RK45_ECI: r=[7094.59056269 3032.83507809  569.94294214], v=[-0.6848114   2.88361031 -6.53813887]
Epoch 1291, t=2460388.4715558216:
  TLE_ECI: r=[-7073.21446897 -3079.16908085  -210.5584611 ], v=[ 1.00357403 -2.75331817  6.564419  ]
  RK45_ECI: r=[7088.56056283 3054.89211373  527.42055478], v=[-0.7258666   2.86624647 -6.54120666]
Epoch 1292, t=2460388.471631085:
  TLE_ECI: r=[-7038.84834696 -3163.89304388   -13.57277419], v=[ 1.18865907 -2.67149461  6.56734252]
  RK45_ECI: r=[7082.25325015 3076.83309312  484.87861788], v=[-0.76687731  2.84874077 -6.54403631]
Epoch 1293, t=2460388.4717063485:
  TLE_ECI: r=[-6998.90481418 -3246.1108005    183.42338677], v=[ 1.37273811 -2.58740867  6.56512344]
  RK45_ECI: r=[7075.66905241 3098.65668257  442.31927927], v=[-0.80784135  2.83109415 -6.54662767]
Epoch 1294, t=2460388.471781612:
  TLE_ECI: r=[-6953.41746291 -3325.75284518   380.27576188], v=[ 1.55566416 -2.50112754  6.55776345]
  RK45_ECI: r=[7068.80828502 3120.36200948  399.74368893], v=[-0.84875748  2.81330715 -6.54898072]
Epoch 1295, t=2460388.4718568753:
  TLE_ECI: r=[-6902.4243133  -3402.7517331    576.83020462], v=[ 1.73729119 -2.41272028  6.54526841]
  RK45_ECI: r=[7061.6713729  3141.9478605   357.15379639], v=[-0.88962371  2.79538063 -6.55109536]
Epoch 1296, t=2460388.4719321383:
  TLE_ECI: r=[-6845.96779116 -3477.04211796   772.93280533], v=[ 1.91747431 -2.32225779  6.52764825]
  RK45_ECI: r=[7054.25871434 3163.41318033  314.55115207], v=[-0.93043843  2.77731531 -6.55297154]
Epoch 1297, t=2460388.4720074018:
  TLE_ECI: r=[-6784.09465129 -3548.56088828   968.4300143 ], v=[ 2.09606985 -2.22981273  6.50491703]
  RK45_ECI: r=[7046.57060193 3184.75723304  271.93670662], v=[-0.97120062  2.75911163 -6.55460926]
Epoch 1298, t=2460388.472082665:
  TLE_ECI: r=[-6716.85599803 -3617.2471009   1163.16876484], v=[ 2.27293551 -2.13545948  6.47709289]
  RK45_ECI: r=[7038.60753724 3205.97871697  229.31261076], v=[-1.0119081   2.74077058 -6.55600845]
Epoch 1299, t=2460388.4721579286:
  TLE_ECI: r=[-6644.30720166 -3683.04211398  1356.99659557], v=[ 2.44793043 -2.03927405  6.44419803]
  RK45_ECI: r=[7030.36987778 3227.07677816  186.6800154 ], v=[-1.05255965  2.7222927  -6.5571691 ]
Epoch 1300, t=2460388.4722331916:
  TLE_ECI: r=[-6566.50787215 -3745.8895979   1549.76177236], v=[ 2.62091538 -1.94133406  6.40625872]
  RK45_ECI: r=[7021.85815836 3248.05012993  144.04107197], v=[-1.09315311  2.70367901 -6.55809117]
Epoch 1301, t=2460388.472308455:
  TLE_ECI: r=[-6483.52176477 -3805.73566078  1741.31340938], v=[ 2.79175283 -1.84171857  6.36330525]
  RK45_ECI: r=[7013.07270335 3268.89805088  101.39673139], v=[-1.13368746  2.68492996 -6.55877468]
Epoch 1302, t=2460388.4723837185:
  TLE_ECI: r=[-6395.41679124 -3862.52877853  1931.50158964], v=[ 2.96030707 -1.74050817  6.3153719 ]
  RK45_ECI: r=[7004.01396909 3289.61951184   58.74854484], v=[-1.17416111  2.66604631 -6.55921961]
Epoch 1303, t=2460388.472458982:
  TLE_ECI: r=[-6302.26491869 -3916.21991665  2120.17748438], v=[ 3.12644433 -1.63778475  6.26249693]
  RK45_ECI: r=[6994.68248736 3310.21334779   16.09846383], v=[-1.21457209  2.64702898 -6.55942598]
Epoch 1304, t=2460388.4725342453:
  TLE_ECI: r=[-6204.1421195  -3966.76255278  2307.19347151], v=[ 3.2900329  -1.53363154  6.20472253]
  RK45_ECI: r=[6985.07865742 3330.67872419  -26.55236084], v=[-1.25491919  2.62787856 -6.55939381]
Epoch 1305, t=2460388.4726095083:
  TLE_ECI: r=[-6101.12831863 -4014.11269878  2492.403253  ], v=[ 3.4509432  -1.428133    6.14209476]
  RK45_ECI: r=[6975.20308681 3351.01438873  -69.20177771], v=[-1.29520029  2.60859607 -6.55912312]
Epoch 1306, t=2460388.4726847718:
  TLE_ECI: r=[-5993.30727944 -4058.22900976  2675.66197084], v=[ 3.60904796 -1.3213747   6.07466355]
  RK45_ECI: r=[6965.056094   3371.21971546 -111.84903663], v=[-1.33541454  2.58918193 -6.55861394]
Epoch 1307, t=2460388.472760035:
  TLE_ECI: r=[-5880.76660264 -4099.07271196  2856.82632198], v=[ 3.76422224 -1.21344335  6.00248262]
  RK45_ECI: r=[6954.6383115  3391.29346444 -154.49198662], v=[-1.37555983  2.56963719 -6.55786633]
Epoch 1308, t=2460388.4728352986:
  TLE_ECI: r=[-5763.59760647 -4136.60770739  3035.75467154], v=[ 3.91634357 -1.10442663  5.92560946]
  RK45_ECI: r=[6943.95021487 3411.23473942 -197.12927764], v=[-1.41563477  2.54996253 -6.55688033]
Epoch 1309, t=2460388.472910562:
  TLE_ECI: r=[-5641.8952611  -4170.80058714  3212.30716463], v=[ 4.06529207 -0.99441316  5.84410523]
  RK45_ECI: r=[6932.99228529 3431.04264733 -239.75955995], v=[-1.45563797  2.53015866 -6.55565599]
Epoch 1310, t=2460388.472985825:
  TLE_ECI: r=[-5515.75812129 -4201.62064351  3386.34583654], v=[ 4.21095049 -0.88349243  5.75803477]
  RK45_ECI: r=[6921.76520236 3450.71597143 -282.38068396], v=[-1.49556731  2.51022665 -6.55419342]
Epoch 1311, t=2460388.4730610885:
  TLE_ECI: r=[-5385.28819477 -4229.03996119  3557.73472106], v=[ 4.35320437 -0.77175467  5.66746648]
  RK45_ECI: r=[6910.26931261 3470.25410053 -324.99190087], v=[-1.535422    2.49016691 -6.55249265]
Epoch 1312, t=2460388.473136352:
  TLE_ECI: r=[-5250.59093065 -4253.03334277  3726.33995731], v=[ 4.49194207 -0.65929084  5.57247228]
  RK45_ECI: r=[6898.50532051 3489.65583034 -367.59106227], v=[-1.57519991  2.46998055 -6.5505538 ]
Epoch 1313, t=2460388.4732116153:
  TLE_ECI: r=[-5111.77508215 -4273.57839641  3892.0298943 ], v=[ 4.62705489 -0.54619252  5.47312757]
  RK45_ECI: r=[6886.4737483  3508.92028919 -410.1768204 ], v=[-1.61489968  2.44966827 -6.54837695]
Epoch 1314, t=2460388.473286879:
  TLE_ECI: r=[-4968.9526286  -4290.65553801  4054.6751938 ], v=[ 4.75843713 -0.43255183  5.36951112]
  RK45_ECI: r=[6874.17512394 3528.04660833 -452.7478279 ], v=[-1.65451995  2.42923081 -6.5459622 ]
Epoch 1315, t=2460388.4733621418:
  TLE_ECI: r=[-4822.23869511 -4304.2479938   4214.14893096], v=[ 4.88598622 -0.31846137  5.26170505]
  RK45_ECI: r=[6861.61019835 3547.03360782 -495.30193906], v=[-1.69405863  2.40866927 -6.5433097 ]
Epoch 1316, t=2460388.473437405:
  TLE_ECI: r=[-4671.75140645 -4314.34187206  4370.32669286], v=[ 5.00960271 -0.20401411  5.14979468]
  RK45_ECI: r=[6848.77934571 3565.88069177 -537.83840706], v=[-1.7335149   2.38798409 -6.54041952]
Epoch 1317, t=2460388.4735126686:
  TLE_ECI: r=[-4517.61186538 -4320.9260884   4523.08667494], v=[ 5.12919045 -0.08930333  5.03386856]
  RK45_ECI: r=[6835.68334135 3584.58669354 -580.35508805], v=[-1.7728867   2.36717641 -6.53729182]
Epoch 1318, t=2460388.473587932:
  TLE_ECI: r=[-4359.94400229 -4323.99243351  4672.30977504], v=[5.24465656 0.02557743 4.91401831]
  RK45_ECI: r=[6822.32269848 3603.15083806 -622.85083712], v=[-1.81217285  2.34624686 -6.53392672]
Epoch 1319, t=2460388.473663195:
  TLE_ECI: r=[-4198.87449862 -4323.53555329  4817.87968512], v=[5.35591159 0.14053447 4.79033855]
  RK45_ECI: r=[6808.69822423 3621.57197619 -665.32351307], v=[-1.85137128  2.3251966  -6.53032441]
Epoch 1320, t=2460388.4737384585:
  TLE_ECI: r=[-4034.53263231 -4319.55300358  4959.68298053], v=[5.46286949 0.25547407 4.66292687]
  RK45_ECI: r=[6794.81037247 3639.84945408 -707.77217201], v=[-1.89048102  2.30402617 -6.526485  ]
Epoch 1321, t=2460388.473813722:
  TLE_ECI: r=[-3867.05024796 -4312.04517718  5097.60920698], v=[5.56544776 0.37030244 4.5318837 ]
  RK45_ECI: r=[6780.65980136 3657.98234726 -750.19527258], v=[-1.92950054  2.28273643 -6.52240866]
Epoch 1322, t=2460388.4738889853:
  TLE_ECI: r=[-3696.5615989  -4301.01535446  5231.55096485], v=[5.66356745 0.4849259  4.39731224]
  RK45_ECI: r=[6766.24728906 3675.9696188  -792.59087667], v=[-1.96842799  2.26132845 -6.51809558]
Epoch 1323, t=2460388.473964249:
  TLE_ECI: r=[-3523.20325033 -4286.46968862  5361.4039909 ], v=[5.75715323 0.59925091 4.25931836]
  RK45_ECI: r=[6751.57338839 3693.81051657 -834.95784345], v=[-2.00726219  2.2398029  -6.51354592]
Epoch 1324, t=2460388.4740395118:
  TLE_ECI: r=[-3347.11398127 -4268.41719103  5487.0672375 ], v=[5.84613345 0.71318414 4.11801055]
  RK45_ECI: r=[6736.63897599 3711.50393087 -877.29403906], v=[-2.04600113  2.21816095 -6.50875992]
Epoch 1325, t=2460388.474114775:
  TLE_ECI: r=[-3168.43462189 -4246.86976443  5608.44294901], v=[5.93044017 0.82663261 3.97349978]
  RK45_ECI: r=[6721.44453846 3729.04922763 -919.59852352], v=[-2.08464383  2.19640318 -6.50373773]
Epoch 1326, t=2460388.4741900386:
  TLE_ECI: r=[-2987.30801554 -4221.84213281  5725.43673567], v=[6.01000924 0.93950368 3.82589945]
  RK45_ECI: r=[6705.99078551 3746.44551211 -961.86976141], v=[-2.12318879  2.17453048 -6.49847954]
Epoch 1327, t=2460388.474265302:
  TLE_ECI: r=[-2803.87885308 -4193.35187116  5837.95764455], v=[6.08478029 1.05170516 3.67532528]
  RK45_ECI: r=[ 6690.2785579   3763.69178443 -1004.10582235], v=[-2.16163418  2.15254393 -6.49298562]
Epoch 1328, t=2460388.4743405655:
  TLE_ECI: r=[-2618.29356963 -4161.4193812   5945.91822782], v=[6.1546968  1.16314539 3.5218952 ]
  RK45_ECI: r=[ 6674.30844738  3780.78731613 -1046.30557062], v=[-2.19997886  2.13044423 -6.48725614]
Epoch 1329, t=2460388.4744158285:
  TLE_ECI: r=[-2430.70023941 -4126.06786821  6049.23460815], v=[6.21970616 1.27373329 3.36572928]
  RK45_ECI: r=[ 6658.08139915  3797.73103818 -1088.46688166], v=[-2.23822082  2.1082326  -6.48129142]
Epoch 1330, t=2460388.474491092:
  TLE_ECI: r=[-2241.24840877 -4087.32335223  6147.82654125], v=[6.27975963 1.38337849 3.20694966]
  RK45_ECI: r=[ 6641.59793204  3814.52233681 -1130.58882019], v=[-2.27635912  2.08590962 -6.47509161]
Epoch 1331, t=2460388.4745663553:
  TLE_ECI: r=[-2050.08905026 -4045.21460284  6241.61747567], v=[6.33481244 1.49199133 3.04568038]
  RK45_ECI: r=[ 6624.85880626  3831.16034849 -1172.66985813], v=[-2.31439229  2.06347622 -6.46865697]
Epoch 1332, t=2460388.474641619:
  TLE_ECI: r=[-1857.37439369 -3999.77314704  6330.53460948], v=[6.38482377 1.59948293 2.88204734]
  RK45_ECI: r=[ 6607.86492436  3847.64411117 -1214.70807459], v=[-2.3523185   2.0409335  -6.46198781]
Epoch 1333, t=2460388.474716882:
  TLE_ECI: r=[-1663.25781791 -3951.03323679  6414.5089442 ], v=[6.42975681 1.70576534 2.71617819]
  RK45_ECI: r=[ 6590.61691634  3863.97292089 -1256.70233997], v=[-2.39013665  2.0182822  -6.45508433]
Epoch 1334, t=2460388.474792145:
  TLE_ECI: r=[-1467.89374078 -3899.03181788  6493.47533572], v=[6.46957876 1.81075149 2.54820222]
  RK45_ECI: r=[ 6573.1157947   3880.14575081 -1298.65054088], v=[-2.42784475  1.99552355 -6.4479469 ]
Epoch 1335, t=2460388.4748674086:
  TLE_ECI: r=[-1271.43745148 -3843.80851905  6567.37254211], v=[6.5042608  1.91435541 2.37825029]
  RK45_ECI: r=[ 6555.36211001  3896.16200796 -1340.55174765], v=[-2.46544189  1.97265816 -6.44057572]
Epoch 1336, t=2460388.474942672:
  TLE_ECI: r=[-1074.04505732 -3785.40559319  6636.14326883], v=[6.53377822 2.01649214 2.20645467]
  RK45_ECI: r=[ 6537.35667208  3912.02086101 -1382.40444089], v=[-2.50292661  1.94968698 -6.43297107]
Epoch 1337, t=2460388.4750179355:
  TLE_ECI: r=[ -875.87331484 -3723.8679035   6699.73421051], v=[6.55811032 2.11707787 2.03294902]
  RK45_ECI: r=[ 6519.10044421  3927.72138684 -1424.2067109 ], v=[-2.54029713  1.92661116 -6.42513332]
Epoch 1338, t=2460388.4750931985:
  TLE_ECI: r=[ -677.07952925 -3659.2428816   6758.09608998], v=[6.57724047 2.21603    1.85786823]
  RK45_ECI: r=[ 6500.59426283  3943.26277157 -1465.95704358], v=[-2.57755201  1.90343165 -6.41706278]
Epoch 1339, t=2460388.475168462:
  TLE_ECI: r=[ -477.82138804 -3591.58049933  6811.18369414], v=[6.59115611 2.31326723 1.68134832]
  RK45_ECI: r=[ 6481.83869989  3958.64443749 -1507.65451357], v=[-2.61469034  1.88014908 -6.40875965]
Epoch 1340, t=2460388.4752437253:
  TLE_ECI: r=[ -278.25690298 -3520.93321587  6858.95590693], v=[6.59984874 2.40870957 1.5035264 ]
  RK45_ECI: r=[ 6462.83484372  3973.86540735 -1549.29702268], v=[-2.65171018  1.85676472 -6.40022438]
Epoch 1341, t=2460388.475318989:
  TLE_ECI: r=[  -78.5442431  -3447.35594694  6901.37573918], v=[6.60331394 2.50227841 1.32454047]
  RK45_ECI: r=[ 6443.58338397  3988.92501813 -1590.8834532 ], v=[-2.68861046  1.83327934 -6.39145721]
Epoch 1342, t=2460388.475394252:
  TLE_ECI: r=[  121.15837757 -3370.90601954  6938.41035535], v=[6.60155136 2.59389661 1.14452942]
  RK45_ECI: r=[ 6424.08534348  4003.82238695 -1632.41190837], v=[-2.72538942  1.80969409 -6.38245857]
Epoch 1343, t=2460388.475469515:
  TLE_ECI: r=[  320.69281322 -3291.6431283   6970.03109735], v=[6.59456471 2.68348851 0.96363286]
  RK45_ECI: r=[ 6404.34160698  4018.55673332 -1673.8808849 ], v=[-2.76204564  1.78600997 -6.37322882]
Epoch 1344, t=2460388.4755447786:
  TLE_ECI: r=[  519.90114832 -3209.62928631  6996.21350514], v=[6.58236174 2.77098009 0.78199103]
  RK45_ECI: r=[ 6384.35277696  4033.1275016  -1715.28946438], v=[-2.79857825  1.76222762 -6.36376817]
Epoch 1345, t=2460388.475620042:
  TLE_ECI: r=[  718.62576127 -3124.9287806   7016.93733443], v=[6.56495426 2.8562989  0.59974473]
  RK45_ECI: r=[ 6364.1200065   4047.53375923 -1756.63556388], v=[-2.83498534  1.73834835 -6.35407714]
Epoch 1346, t=2460388.4756953055:
  TLE_ECI: r=[  916.70948613 -3037.60812057  7032.18657118], v=[6.5423581  2.93937418 0.41703516]
  RK45_ECI: r=[ 6343.64402148  4061.77486974 -1797.91807442], v=[-2.87126584  1.71437292 -6.34415599]
Epoch 1347, t=2460388.475770569:
  TLE_ECI: r=[ 1113.99572437 -2947.73598679  7041.94944308], v=[6.51459313 3.0201369  0.23400389]
  RK45_ECI: r=[ 6322.92590338  4075.84999113 -1839.13511386], v=[-2.90741804  1.69030255 -6.33400521]
Epoch 1348, t=2460388.475845832:
  TLE_ECI: r=[ 1310.32855795 -2855.38318162  7046.21842798], v=[6.48168321 3.09851982 0.05079269]
  RK45_ECI: r=[ 6301.96658394  4089.75837767 -1880.28519107], v=[-2.94344057  1.66613823 -6.32362519]
Epoch 1349, t=2460388.4759210953:
  TLE_ECI: r=[ 1505.55290356 -2760.62255981  7044.9902591 ], v=[ 6.44365614  3.17445758 -0.13245653]
  RK45_ECI: r=[ 6280.76669564  4103.4994962  -1921.36739542], v=[-2.97933254  1.64188063 -6.31301619]
Epoch 1350, t=2460388.475996359:
  TLE_ECI: r=[ 1699.51458167 -2663.52899312  7038.2659274 ], v=[ 6.40054374  3.24788667 -0.31560184]
  RK45_ECI: r=[ 6259.327455    4117.07245991 -1962.37966107], v=[-3.0150921   1.61753108 -6.30217875]
Epoch 1351, t=2460388.476071622:
  TLE_ECI: r=[ 1892.0604701  -2564.17929891  7026.05068069], v=[ 6.35238171  3.31874553 -0.4985014 ]
  RK45_ECI: r=[ 6237.64962342  4130.47665952 -2003.32088878], v=[-3.0507182   1.59309037 -6.29111319]
Epoch 1352, t=2460388.4761468857:
  TLE_ECI: r=[ 2083.03861376 -2462.65218384  7008.35401969], v=[ 6.29920969  3.3869746  -0.68101353]
  RK45_ECI: r=[ 6215.73433949  4143.71129533 -2044.18921273], v=[-3.08620918  1.56855973 -6.27982004]
Epoch 1353, t=2460388.4762221486:
  TLE_ECI: r=[ 2272.29833537 -2359.02818949  6985.1896911 ], v=[ 6.24107118  3.45251632 -0.86299685]
  RK45_ECI: r=[ 6193.58258126  4156.77565674 -2084.98315526], v=[-3.12156366  1.54394019 -6.26829974]
Epoch 1354, t=2460388.476297412:
  TLE_ECI: r=[ 2459.69038001 -2253.38960399  6956.57567744], v=[ 6.17801351  3.5153153  -1.04431036]
  RK45_ECI: r=[ 6171.1950103   4169.66923392 -2125.7018143 ], v=[-3.15678082  1.51923243 -6.25655255]
Epoch 1355, t=2460388.4763726755:
  TLE_ECI: r=[ 2645.0669882  -2145.82043621  6922.53418403], v=[ 6.11008784  3.57531819 -1.22481356]
  RK45_ECI: r=[ 6148.57290534  4182.39118672 -2166.34314302], v=[-3.19185881  1.49443781 -6.24457909]
Epoch 1356, t=2460388.476447939:
  TLE_ECI: r=[ 2828.28203914 -2036.40632554  6883.09162271], v=[ 6.03734907  3.63247386 -1.40436653]
  RK45_ECI: r=[ 6125.71706218  4194.94093406 -2206.90605284], v=[-3.22679663  1.46955713 -6.23237971]
Epoch 1357, t=2460388.476523202:
  TLE_ECI: r=[ 3009.19115078 -1925.23449045  6838.2785926 ], v=[ 5.95985588  3.68673336 -1.58283004]
  RK45_ECI: r=[ 6102.62878746  4207.31765707 -2247.38850613], v=[-3.26159247  1.44459177 -6.21995504]
Epoch 1358, t=2460388.4765984653:
  TLE_ECI: r=[ 3187.65181507 -1812.39362574  6788.12985776], v=[ 5.87767058  3.73805004 -1.76006566]
  RK45_ECI: r=[ 6079.3087687   4219.52086724 -2287.78960941], v=[-3.2962455   1.41954243 -6.20730538]
Epoch 1359, t=2460388.476673729:
  TLE_ECI: r=[ 3363.5234737  -1697.97388441  6732.68432183], v=[ 5.79085916  3.78637952 -1.93593587]
  RK45_ECI: r=[ 6055.75803137  4231.54989279 -2328.10790061], v=[-3.33075441  1.39441014 -6.19443121]
Epoch 1360, t=2460388.476748992:
  TLE_ECI: r=[ 3536.66765088 -1582.06677398  6671.9849996 ], v=[ 5.6994912   3.83167974 -2.11030413]
  RK45_ECI: r=[ 6031.97780297  4243.40400342 -2368.34154348], v=[-3.36511756  1.36919618 -6.18133313]
Epoch 1361, t=2460388.4768242557:
  TLE_ECI: r=[ 3706.94805515 -1464.7650932   6606.07898554], v=[ 5.60363983  3.87391104 -2.28303499]
  RK45_ECI: r=[ 6007.96891342  4255.08264609 -2408.4894611 ], v=[-3.39933398  1.34390138 -6.16801152]
Epoch 1362, t=2460388.4768995186:
  TLE_ECI: r=[ 3874.23068192 -1346.16287028  6535.01741932], v=[ 5.50338168  3.91303612 -2.45399424]
  RK45_ECI: r=[ 5983.73272903  4266.58505065 -2448.54963747], v=[-3.4334019   1.31852713 -6.15446707]
Epoch 1363, t=2460388.476974782:
  TLE_ECI: r=[ 4038.38393399 -1226.35524479  6458.85544826], v=[ 5.39879679  3.94902019 -2.62304893]
  RK45_ECI: r=[ 5959.2698593   4277.91079231 -2488.5213766 ], v=[-3.46732066  1.29307403 -6.14070004]
Epoch 1364, t=2460388.4770500455:
  TLE_ECI: r=[ 4199.27869989 -1105.43845906  6377.6521869 ], v=[ 5.28996862  3.98183087 -2.79006754]
  RK45_ECI: r=[ 5934.58169114  4289.05911766 -2528.40267038], v=[-3.50108852  1.26754348 -6.12671114]
Epoch 1365, t=2460388.477125309:
  TLE_ECI: r=[4356.78847179 -983.50973857 6291.47067339], v=[ 5.17698396  4.01143831 -2.95492002]
  RK45_ECI: r=[ 5909.66918846  4300.02945934 -2568.19226537], v=[-3.53470436  1.24193643 -6.11250083]
Epoch 1366, t=2460388.4772005724:
  TLE_ECI: r=[4510.78944057 -860.66722608 6200.37782307], v=[ 5.05993283  4.03781518 -3.11747794]
  RK45_ECI: r=[ 5884.53331958  4310.8212543  -2607.88890985], v=[-3.56816706  1.21625385 -6.09806959]
Epoch 1367, t=2460388.4772758354:
  TLE_ECI: r=[4661.16059097 -737.00991757 6104.444379  ], v=[ 4.93890848  4.0609367  -3.27761458]
  RK45_ECI: r=[ 5859.17550959  4321.43378129 -2647.49061124], v=[-3.6014749   1.19049716 -6.08341815]
Epoch 1368, t=2460388.477351099:
  TLE_ECI: r=[4807.78380599 -612.63752968 6003.74485952], v=[ 4.81400728  4.0807807  -3.43520497]
  RK45_ECI: r=[ 5833.59638975  4331.86663649 -2686.99668223], v=[-3.63462725  1.16466695 -6.0685468 ]
Epoch 1369, t=2460388.477426362:
  TLE_ECI: r=[4950.5439461  -487.65050088 5898.35750302], v=[ 4.68532864  4.09732762 -3.59012609]
  RK45_ECI: r=[ 5807.79740498  4342.11911598 -2726.40513876], v=[-3.66762239  1.13876466 -6.0534563 ]
Epoch 1370, t=2460388.4775016257:
  TLE_ECI: r=[5089.32895009 -362.14985827 5788.36420963], v=[ 4.55297501  4.11056049 -3.74225686]
  RK45_ECI: r=[ 5781.77955632  4352.190686   -2765.71474298], v=[-3.70045925  1.11279126 -6.03814714]
Epoch 1371, t=2460388.477576889:
  TLE_ECI: r=[5224.0299214  -236.23715007 5673.85048017], v=[ 4.41705172  4.12046502 -3.8914783 ]
  RK45_ECI: r=[ 5755.54384906  4362.08081721 -2804.92425893], v=[-3.73313675  1.08674773 -6.02261984]
Epoch 1372, t=2460388.477652152:
  TLE_ECI: r=[5354.54121441 -110.01437997 5554.90535222], v=[ 4.27766696  4.12702958 -4.03767364]
  RK45_ECI: r=[ 5729.09176532  4371.78883836 -2844.03171923], v=[-3.76565319  1.0606355  -6.00687518]
Epoch 1373, t=2460388.4777274155:
  TLE_ECI: r=[5480.76052022   16.41613712 5431.62133331], v=[ 4.13493165  4.13024526 -4.18072832]
  RK45_ECI: r=[ 5702.42395743  4381.31436705 -2883.03644583], v=[-3.79800797  1.03445519 -5.99091347]
Epoch 1374, t=2460388.477802679:
  TLE_ECI: r=[5602.58894534  142.95176449 5304.09433138], v=[ 3.98895941  4.13010579 -4.32053021]
  RK45_ECI: r=[ 5675.54192679  4390.6567497  -2921.93648047], v=[-3.83019943  1.00820826 -5.97473553]
Epoch 1375, t=2460388.4778779424:
  TLE_ECI: r=[5719.93109327  269.48968788 5172.42358252], v=[ 3.83986645  4.12660766 -4.45696958]
  RK45_ECI: r=[ 5648.44659263  4399.81551667 -2960.73078386], v=[-3.86222666  0.98189558 -5.95834181]
Epoch 1376, t=2460388.4779532054:
  TLE_ECI: r=[5832.69514148  395.92696655 5036.71157589], v=[ 3.6877715   4.11975004 -4.58993929]
  RK45_ECI: r=[ 5621.1394815   4408.79003738 -2999.41741005], v=[-3.89408801  0.9555186  -5.94173314]
Epoch 1377, t=2460388.478028469:
  TLE_ECI: r=[5940.79291098  522.16068474 4897.06397607], v=[ 3.53279565  4.10953489 -4.7193348 ]
  RK45_ECI: r=[ 5593.62138192  4417.57991845 -3037.99550802], v=[-3.92578275  0.92907807 -5.92490993]
Epoch 1378, t=2460388.478103732:
  TLE_ECI: r=[6044.13994333  648.08793373 4753.58954274], v=[ 3.37506238  4.09596685 -4.84505431]
  RK45_ECI: r=[ 5565.89347991  4426.18463218 -3076.46368384], v=[-3.95730969  0.90257511 -5.9078728 ]
Epoch 1379, t=2460388.4781789957:
  TLE_ECI: r=[6142.6555653   773.6059633  4606.40004774], v=[ 3.21469736  4.07905333 -4.96699882]
  RK45_ECI: r=[ 5537.95719993  4434.60362179 -3114.8201881 ], v=[-3.98866735  0.87601106 -5.89062253]
Epoch 1380, t=2460388.478254259:
  TLE_ECI: r=[6236.26295503  898.61224893 4455.61018969], v=[ 3.05182842  4.05880448 -5.08507221]
  RK45_ECI: r=[ 5509.81349124  4442.8364485  -3153.06399668], v=[-4.01985487  0.84938681 -5.87315962]
Epoch 1381, t=2460388.478329522:
  TLE_ECI: r=[6324.88920736 1023.00455739 4301.33750602], v=[ 2.8865854   4.03523315 -5.19918136]
  RK45_ECI: r=[ 5481.46393447  4450.88253322 -3191.19319197], v=[-4.05087065  0.82270384 -5.85548496]
Epoch 1382, t=2460388.4784047855:
  TLE_ECI: r=[6408.46538158 1146.6811046  4143.70228271], v=[ 2.71910007  4.008355   -5.30923616]
  RK45_ECI: r=[ 5452.90934282  4458.74150864 -3229.20693592], v=[-4.08171396  0.7959629  -5.83759895]
Epoch 1383, t=2460388.478480049:
  TLE_ECI: r=[6486.92657448 1269.54052921 3982.82746151], v=[ 2.54950605  3.97818837 -5.41514966]
  RK45_ECI: r=[ 5424.15094148  4466.41288667 -3267.10385553], v=[-4.11238367  0.76916513 -5.81950227]
Epoch 1384, t=2460388.4785553124:
  TLE_ECI: r=[6560.2119625  1391.4820496  3818.83854501], v=[ 2.37793865  3.94475434 -5.5168381 ]
  RK45_ECI: r=[ 5395.1902032   4473.89615793 -3304.88222801], v=[-4.14287834  0.74231189 -5.80119575]
Epoch 1385, t=2460388.478630576:
  TLE_ECI: r=[6628.26485417 1512.40552933 3651.86349938], v=[ 2.20453484  3.90807669 -5.61422101]
  RK45_ECI: r=[ 5366.02810626  4481.19091501 -3342.54104532], v=[-4.17319713  0.71540407 -5.7826799 ]
Epoch 1386, t=2460388.478705839:
  TLE_ECI: r=[6691.03274135 1632.21154047 3482.032655  ], v=[ 2.02943308  3.86818192 -5.70722125]
  RK45_ECI: r=[ 5336.66628366  4488.29663107 -3380.07841989], v=[-4.20333849  0.68844319 -5.76395567]
Epoch 1387, t=2460388.478781102:
  TLE_ECI: r=[6748.46732366 1750.80152443 3309.47860501], v=[ 1.85277318  3.82509919 -5.7957651 ]
  RK45_ECI: r=[ 5307.10557245  4495.21296516 -3417.49352736], v=[-4.23330174  0.66143    -5.7450235 ]
Epoch 1388, t=2460388.4788563657:
  TLE_ECI: r=[6800.52457573 1868.07775792 3134.33610177], v=[ 1.67469629  3.77886035 -5.87978234]
  RK45_ECI: r=[ 5277.34723554  4501.93946961 -3454.78501686], v=[-4.26308575  0.63436564 -5.72588408]
Epoch 1389, t=2460388.478931629:
  TLE_ECI: r=[6847.16476557 1983.94351148 2956.74195153], v=[ 1.4953447   3.72949989 -5.95920628]
  RK45_ECI: r=[ 5247.39279247  4508.47568303 -3491.95119376], v=[-4.29268915  0.60725151 -5.7065383 ]
Epoch 1390, t=2460388.479006892:
  TLE_ECI: r=[6888.35249777 2098.30309167 2776.83490707], v=[ 1.31486177  3.6770549  -6.03397382]
  RK45_ECI: r=[ 5217.24352662  4514.82117894 -3528.9907199 ], v=[-4.32211086  0.58008876 -5.68698688]
Epoch 1391, t=2460388.4790821555:
  TLE_ECI: r=[6924.05671847 2211.06200194 2594.75555882], v=[ 1.13339174  3.62156511 -6.10402556]
  RK45_ECI: r=[ 5186.90029046  4520.97563567 -3565.90278062], v=[-4.35135019  0.55287815 -5.66723027]
Epoch 1392, t=2460388.479157419:
  TLE_ECI: r=[6954.25077696 2322.12690121 2410.64622405], v=[ 0.95107973  3.56307277 -6.16930578]
  RK45_ECI: r=[ 5156.36477486  4526.9385872  -3602.68552478], v=[-4.38040565  0.52562121 -5.64726947]
Epoch 1393, t=2460388.4792326824:
  TLE_ECI: r=[6978.91242404 2431.40576288 2224.65083469], v=[ 0.76807151  3.5016227  -6.22976255]
  RK45_ECI: r=[ 5125.63800254  4532.70967695 -3639.33797189], v=[-4.40927646  0.49831885 -5.62710504]
Epoch 1394, t=2460388.479307946:
  TLE_ECI: r=[6998.02383606 2538.80793297 2036.91482355], v=[ 0.58451343  3.43726221 -6.28534775]
  RK45_ECI: r=[ 5094.72153786  4538.28849247 -3675.85845694], v=[-4.43796127  0.47097246 -5.60673791]
Epoch 1395, t=2460388.479383209:
  TLE_ECI: r=[7011.57163748 2644.24418573 1847.5850092 ], v=[ 0.4005523   3.37004108 -6.33601711]
  RK45_ECI: r=[ 5063.61670008  4543.67464824 -3712.24566578], v=[-4.46645904  0.44358323 -5.58616883]
Epoch 1396, t=2460388.479458472:
  TLE_ECI: r=[7019.54688093 2747.62688168 1656.80947964], v=[ 0.21633524  3.30001154 -6.38173027]
  RK45_ECI: r=[ 5032.32436392  4548.86784971 -3748.49879861], v=[-4.49476911  0.41615191 -5.56539828]
Epoch 1397, t=2460388.4795337357:
  TLE_ECI: r=[7021.94510009 2848.86991877 1464.73747461], v=[ 0.03200959  3.22722818 -6.42245081]
  RK45_ECI: r=[ 5000.84626882  4553.8676845  -3784.61603786], v=[-4.52289006  0.38868006 -5.54442731]
Epoch 1398, t=2460388.479608999:
  TLE_ECI: r=[7018.76628298 2947.88888757 1271.51926701], v=[-0.15227725  3.15174794 -6.45814626]
  RK45_ECI: r=[ 4969.18346371  4558.67382856 -3820.59642138], v=[-4.55082112  0.36116859 -5.5232565 ]
Epoch 1399, t=2460388.4796842625:
  TLE_ECI: r=[7010.01487907 3044.60112265 1077.30604327], v=[-0.33637793  3.07363009 -6.48878818]
  RK45_ECI: r=[ 4937.33755645  4563.2859186  -3856.43831528], v=[-4.57856099  0.3336189  -5.50188682]
Epoch 1400, t=2460388.4797595255:
  TLE_ECI: r=[6995.69980434 3138.92575242  882.24978285], v=[-0.52014522  2.99293612 -6.51435215]
  RK45_ECI: r=[ 4905.30990069  4567.70361056 -3892.14043051], v=[-4.60610868  0.3060322  -5.48031907]
Epoch 1401, t=2460388.479834789:
  TLE_ECI: r=[6975.83439692 3230.78385018  686.50313714], v=[-0.70343228  2.90972973 -6.5348178 ]
  RK45_ECI: r=[ 4873.10139243  4571.92663741 -3927.70198286], v=[-4.63346356  0.27840925 -5.45855373]
Epoch 1402, t=2460388.4799100524:
  TLE_ECI: r=[6950.43645966 3320.0983785   490.21930746], v=[-0.8860926   2.82407678 -6.55016882]
  RK45_ECI: r=[ 4840.71381778  4575.95464108 -3963.12118992], v=[-4.66062424  0.2507516  -5.43659192]
Epoch 1403, t=2460388.479985316:
  TLE_ECI: r=[6919.52820892 3406.79433669  293.55192281], v=[-1.06798027  2.73604522 -6.56039301]
  RK45_ECI: r=[ 4808.14825093  4579.78733023 -3998.39710871], v=[-4.68758999  0.2230602  -5.41443423]
Epoch 1404, t=2460388.4800605793:
  TLE_ECI: r=[6883.13626415 3490.79880485   96.6549171 ], v=[-1.24895003  2.64570504 -6.56548224]
  RK45_ECI: r=[ 4775.40634142  4583.42439134 -4033.52813788], v=[-4.71435959  0.19533646 -5.39208169]
Epoch 1405, t=2460388.480135842:
  TLE_ECI: r=[6841.29163545 3572.04098588 -100.31759396], v=[-1.4288574  2.5531282 -6.5654325]
  RK45_ECI: r=[ 4742.48947594  4586.8655222  -4068.51301465], v=[-4.74093205  0.16758157 -5.36953512]
Epoch 1406, t=2460388.4802111057:
  TLE_ECI: r=[6794.02965519 3650.45234669 -297.21143591], v=[-1.60755885  2.45838858 -6.56024389]
  RK45_ECI: r=[ 4709.39857067  4590.11048379 -4103.35097104], v=[-4.76730678  0.13979632 -5.34679502]
Epoch 1407, t=2460388.480286369:
  TLE_ECI: r=[6741.39001004 3725.96655556 -493.872499  ], v=[-1.78491187  2.36156194 -6.54992062]
  RK45_ECI: r=[ 4676.1354568   4593.15897248 -4138.04026139], v=[-4.79348246  0.11198228 -5.32386257]
Epoch 1408, t=2460388.4803616325:
  TLE_ECI: r=[6683.4166654  3798.5196202  -690.14686127], v=[-1.96077509  2.26272579 -6.53447099]
  RK45_ECI: r=[ 4642.70123242  4596.01073028 -4172.57996269], v=[-4.81945839  0.08414039 -5.30073837]
Epoch 1409, t=2460388.4804368955:
  TLE_ECI: r=[6620.15784955 3868.04990259 -885.8809116 ], v=[-2.13500845  2.16195941 -6.51390741]
  RK45_ECI: r=[ 4609.09774834  4598.66547863 -4206.96834654], v=[-4.84523325  0.05627221 -5.27742362]
Epoch 1410, t=2460388.480512159:
  TLE_ECI: r=[ 6551.6659673   3934.49824936 -1080.92147233], v=[-2.30747326  2.0593437  -6.48824637]
  RK45_ECI: r=[ 4575.32593884  4601.12300332 -4241.20466056], v=[-4.87080649  0.02837854 -5.25391882]
Epoch 1411, t=2460388.4805874224:
  TLE_ECI: r=[ 6477.99762245  3997.80792579 -1275.11592173], v=[-2.47803235  1.95496117 -6.45750844]
  RK45_ECI: r=[ 4541.38722354  4603.3830476  -4275.28767061], v=[-4.89617717e+00  4.60576869e-04 -5.23022486e+00]
Epoch 1412, t=2460388.480662686:
  TLE_ECI: r=[ 6399.21352492  4057.92474229 -1468.31231566], v=[-2.6465502   1.84889583 -6.42171821]
  RK45_ECI: r=[ 4507.28331514  4605.44537837 -4309.21583034], v=[-4.92134414 -0.02748024 -5.2063428 ]
Epoch 1413, t=2460388.4807379493:
  TLE_ECI: r=[ 6315.37844997  4114.79708139 -1660.3595087 ], v=[-2.81289298  1.74123315 -6.38090433]
  RK45_ECI: r=[ 4473.01533462  4607.30977112 -4342.98823751], v=[-4.94630674 -0.05544295 -5.18227332]
Epoch 1414, t=2460388.480813212:
  TLE_ECI: r=[ 6226.56119546  4168.37592336 -1851.10727457], v=[-2.97692876  1.63205996 -6.33509942]
  RK45_ECI: r=[ 4438.58517493  4608.97600254 -4376.6032027 ], v=[-4.97106372 -0.083426   -5.15801762]
Epoch 1415, t=2460388.4808884757:
  TLE_ECI: r=[ 6132.83447473  4218.61496132 -2040.40642554], v=[-3.13852756  1.52146439 -6.28434008]
  RK45_ECI: r=[ 4403.99378885  4610.44388677 -4410.05999101], v=[-4.99561453 -0.11142857 -5.13357626]
Epoch 1416, t=2460388.480963739:
  TLE_ECI: r=[ 6034.27492732  4265.4705311  -2228.10893107], v=[-3.29756146  1.40953578 -6.22866686]
  RK45_ECI: r=[ 4369.24262578  4611.71320986 -4443.35739679], v=[-5.0199583  -0.13944946 -5.10895012]
Epoch 1417, t=2460388.4810390025:
  TLE_ECI: r=[ 5930.96300622  4308.9017214  -2414.06803521], v=[-3.4539047   1.29636463 -6.16812417]
  RK45_ECI: r=[ 4334.33343567  4612.78378942 -4476.49390983], v=[-5.04409392 -0.16748722 -5.08414035]
Epoch 1418, t=2460388.481114266:
  TLE_ECI: r=[ 5822.98292148  4348.87039088 -2598.13837282], v=[-3.60743382  1.18204249 -6.10276031]
  RK45_ECI: r=[ 4299.26736124  4613.65543465 -4509.46864943], v=[-5.06802076 -0.19554089 -5.0591476 ]
Epoch 1419, t=2460388.481189529:
  TLE_ECI: r=[ 5710.42258214  4385.34118356 -2780.1760846 ], v=[-3.75802773  1.0666619  -6.03262737]
  RK45_ECI: r=[ 4264.04633558  4614.32797793 -4542.27996661], v=[-5.09173763 -0.2236089  -5.03397316]
Epoch 1420, t=2460388.4812647924:
  TLE_ECI: r=[ 5593.37347065  4418.28162667 -2960.03893053], v=[-3.90556781  0.9503163  -5.9577812 ]
  RK45_ECI: r=[ 4228.67117259  4614.80125449 -4574.92729749], v=[-5.11524412 -0.25169056 -5.00861747]
Epoch 1421, t=2460388.481340056:
  TLE_ECI: r=[ 5471.93064311  4447.66205618 -3137.58640211], v=[-4.04993801  0.83309997 -5.87828137]
  RK45_ECI: r=[ 4193.14381879  4615.07511611 -4607.40900735], v=[-5.13853907 -0.27978429 -4.98308181]
Epoch 1422, t=2460388.4814153193:
  TLE_ECI: r=[ 5346.19259792  4473.45571077 -3312.67983275], v=[-4.19102493  0.71510793 -5.79419109]
  RK45_ECI: r=[ 4157.46559088  4615.14940864 -4639.72408201], v=[-5.16162176 -0.307889   -4.95736699]
Epoch 1423, t=2460388.4814905827:
  TLE_ECI: r=[ 5216.26120637  4495.63873704 -3485.18250662], v=[-4.32871793  0.59643585 -5.7055772 ]
  RK45_ECI: r=[ 4121.63780828  4615.02398292 -4671.87151022], v=[-5.18449148 -0.3360036  -4.93147383]
Epoch 1424, t=2460388.4815658457:
  TLE_ECI: r=[ 5082.2416406   4514.1901951  -3654.95976569], v=[-4.46290921  0.47718002 -5.61251003]
  RK45_ECI: r=[ 4085.66244214  4614.69872736 -4703.84968491], v=[-5.2071471  -0.36412652 -4.90540365]
Epoch 1425, t=2460388.481641109:
  TLE_ECI: r=[ 4944.242233    4529.09213647 -3821.87911484], v=[-4.59349386  0.35743719 -5.51506344]
  RK45_ECI: r=[ 4049.54031943  4614.17350159 -4735.65805697], v=[-5.22958823 -0.39225706 -4.87915689]
Epoch 1426, t=2460388.4817163725:
  TLE_ECI: r=[ 4802.37446539  4540.32952873 -3985.81032523], v=[-4.72037     0.23730455 -5.41331464]
  RK45_ECI: r=[ 4013.27342393  4613.4482136  -4767.29503409], v=[-5.25181378 -0.42039364 -4.8527349 ]
Epoch 1427, t=2460388.481791636:
  TLE_ECI: r=[ 4656.75282369  4547.89032923 -4146.62553551], v=[-4.8434388   0.11687965 -5.30734424]
  RK45_ECI: r=[ 3976.86293448  4612.52273394 -4798.75977624], v=[-5.27382315 -0.44853528 -4.82613838]
Epoch 1428, t=2460388.481866899:
  TLE_ECI: r=[ 4507.49472966  4551.76546692 -4304.19935093], v=[-4.96260461e+00 -3.73972007e-03 -5.19723606e+00]
  RK45_ECI: r=[ 3940.31085125  4611.39699601 -4830.05071091], v=[-5.29561528 -0.47668039 -4.79936868]
Epoch 1429, t=2460388.4819421624:
  TLE_ECI: r=[ 4354.72039057  4551.94890369 -4458.40894023], v=[-5.07777497 -0.12445562 -5.08307717]
  RK45_ECI: r=[ 3903.61817322  4610.07089453 -4861.16715549], v=[-5.3171897  -0.50482817 -4.7724264 ]
Epoch 1430, t=2460388.482017426:
  TLE_ECI: r=[ 4198.55278029  4548.43755895 -4609.13413057], v=[-5.18886071 -0.24516997 -4.96495772]
  RK45_ECI: r=[ 3866.78642584  4608.54433631 -4892.10798951], v=[-5.33854566 -0.53297739 -4.74531251]
Epoch 1431, t=2460388.4820926893:
  TLE_ECI: r=[ 4039.1174847   4541.23136701 -4756.25749982], v=[-5.29577603 -0.36578469 -4.84297092]
  RK45_ECI: r=[ 3829.81745299  4606.8172828  -4922.87181087], v=[-5.35968219 -0.56112658 -4.71802827]
Epoch 1432, t=2460388.4821679527:
  TLE_ECI: r=[ 3876.5426125   4530.33326358 -4899.66446668], v=[-5.39843854 -0.48620178 -4.71721294]
  RK45_ECI: r=[ 3792.71245196  4604.88963881 -4953.45780319], v=[-5.38059877 -0.58927478 -4.6905744 ]
Epoch 1433, t=2460388.4822432157:
  TLE_ECI: r=[ 3710.95870346  4515.74917315 -5039.24337833], v=[-5.49676929 -0.60632334 -4.58778282]
  RK45_ECI: r=[ 3755.47345733  4602.76139417 -4983.86443833], v=[-5.40129437 -0.61742041 -4.66295229]
Epoch 1434, t=2460388.482318479:
  TLE_ECI: r=[ 3542.49856903  4497.48804872 -5174.88559548], v=[-5.5906929  -0.72605177 -4.45478242]
  RK45_ECI: r=[ 3718.10148262  4600.4324727  -5014.09105349], v=[-5.42176856 -0.64556263 -4.63516257]
Epoch 1435, t=2460388.4823937425:
  TLE_ECI: r=[ 3371.29726416  4475.56179785 -5306.48557518], v=[-5.68013753 -0.84528971 -4.31831629]
  RK45_ECI: r=[ 3680.59807735  4597.90282481 -5044.13656049], v=[-5.44202062 -0.67370022 -4.60720623]
Epoch 1436, t=2460388.482469006:
  TLE_ECI: r=[ 3197.49192478  4449.98531853 -5433.94095074], v=[-5.765035   -0.9639402  -4.17849162]
  RK45_ECI: r=[ 3642.96511571  4595.17246342 -5073.99959823], v=[-5.46204967 -0.70183172 -4.57908456]
Epoch 1437, t=2460388.4825442694:
  TLE_ECI: r=[ 3021.2216698   4420.77647647 -5557.15260916], v=[-5.84532076 -1.08190674 -4.03541811]
  RK45_ECI: r=[ 3605.20381181  4592.24132807 -5103.67937462], v=[-5.4818552  -0.72995616 -4.55079831]
Epoch 1438, t=2460388.4826195324:
  TLE_ECI: r=[ 2842.62750232  4387.95608236 -5676.02476594], v=[-5.920934   -1.19909334 -3.88920794]
  RK45_ECI: r=[ 3567.31623258  4589.10946512 -5133.17440727], v=[-5.50143623 -0.75807195 -4.52234891]
Epoch 1439, t=2460388.482694796:
  TLE_ECI: r=[ 2661.8521446   4351.54790971 -5790.46503691], v=[-5.99181766 -1.31540468 -3.73997563]
  RK45_ECI: r=[ 3529.30340529  4585.7768274  -5162.48405372], v=[-5.52079239 -0.78617827 -4.49373701]
Epoch 1440, t=2460388.4827700593:
  TLE_ECI: r=[ 2479.04000082  4311.57862449 -5900.38450778], v=[-6.05791846 -1.43074608 -3.58783795]
  RK45_ECI: r=[ 3491.16690186  4582.24340914 -5191.60725905], v=[-5.53992299 -0.81427388 -4.46496362]
Epoch 1441, t=2460388.4828453227:
  TLE_ECI: r=[ 2294.33699019  4268.07779911 -6005.6978004 ], v=[-6.11918693 -1.54502363 -3.43291386]
  RK45_ECI: r=[ 3452.90862451  4578.50927507 -5220.54270431], v=[-5.5588272  -0.84235733 -4.43603007]
Epoch 1442, t=2460388.482920586:
  TLE_ECI: r=[ 2107.89044333  4221.07788041 -6106.32313657], v=[-6.17557747 -1.65814426 -3.27532438]
  RK45_ECI: r=[ 3414.52980341  4574.57439925 -5249.28962238], v=[-5.57750456 -0.87042764 -4.40693714]
Epoch 1443, t=2460388.482995849:
  TLE_ECI: r=[ 1919.84899732  4170.6141585  -6202.18239882], v=[-6.22704834 -1.77001576 -3.11519253]
  RK45_ECI: r=[ 3376.03253562  4570.43888467 -5277.84657796], v=[-5.59595415 -0.89848323 -4.37768629]
Epoch 1444, t=2460388.4830711125:
  TLE_ECI: r=[ 1730.36242873  4116.72476243 -6293.20118826], v=[-6.27356169 -1.880547   -2.9526432 ]
  RK45_ECI: r=[ 3337.41786087  4566.10271349 -5306.21294942], v=[-5.61417561 -0.92652326 -4.34827818]
Epoch 1445, t=2460388.483146376:
  TLE_ECI: r=[ 1539.58160864  4059.45059467 -6379.30887985], v=[-6.31508362 -1.98964779 -2.78780305]
  RK45_ECI: r=[ 3298.68737198  4561.56592369 -5334.38771602], v=[-5.63216833 -0.95454651 -4.31871386]
Epoch 1446, t=2460388.4832216394:
  TLE_ECI: r=[ 1347.65833449  3998.8353234  -6460.43867437], v=[-6.35158413 -2.0972291  -2.62080047]
  RK45_ECI: r=[ 3259.84299743  4556.82863182 -5362.36960212], v=[-5.64993151 -0.98255152 -4.28899469]
Epoch 1447, t=2460388.4832969024:
  TLE_ECI: r=[ 1154.74523401  3934.9253389  -6536.52764771], v=[-6.38303721 -2.20320308 -2.4517654 ]
  RK45_ECI: r=[ 3220.88634125  4551.89089879 -5390.15760632], v=[-5.66746456 -1.01053707 -4.25912174]
Epoch 1448, t=2460388.483372166:
  TLE_ECI: r=[  960.99559892  3867.76973166 -6607.51679701], v=[-6.40942077 -2.30748316 -2.28082929]
  RK45_ECI: r=[ 3181.81845072  4546.75272771 -5417.75112137], v=[-5.68476713 -1.03850232 -4.22909568]
Epoch 1449, t=2460388.4834474293:
  TLE_ECI: r=[  766.56333454  3797.42023184 -6673.35108406], v=[-6.43071673 -2.40998404 -2.108125  ]
  RK45_ECI: r=[ 3142.64145475  4541.41428665 -5445.14876728], v=[-5.7018384  -1.06644569 -4.19891801]
Epoch 1450, t=2460388.4835226927:
  TLE_ECI: r=[  571.60279256  3723.93118451 -6733.97947553], v=[-6.44691097 -2.51062181 -1.93378665]
  RK45_ECI: r=[ 3103.35660639  4535.87560512 -5472.34981827], v=[-5.71867795 -1.0943662  -4.16858955]
Epoch 1451, t=2460388.483597956:
  TLE_ECI: r=[  376.26866182  3647.35950347 -6789.35498024], v=[-6.45799336 -2.60931404 -1.75794957]
  RK45_ECI: r=[ 3063.96585813  4530.13685158 -5499.35304312], v=[-5.73528507 -1.1222624  -4.13811168]
Epoch 1452, t=2460388.483673219:
  TLE_ECI: r=[  180.71585834  3567.76462649 -6839.43468348], v=[-6.46395777 -2.70597974 -1.58075019]
  RK45_ECI: r=[ 3024.47083245  4524.19813077 -5526.15747594], v=[-5.75165919 -1.15013306 -4.10748551]
Epoch 1453, t=2460388.4837484825:
  TLE_ECI: r=[  -14.9006376   3485.20847217 -6884.17977819], v=[-6.464802   -2.80053957 -1.40232591]
  RK45_ECI: r=[ 2984.87258738  4518.05947508 -5552.76253123], v=[-5.7678     -1.17797736 -4.0767117 ]
Epoch 1454, t=2460388.483823746:
  TLE_ECI: r=[ -210.42583856  3399.7553868  -6923.5555933 ], v=[-6.46052788 -2.89291578 -1.22281505]
  RK45_ECI: r=[ 2945.17327741  4511.72110919 -5579.16687867], v=[-5.78370674 -1.20579372 -4.04579181]
Epoch 1455, t=2460388.4838990094:
  TLE_ECI: r=[ -405.70491288  3311.47209861 -6957.53161887], v=[-6.4511412  -2.98303228 -1.04235669]
  RK45_ECI: r=[ 2905.37416806  4505.18309742 -5605.3698191 ], v=[-5.79937903 -1.23358115 -4.01472667]
Epoch 1456, t=2460388.483974273:
  TLE_ECI: r=[ -600.58329416  3220.42766509 -6986.08152823], v=[-6.4366517  -3.07081477 -0.86109061]
  RK45_ECI: r=[ 2865.47723415  4498.44565989 -5631.37016679], v=[-5.81481621 -1.26133821 -3.98351768]
Epoch 1457, t=2460388.484049536:
  TLE_ECI: r=[ -794.90679189  3126.69342187 -7009.18319715], v=[-6.4170731  -3.1561907  -0.67915718]
  RK45_ECI: r=[ 2825.48411488  4491.50894519 -5657.16699222], v=[-5.83001777 -1.28906367 -3.95216598]
Epoch 1458, t=2460388.4841247993:
  TLE_ECI: r=[ -988.52174784  3030.34291909 -7026.81871975], v=[-6.39242301 -3.23908946 -0.49669726]
  RK45_ECI: r=[ 2785.39587792  4484.37301502 -5682.75973209], v=[-5.84498343 -1.31675672 -3.92067227]
Epoch 1459, t=2460388.4842000627:
  TLE_ECI: r=[-1181.27509912  2931.45187664 -7038.97442171], v=[-6.36272301 -3.31944227 -0.31385207]
  RK45_ECI: r=[ 2745.21470113  4477.03815058 -5708.14710692], v=[-5.85971249 -1.34441577 -3.88903811]
Epoch 1460, t=2460388.484275326:
  TLE_ECI: r=[-1373.01453406  2830.09811826 -7045.64087003], v=[-6.32799855 -3.39718235 -0.13076313]
  RK45_ECI: r=[ 2704.9418613   4469.50445091 -5733.32844477], v=[-5.87420461 -1.37203985 -3.85726436]
Epoch 1461, t=2460388.4843505896:
  TLE_ECI: r=[-1563.5886005   2726.36151326 -7046.81288003], v=[-6.28827898 -3.47224492  0.05242786]
  RK45_ECI: r=[ 2664.57935352  4461.77218777 -5758.30260644], v=[-5.88845917 -1.39962751 -3.82535247]
Epoch 1462, t=2460388.4844258525:
  TLE_ECI: r=[-1752.84681515  2620.32391991 -7042.48951912], v=[-6.24359751 -3.54456726  0.23557915]
  RK45_ECI: r=[ 2624.12883208  4453.84155343 -5783.06869954], v=[-5.90247573 -1.42717754 -3.79330358]
Epoch 1463, t=2460388.484501116:
  TLE_ECI: r=[-1940.63981098  2512.06910246 -7032.6741075 ], v=[-6.19399115 -3.61408881  0.41854898]
  RK45_ECI: r=[ 2583.59137311  4445.71263898 -5807.62618347], v=[-5.91625403 -1.45468912 -3.76111841]
Epoch 1464, t=2460388.4845763794:
  TLE_ECI: r=[-2126.81940542  2401.68269539 -7017.37421596], v=[-6.13950074 -3.68075114  0.60119574]
  RK45_ECI: r=[ 2542.96917575  4437.3857819  -5831.9738307 ], v=[-5.92979343 -1.48216066 -3.72879857]
Epoch 1465, t=2460388.484651643:
  TLE_ECI: r=[-2311.23874672  2289.25211852 -6996.60166046], v=[-6.08017089 -3.744498    0.78337804]
  RK45_ECI: r=[ 2502.26352682  4428.86111588 -5856.11099707], v=[-5.94309364 -1.50959121 -3.69634491]
Epoch 1466, t=2460388.484726906:
  TLE_ECI: r=[-2493.75241308  2174.86652114 -6970.37249368], v=[-6.01604997 -3.80527542  0.96495484]
  RK45_ECI: r=[ 2461.47663421  4420.13900386 -5880.03647911], v=[-5.95615404 -1.5369792  -3.66375908]
Epoch 1467, t=2460388.4848021693:
  TLE_ECI: r=[-2674.21655084  2058.61668466 -6938.70699351], v=[-5.94718999 -3.86303176  1.14578551]
  RK45_ECI: r=[ 2420.60958148  4411.21956276 -5903.74975767], v=[-5.9689744  -1.5643238  -3.63104178]
Epoch 1468, t=2460388.4848774327:
  TLE_ECI: r=[-2852.48894666  1940.59499422 -6901.62964857], v=[-5.8736467  -3.91771768  1.32572997]
  RK45_ECI: r=[ 2379.66403652  4402.10303181 -5927.24997998], v=[-5.98155434 -1.59162381 -3.5981942 ]
Epoch 1469, t=2460388.484952696:
  TLE_ECI: r=[-3028.42916413  1820.8953396  -6859.16914052], v=[-5.79547943 -3.96928622  1.50464878]
  RK45_ECI: r=[ 2338.64202258  4392.78976501 -5950.53608328], v=[-5.99389332 -1.61887778 -3.56521783]
Epoch 1470, t=2460388.4850279596:
  TLE_ECI: r=[-3201.89864594  1699.61304909 -6811.35832344], v=[-5.71275111 -4.01769284  1.68240323]
  RK45_ECI: r=[ 2297.54483511  4383.27993066 -5973.60745175], v=[-6.00599108 -1.64608476 -3.53211354]
Epoch 1471, t=2460388.4851032225:
  TLE_ECI: r=[-3372.76081675  1576.84482532 -6758.23420011], v=[-5.62552823 -4.06289547  1.85885545]
  RK45_ECI: r=[ 2256.37470017  4373.5739476  -5996.46293539], v=[-6.01784709 -1.67324319 -3.49888301]
Epoch 1472, t=2460388.485178486:
  TLE_ECI: r=[-3540.88120825  1452.68863087 -6699.83789522], v=[-5.53388073 -4.10485456  2.03386852]
  RK45_ECI: r=[ 2215.13252363  4363.67191009 -6019.10214438], v=[-6.02946121 -1.70035236 -3.4655268 ]
Epoch 1473, t=2460388.4852537494:
  TLE_ECI: r=[-3706.12753486  1327.24366973 -6636.21462565], v=[-5.43788201 -4.14353304  2.20730657]
  RK45_ECI: r=[ 2173.82053707  4353.57425646 -6041.52394731], v=[-6.0408329  -1.72741073 -3.43204658]
Epoch 1474, t=2460388.485329013:
  TLE_ECI: r=[-3868.36981641  1200.61027181 -6567.41366759], v=[-5.33760887 -4.17889643  2.37903487]
  RK45_ECI: r=[ 2132.44022668  4343.28123612 -6063.72764772], v=[-6.05196189 -1.75441721 -3.3984434 ]
Epoch 1475, t=2460388.4854042763:
  TLE_ECI: r=[-4027.48047463  1072.88982376 -6493.48832072], v=[-5.23314145 -4.21091284  2.54891991]
  RK45_ECI: r=[ 2090.99307934  4332.79310371 -6085.71255289], v=[-6.06284789 -1.78137074 -3.36471832]
Epoch 1476, t=2460388.4854795393:
  TLE_ECI: r=[-4183.3344301    944.18470181 -6414.49586939], v=[-5.12456317 -4.239553    2.71682956]
  RK45_ECI: r=[ 2049.48133674  4322.11033378 -6107.47756726], v=[-6.07349043 -1.80826976 -3.33087303]
Epoch 1477, t=2460388.4855548027:
  TLE_ECI: r=[-4335.80921166   814.59814269 -6330.4975407 ], v=[-5.01196064 -4.26479033  2.88263312]
  RK45_ECI: r=[ 2007.9059085   4311.23304553 -6129.02231985], v=[-6.08388939 -1.83511358 -3.29690811]
Epoch 1478, t=2460388.485630066:
  TLE_ECI: r=[-4484.78503477   684.23423463 -6241.55845976], v=[-4.89542366 -4.28660089  3.04620143]
  RK45_ECI: r=[ 1966.26904116  4300.16173284 -6150.34573407], v=[-6.09404431 -1.86190066 -3.26282525]
Epoch 1479, t=2460388.4857053296:
  TLE_ECI: r=[-4630.14490794   553.19778744 -6147.7476018 ], v=[-4.77504512 -4.30496346  3.20740698]
  RK45_ECI: r=[ 1924.57222886  4288.89668354 -6171.44714787], v=[-6.10395495 -1.88862993 -3.22862554]
Epoch 1480, t=2460388.4857805925:
  TLE_ECI: r=[-4771.77472052   421.59427534 -6049.13774147], v=[-4.65092094 -4.31985953  3.36612399]
  RK45_ECI: r=[ 1882.81716527  4277.4382436  -6192.32580556], v=[-6.11362103 -1.91530018 -3.19431019]
Epoch 1481, t=2460388.485855856:
  TLE_ECI: r=[-4909.56333814   289.52969807 -5945.80539911], v=[-4.52314999 -4.33127341  3.52222855]
  RK45_ECI: r=[ 1841.00550816  4265.78678424 -6212.9809594 ], v=[-6.12304226 -1.94191029 -3.15988045]
Epoch 1482, t=2460388.4859311194:
  TLE_ECI: r=[-5043.40268214   157.1105791  -5837.83078417], v=[-4.39183403 -4.33919211  3.67559863]
  RK45_ECI: r=[ 1799.1387675   4253.9426081  -6233.41196514], v=[-6.13221844 -1.96845915 -3.12533739]
Epoch 1483, t=2460388.486006383:
  TLE_ECI: r=[-5173.18782139    24.44382591 -5725.29773569], v=[-4.25707765 -4.34360545  3.82611429]
  RK45_ECI: r=[ 1757.2190032   4241.9062114  -6253.61789938], v=[-6.1411492  -1.99494538 -3.09068257]
Epoch 1484, t=2460388.4860816463:
  TLE_ECI: r=[-5298.81705419  -108.36334164 -5608.29365991], v=[-4.11898815 -4.34450607  3.97365768]
  RK45_ECI: r=[ 1715.24752814  4229.67785852 -6273.59822833], v=[-6.14983439 -2.02136803 -3.05591692]
Epoch 1485, t=2460388.4861569093:
  TLE_ECI: r=[-5420.19199001  -241.2034613  -5486.90946511], v=[-3.97767554 -4.3418894   4.11811317]
  RK45_ECI: r=[ 1673.22660665  4217.25812324 -6293.35195687], v=[-6.15827365 -2.04772557 -3.02104218]
Epoch 1486, t=2460388.4862321727:
  TLE_ECI: r=[-5537.21762572  -373.9689782  -5361.23949354], v=[-3.83325233 -4.33575375  4.25936747]
  RK45_ECI: r=[ 1631.15734097  4204.64723268 -6312.87865749], v=[-6.16646688 -2.0740172  -2.98605912]
Epoch 1487, t=2460388.486307436:
  TLE_ECI: r=[-5649.80242482  -506.55223707 -5231.38145066], v=[-3.68583359 -4.32610022  4.39730968]
  RK45_ECI: r=[ 1589.04143419  4191.84558988 -6332.17762795], v=[-6.17441385 -2.10024174 -2.95096898]
Epoch 1488, t=2460388.4863826996:
  TLE_ECI: r=[-5757.85838931  -638.84563171 -5097.43633157], v=[-3.53553678 -4.31293278  4.53183138]
  RK45_ECI: r=[ 1546.8809555   4178.85374112 -6351.24799618], v=[-6.18211428 -2.12639781 -2.91577336]
Epoch 1489, t=2460388.486457963:
  TLE_ECI: r=[-5861.3011309   -770.74167661 -4959.50834479], v=[-3.38248166 -4.29625824  4.66282677]
  RK45_ECI: r=[ 1504.67722157  4165.67198467 -6370.08925857], v=[-6.18956806 -2.15248446 -2.8804732 ]
Epoch 1490, t=2460388.486533226:
  TLE_ECI: r=[-5960.04994179  -902.13307695 -4817.70483333], v=[-3.22679026 -4.27608626  4.79019269]
  RK45_ECI: r=[ 1462.43250596  4152.30094888 -6388.70047699], v=[-6.19677487 -2.17850019 -2.84507025]
Epoch 1491, t=2460388.4866084894:
  TLE_ECI: r=[-6054.02784985 -1032.91288548 -4672.13619322], v=[-3.0685867  -4.2524294   4.91382878]
  RK45_ECI: r=[ 1420.14791325  4138.74088946 -6407.08124895], v=[-6.20373465 -2.2044442  -2.8095653 ]
Epoch 1492, t=2460388.486683753:
  TLE_ECI: r=[-6143.16169584 -1162.97448566 -4522.91578937], v=[-2.90799716 -4.225303    5.03363748]
  RK45_ECI: r=[ 1377.82515186  4124.99225178 -6425.23091334], v=[-6.21044724 -2.23031532 -2.77395962]
Epoch 1493, t=2460388.4867590163:
  TLE_ECI: r=[-6227.38218348 -1292.21174865 -4370.15986898], v=[-2.74514977 -4.19472531  5.14952419]
  RK45_ECI: r=[ 1335.46629801  4111.0556318  -6443.14865019], v=[-6.21691239 -2.25611218 -2.73825482]
Epoch 1494, t=2460388.4868342797:
  TLE_ECI: r=[-6306.62393827 -1420.51910279 -4213.98747248], v=[-2.58017449 -4.16071739  5.26139731]
  RK45_ECI: r=[ 1293.07267078  4096.93136144 -6460.83398645], v=[-6.22313004 -2.28183385 -2.70245185]
Epoch 1495, t=2460388.4869095427:
  TLE_ECI: r=[-6380.82556552 -1547.79160209 -4054.52034203], v=[-2.41320304 -4.12330313  5.36916833]
  RK45_ECI: r=[ 1250.64655084  4082.62012306 -6478.28604185], v=[-6.22909995 -2.30747884 -2.6665525 ]
Epoch 1496, t=2460388.486984806:
  TLE_ECI: r=[-6449.92968293 -1673.92508714 -3891.88282778], v=[-2.24436875 -4.08250925  5.47275189]
  RK45_ECI: r=[ 1208.18904422  4068.12220064 -6495.50443922], v=[-6.23482207 -2.33304636 -2.63055756]
Epoch 1497, t=2460388.4870600696:
  TLE_ECI: r=[-6513.88299373 -1798.81616058 -3726.20179164], v=[-2.0738065  -4.03836529  5.5720659 ]
  RK45_ECI: r=[ 1165.70186248  4053.43808167 -6512.48855914], v=[-6.2402963  -2.35853526 -2.5944683 ]
Epoch 1498, t=2460388.487135333:
  TLE_ECI: r=[-6572.63631371 -1922.36234632 -3557.60650912], v=[-1.90165258 -3.99090353  5.66703157]
  RK45_ECI: r=[ 1123.18708708  4038.56841118 -6529.23763443], v=[-6.24552245 -2.38394418 -2.55828638]
Epoch 1499, t=2460388.487210596:
  TLE_ECI: r=[-6626.14462193 -2044.46213712 -3386.22856874], v=[-1.72804462 -3.94015906  5.75757347]
  RK45_ECI: r=[ 1080.64643156  4023.51369831 -6545.75106915], v=[-6.25050045 -2.40927196 -2.52201308]
Epoch 1500, t=2460388.4872858594:
  TLE_ECI: r=[-6674.36707424 -2165.01515717 -3212.20176968], v=[-1.55312141 -3.88616972  5.84361966]
  RK45_ECI: r=[ 1038.08100148  4008.27424729 -6562.0285033 ], v=[-6.25523026 -2.43451783 -2.48564921]
Epoch 1501, t=2460388.487361123:
  TLE_ECI: r=[-6717.26707217 -2283.92212959 -3035.66201715], v=[-1.37702286 -3.82897603  5.92510169]
  RK45_ECI: r=[  995.49308281  3992.85080177 -6578.06912365], v=[-6.25971174 -2.45968032 -2.44919657]
Epoch 1502, t=2460388.4874363863:
  TLE_ECI: r=[-6754.81227033 -2401.08503703 -2856.74721607], v=[-1.19988984 -3.76862123  6.00195469]
  RK45_ECI: r=[  952.88399573  3977.24374695 -6593.87250691], v=[-6.26394486 -2.48475852 -2.41265613]
Epoch 1503, t=2460388.4875116497:
  TLE_ECI: r=[-6786.97460892 -2516.40718479 -2675.59716282], v=[-1.0218641  -3.70515122  6.07411743]
  RK45_ECI: r=[  910.2558247   3961.4537764  -6609.43793936], v=[-6.26792951 -2.50975108 -2.37602954]
Epoch 1504, t=2460388.4875869127:
  TLE_ECI: r=[-6813.73034488 -2629.79326219 -2492.35343532], v=[-0.84308812 -3.63861453  6.14153237]
  RK45_ECI: r=[  867.61028401  3945.48144063 -6624.76486757], v=[-6.27166566 -2.53465688 -2.33931812]
Epoch 1505, t=2460388.487662176:
  TLE_ECI: r=[-6835.06004107 -2741.14950283 -2307.15928147], v=[-0.66370497 -3.56906229  6.20414573]
  RK45_ECI: r=[  824.94847871  3929.32707178 -6639.85295736], v=[-6.27515331 -2.55947514 -2.30252267]
Epoch 1506, t=2460388.4877374396:
  TLE_ECI: r=[-6850.9486278  -2850.3836443  -2120.15950597], v=[-0.48385827 -3.49654816  6.2619075 ]
  RK45_ECI: r=[  782.27269697  3912.99146614 -6654.7014549 ], v=[-6.27839237 -2.58420441 -2.26564503]
Epoch 1507, t=2460388.487812703:
  TLE_ECI: r=[-6861.38538552 -2957.4050859  -1931.50035578], v=[-0.30369201 -3.42112834  6.31477154]
  RK45_ECI: r=[  739.58425798  3896.47504177 -6669.30996848], v=[-6.28138286 -2.60884379 -2.22868617]
Epoch 1508, t=2460388.4878879664:
  TLE_ECI: r=[-6866.36396108 -3062.1249457  -1741.32940421], v=[-0.12335044 -3.34286149  6.36269556]
  RK45_ECI: r=[  696.88524715  3879.77854019 -6683.67783843], v=[-6.28412473 -2.63339196 -2.19164776]
Epoch 1509, t=2460388.4879632294:
  TLE_ECI: r=[-6865.88238228 -3164.4561159  -1549.79543373], v=[ 0.05702204 -3.2618087   6.40564123]
  RK45_ECI: r=[  654.17737794  3862.90255274 -6697.80455429], v=[-6.28661799 -2.6578478  -2.15453114]
Epoch 1510, t=2460388.488038493:
  TLE_ECI: r=[-6859.94302253 -3264.31341746 -1357.04831778], v=[ 0.23728104 -3.17803345  6.44357417]
  RK45_ECI: r=[  611.46175368  3845.84743918 -6711.68980802], v=[-6.28886269 -2.68221055 -2.1173371 ]
Epoch 1511, t=2460388.4881137563:
  TLE_ECI: r=[-6848.55265353 -3361.61355194 -1163.23890126], v=[ 0.41728224 -3.09160152  6.47646398]
  RK45_ECI: r=[  568.74066254  3828.61404776 -6725.33290581], v=[-6.29085879 -2.70647879 -2.08006751]
Epoch 1512, t=2460388.4881890197:
  TLE_ECI: r=[-6831.72240305 -3456.27525335  -968.51888044], v=[ 0.59688156 -3.00258097  6.5042843 ]
  RK45_ECI: r=[  526.01542134  3811.20282901 -6738.73348784], v=[-6.29260635 -2.73065162 -2.04272335]
Epoch 1513, t=2460388.488264283:
  TLE_ECI: r=[-6809.46775458 -3548.2193369   -773.04068181], v=[ 0.77593528 -2.9110421   6.52701281]
  RK45_ECI: r=[  483.28811446  3793.6145717  -6751.8909491 ], v=[-6.29410538 -2.75472774 -2.00530631]
Epoch 1514, t=2460388.488339546:
  TLE_ECI: r=[-6781.80854446 -3637.36874738  -576.95734032], v=[ 0.9543001  -2.81705735  6.54463126]
  RK45_ECI: r=[  440.56045283  3775.8499075  -6764.80482252], v=[-6.29535594 -2.77870606 -1.96781774]
Epoch 1515, t=2460388.4884148096:
  TLE_ECI: r=[-6748.76890252 -3723.64870464  -380.42237715], v=[ 1.1318334  -2.72070126  6.55712549]
  RK45_ECI: r=[  397.83353692  3757.90922347 -6777.47482643], v=[-6.29635811 -2.80258582 -1.93025844]
Epoch 1516, t=2460388.488490073:
  TLE_ECI: r=[-6710.37729472 -3806.98664794  -183.58967674], v=[ 1.30839319 -2.62205042  6.56448543]
  RK45_ECI: r=[  355.10965259  3739.79341904 -6789.90032766], v=[-6.29711192 -2.82636563 -1.89263029]
Epoch 1517, t=2460388.4885653364:
  TLE_ECI: r=[-6666.666457   -3887.31237787    13.3866363 ], v=[ 1.48383837 -2.52118337  6.56670513]
  RK45_ECI: r=[  312.39011326  3721.50297676 -6802.08099859], v=[-6.29761747 -2.85004459 -1.85493428]
Epoch 1518, t=2460388.4886405994:
  TLE_ECI: r=[-6617.67338889 -3964.55807787   210.35232059], v=[ 1.65802876 -2.41818059  6.56378276]
  RK45_ECI: r=[  269.67720295  3703.0388189  -6814.01623392], v=[-6.29787483 -2.87362133 -1.8171723 ]
Epoch 1519, t=2460388.488715863:
  TLE_ECI: r=[-6563.43927614 -4038.65844926   407.15314145], v=[ 1.83082528 -2.31312437  6.5557206 ]
  RK45_ECI: r=[  226.97201932  3684.40135622 -6825.70577669], v=[-6.29788409 -2.8970951  -1.77934517]
Epoch 1520, t=2460388.4887911263:
  TLE_ECI: r=[-6504.00952427 -4109.5506511    603.63499452], v=[ 2.00209004 -2.20609878  6.54252503]
  RK45_ECI: r=[  184.27626818  3665.59126331 -6837.14920553], v=[-6.29764538 -2.92046482 -1.74145424]
Epoch 1521, t=2460388.4888663897:
  TLE_ECI: r=[-6439.43367394 -4177.17443215   799.6440291 ], v=[ 2.17168646 -2.09718959  6.52420659]
  RK45_ECI: r=[  141.59202774  3646.60940313 -6848.34600389], v=[-6.29715879 -2.94372923 -1.70350122]
Epoch 1522, t=2460388.488941653:
  TLE_ECI: r=[-6369.76537022 -4241.4721628    995.02677131], v=[ 2.33947937 -1.98648418  6.50077986]
  RK45_ECI: r=[   98.92060643  3627.45628983 -6859.29587662], v=[-6.29642446 -2.96688746 -1.66548712]
Epoch 1523, t=2460388.489016916:
  TLE_ECI: r=[-6295.06232933 -4302.38886637  1189.63024694], v=[ 2.50533516 -1.8740715   6.47226354]
  RK45_ECI: r=[   56.2642829   3608.13289563 -6869.99827983], v=[-6.29544252 -2.98993815 -1.62741383]
Epoch 1524, t=2460388.4890921796:
  TLE_ECI: r=[-6215.38623916 -4359.8723403   1383.30210367], v=[ 2.66912187 -1.76004195  6.43868041]
  RK45_ECI: r=[   13.62414983  3588.63965793 -6880.45298334], v=[-6.29421311 -3.01288057 -1.58928218]
Epoch 1525, t=2460388.489167443:
  TLE_ECI: r=[-6130.80278191 -4413.87308954  1575.89073303], v=[ 2.83070931 -1.64448734  6.40005727]
  RK45_ECI: r=[  -28.99809295  3568.97729036 -6890.65961   ], v=[-6.29273638 -3.03571366 -1.55109354]
Epoch 1526, t=2460388.4892427064:
  TLE_ECI: r=[-6041.38152809 -4464.34444377  1767.24539129], v=[ 2.98996914 -1.52750077  6.35642495]
  RK45_ECI: r=[  -71.60037368  3549.14670122 -6900.61769911], v=[-6.29101249 -3.05843617 -1.51284962]
Epoch 1527, t=2460388.48931797:
  TLE_ECI: r=[-5947.19589014 -4511.24257837  1957.21631978], v=[ 3.14677503 -1.40917661  6.30781829]
  RK45_ECI: r=[ -114.18139005  3529.14843579 -6910.32698825], v=[-6.28904163 -3.08104727 -1.47455144]
Epoch 1528, t=2460388.489393233:
  TLE_ECI: r=[-5848.32307314 -4554.52653525  2145.65486422], v=[ 3.30100271 -1.28961036  6.25427607]
  RK45_ECI: r=[ -156.73887122  3508.98351538 -6919.7869954 ], v=[-6.28682397 -3.10354561 -1.43620091]
Epoch 1529, t=2460388.4894684963:
  TLE_ECI: r=[-5744.8439561  -4594.15832689  2332.41359291], v=[ 3.45253012 -1.16889858  6.195841  ]
  RK45_ECI: r=[ -199.27192227  3488.65230815 -6928.99756004], v=[-6.2843597  -3.12593057 -1.39779869]
Epoch 1530, t=2460388.4895437597:
  TLE_ECI: r=[-5636.84310329 -4630.10286491  2517.34641403], v=[ 3.60123747 -1.04713884  6.13255969]
  RK45_ECI: r=[ -241.77827571  3468.15585237 -6937.95822153], v=[-6.28164902 -3.14820083 -1.35934667]
Epoch 1531, t=2460388.489619023:
  TLE_ECI: r=[-5524.40863978 -4662.32805966  2700.30869145], v=[ 3.74700737 -0.92442961  6.06448257]
  RK45_ECI: r=[ -284.25644345  3447.4948146  -6946.66870345], v=[-6.27869215 -3.17035546 -1.32084607]
Epoch 1532, t=2460388.4896942866:
  TLE_ECI: r=[-5407.63218993 -4690.80483062  2881.1573593 ], v=[ 3.88972488 -0.80087017  5.99166388]
  RK45_ECI: r=[ -326.70493901  3426.66986617 -6955.12873362], v=[-6.27548929 -3.19239353 -1.28229808]
Epoch 1533, t=2460388.4897695496:
  TLE_ECI: r=[-5286.60881432 -4715.50711544  3059.75103513], v=[ 4.02927768 -0.67656054  5.9141616 ]
  RK45_ECI: r=[ -369.12150155  3405.68207651 -6963.33789234], v=[-6.27204072 -3.21431373 -1.24370462]
Epoch 1534, t=2460388.489844813:
  TLE_ECI: r=[-5161.43687444 -4736.41195496  3235.9501313 ], v=[ 4.16555607 -0.55160138  5.83203739]
  RK45_ECI: r=[ -411.50524259  3384.53183618 -6971.29604036], v=[-6.26834661 -3.23611545 -1.20506634]
Epoch 1535, t=2460388.4899200764:
  TLE_ECI: r=[-5032.2180328  -4753.49941862  3409.61696515], v=[ 4.29845311 -0.42609393  5.74535658]
  RK45_ECI: r=[ -453.85390544  3363.22023122 -6979.00277946], v=[-6.26440725 -3.2577974  -1.16638517]
Epoch 1536, t=2460388.48999534:
  TLE_ECI: r=[-4899.05711271 -4766.75268483  3580.615867  ], v=[ 4.42786471 -0.30013988  5.65418804]
  RK45_ECI: r=[ -496.16601113  3341.74796174 -6986.45787219], v=[-6.2602229  -3.27935866 -1.12766232]
Epoch 1537, t=2460388.490070603:
  TLE_ECI: r=[-4762.06203837 -4776.15802554  3748.8132866 ], v=[ 4.55368966 -0.17384136  5.55860416]
  RK45_ECI: r=[ -538.43988163  3320.11583474 -6993.6610522 ], v=[-6.25579383 -3.30079822 -1.08889917]
Epoch 1538, t=2460388.4901458663:
  TLE_ECI: r=[-4621.34368884 -4781.70487456  3914.07789746], v=[ 4.67582978 -0.04730073  5.45868081]
  RK45_ECI: r=[ -580.67387035  3298.32466002 -7000.61206205], v=[-6.25112029 -3.32211513 -1.0500971 ]
Epoch 1539, t=2460388.4902211297:
  TLE_ECI: r=[-4477.01588969 -4783.38575159  4076.28069952], v=[4.79418991 0.07937937 5.3544972 ]
  RK45_ECI: r=[ -622.8664942   3276.37515693 -7007.31068425], v=[-6.24620257 -3.34330846 -1.01125732]
Epoch 1540, t=2460388.490296393:
  TLE_ECI: r=[-4329.19526252 -4781.19632609  4235.29511938], v=[4.90867807 0.20609619 5.24613588]
  RK45_ECI: r=[ -665.01571016  3254.26835605 -7013.75661656], v=[-6.241041   -3.36437706 -0.97238159]
Epoch 1541, t=2460388.4903716566:
  TLE_ECI: r=[-4178.00114234 -4775.13540688  4390.99710859], v=[5.01920546 0.33274692 5.13368262]
  RK45_ECI: r=[ -707.12024003  3232.00488701 -7019.94968921], v=[-6.23563585 -3.38532011 -0.93347092]
Epoch 1542, t=2460388.4904469196:
  TLE_ECI: r=[-4023.55549295 -4765.20493173  4543.26523975], v=[5.12568655 0.45922878 5.01722637]
  RK45_ECI: r=[ -749.17784663  3209.58590338 -7025.8895955 ], v=[-6.22998749 -3.40613638 -0.89452727]
Epoch 1543, t=2460388.490522183:
  TLE_ECI: r=[-3865.9827504  -4751.41001404  4691.98080009], v=[5.22803915 0.58543916 4.89685915]
  RK45_ECI: r=[ -791.18746539  3187.0119396  -7031.57620863], v=[-6.22409618 -3.42682519 -0.85555147]
Epoch 1544, t=2460388.4905974464:
  TLE_ECI: r=[-3705.40980457 -4733.75886672  4837.02788308], v=[5.32618445 0.71127561 4.772676  ]
  RK45_ECI: r=[ -833.14743454  3164.28385143 -7037.00932191], v=[-6.21796227 -3.44738554 -0.81654491]
Epoch 1545, t=2460388.49067271:
  TLE_ECI: r=[-3541.9658395  -4712.26284431  4978.29347725], v=[5.42004711 0.83663598 4.64477487]
  RK45_ECI: r=[ -875.05572505  3141.40271137 -7042.18869021], v=[-6.21158613 -3.46781632 -0.77750936]
Epoch 1546, t=2460388.4907479733:
  TLE_ECI: r=[-3375.7822413  -4686.93642218  5115.66755278], v=[5.50955525 0.9614185  4.51325658]
  RK45_ECI: r=[ -916.91106968  3118.36917807 -7047.11417717], v=[-6.20496807 -3.48811674 -0.73844584]
Epoch 1547, t=2460388.4908232363:
  TLE_ECI: r=[-3206.99250464 -4657.79717566  5249.04314548], v=[5.59464058 1.08552183 4.37822468]
  RK45_ECI: r=[ -958.71124756  3095.18445028 -7051.78553924], v=[-6.19810854 -3.50828557 -0.69935631]
Epoch 1548, t=2460388.4908984997:
  TLE_ECI: r=[-3035.73206984 -4624.86580417  5378.31643808], v=[5.67523837 1.20884522 4.2397854 ]
  RK45_ECI: r=[-1000.45520396  3071.84908687 -7056.20267715], v=[-6.19100781 -3.52832217 -0.66024161]
Epoch 1549, t=2460388.490973763:
  TLE_ECI: r=[-2862.13829482 -4588.1660569   5503.38683918], v=[5.75128754 1.33128849 4.09804754]
  RK45_ECI: r=[-1042.14129095  3048.36397913 -7060.36542956], v=[-6.18366628 -3.54822556 -0.62110313]
Epoch 1550, t=2460388.4910490266:
  TLE_ECI: r=[-2686.35028925 -4547.72475319  5624.15705927], v=[5.82273068 1.45275216 3.95312241]
  RK45_ECI: r=[-1083.76749568  3024.7302404  -7064.27360868], v=[-6.17608439 -3.56799466 -0.58194265]
Epoch 1551, t=2460388.4911242896:
  TLE_ECI: r=[-2508.50882916 -4503.57174393  5740.53318412], v=[5.8895141  1.57313752 3.80512372]
  RK45_ECI: r=[-1125.33217785  3000.94877997 -7067.92707856], v=[-6.16826256 -3.58762851 -0.54276157]
Epoch 1552, t=2460388.491199553:
  TLE_ECI: r=[-2328.75619073 -4455.73991808  5852.42474538], v=[5.95158785 1.69234676 3.65416747]
  RK45_ECI: r=[-1166.8342907   2977.02017401 -7071.32575835], v=[-6.16020107 -3.60712646 -0.50356072]
Epoch 1553, t=2460388.4912748164:
  TLE_ECI: r=[-2147.23611572 -4404.26513062  5959.7447885 ], v=[6.00890574 1.81028295 3.5003719 ]
  RK45_ECI: r=[-1208.27163462  2952.94567189 -7074.46947704], v=[-6.15190045 -3.62648735 -0.46434208]
Epoch 1554, t=2460388.49135008:
  TLE_ECI: r=[-1964.09364315 -4349.18620543  6062.40993776], v=[6.06142541 1.92685018 3.34385734]
  RK45_ECI: r=[-1249.64296248  2928.72597739 -7077.35815191], v=[-6.14336106 -3.64571041 -0.42510666]
Epoch 1555, t=2460388.4914253433:
  TLE_ECI: r=[-1779.47500686 -4290.54489667  6160.34045836], v=[6.10910831 2.04195361 3.18474617]
  RK45_ECI: r=[-1290.94627948  2904.36224365 -7079.99165267], v=[-6.13458341 -3.66479457 -0.38585624]
Epoch 1556, t=2460388.4915006063:
  TLE_ECI: r=[-1593.52753142 -4228.38585116  6253.46031582], v=[6.15191974 2.15549956 3.02316269]
  RK45_ECI: r=[-1332.17996167  2879.85541417 -7082.36988892], v=[-6.12556795 -3.68373893 -0.34659223]
Epoch 1557, t=2460388.4915758697:
  TLE_ECI: r=[-1406.39946522 -4162.75659268  6341.6972322 ], v=[6.18982884 2.26739558 2.85923303]
  RK45_ECI: r=[-1373.34297396  2855.20608857 -7084.49280746], v=[-6.11631501 -3.70254283 -0.30731547]
Epoch 1558, t=2460388.491651133:
  TLE_ECI: r=[-1218.23993801 -4093.70745459  6424.98273978], v=[6.22280868 2.37755052 2.69308505]
  RK45_ECI: r=[-1414.43313754  2830.41555895 -7086.36030081], v=[-6.10682518 -3.72120515 -0.26802792]
Epoch 1559, t=2460388.4917263966:
  TLE_ECI: r=[-1029.19879287 -4021.29156089  6503.2522314 ], v=[6.25083618 2.48587457 2.52484825]
  RK45_ECI: r=[-1455.44921943  2805.48455643 -7087.9723199 ], v=[-6.09709884 -3.73972514 -0.22873061]
Epoch 1560, t=2460388.49180166:
  TLE_ECI: r=[ -839.42648039 -3945.5647793   6576.44500806], v=[6.27389218 2.59227936 2.35465366]
  RK45_ECI: r=[-1496.38924475  2780.41427287 -7089.32879204], v=[-6.08713657 -3.75810178 -0.18942532]
Epoch 1561, t=2460388.491876923:
  TLE_ECI: r=[ -649.0739516  -3866.58567564  6644.50432347], v=[6.29196143 2.69667802 2.18263376]
  RK45_ECI: r=[-1537.25160762  2755.20568502 -7090.42967249], v=[-6.07693885 -3.77633418 -0.15011346]
Epoch 1562, t=2460388.4919521865:
  TLE_ECI: r=[ -458.29249392 -3784.41547631  6707.37742556], v=[6.30503258 2.79898527 2.00892234]
  RK45_ECI: r=[-1578.03528548  2729.85941545 -7091.2749357 ], v=[-6.06650606 -3.7944217  -0.11079587]
Epoch 1563, t=2460388.49202745:
  TLE_ECI: r=[ -267.2336811  -3699.11800722  6765.01559509], v=[6.3130982  2.89911744 1.83365445]
  RK45_ECI: r=[-1618.73812248  2704.37679772 -7091.86453784], v=[-6.05583883 -3.81236326 -0.07147452]
Epoch 1564, t=2460388.4921027133:
  TLE_ECI: r=[  -76.04920861 -3610.75965351  6817.37418113], v=[6.31615479 2.99699254 1.65696625]
  RK45_ECI: r=[-1659.35890101  2678.75858955 -7092.19846352], v=[-6.0449376  -3.83015814 -0.03215044]
Epoch 1565, t=2460388.4921779768:
  TLE_ECI: r=[  115.10921339 -3519.40930532  6864.41263354], v=[6.31420272 3.09253035 1.47899495]
  RK45_ECI: r=[-1699.89566811  2653.00602036 -7092.27669773], v=[-6.03380298 -3.84780533  0.0071746 ]
Epoch 1566, t=2460388.4922532397:
  TLE_ECI: r=[  306.08996821 -3425.13830511  6906.09453242], v=[6.30724632 3.18565245 1.29987868]
  RK45_ECI: r=[-1740.3468373   2627.12009932 -7092.0992414 ], v=[-6.02243552 -3.86530398  0.04649919]
Epoch 1567, t=2460388.492328503:
  TLE_ECI: r=[  496.74169142 -3328.02038935  6942.38761442], v=[6.29529374 3.27628234 1.1197564 ]
  RK45_ECI: r=[-1780.71139974  2601.10147124 -7091.66609668], v=[-6.01083561 -3.88265348  0.08582247]
Epoch 1568, t=2460388.4924037666:
  TLE_ECI: r=[  686.91332729 -3228.13163478  6973.2637962 ], v=[6.27835708 3.36434541 0.9387678 ]
  RK45_ECI: r=[-1820.98722457  2574.95150989 -7090.97728343], v=[-5.99900394 -3.89985277  0.1251425 ]
Epoch 1569, t=2460388.49247903:
  TLE_ECI: r=[  876.45428725 -3125.5503976   6998.69919459], v=[6.25645226 3.44976904 0.75705321]
  RK45_ECI: r=[-1861.1731107   2548.67099889 -7090.03281992], v=[-5.986941   -3.91690116  0.16445823]
Epoch 1570, t=2460388.492554293:
  TLE_ECI: r=[ 1065.2145476  -3020.3572562   7018.67414386], v=[6.22959909 3.53248265 0.57475344]
  RK45_ECI: r=[-1901.26693922  2522.2613296  -7088.83275508], v=[-5.9746475 -3.9337976  0.2037677]
Epoch 1571, t=2460388.4926295565:
  TLE_ECI: r=[ 1253.04480148 -2912.63493693  7033.17320973], v=[6.19782119 3.6124178  0.39200977]
  RK45_ECI: r=[-1941.2677139   2495.72316585 -7087.37711682], v=[-5.96212385 -3.95054151  0.24307007]
Epoch 1572, t=2460388.49270482:
  TLE_ECI: r=[ 1439.79652076 -2802.46826676  7042.18520057], v=[6.16114598 3.68950816 0.20896375]
  RK45_ECI: r=[-1981.17387137  2469.05755081 -7085.66595367], v=[-5.94937067 -3.96713204  0.28236393]
Epoch 1573, t=2460388.4927800833:
  TLE_ECI: r=[ 1625.32210687 -2689.94409721  7045.70317527], v=[6.1196047  3.7636896  0.02575719]
  RK45_ECI: r=[-2020.98349746  2442.26577161 -7083.69934293], v=[-5.93638864 -3.98356827  0.3216475 ]
Epoch 1574, t=2460388.4928553468:
  TLE_ECI: r=[ 1809.47499646 -2575.15123937  7043.7244482 ], v=[ 6.07323235  3.83490026 -0.15746803]
  RK45_ECI: r=[-2060.69540883  2415.34863696 -7081.47733655], v=[-5.92317828 -3.99984953  0.36091975]
Epoch 1575, t=2460388.4929306097:
  TLE_ECI: r=[ 1992.1097672  -2458.18040106  7036.250591  ], v=[ 6.02206764  3.90308055 -0.34056999]
  RK45_ECI: r=[-2100.3075146   2388.30757645 -7079.00004711], v=[-5.90974036 -4.01597479  0.40017872]
Epoch 1576, t=2460388.493005873:
  TLE_ECI: r=[ 2173.08227959 -2339.124094    7023.28743129], v=[ 5.966153    3.96817329 -0.52340687]
  RK45_ECI: r=[-2139.81883405  2361.14327496 -7076.26753016], v=[-5.89607533 -4.03194351  0.43942357]
Epoch 1577, t=2460388.4930811366:
  TLE_ECI: r=[ 2352.24974406 -2218.07659531  7004.84504843], v=[ 5.90553453  4.03012361 -0.70583707]
  RK45_ECI: r=[-2179.22782629  2333.85680613 -7073.27987989], v=[-5.88218383 -4.04775488  0.47865288]
Epoch 1578, t=2460388.4931564:
  TLE_ECI: r=[ 2529.47086147 -2095.13385275  6980.93776607], v=[ 5.84026197  4.08887912 -0.88771924]
  RK45_ECI: r=[-2218.5326041   2306.44949131 -7070.03723119], v=[-5.86806661 -4.06340799  0.5178649 ]
Epoch 1579, t=2460388.4932316635:
  TLE_ECI: r=[ 2704.60592475 -1970.39341576  6951.58414162], v=[ 5.77038867  4.1443899  -1.06891248]
  RK45_ECI: r=[-2257.7320029   2278.9221636  -7066.53966965], v=[-5.85372422 -4.07890219  0.55705858]
Epoch 1580, t=2460388.4933069265:
  TLE_ECI: r=[ 2877.51692167 -1843.95436815  6916.80695279], v=[ 5.69597152  4.19660852 -1.24927636]
  RK45_ECI: r=[-2296.82396179  2251.2762895  -7062.78737139], v=[-5.8391575  -4.09423653  0.59623198]
Epoch 1581, t=2460388.49338219:
  TLE_ECI: r=[ 3048.06766383 -1715.91721789  6876.63318087], v=[ 5.61707093  4.24549016 -1.42867107]
  RK45_ECI: r=[-2335.80751648  2223.51257429 -7058.78041959], v=[-5.82436691 -4.10941046  0.63538424]
Epoch 1582, t=2460388.4934574533:
  TLE_ECI: r=[ 3216.12385857 -1586.38386807  6831.09399116], v=[ 5.53375079  4.29099257 -1.6069575 ]
  RK45_ECI: r=[-2374.68115029  2195.63212081 -7054.51895399], v=[-5.80935314 -4.12442319  0.67451397]
Epoch 1583, t=2460388.4935327168:
  TLE_ECI: r=[ 3381.55323595 -1455.45750534  6780.22471014], v=[ 5.44607843  4.3330761  -1.78399735]
  RK45_ECI: r=[-2413.4430045   2167.63628359 -7050.00316698], v=[-5.794117   -4.13927388  0.71361939]
Epoch 1584, t=2460388.49360798:
  TLE_ECI: r=[ 3544.22564565 -1323.2425275   6724.06479973], v=[ 5.35412456  4.37170381 -1.95965324]
  RK45_ECI: r=[-2452.09193452  2139.52591924 -7045.23317771], v=[-5.77865905 -4.15396189  0.75269949]
Epoch 1585, t=2460388.493683243:
  TLE_ECI: r=[ 3704.01315473 -1189.84447278  6662.65782846], v=[ 5.2579632   4.40684141 -2.13378879]
  RK45_ECI: r=[-2490.62591147  2111.30252965 -7040.20922568], v=[-5.76298021 -4.16848631  0.7917523 ]
Epoch 1586, t=2460388.4937585066:
  TLE_ECI: r=[ 3860.79016154 -1055.36989446  6596.05143953], v=[ 5.15767164  4.43845742 -2.30626873]
  RK45_ECI: r=[-2529.04416379  2082.96671218 -7034.93139629], v=[-5.7470809  -4.18284665  0.83077717]
Epoch 1587, t=2460388.49383377:
  TLE_ECI: r=[4014.43347149 -919.92634117 6524.29731603], v=[ 5.05333042  4.46652303 -2.47695903]
  RK45_ECI: r=[-2567.34467423  2054.51998085 -7029.39995076], v=[-5.73096205 -4.19704203  0.86977215]
Epoch 1588, t=2460388.4939090335:
  TLE_ECI: r=[4164.82240839 -783.62223042 6447.45114291], v=[ 4.94502322  4.49101226 -2.64572693]
  RK45_ECI: r=[-2605.52614058  2025.96333899 -7023.61506277], v=[-5.71462432 -4.21107177  0.90873604]
Epoch 1589, t=2460388.4939842965:
  TLE_ECI: r=[4311.83890304 -646.56678649 6365.57256613], v=[ 4.83283685  4.51190193 -2.81244113]
  RK45_ECI: r=[-2643.58708419  1997.29793021 -7017.57693919], v=[-5.69806845 -4.22493515  0.94766743]
Epoch 1590, t=2460388.49405956:
  TLE_ECI: r=[4455.36759372 -508.86990427 6278.7251487 ], v=[ 4.71686111  4.52917173 -2.97697181]
  RK45_ECI: r=[-2681.52604944  1968.52488035 -7011.28579594], v=[-5.68129516 -4.23863151  0.98656495]
Epoch 1591, t=2460388.4941348233:
  TLE_ECI: r=[4595.29590405 -370.64213721 6186.97632385], v=[ 4.59718881  4.54280417 -3.13919077]
  RK45_ECI: r=[-2719.34174114  1939.64521374 -7004.74182671], v=[-5.66430515 -4.25216017  1.02542736]
Epoch 1592, t=2460388.4942100868:
  TLE_ECI: r=[4731.5141404  -231.99456028 6090.39734514], v=[ 4.47391566  4.55278465 -3.29897154]
  RK45_ECI: r=[-2757.03235652  1910.66034106 -6997.94532692], v=[-5.64709932 -4.26552035  1.06425293]
Epoch 1593, t=2460388.49428535:
  TLE_ECI: r=[4863.91557593  -93.03869446 5989.06323368], v=[ 4.34714021  4.55910147 -3.45618944]
  RK45_ECI: r=[-2794.59678968  1881.57115914 -6990.89647587], v=[-5.6296783  -4.27871147  1.10304064]
Epoch 1594, t=2460388.494360613:
  TLE_ECI: r=[4992.396535     46.11356726 5883.0527224 ], v=[ 4.21696379  4.56174583 -3.61072169]
  RK45_ECI: r=[-2832.03307426  1852.37922992 -6983.59562661], v=[-5.61204309 -4.29173269  1.14178853]
Epoch 1595, t=2460388.4944358766:
  TLE_ECI: r=[5116.85647505  185.35010736 5772.44819749], v=[ 4.08349037  4.5607119  -3.76244752]
  RK45_ECI: r=[-2869.34029678  1823.08531213 -6976.04293924], v=[-5.59419423 -4.30458351  1.18049578]
Epoch 1596, t=2460388.49451114:
  TLE_ECI: r=[5237.1980659   324.55858651 5657.3356369 ], v=[ 3.94682659  4.55599676 -3.91124827]
  RK45_ECI: r=[-2906.51701589  1793.69058473 -6968.23868031], v=[-5.57613252 -4.31726326  1.21916101]
Epoch 1597, t=2460388.4945864035:
  TLE_ECI: r=[5353.32726776  463.62659083 5537.80454598], v=[ 3.80708161  4.54760043 -4.05700745]
  RK45_ECI: r=[-2943.56146225  1764.19648777 -6960.18320216], v=[-5.55785893 -4.32977118  1.25778245]
Epoch 1598, t=2460388.494661667:
  TLE_ECI: r=[5465.15340584  602.44170809 5413.94789041], v=[ 3.66436702  4.53552591 -4.19961087]
  RK45_ECI: r=[-2980.472553    1734.60393916 -6951.87671728], v=[-5.53937409 -4.34210673  1.29635911]
Epoch 1599, t=2460388.49473693:
  TLE_ECI: r=[5572.5892449   740.89160159 5285.8620262 ], v=[ 3.51879684  4.51977915 -4.3389467 ]
  RK45_ECI: r=[-3017.24835918  1704.91453197 -6943.31964144], v=[-5.52067908 -4.35426909  1.33488904]
Epoch 1600, t=2460388.4948121933:
  TLE_ECI: r=[5675.55105075  878.86416568 5153.64662712], v=[ 3.37048729  4.50036908 -4.47490559]
  RK45_ECI: r=[-3053.88798709  1675.12904277 -6934.51216194], v=[-5.50177447 -4.36625781  1.37337142]
Epoch 1601, t=2460388.4948874568:
  TLE_ECI: r=[5773.95866922 1016.24751994 5017.40460921], v=[ 3.21955686  4.4773076  -4.60738074]
  RK45_ECI: r=[-3090.39002502  1645.24867541 -6925.45459027], v=[-5.48266109 -4.37807225  1.41180487]
Epoch 1602, t=2460388.49496272:
  TLE_ECI: r=[5867.73558307 1152.93016377 4877.24205283], v=[ 3.06612611  4.45060955 -4.73626802]
  RK45_ECI: r=[-3126.75273877  1615.27489782 -6916.14733535], v=[-5.46333994 -4.38971168  1.45018766]
Epoch 1603, t=2460388.4950379836:
  TLE_ECI: r=[5956.80897542 1288.80105122 4733.26812195], v=[ 2.91031764  4.42029277 -4.86146599]
  RK45_ECI: r=[-3162.97506951  1585.20864822 -6906.59064273], v=[-5.44381172 -4.40117558  1.48851876]
Epoch 1604, t=2460388.4951132466:
  TLE_ECI: r=[6041.10979268 1423.74966409 4585.59498091], v=[ 2.75225595  4.38637801 -4.98287605]
  RK45_ECI: r=[-3199.05512756  1555.05154918 -6896.78499048], v=[-5.42407754 -4.4124632   1.52679628]
Epoch 1605, t=2460388.49518851:
  TLE_ECI: r=[6120.57278415 1557.66617228 4434.33770868], v=[ 2.59206736  4.34888902 -5.10040252]
  RK45_ECI: r=[-3234.99203991  1524.80439422 -6886.73059302], v=[-5.40413799 -4.4235741   1.56501937]
Epoch 1606, t=2460388.4952637735:
  TLE_ECI: r=[6195.13657877 1690.44141887 4279.61421058], v=[ 2.42987992  4.30785245 -5.21395266]
  RK45_ECI: r=[-3270.78442573  1494.46841108 -6876.42780646], v=[-5.38399395 -4.43450766  1.60318667]
Epoch 1607, t=2460388.495339037:
  TLE_ECI: r=[6264.7437194  1821.96707984 4121.54512767], v=[ 2.26582331  4.26329788 -5.32343682]
  RK45_ECI: r=[-3306.43058771  1464.04509404 -6865.877096  ], v=[-5.36364647 -4.44526322  1.64129645]
Epoch 1608, t=2460388.4954143:
  TLE_ECI: r=[6329.34071919 1952.13571707 3960.25374372], v=[ 2.10002874  4.21525779 -5.42876848]
  RK45_ECI: r=[-3341.92916175  1433.53568229 -6855.07884249], v=[-5.34309646 -4.45584018  1.67934736]
Epoch 1609, t=2460388.4954895633:
  TLE_ECI: r=[6388.87808263 2080.84094126 3795.86588996], v=[ 1.9326288   4.16376756 -5.52986433]
  RK45_ECI: r=[-3377.27929015  1402.94098134 -6844.03327843], v=[-5.32234452 -4.46623812  1.71733856]
Epoch 1610, t=2460388.4955648268:
  TLE_ECI: r=[6443.31037918 2207.97738934 3628.50984751], v=[ 1.76375744  4.10886542 -5.62664436]
  RK45_ECI: r=[-3412.47913049  1372.26264596 -6832.74095265], v=[-5.30139184 -4.47645634  1.75526816]
Epoch 1611, t=2460388.49564009:
  TLE_ECI: r=[6492.59625867 2333.44088553 3458.31624775], v=[ 1.59354976  4.05059244 -5.7190319 ]
  RK45_ECI: r=[-3447.52766451  1341.50164472 -6821.20216312], v=[-5.28023914 -4.48649435  1.79313515]
Epoch 1612, t=2460388.4957153536:
  TLE_ECI: r=[6536.69849053 2457.12850969 3285.41797057], v=[ 1.422142    3.9889925  -5.80695372]
  RK45_ECI: r=[-3482.42323336  1310.6594969  -6809.41743087], v=[-5.25888752 -4.49635153  1.83093783]
Epoch 1613, t=2460388.4957906166:
  TLE_ECI: r=[6575.58400186 2578.93866388 3109.95004062], v=[ 1.24967137  3.92411226 -5.89034007]
  RK45_ECI: r=[-3517.1645059   1279.73746358 -6797.38718093], v=[-5.23733792 -4.50602733  1.86867485]
Epoch 1614, t=2460388.49586588:
  TLE_ECI: r=[6609.22387465 2698.77123424 2932.04952173], v=[ 1.07627591  3.85600115 -5.96912476]
  RK45_ECI: r=[-3551.75064652  1248.73636587 -6785.11167257], v=[-5.21559097 -4.51552134  1.90634537]
Epoch 1615, t=2460388.4959411435:
  TLE_ECI: r=[6637.59341382 2816.52755966 2751.85540932], v=[ 0.90209447  3.78471128 -6.0432452 ]
  RK45_ECI: r=[-3586.17985586  1217.65788463 -6772.59151601], v=[-5.19364791 -4.5248329   1.94394753]
Epoch 1616, t=2460388.496016407:
  TLE_ECI: r=[6660.67213827 2932.11059126 2569.50852119], v=[ 0.72726652  3.71029746 -6.11264248]
  RK45_ECI: r=[-3620.4511423   1186.50300622 -6759.82704165], v=[-5.1715095  -4.53396157  1.98148032]
Epoch 1617, t=2460388.4960916704:
  TLE_ECI: r=[6678.44380479 3045.42495493 2385.15138667], v=[ 0.55193205  3.63281712 -6.17726142]
  RK45_ECI: r=[-3654.56288703  1155.27327329 -6746.81882595], v=[-5.14917687 -4.54290676  2.01894205]
Epoch 1618, t=2460388.4961669333:
  TLE_ECI: r=[6690.89643061 3156.37701206 2198.9281341 ], v=[ 0.37623148  3.55233027 -6.23705061]
  RK45_ECI: r=[-3688.51379314  1123.96996759 -6733.56733774], v=[-5.12665101 -4.55166796  2.05633138]
Epoch 1619, t=2460388.4962421968:
  TLE_ECI: r=[6698.0222663  3264.87501702 2010.98437702], v=[ 0.20030549  3.4688995  -6.29196244]
  RK45_ECI: r=[-3722.30304792  1092.59392503 -6720.07286284], v=[-5.10393258 -4.56024478  2.09364749]
Epoch 1620, t=2460388.49631746:
  TLE_ECI: r=[6699.81785652 3370.82907715 1821.46709873], v=[ 0.02429496  3.38258987 -6.34195318]
  RK45_ECI: r=[-3755.92889677  1061.14685092 -6706.33607234], v=[-5.08102284 -4.56863662  2.13088853]
Epoch 1621, t=2460388.4963927236:
  TLE_ECI: r=[6696.28400638 3474.1513074  1630.52453585], v=[-0.15165917  3.29346887 -6.38698302]
  RK45_ECI: r=[-3789.39037567  1029.62974833 -6692.35732881], v=[-5.05792259 -4.57684305  2.1680535 ]
Epoch 1622, t=2460388.496467987:
  TLE_ECI: r=[6687.42578929 3574.75588525 1438.30606054], v=[-0.32741606  3.20160642 -6.42701607]
  RK45_ECI: r=[-3822.68590741   998.04418173 -6678.13726363], v=[-5.03463302 -4.58486355  2.20514072]
Epoch 1623, t=2460388.49654325:
  TLE_ECI: r=[6673.25255336 3672.5591036  1244.96206172], v=[-0.502835    3.10707475 -6.46202042]
  RK45_ECI: r=[-3855.81423052   966.39145239 -6663.67638901], v=[-5.01115515 -4.59269762  2.24214887]
Epoch 1624, t=2460388.4966185135:
  TLE_ECI: r=[6653.77786979 3767.47952105 1050.64382545], v=[-0.67777563  3.00994835 -6.49196818]
  RK45_ECI: r=[-3888.77455595   934.67241009 -6648.97501714], v=[-4.98748964 -4.60034491  2.27907715]
Epoch 1625, t=2460388.496693777:
  TLE_ECI: r=[6629.01958509 3859.43791328  855.50341421], v=[-0.85209799  2.91030397 -6.51683548]
  RK45_ECI: r=[-3921.56517559   902.88878279 -6634.03387935], v=[-4.96363783 -4.60780487  2.31592369]
Epoch 1626, t=2460388.4967690404:
  TLE_ECI: r=[6598.99976329 3948.3574189   659.69354571], v=[-1.02566266  2.80822047 -6.53660249]
  RK45_ECI: r=[-3954.18515391   871.0415894  -6618.85337012], v=[-4.93960054 -4.6150771   2.35268754]
Epoch 1627, t=2460388.4968443033:
  TLE_ECI: r=[6563.74468911 4034.16356637  463.36747093], v=[-1.19833085  2.70377882 -6.55125348]
  RK45_ECI: r=[-3986.63280428   839.13256744 -6603.43424809], v=[-4.91537911 -4.62216108  2.38936685]
Epoch 1628, t=2460388.4969195668:
  TLE_ECI: r=[6523.28479822 4116.78441459  266.67885182], v=[-1.36996462  2.59706199 -6.5607768 ]
  RK45_ECI: r=[-4018.90735935   807.16257799 -6587.7768497 ], v=[-4.89097425 -4.62905646  2.42596083]
Epoch 1629, t=2460388.49699483:
  TLE_ECI: r=[6477.65472126 4196.15049857   69.78163836], v=[-1.54042685  2.48815492 -6.56516488]
  RK45_ECI: r=[-4051.00759708   775.13294214 -6571.88173195], v=[-4.866387   -4.63576282  2.46246815]
Epoch 1630, t=2460388.4970700936:
  TLE_ECI: r=[6426.89320744 4272.19496617 -127.17005441], v=[-1.70958146  2.37714442 -6.56441428]
  RK45_ECI: r=[-4082.93200988   743.04525612 -6555.74961292], v=[-4.84161862 -4.64227967  2.49888718]
Epoch 1631, t=2460388.497145357:
  TLE_ECI: r=[6371.04310292 4344.85361584 -324.02206959], v=[-1.87729351  2.26411909 -6.55852565]
  RK45_ECI: r=[-4114.67969162   710.90055355 -6539.38091863], v=[-4.81666995 -4.64860667  2.53521694]
Epoch 1632, t=2460388.49722062:
  TLE_ECI: r=[6310.15132688 4414.06493313 -520.62033175], v=[-2.04342926  2.14916929 -6.54750376]
  RK45_ECI: r=[-4146.24900447   678.70059213 -6522.77646706], v=[-4.7915424  -4.65474332  2.57145562]
Epoch 1633, t=2460388.4972958835:
  TLE_ECI: r=[6244.26877985 4479.77021745 -716.81096993], v=[-2.20785637  2.03238698 -6.53135748]
  RK45_ECI: r=[-4177.63920617   646.44624527 -6505.93662046], v=[-4.76623667 -4.66068932  2.60760243]
Epoch 1634, t=2460388.497371147:
  TLE_ECI: r=[6173.45037709 4541.91352082 -912.4404408 ], v=[-2.37044393  1.91386576 -6.51009976]
  RK45_ECI: r=[-4208.84911258   614.13885071 -6488.86197832], v=[-4.74075386 -4.66644427  2.64365606]
Epoch 1635, t=2460388.4974464104:
  TLE_ECI: r=[ 6097.75495054  4600.44177021 -1107.35565121], v=[-2.53106263  1.79370066 -6.48374766]
  RK45_ECI: r=[-4239.87726149   581.78002242 -6471.55331213], v=[-4.71509526 -4.67200775  2.6796149 ]
Epoch 1636, t=2460388.497521674:
  TLE_ECI: r=[ 6017.24521112  4655.30479453 -1301.40408042], v=[-2.68958482  1.67198816 -6.45232228]
  RK45_ECI: r=[-4270.72277706   549.37080766 -6454.01107907], v=[-4.68926175 -4.67737941  2.71547798]
Epoch 1637, t=2460388.4975969368:
  TLE_ECI: r=[ 5931.98770937  4706.45534968 -1494.43390181], v=[-2.84588465  1.54882608 -6.41584878]
  RK45_ECI: r=[-4301.38407176   516.91298261 -6436.23615579], v=[-4.66325476 -4.68255885  2.75124351]
Epoch 1638, t=2460388.4976722:
  TLE_ECI: r=[ 5842.05272323  4753.84922944 -1686.29410377], v=[-2.99983819  1.42431343 -6.37435634]
  RK45_ECI: r=[-4331.86057067   484.407289   -6418.22884498], v=[-4.63707492 -4.68754578  2.78691087]
Epoch 1639, t=2460388.4977474636:
  TLE_ECI: r=[ 5747.51428095  4797.44519764 -1876.83461016], v=[-3.15132348  1.29855042 -6.32787813]
  RK45_ECI: r=[-4362.15070415   451.85550906 -6399.99004326], v=[-4.61072369 -4.6923398   2.8224783 ]
Epoch 1640, t=2460388.497822727:
  TLE_ECI: r=[ 5648.45004318  4837.20509407 -2065.90639951], v=[-3.30022065  1.17163834 -6.27645128]
  RK45_ECI: r=[-4392.25348126   419.25884363 -6381.52031971], v=[-4.58420207 -4.69694058  2.85794466]
Epoch 1641, t=2460388.49789799:
  TLE_ECI: r=[ 5544.94126524  4873.0938329  -2253.36162348], v=[-3.44641206  1.04367946 -6.22011686]
  RK45_ECI: r=[-4422.16777556   386.61865225 -6362.82033568], v=[-4.55751119 -4.70134778  2.8933087 ]
Epoch 1642, t=2460388.4979732535:
  TLE_ECI: r=[ 5437.07267085  4905.07949854 -2439.053724  ], v=[-3.58978235  0.91477692 -6.15891983]
  RK45_ECI: r=[-4451.89247201   353.93625827 -6343.89076076], v=[-4.53065216 -4.70556109  2.92856913]
Epoch 1643, t=2460388.498048517:
  TLE_ECI: r=[ 5324.93246622  4933.1332739  -2622.83754955], v=[-3.73021854  0.78503471 -6.09290897]
  RK45_ECI: r=[-4481.42659743   321.21288265 -6324.73218239], v=[-4.503626   -4.70958019  2.96372486]
Epoch 1644, t=2460388.4981237804:
  TLE_ECI: r=[ 5208.61220859  4957.2295313  -2804.56946975], v=[-3.86761013  0.65455752 -6.02213691]
  RK45_ECI: r=[-4510.76877473   288.4501671  -6305.34546648], v=[-4.47643408 -4.71340476  2.99877429]
Epoch 1645, t=2460388.498199044:
  TLE_ECI: r=[ 5088.20674322  4977.34583773 -2984.10748881], v=[-4.00184919  0.52345069 -5.94665998]
  RK45_ECI: r=[-4539.91804887   255.64932492 -6285.73121795], v=[-4.44907743 -4.7170345   3.03371632]
Epoch 1646, t=2460388.4982743068:
  TLE_ECI: r=[ 4963.81413829  4993.46295952 -3161.31135737], v=[-4.13283044  0.3918201  -5.86653827]
  RK45_ECI: r=[-4568.87333402   222.81172883 -6265.89013929], v=[-4.42155723 -4.72046911  3.06854971]
Epoch 1647, t=2460388.49834957:
  TLE_ECI: r=[ 4835.53554402  5005.5649375  -3336.04268264], v=[-4.26045134  0.25977207 -5.78183547]
  RK45_ECI: r=[-4597.63355453   189.93871397 -6245.82294113], v=[-4.39387459 -4.72370832  3.1032732 ]
Epoch 1648, t=2460388.4984248336:
  TLE_ECI: r=[ 4703.47519567  5013.63901217 -3508.16503717], v=[-4.38461214  0.12741329 -5.69261888]
  RK45_ECI: r=[-4626.19777404   157.03151345 -6225.53024649], v=[-4.36603058 -4.72675185  3.13788569]
Epoch 1649, t=2460388.498500097:
  TLE_ECI: r=[ 4567.74026804  5017.67569407 -3677.54406549], v=[-4.50521602e+00 -5.14926552e-03 -5.59895933e+00]
  RK45_ECI: r=[-4654.5646646    124.09178215 -6205.0129727 ], v=[-4.3380266  -4.72959941  3.17238563]
Epoch 1650, t=2460388.4985753605:
  TLE_ECI: r=[ 4428.44080034  5017.66875747 -3844.04758907], v=[-4.62216909 -0.13780843 -5.50093112]
  RK45_ECI: r=[-4682.73343949    91.12059997 -6184.27166218], v=[-4.3098636  -4.73225075  3.20677208]
Epoch 1651, t=2460388.4986506235:
  TLE_ECI: r=[ 4285.68961993  5013.61523281 -4007.54570931], v=[-4.73538052 -0.27045695 -5.39861192]
  RK45_ECI: r=[-4710.70265994    58.11978484 -6163.30735152], v=[-4.28154312 -4.7347056   3.24104334]
Epoch 1652, t=2460388.498725887:
  TLE_ECI: r=[ 4139.60218952  5005.51546068 -4167.91090835], v=[-4.84476256 -0.40298758 -5.29208277]
  RK45_ECI: r=[-4738.47168526    25.09024908 -6142.12049821], v=[-4.25306596 -4.73696375  3.27519865]
Epoch 1653, t=2460388.4988011504:
  TLE_ECI: r=[ 3990.29659954  4993.37301534 -4325.01814813], v=[-4.95023064 -0.53529314 -5.18142795]
  RK45_ECI: r=[-4766.03948532    -7.96661899 -6120.71185817], v=[-4.22443334 -4.73902493  3.30923678]
Epoch 1654, t=2460388.498876414:
  TLE_ECI: r=[ 3837.89341226  4977.19475335 -4478.74496689], v=[-5.05170343 -0.66726661 -5.06673491]
  RK45_ECI: r=[-4793.40478253   -41.04915314 -6099.0823994 ], v=[-4.19564669 -4.74088892  3.34315619]
Epoch 1655, t=2460388.4989516772:
  TLE_ECI: r=[ 3682.5155771   4956.99079553 -4628.97157365], v=[-5.14910287 -0.79880124 -4.94809424]
  RK45_ECI: r=[-4820.56682345   -74.15626358 -6077.23269388], v=[-4.16670696 -4.7425555   3.37695597]
Epoch 1656, t=2460388.49902694:
  TLE_ECI: r=[ 3524.28834374  4932.77450887 -4775.5809403 ], v=[-5.24235425 -0.9297906  -4.82559954]
  RK45_ECI: r=[-4847.52422505  -107.28612119 -6055.16383373], v=[-4.13761578 -4.74402444  3.41063442]
Epoch 1657, t=2460388.4991022036:
  TLE_ECI: r=[ 3363.33910194  4904.56253768 -4918.45889126], v=[-5.33138626 -1.06012875 -4.69934737]
  RK45_ECI: r=[-4874.27637492  -140.43780568 -6032.87630061], v=[-4.10837393 -4.74529556  3.44419082]
Epoch 1658, t=2460388.499177467:
  TLE_ECI: r=[ 3199.79736429  4872.37472694 -5057.49419092], v=[-5.41613102 -1.1897102  -4.56943714]
  RK45_ECI: r=[-4900.82228586  -173.60991859 -6010.37089014], v=[-4.07898266 -4.74636864  3.47762395]
Epoch 1659, t=2460388.4992527305:
  TLE_ECI: r=[ 3033.79460255  4836.2341494  -5192.57862835], v=[-5.49652414 -1.31843009 -4.43597108]
  RK45_ECI: r=[-4927.16073185  -206.80078403 -5987.64862013], v=[-4.04944344 -4.7472435   3.51093228]
Epoch 1660, t=2460388.4993279935:
  TLE_ECI: r=[ 2865.46416953  4796.16706796 -5323.60709961], v=[-5.5725048  -1.44618422 -4.29905408]
  RK45_ECI: r=[-4953.29074883  -240.0089995  -5964.71030801], v=[-4.01975754 -4.74791995  3.54411463]
Epoch 1661, t=2460388.499403257:
  TLE_ECI: r=[ 2694.94113436  4752.20294916 -5450.47768733], v=[-5.6440157  -1.57286921 -4.15879368]
  RK45_ECI: r=[-4979.2117447   -273.23363918 -5941.55645147], v=[-3.98992576 -4.74839783  3.57717026]
Epoch 1662, t=2460388.4994785204:
  TLE_ECI: r=[ 2522.36225845  4704.37438745 -5573.09173791], v=[-5.71100316 -1.69838246 -4.01529992]
  RK45_ECI: r=[-5004.922402    -306.47286281 -5918.18820491], v=[-3.95994976 -4.74867696  3.61009752]
Epoch 1663, t=2460388.499553784:
  TLE_ECI: r=[ 2347.86582829  4652.71711483 -5691.35393577], v=[-5.77341718 -1.82262234 -3.86868526]
  RK45_ECI: r=[-5030.42202201  -339.72556769 -5894.60618669], v=[-3.92983052 -4.74875719  3.64289552]
Epoch 1664, t=2460388.4996290472:
  TLE_ECI: r=[ 2171.59155855  4597.26996342 -5805.17237503], v=[-5.83121138 -1.94548821 -3.71906455]
  RK45_ECI: r=[-5055.70943146  -372.99006995 -5870.81146352], v=[-3.89956955 -4.74863837  3.67556277]
Epoch 1665, t=2460388.49970431:
  TLE_ECI: r=[ 1993.68049344  4538.07482895 -5914.45862843], v=[-5.88434311 -2.0668805  -3.56655485]
  RK45_ECI: r=[-5080.78371064  -406.26495937 -5846.80489144], v=[-3.86916814 -4.74832036  3.7080981 ]
Epoch 1666, t=2460388.4997795736:
  TLE_ECI: r=[ 1814.27484044  4475.17666166 -6019.12781329], v=[-5.93277343 -2.18670086 -3.41127538]
  RK45_ECI: r=[-5105.64429669  -439.54930355 -5822.58699168], v=[-3.83862713 -4.74780302  3.74050079]
Epoch 1667, t=2460388.499854837:
  TLE_ECI: r=[ 1633.51793715  4408.62339404 -6119.09865497], v=[-5.97646716 -2.30485212 -3.25334743]
  RK45_ECI: r=[-5130.28993056  -472.84125507 -5798.15897205], v=[-3.80794818 -4.74708624  3.77276921]
Epoch 1668, t=2460388.4999301005:
  TLE_ECI: r=[ 1451.55408368  4338.46592812 -6214.29354722], v=[-6.01539286 -2.42123844 -3.09289427]
  RK45_ECI: r=[-5154.71994865  -506.13970448 -5773.52147919], v=[-3.77713232 -4.74616988  3.8049025 ]
Epoch 1669, t=2460388.500005364:
  TLE_ECI: r=[ 1268.52844154  4264.75808905 -6304.63860971], v=[-6.04952289 -2.53576537 -2.93004102]
  RK45_ECI: r=[-5178.93323147  -539.44296164 -5748.67562781], v=[-3.74618109 -4.74505386  3.8368992 ]
Epoch 1670, t=2460388.500080627:
  TLE_ECI: r=[ 1084.58693093  4187.55657968 -6390.06374275], v=[-6.07883339 -2.64833988 -2.76491458]
  RK45_ECI: r=[-5202.92890454  -572.74960998 -5723.62231186], v=[-3.71509578 -4.74373807  3.86875816]
Epoch 1671, t=2460388.5001558904:
  TLE_ECI: r=[  899.87606608  4106.92094959 -6470.50267889], v=[-6.10330429 -2.75887055 -2.59764352]
  RK45_ECI: r=[-5226.70643478  -606.05871174 -5698.36207563], v=[-3.68387727 -4.74222239  3.90047867]
Epoch 1672, t=2460388.500231154:
  TLE_ECI: r=[  714.54291434  4022.91352745 -6545.89303188], v=[-6.12291935 -2.86726749 -2.428358  ]
  RK45_ECI: r=[-5250.26462274  -639.36841398 -5672.89617931], v=[-3.65252725 -4.74050679  3.93205913]
Epoch 1673, t=2460388.5003064172:
  TLE_ECI: r=[  528.73493056  3935.59938692 -6616.17634243], v=[-6.13766614 -2.97344247 -2.25718965]
  RK45_ECI: r=[-5273.60284052  -672.67760167 -5647.22529726], v=[-3.62104676 -4.73859114  3.96349871]
Epoch 1674, t=2460388.5003816807:
  TLE_ECI: r=[  342.59985397  3845.04629216 -6681.29812106], v=[-6.14753604 -3.07730903 -2.08427148]
  RK45_ECI: r=[-5296.72002348  -705.98458024 -5621.35059127], v=[-3.58943737 -4.73647541  3.99479596]
Epoch 1675, t=2460388.5004569436:
  TLE_ECI: r=[  156.28560327  3751.32464452 -6741.20788801], v=[-6.15252425 -3.17878245 -1.90973779]
  RK45_ECI: r=[-5319.61534319  -739.28792836 -5595.27299237], v=[-3.55770042 -4.73415955  4.02594977]
Epoch 1676, t=2460388.500532207:
  TLE_ECI: r=[  -30.05988291  3654.50743039 -6795.85921002], v=[-6.15262975 -3.27777995 -1.73372403]
  RK45_ECI: r=[-5342.28829684  -772.5867036  -5568.99306752], v=[-3.52583676 -4.73164346  4.05695944]
Epoch 1677, t=2460388.5006074705:
  TLE_ECI: r=[ -216.28869505  3554.67015983 -6845.20973435], v=[-6.14785538 -3.3742206  -1.55636676]
  RK45_ECI: r=[-5364.73774569  -805.87904956 -5542.51212813], v=[-3.49384815 -4.72892714  4.08782341]
Epoch 1678, t=2460388.500682734:
  TLE_ECI: r=[ -402.25311252  3451.89081168 -6889.22121954], v=[-6.13820773 -3.46802546 -1.37780351]
  RK45_ECI: r=[-5386.96309816  -839.16384678 -5515.83087578], v=[-3.46173563 -4.72601053  4.11854086]
Epoch 1679, t=2460388.500757997:
  TLE_ECI: r=[ -587.80569768  3346.24977376 -6927.8595632 ], v=[-6.12369721 -3.55911765 -1.19817267]
  RK45_ECI: r=[-5408.9632433   -872.43923816 -5488.95064487], v=[-3.42950097 -4.72289365  4.14911024]
Epoch 1680, t=2460388.5008332604:
  TLE_ECI: r=[ -772.79944965  3237.82977446 -6961.0948268 ], v=[-6.10433798 -3.6474224  -1.01761343]
  RK45_ECI: r=[-5430.73770586  -905.70427855 -5461.87202294], v=[-3.39714505 -4.71957645  4.17953087]
Epoch 1681, t=2460388.500908524:
  TLE_ECI: r=[ -957.08785902  3126.7158272  -6988.90125747], v=[-6.08014797 -3.73286707 -0.83626564]
  RK45_ECI: r=[-5452.28570742  -938.95754242 -5434.59597894], v=[-3.36466921 -4.71605889  4.20980166]
Epoch 1682, t=2460388.5009837872:
  TLE_ECI: r=[-1140.52506123  3012.99515961 -7011.25730663], v=[-6.05114885 -3.81538121 -0.65426971]
  RK45_ECI: r=[-5473.60627312  -972.19733168 -5407.12374778], v=[-3.33207508 -4.71234103  4.23992121]
Epoch 1683, t=2460388.5010590507:
  TLE_ECI: r=[-1322.96593955  2896.75714734 -7028.14564565], v=[-6.01736601 -3.89489668 -0.47176655]
  RK45_ECI: r=[-5494.69884823 -1005.42252357 -5379.45605763], v=[-3.29936372 -4.70842282  4.26988874]
Epoch 1684, t=2460388.5011343136:
  TLE_ECI: r=[-1504.26622931  2778.09324935 -7039.55317843], v=[-5.97882856 -3.9713476  -0.28889742]
  RK45_ECI: r=[-5515.56238407 -1038.6312602  -5351.59429248], v=[-3.26653693 -4.70430436  4.29970271]
Epoch 1685, t=2460388.501209577:
  TLE_ECI: r=[-1684.28266237  2657.09692037 -7045.4710509 ], v=[-5.93556924 -4.04467052 -0.10580385]
  RK45_ECI: r=[-5536.19643647 -1071.82259402 -5323.53906155], v=[-3.2335956  -4.6999856   4.32936249]
Epoch 1686, t=2460388.5012848405:
  TLE_ECI: r=[-1862.87302789  2533.86356342 -7045.89465752], v=[-5.88762446 -4.11480435  0.07737247]
  RK45_ECI: r=[-5556.60027464 -1104.99509744 -5295.29136926], v=[-3.20054109 -4.69546657  4.35886698]
Epoch 1687, t=2460388.501360104:
  TLE_ECI: r=[-2039.89631595  2408.49044024 -7040.82364467], v=[-5.83503425 -4.18169047  0.26048978]
  RK45_ECI: r=[-5576.77298101 -1138.14707255 -5266.85249486], v=[-3.16737507 -4.69074737  4.38821485]
Epoch 1688, t=2460388.5014353674:
  TLE_ECI: r=[-2215.21281794  2281.07660006 -7030.261911  ], v=[-5.77784225 -4.24527278  0.44340636]
  RK45_ECI: r=[-5596.71403821 -1171.27739458 -5238.22319248], v=[-3.1340986  -4.68582798  4.4174053 ]
Epoch 1689, t=2460388.5015106304:
  TLE_ECI: r=[-2388.68422826  2151.72281005 -7014.21760469], v=[-5.71609562 -4.3054977   0.62598064]
  RK45_ECI: r=[-5616.42246073 -1204.38420689 -5209.40489448], v=[-3.10071351 -4.68070855  4.44643686]
Epoch 1690, t=2460388.501585894:
  TLE_ECI: r=[-2560.17377681  2020.53145015 -6992.70311761], v=[-5.64984503 -4.36231431  0.80807129]
  RK45_ECI: r=[-5635.897836   -1237.46656016 -5180.39823128], v=[-3.0672207  -4.67538907  4.47530889]
Epoch 1691, t=2460388.5016611572:
  TLE_ECI: r=[-2729.54629573  1887.60647414 -6965.73507659], v=[-5.57914468 -4.41567427  0.98953732]
  RK45_ECI: r=[-5655.13948149 -1270.52302653 -5151.20424189], v=[-3.03362157 -4.66986961  4.50402035]
Epoch 1692, t=2460388.5017364207:
  TLE_ECI: r=[-2896.6683503   1753.05330288 -6933.33433143], v=[-5.50405215 -4.4655319   1.1702382 ]
  RK45_ECI: r=[-5674.14653773 -1303.55191    -5121.82424878], v=[-2.99991779 -4.66415031  4.53256991]
Epoch 1693, t=2460388.501811684:
  TLE_ECI: r=[-3061.40833556  1616.97874911 -6895.52593992], v=[-5.42462848 -4.51184429  1.35003393]
  RK45_ECI: r=[-5692.91852524 -1336.55208486 -5092.25903141], v=[-2.96611046 -4.65823119  4.5609568 ]
Epoch 1694, t=2460388.501886947:
  TLE_ECI: r=[-3223.63657386  1479.49094409 -6852.33914986], v=[-5.34093803 -4.55457121  1.52878518]
  RK45_ECI: r=[-5711.45452255 -1369.5216977  -5062.51006927], v=[-2.93220141 -4.65211247  4.58917961]
Epoch 1695, t=2460388.5019622105:
  TLE_ECI: r=[-3383.22543318  1340.69921652 -6803.80737796], v=[-5.25304844 -4.59367529  1.70635337]
  RK45_ECI: r=[-5729.75423754 -1402.45994021 -5032.57787253], v=[-2.89819143 -4.64579411  4.61723783]
Epoch 1696, t=2460388.502037474:
  TLE_ECI: r=[-3540.04939896  1200.71406241 -6749.96818572], v=[-5.16103066 -4.62912192  1.88260077]
  RK45_ECI: r=[-5747.81677118 -1435.36496052 -5002.4639366 ], v=[-2.86408236 -4.63927633  4.64513004]
Epoch 1697, t=2460388.5021127374:
  TLE_ECI: r=[-3693.9851901   1059.64702321 -6690.86325226], v=[-5.06495883 -4.66087936  2.05739061]
  RK45_ECI: r=[-5765.64158828 -1468.23549153 -4972.16920333], v=[-2.82987546 -4.63255923  4.67285537]
Epoch 1698, t=2460388.5021880004:
  TLE_ECI: r=[-3844.91184757   917.6106187  -6626.53834414], v=[-4.96491026 -4.68891872  2.23058717]
  RK45_ECI: r=[-5783.22807831 -1501.0701079  -4941.69476117], v=[-2.79557214 -4.62564293  4.7004128 ]
Epoch 1699, t=2460388.502263264:
  TLE_ECI: r=[-3992.71083977   774.71821469 -6557.04328212], v=[-4.8609653  -4.71321408  2.40205589]
  RK45_ECI: r=[-5800.57562742 -1533.86743574 -4911.04170513], v=[-2.7611738  -4.61852759  4.72780134]
Epoch 1700, t=2460388.5023385272:
  TLE_ECI: r=[-4137.26613762   631.08400049 -6482.43190489], v=[-4.7532074  -4.73374238  2.57166349]
  RK45_ECI: r=[-5817.68372784 -1566.62619175 -4880.21099161], v=[-2.72668168 -4.61121331  4.75502011]
Epoch 1701, t=2460388.5024137907:
  TLE_ECI: r=[-4278.46431734   486.82285584 -6402.76202987], v=[-4.64172298 -4.75048355  2.73927801]
  RK45_ECI: r=[-5834.55162668 -1599.3446877  -4849.20401796], v=[-2.69209752 -4.60370033  4.78206786]
Epoch 1702, t=2460388.502489054:
  TLE_ECI: r=[-4416.19464616   342.05027106 -6318.09541092], v=[-4.52660136 -4.7634205   2.90476898]
  RK45_ECI: r=[-5851.17883258 -1632.02165913 -4818.02175429], v=[-2.65742258 -4.59598877  4.80894374]
Epoch 1703, t=2460388.502564317:
  TLE_ECI: r=[-4550.3491686    196.8822699  -6228.49769311], v=[-4.40793476 -4.77253911  3.06800748]
  RK45_ECI: r=[-5867.56478475 -1664.65568405 -4786.66532137], v=[-2.6226583  -4.58807882  4.83564677]
Epoch 1704, t=2460388.5026395805:
  TLE_ECI: r=[-4680.82279413    51.43526498 -6134.03836454], v=[-4.28581813 -4.77782833  3.22886622]
  RK45_ECI: r=[-5883.70891777 -1697.24539281 -4755.13584633], v=[-2.58780606 -4.57997066  4.86217598]
Epoch 1705, t=2460388.502714844:
  TLE_ECI: r=[-4807.51337522   -94.1739557  -6034.79070516], v=[-4.16034916 -4.77928008  3.38721971]
  RK45_ECI: r=[-5899.6107685  -1729.7895049  -4723.43431342], v=[-2.55286716 -4.57166443  4.88853052]
Epoch 1706, t=2460388.5027901074:
  TLE_ECI: r=[-4930.32179161  -239.82837344 -5930.8317327 ], v=[-4.03162822 -4.77688937  3.54294427]
  RK45_ECI: r=[-5915.26964412 -1762.28633923 -4691.5621599 ], v=[-2.51784333 -4.56316043  4.91470919]
Epoch 1707, t=2460388.502865371:
  TLE_ECI: r=[-5049.15202771  -385.41081873 -5822.24214567], v=[-3.89975821 -4.77065424  3.69591819]
  RK45_ECI: r=[-5930.68517348 -1794.73477373 -4659.52023252], v=[-2.4827357  -4.55445878  4.94071127]
Epoch 1708, t=2460388.502940634:
  TLE_ECI: r=[-5163.9112504   -530.80404971 -5709.10626345], v=[-3.76484457 -4.7605758   3.8460218 ]
  RK45_ECI: r=[-5945.8566187  -1827.13297435 -4627.31013574], v=[-2.44754618 -4.54555982  4.96653545]
Epoch 1709, t=2460388.5030158972:
  TLE_ECI: r=[-5274.50987698  -675.8909058  -5591.51196358], v=[-3.62699512 -4.74665828  3.99313757]
  RK45_ECI: r=[-5960.78369054 -1859.47999435 -4594.9325755 ], v=[-2.41227571 -4.53646366  4.99218115]
Epoch 1710, t=2460388.5030911607:
  TLE_ECI: r=[-5380.86165468  -820.5543122  -5469.55061614], v=[-3.48632006 -4.72890893  4.13715021]
  RK45_ECI: r=[-5975.4658951  -1891.77441846 -4562.38871382], v=[-2.37692575 -4.52717051  5.01764744]
Epoch 1711, t=2460388.503166424:
  TLE_ECI: r=[-5482.88372467  -964.67743291 -5343.31701537], v=[-3.34293181 -4.70733812  4.27794673]
  RK45_ECI: r=[-5989.90260041 -1924.01457407 -4529.6800266 ], v=[-2.34149806 -4.51768074  5.04293314]
Epoch 1712, t=2460388.5032416875:
  TLE_ECI: r=[-5580.49668949 -1108.14375049 -5212.9093085 ], v=[-3.19694501 -4.68195928  4.41541658]
  RK45_ECI: r=[-6004.09347465 -1956.19934274 -4496.80738332], v=[-2.30599377 -4.50799447  5.06803758]
Epoch 1713, t=2460388.5033169505:
  TLE_ECI: r=[-5673.62468057 -1250.83714336 -5078.42892183], v=[-3.04847637 -4.65278892  4.54945173]
  RK45_ECI: r=[-6018.03784681 -1988.32690104 -4463.7724304 ], v=[-2.27041482 -4.49811213  5.09295947]
Epoch 1714, t=2460388.503392214:
  TLE_ECI: r=[-5762.19540498 -1392.64204621 -4939.98048418], v=[-2.89764456 -4.61984667  4.67994671]
  RK45_ECI: r=[-6031.73546079 -2020.39630545 -4430.57589226], v=[-2.23476215 -4.48803383  5.11769825]
Epoch 1715, t=2460388.5034674774:
  TLE_ECI: r=[-5846.14022465 -1533.44344465 -4797.6717476 ], v=[-2.74457021 -4.58315517  4.80679878]
  RK45_ECI: r=[-6045.18587359 -2052.4061473  -4397.21896095], v=[-2.19903724 -4.47775985  5.14225303]
Epoch 1716, t=2460388.503542741:
  TLE_ECI: r=[-5925.39419834 -1673.12703508 -4651.61350551], v=[-2.58937574 -4.54274017  4.92990793]
  RK45_ECI: r=[-6058.38851448 -2084.3547647  -4363.70314974], v=[-2.16324185 -4.46729058  5.16662268]
Epoch 1717, t=2460388.503618004:
  TLE_ECI: r=[-5999.89614303 -1811.57928367 -4501.91950825], v=[-2.43218532 -4.49863041  5.04917703]
  RK45_ECI: r=[-6071.34296769 -2116.2407541  -4330.02966683], v=[-2.12737746 -4.45662631  5.19080629]
Epoch 1718, t=2460388.5036932672:
  TLE_ECI: r=[-6069.58866276 -1948.68758967 -4348.70637623], v=[-2.27312468 -4.45085774  5.1645119 ]
  RK45_ECI: r=[-6084.04900058 -2148.06317402 -4296.19924878], v=[-2.09144504 -4.44576718  5.21480333]
Epoch 1719, t=2460388.5037685307:
  TLE_ECI: r=[-6134.41822607 -2084.34027307 -4192.09351043], v=[-2.11232114 -4.39945695  5.27582135]
  RK45_ECI: r=[-6096.50601957 -2179.82021555 -4262.21358832], v=[-2.05544653 -4.43471367  5.23861258]
Epoch 1720, t=2460388.503843794:
  TLE_ECI: r=[-6194.33518975 -2218.42673623 -4032.2030007 ], v=[-1.94990341 -4.34446587  5.3830173 ]
  RK45_ECI: r=[-6108.71375647 -2211.51076835 -4228.07358964], v=[-2.01938308 -4.42346598  5.26223339]
Epoch 1721, t=2460388.5039190575:
  TLE_ECI: r=[-6249.29384432 -2350.83753783 -3869.15953157], v=[-1.78600153 -4.28592528  5.48601486]
  RK45_ECI: r=[-6120.67170237 -2243.13318267 -4193.78080206], v=[-1.98325648 -4.41202456  5.28566467]
Epoch 1722, t=2460388.5039943205:
  TLE_ECI: r=[-6299.2524589  -2481.4644651  -3703.09028591], v=[-1.62074677 -4.22387891  5.58473238]
  RK45_ECI: r=[-6132.37949291 -2274.68606414 -4159.33646216], v=[-1.94706821 -4.40038972  5.30890556]
Epoch 1723, t=2460388.504069584:
  TLE_ECI: r=[-6344.17328676 -2610.20069725 -3534.12484635], v=[-1.45427148 -4.15837341  5.67909153]
  RK45_ECI: r=[-6143.83692899 -2306.1684761  -4124.74132396], v=[-1.91081925 -4.38856166  5.33195554]
Epoch 1724, t=2460388.5041448474:
  TLE_ECI: r=[-6384.0226389  -2736.94078414 -3362.39509448], v=[-1.28670902 -4.08945831  5.76901736]
  RK45_ECI: r=[-6155.04348507 -2337.57862443 -4089.99711902], v=[-1.87451155 -4.3765409   5.35481344]
Epoch 1725, t=2460388.504220111:
  TLE_ECI: r=[-6418.77088394 -2861.58080765 -3188.03510818], v=[-1.11819368 -4.01718601  5.85443841]
  RK45_ECI: r=[-6165.99893302 -2368.91540543 -4055.10477225], v=[-1.83814628 -4.36432766  5.37747862]
Epoch 1726, t=2460388.5042953743:
  TLE_ECI: r=[-6448.39247947 -2984.01845025 -3011.1810568 ], v=[-0.94886051 -3.94161169  5.93528672]
  RK45_ECI: r=[-6176.70282617 -2400.17718335 -4020.06586765], v=[-1.80172523 -4.35192246  5.39995005]
Epoch 1727, t=2460388.5043706372:
  TLE_ECI: r=[-6472.8660023  -3104.15306178 -2831.97109453], v=[-0.77884524 -3.86279333  6.01149792]
  RK45_ECI: r=[-6187.15485191 -2431.36257449 -3984.88166909], v=[-1.7652499  -4.33932565  5.42222691]
Epoch 1728, t=2460388.5044459007:
  TLE_ECI: r=[-6492.17413001 -3221.88582    -2650.54525204], v=[-0.60828414 -3.78079164  6.08301128]
  RK45_ECI: r=[-6197.35484482 -2462.47064805 -3949.55294741], v=[-1.72872126 -4.32653745  5.44430867]
Epoch 1729, t=2460388.504521164:
  TLE_ECI: r=[-6506.30370908 -3337.11969982 -2467.04532622], v=[-0.43731396 -3.69567     6.14976979]
  RK45_ECI: r=[-6207.30234784 -2493.49962654 -3914.08147149], v=[-1.6921413  -4.31355843  5.46619423]
Epoch 1730, t=2460388.5045964275:
  TLE_ECI: r=[-6515.2457302  -3449.75963111 -2281.61476842], v=[-0.26607177 -3.60749444  6.21172016]
  RK45_ECI: r=[-6216.99717316 -2524.44841403 -3878.46818616], v=[-1.65551117 -4.30038887  5.48788298]
Epoch 1731, t=2460388.5046716905:
  TLE_ECI: r=[-6518.99535473 -3559.7125413  -2094.39857116], v=[-0.09469488 -3.51633358  6.26881293]
  RK45_ECI: r=[-6226.4388947  -2555.31524173 -3842.71487681], v=[-1.61883286 -4.28702936  5.50937381]
Epoch 1732, t=2460388.504746954:
  TLE_ECI: r=[-6517.55187759 -3666.88750983 -1905.54315342], v=[ 0.07667933 -3.42225858  6.32100248]
  RK45_ECI: r=[-6235.62737764 -2586.09918506 -3806.82232917], v=[-1.58210735 -4.27348014  5.53066624]
Epoch 1733, t=2460388.5048222174:
  TLE_ECI: r=[-6510.91878884 -3771.19573159 -1715.19624448], v=[ 0.24791348 -3.32534306  6.36824706]
  RK45_ECI: r=[-6244.5623647  -2616.79887284 -3770.79183456], v=[-1.54533614 -4.25974163  5.55175949]
Epoch 1734, t=2460388.504897481:
  TLE_ECI: r=[-6499.10373008 -3872.55066813 -1523.50676664], v=[ 0.41887029 -3.22566306  6.41050888]
  RK45_ECI: r=[-6253.24350953 -2647.4126954  -3734.62502953], v=[-1.50852105 -4.2458144   5.57265257]
Epoch 1735, t=2460388.5049727443:
  TLE_ECI: r=[-6482.1184978  -3970.8681026  -1330.62471682], v=[ 0.58941275 -3.12329701  6.4477541 ]
  RK45_ECI: r=[-6261.67066471 -2677.93956586 -3698.32287799], v=[-1.47166324 -4.23169875  5.59334492]
Epoch 1736, t=2460388.5050480072:
  TLE_ECI: r=[-6459.9790452  -4066.06619223 -1136.70104706], v=[ 0.7594042  -3.0183256   6.47995288]
  RK45_ECI: r=[-6269.84347329 -2708.37773463 -3661.88720037], v=[-1.43476472 -4.21739533  5.61383547]
Epoch 1737, t=2460388.5051232707:
  TLE_ECI: r=[-6432.70542088 -4158.06561449  -941.88754427], v=[ 0.92870848 -2.91083176  6.5070794 ]
  RK45_ECI: r=[-6277.76183428 -2738.72628512 -3625.31879794], v=[-1.39782646 -4.20290442  5.63412376]
Epoch 1738, t=2460388.505198534:
  TLE_ECI: r=[-6400.32182256 -4246.78952061  -746.33670896], v=[ 1.09718998 -2.80090059  6.5291119 ]
  RK45_ECI: r=[-6285.42554266 -2768.98385973 -3588.61898703], v=[-1.36084997 -4.18822646  5.65420904]
Epoch 1739, t=2460388.5052737975:
  TLE_ECI: r=[-6362.85652935 -4332.16367745  -550.20163345], v=[ 1.26471384 -2.68861928  6.54603268]
  RK45_ECI: r=[-6292.83431513 -2799.14886739 -3551.78943518], v=[-1.32383708 -4.17336208  5.67409038]
Epoch 1740, t=2460388.505349061:
  TLE_ECI: r=[-6320.3418892  -4414.11651204  -353.63587948], v=[ 1.431146   -2.57407702  6.55782815]
  RK45_ECI: r=[-6299.98804484 -2829.22023136 -3514.83112456], v=[-1.28678896 -4.15831161  5.69376723]
Epoch 1741, t=2460388.505424324:
  TLE_ECI: r=[-6272.81430443 -4492.57915448  -156.79335536], v=[ 1.59635334 -2.45736496  6.56448879]
  RK45_ECI: r=[-6306.88644404 -2859.19622357 -3477.74590905], v=[-1.24970762 -4.14307577  5.71323859]
Epoch 1742, t=2460388.5054995874:
  TLE_ECI: r=[-6220.31414789 -4567.48557092    40.17180718], v=[ 1.76020379 -2.3385761   6.56600922]
  RK45_ECI: r=[-6313.52944581 -2889.07593607 -3440.53460472], v=[-1.21259403 -4.12765484  5.732504  ]
Epoch 1743, t=2460388.505574851:
  TLE_ECI: r=[-6162.88580714 -4638.77250903   237.1053765 ], v=[ 1.92256646 -2.21780525  6.56238816]
  RK45_ECI: r=[-6319.91689753 -2918.85802635 -3403.19855179], v=[-1.17544972 -4.11204932  5.75156276]
Epoch 1744, t=2460388.5056501143:
  TLE_ECI: r=[-6100.57759412 -4706.37962667   433.85314448], v=[ 2.08331173 -2.09514892  6.55362845]
  RK45_ECI: r=[-6326.04857912 -2948.5409237  -3365.73944732], v=[-1.13827652 -4.09625988  5.77041398]
Epoch 1745, t=2460388.5057253777:
  TLE_ECI: r=[-6033.44171684 -4770.24952523   630.26105004], v=[ 2.24231134 -1.97070522  6.53973705]
  RK45_ECI: r=[-6331.92442435 -2978.12356282 -3328.15829089], v=[-1.10107559 -4.08028689  5.78905713]
Epoch 1746, t=2460388.5058006407:
  TLE_ECI: r=[-5961.53424915 -4830.32778104   826.17530253], v=[ 2.39943856 -1.84457385  6.52072502]
  RK45_ECI: r=[-6337.54421491 -3007.60423886 -3290.45696816], v=[-1.06384896 -4.06413112  5.80749127]
Epoch 1747, t=2460388.505875904:
  TLE_ECI: r=[-5884.91502611 -4886.56306269  1021.4425047 ], v=[ 2.55456826 -1.7168559   6.49660752]
  RK45_ECI: r=[-6342.90791808 -3036.98205337 -3252.63630933], v=[-1.0265976  -4.04779287  5.82571597]
Epoch 1748, t=2460388.5059511675:
  TLE_ECI: r=[-5803.64767736 -4938.90706961  1215.90977564], v=[ 2.70757698 -1.58765389  6.46740381]
  RK45_ECI: r=[-6348.01543357 -3066.25568073 -3214.69767731], v=[-0.98932304 -4.03127269  5.84373055]
Epoch 1749, t=2460388.506026431:
  TLE_ECI: r=[-5717.79951686 -4987.31464396  1409.4248729 ], v=[ 2.85834312 -1.45707158  6.43313719]
  RK45_ECI: r=[-6352.86660471 -3095.42357228 -3176.6427972 ], v=[-0.9520271  -4.01457129  5.86153417]
Epoch 1750, t=2460388.506101694:
  TLE_ECI: r=[-5627.44151426 -5031.74377523  1601.83631421], v=[ 3.00674696 -1.32521395  6.39383502]
  RK45_ECI: r=[-6357.46138732 -3124.48453427 -3138.47286448], v=[-0.91471116 -3.99768917  5.87912625]
Epoch 1751, t=2460388.5061769574:
  TLE_ECI: r=[-5532.64817532 -5072.15570306  1792.99349832], v=[ 3.15267082 -1.19218706  6.34952869]
  RK45_ECI: r=[-6361.79968876 -3153.43730921 -3100.18925678], v=[-0.87737668 -3.98062688  5.89650614]
Epoch 1752, t=2460388.506252221:
  TLE_ECI: r=[-5433.49756697 -5108.51485027  1982.74682524], v=[ 3.2959991  -1.05809799  6.30025354]
  RK45_ECI: r=[-6365.88147987 -3182.28070827 -3061.7931754 ], v=[-0.84002503 -3.96338494  5.91367328]
Epoch 1753, t=2460388.5063274843:
  TLE_ECI: r=[-5330.07119221 -5140.78892056  2170.94781536], v=[ 3.43661843 -0.92305474  6.24604891]
  RK45_ECI: r=[-6369.70665474 -3211.01320163 -3023.28636677], v=[-0.80265803 -3.94596409  5.93062685]
Epoch 1754, t=2460388.5064027477:
  TLE_ECI: r=[-5222.4539356  -5168.94890941  2357.44922754], v=[ 3.57441774 -0.78716612  6.18695802]
  RK45_ECI: r=[-6373.27519706 -3239.63362723 -2984.67004107], v=[-0.76527705 -3.92836485  5.94736632]
Epoch 1755, t=2460388.5064780107:
  TLE_ECI: r=[-5110.73400663 -5192.96911409  2542.1051762 ], v=[ 3.70928833 -0.65054171  6.12302801]
  RK45_ECI: r=[-6376.58708379 -3268.14068667 -2945.94559248], v=[-0.72788358 -3.91058782  5.96389105]
Epoch 1756, t=2460388.506553274:
  TLE_ECI: r=[-4995.00280404 -5212.82721628  2724.7712468 ], v=[ 3.841124   -0.51329169  6.05430982]
  RK45_ECI: r=[-6379.64227352 -3296.53314173 -2907.1144193 ], v=[-0.69047913 -3.89263361  5.98020043]
Epoch 1757, t=2460388.5066285376:
  TLE_ECI: r=[-4875.3549302  -5228.50420996  2905.30461045], v=[ 3.96982111 -0.37552679  5.98085819]
  RK45_ECI: r=[-6382.44078393 -3324.80982009 -2868.17774075], v=[-0.65306504 -3.87450276  5.99629393]
Epoch 1758, t=2460388.506703801:
  TLE_ECI: r=[-4751.88805028 -5239.98447923  3083.56413669], v=[ 4.09527865 -0.23735822  5.9027316 ]
  RK45_ECI: r=[-6384.98257258 -3352.96921706 -2829.1373285 ], v=[-0.61564315 -3.85619606  6.01217078]
Epoch 1759, t=2460388.5067790644:
  TLE_ECI: r=[-4624.70282526 -5247.25579642  3259.41050478], v=[ 4.21739834 -0.09889752  5.81999222]
  RK45_ECI: r=[-6387.2676695  -3381.01018794 -2789.99441011], v=[-0.57821482 -3.83771408  6.02783048]
Epoch 1760, t=2460388.5068543274:
  TLE_ECI: r=[-4493.902843   -5250.30931951  3432.70631345], v=[4.33608472 0.03974348 5.73270583]
  RK45_ECI: r=[-6389.29610407 -3408.93145461 -2750.75039945], v=[-0.54078154 -3.81905744  6.04327244]
Epoch 1761, t=2460388.506929591:
  TLE_ECI: r=[-4359.59446985 -5249.13965308  3603.3161887 ], v=[4.4512452  0.17845284 5.64094179]
  RK45_ECI: r=[-6391.06788628 -3436.73179913 -2711.40671425], v=[-0.50334482 -3.8002268   6.05849607]
Epoch 1762, t=2460388.5070048543:
  TLE_ECI: r=[-4221.88685356 -5243.74477331  3771.10689009], v=[4.56279012 0.31711848 5.54477297]
  RK45_ECI: r=[-6392.58308035 -3464.4100675  -2671.96459057], v=[-0.46590601 -3.78122273  6.07350088]
Epoch 1763, t=2460388.5070801177:
  TLE_ECI: r=[-4080.89177128 -5234.12608361  3935.94741476], v=[4.67063286 0.45562837 5.44427566]
  RK45_ECI: r=[-6393.84170731 -3491.96478171 -2632.42582375], v=[-0.42846694 -3.76204607  6.08828616]
Epoch 1764, t=2460388.507155381:
  TLE_ECI: r=[-3936.72355159 -5220.2884004   4097.70909966], v=[4.77468986 0.59387058 5.33952954]
  RK45_ECI: r=[-6394.8438555  -3519.39492968 -2592.79147142], v=[-0.39102879 -3.74269733  6.1028515 ]
Epoch 1765, t=2460388.507230644:
  TLE_ECI: r=[-3789.49899477 -5202.2399386   4256.2657217 ], v=[4.87488071 0.73173339 5.23061759]
  RK45_ECI: r=[-6395.5895709  -3546.69891225 -2553.0635246 ], v=[-0.35359357 -3.72317745  6.11719614]
Epoch 1766, t=2460388.5073059076:
  TLE_ECI: r=[-3639.33721494 -5179.99235015  4411.49359551], v=[4.9711282 0.8691054 5.117626 ]
  RK45_ECI: r=[-6396.0789503  -3573.87587637 -2513.24286049], v=[-0.31616228 -3.70348686  6.13131974]
Epoch 1767, t=2460388.507381171:
  TLE_ECI: r=[-3486.35963344 -5153.56064659  4563.27166937], v=[5.06335838 1.00587555 5.00064414]
  RK45_ECI: r=[-6396.31209277 -3600.92457276 -2473.33091712], v=[-0.27873643 -3.68362623  6.14522178]
Epoch 1768, t=2460388.5074564344:
  TLE_ECI: r=[-3330.68981745 -5122.96323311  4711.48161852], v=[5.1515006  1.1419333  4.87976443]
  RK45_ECI: r=[-6396.28908264 -3627.84355187 -2433.32951193], v=[-0.24131786 -3.66359648  6.1589016 ]
Epoch 1769, t=2460388.5075316974:
  TLE_ECI: r=[-3172.45340865 -5088.22187286  4856.00793627], v=[5.23548759 1.27716865 4.7550823 ]
  RK45_ECI: r=[-6396.01004696 -3654.63157734 -2393.24009231], v=[-0.20390808 -3.64339831  6.17235868]
Epoch 1770, t=2460388.507606961:
  TLE_ECI: r=[-3011.77796039 -5049.36170738  4996.7380225 ], v=[5.31525544 1.41147228 4.6266961 ]
  RK45_ECI: r=[-6395.47510626 -3681.28780548 -2353.06354272], v=[-0.16650807 -3.62303216  6.18559271]
Epoch 1771, t=2460388.5076822243:
  TLE_ECI: r=[-2848.79292319 -5006.41117907  5133.56227001], v=[5.39074373 1.54473561 4.49470698]
  RK45_ECI: r=[-6394.6843861  -3707.81067403 -2312.801881  ], v=[-0.12911985 -3.60249904  6.19860299]
Epoch 1772, t=2460388.5077574877:
  TLE_ECI: r=[-2683.62947916 -4959.40204711  5266.37414805], v=[5.46189551 1.67685087 4.35921887]
  RK45_ECI: r=[-6393.63803944 -3734.19919834 -2272.45618525], v=[-0.09174459 -3.5817995   6.21138915]
Epoch 1773, t=2460388.507832751:
  TLE_ECI: r=[-2516.42045033 -4908.36935227  5395.07028335], v=[5.52865736 1.80771124 4.22033834]
  RK45_ECI: r=[-6392.33621381 -3760.45195888 -2232.02829336], v=[-0.05438412 -3.56093446  6.2239506 ]
Epoch 1774, t=2460388.507908014:
  TLE_ECI: r=[-2347.30020508 -4853.35138195  5519.55053861], v=[5.59097939 1.93721085 4.07817452]
  RK45_ECI: r=[-6390.77908831 -3786.56774352 -2191.51966877], v=[-0.01703996 -3.53990469  6.23628685]
Epoch 1775, t=2460388.5079832776:
  TLE_ECI: r=[-2176.40449236 -4794.38966783  5639.71808804], v=[5.64881534 2.06524498 3.93283905]
  RK45_ECI: r=[-6388.96681731 -3812.54572343 -2150.93120596], v=[ 0.02028693 -3.51871065  6.24839761]
Epoch 1776, t=2460388.508058541:
  TLE_ECI: r=[-2003.87041805 -4731.52890967  5755.47949062], v=[5.70212252 2.19171004 3.78444593]
  RK45_ECI: r=[-6386.89959551 -3838.38437044 -2110.26494425], v=[ 0.05759452 -3.49735339  6.26028225]
Epoch 1777, t=2460388.5081338044:
  TLE_ECI: r=[-1829.83627705 -4664.81696901  5866.7447602 ], v=[5.75086191 2.31650368 3.63311147]
  RK45_ECI: r=[-6384.57761598 -3864.08271856 -2069.52197328], v=[ 0.09488166 -3.4758335   6.27194043]
Epoch 1778, t=2460388.508209068:
  TLE_ECI: r=[-1654.441457   -4594.30482359  5973.42743297], v=[5.79499815 2.43952488 3.47895417]
  RK45_ECI: r=[-6382.00108927 -3889.63937976 -2028.70414979], v=[ 0.13214651 -3.45415194  6.28337159]
Epoch 1779, t=2460388.508284331:
  TLE_ECI: r=[-1477.82633964 -4520.0465226   6075.44463218], v=[5.83449956 2.56067403 3.32209464]
  RK45_ECI: r=[-6379.17024636 -3915.05316745 -1987.81295196], v=[ 0.16938758 -3.43230952  6.2945753 ]
Epoch 1780, t=2460388.5083595943:
  TLE_ECI: r=[-1300.13213554 -4442.09916194  6172.71712974], v=[5.86933813 2.67985302 3.16265552]
  RK45_ECI: r=[-6376.08527517 -3940.32326871 -1946.84928349], v=[ 0.20660388 -3.41030671  6.30555128]
Epoch 1781, t=2460388.5084348577:
  TLE_ECI: r=[-1121.5008519  -4360.52281121  6265.16940533], v=[5.89948957 2.79696525 3.00076134]
  RK45_ECI: r=[-6372.74643923 -3965.44819127 -1905.81520335], v=[ 0.24379343 -3.38814464  6.31629897]
Epoch 1782, t=2460388.508510121:
  TLE_ECI: r=[ -942.07512617 -4275.38048538  6352.72970224], v=[5.92493334 2.91191578 2.83653846]
  RK45_ECI: r=[-6369.15397177 -3990.42698841 -1864.7118118 ], v=[ 0.28095505 -3.3658239   6.32681805]
Epoch 1783, t=2460388.5085853846:
  TLE_ECI: r=[ -761.99812601 -4186.73809037  6435.33008049], v=[5.94565258 3.02461136 2.67011496]
  RK45_ECI: r=[-6365.30814576 -4015.25830568 -1823.54098273], v=[ 0.31808693 -3.34334551  6.33710801]
Epoch 1784, t=2460388.5086606476:
  TLE_ECI: r=[ -581.41344859 -4094.66436937  6512.90646691], v=[5.9616342  3.13496048 2.50162053]
  RK45_ECI: r=[-6361.2092438  -4039.94098332 -1782.30420774], v=[ 0.35518757 -3.32071031  6.34716847]
Epoch 1785, t=2460388.508735911:
  TLE_ECI: r=[ -400.46495885 -3999.23085645  6585.39870217], v=[5.9728688  3.24287354 2.3311864 ]
  RK45_ECI: r=[-6356.85748735 -4064.4742249  -1741.00239897], v=[ 0.392256   -3.2979188   6.35699917]
Epoch 1786, t=2460388.5088111744:
  TLE_ECI: r=[ -219.29674886 -3900.5118085   6652.75058514], v=[5.97935075 3.34826278 2.1589452 ]
  RK45_ECI: r=[-6352.25320834 -4088.85657583 -1699.63763321], v=[ 0.42929023 -3.27497214  6.36659961]
Epoch 1787, t=2460388.508886438:
  TLE_ECI: r=[  -38.05297605 -3798.58415564  6714.90991385], v=[5.98107813 3.45104244 1.9850309 ]
  RK45_ECI: r=[-6347.39667964 -4113.08711021 -1658.21102032], v=[ 0.46628912 -3.25187097  6.37596949]
Epoch 1788, t=2460388.508961701:
  TLE_ECI: r=[  143.12222684 -3693.52743931  6771.82852372], v=[5.97805276 3.55112877 1.80957869]
  RK45_ECI: r=[-6342.28826409 -4137.16439102 -1616.72464454], v=[ 0.50325066 -3.22861647  6.38510832]
Epoch 1789, t=2460388.5090369643:
  TLE_ECI: r=[  324.08490809 -3585.42374918  6823.46232252], v=[5.97028015 3.64844018 1.63272486]
  RK45_ECI: r=[-6336.92821313 -4161.08763795 -1575.17942502], v=[ 0.54017391 -3.20520915  6.39401589]
Epoch 1790, t=2460388.5091122277:
  TLE_ECI: r=[  504.6913438  -3474.35765995  6869.77132265], v=[5.95776951 3.74289716 1.45460673]
  RK45_ECI: r=[-6331.31686372 -4184.85572105 -1533.57686608], v=[ 0.57705737 -3.1816499   6.40269183]
Epoch 1791, t=2460388.509187491:
  TLE_ECI: r=[  684.79819408 -3360.41616559  6910.71966997], v=[5.94053379 3.83442246 1.27536255]
  RK45_ECI: r=[-6325.45458838 -4208.46734204 -1491.91886559], v=[ 0.61389924 -3.1579398   6.41113574]
Epoch 1792, t=2460388.5092627546:
  TLE_ECI: r=[  864.26260345 -3243.68861161  6946.27566989], v=[5.91858956 3.9229411  1.09513137]
  RK45_ECI: r=[-6319.34169945 -4231.92159662 -1450.20654204], v=[ 0.65069838 -3.13407952  6.41934735]
Epoch 1793, t=2460388.5093380176:
  TLE_ECI: r=[ 1042.94230302 -3124.26662869  6976.41181023], v=[5.8919571  4.00838042 0.91405295]
  RK45_ECI: r=[-6312.97862763 -4255.21708767 -1408.44199476], v=[ 0.6874528  -3.11007027  6.42732624]
Epoch 1794, t=2460388.509413281:
  TLE_ECI: r=[ 1220.69575798 -3002.24405007  7001.10478102], v=[5.86066027 4.09067019 0.73226766]
  RK45_ECI: r=[-6306.36565715 -4278.35305349 -1366.62614981], v=[ 0.72416156 -3.08591262  6.43507221]
Epoch 1795, t=2460388.5094885444:
  TLE_ECI: r=[ 1397.3822213  -2877.71685533  7020.33549138], v=[5.82472659 4.16974256 0.5499164 ]
  RK45_ECI: r=[-6299.50317586 -4301.32839365 -1324.76052214], v=[ 0.76082319 -3.06160747  6.44258494]
Epoch 1796, t=2460388.509563808:
  TLE_ECI: r=[ 1572.86188057 -2750.78308559  7034.0890832 ], v=[5.78418715 4.2455322  0.36714045]
  RK45_ECI: r=[-6292.391618   -4324.14184674 -1282.84702242], v=[ 0.79743588 -3.03715595  6.44986408]
Epoch 1797, t=2460388.5096390713:
  TLE_ECI: r=[ 1746.99595699 -2621.54276998  7042.35494173], v=[5.73907663 4.31797632 0.18408141]
  RK45_ECI: r=[-6285.03133478 -4346.7925315  -1240.88677679], v=[ 0.8339985  -3.01255875  6.4569094 ]
Epoch 1798, t=2460388.5097143343:
  TLE_ECI: r=[ 1919.64680529 -2490.09785388  7045.12670319], v=[5.68943324e+00 4.38701469e+00 8.81062002e-04]
  RK45_ECI: r=[-6277.42282425 -4369.2790923  -1198.88189776], v=[ 0.8705091  -2.98781714  6.46372052]
Epoch 1799, t=2460388.5097895977:
  TLE_ECI: r=[ 2090.67804997 -2356.55209815  7042.4022592 ], v=[ 5.63529865  4.45258979 -0.18231869]
  RK45_ECI: r=[-6269.56640334 -4391.60078661 -1156.83331743], v=[ 0.90696672 -2.96293169  6.47029728]
Epoch 1800, t=2460388.509864861:
  TLE_ECI: r=[ 2259.95464578 -2221.01103078  7034.18375827], v=[ 5.57671806  4.5146467  -0.36537596]
  RK45_ECI: r=[-6261.46251026 -4413.75654485 -1114.74256011], v=[ 0.94336991 -2.93790335  6.4766394 ]
Epoch 1801, t=2460388.5099401246:
  TLE_ECI: r=[ 2427.34301257 -2083.5818444   7020.47760404], v=[ 5.51374008  4.57313324 -0.54814897]
  RK45_ECI: r=[-6253.11164022 -4435.74514434 -1072.6115475 ], v=[ 0.97971689 -2.91273329  6.48274657]
Epoch 1802, t=2460388.5100153876:
  TLE_ECI: r=[ 2592.71112519 -1944.37332587  7001.29445062], v=[ 5.44641673  4.62800001 -0.73049614]
  RK45_ECI: r=[-6244.51422728 -4457.56562099 -1030.44161035], v=[ 1.01600635 -2.88742234  6.48861858]
Epoch 1803, t=2460388.510090651:
  TLE_ECI: r=[ 2755.92863887 -1803.49574232  6976.64919467], v=[ 5.37480337  4.67920044 -0.91227622]
  RK45_ECI: r=[-6235.67070393 -4479.21698161  -988.23427853], v=[ 1.05223688 -2.86197146  6.49425518]
Epoch 1804, t=2460388.5101659144:
  TLE_ECI: r=[ 2916.86695458 -1661.06079951  6946.56096459], v=[ 5.2989587   4.72669073 -1.09334836]
  RK45_ECI: r=[-6226.58155164 -4500.6981845   -945.99108331], v=[ 1.08840701 -2.83638161  6.49965616]
Epoch 1805, t=2460388.510241178:
  TLE_ECI: r=[ 3075.39934263 -1517.1815264   6911.05310655], v=[ 5.21894467  4.77043003 -1.27357223]
  RK45_ECI: r=[-6217.24721441 -4522.00829858  -903.71335895], v=[ 1.12451548 -2.81065364  6.50482131]
Epoch 1806, t=2460388.5103164413:
  TLE_ECI: r=[ 3231.40103476 -1371.97219446  6870.1531674 ], v=[ 5.1348265   4.81038035 -1.45280812]
  RK45_ECI: r=[-6207.66824792 -4543.14614119  -861.4030365 ], v=[ 1.16056052 -2.78478876  6.50975038]
Epoch 1807, t=2460388.5103917043:
  TLE_ECI: r=[ 3384.74931714 -1225.54823879  6823.89287464], v=[ 5.04667255  4.84650666 -1.63091704]
  RK45_ECI: r=[-6197.84513035 -4564.11077698  -819.06145311], v=[ 1.19654085 -2.75878784  6.51444318]
Epoch 1808, t=2460388.5104669677:
  TLE_ECI: r=[ 3535.3236405  -1078.02612908  6772.30811323], v=[ 4.95455432  4.87877693 -1.80776083]
  RK45_ECI: r=[-6187.7783427  -4584.90124531  -776.69014564], v=[ 1.23245504 -2.73265186  6.51889952]
Epoch 1809, t=2460388.510542231:
  TLE_ECI: r=[3683.00569077 -929.52333692 6715.43889943], v=[ 4.85854639  4.90716212 -1.98320223]
  RK45_ECI: r=[-6177.46837712 -4605.51662019  -734.29045306], v=[ 1.26830184 -2.7063817   6.52311923]
Epoch 1810, t=2460388.5106174946:
  TLE_ECI: r=[3827.67949672 -780.15820602 6653.32935153], v=[ 4.75872637  4.93163621 -2.15710504]
  RK45_ECI: r=[-6166.91583729 -4625.95575191  -691.86431262], v=[ 1.30407948 -2.6799786   6.5271021 ]
Epoch 1811, t=2460388.510692758:
  TLE_ECI: r=[3969.23151629 -630.049869   6586.02765759], v=[ 4.65517483  4.95217625 -2.32933416]
  RK45_ECI: r=[-6156.12122265 -4646.21774692  -649.41306575], v=[ 1.33978671 -2.65344344  6.53084797]
Epoch 1812, t=2460388.510768021:
  TLE_ECI: r=[4107.55072359 -479.31816605 6513.58604012], v=[ 4.54797528  4.96876236 -2.49975572]
  RK45_ECI: r=[-6145.08509343 -4666.30161741  -606.93825384], v=[ 1.3754221  -2.62677726  6.53435669]
Epoch 1813, t=2460388.5108432844:
  TLE_ECI: r=[4242.52870163 -328.08350378 6436.06071779], v=[ 4.437214    4.98137779 -2.6682372 ]
  RK45_ECI: r=[-6133.80797888 -4686.20643603  -564.44141941], v=[ 1.41098426 -2.59998105  6.53762811]
Epoch 1814, t=2460388.510918548:
  TLE_ECI: r=[4374.05971735 -176.46683087 6353.51186406], v=[ 4.32298012  4.99000888 -2.83464747]
  RK45_ECI: r=[-6122.29041444 -4705.93130715  -521.92390624], v=[ 1.44647191 -2.57305572  6.54066209]
Epoch 1815, t=2460388.5109938113:
  TLE_ECI: r=[4502.04081132  -24.58949645 6266.00356293], v=[ 4.20536548  4.99464513 -2.99885696]
  RK45_ECI: r=[-6110.53306302 -4725.47512356  -479.38765777], v=[ 1.48188333 -2.54600256  6.54345847]
Epoch 1816, t=2460388.5110690747:
  TLE_ECI: r=[4626.37187668  127.42683422 6173.60376161], v=[ 4.08446457  4.99527918 -3.16073772]
  RK45_ECI: r=[-6098.53642054 -4744.83709919  -436.83381987], v=[ 1.51721743 -2.51882235  6.54601715]
Epoch 1817, t=2460388.5111443377:
  TLE_ECI: r=[4746.95573864  279.46026204 6076.38422031], v=[ 3.96037446  4.99190684 -3.3201635 ]
  RK45_ECI: r=[-6086.30123471 -4764.01605036  -394.26453778], v=[ 1.55247233 -2.49151652  6.54833798]
Epoch 1818, t=2460388.511219601:
  TLE_ECI: r=[4863.69822817  431.38880581 5974.42045903], v=[ 3.83319471  4.98452712 -3.47700989]
  RK45_ECI: r=[-6073.82794316 -4783.01131526  -351.68075894], v=[ 1.58764712 -2.46408574  6.55042089]
Epoch 1819, t=2460388.5112948646:
  TLE_ECI: r=[4976.50825983  583.09041694 5867.79170149], v=[ 3.70302736  4.97314219 -3.6311544 ]
  RK45_ECI: r=[-6061.11717051 -4801.8219525   -309.0840305 ], v=[ 1.62274039 -2.43653105  6.55226577]
Epoch 1820, t=2460388.511370128:
  TLE_ECI: r=[5085.29790192  734.44313107 5756.58081613], v=[ 3.56997678  4.95775743 -3.78247655]
  RK45_ECI: r=[-6048.16963814 -4820.44689873  -266.47630032], v=[ 1.65775045 -2.40885379  6.5538725 ]
Epoch 1821, t=2460388.511445391:
  TLE_ECI: r=[5189.98244905  885.32513669 5640.87425424], v=[ 3.43414966  4.93838138 -3.93085798]
  RK45_ECI: r=[-6034.98599637 -4838.88523214  -223.85911708], v=[ 1.69267588 -2.38105503  6.55524102]
Epoch 1822, t=2460388.5115206544:
  TLE_ECI: r=[5290.48047946 1035.61493318 5520.76198527], v=[ 3.29565484  4.91502584 -4.0761825 ]
  RK45_ECI: r=[-6021.56670417 -4857.13630693  -181.23342978], v=[ 1.72751581 -2.35313544  6.55637127]
Epoch 1823, t=2460388.511595918:
  TLE_ECI: r=[5386.71393412 1185.19133797 5396.33742934], v=[ 3.15460333  4.88770575 -4.21833627]
  RK45_ECI: r=[-6007.91258238 -4875.19899538  -138.60138805], v=[ 1.76226836 -2.3250965   6.55726316]
Epoch 1824, t=2460388.5116711813:
  TLE_ECI: r=[5478.60816984 1333.93364378 5267.69738689], v=[ 3.01110816  4.85643929 -4.35720778]
  RK45_ECI: r=[-5994.0241857  -4893.07255551   -95.96414164], v=[ 1.79693248 -2.29693903  6.55791664]
Epoch 1825, t=2460388.5117464447:
  TLE_ECI: r=[5566.09202115 1481.72170128 5134.94196573], v=[ 2.86528433  4.82124778 -4.49268805]
  RK45_ECI: r=[-5979.90229323 -4910.75596901   -53.32364108], v=[ 1.83150647 -2.26866439  6.55833165]
Epoch 1826, t=2460388.5118217077:
  TLE_ECI: r=[5649.09786197 1628.43599974 4998.17450525], v=[ 2.7172487   4.78215575 -4.62467064]
  RK45_ECI: r=[-5965.54760231 -4928.24835126   -10.68143693], v=[ 1.86598897 -2.24027367  6.55850817]
Epoch 1827, t=2460388.511896971:
  TLE_ECI: r=[5727.56164133 1773.95782958 4857.50149805], v=[ 2.56711988  4.73919091 -4.75305177]
  RK45_ECI: r=[-5950.96060237 -4945.54908002    31.96152041], v=[ 1.9003791  -2.2117676   6.55844616]
Epoch 1828, t=2460388.5119722346:
  TLE_ECI: r=[5801.42296219 1918.16928061 4713.03250895], v=[ 2.41501818  4.69238409 -4.87773041]
  RK45_ECI: r=[-5936.14217702 -4962.65707785    74.60307956], v=[ 1.93467501 -2.18314765  6.5581456 ]
Epoch 1829, t=2460388.512047498:
  TLE_ECI: r=[5870.62511232 2060.95340352 4564.88009134], v=[ 2.26106551  4.64176927 -4.99860837]
  RK45_ECI: r=[-5921.09291682 -4979.57163162   117.24208971], v=[ 1.96887567 -2.15441471  6.55760646]
Epoch 1830, t=2460388.5121227615:
  TLE_ECI: r=[5935.11511442 2202.19428915 4413.15970117], v=[ 2.10538527  4.58738356 -5.11559034]
  RK45_ECI: r=[-5905.81365768 -4996.29176932   159.87659945], v=[ 2.0029794  -2.12557013  6.55682876]
Epoch 1831, t=2460388.5121980244:
  TLE_ECI: r=[5994.84377589 2341.77714594 4257.98960834], v=[ 1.94810227  4.52926714 -5.22858402]
  RK45_ECI: r=[-5890.30514339 -5012.81664433   202.50505774], v=[ 2.03698487 -2.09661506  6.5558125 ]
Epoch 1832, t=2460388.512273288:
  TLE_ECI: r=[6049.7657016  2479.58846431 4099.49080577], v=[ 1.78934256  4.46746329 -5.33750019]
  RK45_ECI: r=[-5874.56789322 -5029.14565888   245.12651362], v=[ 2.0708912  -2.06755023  6.55455767]
Epoch 1833, t=2460388.5123485513:
  TLE_ECI: r=[6099.83937076 2615.51600525 3937.78691605], v=[ 1.62923346  4.40201832 -5.44225277]
  RK45_ECI: r=[-5858.60285259 -5045.27778704   287.73881595], v=[ 2.10469658 -2.03837716  6.55306431]
Epoch 1834, t=2460388.5124238147:
  TLE_ECI: r=[6145.02714425 2749.44896316 3773.0040959 ], v=[ 1.46790335  4.33298155 -5.5427589 ]
  RK45_ECI: r=[-5842.41064713 -5061.21234555   330.34081389], v=[ 2.13839999 -2.00909674  6.55133243]
Epoch 1835, t=2460388.512499078:
  TLE_ECI: r=[6185.29530207 2881.27803936 3605.27093831], v=[ 1.3054816   4.26040528 -5.63893902]
  RK45_ECI: r=[-5825.99216889 -5076.94840961   372.93055693], v=[ 2.17199979 -1.97971038  6.5493621 ]
Epoch 1836, t=2460388.512574341:
  TLE_ECI: r=[6220.61407925 3010.89551538 3434.71837265], v=[ 1.1420985   4.18434476 -5.73071693]
  RK45_ECI: r=[-5809.34820718 -5092.48517177   415.50649496], v=[ 2.20549466 -1.95021925  6.54715336]
Epoch 1837, t=2460388.5126496046:
  TLE_ECI: r=[6250.95765531 3138.19541502 3261.4795627 ], v=[ 0.97788506  4.10485814 -5.81801987]
  RK45_ECI: r=[-5792.47931052 -5107.82205944   458.06767734], v=[ 2.23888373 -1.92062408  6.54470623]
Epoch 1838, t=2460388.512724868:
  TLE_ECI: r=[6276.30422701 3263.07348389 3085.68980254], v=[ 0.81297301  4.02200643 -5.90077859]
  RK45_ECI: r=[-5775.38648485 -5122.95809976   500.6119551 ], v=[ 2.27216524 -1.89092645  6.54202081]
Epoch 1839, t=2460388.5128001315:
  TLE_ECI: r=[6296.63599224 3385.42734847 2907.48641077], v=[ 0.64749464  3.93585347 -5.97892738]
  RK45_ECI: r=[-5758.07039093 -5137.89263933   543.13817846], v=[ 2.30533817 -1.86112726  6.53909716]
Epoch 1840, t=2460388.5128753944:
  TLE_ECI: r=[6311.93918256 3505.15656633 2727.00862267], v=[ 0.4815827   3.84646585 -6.05240415]
  RK45_ECI: r=[-5740.53206174 -5152.62472979   585.64420013], v=[ 2.33840076 -1.83122809  6.53593538]
Epoch 1841, t=2460388.512950658:
  TLE_ECI: r=[6322.20403403 3622.16278337 2544.39748093], v=[ 0.31537025  3.75391289 -6.12115051]
  RK45_ECI: r=[-5722.77207196 -5167.15382177   628.12907064], v=[ 2.37135218 -1.8012297   6.53253554]
Epoch 1842, t=2460388.5130259213:
  TLE_ECI: r=[6327.42485532 3736.3497062  2359.79572431], v=[ 0.14899062  3.6582666  -6.18511178]
  RK45_ECI: r=[-5704.79125831 -5181.47915035   670.59124224], v=[ 2.40419111 -1.77113329  6.52889772]
Epoch 1843, t=2460388.5131011847:
  TLE_ECI: r=[6327.59999204 3847.62325694 2173.34767518], v=[-0.01742274  3.55960156 -6.24423707]
  RK45_ECI: r=[-5686.59059996 -5195.59986931   713.02876954], v=[ 2.43691598 -1.74094031  6.52502208]
Epoch 1844, t=2460388.513176448:
  TLE_ECI: r=[6322.73183759 3955.89163425 1985.19912533], v=[-0.18373638  3.45799493 -6.2984793 ]
  RK45_ECI: r=[-5668.17079132 -5209.51535677   755.44050485], v=[ 2.46952579 -1.71065169  6.52090868]
Epoch 1845, t=2460388.513251711:
  TLE_ECI: r=[6312.82684265 4061.0653724  1795.49722052], v=[-0.34981694  3.35352636 -6.34779528]
  RK45_ECI: r=[-5649.53292465 -5223.22471867   797.82430591], v=[ 2.5020188  -1.68026905  6.51655772]
Epoch 1846, t=2460388.5133269746:
  TLE_ECI: r=[6297.89546197 4163.05749103 1604.39034385], v=[-0.51553129  3.24627793 -6.39214571]
  RK45_ECI: r=[-5630.67760277 -5236.72743218   840.17922524], v=[ 2.53439421 -1.64979315  6.51196927]
Epoch 1847, t=2460388.513402238:
  TLE_ECI: r=[6277.95221561 4261.78345787 1412.02799777], v=[-0.68074662  3.13633407 -6.43149527]
  RK45_ECI: r=[-5611.60570609 -5250.02277348   882.50371893], v=[ 2.56665072 -1.61922523  6.50714346]
Epoch 1848, t=2460388.5134775015:
  TLE_ECI: r=[6253.01562956 4357.1613346  1218.56068526], v=[-0.84533055  3.02378152 -6.46581258]
  RK45_ECI: r=[-5592.318267   -5263.10994669   924.7958471 ], v=[ 2.59878679 -1.58856676  6.50208051]
Epoch 1849, t=2460388.513552765:
  TLE_ECI: r=[6223.10823121 4449.11182795 1024.13979   ], v=[-1.00915127  2.90870923 -6.49507029]
  RK45_ECI: r=[-5572.8160131  -5275.98836191   967.05446518], v=[ 2.63080145 -1.55781869  6.49678051]
Epoch 1850, t=2460388.513628028:
  TLE_ECI: r=[6188.25654318 4537.55833904  828.91745566], v=[-1.1720776   2.79120831 -6.51924508]
  RK45_ECI: r=[-5553.10009453 -5288.65718075  1009.27743793], v=[ 2.66269299 -1.52698266  6.49124371]
Epoch 1851, t=2460388.5137032913:
  TLE_ECI: r=[6148.49100736 4622.42710149  633.04646465], v=[-1.33397918  2.67137194 -6.5383177 ]
  RK45_ECI: r=[-5533.17114158 -5301.11590752  1051.46382073], v=[ 2.69446061 -1.49605947  6.48547021]
Epoch 1852, t=2460388.5137785547:
  TLE_ECI: r=[6103.84603781 4703.64713493  436.68011599], v=[-1.4947265   2.54929529 -6.55227296]
  RK45_ECI: r=[-5513.03007745 -5313.36386041  1093.6120749 ], v=[ 2.72610307 -1.46505037  6.47946021]
Epoch 1853, t=2460388.513853818:
  TLE_ECI: r=[6054.35993876 4781.1503785   239.97210296], v=[-1.65419108  2.42507546 -6.56109974]
  RK45_ECI: r=[-5492.67798666 -5325.40029482  1135.72026784], v=[ 2.75761884 -1.43395686  6.47321394]
Epoch 1854, t=2460388.5139290816:
  TLE_ECI: r=[6000.07488455 4854.87173088   43.07639026], v=[-1.81224551  2.29881138 -6.56479107]
  RK45_ECI: r=[-5472.11562921 -5337.22465355  1177.7872592 ], v=[ 2.78900697 -1.4027799   6.46673155]
Epoch 1855, t=2460388.5140043446:
  TLE_ECI: r=[5941.03689785 4924.74908851 -153.85290911], v=[-1.96876361  2.17060374 -6.56334403]
  RK45_ECI: r=[-5451.34421173 -5348.83615512  1219.81092269], v=[ 2.82026579 -1.37152118  6.46001336]
Epoch 1856, t=2460388.514079608:
  TLE_ECI: r=[5877.29575274 4990.72346835 -350.66165691], v=[-2.12362055  2.04055487 -6.55675985]
  RK45_ECI: r=[-5430.36439151 -5360.23433138  1261.79031739], v=[ 2.85139453 -1.3401815   6.45305948]
Epoch 1857, t=2460388.5141548715:
  TLE_ECI: r=[5808.90501799 5052.73895345 -547.19581311], v=[-2.27669288  1.90876871 -6.54504385]
  RK45_ECI: r=[-5409.1771335  -5371.41854341  1303.72391131], v=[ 2.88239197 -1.30876213  6.44587014]
Epoch 1858, t=2460388.514230135:
  TLE_ECI: r=[5735.92195395 5110.74281094 -743.30155886], v=[-2.42785871  1.77535068 -6.52820545]
  RK45_ECI: r=[-5387.78357302 -5382.38809901  1345.6097809 ], v=[ 2.9132566  -1.2772646   6.43844566]
Epoch 1859, t=2460388.514305398:
  TLE_ECI: r=[5658.407493   5164.68550301 -938.8254195 ], v=[-2.57699777  1.64040759 -6.50625816]
  RK45_ECI: r=[-5366.18460736 -5393.14242061  1387.44659484], v=[ 2.94398737 -1.24569006  6.43078623]
Epoch 1860, t=2460388.5143806613:
  TLE_ECI: r=[ 5576.42612696  5214.52079588 -1133.61438703], v=[-2.72399154  1.50404758 -6.47921959]
  RK45_ECI: r=[-5344.38118149 -5403.68094572  1429.23282637], v=[ 2.97458308 -1.21403973  6.42289213]
Epoch 1861, t=2460388.5144559247:
  TLE_ECI: r=[ 5490.04594241  5260.20569916 -1327.5160424 ], v=[-2.86872334  1.36637998 -6.44711138]
  RK45_ECI: r=[-5322.37420412 -5414.0031093   1470.96714632], v=[ 3.00504267 -1.18231477  6.41476357]
Epoch 1862, t=2460388.514531188:
  TLE_ECI: r=[ 5399.33850249  5301.70056969 -1520.378677  ], v=[-3.0110784   1.22751528 -6.40995924]
  RK45_ECI: r=[-5300.16485039 -5424.10826165  1512.64763967], v=[ 3.03536468 -1.15051674  6.4064009 ]
Epoch 1863, t=2460388.5146064516:
  TLE_ECI: r=[ 5304.37880091  5338.96912864 -1712.05141359], v=[-3.150944    1.08756496 -6.36779288]
  RK45_ECI: r=[-5277.75403019 -5433.99587198  1554.27298101], v=[ 3.06554806 -1.11864676  6.39780437]
Epoch 1864, t=2460388.5146817146:
  TLE_ECI: r=[ 5205.24521366  5371.9784775  -1902.38432647], v=[-3.28820951  0.94664148 -6.32064602]
  RK45_ECI: r=[-5255.14276791 -5443.66536599  1595.8416508 ], v=[ 3.09559165 -1.08670614  6.38897426]
Epoch 1865, t=2460388.514756978:
  TLE_ECI: r=[ 5102.01936996  5400.69918714 -2091.2285605 ], v=[-3.42276656  0.80485809 -6.26855632]
  RK45_ECI: r=[-5232.33204828 -5453.11622424  1637.35213131], v=[ 3.12549426 -1.05469614  6.37991089]
Epoch 1866, t=2460388.5148322415:
  TLE_ECI: r=[ 4994.78617647  5425.10523131 -2278.43644964], v=[-3.55450904  0.66232881 -6.21156537]
  RK45_ECI: r=[-5209.32281499 -5462.34792139  1678.80310133], v=[ 3.15525489 -1.02261792  6.3706145 ]
Epoch 1867, t=2460388.514907505:
  TLE_ECI: r=[ 4883.63368336  5445.17407007 -2463.8616338 ], v=[-3.68333324  0.5191683  -6.14971865]
  RK45_ECI: r=[-5186.11629195 -5471.3598615   1720.19265807], v=[ 3.18487208 -0.99047305  6.3610855 ]
Epoch 1868, t=2460388.5149827683:
  TLE_ECI: r=[ 4768.653025    5460.88665411 -2647.35917485], v=[-3.80913792  0.37549176 -6.08306546]
  RK45_ECI: r=[-5162.71342359 -5480.15155326  1761.51948466], v=[ 3.21434484 -0.9582627   6.35132418]
Epoch 1869, t=2460388.5150580313:
  TLE_ECI: r=[ 4649.93835908  5472.22742742 -2828.78567116], v=[-3.93182439  0.23141486 -6.01165892]
  RK45_ECI: r=[-5139.11527346 -5488.72246715  1802.78207171], v=[ 3.24367202 -0.92598818  6.34133087]
Epoch 1870, t=2460388.5151332947:
  TLE_ECI: r=[ 4527.58672322  5479.18439554 -3007.99937064], v=[-4.05129659  0.08705359 -5.93555588]
  RK45_ECI: r=[-5115.3228646  -5497.07212784  1843.97891192], v=[ 3.27285247 -0.89365077  6.33110591]
Epoch 1871, t=2460388.515208558:
  TLE_ECI: r=[ 4401.69804959  5481.74905299 -3184.8602826 ], v=[-4.16746116 -0.0574758  -5.8548169 ]
  RK45_ECI: r=[-5091.33717523 -5505.20004981  1885.10869322], v=[ 3.30188521 -0.86125165  6.3206496 ]
Epoch 1872, t=2460388.5152838216:
  TLE_ECI: r=[ 4272.37501652  5479.91644671 -3359.23028757], v=[-4.28022752 -0.20205689 -5.76950618]
  RK45_ECI: r=[-5067.15947627 -5513.10569209  1926.16952685], v=[ 3.33076884 -0.82879242  6.30996239]
Epoch 1873, t=2460388.515359085:
  TLE_ECI: r=[ 4139.72297887  5473.68516627 -3530.97324572], v=[-4.38950794 -0.34657319 -5.67969147]
  RK45_ECI: r=[-5042.79064321 -5520.7886278   1967.16029791], v=[ 3.3595025  -0.7962741   6.29904456]
Epoch 1874, t=2460388.515434348:
  TLE_ECI: r=[ 4003.84989593  5463.05733366 -3699.95510336], v=[-4.4952176  -0.49090827 -5.58544409]
  RK45_ECI: r=[-5018.23208535 -5528.24829981  2008.07893188], v=[ 3.38808469 -0.76369847  6.28789664]
Epoch 1875, t=2460388.5155096115:
  TLE_ECI: r=[ 3864.86617697  5448.03864967 -3866.04399748], v=[-4.59727465 -0.63494585 -5.48683877]
  RK45_ECI: r=[-4993.4845554  -5535.4843504   2048.92450993], v=[ 3.41651469 -0.73106639  6.27651885]
Epoch 1876, t=2460388.515584875:
  TLE_ECI: r=[ 3722.88468591  5428.63831739 -4029.11035865], v=[-4.69560029 -0.77856985 -5.38395365]
  RK45_ECI: r=[-4968.5491672  -5542.49631061  2089.69553819], v=[ 3.44479142 -0.69837919  6.26491159]
Epoch 1877, t=2460388.5156601383:
  TLE_ECI: r=[ 3578.02058333  5404.86908345 -4189.02701152], v=[-4.7901188  -0.92166452 -5.2768702 ]
  RK45_ECI: r=[-4943.42723766 -5549.28369484  2130.3901436 ], v=[ 3.47291351 -0.6656385   6.25307537]
Epoch 1878, t=2460388.5157354013:
  TLE_ECI: r=[ 3430.39126287  5376.74720553 -4345.66927342], v=[-4.88075763 -1.06411453 -5.16567313]
  RK45_ECI: r=[-4918.11990047 -5555.84605887  2171.00683961], v=[ 3.50087988 -0.63284566  6.24101059]
Epoch 1879, t=2460388.5158106647:
  TLE_ECI: r=[ 3280.11619128  5344.29248016 -4498.9150506 ], v=[-4.96744742 -1.20580511 -5.0504503 ]
  RK45_ECI: r=[-4892.62792468 -5562.18306596  2211.54471257], v=[ 3.52868984 -0.60000155  6.22871751]
Epoch 1880, t=2460388.515885928:
  TLE_ECI: r=[ 3127.31690457  5307.52816508 -4648.64493248], v=[-5.05012204 -1.34662205 -4.93129272]
  RK45_ECI: r=[-4866.95277618 -5568.29422943  2252.00170891], v=[ 3.55634193 -0.56710796  6.21619673]
Epoch 1881, t=2460388.5159611916:
  TLE_ECI: r=[ 2972.11684524  5266.48100201 -4794.74228337], v=[-5.1287187  -1.48645184 -4.80829437]
  RK45_ECI: r=[-4841.0953753  -5574.17917968  2292.37672899], v=[ 3.58383534 -0.53416594  6.20344856]
Epoch 1882, t=2460388.516036455:
  TLE_ECI: r=[ 2814.64127663  5221.18118487 -4937.09333182], v=[-5.20317792 -1.62518179 -4.68155219]
  RK45_ECI: r=[-4815.05708341 -5579.83748733  2332.66791724], v=[ 3.61116876 -0.50117712  6.19047356]
Epoch 1883, t=2460388.516111718:
  TLE_ECI: r=[ 2655.0171959   5171.66232758 -5075.58725765], v=[-5.27344359 -1.76270004 -4.55116599]
  RK45_ECI: r=[-4788.83906995 -5585.26875479  2372.87380123], v=[ 3.63834113 -0.46814286  6.1772722 ]
Epoch 1884, t=2460388.5161869815:
  TLE_ECI: r=[ 2493.37316951  5117.96146894 -5210.11627626], v=[-5.33946303 -1.89889579 -4.41723834]
  RK45_ECI: r=[-4762.4421265  -5590.47267604  2412.99347577], v=[ 3.66535179 -0.43506406  6.16384475]
Epoch 1885, t=2460388.516262245:
  TLE_ECI: r=[ 2329.83932059  5060.11899448 -5340.57572075], v=[-5.40118701 -2.03365921 -4.27987449]
  RK45_ECI: r=[-4735.86776718 -5595.44882609  2453.02490771], v=[ 3.69219933 -0.40194252  6.15019185]
Epoch 1886, t=2460388.5163375083:
  TLE_ECI: r=[ 2164.54716178  4998.17863707 -5466.8641211 ], v=[-5.45856976 -2.16688165 -4.1391823 ]
  RK45_ECI: r=[-4709.1169387  -5600.19687213  2492.96700826], v=[ 3.71888297 -0.3687793   6.13631387]
Epoch 1887, t=2460388.516412772:
  TLE_ECI: r=[ 1997.62950466  4932.18743351 -5588.88328085], v=[-5.51156903 -2.29845568 -3.99527214]
  RK45_ECI: r=[-4682.19104548 -5604.71644153  2532.81794104], v=[ 3.74540143 -0.33557606  6.12221142]
Epoch 1888, t=2460388.5164880347:
  TLE_ECI: r=[ 1829.22036693  4862.19568173 -5706.53835118], v=[-5.56014609 -2.42827517 -3.84825679]
  RK45_ECI: r=[-4655.09129152 -5609.0071839   2572.57624914], v=[ 3.77175369 -0.30233417  6.107885  ]
Epoch 1889, t=2460388.516563298:
  TLE_ECI: r=[ 1659.45480706  4788.25692291 -5819.73790197], v=[-5.60426576 -2.55623543 -3.69825139]
  RK45_ECI: r=[-4627.81849028 -5613.06882418  2612.24103666], v=[ 3.79793913 -0.26905453  6.0933349 ]
Epoch 1890, t=2460388.5166385616:
  TLE_ECI: r=[ 1488.46890259  4710.427865   -5928.39399056], v=[-5.64389644 -2.6822332  -3.54537329]
  RK45_ECI: r=[-4600.37420202 -5616.90100009  2651.81029276], v=[ 3.82395636 -0.23573896  6.07856184]
Epoch 1891, t=2460388.516713825:
  TLE_ECI: r=[ 1316.39958332  4628.76836096 -6032.42222731], v=[-5.6790101  -2.80616677 -3.38974199]
  RK45_ECI: r=[-4572.75939919 -5620.50341577  2691.28294053], v=[ 3.84980464 -0.20238854  6.06356621]
Epoch 1892, t=2460388.516789088:
  TLE_ECI: r=[ 1143.38455009  4543.34135206 -6131.74183855], v=[-5.70958233 -2.92793605 -3.23147903]
  RK45_ECI: r=[-4544.97566241 -5623.8757375   2730.65697992], v=[ 3.87548261 -0.1690051   6.04834873]
Epoch 1893, t=2460388.5168643515:
  TLE_ECI: r=[  969.5621117   4454.21283233 -6226.27572648], v=[-5.73559229 -3.04744272 -3.07070793]
  RK45_ECI: r=[-4517.0238246  -5627.01771815  2769.93152451], v=[ 3.90098966 -0.13558954  6.03290975]
Epoch 1894, t=2460388.516939615:
  TLE_ECI: r=[  795.07115552  4361.45177471 -6315.95052655], v=[-5.75702279 -3.16459018 -2.90755403]
  RK45_ECI: r=[-4488.90512448 -5629.92905854  2809.10513496], v=[ 3.92632482 -0.10214325  6.01724978]
Epoch 1895, t=2460388.5170148783:
  TLE_ECI: r=[  620.05098383  4265.1300919  -6400.69666153], v=[-5.77386024 -3.27928369 -2.74214448]
  RK45_ECI: r=[-4460.62103212 -5632.60947812  2848.1760091 ], v=[ 3.95148688 -0.06866791  6.00136955]
Epoch 1896, t=2460388.517090142:
  TLE_ECI: r=[  444.6412172   4165.32257602 -6480.44839294], v=[-5.7860947  -3.39143043 -2.57460803]
  RK45_ECI: r=[-4432.17254463 -5635.0587184   2887.14308292], v=[ 3.97647512 -0.0351646   5.98526945]
Epoch 1897, t=2460388.5171654047:
  TLE_ECI: r=[  268.98169638  4062.10683924 -6555.14386943], v=[-5.79371984 -3.50093957 -2.40507505]
  RK45_ECI: r=[-4403.56128648 -5637.27650907  2926.00438138], v=[ 4.00128824e+00 -1.63516152e-03  5.96895028e+00]
Epoch 1898, t=2460388.517240668:
  TLE_ECI: r=[   93.21232427  3955.56325691 -6624.72517209], v=[-5.79673291 -3.60772239 -2.23367734]
  RK45_ECI: r=[-4374.78811055 -5639.26263487  2964.75902899], v=[4.02592565 0.03191948 5.9524124 ]
Epoch 1899, t=2460388.5173159316:
  TLE_ECI: r=[  -82.52697121  3845.77489828 -6689.1383571 ], v=[-5.79513483 -3.71169222 -2.06054809]
  RK45_ECI: r=[-4345.85428757 -5641.01684471  3003.40560466], v=[4.05038641 0.06549794 5.93565639]
Epoch 1900, t=2460388.517391195:
  TLE_ECI: r=[ -258.09639555  3732.82746665 -6748.33349507], v=[-5.78893011 -3.81276462 -1.88582172]
  RK45_ECI: r=[-4316.76132652 -5642.53891628  3041.94232983], v=[4.07466936 0.09909852 5.91868299]
Epoch 1901, t=2460388.5174664585:
  TLE_ECI: r=[ -433.35638474  3616.80923133 -6802.26470752], v=[-5.77812684 -3.9108574  -1.70963385]
  RK45_ECI: r=[-4287.51024792 -5643.82862901  3080.36815436], v=[4.09877381 0.13272012 5.90149265]
Epoch 1902, t=2460388.5175417215:
  TLE_ECI: r=[ -608.16770361  3497.81096077 -6850.89020039], v=[-5.76273672 -4.00589065 -1.53212116]
  RK45_ECI: r=[-4258.10271842 -5644.88577642  3118.68113006], v=[4.12269851 0.1663609  5.88408623]
Epoch 1903, t=2460388.517616985:
  TLE_ECI: r=[ -782.39159616  3375.92584567 -6894.17229434], v=[-5.74277499 -4.0977869  -1.35342128]
  RK45_ECI: r=[-4228.53961021 -5645.71017527  3156.88039318], v=[4.1464429  0.20001994 5.86646409]
Epoch 1904, t=2460388.5176922483:
  TLE_ECI: r=[ -955.88983054  3251.24943565 -6932.07745232], v=[-5.71826047 -4.18647104 -1.17367271]
  RK45_ECI: r=[-4198.82222431 -5646.30162321  3194.96454226], v=[4.17000607 0.23369581 5.84862687]
Epoch 1905, t=2460388.517767512:
  TLE_ECI: r=[-1128.5248488   3123.8795598  -6964.57630383], v=[-5.6892155  -4.27187048 -0.99301471]
  RK45_ECI: r=[-4168.95210699 -5646.65995661  3232.93182395], v=[4.19338692 0.26738683 5.83057535]
Epoch 1906, t=2460388.517842775:
  TLE_ECI: r=[-1300.15986279  2993.91625223 -6991.64366629], v=[-5.65566594 -4.35391516 -0.8115872 ]
  RK45_ECI: r=[-4138.93030149 -5646.78499287  3270.78120301], v=[4.21658479 0.30109189 5.81231002]
Epoch 1907, t=2460388.517918038:
  TLE_ECI: r=[-1470.65895211  2861.46167895 -7013.25856329], v=[-5.61764114 -4.4325376  -0.62953067]
  RK45_ECI: r=[-4108.75851439 -5646.6765901   3308.51075988], v=[4.23959847 0.33480913 5.79383179]
Epoch 1908, t=2460388.5179933016:
  TLE_ECI: r=[-1639.88720311  2726.62004241 -7029.40423978], v=[-5.57517388 -4.507673   -0.44698605]
  RK45_ECI: r=[-4078.43763643 -5646.33459721  3346.11964342], v=[4.26242742 0.36853761 5.77514104]
Epoch 1909, t=2460388.518068565:
  TLE_ECI: r=[-1807.71076187  2589.49752505 -7040.06817434], v=[-5.52830042 -4.57925921 -0.26409463]
  RK45_ECI: r=[-4047.96899758 -5645.75886097  3383.60647306], v=[4.2850708  0.40227593 5.75623845]
Epoch 1910, t=2460388.5181438285:
  TLE_ECI: r=[-1973.99697245  2450.20219181 -7045.2420882 ], v=[-5.4770604  -4.64723684 -0.08099795]
  RK45_ECI: r=[-4017.35417981 -5644.94927669  3420.96952234], v=[4.30752752 0.43602238 5.73712487]
Epoch 1911, t=2460388.5182190915:
  TLE_ECI: r=[-2138.61446391  2308.84391662 -7044.92195133], v=[-5.42149686 -4.71154926  0.10216228]
  RK45_ECI: r=[-3986.5943963  -5643.90570295  3458.20759741], v=[4.32979687 0.46977568 5.7178009 ]
Epoch 1912, t=2460388.518294355:
  TLE_ECI: r=[-2301.43327939  2165.53427317 -7039.1079854 ], v=[-5.36165613 -4.77214272  0.28524433]
  RK45_ECI: r=[-3955.690946   -5642.62805469  3495.31933253], v=[4.35187801 0.50353445 5.69826721]
Epoch 1913, t=2460388.5183696183:
  TLE_ECI: r=[-2462.32493449  2020.38648473 -7027.80466373], v=[-5.29758788 -4.82896629  0.4681065 ]
  RK45_ECI: r=[-3924.64518319 -5641.11622119  3532.30336657], v=[4.37377011 0.53729727 5.67852451]
Epoch 1914, t=2460388.518444882:
  TLE_ECI: r=[-2621.1625451   1873.51531315 -7011.02070817], v=[-5.22934504 -4.88197198  0.65060726]
  RK45_ECI: r=[-3893.45831667 -5639.370096    3569.15851564], v=[4.39547246 0.57106287 5.65857341]
Epoch 1915, t=2460388.518520145:
  TLE_ECI: r=[-2777.82091815  1725.03697594 -6988.76908284], v=[-5.15698377 -4.93111472  0.83260534]
  RK45_ECI: r=[-3862.13196235 -5637.38963375  3605.88308175], v=[4.41698404 0.60482955 5.63841482]
Epoch 1916, t=2460388.518595408:
  TLE_ECI: r=[-2932.17664381  1575.06906504 -6961.06698492], v=[-5.08056341 -4.97635244  1.01395981]
  RK45_ECI: r=[-3830.66735692 -5635.17473733  3642.47589094], v=[4.43830416 0.63859602 5.61804935]
Epoch 1917, t=2460388.5186706716:
  TLE_ECI: r=[-3084.10820984  1423.73042199 -6927.93583228], v=[-5.00014642 -5.01764613  1.19453022]
  RK45_ECI: r=[-3799.06582613 -5632.72536981  3678.93560053], v=[4.45943203 0.67236091 5.59747774]
Epoch 1918, t=2460388.518745935:
  TLE_ECI: r=[-3233.4960667   1271.1410958  -6889.40124817], v=[-4.91579836 -5.05495978  1.37417668]
  RK45_ECI: r=[-3767.32861364 -5630.04144862  3715.26104291], v=[4.48036696 0.70612292 5.57670064]
Epoch 1919, t=2460388.5188211985:
  TLE_ECI: r=[-3380.22273979  1117.42221715 -6845.4930427 ], v=[-4.82758785 -5.08826048  1.55275996]
  RK45_ECI: r=[-3735.45736129 -5627.12297597  3751.45054405], v=[4.50110797 0.73988034 5.55571896]
Epoch 1920, t=2460388.518896462:
  TLE_ECI: r=[-3524.17291556   962.69591247 -6796.24519144], v=[-4.73558649 -5.11751845  1.7301416 ]
  RK45_ECI: r=[-3703.45330722 -5623.96990125  3787.50294663], v=[4.5216544  0.77363192 5.53453338]
Epoch 1921, t=2460388.518971725:
  TLE_ECI: r=[-3665.23352865   807.08521944 -6741.69581082], v=[-4.63986885 -5.14270704  1.90618401]
  RK45_ECI: r=[-3671.31784671 -5620.58219369  3823.41692745], v=[4.54200549 0.80737621 5.51314466]
Epoch 1922, t=2460388.5190469883:
  TLE_ECI: r=[-3803.2938596    650.71394925 -6681.88713057], v=[-4.54051232 -5.16380278  2.08075057]
  RK45_ECI: r=[-3639.0523309  -5616.95986462  3859.19116818], v=[4.56216049 0.84111182 5.49155355]
Epoch 1923, t=2460388.519122252:
  TLE_ECI: r=[-3938.24560547   493.70665275 -6616.86546315], v=[-4.4375972  -5.18078538  2.25370573]
  RK45_ECI: r=[-3606.65802525 -5613.10287608  3894.82452254], v=[4.58211875 0.87483747 5.46976074]
Epoch 1924, t=2460388.519197515:
  TLE_ECI: r=[-4069.98297504   336.18848159 -6546.68117008], v=[-4.33120651 -5.19363778  2.42491511]
  RK45_ECI: r=[-3574.13660235 -5609.01129001  3930.31534782], v=[4.60187935 0.90855145 5.4477672 ]
Epoch 1925, t=2460388.5192727786:
  TLE_ECI: r=[-4198.40276858   178.28510079 -6471.38862533], v=[-4.22142601 -5.20234613  2.5942456 ]
  RK45_ECI: r=[-3541.48932134 -5604.68510012  3965.66250856], v=[4.62144166 0.94225248 5.42557364]
Epoch 1926, t=2460388.5193480416:
  TLE_ECI: r=[-4323.4044584     20.12260266 -6391.0461756 ], v=[-4.10834411 -5.20689985  2.76156546]
  RK45_ECI: r=[-3508.71760167 -5600.12432542  4000.86470689], v=[4.64080496 0.97593912 5.40318084]
Epoch 1927, t=2460388.519423305:
  TLE_ECI: r=[-4444.89026836  -138.17264228 -6305.71609776], v=[-3.99205178 -5.20729162  2.92674443]
  RK45_ECI: r=[-3475.82281811 -5595.32902584  4035.92065005], v=[4.65996854 1.00960999 5.38058962]
Epoch 1928, t=2460388.5194985685:
  TLE_ECI: r=[-4562.76524874  -296.47401023 -6215.46455312], v=[-3.87264253 -5.20351741  3.08965382]
  RK45_ECI: r=[-3442.80625648 -5590.29920826  4070.82921418], v=[4.6789318  1.04326379 5.35780068]
Epoch 1929, t=2460388.519573832:
  TLE_ECI: r=[-4676.93735262  -454.65477336 -6120.36153892], v=[-3.75021232 -5.19557647  3.25016659]
  RK45_ECI: r=[-3409.66961847 -5585.03499436  4105.58878944], v=[4.69769386 1.07689882 5.33481505]
Epoch 1930, t=2460388.519649095:
  TLE_ECI: r=[-4787.31750957  -612.58817381 -6020.48083672], v=[-3.6248595  -5.18347133  3.4081575 ]
  RK45_ECI: r=[-3376.41434327 -5579.53644623  4140.19810123], v=[4.71625405 1.11051363 5.31163356]
Epoch 1931, t=2460388.5197243583:
  TLE_ECI: r=[-4893.81968932  -770.14757984 -5915.89995798], v=[-3.4966847  -5.16720786  3.56350315]
  RK45_ECI: r=[-3343.04139189 -5573.80356101  4174.65636443], v=[4.73461195 1.14410727 5.28825672]
Epoch 1932, t=2460388.519799622:
  TLE_ECI: r=[-4996.36097919  -927.20650362 -5806.70008662], v=[-3.36579081 -5.14679523  3.71608211]
  RK45_ECI: r=[-3309.55264219 -5567.83651917  4208.96182689], v=[4.75276664 1.17767786 5.26468571]
Epoch 1933, t=2460388.519874885:
  TLE_ECI: r=[-5094.86164402 -1083.63875684 -5692.96601878], v=[-3.23228287 -5.12224591  3.86577499]
  RK45_ECI: r=[-3275.94923871 -5561.63534858  4243.11355029], v=[4.77071762 1.21122429 5.24092115]
Epoch 1934, t=2460388.5199501486:
  TLE_ECI: r=[-5189.24519097 -1239.3185379  -5574.78609968], v=[-3.09626799 -5.09357568  4.01246459]
  RK45_ECI: r=[-3242.23291041 -5555.20023071  4277.10995919], v=[4.78846409 1.24474483 5.21696412]
Epoch 1935, t=2460388.5200254116:
  TLE_ECI: r=[-5279.43843447 -1394.12051734 -5452.25215768], v=[-2.9578553  -5.06080363  4.15603591]
  RK45_ECI: r=[-3208.40511754 -5548.53127777  4310.94980657], v=[4.80600542 1.27823804 5.19281549]
Epoch 1936, t=2460388.520100675:
  TLE_ECI: r=[-5365.3715388  -1547.92000012 -5325.45943548], v=[-2.8171558  -5.02395215  4.29637633]
  RK45_ECI: r=[-3174.46683388 -5541.62852023  4344.63232422], v=[4.8233412  1.31170298 5.16847578]
Epoch 1937, t=2460388.5201759385:
  TLE_ECI: r=[-5446.97809719 -1700.59293392 -5194.50651862], v=[-2.67428237 -4.98304694  4.43337562]
  RK45_ECI: r=[-3140.4199662  -5534.49220396  4378.15579887], v=[4.84047059 1.34513776 5.14394623]
Epoch 1938, t=2460388.520251202:
  TLE_ECI: r=[-5524.19517012 -1852.01607056 -5059.49526121], v=[-2.52934962 -4.93811693  4.56692611]
  RK45_ECI: r=[-3106.26567398 -5527.12239625  4411.51931307], v=[4.85739312 1.37854127 5.11922749]
Epoch 1939, t=2460388.5203264654:
  TLE_ECI: r=[-5596.96333955 -2002.06705055 -4920.53070894], v=[-2.38247381 -4.88919437  4.6969227 ]
  RK45_ECI: r=[-3072.00571141 -5519.51933846  4444.72132725], v=[4.87410804 1.41191179 5.09432068]
Epoch 1940, t=2460388.5204017283:
  TLE_ECI: r=[-5665.2267632  -2150.62448598 -4777.72101955], v=[-2.23377278 -4.83631472  4.82326303]
  RK45_ECI: r=[-3037.64155827 -5511.6831929   4477.76062321], v=[4.89061475 1.44524788 5.06922671]
Epoch 1941, t=2460388.520476992:
  TLE_ECI: r=[-5728.93319486 -2297.56812543 -4631.17738059], v=[-2.08336582 -4.77951669  4.94584748]
  RK45_ECI: r=[-3003.17420027 -5503.61402336  4510.63645034], v=[4.90691291 1.47854859 5.04394612]
Epoch 1942, t=2460388.520552255:
  TLE_ECI: r=[-5788.03406328 -2442.7788534  -4481.01392462], v=[-1.93137362 -4.7188422   5.06457933]
  RK45_ECI: r=[-2968.60557086 -5495.31214115  4543.34713586], v=[4.92300169 1.51181205 5.0184802 ]
Epoch 1943, t=2460388.5206275187:
  TLE_ECI: r=[-5842.48448764 -2586.13885357 -4327.34764203], v=[-1.77791815 -4.65433632  5.1793648 ]
  RK45_ECI: r=[-2933.93684321 -5486.77765297  4575.89178409], v=[4.93888069 1.54503714 4.99282961]
Epoch 1944, t=2460388.520702782:
  TLE_ECI: r=[-5892.24332002 -2727.53168917 -4170.29829123], v=[-1.62312258 -4.58604731  5.29011313]
  RK45_ECI: r=[-2899.16979499 -5478.01085999  4608.2688928 ], v=[4.9545492  1.57822214 4.96699554]
Epoch 1945, t=2460388.520778045:
  TLE_ECI: r=[-5937.27318732 -2866.84238151 -4009.98830665], v=[-1.46711119 -4.51402653  5.39673668]
  RK45_ECI: r=[-2864.30592391 -5469.01197457  4640.47727373], v=[4.97000667 1.61136563 4.94097892]
Epoch 1946, t=2460388.5208533085:
  TLE_ECI: r=[-5977.5404885  -3003.95757445 -3846.54270428], v=[-1.31000919 -4.43832843  5.49915098]
  RK45_ECI: r=[-2829.34622643 -5459.78109391  4672.51619461], v=[4.98525278 1.64446665 4.91478033]
Epoch 1947, t=2460388.520928572:
  TLE_ECI: r=[-6013.01547141 -3138.76552417 -3680.08898497], v=[-1.15194273 -4.35901052  5.59727486]
  RK45_ECI: r=[-2794.29266062 -5450.3185946   4704.38402473], v=[5.00028677 1.67752333 4.88840107]
Epoch 1948, t=2460388.5210038354:
  TLE_ECI: r=[-6043.67222478 -3271.15626109 -3510.75703555], v=[-0.99303874 -4.27613331  5.69103043]
  RK45_ECI: r=[-2759.1464122  -5440.62462273  4736.07989104], v=[5.01510828 1.71053456 4.86184188]
Epoch 1949, t=2460388.5210790983:
  TLE_ECI: r=[-6069.48871731 -3401.02164649 -3338.67902787], v=[-0.83342484 -4.18976029  5.78034323]
  RK45_ECI: r=[-2723.90944979 -5430.6995843   4767.60218253], v=[5.02971658 1.74349848 4.83510407]
Epoch 1950, t=2460388.521154362:
  TLE_ECI: r=[-6090.44677633 -3528.25553377 -3163.98931579], v=[-0.67322921 -4.09995786  5.86514227]
  RK45_ECI: r=[-2688.58277909 -5420.54360616  4798.95018457], v=[5.04411136 1.77641413 4.80818825]
Epoch 1951, t=2460388.521229625:
  TLE_ECI: r=[-6106.5321613  -3652.7537508  -2986.82433011], v=[-0.51258052 -4.00679531  5.94536008]
  RK45_ECI: r=[-2653.16791449 -5410.15695443  4830.1227414 ], v=[5.05829215 1.80928008 4.78109539]
Epoch 1952, t=2460388.5213048887:
  TLE_ECI: r=[-6117.73453709 -3774.41425759 -2807.32247175], v=[-0.35160782 -3.91034473  6.02093279]
  RK45_ECI: r=[-2617.6666675  -5399.54002547  4861.11841342], v=[5.0722583  1.84209465 4.75382673]
Epoch 1953, t=2460388.521380152:
  TLE_ECI: r=[-6124.04749133 -3893.13721539 -2625.62400305], v=[-0.19044039 -3.810681    6.09180016]
  RK45_ECI: r=[-2582.08023467 -5388.69300489  4891.93635106], v=[5.08600949 1.87485671 4.72638301]
Epoch 1954, t=2460388.521455415:
  TLE_ECI: r=[-6125.46855193 -4008.82505177 -2441.8709374 ], v=[-0.0292077 -3.7078817  6.1579057]
  RK45_ECI: r=[-2546.41060632 -5377.61636364  4922.57498759], v=[5.09954505 1.9075644  4.6987656 ]
Epoch 1955, t=2460388.5215306785:
  TLE_ECI: r=[-6121.99914192 -4121.38261526 -2256.20692736], v=[ 0.13196078 -3.60202706  6.21919664]
  RK45_ECI: r=[-2510.65879695 -5366.31026182  4953.03362806], v=[5.11286471 1.94021679 4.67097513]
Epoch 1956, t=2460388.521605942:
  TLE_ECI: r=[-6113.64464762 -4230.71714795 -2068.77715095], v=[ 0.29293561 -3.4931999   6.27562403]
  RK45_ECI: r=[-2474.82633564 -5354.77501536  4983.31114897], v=[5.12596803 1.97281244 4.64301261]
Epoch 1957, t=2460388.5216812054:
  TLE_ECI: r=[-6100.41436788 -4336.73843587 -1879.72819692], v=[ 0.45358753 -3.38148558  6.32714279]
  RK45_ECI: r=[-2438.9150521  -5343.01108005  5013.40615164], v=[5.13885443 2.00534969 4.61487931]
Epoch 1958, t=2460388.521756469:
  TLE_ECI: r=[-6082.32151738 -4439.35886757 -1689.2079484 ], v=[ 0.61378757 -3.26697188  6.3737117 ]
  RK45_ECI: r=[-2402.92615297 -5331.01868069  5043.31781079], v=[5.15152362 2.03782739 4.58657599]
Epoch 1959, t=2460388.521831732:
  TLE_ECI: r=[-6059.38322858 -4538.49349081 -1497.36546547], v=[ 0.77340714 -3.149749    6.4152935 ]
  RK45_ECI: r=[-2366.861648   -5318.79835289  5073.04460546], v=[5.16397499 2.07024373 4.55810408]
Epoch 1960, t=2460388.521906995:
  TLE_ECI: r=[-6031.62048406 -4634.0601559  -1304.3508667 ], v=[ 0.93231819 -3.02990942  6.4518549 ]
  RK45_ECI: r=[-2330.7225594  -5306.35028996  5102.58586107], v=[5.1762083  2.10259775 4.52946423]
Epoch 1961, t=2460388.5219822587:
  TLE_ECI: r=[-5999.05817734 -4725.97947922 -1110.31520941], v=[ 1.09039324 -2.90754789  6.4833666 ]
  RK45_ECI: r=[-2294.51042906 -5293.67485756  5131.94048741], v=[5.18822316 2.13488805 4.50065746]
Epoch 1962, t=2460388.522057522:
  TLE_ECI: r=[-5961.72503949 -4814.17498172  -915.41036933], v=[ 1.24750553 -2.78276128  6.50980334]
  RK45_ECI: r=[-2258.22710332 -5280.7725704   5161.10712807], v=[5.20001906 2.16711294 4.47168511]
Epoch 1963, t=2460388.5221327855:
  TLE_ECI: r=[-5919.65362721 -4898.57313695  -719.78891934], v=[ 1.40352917 -2.65564858  6.53114391]
  RK45_ECI: r=[-2221.87379739 -5267.64369243  5190.08498288], v=[5.21159572 2.19927132 4.44254794]
Epoch 1964, t=2460388.5222080485:
  TLE_ECI: r=[-5872.88030973 -4979.10341641  -523.60400754], v=[ 1.55833916 -2.52631073  6.54737115]
  RK45_ECI: r=[-2185.45253836 -5254.28882355  5218.87257803], v=[5.22295261 2.23136136 4.41324745]
Epoch 1965, t=2460388.522283312:
  TLE_ECI: r=[-5821.44517929 -5055.69841925  -327.0092349 ], v=[ 1.71181157 -2.39485061  6.55847203]
  RK45_ECI: r=[-2148.96435488 -5240.70819021  5247.46926001], v=[5.23408952 2.26338212 4.38378428]
Epoch 1966, t=2460388.5223585754:
  TLE_ECI: r=[-5765.39210407 -5128.29382585  -130.1585322 ], v=[ 1.86382362 -2.26137291  6.5644376 ]
  RK45_ECI: r=[-2112.41080039 -5226.90220737  5275.87397294], v=[5.24500611 2.2953322  4.3541595 ]
Epoch 1967, t=2460388.522433839:
  TLE_ECI: r=[-5704.76863246 -5196.82852285    66.79396305], v=[ 2.01425376 -2.12598407  6.56526302]
  RK45_ECI: r=[-2075.79373555 -5212.87144845  5304.08540396], v=[5.2557019  2.32720994 4.32437448]
Epoch 1968, t=2460388.522509102:
  TLE_ECI: r=[-5639.6259825  -5261.24462124   263.69403013], v=[ 2.16298182 -1.98879216  6.56094757]
  RK45_ECI: r=[-2039.11455887 -5198.61628231  5332.10264773], v=[5.26617664 2.35901408 4.29443016]
Epoch 1969, t=2460388.522584365:
  TLE_ECI: r=[-5570.01893641 -5321.48757268   460.38748841], v=[ 2.3098891  -1.84990682  6.55149465]
  RK45_ECI: r=[-2002.37478472 -5184.13717477  5359.92467211], v=[5.27642998 2.39074327 4.26432764]
Epoch 1970, t=2460388.5226596287:
  TLE_ECI: r=[-5496.00588566 -5377.50611649   656.7203211 ], v=[ 2.45485843 -1.70943912  6.53691177]
  RK45_ECI: r=[-1965.5759752  -5169.43458308  5387.55045217], v=[5.2864616  2.42239612 4.23406801]
Epoch 1971, t=2460388.522734892:
  TLE_ECI: r=[-5417.64871998 -5429.25239047   852.53879837], v=[ 2.59777432 -1.56750153  6.51721055]
  RK45_ECI: r=[-1928.71951726 -5154.5089054   5414.97909844], v=[5.29627126 2.45397139 4.20365223]
Epoch 1972, t=2460388.5228101555:
  TLE_ECI: r=[-5335.01278962 -5476.68195533  1047.68960045], v=[ 2.73852303 -1.42420777  6.49240671]
  RK45_ECI: r=[-1891.80728423 -5139.36077329  5442.20934283], v=[5.30585854 2.48546744 4.17308171]
Epoch 1973, t=2460388.5228854185:
  TLE_ECI: r=[-5248.16686581 -5519.75381753  1242.01994038], v=[ 2.87699269 -1.27967275  6.46252003]
  RK45_ECI: r=[-1854.84068183 -5123.9905997   5469.24031125], v=[5.31522323 2.51688301 4.14235742]
Epoch 1974, t=2460388.522960682:
  TLE_ECI: r=[-5157.18301741 -5558.43052635  1435.37768595], v=[ 3.01307335 -1.13401241  6.42757438]
  RK45_ECI: r=[-1817.82123369 -5108.39889768  5496.07100758], v=[5.32436502 2.54821677 4.11148048]
Epoch 1975, t=2460388.5230359454:
  TLE_ECI: r=[-5062.13664591 -5592.67811336  1627.61148154], v=[ 3.14665713 -0.98734371  6.38759766]
  RK45_ECI: r=[-1780.75034708 -5092.58609463  5522.70056764], v=[5.3332837  2.57946747 4.08045186]
Epoch 1976, t=2460388.523111209:
  TLE_ECI: r=[-4963.10635757 -5622.46618328  1818.57086874], v=[ 3.27763827 -0.83978446  6.34262178]
  RK45_ECI: r=[-1743.6299042  -5076.55286818  5549.12776005], v=[5.34197891 2.61063348 4.04927301]
Epoch 1977, t=2460388.5231864722:
  TLE_ECI: r=[-4860.17391168 -5647.7679254   2008.10640643], v=[ 3.4059132  -0.69145325  6.29268264]
  RK45_ECI: r=[-1706.46130049 -5060.29967144  5575.35173631], v=[5.35045046 2.64171359 4.01794491]
Epoch 1978, t=2460388.523261735:
  TLE_ECI: r=[-4753.42416838 -5668.5601222   2196.06978977], v=[ 3.53138069 -0.54246935  6.23782008]
  RK45_ECI: r=[-1669.24611025 -5043.82703982  5601.37152989], v=[5.3586981 2.6727064 3.9864687]
Epoch 1979, t=2460388.5233369987:
  TLE_ECI: r=[-4642.94494969 -5684.82322592  2382.31396806], v=[ 3.65394188 -0.39295258  6.17807787]
  RK45_ECI: r=[-1631.98586443 -5027.1355333   5627.18618164], v=[5.36672159 2.70361061 3.95484555]
Epoch 1980, t=2460388.523412262:
  TLE_ECI: r=[-4528.82706535 -5696.54129034  2566.69326176], v=[ 3.77350037 -0.24302323  6.11350363]
  RK45_ECI: r=[-1594.68197604 -5010.22562275  5652.79485975], v=[5.37452076 2.73442498 3.92307645]
Epoch 1981, t=2460388.5234875255:
  TLE_ECI: r=[-4411.16416868 -5703.70204216  2749.06347783], v=[ 3.8899623  -0.09280199  6.04414884]
  RK45_ECI: r=[-1557.33633574 -4993.0980432   5678.19637975], v=[5.3820953  2.7651479  3.89116287]
Epoch 1982, t=2460388.5235627885:
  TLE_ECI: r=[-4290.05271159 -5706.29686428  2929.282024  ], v=[4.00323644 0.05759023 5.97006874]
  RK45_ECI: r=[-1519.95052304 -4975.75337141  5703.38980815], v=[5.38944503 2.795778   3.85910599]
Epoch 1983, t=2460388.523638052:
  TLE_ECI: r=[-4165.59179598 -5704.32085448  3107.20802122], v=[4.11323423 0.20803235 5.89132229]
  RK45_ECI: r=[-1482.52558049 -4958.19194847  5728.37456935], v=[5.39656986 2.82631438 3.82690651]
Epoch 1984, t=2460388.5237133154:
  TLE_ECI: r=[-4037.88319071 -5697.7727533   3282.70241506], v=[4.21986987 0.35840322 5.80797215]
  RK45_ECI: r=[-1445.06358225 -4940.41462313  5753.14938888], v=[5.40346949 2.85675527 3.79456607]
Epoch 1985, t=2460388.523788579:
  TLE_ECI: r=[-3907.03117922 -5686.65499696  3455.62808493], v=[4.32306041 0.50858172 5.72008459]
  RK45_ECI: r=[-1407.56576576 -4922.42182883  5777.71358581], v=[5.41014382 2.88709962 3.76208556]
Epoch 1986, t=2460388.5238638422:
  TLE_ECI: r=[-3773.14248888 -5670.97370279  3625.84995184], v=[4.42272576 0.65844691 5.62772943]
  RK45_ECI: r=[-1370.03402884 -4904.21435708  5802.06602375], v=[5.41659261 2.91734582 3.72946646]
Epoch 1987, t=2460388.523939105:
  TLE_ECI: r=[-3636.32621822 -5650.73865386  3793.23508422], v=[4.51878879 0.80787804 5.53098   ]
  RK45_ECI: r=[-1332.46995499 -4885.79283237  5826.20580767], v=[5.42281573 2.94749254 3.69670998]
Epoch 1988, t=2460388.5240143687:
  TLE_ECI: r=[-3496.6936796  -5625.96333441  3957.6528017 ], v=[4.61117536 0.95675478 5.42991305]
  RK45_ECI: r=[-1294.87458826 -4867.15762786  5850.13238572], v=[5.4288131  2.97753887 3.66381685]
Epoch 1989, t=2460388.524089632:
  TLE_ECI: r=[-3354.35840606 -5596.66485372  4118.97477722], v=[4.6998144  1.10495718 5.3246087 ]
  RK45_ECI: r=[-1257.25000937 -4848.3096537   5873.84453707], v=[5.4345845  3.00748307 3.63078875]
Epoch 1990, t=2460388.5241648955:
  TLE_ECI: r=[-3209.43599061 -5562.86397631  4277.07513666], v=[4.78463797 1.25236586 5.21515035]
  RK45_ECI: r=[-1219.59745722 -4829.24938095  5897.34160976], v=[5.44012987 3.03732411 3.59762656]
Epoch 1991, t=2460388.524240159:
  TLE_ECI: r=[-3062.04400703 -5524.58509408  4431.83055652], v=[4.86558125 1.39886208 5.10162462]
  RK45_ECI: r=[-1181.91883456 -4809.97765706  5920.62251654], v=[5.44544903 3.06706039 3.56433183]
Epoch 1992, t=2460388.524315422:
  TLE_ECI: r=[-2912.30192881 -5481.85619801  4583.12035937], v=[4.94258266 1.54432779 4.98412129]
  RK45_ECI: r=[-1144.21572725 -4790.49515363  5943.68640173], v=[5.45054188 3.0966906  3.53090577]
Epoch 1993, t=2460388.5243906854:
  TLE_ECI: r=[-2760.33096606 -5434.70889031  4730.82660676], v=[5.01558383 1.68864587 4.86273318]
  RK45_ECI: r=[-1106.48917968 -4770.80227561  5966.53273775], v=[5.4554084  3.12621384 3.49734914]
Epoch 1994, t=2460388.524465949:
  TLE_ECI: r=[-2606.25406301 -5383.17830601  4874.83419022], v=[5.08452973 1.83170003 4.73755611]
  RK45_ECI: r=[-1068.74127699 -4750.89999371  5989.16035858], v=[5.46004841 3.15562842 3.46366364]
Epoch 1995, t=2460388.5245412122:
  TLE_ECI: r=[-2450.19573219 -5327.30312027  5015.03091935], v=[5.1493686  1.97337505 4.6086888 ]
  RK45_ECI: r=[-1030.9732582  -4730.78881622  6011.56864188], v=[5.4644619  3.18493328 3.4298502 ]
Epoch 1996, t=2460388.5246164757:
  TLE_ECI: r=[-2292.28196875 -5267.12550826  5151.3076077 ], v=[5.21005205 2.11355679 4.47623277]
  RK45_ECI: r=[ -993.18702889 -4710.4696458   6033.75655054], v=[5.46864874 3.21412687 3.39591036]
Epoch 1997, t=2460388.5246917387:
  TLE_ECI: r=[-2132.64016338 -5202.69110468  5283.5581561 ], v=[5.26653511 2.25213232 4.34029231]
  RK45_ECI: r=[ -955.38417567 -4689.94320055  6055.72326908], v=[5.47260889 3.24320791 3.36184538]
Epoch 1998, t=2460388.524767002:
  TLE_ECI: r=[-1971.39893685 -5134.0489929   5411.67963314], v=[5.31877617 2.38899003 4.20097431]
  RK45_ECI: r=[ -917.56574222 -4669.20991679  6077.46829472], v=[5.47634235 3.27217549 3.32765604]
Epoch 1999, t=2460388.5248422655:
  TLE_ECI: r=[-1808.68812825 -5061.25162631  5535.57235347], v=[5.36673709 2.52401964 4.05838826]
  RK45_ECI: r=[ -879.73381572 -4648.27082503  6098.99051733], v=[5.47984902 3.30102794 3.29334405]
Epoch 2000, t=2460388.524917529:
  TLE_ECI: r=[-1644.63862805 -4984.35481291  5655.13995301], v=[5.41038318 2.65711236 3.91264609]
  RK45_ECI: r=[ -841.88963397 -4627.12647029  6120.2893448 ], v=[5.48312891 3.32976425 3.25891037]
Epoch 2001, t=2460388.524992792:
  TLE_ECI: r=[-1479.3823026  -4903.41765947  5770.28946161], v=[5.44968323 2.78816091 3.76386211]
  RK45_ECI: r=[ -804.03528457 -4605.77790965  6141.36369281], v=[5.48618194 3.35838274 3.22435675]
Epoch 2002, t=2460388.5250680554:
  TLE_ECI: r=[-1313.05182981 -4818.50254251  5880.93137286], v=[5.48460952 2.9170597  3.61215291]
  RK45_ECI: r=[ -766.17181008 -4584.22560689  6162.21308195], v=[5.48900816 3.38688255 3.18968396]
Epoch 2003, t=2460388.525143319:
  TLE_ECI: r=[-1145.78068011 -4729.67503076  5986.97971131], v=[5.51513783 3.04370479 3.45763729]
  RK45_ECI: r=[ -728.30079528 -4562.47032954  6182.83673961], v=[5.49160757 3.41526238 3.15489329]
Epoch 2004, t=2460388.5252185822:
  TLE_ECI: r=[ -977.70295101 -4637.00385213  6088.35209659], v=[5.54124746 3.16799406 3.30043613]
  RK45_ECI: r=[ -690.42414624 -4540.51306686  6203.23371103], v=[5.49398013 3.44352075 3.11998633]
Epoch 2005, t=2460388.5252938457:
  TLE_ECI: r=[ -808.9532749  -4540.56083424  6184.96980482], v=[5.56292125 3.28982724 3.14067229]
  RK45_ECI: r=[ -652.54309832 -4518.3544001   6223.40343485], v=[5.49612591 3.47165662 3.08496405]
Epoch 2006, t=2460388.5253691087:
  TLE_ECI: r=[ -639.66672475 -4440.42084576  6276.75782719], v=[5.58014556 3.40910599 2.97847055]
  RK45_ECI: r=[ -614.65973793 -4495.99544475  6243.34488422], v=[5.49804489 3.49966838 3.04982822]
Epoch 2007, t=2460388.525444372:
  TLE_ECI: r=[ -469.97865428 -4336.66174538  6363.64492534], v=[5.59291024 3.52573402 2.81395751]
  RK45_ECI: r=[ -576.77510483 -4473.43669514  6263.05760544], v=[5.49973713 3.52755516 3.01457964]
Epoch 2008, t=2460388.5255196355:
  TLE_ECI: r=[ -300.02467002 -4229.36430746  6445.56368425], v=[5.60120872 3.63961709 2.64726145]
  RK45_ECI: r=[ -538.89078097 -4450.67896397  6282.54086764], v=[5.50120269 3.5553157  2.97921961]
Epoch 2009, t=2460388.525594899:
  TLE_ECI: r=[ -129.94047081 -4118.61216764  6522.45056182], v=[5.60503794 3.75066314 2.47851226]
  RK45_ECI: r=[ -501.00867015 -4427.72329342  6301.7937687 ], v=[5.5024416  3.58294854 2.94374977]
Epoch 2010, t=2460388.5256701624:
  TLE_ECI: r=[   40.13824588 -4004.49175475  6594.24593558], v=[5.60439835 3.85878232 2.30784135]
  RK45_ECI: r=[ -463.13000378 -4404.57030048  6320.81577863], v=[5.50345395 3.61045265 2.90817107]
Epoch 2011, t=2460388.5257454254:
  TLE_ECI: r=[  210.0758793  -3887.0922236   6660.89414649], v=[5.59929395 3.96388705 2.13538153]
  RK45_ECI: r=[ -425.25686497 -4381.22115798  6339.60592896], v=[5.50423979 3.63782646 2.87248535]
Epoch 2012, t=2460388.525820689:
  TLE_ECI: r=[  379.73707781 -3766.50538347  6722.34353955], v=[5.58973219 4.06589218 1.96126692]
  RK45_ECI: r=[ -387.39028969 -4357.67639036  6358.16379217], v=[5.50479923 3.66506912 2.83669339]
Epoch 2013, t=2460388.5258959522:
  TLE_ECI: r=[  548.9867759  -3642.82562826  6778.54650171], v=[5.57572404 4.1647149  1.78563285]
  RK45_ECI: r=[ -349.53185518 -4333.93685471  6376.48867986], v=[5.50513236 3.69217939 2.80079653]
Epoch 2014, t=2460388.5259712157:
  TLE_ECI: r=[  717.69034619 -3516.14986205  6829.45949637], v=[5.55728394 4.2602749  1.60861575]
  RK45_ECI: r=[ -311.68346093 -4310.0036452   6394.57974341], v=[5.50523926 3.71915582 2.76479642]
Epoch 2015, t=2460388.526046479:
  TLE_ECI: r=[  885.71369304 -3386.57742372  6875.04309518], v=[5.5344298  4.35249444 1.43035306]
  RK45_ECI: r=[ -273.84633325 -4285.87741395  6412.43648467], v=[5.50512008 3.74599744 2.72869405]
Epoch 2016, t=2460388.526121742:
  TLE_ECI: r=[ 1052.92334757 -3254.21001266  6915.26200657], v=[5.50718296 4.44129833 1.25098312]
  RK45_ECI: r=[ -236.02254975 -4261.55939004  6430.05799452], v=[5.50477492 3.77270268 2.69249126]
Epoch 2017, t=2460388.5261970055:
  TLE_ECI: r=[ 1219.18661017 -3119.15159802  6950.08510125], v=[5.47556816 4.52661408 1.07064506]
  RK45_ECI: r=[ -198.21314123 -4237.05012752  6447.44387205], v=[5.50420392 3.79927071 2.65618887]
Epoch 2018, t=2460388.526272269:
  TLE_ECI: r=[ 1384.37159531 -2981.50835483  6979.48543489], v=[5.43961355 4.60837187 0.88947873]
  RK45_ECI: r=[ -160.41967885 -4212.35052707  6464.59347195], v=[5.50340722 3.82570033 2.61978822]
Epoch 2019, t=2460388.5263475324:
  TLE_ECI: r=[ 1548.34737331 -2841.38857084  7003.44026737], v=[5.39935067 4.68650464 0.70762457]
  RK45_ECI: r=[ -122.64405569 -4187.46173382  6481.50599992], v=[5.50238497 3.85199011 2.58329098]
Epoch 2020, t=2460388.5264227954:
  TLE_ECI: r=[ 1710.98405407 -2698.90257021  7021.93107928], v=[5.35481437 4.76094814 0.52522351]
  RK45_ECI: r=[  -84.8876717  -4162.38455244  6498.18091249], v=[5.50113736 3.87813898 2.54669835]
Epoch 2021, t=2460388.526498059:
  TLE_ECI: r=[ 1872.15292001 -2554.16260849  7034.94358509], v=[5.3060428  4.83164102 0.34241686]
  RK45_ECI: r=[  -47.15205648 -4137.11991294  6514.61759381], v=[5.49966451 3.90414577 2.51001165]
Epoch 2022, t=2460388.5265733222:
  TLE_ECI: r=[ 2031.72647677 -2407.28281426  7042.4677435 ], v=[5.25307741 4.89852476 0.15934626]
  RK45_ECI: r=[   -9.43877499 -4111.66875263  6530.81543687], v=[5.49796664 3.93000931 2.47323226]
Epoch 2023, t=2460388.5266485857:
  TLE_ECI: r=[ 2189.57858508 -2258.37908217  7044.4977645 ], v=[ 5.1959629   4.96154383 -0.02384652]
  RK45_ECI: r=[   28.2507896  -4086.03189684  6546.77391782], v=[5.49604392 3.95572854 2.43636134]
Epoch 2024, t=2460388.526723849:
  TLE_ECI: r=[ 2345.58454988 -2107.56898784  7041.03211349], v=[ 5.13474717  5.02064568 -0.20701957]
  RK45_ECI: r=[   65.9147525  -4060.21054059  6562.49229742], v=[5.49389656 3.98130206 2.3994006 ]
Epoch 2025, t=2460388.526799112:
  TLE_ECI: r=[ 2499.6212112  -1954.97170394  7032.07351225], v=[ 5.06948129  5.07578078 -0.39003104]
  RK45_ECI: r=[  103.5517224  -4034.20552686  6577.97007063], v=[5.49152478 4.00672883 2.36235124]
Epoch 2026, t=2460388.5268743755:
  TLE_ECI: r=[ 2651.56706251 -1800.70787968  7017.62893682], v=[ 5.00021944  5.1269027  -0.57273917]
  RK45_ECI: r=[  141.16017726 -4008.01782611  6593.20666574], v=[5.48892878 4.03200772 2.32521461]
Epoch 2027, t=2460388.526949639:
  TLE_ECI: r=[ 2801.30230928 -1644.89958923  6997.70961246], v=[ 4.92701891  5.17396809 -0.75500245]
  RK45_ECI: r=[  178.7385616  -3981.64841759  6608.20152   ], v=[5.48610879 4.05713756 2.2879921 ]
Epoch 2028, t=2460388.5270249024:
  TLE_ECI: r=[ 2948.70898571 -1487.67020968  6972.33100527], v=[ 4.84994005  5.21693674 -0.93667968]
  RK45_ECI: r=[  216.28550109 -3955.09816395  6622.95414822], v=[5.48306504 4.08211733 2.25068489]
Epoch 2029, t=2460388.527100166:
  TLE_ECI: r=[ 3093.67103983 -1329.14433216  6941.51281101], v=[ 4.76904618  5.25577162 -1.11763009]
  RK45_ECI: r=[  253.79912136 -3928.36830897  6637.46386697], v=[5.4797978  4.10694567 2.21329472]
Epoch 2030, t=2460388.527175429:
  TLE_ECI: r=[ 3236.07441988 -1169.44767478  6905.27894065], v=[ 4.68440359  5.2904389  -1.29771344]
  RK45_ECI: r=[  291.27804072 -3901.4597331   6651.73021014], v=[5.47630733 4.13162156 2.17582279]
Epoch 2031, t=2460388.5272506922:
  TLE_ECI: r=[ 3375.80717693 -1008.70694736  6863.65750295], v=[ 4.59608145  5.32090803 -1.47679012]
  RK45_ECI: r=[  328.72074687 -3874.37344635  6665.75265069], v=[5.47259386 4.15614389 2.13827047]
Epoch 2032, t=2460388.5273259557:
  TLE_ECI: r=[3512.75952952 -847.0498086  6816.68078399], v=[ 4.5041518   5.34715166 -1.65472126]
  RK45_ECI: r=[  366.12586209 -3847.11034134  6679.53073477], v=[5.46865769 4.18051164 2.10063899]
Epoch 2033, t=2460388.527401219:
  TLE_ECI: r=[3646.82396396 -684.60473023 6764.38522356], v=[ 4.40868948  5.36914576 -1.83136882]
  RK45_ECI: r=[  403.49152164 -3819.67169997  6693.06382404], v=[5.4644991  4.20472349 2.06293007]
Epoch 2034, t=2460388.5274764826:
  TLE_ECI: r=[3777.89531391 -521.50090589 6706.81138863], v=[ 4.30977205  5.3868696  -2.00659571]
  RK45_ECI: r=[  440.81636411 -3792.05843083  6706.35148383], v=[5.46011839 4.22877845 2.02514494]
Epoch 2035, t=2460388.5275517455:
  TLE_ECI: r=[3905.87084103 -357.86816173 6644.00394362], v=[ 4.20747981  5.40030579 -2.18026586]
  RK45_ECI: r=[  478.09885244 -3764.27157858  6719.3932233 ], v=[5.45551587 4.25267539 1.987285  ]
Epoch 2036, t=2460388.527627009:
  TLE_ECI: r=[4030.65031962 -193.83680977 6576.01161778], v=[ 4.10189559  5.4094403  -2.35224437]
  RK45_ECI: r=[  515.33748529 -3736.31219174  6732.18856061], v=[5.45069182 4.27641325 1.94935163]
Epoch 2037, t=2460388.5277022724:
  TLE_ECI: r=[4152.13610698  -29.53761316 6502.88716947], v=[ 3.99310487  5.41426246 -2.52239753]
  RK45_ECI: r=[  552.53089681 -3708.1811993   6744.73708142], v=[5.44564658 4.29999103 1.91134607]
Epoch 2038, t=2460388.527777536:
  TLE_ECI: r=[4270.23322516  134.89836077 6424.68734743], v=[ 3.8811956   5.41476497 -2.69059303]
  RK45_ECI: r=[  589.6772361  -3679.87992971  6757.03820433], v=[5.44038049 4.32340746 1.87327006]
Epoch 2039, t=2460388.527852799:
  TLE_ECI: r=[4384.8494346   299.3398198  6341.47284907], v=[ 3.76625817  5.41094393 -2.85669995]
  RK45_ECI: r=[  626.77497742 -3651.40946133  6769.0914784 ], v=[5.43489392 4.34666144 1.83512502]
Epoch 2040, t=2460388.5279280622:
  TLE_ECI: r=[4495.89530327  463.65540078 6253.30827578], v=[ 3.64838533  5.40279889 -3.02058894]
  RK45_ECI: r=[  663.82312688 -3622.77047488  6780.89662628], v=[5.42918714 4.36975224 1.79691183]
Epoch 2041, t=2460388.5280033257:
  TLE_ECI: r=[4603.28428058  627.71369768 6160.26208521], v=[ 3.52767215  5.39033274 -3.18213228]
  RK45_ECI: r=[  700.81966609 -3593.96445972  6792.45304388], v=[5.42326056 4.39267847 1.75863242]
Epoch 2042, t=2460388.528078589:
  TLE_ECI: r=[4706.93276331  791.38341564 6062.40654068], v=[ 3.40421591  5.37355185 -3.34120399]
  RK45_ECI: r=[  737.76341911 -3564.99224581  6803.76041275], v=[5.41711453 4.41543929 1.72028785]
Epoch 2043, t=2460388.5281538526:
  TLE_ECI: r=[4806.76016182  954.53346244 5959.81765759], v=[ 3.27811608  5.35246597 -3.49767992]
  RK45_ECI: r=[  774.65255089 -3535.85520686  6814.81820896], v=[5.41074946 4.43803345 1.6818799 ]
Epoch 2044, t=2460388.5282291155:
  TLE_ECI: r=[4902.68896683 1117.03303821 5852.57514693], v=[ 3.1494742   5.32708829 -3.65143785]
  RK45_ECI: r=[  811.48555046 -3506.55445967  6825.62602754], v=[5.40416574 4.4604599  1.64340999]
Epoch 2045, t=2460388.528304379:
  TLE_ECI: r=[4994.644798   1278.75179695 5740.76235597], v=[ 3.01839378  5.29743545 -3.80235759]
  RK45_ECI: r=[  848.26143517 -3477.09071119  6836.18361959], v=[5.39736369 4.4827179  1.60487899]
Epoch 2046, t=2460388.5283796424:
  TLE_ECI: r=[5082.55648107 1439.55986505 5624.46620591], v=[ 2.88498032  5.26352744 -3.95032107]
  RK45_ECI: r=[  884.97820487 -3447.46549928  6846.49044465], v=[5.39034379 4.50480615 1.56628888]
Epoch 2047, t=2460388.528454906:
  TLE_ECI: r=[5166.35609265 1599.32800186 5503.77712693], v=[ 2.74934115  5.22538772 -4.09521244]
  RK45_ECI: r=[  921.63469697 -3417.67968436  6856.54621869], v=[5.38310641 4.5267238  1.52764072]
Epoch 2048, t=2460388.5285301693:
  TLE_ECI: r=[5245.97901691 1757.92768927 5378.7889902 ], v=[ 2.61158534  5.18304311 -4.23691816]
  RK45_ECI: r=[  958.22909414 -3387.73468402  6866.35047579], v=[5.37565201 4.54846966 1.48893629]
Epoch 2049, t=2460388.5286054322:
  TLE_ECI: r=[5321.36400276 1915.23121953 5249.59903729], v=[ 2.47182371  5.13652384 -4.37532707]
  RK45_ECI: r=[  994.75990201 -3357.63165239  6875.90285731], v=[5.36798105 4.57004269 1.45017704]
Epoch 2050, t=2460388.5286806957:
  TLE_ECI: r=[5392.45319065 2071.11186028 5116.30780682], v=[ 2.3301686   5.0858635  -4.51033054]
  RK45_ECI: r=[ 1031.22614999 -3327.37132196  6885.20314306], v=[5.36009385 4.59144221 1.41136383]
Epoch 2051, t=2460388.528755959:
  TLE_ECI: r=[5459.19219115 2225.44386426 4979.01905827], v=[ 2.18673391  5.03109903 -4.64182249]
  RK45_ECI: r=[ 1067.62585831 -3296.95527759  6894.25085672], v=[5.35199097 4.61266693 1.37249867]
Epoch 2052, t=2460388.5288312226:
  TLE_ECI: r=[5521.53010748 2378.10263285 4837.8396933 ], v=[ 2.04163498  4.97227071 -4.76969952]
  RK45_ECI: r=[ 1103.95787901 -3266.38440923  6903.04574898], v=[5.34367281 4.63371604 1.33358261]
Epoch 2053, t=2460388.5289064855:
  TLE_ECI: r=[5579.41958885 2528.96478572 4692.87967439], v=[ 1.89498846  4.90942212 -4.89386098]
  RK45_ECI: r=[ 1140.22024207 -3235.66032235  6911.58737287], v=[5.33513994 4.65458828 1.29461764]
Epoch 2054, t=2460388.528981749:
  TLE_ECI: r=[5632.81683936 2677.9083265  4544.25194098], v=[ 1.74691222  4.84260014 -5.01420907]
  RK45_ECI: r=[ 1176.41198812 -3204.78377123  6919.87553489], v=[5.32639271 4.67528298 1.25560466]
Epoch 2055, t=2460388.5290570124:
  TLE_ECI: r=[5681.68169644 2824.81264491 4392.07232294], v=[ 1.59752532  4.77185489 -5.13064889]
  RK45_ECI: r=[ 1212.53164279 -3173.75594916  6927.90992532], v=[5.31743163 4.69579914 1.21654511]
Epoch 2056, t=2460388.529132276:
  TLE_ECI: r=[5725.97763473 2969.55868079 4236.45945176], v=[ 1.44694788  4.69723969 -5.24308856]
  RK45_ECI: r=[ 1248.57742113 -3142.57834106  6935.69017191], v=[5.30825725 4.71613565 1.1774408 ]
Epoch 2057, t=2460388.5292075393:
  TLE_ECI: r=[5765.67180273 3112.0290052  4077.53466928], v=[ 1.29530094  4.61881108 -5.35143929]
  RK45_ECI: r=[ 1284.54819099 -3111.25186556  6943.21606034], v=[5.29887002 4.7362917  1.13829281]
Epoch 2058, t=2460388.5292828023:
  TLE_ECI: r=[5800.73505886 3252.10790036 3915.42193402], v=[ 1.14270645  4.53662872 -5.45561542]
  RK45_ECI: r=[ 1320.44200562 -3079.77817284  6950.48720842], v=[5.28927056 4.75626611 1.09910313]
Epoch 2059, t=2460388.5293580657:
  TLE_ECI: r=[5831.14195702 3389.68152329 3750.24772542], v=[ 0.98928706  4.4507554  -5.55553455]
  RK45_ECI: r=[ 1356.25791982 -3048.15804124  6957.50345174], v=[5.27945926 4.7760582  1.05987266]
Epoch 2060, t=2460388.529433329:
  TLE_ECI: r=[5856.87082339 3524.63789807 3582.14094562], v=[ 0.83516614  4.36125694 -5.65111758]
  RK45_ECI: r=[ 1391.99447897 -3016.39269894  6964.26452758], v=[5.26943666 4.79566703 1.02060286]
Epoch 2061, t=2460388.5295085926:
  TLE_ECI: r=[5877.90373682 3656.8670766  3411.23281931], v=[ 0.6804676   4.2682022  -5.74228877]
  RK45_ECI: r=[ 1427.64992064 -2984.48367106  6970.77012276], v=[5.25920339 4.81509151 0.98129555]
Epoch 2062, t=2460388.529583856:
  TLE_ECI: r=[5894.22655242 3786.26121305 3237.65679146], v=[ 0.52531582  4.17166299 -5.82897584]
  RK45_ECI: r=[ 1463.22312972 -2952.43190396  6977.02005808], v=[5.2487599 4.8343309 0.9419518]
Epoch 2063, t=2460388.529659119:
  TLE_ECI: r=[5905.82892429 3912.71463657 3061.54842305], v=[ 0.36983555  4.07171403 -5.91111001]
  RK45_ECI: r=[ 1498.71218493 -2920.23909084  6983.01401653], v=[5.23810689 4.85338402 0.90257364]
Epoch 2064, t=2460388.5297343824:
  TLE_ECI: r=[5912.70426816 4036.1240086  2883.04528502], v=[ 0.21415175  3.9684329  -5.98862606]
  RK45_ECI: r=[ 1534.11615605 -2887.90603334  6988.75186297], v=[5.22724478 4.87225024 0.86316195]
Epoch 2065, t=2460388.529809646:
  TLE_ECI: r=[5914.84983412 4156.38830584 2702.28685018], v=[ 0.05838957  3.86189997 -6.06146242]
  RK45_ECI: r=[ 1569.43360977 -2855.43399332  6994.23338194], v=[5.21617416 4.89092866 0.82371821]
Epoch 2066, t=2460388.5298849093:
  TLE_ECI: r=[5912.26666368 4273.40897398 2519.41438362], v=[-0.0973258   3.75219834 -6.12956118]
  RK45_ECI: r=[ 1604.66280808 -2822.8245345   6999.45831956], v=[5.20489568 4.90941824 0.78424423]
Epoch 2067, t=2460388.5299601727:
  TLE_ECI: r=[5904.95959952 4387.08999336 2334.57083138], v=[-0.25286922  3.6394138  -6.19286817]
  RK45_ECI: r=[ 1639.8026541  -2790.07863004  7004.42653202], v=[5.19340985 4.92771824 0.74474111]
Epoch 2068, t=2460388.5300354357:
  TLE_ECI: r=[5892.93729416 4497.33794252 2147.90070761], v=[-0.40811573  3.52363471 -6.25133303]
  RK45_ECI: r=[ 1674.85125388 -2757.19801448  7009.13776774], v=[5.18171743 4.94582756 0.70521086]
Epoch 2069, t=2460388.530110699:
  TLE_ECI: r=[5876.21214977 4604.06214616 1959.54998037], v=[-0.56294064  3.40495199 -6.3049092 ]
  RK45_ECI: r=[ 1709.80769328 -2724.18351192  7013.59192099], v=[5.16981886 4.96374558 0.6656544 ]
Epoch 2070, t=2460388.5301859626:
  TLE_ECI: r=[5854.80038543 4707.17464799 1769.66595586], v=[-0.71721961  3.283459   -6.35355401]
  RK45_ECI: r=[ 1744.67056175 -2691.03641659  7017.78882377], v=[5.15771477 4.98147145 0.62607317]
Epoch 2071, t=2460388.530261226:
  TLE_ECI: r=[5828.7219711  4806.59035458 1578.39716166], v=[-0.87082881  3.1592515  -6.39722871]
  RK45_ECI: r=[ 1779.43814754 -2657.75832929  7021.72828178], v=[5.14540587 4.99900416 0.58646903]
Epoch 2072, t=2460388.530336489:
  TLE_ECI: r=[5798.00063781 4902.22707271 1385.89322865], v=[-1.02364496  3.03242755 -6.4358985 ]
  RK45_ECI: r=[ 1814.10905209 -2624.35056039  7025.41015334], v=[5.13289282 5.01634286 0.54684343]
Epoch 2073, t=2460388.5304117524:
  TLE_ECI: r=[5762.66379953 4994.00564783 1192.3047722 ], v=[-1.17554551  2.90308741 -6.46953256]
  RK45_ECI: r=[ 1848.68237376 -2590.81394971  7028.83435266], v=[5.12017608 5.03348696 0.50719729]
Epoch 2074, t=2460388.530487016:
  TLE_ECI: r=[5722.74261522 5081.84992861  997.78327194], v=[-1.32640866  2.77133353 -6.49810407]
  RK45_ECI: r=[ 1883.15625249 -2557.15027727  7032.0007034 ], v=[5.10725648 5.05043541 0.46753262]
Epoch 2075, t=2460388.5305622793:
  TLE_ECI: r=[5678.27190515 5165.68690022  802.4809512 ], v=[-1.47611356  2.63727039 -6.52159026]
  RK45_ECI: r=[ 1917.52962296 -2523.36055691  7034.90911858], v=[5.09413455 5.06718754 0.42785053]
Epoch 2076, t=2460388.5306375427:
  TLE_ECI: r=[5629.29013525 5245.44672921  606.55065549], v=[-1.6245403   2.50100444 -6.53997243]
  RK45_ECI: r=[ 1951.80080133 -2489.44642495  7037.55946365], v=[5.08081108 5.08374239 0.38815285]
Epoch 2077, t=2460388.5307128057:
  TLE_ECI: r=[5575.83939919 5321.0628071   410.14573048], v=[-1.77157011  2.36264402 -6.55323593]
  RK45_ECI: r=[ 1985.96856881 -2455.40906639  7039.95165527], v=[5.06728671 5.10009923 0.34844087]
Epoch 2078, t=2460388.530788069:
  TLE_ECI: r=[5517.96532048 5392.47187235  213.41989962], v=[-1.91708544  2.22229926 -6.56137022]
  RK45_ECI: r=[ 2020.03157745 -2421.24980899  7042.0856053 ], v=[5.05356208 5.11625728 0.30871605]
Epoch 2079, t=2460388.5308633326:
  TLE_ECI: r=[5455.71710595 5459.61396602   16.52714107], v=[-2.06097001  2.080082   -6.56436886]
  RK45_ECI: r=[ 2053.98846264 -2386.9700034   7043.9612352 ], v=[5.03963791 5.13221576 0.26897987]
Epoch 2080, t=2460388.530938596:
  TLE_ECI: r=[5389.14744187 5522.4325488  -180.37843524], v=[-2.20310895  1.93610566 -6.56222951]
  RK45_ECI: r=[ 2087.8380256  -2352.57084323  7045.57848299], v=[5.02551485 5.14797395 0.22923361]
Epoch 2081, t=2460388.5310138594:
  TLE_ECI: r=[5318.31246415 5580.87453283 -377.14271086], v=[-2.34338891  1.79048518 -6.55495392]
  RK45_ECI: r=[ 2121.5786122  -2318.05399855  7046.93727404], v=[5.0111937  5.16353095 0.18947911]
Epoch 2082, t=2460388.5310891224:
  TLE_ECI: r=[5243.27172653 5634.89031191 -573.61168204], v=[-2.48169811  1.64333693 -6.54254798]
  RK45_ECI: r=[ 2155.20902795 -2283.42068092  7048.0375667 ], v=[4.99667515 5.17888606 0.14971765]
Epoch 2083, t=2460388.531164386:
  TLE_ECI: r=[5164.08808406 5684.43386524 -769.63158273], v=[-2.6179265   1.49477855 -6.52502166]
  RK45_ECI: r=[ 2188.72794999 -2248.67224546  7048.87932064], v=[4.98195989 5.19403854 0.10995072]
Epoch 2084, t=2460388.5312396493:
  TLE_ECI: r=[5080.82773763 5729.46270425 -965.04900763], v=[-2.75196576  1.34492892 -6.50238903]
  RK45_ECI: r=[ 2222.13419215 -2213.80991236  7049.4625073 ], v=[4.96704862 5.20898771 0.07017959]
Epoch 2085, t=2460388.5313149127:
  TLE_ECI: r=[ 4993.56011153  5769.93797126 -1159.71103459], v=[-2.8837095   1.19390803 -6.47466822]
  RK45_ECI: r=[ 2255.42612542 -2178.83537745  7049.7871    ], v=[4.95194218 5.22373272 0.03040611]
Epoch 2086, t=2460388.531390176:
  TLE_ECI: r=[ 4902.35781122  5805.82445659 -1353.4653467 ], v=[-3.01305326  1.04183687 -6.44188144]
  RK45_ECI: r=[ 2288.60258178 -2143.74986609  7049.8530905 ], v=[ 4.93664127  5.23827288 -0.00936844]
Epoch 2087, t=2460388.531465439:
  TLE_ECI: r=[ 4807.29657783  5837.09061512 -1546.16035381], v=[-3.13989463  0.88883733 -6.40405493]
  RK45_ECI: r=[ 2321.66224064 -2108.55477416  7049.66047679], v=[ 4.92114667  5.25260747 -0.04914259]
Epoch 2088, t=2460388.5315407026:
  TLE_ECI: r=[ 4708.45515541  5863.70864994 -1737.64531319], v=[-3.26413337  0.73503211 -6.36121894]
  RK45_ECI: r=[ 2354.60380566 -2073.25148259  7049.20926638], v=[ 4.9054591   5.26673582 -0.08891486]
Epoch 2089, t=2460388.531615966:
  TLE_ECI: r=[ 4605.91532639  5885.65445059 -1927.77044972], v=[-3.38567141  0.58054458 -6.31340772]
  RK45_ECI: r=[ 2387.42611663 -2037.84123648  7048.49947246], v=[ 4.88957929  5.28065725 -0.12868396]
Epoch 2090, t=2460388.5316912294:
  TLE_ECI: r=[ 4499.76177397  5902.90767098 -2116.38707487], v=[-3.50441302  0.42549874 -6.26065946]
  RK45_ECI: r=[ 2420.12757714 -2002.32576251  7047.53112836], v=[ 4.87350816  5.29437097 -0.16844807]
Epoch 2091, t=2460388.5317664924:
  TLE_ECI: r=[ 4390.08204417  5915.45171993 -2303.34770479], v=[-3.62026482  0.27001906 -6.20301627]
  RK45_ECI: r=[ 2452.70689126 -1966.70647885  7046.30427395], v=[ 4.85724649  5.30787629 -0.20820569]
Epoch 2092, t=2460388.531841756:
  TLE_ECI: r=[ 4276.96640273  5923.27382702 -2488.50617714], v=[-3.73313589  0.11423037 -6.14052414]
  RK45_ECI: r=[ 2485.16322947 -1930.98430024  7044.81893597], v=[ 4.84079487  5.3211727  -0.24795592]
Epoch 2093, t=2460388.5319170193:
  TLE_ECI: r=[ 4160.50786249  5926.36497555 -2671.71776697], v=[-3.84293782 -0.04174221 -6.07323289]
  RK45_ECI: r=[ 2517.49486121 -1895.16113951  7043.07518886], v=[ 4.82415431  5.33425938 -0.28769674]
Epoch 2094, t=2460388.5319922827:
  TLE_ECI: r=[ 4040.80203554  5924.71996295 -2852.83930099], v=[-3.94958482 -0.1977734  -6.00119614]
  RK45_ECI: r=[ 2549.70080738 -1859.23809626  7041.0730812 ], v=[ 4.80732549  5.34713576 -0.32742704]
Epoch 2095, t=2460388.532067546:
  TLE_ECI: r=[ 3917.94706997  5918.33739223 -3031.72927053], v=[-4.05299374 -0.35373783 -5.92447123]
  RK45_ECI: r=[ 2581.77950598 -1823.21692606  7038.81270625], v=[ 4.79030936  5.3598011  -0.36714498]
Epoch 2096, t=2460388.532142809:
  TLE_ECI: r=[ 3792.04358456  5907.21966239 -3208.24794296], v=[-4.15308416 -0.50951019 -5.84311923]
  RK45_ECI: r=[ 2613.72969129 -1787.0990721   7036.29415171], v=[ 4.77310677  5.37225474 -0.40684909]
Epoch 2097, t=2460388.5322180726:
  TLE_ECI: r=[ 3663.19451501  5891.37301165 -3382.25747134], v=[-4.24977845 -0.66496534 -5.75720478]
  RK45_ECI: r=[ 2645.55055492 -1750.88546653  7033.51747389], v=[ 4.7557183   5.38449623 -0.44653846]
Epoch 2098, t=2460388.532293336:
  TLE_ECI: r=[ 3531.50513172  5870.80744462 -3553.62200275], v=[-4.34300182 -0.81997835 -5.66679614]
  RK45_ECI: r=[ 2677.2404047  -1714.57805256  7030.48281322], v=[ 4.73814504  5.39652478 -0.48621106]
Epoch 2099, t=2460388.5323685994:
  TLE_ECI: r=[ 3397.08288216  5845.53677012 -3722.20778435], v=[-4.43268237 -0.97442468 -5.57196507]
  RK45_ECI: r=[ 2708.79828676 -1678.17794958  7027.1902539 ], v=[ 4.72038768  5.40833986 -0.52586581]
Epoch 2100, t=2460388.532443863:
  TLE_ECI: r=[ 3260.03731907  5815.57857826 -3887.88326783], v=[-4.51875119 -1.12818021 -5.47278677]
  RK45_ECI: r=[ 2740.22267499 -1641.68694038  7023.63994906], v=[ 4.70244722  5.41994079 -0.56550085]
Epoch 2101, t=2460388.532519126:
  TLE_ECI: r=[ 3120.48002581  5780.95421725 -4050.51921183], v=[-4.60114234 -1.28112139 -5.36933982]
  RK45_ECI: r=[ 2771.51233523 -1605.10649161  7019.8320341 ], v=[ 4.68432455  5.43132696 -0.60511473]
Epoch 2102, t=2460388.5325943893:
  TLE_ECI: r=[ 2978.52445591  5741.68881321 -4209.9887822 ], v=[-4.67979294 -1.43312537 -5.26170612]
  RK45_ECI: r=[ 2802.66648108 -1568.43755183  7015.7665949 ], v=[ 4.66602029  5.44249793 -0.64470653]
Epoch 2103, t=2460388.5326696527:
  TLE_ECI: r=[ 2834.28594123  5697.81119332 -4366.1676504 ], v=[-4.75464321 -1.58407    -5.14997079]
  RK45_ECI: r=[ 2833.6834605  -1531.6820926   7011.44383768], v=[ 4.64753555  5.45345298 -0.68427424]
Epoch 2104, t=2460388.532744916:
  TLE_ECI: r=[ 2687.88152869  5649.35390045 -4518.93408941], v=[-4.82563651 -1.73383401 -5.03422214]
  RK45_ECI: r=[ 2864.56234569 -1494.84125211  7006.86388222], v=[ 4.62887107  5.46419162 -0.72381676]
Epoch 2105, t=2460388.5328201796:
  TLE_ECI: r=[ 2539.42990051  5596.35315727 -4668.1690676 ], v=[-4.89271937 -1.8822971  -4.91455155]
  RK45_ECI: r=[ 2895.30164812 -1457.91683838  7002.02694136], v=[ 4.6100279   5.47471321 -0.76333226]
Epoch 2106, t=2460388.5328954426:
  TLE_ECI: r=[ 2389.05129317  5538.84882984 -4813.75634012], v=[-4.95584153 -2.02933998 -4.79105341]
  RK45_ECI: r=[ 2925.90016642 -1420.91033994  6996.93319808], v=[ 4.59100695  5.48501719 -0.80281927]
Epoch 2107, t=2460388.532970706:
  TLE_ECI: r=[ 2236.86733395  5476.88442384 -4955.58253789], v=[-5.01495596 -2.17484456 -4.66382505]
  RK45_ECI: r=[ 2956.35713696 -1383.82272091  6991.5827677 ], v=[ 4.57180886  5.49510315 -0.8422769 ]
Epoch 2108, t=2460388.5330459694:
  TLE_ECI: r=[ 2083.0010391   5410.5070061  -5093.53725441], v=[-5.07001892 -2.31869396 -4.53296662]
  RK45_ECI: r=[ 2986.67094943 -1346.6559792   6985.97592208], v=[ 4.5524348   5.50497043 -0.88170312]
Epoch 2109, t=2460388.533121233:
  TLE_ECI: r=[ 1927.57664823  5339.76719611 -5227.51312971], v=[-5.12098998 -2.46077262 -4.39858106]
  RK45_ECI: r=[ 3016.84070323 -1309.41127036  6980.11281645], v=[ 4.53288554  5.51461858 -0.92109685]
Epoch 2110, t=2460388.533196496:
  TLE_ECI: r=[ 1770.71955523  5264.71911252 -5357.405932  ], v=[-5.167832   -2.6009664  -4.26077397]
  RK45_ECI: r=[ 3046.86480732 -1272.0906034   6973.99375245], v=[ 4.51316225  5.52404697 -0.96045608]
Epoch 2111, t=2460388.5332717593:
  TLE_ECI: r=[ 1612.55614478  5185.42035117 -5483.11463644], v=[-5.2105112  -2.73916272 -4.11965354]
  RK45_ECI: r=[ 3076.74251869 -1234.69495493  6967.61887251], v=[ 4.49326561  5.53325522 -0.99977991]
Epoch 2112, t=2460388.5333470227:
  TLE_ECI: r=[ 1453.21378305  5101.93190628 -5604.54150174], v=[-5.24899715 -2.87525052 -3.97533047]
  RK45_ECI: r=[ 3106.47267298 -1197.22583578  6960.98840925], v=[ 4.47319657  5.5422428  -1.03906687]
Epoch 2113, t=2460388.533422286:
  TLE_ECI: r=[ 1292.82065304  5014.31814388 -5721.59214352], v=[-5.28326282 -3.00912047 -3.82791785]
  RK45_ECI: r=[ 3136.05384468 -1159.68509069  6954.10267059], v=[ 4.45295624  5.55100918 -1.07831516]
Epoch 2114, t=2460388.5334975496:
  TLE_ECI: r=[ 1131.50566693  4922.64674495 -5834.17560535], v=[-5.31328455 -3.140665   -3.6775311 ]
  RK45_ECI: r=[ 3165.48516123 -1122.07389152  6946.96184703], v=[ 4.43254542  5.55955393 -1.11752369]
Epoch 2115, t=2460388.5335728126:
  TLE_ECI: r=[  969.39837697  4826.98864862 -5942.20442682], v=[-5.33904209 -3.26977834 -3.52428786]
  RK45_ECI: r=[ 3194.76507566 -1084.39427064  6939.56630543], v=[ 4.41196533  5.56787648 -1.15669046]
Epoch 2116, t=2460388.533648076:
  TLE_ECI: r=[  806.62881482  4727.41800793 -6045.59470878], v=[-5.36051857 -3.39635673 -3.3683079 ]
  RK45_ECI: r=[ 3223.89286928 -1046.64721806  6931.91621744], v=[ 4.39121666  5.57597648 -1.19581456]
Epoch 2117, t=2460388.5337233394:
  TLE_ECI: r=[  643.32747378  4624.01211234 -6144.26617603], v=[-5.37770055 -3.52029835 -3.20971303]
  RK45_ECI: r=[ 3252.86741297 -1008.83426337  6924.01186285], v=[ 4.37030041  5.58385346 -1.23489456]
Epoch 2118, t=2460388.533798603:
  TLE_ECI: r=[  479.62514746  4516.85133965 -6238.14223682], v=[-5.39057802 -3.64150347 -3.048627  ]
  RK45_ECI: r=[3281.6873225  -970.95727176 6915.85360862], v=[ 4.34921772  5.59150693 -1.27392865]
Epoch 2119, t=2460388.5338738663:
  TLE_ECI: r=[  315.65284028  4406.01908925 -6327.15003965], v=[-5.39914434 -3.75987453 -2.88517539]
  RK45_ECI: r=[3310.35175427 -933.01743013 6907.44168035], v=[ 4.32796941  5.59893651 -1.31291574]
Epoch 2120, t=2460388.5339491293:
  TLE_ECI: r=[  151.54167636  4291.60171601 -6411.22052718], v=[-5.40339632 -3.87531616 -2.71948556]
  RK45_ECI: r=[3338.85920691 -895.016792   6898.77650977], v=[ 4.30655677  5.60614168 -1.35185384]
Epoch 2121, t=2460388.5340243927:
  TLE_ECI: r=[  -12.57725462  4173.68846489 -6490.288487  ], v=[-5.40333414 -3.98773534 -2.55168647]
  RK45_ECI: r=[3367.20898674 -856.95635992 6889.85829757], v=[ 4.2849805   5.61312213 -1.39074207]
Epoch 2122, t=2460388.534099656:
  TLE_ECI: r=[ -176.57292432  4052.37139661 -6564.29259982], v=[-5.39896139 -4.09704139 -2.38190868]
  RK45_ECI: r=[3395.40000105 -818.83768057 6880.68737044], v=[ 4.26324162  5.61987743 -1.42957899]
Epoch 2123, t=2460388.5341749196:
  TLE_ECI: r=[ -340.31452014  3927.74531903 -6633.17548439], v=[-5.39028505 -4.20314605 -2.21028417]
  RK45_ECI: r=[3423.43090826 -780.66263759 6871.26415402], v=[ 4.24134132  5.62640715 -1.4683628 ]
Epoch 2124, t=2460388.534250183:
  TLE_ECI: r=[ -503.67153495  3799.90771211 -6696.88373955], v=[-5.37731547 -4.30596356 -2.03694628]
  RK45_ECI: r=[3451.30089459 -742.43243161 6861.5889088 ], v=[ 4.21928045  5.63271094 -1.50709243]
Epoch 2125, t=2460388.534325446:
  TLE_ECI: r=[ -666.51385846  3668.95865384 -6755.36798334], v=[-5.36006636 -4.40541072 -1.86202961]
  RK45_ECI: r=[3479.00850574 -704.14913543 6851.66213096], v=[ 4.19706033  5.63878835 -1.54576591]
Epoch 2126, t=2460388.5344007094:
  TLE_ECI: r=[ -828.71192265  3535.00073513 -6808.58288895], v=[-5.33855475 -4.50140699 -1.68566989]
  RK45_ECI: r=[3506.55307377 -665.81376283 6841.48405002], v=[ 4.17468169  5.6446391  -1.58438234]
Epoch 2127, t=2460388.534475973:
  TLE_ECI: r=[ -990.13673687  3398.13899009 -6856.48721789], v=[-5.31280102 -4.59387445 -1.50800394]
  RK45_ECI: r=[3533.93354345 -627.42787604 6831.05503925], v=[ 4.15214558  5.65026281 -1.62294031]
Epoch 2128, t=2460388.5345512363:
  TLE_ECI: r=[-1150.66003273  3258.48080829 -6899.04384997], v=[-5.28282884 -4.68273795 -1.32916948]
  RK45_ECI: r=[3561.1486172  -588.99337521 6820.37558259], v=[ 4.12945324  5.6556591  -1.66143802]
Epoch 2129, t=2460388.5346264993:
  TLE_ECI: r=[-1310.15434359  3116.13585666 -6936.21981026], v=[-5.24866518 -4.76792511 -1.14930512]
  RK45_ECI: r=[3588.1973849  -550.51165674 6809.446027  ], v=[ 4.10660563  5.66082764 -1.69987425]
Epoch 2130, t=2460388.5347017627:
  TLE_ECI: r=[-1468.49314053  2971.21597986 -6967.98629303], v=[-5.21034022 -4.84936643 -0.96855021]
  RK45_ECI: r=[3615.07882159 -511.98426065 6798.26677701], v=[ 4.0836038   5.66576812 -1.73824755]
Epoch 2131, t=2460388.534777026:
  TLE_ECI: r=[-1625.55087463  2823.83513502 -6994.31868276], v=[-5.1678874  -4.92699528 -0.78704473]
  RK45_ECI: r=[3641.79190493 -473.41276071 6786.8382464 ], v=[ 4.06044882  5.6704802  -1.77655653]
Epoch 2132, t=2460388.5348522896:
  TLE_ECI: r=[-1781.20311185  2674.10928993 -7015.19657193], v=[-5.12134334 -5.00074798 -0.60492922]
  RK45_ECI: r=[3668.33574515 -434.79854981 6775.16080275], v=[ 4.03714166  5.67496359 -1.81479994]
Epoch 2133, t=2460388.534927553:
  TLE_ECI: r=[-1935.32662006  2522.15633666 -7030.60377583], v=[-5.07074785 -5.07056384 -0.42234465]
  RK45_ECI: r=[3694.70908992 -396.14354269 6763.23498783], v=[ 4.0136836   5.67921796 -1.85297602]
Epoch 2134, t=2460388.535002816:
  TLE_ECI: r=[-2087.79945755  2368.09600646 -7040.52834436], v=[-5.01614385 -5.1363852  -0.23943235]
  RK45_ECI: r=[3720.91106467 -357.4491479  6751.06118876], v=[ 3.99007564  5.68324302 -1.89108353]
Epoch 2135, t=2460388.5350780794:
  TLE_ECI: r=[-2238.5010953   2212.04975367 -7044.96257065], v=[-4.95757736 -5.19815753 -0.05633387]
  RK45_ECI: r=[3746.94068196 -318.7169171  6738.63985601], v=[ 3.96631884  5.68703851 -1.92912107]
Epoch 2136, t=2460388.535153343:
  TLE_ECI: r=[-2387.31246729  2054.14069692 -7043.9029968 ], v=[-4.89509746 -5.25582937  0.12680909]
  RK45_ECI: r=[3772.79695884 -279.94843663 6725.97144921], v=[ 3.94241431  5.69060414 -1.96708723]
Epoch 2137, t=2460388.5352286063:
  TLE_ECI: r=[-2534.11609185  1894.49350099 -7037.35041639], v=[-4.82875627 -5.30935245  0.3098548 ]
  RK45_ECI: r=[3798.47904099 -241.1451103  6713.0563759 ], v=[ 3.91836304  5.69393967 -2.00498079]
Epoch 2138, t=2460388.5353038698:
  TLE_ECI: r=[-2678.79615475  1733.23428635 -7025.30987401], v=[-4.75860888 -5.35868169  0.49266161]
  RK45_ECI: r=[3823.98572253 -202.30886539 6699.89523517], v=[ 3.89416635  5.69704481 -2.0428    ]
Epoch 2139, t=2460388.5353791327:
  TLE_ECI: r=[-2821.23859421  1570.49053994 -7007.79066174], v=[-4.68471333 -5.40377525  0.675088  ]
  RK45_ECI: r=[3849.31616528 -163.44112148 6686.48845389], v=[ 3.86982527  5.69991934 -2.08054363]
Epoch 2140, t=2460388.535454396:
  TLE_ECI: r=[-2961.33120805  1406.39098401 -6984.80631243], v=[-4.60713052 -5.4445946   0.85699277]
  RK45_ECI: r=[3874.4694203  -124.54344001 6672.83652805], v=[ 3.84534087  5.70256302 -2.11821031]
Epoch 2141, t=2460388.5355296596:
  TLE_ECI: r=[-3098.96371124  1241.06552485 -6956.37459019], v=[-4.52592424 -5.48110446  1.03823507]
  RK45_ECI: r=[3899.44466161  -85.61724391 6658.9398969 ], v=[ 3.82071419  5.70497563 -2.1557988 ]
Epoch 2142, t=2460388.535604923:
  TLE_ECI: r=[-3234.02784114  1074.64512054 -6922.51747753], v=[-4.44116107 -5.51327291  1.21867452]
  RK45_ECI: r=[3924.24072134  -46.66446907 6644.79920491], v=[ 3.79594658  5.70715695 -2.19330738]
Epoch 2143, t=2460388.535680186:
  TLE_ECI: r=[-3366.41743351   907.26169712 -6883.26115964], v=[-4.35291035 -5.54107138  1.39817132]
  RK45_ECI: r=[3948.85667596   -7.68671677 6630.4149786 ], v=[ 3.77103917  5.70910676 -2.23073466]
Epoch 2144, t=2460388.5357554494:
  TLE_ECI: r=[-3496.02851589   739.0480075  -6838.6360055 ], v=[-4.26124408 -5.56447472  1.57658636]
  RK45_ECI: r=[3973.29195321   31.31496738 6615.78754576], v=[ 3.74599277  5.7108249  -2.26807978]
Epoch 2145, t=2460388.535830713:
  TLE_ECI: r=[-3622.75937077   570.13758598 -6788.67654603], v=[-4.16623696 -5.58346117  1.7537813 ]
  RK45_ECI: r=[3997.54529823   70.33845634 6600.91765163], v=[ 3.72080885  5.71231116 -2.30534085]
Epoch 2146, t=2460388.5359059763:
  TLE_ECI: r=[-3746.51062663   400.66460661 -6733.42144911], v=[-4.06796626 -5.59801239  1.92961869]
  RK45_ECI: r=[4021.61603764  109.38250406 6585.80570661], v=[ 3.69548834  5.71356537 -2.34251684]
Epoch 2147, t=2460388.5359812398:
  TLE_ECI: r=[-3867.185332     230.76378793 -6672.91349164], v=[-3.96651178 -5.60811352  2.10396205]
  RK45_ECI: r=[4045.50305208  148.44516578 6570.45241139], v=[ 3.67003262  5.71458736 -2.37960603]
Epoch 2148, t=2460388.5360565027:
  TLE_ECI: r=[-3984.68903072    60.5702997  -6607.19952852], v=[-3.86195582 -5.61375314  2.276676  ]
  RK45_ECI: r=[4069.20545971  187.5248319  6554.85833715], v=[ 3.64444287  5.71537697 -2.41660705]
Epoch 2149, t=2460388.536131766:
  TLE_ECI: r=[-4098.92983671  -109.78038903 -6536.33045858], v=[-3.75438305 -5.61492336  2.44762633]
  RK45_ECI: r=[4092.72271681  226.62045049 6539.02383929], v=[ 3.61871988  5.71593406 -2.45351907]
Epoch 2150, t=2460388.5362070296:
  TLE_ECI: r=[-4209.81850315  -280.1525468  -6460.36118758], v=[-3.64388053 -5.61161976  2.61668013]
  RK45_ECI: r=[4116.0536221   265.72988605 6522.94972455], v=[ 3.59286517  5.7162585  -2.49034019]
Epoch 2151, t=2460388.536282293:
  TLE_ECI: r=[-4317.26849437  -450.41033214 -6379.35058814], v=[-3.53053762 -5.60384143  2.78370586]
  RK45_ECI: r=[4139.19753598  304.85188595 6506.63643639], v=[ 3.56687971  5.71635014 -2.52706941]
Epoch 2152, t=2460388.5363575565:
  TLE_ECI: r=[-4421.19605299  -620.41788862 -6293.36145667], v=[-3.41444588 -5.59159099  2.94857348]
  RK45_ECI: r=[4162.15338869  343.98449849 6490.08473109], v=[ 3.54076488  5.71620889 -2.56370504]
Epoch 2153, t=2460388.5364328194:
  TLE_ECI: r=[-4521.52026792  -790.03943867 -6202.46046737], v=[-3.29569905 -5.57487457  3.11115452]
  RK45_ECI: r=[4184.92034096  383.12610744 6473.29522392], v=[ 3.5145219   5.71583463 -2.60024572]
Epoch 2154, t=2460388.536508083:
  TLE_ECI: r=[-4618.16312914  -959.13944355 -6106.71812324], v=[-3.17439291 -5.55370184  3.27132219]
  RK45_ECI: r=[4207.49787809  422.27565561 6456.26829751], v=[ 3.48815158  5.71522724 -2.63669061]
Epoch 2155, t=2460388.5365833463:
  TLE_ECI: r=[-4711.04960159 -1127.58263181 -6006.20870411], v=[-3.0506253  -5.52808599  3.42895151]
  RK45_ECI: r=[4229.88485353  461.4310015  6439.00481936], v=[ 3.46165547  5.71438668 -2.67303788]
Epoch 2156, t=2460388.5366586098:
  TLE_ECI: r=[-4800.10767657 -1295.23415872 -5901.01021182], v=[-2.924496   -5.49804375  3.58391934]
  RK45_ECI: r=[4252.08066208  500.59088698 6421.50526557], v=[ 3.43503454  5.71331282 -2.70928651]
Epoch 2157, t=2460388.536733873:
  TLE_ECI: r=[-4885.26843055 -1461.9597005  -5791.20431242], v=[-2.79610663 -5.46359535  3.73610453]
  RK45_ECI: r=[4274.0842846   539.75335553 6403.77044722], v=[ 3.40829023  5.71200563 -2.74543483]
Epoch 2158, t=2460388.536809136:
  TLE_ECI: r=[-4966.46608452 -1627.62554685 -5676.87627554], v=[-2.66556066 -5.42476454  3.885388  ]
  RK45_ECI: r=[4295.89492515  578.91678613 6385.80102313], v=[ 3.38142375  5.71046505 -2.78148152]
Epoch 2159, t=2460388.5368843996:
  TLE_ECI: r=[-5043.63803765 -1792.09876562 -5558.11491089], v=[-2.53296318 -5.38157861  4.03165284]
  RK45_ECI: r=[4317.51209857  618.08011732 6367.59740277], v=[ 3.35443596  5.708691   -2.81742575]
Epoch 2160, t=2460388.536959663:
  TLE_ECI: r=[-5116.72494434 -1955.24722292 -5435.01250186], v=[-2.398421   -5.3340683   4.17478438]
  RK45_ECI: r=[4338.9347141   657.24120384 6349.16051355], v=[ 3.32732842  5.70668347 -2.8532657 ]
Epoch 2161, t=2460388.5370349265:
  TLE_ECI: r=[-5185.67074391 -2116.9397466  -5307.66473648], v=[-2.26204244 -5.28226786  4.31467032]
  RK45_ECI: r=[4360.16220155  696.39878346 6330.49086374], v=[ 3.30010213  5.7044424  -2.88900038]
Epoch 2162, t=2460388.5371101894:
  TLE_ECI: r=[-5250.42271637 -2277.04620238 -5176.17063546], v=[-2.12393731 -5.22621496  4.45120078]
  RK45_ECI: r=[4381.19349558  735.55071008 6311.58940774], v=[ 3.27275867  5.70196782 -2.92462797]
Epoch 2163, t=2460388.537185453:
  TLE_ECI: r=[-5310.93149845 -2435.43766025 -5040.63247762], v=[-1.98421676 -5.16595077  4.58426844]
  RK45_ECI: r=[4402.0281375   774.69592005 6292.45657947], v=[ 3.24529889  5.69925969 -2.96014767]
Epoch 2164, t=2460388.5372607163:
  TLE_ECI: r=[-5367.15116206 -2591.98640691 -4901.15572253], v=[-1.84299328 -5.10151982  4.71376859]
  RK45_ECI: r=[4422.66537903  813.83278831 6273.09308262], v=[ 3.21772406  5.69631799 -2.99555817]
Epoch 2165, t=2460388.5373359798:
  TLE_ECI: r=[-5419.03922575 -2746.5661109  -4757.84893062], v=[-1.70038057 -5.03297007  4.83959921]
  RK45_ECI: r=[4443.1042839   852.95935485 6253.49981436], v=[ 3.19003563  5.69314277 -3.03085783]
Epoch 2166, t=2460388.537411243:
  TLE_ECI: r=[-5466.55669516 -2899.05191034 -4610.82368057], v=[-1.55649343 -4.96035282  4.9616611 ]
  RK45_ECI: r=[4463.34431744  892.07435491 6233.67731465], v=[ 3.16223462  5.68973402 -3.06604569]
Epoch 2167, t=2460388.537486506:
  TLE_ECI: r=[-5509.66810382 -3049.32049823 -4460.19448428], v=[-1.41144772 -4.8837227   5.07985793]
  RK45_ECI: r=[4483.38447156  931.17564163 6213.62659647], v=[ 3.13432264  5.68609181 -3.10111996]
Epoch 2168, t=2460388.5375617696:
  TLE_ECI: r=[-5548.34150613 -3197.2502885  -4306.07869929], v=[-1.26536016 -4.80313764  5.19409632]
  RK45_ECI: r=[4503.22431796  970.26214939 6193.34811982], v=[ 3.10630056  5.68221614 -3.13607984]
Epoch 2169, t=2460388.537637033:
  TLE_ECI: r=[-5582.54855588 -3342.72141908 -4148.59643866], v=[-1.1183484  -4.71865882  5.30428595]
  RK45_ECI: r=[4522.86315317 1009.33225194 6172.84263054], v=[ 3.07816965  5.67810705 -3.17092406]
Epoch 2170, t=2460388.5377122965:
  TLE_ECI: r=[-5612.26449468 -3485.61591497 -3987.87047867], v=[-0.97053081 -4.63035064  5.4103396 ]
  RK45_ECI: r=[4542.30009386 1048.38398979 6152.11107849], v=[ 3.0499314   5.67376465 -3.20565099]
Epoch 2171, t=2460388.53778756:
  TLE_ECI: r=[-5637.46818072 -3625.81776939 -3824.02616404], v=[-0.8220264  -4.53828064  5.51217325]
  RK45_ECI: r=[4561.53464141 1087.41609656 6131.15403478], v=[ 3.02158685  5.66918896 -3.2402597 ]
Epoch 2172, t=2460388.537862823:
  TLE_ECI: r=[-5658.14211678 -3763.21302373 -3657.19131095], v=[-0.67295475 -4.44251952  5.60970617]
  RK45_ECI: r=[4580.56584584 1126.42642736 6109.97257004], v=[ 2.99313762  5.66438012 -3.27474842]
Epoch 2173, t=2460388.5379380863:
  TLE_ECI: r=[-5674.27242092 -3897.68992792 -3487.49610797], v=[-0.52343589 -4.34314103  5.70286094]
  RK45_ECI: r=[4599.39330966 1165.4139156  6088.56716985], v=[ 2.96458461  5.65933816 -3.30911637]
Epoch 2174, t=2460388.5380133498:
  TLE_ECI: r=[-5685.84890262 -4029.13893442 -3315.07301467], v=[-0.3735902  -4.24022193  5.79156356]
  RK45_ECI: r=[4618.01637487 1204.37693544 6066.9386215 ], v=[ 2.9359291   5.65406317 -3.3433623 ]
Epoch 2175, t=2460388.538088613:
  TLE_ECI: r=[-5692.86502809 -4157.45285567 -3140.05665845], v=[-0.22353836 -4.13384196  5.87574353]
  RK45_ECI: r=[4636.43421186 1243.31352995 6045.08792665], v=[ 2.9071726   5.64855532 -3.37748462]
Epoch 2176, t=2460388.5381638766:
  TLE_ECI: r=[-5695.31793606 -4282.52693722 -2962.58372918], v=[-0.07340117 -4.02408373  5.95533385]
  RK45_ECI: r=[4654.64635848 1282.22243281 6023.01568699], v=[ 2.87831616  5.64281466 -3.41148239]
Epoch 2177, t=2460388.5382391396:
  TLE_ECI: r=[-5693.20845283 -4404.25892886 -2782.79287217], v=[ 0.07670048 -3.91103273  6.03027115]
  RK45_ECI: r=[4672.65192375 1321.10150303 6000.72302975], v=[ 2.84936144  5.63684142 -3.4453539 ]
Epoch 2178, t=2460388.538314403:
  TLE_ECI: r=[-5686.54104001 -4522.54923721 -2600.82457931], v=[ 0.22664579 -3.79477717  6.10049571]
  RK45_ECI: r=[4690.45054134 1359.94967431 5978.21046564], v=[ 2.82030934  5.63063565 -3.47909838]
Epoch 2179, t=2460388.5383896665:
  TLE_ECI: r=[-5675.32386695 -4637.30090949 -2416.82107837], v=[ 0.37631404 -3.67540801  6.16595151]
  RK45_ECI: r=[4708.04159929 1398.76532292 5955.47882263], v=[ 2.79116116  5.62419748 -3.51271459]
Epoch 2180, t=2460388.53846493:
  TLE_ECI: r=[-5659.56875288 -4748.41978222 -2230.92622089], v=[ 0.52558481 -3.55301882  6.22658633]
  RK45_ECI: r=[4725.42432243 1437.54649667 5932.52915321], v=[ 2.76191843  5.61752715 -3.54620099]
Epoch 2181, t=2460388.538540193:
  TLE_ECI: r=[-5639.29118379 -4855.81452717 -2043.28536843], v=[ 0.67433797 -3.42770572  6.28235171]
  RK45_ECI: r=[4742.59812309 1476.29157417 5909.36230753], v=[ 2.73258249  5.61062482 -3.57955633]
Epoch 2182, t=2460388.5386154563:
  TLE_ECI: r=[-5614.51024222 -4959.39679527 -1854.04527766], v=[ 0.82245391 -3.29956733  6.33320311]
  RK45_ECI: r=[4759.5626574  1514.99948954 5885.97881298], v=[ 2.70315421  5.60349056 -3.61277988]
Epoch 2183, t=2460388.5386907198:
  TLE_ECI: r=[-5585.24867534 -5059.08119216 -1663.35398369], v=[ 0.96981352 -3.16870466  6.37909985]
  RK45_ECI: r=[4776.31710313 1553.6681091  5862.37986027], v=[ 2.6736353   5.59612467 -3.64586995]
Epoch 2184, t=2460388.538765983:
  TLE_ECI: r=[-5551.53281962 -5154.7854169  -1471.36068268], v=[ 1.11629835 -3.03522105  6.42000519]
  RK45_ECI: r=[4792.86105736 1592.2961693  5838.56609879], v=[ 2.6440268   5.58852728 -3.67882562]
Epoch 2185, t=2460388.5388412466:
  TLE_ECI: r=[-5513.39259229 -5246.43031529 -1278.21561304], v=[ 1.2617907  -2.89922207  6.45588638]
  RK45_ECI: r=[4809.19380011 1630.88172441 5814.53863085], v=[ 2.6143303   5.58069866 -3.71164539]
Epoch 2186, t=2460388.5389165096:
  TLE_ECI: r=[-5470.86148077 -5333.93993195 -1084.06993579], v=[ 1.40617374 -2.76081544  6.48671468]
  RK45_ECI: r=[4825.31486935 1669.42332815 5790.29823178], v=[ 2.58454698  5.57263899 -3.74432822]
Epoch 2187, t=2460388.538991773:
  TLE_ECI: r=[-5423.97645251 -5417.24163851  -889.07561409], v=[ 1.5493316  -2.62011093  6.51246535]
  RK45_ECI: r=[4841.22371633 1707.91940658 5765.84579601], v=[ 2.55467813  5.56434851 -3.77687289]
Epoch 2188, t=2460388.5390670365:
  TLE_ECI: r=[-5372.77801576 -5496.26609975  -693.38529173], v=[ 1.69114943 -2.47722028  6.53311774]
  RK45_ECI: r=[4856.91981599 1746.36834498 5741.18222569], v=[ 2.52472508  5.55582744 -3.80927822]
Epoch 2189, t=2460388.5391423:
  TLE_ECI: r=[-5317.31012342 -5570.94739713  -497.1521713 ], v=[ 1.83151357 -2.33225714  6.54865525]
  RK45_ECI: r=[4872.40272403 1784.76871319 5716.30831349], v=[ 2.49468904  5.54707599 -3.84154318]
Epoch 2190, t=2460388.5392175633:
  TLE_ECI: r=[-5257.62015055 -5641.22306929  -300.52989164], v=[ 1.97031157 -2.18533688  6.5590654 ]
  RK45_ECI: r=[4887.67177612 1823.11857443 5691.2252105 ], v=[ 2.46457158  5.53809451 -3.87366628]
Epoch 2191, t=2460388.5392928263:
  TLE_ECI: r=[-5193.75887071 -5707.03415014  -103.67240488], v=[ 2.10743236 -2.03657661  6.56433977]
  RK45_ECI: r=[4902.72655307 1861.41648736 5665.93372569], v=[ 2.43437391  5.52888321 -3.9056465 ]
Epoch 2192, t=2460388.5393680898:
  TLE_ECI: r=[-5125.78034581 -5768.32528053    93.26614665], v=[ 2.24276629 -1.88609497  6.5644741 ]
  RK45_ECI: r=[4917.56655176 1899.66088549 5640.43479197], v=[ 2.40409733  5.51944237 -3.93748266]
Epoch 2193, t=2460388.539443353:
  TLE_ECI: r=[-5053.74197924 -5825.04466421   290.13155406], v=[ 2.37620527 -1.73401213  6.55946822]
  RK45_ECI: r=[4932.1912946  1937.85016118 5614.72934979], v=[ 2.3737432   5.50977228 -3.96917361]
Epoch 2194, t=2460388.5395186166:
  TLE_ECI: r=[-4977.70440078 -5877.1441734    486.76966524], v=[ 2.5076428  -1.5804496   6.54932607]
  RK45_ECI: r=[4946.6003796  1975.98289047 5588.81822507], v=[ 2.34331271  5.49987318 -4.00071833]
Epoch 2195, t=2460388.53959388:
  TLE_ECI: r=[-4897.73143105 -5924.57937496   683.02650835], v=[ 2.63697411 -1.4255302   6.53405573]
  RK45_ECI: r=[4960.79319878 2014.05714729 5562.70261658], v=[ 2.31280747  5.48974548 -4.03211538]
Epoch 2196, t=2460388.539669143:
  TLE_ECI: r=[-4813.89004451 -5967.30955443   878.74841515], v=[ 2.76409626 -1.26937792  6.51366935]
  RK45_ECI: r=[4974.769376   2052.07149696 5536.38336617], v=[ 2.28222869  5.47938943 -4.06336375]
Epoch 2197, t=2460388.5397444065:
  TLE_ECI: r=[-4726.25024211 -6005.29780795  1073.78214379], v=[ 2.88890817 -1.11211777  6.4881832 ]
  RK45_ECI: r=[4988.52845418 2090.0243822  5509.86144432], v=[ 2.25157769  5.46880537 -4.0944623 ]
Epoch 2198, t=2460388.53981967:
  TLE_ECI: r=[-4634.88509635 -6038.51098841  1267.97500167], v=[ 3.01131075 -0.95387576  6.45761763]
  RK45_ECI: r=[5002.07007137 2127.91437059 5483.13770299], v=[ 2.22085569  5.45799357 -4.12541004]
Epoch 2199, t=2460388.5398949333:
  TLE_ECI: r=[-4539.87061923 -6066.91979131  1461.17496739], v=[ 3.13120697 -0.79477876  6.42199703]
  RK45_ECI: r=[5015.39366497 2165.73954613 5456.21337824], v=[ 2.19006432  5.44695449 -4.15620555]
Epoch 2200, t=2460388.5399701963:
  TLE_ECI: r=[-4441.28573251 -6090.49875273  1653.2308122 ], v=[ 3.24850194 -0.63495437  6.38134984]
  RK45_ECI: r=[5028.49882761 2203.49831471 5429.08946544], v=[ 2.15920492  5.43568848 -4.18684771]
Epoch 2201, t=2460388.5400454598:
  TLE_ECI: r=[-4339.21212904 -6109.22632381  1843.99222062], v=[ 3.363103   -0.47453079  6.33570851]
  RK45_ECI: r=[5041.38533702 2241.18962514 5401.76658113], v=[ 2.12827842  5.42419573 -4.21733583]
Epoch 2202, t=2460388.540120723:
  TLE_ECI: r=[-4233.73431042 -6123.08481022  2033.30991047], v=[ 3.47491976 -0.3136368   6.28510947]
  RK45_ECI: r=[5054.05260433 2278.81138898 5374.24611573], v=[ 2.09728659  5.41247679 -4.24766836]
Epoch 2203, t=2460388.5401959866:
  TLE_ECI: r=[-4124.93944371 -6132.06044064  2221.03575162], v=[ 3.58386423 -0.15240157  6.22959308]
  RK45_ECI: r=[5066.50037043 2316.36236312 5346.5288252 ], v=[ 2.06623052  5.40053192 -4.27784449]
Epoch 2204, t=2460388.54027125:
  TLE_ECI: r=[-4012.91730532 -6136.14336549  2407.0228838 ], v=[3.68985084 0.00904544 6.16920363]
  RK45_ECI: r=[5078.72812979 2353.84064606 5318.61599124], v=[ 2.03511182  5.38836163 -4.30786283]
Epoch 2205, t=2460388.540346513:
  TLE_ECI: r=[-3897.76022282 -6135.32765423  2591.1258333 ], v=[3.79279654 0.17057455 6.10398926]
  RK45_ECI: r=[5090.73552338 2391.24465495 5290.50864518], v=[ 2.00393188  5.37596632 -4.33772229]
Epoch 2206, t=2460388.5404217765:
  TLE_ECI: r=[-3779.56292489 -6129.61134684  2773.20062808], v=[3.89262084 0.332056   6.03400194]
  RK45_ECI: r=[5102.52236142 2428.57334508 5262.20742565], v=[ 1.97269161  5.36334623 -4.3674222 ]
Epoch 2207, t=2460388.54049704:
  TLE_ECI: r=[-3658.42256915 -6118.99638624  2953.10491201], v=[3.9892459  0.49336007 5.95929742]
  RK45_ECI: r=[5114.0881176  2465.82464533 5233.71377253], v=[ 1.94139281  5.35050195 -4.39696106]
Epoch 2208, t=2460388.5405723033:
  TLE_ECI: r=[-3534.43858832 -6103.48866382  3130.69805715], v=[4.08259658 0.65435716 5.87993515]
  RK45_ECI: r=[5125.43257122 2502.99732115 5205.02846817], v=[ 1.91003655  5.33743379 -4.42633806]
Epoch 2209, t=2460388.540647567:
  TLE_ECI: r=[-3407.71262444 -6083.09800313  3305.8412746 ], v=[4.1726005  0.8149179  5.79597827]
  RK45_ECI: r=[5136.55527422 2540.08948753 5176.15283861], v=[ 1.87862448  5.32414232 -4.45555187]
Epoch 2210, t=2460388.5407228298:
  TLE_ECI: r=[-3278.34846131 -6057.83814239  3478.39772383], v=[4.25918808 0.97491328 5.70749353]
  RK45_ECI: r=[5147.45591614 2577.09957449 5147.0879502 ], v=[ 1.84715797  5.31062798 -4.48460141]
Epoch 2211, t=2460388.540798093:
  TLE_ECI: r=[-3146.45186614 -6027.72676242  3648.23261983], v=[4.34229261 1.13421476 5.61455122]
  RK45_ECI: r=[5158.13433973 2614.02654509 5117.83446302], v=[ 1.81563796  5.29689105 -4.51348605]
Epoch 2212, t=2460388.5408733566:
  TLE_ECI: r=[-3012.13060813 -5992.7854132   3815.213339  ], v=[4.42185029 1.29269435 5.51722512]
  RK45_ECI: r=[5168.59008169 2650.86834767 5088.39386507], v=[ 1.78406624  5.28293217 -4.54220432]
Epoch 2213, t=2460388.54094862:
  TLE_ECI: r=[-2875.49429716 -5953.03953604  3979.20952258], v=[4.4978003  1.45022472 5.41559243]
  RK45_ECI: r=[5178.82295986 2687.6237575  5058.76696428], v=[ 1.75244391  5.2687517  -4.57075544]
Epoch 2214, t=2460388.5410238835:
  TLE_ECI: r=[-2736.65431031 -5908.51843285  4140.09317827], v=[4.57008478 1.60667933 5.3097337 ]
  RK45_ECI: r=[5188.83258398 2724.290908   5028.95512981], v=[ 1.7207726   5.25435026 -4.59913812]
Epoch 2215, t=2460388.5410991465:
  TLE_ECI: r=[-2595.72371618 -5859.25523475  4297.7387798 ], v=[4.63864896 1.76193248 5.19973278]
  RK45_ECI: r=[5198.6186922  2760.86824402 4998.95946201], v=[ 1.68905372  5.23972835 -4.62735132]
Epoch 2216, t=2460388.54117441:
  TLE_ECI: r=[-2452.81711304 -5805.28690572  4452.02336408], v=[4.70344113 1.9158595  5.0856767 ]
  RK45_ECI: r=[5208.18116008 2797.35473723 4968.78064174], v=[ 1.65728818  5.22488626 -4.6553944 ]
Epoch 2217, t=2460388.5412496733:
  TLE_ECI: r=[-2308.05063715 -5746.6541656   4602.82662654], v=[4.76441268 2.06833677 4.96765563]
  RK45_ECI: r=[5217.51958762 2833.74835748 4938.42020374], v=[ 1.62547779  5.20982471 -4.68326596]
Epoch 2218, t=2460388.541324937:
  TLE_ECI: r=[-2161.54179761 -5683.4014889   4750.03101371], v=[4.82151818 2.21924183 4.84576281]
  RK45_ECI: r=[5226.63383116 2870.0478915  4907.87898074], v=[ 1.59362366  5.19454409 -4.71096525]
Epoch 2219, t=2460388.5414001998:
  TLE_ECI: r=[-2013.40941408 -5615.57705444  4893.52181372], v=[4.87471536 2.3684535  4.72009443]
  RK45_ECI: r=[5235.52351931 2906.25131978 4877.15852829], v=[ 1.56172758  5.17904515 -4.73849086]
Epoch 2220, t=2460388.541475463:
  TLE_ECI: r=[-1863.7734529  -5543.23273062  5033.18724409], v=[4.92396515 2.51585201 4.59074959]
  RK45_ECI: r=[5244.18855665 2942.35762334 4846.25954594], v=[ 1.5297905   5.16332822 -4.7658422 ]
Epoch 2221, t=2460388.5415507266:
  TLE_ECI: r=[-1712.75502846 -5466.42399647  5168.91853744], v=[4.9692317  2.66131901 4.45783017]
  RK45_ECI: r=[5252.62873396 2978.36526372 4815.18316843], v=[ 1.49781379  5.14739383 -4.79301825]
Epoch 2222, t=2460388.54162599:
  TLE_ECI: r=[-1560.47623788 -5385.20992195  5300.61002424], v=[5.01048243 2.80473772 4.32144081]
  RK45_ECI: r=[5260.84375384 3014.27240806 4783.93083118], v=[ 1.46579913  5.13124271 -4.82001779]
Epoch 2223, t=2460388.5417012535:
  TLE_ECI: r=[-1407.06007841 -5299.65311387  5428.15921316], v=[5.047688   2.945993   4.18168874]
  RK45_ECI: r=[5268.8335114  3050.07785541 4752.50339093], v=[ 1.4337476   5.11487527 -4.84684009]
Epoch 2224, t=2460388.5417765165:
  TLE_ECI: r=[-1252.63036284 -5209.81966194  5551.4668688 ], v=[5.08082237 3.08497146 4.03868378]
  RK45_ECI: r=[5276.5976988  3085.77961109 4720.90244785], v=[ 1.40166104  5.09829232 -4.87348379]
Epoch 2225, t=2460388.54185178:
  TLE_ECI: r=[-1097.31155805 -5115.77910091  5670.43708653], v=[5.10986275 3.22156153 3.89253816]
  RK45_ECI: r=[5284.13625338 3121.37666692 4689.12872096], v=[ 1.36954035  5.08149423 -4.89994832]
Epoch 2226, t=2460388.5419270433:
  TLE_ECI: r=[ -941.22877676 -5017.60433141  5784.97736496], v=[5.1347897  3.35565355 3.7433665 ]
  RK45_ECI: r=[5291.44901483 3156.86750259 4657.18337683], v=[ 1.33738696  5.06448157 -4.92623269]
Epoch 2227, t=2460388.542002307:
  TLE_ECI: r=[ -784.50761539 -4915.37157772  5894.99867528], v=[5.15558705 3.48713984 3.59128569]
  RK45_ECI: r=[5298.53574406 3192.25030869 4625.06789053], v=[ 1.3052025   5.04725513 -4.95233573]
Epoch 2228, t=2460388.54207757:
  TLE_ECI: r=[ -627.27406837 -4809.16032302  6000.41552801], v=[5.17224195 3.6159148  3.43641479]
  RK45_ECI: r=[5305.39637484 3227.5238981  4592.78314199], v=[ 1.2729881   5.02981535 -4.97825672]
Epoch 2229, t=2460388.542152833:
  TLE_ECI: r=[ -469.65444129 -4699.05324463  6101.14603686], v=[5.18474488 3.74187497 3.27887494]
  RK45_ECI: r=[5312.03066306 3262.68630296 4560.33077445], v=[ 1.24074555  5.01216311 -5.00399437]
Epoch 2230, t=2460388.5422280966:
  TLE_ECI: r=[ -311.77519437 -4585.13615457  6197.1119796 ], v=[5.1930896  3.86491917 3.11878926]
  RK45_ECI: r=[5318.43857872 3297.73652721 4527.71152576], v=[ 1.20847581  4.9942988  -5.0295481 ]
Epoch 2231, t=2460388.54230336:
  TLE_ECI: r=[ -153.76292583 -4467.4979217   6288.23885638], v=[5.19727319 3.98494847 2.95628277]
  RK45_ECI: r=[5324.62001064 3332.67306987 4494.92659316], v=[ 1.17618026  4.97622305 -5.054917  ]
Epoch 2232, t=2460388.5423786235:
  TLE_ECI: r=[ 4.25578533e+00 -4.34623041e+03  6.37445594e+03], v=[5.19729604 4.10186633 2.79148227]
  RK45_ECI: r=[5330.57477793 3367.49414728 4461.97749002], v=[ 1.14386057  4.95793668 -5.0800999 ]
Epoch 2233, t=2460388.5424538865:
  TLE_ECI: r=[  162.15445276 -4221.42839729  6455.69635203], v=[5.19316183 4.21557867 2.62451627]
  RK45_ECI: r=[5336.30279519 3402.19827018 4428.86543014], v=[ 1.11151814  4.93944037 -5.1050959 ]
Epoch 2234, t=2460388.54252915:
  TLE_ECI: r=[  319.80683282 -4093.18951418  6531.8970644 ], v=[5.18487751 4.32599393 2.45551485]
  RK45_ECI: r=[5341.80405564 3436.78445102 4395.59116362], v=[ 1.0791539   4.92073451 -5.12990444]
Epoch 2235, t=2460388.5426044133:
  TLE_ECI: r=[  477.08694882 -3961.6141537   6602.99899348], v=[5.1724533  4.43302314 2.2846096 ]
  RK45_ECI: r=[5347.07838842 3471.25075533 4362.1563811 ], v=[ 1.04676967  4.90182006 -5.15452429]
Epoch 2236, t=2460388.542679677:
  TLE_ECI: r=[  633.86924074 -3826.80539972  6668.94701953], v=[5.1559027  4.53657997 2.11193351]
  RK45_ECI: r=[5352.12578911 3505.5960206  4328.56199782], v=[ 1.01436654  4.88269751 -5.17895477]
Epoch 2237, t=2460388.54275494:
  TLE_ECI: r=[  790.02865121 -3688.86894468  6729.69003176], v=[5.13524243 4.63658079 1.93762084]
  RK45_ECI: r=[5356.94613522 3539.81849047 4294.80956396], v=[ 0.9819462   4.86336775 -5.20319478]
Epoch 2238, t=2460388.542830203:
  TLE_ECI: r=[  945.44071307 -3547.91300973  6785.18096572], v=[5.11049243 4.73294477 1.76180707]
  RK45_ECI: r=[5361.53939026 3573.91669777 4260.90032228], v=[ 0.94951003  4.84383148 -5.22724345]
Epoch 2239, t=2460388.5429054666:
  TLE_ECI: r=[ 1099.98168887 -3404.04824985  6835.37683743], v=[5.08167582 4.82559393 1.58462876]
  RK45_ECI: r=[5365.9055801  3607.88966865 4226.83504045], v=[ 0.91705896  4.82408915 -5.25110024]
Epoch 2240, t=2460388.54298073:
  TLE_ECI: r=[ 1253.5286039  -3257.38768257  6880.23877484], v=[5.04881891 4.91445314 1.40622346]
  RK45_ECI: r=[5370.04459758 3641.73550001 4192.61544884], v=[ 0.88459481  4.80414174 -5.27476397]
Epoch 2241, t=2460388.5430559935:
  TLE_ECI: r=[ 1405.95938499 -3108.04659049  6919.73204586], v=[5.01195116 4.99945024 1.22672961]
  RK45_ECI: r=[5373.95647671 3675.45304652 4158.24248362], v=[ 0.85211869  4.78398982 -5.298234  ]
Epoch 2242, t=2460388.543131257:
  TLE_ECI: r=[ 1557.1529445  -2956.142434    6953.82608358], v=[4.97110515 5.08051606 1.04628644]
  RK45_ECI: r=[5377.64115343 3709.04058084 4123.71773038], v=[ 0.81963226  4.7636343  -5.32150926]
Epoch 2243, t=2460388.54320652:
  TLE_ECI: r=[ 1706.98926669 -2801.79476492  6982.49450836], v=[4.92631657 5.15758446 0.86503386]
  RK45_ECI: r=[5381.09866404 3742.49680428 4089.04229649], v=[ 0.78713676  4.74307584 -5.34458902]
Epoch 2244, t=2460388.5432817833:
  TLE_ECI: r=[ 1855.34953406 -2645.12511443  7005.71514676], v=[4.8776241  5.23059246 0.68311238]
  RK45_ECI: r=[5384.32899476 3775.82032362 4054.2174558 ], v=[ 0.75463356  4.7223152  -5.36747247]
Epoch 2245, t=2460388.543357047:
  TLE_ECI: r=[ 2002.11616884 -2486.25692726  7023.47004767], v=[4.82506951 5.29948017 0.50066296]
  RK45_ECI: r=[5387.33217422 3809.00970329 4019.24448747], v=[ 0.72212405  4.70135315 -5.39015876]
Epoch 2246, t=2460388.54343231:
  TLE_ECI: r=[ 2147.17295849 -2325.31544756  7035.74549503], v=[4.76869755 5.3641909  0.31782697]
  RK45_ECI: r=[5390.10825083 3842.06367134 3984.12451083], v=[ 0.68960946  4.68019035 -5.4126472 ]
Epoch 2247, t=2460388.5435075737:
  TLE_ECI: r=[ 2290.40513699 -2162.42762643  7042.53201774], v=[4.70855592 5.4246712  0.13474603]
  RK45_ECI: r=[5392.65721853 3874.98053177 3948.85914532], v=[ 0.65709146  4.6588278  -5.43493676]
Epoch 2248, t=2460388.5435828366:
  TLE_ECI: r=[ 2431.69946782 -1997.72203068  7043.82439638], v=[ 4.64469525  5.48087088 -0.04843804]
  RK45_ECI: r=[5394.97915743 3907.75900773 3913.44952145], v=[ 0.62457129  4.63726619 -5.45702675]
Epoch 2249, t=2460388.5436581:
  TLE_ECI: r=[ 2570.94435555 -1831.32871547  7039.62166679], v=[ 4.57716899  5.53274309 -0.23158338]
  RK45_ECI: r=[5397.07410097 3940.39773144 3877.89693947], v=[ 0.5920503   4.61550632 -5.47891637]
Epoch 2250, t=2460388.5437333635:
  TLE_ECI: r=[ 2708.02989547 -1663.37916488  7029.9271208 ], v=[ 4.50603348  5.58024429 -0.41454813]
  RK45_ECI: r=[5398.94214344 3972.89543321 3842.2025368 ], v=[ 0.55952974  4.59354888 -5.50060495]

Summary Statistics:
Mean position difference: 9962.948 m
Max position difference: 15475.499 m
Mean velocity difference: 9.261 m/s
Max velocity difference: 14.381 m/s
