Perturbation configuration 2: ThirdBody
TLE: 1 41240U 16002A   24078.93311235 -.00000041  00000-0  88455-4 0  9998
2 41240  66.0433  38.7934 0008217 275.1931  84.8147 12.80929479381943
Initial state: r=[-1860.2918104   2511.66965221  7054.40180529], v=[-5.6479915  -4.46099341  0.09890006], jd=2460388.3743908517

Epoch 0, t=2460388.3743908517:
  TLE_ECI: r=[ -351.48708541 -3116.28604399  7048.74830935], v=[ 7.08706485 -1.16734781 -0.16198856]
  RK45_ECI: r=[ -638.30754113 -3056.16509346  7055.93178089], v=[ 7.08108291 -1.28901005  0.0822758 ]
Epoch 1, t=2460388.374466115:
  TLE_ECI: r=[ -137.27230569 -3150.1622597   7041.1361309 ], v=[ 7.09393955 -1.08267212 -0.34522476]
  RK45_ECI: r=[ -590.79639975 -3064.7794284   7056.33393235], v=[ 7.08515703 -1.26838187  0.04245835]
Epoch 2, t=2460388.3745413786:
  TLE_ECI: r=[   77.08014039 -3181.38368931  7028.03051036], v=[ 7.09521288 -0.99714928 -0.52819217]
  RK45_ECI: r=[ -543.25540509 -3073.23696226  7056.47714583], v=[ 7.08895318e+00 -1.24770354e+00  2.63921022e-03]
Epoch 3, t=2460388.3746166416:
  TLE_ECI: r=[  291.40089939 -3209.92595726  7009.44164072], v=[ 7.09088301 -0.91085071 -0.71074908]
  RK45_ECI: r=[ -495.68709792 -3081.53724314  7056.36141633], v=[ 7.09247115 -1.22697634 -0.03717958]
Epoch 4, t=2460388.374691905:
  TLE_ECI: r=[  505.52064517 -3235.76691758  6985.38396259], v=[ 7.08095245 -0.82384836 -0.89275404]
  RK45_ECI: r=[ -448.09269516 -3089.68005981  7055.98674881], v=[ 7.0957108  -1.20620103 -0.07699712]
Epoch 5, t=2460388.3747671684:
  TLE_ECI: r=[  719.2701538  -3258.88667385  6955.87615369], v=[ 7.06542804 -0.73621478 -1.07406603]
  RK45_ECI: r=[ -400.47409069 -3097.66508768  7055.35315404], v=[ 7.09867197 -1.18537863 -0.11681191]
Epoch 6, t=2460388.374842432:
  TLE_ECI: r=[  932.48047197 -3279.26759311  6920.94111519], v=[ 7.04432095 -0.648023   -1.25454454]
  RK45_ECI: r=[ -352.83360413 -3105.4919403   7054.46066186], v=[ 7.10135447 -1.16451035 -0.15662214]
Epoch 7, t=2460388.3749176953:
  TLE_ECI: r=[ 1144.98303866 -3296.89431962  6880.60595499], v=[ 7.01764668 -0.55934646 -1.43404965]
  RK45_ECI: r=[ -305.17268968 -3113.16038352  7053.30929747], v=[ 7.1037582  -1.14359706 -0.19642668]
Epoch 8, t=2460388.3749929583:
  TLE_ECI: r=[ 1356.60980644 -3311.75379038  6834.90196791], v=[ 6.98542506 -0.470259   -1.61244216]
  RK45_ECI: r=[ -257.49389536 -3120.67001356  7051.89912199], v=[ 7.10588299 -1.12264005 -0.23622351]
Epoch 9, t=2460388.3750682217:
  TLE_ECI: r=[ 1567.19341059 -3323.83523011  6783.86461286], v=[ 6.94768023 -0.38083469 -1.78958369]
  RK45_ECI: r=[ -209.79844198 -3128.02064624  7050.2301701 ], v=[ 7.10772875 -1.10164007 -0.2760117 ]
Epoch 10, t=2460388.375143485:
  TLE_ECI: r=[ 1776.56724122 -3333.13018104  6727.53348699], v=[ 6.90444061 -0.29114795 -1.96533675]
  RK45_ECI: r=[ -162.08822885 -3135.21199566  7048.30250044], v=[ 7.10929537 -1.08059818 -0.31578981]
Epoch 11, t=2460388.3752187486:
  TLE_ECI: r=[ 1984.56561175 -3339.63249537  6665.9522967 ], v=[ 6.8557389  -0.20127335 -2.1395649 ]
  RK45_ECI: r=[ -114.36558095 -3142.24371988  7046.11620291], v=[ 7.11058276 -1.05951558 -0.35555596]
Epoch 12, t=2460388.3752940116:
  TLE_ECI: r=[ 2191.02386861 -3343.33834957  6599.16882568], v=[ 6.80161208 -0.11128561 -2.31213278]
  RK45_ECI: r=[  -66.63239949 -3149.11555283  7043.67136263], v=[ 7.11159081 -1.03839333 -0.39530871]
Epoch 13, t=2460388.375369275:
  TLE_ECI: r=[ 2395.77855907 -3344.24622207  6527.23489985], v=[ 6.74210136 -0.02125949 -2.48290627]
  RK45_ECI: r=[  -18.88990737 -3155.82733017  7040.96803432], v=[ 7.11231948 -1.01723218 -0.43504712]
Epoch 14, t=2460388.3754445384:
  TLE_ECI: r=[ 2598.66750028 -3342.35693067  6450.20634941], v=[ 6.67725215  0.06873018 -2.65175257]
  RK45_ECI: r=[   28.85934208 -3162.37870406  7038.00635477], v=[ 7.11276869 -0.99603344 -0.47476918]
Epoch 15, t=2460388.375519802:
  TLE_ECI: r=[ 2799.52994562 -3337.67360781  6368.14296775], v=[ 6.60711406  0.15860863 -2.81854029]
  RK45_ECI: r=[   76.61388947 -3168.76949124  7034.78640632], v=[ 7.1129384  -0.974798   -0.51447378]
Epoch 16, t=2460388.3755950653:
  TLE_ECI: r=[ 2998.20670109 -3330.20170363  6281.10846744], v=[ 6.53174085  0.2483012  -2.98313955]
  RK45_ECI: r=[  124.37140678 -3174.99939455  7031.30833886], v=[ 7.11282857 -0.95352706 -0.55415908]
Epoch 17, t=2460388.3756703283:
  TLE_ECI: r=[ 3194.54024083 -3319.94899054  6189.17043323], v=[ 6.45119042  0.33773336 -3.1454221 ]
  RK45_ECI: r=[  172.12999047 -3181.06818709  7027.57228525], v=[ 7.11243917 -0.9322217  -0.59382362]
Epoch 18, t=2460388.3757455917:
  TLE_ECI: r=[ 3388.37487024 -3306.9255201   6092.40027199], v=[ 6.36552471  0.42683084 -3.3052614 ]
  RK45_ECI: r=[  219.88841588 -3186.97573183  7023.57832988], v=[ 7.11177018 -0.91088266 -0.63346648]
Epoch 19, t=2460388.375820855:
  TLE_ECI: r=[ 3579.55679062 -3291.14366881  5990.87315994], v=[ 6.27480974  0.51551963 -3.46253271]
  RK45_ECI: r=[  267.64412794 -3192.72172988  7019.32667543], v=[ 7.11082161 -0.88951127 -0.67308564]
Epoch 20, t=2460388.3758961186:
  TLE_ECI: r=[ 3767.93425992 -3272.61809229  5884.66798673], v=[ 6.17911554  0.60372605 -3.61711323]
  RK45_ECI: r=[  315.39566605 -3198.30603001  7014.81743991], v=[ 7.10959345 -0.86810841 -0.71268   ]
Epoch 21, t=2460388.375971382:
  TLE_ECI: r=[ 3953.35770322 -3251.36572231  5773.86729671], v=[ 6.07851605  0.69137683 -3.76888214]
  RK45_ECI: r=[  363.14070137 -3203.72838017  7010.05083297], v=[ 7.10808575 -0.84667531 -0.75224774]
Epoch 22, t=2460388.376046645:
  TLE_ECI: r=[ 4135.67982264 -3227.4057645   5658.55722736], v=[ 5.97308917  0.77839912 -3.91772072]
  RK45_ECI: r=[  410.87733009 -3208.98859281  7005.02703519], v=[ 7.10629852 -0.82521303 -0.79178738]
Epoch 23, t=2460388.3761219084:
  TLE_ECI: r=[ 4314.75575255 -3200.75963501  5538.82744473], v=[ 5.86291661  0.86472067 -4.06351246]
  RK45_ECI: r=[  458.60432714 -3214.08655837  6999.74616045], v=[ 7.10423179 -0.80372234 -0.83129802]
Epoch 24, t=2460388.376197172:
  TLE_ECI: r=[ 4490.44311832 -3171.45101389  5414.77107633], v=[ 5.74808389  0.95026975 -4.20614314]
  RK45_ECI: r=[  506.31913825 -3219.02202716  6994.20847721], v=[ 7.10188563 -0.78220456 -0.87077764]
Epoch 25, t=2460388.3762724353:
  TLE_ECI: r=[ 4662.60218865 -3139.50577878  5286.48464097], v=[ 5.62868029  1.03497526 -4.3455009 ]
  RK45_ECI: r=[  554.02030296 -3223.79488014  6988.41413895], v=[ 7.0992601  -0.76066058 -0.91022515]
Epoch 26, t=2460388.3763476987:
  TLE_ECI: r=[ 4831.09597824 -3104.95199526  5154.06797596], v=[ 5.50479875  1.11876683 -4.48147637]
  RK45_ECI: r=[  601.70549435 -3228.40491062  6982.36341496], v=[ 7.09635529 -0.73909163 -0.94963871]
Epoch 27, t=2460388.3764229617:
  TLE_ECI: r=[ 4995.79034923 -3067.81990828  5017.62416167], v=[ 5.37653582  1.2015748  -4.61396274]
  RK45_ECI: r=[  649.37281006 -3232.85197052  6976.05653329], v=[ 7.09317129 -0.71749879 -0.98901689]
Epoch 28, t=2460388.376498225:
  TLE_ECI: r=[ 5156.55415558 -3028.14185931  4877.25944323], v=[ 5.24399158  1.28333039 -4.74285585]
  RK45_ECI: r=[  697.0210259  -3237.1359779   6969.49363725], v=[ 7.08970816 -0.69588281 -1.02835876]
Epoch 29, t=2460388.3765734886:
  TLE_ECI: r=[ 5313.259295   -2985.95234585  4733.08314986], v=[ 5.10726961  1.36396564 -4.86805426]
  RK45_ECI: r=[  744.64759102 -3241.25673244  6962.67506076], v=[ 7.08596604 -0.67424503 -1.06766233]
Epoch 30, t=2460388.376648752:
  TLE_ECI: r=[ 5465.78084928 -2941.28793588  4585.20761144], v=[ 4.96647688  1.44341354 -4.98945937]
  RK45_ECI: r=[  792.25104678 -3245.21414746  6955.60099268], v=[ 7.08194505 -0.65258635 -1.10692649]
Epoch 31, t=2460388.376724015:
  TLE_ECI: r=[ 5613.9971684  -2894.18726812  4433.74807258], v=[ 4.82172365  1.52160805 -5.10697549]
  RK45_ECI: r=[  839.82884479 -3249.00804487  6948.27179664], v=[ 7.07764535 -0.6309081  -1.14614927]
Epoch 32, t=2460388.3767992784:
  TLE_ECI: r=[ 5757.79000388 -2844.69095466  4278.82260424], v=[ 4.67312345  1.59848422 -5.2205099 ]
  RK45_ECI: r=[  887.37976283 -3252.63836682  6940.68764296], v=[ 7.07306705 -0.60921103 -1.18532974]
Epoch 33, t=2460388.376874542:
  TLE_ECI: r=[ 5897.04455417 -2792.84164453  4120.55201302], v=[ 4.52079294  1.67397814 -5.32997294]
  RK45_ECI: r=[  934.90190224 -3256.10500842  6932.84880921], v=[ 7.06821028 -0.58749625 -1.22446648]
Epoch 34, t=2460388.3769498053:
  TLE_ECI: r=[ 6031.64959332 -2738.6839235   3959.05974794], v=[ 4.36485185  1.74802711 -5.43527812]
  RK45_ECI: r=[  982.39294382 -3259.40783582  6924.75565948], v=[ 7.06307527 -0.56576497 -1.26355765]
Epoch 35, t=2460388.3770250687:
  TLE_ECI: r=[ 6161.49755357 -2682.26429329  3794.47180506], v=[ 4.20542288  1.8205696  -5.53634214]
  RK45_ECI: r=[ 1029.85143215 -3262.54679468  6916.4084178 ], v=[ 7.05766215 -0.54401808 -1.30260218]
Epoch 36, t=2460388.3771003317:
  TLE_ECI: r=[ 6286.48460653 -2623.63115069  3626.91662981], v=[ 4.04263162  1.89154536 -5.63308502]
  RK45_ECI: r=[ 1077.27482603 -3265.52175658  6907.80751279], v=[ 7.05197119 -0.52225695 -1.34159808]
Epoch 37, t=2460388.377175595:
  TLE_ECI: r=[ 6406.51077989 -2562.83467378  3456.52501716], v=[ 3.87660642  1.96089547 -5.72543011]
  RK45_ECI: r=[ 1124.66212164 -3268.33270656  6898.95310177], v=[ 7.04600247 -0.50048222 -1.38054464]
Epoch 38, t=2460388.3772508586:
  TLE_ECI: r=[ 6521.47999342 -2499.92688931  3283.4300098 ], v=[ 3.70747834  2.02856238 -5.81330421]
  RK45_ECI: r=[ 1172.01078088 -3270.97953368  6889.84563565], v=[ 7.03975631 -0.47869526 -1.41943987]
Epoch 39, t=2460388.377326122:
  TLE_ECI: r=[ 6631.30017003 -2434.96155648  3107.76679426], v=[ 3.53538098  2.09448994 -5.8966376 ]
  RK45_ECI: r=[ 1219.3191374  -3273.46219556  6880.48541097], v=[ 7.03323288 -0.45689703 -1.45828251]
Epoch 40, t=2460388.3774013855:
  TLE_ECI: r=[ 6735.88330464 -2367.99413922  2929.67259507], v=[ 3.36045044  2.15862348 -5.97536415]
  RK45_ECI: r=[ 1266.58552567 -3275.78065498  6870.87272883], v=[ 7.02643241 -0.43508852 -1.49707132]
Epoch 41, t=2460388.3774766484:
  TLE_ECI: r=[ 6835.14553057 -2299.08177991  2749.2865672 ], v=[ 3.18282519  2.22090986 -6.0494213 ]
  RK45_ECI: r=[ 1313.80741432 -3277.93483321  6861.00808244], v=[ 7.01935522 -0.41327107 -1.53580431]
Epoch 42, t=2460388.377551912:
  TLE_ECI: r=[ 6929.00721689 -2228.28317099  2566.74968661], v=[ 3.00264593  2.2812975  -6.1187502 ]
  RK45_ECI: r=[ 1360.98380297 -3279.92473968  6850.89165208], v=[ 7.01200146 -0.39144535 -1.57448078]
Epoch 43, t=2460388.3776271753:
  TLE_ECI: r=[ 7017.39299392 -2155.65862458  2382.20463931], v=[ 2.82005551  2.33973644 -6.18329571]
  RK45_ECI: r=[ 1408.11216427 -3281.75031315  6840.52395313], v=[ 7.00437149 -0.36961272 -1.61309875]
Epoch 44, t=2460388.3777024387:
  TLE_ECI: r=[ 7100.23184401 -2081.26994213  2195.79570873], v=[ 2.63519879  2.39617837 -6.24300648]
  RK45_ECI: r=[ 1455.19083905 -3283.41154696  6829.90532274], v=[ 6.99646555 -0.34777414 -1.65165698]
Epoch 45, t=2460388.3777777017:
  TLE_ECI: r=[ 7177.45714832 -2005.18040265  2007.66866171], v=[ 2.44822258  2.45057668 -6.29783496]
  RK45_ECI: r=[ 1502.21794621 -3284.90843402  6819.03615426], v=[ 6.98828395 -0.3259307  -1.69015404]
Epoch 46, t=2460388.377852965:
  TLE_ECI: r=[ 7249.00676657 -1927.45462504  1817.97063297], v=[ 2.25927541  2.50288652 -6.3477375 ]
  RK45_ECI: r=[ 1549.19163542 -3286.24096208  6807.91685017], v=[ 6.97982698 -0.30408343 -1.72858851]
Epoch 47, t=2460388.3779282286:
  TLE_ECI: r=[ 7314.82305344 -1848.15863864  1626.85000859], v=[ 2.06850751  2.5530648  -6.39267435]
  RK45_ECI: r=[ 1596.11024223 -3287.40914817  6796.54776838], v=[ 6.97109492 -0.28223332 -1.76695916]
Epoch 48, t=2460388.378003492:
  TLE_ECI: r=[ 7374.85293144 -1767.359743    1434.45630803], v=[ 1.87607065  2.60107029 -6.43260969]
  RK45_ECI: r=[ 1642.97147556 -3288.41298626  6784.92943659], v=[ 6.96208818 -0.26038161 -1.8052642 ]
Epoch 49, t=2460388.3780787555:
  TLE_ECI: r=[ 7429.04792937 -1685.12647234  1240.94006533], v=[ 1.68211799  2.64686358 -6.46751169]
  RK45_ECI: r=[ 1689.77389717 -3289.25251275  6773.06217603], v=[ 6.95280701 -0.23852918 -1.84350258]
Epoch 50, t=2460388.3781540184:
  TLE_ECI: r=[ 7477.3642189  -1601.52855773  1046.45270919], v=[ 1.48680399  2.69040717 -6.49735254]
  RK45_ECI: r=[ 1736.51499986 -3289.92773834  6760.94659491], v=[ 6.94325189 -0.21667739 -1.88167235]
Epoch 51, t=2460388.378229282:
  TLE_ECI: r=[ 7519.76267049 -1516.63678059   851.14644232], v=[ 1.29028425  2.73166551 -6.52210845]
  RK45_ECI: r=[ 1783.1935808  -3290.43871026  6748.582973  ], v=[ 6.93342305 -0.19482699 -1.91977263]
Epoch 52, t=2460388.3783045453:
  TLE_ECI: r=[ 7556.20885765 -1430.52304318   655.17412003], v=[ 1.09271539  2.77060498 -6.5417597 ]
  RK45_ECI: r=[ 1829.80777312 -3290.78547452  6735.9717646 ], v=[ 6.92332086 -0.17297907 -1.95780202]
Epoch 53, t=2460388.3783798087:
  TLE_ECI: r=[ 7586.67310559 -1343.26021988   458.68912825], v=[ 0.89425494  2.80719397 -6.55629063]
  RK45_ECI: r=[ 1876.35530002 -3290.96807086  6723.11355493], v=[ 6.91294579 -0.15113485 -1.99575876]
Epoch 54, t=2460388.378455072:
  TLE_ECI: r=[ 7611.13051156 -1254.92211617   261.84526094], v=[ 0.69506117  2.84140288 -6.56568969]
  RK45_ECI: r=[ 1922.83473251 -3290.9865678   6710.00869937], v=[ 6.90229814 -0.12929524 -2.03364181]
Epoch 55, t=2460388.378530335:
  TLE_ECI: r=[ 7629.56096239 -1165.58342824    64.79659724], v=[ 0.49529298  2.87320416 -6.56994942]
  RK45_ECI: r=[ 1969.24358031 -3290.84102573  6696.65786923], v=[ 6.89137848 -0.10746156 -2.07144923]
Epoch 56, t=2460388.3786055986:
  TLE_ECI: r=[ 7641.9491656  -1075.31958936  -132.30262171], v=[ 0.29510975  2.90257232 -6.56906648]
  RK45_ECI: r=[ 2015.5806487  -3290.53151936  6683.06137249], v=[ 6.88018706 -0.08563458 -2.10918016]
Epoch 57, t=2460388.378680862:
  TLE_ECI: r=[7648.28464105 -984.20683933 -329.29811606], v=[ 0.09467121  2.92948397 -6.56304162]
  RK45_ECI: r=[ 2061.84408381 -3290.05813431  6669.21970897], v=[ 6.8687243  -0.06381537 -2.1468332 ]
Epoch 58, t=2460388.3787561255:
  TLE_ECI: r=[7648.56174428 -892.32206991 -526.03569063], v=[-0.10586268  2.95391783 -6.55187971]
  RK45_ECI: r=[ 2108.03162571 -3289.42095574  6655.13352089], v=[ 6.85699075 -0.04200517 -2.18440661]
Epoch 59, t=2460388.378831389:
  TLE_ECI: r=[7642.77966761 -799.74278122 -722.36135815], v=[-0.30633188  2.97585472 -6.53558975]
  RK45_ECI: r=[ 2154.14185585 -3288.6200844   6640.80319737], v=[ 6.84498676 -0.02020487 -2.22189937]
Epoch 60, t=2460388.378906652:
  TLE_ECI: r=[7630.9424388  -706.54703781 -918.12146233], v=[-0.50657639  2.99527765 -6.51418481]
  RK45_ECI: r=[ 2200.17230354 -3287.65563007  6626.22947224], v=[ 6.83271295e+00  1.58421547e-03 -2.25930955e+00]
Epoch 61, t=2460388.3789819153:
  TLE_ECI: r=[ 7613.05892613  -612.81331233 -1113.16280062], v=[-0.70643645  3.01217175 -6.48768204]
  RK45_ECI: r=[ 2246.1217834  -3286.52769494  6611.41268133], v=[ 6.82016963  0.02336131 -2.29663632]
Epoch 62, t=2460388.3790571787:
  TLE_ECI: r=[ 7589.1428177   -518.62055255 -1307.33274645], v=[-0.90575258  3.02652432 -6.45610269]
  RK45_ECI: r=[ 2291.98845654 -3285.23640394  6596.35336954], v=[ 6.80735726  0.04512535 -2.33387827]
Epoch 63, t=2460388.379132442:
  TLE_ECI: r=[ 7559.21261889  -424.04802479 -1500.4793711 ], v=[-1.10436577  3.03832486 -6.41947203]
  RK45_ECI: r=[ 2337.77008208 -3283.78188763  6581.0522354 ], v=[ 6.79427647  0.0668751  -2.37103371]
Epoch 64, t=2460388.379207705:
  TLE_ECI: r=[ 7523.29163343  -329.17529025 -1692.45156469], v=[-1.3021176   3.04756504 -6.37781936]
  RK45_ECI: r=[ 2383.46483    -3282.16429111  6565.50984851], v=[ 6.78092777  0.0886095  -2.40810125]
Epoch 65, t=2460388.3792829686:
  TLE_ECI: r=[ 7481.40794781  -234.08204877 -1883.09915658], v=[-1.49885039  3.0542387  -6.33117799]
  RK45_ECI: r=[ 2429.07152216 -3280.3837363   6549.72656338], v=[ 6.76731147  0.11032778 -2.44508005]
Epoch 66, t=2460388.379358232:
  TLE_ECI: r=[ 7433.59440096  -138.84820391 -2072.2730348 ], v=[-1.69440732  3.05834191 -6.27958517]
  RK45_ECI: r=[ 2474.58771335 -3278.44038969  6533.70318444], v=[ 6.7534283   0.13202863 -2.48196823]
Epoch 67, t=2460388.3794334955:
  TLE_ECI: r=[ 7379.88856121   -43.55370637 -2259.82526443], v=[-1.88863254  3.05987288 -6.22308212]
  RK45_ECI: r=[ 2520.01200485 -3276.33440316  6517.4401541 ], v=[ 6.73927866  0.15371116 -2.51876477]
Epoch 68, t=2460388.379508759:
  TLE_ECI: r=[ 7320.33269344    51.72149225 -2445.60920502], v=[-2.08137133  3.05883207 -6.16171391]
  RK45_ECI: r=[ 2565.34217733 -3274.06595228  6500.93822659], v=[ 6.72486324  0.17537416 -2.55546797]
Epoch 69, t=2460388.379584022:
  TLE_ECI: r=[ 7254.97372394   146.89748551 -2629.47962671], v=[-2.27247023  3.05522208 -6.09552949]
  RK45_ECI: r=[ 2610.57641853 -3271.63522123  6484.19801569], v=[ 6.71018259  0.19701655 -2.59207649]
Epoch 70, t=2460388.3796592853:
  TLE_ECI: r=[ 7183.86319953   241.89456543 -2811.29282501], v=[-2.46177715  3.0490477  -6.0245816 ]
  RK45_ECI: r=[ 2655.7135618  -3269.04235913  6467.21990326], v=[ 6.69523709  0.2186376  -2.62858947]
Epoch 71, t=2460388.3797345487:
  TLE_ECI: r=[ 7107.05724613   336.6331616  -2990.90673425], v=[-2.6491415   3.0403159  -5.94892673]
  RK45_ECI: r=[ 2700.75118679 -3266.28758135  6450.00475459], v=[ 6.6800275   0.24023597 -2.66500508]
Epoch 72, t=2460388.379809812:
  TLE_ECI: r=[ 7024.61652084   431.03399408 -3168.1810395 ], v=[-2.8344143   3.02903581 -5.86862509]
  RK45_ECI: r=[ 2745.68790923 -3263.37107142  6432.55304481], v=[ 6.6645543   0.2618108  -2.70132229]
Epoch 73, t=2460388.3798850756:
  TLE_ECI: r=[ 6936.60616146   525.0181188  -3342.97728686], v=[-3.01744834  3.01521872 -5.78374053]
  RK45_ECI: r=[ 2790.52153337 -3260.29304973  6414.86558312], v=[ 6.64881821  0.28336088 -2.73753946]
Epoch 74, t=2460388.3799603386:
  TLE_ECI: r=[ 6843.09573397   618.50697363 -3515.15899205], v=[-3.19809824  2.99887804 -5.6943405 ]
  RK45_ECI: r=[ 2835.25026662 -3257.05373938  6396.94302693], v=[ 6.63281987  0.30488515 -2.77365522]
Epoch 75, t=2460388.380035602:
  TLE_ECI: r=[ 6744.15916764   711.4225255  -3684.59174726], v=[-3.37622065  2.98002929 -5.60049597]
  RK45_ECI: r=[ 2879.87295506 -3253.65331628  6378.78578501], v=[ 6.61655966  0.32638286 -2.80966876]
Epoch 76, t=2460388.3801108655:
  TLE_ECI: r=[ 6639.87470372   803.68721384 -3851.14332612], v=[-3.55167428  2.95869012 -5.50228137]
  RK45_ECI: r=[ 2924.38720573 -3250.09204449  6360.3947827 ], v=[ 6.60003845  0.3478527  -2.84557826]
Epoch 77, t=2460388.380186129:
  TLE_ECI: r=[ 6530.32482419   895.22409704 -4014.68378669], v=[-3.72432004  2.93488026 -5.39977456]
  RK45_ECI: r=[ 2968.79165013 -3246.37013885  6341.77052742], v=[ 6.58325673  0.36929382 -2.88138272]
Epoch 78, t=2460388.3802613923:
  TLE_ECI: r=[ 6415.5961851    985.95689593 -4175.08557242], v=[-3.89402119  2.90862148 -5.29305669]
  RK45_ECI: r=[ 3013.0841184  -3242.48786437  6322.9138825 ], v=[ 6.56621531  0.390705   -2.91708049]
Epoch 79, t=2460388.3803366553:
  TLE_ECI: r=[ 6295.77954827  1075.81003888 -4332.22361105], v=[-4.06064339  2.87993763 -5.1822122 ]
  RK45_ECI: r=[ 3057.26283948 -3238.44548252  6303.82554839], v=[ 6.54891486  0.4120852  -2.95267027]
Epoch 80, t=2460388.3804119187:
  TLE_ECI: r=[ 6170.96969423  1164.70879906 -4485.97541126], v=[-4.22405484  2.8488545  -5.06732871]
  RK45_ECI: r=[ 3101.3266734  -3234.24319597  6284.50596033], v=[ 6.53135581  0.43343368 -2.98815123]
Epoch 81, t=2460388.380487182:
  TLE_ECI: r=[ 6041.26536265  1252.57924382 -4636.22115713], v=[-4.38412636  2.81539993 -4.94849694]
  RK45_ECI: r=[ 3145.27325698 -3229.88131692  6264.95610288], v=[ 6.5135391   0.45474915 -3.02352158]
Epoch 82, t=2460388.3805624456:
  TLE_ECI: r=[ 5906.7691596   1339.3483712  -4782.84380027], v=[-4.54073152  2.77960371 -4.82581065]
  RK45_ECI: r=[ 3189.10123885 -3225.36009146  6245.17651516], v=[ 6.49546525  0.47603074 -3.05878034]
Epoch 83, t=2460388.3806377086:
  TLE_ECI: r=[ 5767.58748088  1424.94413425 -4925.72914957], v=[-4.69374669  2.74149756 -4.69936655]
  RK45_ECI: r=[ 3232.80827025 -3220.6798532   6225.16820836], v=[ 6.47713523  0.49727716 -3.09392572]
Epoch 84, t=2460388.380712972:
  TLE_ECI: r=[ 5623.8304089   1509.29556817 -5064.76595844], v=[-4.84305118  2.70111506 -4.56926422]
  RK45_ECI: r=[ 3276.39322477 -3215.84082794  6204.93164184], v=[ 6.4585495   0.51848767 -3.12895694]
Epoch 85, t=2460388.3807882355:
  TLE_ECI: r=[ 5475.61164758  1592.33274575 -5199.84600974], v=[-4.9885273   2.65849169 -4.43560601]
  RK45_ECI: r=[ 3319.85435616 -3210.84331865  6184.46756034], v=[ 6.43970879  0.53966126 -3.16387268]
Epoch 86, t=2460388.380863499:
  TLE_ECI: r=[ 5323.04841427  1673.98690353 -5330.86419796], v=[-5.13006045  2.61366476 -4.298497  ]
  RK45_ECI: r=[ 3363.1895406  -3205.68766061  6163.77691212], v=[ 6.42061402  0.56079671 -3.19867136]
Epoch 87, t=2460388.3809387623:
  TLE_ECI: r=[ 5166.26134896  1754.19048051 -5457.71860895], v=[-5.26753923  2.56667337 -4.15804485]
  RK45_ECI: r=[ 3406.3974454  -3200.37413069  6142.86026761], v=[ 6.40126575  0.58189321 -3.233352  ]
Epoch 88, t=2460388.3810140253:
  TLE_ECI: r=[ 5005.37442246  1832.87715818 -5580.31059692], v=[-5.40085546  2.5175584  -4.01435977]
  RK45_ECI: r=[ 3449.47575489 -3194.90311013  6121.71869571], v=[ 6.38166501  0.60294944 -3.26791287]
Epoch 89, t=2460388.3810892887:
  TLE_ECI: r=[ 4840.51481539  1909.98197402 -5698.54485882], v=[-5.52990437  2.46636239 -3.86755438]
  RK45_ECI: r=[ 3492.42335899 -3189.27485082  6100.3526815 ], v=[ 6.36181232  0.62396471 -3.30235315]
Epoch 90, t=2460388.381164552:
  TLE_ECI: r=[ 4671.8128479   1985.44128398 -5812.32950599], v=[-5.65458453  2.41312962 -3.71774366]
  RK45_ECI: r=[ 3535.23853662 -3183.48969342  6078.76301124], v=[ 6.34170843  0.64493797 -3.33667161]
Epoch 91, t=2460388.3812398156:
  TLE_ECI: r=[ 4499.40185457  2059.19287426 -5921.57613299], v=[-5.77479806  2.357906   -3.56504483]
  RK45_ECI: r=[ 3577.9191956  -3177.54801663  6056.95068514], v=[ 6.32135434  0.66586806 -3.37086664]
Epoch 92, t=2460388.381315079:
  TLE_ECI: r=[ 4323.41808322  2131.17599616 -6026.19988373], v=[-5.89045058  2.30073904 -3.40957727]
  RK45_ECI: r=[ 3620.46402313 -3171.45012773  6034.91630428], v=[ 6.30075065  0.68675414 -3.40493732]
Epoch 93, t=2460388.381390342:
  TLE_ECI: r=[ 4144.000593    2201.33140264 -6126.11951474], v=[-6.00145137  2.24167781 -3.25146242]
  RK45_ECI: r=[ 3662.87073929 -3165.19645498  6012.66099433], v=[ 6.27989847  0.70759495 -3.43888192]
Epoch 94, t=2460388.3814656055:
  TLE_ECI: r=[ 3961.29111832  2269.60144516 -6221.25745546], v=[-6.1077134   2.18077287 -3.09082368]
  RK45_ECI: r=[ 3705.13844225 -3158.78725382  5990.18515959], v=[ 6.25879822  0.72838985 -3.47269982]
Epoch 95, t=2460388.381540869:
  TLE_ECI: r=[ 3775.43399487  2335.93004472 -6311.53986595], v=[-6.20915336  2.11807628 -2.92778633]
  RK45_ECI: r=[ 3747.26486497 -3152.22296892  5967.48994504], v=[ 6.23745103  0.74913759 -3.50638931]
Epoch 96, t=2460388.3816161323:
  TLE_ECI: r=[ 3586.57602031  2400.26278714 -6396.89669138], v=[-6.30569175  2.05364153 -2.76247743]
  RK45_ECI: r=[ 3789.24852189 -3145.50395514  5944.57608392], v=[ 6.21585764  0.76983724 -3.53994932]
Epoch 97, t=2460388.381691396:
  TLE_ECI: r=[ 3394.8663447   2462.54695369 -6477.26171379], v=[-6.39725294  1.98752346 -2.59502568]
  RK45_ECI: r=[ 3831.08793074 -3138.63057195  5921.44431337], v=[ 6.19401882  0.79048791 -3.57337876]
Epoch 98, t=2460388.3817666587:
  TLE_ECI: r=[ 3200.45636095  2522.73155303 -6552.57260084], v=[-6.4837652   1.9197783  -2.42556139]
  RK45_ECI: r=[ 3872.78084939 -3131.60329408  5898.09581477], v=[ 6.17193571  0.81108835 -3.60667595]
Epoch 99, t=2460388.381841922:
  TLE_ECI: r=[ 3003.49955623  2580.76740029 -6622.77095155], v=[-6.56516076  1.85046348 -2.25421633]
  RK45_ECI: r=[ 3914.32639114 -3124.42239942  5874.53101197], v=[ 6.14960878  0.83163792 -3.63984028]
Epoch 100, t=2460388.3819171856:
  TLE_ECI: r=[ 2804.15143569  2636.6070975  -6687.80233925], v=[-6.64137585  1.77963775 -2.08112365]
  RK45_ECI: r=[ 3955.72232772 -3117.08837866  5850.75110529], v=[ 6.12703923  0.8521354  -3.67287008]
Epoch 101, t=2460388.381992449:
  TLE_ECI: r=[ 2602.56937187  2690.20511038 -6747.6163513 ], v=[-6.71235074  1.70736102 -1.9064178 ]
  RK45_ECI: r=[ 3996.96719953 -3109.60161946  5826.75686258], v=[ 6.10422784  0.87257987 -3.70576428]
Epoch 102, t=2460388.382067712:
  TLE_ECI: r=[ 2398.91249723  2741.51778689 -6802.16662598], v=[-6.77802978  1.63369434 -1.73023436]
  RK45_ECI: r=[ 4038.05935531 -3101.96255338  5802.54916971], v=[ 6.08117551  0.89297035 -3.73852169]
Epoch 103, t=2460388.3821429755:
  TLE_ECI: r=[ 2193.3415479   2790.5034208  -6851.41088623], v=[-6.83836146  1.55869983 -1.55271004]
  RK45_ECI: r=[ 4078.99717741 -3094.17158359  5778.12892024], v=[ 6.05788316  0.9133059  -3.7711411 ]
Epoch 104, t=2460388.382218239:
  TLE_ECI: r=[ 1986.01878654  2837.12223988 -6895.31097053], v=[-6.89329842  1.48244068 -1.37398249]
  RK45_ECI: r=[ 4119.77921113 -3086.22912704  5753.49689956], v=[ 6.03435159  0.93358561 -3.80362147]
Epoch 105, t=2460388.3822935023:
  TLE_ECI: r=[ 1777.10784459  2881.33646712 -6933.83286063], v=[-6.94279746  1.40498107 -1.19419024]
  RK45_ECI: r=[ 4160.40346385 -3078.13568103  5728.65424798], v=[ 6.01058195  0.95380835 -3.8359613 ]
Epoch 106, t=2460388.382368766:
  TLE_ECI: r=[ 1566.77360315  2923.11034271 -6966.94670624], v=[-6.98681964  1.32638609 -1.01347261]
  RK45_ECI: r=[ 4200.8686859  -3069.89163588  5703.60164928], v=[ 5.98657496  0.97397333 -3.86815972]
Epoch 107, t=2460388.3824440287:
  TLE_ECI: r=[ 1355.18207384  2962.41014784 -6994.62684677], v=[-7.02533022  1.24672177 -0.83196958]
  RK45_ECI: r=[ 4241.17270928 -3061.49754815  5678.34038217], v=[ 5.96233191  0.99407931 -3.9002151 ]
Epoch 108, t=2460388.382519292:
  TLE_ECI: r=[ 1142.50023555  2999.20424777 -7016.85182984], v=[-7.05829875  1.16605488 -0.64982169]
  RK45_ECI: r=[ 4281.31449566 -3052.95376585  5652.8710247 ], v=[ 5.93785342  1.01412563 -3.9321267 ]
Epoch 109, t=2460388.3825945556:
  TLE_ECI: r=[  928.89595718  3033.46309036 -7033.60442699], v=[-7.08569904  1.08445306 -0.46716998]
  RK45_ECI: r=[ 4321.29243571 -3044.26076846  5627.19451379], v=[ 5.91314045  1.03411129 -3.96389338]
Epoch 110, t=2460388.382669819:
  TLE_ECI: r=[  714.53783326  3065.15924712 -7044.87164612], v=[-7.10750924  1.00198463 -0.28415581]
  RK45_ECI: r=[ 4361.10457638 -3035.41909434  5601.31203781], v=[ 5.88819421  1.05403521 -3.99551365]
Epoch 111, t=2460388.3827450825:
  TLE_ECI: r=[  499.59506227  3094.2674298  -7050.64474093], v=[-7.12371178  0.91871859 -0.10092085]
  RK45_ECI: r=[ 4400.74969295 -3026.42916258  5575.2243088 ], v=[ 5.86301547  1.07389659 -4.02698667]
Epoch 112, t=2460388.3828203455:
  TLE_ECI: r=[  284.2373251   3120.7645092  -7050.91921737], v=[-7.13429344  0.8347246   0.08239309]
  RK45_ECI: r=[ 4440.22566169 -3017.29157421  5548.93265791], v=[ 5.83760556  1.09369422 -4.05831083]
Epoch 113, t=2460388.382895609:
  TLE_ECI: r=[   68.63461742  3144.62953722 -7045.69483686], v=[-7.13924533  0.7500728   0.26564415]
  RK45_ECI: r=[ 4479.53146566 -3008.00670168  5522.43768632], v=[ 5.81196514  1.11342744 -4.08948545]
Epoch 114, t=2460388.3829708723:
  TLE_ECI: r=[ -147.04282702  3165.84375596 -7034.97561664], v=[-7.1385629   0.66483391  0.4486905 ]
  RK45_ECI: r=[ 4518.66552912 -2998.57505945  5495.74036851], v=[ 5.78609522  1.1330953  -4.12050937]
Epoch 115, t=2460388.383046136:
  TLE_ECI: r=[ -362.62470418  3184.39061761 -7018.76982696], v=[-7.13224598  0.57907907  0.63139044]
  RK45_ECI: r=[ 4557.62594039 -2988.99722633  5468.84193976], v=[ 5.75999707  1.15269669 -4.15138118]
Epoch 116, t=2460388.383121399:
  TLE_ECI: r=[ -577.94076225  3200.25579581 -6997.08998514], v=[-7.12029872  0.49287984  0.81360255]
  RK45_ECI: r=[ 4596.41150101 -2979.27364975  5441.74313972], v=[ 5.73367149  1.17223086 -4.18210002]
Epoch 117, t=2460388.383196662:
  TLE_ECI: r=[ -792.82092394  3213.42719893 -6969.95284671], v=[-7.10272964  0.40630812  0.99518573]
  RK45_ECI: r=[ 4635.02013357 -2969.40497442  5414.44535067], v=[ 5.70711987  1.19169661 -4.21266437]
Epoch 118, t=2460388.3832719256:
  TLE_ECI: r=[-1007.09545572  3223.89497095 -6937.37939327], v=[-7.0795516   0.31943607  1.17599935]
  RK45_ECI: r=[ 4673.45084378 -2959.39159657  5386.94919634], v=[ 5.68034291  1.2110933  -4.24307351]
Epoch 119, t=2460388.383347189:
  TLE_ECI: r=[-1220.59504267  3231.65151085 -6899.39481762], v=[-7.0507818   0.2323361   1.35590332]
  RK45_ECI: r=[ 4711.70209085 -2949.2340652   5359.25568788], v=[ 5.65334166  1.23041999 -4.27332635]
Epoch 120, t=2460388.3834224525:
  TLE_ECI: r=[-1433.15095736  3236.69147116 -6856.02850549], v=[-7.01644178  0.1450808   1.53475821]
  RK45_ECI: r=[ 4749.77200651 -2938.93299888  5331.36610626], v=[ 5.62611745  1.2496756  -4.30342149]
Epoch 121, t=2460388.3834977155:
  TLE_ECI: r=[-1644.5951718   3239.01176853 -6807.31401446], v=[-6.9765574   0.05774289  1.71242535]
  RK45_ECI: r=[ 4787.6590695  -2928.48896402  5303.28148253], v=[ 5.59867135  1.26885921 -4.33335785]
Epoch 122, t=2460388.383572979:
  TLE_ECI: r=[-1854.76052592  3238.61156744 -6753.2890496 ], v=[-6.93115882 -0.0296049   1.88876692]
  RK45_ECI: r=[ 4825.36230178 -2917.90237391  5275.00245526], v=[ 5.57100408  1.28797017 -4.36313474]
Epoch 123, t=2460388.3836482423:
  TLE_ECI: r=[-2063.48080062  3235.49230762 -6693.99543636], v=[-6.8802805  -0.1168898   2.06364607]
  RK45_ECI: r=[ 4862.8796817  -2907.17392254  5246.53046369], v=[ 5.5431171   1.30700733 -4.39275067]
Epoch 124, t=2460388.383723506:
  TLE_ECI: r=[-2270.59088517  3229.65768553 -6629.47909017], v=[-6.82396115 -0.20403908  2.23692701]
  RK45_ECI: r=[ 4900.21005538 -2896.30410124  5217.86629007], v=[ 5.51501129  1.32596994 -4.42220483]
Epoch 125, t=2460388.383798769:
  TLE_ECI: r=[-2475.92689652  3221.11365542 -6559.78998311], v=[-6.76224375 -0.29098017  2.4084751 ]
  RK45_ECI: r=[ 4937.35159982 -2885.29356743  5189.01125994], v=[ 5.48668799  1.34485696 -4.45149587]
Epoch 126, t=2460388.383874032:
  TLE_ECI: r=[-2679.32629794  3209.86843244 -6484.98210761], v=[-6.69517548 -0.37764059  2.57815696]
  RK45_ECI: r=[ 4974.3028312  -2874.14292099  5159.96643943], v=[ 5.45814835  1.36366747 -4.48062273]
Epoch 127, t=2460388.3839492956:
  TLE_ECI: r=[-2880.62806395  3195.93245525 -6405.11343695], v=[-6.62280771 -0.4639482   2.7458406 ]
  RK45_ECI: r=[ 5011.06279576 -2862.85259816  5130.73248865], v=[ 5.42939309  1.38240085 -4.50958475]
Epoch 128, t=2460388.384024559:
  TLE_ECI: r=[-3079.67275001  3179.31842287 -6320.24588304], v=[-6.54519599 -0.54983105  2.91139547]
  RK45_ECI: r=[ 5047.62952257 -2851.42333487  5101.31089508], v=[ 5.40042376  1.40105597 -4.53838047]
Epoch 129, t=2460388.3840998225:
  TLE_ECI: r=[-3276.30265581  3160.04125475 -6230.44525101], v=[-6.46239998 -0.63521757  3.07469257]
  RK45_ECI: r=[ 5084.00188729 -2839.85564899  5071.7024667 ], v=[ 5.37124123  1.41963209 -4.56700911]
Epoch 130, t=2460388.384175086:
  TLE_ECI: r=[-3470.36193964  3138.11808642 -6135.78119085], v=[-6.37448341 -0.72003658  3.23560459]
  RK45_ECI: r=[ 5120.17811391 -2828.15023613  5041.90857224], v=[ 5.34184694  1.43812819 -4.59546937]
Epoch 131, t=2460388.384250349:
  TLE_ECI: r=[-3661.69673266  3113.56826607 -6036.3271462 ], v=[-6.2815141  -0.80421734  3.39400595]
  RK45_ECI: r=[ 5156.15675755 -2816.30772885  5011.93031198], v=[ 5.31224206  1.45654338 -4.62376021]
Epoch 132, t=2460388.3843256123:
  TLE_ECI: r=[-3850.15529715  3086.41329688 -5932.16030005], v=[-6.18356383 -0.88768968  3.54977295]
  RK45_ECI: r=[ 5191.93688974 -2804.32858577  4981.76836687], v=[ 5.28242734  1.47487704 -4.651881  ]
Epoch 133, t=2460388.384400876:
  TLE_ECI: r=[-4035.58809184  3056.67688221 -5823.3615177 ], v=[-6.08070835 -0.97038397  3.70278383]
  RK45_ECI: r=[ 5227.5165924  -2792.21358365  4951.42427127], v=[ 5.25240439  1.49312809 -4.67983031]
Epoch 134, t=2460388.384476139:
  TLE_ECI: r=[-4217.84792751  3024.38486548 -5710.01528671], v=[-5.97302731 -1.05223118  3.85291887]
  RK45_ECI: r=[ 5262.89477151 -2779.96326673  4920.89885805], v=[ 5.22217411  1.51129579 -4.7076074 ]
Epoch 135, t=2460388.384551402:
  TLE_ECI: r=[-4396.79006664  2989.56523197 -5592.20965401], v=[-5.86060423 -1.133163    4.00006051]
  RK45_ECI: r=[ 5298.06953359 -2767.57842973  4890.19368242], v=[ 5.19173814  1.52937907 -4.73521086]
Epoch 136, t=2460388.3846266656:
  TLE_ECI: r=[-4572.27237398  2952.24803556 -5470.03616015], v=[-5.7435264  -1.21311189  4.14409342]
  RK45_ECI: r=[ 5333.03997377 -2755.05955057  4859.30944412], v=[ 5.16109725  1.54737731 -4.76264009]
Epoch 137, t=2460388.384701929:
  TLE_ECI: r=[-4744.15537771  2912.46544974 -5343.58977083], v=[-5.62188485 -1.29201105  4.2849046 ]
  RK45_ECI: r=[ 5367.80469009 -2742.4072964   4828.24727791], v=[ 5.13025267  1.56528967 -4.78989408]
Epoch 138, t=2460388.3847771925:
  TLE_ECI: r=[-4912.30241692  2870.25169166 -5212.96880558], v=[-5.49577429 -1.36979459  4.42238347]
  RK45_ECI: r=[ 5402.36198571 -2729.62242169  4797.00861903], v=[ 5.09920589  1.58311514 -4.8169716 ]
Epoch 139, t=2460388.384852456:
  TLE_ECI: r=[-5076.5797428  2825.6430065 -5078.2748637], v=[-5.36529303 -1.44639748  4.55642198]
  RK45_ECI: r=[ 5436.71079835 -2716.70549602  4765.59432442], v=[ 5.06795787  1.60085304 -4.8438719 ]
Epoch 140, t=2460388.384927719:
  TLE_ECI: r=[-5236.85661863  2778.67765326 -4939.61274754], v=[-5.23054293 -1.5217557   4.68691465]
  RK45_ECI: r=[ 5470.84928999 -2703.65735365  4734.00599408], v=[ 5.03651028  1.6185023  -4.87059364]
Epoch 141, t=2460388.3850029823:
  TLE_ECI: r=[-5393.00545839  2729.39581253 -4797.09038306], v=[-5.09162928 -1.59580626  4.81375872]
  RK45_ECI: r=[ 5504.77658284 -2690.4784939   4702.24434728], v=[ 5.00486395  1.63606233 -4.89713623]
Epoch 142, t=2460388.385078246:
  TLE_ECI: r=[-5544.90188118  2677.83964411 -4650.81873791], v=[-4.94866078 -1.66848721  4.9368542 ]
  RK45_ECI: r=[ 5538.49131681 -2677.16961487  4670.31055073], v=[ 4.9730201   1.65353231 -4.9234987 ]
Epoch 143, t=2460388.385153509:
  TLE_ECI: r=[-5692.42484557  2624.05319223 -4500.91173679], v=[-4.80174944 -1.73973774  5.05610395]
  RK45_ECI: r=[ 5571.99184677 -2663.73150664  4638.20607943], v=[ 4.94098033  1.67091126 -4.94967984]
Epoch 144, t=2460388.3852287726:
  TLE_ECI: r=[-5835.45674011  2568.08236448 -4347.4861744 ], v=[-4.65101049 -1.80949826  5.17141377]
  RK45_ECI: r=[ 5605.27714309 -2650.16476358  4605.93181363], v=[ 4.90874559  1.68819851 -4.97567896]
Epoch 145, t=2460388.3853040356:
  TLE_ECI: r=[-5973.88347243  2509.97491095 -4190.66162592], v=[-4.49656231 -1.87771035  5.28269252]
  RK45_ECI: r=[ 5638.34542517 -2636.47025841  4573.48939652], v=[ 4.87631762  1.70539303 -5.00149475]
Epoch 146, t=2460388.385379299:
  TLE_ECI: r=[-6107.59459255  2449.78031519 -4030.56035498], v=[-4.33852629 -1.94431696  5.38985212]
  RK45_ECI: r=[ 5671.19584317 -2622.6485111   4540.8795663 ], v=[ 4.84369724  1.72249425 -5.02712664]
Epoch 147, t=2460388.3854545625:
  TLE_ECI: r=[-6236.48333915  2387.54985692 -3867.30721955], v=[-4.17702683 -2.00926232  5.49280769]
  RK45_ECI: r=[ 5703.82708028 -2608.70024986  4508.10352042], v=[ 4.81088578  1.73950134 -5.05257371]
Epoch 148, t=2460388.385529826:
  TLE_ECI: r=[-6360.44675762  2323.33650071 -3701.0295753 ], v=[-4.01219116 -2.07249206  5.59147761]
  RK45_ECI: r=[ 5736.23754457 -2594.62629967  4475.16277235], v=[ 4.77788481  1.7564134  -5.07783477]
Epoch 149, t=2460388.3856050894:
  TLE_ECI: r=[-6479.38577795  2257.1948684  -3531.85717686], v=[-3.8441493  -2.13395325  5.68578357]
  RK45_ECI: r=[ 5768.42624027 -2580.42727867  4442.0582247 ], v=[ 4.74469536  1.77322974 -5.10290918]
Epoch 150, t=2460388.3856803523:
  TLE_ECI: r=[-6593.20529035  2189.18121323 -3359.92207702], v=[-3.67303392 -2.19359444  5.77565068]
  RK45_ECI: r=[ 5800.39144597 -2566.10409693  4408.79156238], v=[ 4.7113192   1.78994937 -5.12779566]
Epoch 151, t=2460388.385755616:
  TLE_ECI: r=[-6701.81425034  2119.35329548 -3185.35852373], v=[-3.49898024 -2.25136575  5.8610075 ]
  RK45_ECI: r=[ 5832.13248329 -2551.65723951  4375.3633845 ], v=[ 4.67775704  1.80657181 -5.15249378]
Epoch 152, t=2460388.385830879:
  TLE_ECI: r=[-6805.12571559  2047.77044894 -3008.30285526], v=[-3.32212595 -2.30721882  5.94178612]
  RK45_ECI: r=[ 5863.6476518  -2537.08762926  4341.77538992], v=[ 4.64401068  1.82309607 -5.1770023 ]
Epoch 153, t=2460388.3859061426:
  TLE_ECI: r=[-6903.05694482  1974.49345469 -2828.89339342], v=[-3.14261107 -2.36110693  6.01792221]
  RK45_ECI: r=[ 5894.93584269 -2522.39595929  4308.02865733], v=[ 4.6100813   1.83952143 -5.20132046]
Epoch 154, t=2460388.3859814056:
  TLE_ECI: r=[-6995.52945501  1899.58452913 -2647.27033498], v=[-2.96057789 -2.41298503  6.08935511]
  RK45_ECI: r=[ 5925.99580528 -2507.58300013  4274.12442765], v=[ 4.57597027  1.85584713 -5.22544737]
Epoch 155, t=2460388.386056669:
  TLE_ECI: r=[-7082.46910967  1823.10719017 -2463.57564129], v=[-2.77617075 -2.46280979  6.15602785]
  RK45_ECI: r=[ 5956.82631994 -2492.64947615  4240.06394741], v=[ 4.54167891  1.87207242 -5.24938218]
Epoch 156, t=2460388.3861319325:
  TLE_ECI: r=[-7163.80614727  1745.12632518 -2277.95292644], v=[-2.58953605 -2.5105396   6.21788721]
  RK45_ECI: r=[ 5987.42629177 -2477.59611139  4205.84830792], v=[ 4.50720844  1.8881966  -5.27312411]
Epoch 157, t=2460388.386207196:
  TLE_ECI: r=[-7239.47526296  1665.70805483 -2090.54734379], v=[-2.40082204 -2.55613462  6.2748838 ]
  RK45_ECI: r=[ 6017.7942288  -2462.42379035  4171.47908813], v=[ 4.47256055  1.90421879 -5.2966721 ]
Epoch 158, t=2460388.3862824594:
  TLE_ECI: r=[-7309.41565788  1584.91969744 -1901.50547104], v=[-2.21017874 -2.59955687  6.32697205]
  RK45_ECI: r=[ 6047.92919851 -2447.13317269  4136.95722883], v=[ 4.4377363   1.92013837 -5.32002551]
Epoch 159, t=2460388.3863577223:
  TLE_ECI: r=[-7373.57108626  1502.8297332  -1710.97519405], v=[-2.0177578  -2.64077019  6.37411033]
  RK45_ECI: r=[ 6077.82959025 -2431.72523273  4102.28448593], v=[ 4.40273754  1.93595439 -5.34318318]
Epoch 160, t=2460388.386432986:
  TLE_ECI: r=[-7431.88992098  1419.50765939 -1519.10558938], v=[-1.82371238 -2.67974033  6.41626089]
  RK45_ECI: r=[ 6107.49463685 -2416.20054519  4067.46164662], v=[ 4.3675652   1.95166634 -5.36614461]
Epoch 161, t=2460388.386508249:
  TLE_ECI: r=[-7484.32517022  1335.0240605  -1326.04680572], v=[-1.62819701 -2.71643494  6.45338999]
  RK45_ECI: r=[ 6136.92314953 -2400.55991774  4032.4899885 ], v=[ 4.33222065  1.96727348 -5.38890896]
Epoch 162, t=2460388.3865835126:
  TLE_ECI: r=[-7530.83453576  1249.45046212 -1131.94994431], v=[-1.43136748 -2.75082364  6.48546787]
  RK45_ECI: r=[ 6166.11369387 -2384.80426681  3997.37112481], v=[ 4.29670565  1.98277494 -5.41147519]
Epoch 163, t=2460388.386658776:
  TLE_ECI: r=[-7571.3804444   1162.85929098  -936.96693848], v=[-1.23338072 -2.782878    6.51246882]
  RK45_ECI: r=[ 6195.06537384 -2368.93427378  3962.1060163 ], v=[ 4.26102125  1.99817014 -5.43384273]
Epoch 164, t=2460388.386734039:
  TLE_ECI: r=[-7605.93007689  1075.32383532  -741.25043232], v=[-1.03439462 -2.81257162  6.53437118]
  RK45_ECI: r=[ 6223.77664268 -2352.95094693  3926.69645604], v=[ 4.2251694   2.01345817 -5.45601043]
Epoch 165, t=2460388.3868093025:
  TLE_ECI: r=[-7634.45540879   986.91809332  -544.95365874], v=[-0.83456794 -2.83988011  6.55115733]
  RK45_ECI: r=[ 6252.24676417 -2336.85487933  3891.14324731], v=[ 4.18915099  2.02863852 -5.47797782]
Epoch 166, t=2460388.386884566:
  TLE_ECI: r=[-7656.93321481   897.716843    -348.23031698], v=[-0.63406015 -2.86478115  6.5628138 ]
  RK45_ECI: r=[ 6280.47459758 -2320.64690524  3855.44769401], v=[ 4.15296747  2.04371047 -5.49974412]
Epoch 167, t=2460388.3869598294:
  TLE_ECI: r=[-7673.34510211   807.7954893   -151.23444957], v=[-0.43303132 -2.88725445  6.56933118]
  RK45_ECI: r=[ 6308.45876755 -2304.3279715   3819.61144225], v=[ 4.1166206   2.05867322 -5.52130832]
Epoch 168, t=2460388.387035093:
  TLE_ECI: r=[-7683.67752272   717.23002154    45.87968091], v=[-0.23164197 -2.90728184  6.5707042 ]
  RK45_ECI: r=[ 6336.19841543 -2287.89878053  3783.63547175], v=[ 4.08011151  2.07352617 -5.54266988]
Epoch 169, t=2460388.387110356:
  TLE_ECI: r=[-7687.9217834    626.09697112   242.95771541], v=[-0.03005292 -2.92484725  6.5669317 ]
  RK45_ECI: r=[ 6363.69205976 -2271.36037358  3747.52161109], v=[ 4.04344214  2.08826846 -5.5638277 ]
Epoch 170, t=2460388.387185619:
  TLE_ECI: r=[-7686.07406083   534.47325515   439.84532203], v=[ 0.17157484 -2.93993672  6.55801664]
  RK45_ECI: r=[ 6390.9389961  -2254.71336111  3711.27067883], v=[ 4.00661343  2.10289961 -5.58478135]
Epoch 171, t=2460388.3872608826:
  TLE_ECI: r=[-7678.13539322   442.43624625   636.38831958], v=[ 0.37308026 -2.95253842  6.54396609]
  RK45_ECI: r=[ 6417.93813292 -2237.95860294  3674.88400404], v=[ 3.96962686  2.11741893 -5.60553006]
Epoch 172, t=2460388.387336146:
  TLE_ECI: r=[-7664.11168773   350.06361579   832.4328011 ], v=[ 0.5743024  -2.96264266  6.52479127]
  RK45_ECI: r=[ 6444.6881552  -2221.09707531  3638.363264  ], v=[ 3.93248423  2.13182562 -5.6260729 ]
Epoch 173, t=2460388.387411409:
  TLE_ECI: r=[-7644.0137128    257.43331241  1027.82525704], v=[ 0.77508053 -2.9702419   6.50050745]
  RK45_ECI: r=[ 6471.18799831 -2204.12965086  3601.70980124], v=[ 3.89518703  2.14611902 -5.64640914]
Epoch 174, t=2460388.3874866725:
  TLE_ECI: r=[-7617.85709241   164.62340521  1222.41269812], v=[ 0.97525435 -2.97533073  6.47113402]
  RK45_ECI: r=[ 6497.4369803  -2187.05695227  3564.92444414], v=[ 3.8577362   2.16029866 -5.66653833]
Epoch 175, t=2460388.387561936:
  TLE_ECI: r=[-7585.66228762    71.7121519   1416.04277765], v=[ 1.174664   -2.97790593  6.43669443]
  RK45_ECI: r=[ 6523.43369656 -2169.88005681  3528.00905974], v=[ 3.82013376  2.1743637  -5.68645947]
Epoch 176, t=2460388.3876371994:
  TLE_ECI: r=[-7547.45458324   -21.22215805  1608.56391333], v=[ 1.37315031 -2.97796641  6.39721618]
  RK45_ECI: r=[ 6549.17734992 -2152.59969887  3490.96465628], v=[ 3.78238085  2.18831361 -5.70617203]
Epoch 177, t=2460388.387712463:
  TLE_ECI: r=[-7503.26406548  -114.10124802  1799.82540822], v=[ 1.57055486 -2.97551324  6.35273079]
  RK45_ECI: r=[ 6574.6666871  -2135.21688296  3453.79294078], v=[ 3.74447933  2.20214763 -5.72567513]
Epoch 178, t=2460388.387787726:
  TLE_ECI: r=[-7453.12559719  -206.84689955  1989.67757098], v=[ 1.76672014 -2.97054965  6.30327376]
  RK45_ECI: r=[ 6599.90069434 -2117.73250535  3416.4952789 ], v=[ 3.70643069  2.21586511 -5.74496808]
Epoch 179, t=2460388.387862989:
  TLE_ECI: r=[-7397.0787864   -299.38110588  2177.97183513], v=[ 1.96148973 -2.963081    6.24888457]
  RK45_ECI: r=[ 6624.87872255 -2100.14720528  3379.07251301], v=[ 3.66823592  2.22946562 -5.76405044]
Epoch 180, t=2460388.3879382527:
  TLE_ECI: r=[-7335.16795575  -391.62600732  2364.56087721], v=[ 2.15470832 -2.9531148   6.1896066 ]
  RK45_ECI: r=[ 6649.59943545 -2082.46209009  3341.5265419 ], v=[ 3.62989706  2.24294834 -5.78292129]
Epoch 181, t=2460388.388013516:
  TLE_ECI: r=[-7267.44210359  -483.50404579  2549.29873387], v=[ 2.34622194 -2.9406607   6.12548714]
  RK45_ECI: r=[ 6674.06207553 -2064.67791269  3303.85839041], v=[ 3.59141528  2.25631278 -5.80158011]
Epoch 182, t=2460388.3880887795:
  TLE_ECI: r=[-7193.95486317  -574.93800797  2732.04091764], v=[ 2.53587805 -2.92573044  6.05657727]
  RK45_ECI: r=[ 6698.2654524  -2046.79570454  3266.06979364], v=[ 3.55279246  2.26955821 -5.82002608]
Epoch 183, t=2460388.3881640425:
  TLE_ECI: r=[-7114.76445954  -665.85107043  2912.64453135], v=[ 2.72352564 -2.90833791  5.98293191]
  RK45_ECI: r=[ 6722.20860405 -2028.81638501  3228.16213911], v=[ 3.51403015  2.28268401 -5.83825852]
Epoch 184, t=2460388.388239306:
  TLE_ECI: r=[-7029.93365325  -756.1669482   3090.96838103], v=[ 2.90901543 -2.88849902  5.90460969]
  RK45_ECI: r=[ 6745.89091493 -2010.74060883  3190.13628239], v=[ 3.47512933  2.29568976 -5.85627707]
Epoch 185, t=2460388.3883145694:
  TLE_ECI: r=[-6939.52969866  -845.80983374  3266.87308738], v=[ 3.0921999  -2.86623182  5.82167294]
  RK45_ECI: r=[ 6769.31111859 -1992.56951171  3151.99415225], v=[ 3.43609209  2.30857469 -5.87408082]
Epoch 186, t=2460388.388389833:
  TLE_ECI: r=[-6843.62428078  -934.70454469  3440.22119543], v=[ 3.27293348 -2.84155636  5.7341876 ]
  RK45_ECI: r=[ 6792.4684977  -1974.30386471  3113.73678915], v=[ 3.39691962  2.32133833 -5.8916693 ]
Epoch 187, t=2460388.3884650962:
  TLE_ECI: r=[-6742.29345719 -1022.77656632  3610.87728255], v=[ 3.45107263 -2.81449477  5.6422232 ]
  RK45_ECI: r=[ 6815.36192595 -1955.94472492  3075.36595463], v=[ 3.35761384  2.33397998 -5.90904173]
Epoch 188, t=2460388.388540359:
  TLE_ECI: r=[-6635.61759791 -1109.95209466  3778.70806457], v=[ 3.62647596 -2.78507115  5.54585276]
  RK45_ECI: r=[ 6837.99049411 -1937.49303356  3036.88305682], v=[ 3.31817629  2.34649905 -5.92619749]
Epoch 189, t=2460388.3886156227:
  TLE_ECI: r=[-6523.68130589 -1196.15817686  3943.58249999], v=[ 3.79900437 -2.75331159  5.44515276]
  RK45_ECI: r=[ 6860.3536208  -1918.94945983  2998.28896362], v=[ 3.27860801  2.35889516 -5.94313621]
Epoch 190, t=2460388.388690886:
  TLE_ECI: r=[-6406.57336567 -1281.32265396  4105.37189221], v=[ 3.96852113 -2.71924416  5.34020303]
  RK45_ECI: r=[ 6882.45011052 -1900.31516694  2959.58563203], v=[ 3.23891111  2.37116756 -5.95985706]
Epoch 191, t=2460388.3887661495:
  TLE_ECI: r=[-6284.38665761 -1365.37430052  4263.94998966], v=[ 4.134892   -2.68289882  5.23108672]
  RK45_ECI: r=[ 6904.27928686 -1881.59094286  2920.77411709], v=[ 3.19908679  2.38331581 -5.97635961]
Epoch 192, t=2460388.3888414125:
  TLE_ECI: r=[-6157.21808853 -1448.24284582  4419.19308374], v=[ 4.29798531 -2.64430748  5.1178902 ]
  RK45_ECI: r=[ 6925.83998689 -1862.77796251  2881.8563881 ], v=[ 3.1591372   2.39533918 -5.99264302]
Epoch 193, t=2460388.388916676:
  TLE_ECI: r=[-6025.1684951  -1529.85910521  4570.98010453], v=[ 4.45767214 -2.60350385  5.00070299]
  RK45_ECI: r=[ 6947.13166061 -1843.87690741  2842.83332373], v=[ 3.11906335  2.40723731 -6.00870698]
Epoch 194, t=2460388.3889919394:
  TLE_ECI: r=[-5888.34258586 -1610.15492742  4719.19271431], v=[ 4.6138263  -2.56052354  4.8796177 ]
  RK45_ECI: r=[ 6968.15345571 -1824.8887412   2803.70635213], v=[ 3.07886683  2.41900963 -6.02455089]
Epoch 195, t=2460388.389067203:
  TLE_ECI: r=[-5746.84883902 -1689.06332497  4863.71539856], v=[ 4.76632454 -2.51540394  4.75472991]
  RK45_ECI: r=[ 6988.90435073 -1805.81455923  2764.47727376], v=[ 3.03854962  2.43065552 -6.04017406]
Epoch 196, t=2460388.3891424662:
  TLE_ECI: r=[-5600.79941793 -1766.51851052  5004.43555461], v=[ 4.91504655 -2.46818418  4.62613815]
  RK45_ECI: r=[ 7009.3837109  -1786.65516564  2725.14715731], v=[ 2.99811294  2.44217455 -6.05557608]
Epoch 197, t=2460388.389217729:
  TLE_ECI: r=[-5450.31008491 -1842.45593517  5141.24357787], v=[ 5.05987514 -2.41890516  4.49394374]
  RK45_ECI: r=[ 7029.5904459  -1767.41176046  2685.71799759], v=[ 2.95755894  2.45356603 -6.07075619]
Epoch 198, t=2460388.3892929927:
  TLE_ECI: r=[-5295.5000858  -1916.81240597  5274.03294533], v=[ 5.20069624 -2.36760943  4.35825078]
  RK45_ECI: r=[ 7049.52404093 -1748.08503861  2646.19068407], v=[ 2.91688869  2.46482962 -6.08571408]
Epoch 199, t=2460388.389368256:
  TLE_ECI: r=[-5136.49208496 -1989.52604015  5402.70029671], v=[ 5.33739906 -2.31434122  4.219166  ]
  RK45_ECI: r=[ 7069.18369819 -1728.67598292  2606.56666274], v=[ 2.87610378  2.4759648  -6.10044922]
Epoch 200, t=2460388.3894435195:
  TLE_ECI: r=[-4973.41204504 -2060.53638107  5527.14551283], v=[ 5.46987611 -2.25914634  4.07679872]
  RK45_ECI: r=[ 7088.56846306 -1709.1857112   2566.84775622], v=[ 2.83520621  2.48697096 -6.11496095]
Epoch 201, t=2460388.389518783:
  TLE_ECI: r=[-4806.38913057 -2129.78443101  5647.27179126], v=[ 5.59802332 -2.20207222  3.93126072]
  RK45_ECI: r=[ 7107.67774294 -1689.61504261  2527.03504582], v=[ 2.79419722  2.49784771 -6.1292489 ]
Epoch 202, t=2460388.389594046:
  TLE_ECI: r=[-4635.55561043 -2197.21268535  5762.98571942], v=[ 5.72174008 -2.14316777  3.78266619]
  RK45_ECI: r=[ 7126.51052126 -1669.965201    2487.13055004], v=[ 2.75307902  2.50859441 -6.14331236]
Epoch 203, t=2460388.3896693094:
  TLE_ECI: r=[-4461.046726   -2262.76523441  5874.19734468], v=[ 5.84092936 -2.08248339  3.63113159]
  RK45_ECI: r=[ 7145.06640164 -1650.23681663  2447.13498039], v=[ 2.71185245  2.51921077 -6.15715112]
Epoch 204, t=2460388.389744573:
  TLE_ECI: r=[-4283.00062113 -2326.38772496  5980.82024192], v=[ 5.95549772 -2.02007091  3.47677559]
  RK45_ECI: r=[ 7163.34439331 -1630.43112141  2407.05036304], v=[ 2.67051974  2.52969616 -6.17076448]
Epoch 205, t=2460388.3898198362:
  TLE_ECI: r=[-4101.55820639 -2388.02746037  6082.77157806], v=[ 6.06535543 -1.95598359  3.31971898]
  RK45_ECI: r=[ 7181.34385764 -1610.54902334  2366.87797741], v=[ 2.62908231  2.54005018 -6.18415205]
Epoch 206, t=2460388.3898950997:
  TLE_ECI: r=[-3916.86305323 -2447.6334286   6179.97217381], v=[ 6.17041649 -1.89027599  3.16008454]
  RK45_ECI: r=[ 7199.06416203 -1590.59143275  2326.61910428], v=[ 2.58754164  2.55027238 -6.19731341]
Epoch 207, t=2460388.3899703627:
  TLE_ECI: r=[-3729.06128693 -2505.15633248  6272.34656255], v=[ 6.2705987  -1.82300402  2.99799697]
  RK45_ECI: r=[ 7216.50436471 -1570.55959532  2286.27578399], v=[ 2.54589994  2.56036218 -6.21024792]
Epoch 208, t=2460388.390045626:
  TLE_ECI: r=[-3538.30144201 -2560.54867291  6359.82304619], v=[ 6.36582375 -1.75422477  2.83358279]
  RK45_ECI: r=[ 7233.66409894 -1550.45415199  2245.8487351 ], v=[ 2.50415808  2.57031931 -6.22295537]
Epoch 209, t=2460388.3901208895:
  TLE_ECI: r=[-3344.73438767 -2613.76472003  6442.3337483 ], v=[ 6.45601722 -1.68399658  2.66697024]
  RK45_ECI: r=[ 7250.54244909 -1530.27635584  2205.34000501], v=[ 2.46231828  2.58014319 -6.23543515]
Epoch 210, t=2460388.390196153:
  TLE_ECI: r=[-3148.51318028 -2664.76059463  6519.81466406], v=[ 6.54110867 -1.61237893  2.49828917]
  RK45_ECI: r=[ 7267.13882604 -1510.02712996  2164.75088579], v=[ 2.42038204  2.58983342 -6.24768688]
Epoch 211, t=2460388.390271416:
  TLE_ECI: r=[-2949.79295777 -2713.49428293  6592.2057074 ], v=[ 6.62103167 -1.53943244  2.32767095]
  RK45_ECI: r=[ 7283.45256995 -1489.70749995  2124.08286192], v=[ 2.37835099  2.59938957 -6.25971013]
Epoch 212, t=2460388.3903466794:
  TLE_ECI: r=[-2748.73078599 -2759.92570527  6659.450755  ], v=[ 6.69572384 -1.4652187   2.15524838]
  RK45_ECI: r=[ 7299.48304538 -1469.31843054  2083.33742049], v=[ 2.3362268   2.60881121 -6.27150449]
Epoch 213, t=2460388.390421943:
  TLE_ECI: r=[-2545.48558281 -2804.01669382  6721.49768746], v=[ 6.7651269  -1.38980036  1.98115556]
  RK45_ECI: r=[ 7315.22968501 -1448.86087355  2042.51585964], v=[ 2.29401095  2.61809798 -6.2830696 ]
Epoch 214, t=2460388.3904972062:
  TLE_ECI: r=[-2340.21796228 -2845.73105925  6778.29842731], v=[ 6.82918672 -1.31324101  1.80552784]
  RK45_ECI: r=[ 7330.69172593 -1428.33600192  2001.62005494], v=[ 2.25170549  2.62724935 -6.29440496]
Epoch 215, t=2460388.3905724697:
  TLE_ECI: r=[-2133.09011686 -2885.0346099   6829.80897406], v=[ 6.88785332 -1.23560514  1.62850166]
  RK45_ECI: r=[ 7345.86869666 -1407.74467197  1960.65111762], v=[ 2.20931171  2.63626503 -6.30551028]
Epoch 216, t=2460388.3906477327:
  TLE_ECI: r=[-1924.2656994  -2921.89517299  6875.9894362 ], v=[ 6.94108093 -1.15695809  1.45021448]
  RK45_ECI: r=[ 7360.75979198 -1387.08816592  1919.6111225 ], v=[ 2.16683187  2.64514447 -6.31638503]
Epoch 217, t=2460388.390722996:
  TLE_ECI: r=[-1713.90966147 -2956.28264321  6916.80406006], v=[ 6.98882804 -1.07736596  1.27080468]
  RK45_ECI: r=[ 7375.36463493 -1366.36722148  1878.50099227], v=[ 2.12426706  2.65388742 -6.32702897]
Epoch 218, t=2460388.3907982595:
  TLE_ECI: r=[-1502.188176   -2988.16897032  6952.22125584], v=[ 7.03105736 -0.99689561  1.09041145]
  RK45_ECI: r=[ 7389.68264142 -1345.58288434  1837.32222838], v=[ 2.08161897  2.66249348 -6.33744176]
Epoch 219, t=2460388.390873523:
  TLE_ECI: r=[-1289.26847421 -3017.52820561  6982.21362036], v=[ 7.0677359 -0.9156146  0.9091747]
  RK45_ECI: r=[ 7403.71311854 -1324.73634449  1796.07672205], v=[ 2.03888967  2.67096219 -6.34762293]
Epoch 220, t=2460388.3909487864:
  TLE_ECI: r=[-1075.31872423 -3044.33651594  7006.75795679], v=[ 7.09883499 -0.8335911   0.72723492]
  RK45_ECI: r=[ 7417.45563885 -1303.82846966  1754.76559322], v=[ 1.99608046  2.67929326 -6.35757223]
Epoch 221, t=2460388.3910240494:
  TLE_ECI: r=[ -860.50790954 -3068.57219964  7025.83529144], v=[ 7.12433027 -0.7508939   0.54473313]
  RK45_ECI: r=[ 7430.90947428 -1282.86055992  1713.39093321], v=[ 1.95319364  2.68748622 -6.36728918]
Epoch 222, t=2460388.391099313:
  TLE_ECI: r=[ -645.00566227 -3090.21571432  7039.43088722], v=[ 7.14420172 -0.66759222  0.36181075]
  RK45_ECI: r=[ 7444.07428495 -1261.83336233  1671.95367141], v=[ 1.91023028  2.6955408  -6.3767736 ]
Epoch 223, t=2460388.3911745762:
  TLE_ECI: r=[ -428.98218539 -3109.24967474  7047.53425435], v=[ 7.15843367 -0.58375584  0.17860949]
  RK45_ECI: r=[ 7456.94954451 -1240.74793622  1630.45532051], v=[ 1.86719211  2.70345666 -6.38602514]
Epoch 224, t=2460388.3912498397:
  TLE_ECI: r=[ -212.60808519 -3125.65887842  7050.13915774], v=[ 7.16701482e+00 -4.99454917e-01 -4.72873237e-03]
  RK45_ECI: r=[ 7469.53463062 -1219.60548704  1588.89778566], v=[ 1.8240812   2.71123338 -6.39504342]
Epoch 225, t=2460388.3913251027:
  TLE_ECI: r=[ 3.94574253e+00 -3.13943031e+03  7.04724362e+03], v=[ 7.16993824 -0.41475999 -0.18806191]
  RK45_ECI: r=[ 7481.82904819 -1198.40708084  1547.28258533], v=[ 1.78089929  2.71887062 -6.40382813]
Epoch 226, t=2460388.391400366:
  TLE_ECI: r=[  220.50828157 -3150.55317293  7038.84992957], v=[ 7.16720137 -0.32974185 -0.37124805]
  RK45_ECI: r=[ 7493.83248343 -1177.15347055  1505.61065282], v=[ 1.73764744  2.72636815 -6.41237911]
Epoch 227, t=2460388.3914756295:
  TLE_ECI: r=[  436.90847249 -3159.01885384  7024.9646253 ], v=[ 7.15880603 -0.24447158 -0.55414525]
  RK45_ECI: r=[ 7505.54429739 -1155.84597512  1463.88409591], v=[ 1.694328    2.73372553 -6.42069592]
Epoch 228, t=2460388.391550893:
  TLE_ECI: r=[  652.97538172 -3164.82097298  7005.59850527], v=[ 7.14475841 -0.15902044 -0.73661184]
  RK45_ECI: r=[ 7516.96413407 -1134.48547831  1422.10404636], v=[ 1.65094225  2.74094253 -6.42877839]
Epoch 229, t=2460388.3916261564:
  TLE_ECI: r=[  868.53832471 -3167.9553675   6980.766612  ], v=[ 7.12506909 -0.07345983 -0.91850647]
  RK45_ECI: r=[ 7528.0914423  -1113.07319992  1380.27242138], v=[ 1.60749232  2.74801876 -6.43662615]
Epoch 230, t=2460388.3917014194:
  TLE_ECI: r=[ 1083.42698875 -3168.4201018   6950.48822283], v=[ 7.09975301  0.01213875 -1.09968817]
  RK45_ECI: r=[ 7538.92578542 -1091.61021758  1338.39074862], v=[ 1.56397992  2.75495391 -6.44423896]
Epoch 231, t=2460388.391776683:
  TLE_ECI: r=[ 1297.47160214 -3166.21545708  6914.78683575], v=[ 7.06882946  0.09770384 -1.28001655]
  RK45_ECI: r=[ 7549.46688729 -1070.09729207  1296.45996655], v=[ 1.52040618  2.76174778 -6.45161666]
Epoch 232, t=2460388.3918519462:
  TLE_ECI: r=[ 1510.50301017 -3161.34394772  6873.69015239], v=[ 7.03232208  0.18316395 -1.45935179]
  RK45_ECI: r=[ 7559.7141874  -1048.53575672  1254.48219535], v=[ 1.47677339  2.76839999 -6.4587589 ]
Epoch 233, t=2460388.3919272097:
  TLE_ECI: r=[ 1722.35284332 -3153.81030866  6827.23005772], v=[ 6.99025885  0.2684477  -1.63755482]
  RK45_ECI: r=[ 7569.66737477 -1026.92650422  1212.45857273], v=[ 1.43308291  2.7749103  -6.46566552]
Epoch 234, t=2460388.392002473:
  TLE_ECI: r=[ 1932.85363896 -3143.62149387  6775.4425968 ], v=[ 6.94267206  0.35348385 -1.81448739]
  RK45_ECI: r=[ 7579.32596993 -1005.27076706  1170.39102636], v=[ 1.38933683  2.78127839 -6.47233622]
Epoch 235, t=2460388.392077736:
  TLE_ECI: r=[ 2141.83896241 -3130.78667703  6718.36794846], v=[ 6.8895983   0.43820134 -1.99001219]
  RK45_ECI: r=[7588.689595   -983.5696333  1128.28109148], v=[ 1.34553691  2.78750397 -6.47877079]
Epoch 236, t=2460388.3921529995:
  TLE_ECI: r=[ 2349.14357326 -3115.31721971  6656.05039585], v=[ 6.83107844  0.52252944 -2.16399292]
  RK45_ECI: r=[7597.75801183 -961.82387032 1086.12971102], v=[ 1.30168424  2.79358688 -6.4849691 ]
Epoch 237, t=2460388.392228263:
  TLE_ECI: r=[ 2554.60349882 -3097.22669804  6588.53829416], v=[ 6.76715757  0.60639766 -2.33629443]
  RK45_ECI: r=[7606.5307387 -940.034825  1043.9390155], v=[ 1.25778118  2.79952676 -6.49093087]
Epoch 238, t=2460388.3923035264:
  TLE_ECI: r=[ 2758.05619951 -3076.53086835  6515.88403513], v=[ 6.69788504  0.68973591 -2.50678278]
  RK45_ECI: r=[7615.00751008 -918.20339725 1001.71014762], v=[ 1.21382905  2.80532343 -6.49665596]
Epoch 239, t=2460388.39237879:
  TLE_ECI: r=[ 2959.34068638 -3053.24766046  6438.14400855], v=[ 6.62331436  0.77247451 -2.67532538]
  RK45_ECI: r=[7623.18791854 -896.33083085  959.44504363], v=[ 1.16982997  2.81097657 -6.50214414]
Epoch 240, t=2460388.392454053:
  TLE_ECI: r=[ 3158.29763847 -3027.39717247  6355.37856089], v=[ 6.54350321  0.85454426 -2.84179107]
  RK45_ECI: r=[7631.07164538 -874.41822327  917.14524508], v=[ 1.12578571  2.81648597 -6.50739522]
Epoch 241, t=2460388.3925293162:
  TLE_ECI: r=[ 3354.76956372 -2999.00161814  6267.65195073], v=[ 6.45851336  0.93587655 -3.00605022]
  RK45_ECI: r=[7638.65849049 -852.46634782  874.81169837], v=[ 1.08169737  2.82185146 -6.51240913]
Epoch 242, t=2460388.3926045797:
  TLE_ECI: r=[ 3548.60086912 -2968.08536286  6175.03230146], v=[ 6.36841069  1.01640331 -3.16797482]
  RK45_ECI: r=[7645.94805163 -830.47656249  832.44654248], v=[ 1.03756731  2.82707274 -6.51718561]
Epoch 243, t=2460388.392679843:
  TLE_ECI: r=[ 3739.63801928 -2934.67486879  6077.59155084], v=[ 6.27326509  1.09605712 -3.32743859]
  RK45_ECI: r=[7652.94010869 -808.44977414  790.05092401], v=[ 0.99339686  2.83214964 -6.52172459]
Epoch 244, t=2460388.392755106:
  TLE_ECI: r=[ 3927.72964019 -2898.79869371  5975.4053977 ], v=[ 6.17315045  1.17477127 -3.4843171 ]
  RK45_ECI: r=[7659.63429551 -786.38734534  747.62698521], v=[ 0.94918837  2.83708189 -6.52602583]
Epoch 245, t=2460388.3928303695:
  TLE_ECI: r=[ 4112.72667327 -2860.48742263  5868.5532456 ], v=[ 6.06814459  1.25247986 -3.63848781]
  RK45_ECI: r=[7666.03044661 -764.29005413  705.17567502], v=[ 0.90494296  2.84186936 -6.5300893 ]
Epoch 246, t=2460388.392905633:
  TLE_ECI: r=[ 4294.4824423  -2819.77371031  5757.11814386], v=[ 5.95832923  1.32911773 -3.78983022]
  RK45_ECI: r=[7672.12830634 -742.15900622  662.69853991], v=[ 0.8606624   2.84651183 -6.53391484]
Epoch 247, t=2460388.3929808964:
  TLE_ECI: r=[ 4472.85280445 -2776.69221053  5641.18672542], v=[ 5.84378989  1.40462063 -3.93822594]
  RK45_ECI: r=[7677.92758341 -719.99546024  620.19752625], v=[ 0.8163488   2.8510091  -6.53750232]
Epoch 248, t=2460388.39305616:
  TLE_ECI: r=[ 4647.69625666 -2731.27955898  5520.84914206], v=[ 5.72461589  1.47892522 -4.08355879]
  RK45_ECI: r=[7683.42810346 -697.80032871  577.67378345], v=[ 0.77200354  2.855361   -6.54085166]
Epoch 249, t=2460388.393131423:
  TLE_ECI: r=[ 4818.87404081 -2683.5743576   5396.19899673], v=[ 5.60090024  1.55196913 -4.22571488]
  RK45_ECI: r=[7688.62958017 -675.57498326  535.12945936], v=[ 0.72762896  2.85956731 -6.54396273]
Epoch 250, t=2460388.3932066862:
  TLE_ECI: r=[ 4986.25028673 -2633.61708713  5267.33327304], v=[ 5.47273961  1.62369105 -4.36458273]
  RK45_ECI: r=[7693.53188644 -653.32020611  492.56550474], v=[ 0.68322619  2.86362791 -6.54683547]
Epoch 251, t=2460388.3932819497:
  TLE_ECI: r=[ 5149.69207349 -2581.45015743  5134.35226222], v=[ 5.34023422  1.69403073 -4.50005333]
  RK45_ECI: r=[7698.13482625 -631.03710958  449.98346948], v=[ 0.63879698  2.86754266 -6.5494698 ]
Epoch 252, t=2460388.393357213:
  TLE_ECI: r=[ 5309.06956856 -2527.11781771  4997.35948712], v=[ 5.20348782  1.76292904 -4.63202026]
  RK45_ECI: r=[7702.4381812  -608.72695972  407.38530387], v=[ 0.5943435   2.87131134 -6.55186564]
Epoch 253, t=2460388.3934324766:
  TLE_ECI: r=[ 5464.25612469 -2470.66613378  4856.46162373], v=[ 5.06260757  1.83032806 -4.76037975]
  RK45_ECI: r=[7706.44182282 -586.39067342  364.77215919], v=[ 0.54986707  2.87493386 -6.55402293]
Epoch 254, t=2460388.3935077395:
  TLE_ECI: r=[ 5615.12837516 -2412.14296706  4711.76841998], v=[ 4.91770399  1.89617108 -4.88503077]
  RK45_ECI: r=[7710.14554482 -564.02962993  322.14618688], v=[ 0.50537007  2.87841002 -6.55594161]
Epoch 255, t=2460388.393583003:
  TLE_ECI: r=[ 5761.56636268 -2351.59786937  4563.39261201], v=[ 4.76889087  1.96040271 -5.00587515]
  RK45_ECI: r=[7713.54925861 -541.64461485  279.50833867], v=[ 0.46085362  2.88173975 -6.55762164]
Epoch 256, t=2460388.3936582664:
  TLE_ECI: r=[ 5903.45359385 -2289.08213969  4411.44983798], v=[ 4.61628519  2.02296887 -5.12281762]
  RK45_ECI: r=[7716.65282791 -519.23674559  236.8601664 ], v=[ 0.41631949  2.8849229  -6.559063  ]
Epoch 257, t=2460388.39373353:
  TLE_ECI: r=[ 6040.67716318 -2224.64871717  4256.05854931], v=[ 4.460007    2.08381686 -5.23576589]
  RK45_ECI: r=[7719.45610745 -496.80729403  194.2036226 ], v=[ 0.37176983  2.88795934 -6.56026564]
Epoch 258, t=2460388.3938087933:
  TLE_ECI: r=[ 6173.127838   -2158.35215348  4097.33991955], v=[ 4.30017939  2.14289542 -5.34463078]
  RK45_ECI: r=[7721.95901461 -474.35718096  151.53985925], v=[ 0.32720598  2.89084896 -6.56122956]
Epoch 259, t=2460388.3938840562:
  TLE_ECI: r=[ 6300.70014223 -2090.24858531  3935.41775101], v=[ 4.13692836  2.20015473 -5.44932624]
  RK45_ECI: r=[7724.16142342 -451.88779089  108.87102951], v=[ 0.28263032  2.89359165 -6.56195473]
Epoch 260, t=2460388.3939593197:
  TLE_ECI: r=[ 6423.29246745 -2020.39561512  3770.4183789 ], v=[ 3.9703827   2.25554656 -5.54976947]
  RK45_ECI: r=[7726.063291   -429.39982389   66.19788489], v=[ 0.23804376  2.89618734 -6.56244117]
Epoch 261, t=2460388.394034583:
  TLE_ECI: r=[ 6540.80711946 -1948.85237199  3602.47057346], v=[ 3.80067394  2.30902418 -5.64588093]
  RK45_ECI: r=[7727.66451919 -406.8946664    23.52257863], v=[ 0.19344868  2.89863591 -6.56268888]
Epoch 262, t=2460388.3941098466:
  TLE_ECI: r=[ 6653.15042405 -1875.67938959  3431.70543991], v=[ 3.62793623  2.3605425  -5.7375845 ]
  RK45_ECI: r=[7728.96505764 -384.37332945  -19.15353717], v=[ 0.14884663  2.90093728 -6.56269787]
Epoch 263, t=2460388.3941851095:
  TLE_ECI: r=[ 6760.23279287 -1800.93859366  3258.25631619], v=[ 3.45230622  2.41005804 -5.82480747]
  RK45_ECI: r=[7729.96485824 -361.83693586  -61.82891025], v=[ 0.10423937  2.90309138 -6.56246816]
Epoch 264, t=2460388.394260373:
  TLE_ECI: r=[ 6861.96881916 -1724.69317066  3082.2586689 ], v=[ 3.27392295  2.45752905 -5.90748063]
  RK45_ECI: r=[7730.66388803 -339.28654063 -104.50198855], v=[ 0.05962862  2.90509814 -6.56199981]
Epoch 265, t=2460388.3943356364:
  TLE_ECI: r=[ 6958.27731631 -1647.00763303  2903.84998725], v=[ 3.09292777  2.5029155  -5.98553836]
  RK45_ECI: r=[7731.0621231  -316.72317888 -147.17142053], v=[ 0.01501596  2.9069575  -6.56129283]
Epoch 266, t=2460388.3944109:
  TLE_ECI: r=[ 7049.08140737 -1567.94768611  2723.16967516], v=[ 2.9094642   2.54617909 -6.05891864]
  RK45_ECI: r=[7731.15954987 -294.14812933 -189.83525415], v=[-0.02959646  2.90866939 -6.5603473 ]
Epoch 267, t=2460388.3944861633:
  TLE_ECI: r=[ 7134.30858367 -1487.58019215  2540.3589417 ], v=[ 2.72367782  2.58728335 -6.12756315]
  RK45_ECI: r=[7730.95617077 -271.56240489 -232.49213857], v=[-0.0742071   2.91023377 -6.55916326]
Epoch 268, t=2460388.3945614262:
  TLE_ECI: r=[ 7213.89076126 -1405.97313536  2355.56068985], v=[ 2.53571617  2.62619361 -6.19141728]
  RK45_ECI: r=[7730.45199755 -248.9671304  -275.14052304], v=[-0.11881419  2.9116506  -6.55774079]
Epoch 269, t=2460388.3946366897:
  TLE_ECI: r=[ 7287.76435471 -1323.19547954  2168.91940368], v=[ 2.34572857  2.66287712 -6.25043023]
  RK45_ECI: r=[7729.64705618 -226.3633628  -317.77885734], v=[-0.163416    2.91291983 -6.55607996]
Epoch 270, t=2460388.394711953:
  TLE_ECI: r=[ 7355.87030501 -1239.31723571  1980.58103414], v=[ 2.1538661   2.69730298 -6.30455502]
  RK45_ECI: r=[7728.54137583 -203.75213815 -360.40579174], v=[-0.20801098  2.91404146 -6.55418084]
Epoch 271, t=2460388.3947872166:
  TLE_ECI: r=[ 7418.15414634 -1154.40931905  1790.69288348], v=[ 1.96028136  2.72944221 -6.35374853]
  RK45_ECI: r=[7727.13501605 -181.1347369  -403.01937704], v=[-0.25259696  2.91501543 -6.55204356]
Epoch 272, t=2460388.39486248:
  TLE_ECI: r=[ 7474.56604752 -1068.54350946  1599.40348839], v=[ 1.76512844  2.75926782 -6.39797159]
  RK45_ECI: r=[7725.42802293 -158.51208402 -445.61846468], v=[-0.29717261  2.91584176 -6.54966819]
Epoch 273, t=2460388.394937743:
  TLE_ECI: r=[7525.06085114 -981.79241203 1406.86250203], v=[ 1.56856274  2.78675476 -6.43718895]
  RK45_ECI: r=[7723.42049529 -135.88557169 -488.20090725], v=[-0.34173556  2.91652042 -6.54705488]
Epoch 274, t=2460388.3950130064:
  TLE_ECI: r=[7569.59812336 -894.22930757 1213.22057498], v=[ 1.37074084  2.81188    -6.47136935]
  RK45_ECI: r=[7721.11249069 -113.25599041 -530.76575734], v=[-0.38628469  2.91705143 -6.54420372]
Epoch 275, t=2460388.39508827:
  TLE_ECI: r=[7608.14216999 -805.92822169 1018.62923531], v=[ 1.17182039  2.83462253 -6.50048555]
  RK45_ECI: r=[7718.50410036  -90.62446546 -573.31146849], v=[-0.43081824  2.91743478 -6.54111483]
Epoch 276, t=2460388.3951635333:
  TLE_ECI: r=[7640.66207891 -716.96377384  823.2407678 ], v=[ 0.97195996  2.85496338 -6.52451434]
  RK45_ECI: r=[7715.59545694  -67.99227745 -615.83609597], v=[-0.47533407  2.91767049 -6.53778837]
Epoch 277, t=2460388.3952387967:
  TLE_ECI: r=[7667.13174306 -627.41113539  627.20809244], v=[ 0.77131894  2.87288564 -6.54343657]
  RK45_ECI: r=[7712.38665228  -45.36035069 -658.33849449], v=[-0.51983083  2.91775858 -6.53422446]
Epoch 278, t=2460388.3953140597:
  TLE_ECI: r=[7687.5298809  -537.34598789  430.68464236], v=[ 0.57005735  2.88837447 -6.55723719]
  RK45_ECI: r=[7708.87786535  -22.7300771  -700.81652235], v=[-0.56430616  2.91769907 -6.53042331]
Epoch 279, t=2460388.395389323:
  TLE_ECI: r=[7701.84006099 -446.84436819  233.82424128], v=[ 0.36833573  2.90141713 -6.56590521]
  RK45_ECI: r=[ 7.70506919e+03 -1.02246227e-01 -7.43269235e+02], v=[-0.60875894  2.91749201 -6.52638504]
Epoch 280, t=2460388.3954645866:
  TLE_ECI: r=[7710.05070556 -355.98273839   36.78098053], v=[ 0.16631505  2.91200296 -6.56943377]
  RK45_ECI: r=[7700.96078312   22.5220177  -785.69509182], v=[-0.65318743  2.91713743 -6.52210979]
Epoch 281, t=2460388.39553985:
  TLE_ECI: r=[7712.15510744 -264.83783038 -160.29090404], v=[-0.03584352  2.92012344 -6.56782009]
  RK45_ECI: r=[7696.5528442    45.14143539 -828.09215332], v=[-0.69758948  2.91663538 -6.51759781]
Epoch 282, t=2460388.395615113:
  TLE_ECI: r=[7708.15143327 -173.48662521 -357.23715547], v=[-0.23797864  2.92577214 -6.56106553]
  RK45_ECI: r=[7691.84555831   67.75488353 -870.45888127], v=[-0.74196334  2.91598592 -6.51284927]
Epoch 283, t=2460388.3956903764:
  TLE_ECI: r=[7698.04272733  -82.00619675 -553.90361894], v=[-0.43992904  2.92894477 -6.54917554]
  RK45_ECI: r=[7686.83904776   90.36157384 -912.79433423], v=[-0.78630791  2.91518911 -6.50786431]
Epoch 284, t=2460388.39576564:
  TLE_ECI: r=[7681.83690503    9.52621881 -750.13636503], v=[-0.6415336   2.92963916 -6.53215968]
  RK45_ECI: r=[7681.53358308  112.96011704 -955.09637949], v=[-0.83062081  2.91424501 -6.50264321]
Epoch 285, t=2460388.3958409033:
  TLE_ECI: r=[7659.54674896  101.03337931 -945.78181272], v=[-0.84263147  2.92785525 -6.51003162]
  RK45_ECI: r=[7675.92932912  135.54959181 -997.36387904], v=[-0.87490074  2.91315371 -6.49718612]
Epoch 286, t=2460388.3959161667:
  TLE_ECI: r=[ 7631.18989723   192.43808008 -1140.68685206], v=[-1.04306225  2.92359514 -6.48280909]
  RK45_ECI: r=[ 7670.02656399   158.12872154 -1039.59490251], v=[-0.91914555  2.91191529 -6.49149332]
Epoch 287, t=2460388.3959914297:
  TLE_ECI: r=[ 7596.7888293    283.66319791 -1334.69896642], v=[-1.24266609  2.91686302 -6.4505139 ]
  RK45_ECI: r=[ 7663.82553006   180.69638593 -1081.78791827], v=[-0.9633535   2.91052984 -6.48556506]
Epoch 288, t=2460388.396066693:
  TLE_ECI: r=[ 7556.37084379   374.63184614 -1527.6663541 ], v=[-1.44128387  2.90766523 -6.41317189]
  RK45_ECI: r=[ 7657.32638773   203.25179923 -1123.94198947], v=[-1.00752348  2.90899745 -6.47940147]
Epoch 289, t=2460388.3961419566:
  TLE_ECI: r=[ 7509.96803951   465.26730625 -1719.43804936], v=[-1.6387573   2.89601017 -6.37081294]
  RK45_ECI: r=[ 7650.52948698   225.7935761  -1166.05499329], v=[-1.05165316  2.90731823 -6.4730029 ]
Epoch 290, t=2460388.39621722:
  TLE_ECI: r=[ 7457.61728577   555.49318269 -1909.86404257], v=[-1.83492904  2.8819084  -6.32347091]
  RK45_ECI: r=[ 7643.43503809   248.3207983  -1208.12579763], v=[-1.09574121  2.90549229 -6.46636953]
Epoch 291, t=2460388.3962924834:
  TLE_ECI: r=[ 7399.36019175   645.2334457  -2098.79539954], v=[-2.02964285  2.86537254 -6.27118363]
  RK45_ECI: r=[ 7636.0433914    270.83219371 -1250.15248187], v=[-1.1397855   2.90351975 -6.45950171]
Epoch 292, t=2460388.3963677464:
  TLE_ECI: r=[ 7335.24307346   734.41247451 -2286.08437976], v=[-2.22274374  2.84641727 -6.21399283]
  RK45_ECI: r=[ 7628.35484835   293.32664626 -1292.13352273], v=[-1.18378431  2.90140074 -6.4523997 ]
Epoch 293, t=2460388.39644301:
  TLE_ECI: r=[ 7265.31690633   822.9552079  -2471.58455359], v=[-2.41407807  2.82505936 -6.15194416]
  RK45_ECI: r=[ 7620.36960716   315.80337352 -1334.06798878], v=[-1.22773653  2.89913537 -6.44506368]
Epoch 294, t=2460388.3965182733:
  TLE_ECI: r=[ 7189.63729445   910.78707818 -2655.15091819], v=[-2.6034937   2.80131761 -6.08508708]
  RK45_ECI: r=[ 7612.08809695   338.2609956  -1375.95376904], v=[-1.27163983  2.89672379 -6.43749405]
Epoch 295, t=2460388.3965935367:
  TLE_ECI: r=[ 7108.26441591   997.83416114 -2836.64001215], v=[-2.79084006  2.77521284 -6.01347488]
  RK45_ECI: r=[ 7603.51057308   360.69859862 -1417.78973825], v=[-1.31549291  2.89416615 -6.42969104]
Epoch 296, t=2460388.3966687997:
  TLE_ECI: r=[ 7021.26297745  1084.02319622 -3015.91002867], v=[-2.97596836  2.74676789 -5.93716457]
  RK45_ECI: r=[ 7594.63750039   383.11480567 -1459.57379141], v=[-1.35929344  2.89146261 -6.42165506]
Epoch 297, t=2460388.396744063:
  TLE_ECI: r=[ 6928.70214771  1169.28173112 -3192.82092723], v=[-3.15873165  2.71600755 -5.85621687]
  RK45_ECI: r=[ 7585.4691112    405.50883786 -1501.30500276], v=[-1.40304033  2.88861332 -6.41338632]
Epoch 298, t=2460388.3968193266:
  TLE_ECI: r=[ 6830.65551777  1253.53805845 -3367.23454364], v=[-3.33898495  2.68295858 -5.77069614]
  RK45_ECI: r=[ 7576.00576913   427.87958532 -1542.9818593 ], v=[-1.44673185  2.88561842 -6.40488513]
Epoch 299, t=2460388.39689459:
  TLE_ECI: r=[ 6727.20102769  1336.72135954 -3539.01469844], v=[-3.51658537  2.64764969 -5.68067032]
  RK45_ECI: r=[ 7566.24793934   450.22578604 -1584.60245967], v=[-1.4903659   2.88247813 -6.39615191]
Epoch 300, t=2460388.3969698534:
  TLE_ECI: r=[ 6618.42090467  1418.76174253 -3708.02730338], v=[-3.69139225  2.61011147 -5.58621088]
  RK45_ECI: r=[ 7556.19592198   472.54653122 -1626.16568656], v=[-1.53394119  2.87919258 -6.38718693]
Epoch 301, t=2460388.3970451164:
  TLE_ECI: r=[ 6504.40159905  1499.59028235 -3874.14046615], v=[-3.86326721  2.57037638 -5.48739272]
  RK45_ECI: r=[ 7545.85026031   494.84045187 -1667.66944948], v=[-1.5774554   2.87576202 -6.37799064]
Epoch 302, t=2460388.39712038:
  TLE_ECI: r=[ 6385.23369524  1579.13915503 -4037.22459305], v=[-4.03207433  2.5284787  -5.38429417]
  RK45_ECI: r=[ 7535.21122397   517.10677416 -1709.11282978], v=[-1.62090745  2.87218659 -6.36856329]
Epoch 303, t=2460388.3971956433:
  TLE_ECI: r=[ 6261.01186258  1657.34157853 -4197.15248968], v=[-4.19768022  2.48445457 -5.27699684]
  RK45_ECI: r=[ 7524.27923486   539.34439522 -1750.4943255 ], v=[-1.66429563  2.86846649 -6.35890524]
Epoch 304, t=2460388.3972709067:
  TLE_ECI: r=[ 6131.83476036  1734.13194572 -4353.7994595 ], v=[-4.3599541   2.43834184 -5.16558563]
  RK45_ECI: r=[ 7513.05482922   561.55206087 -1791.81204956], v=[-1.70761786  2.86460195 -6.34901694]
Epoch 305, t=2460388.39734617:
  TLE_ECI: r=[ 5997.80496064  1809.44585984 -4507.04340014], v=[-4.51876795  2.39018015 -5.05014857]
  RK45_ECI: r=[ 7501.53835168   583.72886893 -1833.06489354], v=[-1.75087284  2.86059316 -6.33889869]
Epoch 306, t=2460388.397421433:
  TLE_ECI: r=[ 5859.02886973  1883.22017022 -4656.7648976 ], v=[-4.67399658  2.34001082 -4.93077682]
  RK45_ECI: r=[ 7489.73042329   605.87345985 -1874.25078339], v=[-1.79405829  2.8564404  -6.32855103]
Epoch 307, t=2460388.3974966966:
  TLE_ECI: r=[ 5715.61661909  1955.39309397 -4802.84731786], v=[-4.82551775  2.2878768  -4.80756455]
  RK45_ECI: r=[ 7477.63135073   627.98506551 -1915.36880831], v=[-1.83717312  2.85214382 -6.3179742 ]
Epoch 308, t=2460388.39757196:
  TLE_ECI: r=[ 5567.68200791  2025.90416242 -4945.17689647], v=[-4.97321221  2.23382271 -4.68060888]
  RK45_ECI: r=[ 7465.24161368   650.06259128 -1956.4174788 ], v=[-1.88021566  2.84770368 -6.30716861]
Epoch 309, t=2460388.3976472234:
  TLE_ECI: r=[ 5415.34238893  2094.69434089 -5083.64282535], v=[-5.11696385  2.17789471 -4.55000976]
  RK45_ECI: r=[ 7452.56181892   672.10479269 -1997.39492371], v=[-1.92318382  2.84312023 -6.29613477]
Epoch 310, t=2460388.397722487:
  TLE_ECI: r=[ 5258.71857846  2161.70605957 -5218.1373373 ], v=[-5.25665974  2.12014052 -4.41586994]
  RK45_ECI: r=[ 7439.59235512   694.11077477 -2038.3000445 ], v=[-1.96607634  2.8383937  -6.28487302]
Epoch 311, t=2460388.39779775:
  TLE_ECI: r=[ 5097.93476495  2226.88324562 -5348.55578791], v=[-5.39219024  2.06060938 -4.27829485]
  RK45_ECI: r=[ 7426.33392051   716.07918903 -2079.13078543], v=[-2.00889093  2.8335244  -6.27338392]
Epoch 312, t=2460388.3978730133:
  TLE_ECI: r=[ 4933.11838278  2290.1714293  -5474.79673476], v=[-5.52344907  1.99935191 -4.1373925 ]
  RK45_ECI: r=[ 7412.78685844   738.009274   -2119.88624434], v=[-2.05162655  2.82851252 -6.26166777]
Epoch 313, t=2460388.3979482767:
  TLE_ECI: r=[ 4764.40004795  2351.51769741 -5596.76201421], v=[-5.65033338  1.93642019 -3.99327344]
  RK45_ECI: r=[ 7398.95170583   759.89994477 -2160.56494554], v=[-2.0942815   2.82335834 -6.249725  ]
Epoch 314, t=2460388.39802354:
  TLE_ECI: r=[ 4591.91342791  2410.87079681 -5714.35681527], v=[-5.77274384  1.87186766 -3.84605063]
  RK45_ECI: r=[ 7384.82913937   781.7499676  -2201.16503544], v=[-2.13685376  2.81806216 -6.23755619]
Epoch 315, t=2460388.398098803:
  TLE_ECI: r=[ 4415.79514756  2468.18114842 -5827.48975087], v=[-5.8905847   1.80574906 -3.69583934]
  RK45_ECI: r=[ 7370.4196602    803.55834852 -2241.68523643], v=[-2.17934183  2.81262425 -6.22516174]
Epoch 316, t=2460388.3981740666:
  TLE_ECI: r=[ 4236.18465146  2523.40093913 -5936.07292629], v=[-6.00376385  1.73812038 -3.5427571 ]
  RK45_ECI: r=[ 7355.7238364    825.32407401 -2282.12408279], v=[-2.22174409  2.80704489 -6.21254212]
Epoch 317, t=2460388.39824933:
  TLE_ECI: r=[ 4053.22413538  2576.48408132 -6040.0220049 ], v=[-6.11219291  1.66903886 -3.38692357]
  RK45_ECI: r=[ 7340.74218505   847.04615354 -2322.48030114], v=[-2.26405907  2.80132436 -6.19969775]
Epoch 318, t=2460388.3983245934:
  TLE_ECI: r=[ 3867.05840496  2627.38630287 -6139.25627097], v=[-6.21578725  1.59856289 -3.22846046]
  RK45_ECI: r=[ 7325.47543826   868.72336319 -2362.75205319], v=[-2.30628474  2.795463   -6.18662924]
Epoch 319, t=2460388.398399857:
  TLE_ECI: r=[ 3677.83476742  2676.06516996 -6233.69868966], v=[-6.31446608  1.52675198 -3.06749144]
  RK45_ECI: r=[ 7309.92413452   890.35473884 -2402.93807228], v=[-2.34841965  2.78946108 -6.17333703]
Epoch 320, t=2460388.39847512:
  TLE_ECI: r=[ 3485.70292332  2722.4801101  -6323.27596415], v=[-6.40815249  1.45366673 -2.90414202]
  RK45_ECI: r=[ 7294.08889404   911.93921118 -2443.03690537], v=[-2.39046215  2.78331895 -6.15982161]
Epoch 321, t=2460388.3985503833:
  TLE_ECI: r=[ 3290.81481628  2766.59248653 -6407.91858981], v=[-6.49677354  1.37936871 -2.73853948]
  RK45_ECI: r=[ 7277.97034017   933.47577761 -2483.04710274], v=[-2.43241063  2.77703688 -6.1460835 ]
Epoch 322, t=2460388.3986256467:
  TLE_ECI: r=[ 3093.32456079  2808.36556566 -6487.56090551], v=[-6.58026023  1.30392049 -2.57081276]
  RK45_ECI: r=[ 7261.56903978   954.96345815 -2522.96740514], v=[-2.47426363  2.77061521 -6.13212314]
Epoch 323, t=2460388.39870091:
  TLE_ECI: r=[ 2893.38828942  2847.76458905 -6562.14114197], v=[-6.65854762  1.22738556 -2.40109235]
  RK45_ECI: r=[ 7244.88579344   976.4010429  -2562.79599488], v=[-2.51601914  2.76405431 -6.11794121]
Epoch 324, t=2460388.3987761736:
  TLE_ECI: r=[ 2691.16403817  2884.75679018 -6631.60146707], v=[-6.73157483  1.14982827 -2.22951022]
  RK45_ECI: r=[ 7227.9211108    997.78766263 -2602.53180626], v=[-2.55767594  2.75735446 -6.10353809]
Epoch 325, t=2460388.3988514366:
  TLE_ECI: r=[ 2486.81163123  2919.31141311 -6695.88802832], v=[-6.79928512  1.07131378 -2.05619969]
  RK45_ECI: r=[ 7210.67590191  1019.12200816 -2642.17284447], v=[-2.59923181  2.75051611 -6.08891454]
Epoch 326, t=2460388.3989267:
  TLE_ECI: r=[ 2280.49252189  2951.39976673 -6754.95099214], v=[-6.86162586  0.99190797 -1.88129534]
  RK45_ECI: r=[ 7193.15061068  1040.40334126 -2681.7182358 ], v=[-2.64068573  2.7435395  -6.0740709 ]
Epoch 327, t=2460388.3990019634:
  TLE_ECI: r=[ 2072.36971748  2980.99520172 -6808.74458041], v=[-6.91854865  0.91167748 -1.70493294]
  RK45_ECI: r=[ 7175.34593108  1061.63060987 -2721.16655005], v=[-2.68203608  2.736425   -6.05900772]
Epoch 328, t=2460388.399077227:
  TLE_ECI: r=[ 1862.60761864  3008.07316251 -6857.22710373], v=[-6.97000926  0.83068956 -1.52724929]
  RK45_ECI: r=[ 7157.26273147  1082.80261892 -2760.5159917 ], v=[-2.72328088  2.72917303 -6.04372572]
Epoch 329, t=2460388.3991524903:
  TLE_ECI: r=[ 1651.37189962  3032.61119889 -6900.36099183], v=[-7.01596775  0.74901209 -1.34838216]
  RK45_ECI: r=[ 7138.90156362  1103.91851032 -2799.76550857], v=[-2.76441891  2.72178391 -6.02822532]
Epoch 330, t=2460388.3992277533:
  TLE_ECI: r=[ 1438.82938869  3054.58897932 -6938.11282092], v=[-7.05638842  0.66671348 -1.1684702 ]
  RK45_ECI: r=[ 7120.26341161  1124.97699173 -2838.91313103], v=[-2.80544798  2.71425811 -6.01250732]
Epoch 331, t=2460388.3993030167:
  TLE_ECI: r=[ 1225.14790275  3073.98832464 -6970.45333786], v=[-7.09123987  0.5838626  -0.9876528 ]
  RK45_ECI: r=[ 7101.34875428  1145.97733502 -2877.95799699], v=[-2.84636711  2.70659591 -5.9965721 ]
Epoch 332, t=2460388.39937828:
  TLE_ECI: r=[ 1010.49617106  3090.79319481 -6997.35748156], v=[-7.12049502  0.50052878 -0.80607001]
  RK45_ECI: r=[ 7082.15834048  1166.91850182 -2916.89869491], v=[-2.88717467  2.6987977  -5.98042024]
Epoch 333, t=2460388.3994535436:
  TLE_ECI: r=[  795.04366858  3104.98972052 -7018.80440103], v=[-7.1441311   0.41678173 -0.62386243]
  RK45_ECI: r=[ 7062.69310529  1187.79931377 -2955.73345307], v=[-2.92786872  2.69086395 -5.9640525 ]
Epoch 334, t=2460388.3995288066:
  TLE_ECI: r=[  578.96050315  3116.56620739 -7034.77747065], v=[-7.16212971  0.33269151 -0.44117113]
  RK45_ECI: r=[ 7042.95382686  1208.61874025 -2994.46087075], v=[-2.96844768  2.68279506 -5.9474695 ]
Epoch 335, t=2460388.39960407:
  TLE_ECI: r=[  362.41724732  3125.51315275 -7045.26430205], v=[-7.17447678  0.24832837 -0.25813752]
  RK45_ECI: r=[ 7022.941008    1229.37606068 -3033.08009419], v=[-3.00891053  2.67459133 -5.93067162]
Epoch 336, t=2460388.3996793334:
  TLE_ECI: r=[  145.5848612   3131.82324076 -7050.25675336], v=[-7.18116264  0.16376284 -0.07490327]
  RK45_ECI: r=[ 7002.65571626  1250.07000415 -3071.58918472], v=[-3.04925516  2.66625329 -5.91365972]
Epoch 337, t=2460388.399754597:
  TLE_ECI: r=[  -71.36547601  3135.491357   -7049.75093497], v=[-7.18218194  0.07906561  0.10838983]
  RK45_ECI: r=[ 6982.09856975  1270.6997322  -3109.9871137 ], v=[-3.08948036  2.65778129 -5.89643428]
Epoch 338, t=2460388.3998298603:
  TLE_ECI: r=[ -288.26248922  3136.51459013 -7043.74721254], v=[-7.17753375e+00 -5.69256317e-03  2.91599913e-01]
  RK45_ECI: r=[ 6961.27056936  1291.26408407 -3148.27213479], v=[-3.1295842   2.64917581 -5.8789961 ]
Epoch 339, t=2460388.3999051233:
  TLE_ECI: r=[ -504.93493045  3134.89223561 -7032.25020677], v=[-7.1672215  -0.09044082  0.47458518]
  RK45_ECI: r=[ 6940.17254686  1311.76204492 -3186.44286784], v=[-3.16956514  2.64043732 -5.86134584]
Epoch 340, t=2460388.3999803867:
  TLE_ECI: r=[ -721.21174812  3130.62579121 -7015.26879009], v=[-7.15125299 -0.1751084   0.657204  ]
  RK45_ECI: r=[ 6918.80503912  1332.19290553 -3224.49847201], v=[-3.20942217  2.63156611 -5.84348389]
Epoch 341, t=2460388.40005565:
  TLE_ECI: r=[ -936.92216385  3123.7189625  -6992.8160805 ], v=[-7.12964039 -0.25962451  0.83931499]
  RK45_ECI: r=[ 6897.16918542  1352.55541507 -3262.43703747], v=[-3.2491532   2.62256277 -5.82541118]
Epoch 342, t=2460388.4001309136:
  TLE_ECI: r=[-1151.89584141  3114.17765624 -6964.90943209], v=[-7.10240024 -0.34391852  1.02077714]
  RK45_ECI: r=[ 6875.26564442  1372.84874855 -3300.2575515 ], v=[-3.28875706  2.61342766 -5.80712821]
Epoch 343, t=2460388.400206177:
  TLE_ECI: r=[-1365.96300931  3102.00997647 -6931.57042261], v=[-7.06955343 -0.42791997  1.20144989]
  RK45_ECI: r=[ 6853.09548186  1393.07176432 -3337.95829464], v=[-3.32823185  2.60416131 -5.78863582]
Epoch 344, t=2460388.40028144:
  TLE_ECI: r=[-1578.95458309  3087.22622288 -6892.82483804], v=[-7.03112518 -0.5115586   1.38119328]
  RK45_ECI: r=[ 6830.65958214  1413.2234646  -3375.53790861], v=[-3.36757604  2.5947642  -5.76993472]
Epoch 345, t=2460388.4003567034:
  TLE_ECI: r=[-1790.70233274  3069.83886496 -6848.7026539 ], v=[-6.98714505 -0.5947645   1.55986798]
  RK45_ECI: r=[ 6807.95851573  1433.30315217 -3412.99556611], v=[-3.40678865  2.58523668 -5.75102532]
Epoch 346, t=2460388.400431967:
  TLE_ECI: r=[-2001.0389586   3049.86255797 -6799.23801382], v=[-6.93764689 -0.67746803  1.73733546]
  RK45_ECI: r=[ 6784.99349241  1453.30959769 -3450.32938794], v=[-3.44586763  2.57557933 -5.73190859]
Epoch 347, t=2460388.4005072303:
  TLE_ECI: r=[-2209.79825774  3027.31411493 -6744.46920474], v=[-6.88266886 -0.75959998  1.91345805]
  RK45_ECI: r=[ 6761.76521077  1473.24199061 -3487.53837812], v=[-3.48481181  2.56579257 -5.71258506]
Epoch 348, t=2460388.4005824937:
  TLE_ECI: r=[-2416.81524422  3002.21249733 -6684.43862929], v=[-6.82225336 -0.84109157  2.08809905]
  RK45_ECI: r=[ 6738.27480021  1493.09920977 -3524.62084564], v=[-3.52361935  2.55587696 -5.69305564]
Epoch 349, t=2460388.4006577567:
  TLE_ECI: r=[-2621.92626857  2974.57880809 -6619.19277505], v=[-6.75644704 -0.92187453  2.26112285]
  RK45_ECI: r=[ 6714.52319697  1512.88027534 -3561.57545521], v=[-3.56228872  2.545833   -5.67332104]
Epoch 350, t=2460388.40073302:
  TLE_ECI: r=[-2824.96918079  2944.43624466 -6548.7821807 ], v=[-6.68530075 -1.00188117  2.432395  ]
  RK45_ECI: r=[ 6690.51100443  1532.58450297 -3598.40139387], v=[-3.60081898  2.53566106 -5.65338171]
Epoch 351, t=2460388.4008082836:
  TLE_ECI: r=[-3025.78340425  2911.81012502 -6473.26139936], v=[-6.60886951 -1.08104441  2.60178234]
  RK45_ECI: r=[ 6666.23950169  1552.21068632 -3635.09681465], v=[-3.6392081   2.52536178 -5.63323868]
Epoch 352, t=2460388.400883547:
  TLE_ECI: r=[-3224.21009663  2876.7278388  -6392.68895876], v=[-6.5272125  -1.15929779  2.76915307]
  RK45_ECI: r=[ 6641.70942643  1571.75803027 -3671.66073921], v=[-3.67745495  2.51493558 -5.6128925 ]
Epoch 353, t=2460388.40095881:
  TLE_ECI: r=[-3420.09225733  2839.2188427  -6307.12731842], v=[-6.44039299 -1.23657561  2.93437688]
  RK45_ECI: r=[ 6616.9220888   1591.22533914 -3708.09133581], v=[-3.71555751  2.50438311 -5.5923442 ]
Epoch 354, t=2460388.4010340734:
  TLE_ECI: r=[-3613.27488446  2799.31459758 -6216.64282386], v=[-6.34847829 -1.31281298  3.09732503]
  RK45_ECI: r=[ 6591.87812158  1610.61194029 -3744.3878053 ], v=[-3.75351487  2.49370476 -5.57159426]
Epoch 355, t=2460388.401109337:
  TLE_ECI: r=[-3803.60504649  2757.04860183 -6121.30565796], v=[-6.25153976 -1.38794577  3.25787045]
  RK45_ECI: r=[ 6566.5785147   1629.91687509 -3780.5488378 ], v=[-3.79132553  2.48290106 -5.55064345]
Epoch 356, t=2460388.4011846003:
  TLE_ECI: r=[-3990.93203675  2712.45632633 -6021.18978919], v=[-6.14965271 -1.46191077  3.41588784]
  RK45_ECI: r=[ 6541.02449716  1649.13905751 -3816.57279084], v=[-3.82898771  2.47197264 -5.52949272]
Epoch 357, t=2460388.4012598637:
  TLE_ECI: r=[-4175.10748421  2665.57519561 -5916.37291701], v=[-6.04289637 -1.53464569  3.5712538 ]
  RK45_ECI: r=[ 6515.21684508  1668.27770856 -3852.45870458], v=[-3.86650027  2.46091995 -5.50814267]
Epoch 358, t=2460388.4013351267:
  TLE_ECI: r=[-4355.98546356  2616.4445706  -5806.93641436], v=[-5.93135386 -1.60608923  3.72384684]
  RK45_ECI: r=[ 6489.15693594  1687.33165767 -3888.20478188], v=[-3.90386126  2.44974367 -5.48659438]
Epoch 359, t=2460388.40141039:
  TLE_ECI: r=[-4533.42264214  2565.10566648 -5692.96526718], v=[-5.81511208 -1.67618116  3.87354759]
  RK45_ECI: r=[ 6462.84543426  1706.30024635 -3923.81023928], v=[-3.94106975  2.43844422 -5.46484834]
Epoch 360, t=2460388.4014856536:
  TLE_ECI: r=[-4707.27834762  2511.6015947  -5574.5480112 ], v=[-5.69426168 -1.7448623   4.02023879]
  RK45_ECI: r=[ 6436.28337974  1725.1825363  -3959.27379223], v=[-3.97812432  2.42702215 -5.44290536]
Epoch 361, t=2460388.401560917:
  TLE_ECI: r=[-4877.41471174  2455.97727853 -5451.77666581], v=[-5.56889702 -1.81207462  4.16380546]
  RK45_ECI: r=[ 6409.47206197  1743.97746515 -3994.59383055], v=[-4.01502318  2.41547811 -5.42076644]
Epoch 362, t=2460388.4016361805:
  TLE_ECI: r=[-5043.69677298  2398.27942896 -5324.74666511], v=[-5.43911607 -1.8777613   4.30413494]
  RK45_ECI: r=[ 6382.41229463  1762.68427113 -4029.7694137 ], v=[-4.05176525  2.4038126  -5.39843219]
Epoch 363, t=2460388.4017114434:
  TLE_ECI: r=[-5205.99257806  2338.55652238 -5193.55678629], v=[-5.30502036 -1.94186671  4.44111704]
  RK45_ECI: r=[ 6355.10552124  1781.30180991 -4064.79878075], v=[-4.0883486   2.39202633 -5.37590375]
Epoch 364, t=2460388.401786707:
  TLE_ECI: r=[-5364.17331602  2276.8587004  -5058.3090751 ], v=[-5.16671489 -2.00433658  4.57464405]
  RK45_ECI: r=[ 6327.55243737  1799.82943776 -4099.68116454], v=[-4.12477235  2.38011972 -5.35318163]
Epoch 365, t=2460388.4018619703:
  TLE_ECI: r=[-5518.11338061  2213.23781901 -4919.10876889], v=[-5.02430806 -2.06511794  4.70461092]
  RK45_ECI: r=[ 6299.75413133  1818.26623805 -4134.41530706], v=[-4.16103507  2.36809337 -5.33026666]
Epoch 366, t=2460388.4019372337:
  TLE_ECI: r=[-5667.69049999  2147.74734682 -4776.06421675], v=[-4.87791162 -2.12415918  4.83091526]
  RK45_ECI: r=[ 6271.71195204  1836.61117332 -4168.99963176], v=[-4.19713504  2.35594796 -5.3071599 ]
Epoch 367, t=2460388.402012497:
  TLE_ECI: r=[-5812.78582903  2080.44233616 -4629.28679719], v=[-4.72764056 -2.18141016  4.95345751]
  RK45_ECI: r=[ 6243.42675001  1854.86349941 -4203.43321826], v=[-4.23307119  2.343684   -5.28386199]
Epoch 368, t=2460388.40208776:
  TLE_ECI: r=[-5953.28404041  2011.37939469 -4478.89083321], v=[-4.57361301 -2.23682219  5.07214094]
  RK45_ECI: r=[ 6214.90003319  1873.0221     -4237.71434335], v=[-4.26884164  2.33130225 -5.26037409]
Epoch 369, t=2460388.4021630236:
  TLE_ECI: r=[-6089.07344235  1940.61657038 -4324.99350485], v=[-4.41595019 -2.29034812  5.18687181]
  RK45_ECI: r=[ 6186.13252752  1891.08634678 -4271.84225688], v=[-4.30444552  2.31880314 -5.23669676]
Epoch 370, t=2460388.402238287:
  TLE_ECI: r=[-6220.04603442  1868.2134061  -4167.71475941], v=[-4.25477629 -2.34194235  5.2975594 ]
  RK45_ECI: r=[ 6157.12536889  1909.05534563 -4305.81572842], v=[-4.33988145  2.3061873  -5.21283085]
Epoch 371, t=2460388.4023135505:
  TLE_ECI: r=[-6346.09762023  1794.23082239 -4007.17721909], v=[-4.09021841 -2.39156086  5.4041161 ]
  RK45_ECI: r=[ 6127.87996416  1926.92808514 -4339.63321649], v=[-4.37514775  2.29345545 -5.18877746]
Epoch 372, t=2460388.4023888134:
  TLE_ECI: r=[-6467.12788219  1718.7311027  -3843.50608651], v=[-3.92240641 -2.43916131  5.5064575 ]
  RK45_ECI: r=[ 6098.39733999  1944.70375249 -4373.29366403], v=[-4.4102432   2.28060817 -5.16453736]
Epoch 373, t=2460388.402464077:
  TLE_ECI: r=[-6583.04048477  1641.77776601 -3676.82904776], v=[-3.75147286 -2.48470305  5.60450246]
  RK45_ECI: r=[ 6068.6786465   1962.3815227  -4406.79585987], v=[-4.44516647  2.26764607 -5.14011144]
Epoch 374, t=2460388.4025393403:
  TLE_ECI: r=[-6693.74312321  1563.4356269  -3507.27617347], v=[-3.57755291 -2.52814711  5.69817316]
  RK45_ECI: r=[ 6038.72492337  1979.9605901  -4440.13875481], v=[-4.47991636  2.25456974 -5.11550047]
Epoch 375, t=2460388.4026146038:
  TLE_ECI: r=[-6799.14762107  1483.77066621 -3334.97981763], v=[-3.40078418 -2.56945631  5.78739519]
  RK45_ECI: r=[ 6008.53762278  1997.43996508 -4473.32083637], v=[-4.51449124  2.24137993 -5.0907056 ]
Epoch 376, t=2460388.402689867:
  TLE_ECI: r=[-6899.16999828  1402.84999464 -3160.07451437], v=[-3.2213067  -2.60859526  5.87209762]
  RK45_ECI: r=[ 5978.11779795  2014.81886992 -4506.34106779], v=[-4.54888991  2.22807724 -5.0657276 ]
Epoch 377, t=2460388.40276513:
  TLE_ECI: r=[-6993.73053727  1320.7418168  -2982.69687285], v=[-3.03926272 -2.64553037  5.95221305]
  RK45_ECI: r=[ 5947.46665277  2032.09644503 -4539.19826137], v=[-4.58311105  2.21466231 -5.0405674 ]
Epoch 378, t=2460388.4028403936:
  TLE_ECI: r=[-7082.75386536  1237.51529229 -2802.98547019], v=[-2.85479664 -2.68022997  6.02767769]
  RK45_ECI: r=[ 5916.58538227  2049.27188806 -4571.89123537], v=[-4.61715337  2.20113579 -5.01522591]
Epoch 379, t=2460388.402915657:
  TLE_ECI: r=[-7166.16899394  1153.24059922 -2621.08074269], v=[-2.66805492 -2.71266422  6.0984314 ]
  RK45_ECI: r=[ 5885.47506623  2066.34441585 -4604.4189663 ], v=[-4.65101569  2.1874983  -4.98970394]
Epoch 380, t=2460388.4029909205:
  TLE_ECI: r=[-7243.90939424  1067.98879412 -2437.1248753 ], v=[-2.47918591 -2.74280523  6.16441773]
  RK45_ECI: r=[ 5854.1372122   2083.31306686 -4636.77997917], v=[-4.68469641  2.1737506  -4.96400267]
Epoch 381, t=2460388.403066184:
  TLE_ECI: r=[-7315.91304917   981.83177201 -2251.26168945], v=[-2.28833975 -2.77062705  6.22558404]
  RK45_ECI: r=[ 5822.57276886  2100.17715148 -4668.9734141 ], v=[-4.71819455  2.15989326 -4.93812278]
Epoch 382, t=2460388.403141447:
  TLE_ECI: r=[-7382.122503     894.84222693 -2063.63652946], v=[-2.09566827 -2.7961057   6.28188145]
  RK45_ECI: r=[ 5790.78341669  2116.93563723 -4700.99766153], v=[-4.75150834  2.14592713 -4.91206559]
Epoch 383, t=2460388.4032167103:
  TLE_ECI: r=[-7442.48492062   807.09350384 -1874.39614739], v=[-1.9013248  -2.8192192   6.33326498]
  RK45_ECI: r=[ 5758.76996242  2133.5879434  -4732.85202218], v=[-4.78463698  2.13185271 -4.88583168]
Epoch 384, t=2460388.4032919738:
  TLE_ECI: r=[-7496.9521157    718.65966574 -1683.68858674], v=[-1.70546414 -2.83994759  6.37969352]
  RK45_ECI: r=[ 5726.53366889  2150.13324389 -4764.53534857], v=[-4.81757919  2.11767069 -4.85942201]
Epoch 385, t=2460388.403367237:
  TLE_ECI: r=[-7545.4806028    629.61534447 -1491.66306483], v=[-1.50824232 -2.85827294  6.42112992]
  RK45_ECI: r=[ 5694.07609754  2166.57060645 -4796.0462044 ], v=[-4.8503334   2.10338187 -4.83283779]
Epoch 386, t=2460388.4034425:
  TLE_ECI: r=[-7588.0316298    540.03572079 -1298.46985406], v=[-1.30981658 -2.87417938  6.457541  ]
  RK45_ECI: r=[ 5661.39853471  2182.89921829 -4827.38345954], v=[-4.88289836  2.08898696 -4.80608   ]
Epoch 387, t=2460388.4035177636:
  TLE_ECI: r=[-7624.57121747   449.99637137 -1104.26016227], v=[-1.11034514 -2.8876531   6.48889758]
  RK45_ECI: r=[ 5628.50180609  2199.1185117  -4858.54642768], v=[-4.91527326  2.07448647 -4.77914922]
Epoch 388, t=2460388.403593027:
  TLE_ECI: r=[-7655.07017809   359.57333729  -909.18601209], v=[-0.90998713 -2.8986824   6.51517451]
  RK45_ECI: r=[ 5595.38765902  2215.22749156 -4889.53354893], v=[-4.94745642  2.05988128 -4.75204682]
Epoch 389, t=2460388.4036682905:
  TLE_ECI: r=[-7679.50414747   268.84297038  -713.40011962], v=[-0.70890244 -2.90725765  6.5363507 ]
  RK45_ECI: r=[ 5562.05709494  2231.22550212 -4920.34400063], v=[-4.97944689  2.045172   -4.72477352]
Epoch 390, t=2460388.403743554:
  TLE_ECI: r=[-7697.85360396   177.88189002  -517.0557724 ], v=[-0.50725159 -2.91337135  6.55240915]
  RK45_ECI: r=[ 5528.51172753  2247.11164144 -4950.9763865 ], v=[-5.01124316  2.03035945 -4.69733059]
Epoch 391, t=2460388.403818817:
  TLE_ECI: r=[-7710.10388484    86.76694009  -320.30670678], v=[-0.30519556 -2.91701809  6.56333694]
  RK45_ECI: r=[ 5494.75288545  2262.88512333 -4981.42960848], v=[-5.042844    2.01544436 -4.66971902]
Epoch 392, t=2460388.4038940803:
  TLE_ECI: r=[-7.71624520e+03 -4.42496730e+00 -1.23306985e+02], v=[-0.10289569 -2.91819461  6.56912525]
  RK45_ECI: r=[ 5460.78142112  2278.54539865 -5011.70299998], v=[-5.07424865  2.00042726 -4.64193942]
Epoch 393, t=2460388.4039693438:
  TLE_ECI: r=[-7716.27263939   -95.61678207    73.78912836], v=[ 0.09948646 -2.91689975  6.5697694 ]
  RK45_ECI: r=[ 5426.59913843  2294.09150585 -5041.79504596], v=[-5.10545545  1.98530907 -4.6139932 ]
Epoch 394, t=2460388.404044607:
  TLE_ECI: r=[-7710.1861764   -186.73147315   270.82728951], v=[ 0.30178927 -2.91313449  6.56526881]
  RK45_ECI: r=[ 5392.20707035  2309.5228115  -5071.70494796], v=[-5.13646351  1.97009039 -4.58588111]
Epoch 395, t=2460388.4041198706:
  TLE_ECI: r=[-7697.99067024  -277.69207083   467.65319946], v=[ 0.50385117 -2.90690192  6.55562702]
  RK45_ECI: r=[ 5357.60688142  2324.83844468 -5101.43135089], v=[-5.16727135  1.95477209 -4.55760443]
Epoch 396, t=2460388.4041951336:
  TLE_ECI: r=[-7679.69586164  -368.42171153   664.11272742], v=[ 0.70551079 -2.89820726  6.5408517 ]
  RK45_ECI: r=[ 5322.79994116  2340.03764687 -5130.97318973], v=[-5.19787779  1.93935494 -4.5291642 ]
Epoch 397, t=2460388.404270397:
  TLE_ECI: r=[-7655.31636087  -458.84379317   860.05203419], v=[ 0.90660712 -2.88705786  6.52095461]
  RK45_ECI: r=[ 5287.78712789  2355.11988809 -5160.32981817], v=[-5.22828207  1.92383945 -4.50056104]
Epoch 398, t=2460388.4043456605:
  TLE_ECI: r=[-7624.87164113  -548.88190567  1055.31769541], v=[ 1.10697961 -2.87346316  6.49595164]
  RK45_ECI: r=[ 5252.57030016  2370.08424164 -5189.49976735], v=[-5.25848263  1.90822659 -4.4717964 ]
Epoch 399, t=2460388.404420924:
  TLE_ECI: r=[-7588.3860186   -638.45998654  1249.75682422], v=[ 1.30646831 -2.85743471  6.46586274]
  RK45_ECI: r=[ 5217.15052173  2384.93009646 -5218.48226366], v=[-5.28847857  1.89251698 -4.44287106]
Epoch 400, t=2460388.4044961873:
  TLE_ECI: r=[-7545.88863269  -727.50236397  1443.21719361], v=[ 1.50491404 -2.83898615  6.43071193]
  RK45_ECI: r=[ 5181.529506    2399.65661442 -5247.27599443], v=[-5.31826847  1.87671151 -4.41378633]
Epoch 401, t=2460388.4045714503:
  TLE_ECI: r=[-7497.41342378  -815.93379909  1635.54735798], v=[ 1.70215848 -2.8181332   6.39052727]
  RK45_ECI: r=[ 5145.70866216  2414.26306513 -5275.87992857], v=[-5.34785119  1.86081096 -4.38454327]
Epoch 402, t=2460388.4046467138:
  TLE_ECI: r=[-7442.99909526  -903.67963869  1826.59677408], v=[ 1.89804436 -2.79489362  6.34534086]
  RK45_ECI: r=[ 5109.68889354  2428.74893835 -5304.29344057], v=[-5.37722602  1.84481589 -4.35514253]
Epoch 403, t=2460388.404721977:
  TLE_ECI: r=[-7382.68909438  -990.66574658  2016.21592108], v=[ 2.09241551 -2.76928725  6.29518874]
  RK45_ECI: r=[ 5073.47211156  2443.11334314 -5332.51510909], v=[-5.40639142  1.82872726 -4.32558559]
Epoch 404, t=2460388.4047972406:
  TLE_ECI: r=[-7316.53156679 -1076.81865534  2204.25641961], v=[ 2.28511708 -2.74133593  6.24011096]
  RK45_ECI: r=[ 5037.05940949  2457.35569203 -5360.54418599], v=[-5.43534654  1.81254573 -4.29587324]
Epoch 405, t=2460388.4048725036:
  TLE_ECI: r=[-7244.57932144 -1162.06558549  2390.57114986], v=[ 2.47599558 -2.7110635   6.18015143]
  RK45_ECI: r=[ 5000.45272212  2471.47511053 -5388.379272  ], v=[-5.46408987  1.7962723  -4.26600698]
Epoch 406, t=2460388.404947767:
  TLE_ECI: r=[-7166.88977274 -1246.33459277  2575.01436838], v=[ 2.66489912 -2.6784958   6.11535798]
  RK45_ECI: r=[ 4963.65297481  2485.47110604 -5416.01976135], v=[-5.49262072  1.77990752 -4.23598748]
Epoch 407, t=2460388.4050230305:
  TLE_ECI: r=[-7083.52491194 -1329.55450112  2757.44182371], v=[ 2.85167742 -2.64366061  6.04578225]
  RK45_ECI: r=[ 4926.66161702  2499.34297996 -5443.46465939], v=[-5.52093799  1.7634522  -4.20581581]
Epoch 408, t=2460388.405098294:
  TLE_ECI: r=[-6994.55124206 -1411.6550489   2937.71087051], v=[ 3.03618201 -2.60658764  5.97147965]
  RK45_ECI: r=[ 4889.48043709  2513.08994781 -5470.71272363], v=[-5.54904035  1.74690726 -4.17549336]
Epoch 409, t=2460388.4051735573:
  TLE_ECI: r=[-6900.03972536 -1492.56692685  3115.68058237], v=[ 3.2182663  -2.56730851  5.89250935]
  RK45_ECI: r=[ 4852.11055677  2526.71144618 -5497.76323211], v=[-5.57692696  1.73027338 -4.14502094]
Epoch 410, t=2460388.4052488203:
  TLE_ECI: r=[-6800.06572848 -1572.22181663  3291.21186288], v=[ 3.39778575 -2.52585671  5.80893418]
  RK45_ECI: r=[ 4814.55396101  2540.20663776 -5524.6148348 ], v=[-5.60459639  1.71355157 -4.11440009]
Epoch 411, t=2460388.4053240838:
  TLE_ECI: r=[-6694.7089411  -1650.55252923  3464.16755508], v=[ 3.57459796 -2.48226755  5.72082058]
  RK45_ECI: r=[ 4776.81159836  2553.57505081 -5551.26694778], v=[-5.63204797  1.6967424  -4.08363147]
Epoch 412, t=2460388.405399347:
  TLE_ECI: r=[-6584.05333651 -1727.49294038  3634.41254927], v=[ 3.74856277 -2.43657815  5.62823858]
  RK45_ECI: r=[ 4738.88495495  2566.81601672 -5577.71861209], v=[-5.65928064  1.67984671 -4.0527162 ]
Epoch 413, t=2460388.4054746106:
  TLE_ECI: r=[-6468.18708385 -1802.97812727  3801.81388876], v=[ 3.91954242 -2.38882743  5.53126167]
  RK45_ECI: r=[ 4700.77586367  2579.92878571 -5603.96863055], v=[-5.68629312  1.66286544 -4.0216557 ]
Epoch 414, t=2460388.405549874:
  TLE_ECI: r=[-6347.20247922 -1876.94440269  3966.24087385], v=[ 4.0874016  -2.339056    5.42996681]
  RK45_ECI: r=[ 4662.48547367  2592.91281905 -5630.01630795], v=[-5.71308461  1.64579928 -3.99045079]
Epoch 415, t=2460388.405625137:
  TLE_ECI: r=[-6221.19587483 -1949.32935016  4127.56516372], v=[ 4.25200759 -2.2873062   5.32443429]
  RK45_ECI: r=[ 4624.01581792  2605.7673178  -5655.8603447 ], v=[-5.73965373  1.62864927 -3.95910304]
Epoch 416, t=2460388.4057004005:
  TLE_ECI: r=[-6090.2675766  -2020.07194956  4285.66087622], v=[ 4.41323037 -2.233622    5.2147477 ]
  RK45_ECI: r=[ 4585.3678674   2618.49183132 -5681.50017918], v=[-5.76599984  1.611416   -3.92761315]
Epoch 417, t=2460388.405775664:
  TLE_ECI: r=[-5954.52179498 -2089.11251734  4440.40468555], v=[ 4.5709427  -2.17804899  5.10099387]
  RK45_ECI: r=[ 4546.54314338  2631.08572185 -5706.934889  ], v=[-5.79212192  1.59410031 -3.89598225]
Epoch 418, t=2460388.4058509273:
  TLE_ECI: r=[-5814.06653692 -2156.39283032  4591.67591763], v=[ 4.72502024 -2.12063435  4.98326273]
  RK45_ECI: r=[ 4507.5435215   2643.54827518 -5732.16332328], v=[-5.81801875  1.57670319 -3.86421178]
Epoch 419, t=2460388.405926191:
  TLE_ECI: r=[-5669.01352263 -2221.85615542  4739.35664322], v=[ 4.87534162 -2.06142678  4.86164732]
  RK45_ECI: r=[ 4468.3701771   2655.87897786 -5757.18481416], v=[-5.84368957  1.55922532 -3.8323026 ]
Epoch 420, t=2460388.4060014538:
  TLE_ECI: r=[-5519.47810058 -2285.44728059  4883.3317686 ], v=[ 5.02178853 -2.00047647  4.73624362]
  RK45_ECI: r=[ 4429.02518927  2668.07707017 -5781.99811365], v=[-5.86913304  1.54166778 -3.80025629]
Epoch 421, t=2460388.406076717:
  TLE_ECI: r=[-5365.57912682 -2347.11262534  5023.48912388], v=[ 5.16424586 -1.93783504  4.60715055]
  RK45_ECI: r=[ 4389.50955037  2680.14212315 -5806.60268288], v=[-5.89434857  1.52403116 -3.76807359]
Epoch 422, t=2460388.4061519806:
  TLE_ECI: r=[-5207.43890751 -2406.80018664  5159.71954879], v=[ 5.30260172 -1.8735555   4.47446982]
  RK45_ECI: r=[ 4349.82481539  2692.07353045 -5830.99763681], v=[-5.91933517  1.50631635 -3.73575563]
Epoch 423, t=2460388.406227244:
  TLE_ECI: r=[-5045.18307312 -2464.45964796  5291.91697595], v=[ 5.43674757 -1.80769223  4.33830589]
  RK45_ECI: r=[ 4309.97290073  2703.87061447 -5855.18187186], v=[-5.94409168  1.48852432 -3.70330389]
Epoch 424, t=2460388.406302507:
  TLE_ECI: r=[-4878.94049074 -2520.04238895  5419.97851152], v=[ 5.56657825 -1.74030091  4.19876585]
  RK45_ECI: r=[ 4269.95519699  2715.53283001 -5879.15463613], v=[-5.96861725  1.47065588 -3.6707194 ]
Epoch 425, t=2460388.4063777705:
  TLE_ECI: r=[-4708.84313008 -2573.50158373  5543.80451312], v=[ 5.69199212 -1.67143844  4.05595935]
  RK45_ECI: r=[ 4229.77325699  2727.05962973 -5902.91507023], v=[-5.99291098  1.45271185 -3.63800333]
Epoch 426, t=2460388.406453034:
  TLE_ECI: r=[-4535.02600101 -2624.79215118  5663.29866529], v=[ 5.81289108 -1.60116294  3.90999852]
  RK45_ECI: r=[ 4189.42848016  2738.45047838 -5926.46243257], v=[-6.01697202  1.43469305 -3.6051567 ]
Epoch 427, t=2460388.4065282973:
  TLE_ECI: r=[-4357.62701573 -2673.87085062  5778.36805203], v=[ 5.92918065 -1.52953368  3.76099785]
  RK45_ECI: r=[ 4148.92281433  2749.70472793 -5949.79565812], v=[-6.04079925  1.41660049 -3.57218101]
Epoch 428, t=2460388.406603561:
  TLE_ECI: r=[-4176.78688541 -2720.69630192  5888.92322658], v=[ 6.04077007 -1.45661104  3.60907411]
  RK45_ECI: r=[ 4108.25766419  2760.82186907 -5972.91402169], v=[-6.06439188  1.39843496 -3.53907729]
Epoch 429, t=2460388.4066788238:
  TLE_ECI: r=[-3992.64901537 -2765.2290076   5994.87827853], v=[ 6.14757232 -1.38245645  3.45434626]
  RK45_ECI: r=[ 4067.43463146  2771.80134279 -5995.81669477], v=[-6.087749    1.38019736 -3.50584674]
Epoch 430, t=2460388.406754087:
  TLE_ECI: r=[-3805.35935851 -2807.4314319   6096.15089791], v=[ 6.24950419 -1.30713228  3.29693535]
  RK45_ECI: r=[ 4026.45529965  2782.64263244 -6018.50285664], v=[-6.11086974  1.36188853 -3.47249056]
Epoch 431, t=2460388.4068293506:
  TLE_ECI: r=[-3615.0663471  -2847.26795917  6192.66243659], v=[ 6.34648637 -1.23070191  3.13696444]
  RK45_ECI: r=[ 3985.32109536  2793.34523271 -6040.97179933], v=[-6.13375331  1.34350928 -3.43900978]
Epoch 432, t=2460388.406904614:
  TLE_ECI: r=[-3421.92074284 -2884.70497101  6284.33796673], v=[ 6.43844345 -1.15322959  2.97455846]
  RK45_ECI: r=[ 3944.03400393  2803.90853334 -6063.22250687], v=[-6.15639864  1.32506066 -3.40540594]
Epoch 433, t=2460388.4069798775:
  TLE_ECI: r=[-3226.07552527 -2919.71086102  6371.10633623], v=[ 6.52530402 -1.07478039  2.80984419]
  RK45_ECI: r=[ 3902.59545637  2814.33205469 -6085.25428798], v=[-6.17880497  1.30654347 -3.37168008]
Epoch 434, t=2460388.4070551405:
  TLE_ECI: r=[-3027.68577938 -2952.25605111  6452.90022138], v=[ 6.60700067 -0.9954202   2.64295006]
  RK45_ECI: r=[ 3861.00708427  2824.61527074 -6107.06635338], v=[-6.20097145  1.28795862 -3.33783342]
Epoch 435, t=2460388.407130404:
  TLE_ECI: r=[-2826.90853872 -2982.3130515   6529.6561764 ], v=[ 6.68347009 -0.91521557  2.47400613]
  RK45_ECI: r=[ 3819.27050017  2834.75769625 -6128.6579216 ], v=[-6.22289724  1.26930697 -3.30386718]
Epoch 436, t=2460388.4072056673:
  TLE_ECI: r=[-2623.90271332 -3009.85642723  6601.31468017], v=[ 6.75465307 -0.83423379  2.30314398]
  RK45_ECI: r=[ 3777.3871565   2844.7588564  -6150.02831899], v=[-6.24458161  1.25058936 -3.26978243]
Epoch 437, t=2460388.407280931:
  TLE_ECI: r=[-2418.82893037 -3034.86285604  6667.82017986], v=[ 6.82049453 -0.75254274  2.13049656]
  RK45_ECI: r=[ 3735.35907405  2854.61817945 -6171.17657943], v=[-6.26602354  1.23180684 -3.2355807 ]
Epoch 438, t=2460388.407356194:
  TLE_ECI: r=[-2211.84941699 -3057.3111371   6729.12113155], v=[ 6.88094361 -0.67021087  1.95619816]
  RK45_ECI: r=[ 3693.18751699  2864.33525283 -6192.10214393], v=[-6.2872224   1.21296015 -3.20126292]
Epoch 439, t=2460388.407431457:
  TLE_ECI: r=[-2003.12788198 -3077.18220214  6785.17003793], v=[ 6.93595363 -0.58730714  1.78038426]
  RK45_ECI: r=[ 3650.87472077  2873.90947315 -6212.80396993], v=[-6.30817711  1.19405045 -3.16683079]
Epoch 440, t=2460388.4075067206:
  TLE_ECI: r=[-1792.8293519  -3094.4591548   6835.92348275], v=[ 6.98548217 -0.50390094  1.60319143]
  RK45_ECI: r=[ 3608.4217497   2883.34049822 -6233.28160905], v=[-6.32888717  1.17507839 -3.13228508]
Epoch 441, t=2460388.407581984:
  TLE_ECI: r=[-1581.12009626 -3109.12724656  6881.34216256], v=[ 7.02949111 -0.42006208  1.42475725]
  RK45_ECI: r=[ 3565.83027248  2892.62784721 -6253.53432478], v=[-6.34935178  1.15604488 -3.09762702]
Epoch 442, t=2460388.4076572475:
  TLE_ECI: r=[-1368.16746209 -3121.17391387  6921.3909151 ], v=[ 7.06794658 -0.33586072  1.24522021]
  RK45_ECI: r=[ 3523.10234351  2901.77098738 -6273.5612017 ], v=[-6.36956998  1.136951   -3.06285819]
Epoch 443, t=2460388.4077325105:
  TLE_ECI: r=[-1154.13976167 -3130.58877825  6956.03874483], v=[ 7.10081906 -0.2513673   1.06471959]
  RK45_ECI: r=[ 3480.23964584  2910.76945556 -6293.36152588], v=[-6.38954101  1.11779769 -3.02797984]
Epoch 444, t=2460388.407807774:
  TLE_ECI: r=[ -939.20610519 -3137.3636687   6985.25884519], v=[ 7.12808334 -0.16665246  0.88339536]
  RK45_ECI: r=[ 3437.24325528  2919.6229267  -6312.93486548], v=[-6.40926438  1.09858559 -2.99299274]
Epoch 445, t=2460388.4078830373:
  TLE_ECI: r=[ -723.53632438 -3141.49260567  7009.0286181 ], v=[ 7.14971858 -0.08178704  0.70138809]
  RK45_ECI: r=[ 3394.11544827  2928.33084685 -6332.28024248], v=[-6.42873909  1.07931587 -2.95789863]
Epoch 446, t=2460388.407958301:
  TLE_ECI: r=[ -507.30080416 -3142.9718214   7027.32969011], v=[7.16570830e+00 3.15798555e-03 5.18838838e-01]
  RK45_ECI: r=[ 3350.85752103  2936.89284804 -6351.39714583], v=[-6.44796456  1.05998931 -2.92269844]
Epoch 447, t=2460388.408033564:
  TLE_ECI: r=[ -290.67035964 -3141.79975883  7040.1479256 ], v=[7.17604039 0.08811161 0.33588905]
  RK45_ECI: r=[ 3307.47155941  2945.30843743 -6370.28471165], v=[-6.4669399   1.04060698 -2.88739378]
Epoch 448, t=2460388.408108827:
  TLE_ECI: r=[  -73.81611314 -3137.97707256  7047.4734369 ], v=[7.18070709 0.17300277 0.15268047]
  RK45_ECI: r=[ 3263.95927165  2953.57718643 -6388.94226698], v=[-6.4856644   1.02116984 -2.8519859 ]
Epoch 449, t=2460388.4081840906:
  TLE_ECI: r=[  143.09067509 -3131.50663001  7049.30059124], v=[ 7.17970507  0.25776054 -0.03064501]
  RK45_ECI: r=[ 3220.32174936  2961.69879395 -6407.36940501], v=[-6.50413759  1.00167855 -2.8164756 ]
Epoch 450, t=2460388.408259354:
  TLE_ECI: r=[  359.87868429 -3122.39350574  7045.62801485], v=[ 7.17303536  0.34231403 -0.21394537]
  RK45_ECI: r=[ 3176.56130238  2969.67274973 -6425.56520498], v=[-6.52235854  0.98213429 -2.78086463]
Epoch 451, t=2460388.4083346175:
  TLE_ECI: r=[  576.37670256 -3110.64498041  7036.45859367], v=[ 7.16070337  0.4265925  -0.39707865]
  RK45_ECI: r=[ 3132.67924526  2977.49871424 -6443.52918641], v=[-6.5403267   0.96253784 -2.74515395]
Epoch 452, t=2460388.408409881:
  TLE_ECI: r=[  792.41375003 -3096.27053418  7021.79947124], v=[ 7.14271888  0.51052548 -0.579903  ]
  RK45_ECI: r=[ 3088.67769341  2985.17623489 -6461.26053763], v=[-6.55804126  0.94289031 -2.70934517]
Epoch 453, t=2460388.408485144:
  TLE_ECI: r=[ 1007.81920217 -3079.28184223  7001.66204339], v=[ 7.11909608  0.5940427  -0.76227679]
  RK45_ECI: r=[ 3044.55837855  2992.70491824 -6478.75862733], v=[-6.57550153  0.92319265 -2.67343958]
Epoch 454, t=2460388.4085604073:
  TLE_ECI: r=[ 1222.42295813 -3059.69275457  6976.06194978], v=[ 7.08985348  0.67707431 -0.94405875]
  RK45_ECI: r=[ 3000.32240692  3000.08448757 -6496.02307394], v=[-6.59270711  0.90344553 -2.63743797]
Epoch 455, t=2460388.408635671:
  TLE_ECI: r=[ 1436.05551796 -3037.51930076  6945.01906261], v=[ 7.05501396  0.75955075 -1.125108  ]
  RK45_ECI: r=[ 2955.97211948  3007.31447692 -6513.05301488], v=[-6.60965709  0.88365016 -2.60134213]
Epoch 456, t=2460388.408710934:
  TLE_ECI: r=[ 1648.5481503  -3012.77966765  6908.55747201], v=[ 7.01460473  0.84140295 -1.30528423]
  RK45_ECI: r=[ 2911.508848    3014.3945754  -6529.84800054], v=[-6.62635101  0.86380732 -2.56515302]
Epoch 457, t=2460388.4087861977:
  TLE_ECI: r=[ 1859.73301411 -2985.49418729  6866.7054685 ], v=[ 6.96865733  0.9225623  -1.48444774]
  RK45_ECI: r=[ 2866.93473527  3021.32437133 -6546.40727226], v=[-6.64278807  0.84391813 -2.52887228]
Epoch 458, t=2460388.4088614606:
  TLE_ECI: r=[ 2069.44328032 -2955.685327    6819.49552233], v=[ 6.91720758  1.00296074 -1.6624596 ]
  RK45_ECI: r=[ 2822.25153476  3028.10350686 -6562.73024081], v=[-6.65896767  0.82398356 -2.49250121]
Epoch 459, t=2460388.408936724:
  TLE_ECI: r=[ 2277.51329607 -2923.37764832  6766.96425972], v=[ 6.86029559  1.08253085 -1.8391817 ]
  RK45_ECI: r=[ 2777.46036634  3034.73172989 -6578.81655028], v=[-6.67488941  0.80400428 -2.45604061]
Epoch 460, t=2460388.4090119875:
  TLE_ECI: r=[ 2483.77866132 -2888.59782184  6709.15243624], v=[ 6.7979657   1.1612058  -2.01447687]
  RK45_ECI: r=[ 2732.56359989  3041.20861923 -6594.66539692], v=[-6.69055247  0.78398151 -2.4194923 ]
Epoch 461, t=2460388.409087251:
  TLE_ECI: r=[ 2688.07639183 -2851.374584    6646.10490691], v=[ 6.73026649  1.23891951 -2.18820899]
  RK45_ECI: r=[ 2687.56258289  3047.53389315 -6610.27636245], v=[-6.70595642  0.76391606 -2.38285724]
Epoch 462, t=2460388.409162514:
  TLE_ECI: r=[ 2890.2450292  -2811.7387282   6577.87059343], v=[ 6.65725072  1.31560662 -2.36024308]
  RK45_ECI: r=[ 2642.45969756  3053.70715078 -6625.64867021], v=[-6.72110046  0.74380913 -2.34613726]
Epoch 463, t=2460388.4092377773:
  TLE_ECI: r=[ 3090.12480015 -2769.72304738  6504.50244822], v=[ 6.57897529  1.39120265 -2.53044543]
  RK45_ECI: r=[ 2597.25607527  3059.72816173 -6640.78198835], v=[-6.73598423  0.72366143 -2.30933318]
Epoch 464, t=2460388.409313041:
  TLE_ECI: r=[ 3287.55769161 -2725.36235678  6426.05741569], v=[ 6.49550124  1.46564391 -2.69868363]
  RK45_ECI: r=[ 2551.9534906   3065.59660731 -6655.67577215], v=[-6.75060717  0.70347393 -2.27244629]
Epoch 465, t=2460388.409388304:
  TLE_ECI: r=[ 3482.38760795 -2678.69343442  6342.59639027], v=[ 6.40689367  1.53886768 -2.86482677]
  RK45_ECI: r=[ 2506.55412589  3071.31214216 -6670.32934897], v=[-6.7649686   0.68324775 -2.23547829]
Epoch 466, t=2460388.4094635677:
  TLE_ECI: r=[ 3674.46048514 -2629.75499972  6254.18417156], v=[ 6.31322171  1.61081219 -3.02874543]
  RK45_ECI: r=[ 2461.05934313  3076.87451392 -6684.7423322 ], v=[-6.77906811  0.66298372 -2.19843013]
Epoch 467, t=2460388.4095388306:
  TLE_ECI: r=[ 3863.62440441 -2578.58769391  6160.88941652], v=[ 6.2145585   1.68141665 -3.19031188]
  RK45_ECI: r=[ 2415.47155006  3082.28336722 -6698.91400503], v=[-6.79290498  0.64268305 -2.16130369]
Epoch 468, t=2460388.409614094:
  TLE_ECI: r=[ 4049.72974245 -2525.23400298  6062.78458863], v=[ 6.11098109  1.75062145 -3.34940011]
  RK45_ECI: r=[ 2369.79188951  3087.53849683 -6712.84406179], v=[-6.80647888  0.62234645 -2.12409975]
Epoch 469, t=2460388.4096893575:
  TLE_ECI: r=[ 4232.62924376 -2469.73828984  5959.94590421], v=[ 6.00257041  1.81836799 -3.50588595]
  RK45_ECI: r=[ 2324.0221543   3092.63962046 -6726.53200084], v=[-6.81978931  0.6019749  -2.08681966]
Epoch 470, t=2460388.409764621:
  TLE_ECI: r=[ 4412.1781679  -2412.1467153   5852.45327576], v=[ 5.88941126  1.88459889 -3.65964716]
  RK45_ECI: r=[ 2278.16454876  3097.58643468 -6739.97720414], v=[-6.83283564  0.58156954 -2.0494651 ]
Epoch 471, t=2460388.4098398844:
  TLE_ECI: r=[ 4588.23439675 -2352.50721167  5740.39025243], v=[ 5.77159218  1.94925799 -3.81056356]
  RK45_ECI: r=[ 2232.22044806  3102.37871682 -6753.17931701], v=[-6.84561751  0.5611312  -2.01203706]
Epoch 472, t=2460388.4099151473:
  TLE_ECI: r=[ 4760.65854089 -2290.86945787  5623.8439576 ], v=[ 5.64920542  2.01229037 -3.95851706]
  RK45_ECI: r=[ 2186.19228296  3107.01615754 -6766.13768315], v=[-6.85813426  0.5406611  -1.9745374 ]
Epoch 473, t=2460388.409990411:
  TLE_ECI: r=[ 4929.31407758 -2227.28478474  5502.90502361], v=[ 5.52234689  2.07364249 -4.10339183]
  RK45_ECI: r=[ 2140.08120684  3111.49857683 -6778.85202329], v=[-6.8703856   0.52015996 -1.93696696]
Epoch 474, t=2460388.410065674:
  TLE_ECI: r=[ 5094.06741932 -2161.80621488  5377.66752384], v=[ 5.39111605  2.13326211 -4.24507432]
  RK45_ECI: r=[ 2093.88902895  3115.82572915 -6791.32187935], v=[-6.88237107  0.49962877 -1.89932706]
Epoch 475, t=2460388.4101409377:
  TLE_ECI: r=[ 5254.78804814 -2094.48836592  5248.22890175], v=[ 5.25561591  2.19109841 -4.3834534 ]
  RK45_ECI: r=[ 2047.61797341  3119.99735346 -6803.54668833], v=[-6.89409012  0.47906867 -1.86161941]
Epoch 476, t=2460388.4102162006:
  TLE_ECI: r=[ 5411.34860771 -2025.38743517  5114.68989743], v=[ 5.11595288  2.24710203 -4.51842045]
  RK45_ECI: r=[ 2001.26964704  3124.01323713 -6815.52607224], v=[-6.90554235  0.45848059 -1.82384519]
Epoch 477, t=2460388.410291464:
  TLE_ECI: r=[ 5563.6250298  -1954.56109116  4977.15447126], v=[ 4.97223673  2.30122513 -4.64986941]
  RK45_ECI: r=[ 1954.84584188  3127.87317673 -6827.25960268], v=[-6.91672736  0.43786549 -1.78600575]
Epoch 478, t=2460388.4103667275:
  TLE_ECI: r=[ 5711.49659837 -1882.06851974  4835.72972507], v=[ 4.82458051  2.35342137 -4.77769692]
  RK45_ECI: r=[ 1908.3483801   3131.57695818 -6838.74686017], v=[-6.92764471  0.41722435 -1.74810245]
Epoch 479, t=2460388.410441991:
  TLE_ECI: r=[ 5854.84607151 -1807.97031411  4690.52582064], v=[ 4.67310048  2.40364603 -4.90180236]
  RK45_ECI: r=[ 1861.77886588  3135.12439277 -6849.98748614], v=[-6.93829406  0.3965581  -1.71013645]
Epoch 480, t=2460388.4105172544:
  TLE_ECI: r=[ 5993.55977054 -1732.32844018  4541.65589554], v=[ 4.51791597  2.45185598 -5.02208796]
  RK45_ECI: r=[ 1815.13954094  3138.51526217 -6860.98097321], v=[-6.94867491  0.37586789 -1.67210949]
Epoch 481, t=2460388.4105925173:
  TLE_ECI: r=[ 6127.52766763 -1655.20620357  4389.23597663], v=[ 4.35914937  2.49800975 -5.1384589 ]
  RK45_ECI: r=[ 1768.43202429  3141.7493877  -6871.72698168], v=[-6.95878692  0.35515464 -1.63402274]
Epoch 482, t=2460388.410667781:
  TLE_ECI: r=[ 6256.64349522 -1576.66812607  4233.38489094], v=[ 4.19692596  2.54206764 -5.25082332]
  RK45_ECI: r=[ 1721.65812126  3144.82660108 -6882.22512737], v=[-6.96862973  0.33441931 -1.59587757]
Epoch 483, t=2460388.410743044:
  TLE_ECI: r=[ 6380.8048031  -1496.7799985   4074.22417431], v=[ 4.03137385  2.58399159 -5.35909249]
  RK45_ECI: r=[ 1674.8194543   3147.74673499 -6892.47508251], v=[-6.97820301  0.31366283 -1.55767516]
Epoch 484, t=2460388.4108183077:
  TLE_ECI: r=[ 6499.91306246 -1415.60875601  3911.87797757], v=[ 3.86262391  2.62374539 -5.46318083]
  RK45_ECI: r=[ 1627.91827773  3150.50960541 -6902.47638447], v=[-6.98750631  0.29288636 -1.51941724]
Epoch 485, t=2460388.410893571:
  TLE_ECI: r=[ 6613.87374182 -1333.22243963  3746.47297053], v=[ 3.69080962  2.66129461 -5.56300599]
  RK45_ECI: r=[ 1580.95620989  3153.11506565 -6912.22872444], v=[-6.99653935  0.27209081 -1.481105  ]
Epoch 486, t=2460388.410968834:
  TLE_ECI: r=[ 6722.59638121 -1249.6901593   3578.1382437 ], v=[ 3.51606699  2.69660663 -5.65848894]
  RK45_ECI: r=[ 1533.93509324  3155.56296167 -6921.73175383], v=[-7.00530178  0.2512772  -1.44273981]
Epoch 487, t=2460388.4110440975:
  TLE_ECI: r=[ 6825.99468173 -1165.08195791  3407.00520793], v=[ 3.33853443  2.72965078 -5.74955403]
  RK45_ECI: r=[ 1486.85674475  3157.8531605  -6930.98513294], v=[-7.01379329  0.23044649 -1.40432304]
Epoch 488, t=2460388.411119361:
  TLE_ECI: r=[ 6923.98655419 -1079.46886998  3233.20749204], v=[ 3.1583527   2.76039822 -5.83612905]
  RK45_ECI: r=[ 1439.72279703  3159.98552902 -6939.98857272], v=[-7.0220136   0.20959961 -1.3658559 ]
Epoch 489, t=2460388.4111946244:
  TLE_ECI: r=[7016.49420264 -992.92278377 3056.88083834], v=[ 2.97566473  2.78882209 -5.91814532]
  RK45_ECI: r=[ 1392.535518    3161.95992635 -6948.74166684], v=[-7.02996233  0.18873772 -1.3273401 ]
Epoch 490, t=2460388.411269888:
  TLE_ECI: r=[7103.44418502 -905.51640078 2878.1629964 ], v=[ 2.79061553  2.81489746 -5.9955377 ]
  RK45_ECI: r=[ 1345.29653525  3163.77623948 -6957.24414531], v=[-7.03763923  0.16786175 -1.28877687]
Epoch 491, t=2460388.411345151:
  TLE_ECI: r=[7184.76747187 -817.32319556 2697.19361492], v=[ 2.6033521   2.83860139 -6.06824472]
  RK45_ECI: r=[ 1298.00770169  3165.43435179 -6965.4957043 ], v=[-7.04504402  0.14697272 -1.25016756]
Epoch 492, t=2460388.411420414:
  TLE_ECI: r=[7260.39951382 -728.4172693  2514.1141319 ], v=[ 2.41402326  2.85991296 -6.13620858]
  RK45_ECI: r=[ 1250.67084406  3166.93416587 -6973.49604886], v=[-7.05217644  0.12607158 -1.21151357]
Epoch 493, t=2460388.4114956777:
  TLE_ECI: r=[7330.28028024 -638.87341334 2329.06766322], v=[ 2.22277958  2.87881326 -6.19937521]
  RK45_ECI: r=[ 1203.28760341  3168.27558296 -6981.24492892], v=[-7.05903623  0.10515927 -1.1728161 ]
Epoch 494, t=2460388.411570941:
  TLE_ECI: r=[7394.35431991 -548.76696212 2142.19888966], v=[ 2.02977321  2.89528543 -6.25769435]
  RK45_ECI: r=[ 1155.86025924  3169.45850551 -6988.74199479], v=[-7.06562312  0.08423698 -1.13407689]
Epoch 495, t=2460388.411646204:
  TLE_ECI: r=[7452.57080339 -458.17377201 1953.65394246], v=[ 1.8351578   2.90931468 -6.31111958]
  RK45_ECI: r=[ 1108.39067195  3170.48284898 -6995.98698216], v=[-7.07193684  0.06330571 -1.09529733]
Epoch 496, t=2460388.4117214675:
  TLE_ECI: r=[7504.88357135 -367.17006978 1763.58028753], v=[ 1.63908833  2.92088832 -6.35960833]
  RK45_ECI: r=[ 1060.88002754  3171.34855017 -7002.97973236], v=[-7.07797727  0.04236618 -1.05647827]
Epoch 497, t=2460388.411796731:
  TLE_ECI: r=[7551.25116448 -275.83251803 1572.12660856], v=[ 1.44172102  2.92999571 -6.40312198]
  RK45_ECI: r=[ 1013.33083623  3172.05553155 -7009.7198953 ], v=[-7.08374409  0.02141966 -1.01762163]
Epoch 498, t=2460388.4118719944:
  TLE_ECI: r=[7591.63686446 -184.23806365 1379.44268877], v=[ 1.24321316  2.93662835 -6.44162586]
  RK45_ECI: r=[  965.74452086  3172.60373412 -7016.20729344], v=[-7.08923715e+00  4.67009628e-04 -9.78728436e-01]
Epoch 499, t=2460388.411947258:
  TLE_ECI: r=[7626.00872327  -92.46389334 1185.67929187], v=[ 1.04372301  2.94077984 -6.47508927]
  RK45_ECI: r=[  918.12337021  3172.99310374 -7022.44163407], v=[-7.09445621 -0.02049062 -0.93980046]
Epoch 500, t=2460388.412022521:
  TLE_ECI: r=[ 7.65433959e+03 -5.87390559e-01  9.90988042e+02], v=[ 0.84340968  2.94244591 -6.50348553]
  RK45_ECI: r=[  870.46925165  3173.22359363 -7028.42269806], v=[-7.09940109 -0.0414522  -0.90083907]
Epoch 501, t=2460388.412097784:
  TLE_ECI: r=[7676.60713428   91.3140206   795.5213025 ], v=[ 0.64243292  2.94162443 -6.52679203]
  RK45_ECI: r=[  822.78335525  3173.2951667  -7034.15035416], v=[-7.10407167 -0.06241702 -0.86184514]
Epoch 502, t=2460388.4121730477:
  TLE_ECI: r=[7692.79386365  183.1628065   599.43205514], v=[ 0.44095308  2.93831537 -6.54499019]
  RK45_ECI: r=[  775.06820028  3173.20779273 -7039.62431529], v=[-7.10846773 -0.08338378 -0.82282058]
Epoch 503, t=2460388.412248311:
  TLE_ECI: r=[7702.88713965  274.88148079  402.87377717], v=[ 0.23913092  2.93252086 -6.55806552]
  RK45_ECI: r=[  727.32521382  3172.9614435  -7044.84443735], v=[-7.11258914 -0.10435167 -0.78376645]
Epoch 504, t=2460388.4123235745:
  TLE_ECI: r=[7706.87918786  366.39264741  206.00031914], v=[ 0.03712748  2.92424515 -6.56600763]
  RK45_ECI: r=[  679.5566918   3172.55610834 -7049.81048484], v=[-7.11643573 -0.1253195  -0.7446845 ]
Epoch 505, t=2460388.4123988375:
  TLE_ECI: r=[7704.76710578  457.61904456    8.96578181], v=[-0.16489604  2.91349464 -6.56881022]
  RK45_ECI: r=[  631.76450673  3171.99177829 -7054.52228397], v=[-7.12000738 -0.14628625 -0.70557613]
Epoch 506, t=2460388.412474101:
  TLE_ECI: r=[7696.55286001  548.48370156 -188.07560696], v=[-0.36677844  2.90027783 -6.56647111]
  RK45_ECI: r=[  583.94985173  3171.26844239 -7058.97973103], v=[-7.12330399 -0.1672512  -0.66644218]
Epoch 507, t=2460388.4125493644:
  TLE_ECI: r=[7682.24329178  638.90986874 -384.96961558], v=[-0.56835864  2.88460534 -6.55899223]
  RK45_ECI: r=[  536.11525238  3170.38611789 -7063.18260224], v=[-7.12632542 -0.18821307 -0.62728461]
Epoch 508, t=2460388.412624628:
  TLE_ECI: r=[7661.85010639  728.82117376 -581.56213201], v=[-0.76947581  2.86648992 -6.54637961]
  RK45_ECI: r=[  488.26213894  3169.34480727 -7067.130787  ], v=[-7.12907158 -0.20917103 -0.58810444]
Epoch 509, t=2460388.4126998913:
  TLE_ECI: r=[7635.38986427  818.14166437 -777.69928695], v=[-0.96996953  2.84594639 -6.5286434 ]
  RK45_ECI: r=[  440.39281215  3168.14454342 -7070.82410722], v=[-7.13154238 -0.2301239  -0.54890346]
Epoch 510, t=2460388.412775154:
  TLE_ECI: r=[7602.88396945  906.79585113 -973.2275768 ], v=[-1.1696799   2.82299168 -6.50579782]
  RK45_ECI: r=[  392.50914779  3166.78535523 -7074.26243467], v=[-7.13373771 -0.25107065 -0.50968304]
Epoch 511, t=2460388.4128504177:
  TLE_ECI: r=[ 7564.35864089   994.70886129 -1167.99398622], v=[-1.36844772  2.79764476 -6.47786119]
  RK45_ECI: r=[  344.61234089  3165.26725789 -7077.44569318], v=[-7.13565755 -0.27201057 -0.47044407]
Epoch 512, t=2460388.412925681:
  TLE_ECI: r=[ 7519.84490534  1081.80636877 -1361.84611033], v=[-1.56611455  2.76992667 -6.44485589]
  RK45_ECI: r=[  296.704921    3163.59031609 -7080.37372251], v=[-7.13730181 -0.29294239 -0.43118847]
Epoch 513, t=2460388.4130009445:
  TLE_ECI: r=[ 7469.3785611   1168.01474713 -1554.63227622], v=[-1.76252292  2.73986049 -6.40680832]
  RK45_ECI: r=[  248.78832002  3161.75456307 -7083.04644564], v=[-7.13867046 -0.31386526 -0.39191729]
Epoch 514, t=2460388.4130762075:
  TLE_ECI: r=[ 7413.00015366  1253.26108828 -1746.20166385], v=[-1.9575164   2.70747129 -6.36374892]
  RK45_ECI: r=[  200.86506852  3159.7600848  -7085.46373133], v=[-7.13976343 -0.3347779  -0.35263249]
Epoch 515, t=2460388.413151471:
  TLE_ECI: r=[ 7350.75492682  1337.47335213 -1936.40442604], v=[-2.15093979  2.67278612 -6.31571212]
  RK45_ECI: r=[  152.93636222  3157.60691932 -7087.62552917], v=[-7.14058072 -0.35567961 -0.31333491]
Epoch 516, t=2460388.4132267344:
  TLE_ECI: r=[ 7282.69280578  1420.58029644 -2125.09180768], v=[-2.34263919  2.63583402 -6.26273628]
  RK45_ECI: r=[  105.00407842  3155.29513665 -7089.53175847], v=[-7.1411223  -0.37656935 -0.27402596]
Epoch 517, t=2460388.413301998:
  TLE_ECI: r=[ 7208.86834084  1502.5116255  -2312.11626381], v=[-2.53246219  2.59664594 -6.20486369]
  RK45_ECI: r=[   57.07052102  3152.82483933 -7091.1823333 ], v=[-7.14138818 -0.39744596 -0.23470742]
Epoch 518, t=2460388.4133772613:
  TLE_ECI: r=[ 7129.34066483  1583.19802799 -2497.3315766 ], v=[-2.72025793  2.55525476 -6.14214054]
  RK45_ECI: r=[    9.1371221   3150.1960913  -7092.57721037], v=[-7.14137834 -0.4183086  -0.19538033]
Epoch 519, t=2460388.413452524:
  TLE_ECI: r=[ 7044.17344817  1662.57121459 -2680.59297113], v=[-2.90587727  2.51169521 -6.07461682]
  RK45_ECI: r=[  -38.79358725  3147.40902593 -7093.71632208], v=[-7.14109282 -0.43915599 -0.15604663]
Epoch 520, t=2460388.4135277877:
  TLE_ECI: r=[ 6953.43482591  1740.56405966 -2861.75722973], v=[-3.08917291  2.46600386 -6.00234634]
  RK45_ECI: r=[  -86.72041168  3144.46370733 -7094.59964574], v=[-7.14053162 -0.45998743 -0.11670719]
Epoch 521, t=2460388.413603051:
  TLE_ECI: r=[ 6857.19736918  1817.11053264 -3040.68280502], v=[-3.26999949  2.41821911 -5.92538664]
  RK45_ECI: r=[ -134.64147435  3141.36024332 -7095.22714633], v=[-7.13969479 -0.48080188 -0.0773634 ]
Epoch 522, t=2460388.4136783145:
  TLE_ECI: r=[ 6755.53800549  1892.14583768 -3217.22993131], v=[-3.44821372  2.36838113 -5.84379895]
  RK45_ECI: r=[ -182.55447235  3138.09877984 -7095.59879567], v=[-7.13858238 -0.50159819 -0.03801705]
Epoch 523, t=2460388.413753578:
  TLE_ECI: r=[ 6648.53795904  1965.60644704 -3391.26073442], v=[-3.62367449  2.31653181 -5.75764811]
  RK45_ECI: r=[ -230.45797452  3134.6794115  -7095.71458414], v=[-7.13719444e+00 -5.22375513e-01  1.33082378e-03]
Epoch 524, t=2460388.413828841:
  TLE_ECI: r=[ 6536.28268879  2037.43013597 -3562.63933979], v=[-3.79624299  2.26271475 -5.66700258]
  RK45_ECI: r=[ -278.34945204  3131.10231891 -7095.5745079 ], v=[-7.13553105 -0.54313259  0.04067826]
Epoch 525, t=2460388.4139041044:
  TLE_ECI: r=[ 6418.86179372  2107.55611157 -3731.23197866], v=[-3.96578282  2.20697519 -5.5719343 ]
  RK45_ECI: r=[ -326.22771089  3127.36759222 -7095.17857196], v=[-7.13359228 -0.56386869  0.08002442]
Epoch 526, t=2460388.413979368:
  TLE_ECI: r=[ 6296.36897348  2175.92494795 -3896.9070926 ], v=[-4.13216009  2.14936001 -5.47251864]
  RK45_ECI: r=[ -374.09087658  3123.47537696 -7094.52678703], v=[-7.1313782  -0.58458282  0.11936789]
Epoch 527, t=2460388.4140546313:
  TLE_ECI: r=[ 6168.90192743  2242.47871361 -4059.53543584], v=[-4.29524352  2.08991764 -5.3688344 ]
  RK45_ECI: r=[ -421.93664925  3119.4258623  -7093.61918267], v=[-7.12888893 -0.60527379  0.15870689]
Epoch 528, t=2460388.4141298947:
  TLE_ECI: r=[ 6036.56227959  2307.16100057 -4218.99017564], v=[-4.45490458  2.02869805 -5.26096364]
  RK45_ECI: r=[ -469.76360042  3115.21917346 -7092.45578297], v=[-7.12612457 -0.62594079  0.19804038]
Epoch 529, t=2460388.4142051577:
  TLE_ECI: r=[ 5899.4555017   2369.91695377 -4375.14699054], v=[-4.61101752  1.96575271 -5.1489917 ]
  RK45_ECI: r=[ -517.56920562  3110.85553809 -7091.03664785], v=[-7.12308528 -0.64658255  0.23736641]
Epoch 530, t=2460388.414280421:
  TLE_ECI: r=[ 5757.69079889  2430.69338644 -4527.88416632], v=[-4.76345954  1.90113448 -5.03300705]
  RK45_ECI: r=[ -565.35227352  3106.33507234 -7089.36181   ], v=[-7.11977114 -0.66719836  0.27668412]
Epoch 531, t=2460388.4143556845:
  TLE_ECI: r=[ 5611.38106093  2489.43871941 -4677.08268992], v=[-4.91211084  1.83489765 -4.91310127]
  RK45_ECI: r=[ -613.11093366  3101.65795923 -7087.43132588], v=[-7.11618229 -0.68778721  0.31599211]
Epoch 532, t=2460388.414430948:
  TLE_ECI: r=[ 5460.6427427   2546.10309411 -4822.62634071], v=[-5.05685472  1.76709785 -4.78936893]
  RK45_ECI: r=[ -660.84289168  3096.82443106 -7085.24528272], v=[-7.11231892 -0.70834793  0.3552886 ]
Epoch 533, t=2460388.414506211:
  TLE_ECI: r=[ 5305.59578343  2600.63838027 -4964.40177964], v=[-5.19757765  1.69779201 -4.66190754]
  RK45_ECI: r=[ -708.54649689  3091.83466774 -7082.80375043], v=[-7.10818118 -0.72887961  0.39457238]
Epoch 534, t=2460388.4145814744:
  TLE_ECI: r=[ 5146.36347868  2652.99827862 -5102.29863574], v=[-5.33416941  1.62703825 -4.53081746]
  RK45_ECI: r=[ -756.21990968  3086.688871   -7080.10681636], v=[-7.10376924 -0.74938128  0.43384203]
Epoch 535, t=2460388.414656738:
  TLE_ECI: r=[ 4983.07242518  2703.13826431 -5236.20959028], v=[-5.46652309  1.55489593 -4.39620179]
  RK45_ECI: r=[ -803.86126468  3081.38725559 -7077.15457712], v=[-7.09908327 -0.76985194  0.47309617]
Epoch 536, t=2460388.4147320013:
  TLE_ECI: r=[ 4815.85238853  2751.0156867  -5366.03045824], v=[-5.59453524  1.48142555 -4.25816632]
  RK45_ECI: r=[ -851.46892329  3075.93001765 -7073.94712275], v=[-7.09412346 -0.79029068  0.51233355]
Epoch 537, t=2460388.4148072647:
  TLE_ECI: r=[ 4644.83620568  2796.58978837 -5491.66026724], v=[-5.71810589  1.40668868 -4.11681943]
  RK45_ECI: r=[ -899.04059861  3070.31743232 -7070.48459816], v=[-7.08889005 -0.81069636  0.55155243]
Epoch 538, t=2460388.4148825277:
  TLE_ECI: r=[ 4470.15968606  2839.82172554 -5613.00133385], v=[-5.83713865  1.33074796 -3.97227198]
  RK45_ECI: r=[ -946.57464616  3064.54971365 -7066.76711283], v=[-7.08338324 -0.83106804  0.59075157]
Epoch 539, t=2460388.414957791:
  TLE_ECI: r=[ 4291.96146936  2880.6746525  -5729.95933702], v=[-5.95154079  1.25366695 -3.82463725]
  RK45_ECI: r=[ -994.06923326  3058.62709844 -7062.7947998 ], v=[-7.07760325 -0.85140479  0.62992957]
Epoch 540, t=2460388.4150330545:
  TLE_ECI: r=[ 4110.3829639   2919.11367131 -5842.44338909], v=[-6.06122326  1.17551018 -3.67403083]
  RK45_ECI: r=[-1041.52271768  3052.54981204 -7058.56778081], v=[-7.07155029 -0.87170568  0.66908523]
Epoch 541, t=2460388.415108318:
  TLE_ECI: r=[ 3925.56820063  2955.10591424 -5950.36610378], v=[-6.1661008   1.09634305 -3.52057054]
  RK45_ECI: r=[-1088.93282027  3046.31816369 -7054.08624678], v=[-7.06522466 -0.89196957  0.70821676]
Epoch 542, t=2460388.4151835814:
  TLE_ECI: r=[ 3737.66372637  2988.6205567  -6053.64366145], v=[-6.26609197  1.01623179 -3.36437632]
  RK45_ECI: r=[-1136.29791141  3039.9323913  -7049.35033884], v=[-7.0586266  -0.91219555  0.74732296]
Epoch 543, t=2460388.4152588444:
  TLE_ECI: r=[ 3546.81849618  3019.62883174 -6152.19587157], v=[-6.3611192   0.93524339 -3.20557015]
  RK45_ECI: r=[-1183.6161385   3033.39276943 -7044.36022649], v=[-7.05175636 -0.93238264  0.78640243]
Epoch 544, t=2460388.415334108:
  TLE_ECI: r=[ 3353.18371967  3048.10409558 -6245.94623223], v=[-6.45110887  0.8534455  -3.04427595]
  RK45_ECI: r=[-1230.88567747  3026.69956974 -7039.11608823], v=[-7.04461424 -0.95252989  0.82545377]
Epoch 545, t=2460388.4154093713:
  TLE_ECI: r=[ 3156.91279426  3074.02178477 -6334.82198696], v=[-6.53599134  0.77090648 -2.88061946]
  RK45_ECI: r=[-1278.10489431  3019.85305143 -7033.61808533], v=[-7.03720047 -0.97263639  0.86447576]
Epoch 546, t=2460388.4154846347:
  TLE_ECI: r=[ 2958.16114874  3097.35947936 -6418.7541784 ], v=[-6.61570098  0.68769528 -2.7147282 ]
  RK45_ECI: r=[-1325.27152142  3012.85356602 -7027.86646608], v=[-7.02951543 -0.99270101  0.90346665]
Epoch 547, t=2460388.4155598977:
  TLE_ECI: r=[ 2757.08613873  3118.09690182 -6497.67769925], v=[-6.69017624  0.60388139 -2.5467313 ]
  RK45_ECI: r=[-1372.38371502  3005.70141934 -7021.86143986], v=[-7.02155944 -1.01272276  0.94242504]
Epoch 548, t=2460388.415635161:
  TLE_ECI: r=[ 2553.84688644  3136.21596637 -6571.53134004], v=[-6.75935971  0.51953474 -2.37675948]
  RK45_ECI: r=[-1419.44030204  2998.39681802 -7015.60313519], v=[-7.01333269 -1.03270093  0.98135009]
Epoch 549, t=2460388.4157104245:
  TLE_ECI: r=[ 2348.60421032  3151.70074306 -6640.25783425], v=[-6.82319808  0.43472575 -2.20494486]
  RK45_ECI: r=[-1466.43879961  2990.94017297 -7009.09186228], v=[-7.00483563 -1.05263431  1.02023984]
Epoch 550, t=2460388.415785688:
  TLE_ECI: r=[ 2141.52046288  3164.53750472 -6703.80390014], v=[-6.88164224  0.34952518 -2.03142094]
  RK45_ECI: r=[-1513.37780656  2983.33174201 -7002.327793  ], v=[-6.99606853 -1.07252209  1.05909329]
Epoch 551, t=2460388.4158609514:
  TLE_ECI: r=[ 1932.75941275  3174.71472925 -6762.12027982], v=[-6.93464731  0.2640041  -1.85632246]
  RK45_ECI: r=[-1560.25506907  2975.57191871 -6995.3112328 ], v=[-6.98703182 -1.09236315  1.09790867]
Epoch 552, t=2460388.4159362144:
  TLE_ECI: r=[ 1722.48612621  3182.2231039  -6815.16177513], v=[-6.98217262  0.17823389 -1.67978532]
  RK45_ECI: r=[-1607.06875519  2967.66104528 -6988.04243628], v=[-6.97772585 -1.1121565   1.13668461]
Epoch 553, t=2460388.416011478:
  TLE_ECI: r=[ 1510.86680116  3187.05555373 -6862.88728062], v=[-7.02418179  0.09228604 -1.50194646]
  RK45_ECI: r=[-1653.81769975  2959.59935362 -6980.52155938], v=[-6.96815088 -1.13190146  1.17542024]
Epoch 554, t=2460388.4160867413:
  TLE_ECI: r=[ 1298.06869395  3189.20721483 -6905.2598135 ], v=[-7.06064270e+00  6.23225966e-03 -1.32294375e+00]
  RK45_ECI: r=[-1700.49943622  2951.38730007 -6972.74897528], v=[-6.95830741 -1.15159682  1.21411365]
Epoch 555, t=2460388.4161620047:
  TLE_ECI: r=[ 1084.25995192  3188.67546071 -6942.24654053], v=[-7.09152756 -0.07985567 -1.14291593]
  RK45_ECI: r=[-1747.11257345  2943.02517201 -6964.7248891 ], v=[-6.94819575 -1.17124177  1.25276381]
Epoch 556, t=2460388.416237268:
  TLE_ECI: r=[  869.60949243  3185.4598987  -6973.81880185], v=[-7.11681288 -0.16590594 -0.96200249]
  RK45_ECI: r=[-1793.65487356  2934.51340449 -6956.44966322], v=[-6.93781638 -1.19083522  1.29136898]
Epoch 557, t=2460388.416312531:
  TLE_ECI: r=[  654.28688116  3179.56236853 -6999.9521318 ], v=[-7.13647952 -0.25184674 -0.78034352]
  RK45_ECI: r=[-1840.12451828  2925.85237588 -6947.92359724], v=[-6.92716974 -1.21037617  1.32992777]
Epoch 558, t=2460388.4163877945:
  TLE_ECI: r=[  438.46216344  3170.98694955 -7020.62627662], v=[-7.1505127  -0.33760641 -0.59807971]
  RK45_ECI: r=[-1886.52035127  2917.04234305 -6939.14687441], v=[-6.91625608 -1.22986396  1.36843935]
Epoch 559, t=2460388.416463058:
  TLE_ECI: r=[  222.30578874  3159.73994404 -7035.82520927], v=[-7.15890196 -0.42311334 -0.41535214]
  RK45_ECI: r=[-1932.83992495  2908.08380731 -6930.11993049], v=[-6.905076   -1.24929739  1.40690181]
Epoch 560, t=2460388.4165383214:
  TLE_ECI: r=[ 5.98844143e+00  3.14582988e+03 -7.04553714e+03], v=[-7.16164123 -0.50829617 -0.23230226]
  RK45_ECI: r=[-1979.08185938  2898.97708528 -6920.84300377], v=[-6.89362983 -1.26867566  1.44531411]
Epoch 561, t=2460388.416613585:
  TLE_ECI: r=[ -210.31908172  3129.26751304 -7049.75452985], v=[-7.1587288  -0.59308375 -0.04907173]
  RK45_ECI: r=[-2025.24393481  2889.72265312 -6911.31651318], v=[-6.88191814 -1.28799768  1.48367453]
Epoch 562, t=2460388.416688848:
  TLE_ECI: r=[ -426.44599448  3110.06579748 -7048.47408639], v=[-7.1501673  -0.67740523  0.13419764]
  RK45_ECI: r=[-2071.32434842  2880.32092486 -6901.54080311], v=[-6.86994139 -1.3072625   1.52198169]
Epoch 563, t=2460388.4167641113:
  TLE_ECI: r=[ -642.22168954  3088.2398941  -7041.69677591], v=[-7.13596376 -0.76119019  0.31736402]
  RK45_ECI: r=[-2117.32195385  2870.77218215 -6891.51608391], v=[-6.85769989 -1.32646942  1.56023477]
Epoch 564, t=2460388.4168393747:
  TLE_ECI: r=[ -857.47581557  3063.80715283 -7029.42781801], v=[-7.11612953 -0.84436853  0.50028563]
  RK45_ECI: r=[-2163.23432485  2861.07697068 -6881.24285365], v=[-6.84519428 -1.34561729  1.59843185]
Epoch 565, t=2460388.416914638:
  TLE_ECI: r=[-1072.03844527  3036.7870987  -7011.67668282], v=[-7.09068034 -0.92687066  0.6828209 ]
  RK45_ECI: r=[-2209.06009398  2851.23563604 -6870.72138348], v=[-6.83242495 -1.36470531  1.63657193]
Epoch 566, t=2460388.416989901:
  TLE_ECI: r=[-1285.74018888  3007.20142103 -6988.45708433], v=[-7.05963623 -1.0086275   0.8648285 ]
  RK45_ECI: r=[-2254.79684536  2841.24874374 -6859.95219973], v=[-6.81939259 -1.38373231  1.67465309]
Epoch 567, t=2460388.4170651645:
  TLE_ECI: r=[-1498.41236054  2975.07394235 -6959.78697045], v=[-7.02302158 -1.0895706   1.0461675 ]
  RK45_ECI: r=[-2300.44344268  2831.11659669 -6848.93553784], v=[-6.80609752 -1.40269761  1.71267453]
Epoch 568, t=2460388.417140428:
  TLE_ECI: r=[-1709.88705547  2940.43062045 -6925.68851033], v=[-6.98086507 -1.16963206  1.22669744]
  RK45_ECI: r=[-2345.99810143  2820.83964735 -6837.67178856], v=[-6.79254027 -1.42160029  1.75063486]
Epoch 569, t=2460388.4172156914:
  TLE_ECI: r=[-1919.99731557  2903.29951521 -6886.1880783 ], v=[-6.93319969 -1.24874471  1.40627844]
  RK45_ECI: r=[-2391.45863525  2810.41843655 -6826.1614606 ], v=[-6.7787215  -1.44043926  1.78853239]
Epoch 570, t=2460388.417290955:
  TLE_ECI: r=[-2128.57725004  2863.71076984 -6841.31623493], v=[-6.88006268 -1.32684211  1.58477132]
  RK45_ECI: r=[-2436.82369079  2799.85333836 -6814.40485785], v=[-6.76464163 -1.45921376  1.82636609]
Epoch 571, t=2460388.417366218:
  TLE_ECI: r=[-2335.46215563  2821.69659426 -6791.107705  ], v=[-6.82149553 -1.40385859  1.76203767]
  RK45_ECI: r=[-2482.09087675  2789.14496186 -6802.40256821], v=[-6.75030141 -1.47792263  1.86413411]
Epoch 572, t=2460388.4174414813:
  TLE_ECI: r=[-2540.48867788  2777.29121334 -6735.60135237], v=[-6.75754395 -1.47972939  1.93793996]
  RK45_ECI: r=[-2527.25906895  2778.29363418 -6790.15485393], v=[-6.7357012  -1.4965652   1.90183559]
Epoch 573, t=2460388.4175167447:
  TLE_ECI: r=[-2743.49488815  2730.53087918 -6674.84015194], v=[-6.68825783 -1.55439058  2.11234167]
  RK45_ECI: r=[-2572.32650187  2767.29984252 -6777.66214987], v=[-6.72084157 -1.51514055  1.9394692 ]
Epoch 574, t=2460388.417592008:
  TLE_ECI: r=[-2944.32044324  2681.45381732 -6608.87115844], v=[-6.61369124 -1.6277792   2.28510734]
  RK45_ECI: r=[-2617.2910129   2756.16416738 -6764.92502032], v=[-6.70572326 -1.53364763  1.97703323]
Epoch 575, t=2460388.4176672716:
  TLE_ECI: r=[-3142.80670205  2630.10020296 -6537.74547224], v=[-6.53390234 -1.69983328  2.45610274]
  RK45_ECI: r=[-2662.15126383  2744.887011   -6751.94380158], v=[-6.69034671 -1.55208567  2.0145267 ]
Epoch 576, t=2460388.4177425345:
  TLE_ECI: r=[-3338.79684207  2576.51213913 -6461.51820219], v=[-6.4489534  -1.77049189  2.62519489]
  RK45_ECI: r=[-2706.9048904   2733.4690254  -6738.71914267], v=[-6.67471275 -1.57045354  2.05194772]
Epoch 577, t=2460388.417817798:
  TLE_ECI: r=[-3532.13601249  2520.73358513 -6380.24842531], v=[-6.35891071 -1.83969527  2.79225223]
  RK45_ECI: r=[-2751.55078159  2721.91056153 -6725.25133242], v=[-6.65882177 -1.58875059  2.0892955 ]
Epoch 578, t=2460388.4178930614:
  TLE_ECI: r=[-3722.67141001  2462.8103785  -6293.99914374], v=[-6.26384458 -1.90738473  2.95714466]
  RK45_ECI: r=[-2796.0871927   2710.21214082 -6711.54084943], v=[-6.6426744  -1.60697589  2.12656867]
Epoch 579, t=2460388.417968325:
  TLE_ECI: r=[-3910.25242947  2402.79016173 -6202.83723844], v=[-6.16382925 -1.97350281  3.1197437 ]
  RK45_ECI: r=[-2840.51198677  2698.37438285 -6697.58831307], v=[-6.62627141 -1.62512843  2.16376557]
Epoch 580, t=2460388.4180435883:
  TLE_ECI: r=[-4094.73077495  2340.7223534  -6106.83342008], v=[-6.05894289 -2.03799329  3.27992254]
  RK45_ECI: r=[-2884.82384218  2686.39771764 -6683.39409179], v=[-6.60961331 -1.64320743  2.2008852 ]
Epoch 581, t=2460388.4181188513:
  TLE_ECI: r=[-4275.96057019  2276.6581215  -6006.06217696], v=[-5.94926748 -2.10080125  3.43755615]
  RK45_ECI: r=[-2929.02042393  2674.28283938 -6668.95889517], v=[-6.59270097 -1.6612118   2.23792571]
Epoch 582, t=2460388.4181941147:
  TLE_ECI: r=[-4453.79850096  2210.65029313 -5900.60171991], v=[-5.83488883 -2.16187314  3.59252141]
  RK45_ECI: r=[-2973.1006354   2662.03012245 -6654.28303834], v=[-6.57553483 -1.67914089  2.2748863 ]
Epoch 583, t=2460388.418269378:
  TLE_ECI: r=[-4628.10388792  2142.7533861  -5790.53392446], v=[-5.71589647 -2.22115675  3.74469714]
  RK45_ECI: r=[-3017.06275408  2649.64012214 -6639.3670433 ], v=[-6.55811556 -1.6969938   2.31176564]
Epoch 584, t=2460388.4183446416:
  TLE_ECI: r=[-4798.73882622  2073.02351612 -5675.94426999], v=[-5.59238359 -2.27860135  3.89396427]
  RK45_ECI: r=[-3060.90467102  2637.11349627 -6624.21158392], v=[-6.54044401 -1.71476952  2.34856206]
Epoch 585, t=2460388.4184199045:
  TLE_ECI: r=[-4965.56828234  2001.51837892 -5556.92177601], v=[-5.46444702 -2.33415764  4.04020587]
  RK45_ECI: r=[-3104.62487567  2624.45076411 -6608.81713334], v=[-6.52252078 -1.73246721  2.38527441]
Epoch 586, t=2460388.418495168:
  TLE_ECI: r=[-5128.46022596  1928.29714591 -5433.55893568], v=[-5.33218709 -2.3877779   4.18330731]
  RK45_ECI: r=[-3148.22168475  2611.65247557 -6593.18424261], v=[-6.50434659 -1.75008605  2.42190138]
Epoch 587, t=2460388.4185704314:
  TLE_ECI: r=[-5287.28569985  1853.42050211 -5305.95164659], v=[-5.19570763 -2.43941594  4.32315628]
  RK45_ECI: r=[-3191.69339672  2598.71921396 -6577.31347141], v=[-6.48592213 -1.76762516  2.45844165]
Epoch 588, t=2460388.418645695:
  TLE_ECI: r=[-5441.9189477   1776.95054043 -5174.19913857], v=[-5.05511586 -2.48902718  4.45964293]
  RK45_ECI: r=[-3235.03852003  2585.65150559 -6561.20531178], v=[-6.46724805 -1.78508372  2.49489409]
Epoch 589, t=2460388.4187209583:
  TLE_ECI: r=[-5592.23750936  1698.95072534 -5038.40389901], v=[-4.9105223  -2.53656871  4.59265996]
  RK45_ECI: r=[-3278.25497552  2572.4500461  -6544.86049161], v=[-6.44832525 -1.80246075  2.53125703]
Epoch 590, t=2460388.4187962213:
  TLE_ECI: r=[-5738.12231504  1619.48585795 -4898.67159532], v=[-4.76204074 -2.58199926  4.72210268]
  RK45_ECI: r=[-3321.34127478  2559.11538484 -6528.27952107], v=[-6.4291544  -1.81975544  2.56752935]
Epoch 591, t=2460388.4188714847:
  TLE_ECI: r=[-5879.45780105  1538.62195655 -4755.11099485], v=[-4.60978807 -2.62527936  4.84786912]
  RK45_ECI: r=[-3364.29575918  2545.64810254 -6511.46299383], v=[-6.40973622 -1.83696696  2.60370975]
Epoch 592, t=2460388.418946748:
  TLE_ECI: r=[-6016.13197454  1456.42630173 -4607.83388214], v=[-4.4538843  -2.66637125  4.96986011]
  RK45_ECI: r=[-3407.11694775  2532.04875839 -6494.41143146], v=[-6.39007141 -1.85409453  2.63979709]
Epoch 593, t=2460388.4190220116:
  TLE_ECI: r=[-6148.03652434  1372.96731581 -4456.95497372], v=[-4.29445239 -2.70523898  5.08797938]
  RK45_ECI: r=[-3449.8027866   2518.31807774 -6477.12560457], v=[-6.3701609  -1.87113715  2.67578974]
Epoch 594, t=2460388.419097275:
  TLE_ECI: r=[-6275.06690456  1288.31452249 -4302.59183028], v=[-4.1316182  -2.74184844  5.20213359]
  RK45_ECI: r=[-3492.35181346  2504.45662337 -6459.60605268], v=[-6.35000539 -1.88809406  2.71168659]
Epoch 595, t=2460388.419172538:
  TLE_ECI: r=[-6397.12241668  1202.53850845 -4144.86476655], v=[-3.96551038 -2.77616738  5.31223247]
  RK45_ECI: r=[-3534.76236855  2490.46503079 -6441.8534032 ], v=[-6.32960568 -1.90496438  2.74748632]
Epoch 596, t=2460388.4192478014:
  TLE_ECI: r=[-6514.10630659  1115.7107902  -3983.89675864], v=[-3.79626024 -2.80816548  5.41818888]
  RK45_ECI: r=[-3577.03281949  2476.34391077 -6423.86829184], v=[-6.30896254 -1.92174733  2.78318768]
Epoch 597, t=2460388.419323065:
  TLE_ECI: r=[-6625.92582236  1027.90386653 -3819.81334923], v=[-3.62400172 -2.8378143   5.51991887]
  RK45_ECI: r=[-3619.16170929  2462.09385203 -6405.65127671], v=[-6.2880767  -1.93844212  2.81878952]
Epoch 598, t=2460388.4193983283:
  TLE_ECI: r=[-6732.49230568   939.19108401 -3652.7425504 ], v=[-3.44887123 -2.8650874   5.61734177]
  RK45_ECI: r=[-3661.14701758  2447.7156161  -6387.20318121], v=[-6.26694916 -1.95504779  2.85429026]
Epoch 599, t=2460388.4194735917:
  TLE_ECI: r=[-6833.72126148   849.64659428 -3482.81474429], v=[-3.27100755 -2.88996029  5.71038024]
  RK45_ECI: r=[-3702.98730667  2433.20979421 -6368.52458113], v=[-6.24558066 -1.97156358  2.88968876]
Epoch 600, t=2460388.4195488547:
  TLE_ECI: r=[-6929.53242577   759.34531268 -3310.16258171], v=[-3.09055175 -2.91241052  5.79896038]
  RK45_ECI: r=[-3744.68094486  2418.57705333 -6349.61614554], v=[-6.22397203 -1.98798866  2.92498377]
Epoch 601, t=2460388.419624118:
  TLE_ECI: r=[-7019.84984158   668.3627744  -3134.92087865], v=[-2.90764703 -2.93241768  5.88301176]
  RK45_ECI: r=[-3786.2263276   2403.81803386 -6330.47855167], v=[-6.20212412 -2.00432223  2.96017401]
Epoch 602, t=2460388.4196993816:
  TLE_ECI: r=[-7104.60190814   576.77519214 -2957.22651091], v=[-2.72243865 -2.94996338  5.96246749]
  RK45_ECI: r=[-3827.62202341  2388.93335309 -6311.11239369], v=[-6.18003767 -2.02056354  2.99525838]
Epoch 603, t=2460388.419774645:
  TLE_ECI: r=[-7183.72145039   484.65931165 -2777.21830679], v=[-2.53507382 -2.96503132  6.03726429]
  RK45_ECI: r=[-3868.86604736  2373.92380811 -6291.51854706], v=[-6.15771376 -2.03671165  3.0302353 ]
Epoch 604, t=2460388.419849908:
  TLE_ECI: r=[-7257.14577158   392.09238836 -2595.03693807], v=[-2.34570151 -2.97760731  6.10734255]
  RK45_ECI: r=[-3909.9567935   2358.79009201 -6271.69771696], v=[-6.13515325 -2.05276574  3.0651035 ]
Epoch 605, t=2460388.4199251714:
  TLE_ECI: r=[-7324.81671075   299.15203733 -2410.82480926], v=[-2.1544724  -2.98767927  6.17264636]
  RK45_ECI: r=[-3950.89324232  2343.53268036 -6251.65033281], v=[-6.11235673 -2.06872522  3.09986222]
Epoch 606, t=2460388.420000435:
  TLE_ECI: r=[-7386.68068394   205.91629451 -2224.72594525], v=[-1.96153873 -2.99523722  6.23312361]
  RK45_ECI: r=[-3991.67323624  2328.15246453 -6231.37739353], v=[-6.08932539 -2.08458911  3.13450971]
Epoch 607, t=2460388.4200756983:
  TLE_ECI: r=[-7442.68873467   112.4634662  -2036.88587747], v=[-1.76705418 -3.00027334  6.28872598]
  RK45_ECI: r=[-4032.29556477  2312.65001586 -6210.87943521], v=[-6.06605992 -2.10035672  3.16904507]
Epoch 608, t=2460388.4201509617:
  TLE_ECI: r=[-7492.79657393    18.87208373 -1847.45152867], v=[-1.57117373 -3.00278194  6.33940903]
  RK45_ECI: r=[-4072.75828036  2297.02616603 -6190.1573847 ], v=[-6.04256144 -2.11602716  3.20346672]
Epoch 609, t=2460388.4202262247:
  TLE_ECI: r=[-7536.96461775   -74.77914141 -1656.57109637], v=[-1.37405356 -3.0027595   6.38513221]
  RK45_ECI: r=[-4113.05980813  2281.2816383  -6169.21198767], v=[-6.01883088 -2.13159962  3.23777343]
Epoch 610, t=2460388.420301488:
  TLE_ECI: r=[-7575.15802015  -168.41147281 -1464.3939351 ], v=[-1.17585086 -3.00020465  6.42585894]
  RK45_ECI: r=[-4153.19914863  2265.41692914 -6148.04369825], v=[-5.99486883 -2.14707353  3.27196443]
Epoch 611, t=2460388.4203767516:
  TLE_ECI: r=[-7607.34670324  -261.9460835  -1271.07043758], v=[-0.97672378 -2.9951182   6.4615566 ]
  RK45_ECI: r=[-4193.17418638  2249.4329672  -6126.65357148], v=[-5.97067656 -2.16244792  3.30603802]
Epoch 612, t=2460388.420452015:
  TLE_ECI: r=[-7633.50538259  -355.3042122  -1076.75191491], v=[-0.77683124 -2.9875031   6.49219657]
  RK45_ECI: r=[-4232.98373545  2233.33034812 -6105.0421732 ], v=[-5.94625479 -2.17772214  3.33999329]
Epoch 613, t=2460388.4205272784:
  TLE_ECI: r=[-7653.61358883  -448.40720806  -881.59047586], v=[-0.57633281 -2.97736451  6.51775429]
  RK45_ECI: r=[-4272.62588753  2217.10993723 -6083.21048077], v=[-5.92160469 -2.19289531  3.37382871]
Epoch 614, t=2460388.4206025414:
  TLE_ECI: r=[-7667.65568657  -541.17657544  -685.73890546], v=[-0.37538858 -2.96470971  6.53820924]
  RK45_ECI: r=[-4312.09910041  2200.77248722 -6061.15927981], v=[-5.89672724 -2.20796664  3.40754303]
Epoch 615, t=2460388.420677805:
  TLE_ECI: r=[-7675.62088173  -633.53413114  -489.35054286], v=[-0.174159   -2.94954817  6.55354498]
  RK45_ECI: r=[-4351.40239546  2184.31851513 -6038.88904871], v=[-5.87162305 -2.22293559  3.44113555]
Epoch 616, t=2460388.4207530683:
  TLE_ECI: r=[-7677.50323951  -725.4019366   -292.57915872], v=[ 0.02719521 -2.93189151  6.56374919]
  RK45_ECI: r=[-4390.53370166  2167.74898556 -6016.40089774], v=[-5.84629346 -2.23780122  3.47460455]
Epoch 617, t=2460388.4208283317:
  TLE_ECI: r=[-7673.30168392  -816.70245445   -95.57883217], v=[ 0.22851322 -2.91175347  6.56881363]
  RK45_ECI: r=[-4429.49185862  2151.06451794 -5993.69542202], v=[-5.82073922 -2.25256289  3.50794917]
Epoch 618, t=2460388.420903595:
  TLE_ECI: r=[-7663.02000011  -907.35859263   101.49617257], v=[ 0.42963425 -2.88914996  6.56873418]
  RK45_ECI: r=[-4468.27499918  2134.26601043 -5970.77364858], v=[-5.79496156 -2.26721973  3.54116786]
Epoch 619, t=2460388.420978858:
  TLE_ECI: r=[-7646.66683415  -997.29374801   298.4915297 ], v=[ 0.63039767 -2.86409898  6.56351085]
  RK45_ECI: r=[-4506.88161522  2117.35424421 -5947.63640229], v=[-5.7689615  -2.28177101  3.57425946]
Epoch 620, t=2460388.4210541216:
  TLE_ECI: r=[-7624.2556743  -1086.43196191   495.25297542], v=[ 0.83064316 -2.83662066  6.55314777]
  RK45_ECI: r=[-4545.31075008  2100.32975634 -5924.28418542], v=[-5.74273968 -2.29621617  3.60722321]
Epoch 621, t=2460388.421129385:
  TLE_ECI: r=[-7595.80485633 -1174.69785057   691.62643149], v=[ 1.03021085 -2.80673721  6.53765317]
  RK45_ECI: r=[-4583.560379    2083.1935464  -5900.71816253], v=[-5.71629748 -2.31055431  3.64005747]
Epoch 622, t=2460388.4212046484:
  TLE_ECI: r=[-7561.3375371  -1262.01675967   887.45812863], v=[ 1.22894142 -2.77447289  6.5170394 ]
  RK45_ECI: r=[-4621.6293684   2065.94625692 -5876.93895746], v=[-5.68963572 -2.32478482  3.67276137]
Epoch 623, t=2460388.4212799114:
  TLE_ECI: r=[-7520.88168154 -1348.31478374  1082.59472957], v=[ 1.42667626 -2.73985403  6.49132291]
  RK45_ECI: r=[-4659.51571521  2048.58890289 -5852.94775919], v=[-5.66275577 -2.33890678  3.70533326]
Epoch 624, t=2460388.421355175:
  TLE_ECI: r=[-7474.47002335 -1433.51891819  1276.88345171], v=[ 1.62325765 -2.70290898  6.46052423]
  RK45_ECI: r=[-4697.21848344  2031.1220381  -5828.7450918 ], v=[-5.63565834 -2.35291969  3.73777242]
Epoch 625, t=2460388.4214304383:
  TLE_ECI: r=[-7422.14006025 -1517.55698859  1470.17218936], v=[ 1.8185288  -2.66366808  6.42466794]
  RK45_ECI: r=[-4734.73620275  2013.54647409 -5804.33182034], v=[-5.60834446 -2.36682281  3.77007769]
Epoch 626, t=2460388.4215057017:
  TLE_ECI: r=[-7363.9340071  -1600.3578016   1662.30963518], v=[ 2.01233405 -2.62216366  6.38378267]
  RK45_ECI: r=[-4772.06707549  1995.86315941 -5779.70904951], v=[-5.58081546 -2.38061532  3.8022476 ]
Epoch 627, t=2460388.421580965:
  TLE_ECI: r=[-7299.89876385 -1681.85118362  1853.14540099], v=[ 2.20451897 -2.57842996  6.33790107]
  RK45_ECI: r=[-4809.20999603  1978.07275889 -5754.87743141], v=[-5.55307216 -2.39429665  3.83428127]
Epoch 628, t=2460388.421656228:
  TLE_ECI: r=[-7230.08588101 -1761.96801939  2042.5301377 ], v=[ 2.39493051 -2.53250316  6.28705975]
  RK45_ECI: r=[-4846.16301044  1960.17632091 -5729.83820777], v=[-5.52511604 -2.4078659   3.86617712]
Epoch 629, t=2460388.4217314916:
  TLE_ECI: r=[-7154.5514957  -1840.64039602  2230.31565417], v=[ 2.58341714 -2.4844213   6.23129928]
  RK45_ECI: r=[-4882.92520637  1942.17441837 -5704.59192578], v=[-5.49694777 -2.42132258  3.89793442]
Epoch 630, t=2460388.421806755:
  TLE_ECI: r=[-7073.35631438 -1917.80153355  2416.35503517], v=[ 2.76982891 -2.43422428  6.17066414]
  RK45_ECI: r=[-4919.49515067  1924.06788935 -5679.1394882 ], v=[-5.46856848 -2.43466599  3.92955205]
Epoch 631, t=2460388.4218820184:
  TLE_ECI: r=[-6986.5655418  -1993.38592681  2600.50275798], v=[ 2.95401767 -2.38195378  6.10520267]
  RK45_ECI: r=[-4955.87109148  1905.85771256 -5653.48204706], v=[-5.43997953 -2.44789534  3.96102854]
Epoch 632, t=2460388.421957282:
  TLE_ECI: r=[-6894.24883097 -2067.32937985  2782.61480779], v=[ 3.13583709 -2.32765327  6.03496705]
  RK45_ECI: r=[-4992.05195206  1887.54457464 -5627.62028212], v=[-5.41118176 -2.46101005  3.99236308]
Epoch 633, t=2460388.422032545:
  TLE_ECI: r=[-6796.48023083 -2139.56904075  2962.54879167], v=[ 3.31514287 -2.27136795  5.96001322]
  RK45_ECI: r=[-5028.03582962  1869.12955624 -5601.55548685], v=[-5.38217671 -2.47400929  4.02355406]
Epoch 634, t=2460388.4221078083:
  TLE_ECI: r=[-6693.33809915 -2210.0435349   3140.16405104], v=[ 3.49179281 -2.21314469  5.88040085]
  RK45_ECI: r=[-5063.82183636  1850.61324838 -5575.28823099], v=[-5.35296509 -2.48689257  4.05460082]
Epoch 635, t=2460388.4221830717:
  TLE_ECI: r=[-6584.90507393 -2278.69289643  3315.32177261], v=[ 3.66564693 -2.15303202  5.79619327]
  RK45_ECI: r=[-5099.4085777   1831.99651516 -5548.81945433], v=[-5.32354806 -2.49965922  4.08550222]
Epoch 636, t=2460388.422258335:
  TLE_ECI: r=[-6471.26797972 -2345.45869964  3487.88509755], v=[ 3.83656759 -2.09108006  5.70745743]
  RK45_ECI: r=[-5134.79434922  1813.2803643  -5522.1503552 ], v=[-5.29392702 -2.51230847  4.11625687]
Epoch 637, t=2460388.422333598:
  TLE_ECI: r=[-6352.51776826 -2410.2840693   3657.71922899], v=[ 4.00441959 -2.02734051  5.61426384]
  RK45_ECI: r=[-5169.9777777   1794.46567265 -5495.28189355], v=[-5.26410315 -2.52483967  4.14686363]
Epoch 638, t=2460388.4224088616:
  TLE_ECI: r=[-6228.74941461 -2473.11380377  3824.69153746], v=[ 4.1690703  -1.96186653  5.51668647]
  RK45_ECI: r=[-5204.95799293  1775.55304422 -5468.21465411], v=[-5.23407717 -2.53725233  4.17732184]
Epoch 639, t=2460388.422484125:
  TLE_ECI: r=[-6100.06187991 -2533.89430838  3988.67166469], v=[ 4.33038974 -1.89471279  5.41480273]
  RK45_ECI: r=[-5239.73315298  1756.54359527 -5440.94998808], v=[-5.20385069 -2.54954567  4.20762997]
Epoch 640, t=2460388.4225593884:
  TLE_ECI: r=[-5966.55800184 -2592.5737156   4149.53162509], v=[ 4.48825068 -1.82593535  5.30869339]
  RK45_ECI: r=[-5274.30222961  1737.43804578 -5413.48861833], v=[-5.1734246  -2.56171913  4.23778719]
Epoch 641, t=2460388.422634652:
  TLE_ECI: r=[-5828.34441598 -2649.10191031  4307.14590531], v=[ 4.64252878 -1.75559163  5.19844247]
  RK45_ECI: r=[-5308.66356762  1718.23743137 -5385.83178842], v=[-5.14280037 -2.573772    4.26779214]
Epoch 642, t=2460388.422709915:
  TLE_ECI: r=[-5685.53147589 -2703.43055443  4461.39156152], v=[ 4.79310261 -1.68374039  5.08413724]
  RK45_ECI: r=[-5342.81599044  1698.94257429 -5357.9803629 ], v=[-5.11197905 -2.58570369  4.29764387]
Epoch 643, t=2460388.4227851783:
  TLE_ECI: r=[-5538.23313065 -2755.5131945   4612.14831447], v=[ 4.93985385 -1.61044159  4.96586807]
  RK45_ECI: r=[-5376.75818588  1679.55433255 -5329.9353417 ], v=[-5.08096184 -2.59751359  4.3273413 ]
Epoch 644, t=2460388.4228604417:
  TLE_ECI: r=[-5386.56687819 -2805.30519898  4759.29864229], v=[ 5.08266725 -1.53575645  4.84372837]
  RK45_ECI: r=[-5410.48883499  1660.07361546 -5301.69773187], v=[-5.04974996 -2.60920109  4.35688335]
Epoch 645, t=2460388.422935705:
  TLE_ECI: r=[-5230.65363783 -2852.76386333  4902.72787082], v=[ 5.22143084 -1.45974732  4.71781457]
  RK45_ECI: r=[-5444.00678529  1640.50124143 -5273.26841351], v=[-5.01834448 -2.62076561  4.38626908]
Epoch 646, t=2460388.4230109686:
  TLE_ECI: r=[-5070.61765906 -2897.8484283   5042.32426154], v=[ 5.35603591 -1.38247766  4.58822594]
  RK45_ECI: r=[-5477.31043231  1620.83827295 -5244.64867441], v=[-4.9867469  -2.63220647  4.41549716]
Epoch 647, t=2460388.4230862316:
  TLE_ECI: r=[-4906.58642903 -2940.52009902  5177.97909704], v=[ 5.48637717 -1.30401198  4.45506459]
  RK45_ECI: r=[-5510.39863659  1601.08555411 -5215.83940944], v=[-4.95495833 -2.64352309  4.44456666]
Epoch 648, t=2460388.423161495:
  TLE_ECI: r=[-4738.69053419 -2980.74213551  5309.58676378], v=[ 5.61235278 -1.22441572  4.31843533]
  RK45_ECI: r=[-5543.27012727  1581.2439646  -5186.84165332], v=[-4.92297999 -2.65471492  4.47347652]
Epoch 649, t=2460388.4232367584:
  TLE_ECI: r=[-4567.06360598 -3018.47979458  5437.04483252], v=[ 5.73386444 -1.14375533  4.17844561]
  RK45_ECI: r=[-5575.923777    1561.31435549 -5157.65631023], v=[-4.890813   -2.66578139  4.50222584]
Epoch 650, t=2460388.423312022:
  TLE_ECI: r=[-4391.84217843 -3053.70041768  5560.25413586], v=[ 5.85081745 -1.06209809  4.03520541]
  RK45_ECI: r=[-5608.35802304  1541.29780997 -5128.28470249], v=[-4.85845889 -2.67672184  4.53081329]
Epoch 651, t=2460388.4233872853:
  TLE_ECI: r=[-4213.16558652 -3086.37344272  5679.11884317], v=[ 5.96312079 -0.97951211  3.88882719]
  RK45_ECI: r=[-5640.57176094  1521.19517215 -5098.7277487 ], v=[-4.82591878 -2.68753573  4.55923798]
Epoch 652, t=2460388.4234625483:
  TLE_ECI: r=[-4031.17586322 -3116.47041715  5793.54653282], v=[ 6.07068716 -0.89606629  3.73942575]
  RK45_ECI: r=[-5672.56374038  1501.00738817 -5068.98651078], v=[-4.79319395 -2.69822248  4.58749887]
Epoch 653, t=2460388.4235378117:
  TLE_ECI: r=[-3846.0175888  -3143.96506933  5903.44826154], v=[ 6.17343309 -0.81183015  3.58711815]
  RK45_ECI: r=[-5704.33273294  1480.73535854 -5039.06205727], v=[-4.76028567 -2.70878155  4.61559493]
Epoch 654, t=2460388.423613075:
  TLE_ECI: r=[-3657.83782995 -3168.83325687  6008.73863113], v=[ 6.27127893 -0.72687394  3.43202365]
  RK45_ECI: r=[-5735.87764995  1460.37995491 -5008.95532173], v=[-4.72719506 -2.71921241  4.64352527]
Epoch 655, t=2460388.4236883386:
  TLE_ECI: r=[-3466.78598575 -3191.05303554  6109.3358522 ], v=[ 6.36414896 -0.64126846  3.27426357]
  RK45_ECI: r=[-5767.19698217  1439.9422851  -4978.6676686 ], v=[-4.69392373 -2.72951443  4.67128863]
Epoch 656, t=2460388.4237636016:
  TLE_ECI: r=[-3273.01368717 -3210.60465509  6205.1618051 ], v=[ 6.45197139 -0.55508506  3.11396121]
  RK45_ECI: r=[-5798.28951773  1419.42331333 -4948.20018886], v=[-4.66047298 -2.73968705  4.69888397]
Epoch 657, t=2460388.423838865:
  TLE_ECI: r=[-3076.67463901 -3227.47061421  6296.14209785], v=[ 6.53467848 -0.46839551  2.95124177]
  RK45_ECI: r=[-5829.15448977  1398.82370535 -4917.55354733], v=[-4.62684364 -2.74972986  4.7263107 ]
Epoch 658, t=2460388.4239141284:
  TLE_ECI: r=[-2877.92455442 -3241.63561521  6382.20612139], v=[ 6.61220649 -0.38127205  2.78623222]
  RK45_ECI: r=[-5859.79027445  1378.14468357 -4886.72927569], v=[-4.5930375  -2.7596422   4.75356742]
Epoch 659, t=2460388.423989392:
  TLE_ECI: r=[-2676.92099399 -3253.0866169   6463.28710165], v=[ 6.68449581 -0.29378724  2.61906124]
  RK45_ECI: r=[-5890.19596922  1357.38703827 -4855.72819266], v=[-4.55905556 -2.76942362  4.7806534 ]
Epoch 660, t=2460388.4240646553:
  TLE_ECI: r=[-2473.82325096 -3261.81283466  6539.32214876], v=[ 6.75149094 -0.20601394  2.44985909]
  RK45_ECI: r=[-5920.37011992  1336.55190079 -4824.55170361], v=[-4.52489945 -2.77907352  4.80756739]
Epoch 661, t=2460388.4241399183:
  TLE_ECI: r=[-2268.79223534 -3267.80574261  6610.2523033 ], v=[ 6.81314053 -0.11802529  2.27875751]
  RK45_ECI: r=[-5950.31156001  1315.64025604 -4793.20093184], v=[-4.49057052 -2.78859137  4.83430843]
Epoch 662, t=2460388.4242151817:
  TLE_ECI: r=[-2061.99030894 -3271.05910806  6676.02257945], v=[ 6.86939747 -0.02989451  2.10588966]
  RK45_ECI: r=[-5980.0195518   1294.65278428 -4761.67656188], v=[-4.45606963 -2.79797679  4.8608759 ]
Epoch 663, t=2460388.424290445:
  TLE_ECI: r=[-1853.58121566 -3271.56895444  6736.58200532], v=[6.92021882 0.05830498 1.93138995]
  RK45_ECI: r=[-6009.4925328   1273.59073244 -4729.98016986], v=[-4.42139859 -2.80722914  4.88726846]
Epoch 664, t=2460388.4243657086:
  TLE_ECI: r=[-1643.72991492 -3269.33359333  6791.88366009], v=[6.96556592 0.14649973 1.75539402]
  RK45_ECI: r=[-6038.72963572  1252.45490763 -4698.11259803], v=[-4.38655845 -2.81634801  4.91348541]
Epoch 665, t=2460388.424440972:
  TLE_ECI: r=[-1432.6024622  -3264.35361865  6841.88470818], v=[7.00540439 0.23461626 1.57803858]
  RK45_ECI: r=[-6067.72946288  1231.24646325 -4666.07529152], v=[-4.35155088 -2.82533283  4.93952554]
Epoch 666, t=2460388.424516235:
  TLE_ECI: r=[-1220.36588918 -3256.63190271  6886.5464304 ], v=[7.03970412 0.32258117 1.39946131]
  RK45_ECI: r=[-6096.49089432  1209.96640368 -4633.8694049 ], v=[-4.31637726 -2.83418309  4.96538789]
Epoch 667, t=2460388.4245914984:
  TLE_ECI: r=[-1007.18803514 -3246.17360931  6925.83425196], v=[7.06843934 0.41032119 1.21980082]
  RK45_ECI: r=[-6125.01322222  1188.61542293 -4601.49564196], v=[-4.28103846 -2.84289844  4.99107189]
Epoch 668, t=2460388.424666762:
  TLE_ECI: r=[ -793.23747408 -3232.98616608  6959.7177676 ], v=[7.09158856 0.49776319 1.03919645]
  RK45_ECI: r=[-6153.29494692  1167.19479148 -4568.95562175], v=[-4.24553635 -2.85147828  5.01657624]
Epoch 669, t=2460388.4247420253:
  TLE_ECI: r=[ -578.68334497 -3217.07927539  6988.17076347], v=[7.10913468 0.58483427 0.85778827]
  RK45_ECI: r=[-6181.33523736  1145.70533191 -4536.25020944], v=[-4.20987199 -2.85992223  5.04190025]
Epoch 670, t=2460388.4248172888:
  TLE_ECI: r=[ -363.69523038 -3198.4649025   7011.17123604], v=[7.1210649  0.67146183 0.67571689]
  RK45_ECI: r=[-6209.13275363  1124.14821867 -4503.3808886 ], v=[-4.17404711 -2.86822973  5.06704274]
Epoch 671, t=2460388.4248925517:
  TLE_ECI: r=[ -148.44303409 -3177.15726591  7028.70140797], v=[7.12737081 0.75757357 0.49312341]
  RK45_ECI: r=[-6236.68642352  1102.52447441 -4470.34884413], v=[-4.1380631  -2.87640034  5.09200281]
Epoch 672, t=2460388.424967815:
  TLE_ECI: r=[   66.90318781 -3153.17282897  7040.74774074], v=[7.12804832 0.84309769 0.31014932]
  RK45_ECI: r=[-6263.99556969  1080.83480649 -4437.15479837], v=[-4.10192087 -2.8844337   5.1167799 ]
Epoch 673, t=2460388.4250430786:
  TLE_ECI: r=[  282.17330271 -3126.53028231  7047.30094446], v=[7.12309772 0.92796273 0.12693636]
  RK45_ECI: r=[-6291.05875697  1059.08050685 -4403.80041198], v=[-4.06562232 -2.89232927  5.14137274]
Epoch 674, t=2460388.425118342:
  TLE_ECI: r=[  497.19727046 -3097.25053323  7048.35598439], v=[ 7.11252364  1.01209779 -0.05637356]
  RK45_ECI: r=[-6317.8751912   1037.26241309 -4370.28657226], v=[-4.02916855 -2.90008667  5.16578067]
Epoch 675, t=2460388.425193605:
  TLE_ECI: r=[  711.80525659 -3065.35669045  7043.9120845 ], v=[ 7.09633507  1.09543252 -0.23963845]
  RK45_ECI: r=[-6344.44346684  1015.38182669 -4336.61495833], v=[-3.99256147 -2.90770537  5.19000244]
Epoch 676, t=2460388.4252688685:
  TLE_ECI: r=[  925.82779998 -3030.87403857  7033.97272778], v=[ 7.07454534  1.17789724 -0.42271636]
  RK45_ECI: r=[-6370.76293488   993.43946544 -4302.78630917], v=[-3.95580201 -2.91518504  5.21403753]
Epoch 677, t=2460388.425344132:
  TLE_ECI: r=[ 1139.0958895  -2993.83002886  7018.54565378], v=[ 7.04717209  1.25942289 -0.6054655 ]
  RK45_ECI: r=[-6396.83257481   971.43637099 -4268.80184031], v=[-3.91889162 -2.92252525  5.23788503]
Epoch 678, t=2460388.4254193953:
  TLE_ECI: r=[ 1351.44113115 -2954.25425167  6997.64285279], v=[ 7.0142373   1.33994116 -0.7877443 ]
  RK45_ECI: r=[-6422.651142     949.37374843 -4234.66309412], v=[-3.88183205 -2.92972554  5.26154386]
Epoch 679, t=2460388.4254946588:
  TLE_ECI: r=[ 1562.69586929 -2912.17841476  6971.28055702], v=[ 6.97576726  1.41938451 -0.96941154]
  RK45_ECI: r=[-6448.21788014   927.25244934 -4200.37097926], v=[-3.84462443 -2.93678554  5.28501337]
Epoch 680, t=2460388.4255699217:
  TLE_ECI: r=[ 1772.69330806 -2867.63632381  6939.47922883], v=[ 6.93179252  1.49768624 -1.15032645]
  RK45_ECI: r=[-6473.53145007   905.07379474 -4165.9272143 ], v=[-3.80727072 -2.94370478  5.30829237]
Epoch 681, t=2460388.425645185:
  TLE_ECI: r=[ 1981.26767434 -2820.6638361   6902.26354563], v=[ 6.88234791  1.57478059 -1.3303488 ]
  RK45_ECI: r=[-6498.59123464   882.83851427 -4131.3325556 ], v=[-3.76977186 -2.95048294  5.33138033]
Epoch 682, t=2460388.4257204486:
  TLE_ECI: r=[ 2188.25429548 -2771.29886154  6859.66238204], v=[ 6.8274725   1.65060267 -1.50933902]
  RK45_ECI: r=[-6523.39626316   860.54766547 -4096.58824688], v=[-3.73212931 -2.95711963  5.35427641]
Epoch 683, t=2460388.425795712:
  TLE_ECI: r=[ 2393.48976109 -2719.58131431  6811.70878873], v=[ 6.76720957  1.72508862 -1.6871583 ]
  RK45_ECI: r=[-6547.94535218   838.20247095 -4061.6958655 ], v=[-3.6943449  -2.96361441  5.37697954]
Epoch 684, t=2460388.4258709755:
  TLE_ECI: r=[ 2596.81204144 -2665.55308619  6758.43996833], v=[ 6.70160658  1.79817562 -1.86366867]
  RK45_ECI: r=[-6572.23778392   815.80379521 -4026.65634074], v=[-3.65641975 -2.96996695  5.39948911]
Epoch 685, t=2460388.4259462385:
  TLE_ECI: r=[ 2798.06060582 -2609.25802189  6699.89724824], v=[ 6.63071516  1.86980194 -2.03873312]
  RK45_ECI: r=[-6596.27228697   793.35297761 -3991.47142905], v=[-3.61835587 -2.97617682  5.42180397]
Epoch 686, t=2460388.426021502:
  TLE_ECI: r=[ 2997.07657831 -2550.74185257  6636.12605035], v=[ 6.55459103  1.93990703 -2.2122157 ]
  RK45_ECI: r=[-6620.04827664   770.85075858 -3956.14190359], v=[-3.5801542  -2.98224372  5.44392363]
Epoch 687, t=2460388.4260967653:
  TLE_ECI: r=[ 3193.70281526 -2490.05220711  6567.17585792], v=[ 6.47329403  2.0084315  -2.38398163]
  RK45_ECI: r=[-6643.56483305   748.29821059 -3920.66903511], v=[-3.54181627 -2.98816729  5.46584725]
Epoch 688, t=2460388.4261720288:
  TLE_ECI: r=[ 3387.78405921 -2427.23854365  6493.10017921], v=[ 6.386888    2.07531721 -2.55389737]
  RK45_ECI: r=[-6666.82083511   725.69657213 -3885.05443467], v=[-3.50334389 -2.99394714  5.48757383]
Epoch 689, t=2460388.426247292:
  TLE_ECI: r=[ 3579.16705236 -2362.35211834  6413.95650822], v=[ 6.29544082  2.14050734 -2.72183075]
  RK45_ECI: r=[-6689.81560429   703.04671995 -3849.29905126], v=[-3.46473824 -2.99958295  5.50910278]
Epoch 690, t=2460388.426322555:
  TLE_ECI: r=[ 3767.70065007 -2295.44595562  6329.80628241], v=[ 6.19902428  2.20394635 -2.88765106]
  RK45_ECI: r=[-6712.54793819   680.35001012 -3813.40467776], v=[-3.42600135 -3.00507434  5.53043299]
Epoch 691, t=2460388.4263978186:
  TLE_ECI: r=[ 3953.23596666 -2226.57476283  6240.71483734], v=[ 6.09771411  2.2655802  -3.05122914]
  RK45_ECI: r=[-6735.01728518   657.6071931  -3777.37210337], v=[-3.3871342  -3.01042103  5.551564  ]
Epoch 692, t=2460388.426473082:
  TLE_ECI: r=[ 4135.62645155 -2155.79495107  6146.75135858], v=[ 5.99158986  2.32535618 -3.21243751]
  RK45_ECI: r=[-6757.22277716   634.81935478 -3741.20262489], v=[-3.3481383  -3.0156227   5.57249499]
Epoch 693, t=2460388.4265483455:
  TLE_ECI: r=[ 4314.72803214 -2083.16454836  6047.98883038], v=[ 5.8807349   2.3832231  -3.37115042]
  RK45_ECI: r=[-6779.1633564    611.98774885 -3704.8978855 ], v=[-3.30901554 -3.02067899  5.59322503]
Epoch 694, t=2460388.4266236085:
  TLE_ECI: r=[ 4490.39921515 -2008.7431762   5944.50398162], v=[ 5.76523634  2.43913127 -3.52724398]
  RK45_ECI: r=[-6800.83828292   589.11337491 -3668.45902454], v=[-3.26976728 -3.02558959  5.61375343]
Epoch 695, t=2460388.426698872:
  TLE_ECI: r=[ 4662.50122207 -1932.59195077  5836.37722868], v=[ 5.64518495  2.49303264 -3.68059626]
  RK45_ECI: r=[-6822.24672896   566.19726772 -3631.88735569], v=[-3.23039503 -3.03035422  5.63407944]
Epoch 696, t=2460388.4267741353:
  TLE_ECI: r=[ 4830.89806357 -1854.7735105   5723.69261559], v=[ 5.52067513  2.5448807  -3.83108736]
  RK45_ECI: r=[-6843.38787207   543.24052365 -3595.18419754], v=[-3.19090034 -3.03497258  5.65420231]
Epoch 697, t=2460388.4268493988:
  TLE_ECI: r=[ 4995.45667173 -1775.35191522  5606.53775123], v=[ 5.39180483  2.59463061 -3.97859953]
  RK45_ECI: r=[-6864.26099819   520.24412897 -3558.35070038], v=[-3.15128458 -3.03944437  5.67412138]
Epoch 698, t=2460388.426924662:
  TLE_ECI: r=[ 5156.0470001  -1694.39260704  5485.00374365], v=[ 5.25867547  2.64223922 -4.12301726]
  RK45_ECI: r=[-6884.86511419   497.20935029 -3521.38853819], v=[-3.11154966 -3.0437693   5.69383574]
Epoch 699, t=2460388.426999925:
  TLE_ECI: r=[ 5312.54212289 -1611.96237309  5359.18513171], v=[ 5.1213919   2.68766511 -4.26422736]
  RK45_ECI: r=[-6905.19952699   474.13719864 -3484.29887146], v=[-3.07169694 -3.04794708  5.71334475]
Epoch 700, t=2460388.4270751886:
  TLE_ECI: r=[ 5464.81835586 -1528.12922977  5229.17981382], v=[ 4.98006225  2.73086867 -4.40211905]
  RK45_ECI: r=[-6925.26346109   451.02871928 -3447.08303792], v=[-3.03172799 -3.05197746  5.73264767]
Epoch 701, t=2460388.427150452:
  TLE_ECI: r=[ 5612.75532654 -1442.96245949  5095.08897408], v=[ 4.83479796  2.77181204 -4.53658407]
  RK45_ECI: r=[-6945.05614728   427.88502013 -3409.74238001], v=[-2.99164436 -3.05586016  5.75174382]
Epoch 702, t=2460388.4272257155:
  TLE_ECI: r=[ 5756.23609087 -1356.53249332  4957.01700561], v=[ 4.68571361  2.81045924 -4.66751676]
  RK45_ECI: r=[-6964.57691862   404.70709748 -3372.27806864], v=[-2.95144744 -3.05959495  5.77063254]
Epoch 703, t=2460388.427300979:
  TLE_ECI: r=[ 5895.14722256 -1268.91086904  4815.07143135], v=[ 4.53292688  2.84677613 -4.79481413]
  RK45_ECI: r=[-6983.82484741   381.49622991 -3334.69180711], v=[-2.91113917 -3.06318153  5.78931299]
Epoch 704, t=2460388.427376242:
  TLE_ECI: r=[ 6029.37890147 -1180.17018994  4669.36282212], v=[ 4.37655844  2.88073051 -4.918376  ]
  RK45_ECI: r=[-7002.79928834   358.2534385  -3296.98477602], v=[-2.87072096 -3.06661968  5.80778454]
Epoch 705, t=2460388.4274515053:
  TLE_ECI: r=[ 6158.82501686 -1090.38399514  4520.00471223], v=[ 4.21673186  2.91229214 -5.03810499]
  RK45_ECI: r=[-7021.4995188    334.97977786 -3259.15833602], v=[-2.83019435 -3.06990916  5.82604652]
Epoch 706, t=2460388.4275267688:
  TLE_ECI: r=[6283.38323212 -999.626804   4367.11351259], v=[ 4.05357356  2.94143271 -5.1539067 ]
  RK45_ECI: r=[-7039.92490887   311.67627227 -3221.21367381], v=[-2.78956078 -3.07304975  5.84409832]
Epoch 707, t=2460388.427602032:
  TLE_ECI: r=[6402.95508281 -907.97398541 4210.80842129], v=[ 3.88721263  2.96812592 -5.26568974]
  RK45_ECI: r=[-7058.07458389   288.34420875 -3183.15251502], v=[-2.74882218 -3.07604121  5.86193912]
Epoch 708, t=2460388.4276772956:
  TLE_ECI: r=[6517.44605349 -815.50171235 4051.21133187], v=[ 3.71778083  2.99234751 -5.3733658 ]
  RK45_ECI: r=[-7075.947938     264.98459465 -3144.97605563], v=[-2.70797998 -3.07888332  5.87956832]
Epoch 709, t=2460388.4277525586:
  TLE_ECI: r=[6626.76565301 -722.28691869 3888.44673925], v=[ 3.5454124   3.01407525 -5.47684978]
  RK45_ECI: r=[-7093.54428914   241.59855369 -3106.68567376], v=[-2.66703577 -3.08157587  5.89698528]
Epoch 710, t=2460388.427827822:
  TLE_ECI: r=[6730.82749756 -628.40715777 3722.64164333], v=[ 3.37024401  3.03328902 -5.57605979]
  RK45_ECI: r=[-7110.86296838   218.18714898 -3068.28275169], v=[-2.62599115 -3.08411866  5.91418934]
Epoch 711, t=2460388.4279030855:
  TLE_ECI: r=[6829.54936827 -533.94065341 3553.92545055], v=[ 3.19241463  3.04997078 -5.67091728]
  RK45_ECI: r=[-7127.90339435   194.75141323 -3029.76849497], v=[-2.58484754 -3.0865115   5.93117994]
Epoch 712, t=2460388.427978349:
  TLE_ECI: r=[6922.85328833 -438.96615801 3382.42987315], v=[ 3.01206543  3.06410459 -5.76134708]
  RK45_ECI: r=[-7144.66475952   171.29264256 -2991.14465573], v=[-2.54360692 -3.08875418  5.9479563 ]
Epoch 713, t=2460388.428053612:
  TLE_ECI: r=[7010.66558402 -343.56292636 3208.28882656], v=[ 2.82933968  3.07567666 -5.8472775 ]
  RK45_ECI: r=[-7161.14642978   147.81196746 -2952.41263029], v=[-2.50227092 -3.09084652  5.96451778]
Epoch 714, t=2460388.4281288753:
  TLE_ECI: r=[7092.91695005 -247.81056732 3031.63832466], v=[ 2.64438258  3.08467537 -5.92864033]
  RK45_ECI: r=[-7177.34800868   124.31017383 -2913.57327136], v=[-2.46084057 -3.09278836  5.980864  ]
Epoch 715, t=2460388.4282041388:
  TLE_ECI: r=[7169.54250022 -151.78909947 2852.6163733 ], v=[ 2.45734122  3.09109125 -6.00537097]
  RK45_ECI: r=[-7193.26865126   100.78867779 -2874.62852782], v=[-2.41931807 -3.09457952  5.99699412]
Epoch 716, t=2460388.428279402:
  TLE_ECI: r=[7240.48182622  -55.57880241 2671.36286197], v=[ 2.2683644   3.09491699 -6.07740847]
  RK45_ECI: r=[-7208.90790211    77.24840411 -2835.57944089], v=[-2.37770466 -3.09621983  6.01290769]
Epoch 717, t=2460388.4283546656:
  TLE_ECI: r=[7305.67904663   40.73983061 2488.0194537 ], v=[ 2.07760255  3.0961475  -6.14469554]
  RK45_ECI: r=[-7224.26502167    53.69065664 -2796.42778773], v=[-2.33600236 -3.09770914  6.02860395]
Epoch 718, t=2460388.4284299286:
  TLE_ECI: r=[7365.08285397  137.08613902 2302.72947348], v=[ 1.88520759  3.09477987 -6.20717866]
  RK45_ECI: r=[-7239.33943157    30.11657296 -2757.17498425], v=[-2.2942128  -3.09904728  6.04408234]
Epoch 719, t=2460388.428505192:
  TLE_ECI: r=[7418.64655618  233.37944948 2115.63779504], v=[ 1.69133278  3.09081341 -6.26480811]
  RK45_ECI: r=[-7.25413077e+03  6.52694435e+00 -2.71782190e+03], v=[-2.25233704 -3.10023415  6.05934247]
Epoch 720, t=2460388.4285804555:
  TLE_ECI: r=[7466.32811726  329.53901524 1926.89072625], v=[ 1.49613263  3.08424962 -6.317538  ]
  RK45_ECI: r=[-7268.63827067   -17.0768059  -2678.37049655], v=[-2.21037729 -3.10126958  6.07438357]
Epoch 721, t=2460388.428655719:
  TLE_ECI: r=[7508.0901917   425.4841699  1736.63589322], v=[ 1.29976277  3.07509222 -6.36532634]
  RK45_ECI: r=[-7282.8615176    -40.69374696 -2638.82184316], v=[-2.16833481 -3.10215345  6.08920521]
Epoch 722, t=2460388.4287309824:
  TLE_ECI: r=[7543.90015586  521.13437546 1545.02212313], v=[ 1.10237981  3.06334714 -6.40813504]
  RK45_ECI: r=[-7296.79984106   -64.32256893 -2599.1777358 ], v=[-2.12621163 -3.10288565  6.10380669]
Epoch 723, t=2460388.4288062453:
  TLE_ECI: r=[7573.7301371   616.40926812 1352.19932599], v=[ 0.90414119  3.04902251 -6.44593   ]
  RK45_ECI: r=[-7310.45271913   -87.96212853 -2559.43960877], v=[-2.08400942 -3.10346604  6.11818747]
Epoch 724, t=2460388.4288815088:
  TLE_ECI: r=[7597.55703024  711.2288154  1158.31837537], v=[ 0.70520506  3.03212867 -6.47868109]
  RK45_ECI: r=[-7323.81982736  -111.61162988 -2519.60833846], v=[-2.04172922 -3.10389453  6.13234721]
Epoch 725, t=2460388.428956772:
  TLE_ECI: r=[7615.36252687  805.51325164  963.53098822], v=[ 0.50573019  3.01267817 -6.50636221]
  RK45_ECI: r=[-7336.90047168  -135.26964374 -2479.68592499], v=[-1.99937329 -3.10417102  6.14628517]
Epoch 726, t=2460388.4290320356:
  TLE_ECI: r=[7627.13312428  899.18323455  767.98960391], v=[ 0.30587577  2.99068573 -6.52895129]
  RK45_ECI: r=[-7349.6942832   -158.93523501 -2439.67343713], v=[-1.95694289 -3.10429542  6.16000096]
Epoch 727, t=2460388.4291072986:
  TLE_ECI: r=[7632.86014116  992.15986853  571.84726263], v=[ 0.10580132  2.96616824 -6.54643033]
  RK45_ECI: r=[-7362.20060247  -182.6069725  -2399.57288565], v=[-1.91444028 -3.10426762  6.17349387]
Epoch 728, t=2460388.429182562:
  TLE_ECI: r=[7632.53971336 1084.36486157  375.25748314], v=[-0.09433348  2.93914479 -6.55878544]
  RK45_ECI: r=[-7374.41913814  -206.28405737 -2359.3851568 ], v=[-1.87186652 -3.10408757  6.18676358]
Epoch 729, t=2460388.4292578255:
  TLE_ECI: r=[7626.17281368 1175.72045804  178.37414016], v=[-0.29436889  2.90963659 -6.56600677]
  RK45_ECI: r=[-7386.34942866  -229.96534118 -2319.11170278], v=[-1.8292233  -3.10375517  6.19980959]
Epoch 730, t=2460388.429333089:
  TLE_ECI: r=[7613.76523999 1266.14959466  -18.64865863], v=[-0.49414527  2.87766699 -6.56808863]
  RK45_ECI: r=[-7397.99091435  -253.64950695 -2278.75435836], v=[-1.78651266 -3.10327038  6.21263127]
Epoch 731, t=2460388.4294083524:
  TLE_ECI: r=[7595.32761278 1355.57594414 -215.65669578], v=[-0.6935032   2.84326144 -6.56502939]
  RK45_ECI: r=[-7409.34327023  -277.3356159  -2238.3142046 ], v=[-1.7437359  -3.10263311  6.22522827]
Epoch 732, t=2460388.4294836153:
  TLE_ECI: r=[7570.87537019 1443.92395823 -412.49576736], v=[-0.89228361  2.80644752 -6.55683157]
  RK45_ECI: r=[-7420.40591364  -301.02223348 -2197.79327448], v=[-1.70089527 -3.10184335  6.23759993]
Epoch 733, t=2460388.4295588788:
  TLE_ECI: r=[7540.42873803 1531.11902153 -609.01180623], v=[-1.09032797  2.76725483 -6.54350178]
  RK45_ECI: r=[-7431.17859006  -324.70855807 -2157.19246414], v=[-1.65799187 -3.10090102  6.24974596]
Epoch 734, t=2460388.429634142:
  TLE_ECI: r=[7504.01273707 1617.08738168 -805.05100524], v=[-1.28747833  2.72571504 -6.52505072]
  RK45_ECI: r=[-7441.66089542  -348.39343815 -2116.51324162], v=[-1.61502738 -3.09980609  6.26166588]
Epoch 735, t=2460388.4297094056:
  TLE_ECI: r=[ 7461.65714552  1701.7563015  -1000.45994006], v=[-1.48357754  2.68186184 -6.5014932 ]
  RK45_ECI: r=[-7451.85234029  -372.07555429 -2075.75746082], v=[-1.57200387 -3.09855854  6.27335914]
Epoch 736, t=2460388.429784669:
  TLE_ECI: r=[ 7413.3964775   1785.05409916 -1195.08569173], v=[-1.67846933  2.63573087 -6.4728481 ]
  RK45_ECI: r=[-7461.75264395  -395.75396516 -2034.92621427], v=[-1.52892265 -3.09715834  6.2848254 ]
Epoch 737, t=2460388.429859932:
  TLE_ECI: r=[ 7359.26995909  1866.91018792 -1388.77596876], v=[-1.87199846  2.58735977 -6.43913837]
  RK45_ECI: r=[-7471.36130111  -419.42723466 -1994.02155524], v=[-1.48578599 -3.09560548  6.29606407]
Epoch 738, t=2460388.4299351955:
  TLE_ECI: r=[ 7299.32147335  1947.25522272 -1581.37922846], v=[-2.06401086  2.53678805 -6.40039097]
  RK45_ECI: r=[-7480.67809443  -443.094559   -1953.04438907], v=[-1.44259498 -3.09389995  6.30707486]
Epoch 739, t=2460388.430010459:
  TLE_ECI: r=[ 7233.59955508  2026.02102958 -1772.74479781], v=[-2.25435376  2.48405715 -6.3566369 ]
  RK45_ECI: r=[-7489.70267763  -466.75478495 -1911.99619821], v=[-1.39935132 -3.09204172  6.31785736]
Epoch 740, t=2460388.4300857224:
  TLE_ECI: r=[ 7162.15732845  2103.14075061 -1962.72299331], v=[-2.44287577  2.42921033 -6.30791113]
  RK45_ECI: r=[-7498.43463215  -490.4065923  -1870.87885417], v=[-1.35605711 -3.09003084  6.32841106]
Epoch 741, t=2460388.430160986:
  TLE_ECI: r=[ 7085.05246718  2178.5488793  -2151.16523995], v=[-2.62942708  2.37229266 -6.25425257]
  RK45_ECI: r=[-7506.87372173  -514.04903831 -1829.69345988], v=[-1.31271364 -3.08786729  6.33873564]
Epoch 742, t=2460388.4302362488:
  TLE_ECI: r=[ 7002.34715246  2252.18129551 -2337.92418926], v=[-2.81385952  2.313351   -6.19570407]
  RK45_ECI: r=[-7515.01951908  -537.68068653 -1788.44208711], v=[-1.26932323 -3.08555111  6.34883056]
Epoch 743, t=2460388.430311512:
  TLE_ECI: r=[ 6914.107994    2323.97540298 -2522.85383593], v=[-2.99602673  2.2524339  -6.13231233]
  RK45_ECI: r=[-7522.87184415  -561.30073232 -1747.12564957], v=[-1.22588695 -3.08308232  6.3586956 ]
Epoch 744, t=2460388.4303867756:
  TLE_ECI: r=[ 6820.40601303  2393.87005799 -2705.80963357], v=[-3.17578425  2.18959162 -6.06412789]
  RK45_ECI: r=[-7530.43040898  -584.90802192 -1705.74564285], v=[-1.18240652 -3.08046093  6.36833034]
Epoch 745, t=2460388.430462039:
  TLE_ECI: r=[ 6721.31655662  2461.80570437 -2886.64860875], v=[-3.35298964  2.12487605 -5.99120506]
  RK45_ECI: r=[-7537.69486615  -608.50123582 -1664.30395434], v=[-1.13888405 -3.07768701  6.37773434]
Epoch 746, t=2460388.430537302:
  TLE_ECI: r=[ 6616.91924815  2527.72438397 -3065.22947385], v=[-3.52750262  2.05834067 -5.91360191]
  RK45_ECI: r=[-7544.66495927  -632.07922108 -1622.80208623], v=[-1.09532125 -3.07476061  6.38690723]
Epoch 747, t=2460388.4306125655:
  TLE_ECI: r=[ 6507.29789125  2591.56986305 -3241.41273814], v=[-3.69918516  1.9900405  -5.83138016]
  RK45_ECI: r=[-7551.34053436  -655.64117214 -1581.24095749], v=[-1.05171921 -3.07168175  6.3958488 ]
Epoch 748, t=2460388.430687829:
  TLE_ECI: r=[ 6392.54044323  2653.28756332 -3415.0608175 ], v=[-3.86790159  1.92003205 -5.74460516]
  RK45_ECI: r=[-7557.72125397  -679.18565499 -1539.62265883], v=[-1.00808025 -3.06845053  6.40455855]
Epoch 749, t=2460388.4307630924:
  TLE_ECI: r=[ 6272.7389129   2712.82468548 -3586.0381421 ], v=[-4.03351873  1.84837329 -5.65334585]
  RK45_ECI: r=[-7563.80695368  -702.71172636 -1497.94830784], v=[-0.96440569 -3.06506699  6.41303623]
Epoch 750, t=2460388.430838356:
  TLE_ECI: r=[ 6147.98929087  2770.13023474 -3754.2112625 ], v=[-4.19590595  1.77512356 -5.55767464]
  RK45_ECI: r=[-7569.59735767  -726.21806904 -1456.21980607], v=[-0.92069765 -3.06153122  6.42128144]
Epoch 751, t=2460388.4309136188:
  TLE_ECI: r=[ 6018.39147816  2825.1550456  -3919.44895373], v=[-4.35493533  1.70034358 -5.4576674 ]
  RK45_ECI: r=[-7575.092295    -749.70362477 -1414.43847058], v=[-0.87695763 -3.05784332  6.42929388]
Epoch 752, t=2460388.430988882:
  TLE_ECI: r=[ 5884.04917018  2877.85189446 -4081.62231732], v=[-4.51048173  1.6240953  -5.35340335]
  RK45_ECI: r=[-7580.29156909  -773.16730892 -1372.60581595], v=[-0.83318735 -3.05400335  6.43707326]
Epoch 753, t=2460388.4310641456:
  TLE_ECI: r=[ 5745.06982044  2928.17543148 -4240.60488153], v=[-4.66242289  1.54644194 -5.24496503]
  RK45_ECI: r=[-7585.19500158  -796.60797042 -1330.72335878], v=[-0.78938853 -3.05001143  6.44461925]
Epoch 754, t=2460388.431139409:
  TLE_ECI: r=[ 5601.56451886  2976.0822909  -4396.2726991 ], v=[-4.8106395   1.46744787 -5.1324382 ]
  RK45_ECI: r=[-7589.80244637  -820.02457431 -1288.79242071], v=[-0.74556269 -3.04586763  6.4519316 ]
Epoch 755, t=2460388.4312146725:
  TLE_ECI: r=[ 5453.64790864  3021.53110872 -4548.50444305], v=[-4.95501533  1.38717862 -5.01591176]
  RK45_ECI: r=[-7594.11369956  -843.41580708 -1246.81491579], v=[-0.70171195 -3.04157211  6.45900995]
Epoch 756, t=2460388.4312899355:
  TLE_ECI: r=[ 5301.4381011   3064.48254158 -4697.18150011], v=[-5.0954373   1.30570076 -4.8954777 ]
  RK45_ECI: r=[-7598.1286424   -866.78061259 -1204.79216964], v=[-0.65783784 -3.03712496  6.46585406]
Epoch 757, t=2460388.431365199:
  TLE_ECI: r=[ 5145.05654292  3104.89936253 -4842.18806171], v=[-5.23179558  1.22308184 -4.771231  ]
  RK45_ECI: r=[-7601.84713627  -890.11790947 -1162.7257064 ], v=[-0.61394207 -3.03252631  6.47246364]
Epoch 758, t=2460388.4314404624:
  TLE_ECI: r=[ 4984.62797068  3142.74639669 -4983.4112128 ], v=[-5.36398361  1.1393904  -4.64326958]
  RK45_ECI: r=[-7605.26906172  -913.42655014 -1120.61705188], v=[-0.57002637 -3.0277763   6.47883845]
Epoch 759, t=2460388.431515726:
  TLE_ECI: r=[ 4820.28027352  3177.99061422 -5120.74101802], v=[-5.49189827  1.05469584 -4.51169414]
  RK45_ECI: r=[-7608.3943247   -936.70550237 -1078.46753574], v=[-0.52609226 -3.02287504  6.48497823]
Epoch 760, t=2460388.431590989:
  TLE_ECI: r=[ 4652.14439812  3210.60114153 -5254.0706054 ], v=[-5.61543987  0.96906843 -4.37660818]
  RK45_ECI: r=[-7611.22279333  -959.95345798 -1036.27908275], v=[-0.48214187 -3.01782272  6.49088272]
Epoch 761, t=2460388.431666252:
  TLE_ECI: r=[ 4480.35425212  3240.54927354 -5383.29624754], v=[-5.7345123   0.88257918 -4.23811784]
  RK45_ECI: r=[-7613.7544013   -983.16936433  -994.05302595], v=[-0.43817673 -3.01261949  6.49655167]
Epoch 762, t=2460388.4317415156:
  TLE_ECI: r=[ 4305.04655779  3267.80855065 -5508.31744006], v=[-5.84902301  0.79529978 -4.09633182]
  RK45_ECI: r=[-7615.98906798 -1006.35214459  -951.79089761], v=[-0.39419856 -3.00726549  6.50198487]
Epoch 763, t=2460388.431816779:
  TLE_ECI: r=[ 4126.36079885  3292.35469967 -5629.03697763], v=[-5.95888315  0.70730265 -3.95136134]
  RK45_ECI: r=[-7617.92674382 -1029.50074729  -909.49403286], v=[-0.35020889 -3.00176087  6.50718212]
Epoch 764, t=2460388.4318920425:
  TLE_ECI: r=[ 3944.43907033  3314.16570822 -5745.36102704], v=[-6.06400761  0.61866074 -3.80331998]
  RK45_ECI: r=[-7619.56735473 -1052.61386958  -867.16436389], v=[-0.30620985 -2.99610585  6.51214316]
Epoch 765, t=2460388.4319673055:
  TLE_ECI: r=[ 3759.42598397  3333.2218179  -5857.19919769], v=[-6.16431504  0.52944757 -3.65232364]
  RK45_ECI: r=[-7620.91086834 -1075.69037119  -824.80342761], v=[-0.26220318 -2.99030063  6.51686778]
Epoch 766, t=2460388.432042569:
  TLE_ECI: r=[ 3571.4685134   3349.50558548 -5964.46460918], v=[-6.25972797  0.43973709 -3.49849042]
  RK45_ECI: r=[-7621.95727458 -1098.7294536   -782.41216522], v=[-0.21818998 -2.98434531  6.52135586]
Epoch 767, t=2460388.4321178324:
  TLE_ECI: r=[ 3380.7159356   3363.00182882 -6067.07395631], v=[-6.3501728   0.34960368 -3.34194054]
  RK45_ECI: r=[-7622.70653657 -1121.72970452  -739.99271238], v=[-0.17417261 -2.97824017  6.52560714]
Epoch 768, t=2460388.432193096:
  TLE_ECI: r=[ 3187.31967289  3373.6976857  -6164.94757103], v=[-6.4355799   0.25912209 -3.18279625]
  RK45_ECI: r=[-7623.15866199 -1144.69019145  -697.54621119], v=[-0.13015237 -2.97198536  6.52962149]
Epoch 769, t=2460388.432268359:
  TLE_ECI: r=[ 2991.4331827   3381.58261244 -6258.00948162], v=[-6.5158836   0.16836734 -3.02118171]
  RK45_ECI: r=[-7623.31364911 -1167.60961949  -655.07460142], v=[-0.08613142 -2.96558114  6.53339869]
Epoch 770, t=2460388.432343622:
  TLE_ECI: r=[ 2793.211846    3386.64838443 -6346.18746897], v=[-6.59102231  0.07741468 -2.85722291]
  RK45_ECI: r=[-7623.17152477 -1190.48685487  -612.57942588], v=[-0.04211148 -2.95902774  6.53693859]
Epoch 771, t=2460388.4324188856:
  TLE_ECI: r=[ 2592.81280462  3388.8891367  -6429.41311993], v=[-6.66093847 -0.01366049 -2.69104757]
  RK45_ECI: r=[-7622.73231699 -1213.32110289  -570.06162954], v=[ 1.90632568e-03 -2.95232528e+00  6.54024109e+00]
Epoch 772, t=2460388.432494149:
  TLE_ECI: r=[ 2390.39489718  3388.30131747 -6507.62187779], v=[-6.72557866 -0.10478263 -2.52278505]
  RK45_ECI: r=[-7621.99606823 -1236.11096128  -527.52335535], v=[ 0.04591967 -2.94547411  6.54330598]
Epoch 773, t=2460388.4325694125:
  TLE_ECI: r=[ 2186.11849433  3384.88372616 -6580.75308977], v=[-6.78489358 -0.19587616 -2.35256623]
  RK45_ECI: r=[-7620.96283166 -1258.85550274  -484.96574935], v=[ 0.08992721 -2.93847437  6.54613317]
Epoch 774, t=2460388.432644676:
  TLE_ECI: r=[ 1980.14538292  3378.63750567 -6648.7500515 ], v=[-6.83883813 -0.28686553 -2.18052344]
  RK45_ECI: r=[-7619.63267787 -1281.5534419   -442.39075723], v=[ 0.13392682 -2.93132641  6.54872249]
Epoch 775, t=2460388.432719939:
  TLE_ECI: r=[ 1772.63864907  3369.56613661 -6711.56004862], v=[-6.88737138 -0.37767522 -2.00679034]
  RK45_ECI: r=[-7618.00569289 -1304.20365295  -399.7999262 ], v=[ 0.17791677 -2.92403046  6.55107384]
Epoch 776, t=2460388.4327952024:
  TLE_ECI: r=[ 1563.76251114  3357.67545644 -6769.1343952 ], v=[-6.93045665 -0.46822991 -1.83150182]
  RK45_ECI: r=[-7616.08194286 -1326.80534589  -357.19420427], v=[ 0.22189593 -2.91658668  6.55318713]
Epoch 777, t=2460388.432870466:
  TLE_ECI: r=[ 1353.68225094  3342.9736219  -6821.42846945], v=[-6.96806149 -0.55845441 -1.65479391]
  RK45_ECI: r=[-7613.86154955 -1349.35713002  -314.57573961], v=[ 0.26586198 -2.90899545  6.55506224]
Epoch 778, t=2460388.4329457292:
  TLE_ECI: r=[ 1142.56404534  3325.47112567 -6868.40174616], v=[-7.00015773 -0.6482738  -1.47680367]
  RK45_ECI: r=[-7611.3446116  -1371.85808431  -271.94568127], v=[ 0.30981358 -2.90125696  6.55669908]
Epoch 779, t=2460388.4330209927:
  TLE_ECI: r=[  930.57484685  3305.18078263 -6910.01782617], v=[-7.02672146 -0.73761345 -1.29766909]
  RK45_ECI: r=[-7608.53127183 -1394.30693447  -229.30597903], v=[ 0.3537486  -2.89337158  6.55809756]
Epoch 780, t=2460388.4330962556:
  TLE_ECI: r=[  717.88226356  3282.11771792 -6946.2444629 ], v=[-7.04773309 -0.8263991  -1.11752899]
  RK45_ECI: r=[-7605.42167549 -1416.70256388  -186.65818317], v=[ 0.39766531 -2.8853396   6.5592576 ]
Epoch 781, t=2460388.433171519:
  TLE_ECI: r=[  504.65439053  3256.29936467 -6977.05358567], v=[-7.0631773  -0.91455697 -0.93652294]
  RK45_ECI: r=[-7602.01592669 -1439.04418822  -144.00324379], v=[ 0.44156259 -2.87716118  6.56017916]
Epoch 782, t=2460388.4332467825:
  TLE_ECI: r=[  291.05973739  3227.74543586 -7002.42132019], v=[-7.07304312 -1.00201367 -0.75479112]
  RK45_ECI: r=[-7598.31422651 -1461.33042991  -101.34331242], v=[ 0.48543812 -2.86883676  6.56086215]
Epoch 783, t=2460388.433322046:
  TLE_ECI: r=[   77.26705909  3196.47791972 -7022.32800585], v=[-7.07732386 -1.08869642 -0.57247424]
  RK45_ECI: r=[-7594.31671887 -1483.56037546   -58.67954003], v=[ 0.52929056 -2.86036657  6.56130655]
Epoch 784, t=2460388.433397309:
  TLE_ECI: r=[ -136.55475549  3162.5210604  -7036.75820998], v=[-7.07601717 -1.17453295 -0.38971343]
  RK45_ECI: r=[-7590.02364075 -1505.73265364   -16.01407897], v=[ 0.57311758 -2.85175103  6.56151229]
Epoch 785, t=2460388.4334725724:
  TLE_ECI: r=[ -350.23685168  3125.90133858 -7045.700739  ], v=[-7.06912501 -1.25945176 -0.20665016]
  RK45_ECI: r=[-7585.43513062 -1527.84648631    26.65211953], v=[ 0.61691808 -2.84299036  6.56147936]
Epoch 786, t=2460388.433547836:
  TLE_ECI: r=[ -563.61048333  3086.64745135 -7049.1486467 ], v=[-7.05665366 -1.34338197 -0.0234261 ]
  RK45_ECI: r=[-7580.55139634 -1549.90076785    69.31750342], v=[ 0.66069031 -2.83408488  6.56120772]
Epoch 787, t=2460388.4336230992:
  TLE_ECI: r=[ -776.50718073  3044.79029058 -7047.09923924], v=[-7.0386137  -1.42625346  0.15981695]
  RK45_ECI: r=[-7575.37269605 -1571.89424486   111.98012001], v=[ 0.70443217 -2.82503501  6.56069737]
Epoch 788, t=2460388.4336983627:
  TLE_ECI: r=[ -988.75887126  3000.36291884 -7039.55407718], v=[-7.01502    -1.50799695  0.34293717]
  RK45_ECI: r=[-7569.89921907 -1593.82601195   154.63881747], v=[ 0.74814231 -2.81584101  6.55994829]
Epoch 789, t=2460388.4337736256:
  TLE_ECI: r=[-1200.19800081  2953.40054739 -7026.5189745 ], v=[-6.98589175 -1.58854402  0.52579284]
  RK45_ECI: r=[-7564.13128118 -1615.6947138    197.29144292], v=[ 0.79181844 -2.80650337  6.5589605 ]
Epoch 790, t=2460388.433848889:
  TLE_ECI: r=[-1410.65769777  2903.94049572 -7008.00399437], v=[-6.95125239 -1.6678272   0.70824241]
  RK45_ECI: r=[-7558.0690588  -1637.49957941   239.93704472], v=[ 0.83545942 -2.7970223   6.557734  ]
Epoch 791, t=2460388.4339241525:
  TLE_ECI: r=[-1619.97184981  2852.02218167 -6984.02344214], v=[-6.91112962 -1.74577998  0.89014463]
  RK45_ECI: r=[-7551.71281858 -1659.23951511   282.57407062], v=[ 0.87906355 -2.78739819  6.5562688 ]
Epoch 792, t=2460388.433999416:
  TLE_ECI: r=[-1827.97526727  2797.68707895 -6954.59585498], v=[-6.86555538 -1.82233685  1.07135865]
  RK45_ECI: r=[-7545.06289051 -1680.91328236   325.20056844], v=[ 0.92262869 -2.77763148  6.55456494]
Epoch 793, t=2460388.4340746794:
  TLE_ECI: r=[-2034.50380227  2740.97868782 -6919.74398865], v=[-6.81456583 -1.89743342  1.25174409]
  RK45_ECI: r=[-7538.11950894 -1702.51998545   367.81538649], v=[ 0.96615355 -2.76772246  6.55262246]
Epoch 794, t=2460388.4341499424:
  TLE_ECI: r=[-2239.39446788  2681.94250792 -6879.49480114], v=[-6.75820133 -1.9710064   1.4311612 ]
  RK45_ECI: r=[-7530.88306833 -1724.05828598   410.41637343], v=[ 1.0096358  -2.75767166  6.55044141]
Epoch 795, t=2460388.434225206:
  TLE_ECI: r=[-2442.48559612  2620.62597742 -6833.87943321], v=[-6.69650639 -2.04299374  1.60947089]
  RK45_ECI: r=[-7523.35378281 -1745.52742132   453.00257795], v=[ 1.05307433 -2.74747934  6.54802183]
Epoch 796, t=2460388.4343004692:
  TLE_ECI: r=[-2643.61691564  2557.07847347 -6782.93318601], v=[-6.62952967 -2.11333457  1.7865349 ]
  RK45_ECI: r=[-7515.53197764 -1766.9263108    495.5724491 ], v=[ 1.09646744 -2.73714588  6.54536379]
Epoch 797, t=2460388.4343757327:
  TLE_ECI: r=[-2842.62970838  2491.35124931 -6726.69549554], v=[-6.55732392 -2.18196931  1.96221585]
  RK45_ECI: r=[-7507.41805424 -1788.25373264   538.12403693], v=[ 1.13981301 -2.7266718   6.54246736]
Epoch 798, t=2460388.4344509956:
  TLE_ECI: r=[-3039.36691752  2423.4974094  -6665.2099041 ], v=[-6.47994597 -2.24883972  2.13637738]
  RK45_ECI: r=[-7499.01236939 -1809.50861355   580.65579193], v=[ 1.18310933 -2.7160575   6.53933265]
Epoch 799, t=2460388.434526259:
  TLE_ECI: r=[-3233.67329882  2353.57183269 -6598.52402867], v=[-6.39745667 -2.31388897  2.30888422]
  RK45_ECI: r=[-7490.31516331 -1830.69019717   623.16676345], v=[ 1.22635531 -2.70530326  6.53595969]
Epoch 800, t=2460388.4346015225:
  TLE_ECI: r=[-3425.39549842  2281.63118109 -6526.68952642], v=[-6.30992087 -2.37706161  2.4796023 ]
  RK45_ECI: r=[-7481.32692012 -1851.79716691   665.65480418], v=[ 1.26954864 -2.69440966  6.53234863]
Epoch 801, t=2460388.434676786:
  TLE_ECI: r=[-3614.38220166  2207.7338215  -6449.76205697], v=[-6.21740737 -2.4383037   2.64839887]
  RK45_ECI: r=[-7472.04794587 -1872.82864441   708.11876491], v=[ 1.31268801 -2.68337702  6.52849953]
Epoch 802, t=2460388.4347520494:
  TLE_ECI: r=[-3800.48424418  2131.9397882  -6367.80124186], v=[-6.11998884 -2.4975628   2.81514258]
  RK45_ECI: r=[-7462.47871318 -1893.7834251    750.55669978], v=[ 1.35577133 -2.67220588  6.52441256]
Epoch 803, t=2460388.4348273124:
  TLE_ECI: r=[-3983.55472328  2054.31074674 -6280.87062087], v=[-6.01774184 -2.55478801  2.97970357]
  RK45_ECI: r=[-7452.61963682 -1914.6604514    792.96706268], v=[ 1.3987969  -2.6608967   6.52008784]
Epoch 804, t=2460388.434902576:
  TLE_ECI: r=[-4163.44913738  1974.90989973 -6189.03760543], v=[-5.9107467  -2.60993012  3.1419536 ]
  RK45_ECI: r=[-7442.47099437 -1935.45897663   835.34890488], v=[ 1.44176363 -2.64944977  6.51552544]
Epoch 805, t=2460388.4349778392:
  TLE_ECI: r=[-4340.02546327  1893.80200469 -6092.37342913], v=[-5.79908751 -2.6629415   3.30176611]
  RK45_ECI: r=[-7432.03334778 -1956.17770452   877.70008471], v=[ 1.48466923 -2.63786571  6.51072556]
Epoch 806, t=2460388.4350531027:
  TLE_ECI: r=[-4513.14429295  1811.05327781 -5990.95309514], v=[-5.68285203 -2.71377624  3.45901636]
  RK45_ECI: r=[-7421.3070475  -1976.81576888   920.01945588], v=[ 1.5275124  -2.62614488  6.50568832]
Epoch 807, t=2460388.435128366:
  TLE_ECI: r=[-4682.66893782  1726.73135235 -5884.85532083], v=[-5.56213166 -2.76239015  3.61358149]
  RK45_ECI: r=[-7410.29263675 -1997.37198475   962.30507836], v=[ 1.57029105 -2.61428786  6.50041391]
Epoch 808, t=2460388.435203629:
  TLE_ECI: r=[-4848.46553224  1640.90523882 -5774.16247945], v=[-5.43702137 -2.80874082  3.76534066]
  RK45_ECI: r=[-7398.99053883 -2017.84538999  1004.55560913], v=[ 1.6130037  -2.60229508  6.49490249]
Epoch 809, t=2460388.4352788925:
  TLE_ECI: r=[-5010.40315958  1553.6452136  -5658.96053883], v=[-5.30761958 -2.85278768  3.91417507]
  RK45_ECI: r=[-7387.40121613 -2038.2350104   1046.76950757], v=[ 1.65564868 -2.59016702  6.48915422]
Epoch 810, t=2460388.435354156:
  TLE_ECI: r=[-5168.35392699  1465.02284614 -5539.33899746], v=[-5.17402818 -2.89449199  4.05996815]
  RK45_ECI: r=[-7375.52516005 -2058.53981008  1088.94523424], v=[ 1.69822429 -2.57790417  6.4831693 ]
Epoch 811, t=2460388.4354294194:
  TLE_ECI: r=[-5322.1930876   1375.11088622 -5415.3908175 ], v=[-5.03635241 -2.93381688  4.20260558]
  RK45_ECI: r=[-7363.36281446 -2078.7588565   1131.08144864], v=[ 1.74072906 -2.56550699  6.47694789]
Epoch 812, t=2460388.435504683:
  TLE_ECI: r=[-5471.79913559  1283.98321876 -5287.21235512], v=[-4.89470076 -2.97072743  4.34197541]
  RK45_ECI: r=[-7350.9147926  -2098.89098566  1173.17621832], v=[ 1.78316092 -2.55297608  6.47049025]
Epoch 813, t=2460388.435579946:
  TLE_ECI: r=[-5617.05390018  1191.71482095 -5154.90328812], v=[-4.74918495 -3.00519065  4.47796817]
  RK45_ECI: r=[-7338.18156862 -2118.93525079  1215.22820563], v=[ 1.82551838 -2.54031191  6.46379656]
Epoch 814, t=2460388.4356552092:
  TLE_ECI: r=[-5757.84265531  1098.38163562 -5018.56654068], v=[-4.59991978 -3.03717558  4.61047691]
  RK45_ECI: r=[-7325.16366113 -2138.89069509  1257.23587636], v=[ 1.8677998  -2.52751499  6.45686704]
Epoch 815, t=2460388.4357304727:
  TLE_ECI: r=[-5894.0541904   1004.06060721 -4878.30820561], v=[-4.44702311 -3.06665325  4.73939733]
  RK45_ECI: r=[-7311.86156037 -2158.75637726  1299.1978947 ], v=[ 1.91000369 -2.51458579  6.44970189]
Epoch 816, t=2460388.435805736:
  TLE_ECI: r=[-6025.5809154    908.82955435 -4734.23746384], v=[-4.29061575 -3.09359674  4.86462788]
  RK45_ECI: r=[-7298.27593528 -2178.53115076  1341.11233557], v=[ 1.952128   -2.50152497  6.44230141]
Epoch 817, t=2460388.435880999:
  TLE_ECI: r=[-6152.31894192   812.76714052 -4586.46650135], v=[-4.13082135 -3.11798119  4.98606979]
  RK45_ECI: r=[-7284.40736112 -2198.21400628  1382.9776701 ], v=[ 1.99417107 -2.48833305  6.43466586]
Epoch 818, t=2460388.4359562625:
  TLE_ECI: r=[-6274.16817781   715.95273747 -4435.11042359], v=[-3.96776631 -3.1397839   5.10362719]
  RK45_ECI: r=[-7270.25621862 -2217.80422941  1424.79295937], v=[ 2.03613182 -2.47501042  6.42679537]
Epoch 819, t=2460388.436031526:
  TLE_ECI: r=[-6391.03239371   618.46646731 -4280.28716737], v=[-3.80157972 -3.15898424  5.21720721]
  RK45_ECI: r=[-7255.82328416 -2237.30058952  1466.55608803], v=[ 2.07800803 -2.46155779  6.41869032]
Epoch 820, t=2460388.4361067894:
  TLE_ECI: r=[-6502.81931223   520.38906537 -4122.11741036], v=[-3.63239324 -3.17556376  5.32672   ]
  RK45_ECI: r=[-7241.10903083 -2256.70225982  1508.26592354], v=[ 2.11979842 -2.44797561  6.41035091]
Epoch 821, t=2460388.436182053:
  TLE_ECI: r=[-6609.44068109   421.80183112 -3960.7244782 ], v=[-3.46034097 -3.18950617  5.43207887]
  RK45_ECI: r=[-7226.11419651 -2276.00811696  1549.92055165], v=[ 2.16150097 -2.43426456  6.4017775 ]
Epoch 822, t=2460388.436257316:
  TLE_ECI: r=[-6710.81234485   322.78658048 -3796.23424928], v=[-3.28555939 -3.20079736  5.53320035]
  RK45_ECI: r=[-7210.83941274 -2295.21717151  1591.51845227], v=[ 2.20311402 -2.42042521  6.39297037]
Epoch 823, t=2460388.4363325792:
  TLE_ECI: r=[-6806.85431839   223.42549954 -3628.77505732], v=[-3.10818722 -3.20942547  5.63000422]
  RK45_ECI: r=[-7195.28509649 -2314.32872192  1633.05869171], v=[ 2.24463652 -2.40645796  6.3839297 ]
Epoch 824, t=2460388.4364078427:
  TLE_ECI: r=[-6897.49084658   123.80119312 -3458.47759179], v=[-2.92836535 -3.21538083  5.72241366]
  RK45_ECI: r=[-7179.45209935 -2333.34156395  1674.53916767], v=[ 2.28606626 -2.39236358  6.37465593]
Epoch 825, t=2460388.436483106:
  TLE_ECI: r=[-6982.65047179    23.99653823 -3285.47479614], v=[-2.74623667 -3.218656    5.81035523]
  RK45_ECI: r=[-7163.34093739 -2352.25488665  1715.95875454], v=[ 2.32740198 -2.37814252  6.36514928]
Epoch 826, t=2460388.4365583695:
  TLE_ECI: r=[-7062.26609198   -75.90536645 -3109.90176416], v=[-2.56194602 -3.21924581  5.893759  ]
  RK45_ECI: r=[-7146.95241669 -2371.06759154  1757.31555062], v=[ 2.36864168 -2.36379551  6.35541016]
Epoch 827, t=2460388.4366336325:
  TLE_ECI: r=[-7136.27501723  -175.82124853 -2931.89563428], v=[-2.37564002 -3.21714734  5.97255861]
  RK45_ECI: r=[-7130.28722444 -2389.77870994  1798.60804605], v=[ 2.40978372 -2.34932317  6.34543891]
Epoch 828, t=2460388.436708896:
  TLE_ECI: r=[-7204.61902026  -275.66781577 -2751.59548206], v=[-2.18746699 -3.21235994  6.04669128]
  RK45_ECI: r=[-7113.34581353 -2408.38755397  1839.83531318], v=[ 2.45082705 -2.33472589  6.33523573]
Epoch 829, t=2460388.4367841594:
  TLE_ECI: r=[-7267.24438735  -375.36170182 -2569.14221091], v=[-1.99757679 -3.20488524  6.11609792]
  RK45_ECI: r=[-7096.12910982 -2426.8929475   1880.99526476], v=[ 2.4917695  -2.32000448  6.32480112]
Epoch 830, t=2460388.436859423:
  TLE_ECI: r=[-7324.10196225  -474.81961889 -2384.67844115], v=[-1.80612076 -3.19472712  6.18072318]
  RK45_ECI: r=[-7078.63767183 -2445.29409649  1922.0867831 ], v=[ 2.53260982 -2.30515945  6.31413532]
Epoch 831, t=2460388.4369346863:
  TLE_ECI: r=[-7375.14718771  -573.95840768 -2198.34839746], v=[-1.6132515  -3.18189176  6.24051545]
  RK45_ECI: r=[-7060.87237319 -2463.58992801  1963.10798083], v=[ 2.57334603 -2.29019155  6.30323882]
Epoch 832, t=2460388.4370099492:
  TLE_ECI: r=[-7420.34014486  -672.69508648 -2010.29779484], v=[-1.41912287 -3.1663876   6.29542698]
  RK45_ECI: r=[-7042.83395603 -2481.77949572  2004.05735972], v=[ 2.61397651 -2.27510141  6.29211198]
Epoch 833, t=2460388.4370852127:
  TLE_ECI: r=[-7459.64557936  -770.94700795 -1820.67372325], v=[-1.22388971 -3.14822536  6.34541386]
  RK45_ECI: r=[-7024.52290854 -2499.86212657  2044.93399901], v=[ 2.65450024 -2.25988947  6.28075503]
Epoch 834, t=2460388.437160476:
  TLE_ECI: r=[-7493.03294211  -868.63179956 -1629.62453083], v=[-1.02770785 -3.12741801  6.39043612]
  RK45_ECI: r=[-7005.94023012 -2517.83667337  2085.73582843], v=[ 2.69491505 -2.24455657  6.26916853]
Epoch 835, t=2460388.4372357395:
  TLE_ECI: r=[-7520.47640803  -965.66752024 -1437.29970608], v=[-0.83073392 -3.10398081  6.43045771]
  RK45_ECI: r=[-6987.08652121 -2535.70235998  2126.46173926], v=[ 2.73521972 -2.22910323  6.25735277]
Epoch 836, t=2460388.4373110025:
  TLE_ECI: r=[-7541.95490277 -1061.97268649 -1243.84975886], v=[-0.63312519 -3.07793124  6.46544658]
  RK45_ECI: r=[-6967.96281414 -2553.45805289  2167.10966962], v=[ 2.77541211 -2.21353033  6.24530831]
Epoch 837, t=2460388.437386266:
  TLE_ECI: r=[-7557.4521084  -1157.46643031 -1049.42610049], v=[-0.43503949 -3.04928903  6.49537468]
  RK45_ECI: r=[-6948.56962876 -2571.10309282  2207.678706  ], v=[ 2.81549119 -2.1978383   6.23303542]
Epoch 838, t=2460388.4374615294:
  TLE_ECI: r=[-7566.9564951  -1252.06843587  -854.18092294], v=[-0.23663505 -3.01807612  6.52021802]
  RK45_ECI: r=[-6928.90776474 -2588.63655822  2248.16736373], v=[ 2.85545537 -2.18202783  6.22053452]
Epoch 839, t=2460388.437536793:
  TLE_ECI: r=[-7570.46131934 -1345.69909639  -658.26707731], v=[-0.03807036 -2.98431667  6.53995664]
  RK45_ECI: r=[-6908.97820175 -2606.05742055  2288.57378192], v=[ 2.89530273 -2.16609972  6.20780616]
Epoch 840, t=2460388.4376120563:
  TLE_ECI: r=[-7567.9646325  -1438.27956029  -461.83795169], v=[ 0.16049594 -2.94803702  6.5545747 ]
  RK45_ECI: r=[-6888.78158152 -2623.36492244  2328.89686193], v=[ 2.93503203 -2.15005451  6.19485066]
Epoch 841, t=2460388.4376873192:
  TLE_ECI: r=[-7559.46928696 -1529.73177657  -265.04734843], v=[ 0.35890521 -2.90926566  6.56406042]
  RK45_ECI: r=[-6868.31900839 -2640.55796166  2369.13456158], v=[ 2.97464119 -2.13389312  6.18166866]
Epoch 842, t=2460388.4377625827:
  TLE_ECI: r=[-7544.9829161  -1619.9786503    -68.04936111], v=[ 0.55699896 -2.86803325  6.56840616]
  RK45_ECI: r=[-6847.59103665 -2657.63589501  2409.28597595], v=[ 3.01412918 -2.117616    6.16826043]
Epoch 843, t=2460388.437837846:
  TLE_ECI: r=[-7524.51795386 -1708.94397596   129.00174887], v=[ 0.75461896 -2.82437255  6.56760837]
  RK45_ECI: r=[-6826.59851937 -2674.59782547  2449.34963478], v=[ 3.05349444 -2.10122388  6.15462645]
Epoch 844, t=2460388.4379131095:
  TLE_ECI: r=[-7498.09160704 -1796.55259125   325.95167576], v=[ 0.95160737 -2.77831841  6.56166763]
  RK45_ECI: r=[-6805.34250122 -2691.44275381  2489.32369605], v=[ 3.09273506 -2.08471757  6.14076731]
Epoch 845, t=2460388.437988373:
  TLE_ECI: r=[-7465.72584497 -1882.73041937   522.64619312], v=[ 1.14780691 -2.72990774  6.55058865]
  RK45_ECI: r=[-6783.82366471 -2708.16994221  2529.20707213], v=[ 3.13184986 -2.06809768  6.12668337]
Epoch 846, t=2460388.438063636:
  TLE_ECI: r=[-7427.4473865  -1967.40451107   718.93127727], v=[ 1.34306094 -2.67917948  6.53438023]
  RK45_ECI: r=[-6762.043185   -2724.77832109  2568.9977425 ], v=[ 3.17083675 -2.05136511  6.11237533]
Epoch 847, t=2460388.4381388994:
  TLE_ECI: r=[-7383.28765443 -2050.50319446   914.6532306 ], v=[ 1.53721369 -2.62617457  6.51305529]
  RK45_ECI: r=[-6740.00165027 -2741.26726433  2608.69481163], v=[ 3.20969474 -2.03452038  6.09784348]
Epoch 848, t=2460388.438214163:
  TLE_ECI: r=[-7333.28278277 -2131.95600519  1109.65880464], v=[ 1.73011026 -2.57093588  6.48663086]
  RK45_ECI: r=[-6717.69996617 -2757.63590024  2648.29682509], v=[ 3.24842229 -2.0175642   6.08308835]
Epoch 849, t=2460388.4382894263:
  TLE_ECI: r=[-7277.47356361 -2211.69383457  1303.79532266], v=[ 1.92159684 -2.51350825  6.45512802]
  RK45_ECI: r=[-6695.13924141 -2773.88326009  2687.80196138], v=[ 3.28701753 -2.00049747  6.06811057]
Epoch 850, t=2460388.4383646897:
  TLE_ECI: r=[-7215.90541799 -2289.64896701  1496.91080167], v=[ 2.11152083 -2.45393836  6.41857192]
  RK45_ECI: r=[-6672.32019842 -2790.00862684  2727.20914497], v=[ 3.32547928 -1.98332076  6.05291054]
Epoch 851, t=2460388.4384399527:
  TLE_ECI: r=[-7148.62836431 -2365.75511686  1688.8540739 ], v=[ 2.29973095 -2.39227475  6.37699175]
  RK45_ECI: r=[-6649.24408206 -2806.01096485  2766.51637881], v=[ 3.36380549 -1.96603507  6.03748901]
Epoch 852, t=2460388.438515216:
  TLE_ECI: r=[-7075.6969484  -2439.94756921  1879.47490736], v=[ 2.48607737 -2.32856774  6.3304207 ]
  RK45_ECI: r=[-6625.9115139  -2821.88966547  2805.72277762], v=[ 3.4019952  -1.94864089  6.02184631]
Epoch 853, t=2460388.4385904795:
  TLE_ECI: r=[-6997.17023816 -2512.16310909  2068.62412568], v=[ 2.67041185 -2.26286943  6.27889595]
  RK45_ECI: r=[-6602.32345125 -2837.64388364  2844.82690417], v=[ 3.44004688 -1.93113899  6.00598299]
Epoch 854, t=2460388.438665743:
  TLE_ECI: r=[-6913.11174653 -2582.34015993  2256.15372687], v=[ 2.85258784 -2.1952336   6.2224586 ]
  RK45_ECI: r=[-6578.48106561 -2853.27268254  2883.82695919], v=[ 3.47795871 -1.91353028  5.98989976]
Epoch 855, t=2460388.438741006:
  TLE_ECI: r=[-6823.58939229 -2650.41879479  2441.917001  ], v=[ 3.03246061 -2.12571571  6.16115366]
  RK45_ECI: r=[-6554.38534177 -2868.77523146  2922.72151563], v=[ 3.51572916 -1.89581554  5.97359718]
Epoch 856, t=2460388.4388162694:
  TLE_ECI: r=[-6728.67541187 -2716.34086774  2625.7686466 ], v=[ 3.20988741 -2.05437281  6.09503003]
  RK45_ECI: r=[-6530.03692408 -2884.15093476  2961.50969553], v=[ 3.5533573  -1.8779953   5.95707561]
Epoch 857, t=2460388.438891533:
  TLE_ECI: r=[-6628.44634435 -2780.04994291  2807.56488596], v=[ 3.3847275  -1.98126352  6.02414038]
  RK45_ECI: r=[-6505.43713574 -2899.39879752  3000.18953098], v=[ 3.5908411  -1.86007055  5.94033585]
Epoch 858, t=2460388.4389667963:
  TLE_ECI: r=[-6522.98293661 -2841.49142309  2987.16357882], v=[ 3.55684237 -1.90644797  5.94854118]
  RK45_ECI: r=[-6480.58676169 -2914.51813734  3038.75996785], v=[ 3.62817945 -1.84204195  5.92337836]
Epoch 859, t=2460388.4390420597:
  TLE_ECI: r=[-6412.37008316 -2900.61257562  3164.42433462], v=[ 3.72609574 -1.82998772  5.8682926 ]
  RK45_ECI: r=[-6455.48703527 -2929.50805008  3077.21923076], v=[ 3.66537051 -1.82391042  5.90620388]
Epoch 860, t=2460388.4391173227:
  TLE_ECI: r=[-6296.69676347 -2957.36255899  3339.20862319], v=[ 3.89235378 -1.75194578  5.78345848]
  RK45_ECI: r=[-6430.1388784  -2944.36778826  3115.56609162], v=[ 3.70241301 -1.80567669  5.88881294]
Epoch 861, t=2460388.439192586:
  TLE_ECI: r=[-6176.05593293 -3011.69254019  3511.37988363], v=[ 4.05548514 -1.67238644  5.69410626]
  RK45_ECI: r=[-6404.54330658 -2959.09661008  3153.79914501], v=[ 3.73930548 -1.78734155  5.87120618]
Epoch 862, t=2460388.4392678495:
  TLE_ECI: r=[-6050.54449686 -3063.5556238   3680.80363158], v=[ 4.21536109 -1.59137531  5.60030692]
  RK45_ECI: r=[-6378.70137099 -2973.69372256  3191.9169896 ], v=[ 3.77604647 -1.7689058   5.8533842 ]
Epoch 863, t=2460388.439343113:
  TLE_ECI: r=[-5920.2631955  -3112.90696658  3847.34756445], v=[ 4.3718556  -1.50897922  5.50213492]
  RK45_ECI: r=[-6352.61400772 -2988.15841069  3229.91840622], v=[ 3.8126347  -1.75037017  5.83534756]
Epoch 864, t=2460388.4394183764:
  TLE_ECI: r=[-5785.31652855 -3159.70379679  4010.88166474], v=[ 4.52484545 -1.42526619  5.39966812]
  RK45_ECI: r=[-6326.28251045 -3002.4898047   3267.80164503], v=[ 3.84906839 -1.73173564  5.81709706]
Epoch 865, t=2460388.4394936394:
  TLE_ECI: r=[-5645.81267803 -3203.90543315  4171.27830143], v=[ 4.67421034 -1.34030534  5.29298773]
  RK45_ECI: r=[-6299.70784464 -3016.68718334  3305.56549579], v=[ 3.88534628 -1.71300296  5.79863329]
Epoch 866, t=2460388.439568903:
  TLE_ECI: r=[-5501.86338114 -3245.47338596  4328.412329  ], v=[ 4.81983297 -1.2541668   5.18217825]
  RK45_ECI: r=[-6272.89107417 -3030.7498328   3343.2085738 ], v=[ 3.92146694 -1.69417292  5.77995688]
Epoch 867, t=2460388.4396441663:
  TLE_ECI: r=[-5353.58389396 -3284.37128862  4482.16118462], v=[ 4.9615991  -1.16692176  5.06732734]
  RK45_ECI: r=[-6245.83329898 -3044.67698957  3380.72949874], v=[ 3.95742894 -1.67524638  5.76106852]
Epoch 868, t=2460388.4397194297:
  TLE_ECI: r=[-5201.09285927 -3320.56499558  4632.40498274], v=[ 5.09939769 -1.07864228  4.9485258 ]
  RK45_ECI: r=[-6218.53549792 -3058.46796515  3418.12706983], v=[ 3.99323104 -1.65622408  5.74196878]
Epoch 869, t=2460388.439794693:
  TLE_ECI: r=[-5044.51221834 -3354.0225939   4779.02660757], v=[ 5.23312096 -0.98940133  4.82586746]
  RK45_ECI: r=[-6190.99902386 -3072.1219248   3455.39956444], v=[ 4.0288715  -1.63710701  5.72265852]
Epoch 870, t=2460388.439869956:
  TLE_ECI: r=[-4883.96712081 -3384.7144155   4921.91180308], v=[ 5.36266443 -0.89927268  4.69944913]
  RK45_ECI: r=[-6163.22488485 -3085.63817445  3492.54579127], v=[ 4.06434907 -1.61789597  5.70313834]
Epoch 871, t=2460388.4399452196:
  TLE_ECI: r=[-4719.5857828  -3412.61311971  5060.94926053], v=[ 5.48792708 -0.80833078  4.56937048]
  RK45_ECI: r=[-6135.214192   -3099.01602932  3529.56438768], v=[ 4.09966237 -1.59859177  5.68340895]
Epoch 872, t=2460388.440020483:
  TLE_ECI: r=[-4551.49944149 -3437.69362864  5196.0307036 ], v=[ 5.60881136 -0.71665084  4.43573398]
  RK45_ECI: r=[-6106.96796668 -3112.25480456  3566.45416846], v=[ 4.13481016 -1.57919519  5.66347095]
Epoch 873, t=2460388.4400957464:
  TLE_ECI: r=[-4379.84220917 -3459.93320649  5327.05097089], v=[ 5.72522325 -0.62430864  4.29864481]
  RK45_ECI: r=[-6078.48760816 -3125.35369421  3603.21343387], v=[ 4.16979074 -1.55970726  5.64332524]
Epoch 874, t=2460388.4401710094:
  TLE_ECI: r=[-4204.75098427 -3479.31145152  5453.90809579], v=[ 5.83707239 -0.53138055  4.15821075]
  RK45_ECI: r=[-6049.7742861  -3138.31197957  3639.84083702], v=[ 4.20460273 -1.54012886  5.62297254]
Epoch 875, t=2460388.440246273:
  TLE_ECI: r=[-4026.36529981 -3495.8103629   5576.50338367], v=[ 5.94427209 -0.43794336  4.01454213]
  RK45_ECI: r=[-6020.82876363 -3151.1291408   3676.33554859], v=[ 4.23924525 -1.52046058  5.60241331]
Epoch 876, t=2460388.4403215363:
  TLE_ECI: r=[-3844.82727201 -3509.41427979  5694.74148654], v=[ 6.0467394  -0.34407434  3.86775172]
  RK45_ECI: r=[-5991.65261058 -3163.80432872  3712.69571452], v=[ 4.27371645 -1.50070355  5.58164855]
Epoch 877, t=2460388.4403967997:
  TLE_ECI: r=[-3660.28144525 -3520.10994524  5808.5304748 ], v=[ 6.14439518 -0.24985112  3.71795462]
  RK45_ECI: r=[-5962.24675211 -3176.33695129  3748.9203416 ], v=[ 4.3080153  -1.48085848  5.56067883]
Epoch 878, t=2460388.440472063:
  TLE_ECI: r=[-3472.87468589 -3527.88650473  5917.78190623], v=[ 6.23716415 -0.15535161  3.56526821]
  RK45_ECI: r=[-5932.61264401 -3188.72623991  3785.00776019], v=[ 4.34214012 -1.46092643  5.53950509]
Epoch 879, t=2460388.440547326:
  TLE_ECI: r=[-3282.75607538 -3532.7355051   6022.41089229], v=[ 6.32497494 -0.06065398  3.40981201]
  RK45_ECI: r=[-5902.75150184 -3200.97150757  3820.95664754], v=[ 4.37608959 -1.44090829  5.51812809]
Epoch 880, t=2460388.4406225896:
  TLE_ECI: r=[-3090.07674971 -3534.65094104  6122.33616136], v=[6.40776012 0.03416349 3.25170761]
  RK45_ECI: r=[-5872.66411839 -3213.07225568  3856.76618909], v=[ 4.40986282 -1.42080468  5.4965483 ]
Epoch 881, t=2460388.440697853:
  TLE_ECI: r=[-2894.98984088 -3533.62920066  6217.48011942], v=[6.48545626 0.12902236 3.09107857]
  RK45_ECI: r=[-5842.35212462 -3225.02767631  3892.43456493], v=[ 4.44345804 -1.40061676  5.47476679]
Epoch 882, t=2460388.4407731164:
  TLE_ECI: r=[-2697.65031409 -3529.66910884  6307.76890755], v=[6.55800398 0.22384414 2.92805033]
  RK45_ECI: r=[-5811.81648033 -3236.83720318  3927.96080021], v=[ 4.47687422 -1.38034525  5.45278415]
Epoch 883, t=2460388.44084838:
  TLE_ECI: r=[-2498.21485506 -3522.77191832  6393.1324566 ], v=[6.62534796 0.31855039 2.76275008]
  RK45_ECI: r=[-5781.0586966  -3248.50010554  3963.34325691], v=[ 4.51010975 -1.35999124  5.43060137]
Epoch 884, t=2460388.440923643:
  TLE_ECI: r=[-2296.84175646 -3512.94130221  6473.50453904], v=[6.687437   0.41306271 2.59530671]
  RK45_ECI: r=[-5750.08003367 -3260.015729    3998.58063772], v=[ 4.54316332 -1.33955565  5.40821925]
Epoch 885, t=2460388.4409989063:
  TLE_ECI: r=[-2093.69075176 -3500.18337905  6548.82281757], v=[6.74422404 0.50730292 2.42585067]
  RK45_ECI: r=[-5718.88131298 -3271.38359717  4033.67214356], v=[ 4.57603409 -1.3190391   5.38563828]
Epoch 886, t=2460388.4410741697:
  TLE_ECI: r=[-1888.92295118 -3484.50666589  6619.02889111], v=[6.79566619 0.60119297 2.25451391]
  RK45_ECI: r=[-5687.46422505 -3282.60294422  4068.61599043], v=[ 4.60872032 -1.29844279  5.36285958]
Epoch 887, t=2460388.441149433:
  TLE_ECI: r=[-1682.70067409 -3465.92210054  6684.06833746], v=[6.84172474 0.69465511 2.08142973]
  RK45_ECI: r=[-5655.82976346 -3293.67323018  4103.41122274], v=[ 4.64122101 -1.27776746  5.33988378]
Epoch 888, t=2460388.441224696:
  TLE_ECI: r=[-1475.18734181 -3444.44302166  6743.89075321], v=[6.88236523 0.78761187 1.90673272]
  RK45_ECI: r=[-5623.97964525 -3304.59370844  4138.05607341], v=[ 4.67353445 -1.25701432  5.31671201]
Epoch 889, t=2460388.4412999596:
  TLE_ECI: r=[-1266.54730932 -3420.08517654  6798.44979037], v=[6.9175574  0.87998627 1.73055865]
  RK45_ECI: r=[-5591.91471709 -3315.36392271  4172.54975847], v=[ 4.70565982 -1.236184    5.29334479]
Epoch 890, t=2460388.441375223:
  TLE_ECI: r=[-1056.94579763 -3392.86668089  6847.70319026], v=[6.94727525 0.97170169 1.55304434]
  RK45_ECI: r=[-5559.63628518 -3325.9832547   4206.89100842], v=[ 4.73759585 -1.21527746  5.26978296]
Epoch 891, t=2460388.4414504864:
  TLE_ECI: r=[ -846.54872429 -3362.80802421  6891.61281412], v=[6.97149707 1.06268204 1.37432762]
  RK45_ECI: r=[-5527.14594574 -3336.45103636  4241.07823905], v=[ 4.769341   -1.19429581  5.24602759]
Epoch 892, t=2460388.44152575:
  TLE_ECI: r=[ -635.52258411 -3329.93204904  6930.14467081], v=[6.9902054  1.1528518  1.19454717]
  RK45_ECI: r=[-5494.44472492 -3346.76675502  4275.11051495], v=[ 4.80089431 -1.17323981  5.22207932]
Epoch 893, t=2460388.441601013:
  TLE_ECI: r=[ -424.03432947 -3294.26393191  6963.26894138], v=[7.00338709 1.24213606 1.01384243]
  RK45_ECI: r=[-5461.53439684 -3356.9297076   4308.98610736], v=[ 4.83225411 -1.1521107   5.19793934]
Epoch 894, t=2460388.4416762763:
  TLE_ECI: r=[ -212.25120174 -3255.83116978  6990.96000053], v=[7.01103325 1.33046065 0.83235352]
  RK45_ECI: r=[-5428.41583528 -3366.93946092  4342.70424925], v=[ 4.86341961 -1.13090913  5.17360819]
Epoch 895, t=2460388.4417515397:
  TLE_ECI: r=[-3.40659710e-01 -3.21466355e+03  7.01319644e+03], v=[7.0131393  1.41775208 0.65022112]
  RK45_ECI: r=[-5395.09038847 -3376.79543094  4376.26369907], v=[ 4.89438958 -1.10963606  5.14908675]
Epoch 896, t=2460388.441826803:
  TLE_ECI: r=[  211.52978919 -3170.79312978  7029.96105999], v=[7.00970496 1.50393769 0.46758637]
  RK45_ECI: r=[-5361.55970361 -3386.49699021  4409.66290814], v=[ 4.92516252 -1.08829264  5.12437614]
Epoch 897, t=2460388.4419020666:
  TLE_ECI: r=[  423.19270898 -3124.25421857  7041.24092923], v=[7.00073423 1.58894566 0.28459079]
  RK45_ECI: r=[-5327.8248386  -3396.04365359  4442.90096217], v=[ 4.9557375  -1.06687965  5.09947701]
Epoch 898, t=2460388.4419773296:
  TLE_ECI: r=[  634.48085574 -3075.08334423  7047.02734651], v=[6.98623539 1.67270507 0.10137612]
  RK45_ECI: r=[-5293.88762277 -3405.43476258  4475.97617228], v=[ 4.98611292 -1.04539834  5.07439062]
Epoch 899, t=2460388.442052593:
  TLE_ECI: r=[  845.22734332 -3023.31922265  7047.31587066], v=[ 6.96622099  1.75514603 -0.08191572]
  RK45_ECI: r=[-5259.74895613 -3414.6699077   4508.88778919], v=[ 5.01628799 -1.02384937  5.04911752]
Epoch 900, t=2460388.4421278564:
  TLE_ECI: r=[ 1055.26571794 -2969.00273588  7042.10631894], v=[ 6.94070788  1.83619959 -0.26514276]
  RK45_ECI: r=[-5225.41022748 -3423.74853997  4541.63460041], v=[ 5.04626155 -1.00223375  5.02365863]
Epoch 901, t=2460388.44220312:
  TLE_ECI: r=[ 1264.43012343 -2912.17689509  7031.40276702], v=[ 6.90971712  1.91579791 -0.44816309]
  RK45_ECI: r=[-5190.87313345 -3432.6700732   4574.21509433], v=[ 5.07603213 -0.98055263  4.99801511]
Epoch 902, t=2460388.4422783833:
  TLE_ECI: r=[ 1472.55542043 -2852.88680836  7015.21354588], v=[ 6.87327403  1.99387429 -0.63083494]
  RK45_ECI: r=[-5156.13876253 -3441.43405056  4606.62837856], v=[ 5.10559885 -0.9588068   4.97218764]
Epoch 903, t=2460388.4423536463:
  TLE_ECI: r=[ 1679.47730593 -2791.17965061  6993.55123571], v=[ 6.83140815  2.07036317 -0.81301682]
  RK45_ECI: r=[-5121.20899744 -3450.03985889  4638.87280578], v=[ 5.13496013 -0.93699754  4.94617753]
Epoch 904, t=2460388.4424289097:
  TLE_ECI: r=[ 1885.03247349 -2727.10460801  6966.43265661], v=[ 6.78415318  2.14520029 -0.99456757]
  RK45_ECI: r=[-5086.08476339 -3458.4871131   4670.94764512], v=[ 5.16411525 -0.91512554  4.91998535]
Epoch 905, t=2460388.442504173:
  TLE_ECI: r=[ 2089.05868978 -2660.7128673   6933.87885638], v=[ 6.73154703  2.21832261 -1.17534652]
  RK45_ECI: r=[-5050.76748847 -3466.77529984  4702.85171435], v=[ 5.19306306 -0.8931918   4.89361206]
Epoch 906, t=2460388.4425794366:
  TLE_ECI: r=[ 2291.39495376 -2592.05755821  6895.91509515], v=[ 6.67363175  2.28966845 -1.35521353]
  RK45_ECI: r=[-5015.25891699 -3474.90387493  4734.58354029], v=[ 5.22180215 -0.8711975   4.86705885]
Epoch 907, t=2460388.4426546996:
  TLE_ECI: r=[ 2491.88160577 -2521.19372353  6852.57082689], v=[ 6.61045349  2.3591775  -1.53402916]
  RK45_ECI: r=[-4979.56049747 -3482.87234411  4766.14195798], v=[ 5.25033141 -0.84914366  4.8403267 ]
Epoch 908, t=2460388.442729963:
  TLE_ECI: r=[ 2690.36048103 -2448.17824794  6803.87967794], v=[ 6.54206248  2.42679093 -1.71165471]
  RK45_ECI: r=[-4943.67317214 -3490.68033983  4797.52624937], v=[ 5.27865012 -0.82703097  4.81341619]
Epoch 909, t=2460388.4428052264:
  TLE_ECI: r=[ 2886.67498762 -2373.06985521  6749.8794225 ], v=[ 6.46851303  2.49245133 -1.88795236]
  RK45_ECI: r=[-4907.5988826  -3498.32730222  4828.73481653], v=[ 5.30675678 -0.80486072  4.78632868]
Epoch 910, t=2460388.44288049:
  TLE_ECI: r=[ 3080.67025845 -2295.9290351   6690.61195501], v=[ 6.38986342  2.55610285 -2.06278527]
  RK45_ECI: r=[-4871.33876393 -3505.81282093  4859.76680398], v=[ 5.33465054 -0.78263375  4.75906489]
Epoch 911, t=2460388.4429557533:
  TLE_ECI: r=[ 3272.19326427 -2216.81800256  6626.12325952], v=[ 6.30617594  2.61769121 -2.23601765]
  RK45_ECI: r=[-4834.89460628 -3513.13639468  4890.62077841], v=[ 5.36233007 -0.76035125  4.73162609]
Epoch 912, t=2460388.4430310163:
  TLE_ECI: r=[ 3461.09292662 -2135.80065922  6556.463376  ], v=[ 6.21751679  2.67716372 -2.4075149 ]
  RK45_ECI: r=[-4798.26789528 -3520.29756568  4921.2956068 ], v=[ 5.38979428 -0.73801425  4.70401326]
Epoch 913, t=2460388.4431062797:
  TLE_ECI: r=[ 3647.2202613  -2052.94250299  6481.68636366], v=[ 6.12395605  2.73446943 -2.57714368]
  RK45_ECI: r=[-4761.45959668 -3527.29599166  4951.79059075], v=[ 5.41704249 -0.71562346  4.67622703]
Epoch 914, t=2460388.443181543:
  TLE_ECI: r=[ 3830.42845646 -1968.31063569  6401.85026126], v=[ 6.02556764  2.78955903 -2.74477205]
  RK45_ECI: r=[-4724.47170131 -3534.13115984  4982.10417711], v=[ 5.44407324 -0.6931802   4.64826878]
Epoch 915, t=2460388.4432568066:
  TLE_ECI: r=[ 4010.57301348 -1881.9736713   6317.01704444], v=[ 5.92242927  2.84238497 -2.91026951]
  RK45_ECI: r=[-4687.30537185 -3540.80268965  5012.23553454], v=[ 5.47088575 -0.6706853   4.62013928]
Epoch 916, t=2460388.44333207:
  TLE_ECI: r=[ 4187.51185391 -1794.00169117  6227.25257995], v=[ 5.81462238  2.89290151 -3.07350715]
  RK45_ECI: r=[-4649.96244256 -3547.31012323  5042.18327094], v=[ 5.49747871 -0.64813998  4.59183981]
Epoch 917, t=2460388.443407333:
  TLE_ECI: r=[ 4361.10542622 -1704.46620136  6132.62657709], v=[ 5.70223209  2.94106473 -3.23435772]
  RK45_ECI: r=[-4612.44426583 -3553.65305936  5071.94642559], v=[ 5.52385121 -0.6255452   4.56337127]
Epoch 918, t=2460388.4434825964:
  TLE_ECI: r=[ 4531.21683613 -1613.44002514  6033.21253604], v=[ 5.58534711  2.9868326  -3.39269576]
  RK45_ECI: r=[-4574.7523358  -3559.83112399  5101.5239026 ], v=[ 5.55000223 -0.60290195  4.5347347 ]
Epoch 919, t=2460388.44355786:
  TLE_ECI: r=[ 4697.71192384 -1520.99732034  5929.08769337], v=[ 5.46405972  3.03016498 -3.54839766]
  RK45_ECI: r=[-4536.88818478 -3565.84390945  5130.91461289], v=[ 5.57593075 -0.58021128  4.50593114]
Epoch 920, t=2460388.4436331233:
  TLE_ECI: r=[ 4860.45939114 -1427.21347039  5820.33296461], v=[ 5.33846568  3.07102368 -3.70134177]
  RK45_ECI: r=[-4498.85317045 -3571.69104626  5160.11761079], v=[ 5.60163588 -0.55747415  4.47696151]
Epoch 921, t=2460388.4437083867:
  TLE_ECI: r=[ 5019.33090032 -1332.16503625  5707.03288388], v=[ 5.2086642   3.10937249 -3.85140851]
  RK45_ECI: r=[-4460.64916916 -3577.37212088  5189.13154671], v=[ 5.62711638 -0.53469177  4.44782713]
Epoch 922, t=2460388.4437836497:
  TLE_ECI: r=[ 5174.20117253 -1235.92971048  5589.27554076], v=[ 5.0747578   3.14517722 -3.99848044]
  RK45_ECI: r=[-4422.27756332 -3582.88676645  5217.95548963], v=[ 5.65237138 -0.51186513  4.41852892]
Epoch 923, t=2460388.443858913:
  TLE_ECI: r=[ 5324.94810254 -1138.58619437  5467.15251423], v=[ 4.93685228  3.17840574 -4.14244238]
  RK45_ECI: r=[-4383.73988049 -3588.23464519  5246.58837785], v=[ 5.6773999  -0.48899523  4.38906796]
Epoch 924, t=2460388.4439341766:
  TLE_ECI: r=[ 5471.45283369 -1040.21422397  5340.75880394], v=[ 4.79505665  3.20902799 -4.28318148]
  RK45_ECI: r=[-4345.0376862  -3593.41538769  5275.02915674], v=[ 5.70220096 -0.46608315  4.35944533]
Epoch 925, t=2460388.44400944:
  TLE_ECI: r=[5613.59986843 -940.8944466  5210.19275858], v=[ 4.64948305  3.23701601 -4.42058734]
  RK45_ECI: r=[-4306.17236722 -3598.4286587   5303.27691076], v=[ 5.72677373 -0.44312983  4.32966195]
Epoch 926, t=2460388.444084703:
  TLE_ECI: r=[5751.27715468 -840.70838712 5075.5560016 ], v=[ 4.50024664  3.26234398 -4.55455204]
  RK45_ECI: r=[-4267.14602642 -3603.27406382  5331.33020295], v=[ 5.75111689 -0.42013663  4.29971935]
Epoch 927, t=2460388.4441599664:
  TLE_ECI: r=[5884.37618633 -739.73831437 4936.95335424], v=[ 4.34746551  3.28498828 -4.68497032]
  RK45_ECI: r=[-4227.95951632 -3607.95134748  5359.1885264 ], v=[ 5.77522997 -0.39710421  4.26961804]
Epoch 928, t=2460388.44423523:
  TLE_ECI: r=[6012.79207496 -638.06727433 4794.49275594], v=[ 4.19126065  3.30492745 -4.81173958]
  RK45_ECI: r=[-4188.61495456 -3612.46013258  5386.85046111], v=[ 5.79911169 -0.37403392  4.23935956]
Epoch 929, t=2460388.4443104933:
  TLE_ECI: r=[6136.42364557 -535.77895599 4648.28518206], v=[ 4.03175581  3.32214223 -4.93476003]
  RK45_ECI: r=[-4149.11357465 -3616.80012437  5414.31524749], v=[ 5.82276135 -0.35092663  4.20894472]
Epoch 930, t=2460388.4443857567:
  TLE_ECI: r=[6255.17351584 -432.95763935 4498.44455918], v=[ 3.86907741  3.33661563 -5.05393472]
  RK45_ECI: r=[-4109.45732414 -3620.97099009  5441.58161571], v=[ 5.84617781 -0.32778361  4.17837491]
Epoch 931, t=2460388.4444610197:
  TLE_ECI: r=[6368.94817434 -329.6881447  4345.08767782], v=[ 3.70335448  3.34833288 -5.16916967]
  RK45_ECI: r=[-4069.64781473 -3624.97241699  5468.6485638 ], v=[ 5.86936017 -0.30460593  4.14765127]
Epoch 932, t=2460388.444536283:
  TLE_ECI: r=[6477.65806092 -226.05568855 4188.33410272], v=[ 3.53471848  3.35728153 -5.28037392]
  RK45_ECI: r=[-4029.68609263 -3628.80416189  5495.51547395], v=[ 5.89230786 -0.28139433  4.11677447]
Epoch 933, t=2460388.4446115466:
  TLE_ECI: r=[6581.21763316 -122.14592471 4028.30608081], v=[ 3.36330329  3.36345139 -5.38745963]
  RK45_ECI: r=[-3989.57431686 -3632.46589715  5522.18097627], v=[ 5.91501966 -0.25815022  4.08574608]
Epoch 934, t=2460388.44468681:
  TLE_ECI: r=[6679.54544118  -18.04479897 3865.12844682], v=[ 3.18924507  3.36683457 -5.49034213]
  RK45_ECI: r=[-3949.3137437  -3635.95735958  5548.64433827], v=[ 5.93749491 -0.23487445  4.05456695]
Epoch 935, t=2460388.4447620735:
  TLE_ECI: r=[6772.56419327   86.16150324 3698.92852661], v=[ 3.01268213  3.36742552 -5.58894001]
  RK45_ECI: r=[-3908.90635746 -3639.27826213  5574.90433609], v=[ 5.95973254 -0.2115683   4.0232385 ]
Epoch 936, t=2460388.4448373364:
  TLE_ECI: r=[6860.20081991  190.38660866 3529.83603836], v=[ 2.83375486  3.36522098 -5.6831752 ]
  RK45_ECI: r=[-3868.35379908 -3642.42833135  5600.96000463], v=[ 5.98173168 -0.18823286  3.99176189]
Epoch 937, t=2460388.4449126:
  TLE_ECI: r=[6942.38653218  294.54410798 3357.98299166], v=[ 2.65260558  3.36022008 -5.77297302]
  RK45_ECI: r=[-3827.65713362 -3645.4073508   5626.8107488 ], v=[ 6.00349181 -0.1648689   3.96013782]
Epoch 938, t=2460388.4449878633:
  TLE_ECI: r=[7019.0568809   398.54750895 3183.50358455], v=[ 2.46937846  3.35242424 -5.85826224]
  RK45_ECI: r=[-3786.81855878 -3648.21504328  5652.45525014], v=[ 6.02501176 -0.1414778   3.92836789]
Epoch 939, t=2460388.4450631267:
  TLE_ECI: r=[7090.15180873  502.3103876  3006.53409858], v=[ 2.28421938  3.34183726 -5.9389752 ]
  RK45_ECI: r=[-3745.83935263 -3650.85117729  5677.89280394], v=[ 6.04629092 -0.11806044  3.89645297]
Epoch 940, t=2460388.44513839:
  TLE_ECI: r=[7155.6157001   605.74644117 2827.21279208], v=[ 2.09727583  3.32846527 -6.01504779]
  RK45_ECI: r=[-3704.72153413 -3653.31551188  5703.1222335 ], v=[ 6.06732827 -0.09461812  3.86439453]
Epoch 941, t=2460388.445213653:
  TLE_ECI: r=[7215.39742955  708.76953969 2645.67979153], v=[ 1.90869679  3.31231674 -6.08641956]
  RK45_ECI: r=[-3663.46677187 -3655.60781329  5728.14261152], v=[ 6.08812301 -0.07115193  3.83219374]
Epoch 942, t=2460388.4452889166:
  TLE_ECI: r=[7269.45039614  811.29388285 2462.07698139], v=[ 1.71863256  3.29340252 -6.15303377]
  RK45_ECI: r=[-3622.07614825 -3657.72789252  5752.95336619], v=[ 6.10867462 -0.04766264  3.79985132]
Epoch 943, t=2460388.44536418:
  TLE_ECI: r=[7317.73257387  913.2339459  2276.54789215], v=[ 1.52723471  3.27173576 -6.21483742]
  RK45_ECI: r=[-3580.55189794 -3659.67552273  5777.55323177], v=[ 6.12898202 -0.02415165  3.76736893]
Epoch 944, t=2460388.4454394435:
  TLE_ECI: r=[7360.20653924 1014.50463617 2089.23758702], v=[ 1.33465593  3.24733197 -6.27178133]
  RK45_ECI: r=[-3538.89531919 -3661.45050464  5801.94153197], v=[ 6.14904464e+00 -6.19861295e-04  3.73474743e+00]
Epoch 945, t=2460388.4455147064:
  TLE_ECI: r=[7396.83950754 1115.02132241 1900.29254713], v=[ 1.14104987  3.22020898 -6.32382016]
  RK45_ECI: r=[-3497.10866255 -3663.05263429  5826.11702545], v=[6.16886141 0.02293133 3.70198849]
Epoch 946, t=2460388.44558997:
  TLE_ECI: r=[7427.60334739 1214.69999317 1709.86055549], v=[ 0.94657103  3.19038691 -6.37091245]
  RK45_ECI: r=[-3455.1930255  -3664.48174679  5850.07916244], v=[6.18843186 0.04650116 3.66909286]
Epoch 947, t=2460388.4456652333:
  TLE_ECI: r=[7452.47462296 1313.45719843 1518.09057963], v=[ 0.75137466  3.15788821 -6.41302069]
  RK45_ECI: r=[-3413.15010385 -3665.73765181  5873.82705614], v=[6.20775525 0.0700885  3.63606172]
Epoch 948, t=2460388.4457404967:
  TLE_ECI: r=[7471.43460127 1411.21020696 1325.13265323], v=[ 0.5556166   3.1227376  -6.45011132]
  RK45_ECI: r=[-3370.98196773 -3666.82018312  5897.35960762], v=[6.22683064 0.09369206 3.60289662]
Epoch 949, t=2460388.44581576:
  TLE_ECI: r=[7484.46927079 1507.87705514 1131.13775677], v=[ 0.35945314  3.08496205 -6.48215477]
  RK45_ECI: r=[-3328.68993431 -3667.72917385  5920.67616975], v=[6.24565749 0.11731094 3.56959844]
Epoch 950, t=2460388.445891023:
  TLE_ECI: r=[7491.56935771 1603.37659496  936.25769722], v=[ 0.16304093  3.0445908  -6.5091255 ]
  RK45_ECI: r=[-3286.27628759 -3668.46447119  5943.77555559], v=[6.26423483 0.14094373 3.53616888]
Epoch 951, t=2460388.4459662866:
  TLE_ECI: r=[7492.73031505 1697.62865099  740.64498704], v=[-0.03346321  3.00165529 -6.53100202]
  RK45_ECI: r=[-3243.74214036 -3669.02593795  5966.65723974], v=[6.2825622  0.16458965 3.5026087 ]
Epoch 952, t=2460388.44604155:
  TLE_ECI: r=[7487.95235361 1790.55395716  544.45272238], v=[-0.22990236  2.95618917 -6.54776691]
  RK45_ECI: r=[-3201.08921251 -3669.41342423  5989.32037494], v=[6.3006389  0.18824757 3.46891913]
Epoch 953, t=2460388.4461168135:
  TLE_ECI: r=[7477.24042352 1882.07431251  347.83446095], v=[-0.4261197   2.90822826 -6.55940681]
  RK45_ECI: r=[-3158.31960329 -3669.62681092  6011.7639123 ], v=[6.31846409 0.21191621 3.43510172]
Epoch 954, t=2460388.446192077:
  TLE_ECI: r=[7460.6042144  1972.1126256   150.94409925], v=[-0.62195857  2.85781049 -6.56591248]
  RK45_ECI: r=[-3115.4346475  -3669.66596381  6033.98723439], v=[6.33603724 0.23559464 3.4011574 ]
Epoch 955, t=2460388.44626734:
  TLE_ECI: r=[7438.05815274 2060.59295916  -46.06425044], v=[-0.81726265  2.80497594 -6.56727878]
  RK45_ECI: r=[-3072.43666024 -3669.5307815   6055.98920984], v=[6.35335745 0.25928145 3.36708789]
Epoch 956, t=2460388.4463426033:
  TLE_ECI: r=[7409.62136556 2147.44068227 -243.03638316], v=[-1.01187612  2.74976673 -6.56350467]
  RK45_ECI: r=[-3029.32676844 -3669.2211548   6077.76933812], v=[6.37042431 0.28297586 3.33289396]
Epoch 957, t=2460388.4464178667:
  TLE_ECI: r=[7375.31769945 2232.58240304 -439.81812468], v=[-1.20564371  2.69222703 -6.55459323]
  RK45_ECI: r=[-2986.10671418 -3668.73697451  6099.32681237], v=[6.38723716 0.30667675 3.29857687]
Epoch 958, t=2460388.44649313:
  TLE_ECI: r=[7335.17567676 2315.94611874 -636.2554547 ], v=[-1.3984109   2.63240303 -6.54055163]
  RK45_ECI: r=[-2942.77862397 -3668.0781687   6120.66063467], v=[6.40379522 0.3303828  3.2641382 ]
Epoch 959, t=2460388.4465683936:
  TLE_ECI: r=[7289.22847667 2397.46125625 -832.19462993], v=[-1.59002401  2.57034285 -6.52139117]
  RK45_ECI: r=[-2899.34384856 -3667.24463626  6141.77021795], v=[6.42009802 0.3540931  3.22957889]
Epoch 960, t=2460388.4466436566:
  TLE_ECI: r=[ 7237.51391439  2477.05871045 -1027.48230701], v=[-1.78033037  2.50609655 -6.4971272 ]
  RK45_ECI: r=[-2855.8047318  -3666.23632746  6162.65448748], v=[6.43614471 0.37780622 3.19490071]
Epoch 961, t=2460388.44671892:
  TLE_ECI: r=[ 7180.07437991  2554.67098864 -1221.96566481], v=[-1.96917841  2.43971605 -6.46777917]
  RK45_ECI: r=[-2812.16241375 -3665.05316111  6183.31296807], v=[6.45193492 0.40152139 3.16010444]
Epoch 962, t=2460388.4467941835:
  TLE_ECI: r=[ 7116.95684462  2630.23214084 -1415.49252656], v=[-2.15641783  2.3712551  -6.43337059]
  RK45_ECI: r=[-2768.41865684 -3663.69506897  6203.74489405], v=[6.46746805 0.42523747 3.12519135]
Epoch 963, t=2460388.446869447:
  TLE_ECI: r=[ 7048.2127931   2703.67790106 -1607.91148109], v=[-2.34189966  2.30076927 -6.39392898]
  RK45_ECI: r=[-2724.57561239 -3662.16202674  6223.94931943], v=[6.48274337 0.44895316 3.09016306]
Epoch 964, t=2460388.44694471:
  TLE_ECI: r=[ 6973.89819446  2774.94570056 -1799.0720035 ], v=[-2.52547645  2.22831582 -6.34948589]
  RK45_ECI: r=[-2680.63505337 -3660.45398724  6243.92550163], v=[6.49776032 0.47266731 3.05502086]
Epoch 965, t=2460388.4470199733:
  TLE_ECI: r=[ 6894.0734224   2843.97480334 -1988.82457484], v=[-2.70700238  2.1539537  -6.30007683]
  RK45_ECI: r=[-2636.59812793 -3658.5708898   6263.67298288], v=[6.51251854 0.49637915 3.01976554]
Epoch 966, t=2460388.4470952367:
  TLE_ECI: r=[ 6808.8032523   2910.70623445 -2177.0208011 ], v=[-2.88633334  2.07774352 -6.24574128]
  RK45_ECI: r=[-2592.46720986 -3656.51274437  6283.19075451], v=[6.52701727 0.52008724 2.9843989 ]
Epoch 967, t=2460388.4471705:
  TLE_ECI: r=[ 6718.15677433  2975.082913   -2363.51353086], v=[-3.0633271   1.99974744 -6.18652259]
  RK45_ECI: r=[-2548.24367285 -3654.27950285  6302.4782792 ], v=[6.54125612 0.54379067 2.94892191]
Epoch 968, t=2460388.4472457636:
  TLE_ECI: r=[ 6622.20734317  3037.04967957 -2548.156972  ], v=[-3.23784339  1.92002917 -6.12246802]
  RK45_ECI: r=[-2503.92969101 -3651.87118856  6321.53466381], v=[6.55523441 0.56748812 2.91333621]
Epoch 969, t=2460388.4473210266:
  TLE_ECI: r=[ 6521.03252502  3096.55332444 -2730.806807  ], v=[-3.40974405  1.83865387 -6.05362861]
  RK45_ECI: r=[-2459.5270549  -3649.2877955   6340.35920804], v=[6.56895163 0.59117846 2.8776431 ]
Epoch 970, t=2460388.44739629:
  TLE_ECI: r=[ 6414.71399613  3153.54270955 -2911.32030689], v=[-3.57889309  1.75568811 -5.9800592 ]
  RK45_ECI: r=[-2415.03692357 -3646.52929135  6358.95148027], v=[6.58240747 0.6148609  2.8418434 ]
Epoch 971, t=2460388.4474715535:
  TLE_ECI: r=[ 6303.33752822  3207.96869601 -3089.5564439 ], v=[-3.74515687  1.67119982 -5.90181836]
  RK45_ECI: r=[-2370.46169434 -3643.59573814  6377.31053059], v=[6.59560124 0.638534   2.80593894]
Epoch 972, t=2460388.447546817:
  TLE_ECI: r=[ 6186.99288068  3259.78426309 -3265.37600231], v=[-3.90840414  1.58525822 -5.81896831]
  RK45_ECI: r=[-2325.80275349 -3640.48712092  6395.43585346], v=[6.60853257 0.66219686 2.76993068]
Epoch 973, t=2460388.4476220803:
  TLE_ECI: r=[ 6065.77373419  3308.94452897 -3438.6416878 ], v=[-4.06850619  1.49793378 -5.73157492]
  RK45_ECI: r=[-2281.06229543 -3637.20351098  6413.32660943], v=[6.62120087 0.68584815 2.73382031]
Epoch 974, t=2460388.4476973433:
  TLE_ECI: r=[ 5939.77762248  3355.40677078 -3609.21823506], v=[-4.22533691  1.40929812 -5.63970757]
  RK45_ECI: r=[-2236.24192407 -3633.74492181  6430.98222351], v=[6.63360573 0.70948683 2.69760898]
Epoch 975, t=2460388.4477726067:
  TLE_ECI: r=[ 5809.10581171  3399.13053097 -3776.97251338], v=[-4.37877296  1.31942396 -5.54343917]
  RK45_ECI: r=[-2191.34341559 -3630.1114145   6448.40204366], v=[6.64574671 0.73311183 2.66129802]
Epoch 976, t=2460388.44784787:
  TLE_ECI: r=[ 5673.86327488  3440.07754559 -3941.77363066], v=[-4.52869378  1.2283851  -5.44284605]
  RK45_ECI: r=[-2146.36858103 -3626.30303818  6465.58542662], v=[6.65762335 0.75672201 2.62488877]
Epoch 977, t=2460388.4479231336:
  TLE_ECI: r=[ 5534.15856583  3478.21184735 -4103.49303508], v=[-4.67498174  1.1362563  -5.33800788]
  RK45_ECI: r=[-2101.31902007 -3622.31983303  6482.53181679], v=[6.66923528 0.78031634 2.58838241]
Epoch 978, t=2460388.4479983966:
  TLE_ECI: r=[ 5390.10374937  3513.49976216 -4262.00461498], v=[-4.8175222   1.04311325 -5.22900764]
  RK45_ECI: r=[-2056.19715985 -3618.16193655  6499.24035138], v=[6.68058192 0.8038934  2.55178079]
Epoch 979, t=2460388.44807366:
  TLE_ECI: r=[ 5241.81426764  3545.91000115 -4417.18479627], v=[-4.95620364  0.94903247 -5.11593153]
  RK45_ECI: r=[-2011.00397295 -3613.82934455  6515.71072697], v=[6.69166307 0.8274525  2.51508457]
Epoch 980, t=2460388.4481489235:
  TLE_ECI: r=[ 5089.40890658  3575.41359057 -4568.91263803], v=[-5.09091769  0.8540913  -4.99886888]
  RK45_ECI: r=[-1965.74189282 -3609.32221281  6531.94210168], v=[6.70247817 0.8509922  2.47829563]
Epoch 981, t=2460388.448224187:
  TLE_ECI: r=[ 4933.00965746  3601.98396064 -4717.06992547], v=[-5.22155922  0.75836777 -4.87791208]
  RK45_ECI: r=[-1920.41232443 -3604.64058659  6547.93402839], v=[6.71302694 0.87451159 2.44141497]
Epoch 982, t=2460388.4482994503:
  TLE_ECI: r=[ 4772.74162709  3625.59695153 -4861.54126072], v=[-5.34802648  0.66194061 -4.75315651]
  RK45_ECI: r=[-1875.01749337 -3599.78462318  6563.68576629], v=[6.72330889 0.89800936 2.40444431]
Epoch 983, t=2460388.4483747133:
  TLE_ECI: r=[ 4608.73294638  3646.23081991 -5002.21415119], v=[-5.47022107  0.56488912 -4.62470047]
  RK45_ECI: r=[-1829.55922967 -3594.75443204  6579.196737  ], v=[6.73332367 0.92148437 2.36738499]
Epoch 984, t=2460388.4484499767:
  TLE_ECI: r=[ 4441.11462311  3663.86631192 -5138.97909532], v=[-5.58804812  0.46729308 -4.49264506]
  RK45_ECI: r=[-1784.03871655 -3589.55006066  6594.46658427], v=[6.74307107 0.94493583 2.33023788]
Epoch 985, t=2460388.44852524:
  TLE_ECI: r=[ 4270.02049952  3678.48659638 -5271.72966613], v=[-5.70141626  0.3692328  -4.35709412]
  RK45_ECI: r=[-1738.45840405 -3584.17171683  6609.49452735], v=[6.75255059 0.96836231 2.29300486]
Epoch 986, t=2460388.4486005036:
  TLE_ECI: r=[ 4095.58710128  3690.07733444 -5400.36259183], v=[-5.81023775  0.27078895 -4.21815414]
  RK45_ECI: r=[-1692.81970556 -3578.61947926  6624.28015222], v=[6.76176199 0.9917629  2.25568696]
Epoch 987, t=2460388.448675767:
  TLE_ECI: r=[ 3917.95353771  3698.62667772 -5524.77783406], v=[-5.91442851  0.17204252 -4.07593418]
  RK45_ECI: r=[-1647.1248608  -3572.89355296  6638.8227739 ], v=[6.77070487 1.01513629 2.2182859 ]
Epoch 988, t=2460388.44875103:
  TLE_ECI: r=[ 3737.26140033  3704.12526737 -5644.87866338], v=[-6.0139082   0.07307478 -3.93054576]
  RK45_ECI: r=[-1601.37571015 -3566.9940887   6653.12185864], v=[6.77937891 1.03848134 2.18080307]
Epoch 989, t=2460388.4488262935:
  TLE_ECI: r=[ 3553.65460598  3706.56628618 -5760.571732  ], v=[-6.10860026 -0.02603286 -3.7821028 ]
  RK45_ECI: r=[-1555.57344322 -3560.92116243  6667.17707781], v=[6.78778394 1.06179727 2.14323931]
Epoch 990, t=2460388.448901557:
  TLE_ECI: r=[ 3367.27934622  3705.94539715 -5871.76714392], v=[-6.19843195 -0.12519879 -3.63072147]
  RK45_ECI: r=[-1509.72052413 -3554.67503391  6680.98771258], v=[6.79591955 1.08508266 2.10559655]
Epoch 991, t=2460388.4489768203:
  TLE_ECI: r=[ 3178.28392718  3702.26079285 -5978.37852218], v=[-6.28333441 -0.22434139 -3.47652018]
  RK45_ECI: r=[-1463.8183731  -3548.25581524  6694.55338241], v=[6.80378553 1.10833659 2.06787582]
Epoch 992, t=2460388.449052084:
  TLE_ECI: r=[ 2986.81866201  3695.51318574 -6080.32307327], v=[-6.36324272 -0.32337902 -3.31961941]
  RK45_ECI: r=[-1417.86924161 -3541.6637591   6707.87345879], v=[6.81138154 1.13155775 2.03007887]
Epoch 993, t=2460388.4491273467:
  TLE_ECI: r=[ 2793.03576217  3685.70579972 -6177.52164886], v=[-6.43809593 -0.42223011 -3.16014167]
  RK45_ECI: r=[-1371.87497875 -3534.89905737  6720.94745313], v=[6.81870734 1.15474502 1.99220709]
Epoch 994, t=2460388.44920261:
  TLE_ECI: r=[ 2597.0891733   3672.8444015  -6269.89880441], v=[-6.50783707 -0.52081326 -2.99821136]
  RK45_ECI: r=[-1325.83677908 -3527.96181452  6733.77506477], v=[6.82576277 1.17789762 1.95426135]
Epoch 995, t=2460388.4492778736:
  TLE_ECI: r=[ 2399.1345183   3656.9372452  -6357.38285521], v=[-6.57241324 -0.61904723 -2.83395471]
  RK45_ECI: r=[-1279.75711829 -3520.85234204  6746.35563745], v=[6.83254751 1.20101413 1.91624359]
Epoch 996, t=2460388.449353137:
  TLE_ECI: r=[ 2199.32893105  3637.99510092 -6439.90592924], v=[-6.6317756  -0.71685105 -2.66749966]
  RK45_ECI: r=[-1233.63742199 -3513.57078541  6758.68882449], v=[6.8390614  1.22409362 1.87815484]
Epoch 997, t=2460388.4494284:
  TLE_ECI: r=[ 1997.83095408  3616.03123176 -6517.40401721], v=[-6.68587941 -0.81414407 -2.49897577]
  RK45_ECI: r=[-1187.48017033 -3506.11747927  6770.77399836], v=[6.84530412 1.24713471 1.83999705]
Epoch 998, t=2460388.4495036635:
  TLE_ECI: r=[ 1794.80037122  3591.06140808 -6589.81701959], v=[-6.73468407 -0.91084608 -2.32851412]
  RK45_ECI: r=[-1141.28656152 -3498.49255297  6782.61088445], v=[6.85127558 1.2701366  1.80177111]
Epoch 999, t=2460388.449578927:
  TLE_ECI: r=[ 1590.39814624  3563.10385808 -6657.0887908 ], v=[-6.77815312 -1.00687725 -2.1562472 ]
  RK45_ECI: r=[-1095.05845139 -3490.69624295  6794.19904199], v=[6.85697558 1.29309817 1.76347841]
Epoch 1000, t=2460388.4496541903:
  TLE_ECI: r=[ 1384.7862541   3532.17927925 -6719.16718028], v=[-6.81625428 -1.10215832 -1.98230883]
  RK45_ECI: r=[-1048.79810553 -3482.72887773  6805.53793405], v=[6.86240389 1.31601813 1.72512072]
Epoch 1001, t=2460388.449729454:
  TLE_ECI: r=[ 1178.12756489  3498.31081602 -6776.00407062], v=[-6.84895946 -1.19661058 -1.80683406]
  RK45_ECI: r=[-1002.50695345 -3474.59063599  6816.62724818], v=[6.8675604  1.33889557 1.68669912]
Epoch 1002, t=2460388.4498047167:
  TLE_ECI: r=[  970.58572689  3461.52403905 -6827.55541268], v=[-6.87624478 -1.29015593 -1.62995905]
  RK45_ECI: r=[ -956.18748311 -3466.28190382  6827.46642029], v=[6.87244487 1.36172909 1.64821556]
Epoch 1003, t=2460388.44987998:
  TLE_ECI: r=[  762.32499845  3421.84693772 -6873.78125763], v=[-6.89809058 -1.38271705 -1.45182098]
  RK45_ECI: r=[ -909.84089538 -3457.80283884  6838.05520431], v=[6.87705723 1.3845179  1.60967092]
Epoch 1004, t=2460388.4499552436:
  TLE_ECI: r=[  553.51018133  3379.3098794  -6914.64578614], v=[-6.9144814  -1.47421731 -1.27255794]
  RK45_ECI: r=[ -863.46905076 -3449.15371836  6848.39320553], v=[6.88139735 1.4072609  1.57106662]
Epoch 1005, t=2460388.450030507:
  TLE_ECI: r=[  344.30645177  3333.94559946 -6950.11733433], v=[-6.92540606 -1.56458091 -1.09230886]
  RK45_ECI: r=[ -817.07422053 -3440.33491795  6858.47994496], v=[6.88546507 1.42995681 1.53240445]
Epoch 1006, t=2460388.4501057705:
  TLE_ECI: r=[  134.87924254  3285.7891726  -6980.16841679], v=[-6.93085757 -1.65373292 -0.91121337]
  RK45_ECI: r=[ -770.65783661 -3431.34664939  6868.31514466], v=[6.8892603  1.4526047  1.49368548]
Epoch 1007, t=2460388.4501810335:
  TLE_ECI: r=[  -74.6058758   3234.87798599 -7004.77574655], v=[-6.93083322 -1.74159933 -0.72941171]
  RK45_ECI: r=[ -724.22239232 -3422.18934985  6877.89830456], v=[6.89278291 1.47520321 1.45491169]
Epoch 1008, t=2460388.450256297:
  TLE_ECI: r=[ -283.98336122  3181.2517104  -7023.92025191], v=[-6.9253345  -1.82810719 -0.54704464]
  RK45_ECI: r=[ -677.76908988 -3412.86320514  6887.22920732], v=[6.89603285 1.49775156 1.41608395]
Epoch 1009, t=2460388.4503315603:
  TLE_ECI: r=[ -493.08777094  3124.95226884 -7037.58709038], v=[-6.91436715 -1.91318452 -0.36425334]
  RK45_ECI: r=[ -631.29979247 -3403.36853315  6896.30750472], v=[6.89901004 1.52024862 1.37720372]
Epoch 1010, t=2460388.450406824:
  TLE_ECI: r=[ -701.75392781  3066.0238054  -7045.7656594 ], v=[-6.89794114 -1.99676046 -0.18117928]
  RK45_ECI: r=[ -584.81677481 -3393.7057562   6905.13277614], v=[6.90171439 1.54269315 1.33827278]
Epoch 1011, t=2460388.450482087:
  TLE_ECI: r=[ -909.81703829  3004.51265083 -7048.4496041 ], v=[-6.87607064e+00 -2.07876532e+00  2.03584542e-03]
  RK45_ECI: r=[ -538.32146975 -3383.875119    6913.70477843], v=[6.90414587 1.56508423 1.29929222]
Epoch 1012, t=2460388.45055735:
  TLE_ECI: r=[-1117.11281126  2940.46728999 -7045.63682194], v=[-6.84877405 -2.1591306   0.18525026]
  RK45_ECI: r=[ -491.81637337 -3373.8771094   6922.02307603], v=[6.90630441 1.58742049 1.26026402]
Epoch 1013, t=2460388.4506326136:
  TLE_ECI: r=[-1323.47761961  2873.93831219 -7037.32946427], v=[-6.81607393 -2.2377891   0.36832216]
  RK45_ECI: r=[ -445.30268787 -3363.71194124  6930.08748055], v=[6.90818999 1.60970117 1.22118908]
Epoch 1014, t=2460388.450707877:
  TLE_ECI: r=[-1528.74857416  2804.97838973 -7023.53393497], v=[-6.77799703 -2.31467491  0.55110986]
  RK45_ECI: r=[ -398.78227738 -3353.37997271  6937.89769058], v=[6.90980261 1.63192515 1.18206884]
Epoch 1015, t=2460388.4507831405:
  TLE_ECI: r=[-1732.76368492  2733.64222602 -7004.26088582], v=[-6.73457426 -2.38972348  0.73347186]
  RK45_ECI: r=[ -352.2574176  -3342.88167254  6945.45334428], v=[6.91114223 1.6540912  1.14290512]
Epoch 1016, t=2460388.4508584035:
  TLE_ECI: r=[-1935.36196944  2659.98652169 -6979.52520898], v=[-6.68584064 -2.46287169  0.91526699]
  RK45_ECI: r=[ -305.72997248 -3332.21741942  6952.75416621], v=[6.91220886 1.67619821 1.10369936]
Epoch 1017, t=2460388.450933667:
  TLE_ECI: r=[-2136.38360887  2584.06990866 -6949.34602622], v=[-6.6318353  -2.53405792  1.09635446]
  RK45_ECI: r=[ -259.20114327 -3321.38744745  6959.7999877 ], v=[6.91300253 1.69824542 1.06445247]
Epoch 1018, t=2460388.4510089303:
  TLE_ECI: r=[-2335.67002398  2505.95293689 -6913.74667534], v=[-6.57260146 -2.60322203  1.276594  ]
  RK45_ECI: r=[ -212.67342617 -3310.3923023   6966.59044754], v=[6.91352323 1.72023147 1.02516644]
Epoch 1019, t=2460388.451084194:
  TLE_ECI: r=[-2533.06403008  2425.69800651 -6872.75469332], v=[-6.50818639 -2.67030546  1.45584594]
  RK45_ECI: r=[ -166.14825224 -3299.23228085  6973.12535872], v=[6.91377103 1.74215548 0.98584236]
Epoch 1020, t=2460388.451159457:
  TLE_ECI: r=[-2728.40995062  2343.36932457 -6826.4017965 ], v=[-6.43864136 -2.73525127  1.63397134]
  RK45_ECI: r=[ -119.62789608 -3287.90789773  6979.40441856], v=[6.91374595 1.7640162  0.94648206]
Epoch 1021, t=2460388.45123472:
  TLE_ECI: r=[-2921.55373146  2259.03286358 -6774.72385769], v=[-6.36402164 -2.79800415  1.81083207]
  RK45_ECI: r=[  -73.11421941 -3276.41957144  6985.42739882], v=[6.91344807 1.78581254 0.90708698]
Epoch 1022, t=2460388.4513099836:
  TLE_ECI: r=[-3112.34308729  2172.75627658 -6717.76088026], v=[-6.28438641 -2.85851058  1.98629089]
  RK45_ECI: r=[  -26.60842148 -3264.7675637   6991.19416014], v=[6.91287744 1.80754376 0.86765804]
Epoch 1023, t=2460388.451385247:
  TLE_ECI: r=[-3300.62757961  2084.60889389 -6655.55696918], v=[-6.19979879 -2.91671872  2.16021161]
  RK45_ECI: r=[   19.88700432 -3252.95246992  6996.70440659], v=[6.91203415 1.82920851 0.82819724]
Epoch 1024, t=2460388.4514605105:
  TLE_ECI: r=[-3486.25876116  1994.66163648 -6588.16029902], v=[-6.11032574 -2.97257854  2.33245913]
  RK45_ECI: r=[   66.37062988 -3240.97461919  7001.95798652], v=[6.91091828 1.85080591 0.78870569]
Epoch 1025, t=2460388.451535774:
  TLE_ECI: r=[-3669.09028491  1902.98696843 -6515.62307893], v=[-6.01603803 -3.02604186  2.50289958]
  RK45_ECI: r=[  112.84018413 -3228.8345716   7006.95465665], v=[6.90952994 1.87233474 0.74918519]
Epoch 1026, t=2460388.451611037:
  TLE_ECI: r=[-3848.97801312  1809.65885136 -6438.00151461], v=[-5.91701023 -3.07706237  2.67140041]
  RK45_ECI: r=[  159.29380951 -3216.53278505  7011.69423623], v=[6.90786926 1.89379392 0.70963723]
Epoch 1027, t=2460388.4516863003:
  TLE_ECI: r=[-4025.78015182  1714.75264173 -6355.35576726], v=[-5.81332056 -3.12559572  2.83783049]
  RK45_ECI: r=[  205.73031013 -3204.06954863  7016.17661527], v=[6.90593633 1.9151827  0.67006271]
Epoch 1028, t=2460388.451761564:
  TLE_ECI: r=[-4199.35732925  1618.3450976  -6267.74990958], v=[-5.70505095 -3.17159948  3.00206019]
  RK45_ECI: r=[  252.14719781 -3191.44550691  7020.40156345], v=[6.90373132 1.93649978 0.63046364]
Epoch 1029, t=2460388.451836827:
  TLE_ECI: r=[-4369.57272768  1520.51427438 -6175.25187876], v=[-5.59228691 -3.21503323  3.16396151]
  RK45_ECI: r=[  298.54304892 -3178.66102086  7024.3689646 ], v=[6.90125434 1.95774426 0.59084113]
Epoch 1030, t=2460388.4519120906:
  TLE_ECI: r=[-4536.29218549  1421.33947393 -6077.93342651], v=[-5.47511752 -3.25585859  3.32340816]
  RK45_ECI: r=[  344.91559832 -3165.71669552  7028.07863512], v=[6.89850558 1.97891495 0.551197  ]
Epoch 1031, t=2460388.4519873536:
  TLE_ECI: r=[-4699.38429941  1320.90119519 -5975.87006619], v=[-5.35363533 -3.29403923  3.48027567]
  RK45_ECI: r=[  391.26320494 -3152.61296664  7031.53045749], v=[6.89548521 2.00001087 0.51153254]
Epoch 1032, t=2460388.452062617:
  TLE_ECI: r=[-4858.72054415  1219.28101609 -5869.14101693], v=[-5.22793626 -3.32954099  3.63444147]
  RK45_ECI: r=[  437.58404607 -3139.3503336   7034.72430439], v=[6.89219339 2.02103103 0.47184923]
Epoch 1033, t=2460388.4521378805:
  TLE_ECI: r=[-5014.17535045  1116.56160896 -5757.82914496], v=[-5.09811966 -3.36233178  3.785785  ]
  RK45_ECI: r=[  483.87627275 -3125.9293063   7037.66005817], v=[6.88863031 2.04197439 0.43214851]
Epoch 1034, t=2460388.452213144:
  TLE_ECI: r=[-5165.62622121  1012.82662133 -5642.02090199], v=[-4.96428809 -3.39238171  3.93418779]
  RK45_ECI: r=[  530.13825687 -3112.35033833  7040.33762262], v=[6.88479618 2.06283998 0.39243169]
Epoch 1035, t=2460388.452288407:
  TLE_ECI: r=[-5312.95382242   908.16063752 -5521.80626075], v=[-4.82654736 -3.41966308  4.07953359]
  RK45_ECI: r=[  576.36752243 -3098.61414425  7042.75686327], v=[6.88069125 2.08362654 0.35270079]
Epoch 1036, t=2460388.4523636703:
  TLE_ECI: r=[-5456.04208951   802.64904893 -5397.27864775], v=[-4.68500637 -3.44415045  4.22170841]
  RK45_ECI: r=[  622.56309287 -3084.72099944  7044.91773648], v=[6.87631568 2.1043334  0.31295653]
Epoch 1037, t=2460388.452438934:
  TLE_ECI: r=[-5594.7783035    696.37807716 -5268.5348732 ], v=[-4.5397771  -3.4658206   4.36060066]
  RK45_ECI: r=[  668.72249596 -3070.67163524  7046.82013053], v=[6.87166974 2.12495927 0.27320094]
Epoch 1038, t=2460388.452514197:
  TLE_ECI: r=[-5729.05319317   589.43464355 -5135.67505823], v=[-4.39097448 -3.48465261  4.49610122]
  RK45_ECI: r=[  714.84431986 -3056.46646916  7048.46399337], v=[6.86675367 2.14550331 0.23343512]
Epoch 1039, t=2460388.4525894606:
  TLE_ECI: r=[-5858.76102016   481.90631362 -4998.80255933], v=[-4.23871632 -3.50062785  4.62810353]
  RK45_ECI: r=[  760.92631592 -3042.10618551  7049.84924922], v=[6.86156773 2.16596436 0.19366092]
Epoch 1040, t=2460388.4526647236:
  TLE_ECI: r=[-5983.79966328   373.88124365 -4858.02389021], v=[-4.08312326 -3.51373003  4.75650367]
  RK45_ECI: r=[  806.96664824 -3027.59134995  7050.97585094], v=[6.85611224 2.18634136 0.1538798 ]
Epoch 1041, t=2460388.452739987:
  TLE_ECI: r=[-6104.07070598   265.44803924 -4713.44864092], v=[-3.92431857 -3.52394521  4.88120047]
  RK45_ECI: r=[  852.96413685 -3012.92232666  7051.84377139], v=[6.85038737 2.20663361 0.11409269]
Epoch 1042, t=2460388.4528152505:
  TLE_ECI: r=[-6219.4795088    156.69578628 -4565.18939447], v=[-3.76242821 -3.5312618   5.00209559]
  RK45_ECI: r=[  898.91632195 -2998.09989421  7052.45296487], v=[6.8443935  2.22683985 0.0743016 ]
Epoch 1043, t=2460388.452890514:
  TLE_ECI: r=[-6329.93529174    47.71390983 -4413.36164089], v=[-3.5975806  -3.5356706   5.11909357]
  RK45_ECI: r=[  944.82180031 -2983.12450091  7052.80341507], v=[6.83813088 2.24695923 0.03450766]
Epoch 1044, t=2460388.4529657774:
  TLE_ECI: r=[-6435.351207     -61.4078828  -4258.08368883], v=[-3.42990661 -3.53716481  5.23210196]
  RK45_ECI: r=[  990.67833556 -2967.99687423  7052.89510618], v=[ 6.83159987e+00  2.26699060e+00 -5.28731878e-03]
Epoch 1045, t=2460388.4530410403:
  TLE_ECI: r=[-6535.64441063  -170.57965675 -4099.47657466], v=[-3.25953943 -3.53574001  5.34103138]
  RK45_ECI: r=[ 1036.48410324 -2952.71761722  7052.72803898], v=[ 6.8248008   2.28693296 -0.04508184]
Epoch 1046, t=2460388.453116304:
  TLE_ECI: r=[-6630.73612881  -279.71140002 -3937.66396933], v=[-3.0866144  -3.53139423  5.44579558]
  RK45_ECI: r=[ 1082.23793151 -2937.2871202   7052.30221596], v=[ 6.81773392  2.30678559 -0.084875  ]
Epoch 1047, t=2460388.453191567:
  TLE_ECI: r=[-6720.55172478  -388.71298398 -3772.77208284], v=[-2.91126905 -3.52412793  5.54631153]
  RK45_ECI: r=[ 1127.93737528 -2921.70620821  7051.61765753], v=[ 6.81039967  2.32654726 -0.12466476]
Epoch 1048, t=2460388.4532668306:
  TLE_ECI: r=[-6805.02075928  -497.49431436 -3604.92956654], v=[-2.73364286 -3.51394395  5.64249951]
  RK45_ECI: r=[ 1173.58104154 -2905.97535986  7050.67438309], v=[ 6.80279833  2.34621713 -0.16445003]
Epoch 1049, t=2460388.4533420936:
  TLE_ECI: r=[-6884.0770509   -605.96536677 -3434.26741318], v=[-2.55387722 -3.50084762  5.73428316]
  RK45_ECI: r=[ 1219.1664927  -2890.09542074  7049.47244314], v=[ 6.79493038  2.36579399 -0.20422877]
Epoch 1050, t=2460388.453417357:
  TLE_ECI: r=[-6957.65872404  -714.03634249 -3260.91885501], v=[-2.37211525 -3.4848467   5.82158955]
  RK45_ECI: r=[ 1264.69256502 -2874.06680356  7048.01186753], v=[ 6.78679608  2.38527713 -0.24400008]
Epoch 1051, t=2460388.4534926205:
  TLE_ECI: r=[-7025.70827006  -821.61762326 -3085.01925976], v=[-2.18850179 -3.46595135  5.90434924]
  RK45_ECI: r=[ 1310.15744847 -2857.89015151  7046.2927072 ], v=[ 6.77839584  2.40466557 -0.28376247]
Epoch 1052, t=2460388.453567884:
  TLE_ECI: r=[-7088.17258906  -928.61992641 -2906.70602474], v=[-2.00318317 -3.4441742   5.98249635]
  RK45_ECI: r=[ 1355.55893117 -2841.5662595   7044.31504236], v=[ 6.76973012  2.42395819 -0.3235141 ]
Epoch 1053, t=2460388.4536431474:
  TLE_ECI: r=[-7145.00303557 -1034.95435992 -2726.11846908], v=[-1.81630719 -3.41953029  6.05596866]
  RK45_ECI: r=[ 1400.89563165 -2825.09563601  7042.07892814], v=[ 6.76079926  2.44315418 -0.36325388]
Epoch 1054, t=2460388.4537184103:
  TLE_ECI: r=[-7196.15546262 -1140.53247626 -2543.39772426], v=[-1.62802292 -3.39203708  6.12470757]
  RK45_ECI: r=[ 1446.16513078 -2808.4791718   7039.58448108], v=[ 6.75160379  2.46225234 -0.40297978]
Epoch 1055, t=2460388.453793674:
  TLE_ECI: r=[-7241.59024564 -1245.26643111 -2358.68662292], v=[-1.4384806  -3.36171447  6.18865826]
  RK45_ECI: r=[ 1491.3662752  -2791.71730493  7036.83176065], v=[ 6.74214404  2.48125198 -0.44269089]
Epoch 1056, t=2460388.453868937:
  TLE_ECI: r=[-7281.27233481 -1349.06893186 -2172.12958611], v=[-1.24783155 -3.32858471  6.24776966]
  RK45_ECI: r=[ 1536.4972702  -2774.81071464  7033.82086561], v=[ 6.73242044  2.50015214 -0.48238573]
Epoch 1057, t=2460388.4539442006:
  TLE_ECI: r=[-7315.17127216 -1451.85339496 -1983.87250913], v=[-1.05622802 -3.29267248  6.30199455]
  RK45_ECI: r=[ 1581.55592207 -2757.760237    7030.55193609], v=[ 6.72243354  2.51895172 -0.52206246]
Epoch 1058, t=2460388.454019464:
  TLE_ECI: r=[-7343.26122011 -1553.53399893 -1794.06264587], v=[-0.86382305 -3.2540048   6.35128959]
  RK45_ECI: r=[ 1626.54086235 -2740.56640974  7027.0250629 ], v=[ 6.71218371  2.53764993 -0.56172   ]
Epoch 1059, t=2460388.454094727:
  TLE_ECI: r=[-7365.52098824 -1654.0257354  -1602.84849202], v=[-0.67077036 -3.21261105  6.39561533]
  RK45_ECI: r=[ 1671.44969281 -2723.23016795  7023.24042846], v=[ 6.70167156  2.55624559 -0.60135631]
Epoch 1060, t=2460388.4541699905:
  TLE_ECI: r=[-7381.9340319  -1753.24456813 -1410.37966704], v=[-0.4772242  -3.16852294  6.4349363 ]
  RK45_ECI: r=[ 1716.28127181 -2705.75197447  7019.19812188], v=[ 6.69089744  2.57473805 -0.64097048]
Epoch 1061, t=2460388.454245254:
  TLE_ECI: r=[-7392.4884946  -1851.10737467 -1216.80679503], v=[-0.28333926 -3.12177447  6.469221  ]
  RK45_ECI: r=[ 1761.03382155 -2688.13254404  7014.89828958], v=[ 6.67986185  2.59312634 -0.68056106]
Epoch 1062, t=2460388.4543205174:
  TLE_ECI: r=[-7397.17719928 -1947.53210418 -1022.28138471], v=[-0.0892705  -3.07240192  6.49844194]
  RK45_ECI: r=[ 1805.70516892 -2670.37275285  7010.34113152], v=[ 6.66856538  2.6114094  -0.72012619]
Epoch 1063, t=2460388.454395781:
  TLE_ECI: r=[-7395.99765904 -2042.43782574  -826.95570859], v=[ 0.10482696 -3.02044383  6.52257568]
  RK45_ECI: r=[ 1850.29395989 -2652.47316739  7005.52677404], v=[ 6.65700848  2.62958646 -0.7596648 ]
Epoch 1064, t=2460388.454471044:
  TLE_ECI: r=[-7388.95208556 -2135.74477539  -630.98268127], v=[ 0.29879799 -2.96594096  6.54160286]
  RK45_ECI: r=[ 1894.79781951 -2634.43476608  7000.45546536], v=[ 6.6451918   2.64765638 -0.79917486]
Epoch 1065, t=2460388.454546307:
  TLE_ECI: r=[-7376.04736222 -2227.37451202  -434.5157373 ], v=[ 0.49248756 -2.90893623  6.55550819]
  RK45_ECI: r=[ 1939.21561894 -2616.25803613  6995.12732401], v=[ 6.63311574  2.66561848 -0.83865547]
Epoch 1066, t=2460388.4546215707:
  TLE_ECI: r=[-7357.29507505 -2317.24985399  -237.70870842], v=[ 0.68574088 -2.84947472  6.56428046]
  RK45_ECI: r=[ 1983.54559939 -2597.94372684  6989.54254405], v=[ 6.62078085  2.68347186 -0.87810516]
Epoch 1067, t=2460388.454696834:
  TLE_ECI: r=[-7332.71147866 -2405.29503197   -40.71570041], v=[ 0.87840355 -2.78760365  6.56791261]
  RK45_ECI: r=[ 2027.78561034 -2579.49275378  6983.70138497], v=[ 6.60818779  2.70121547 -0.91752212]
Epoch 1068, t=2460388.454772097:
  TLE_ECI: r=[-7302.31749556 -2491.43571106   156.30903023], v=[ 1.07032164 -2.72337228  6.56640165]
  RK45_ECI: r=[ 2071.93390354 -2560.90588351  6977.60406703], v=[ 6.59533715  2.7188484  -0.95690487]
Epoch 1069, t=2460388.4548473605:
  TLE_ECI: r=[-7266.13866952 -2575.59914001   353.21119979], v=[ 1.26134192 -2.6568319   6.55974874]
  RK45_ECI: r=[ 2115.98935998 -2542.1836208   6971.25072866], v=[ 6.58222932  2.73637001 -0.99625251]
Epoch 1070, t=2460388.454922624:
  TLE_ECI: r=[-7224.20518658 -2657.71408543   549.83662099], v=[ 1.45131186 -2.5880358   6.54795916]
  RK45_ECI: r=[ 2159.94963468 -2523.32699262  6964.64169304], v=[ 6.56886507  2.75377917 -1.03556305]
Epoch 1071, t=2460388.4549978874:
  TLE_ECI: r=[-7176.55182113 -2737.71097833   746.03132642], v=[ 1.64007986 -2.51703923  6.53104227]
  RK45_ECI: r=[ 2203.81339954 -2504.33661015  6957.77714318], v=[ 6.55524489  2.77107516 -1.07483539]
Epoch 1072, t=2460388.455073151:
  TLE_ECI: r=[-7123.21791318 -2815.52195258   941.64169178], v=[ 1.82749535 -2.44389929  6.50901158]
  RK45_ECI: r=[ 2247.57852896 -2485.21342728  6950.65739793], v=[ 6.54136952  2.78825695 -1.1140677 ]
Epoch 1073, t=2460388.455148414:
  TLE_ECI: r=[-7064.24734339 -2891.08088238  1136.51455888], v=[ 2.01340889 -2.36867497  6.48188465]
  RK45_ECI: r=[ 2291.24329626 -2465.95824401  6943.28272479], v=[ 6.52723957  2.80532366 -1.15325856]
Epoch 1074, t=2460388.455223677:
  TLE_ECI: r=[-6999.68846195 -2964.32352225  1330.49735807], v=[ 2.19767234 -2.29142701  6.44968314]
  RK45_ECI: r=[ 2334.80659739 -2446.57158848  6935.65329147], v=[ 6.51285549  2.82227466 -1.19240704]
Epoch 1075, t=2460388.4552989407:
  TLE_ECI: r=[-6929.59409781 -3035.18743683  1523.43823032], v=[ 2.38013897 -2.21221792  6.41243276]
  RK45_ECI: r=[ 2378.26611571 -2427.05452874  6927.76948632], v=[ 6.49821812  2.83910888 -1.23151116]
Epoch 1076, t=2460388.455374204:
  TLE_ECI: r=[-6854.0214804  -3103.61213822  1715.18614843], v=[ 2.56066355 -2.1311119   6.37016326]
  RK45_ECI: r=[ 2421.6205412  -2407.4077031   6919.63152748], v=[ 6.48332797  2.85582557 -1.27056984]
Epoch 1077, t=2460388.4554494675:
  TLE_ECI: r=[-6773.03219922 -3169.53911697  1905.59103756], v=[ 2.73910252 -2.04817476  6.32290836]
  RK45_ECI: r=[ 2464.86777531 -2387.63210267  6911.23979287], v=[ 6.46818585  2.87242378 -1.30958127]
Epoch 1078, t=2460388.4555247305:
  TLE_ECI: r=[-6686.69216141 -3232.91187201  2094.50389489], v=[ 2.91531409 -1.9634739   6.2707058 ]
  RK45_ECI: r=[ 2508.00611475 -2367.7285601   6902.59459699], v=[ 6.45279244  2.88890263 -1.34854399]
Epoch 1079, t=2460388.455599994:
  TLE_ECI: r=[-6595.07149776 -3293.67603843  2281.7769081 ], v=[ 3.08915835 -1.87707821  6.21359721]
  RK45_ECI: r=[ 2551.03447141 -2347.69762634  6893.69613664], v=[ 6.4371482   2.90526151 -1.38745714]
Epoch 1080, t=2460388.4556752574:
  TLE_ECI: r=[-6498.24456    -3351.77931493  2467.26357307], v=[ 3.2604974  -1.78905805  6.15162814]
  RK45_ECI: r=[ 2593.95055951 -2327.54040938  6884.54486493], v=[ 6.42125405  2.92149937 -1.42631871]
Epoch 1081, t=2460388.455750521:
  TLE_ECI: r=[-6396.28982048 -3407.17158801  2650.81881002], v=[ 3.42919544 -1.69948518  6.084848  ]
  RK45_ECI: r=[ 2636.75308844 -2307.25757383  6875.14103501], v=[ 6.40511054  2.93761552 -1.46512763]
Epoch 1082, t=2460388.4558257842:
  TLE_ECI: r=[-6289.2898154  -3459.80495457  2832.29907852], v=[ 3.59511892 -1.60843267  6.01330999]
  RK45_ECI: r=[ 2679.43998867 -2286.85014723  6865.48508342], v=[ 6.38871854  2.95360899 -1.50388211]
Epoch 1083, t=2460388.455901047:
  TLE_ECI: r=[-6177.33108536 -3509.63374504  3011.56249109], v=[ 3.7581366  -1.51597488  5.93707109]
  RK45_ECI: r=[ 2722.00977666 -2266.3189031   6855.57732431], v=[ 6.3720787   2.96947902 -1.5425809 ]
Epoch 1084, t=2460388.4559763107:
  TLE_ECI: r=[-6060.50406183 -3556.61463467  3188.46892508], v=[ 3.91811972 -1.42218732  5.85619198]
  RK45_ECI: r=[ 2764.46079793 -2245.66468663  6845.41812457], v=[ 6.35519175  2.98522483 -1.58122256]
Epoch 1085, t=2460388.456051574:
  TLE_ECI: r=[-5938.90305244 -3600.70657078  3362.88013321], v=[ 4.07494202 -1.32714669  5.77073699]
  RK45_ECI: r=[ 2806.79138325 -2224.88837259  6835.00786048], v=[ 6.33805843  3.00084559 -1.61980568]
Epoch 1086, t=2460388.4561268375:
  TLE_ECI: r=[-5812.62612131 -3641.8708811   3534.65985225], v=[ 4.22847992 -1.23093073  5.68077403]
  RK45_ECI: r=[ 2849.00006821 -2203.99074196  6824.34686691], v=[ 6.32067944  3.01634055 -1.658329  ]
Epoch 1087, t=2460388.4562021005:
  TLE_ECI: r=[-5681.77502807 -3680.07127136  3703.67390988], v=[ 4.37861257 -1.13361819  5.58637458]
  RK45_ECI: r=[ 2891.08461583 -2182.97295832  6813.43569051], v=[ 6.30305576  3.03170873 -1.69679055]
Epoch 1088, t=2460388.456277364:
  TLE_ECI: r=[-5546.45509978 -3715.27392337  3869.79032965], v=[ 4.52522194 -1.03528873  5.48761355]
  RK45_ECI: r=[ 2933.04416299 -2161.83552071  6802.27453046], v=[ 6.28518785  3.04694959 -1.73518965]
Epoch 1089, t=2460388.4563526274:
  TLE_ECI: r=[-5406.775208   -3747.44742193  4032.87943418], v=[ 4.66819296 -0.9360229   5.38456927]
  RK45_ECI: r=[ 2974.87648514 -2140.57960594  6790.86395538], v=[ 6.26707673  3.06206217 -1.77352433]
Epoch 1090, t=2460388.456427891:
  TLE_ECI: r=[-5262.84763533 -3776.56284962  4192.81394603], v=[ 4.80741356 -0.83590204  5.2773234 ]
  RK45_ECI: r=[ 3016.58013914 -2119.20601824  6779.20433593], v=[ 6.24872313  3.07704572 -1.81179336]
Epoch 1091, t=2460388.4565031542:
  TLE_ECI: r=[-5114.78799299 -3802.59379425  4349.46908659], v=[ 4.94277478 -0.7350082   5.16596086]
  RK45_ECI: r=[ 3058.15368542 -2097.71556577  6767.29604733], v=[ 6.23012776  3.09189955 -1.8499955 ]
Epoch 1092, t=2460388.456578417:
  TLE_ECI: r=[-4962.71513694 -3825.51635604  4502.72267283], v=[ 5.07417084 -0.63342412  5.05056974]
  RK45_ECI: r=[ 3099.59492329 -2076.10944907  6755.13969979], v=[ 6.21129169  3.10662269 -1.88812881]
Epoch 1093, t=2460388.4566536807:
  TLE_ECI: r=[-4806.75102483 -3845.30922686  4652.45521154], v=[ 5.20149922 -0.53123308  4.93124127]
  RK45_ECI: r=[ 3140.90300594 -2054.38818611  6742.73551512], v=[ 6.1922154   3.12121462 -1.92619258]
Epoch 1094, t=2460388.456728944:
  TLE_ECI: r=[-4647.02068271 -3861.95361961  4798.5499916 ], v=[ 5.32466074 -0.42851889  4.80806968]
  RK45_ECI: r=[ 3182.07574607 -2032.55298998  6730.08412534], v=[ 6.17289997  3.13567442 -1.96418489]
Epoch 1095, t=2460388.4568042075:
  TLE_ECI: r=[-4483.65205814 -3875.43334325  4940.89317351], v=[ 5.44355966 -0.32536584  4.68115215]
  RK45_ECI: r=[ 3223.11191434 -2010.60459532  6717.18588002], v=[ 6.15334609  3.15000144 -2.00210468]
Epoch 1096, t=2460388.456879471:
  TLE_ECI: r=[-4316.77592669 -3885.73480158  5079.37387667], v=[ 5.55810367 -0.22185854  4.55058876]
  RK45_ECI: r=[ 3264.0095338  -1988.54412523  6704.04137756], v=[ 6.13355477  3.16419481 -2.03995021]
Epoch 1097, t=2460388.456954734:
  TLE_ECI: r=[-4146.52579639 -3892.84699282  5213.88426408], v=[ 5.66820405 -0.11808197  4.41648232]
  RK45_ECI: r=[ 3304.76700585 -1966.37252739  6690.65110792], v=[ 6.11352689  3.17825379 -2.07772006]
Epoch 1098, t=2460388.4570299974:
  TLE_ECI: r=[-3973.0377538  -3896.76156793  5344.31962437], v=[ 5.77377568 -0.01412127  4.27893837]
  RK45_ECI: r=[ 3345.38331313 -1944.09043402  6677.01537639], v=[ 6.09326303  3.19217783 -2.11541339]
Epoch 1099, t=2460388.457105261:
  TLE_ECI: r=[-3796.45042187 -3897.47276329  5470.57845151], v=[5.87473709 0.08993821 4.13806505]
  RK45_ECI: r=[ 3385.85630765 -1921.69909353  6663.1348778 ], v=[ 6.07276437  3.20596602 -2.15302827]
Epoch 1100, t=2460388.4571805242:
  TLE_ECI: r=[-3616.90480223 -3894.97745599  5592.56252155], v=[5.97101056 0.19401103 3.99397301]
  RK45_ECI: r=[ 3426.18478437 -1899.199264    6649.00999553], v=[ 6.05203158  3.21961774 -2.19056366]
Epoch 1101, t=2460388.4572557877:
  TLE_ECI: r=[-3434.54417278 -3889.27515406  5710.17696676], v=[6.06252213 0.29801172 3.84677533]
  RK45_ECI: r=[ 3466.36680328 -1876.59210034  6634.64138475], v=[ 6.03106578  3.23313218 -2.22801783]
Epoch 1102, t=2460388.4573310507:
  TLE_ECI: r=[-3249.51398372 -3880.36798768  5823.33034716], v=[6.14920167 0.40185486 3.69658742]
  RK45_ECI: r=[ 3506.40079719 -1853.87857818  6620.02958058], v=[ 6.00986786  3.24650861 -2.2653894 ]
Epoch 1103, t=2460388.457406314:
  TLE_ECI: r=[-3061.96169534 -3868.26074662  5931.93471896], v=[6.23098293 0.50545517 3.54352695]
  RK45_ECI: r=[ 3546.28576998 -1831.05934951  6605.17491614], v=[ 5.98843847  3.25974649 -2.30267752]
Epoch 1104, t=2460388.4574815775:
  TLE_ECI: r=[-2872.03672818 -3852.96081777  6035.90570059], v=[6.30780357 0.60872751 3.38771372]
  RK45_ECI: r=[ 3586.01961513 -1808.13569648  6590.07814845], v=[ 5.9667788   3.27284498 -2.33988027]
Epoch 1105, t=2460388.457556841:
  TLE_ECI: r=[-2679.89029823 -3834.47821943  6135.16253553], v=[6.3796052  0.71158701 3.22926958]
  RK45_ECI: r=[ 3625.60115317 -1785.10839989  6574.73969429], v=[ 5.94488961  3.28580346 -2.37699665]
Epoch 1106, t=2460388.457632104:
  TLE_ECI: r=[-2485.67531896 -3812.82557629  6229.62815251], v=[6.44633345 0.81394908 3.06831833]
  RK45_ECI: r=[ 3665.02829699 -1761.97875658  6559.16033871], v=[ 5.92277214  3.2986211  -2.41402476]
Epoch 1107, t=2460388.4577073674:
  TLE_ECI: r=[-2289.54623511 -3788.0181395   6319.22922254], v=[6.50793792 0.9157296  2.90498565]
  RK45_ECI: r=[ 3704.30007015 -1738.74743499  6543.34044032], v=[ 5.90042703  3.31129739 -2.45096376]
Epoch 1108, t=2460388.457782631:
  TLE_ECI: r=[-2091.65896739 -3760.07372933  6403.89621339], v=[6.56437233 1.01684482 2.73939897]
  RK45_ECI: r=[ 3743.4149411  -1715.41544012  6527.28058092], v=[ 5.87785527  3.32383163 -2.48781228]
Epoch 1109, t=2460388.4578578942:
  TLE_ECI: r=[-1892.17074438 -3729.0127523   6483.56344079], v=[6.61559443 1.11721153 2.57168738]
  RK45_ECI: r=[ 3782.37103276 -1691.98397523  6510.98150519], v=[ 5.85505801  3.33622306 -2.52456863]
Epoch 1110, t=2460388.4579331577:
  TLE_ECI: r=[-1691.2399897  -3694.8581774   6558.16911684], v=[6.66156611 1.2167471  2.40198152]
  RK45_ECI: r=[ 3821.16719245 -1668.45384293  6494.44366299], v=[ 5.83203604  3.34847112 -2.56123179]
Epoch 1111, t=2460388.4580084207:
  TLE_ECI: r=[-1489.02620791 -3657.63551398  6627.65539539], v=[6.70225339 1.31536951 2.23041351]
  RK45_ECI: r=[ 3859.80137752 -1644.82637184  6477.6679004 ], v=[ 5.80879067  3.36057498 -2.5977999 ]
Epoch 1112, t=2460388.458083684:
  TLE_ECI: r=[-1285.68981607 -3617.37281011  6691.96841433], v=[6.7376264  1.41299755 2.05711684]
  RK45_ECI: r=[ 3898.27263478 -1621.10224867  6460.65460328], v=[ 5.78532257  3.37253418 -2.63427211]
Epoch 1113, t=2460388.4581589475:
  TLE_ECI: r=[-1081.39208285 -3574.10060254  6751.05833513], v=[6.76765946 1.50955067 1.88222623]
  RK45_ECI: r=[ 3936.57946724 -1597.28250419  6443.40439743], v=[ 5.76163275  3.38434805 -2.67064711]
Epoch 1114, t=2460388.458234211:
  TLE_ECI: r=[ -876.29495884 -3527.85191246  6804.87937909], v=[6.79233108 1.60494921 1.7058776 ]
  RK45_ECI: r=[ 3974.72003973 -1573.36837017  6425.91808257], v=[ 5.73772245  3.39601586 -2.70692318]
Epoch 1115, t=2460388.4583094744:
  TLE_ECI: r=[ -670.56096095 -3478.66221483  6853.38986067], v=[6.81162392 1.69911439 1.5282079 ]
  RK45_ECI: r=[ 4012.69322744 -1549.36067007  6408.19614113], v=[ 5.71359247  3.40753708 -2.74309936]
Epoch 1116, t=2460388.4583847374:
  TLE_ECI: r=[ -464.35305549 -3426.56940952  6896.55221778], v=[6.82552486 1.79196836 1.34935506]
  RK45_ECI: r=[ 4050.49703436 -1525.26076278  6390.23947947], v=[ 5.68924418  3.41891092 -2.77917378]
Epoch 1117, t=2460388.458460001:
  TLE_ECI: r=[ -257.83449112 -3371.6137981   6934.33303895], v=[6.83402494 1.88343436 1.16945786]
  RK45_ECI: r=[ 4088.13053128 -1501.06935274  6372.04851028], v=[ 5.66467829  3.43013694 -2.81514564]
Epoch 1118, t=2460388.4585352642:
  TLE_ECI: r=[  -51.16873234 -3313.8380424   6966.70308759], v=[6.83711945 1.97343664 0.98865581]
  RK45_ECI: r=[ 4125.59225751 -1476.78749521  6353.62390275], v=[ 5.63989585  3.4412145  -2.8510136 ]
Epoch 1119, t=2460388.4586105277:
  TLE_ECI: r=[  155.48070803 -3253.28713887  6993.63732303], v=[6.83480782 2.0619006  0.80708912]
  RK45_ECI: r=[ 4162.88042143 -1452.41644911  6334.96651088], v=[ 5.61489814  3.45214293 -2.88677602]
Epoch 1120, t=2460388.458685791:
  TLE_ECI: r=[  361.95038572 -3190.00838176  7015.11491861], v=[6.82709371 2.14875282 0.62489851]
  RK45_ECI: r=[ 4199.99392739 -1427.95705787  6316.0768492 ], v=[ 5.58968602  3.46292169 -2.92243191]
Epoch 1121, t=2460388.458761054:
  TLE_ECI: r=[  568.07704244 -3124.05132806  7031.11927658], v=[6.81398495 2.23392113 0.44222516]
  RK45_ECI: r=[ 4236.93082782 -1403.41070925  6296.95588348], v=[ 5.56426089  3.47355006 -2.95797945]
Epoch 1122, t=2460388.4588363175:
  TLE_ECI: r=[  773.69776922 -3055.46775336  7041.63804002], v=[6.79549356 2.31733471 0.25921061]
  RK45_ECI: r=[ 4273.6902186  -1378.77812457  6277.60405281], v=[ 5.53862351  3.48402762 -2.99341785]
Epoch 1123, t=2460388.458911581:
  TLE_ECI: r=[  978.65007732 -2984.31161956  7046.66310171], v=[6.7716357  2.39892403 0.07599662]
  RK45_ECI: r=[ 4310.2706767  -1354.06038227  6258.02206917], v=[ 5.51277495  3.49435376 -3.0287458 ]
Epoch 1124, t=2460388.4589868444:
  TLE_ECI: r=[ 1182.77206077 -2910.63902856  7046.19060978], v=[ 6.74243171  2.478621   -0.10727489]
  RK45_ECI: r=[ 4346.67045592 -1329.25876719  6238.21083996], v=[ 5.48671657  3.50452783 -3.06396166]
Epoch 1125, t=2460388.4590621074:
  TLE_ECI: r=[ 1385.90250431 -2834.50818372  7040.22097048], v=[ 6.70790604  2.55635897 -0.29046199]
  RK45_ECI: r=[ 4382.88815362 -1304.37436916  6218.17110054], v=[ 5.46044947  3.51454927 -3.09906414]
Epoch 1126, t=2460388.459137371:
  TLE_ECI: r=[ 1587.88104154 -2755.97932941  7028.75884764], v=[ 6.66808726  2.63207289 -0.47342277]
  RK45_ECI: r=[ 4418.92288401 -1279.40792127  6197.90330759], v=[ 5.43397441  3.52441763 -3.13405245]
Epoch 1127, t=2460388.4592126342:
  TLE_ECI: r=[ 1788.5482283  -2675.11472656  7011.81315926], v=[ 6.62300805  2.70569917 -0.65601554]
  RK45_ECI: r=[ 4454.77275769 -1254.36084265  6177.40849375], v=[ 5.40729288  3.53413227 -3.16892481]
Epoch 1128, t=2460388.4592878977:
  TLE_ECI: r=[ 1987.7457     -2591.97859024  6989.39707095], v=[ 6.57270514  2.77717591 -0.83809884]
  RK45_ECI: r=[ 4490.4367277  -1229.2340069   6156.68722385], v=[ 5.38040578  3.54369269 -3.20368026]
Epoch 1129, t=2460388.459363161:
  TLE_ECI: r=[ 2185.31628579 -2506.63704305  6961.52798622], v=[ 6.5172193   2.84644285 -1.0195316 ]
  RK45_ECI: r=[ 4525.91309504 -1204.028723    6135.74045792], v=[ 5.35331448  3.5530983  -3.23831719]
Epoch 1130, t=2460388.459438424:
  TLE_ECI: r=[ 2381.10412298 -2419.15807091  6928.22753383], v=[ 6.45659533  2.91344142 -1.20017323]
  RK45_ECI: r=[ 4561.20049686 -1178.74610238  6114.56897292], v=[ 5.32602015  3.56234855 -3.27283435]
Epoch 1131, t=2460388.4595136875:
  TLE_ECI: r=[ 2574.95480646 -2329.61144295  6889.52155193], v=[ 6.39088197  2.97811489 -1.37988371]
  RK45_ECI: r=[ 4596.29807399 -1153.38689358  6093.17325128], v=[ 5.29852356  3.57144304 -3.30723094]
Epoch 1132, t=2460388.459588951:
  TLE_ECI: r=[ 2766.71546516 -2238.06869713  6845.44006929], v=[ 6.32013196  3.04040827 -1.55852369]
  RK45_ECI: r=[ 4631.20398953 -1127.95254128  6071.55438294], v=[ 5.27082627  3.58038114 -3.34150523]
Epoch 1133, t=2460388.4596642144:
  TLE_ECI: r=[ 2956.23490969 -2144.60305851  6796.01728333], v=[ 6.24440191  3.10026845 -1.73595461]
  RK45_ECI: r=[ 4665.91722848 -1102.4439365   6049.7129635 ], v=[ 5.24292919  3.58916241 -3.37565625]
Epoch 1134, t=2460388.459739478:
  TLE_ECI: r=[ 3143.36374252 -2049.28938845  6741.29153519], v=[ 6.16375231  3.15764421 -1.9120388 ]
  RK45_ECI: r=[ 4700.43614056 -1076.86241122  6027.65000461], v=[ 5.21483376  3.59778628 -3.40968247]
Epoch 1135, t=2460388.459814741:
  TLE_ECI: r=[ 3327.95446839 -1952.20413587  6681.30528174], v=[ 6.07824749  3.21248628 -2.08663957]
  RK45_ECI: r=[ 4734.75940414 -1051.20909717  6005.36632418], v=[ 5.18654118  3.60625225 -3.4435826 ]
Epoch 1136, t=2460388.4598900042:
  TLE_ECI: r=[ 3509.86163234 -1853.42523916  6616.10506442], v=[ 5.9879555   3.26474738 -2.25962131]
  RK45_ECI: r=[ 4768.88618744 -1025.48475752  5982.86242983], v=[ 5.15805225  3.61455993 -3.4773559 ]
Epoch 1137, t=2460388.4599652677:
  TLE_ECI: r=[ 3688.94189796 -1753.03212157  6545.7414753 ], v=[ 5.89294821  3.31438225 -2.4308496 ]
  RK45_ECI: r=[4802.81470802 -999.69086076 5960.13946781], v=[ 5.12936857  3.62270875 -3.51100065]
Epoch 1138, t=2460388.460040531:
  TLE_ECI: r=[ 3865.05418299 -1651.10559192  6470.26911989], v=[ 5.79330111  3.36134768 -2.60019131]
  RK45_ECI: r=[4836.54398367 -973.82831453 5937.19806387], v=[ 5.10049108  3.63069829 -3.54451592]
Epoch 1139, t=2460388.460115794:
  TLE_ECI: r=[ 4038.05975919 -1547.72780175  6389.74657708], v=[ 5.68909335  3.40560255 -2.76751468]
  RK45_ECI: r=[4870.07225702 -947.89859758 5914.03938954], v=[ 5.07142142  3.63852799 -3.57790002]
Epoch 1140, t=2460388.4601910575:
  TLE_ECI: r=[ 4207.82237955 -1442.98213389  6304.23635595], v=[ 5.58040765  3.44710794 -2.93268947]
  RK45_ECI: r=[4903.39887542 -921.90237347 5890.66386509], v=[ 5.04216027  3.64619751 -3.61115236]
Epoch 1141, t=2460388.460266321:
  TLE_ECI: r=[ 4374.20835701 -1336.95320598  6213.80484979], v=[ 5.46733022  3.48582705 -3.095587  ]
  RK45_ECI: r=[4936.52210114 -895.84112879 5867.07268102], v=[ 5.01270927  3.65370632 -3.64427123]
Epoch 1142, t=2460388.4603415844:
  TLE_ECI: r=[ 4537.08668868 -1229.72675784  6118.52228698], v=[ 5.34995078  3.52172529 -3.25608028]
  RK45_ECI: r=[4969.44082692 -869.71589538 5843.26659901], v=[ 4.98306953  3.66105399 -3.67725559]
Epoch 1143, t=2460388.460416848:
  TLE_ECI: r=[ 4696.32915435 -1121.38959449  6018.462679  ], v=[ 5.22836238  3.55477034 -3.41404409]
  RK45_ECI: r=[5002.15395061 -843.52770756 5819.24638451], v=[ 4.95324217  3.66824011 -3.71010439]
Epoch 1144, t=2460388.460492111:
  TLE_ECI: r=[ 4851.81041473 -1012.02953143  5913.70376552], v=[ 5.10266147  3.5849321  -3.56935513]
  RK45_ECI: r=[5034.65977172 -817.2780655  5795.01326381], v=[ 4.92322885  3.67526416 -3.74281594]
Epoch 1145, t=2460388.4605673742:
  TLE_ECI: r=[5003.40812281 -901.73526853 5804.32695655], v=[ 4.97294767  3.61218286 -3.72189202]
  RK45_ECI: r=[5066.95766202 -790.96764488 5770.56767633], v=[ 4.89303029  3.68212584 -3.77538968]
Epoch 1146, t=2460388.4606426377:
  TLE_ECI: r=[5151.00300222 -790.59640262 5690.41727173], v=[ 4.83932384  3.63649715 -3.8715355 ]
  RK45_ECI: r=[5099.04594122 -764.5979532  5745.91086693], v=[ 4.86264817  3.68882464 -3.80782395]
Epoch 1147, t=2460388.460717901:
  TLE_ECI: r=[5294.47895491 -678.70330034 5572.06327679], v=[ 4.70189596  3.65785191 -4.01816844]
  RK45_ECI: r=[5130.92354133 -738.17003793 5721.04363122], v=[ 4.83208364  3.69536018 -3.84011771]
Epoch 1148, t=2460388.4607931646:
  TLE_ECI: r=[5433.72315036 -566.14703946 5449.35701714], v=[ 4.560773    3.67622644 -4.161676  ]
  RK45_ECI: r=[5162.58939953 -711.68494905 5695.96676866], v=[ 4.80133784  3.70173209 -3.87226993]
Epoch 1149, t=2460388.4608684275:
  TLE_ECI: r=[5568.62611441 -453.01935168 5322.39394869], v=[ 4.41606694  3.69160243 -4.30194566]
  RK45_ECI: r=[5194.0418738  -685.14420672 5670.68155897], v=[ 4.77041249  3.70793987 -3.90427899]
Epoch 1150, t=2460388.460943691:
  TLE_ECI: r=[5699.08182258 -339.41248386 5191.27286593], v=[ 4.26789256  3.70396404 -4.43886737]
  RK45_ECI: r=[5225.28036106 -658.54849763 5645.18846044], v=[ 4.73930832  3.71398327 -3.93614432]
Epoch 1151, t=2460388.4610189544:
  TLE_ECI: r=[5824.98777622 -225.41921969 5056.09582726], v=[ 4.11636749  3.71329784 -4.57233361]
  RK45_ECI: r=[5256.30324005 -631.89934852 5619.48877095], v=[ 4.70802706  3.71986181 -3.96786429]
Epoch 1152, t=2460388.461094218:
  TLE_ECI: r=[5946.24509131 -111.13274082 4916.96807764], v=[ 3.96161203  3.71959287 -4.70223947]
  RK45_ECI: r=[5287.10962579 -605.1977079  5593.58319737], v=[ 4.67656975  3.72557517 -3.99943805]
Epoch 1153, t=2460388.4611694813:
  TLE_ECI: r=[6.06275858e+03 3.35343356e+00 4.77399797e+03], v=[ 3.80374909  3.72284066 -4.82848275]
  RK45_ECI: r=[5317.69806765 -578.44498119 5567.4729384 ], v=[ 4.64493798  3.73112295 -4.03086415]
Epoch 1154, t=2460388.4612447442:
  TLE_ECI: r=[6174.43681078  117.94550467 4627.29687598], v=[ 3.6429041   3.72303519 -4.95096406]
  RK45_ECI: r=[5348.06741193 -551.64236571 5541.15895998], v=[ 4.6131331   3.73650478 -4.06214143]
Epoch 1155, t=2460388.4613200077:
  TLE_ECI: r=[6281.19221584  232.54954313 4476.97911414], v=[ 3.4792049   3.72017302 -5.06958686]
  RK45_ECI: r=[5378.21693845 -524.79067206 5514.6418607 ], v=[ 4.58115599  3.74172036 -4.0932692 ]
Epoch 1156, t=2460388.461395271:
  TLE_ECI: r=[6382.94112902  347.07145809 4323.16184909], v=[ 3.31278165  3.71425315 -5.18425761]
  RK45_ECI: r=[5408.14508663 -497.89144483 5487.92299037], v=[ 4.54900843  3.74676932 -4.12424588]
Epoch 1157, t=2460388.4614705346:
  TLE_ECI: r=[6479.60387069  461.41714658 4165.96500811], v=[ 3.14376674  3.70527714 -5.29488577]
  RK45_ECI: r=[5437.85100782 -470.94564491 5461.00308352], v=[ 4.51669149  3.75165133 -4.15507063]
Epoch 1158, t=2460388.4615457975:
  TLE_ECI: r=[6571.10481108  575.49253363 4005.51118746], v=[ 2.97229469  3.69324905 -5.40138395]
  RK45_ECI: r=[5467.33316933 -443.95482406 5433.88351319], v=[ 4.48420695  3.75636601 -4.18574188]
Epoch 1159, t=2460388.461621061:
  TLE_ECI: r=[6657.37242574  689.20372695 3841.92555765], v=[ 2.79850197  3.67817551 -5.50366793]
  RK45_ECI: r=[5496.5908788  -416.91980178 5406.56489889], v=[ 4.45155572  3.76091311 -4.21625896]
Epoch 1160, t=2460388.4616963244:
  TLE_ECI: r=[6738.33936326  802.45698009 3675.33576653], v=[ 2.62252702  3.66006564 -5.60165677]
  RK45_ECI: r=[5525.6230328  -389.84179103 5379.04824501], v=[ 4.41873919  3.76529231 -4.24662074]
Epoch 1161, t=2460388.461771588:
  TLE_ECI: r=[6813.94249494  915.15884651 3505.8718402 ], v=[ 2.44451005  3.63893111 -5.69527288]
  RK45_ECI: r=[5554.42827098 -362.7222215  5351.33482425], v=[ 4.385759    3.76950326 -4.27682584]
Epoch 1162, t=2460388.4618468513:
  TLE_ECI: r=[6884.12296799 1027.2162384  3333.66608176], v=[ 2.26459294  3.6147861  -5.78444204]
  RK45_ECI: r=[5583.00578195 -335.56206575 5323.42539808], v=[ 4.35261626  3.7735457  -4.30687344]
Epoch 1163, t=2460388.4619221142:
  TLE_ECI: r=[6948.8262575  1138.53648406 3158.85296814], v=[ 2.08291916  3.58764732 -5.86909355]
  RK45_ECI: r=[5611.35409572 -308.36289058 5295.32138957], v=[ 4.31931278  3.77741929 -4.33676201]
Epoch 1164, t=2460388.4619973777:
  TLE_ECI: r=[7008.00219838 1249.02748664 2981.56904493], v=[ 1.8996336   3.557534   -5.94916022]
  RK45_ECI: r=[5639.47255175 -281.12552508 5267.02344023], v=[ 4.28584951  3.7811238  -4.36649089]
Epoch 1165, t=2460388.462072641:
  TLE_ECI: r=[7061.60504596 1358.59767985 2801.95281935], v=[ 1.7148825   3.52446785 -6.02457845]
  RK45_ECI: r=[5667.36009465 -253.85119482 5238.53259028], v=[ 4.25222785  3.78465894 -4.39605899]
Epoch 1166, t=2460388.4621479046:
  TLE_ECI: r=[7109.59350145 1467.15618567 2620.14465143], v=[ 1.52881331  3.48847309 -6.09528832]
  RK45_ECI: r=[5695.01542223 -226.54134261 5209.85015705], v=[ 4.2184495   3.78802443 -4.42546497]
Epoch 1167, t=2460388.462223168:
  TLE_ECI: r=[7151.93074924 1574.61287075 2436.28664359], v=[ 1.34157459  3.44957637 -6.16123359]
  RK45_ECI: r=[5722.43776105 -199.19695143 5180.97692828], v=[ 4.18451555  3.79122002 -4.45470801]
Epoch 1168, t=2460388.462298431:
  TLE_ECI: r=[7188.58449236 1680.87840129 2250.52252856], v=[ 1.15331584  3.40780685 -6.22236182]
  RK45_ECI: r=[5749.62570531 -171.81960151 5151.91437565], v=[ 4.15042792  3.79424543 -4.48378666]
Epoch 1169, t=2460388.4623736944:
  TLE_ECI: r=[7219.52695985 1785.86440294 2062.99755584], v=[ 0.96418742  3.36319609 -6.27862433]
  RK45_ECI: r=[5776.57862685 -144.4101304  5122.66316213], v=[ 4.11618751  3.79710045 -4.51270025]
Epoch 1170, t=2460388.462448958:
  TLE_ECI: r=[7244.73495853 1889.48340902 1873.8583767 ], v=[ 0.77434041  3.31577806 -6.32997634]
  RK45_ECI: r=[5803.29551937 -116.96977513 5093.22436266], v=[ 4.08179579  3.79978483 -4.54144774]
Epoch 1171, t=2460388.4625242213:
  TLE_ECI: r=[7264.18987338 1991.64901901 1683.252928  ], v=[ 0.58392648  3.26558913 -6.37637694]
  RK45_ECI: r=[5829.77514003  -89.49998997 5063.59933806], v=[ 4.04725447  3.80229834 -4.5700278 ]
Epoch 1172, t=2460388.4625994847:
  TLE_ECI: r=[7277.87768748 2092.27595114 1491.3303147 ], v=[ 0.39309778  3.21266802 -6.41778915]
  RK45_ECI: r=[5856.01675411  -62.00176708 5033.78890149], v=[ 4.0125647   3.80464075 -4.59843967]
Epoch 1173, t=2460388.4626747477:
  TLE_ECI: r=[7285.78900016 2191.28009272 1298.24069135], v=[ 0.20200677  3.15705577 -6.45417998]
  RK45_ECI: r=[5882.01902134  -34.47669844 5003.79457194], v=[ 3.97772839  3.80681184 -4.62668191]
Epoch 1174, t=2460388.462750011:
  TLE_ECI: r=[7287.91900902 2288.57865807 1104.13514266], v=[ 0.01080615  3.09879575 -6.48552041]
  RK45_ECI: r=[5907.78134647   -6.92562929 4973.61703307], v=[ 3.9427465   3.80881142 -4.65475391]
Epoch 1175, t=2460388.4628252746:
  TLE_ECI: r=[7284.26755152 2384.09013036  909.16556302], v=[-0.18035132  3.03793355 -6.51178547]
  RK45_ECI: r=[5933.30277333   20.65019352 4943.25739366], v=[ 3.90762049  3.8106393  -4.68265462]
Epoch 1176, t=2460388.462900538:
  TLE_ECI: r=[7274.83907989 2477.73441682  713.48453541], v=[-0.37131292  2.97451702 -6.53295422]
  RK45_ECI: r=[5958.58211953   48.24930596 4912.7170566 ], v=[ 3.87235214  3.81229526 -4.71038279]
Epoch 1177, t=2460388.462975801:
  TLE_ECI: r=[7259.64267085 2569.43287416  517.24520966], v=[-0.5619261   2.90859617 -6.54900981]
  RK45_ECI: r=[5983.61845584   75.870457   4881.99714894], v=[ 3.83694292  3.81377913 -4.73793739]
Epoch 1178, t=2460388.4630510644:
  TLE_ECI: r=[7238.69198755 2659.10846149  320.60118014], v=[-0.75203863  2.84022317 -6.55993945]
  RK45_ECI: r=[6008.41121059  103.51279606 4851.09836795], v=[ 3.80139381  3.81509073 -4.76531783]
Epoch 1179, t=2460388.463126328:
  TLE_ECI: r=[7212.00531226 2746.68567782  123.70636297], v=[-0.94149872  2.76945229 -6.56573448]
  RK45_ECI: r=[6032.95912025  131.1747201  4820.02228493], v=[ 3.76570676  3.81622991 -4.79252272]
Epoch 1180, t=2460388.4632015913:
  TLE_ECI: r=[7179.60550113 2832.09071216  -73.28512691], v=[-1.13015512  2.69633986 -6.5663903 ]
  RK45_ECI: r=[6057.26151348  158.85522411 4788.76975217], v=[ 3.72988293  3.81719648 -4.81955132]
Epoch 1181, t=2460388.4632768547:
  TLE_ECI: r=[7141.51997179 2915.25148527 -270.21909904], v=[-1.3178573   2.62094422 -6.56190646]
  RK45_ECI: r=[6081.31726956  186.55283579 4757.34221336], v=[ 3.69392414  3.81799031 -4.8464024 ]
Epoch 1182, t=2460388.4633521177:
  TLE_ECI: r=[7097.78068859 2996.09769055 -466.94141064], v=[-1.50445553  2.54332565 -6.55228659]
  RK45_ECI: r=[6105.12551063  214.26629644 4725.74082769], v=[ 3.65783188  3.81861124 -4.873075  ]
Epoch 1183, t=2460388.463427381:
  TLE_ECI: r=[7048.42410014 3074.56093779 -663.29808983], v=[-1.68980106  2.46354636 -6.53753844]
  RK45_ECI: r=[6128.68569896  241.99474939 4693.96631202], v=[ 3.62160714  3.81905914 -4.89956851]
Epoch 1184, t=2460388.4635026446:
  TLE_ECI: r=[6993.49116034 3150.57468599 -859.13545879], v=[-1.87374619  2.3816704  -6.51767387]
  RK45_ECI: r=[6151.99663907  269.73658379 4662.0202818 ], v=[ 3.58525191  3.81933388 -4.92588161]
Epoch 1185, t=2460388.463577908:
  TLE_ECI: r=[ 6933.02725868  3224.07438435 -1054.30025642], v=[-2.05614442  2.29776364 -6.49270879]
  RK45_ECI: r=[6175.0577001   297.49078815 4629.90361269], v=[ 3.54876739  3.81943534 -4.95201358]
Epoch 1186, t=2460388.4636531714:
  TLE_ECI: r=[ 6867.08219004  3294.99750664 -1248.63976079], v=[-2.23685058  2.21189366 -6.46266322]
  RK45_ECI: r=[6197.86782394  325.25588378 4597.61778784], v=[ 3.51215538  3.81936341 -4.97796324]
Epoch 1187, t=2460388.4637284344:
  TLE_ECI: r=[ 6795.71012229  3363.28358424 -1442.00191098], v=[-2.41572093  2.12412978 -6.42756121]
  RK45_ECI: r=[6220.42618497  353.03060548 4565.16399741], v=[ 3.47541743  3.81911798 -5.00372965]
Epoch 1188, t=2460388.463803698:
  TLE_ECI: r=[ 6718.96951063  3428.87433827 -1634.23542826], v=[-2.59261332  2.03454286 -6.38743084]
  RK45_ECI: r=[6242.73227987  380.81409139 4532.54297723], v=[ 3.43855453  3.81869894 -5.02931224]
Epoch 1189, t=2460388.4638789613:
  TLE_ECI: r=[ 6636.9231065   3491.71360912 -1825.18993673], v=[-2.76738726  1.94320541 -6.34230422]
  RK45_ECI: r=[6264.78498232  408.60472487 4499.75638532], v=[ 3.40156871  3.81810622 -5.05470972]
Epoch 1190, t=2460388.4639542247:
  TLE_ECI: r=[ 6549.63786549  3551.74748454 -2014.7160828 ], v=[-2.93990408  1.85019138 -6.29221739]
  RK45_ECI: r=[6286.5837025   436.40148917 4466.8051199 ], v=[ 3.36446117  3.81733972 -5.0799214 ]
Epoch 1191, t=2460388.464029488:
  TLE_ECI: r=[ 6457.18490025  3608.92432551 -2202.66565399], v=[-3.11002701  1.75557618 -6.23721035]
  RK45_ECI: r=[6308.12744589  464.20290039 4433.69070213], v=[ 3.32723378  3.81639938 -5.10494616]
Epoch 1192, t=2460388.464104751:
  TLE_ECI: r=[ 6359.63943074  3663.19479203 -2388.89169649], v=[-3.27762131  1.65943659 -6.17732702]
  RK45_ECI: r=[6329.41543989  492.00768868 4400.4143521 ], v=[ 3.28988806  3.81528514 -5.12978307]
Epoch 1193, t=2460388.4641800146:
  TLE_ECI: r=[ 6257.0806781   3714.51195959 -2573.24863156], v=[-3.44255439  1.56185068 -6.11261515]
  RK45_ECI: r=[6350.44721597  519.81498794 4366.97682379], v=[ 3.25242506  3.81399691 -5.15443159]
Epoch 1194, t=2460388.464255278:
  TLE_ECI: r=[ 6149.59186164  3762.83124658 -2755.59237078], v=[-3.60469588  1.46289776 -6.04312633]
  RK45_ECI: r=[6371.22171807  547.62317738 4333.37981631], v=[ 3.21484681  3.81253467 -5.17889048]
Epoch 1195, t=2460388.4643305414:
  TLE_ECI: r=[ 6037.26008621  3808.11052759 -2935.78042975], v=[-3.7639178   1.36265832 -5.96891589]
  RK45_ECI: r=[6391.73839789  575.431236   4299.62424953], v=[ 3.17715453  3.81089835 -5.2031591 ]
Epoch 1196, t=2460388.4644058044:
  TLE_ECI: r=[ 5920.17629093  3850.3101329  -3113.67204048], v=[-3.92009457  1.26121394 -5.89004292]
  RK45_ECI: r=[6411.99623142  603.23754177 4265.71184075], v=[ 3.13935029  3.80908795 -5.22723622]
Epoch 1197, t=2460388.464481068:
  TLE_ECI: r=[ 5798.43512761  3889.39295215 -3289.12826194], v=[-4.07310323  1.15864721 -5.80657012]
  RK45_ECI: r=[6431.99487642  631.04134252 4231.64319995], v=[ 3.10143495  3.8071034  -5.25112143]
Epoch 1198, t=2460388.4645563313:
  TLE_ECI: r=[ 5672.13494923  3925.32436014 -3462.01208934], v=[-4.22282341  1.0550417  -5.71856385]
  RK45_ECI: r=[6451.73333368  658.84101531 4197.42005792], v=[ 3.06341058  3.80494473 -5.27481352]
Epoch 1199, t=2460388.4646315947:
  TLE_ECI: r=[ 5541.37768262  3958.07231705 -3632.18856129], v=[-4.36913753  0.95048185 -5.62609398]
  RK45_ECI: r=[6471.21099617  686.63542059 4163.04351294], v=[ 3.02527858  3.80261189 -5.29831177]
Epoch 1200, t=2460388.464706858:
  TLE_ECI: r=[ 5406.26875476  3987.60737775 -3799.52486532], v=[-4.51193082  0.84505291 -5.52923388]
  RK45_ECI: r=[6490.42726308  714.42341817 4128.51466592], v=[ 2.98704035  3.80010487 -5.32161542]
Epoch 1201, t=2460388.464782121:
  TLE_ECI: r=[ 5266.91701683  4013.90270128 -3963.89044141], v=[-4.65109145  0.73884089 -5.42806033]
  RK45_ECI: r=[6509.38118185  742.20338474 4093.83527289], v=[ 2.94869797  3.79742372 -5.34472332]
Epoch 1202, t=2460388.4648573846:
  TLE_ECI: r=[ 5123.43460718  4036.93413535 -4125.15708343], v=[-4.78651059  0.63193242 -5.32265348]
  RK45_ECI: r=[6528.07244015  769.97456493 4059.00595705], v=[ 2.91025232  3.7945684  -5.36763506]
Epoch 1203, t=2460388.464932648:
  TLE_ECI: r=[ 4975.93692828  4056.68014362 -4283.19903873], v=[-4.91808253  0.52441477 -5.21309673]
  RK45_ECI: r=[6546.50011051  797.7353354  4024.02848735], v=[ 2.8717055   3.79153897 -5.39034951]
Epoch 1204, t=2460388.4650079114:
  TLE_ECI: r=[ 4824.54250514  4073.12188616 -4437.89310536], v=[-5.0457047   0.41637572 -5.09947669]
  RK45_ECI: r=[6564.66372073  825.48467038 3988.90382045], v=[ 2.83305875  3.78833542 -5.41286604]
Epoch 1205, t=2460388.465083175:
  TLE_ECI: r=[ 4669.37289913  4086.24322    -4589.11872707], v=[-5.1692778   0.30790347 -4.98188314]
  RK45_ECI: r=[6582.56245887  853.22108138 3953.63357628], v=[ 2.79431398  3.78495783 -5.43518365]
Epoch 1206, t=2460388.465158438:
  TLE_ECI: r=[ 4510.55262027  4096.03069922 -4736.75808622], v=[-5.28870585  0.19908664 -4.86040886]
  RK45_ECI: r=[6600.19570421  880.94329191 3918.21905233], v=[ 2.75547282  3.78140623 -5.45730154]
Epoch 1207, t=2460388.4652337013:
  TLE_ECI: r=[ 4348.20897697  4102.47364033 -4880.69619397], v=[-5.40389624  0.09001407 -4.73514963]
  RK45_ECI: r=[6617.56308796  908.65042967 3882.66104968], v=[ 2.71653629  3.77768063 -5.47921921]
Epoch 1208, t=2460388.4653089647:
  TLE_ECI: r=[ 4182.47204425  4105.56405007 -5020.8209785 ], v=[-5.51475986 -0.01922509 -4.60620413]
  RK45_ECI: r=[6634.66375534  936.3408719  3846.96137372], v=[ 2.67750654  3.77378115 -5.50093558]
Epoch 1209, t=2460388.465384228:
  TLE_ECI: r=[ 4013.47450961  4105.29668698 -5157.02337037], v=[-5.62121108 -0.12854159 -4.47367383]
  RK45_ECI: r=[6651.49727695  964.013592   3811.12100031], v=[ 2.63838481  3.7697078  -5.52245007]
Epoch 1210, t=2460388.4654594916:
  TLE_ECI: r=[ 3841.35157728  4101.66905233 -5289.19738559], v=[-5.72316787 -0.23784608 -4.33766294]
  RK45_ECI: r=[6668.0629075   991.66710282 3775.14158175], v=[ 2.59917304  3.76546071 -5.5437617 ]
Epoch 1211, t=2460388.4655347546:
  TLE_ECI: r=[ 3666.24087057  4094.68138176 -5417.24020599], v=[-5.82055184 -0.34704919 -4.19827829]
  RK45_ECI: r=[6684.36008156 1019.30012854 3739.02444094], v=[ 2.55987286  3.76103996 -5.56486971]
Epoch 1212, t=2460388.465610018:
  TLE_ECI: r=[ 3488.28227262  4084.33668919 -5541.05225696], v=[-5.91328828 -0.45606168 -4.05562928]
  RK45_ECI: r=[6700.38846659 1046.91179621 3702.77039426], v=[ 2.52048532  3.75644556 -5.58577365]
Epoch 1213, t=2460388.4656852814:
  TLE_ECI: r=[ 3307.6178857   4070.64069855 -5660.53728268], v=[-6.00130623 -0.56479438 -3.90982774]
  RK45_ECI: r=[6716.14728121 1074.50048597 3666.38128195], v=[ 2.48101257  3.75167771 -5.60647247]
Epoch 1214, t=2460388.465760545:
  TLE_ECI: r=[ 3124.39186897  4053.60188419 -5775.60241844], v=[-6.08453851 -0.67315835 -3.76098789]
  RK45_ECI: r=[6731.63613918 1102.06517129 3629.85809803], v=[ 2.44145587  3.74673643 -5.62696562]
Epoch 1215, t=2460388.465835808:
  TLE_ECI: r=[ 2938.75034653  4033.23144473 -5886.15826036], v=[-6.16292179 -0.78106493 -3.60922622]
  RK45_ECI: r=[6746.85429248 1129.60423438 3593.20269808], v=[ 2.40181737  3.74162194 -5.64725208]
Epoch 1216, t=2460388.4659110713:
  TLE_ECI: r=[ 2750.84124351  4009.54332939 -5992.11893216], v=[-6.23639658 -0.88842583 -3.45466141]
  RK45_ECI: r=[6761.80144142 1157.11680298 3556.41591204], v=[ 2.36209814  3.73633428 -5.66733142]
Epoch 1217, t=2460388.4659863347:
  TLE_ECI: r=[ 2560.81423897  3982.5541739  -6093.40214937], v=[-6.30490733 -0.99515316 -3.29741422]
  RK45_ECI: r=[6776.47708007 1184.60160284 3519.49908791], v=[ 2.32229981  3.73087356 -5.68720291]
Epoch 1218, t=2460388.466061598:
  TLE_ECI: r=[ 2368.82059933  3952.28332387 -6189.92928048], v=[-6.3684024  -1.10115952 -3.1376074 ]
  RK45_ECI: r=[6790.88057098 1212.05715278 3482.45392663], v=[ 2.28242435  3.72524    -5.70686566]
Epoch 1219, t=2460388.4661368616:
  TLE_ECI: r=[ 2175.01307032  3918.7528105  -6281.62540531], v=[-6.42683417 -1.20635808 -2.9753656 ]
  RK45_ECI: r=[6805.01157145 1239.4824276  3445.28143956], v=[ 2.24247304  3.71943367 -5.72631915]
Epoch 1220, t=2460388.4662121246:
  TLE_ECI: r=[ 1979.54576745  3881.98732768 -6368.41937048], v=[-6.48015898 -1.3106626  -2.81081527]
  RK45_ECI: r=[6818.86940777 1266.87581469 3407.98351451], v=[ 2.20244806  3.71345481 -5.74556242]
Epoch 1221, t=2460388.466287388:
  TLE_ECI: r=[ 1782.5740084   3842.01423695 -6450.24384187], v=[-6.52833723 -1.41398761 -2.64408458]
  RK45_ECI: r=[6832.45381698 1294.23644344 3370.5609953 ], v=[ 2.16235046  3.70730351 -5.76459504]
Epoch 1222, t=2460388.4663626514:
  TLE_ECI: r=[ 1584.25425947  3798.86350923 -6527.03535439], v=[-6.57133333 -1.51624833 -2.47530328]
  RK45_ECI: r=[6845.7643493  1321.56304302 3333.01525269], v=[ 2.1221819   3.70097992 -5.78341635]
Epoch 1223, t=2460388.466437915:
  TLE_ECI: r=[ 1384.74396661  3752.56772685 -6598.73435852], v=[-6.60911581 -1.61736082 -2.30460263]
  RK45_ECI: r=[6858.80043551 1348.85413787 3295.34801596], v=[ 2.08194436  3.6944843  -5.80202548]
Epoch 1224, t=2460388.4665131783:
  TLE_ECI: r=[ 1184.20144323  3703.16205184 -6665.28526404], v=[-6.64165725 -1.71724203 -2.13211531]
  RK45_ECI: r=[6871.56177656 1376.10870537 3257.56031278], v=[ 2.04163912  3.68781675 -5.82042197]
Epoch 1225, t=2460388.4665884413:
  TLE_ECI: r=[  982.78575706  3650.68419569 -6726.63648074], v=[-6.66893434 -1.81580986 -1.9579753 ]
  RK45_ECI: r=[6884.04777362 1403.32514031 3219.65406149], v=[ 2.00126839  3.68097757 -5.83860489]
Epoch 1226, t=2460388.4666637047:
  TLE_ECI: r=[  780.65656281  3595.1744025  -6782.74045602], v=[-6.69092788 -1.91298326 -1.78231778]
  RK45_ECI: r=[6896.25820066 1430.5025742  3181.63011896], v=[ 1.96083321  3.67396687 -5.85657385]
Epoch 1227, t=2460388.466738968:
  TLE_ECI: r=[  577.97404215  3536.67539854 -6833.55370975], v=[-6.70762279 -2.00868222 -1.60527905]
  RK45_ECI: r=[6908.19266449 1457.63974108 3143.48987741], v=[ 1.92033527  3.66678484 -5.87432822]
Epoch 1228, t=2460388.4668142316:
  TLE_ECI: r=[  374.89873563  3475.23237263 -6879.03686587], v=[-6.7190081  -2.10282788 -1.4269964 ]
  RK45_ECI: r=[6919.85066437 1484.73517308 3105.23509287], v=[ 1.87977654  3.65943178 -5.8918672 ]
Epoch 1229, t=2460388.4668894946:
  TLE_ECI: r=[  171.59143874  3410.89293716 -6919.15468102], v=[-6.725077   -2.19534255 -1.24760804]
  RK45_ECI: r=[6931.23183747 1511.7876078  3066.86716898], v=[ 1.83915871  3.6519079  -5.90919016]
Epoch 1230, t=2460388.466964758:
  TLE_ECI: r=[  -31.78696321  3343.70709414 -6953.87607014], v=[-6.72582675 -2.28614988 -1.06725297]
  RK45_ECI: r=[6942.33598372 1538.7961786  3028.38697089], v=[ 1.79848283  3.64421334 -5.92629675]
Epoch 1231, t=2460388.4670400214:
  TLE_ECI: r=[ -235.07555955  3273.72719147 -6983.17412913], v=[-6.72125879 -2.37517475 -0.88607089]
  RK45_ECI: r=[6953.16259069 1565.7592909  2989.79644962], v=[ 1.75775114  3.63634845 -5.9431861 ]
Epoch 1232, t=2460388.467115285:
  TLE_ECI: r=[ -438.1135794   3201.00788656 -7007.02615432], v=[-6.71137865 -2.46234346 -0.70420213]
  RK45_ECI: r=[6963.71142984 1592.6759283  2951.09665695], v=[ 1.71696489  3.62831338 -5.95985778]
Epoch 1233, t=2460388.4671905483:
  TLE_ECI: r=[ -640.740506    3125.60610301 -7025.41365892], v=[-6.69619596 -2.54758372 -0.52178748]
  RK45_ECI: r=[6973.98206936 1619.5446319  2912.28937395], v=[ 1.67612612  3.62010848 -5.97631104]
Epoch 1234, t=2460388.4672658113:
  TLE_ECI: r=[ -842.79619194  3047.58098913 -7038.32238652], v=[-6.67572449 -2.63082472 -0.33896814]
  RK45_ECI: r=[6983.97420346 1646.36414623 2873.37602376], v=[ 1.63523648  3.61173402 -5.99254531]
Epoch 1235, t=2460388.4673410747:
  TLE_ECI: r=[-1044.12101923  2966.99386318 -7045.74232133], v=[-6.64998204 -2.71199724 -0.15588562]
  RK45_ECI: r=[6993.68766915 1673.13360893 2834.35748315], v=[ 1.59429707  3.60319013 -6.00856024]
Epoch 1236, t=2460388.467416338:
  TLE_ECI: r=[-1244.55596808  2883.9081789  -7047.66769562], v=[-6.61899053 -2.79103362  0.0273184 ]
  RK45_ECI: r=[7003.12202979 1699.85143644 2795.23572983], v=[ 1.55331009  3.59447722 -6.02435504]
Epoch 1237, t=2460388.4674916016:
  TLE_ECI: r=[-1443.9427764   2798.38946861 -7044.09699388], v=[-6.58277591 -2.86786783  0.21050214]
  RK45_ECI: r=[7012.27710101 1726.5166177  2756.01182933], v=[ 1.51227684  3.58559549 -6.0399293 ]
Epoch 1238, t=2460388.467566865:
  TLE_ECI: r=[-1642.12405286  2710.50529446 -7035.03295399], v=[-6.54136816 -2.94243557  0.39352382]
  RK45_ECI: r=[7021.1525203  1753.12770461 2716.68758615], v=[ 1.47119935  3.57654533 -6.05528231]
Epoch 1239, t=2460388.467642128:
  TLE_ECI: r=[-1838.9433908   2620.32520164 -7020.48256538], v=[-6.4948013  -3.01467424  0.5762418 ]
  RK45_ECI: r=[7029.74803897 1779.68345027 2677.26444155], v=[ 1.43007928  3.56732702 -6.07041356]
Epoch 1240, t=2460388.4677173914:
  TLE_ECI: r=[-2034.24552013  2527.92064385 -7000.457064  ], v=[-6.44311329 -3.08452313  0.75851463]
  RK45_ECI: r=[7038.06353135 1806.18299712 2637.74328314], v=[ 1.38891771  3.55794076 -6.08532271]
Epoch 1241, t=2460388.467792655:
  TLE_ECI: r=[-2227.87638043  2433.3649584  -6974.97192438], v=[-6.38634608 -3.1519233   0.94020121]
  RK45_ECI: r=[7046.09863672 1832.62477464 2598.12611345], v=[ 1.34771688  3.54838698 -6.10000904]
Epoch 1242, t=2460388.4678679183:
  TLE_ECI: r=[-2419.68327162  2336.73328981 -6944.04684853], v=[-6.32454554 -3.21681773  1.12116081]
  RK45_ECI: r=[7053.85321515 1859.00777826 2558.41401077], v=[ 1.30647808  3.53866593 -6.11447216]
Epoch 1243, t=2460388.4679431817:
  TLE_ECI: r=[-2609.51496422  2238.10253643 -6907.70575177], v=[-6.25776142 -3.27915132  1.30125328]
  RK45_ECI: r=[7061.32697348 1885.33057235 2518.60880135], v=[ 1.26520333  3.52877802 -6.12871143]
Epoch 1244, t=2460388.4680184447:
  TLE_ECI: r=[-2797.22181015  2137.55129894 -6865.97674561], v=[-6.18604737 -3.33887097  1.48033905]
  RK45_ECI: r=[7068.51972041 1911.59191978 2478.71194323], v=[ 1.22389433  3.5187236  -6.14272636]
Epoch 1245, t=2460388.468093708:
  TLE_ECI: r=[-2982.65588413  2035.15978726 -6818.89211737], v=[-6.10946079 -3.39592564  1.6582793 ]
  RK45_ECI: r=[7075.43136749 1937.79096897 2438.72433401], v=[ 1.18255213  3.50850287 -6.15651664]
Epoch 1246, t=2460388.4681689716:
  TLE_ECI: r=[-3165.67105996  1931.00980554 -6766.48830702], v=[-6.02806293 -3.45026633  1.83493602]
  RK45_ECI: r=[7082.06163033 1963.92616403 2398.64799916], v=[ 1.141179    3.49811633 -6.17008161]
Epoch 1247, t=2460388.468244235:
  TLE_ECI: r=[-3346.12315007  1825.18465737 -6708.80588079], v=[-5.94191874 -3.50184615  2.01017215]
  RK45_ECI: r=[7088.41041323 1989.99650824 2358.48402879], v=[ 1.0997762   3.48756424 -6.18342092]
Epoch 1248, t=2460388.468319498:
  TLE_ECI: r=[-3523.87000597  1717.76909897 -6645.88950176], v=[-5.85109688 -3.55062035  2.18385164]
  RK45_ECI: r=[7094.47746638 2016.00045288 2318.23445822], v=[ 1.05834599  3.47684713 -6.19653391]
Epoch 1249, t=2460388.4683947614:
  TLE_ECI: r=[-3698.77164963  1608.84923203 -6577.78789747], v=[-5.75566965 -3.59654643  2.35583958]
  RK45_ECI: r=[7100.26276597 2041.93725868 2277.90000419], v=[ 1.01688925  3.46596516 -6.20942038]
Epoch 1250, t=2460388.468470025:
  TLE_ECI: r=[-3870.6903514   1498.51249677 -6504.55382452], v=[-5.65571294 -3.63958407  2.5260023 ]
  RK45_ECI: r=[7105.76608866 2067.80538279 2237.48270917], v=[ 0.97540824  3.45491888 -6.22207969]
Epoch 1251, t=2460388.4685452883:
  TLE_ECI: r=[-4039.49075893  1386.84756352 -6426.2440301 ], v=[-5.55130619 -3.67969525  2.69420743]
  RK45_ECI: r=[7110.9873458  2093.60373033 2196.9838622 ], v=[ 0.93390441  3.44370863 -6.23451147]
Epoch 1252, t=2460388.4686205518:
  TLE_ECI: r=[-4205.03999761  1273.94427327 -6342.91921053], v=[-5.44253232 -3.7168442   2.86032407]
  RK45_ECI: r=[7115.9264552  2119.33120702 2156.40475354], v=[ 0.89237926  3.43233474 -6.24671534]
Epoch 1253, t=2460388.4686958147:
  TLE_ECI: r=[-4367.20777173  1159.89357899 -6254.64396687], v=[-5.32947769 -3.75099754  3.02422282]
  RK45_ECI: r=[7120.58324327 2144.98628201 2115.74743882], v=[ 0.85083503  3.42079781 -6.2586907 ]
Epoch 1254, t=2460388.468771078:
  TLE_ECI: r=[-4525.8664806   1044.78742399 -6161.48675749], v=[-5.21223201 -3.78212424  3.18577593]
  RK45_ECI: r=[7124.95771726 2170.56822157 2075.01264122], v=[ 0.8092726   3.409098   -6.27043737]
Epoch 1255, t=2460388.4688463416:
  TLE_ECI: r=[-4680.8912979    928.71874376 -6063.51984771], v=[-5.09088831 -3.81019565  3.34485737]
  RK45_ECI: r=[7129.04973018 2196.07550103 2034.20242284], v=[ 0.76769423  3.39723593 -6.28195477]
Epoch 1256, t=2460388.468921605:
  TLE_ECI: r=[-4832.16028475   811.78134299 -5960.81925651], v=[-4.96554284 -3.83518558  3.50134294]
  RK45_ECI: r=[7132.8592441  2221.50703667 1993.31808437], v=[ 0.72610138  3.38521195 -6.29324257]
Epoch 1257, t=2460388.4689968685:
  TLE_ECI: r=[-4979.55448255   694.06983315 -5853.46470032], v=[-4.83629505 -3.85707025  3.65511035]
  RK45_ECI: r=[7136.38622745 2246.86174614 1952.3609277 ], v=[ 0.68449554  3.37302645 -6.30430042]
Epoch 1258, t=2460388.4690721314:
  TLE_ECI: r=[-5122.95800571   575.67957207 -5741.53953388], v=[-4.70324748 -3.87582837  3.80603934]
  RK45_ECI: r=[7139.63058309 2272.1381173  1911.33302675], v=[ 0.64287895  3.36068004 -6.3151278 ]
Epoch 1259, t=2460388.469147395:
  TLE_ECI: r=[-5262.25814091   456.70652819 -5625.13068826], v=[-4.56650566 -3.89144121  3.95401175]
  RK45_ECI: r=[7142.59234913 2297.33542341 1870.23511054], v=[ 0.60125249  3.34817295 -6.32572451]
Epoch 1260, t=2460388.4692226583:
  TLE_ECI: r=[-5397.34542581   337.24729239 -5504.32860605], v=[-4.4261781  -3.90389248  4.09891165]
  RK45_ECI: r=[7145.27145498 2322.45215924 1829.06925883], v=[ 0.55961842  3.33550581 -6.33609008]
Epoch 1261, t=2460388.4692979218:
  TLE_ECI: r=[-5528.11374438   217.39894146 -5379.2271737 ], v=[-4.28237617 -3.91316849  4.2406254 ]
  RK45_ECI: r=[7147.66792911 2347.48735532 1787.83658915], v=[ 0.51797802  3.32267896 -6.34622421]
Epoch 1262, t=2460388.469373185:
  TLE_ECI: r=[-5654.46040989    97.25897487 -5249.92365108], v=[-4.13521404 -3.91925809  4.37904175]
  RK45_ECI: r=[7149.78174311 2372.43963775 1746.53899477], v=[ 0.47633332  3.30969301 -6.3561265 ]
Epoch 1263, t=2460388.469448448:
  TLE_ECI: r=[-5776.28624754   -23.07474747 -5116.51859835], v=[-3.98480858 -3.9221527   4.51405194]
  RK45_ECI: r=[7151.61292369 2397.30781933 1705.17798499], v=[ 0.43468601  3.29654842 -6.36579657]
Epoch 1264, t=2460388.4695237116:
  TLE_ECI: r=[-5893.49567445  -143.50415173 -4979.1158    ], v=[-3.83127925 -3.92184637  4.64554977]
  RK45_ECI: r=[7153.1615238  2422.0910796  1663.75448767], v=[ 0.39303716  3.28324551 -6.37523427]
Epoch 1265, t=2460388.469598975:
  TLE_ECI: r=[-6005.9967762   -263.9309293  -4837.82218639], v=[-3.67474804 -3.91833573  4.77343172]
  RK45_ECI: r=[7154.42754919 2446.78793474 1622.27059829], v=[ 0.35138902  3.26978496 -6.38443911]
Epoch 1266, t=2460388.4696742385:
  TLE_ECI: r=[-6113.70138209  -384.25668343 -4692.74775251], v=[-3.51533941 -3.91162003  4.89759702]
  RK45_ECI: r=[7155.41107252 2471.39742676 1580.72744225], v=[ 0.30974284  3.25616714 -6.39341089]
Epoch 1267, t=2460388.4697495014:
  TLE_ECI: r=[-6216.52513795  -504.38297522 -4544.00547426], v=[-3.35318014 -3.90170112  5.01794772]
  RK45_ECI: r=[7156.112134   2495.91808224 1539.12712162], v=[ 0.2681009   3.24239275 -6.40214916]
Epoch 1268, t=2460388.469824765:
  TLE_ECI: r=[-6314.38756926  -624.21147636 -4391.71122216], v=[-3.18839921 -3.88858354  5.1343888 ]
  RK45_ECI: r=[7156.53082003 2520.34909008 1497.47056984], v=[ 0.22646424  3.22846212 -6.41065376]
Epoch 1269, t=2460388.4699000283:
  TLE_ECI: r=[-6407.21215466  -743.64394183 -4235.98367261], v=[-3.0211278  -3.87227441  5.24682822]
  RK45_ECI: r=[7156.66721802 2544.6892803  1455.75930669], v=[ 0.18483456  3.21437578 -6.41892441]
Epoch 1270, t=2460388.4699752918:
  TLE_ECI: r=[-6494.92638372  -862.58236271 -4076.94421675], v=[-2.8514991  -3.8527835   5.35517705]
  RK45_ECI: r=[7156.52141067 2568.93731207 1413.99524614], v=[ 0.14321386  3.20013437 -6.42696074]
Epoch 1271, t=2460388.470050555:
  TLE_ECI: r=[-6577.4618176   -980.92902918 -3914.71686692], v=[-2.67964824 -3.83012322  5.45934947]
  RK45_ECI: r=[7156.09351459 2593.09224042 1372.17952037], v=[ 0.10160345  3.18573831 -6.43476257]
Epoch 1272, t=2460388.470125818:
  TLE_ECI: r=[-6654.75414852 -1098.58659203 -3749.42816088], v=[-2.50571219 -3.80430859  5.55926294]
  RK45_ECI: r=[7155.38364606 2617.15261558 1330.31424444], v=[ 0.06000554  3.17118835 -6.44232952]
Epoch 1273, t=2460388.4702010816:
  TLE_ECI: r=[-6726.74324027 -1215.45822114 -3581.20706378], v=[-2.32982961 -3.77535731  5.6548382 ]
  RK45_ECI: r=[7154.3919283  2641.11763765 1288.40035681], v=[ 0.01842121  3.15648484 -6.44966145]
Epoch 1274, t=2460388.470276345:
  TLE_ECI: r=[-6793.37319619 -1331.44756991 -3410.18486802], v=[-2.1521408  -3.74328964  5.74599935]
  RK45_ECI: r=[7153.1185056  2664.98615448 1246.43938601], v=[-0.02314789  3.14162833 -6.45675811]
Epoch 1275, t=2460388.4703516085:
  TLE_ECI: r=[-6854.59239362 -1446.45893288 -3236.49509094], v=[-1.97278754 -3.70812846  5.83267395]
  RK45_ECI: r=[7151.56352986 2688.75684775 1204.43325664], v=[-0.06469971  3.12661952 -6.46361921]
Epoch 1276, t=2460388.470426872:
  TLE_ECI: r=[-6910.35352965 -1560.39730656 -3060.27337067], v=[-1.79191299 -3.66989926  5.91479307]
  RK45_ECI: r=[7149.72716145 2712.42878643 1162.38310668], v=[-0.106233    3.11145886 -6.47024458]
Epoch 1277, t=2460388.470502135:
  TLE_ECI: r=[-6960.61366536 -1673.16844861 -2881.65735991], v=[-1.6096616  -3.6286301   5.99229134]
  RK45_ECI: r=[7147.6095924  2736.00054614 1120.29106212], v=[-0.14774552  3.09614713 -6.47663392]
Epoch 1278, t=2460388.4705773983:
  TLE_ECI: r=[-7005.33424227 -1784.67903862 -2700.786618  ], v=[-1.42617891 -3.58435159  6.06510702]
  RK45_ECI: r=[7145.21098255 2759.4713391  1078.1580657 ], v=[-0.18923622  3.08068471 -6.4827871 ]
Epoch 1279, t=2460388.4706526618:
  TLE_ECI: r=[-7044.48114297 -1894.83663479 -2517.80250114], v=[-1.24161156 -3.53709691  6.13318206]
  RK45_ECI: r=[7142.53153272 2782.84003239 1035.98565321], v=[-0.23070343  3.06507219 -6.48870393]
Epoch 1280, t=2460388.470727925:
  TLE_ECI: r=[-7078.0247012  -2003.54983248 -2332.84805107], v=[-1.05610703 -3.48690173  6.19646214]
  RK45_ECI: r=[7139.57146386 2806.10533145  993.77575816], v=[-0.27214514  3.04931032 -6.49438416]
Epoch 1281, t=2460388.4708031886:
  TLE_ECI: r=[-7105.93973097 -2110.72832218 -2146.0678821 ], v=[-0.86981363 -3.43380422  6.25489674]
  RK45_ECI: r=[7136.3309797  2829.26632033  951.52952321], v=[-0.31356009  3.03339955 -6.49982766]
Epoch 1282, t=2460388.4708784516:
  TLE_ECI: r=[-7128.20555436 -2216.28294458 -1957.60806671], v=[-0.68288032 -3.37784502  6.30843917]
  RK45_ECI: r=[7132.81034772 2852.32160187  909.24908343], v=[-0.35494607  3.01734074 -6.50503417]
Epoch 1283, t=2460388.470953715:
  TLE_ECI: r=[-7144.80599314 -2320.12584963 -1767.61601989], v=[-0.49545657 -3.31906719  6.35704662]
  RK45_ECI: r=[7129.00976406 2875.2704011   866.93538489], v=[-0.396302    3.00113426 -6.51000363]
Epoch 1284, t=2460388.4710289785:
  TLE_ECI: r=[-7155.72942043 -2422.1704463  -1576.24038198], v=[-0.30769227 -3.25751622  6.40068021]
  RK45_ECI: r=[7124.92948598 2898.11160531  824.58996926], v=[-0.43762626  2.98478076 -6.51473584]
Epoch 1285, t=2460388.471104242:
  TLE_ECI: r=[-7160.96874531 -2522.33155958 -1383.63090065], v=[-0.11973762 -3.19323995  6.439305  ]
  RK45_ECI: r=[7120.56980275 2920.84394577  782.21477719], v=[-0.47891683  2.96828102 -6.51923065]
Epoch 1286, t=2460388.471179505:
  TLE_ECI: r=[-7160.52143268 -2620.52546122 -1189.93831159], v=[ 0.06825704 -3.12628853  6.47289006]
  RK45_ECI: r=[7115.9310018  2943.46632135  739.81135312], v=[-0.52017208  2.95163568 -6.5234879 ]
Epoch 1287, t=2460388.4712547683:
  TLE_ECI: r=[-7154.38947481 -2716.67002519  -995.31421845], v=[ 0.25614136 -3.05671444  6.50140845]
  RK45_ECI: r=[7111.01330438 2965.97796656  697.38064479], v=[-0.56139094  2.93484515 -6.52750752]
Epoch 1288, t=2460388.4713300318:
  TLE_ECI: r=[-7142.57943486 -2810.68467193  -799.9109718 ], v=[ 0.44376507 -2.98457238  6.52483731]
  RK45_ECI: r=[7105.81706389 2988.3775172   654.92479518], v=[-0.60257123  2.91791034 -6.53128933]
Epoch 1289, t=2460388.471405295:
  TLE_ECI: r=[-7125.10241131 -2902.49052117  -603.88154745], v=[ 0.63097814 -2.90991925  6.54315782]
  RK45_ECI: r=[7100.34255306 3010.66408324  612.4449523 ], v=[-0.6437117   2.90083173 -6.53483326]
Epoch 1290, t=2460388.4714805586:
  TLE_ECI: r=[-7101.97403583 -2992.01043855  -407.37942422], v=[ 0.81763086 -2.83281412  6.55635526]
  RK45_ECI: r=[7094.59012929 3032.8364229   569.9430621 ], v=[-0.68481034  2.88361015 -6.53813917]
Epoch 1291, t=2460388.4715558216:
  TLE_ECI: r=[-7073.21446897 -3079.16908085  -210.5584611 ], v=[ 1.00357403 -2.75331817  6.564419  ]
  RK45_ECI: r=[7088.56013568 3054.89345727  527.42067275], v=[-0.72586554  2.8662463  -6.54120697]
Epoch 1292, t=2460388.471631085:
  TLE_ECI: r=[-7038.84834696 -3163.89304388   -13.57277419], v=[ 1.18865907 -2.67149461  6.56734252]
  RK45_ECI: r=[7082.2528293  3076.83443534  484.87873385], v=[-0.76687624  2.84874059 -6.54403661]
Epoch 1293, t=2460388.4717063485:
  TLE_ECI: r=[-6998.90481418 -3246.1108005    183.42338677], v=[ 1.37273811 -2.58740867  6.56512344]
  RK45_ECI: r=[7075.66863791 3098.65802343  442.31939327], v=[-0.80784028  2.83109397 -6.54662798]
Epoch 1294, t=2460388.471781612:
  TLE_ECI: r=[-6953.41746291 -3325.75284518   380.27576188], v=[ 1.55566416 -2.50112754  6.55776345]
  RK45_ECI: r=[7068.8078769  3120.36334893  399.74380094], v=[-0.84875639  2.81330696 -6.54898102]
Epoch 1295, t=2460388.4718568753:
  TLE_ECI: r=[-6902.4243133  -3402.7517331    576.83020462], v=[ 1.73729119 -2.41272028  6.54526841]
  RK45_ECI: r=[7061.67097121 3141.9491985   357.15390644], v=[-0.88962262  2.79538044 -6.55109566]
Epoch 1296, t=2460388.4719321383:
  TLE_ECI: r=[-6845.96779116 -3477.04211796   772.93280533], v=[ 1.91747431 -2.32225779  6.52764825]
  RK45_ECI: r=[7054.25831912 3163.41451684  314.55126015], v=[-0.93043734  2.7773151  -6.55297185]
Epoch 1297, t=2460388.4720074018:
  TLE_ECI: r=[-6784.09465129 -3548.56088828   968.4300143 ], v=[ 2.09606985 -2.22981273  6.50491703]
  RK45_ECI: r=[7046.57021324 3184.75856802  271.93681275], v=[-0.97119952  2.75911142 -6.55460956]
Epoch 1298, t=2460388.472082665:
  TLE_ECI: r=[-6716.85599803 -3617.2471009   1163.16876484], v=[ 2.27293551 -2.13545948  6.47709289]
  RK45_ECI: r=[7038.60715511 3205.98005036  229.31271494], v=[-1.01190699  2.74077036 -6.55600875]
Epoch 1299, t=2460388.4721579286:
  TLE_ECI: r=[-6644.30720166 -3683.04211398  1356.99659557], v=[ 2.44793043 -2.03927405  6.44419803]
  RK45_ECI: r=[7030.36950228 3227.07810993  186.68011764], v=[-1.05255853  2.72229248 -6.55716939]
Epoch 1300, t=2460388.4722331916:
  TLE_ECI: r=[-6566.50787215 -3745.8895979   1549.76177236], v=[ 2.62091538 -1.94133406  6.40625872]
  RK45_ECI: r=[7021.8577895  3248.05146004  144.04117228], v=[-1.09315199  2.70367877 -6.55809147]
Epoch 1301, t=2460388.472308455:
  TLE_ECI: r=[-6483.52176477 -3805.73566078  1741.31340938], v=[ 2.79175283 -1.84171857  6.36330525]
  RK45_ECI: r=[7013.07234122 3268.89937928  101.39682978], v=[-1.13368633  2.68492972 -6.55877497]
Epoch 1302, t=2460388.4723837185:
  TLE_ECI: r=[-6395.41679124 -3862.52877853  1931.50158964], v=[ 2.96030707 -1.74050817  6.3153719 ]
  RK45_ECI: r=[7004.01361371 3289.6208385    58.7486413 ], v=[-1.17415997  2.66604606 -6.55921991]
Epoch 1303, t=2460388.472458982:
  TLE_ECI: r=[-6302.26491869 -3916.21991665  2120.17748438], v=[ 3.12644433 -1.63778475  6.26249693]
  RK45_ECI: r=[6994.68213879 3310.21467266   16.09855839], v=[-1.21457094  2.64702873 -6.55942628]
Epoch 1304, t=2460388.4725342453:
  TLE_ECI: r=[-6204.1421195  -3966.76255278  2307.19347151], v=[ 3.2900329  -1.53363154  6.20472253]
  RK45_ECI: r=[6985.0783157  3330.68004724  -26.55226818], v=[-1.25491804  2.6278783  -6.5593941 ]
Epoch 1305, t=2460388.4726095083:
  TLE_ECI: r=[-6101.12831863 -4014.11269878  2492.403253  ], v=[ 3.4509432  -1.428133    6.14209476]
  RK45_ECI: r=[6975.202752   3351.0157099   -69.20168695], v=[-1.29519913  2.60859581 -6.55912341]
Epoch 1306, t=2460388.4726847718:
  TLE_ECI: r=[-5993.30727944 -4058.22900976  2675.66197084], v=[ 3.60904796 -1.3213747   6.07466355]
  RK45_ECI: r=[6965.05576614 3371.22103473 -111.84894775], v=[-1.33541337  2.58918166 -6.55861423]
Epoch 1307, t=2460388.472760035:
  TLE_ECI: r=[-5880.76660264 -4099.07271196  2856.82632198], v=[ 3.76422224 -1.21344335  6.00248262]
  RK45_ECI: r=[6954.63799066 3391.29478176 -154.49189963], v=[-1.37555865  2.56963691 -6.55786661]
Epoch 1308, t=2460388.4728352986:
  TLE_ECI: r=[-5763.59760647 -4136.60770739  3035.75467154], v=[ 3.91634357 -1.10442663  5.92560946]
  RK45_ECI: r=[6943.94990108 3411.23605477 -197.12919252], v=[-1.41563358  2.54996225 -6.55688061]
Epoch 1309, t=2460388.472910562:
  TLE_ECI: r=[-5641.8952611  -4170.80058714  3212.30716463], v=[ 4.06529207 -0.99441316  5.84410523]
  RK45_ECI: r=[6932.99197862 3431.04396065 -239.7594767 ], v=[-1.45563677  2.53015837 -6.55565628]
Epoch 1310, t=2460388.472985825:
  TLE_ECI: r=[-5515.75812129 -4201.62064351  3386.34583654], v=[ 4.21095049 -0.88349243  5.75803477]
  RK45_ECI: r=[6921.76490285 3450.71728269 -282.38060256], v=[-1.49556611  2.51022635 -6.5541937 ]
Epoch 1311, t=2460388.4730610885:
  TLE_ECI: r=[-5385.28819477 -4229.03996119  3557.73472106], v=[ 4.35320437 -0.77175467  5.66746648]
  RK45_ECI: r=[6910.26902032 3470.25540969 -324.99182133], v=[-1.53542079  2.49016661 -6.55249293]
Epoch 1312, t=2460388.473136352:
  TLE_ECI: r=[-5250.59093065 -4253.03334277  3726.33995731], v=[ 4.49194207 -0.65929084  5.57247228]
  RK45_ECI: r=[6898.50503549 3489.65713738 -367.59098458], v=[-1.57519869  2.46998024 -6.55055408]
Epoch 1313, t=2460388.4732116153:
  TLE_ECI: r=[-5111.77508215 -4273.57839641  3892.0298943 ], v=[ 4.62705489 -0.54619252  5.47312757]
  RK45_ECI: r=[6886.47347061 3508.92159405 -410.17674456], v=[-1.61489846  2.44966795 -6.54837723]
Epoch 1314, t=2460388.473286879:
  TLE_ECI: r=[-4968.9526286  -4290.65553801  4054.6751938 ], v=[ 4.75843713 -0.43255183  5.36951112]
  RK45_ECI: r=[6874.17485364 3528.047911   -452.74775388], v=[-1.65451872  2.42923049 -6.54596249]
Epoch 1315, t=2460388.4733621418:
  TLE_ECI: r=[-4822.23869511 -4304.2479938   4214.14893096], v=[ 4.88598622 -0.31846137  5.26170505]
  RK45_ECI: r=[6861.60993548 3547.03490825 -495.30186687], v=[-1.69405738  2.40866894 -6.54330998]
Epoch 1316, t=2460388.473437405:
  TLE_ECI: r=[-4671.75140645 -4314.34187206  4370.32669286], v=[ 5.00960271 -0.20401411  5.14979468]
  RK45_ECI: r=[6848.77909035 3565.88198993 -537.83833669], v=[-1.73351365  2.38798376 -6.5404198 ]
Epoch 1317, t=2460388.4735126686:
  TLE_ECI: r=[-4517.61186538 -4320.9260884   4523.08667494], v=[ 5.12919045 -0.08930333  5.03386856]
  RK45_ECI: r=[6835.68309353 3584.58798938 -580.3550195 ], v=[-1.77288544  2.36717607 -6.5372921 ]
Epoch 1318, t=2460388.473587932:
  TLE_ECI: r=[-4359.94400229 -4323.99243351  4672.30977504], v=[5.24465656 0.02557743 4.91401831]
  RK45_ECI: r=[6822.32245827 3603.15213157 -622.85077038], v=[-1.81217158  2.34624652 -6.533927  ]
Epoch 1319, t=2460388.473663195:
  TLE_ECI: r=[-4198.87449862 -4323.53555329  4817.87968512], v=[5.35591159 0.14053447 4.79033855]
  RK45_ECI: r=[6808.69799168 3621.57326732 -665.32344815], v=[-1.85137     2.32519625 -6.53032469]
Epoch 1320, t=2460388.4737384585:
  TLE_ECI: r=[-4034.53263231 -4319.55300358  4959.68298053], v=[5.46286949 0.25547407 4.66292687]
  RK45_ECI: r=[6794.81014766 3639.85074282 -707.77210888], v=[-1.89047973  2.30402581 -6.52648528]
Epoch 1321, t=2460388.473813722:
  TLE_ECI: r=[-3867.05024796 -4312.04517718  5097.60920698], v=[5.56544776 0.37030244 4.5318837 ]
  RK45_ECI: r=[6780.65958432 3657.98363356 -750.19521126], v=[-1.92949925  2.28273607 -6.52240893]
Epoch 1322, t=2460388.4738889853:
  TLE_ECI: r=[-3696.5615989  -4301.01535446  5231.55096485], v=[5.66356745 0.4849259  4.39731224]
  RK45_ECI: r=[6766.24707988 3675.97090263 -792.59081713], v=[-1.96842668  2.26132809 -6.51809585]
Epoch 1323, t=2460388.473964249:
  TLE_ECI: r=[-3523.20325033 -4286.46968862  5361.4039909 ], v=[5.75715323 0.59925091 4.25931836]
  RK45_ECI: r=[6751.57318711 3693.81179791 -834.9577857 ], v=[-2.00726088  2.23980253 -6.51354619]
Epoch 1324, t=2460388.4740395118:
  TLE_ECI: r=[-3347.11398127 -4268.41719103  5487.0672375 ], v=[5.84613345 0.71318414 4.11801055]
  RK45_ECI: r=[6736.63878268 3711.50520968 -877.2939831 ], v=[-2.0459998   2.21816058 -6.50876019]
Epoch 1325, t=2460388.474114775:
  TLE_ECI: r=[-3168.43462189 -4246.86976443  5608.44294901], v=[5.93044017 0.82663261 3.97349978]
  RK45_ECI: r=[6721.44435317 3729.05050389 -919.59846934], v=[-2.08464249  2.1964028  -6.503738  ]
Epoch 1326, t=2460388.4741900386:
  TLE_ECI: r=[-2987.30801554 -4221.84213281  5725.43673567], v=[6.01000924 0.93950368 3.82589945]
  RK45_ECI: r=[6705.99060831 3746.44678579 -961.86970902], v=[-2.12318745  2.17453009 -6.49847981]
Epoch 1327, t=2460388.474265302:
  TLE_ECI: r=[-2803.87885308 -4193.35187116  5837.95764455], v=[6.08478029 1.05170516 3.67532528]
  RK45_ECI: r=[ 6690.27838885  3763.6930555  -1004.10577173], v=[-2.16163283  2.15254354 -6.49298589]
Epoch 1328, t=2460388.4743405655:
  TLE_ECI: r=[-2618.29356963 -4161.4193812   5945.91822782], v=[6.1546968  1.16314539 3.5218952 ]
  RK45_ECI: r=[ 6674.30828655  3780.78858456 -1046.30552178], v=[-2.1999775   2.13044384 -6.48725641]
Epoch 1329, t=2460388.4744158285:
  TLE_ECI: r=[-2430.70023941 -4126.06786821  6049.23460815], v=[6.21970616 1.27373329 3.36572928]
  RK45_ECI: r=[ 6658.08124658  3797.73230395 -1088.46683458], v=[-2.23821945  2.1082322  -6.48129169]
Epoch 1330, t=2460388.474491092:
  TLE_ECI: r=[-2241.24840877 -4087.32335223  6147.82654125], v=[6.27975963 1.38337849 3.20694966]
  RK45_ECI: r=[ 6641.59778782  3814.52359989 -1130.58877489], v=[-2.27635774  2.08590922 -6.47509189]
Epoch 1331, t=2460388.4745663553:
  TLE_ECI: r=[-2050.08905026 -4045.21460284  6241.61747567], v=[6.33481244 1.49199133 3.04568038]
  RK45_ECI: r=[ 6624.85867044  3831.16160886 -1172.6698146 ], v=[-2.3143909   2.06347581 -6.46865724]
Epoch 1332, t=2460388.474641619:
  TLE_ECI: r=[-1857.37439369 -3999.77314704  6330.53460948], v=[6.38482377 1.59948293 2.88204734]
  RK45_ECI: r=[ 6607.864797    3847.6453688  -1214.70803282], v=[-2.3523171   2.04093309 -6.46198808]
Epoch 1333, t=2460388.474716882:
  TLE_ECI: r=[-1663.25781791 -3951.03323679  6414.5089442 ], v=[6.42975681 1.70576534 2.71617819]
  RK45_ECI: r=[ 6590.61679751  3863.97417576 -1256.70229996], v=[-2.39013524  2.01828178 -6.4550846 ]
Epoch 1334, t=2460388.474792145:
  TLE_ECI: r=[-1467.89374078 -3899.03181788  6493.47533572], v=[6.46957876 1.81075149 2.54820222]
  RK45_ECI: r=[ 6573.11568446  3880.14700289 -1298.65050265], v=[-2.42784333  1.99552313 -6.44794718]
Epoch 1335, t=2460388.4748674086:
  TLE_ECI: r=[-1271.43745148 -3843.80851905  6567.37254211], v=[6.5042608  1.91435541 2.37825029]
  RK45_ECI: r=[ 6555.36200842  3896.16325724 -1340.55171118], v=[-2.46544046  1.97265774 -6.44057599]
Epoch 1336, t=2460388.474942672:
  TLE_ECI: r=[-1074.04505732 -3785.40559319  6636.14326883], v=[6.53377822 2.01649214 2.20645467]
  RK45_ECI: r=[ 6537.35657922  3912.02210746 -1382.40440619], v=[-2.50292517  1.94968655 -6.43297134]
Epoch 1337, t=2460388.4750179355:
  TLE_ECI: r=[ -875.87331484 -3723.8679035   6699.73421051], v=[6.55811032 2.11707787 2.03294902]
  RK45_ECI: r=[ 6519.10036014  3927.72263044 -1424.20667796], v=[-2.54029568  1.92661073 -6.42513359]
Epoch 1338, t=2460388.4750931985:
  TLE_ECI: r=[ -677.07952925 -3659.2428816   6758.09608998], v=[6.57724047 2.21603    1.85786823]
  RK45_ECI: r=[ 6500.59418761  3943.2640123  -1465.95701242], v=[-2.57755055  1.90343121 -6.41706305]
Epoch 1339, t=2460388.475168462:
  TLE_ECI: r=[ -477.82138804 -3591.58049933  6811.18369414], v=[6.59115611 2.31326723 1.68134832]
  RK45_ECI: r=[ 6481.83863359  3958.64567532 -1507.65448417], v=[-2.61468887  1.88014864 -6.40875992]
Epoch 1340, t=2460388.4752437253:
  TLE_ECI: r=[ -278.25690298 -3520.93321587  6858.95590693], v=[6.59984874 2.40870957 1.5035264 ]
  RK45_ECI: r=[ 6462.83478641  3973.86664227 -1549.29699506], v=[-2.65170871  1.85676428 -6.40022465]
Epoch 1341, t=2460388.475318989:
  TLE_ECI: r=[  -78.5442431  -3447.35594694  6901.37573918], v=[6.60331394 2.50227841 1.32454047]
  RK45_ECI: r=[ 6443.58333572  3988.92625012 -1590.88342735], v=[-2.68860897  1.83327889 -6.39145748]
Epoch 1342, t=2460388.475394252:
  TLE_ECI: r=[  121.15837757 -3370.90601954  6938.41035535], v=[6.60155136 2.59389661 1.14452942]
  RK45_ECI: r=[ 6424.08530434  4003.82361599 -1632.4118843 ], v=[-2.72538792  1.80969364 -6.38245885]
Epoch 1343, t=2460388.475469515:
  TLE_ECI: r=[  320.69281322 -3291.6431283   6970.03109735], v=[6.59456471 2.68348851 0.96363286]
  RK45_ECI: r=[ 6404.34157704  4018.5579594  -1673.88086261], v=[-2.76204414  1.78600952 -6.37322909]
Epoch 1344, t=2460388.4755447786:
  TLE_ECI: r=[  519.90114832 -3209.62928631  6996.21350514], v=[6.58236174 2.77098009 0.78199103]
  RK45_ECI: r=[ 6384.35275627  4033.12872469 -1715.28944389], v=[-2.79857673  1.76222716 -6.36376845]
Epoch 1345, t=2460388.475620042:
  TLE_ECI: r=[  718.62576127 -3124.9287806   7016.93733443], v=[6.56495426 2.8562989  0.59974473]
  RK45_ECI: r=[ 6364.11999514  4047.53497932 -1756.63554517], v=[-2.83498381  1.73834789 -6.35407741]
Epoch 1346, t=2460388.4756953055:
  TLE_ECI: r=[  916.70948613 -3037.60812057  7032.18657118], v=[6.5423581  2.93937418 0.41703516]
  RK45_ECI: r=[ 6343.64401951  4061.77608681 -1797.91805751], v=[-2.8712643   1.71437246 -6.34415627]
Epoch 1347, t=2460388.475770569:
  TLE_ECI: r=[ 1113.99572437 -2947.73598679  7041.94944308], v=[6.51459313 3.0201369  0.23400389]
  RK45_ECI: r=[ 6322.92591087  4075.85120517 -1839.13509876], v=[-2.9074165   1.69030208 -6.33400549]
Epoch 1348, t=2460388.475845832:
  TLE_ECI: r=[ 1310.32855795 -2855.38318162  7046.21842798], v=[6.48168321 3.09851982 0.05079269]
  RK45_ECI: r=[ 6301.96660096  4089.75958867 -1880.28517778], v=[-2.94343901  1.66613776 -6.32362547]
Epoch 1349, t=2460388.4759210953:
  TLE_ECI: r=[ 1505.55290356 -2760.62255981  7044.9902591 ], v=[ 6.44365614  3.17445758 -0.13245653]
  RK45_ECI: r=[ 6280.76672226  4103.50070414 -1921.36738394], v=[-2.97933097  1.64188016 -6.31301647]
Epoch 1350, t=2460388.475996359:
  TLE_ECI: r=[ 1699.51458167 -2663.52899312  7038.2659274 ], v=[ 6.40054374  3.24788667 -0.31560184]
  RK45_ECI: r=[ 6259.32749129  4117.07366478 -1962.37965141], v=[-3.01509052  1.6175306  -6.30217903]
Epoch 1351, t=2460388.476071622:
  TLE_ECI: r=[ 1892.0604701  -2564.17929891  7026.05068069], v=[ 6.35238171  3.31874553 -0.4985014 ]
  RK45_ECI: r=[ 6237.64966944  4130.47786131 -2003.32088097], v=[-3.05071661  1.59308989 -6.29111347]
Epoch 1352, t=2460388.4761468857:
  TLE_ECI: r=[ 2083.03861376 -2462.65218384  7008.35401969], v=[ 6.29920969  3.3869746  -0.68101353]
  RK45_ECI: r=[ 6215.73439531  4143.71249403 -2044.18920675], v=[-3.08620758  1.56855925 -6.27982033]
Epoch 1353, t=2460388.4762221486:
  TLE_ECI: r=[ 2272.29833537 -2359.02818949  6985.1896911 ], v=[ 6.24107118  3.45251632 -0.86299685]
  RK45_ECI: r=[ 6193.58264697  4156.77685232 -2084.98315113], v=[-3.12156205  1.54393971 -6.26830002]
Epoch 1354, t=2460388.476297412:
  TLE_ECI: r=[ 2459.69038001 -2253.38960399  6956.57567744], v=[ 6.17801351  3.5153153  -1.04431036]
  RK45_ECI: r=[ 6171.19508595  4169.67042639 -2125.70181203], v=[-3.1567792   1.51923195 -6.25655284]
Epoch 1355, t=2460388.4763726755:
  TLE_ECI: r=[ 2645.0669882  -2145.82043621  6922.53418403], v=[ 6.11008784  3.57531819 -1.22481356]
  RK45_ECI: r=[ 6148.572991    4182.39237607 -2166.34314262], v=[-3.19185717  1.49443732 -6.24457938]
Epoch 1356, t=2460388.476447939:
  TLE_ECI: r=[ 2828.28203914 -2036.40632554  6883.09162271], v=[ 6.03734907  3.63247386 -1.40436653]
  RK45_ECI: r=[ 6125.71715793  4194.94212029 -2206.90605431], v=[-3.22679499  1.46955664 -6.23238   ]
Epoch 1357, t=2460388.476523202:
  TLE_ECI: r=[ 3009.19115078 -1925.23449045  6838.2785926 ], v=[ 5.95985588  3.68673336 -1.58283004]
  RK45_ECI: r=[ 6102.62889337  4207.31884015 -2247.3885095 ], v=[-3.26159082  1.44459128 -6.21995533]
Epoch 1358, t=2460388.4765984653:
  TLE_ECI: r=[ 3187.65181507 -1812.39362574  6788.12985776], v=[ 5.87767058  3.73805004 -1.76006566]
  RK45_ECI: r=[ 6079.30888483  4219.52204718 -2287.78961468], v=[-3.29624384  1.41954193 -6.20730567]
Epoch 1359, t=2460388.476673729:
  TLE_ECI: r=[ 3363.5234737  -1697.97388441  6732.68432183], v=[ 5.79085916  3.78637952 -1.93593587]
  RK45_ECI: r=[ 6055.75815779  4231.55106958 -2328.1079078 ], v=[-3.33075273  1.39440965 -6.1944315 ]
Epoch 1360, t=2460388.476748992:
  TLE_ECI: r=[ 3536.66765088 -1582.06677398  6671.9849996 ], v=[ 5.6994912   3.83167974 -2.11030413]
  RK45_ECI: r=[ 6031.97793977  4243.40517705 -2368.34155259], v=[-3.36511588  1.36919569 -6.18133343]
Epoch 1361, t=2460388.4768242557:
  TLE_ECI: r=[ 3706.94805515 -1464.7650932   6606.07898554], v=[ 5.60363983  3.87391104 -2.28303499]
  RK45_ECI: r=[ 6007.96906065  4255.08381655 -2408.48947216], v=[-3.39933228  1.34390088 -6.16801182]
Epoch 1362, t=2460388.4768995186:
  TLE_ECI: r=[ 3874.23068192 -1346.16287028  6535.01741932], v=[ 5.50338168  3.91303612 -2.45399424]
  RK45_ECI: r=[ 5983.73288677  4266.58621795 -2448.54965048], v=[-3.43340019  1.31852663 -6.15446737]
Epoch 1363, t=2460388.476974782:
  TLE_ECI: r=[ 4038.38393399 -1226.35524479  6458.85544826], v=[ 5.39879679  3.94902019 -2.62304893]
  RK45_ECI: r=[ 5959.27002762  4277.91195643 -2488.52139159], v=[-3.46731895  1.29307353 -6.14070034]
Epoch 1364, t=2460388.4770500455:
  TLE_ECI: r=[ 4199.27869989 -1105.43845906  6377.6521869 ], v=[ 5.28996862  3.98183087 -2.79006754]
  RK45_ECI: r=[ 5934.58187011  4289.06027861 -2528.40268736], v=[-3.5010868   1.26754298 -6.12671144]
Epoch 1365, t=2460388.477125309:
  TLE_ECI: r=[4356.78847179 -983.50973857 6291.47067339], v=[ 5.17698396  4.01143831 -2.95492002]
  RK45_ECI: r=[ 5909.66937814  4300.03061712 -2568.19228436], v=[-3.53470262  1.24193593 -6.11250114]
Epoch 1366, t=2460388.4772005724:
  TLE_ECI: r=[4510.78944057 -860.66722608 6200.37782307], v=[ 5.05993283  4.03781518 -3.11747794]
  RK45_ECI: r=[ 5884.53352006  4310.82240889 -2607.88893086], v=[-3.56816531  1.21625335 -6.0980699 ]
Epoch 1367, t=2460388.4772758354:
  TLE_ECI: r=[4661.16059097 -737.00991757 6104.444379  ], v=[ 4.93890848  4.0609367  -3.27761458]
  RK45_ECI: r=[ 5859.17572092  4321.4349327  -2647.4906343 ], v=[-3.60147314  1.19049665 -6.08341847]
Epoch 1368, t=2460388.477351099:
  TLE_ECI: r=[4807.78380599 -612.63752968 6003.74485952], v=[ 4.81400728  4.0807807  -3.43520497]
  RK45_ECI: r=[ 5833.59661201  4331.86778472 -2686.99670735], v=[-3.63462548  1.16466645 -6.06854711]
Epoch 1369, t=2460388.477426362:
  TLE_ECI: r=[4950.5439461  -487.65050088 5898.35750302], v=[ 4.68532864  4.09732762 -3.59012609]
  RK45_ECI: r=[ 5807.79763824  4342.12026103 -2726.40516595], v=[-3.66762061  1.13876416 -6.05345662]
Epoch 1370, t=2460388.4775016257:
  TLE_ECI: r=[5089.32895009 -362.14985827 5788.36420963], v=[ 4.55297501  4.11056049 -3.74225686]
  RK45_ECI: r=[ 5781.77980065  4352.19182788 -2765.71477228], v=[-3.70045746  1.11279076 -6.03814747]
Epoch 1371, t=2460388.477576889:
  TLE_ECI: r=[5224.0299214  -236.23715007 5673.85048017], v=[ 4.41705172  4.12046502 -3.8914783 ]
  RK45_ECI: r=[ 5755.54410453  4362.08195591 -2804.92429034], v=[-3.73313495  1.08674722 -6.02262017]
Epoch 1372, t=2460388.477652152:
  TLE_ECI: r=[5354.54121441 -110.01437997 5554.90535222], v=[ 4.27766696  4.12702958 -4.03767364]
  RK45_ECI: r=[ 5729.092032    4371.78997388 -2844.03175279], v=[-3.76565138  1.06063499 -6.00687551]
Epoch 1373, t=2460388.4777274155:
  TLE_ECI: r=[5480.76052022   16.41613712 5431.62133331], v=[ 4.13493165  4.13024526 -4.18072832]
  RK45_ECI: r=[ 5702.42423538  4381.3154994  -2883.03648155], v=[-3.79800615  1.03445469 -5.99091381]
Epoch 1374, t=2460388.477802679:
  TLE_ECI: r=[5602.58894534  142.95176449 5304.09433138], v=[ 3.98895941  4.13010579 -4.32053021]
  RK45_ECI: r=[ 5675.5422161   4390.65787889 -2921.93651838], v=[-3.8301976   1.00820776 -5.97473587]
Epoch 1375, t=2460388.4778779424:
  TLE_ECI: r=[5719.93109327  269.48968788 5172.42358252], v=[ 3.83986645  4.12660766 -4.45696958]
  RK45_ECI: r=[ 5648.44689335  4399.81664269 -2960.73082398], v=[-3.86222482  0.98189507 -5.95834215]
Epoch 1376, t=2460388.4779532054:
  TLE_ECI: r=[5832.69514148  395.92696655 5036.71157589], v=[ 3.6877715   4.11975004 -4.58993929]
  RK45_ECI: r=[ 5621.13979371  4408.79116024 -2999.41745241], v=[-3.89408616  0.95551809 -5.94173349]
Epoch 1377, t=2460388.478028469:
  TLE_ECI: r=[5940.79291098  522.16068474 4897.06397607], v=[ 3.53279565  4.10953489 -4.7193348 ]
  RK45_ECI: r=[ 5593.62170568  4417.58103817 -3037.99555264], v=[-3.92578089  0.92907756 -5.92491028]
Epoch 1378, t=2460388.478103732:
  TLE_ECI: r=[6044.13994333  648.08793373 4753.58954274], v=[ 3.37506238  4.09596685 -4.84505431]
  RK45_ECI: r=[ 5565.8938153   4426.18574875 -3076.46373075], v=[-3.95730781  0.9025746  -5.90787315]
Epoch 1379, t=2460388.4781789957:
  TLE_ECI: r=[6142.6555653   773.6059633  4606.40004774], v=[ 3.21469736  4.07905333 -4.96699882]
  RK45_ECI: r=[ 5537.95754701  4434.60473522 -3114.82023731], v=[-3.98866547  0.87601055 -5.89062289]
Epoch 1380, t=2460388.478254259:
  TLE_ECI: r=[6236.26295503  898.61224893 4455.61018969], v=[ 3.05182842  4.05880448 -5.08507221]
  RK45_ECI: r=[ 5509.81385009  4442.83755879 -3153.06404824], v=[-4.01985298  0.8493863  -5.87315998]
Epoch 1381, t=2460388.478329522:
  TLE_ECI: r=[6324.88920736 1023.00455739 4301.33750602], v=[ 2.8865854   4.03523315 -5.19918136]
  RK45_ECI: r=[ 5481.46430515  4450.8836404  -3191.1932459 ], v=[-4.05086874  0.82270333 -5.85548532]
Epoch 1382, t=2460388.4784047855:
  TLE_ECI: r=[6408.46538158 1146.6811046  4143.70228271], v=[ 2.71910007  4.008355   -5.30923616]
  RK45_ECI: r=[ 5452.90972539  4458.74261271 -3229.20699226], v=[-4.08171205  0.79596239 -5.83759932]
Epoch 1383, t=2460388.478480049:
  TLE_ECI: r=[6486.92657448 1269.54052921 3982.82746151], v=[ 2.54950605  3.97818837 -5.41514966]
  RK45_ECI: r=[ 5424.15133603  4466.41398763 -3267.10391429], v=[-4.11238174  0.76916462 -5.81950264]
Epoch 1384, t=2460388.4785553124:
  TLE_ECI: r=[6560.2119625  1391.4820496  3818.83854501], v=[ 2.37793865  3.94475434 -5.5168381 ]
  RK45_ECI: r=[ 5395.19060978  4473.8972558  -3304.88228923], v=[-4.1428764   0.74231138 -5.80119613]
Epoch 1385, t=2460388.478630576:
  TLE_ECI: r=[6628.26485417 1512.40552933 3651.86349938], v=[ 2.20453484  3.90807669 -5.61422101]
  RK45_ECI: r=[ 5366.02852494  4481.19200981 -3342.54110903], v=[-4.17319519  0.71540357 -5.78268028]
Epoch 1386, t=2460388.478705839:
  TLE_ECI: r=[6691.03274135 1632.21154047 3482.032655  ], v=[ 2.02943308  3.86818192 -5.70722125]
  RK45_ECI: r=[ 5336.66671451  4488.29772279 -3380.07848612], v=[-4.20333654  0.68844269 -5.76395606]
Epoch 1387, t=2460388.478781102:
  TLE_ECI: r=[6748.46732366 1750.80152443 3309.47860501], v=[ 1.85277318  3.82509919 -5.7957651 ]
  RK45_ECI: r=[ 5307.10601554  4495.21405383 -3417.49359615], v=[-4.23329977  0.66142949 -5.74502389]
Epoch 1388, t=2460388.4788563657:
  TLE_ECI: r=[6800.52457573 1868.07775792 3134.33610177], v=[ 1.67469629  3.77886035 -5.87978234]
  RK45_ECI: r=[ 5277.34769093  4501.94055524 -3454.78508824], v=[-4.26308378  0.63436514 -5.72588448]
Epoch 1389, t=2460388.478931629:
  TLE_ECI: r=[6847.16476557 1983.94351148 2956.74195153], v=[ 1.4953447   3.72949989 -5.95920628]
  RK45_ECI: r=[ 5247.39326023  4508.47676563 -3491.95126776], v=[-4.29268717  0.60725101 -5.7065387 ]
Epoch 1390, t=2460388.479006892:
  TLE_ECI: r=[6888.35249777 2098.30309167 2776.83490707], v=[ 1.31486177  3.6770549  -6.03397382]
  RK45_ECI: r=[ 5217.2440068   4514.82225852 -3528.99079656], v=[-4.32210886  0.58008826 -5.68698729]
Epoch 1391, t=2460388.4790821555:
  TLE_ECI: r=[6924.05671847 2211.06200194 2594.75555882], v=[ 1.13339174  3.62156511 -6.10402556]
  RK45_ECI: r=[ 5186.90078315  4520.97671225 -3565.90285998], v=[-4.35134818  0.55287765 -5.66723068]
Epoch 1392, t=2460388.479157419:
  TLE_ECI: r=[6954.25077696 2322.12690121 2410.64622405], v=[ 0.95107973  3.56307277 -6.16930578]
  RK45_ECI: r=[ 5156.3652801   4526.9396608  -3602.68560687], v=[-4.38040364  0.52562071 -5.64726989]
Epoch 1393, t=2460388.4792326824:
  TLE_ECI: r=[6978.91242404 2431.40576288 2224.65083469], v=[ 0.76807151  3.5016227  -6.22976255]
  RK45_ECI: r=[ 5125.6385204   4532.71074757 -3639.33805675], v=[-4.40927443  0.49831836 -5.62710547]
Epoch 1394, t=2460388.479307946:
  TLE_ECI: r=[6998.02383606 2538.80793297 2036.91482355], v=[ 0.58451343  3.43726221 -6.28534775]
  RK45_ECI: r=[ 5094.72206841  4538.28956015 -3675.85854461], v=[-4.43795924  0.47097197 -5.60673834]
Epoch 1395, t=2460388.479383209:
  TLE_ECI: r=[7011.57163748 2644.24418573 1847.5850092 ], v=[ 0.4005523   3.37004108 -6.33601711]
  RK45_ECI: r=[ 5063.61724339  4543.67571298 -3712.24575629], v=[-4.46645699  0.44358274 -5.58616927]
Epoch 1396, t=2460388.479458472:
  TLE_ECI: r=[7019.54688093 2747.62688168 1656.80947964], v=[ 0.21633524  3.30001154 -6.38173027]
  RK45_ECI: r=[ 5032.32492004  4548.86891154 -3748.49889201], v=[-4.49476706  0.41615143 -5.56539873]
Epoch 1397, t=2460388.4795337357:
  TLE_ECI: r=[7021.94510009 2848.86991877 1464.73747461], v=[ 0.03200959  3.22722818 -6.42245081]
  RK45_ECI: r=[ 5000.84683782  4553.86874343 -3784.6161342 ], v=[-4.522888    0.38867957 -5.54442776]
Epoch 1398, t=2460388.479608999:
  TLE_ECI: r=[7018.76628298 2947.88888757 1271.51926701], v=[-0.15227725  3.15174794 -6.45814626]
  RK45_ECI: r=[ 4969.18404565  4558.67488462 -3820.59652068], v=[-4.55081905  0.3611681  -5.52325696]
Epoch 1399, t=2460388.4796842625:
  TLE_ECI: r=[7010.01487907 3044.60112265 1077.30604327], v=[-0.33637793  3.07363009 -6.48878818]
  RK45_ECI: r=[ 4937.33815139  4563.28697179 -3856.4384176 ], v=[-4.57855891  0.33361842 -5.50188728]
Epoch 1400, t=2460388.4797595255:
  TLE_ECI: r=[6995.69980434 3138.92575242  882.24978285], v=[-0.52014522  2.99293612 -6.51435215]
  RK45_ECI: r=[ 4905.31050869  4567.70466092 -3892.14053587], v=[-4.60610659  0.30603172 -5.48031954]
Epoch 1401, t=2460388.479834789:
  TLE_ECI: r=[6975.83439692 3230.78385018  686.50313714], v=[-0.70343228  2.90972973 -6.5348178 ]
  RK45_ECI: r=[ 4873.10201355  4571.92768495 -3927.70209133], v=[-4.63346146  0.27840877 -5.45855421]
Epoch 1402, t=2460388.4799100524:
  TLE_ECI: r=[6950.43645966 3320.0983785   490.21930746], v=[-0.8860926   2.82407678 -6.55016882]
  RK45_ECI: r=[ 4840.71445208  4575.95568583 -3963.12130153], v=[-4.66062213  0.25075113 -5.43659241]
Epoch 1403, t=2460388.479985316:
  TLE_ECI: r=[6919.52820892 3406.79433669  293.55192281], v=[-1.06798027  2.73604522 -6.56039301]
  RK45_ECI: r=[ 4808.14889847  4579.7883722  -3998.39722352], v=[-4.68758788  0.22305973 -5.41443472]
Epoch 1404, t=2460388.4800605793:
  TLE_ECI: r=[6883.13626415 3490.79880485   96.6549171 ], v=[-1.24895003  2.64570504 -6.56548224]
  RK45_ECI: r=[ 4775.40700226  4583.42543055 -4033.52825593], v=[-4.71435746  0.19533599 -5.39208219]
Epoch 1405, t=2460388.480135842:
  TLE_ECI: r=[6841.29163545 3572.04098588 -100.31759396], v=[-1.4288574  2.5531282 -6.5654325]
  RK45_ECI: r=[ 4742.49015013  4586.86655869 -4068.51313599], v=[-4.74092991  0.1675811  -5.36953563]
Epoch 1406, t=2460388.4802111057:
  TLE_ECI: r=[6794.02965519 3650.45234669 -297.21143591], v=[-1.60755885  2.45838858 -6.56024389]
  RK45_ECI: r=[ 4709.39925827  4590.11151757 -4103.35109571], v=[-4.76730464  0.13979586 -5.34679554]
Epoch 1407, t=2460388.480286369:
  TLE_ECI: r=[6741.39001004 3725.96655556 -493.872499  ], v=[-1.78491187  2.36156194 -6.54992062]
  RK45_ECI: r=[ 4676.13615787  4593.16000358 -4138.04038945], v=[-4.79348031  0.11198182 -5.32386309]
Epoch 1408, t=2460388.4803616325:
  TLE_ECI: r=[6683.4166654  3798.5196202  -690.14686127], v=[-1.96077509  2.26272579 -6.53447099]
  RK45_ECI: r=[ 4642.70194702  4596.01175873 -4172.58009418], v=[-4.81945623  0.08413993 -5.30073891]
Epoch 1409, t=2460388.4804368955:
  TLE_ECI: r=[6620.15784955 3868.04990259 -885.8809116 ], v=[-2.13500845  2.16195941 -6.51390741]
  RK45_ECI: r=[ 4609.09847651  4598.66650445 -4206.96848151], v=[-4.84523108  0.05627175 -5.27742416]
Epoch 1410, t=2460388.480512159:
  TLE_ECI: r=[ 6551.6659673   3934.49824936 -1080.92147233], v=[-2.30747326  2.0593437  -6.48824637]
  RK45_ECI: r=[ 4575.32668065  4601.12402654 -4241.20479907], v=[-4.87080431  0.02837808 -5.25391937]
Epoch 1411, t=2460388.4805874224:
  TLE_ECI: r=[ 6477.99762245  3997.80792579 -1275.11592173], v=[-2.47803235  1.95496117 -6.45750844]
  RK45_ECI: r=[ 4541.38797903  4603.38406824 -4275.28781271], v=[-4.89617498e+00  4.60126888e-04 -5.23022541e+00]
Epoch 1412, t=2460388.480662686:
  TLE_ECI: r=[ 6399.21352492  4057.92474229 -1468.31231566], v=[-2.6465502   1.84889583 -6.42171821]
  RK45_ECI: r=[ 4507.28408438  4605.44639646 -4309.21597608], v=[-4.92134195 -0.02748068 -5.20634337]
Epoch 1413, t=2460388.4807379493:
  TLE_ECI: r=[ 6315.37844997  4114.79708139 -1660.3595087 ], v=[-2.81289298  1.74123315 -6.38090433]
  RK45_ECI: r=[ 4473.01611765  4607.31078668 -4342.98838695], v=[-4.94630454 -0.0554434  -5.18227389]
Epoch 1414, t=2460388.480813212:
  TLE_ECI: r=[ 6226.56119546  4168.37592336 -1851.10727457], v=[-2.97692876  1.63205996 -6.33509942]
  RK45_ECI: r=[ 4438.58597181  4608.97701561 -4376.60335588], v=[-4.97106151 -0.08342644 -5.1580182 ]
Epoch 1415, t=2460388.4808884757:
  TLE_ECI: r=[ 6132.83447473  4218.61496132 -2040.40642554], v=[-3.13852756  1.52146439 -6.28434008]
  RK45_ECI: r=[ 4403.99459962  4610.44489737 -4410.060148  ], v=[-4.99561232 -0.11142901 -5.13357685]
Epoch 1416, t=2460388.480963739:
  TLE_ECI: r=[ 6034.27492732  4265.4705311  -2228.10893107], v=[-3.29756146  1.40953578 -6.22866686]
  RK45_ECI: r=[ 4369.2434505   4611.71421803 -4443.35755764], v=[-5.01995608 -0.13944989 -5.10895072]
Epoch 1417, t=2460388.4810390025:
  TLE_ECI: r=[ 5930.96300622  4308.9017214  -2414.06803521], v=[-3.4539047   1.29636463 -6.16812417]
  RK45_ECI: r=[ 4334.33427439  4612.78479517 -4476.49407459], v=[-5.04409169 -0.16748765 -5.08414095]
Epoch 1418, t=2460388.481114266:
  TLE_ECI: r=[ 5822.98292148  4348.87039088 -2598.13837282], v=[-3.60743382  1.18204249 -6.10276031]
  RK45_ECI: r=[ 4299.268214    4613.65643802 -4509.46881817], v=[-5.06801852 -0.19554132 -5.05914822]
Epoch 1419, t=2460388.481189529:
  TLE_ECI: r=[ 5710.42258214  4385.34118356 -2780.1760846 ], v=[-3.75802773  1.0666619  -6.03262737]
  RK45_ECI: r=[ 4264.04720243  4614.32897896 -4542.28013939], v=[-5.09173539 -0.22360933 -5.03397379]
Epoch 1420, t=2460388.4812647924:
  TLE_ECI: r=[ 5593.37347065  4418.28162667 -2960.03893053], v=[-3.90556781  0.9503163  -5.9577812 ]
  RK45_ECI: r=[ 4228.67205358  4614.8022532  -4574.92747437], v=[-5.11524187 -0.25169098 -5.0086181 ]
Epoch 1421, t=2460388.481340056:
  TLE_ECI: r=[ 5471.93064311  4447.66205618 -3137.58640211], v=[-4.04993801  0.83309997 -5.87828137]
  RK45_ECI: r=[ 4193.14471397  4615.07611253 -4607.40918838], v=[-5.13853682 -0.2797847  -4.98308245]
Epoch 1422, t=2460388.4814153193:
  TLE_ECI: r=[ 5346.19259792  4473.45571077 -3312.67983275], v=[-4.19102493  0.71510793 -5.79419109]
  RK45_ECI: r=[ 4157.46650028  4615.1504028  -4639.72426726], v=[-5.1616195  -0.30788941 -4.95736764]
Epoch 1423, t=2460388.4814905827:
  TLE_ECI: r=[ 5216.26120637  4495.63873704 -3485.18250662], v=[-4.32871793  0.59643585 -5.7055772 ]
  RK45_ECI: r=[ 4121.63873195  4615.02497486 -4671.87169974], v=[-5.18448921 -0.33600401 -4.9314745 ]
Epoch 1424, t=2460388.4815658457:
  TLE_ECI: r=[ 5082.2416406   4514.1901951  -3654.95976569], v=[-4.46290921  0.47718002 -5.61251003]
  RK45_ECI: r=[ 4085.66338013  4614.69971711 -4703.84987878], v=[-5.20714482 -0.36412693 -4.90540432]
Epoch 1425, t=2460388.481641109:
  TLE_ECI: r=[ 4944.242233    4529.09213647 -3821.87911484], v=[-4.59349386  0.35743719 -5.51506344]
  RK45_ECI: r=[ 4049.54127178  4614.17448917 -4735.65825524], v=[-5.22958595 -0.39225746 -4.87915758]
Epoch 1426, t=2460388.4817163725:
  TLE_ECI: r=[ 4802.37446539  4540.32952873 -3985.81032523], v=[-4.72037     0.23730455 -5.41331464]
  RK45_ECI: r=[ 4013.27439068  4613.44919905 -4767.29523683], v=[-5.25181149 -0.42039403 -4.85273559]
Epoch 1427, t=2460388.481791636:
  TLE_ECI: r=[ 4656.75282369  4547.89032923 -4146.62553551], v=[-4.8434388   0.11687965 -5.30734424]
  RK45_ECI: r=[ 3976.86391567  4612.5237173  -4798.75998352], v=[-5.27382086 -0.44853567 -4.82613908]
Epoch 1428, t=2460388.481866899:
  TLE_ECI: r=[ 4507.49472966  4551.76546692 -4304.19935093], v=[-4.96260461e+00 -3.73972007e-03 -5.19723606e+00]
  RK45_ECI: r=[ 3940.31184691  4611.39797731 -4830.05092279], v=[-5.29561298 -0.47668078 -4.79936939]
Epoch 1429, t=2460388.4819421624:
  TLE_ECI: r=[ 4354.72039057  4551.94890369 -4458.40894023], v=[-5.07777497 -0.12445562 -5.08307717]
  RK45_ECI: r=[ 3903.6191834   4610.0718738  -4861.16737203], v=[-5.3171874  -0.50482856 -4.77242712]
Epoch 1430, t=2460388.482017426:
  TLE_ECI: r=[ 4198.55278029  4548.43755895 -4609.13413057], v=[-5.18886071 -0.24516997 -4.96495772]
  RK45_ECI: r=[ 3866.78745057  4608.54531359 -4892.10821078], v=[-5.33854334 -0.53297777 -4.74531325]
Epoch 1431, t=2460388.4820926893:
  TLE_ECI: r=[ 4039.1174847   4541.23136701 -4756.25749982], v=[-5.29577603 -0.36578469 -4.84297092]
  RK45_ECI: r=[ 3829.81849232  4606.81825811 -4922.87203695], v=[-5.35967987 -0.56112695 -4.71802901]
Epoch 1432, t=2460388.4821679527:
  TLE_ECI: r=[ 3876.5426125   4530.33326358 -4899.66446668], v=[-5.39843854 -0.48620178 -4.71721294]
  RK45_ECI: r=[ 3792.71350592  4604.89061221 -4953.45803413], v=[-5.38059645 -0.58927515 -4.69057515]
Epoch 1433, t=2460388.4822432157:
  TLE_ECI: r=[ 3710.95870346  4515.74917315 -5039.24337833], v=[-5.49676929 -0.60632334 -4.58778282]
  RK45_ECI: r=[ 3755.47452595  4602.76236568 -4983.86467422], v=[-5.40129204 -0.61742077 -4.66295306]
Epoch 1434, t=2460388.482318479:
  TLE_ECI: r=[ 3542.49856903  4497.48804872 -5174.88559548], v=[-5.5906929  -0.72605177 -4.45478242]
  RK45_ECI: r=[ 3718.10256594  4600.43344236 -5014.09129438], v=[-5.42176622 -0.64556299 -4.63516334]
Epoch 1435, t=2460388.4823937425:
  TLE_ECI: r=[ 3371.29726416  4475.56179785 -5306.48557518], v=[-5.68013753 -0.84528971 -4.31831629]
  RK45_ECI: r=[ 3680.59917541  4597.90379265 -5044.13680647], v=[-5.44201828 -0.67370057 -4.60720701]
Epoch 1436, t=2460388.482469006:
  TLE_ECI: r=[ 3197.49192478  4449.98531853 -5433.94095074], v=[-5.765035   -0.9639402  -4.17849162]
  RK45_ECI: r=[ 3642.96622851  4595.17342948 -5073.99984936], v=[-5.46204733 -0.70183207 -4.57908535]
Epoch 1437, t=2460388.4825442694:
  TLE_ECI: r=[ 3021.2216698   4420.77647647 -5557.15260916], v=[-5.84532076 -1.08190674 -4.03541811]
  RK45_ECI: r=[ 3605.20493942  4592.2422924  -5103.67963097], v=[-5.48185285 -0.72995651 -4.55079912]
Epoch 1438, t=2460388.4826195324:
  TLE_ECI: r=[ 2842.62750232  4387.95608236 -5676.02476594], v=[-5.920934   -1.19909334 -3.88920794]
  RK45_ECI: r=[ 3567.31737501  4589.11042773 -5133.17466892], v=[-5.50143388 -0.7580723  -4.52234974]
Epoch 1439, t=2460388.482694796:
  TLE_ECI: r=[ 2661.8521446   4351.54790971 -5790.46503691], v=[-5.99181766 -1.31540468 -3.73997563]
  RK45_ECI: r=[ 3529.30456257  4585.77778835 -5162.48432074], v=[-5.52079003 -0.78617861 -4.49373784]
Epoch 1440, t=2460388.4827700593:
  TLE_ECI: r=[ 2479.04000082  4311.57862449 -5900.38450778], v=[-6.05791846 -1.43074608 -3.58783795]
  RK45_ECI: r=[ 3491.16807401  4582.24436845 -5191.60753151], v=[-5.53992063 -0.81427422 -4.46496447]
Epoch 1441, t=2460388.4828453227:
  TLE_ECI: r=[ 2294.33699019  4268.07779911 -6005.6978004 ], v=[-6.11918693 -1.54502363 -3.43291386]
  RK45_ECI: r=[ 3452.90981157  4578.5102328  -5220.5429823 ], v=[-5.55882484 -0.84235766 -4.43603093]
Epoch 1442, t=2460388.482920586:
  TLE_ECI: r=[ 2107.89044333  4221.07788041 -6106.32313657], v=[-6.17557747 -1.65814426 -3.27532438]
  RK45_ECI: r=[ 3414.53100539  4574.57535542 -5249.28990597], v=[-5.57750219 -0.87042797 -4.40693801]
Epoch 1443, t=2460388.482995849:
  TLE_ECI: r=[ 1919.84899732  4170.6141585  -6202.18239882], v=[-6.22704834 -1.77001576 -3.11519253]
  RK45_ECI: r=[ 3376.03375256  4570.43983932 -5277.84686722], v=[-5.59595178 -0.89848355 -4.37768717]
Epoch 1444, t=2460388.4830711125:
  TLE_ECI: r=[ 1730.36242873  4116.72476243 -6293.20118826], v=[-6.27356169 -1.880547   -2.9526432 ]
  RK45_ECI: r=[ 3337.41909278  4566.10366666 -5306.21324442], v=[-5.61417324 -0.92652358 -4.34827907]
Epoch 1445, t=2460388.483146376:
  TLE_ECI: r=[ 1539.58160864  4059.45059467 -6379.30887985], v=[-6.31508362 -1.98964779 -2.78780305]
  RK45_ECI: r=[ 3298.68861889  4561.56687542 -5334.38801686], v=[-5.63216595 -0.95454682 -4.31871476]
Epoch 1446, t=2460388.4832216394:
  TLE_ECI: r=[ 1347.65833449  3998.8353234  -6460.43867437], v=[-6.35158413 -2.0972291  -2.62080047]
  RK45_ECI: r=[ 3259.84425935  4556.82958214 -5362.36990886], v=[-5.64992913 -0.98255183 -4.2889956 ]
Epoch 1447, t=2460388.4832969024:
  TLE_ECI: r=[ 1154.74523401  3934.9253389  -6536.52764771], v=[-6.38303721 -2.20320308 -2.4517654 ]
  RK45_ECI: r=[ 3220.88761821  4551.89184774 -5390.15791905], v=[-5.66746217 -1.01053737 -4.25912266]
Epoch 1448, t=2460388.483372166:
  TLE_ECI: r=[  960.99559892  3867.76973166 -6607.51679701], v=[-6.40942077 -2.30748316 -2.28082929]
  RK45_ECI: r=[ 3181.81974273  4546.75367534 -5417.75144016], v=[-5.68476475 -1.03850261 -4.22909662]
Epoch 1449, t=2460388.4834474293:
  TLE_ECI: r=[  766.56333454  3797.42023184 -6673.35108406], v=[-6.43071673 -2.40998404 -2.108125  ]
  RK45_ECI: r=[ 3142.64276183  4541.415233   -5445.14909222], v=[-5.70183601 -1.06644598 -4.19891897]
Epoch 1450, t=2460388.4835226927:
  TLE_ECI: r=[  571.60279256  3723.93118451 -6733.97947553], v=[-6.44691097 -2.51062181 -1.93378665]
  RK45_ECI: r=[ 3103.35792855  4535.87655023 -5472.35014943], v=[-5.71867557 -1.09436648 -4.16859052]
Epoch 1451, t=2460388.483597956:
  TLE_ECI: r=[  376.26866182  3647.35950347 -6789.35498024], v=[-6.45799336 -2.60931404 -1.75794957]
  RK45_ECI: r=[ 3063.96719539  4530.13779548 -5499.35338058], v=[-5.73528267 -1.12226268 -4.13811266]
Epoch 1452, t=2460388.483673219:
  TLE_ECI: r=[  180.71585834  3567.76462649 -6839.43468348], v=[-6.46395777 -2.70597974 -1.58075019]
  RK45_ECI: r=[ 3024.47218483  4524.1990735  -5526.1578198 ], v=[-5.75165679 -1.15013334 -4.1074865 ]
Epoch 1453, t=2460388.4837484825:
  TLE_ECI: r=[  -14.9006376   3485.20847217 -6884.17977819], v=[-6.464802   -2.80053957 -1.40232591]
  RK45_ECI: r=[ 2984.87395488  4518.06041668 -5552.76288156], v=[-5.7677976  -1.17797763 -4.0767127 ]
Epoch 1454, t=2460388.483823746:
  TLE_ECI: r=[ -210.42583856  3399.7553868  -6923.5555933 ], v=[-6.46052788 -2.89291578 -1.22281505]
  RK45_ECI: r=[ 2945.17466005  4511.72204971 -5579.16723555], v=[-5.78370434 -1.20579398 -4.04579283]
Epoch 1455, t=2460388.4838990094:
  TLE_ECI: r=[ -405.70491288  3311.47209861 -6957.53161887], v=[-6.4511412  -2.98303228 -1.04235669]
  RK45_ECI: r=[ 2905.37556584  4505.18403688 -5605.37018262], v=[-5.79937664 -1.23358141 -4.01472769]
Epoch 1456, t=2460388.483974273:
  TLE_ECI: r=[ -600.58329416  3220.42766509 -6986.08152823], v=[-6.4366517  -3.07081477 -0.86109061]
  RK45_ECI: r=[ 2865.4786471   4498.44659835 -5631.37053703], v=[-5.81481381 -1.26133846 -3.98351872]
Epoch 1457, t=2460388.484049536:
  TLE_ECI: r=[ -794.90679189  3126.69342187 -7009.18319715], v=[-6.4170731  -3.1561907  -0.67915718]
  RK45_ECI: r=[ 2825.48554298  4491.50988268 -5657.16736927], v=[-5.83001537 -1.28906392 -3.95216704]
Epoch 1458, t=2460388.4841247993:
  TLE_ECI: r=[ -988.52174784  3030.34291909 -7026.81871975], v=[-6.39242301 -3.23908946 -0.49669726]
  RK45_ECI: r=[ 2785.39732119  4484.37395158 -5682.76011603], v=[-5.84498103 -1.31675696 -3.92067333]
Epoch 1459, t=2460388.4842000627:
  TLE_ECI: r=[-1181.27509912  2931.45187664 -7038.97442171], v=[-6.36272301 -3.31944227 -0.31385207]
  RK45_ECI: r=[ 2745.21615956  4477.03908626 -5708.14749784], v=[-5.85971009 -1.34441601 -3.88903919]
Epoch 1460, t=2460388.484275326:
  TLE_ECI: r=[-1373.01453406  2830.09811826 -7045.64087003], v=[-6.32799855 -3.39718235 -0.13076313]
  RK45_ECI: r=[ 2704.94333492  4469.50538573 -5733.32884276], v=[-5.8742022  -1.37204008 -3.85726546]
Epoch 1461, t=2460388.4843505896:
  TLE_ECI: r=[-1563.5886005   2726.36151326 -7046.81288003], v=[-6.28827898 -3.47224492  0.05242786]
  RK45_ECI: r=[ 2664.58084231  4461.77312179 -5758.30301158], v=[-5.88845677 -1.39962774 -3.82535358]
Epoch 1462, t=2460388.4844258525:
  TLE_ECI: r=[-1752.84681515  2620.32391991 -7042.48951912], v=[-6.24359751 -3.54456726  0.23557915]
  RK45_ECI: r=[ 2624.13033605  4453.84248668 -5783.06911192], v=[-5.90247332 -1.42717777 -3.7933047 ]
Epoch 1463, t=2460388.484501116:
  TLE_ECI: r=[-1940.63981098  2512.06910246 -7032.6741075 ], v=[-6.19399115 -3.61408881  0.41854898]
  RK45_ECI: r=[ 2583.59289226  4445.71357151 -5807.62660318], v=[-5.91625163 -1.45468934 -3.76111955]
Epoch 1464, t=2460388.4845763794:
  TLE_ECI: r=[-2126.81940542  2401.68269539 -7017.37421596], v=[-6.13950074 -3.68075114  0.60119574]
  RK45_ECI: r=[ 2542.97071008  4437.38671374 -5831.97425782], v=[-5.92979103 -1.48216088 -3.72879971]
Epoch 1465, t=2460388.484651643:
  TLE_ECI: r=[-2311.23874672  2289.25211852 -6996.60166046], v=[-6.08017089 -3.744498    0.78337804]
  RK45_ECI: r=[ 2502.26507632  4428.86204707 -5856.1114317 ], v=[-5.94309124 -1.50959142 -3.69634607]
Epoch 1466, t=2460388.484726906:
  TLE_ECI: r=[-2493.75241308  2174.86652114 -6970.37249368], v=[-6.01604997 -3.80527542  0.96495484]
  RK45_ECI: r=[ 2461.47819888  4420.13993445 -5880.03692133], v=[-5.95615164 -1.5369794  -3.66376025]
Epoch 1467, t=2460388.4848021693:
  TLE_ECI: r=[-2674.21655084  2058.61668466 -6938.70699351], v=[-5.94718999 -3.86303176  1.14578551]
  RK45_ECI: r=[ 2420.6111613   4411.22049279 -5903.75020758], v=[-5.96897201 -1.564324   -3.63104297]
Epoch 1468, t=2460388.4848774327:
  TLE_ECI: r=[-2852.48894666  1940.59499422 -6901.62964857], v=[-5.8736467  -3.91771768  1.32572997]
  RK45_ECI: r=[ 2379.6656315   4402.10396131 -5927.25043766], v=[-5.98155194 -1.591624   -3.5981954 ]
Epoch 1469, t=2460388.484952696:
  TLE_ECI: r=[-3028.42916413  1820.8953396  -6859.16914052], v=[-5.79547943 -3.96928622  1.50464878]
  RK45_ECI: r=[ 2338.6436327   4392.79069402 -5950.53654882], v=[-5.99389092 -1.61887797 -3.56521904]
Epoch 1470, t=2460388.4850279596:
  TLE_ECI: r=[-3201.89864594  1699.61304909 -6811.35832344], v=[-5.71275111 -4.01769284  1.68240323]
  RK45_ECI: r=[ 2297.54646036  4383.28085923 -5973.60792525], v=[-6.00598869 -1.64608494 -3.53211477]
Epoch 1471, t=2460388.4851032225:
  TLE_ECI: r=[-3372.76081675  1576.84482532 -6758.23420011], v=[-5.62552823 -4.06289547  1.85885545]
  RK45_ECI: r=[ 2256.37634054  4373.57487577 -5996.46341693], v=[-6.0178447  -1.67324337 -3.49888425]
Epoch 1472, t=2460388.485178486:
  TLE_ECI: r=[-3540.88120825  1452.68863087 -6699.83789522], v=[-5.53388073 -4.10485456  2.03386852]
  RK45_ECI: r=[ 2215.13417912  4363.67283789 -6019.10263405], v=[-6.02945882 -1.70035254 -3.46552805]
Epoch 1473, t=2460388.4852537494:
  TLE_ECI: r=[-3706.12753486  1327.24366973 -6636.21462565], v=[-5.43788201 -4.14353304  2.20730657]
  RK45_ECI: r=[ 2173.82220765  4353.57518394 -6041.52444522], v=[-6.04083052 -1.7274109  -3.43204785]
Epoch 1474, t=2460388.485329013:
  TLE_ECI: r=[-3868.36981641  1200.61027181 -6567.41366759], v=[-5.33760887 -4.17889643  2.37903487]
  RK45_ECI: r=[ 2132.44191234  4343.28216331 -6063.72815395], v=[-6.05195951 -1.75441738 -3.39844469]
Epoch 1475, t=2460388.4854042763:
  TLE_ECI: r=[-4027.48047463  1072.88982376 -6493.48832072], v=[-5.23314145 -4.21091284  2.54891991]
  RK45_ECI: r=[ 2090.99478006  4332.79403066 -6085.71306752], v=[-6.06284551 -1.7813709  -3.36471962]
Epoch 1476, t=2460388.4854795393:
  TLE_ECI: r=[-4183.3344301    944.18470181 -6414.49586939], v=[-5.12456317 -4.239553    2.71682956]
  RK45_ECI: r=[ 2049.48305251  4322.11126052 -6107.47809041], v=[-6.07348805 -1.80826992 -3.33087435]
Epoch 1477, t=2460388.4855548027:
  TLE_ECI: r=[-4335.80921166   814.59814269 -6330.4975407 ], v=[-5.01196064 -4.26479033  2.88263312]
  RK45_ECI: r=[ 2007.9076393   4311.23397211 -6129.0228516 ], v=[-6.08388701 -1.83511373 -3.29690944]
Epoch 1478, t=2460388.485630066:
  TLE_ECI: r=[-4484.78503477   684.23423463 -6241.55845976], v=[-4.89542366 -4.28660089  3.04620143]
  RK45_ECI: r=[ 1966.27078695  4300.16265929 -6150.34627451], v=[-6.09404194 -1.86190081 -3.2628266 ]
Epoch 1479, t=2460388.4857053296:
  TLE_ECI: r=[-4630.14490794   553.19778744 -6147.7476018 ], v=[-4.77504512 -4.30496346  3.20740698]
  RK45_ECI: r=[ 1924.57398963  4288.8976099  -6171.44769709], v=[-6.10395258 -1.88863007 -3.2286269 ]
Epoch 1480, t=2460388.4857805925:
  TLE_ECI: r=[-4771.77472052   421.59427534 -6049.13774147], v=[-4.65092094 -4.31985953  3.36612399]
  RK45_ECI: r=[ 1882.818941    4277.43916992 -6192.32636367], v=[-6.11361866 -1.91530032 -3.19431157]
Epoch 1481, t=2460388.485855856:
  TLE_ECI: r=[-4909.56333814   289.52969807 -5945.80539911], v=[-4.52314999 -4.33127341  3.52222855]
  RK45_ECI: r=[ 1841.00729882  4265.78771055 -6212.98152648], v=[-6.1230399  -1.94191041 -3.15988184]
Epoch 1482, t=2460388.4859311194:
  TLE_ECI: r=[-5043.40268214   157.1105791  -5837.83078417], v=[-4.39183403 -4.33919211  3.67559863]
  RK45_ECI: r=[ 1799.14057306  4253.94353443 -6233.41254129], v=[-6.13221608 -1.96845927 -3.12533879]
Epoch 1483, t=2460388.486006383:
  TLE_ECI: r=[-5173.18782139    24.44382591 -5725.29773569], v=[-4.25707765 -4.34360545  3.82611429]
  RK45_ECI: r=[ 1757.22082364  4241.90713781 -6253.6184847 ], v=[-6.14114684 -1.9949455  -3.09068399]
Epoch 1484, t=2460388.4860816463:
  TLE_ECI: r=[-5298.81705419  -108.36334164 -5608.29365991], v=[-4.11898815 -4.34450607  3.97365768]
  RK45_ECI: r=[ 1715.24936342  4229.67878503 -6273.59882291], v=[-6.14983204 -2.02136814 -3.05591836]
Epoch 1485, t=2460388.4861569093:
  TLE_ECI: r=[-5420.19199001  -241.2034613  -5486.90946511], v=[-3.97767554 -4.3418894   4.11811317]
  RK45_ECI: r=[ 1673.22845675  4217.25904989 -6293.35256081], v=[-6.15827131 -2.04772568 -3.02104363]
Epoch 1486, t=2460388.4862321727:
  TLE_ECI: r=[-5537.21762572  -373.9689782  -5361.23949354], v=[-3.83325233 -4.33575375  4.25936747]
  RK45_ECI: r=[ 1631.15920585  4204.64815951 -6312.87927088], v=[-6.16646454 -2.07401731 -2.98606058]
Epoch 1487, t=2460388.486307436:
  TLE_ECI: r=[-5649.80242482  -506.55223707 -5231.38145066], v=[-3.68583359 -4.32610022  4.39730968]
  RK45_ECI: r=[ 1589.04331382  4191.84651693 -6332.17825089], v=[-6.17441152 -2.10024184 -2.95097046]
Epoch 1488, t=2460388.4863826996:
  TLE_ECI: r=[-5757.85838931  -638.84563171 -5097.43633157], v=[-3.53553678 -4.31293278  4.53183138]
  RK45_ECI: r=[ 1546.88284984  4178.85466843 -6351.24862876], v=[-6.18211196 -2.12639791 -2.91577485]
Epoch 1489, t=2460388.486457963:
  TLE_ECI: r=[-5861.3011309   -770.74167661 -4959.50834479], v=[-3.38248166 -4.29625824  4.66282677]
  RK45_ECI: r=[ 1504.67913059  4165.67291227 -6370.08990089], v=[-6.18956573 -2.15248455 -2.8804747 ]
Epoch 1490, t=2460388.486533226:
  TLE_ECI: r=[-5960.04994179  -902.13307695 -4817.70483333], v=[-3.22679026 -4.27608626  4.79019269]
  RK45_ECI: r=[ 1462.43442962  4152.30187681 -6388.70112914], v=[-6.19677256 -2.17850027 -2.84507177]
Epoch 1491, t=2460388.4866084894:
  TLE_ECI: r=[-6054.02784985 -1032.91288548 -4672.13619322], v=[-3.0685867  -4.2524294   4.91382878]
  RK45_ECI: r=[ 1420.14985151  4138.74181776 -6407.08191104], v=[-6.20373234 -2.20444428 -2.80956684]
Epoch 1492, t=2460388.486683753:
  TLE_ECI: r=[-6143.16169584 -1162.97448566 -4522.91578937], v=[-2.90799716 -4.225303    5.03363748]
  RK45_ECI: r=[ 1377.82710467  4124.99318049 -6425.23158545], v=[-6.21044494 -2.2303154  -2.77396117]
Epoch 1493, t=2460388.4867590163:
  TLE_ECI: r=[-6227.38218348 -1292.21174865 -4370.15986898], v=[-2.74514977 -4.19472531  5.14952419]
  RK45_ECI: r=[ 1335.46826533  4111.05656094 -6443.14933242], v=[-6.2169101  -2.25611225 -2.73825639]
Epoch 1494, t=2460388.4868342797:
  TLE_ECI: r=[-6306.62393827 -1420.51910279 -4213.98747248], v=[-2.58017449 -4.16071739  5.26139731]
  RK45_ECI: r=[ 1293.07465257  4096.93229106 -6460.83467891], v=[-6.22312775 -2.28183392 -2.70245343]
Epoch 1495, t=2460388.4869095427:
  TLE_ECI: r=[-6380.82556552 -1547.79160209 -4054.52034203], v=[-2.41320304 -4.12330313  5.36916833]
  RK45_ECI: r=[ 1250.64854706  4082.62105318 -6478.28674463], v=[-6.22909767 -2.3074789  -2.6665541 ]
Epoch 1496, t=2460388.486984806:
  TLE_ECI: r=[-6449.92968293 -1673.92508714 -3891.88282778], v=[-2.24436875 -4.08250925  5.47275189]
  RK45_ECI: r=[ 1208.19105482  4068.12313131 -6495.5051524 ], v=[-6.2348198  -2.33304642 -2.63055916]
Epoch 1497, t=2460388.4870600696:
  TLE_ECI: r=[-6513.88299373 -1798.81616058 -3726.20179164], v=[-2.0738065  -4.03836529  5.5720659 ]
  RK45_ECI: r=[ 1165.70388741  4053.43901292 -6512.48928283], v=[-6.24029403 -2.35853531 -2.59446993]
Epoch 1498, t=2460388.487135333:
  TLE_ECI: r=[-6572.63631371 -1922.36234632 -3557.60650912], v=[-1.90165258 -3.99090353  5.66703157]
  RK45_ECI: r=[ 1123.18912629  4038.56934305 -6529.23836873], v=[-6.2455202  -2.38394423 -2.55828802]
Epoch 1499, t=2460388.487210596:
  TLE_ECI: r=[-6626.14462193 -2044.46213712 -3386.22856874], v=[-1.72804462 -3.94015906  5.75757347]
  RK45_ECI: r=[ 1080.64848499  4023.51463082 -6545.75181416], v=[-6.2504982  -2.40927201 -2.52201474]
Epoch 1500, t=2460388.4872858594:
  TLE_ECI: r=[-6674.36707424 -2165.01515717 -3212.20176968], v=[-1.55312141 -3.88616972  5.84361966]
  RK45_ECI: r=[ 1038.08306909  4008.27518049 -6562.0292591 ], v=[-6.25522802 -2.43451787 -2.48565088]
Epoch 1501, t=2460388.487361123:
  TLE_ECI: r=[-6717.26707217 -2283.92212959 -3035.66201715], v=[-1.37702286 -3.82897603  5.92510169]
  RK45_ECI: r=[  995.49516454  3992.85173568 -6578.06989035], v=[-6.25970951 -2.45968036 -2.44919825]
Epoch 1502, t=2460388.4874363863:
  TLE_ECI: r=[-6754.81227033 -2401.08503703 -2856.74721607], v=[-1.19988984 -3.76862123  6.00195469]
  RK45_ECI: r=[  952.88609153  3977.2446816  -6593.8732846 ], v=[-6.26394263 -2.48475855 -2.41265782]
Epoch 1503, t=2460388.4875116497:
  TLE_ECI: r=[-6786.97460892 -2516.40718479 -2675.59716282], v=[-1.0218641  -3.70515122  6.07411743]
  RK45_ECI: r=[  910.2579345   3961.45471184 -6609.43872815], v=[-6.2679273  -2.50975112 -2.37603125]
Epoch 1504, t=2460388.4875869127:
  TLE_ECI: r=[-6813.73034488 -2629.79326219 -2492.35343532], v=[-0.84308812 -3.63861453  6.14153237]
  RK45_ECI: r=[  867.61240777  3945.48237688 -6624.76566754], v=[-6.27166345 -2.53465691 -2.33931985]
Epoch 1505, t=2460388.487662176:
  TLE_ECI: r=[-6835.06004107 -2741.14950283 -2307.15928147], v=[-0.66370497 -3.56906229  6.20414573]
  RK45_ECI: r=[  824.95061635  3929.32800887 -6639.85376861], v=[-6.27515111 -2.55947516 -2.30252442]
Epoch 1506, t=2460388.4877374396:
  TLE_ECI: r=[-6850.9486278  -2850.3836443  -2120.15950597], v=[-0.48385827 -3.49654816  6.2619075 ]
  RK45_ECI: r=[  782.27484844  3912.99240411 -6654.70227753], v=[-6.27839018 -2.58420443 -2.26564679]
Epoch 1507, t=2460388.487812703:
  TLE_ECI: r=[-6861.38538552 -2957.4050859  -1931.50035578], v=[-0.30369201 -3.42112834  6.31477154]
  RK45_ECI: r=[  739.5864232   3896.47598065 -6669.31080258], v=[-6.28138068 -2.6088438  -2.22868794]
Epoch 1508, t=2460388.4878879664:
  TLE_ECI: r=[-6866.36396108 -3062.1249457  -1741.32940421], v=[-0.12335044 -3.34286149  6.36269556]
  RK45_ECI: r=[  696.88742608  3879.77948001 -6683.67868411], v=[-6.28412256 -2.63339197 -2.19164955]
Epoch 1509, t=2460388.4879632294:
  TLE_ECI: r=[-6865.88238228 -3164.4561159  -1549.79543373], v=[ 0.05702204 -3.2618087   6.40564123]
  RK45_ECI: r=[  654.1795705   3862.90349352 -6697.80541163], v=[-6.28661583 -2.65784781 -2.15453294]
Epoch 1510, t=2460388.488038493:
  TLE_ECI: r=[-6859.94302253 -3264.31341746 -1357.04831778], v=[ 0.23728104 -3.17803345  6.44357417]
  RK45_ECI: r=[  611.46395981  3845.84838096 -6711.69067713], v=[-6.28886054 -2.68221056 -2.11733892]
Epoch 1511, t=2460388.4881137563:
  TLE_ECI: r=[-6848.55265353 -3361.61355194 -1163.23890126], v=[ 0.41728224 -3.09160152  6.47646398]
  RK45_ECI: r=[  568.74288216  3828.61499056 -6725.33378678], v=[-6.29085665 -2.70647879 -2.08006934]
Epoch 1512, t=2460388.4881890197:
  TLE_ECI: r=[-6831.72240305 -3456.27525335  -968.51888044], v=[ 0.59688156 -3.00258097  6.5042843 ]
  RK45_ECI: r=[  526.01765439  3811.20377286 -6738.73438078], v=[-6.29260422 -2.73065161 -2.0427252 ]
Epoch 1513, t=2460388.488264283:
  TLE_ECI: r=[-6809.46775458 -3548.2193369   -773.04068181], v=[ 0.77593528 -2.9110421   6.52701281]
  RK45_ECI: r=[  483.29036087  3793.61551664 -6751.89185408], v=[-6.29410326 -2.75472774 -2.00530817]
Epoch 1514, t=2460388.488339546:
  TLE_ECI: r=[-6781.80854446 -3637.36874738  -576.95734032], v=[ 0.9543001  -2.81705735  6.54463126]
  RK45_ECI: r=[  440.56271252  3775.85085355 -6764.80573964], v=[-6.29535384 -2.77870606 -1.96781961]
Epoch 1515, t=2460388.4884148096:
  TLE_ECI: r=[-6748.76890252 -3723.64870464  -380.42237715], v=[ 1.1318334  -2.72070126  6.55712549]
  RK45_ECI: r=[  397.83580983  3757.91017065 -6777.47575579], v=[-6.29635602 -2.80258581 -1.93026033]
Epoch 1516, t=2460388.488490073:
  TLE_ECI: r=[-6710.37729472 -3806.98664794  -183.58967674], v=[ 1.30839319 -2.62205042  6.56448543]
  RK45_ECI: r=[  355.11193863  3739.79436738 -6789.90126936], v=[-6.29710984 -2.82636561 -1.89263219]
Epoch 1517, t=2460388.4885653364:
  TLE_ECI: r=[-6666.666457   -3887.31237787    13.3866363 ], v=[ 1.48383837 -2.52118337  6.56670513]
  RK45_ECI: r=[  312.39241236  3721.50392631 -6802.08195272], v=[-6.2976154  -2.85004457 -1.8549362 ]
Epoch 1518, t=2460388.4886405994:
  TLE_ECI: r=[-6617.67338889 -3964.55807787   210.35232059], v=[ 1.65802876 -2.41818059  6.56378276]
  RK45_ECI: r=[  269.67951503  3703.03976965 -6814.01720057], v=[-6.29787277 -2.87362131 -1.81717424]
Epoch 1519, t=2460388.488715863:
  TLE_ECI: r=[-6563.43927614 -4038.65844926   407.15314145], v=[ 1.83082528 -2.31312437  6.5557206 ]
  RK45_ECI: r=[  226.97434431  3684.40230822 -6825.70675595], v=[-6.29788205 -2.89709508 -1.77934712]
Epoch 1520, t=2460388.4887911263:
  TLE_ECI: r=[-6504.00952427 -4109.5506511    603.63499452], v=[ 2.00209004 -2.20609878  6.54252503]
  RK45_ECI: r=[  184.27860598  3665.59221657 -6837.15019751], v=[-6.29764335 -2.9204648  -1.7414562 ]
Epoch 1521, t=2460388.4888663897:
  TLE_ECI: r=[-6439.43367394 -4177.17443215   799.6440291 ], v=[ 2.17168646 -2.09718959  6.52420659]
  RK45_ECI: r=[  141.59437827  3646.61035768 -6848.34700868], v=[-6.29715677 -2.9437292  -1.7035032 ]
Epoch 1522, t=2460388.488941653:
  TLE_ECI: r=[-6369.76537022 -4241.4721628    995.02677131], v=[ 2.33947937 -1.98648418  6.50077986]
  RK45_ECI: r=[   98.92296962  3627.45724569 -6859.2968943 ], v=[-6.29642245 -2.96688743 -1.66548911]
Epoch 1523, t=2460388.489016916:
  TLE_ECI: r=[-6295.06232933 -4302.38886637  1189.63024694], v=[ 2.50533516 -1.8740715   6.47226354]
  RK45_ECI: r=[   56.26665865  3608.13385283 -6869.99931049], v=[-6.29544053 -2.98993812 -1.62741584]
Epoch 1524, t=2460388.4890921796:
  TLE_ECI: r=[-6215.38623916 -4359.8723403   1383.30210367], v=[ 2.66912187 -1.76004195  6.43868041]
  RK45_ECI: r=[   13.62653806  3588.64061649 -6880.45402709], v=[-6.29421113 -3.01288054 -1.5892842 ]
Epoch 1525, t=2460388.489167443:
  TLE_ECI: r=[-6130.80278191 -4413.87308954  1575.89073303], v=[ 2.83070931 -1.64448734  6.40005727]
  RK45_ECI: r=[  -28.99569232  3568.9782503  -6890.66066692], v=[-6.29273441 -3.03571362 -1.55109557]
Epoch 1526, t=2460388.4892427064:
  TLE_ECI: r=[-6041.38152809 -4464.34444377  1767.24539129], v=[ 2.98996914 -1.52750077  6.35642495]
  RK45_ECI: r=[  -71.59796075  3549.14766256 -6900.6187693 ], v=[-6.29101054 -3.05843613 -1.51285167]
Epoch 1527, t=2460388.48931797:
  TLE_ECI: r=[-5947.19589014 -4511.24257837  1957.21631978], v=[ 3.14677503 -1.40917661  6.30781829]
  RK45_ECI: r=[ -114.17896491  3529.14939855 -6910.32807179], v=[-6.28903968 -3.08104723 -1.4745535 ]
Epoch 1528, t=2460388.489393233:
  TLE_ECI: r=[-5848.32307314 -4554.52653525  2145.65486422], v=[ 3.30100271 -1.28961036  6.25427607]
  RK45_ECI: r=[ -156.73643397  3508.98447958 -6919.78809238], v=[-6.28682205 -3.10354557 -1.43620299]
Epoch 1529, t=2460388.4894684963:
  TLE_ECI: r=[-5744.8439561  -4594.15832689  2332.41359291], v=[ 3.45253012 -1.16889858  6.195841  ]
  RK45_ECI: r=[ -199.26947299  3488.65327382 -6928.99867056], v=[-6.28435778 -3.12593053 -1.39780077]
Epoch 1530, t=2460388.4895437597:
  TLE_ECI: r=[-5636.84310329 -4630.10286491  2517.34641403], v=[ 3.60123747 -1.04713884  6.13255969]
  RK45_ECI: r=[ -241.77581449  3468.15681952 -6937.95934567], v=[-6.28164712 -3.14820079 -1.35934878]
Epoch 1531, t=2460388.489619023:
  TLE_ECI: r=[-5524.40863978 -4662.32805966  2700.30869145], v=[ 3.74700737 -0.92442961  6.06448257]
  RK45_ECI: r=[ -284.2539704   3447.49578325 -6946.6698413 ], v=[-6.27869026 -3.17035541 -1.32084819]
Epoch 1532, t=2460388.4896942866:
  TLE_ECI: r=[-5407.63218993 -4690.80483062  2881.1573593 ], v=[ 3.88972488 -0.80087017  5.99166388]
  RK45_ECI: r=[ -326.70245422  3426.67083634 -6955.12988527], v=[-6.27548742 -3.19239347 -1.28230021]
Epoch 1533, t=2460388.4897695496:
  TLE_ECI: r=[-5286.60881432 -4715.50711544  3059.75103513], v=[ 4.02927768 -0.67656054  5.9141616 ]
  RK45_ECI: r=[ -369.11900513  3405.68304822 -6963.33905789], v=[-6.27203886 -3.21431367 -1.24370676]
Epoch 1534, t=2460388.489844813:
  TLE_ECI: r=[-5161.43687444 -4736.41195496  3235.9501313 ], v=[ 4.16555607 -0.55160138  5.83203739]
  RK45_ECI: r=[ -411.50273463  3384.53280944 -6971.29721988], v=[-6.26834477 -3.23611539 -1.2050685 ]
Epoch 1535, t=2460388.4899200764:
  TLE_ECI: r=[-5032.2180328  -4753.49941862  3409.61696515], v=[ 4.29845311 -0.42609393  5.74535658]
  RK45_ECI: r=[ -453.85138604  3363.22120604 -6979.00397305], v=[-6.26440543 -3.25779734 -1.16638734]
Epoch 1536, t=2460388.48999534:
  TLE_ECI: r=[-4899.05711271 -4766.75268483  3580.615867  ], v=[ 4.42786471 -0.30013988  5.65418804]
  RK45_ECI: r=[ -496.16348039  3341.74893815 -6986.45907994], v=[-6.26022109 -3.2793586  -1.12766451]
Epoch 1537, t=2460388.490070603:
  TLE_ECI: r=[-4762.06203837 -4776.15802554  3748.8132866 ], v=[ 4.55368966 -0.17384136  5.55860416]
  RK45_ECI: r=[ -538.43733966  3320.11681274 -6993.66227419], v=[-6.25579203 -3.30079816 -1.08890137]
Epoch 1538, t=2460388.4901458663:
  TLE_ECI: r=[-4621.34368884 -4781.70487456  3914.07789746], v=[ 4.67582978 -0.04730073  5.45868081]
  RK45_ECI: r=[ -580.67131725  3298.32563965 -7000.61329835], v=[-6.25111852 -3.32211507 -1.05009931]
Epoch 1539, t=2460388.4902211297:
  TLE_ECI: r=[-4477.01588969 -4783.38575159  4076.28069952], v=[4.79418991 0.07937937 5.3544972 ]
  RK45_ECI: r=[ -622.86393008  3276.37613818 -7007.31193497], v=[-6.24620081 -3.3433084  -1.01125955]
Epoch 1540, t=2460388.490296393:
  TLE_ECI: r=[-4329.19526252 -4781.19632609  4235.29511938], v=[4.90867807 0.20609619 5.24613588]
  RK45_ECI: r=[ -665.01313513  3254.26933894 -7013.75788177], v=[-6.24103926 -3.36437699 -0.97238382]
Epoch 1541, t=2460388.4903716566:
  TLE_ECI: r=[-4178.00114234 -4775.13540688  4390.99710859], v=[5.01920546 0.33274692 5.13368262]
  RK45_ECI: r=[ -707.1176542   3232.00587155 -7019.950969  ], v=[-6.23563412 -3.38532005 -0.93347317]
Epoch 1542, t=2460388.4904469196:
  TLE_ECI: r=[-4023.55549295 -4765.20493173  4543.26523975], v=[5.12568655 0.45922878 5.01722637]
  RK45_ECI: r=[ -749.1752501   3209.58688958 -7025.89088995], v=[-6.22998578 -3.40613632 -0.89452953]
Epoch 1543, t=2460388.490522183:
  TLE_ECI: r=[-3865.9827504  -4751.41001404  4691.98080009], v=[5.22803915 0.58543916 4.89685915]
  RK45_ECI: r=[ -791.18485828  3187.01292748 -7031.57751783], v=[-6.22409449 -3.42682512 -0.85555374]
Epoch 1544, t=2460388.4905974464:
  TLE_ECI: r=[-3705.40980457 -4733.75886672  4837.02788308], v=[5.32618445 0.71127561 4.772676  ]
  RK45_ECI: r=[ -833.14481696  3164.28484099 -7037.01064593], v=[-6.21796059 -3.44738548 -0.81654719]
Epoch 1545, t=2460388.49067271:
  TLE_ECI: r=[-3541.9658395  -4712.26284431  4978.29347725], v=[5.42004711 0.83663598 4.64477487]
  RK45_ECI: r=[ -875.05309712  3141.40370262 -7042.19002914], v=[-6.21158447 -3.46781625 -0.77751166]
Epoch 1546, t=2460388.4907479733:
  TLE_ECI: r=[-3375.7822413  -4686.93642218  5115.66755278], v=[5.50955525 0.9614185  4.51325658]
  RK45_ECI: r=[ -916.90843149  3118.37017103 -7047.11553108], v=[-6.20496643 -3.48811667 -0.73844815]
Epoch 1547, t=2460388.4908232363:
  TLE_ECI: r=[-3206.99250464 -4657.79717566  5249.04314548], v=[5.59464058 1.08552183 4.37822468]
  RK45_ECI: r=[ -958.70859926  3095.18544496 -7051.78690822], v=[-6.19810692 -3.50828551 -0.69935864]
Epoch 1548, t=2460388.4908984997:
  TLE_ECI: r=[-3035.73206984 -4624.86580417  5378.31643808], v=[5.67523837 1.20884522 4.2397854 ]
  RK45_ECI: r=[-1000.45254564  3071.85008325 -7056.20406127], v=[-6.19100621 -3.5283221  -0.66024394]
Epoch 1549, t=2460388.490973763:
  TLE_ECI: r=[-2862.13829482 -4588.1660569   5503.38683918], v=[5.75128754 1.33128849 4.09804754]
  RK45_ECI: r=[-1042.13862274  3048.36497724 -7060.3668289 ], v=[-6.1836647  -3.54822549 -0.62110548]
Epoch 1550, t=2460388.4910490266:
  TLE_ECI: r=[-2686.35028925 -4547.72475319  5624.15705927], v=[5.82273068 1.45275216 3.95312241]
  RK45_ECI: r=[-1083.7648177   3024.73124025 -7064.27502333], v=[-6.17608283 -3.56799458 -0.58194501]
Epoch 1551, t=2460388.4911242896:
  TLE_ECI: r=[-2508.50882916 -4503.57174393  5740.53318412], v=[5.8895141  1.57313752 3.80512372]
  RK45_ECI: r=[-1125.32949022  3000.94978156 -7067.92850858], v=[-6.16826101 -3.58762844 -0.54276394]
Epoch 1552, t=2460388.491199553:
  TLE_ECI: r=[-2328.75619073 -4455.73991808  5852.42474538], v=[5.95158785 1.69234676 3.65416747]
  RK45_ECI: r=[-1166.83159354  2977.02117734 -7071.32720383], v=[-6.16019954 -3.60712639 -0.50356311]
Epoch 1553, t=2460388.4912748164:
  TLE_ECI: r=[-2147.23611572 -4404.26513062  5959.7447885 ], v=[6.00890574 1.81028295 3.5003719 ]
  RK45_ECI: r=[-1208.26892806  2952.94667697 -7074.47093805], v=[-6.15189894 -3.62648728 -0.46434447]
Epoch 1554, t=2460388.49135008:
  TLE_ECI: r=[-1964.09364315 -4349.18620543  6062.40993776], v=[6.06142541 1.92685018 3.34385734]
  RK45_ECI: r=[-1249.64024664  2928.72698421 -7077.35962852], v=[-6.14335957 -3.64571033 -0.42510906]
Epoch 1555, t=2460388.4914253433:
  TLE_ECI: r=[-1779.47500686 -4290.54489667  6160.34045836], v=[6.10910831 2.04195361 3.18474617]
  RK45_ECI: r=[-1290.94355448  2904.36325223 -7079.99314495], v=[-6.13458194 -3.6647945  -0.38585866]
Epoch 1556, t=2460388.4915006063:
  TLE_ECI: r=[-1593.52753142 -4228.38585116  6253.46031582], v=[6.15191974 2.15549956 3.02316269]
  RK45_ECI: r=[-1332.17722763  2879.8564245  -7082.37139695], v=[-6.1255665  -3.68373885 -0.34659465]
Epoch 1557, t=2460388.4915758697:
  TLE_ECI: r=[-1406.39946522 -4162.75659268  6341.6972322 ], v=[6.18982884 2.26739558 2.85923303]
  RK45_ECI: r=[-1373.34023102  2855.20710066 -7084.49433131], v=[-6.11631358 -3.70254276 -0.3073179 ]
Epoch 1558, t=2460388.491651133:
  TLE_ECI: r=[-1218.23993801 -4093.70745459  6424.98273978], v=[6.22280868 2.37755052 2.69308505]
  RK45_ECI: r=[-1414.43038583  2830.4165728  -7086.36184056], v=[-6.10682376 -3.72120508 -0.26803037]
Epoch 1559, t=2460388.4917263966:
  TLE_ECI: r=[-1029.19879287 -4021.29156089  6503.2522314 ], v=[6.25083618 2.48587457 2.52484825]
  RK45_ECI: r=[-1455.44645907  2805.48557204 -7087.97387561], v=[-6.09709745 -3.73972508 -0.22873307]
Epoch 1560, t=2460388.49180166:
  TLE_ECI: r=[ -839.42648039 -3945.5647793   6576.44500806], v=[6.27389218 2.59227936 2.35465366]
  RK45_ECI: r=[-1496.38647588  2780.41529022 -7089.33036379], v=[-6.08713519 -3.75810172 -0.1894278 ]
Epoch 1561, t=2460388.491876923:
  TLE_ECI: r=[ -649.0739516  -3866.58567564  6644.50432347], v=[6.29196143 2.69667802 2.18263376]
  RK45_ECI: r=[-1537.24883035  2755.20670413 -7090.43126033], v=[-6.0769375  -3.77633411 -0.15011594]
Epoch 1562, t=2460388.4919521865:
  TLE_ECI: r=[ -458.29249392 -3784.41547631  6707.37742556], v=[6.30503258 2.79898527 2.00892234]
  RK45_ECI: r=[-1578.03249997  2729.86043631 -7091.27653972], v=[-6.06650473 -3.79442164 -0.11079837]
Epoch 1563, t=2460388.49202745:
  TLE_ECI: r=[ -267.2336811  -3699.11800722  6765.01559509], v=[6.3130982  2.89911744 1.83365445]
  RK45_ECI: r=[-1618.73532885  2704.37782034 -7091.8661581 ], v=[-6.05583752 -3.8123632  -0.07147702]
Epoch 1564, t=2460388.4921027133:
  TLE_ECI: r=[  -76.04920861 -3610.75965351  6817.37418113], v=[6.31615479 2.99699254 1.65696625]
  RK45_ECI: r=[-1659.35609939  2678.75961392 -7092.20010009], v=[-6.04493631 -3.83015807 -0.03215295]
Epoch 1565, t=2460388.4921779768:
  TLE_ECI: r=[  115.10921339 -3519.40930532  6864.41263354], v=[6.31420272 3.09253035 1.47899495]
  RK45_ECI: r=[-1699.89285864  2653.00704647 -7092.27835066], v=[-6.03380171 -3.84780527  0.00717208]
Epoch 1566, t=2460388.4922532397:
  TLE_ECI: r=[  306.08996821 -3425.13830511  6906.09453242], v=[6.30724632 3.18565245 1.29987868]
  RK45_ECI: r=[-1740.34402012  2627.12112716 -7092.10091077], v=[-6.02243427 -3.86530392  0.04649665]
Epoch 1567, t=2460388.492328503:
  TLE_ECI: r=[  496.74169142 -3328.02038935  6942.38761442], v=[6.29529374 3.27628234 1.1197564 ]
  RK45_ECI: r=[-1780.70857498  2601.10250082 -7091.66778254], v=[-6.01083438 -3.88265342  0.08581993]
Epoch 1568, t=2460388.4924037666:
  TLE_ECI: r=[  686.91332729 -3228.13163478  6973.2637962 ], v=[6.27835708 3.36434541 0.9387678 ]
  RK45_ECI: r=[-1820.98439238  2574.9525412  -7090.97898585], v=[-5.99900273 -3.89985272  0.12513995]
Epoch 1569, t=2460388.49247903:
  TLE_ECI: r=[  876.45428725 -3125.5503976   6998.69919459], v=[6.25645226 3.44976904 0.75705321]
  RK45_ECI: r=[-1861.1702712   2548.67203192 -7090.03453896], v=[-5.98693981 -3.9169011   0.16445567]
Epoch 1570, t=2460388.492554293:
  TLE_ECI: r=[ 1065.2145476  -3020.3572562   7018.67414386], v=[6.22959909 3.53248265 0.57475344]
  RK45_ECI: r=[-1901.26409257  2522.26236434 -7088.8344908 ], v=[-5.97464633 -3.93379755  0.20376513]
Epoch 1571, t=2460388.4926295565:
  TLE_ECI: r=[ 1253.04480148 -2912.63493693  7033.17320973], v=[6.19782119 3.6124178  0.39200977]
  RK45_ECI: r=[-1941.26486022  2495.72420229 -7087.37886928], v=[-5.96212271 -3.95054145  0.24306749]
Epoch 1572, t=2460388.49270482:
  TLE_ECI: r=[ 1439.79652076 -2802.46826676  7042.18520057], v=[6.16114598 3.68950816 0.20896375]
  RK45_ECI: r=[-1981.17101082  2469.05858894 -7085.66772293], v=[-5.94936955 -3.96713199  0.28236134]
Epoch 1573, t=2460388.4927800833:
  TLE_ECI: r=[ 1625.32210687 -2689.94409721  7045.70317527], v=[6.1196047  3.7636896  0.02575719]
  RK45_ECI: r=[-2020.98063016  2442.26681143 -7083.70112905], v=[-5.93638754 -3.98356823  0.3216449 ]
Epoch 1574, t=2460388.4928553468:
  TLE_ECI: r=[ 1809.47499646 -2575.15123937  7043.7244482 ], v=[ 6.07323235  3.83490026 -0.15746803]
  RK45_ECI: r=[-2060.69253495  2415.34967845 -7081.47913958], v=[-5.9231772  -3.99984948  0.36091714]
Epoch 1575, t=2460388.4929306097:
  TLE_ECI: r=[ 1992.1097672  -2458.18040106  7036.250591  ], v=[ 6.02206764  3.90308055 -0.34056999]
  RK45_ECI: r=[-2100.30463427  2388.3086196  -7079.0018671 ], v=[-5.9097393  -4.01597475  0.40017611]
Epoch 1576, t=2460388.493005873:
  TLE_ECI: r=[ 2173.08227959 -2339.124094    7023.28743129], v=[ 5.966153    3.96817329 -0.52340687]
  RK45_ECI: r=[-2139.81594742  2361.14431977 -7076.26936717], v=[-5.89607429 -4.03194347  0.43942094]
Epoch 1577, t=2460388.4930811366:
  TLE_ECI: r=[ 2352.24974406 -2218.07659531  7004.84504843], v=[ 5.90553453  4.03012361 -0.70583707]
  RK45_ECI: r=[-2179.2249335   2333.85785256 -7073.28173397], v=[-5.88218281 -4.04775484  0.47865025]
Epoch 1578, t=2460388.4931564:
  TLE_ECI: r=[ 2529.47086147 -2095.13385275  6980.93776607], v=[ 5.84026197  4.08887912 -0.88771924]
  RK45_ECI: r=[-2218.5297053   2306.45053937 -7070.0391024 ], v=[-5.86806563 -4.06340795  0.51786226]
Epoch 1579, t=2460388.4932316635:
  TLE_ECI: r=[ 2704.60592475 -1970.39341576  6951.58414162], v=[ 5.77038867  4.1443899  -1.06891248]
  RK45_ECI: r=[-2257.72909824  2278.92321327 -7066.54155804], v=[-5.85372325 -4.07890216  0.55705594]
Epoch 1580, t=2460388.4933069265:
  TLE_ECI: r=[ 2877.51692167 -1843.95436815  6916.80695279], v=[ 5.69597152  4.19660852 -1.24927636]
  RK45_ECI: r=[-2296.8210514   2251.27734077 -7062.789277  ], v=[-5.83915655 -4.0942365   0.59622933]
Epoch 1581, t=2460388.49338219:
  TLE_ECI: r=[ 3048.06766383 -1715.91721789  6876.63318087], v=[ 5.61707093  4.24549016 -1.42867107]
  RK45_ECI: r=[-2335.80460053  2223.51362713 -7058.78234248], v=[-5.82436598 -4.10941043  0.63538158]
Epoch 1582, t=2460388.4934574533:
  TLE_ECI: r=[ 3216.12385857 -1586.38386807  6831.09399116], v=[ 5.53375079  4.29099257 -1.6069575 ]
  RK45_ECI: r=[-2374.67822893  2195.63317521 -7054.5208942 ], v=[-5.80935224 -4.12442317  0.6745113 ]
Epoch 1583, t=2460388.4935327168:
  TLE_ECI: r=[ 3381.55323595 -1455.45750534  6780.22471014], v=[ 5.44607843  4.3330761  -1.78399735]
  RK45_ECI: r=[-2413.44007788  2167.63733953 -7050.00512457], v=[-5.79411612 -4.13927386  0.71361672]
Epoch 1584, t=2460388.49360798:
  TLE_ECI: r=[ 3544.22564565 -1323.2425275   6724.06479973], v=[ 5.35412456  4.37170381 -1.95965324]
  RK45_ECI: r=[-2452.08900277  2139.52697671 -7045.23515271], v=[-5.7786582  -4.15396187  0.7526968 ]
Epoch 1585, t=2460388.493683243:
  TLE_ECI: r=[ 3704.01315473 -1189.84447278  6662.65782846], v=[ 5.2579632   4.40684141 -2.13378879]
  RK45_ECI: r=[-2490.62297476  2111.30358863 -7040.21121815], v=[-5.76297938 -4.16848629  0.79174961]
Epoch 1586, t=2460388.4937585066:
  TLE_ECI: r=[ 3860.79016154 -1055.36989446  6596.05143953], v=[ 5.15767164  4.43845742 -2.30626873]
  RK45_ECI: r=[-2529.04122226  2082.96777265 -7034.93340625], v=[-5.7470801  -4.18284664  0.83077448]
Epoch 1587, t=2460388.49383377:
  TLE_ECI: r=[4014.43347149 -919.92634117 6524.29731603], v=[ 5.05333042  4.46652303 -2.47695903]
  RK45_ECI: r=[-2567.34172805  2054.52104279 -7029.40197828], v=[-5.73096127 -4.19704202  0.86976945]
Epoch 1588, t=2460388.4939090335:
  TLE_ECI: r=[4164.82240839 -783.62223042 6447.45114291], v=[ 4.94502322  4.49101226 -2.64572693]
  RK45_ECI: r=[-2605.52318989  2025.96440237 -7023.61710787], v=[-5.71462356 -4.21107176  0.90873333]
Epoch 1589, t=2460388.4939842965:
  TLE_ECI: r=[4311.83890304 -646.56678649 6365.57256613], v=[ 4.83283685  4.51190193 -2.81244113]
  RK45_ECI: r=[-2643.58412916  1997.29899503 -7017.57900192], v=[-5.69806771 -4.22493515  0.94766472]
Epoch 1590, t=2460388.49405956:
  TLE_ECI: r=[4455.36759372 -508.86990427 6278.7251487 ], v=[ 4.71686111  4.52917173 -2.97697181]
  RK45_ECI: r=[-2681.5230902   1968.52594658 -7011.28787633], v=[-5.68129445 -4.23863151  0.98656223]
Epoch 1591, t=2460388.4941348233:
  TLE_ECI: r=[4595.29590405 -370.64213721 6186.97632385], v=[ 4.59718881  4.54280417 -3.13919077]
  RK45_ECI: r=[-2719.33877787  1939.64628135 -7004.74392481], v=[-5.66430447 -4.25216018  1.02542464]
Epoch 1592, t=2460388.4942100868:
  TLE_ECI: r=[4731.5141404  -231.99456028 6090.39734514], v=[ 4.47391566  4.55278465 -3.29897154]
  RK45_ECI: r=[-2757.02938936  1910.66141002 -6997.94744276], v=[-5.64709866 -4.26552036  1.06425021]
Epoch 1593, t=2460388.49428535:
  TLE_ECI: r=[4863.91557593  -93.03869446 5989.06323368], v=[ 4.34714021  4.55910147 -3.45618944]
  RK45_ECI: r=[-2794.5938188   1881.57222945 -6990.89860948], v=[-5.62967766 -4.27871149  1.1030379 ]
Epoch 1594, t=2460388.494360613:
  TLE_ECI: r=[4992.396535     46.11356726 5883.0527224 ], v=[ 4.21696379  4.56174583 -3.61072169]
  RK45_ECI: r=[-2832.0300998   1852.38030153 -6983.59777803], v=[-5.61204247 -4.29173271  1.14178579]
Epoch 1595, t=2460388.4944358766:
  TLE_ECI: r=[5116.85647505  185.35010736 5772.44819749], v=[ 4.08349037  4.5607119  -3.76244752]
  RK45_ECI: r=[-2869.33731891  1823.08638504 -6976.0451085 ], v=[-5.59419364 -4.30458354  1.18049304]
Epoch 1596, t=2460388.49451114:
  TLE_ECI: r=[5237.1980659   324.55858651 5657.3356369 ], v=[ 3.94682659  4.55599676 -3.91124827]
  RK45_ECI: r=[-2906.51403477  1793.69165889 -6968.24086745], v=[-5.57613196 -4.31726329  1.21915826]
Epoch 1597, t=2460388.4945864035:
  TLE_ECI: r=[5353.32726776  463.62659083 5537.80454598], v=[ 3.80708161  4.54760043 -4.05700745]
  RK45_ECI: r=[-2943.55847803  1764.19756316 -6960.1854072 ], v=[-5.55785839 -4.32977122  1.2577797 ]
Epoch 1598, t=2460388.494661667:
  TLE_ECI: r=[5465.15340584  602.44170809 5413.94789041], v=[ 3.66436702  4.53552591 -4.19961087]
  RK45_ECI: r=[-2980.46956584  1734.60501577 -6951.87894026], v=[-5.53937357 -4.34210676  1.29635635]
Epoch 1599, t=2460388.49473693:
  TLE_ECI: r=[5572.5892449   740.89160159 5285.8620262 ], v=[ 3.51879684  4.51977915 -4.3389467 ]
  RK45_ECI: r=[-3017.24536925  1704.91560975 -6943.32188237], v=[-5.52067859 -4.35426913  1.33488628]
Epoch 1600, t=2460388.4948121933:
  TLE_ECI: r=[5675.55105075  878.86416568 5153.64662712], v=[ 3.37048729  4.50036908 -4.47490559]
  RK45_ECI: r=[-3053.88499454  1675.1301217  -6934.51442086], v=[-5.501774   -4.36625786  1.37336865]
Epoch 1601, t=2460388.4948874568:
  TLE_ECI: r=[5773.95866922 1016.24751994 5017.40460921], v=[ 3.21955686  4.4773076  -4.60738074]
  RK45_ECI: r=[-3090.38703     1645.24975546 -6925.4568672 ], v=[-5.48266065 -4.37807229  1.4118021 ]
Epoch 1602, t=2460388.49496272:
  TLE_ECI: r=[5867.73558307 1152.93016377 4877.24205283], v=[ 3.06612611  4.45060955 -4.73626802]
  RK45_ECI: r=[-3126.74974146  1615.27597896 -6916.14963033], v=[-5.46333952 -4.38971173  1.45018488]
Epoch 1603, t=2460388.4950379836:
  TLE_ECI: r=[5956.80897542 1288.80105122 4733.26812195], v=[ 2.91031764  4.42029277 -4.86146599]
  RK45_ECI: r=[-3162.97207007  1585.20973042 -6906.59295576], v=[-5.44381133 -4.40117563  1.48851598]
Epoch 1604, t=2460388.4951132466:
  TLE_ECI: r=[6041.10979268 1423.74966409 4585.59498091], v=[ 2.75225595  4.38637801 -4.98287605]
  RK45_ECI: r=[-3199.05212615  1555.0526324  -6896.7873216 ], v=[-5.42407717 -4.41246326  1.52679349]
Epoch 1605, t=2460388.49518851:
  TLE_ECI: r=[6120.57278415 1557.66617228 4434.33770868], v=[ 2.59206736  4.34888902 -5.10040252]
  RK45_ECI: r=[-3234.98903669  1524.80547845 -6886.73294223], v=[-5.40413764 -4.42357416  1.56501658]
Epoch 1606, t=2460388.4952637735:
  TLE_ECI: r=[6195.13657877 1690.44141887 4279.61421058], v=[ 2.42987992  4.30785245 -5.21395266]
  RK45_ECI: r=[-3270.78142086  1494.46949627 -6876.4301738 ], v=[-5.38399363 -4.43450773  1.60318388]
Epoch 1607, t=2460388.495339037:
  TLE_ECI: r=[6264.7437194  1821.96707984 4121.54512767], v=[ 2.26582331  4.26329788 -5.32343682]
  RK45_ECI: r=[-3306.42758135  1464.04618015 -6865.87948146], v=[-5.36364618 -4.4452633   1.64129366]
Epoch 1608, t=2460388.4954143:
  TLE_ECI: r=[6329.34071919 1952.13571707 3960.25374372], v=[ 2.10002874  4.21525779 -5.42876848]
  RK45_ECI: r=[-3341.92615408  1433.5367693  -6855.08124612], v=[-5.34309619 -4.45584027  1.67934456]
Epoch 1609, t=2460388.4954895633:
  TLE_ECI: r=[6388.87808263 2080.84094126 3795.86588996], v=[ 1.9326288   4.16376756 -5.52986433]
  RK45_ECI: r=[-3377.27628131  1402.94206921 -6844.03570022], v=[-5.32234428 -4.46623821  1.71733577]
Epoch 1610, t=2460388.4955648268:
  TLE_ECI: r=[6443.31037918 2207.97738934 3628.50984751], v=[ 1.76375744  4.10886542 -5.62664436]
  RK45_ECI: r=[-3412.47612066  1372.26373466 -6832.74339263], v=[-5.30139162 -4.47645643  1.75526536]
Epoch 1611, t=2460388.49564009:
  TLE_ECI: r=[6492.59625867 2333.44088553 3458.31624775], v=[ 1.59354976  4.05059244 -5.7190319 ]
  RK45_ECI: r=[-3447.52465385  1341.50273421 -6821.20462129], v=[-5.28023894 -4.48649445  1.79313236]
Epoch 1612, t=2460388.4957153536:
  TLE_ECI: r=[6536.69849053 2457.12850969 3285.41797057], v=[ 1.422142    3.9889925  -5.80695372]
  RK45_ECI: r=[-3482.42022204  1310.66058714 -6809.41990725], v=[-5.25888735 -4.49635164  1.83093503]
Epoch 1613, t=2460388.4957906166:
  TLE_ECI: r=[6575.58400186 2578.93866388 3109.95004062], v=[ 1.24967137  3.92411226 -5.89034007]
  RK45_ECI: r=[-3517.16149408  1279.73855454 -6797.38967553], v=[-5.23733777 -4.50602744  1.86867205]
Epoch 1614, t=2460388.49586588:
  TLE_ECI: r=[6609.22387465 2698.77123424 2932.04952173], v=[ 1.07627591  3.85600115 -5.96912476]
  RK45_ECI: r=[-3551.74763436  1248.73745751 -6785.11418539], v=[-5.21559086 -4.51552145  1.90634257]
Epoch 1615, t=2460388.4959411435:
  TLE_ECI: r=[6637.59341382 2816.52755966 2751.85540932], v=[ 0.90209447  3.78471128 -6.0432452 ]
  RK45_ECI: r=[-3586.17684353  1217.65897692 -6772.59404706], v=[-5.19364782 -4.52483303  1.94394472]
Epoch 1616, t=2460388.496016407:
  TLE_ECI: r=[6660.67213827 2932.11059126 2569.50852119], v=[ 0.72726652  3.71029746 -6.11264248]
  RK45_ECI: r=[-3620.44812997  1186.5040991  -6759.82959094], v=[-5.17150943 -4.5339617   1.98147751]
Epoch 1617, t=2460388.4960916704:
  TLE_ECI: r=[6678.44380479 3045.42495493 2385.15138667], v=[ 0.55193205  3.63281712 -6.17726142]
  RK45_ECI: r=[-3654.55987486  1155.27436674 -6746.82139349], v=[-5.14917683 -4.5429069   2.01893924]
Epoch 1618, t=2460388.4961669333:
  TLE_ECI: r=[6690.89643061 3156.37701206 2198.9281341 ], v=[ 0.37623148  3.55233027 -6.23705061]
  RK45_ECI: r=[-3688.5107813   1123.97106157 -6733.56992352], v=[-5.126651   -4.5516681   2.05632857]
Epoch 1619, t=2460388.4962421968:
  TLE_ECI: r=[6698.0222663  3264.87501702 2010.98437702], v=[ 0.20030549  3.4688995  -6.29196244]
  RK45_ECI: r=[-3722.30003656  1092.59501949 -6720.07546688], v=[-5.10393258 -4.56024493  2.09364468]
Epoch 1620, t=2460388.49631746:
  TLE_ECI: r=[6699.81785652 3370.82907715 1821.46709873], v=[ 0.02429496  3.38258987 -6.34195318]
  RK45_ECI: r=[-3755.92588608  1061.14794582 -6706.33869462], v=[-5.08102287 -4.56863677  2.13088572]
Epoch 1621, t=2460388.4963927236:
  TLE_ECI: r=[6696.28400638 3474.1513074  1630.52453585], v=[-0.15165917  3.29346887 -6.38698302]
  RK45_ECI: r=[-3789.3873658   1029.63084363 -6692.35996935], v=[-5.05792265 -4.57684321  2.16805069]
Epoch 1622, t=2460388.496467987:
  TLE_ECI: r=[6687.42578929 3574.75588525 1438.30606054], v=[-0.32741606  3.20160642 -6.42701607]
  RK45_ECI: r=[-3822.68289853   998.04527739 -6678.13992241], v=[-5.03463311 -4.58486372  2.20513792]
Epoch 1623, t=2460388.49654325:
  TLE_ECI: r=[6673.25255336 3672.5591036  1244.96206172], v=[-0.502835    3.10707475 -6.46202042]
  RK45_ECI: r=[-3855.8112228    966.39254837 -6663.67906605], v=[-5.01115525 -4.59269779  2.24214607]
Epoch 1624, t=2460388.4966185135:
  TLE_ECI: r=[6653.77786979 3767.47952105 1050.64382545], v=[-0.67777563  3.00994835 -6.49196818]
  RK45_ECI: r=[-3888.77154956   934.67350635 -6648.97771241], v=[-4.98748978 -4.60034509  2.27907434]
Epoch 1625, t=2460388.496693777:
  TLE_ECI: r=[6629.01958509 3859.43791328  855.50341421], v=[-0.85209799  2.91030397 -6.51683548]
  RK45_ECI: r=[-3921.56217069   902.88987927 -6634.03659286], v=[-4.96363799 -4.60780506  2.31592089]
Epoch 1626, t=2460388.4967690404:
  TLE_ECI: r=[6598.99976329 3948.3574189   659.69354571], v=[-1.02566266  2.80822047 -6.53660249]
  RK45_ECI: r=[-3954.18215066   871.04268607 -6618.85610185], v=[-4.93960073 -4.6150773   2.35268474]
Epoch 1627, t=2460388.4968443033:
  TLE_ECI: r=[6563.74468911 4034.16356637  463.36747093], v=[-1.19833085  2.70377882 -6.55125348]
  RK45_ECI: r=[-3986.62980286   839.13366425 -6603.43699805], v=[-4.91537933 -4.62216128  2.38936405]
Epoch 1628, t=2460388.4969195668:
  TLE_ECI: r=[6523.28479822 4116.78441459  266.67885182], v=[-1.36996462  2.59706199 -6.5607768 ]
  RK45_ECI: r=[-4018.90435991   807.1636749  -6587.77961785], v=[-4.89097449 -4.62905667  2.42595803]
Epoch 1629, t=2460388.49699483:
  TLE_ECI: r=[6477.65472126 4196.15049857   69.78163836], v=[-1.54042685  2.48815492 -6.56516488]
  RK45_ECI: r=[-4051.00459981   775.1340391  -6571.8845183 ], v=[-4.86638726 -4.63576303  2.46246536]
Epoch 1630, t=2460388.4970700936:
  TLE_ECI: r=[6426.89320744 4272.19496617 -127.17005441], v=[-1.70958146  2.37714442 -6.56441428]
  RK45_ECI: r=[-4082.92901493   743.04635308 -6555.75241746], v=[-4.84161891 -4.6422799   2.49888439]
Epoch 1631, t=2460388.497145357:
  TLE_ECI: r=[6371.04310292 4344.85361584 -324.02206959], v=[-1.87729351  2.26411909 -6.55852565]
  RK45_ECI: r=[-4114.67669917   710.90165047 -6539.38374134], v=[-4.81667027 -4.6486069   2.53521414]
Epoch 1632, t=2460388.49722062:
  TLE_ECI: r=[6310.15132688 4414.06493313 -520.62033175], v=[-2.04342926  2.14916929 -6.54750376]
  RK45_ECI: r=[-4146.24601467   678.70168896 -6522.77930792], v=[-4.79154274 -4.65474356  2.57145283]
Epoch 1633, t=2460388.4972958835:
  TLE_ECI: r=[6244.26877985 4479.77021745 -716.81096993], v=[-2.20785637  2.03238698 -6.53135748]
  RK45_ECI: r=[-4177.6362192    646.44734196 -6505.93947946], v=[-4.76623704 -4.66068957  2.60759964]
Epoch 1634, t=2460388.497371147:
  TLE_ECI: r=[6173.45037709 4541.91352082 -912.4404408 ], v=[-2.37044393  1.91386576 -6.51009976]
  RK45_ECI: r=[-4208.8461286    614.13994721 -6488.86485544], v=[-4.74075425 -4.66644452  2.64365328]
Epoch 1635, t=2460388.4974464104:
  TLE_ECI: r=[ 6097.75495054  4600.44177021 -1107.35565121], v=[-2.53106263  1.79370066 -6.48374766]
  RK45_ECI: r=[-4239.87428067   581.78111869 -6471.55620734], v=[-4.71509568 -4.67200801  2.67961211]
Epoch 1636, t=2460388.497521674:
  TLE_ECI: r=[ 6017.24521112  4655.30479453 -1301.40408042], v=[-2.68958482  1.67198816 -6.45232228]
  RK45_ECI: r=[-4270.71979955   549.37190364 -6454.01399237], v=[-4.68926219 -4.67737968  2.7154752 ]
Epoch 1637, t=2460388.4975969368:
  TLE_ECI: r=[ 5931.98770937  4706.45534968 -1494.43390181], v=[-2.84588465  1.54882608 -6.41584878]
  RK45_ECI: r=[-4301.38109776   516.91407826 -6436.23908713], v=[-4.66325523 -4.68255912  2.75124073]
Epoch 1638, t=2460388.4976722:
  TLE_ECI: r=[ 5842.05272323  4753.84922944 -1686.29410377], v=[-2.99983819  1.42431343 -6.37435634]
  RK45_ECI: r=[-4331.85760032   484.40838427 -6418.23179436], v=[-4.63707541 -4.68754606  2.7869081 ]
Epoch 1639, t=2460388.4977474636:
  TLE_ECI: r=[ 5747.51428095  4797.44519764 -1876.83461016], v=[-3.15132348  1.29855042 -6.32787813]
  RK45_ECI: r=[-4362.14773762   451.8566039  -6399.99301065], v=[-4.61072421 -4.69234009  2.82247553]
Epoch 1640, t=2460388.497822727:
  TLE_ECI: r=[ 5648.45004318  4837.20509407 -2065.90639951], v=[-3.30022065  1.17163834 -6.27645128]
  RK45_ECI: r=[-4392.25051872   419.25993798 -6381.52330509], v=[-4.58420261 -4.69694088  2.8579419 ]
Epoch 1641, t=2460388.49789799:
  TLE_ECI: r=[ 5544.94126524  4873.0938329  -2253.36162348], v=[-3.44641206  1.04367946 -6.22011686]
  RK45_ECI: r=[-4422.16481717   386.61974607 -6362.823339  ], v=[-4.55751176 -4.70134808  2.89330594]
Epoch 1642, t=2460388.4979732535:
  TLE_ECI: r=[ 5437.07267085  4905.07949854 -2439.053724  ], v=[-3.58978235  0.91477692 -6.15891983]
  RK45_ECI: r=[-4451.88951794   353.93735149 -6343.89378202], v=[-4.53065275 -4.7055614   2.92856637]
Epoch 1643, t=2460388.498048517:
  TLE_ECI: r=[ 5324.93246622  4933.1332739  -2622.83754955], v=[-3.73021854  0.78503471 -6.09290897]
  RK45_ECI: r=[-4481.42364785   321.21397523 -6324.73522154], v=[-4.50362662 -4.70958051  2.96372211]
Epoch 1644, t=2460388.4981237804:
  TLE_ECI: r=[ 5208.61220859  4957.2295313  -2804.56946975], v=[-3.86761013  0.65455752 -6.02213691]
  RK45_ECI: r=[-4510.7658298    288.45125899 -6305.3485235 ], v=[-4.47643472 -4.71340509  2.99877154]
Epoch 1645, t=2460388.498199044:
  TLE_ECI: r=[ 5088.20674322  4977.34583773 -2984.10748881], v=[-4.00184919  0.52345069 -5.94665998]
  RK45_ECI: r=[-4539.91510876   255.65041607 -6285.73429279], v=[-4.44907811 -4.71703484  3.03371358]
Epoch 1646, t=2460388.4982743068:
  TLE_ECI: r=[ 4963.81413829  4993.46295952 -3161.31135737], v=[-4.13283044  0.3918201  -5.86653827]
  RK45_ECI: r=[-4568.87039889   222.81281918 -6265.89323193], v=[-4.42155793 -4.72046945  3.06854698]
Epoch 1647, t=2460388.49834957:
  TLE_ECI: r=[ 4835.53554402  5005.5649375  -3336.04268264], v=[-4.26045134  0.25977207 -5.78183547]
  RK45_ECI: r=[-4597.63062454   189.93980346 -6245.82605153], v=[-4.39387532 -4.72370867  3.10327047]
Epoch 1648, t=2460388.4984248336:
  TLE_ECI: r=[ 4703.47519567  5013.63901217 -3508.16503717], v=[-4.38461214  0.12741329 -5.69261888]
  RK45_ECI: r=[-4626.19484937   157.03260204 -6225.53337461], v=[-4.36603133 -4.7267522   3.13788297]
Epoch 1649, t=2460388.498500097:
  TLE_ECI: r=[ 4567.74026804  5017.67569407 -3677.54406549], v=[-4.50521602e+00 -5.14926552e-03 -5.59895933e+00]
  RK45_ECI: r=[-4654.5617454    124.09286978 -6205.0161185 ], v=[-4.33802738 -4.72959977  3.17238291]
Epoch 1650, t=2460388.4985753605:
  TLE_ECI: r=[ 4428.44080034  5017.66875747 -3844.04758907], v=[-4.62216909 -0.13780843 -5.50093112]
  RK45_ECI: r=[-4682.73052593    91.12168658 -6184.27482563], v=[-4.3098644  -4.73225113  3.20676937]
Epoch 1651, t=2460388.4986506235:
  TLE_ECI: r=[ 4285.68961993  5013.61523281 -4007.54570931], v=[-4.73538052 -0.27045695 -5.39861192]
  RK45_ECI: r=[-4710.69975217    58.12087038 -6163.31053258], v=[-4.28154394 -4.73470598  3.24104064]
Epoch 1652, t=2460388.498725887:
  TLE_ECI: r=[ 4139.60218952  5005.51546068 -4167.91090835], v=[-4.84476256 -0.40298758 -5.29208277]
  RK45_ECI: r=[-4738.46878347    25.09133349 -6142.12369682], v=[-4.25306681 -4.73696414  3.27519595]
Epoch 1653, t=2460388.4988011504:
  TLE_ECI: r=[ 3990.29659954  4993.37301534 -4325.01814813], v=[-4.95023064 -0.53529314 -5.18142795]
  RK45_ECI: r=[-4766.03658964    -7.96553576 -6120.7150743 ], v=[-4.22443421 -4.73902533  3.3092341 ]
Epoch 1654, t=2460388.498876414:
  TLE_ECI: r=[ 3837.89341226  4977.19475335 -4478.74496689], v=[-5.05170343 -0.66726661 -5.06673491]
  RK45_ECI: r=[-4793.40189315   -41.04807115 -6099.085633  ], v=[-4.19564759 -4.74088933  3.34315351]
Epoch 1655, t=2460388.4989516772:
  TLE_ECI: r=[ 3682.5155771   4956.99079553 -4628.97157365], v=[-5.14910287 -0.79880124 -4.94809424]
  RK45_ECI: r=[-4820.56394051   -74.15518288 -6077.23594491], v=[-4.16670789 -4.74255591  3.37695329]
Epoch 1656, t=2460388.49902694:
  TLE_ECI: r=[ 3524.28834374  4932.77450887 -4775.5809403 ], v=[-5.24235425 -0.9297906  -4.82559954]
  RK45_ECI: r=[-4847.52134873  -107.28504184 -6055.16710213], v=[-4.13761673 -4.74402487  3.41063175]
Epoch 1657, t=2460388.4991022036:
  TLE_ECI: r=[ 3363.33910194  4904.56253768 -4918.45889126], v=[-5.33138626 -1.06012875 -4.69934737]
  RK45_ECI: r=[-4874.27350537  -140.43672774 -6032.87958634], v=[-4.1083749  -4.74529599  3.44418816]
Epoch 1658, t=2460388.499177467:
  TLE_ECI: r=[ 3199.79736429  4872.37472694 -5057.49419092], v=[-5.41613102 -1.1897102  -4.56943714]
  RK45_ECI: r=[-4900.81942324  -173.60884212 -6010.37419315], v=[-4.07898366 -4.74636908  3.47762129]
Epoch 1659, t=2460388.4992527305:
  TLE_ECI: r=[ 3033.79460255  4836.2341494  -5192.57862835], v=[-5.49652414 -1.31843009 -4.43597108]
  RK45_ECI: r=[-4927.15787632  -206.79970908 -5987.65194037], v=[-4.04944447 -4.74724395  3.51092964]
Epoch 1660, t=2460388.4993279935:
  TLE_ECI: r=[ 2865.46416953  4796.16706796 -5323.60709961], v=[-5.5725048  -1.44618422 -4.29905408]
  RK45_ECI: r=[-4953.28790056  -240.00792613 -5964.71364541], v=[-4.01975859 -4.74792041  3.544112  ]
Epoch 1661, t=2460388.499403257:
  TLE_ECI: r=[ 2694.94113436  4752.20294916 -5450.47768733], v=[-5.6440157  -1.57286921 -4.15879368]
  RK45_ECI: r=[-4979.20890384  -273.23256745 -5941.55980599], v=[-3.98992683 -4.74839829  3.57716764]
Epoch 1662, t=2460388.4994785204:
  TLE_ECI: r=[ 2522.36225845  4704.37438745 -5573.09173791], v=[-5.71100316 -1.69838246 -4.01529992]
  RK45_ECI: r=[-5004.91956872  -306.47179278 -5918.1915765 ], v=[-3.95995086 -4.74867744  3.6100949 ]
Epoch 1663, t=2460388.499553784:
  TLE_ECI: r=[ 2347.86582829  4652.71711483 -5691.35393577], v=[-5.77341718 -1.82262234 -3.86868526]
  RK45_ECI: r=[-5030.41919646  -339.72449942 -5894.60957528], v=[-3.92983164 -4.74875767  3.64289291]
Epoch 1664, t=2460388.4996290472:
  TLE_ECI: r=[ 2171.59155855  4597.26996342 -5805.17237503], v=[-5.83121138 -1.94548821 -3.71906455]
  RK45_ECI: r=[-5055.7066138   -372.98900349 -5870.81486905], v=[-3.8995707  -4.74863886  3.67556017]
Epoch 1665, t=2460388.49970431:
  TLE_ECI: r=[ 1993.68049344  4538.07482895 -5914.45862843], v=[-5.88434311 -2.0668805  -3.56655485]
  RK45_ECI: r=[-5080.78090103  -406.26389479 -5846.80831387], v=[-3.86916931 -4.74832086  3.70809551]
Epoch 1666, t=2460388.4997795736:
  TLE_ECI: r=[ 1814.27484044  4475.17666166 -6019.12781329], v=[-5.93277343 -2.18670086 -3.41127538]
  RK45_ECI: r=[-5105.64149528  -439.5482409  -5822.59043093], v=[-3.83862832 -4.74780353  3.74049821]
Epoch 1667, t=2460388.499854837:
  TLE_ECI: r=[ 1633.51793715  4408.62339404 -6119.09865497], v=[-5.97646716 -2.30485212 -3.25334743]
  RK45_ECI: r=[-5130.28713752  -472.84019442 -5798.16242807], v=[-3.8079494  -4.74708676  3.77276664]
Epoch 1668, t=2460388.4999301005:
  TLE_ECI: r=[ 1451.55408368  4338.46592812 -6214.29354722], v=[-6.01539286 -2.42123844 -3.09289427]
  RK45_ECI: r=[-5154.71716412  -506.13864588 -5773.5249519 ], v=[-3.77713357 -4.7461704   3.80489994]
Epoch 1669, t=2460388.500005364:
  TLE_ECI: r=[ 1268.52844154  4264.75808905 -6304.63860971], v=[-6.04952289 -2.53576537 -2.93004102]
  RK45_ECI: r=[-5178.93045562  -539.44190515 -5748.67911716], v=[-3.74618235 -4.74505439  3.83689665]
Epoch 1670, t=2460388.500080627:
  TLE_ECI: r=[ 1084.58693093  4187.55657968 -6390.06374275], v=[-6.07883339 -2.64833988 -2.76491458]
  RK45_ECI: r=[-5202.92613752  -572.74855566 -5723.62581777], v=[-3.71509708 -4.74373861  3.86875562]
Epoch 1671, t=2460388.5001558904:
  TLE_ECI: r=[  899.87606608  4106.92094959 -6470.50267889], v=[-6.10330429 -2.75887055 -2.59764352]
  RK45_ECI: r=[-5226.70367674  -606.05765966 -5698.36559806], v=[-3.68387858 -4.74222294  3.90047613]
Epoch 1672, t=2460388.500231154:
  TLE_ECI: r=[  714.54291434  4022.91352745 -6545.89303188], v=[-6.12291935 -2.86726749 -2.428358  ]
  RK45_ECI: r=[-5250.26187383  -639.36736418 -5672.89971816], v=[-3.65252859 -4.74050734  3.93205661]
Epoch 1673, t=2460388.5003064172:
  TLE_ECI: r=[  528.73493056  3935.59938692 -6616.17634243], v=[-6.13766614 -2.97344247 -2.25718965]
  RK45_ECI: r=[-5273.60010091  -672.67655423 -5647.22885248], v=[-3.62104812 -4.7385917   3.96349619]
Epoch 1674, t=2460388.5003816807:
  TLE_ECI: r=[  342.59985397  3845.04629216 -6681.29812106], v=[-6.14753604 -3.07730903 -2.08427148]
  RK45_ECI: r=[-5296.71729331  -705.98353521 -5621.35416278], v=[-3.58943876 -4.73647599  3.99479347]
Epoch 1675, t=2460388.5004569436:
  TLE_ECI: r=[  156.28560327  3751.32464452 -6741.20788801], v=[-6.15252425 -3.17878245 -1.90973779]
  RK45_ECI: r=[-5319.61262262  -739.28688581 -5595.2765801 ], v=[-3.55770183 -4.73416013  4.02594728]
Epoch 1676, t=2460388.500532207:
  TLE_ECI: r=[  -30.05988291  3654.50743039 -6795.85921002], v=[-6.15262975 -3.27777995 -1.73372403]
  RK45_ECI: r=[-5342.28558601  -772.58566358 -5568.9966714 ], v=[-3.52583819 -4.73164405  4.05695697]
Epoch 1677, t=2460388.5006074705:
  TLE_ECI: r=[ -216.28869505  3554.67015983 -6845.20973435], v=[-6.14785538 -3.3742206  -1.55636676]
  RK45_ECI: r=[-5364.73504477  -805.87801214 -5542.51574808], v=[-3.49384961 -4.72892774  4.08782094]
Epoch 1678, t=2460388.500682734:
  TLE_ECI: r=[ -402.25311252  3451.89081168 -6889.22121954], v=[-6.13820773 -3.46802546 -1.37780351]
  RK45_ECI: r=[-5386.96040727  -839.16281202 -5515.83451173], v=[-3.46173712 -4.72601114  4.11853841]
Epoch 1679, t=2460388.500757997:
  TLE_ECI: r=[ -587.80569768  3346.24977376 -6927.8595632 ], v=[-6.12369721 -3.55911765 -1.19817267]
  RK45_ECI: r=[-5408.96056263  -872.43820612 -5488.95429675], v=[-3.42950248 -4.72289427  4.14910779]
Epoch 1680, t=2460388.5008332604:
  TLE_ECI: r=[ -772.79944965  3237.82977446 -6961.0948268 ], v=[-6.10433798 -3.6474224  -1.01761343]
  RK45_ECI: r=[-5430.73503552  -905.7032493  -5461.87569066], v=[-3.39714658 -4.71957707  4.17952844]
Epoch 1681, t=2460388.500908524:
  TLE_ECI: r=[ -957.08785902  3126.7158272  -6988.90125747], v=[-6.08014797 -3.73286707 -0.83626564]
  RK45_ECI: r=[-5452.28304758  -938.956516   -5434.59966241], v=[-3.36467076 -4.71605953  4.20979924]
Epoch 1682, t=2460388.5009837872:
  TLE_ECI: r=[-1140.52506123  3012.99515961 -7011.25730663], v=[-6.05114885 -3.81538121 -0.65426971]
  RK45_ECI: r=[-5473.60362392  -972.19630817 -5407.12744694], v=[-3.33207665 -4.71234167  4.23991881]
Epoch 1683, t=2460388.5010590507:
  TLE_ECI: r=[-1322.96593955  2896.75714734 -7028.14564565], v=[-6.01736601 -3.89489668 -0.47176655]
  RK45_ECI: r=[-5494.69620983 -1005.42150303 -5379.45977238], v=[-3.29936532 -4.70842348  4.26988634]
Epoch 1684, t=2460388.5011343136:
  TLE_ECI: r=[-1504.26622931  2778.09324935 -7039.55317843], v=[-5.97882856 -3.9713476  -0.28889742]
  RK45_ECI: r=[-5515.5597566  -1038.63024269 -5351.59802276], v=[-3.26653855 -4.70430502  4.29970033]
Epoch 1685, t=2460388.501209577:
  TLE_ECI: r=[-1684.28266237  2657.09692037 -7045.4710509 ], v=[-5.93556924 -4.04467052 -0.10580385]
  RK45_ECI: r=[-5536.19382008 -1071.82157959 -5323.54280725], v=[-3.23359724 -4.69998627  4.32936012]
Epoch 1686, t=2460388.5012848405:
  TLE_ECI: r=[-1862.87302789  2533.86356342 -7045.89465752], v=[-5.88762446 -4.11480435  0.07737247]
  RK45_ECI: r=[-5556.59766948 -1104.99408617 -5295.29513031], v=[-3.20054275 -4.69546725  4.35886463]
Epoch 1687, t=2460388.501360104:
  TLE_ECI: r=[-2039.89631595  2408.49044024 -7040.82364467], v=[-5.83503425 -4.18169047  0.26048978]
  RK45_ECI: r=[-5576.77038722 -1138.1460645  -5266.85627116], v=[-3.16737675 -4.69074806  4.38821251]
Epoch 1688, t=2460388.5014353674:
  TLE_ECI: r=[-2215.21281794  2281.07660006 -7030.261911  ], v=[-5.77784225 -4.24527278  0.44340636]
  RK45_ECI: r=[-5596.71145594 -1171.27638981 -5238.22698395], v=[-3.1341003  -4.68582868  4.41740297]
Epoch 1689, t=2460388.5015106304:
  TLE_ECI: r=[-2388.68422826  2151.72281005 -7014.21760469], v=[-5.71609562 -4.3054977   0.62598064]
  RK45_ECI: r=[-5616.41989011 -1204.38320545 -5209.40870103], v=[-3.10071524 -4.68070926  4.44643455]
Epoch 1690, t=2460388.501585894:
  TLE_ECI: r=[-2560.17377681  2020.53145015 -6992.70311761], v=[-5.64984503 -4.36231431  0.80807129]
  RK45_ECI: r=[-5635.89527719 -1237.46556212 -5180.40205283], v=[-3.06722245 -4.67538979  4.47530659]
Epoch 1691, t=2460388.5016611572:
  TLE_ECI: r=[-2729.54629573  1887.60647414 -6965.73507659], v=[-5.57914468 -4.41567427  0.98953732]
  RK45_ECI: r=[-5655.13693462 -1270.52203195 -5151.20807832], v=[-3.03362335 -4.66987033  4.50401806]
Epoch 1692, t=2460388.5017364207:
  TLE_ECI: r=[-2896.6683503   1753.05330288 -6933.33433143], v=[-5.50405215 -4.4655319   1.1702382 ]
  RK45_ECI: r=[-5674.14400294 -1303.55091895 -5121.82810003], v=[-2.99991959 -4.66415104  4.53256764]
Epoch 1693, t=2460388.501811684:
  TLE_ECI: r=[-3061.40833556  1616.97874911 -6895.52593992], v=[-5.42462848 -4.51184429  1.35003393]
  RK45_ECI: r=[-5692.91600266 -1336.5510974  -5092.26289737], v=[-2.96611228 -4.65823193  4.56095455]
Epoch 1694, t=2460388.501886947:
  TLE_ECI: r=[-3223.63657386  1479.49094409 -6852.33914986], v=[-5.34093803 -4.55457121  1.52878518]
  RK45_ECI: r=[-5711.45201234 -1369.52071388 -5062.51394985], v=[-2.93220325 -4.65211322  4.58917737]
Epoch 1695, t=2460388.5019622105:
  TLE_ECI: r=[-3383.22543318  1340.69921652 -6803.80737796], v=[-5.25304844 -4.59367529  1.70635337]
  RK45_ECI: r=[-5729.75173982 -1402.4589601  -5032.58176763], v=[-2.89819329 -4.64579486  4.6172356 ]
Epoch 1696, t=2460388.502037474:
  TLE_ECI: r=[-3540.04939896  1200.71406241 -6749.96818572], v=[-5.16103066 -4.62912192  1.88260077]
  RK45_ECI: r=[-5747.81428611 -1435.36398419 -5002.46784613], v=[-2.86408424 -4.6392771   4.64512783]
Epoch 1697, t=2460388.5021127374:
  TLE_ECI: r=[-3693.9851901   1059.64702321 -6690.86325226], v=[-5.06495883 -4.66087936  2.05739061]
  RK45_ECI: r=[-5765.63911597 -1468.23451903 -4972.17312718], v=[-2.82987736 -4.63256001  4.67285318]
Epoch 1698, t=2460388.5021880004:
  TLE_ECI: r=[-3844.91184757   917.6106187  -6626.53834414], v=[-4.96491026 -4.68891872  2.23058717]
  RK45_ECI: r=[-5783.22561891 -1501.0691393  -4941.69869924], v=[-2.79557407 -4.62564371  4.70041062]
Epoch 1699, t=2460388.502263264:
  TLE_ECI: r=[-3992.71083977   774.71821469 -6557.04328212], v=[-4.8609653  -4.71321408  2.40205589]
  RK45_ECI: r=[-5800.57318105 -1533.86647109 -4911.04565734], v=[-2.76117574 -4.61852838  4.72779918]
Epoch 1700, t=2460388.5023385272:
  TLE_ECI: r=[-4137.26613762   631.08400049 -6482.43190489], v=[-4.7532074  -4.73374238  2.57166349]
  RK45_ECI: r=[-5817.68129465 -1566.62523112 -4880.21495784], v=[-2.72668365 -4.61121411  4.75501795]
Epoch 1701, t=2460388.5024137907:
  TLE_ECI: r=[-4278.46431734   486.82285584 -6402.76202987], v=[-4.64172298 -4.75048355  2.73927801]
  RK45_ECI: r=[-5834.5492068  -1599.34373115 -4849.20799812], v=[-2.69209951 -4.60370113  4.78206573]
Epoch 1702, t=2460388.502489054:
  TLE_ECI: r=[-4416.19464616   342.05027106 -6318.09541092], v=[-4.52660136 -4.7634205   2.90476898]
  RK45_ECI: r=[-5851.17642615 -1632.02070672 -4818.02574827], v=[-2.65742459 -4.59598959  4.80894162]
Epoch 1703, t=2460388.502564317:
  TLE_ECI: r=[-4550.3491686    196.8822699  -6228.49769311], v=[-4.40793476 -4.77253911  3.06800748]
  RK45_ECI: r=[-5867.56239188 -1664.65473585 -4786.66932907], v=[-2.62266032 -4.58807964  4.83564467]
Epoch 1704, t=2460388.5026395805:
  TLE_ECI: r=[-4680.82279413    51.43526498 -6134.03836454], v=[-4.28581813 -4.77782833  3.22886622]
  RK45_ECI: r=[-5883.70653861 -1697.24444887 -4755.13986764], v=[-2.58780811 -4.57997149  4.8621739 ]
Epoch 1705, t=2460388.502714844:
  TLE_ECI: r=[-4807.51337522   -94.1739557  -6034.79070516], v=[-4.16034916 -4.77928008  3.38721971]
  RK45_ECI: r=[-5899.60840316 -1729.78856529 -4723.43834823], v=[-2.55286923 -4.57166527  4.88852845]
Epoch 1706, t=2460388.5027901074:
  TLE_ECI: r=[-4930.32179161  -239.82837344 -5930.8317327 ], v=[-4.03162822 -4.77688937  3.54294427]
  RK45_ECI: r=[-5915.26729275 -1762.285404   -4691.5662081 ], v=[-2.51784542 -4.56316128  4.91470714]
Epoch 1707, t=2460388.502865371:
  TLE_ECI: r=[-5049.15202771  -385.41081873 -5822.24214567], v=[-3.89975821 -4.77065424  3.69591819]
  RK45_ECI: r=[-5930.68283619 -1794.73384295 -4659.52429402], v=[-2.4827378  -4.55445964  4.94070923]
Epoch 1708, t=2460388.502940634:
  TLE_ECI: r=[-5163.9112504   -530.80404971 -5709.10626345], v=[-3.76484457 -4.7605758   3.8460218 ]
  RK45_ECI: r=[-5945.85429562 -1827.13204809 -4627.31421041], v=[-2.44754831 -4.54556069  4.96653343]
Epoch 1709, t=2460388.5030158972:
  TLE_ECI: r=[-5274.50987698  -675.8909058  -5591.51196358], v=[-3.62699512 -4.74665828  3.99313757]
  RK45_ECI: r=[-5960.78138181 -1859.47907265 -4594.93666325], v=[-2.41227786 -4.53646453  4.99217915]
Epoch 1710, t=2460388.5030911607:
  TLE_ECI: r=[-5380.86165468  -820.5543122  -5469.55061614], v=[-3.48632006 -4.72890893  4.13715021]
  RK45_ECI: r=[-5975.46360083 -1891.77350139 -4562.39281451], v=[-2.37692792 -4.5271714   5.01764546]
Epoch 1711, t=2460388.503166424:
  TLE_ECI: r=[-5482.88372467  -964.67743291 -5343.31701537], v=[-3.34293181 -4.70733812  4.27794673]
  RK45_ECI: r=[-5989.90032074 -1924.01366169 -4529.68414014], v=[-2.34150025 -4.51768163  5.04293118]
Epoch 1712, t=2460388.5032416875:
  TLE_ECI: r=[-5580.49668949 -1108.14375049 -5212.9093085 ], v=[-3.19694501 -4.68195928  4.41541658]
  RK45_ECI: r=[-6004.09120968 -1956.19843512 -4496.81150958], v=[-2.30599598 -4.50799537  5.06803563]
Epoch 1713, t=2460388.5033169505:
  TLE_ECI: r=[-5673.62468057 -1250.83714336 -5078.42892183], v=[-3.04847637 -4.65278892  4.54945173]
  RK45_ECI: r=[-6018.03559668 -1988.32599823 -4463.77656928], v=[-2.27041704 -4.49811304  5.09295753]
Epoch 1714, t=2460388.503392214:
  TLE_ECI: r=[-5762.19540498 -1392.64204621 -4939.98048418], v=[-2.89764456 -4.61984667  4.67994671]
  RK45_ECI: r=[-6031.73322561 -2020.39540752 -4430.58004364], v=[-2.23476439 -4.48803475  5.11769634]
Epoch 1715, t=2460388.5034674774:
  TLE_ECI: r=[-5846.14022465 -1533.44344465 -4797.6717476 ], v=[-2.74457021 -4.58315517  4.80679878]
  RK45_ECI: r=[-6045.1836535  -2052.4052543  -4397.22312471], v=[-2.1990395  -4.47776078  5.14225114]
Epoch 1716, t=2460388.503542741:
  TLE_ECI: r=[-5925.39419834 -1673.12703508 -4651.61350551], v=[-2.58937574 -4.54274017  4.92990793]
  RK45_ECI: r=[-6058.38630957 -2084.35387669 -4363.70732576], v=[-2.16324413 -4.46729152  5.1666208 ]
Epoch 1717, t=2460388.503618004:
  TLE_ECI: r=[-5999.89614303 -1811.57928367 -4501.91950825], v=[-2.43218532 -4.49863041  5.04917703]
  RK45_ECI: r=[-6071.3407781  -2116.23987114 -4330.033855  ], v=[-2.12737976 -4.45662725  5.19080443]
Epoch 1718, t=2460388.5036932672:
  TLE_ECI: r=[-6069.58866276 -1948.68758967 -4348.70637623], v=[-2.27312468 -4.45085774  5.1645119 ]
  RK45_ECI: r=[-6084.04682642 -2148.06229617 -4296.20344898], v=[-2.09144736 -4.44576813  5.21480149]
Epoch 1719, t=2460388.5037685307:
  TLE_ECI: r=[-6134.41822607 -2084.34027307 -4192.09351043], v=[-2.11232114 -4.39945695  5.27582135]
  RK45_ECI: r=[-6096.50386097 -2179.81934287 -4262.21780043], v=[-2.05544886 -4.43471463  5.23861076]
Epoch 1720, t=2460388.503843794:
  TLE_ECI: r=[-6194.33518975 -2218.42673623 -4032.2030007 ], v=[-1.94990341 -4.34446587  5.3830173 ]
  RK45_ECI: r=[-6108.71161351 -2211.5099009  -4228.07781354], v=[-2.01938543 -4.42346695  5.26223159]
Epoch 1721, t=2460388.5039190575:
  TLE_ECI: r=[-6249.29384432 -2350.83753783 -3869.15953157], v=[-1.78600153 -4.28592528  5.48601486]
  RK45_ECI: r=[-6120.6695752  -2243.1323205  -4193.78503762], v=[-1.98325885 -4.41202553  5.28566288]
Epoch 1722, t=2460388.5039943205:
  TLE_ECI: r=[-6299.2524589  -2481.4644651  -3703.09028591], v=[-1.62074677 -4.22387891  5.58473238]
  RK45_ECI: r=[-6132.37738162 -2274.68520732 -4159.34070927], v=[-1.9470706 -4.4003907  5.3089038]
Epoch 1723, t=2460388.504069584:
  TLE_ECI: r=[-6344.17328676 -2610.20069725 -3534.12484635], v=[-1.45427148 -4.15837341  5.67909153]
  RK45_ECI: r=[-6143.83483372 -2306.16762468 -4124.74558248], v=[-1.91082166 -4.38856265  5.33195379]
Epoch 1724, t=2460388.5041448474:
  TLE_ECI: r=[-6384.0226389  -2736.94078414 -3362.39509448], v=[-1.28670902 -4.08945831  5.76901736]
  RK45_ECI: r=[-6155.04140591 -2337.57777847 -4090.00138884], v=[-1.87451397 -4.37654189  5.35481171]
Epoch 1725, t=2460388.504220111:
  TLE_ECI: r=[-6418.77088394 -2861.58080765 -3188.03510818], v=[-1.11819368 -4.01718601  5.85443841]
  RK45_ECI: r=[-6165.99687009 -2368.91456498 -4055.10905324], v=[-1.83814872 -4.36432867  5.37747691]
Epoch 1726, t=2460388.5042953743:
  TLE_ECI: r=[-6448.39247947 -2984.01845025 -3011.1810568 ], v=[-0.94886051 -3.94161169  5.93528672]
  RK45_ECI: r=[-6176.70077957 -2400.17634848 -4020.07015968], v=[-1.80172769 -4.35192347  5.39994837]
Epoch 1727, t=2460388.5043706372:
  TLE_ECI: r=[-6472.8660023  -3104.15306178 -2831.97109453], v=[-0.77884524 -3.86279333  6.01149792]
  RK45_ECI: r=[-6187.15282176 -2431.36174524 -3984.88597204], v=[-1.76525238 -4.33932667  5.42222524]
Epoch 1728, t=2460388.5044459007:
  TLE_ECI: r=[-6492.17413001 -3221.88582    -2650.54525204], v=[-0.60828414 -3.78079164  6.08301128]
  RK45_ECI: r=[-6197.35283121 -2462.46982449 -3949.55726115], v=[-1.72872375 -4.32653848  5.44430702]
Epoch 1729, t=2460388.504521164:
  TLE_ECI: r=[-6506.30370908 -3337.11969982 -2467.04532622], v=[-0.43731396 -3.69567     6.14976979]
  RK45_ECI: r=[-6207.30035088 -2493.49880873 -3914.08579589], v=[-1.69214381 -4.31355946  5.4661926 ]
Epoch 1730, t=2460388.5045964275:
  TLE_ECI: r=[-6515.2457302  -3449.75963111 -2281.61476842], v=[-0.26607177 -3.60749444  6.21172016]
  RK45_ECI: r=[-6216.99519297 -2524.44760202 -3878.4725211 ], v=[-1.65551369 -4.30038991  5.48788137]
Epoch 1731, t=2460388.5046716905:
  TLE_ECI: r=[-6518.99535473 -3559.7125413  -2094.39857116], v=[-0.09469488 -3.51633358  6.26881293]
  RK45_ECI: r=[-6226.43693138 -2555.31443557 -3842.71922213], v=[-1.6188354  -4.28703041  5.50937222]
Epoch 1732, t=2460388.504746954:
  TLE_ECI: r=[-6517.55187759 -3666.88750983 -1905.54315342], v=[ 0.07667933 -3.42225858  6.32100248]
  RK45_ECI: r=[-6235.62543129 -2586.09838482 -3806.82668477], v=[-1.5821099  -4.2734812   5.53066467]
Epoch 1733, t=2460388.5048222174:
  TLE_ECI: r=[-6510.91878884 -3771.19573159 -1715.19624448], v=[ 0.24791348 -3.32534306  6.36824706]
  RK45_ECI: r=[-6244.56043542 -2616.79807856 -3770.79620029], v=[-1.54533871 -4.25974269  5.55175794]
Epoch 1734, t=2460388.504897481:
  TLE_ECI: r=[-6499.10373008 -3872.55066813 -1523.50676664], v=[ 0.41887029 -3.22566306  6.41050888]
  RK45_ECI: r=[-6253.24159742 -2647.41190714 -3734.62940528], v=[-1.50852363 -4.24581547  5.57265104]
Epoch 1735, t=2460388.5049727443:
  TLE_ECI: r=[-6482.1184978  -3970.8681026  -1330.62471682], v=[ 0.58941275 -3.12329701  6.4477541 ]
  RK45_ECI: r=[-6261.66876987 -2677.93878368 -3698.3272636 ], v=[-1.47166585 -4.23169982  5.59334341]
Epoch 1736, t=2460388.5050480072:
  TLE_ECI: r=[-6459.9790452  -4066.06619223 -1136.70104706], v=[ 0.7594042  -3.0183256   6.47995288]
  RK45_ECI: r=[-6269.84159583 -2708.37695858 -3661.89159573], v=[-1.43476734 -4.21739642  5.61383398]
Epoch 1737, t=2460388.5051232707:
  TLE_ECI: r=[-6432.70542088 -4158.06561449  -941.88754427], v=[ 0.92870848 -2.91083176  6.5070794 ]
  RK45_ECI: r=[-6277.75997428 -2738.72551526 -3625.3232029 ], v=[-1.39782909 -4.20290551  5.6341223 ]
Epoch 1738, t=2460388.505198534:
  TLE_ECI: r=[-6400.32182256 -4246.78952061  -746.33670896], v=[ 1.09718998 -2.80090059  6.5291119 ]
  RK45_ECI: r=[-6285.42370024 -2768.98309609 -3588.62340145], v=[-1.36085262 -4.18822756  5.6542076 ]
Epoch 1739, t=2460388.5052737975:
  TLE_ECI: r=[-6362.85652935 -4332.16367745  -550.20163345], v=[ 1.26471384 -2.68861928  6.54603268]
  RK45_ECI: r=[-6292.83249035 -2799.14811005 -3551.79385894], v=[-1.32383975 -4.17336318  5.67408896]
Epoch 1740, t=2460388.505349061:
  TLE_ECI: r=[-6320.3418892  -4414.11651204  -353.63587948], v=[ 1.431146   -2.57407702  6.55782815]
  RK45_ECI: r=[-6299.98623784 -2829.21948036 -3514.83555752], v=[-1.28679165 -4.15831272  5.69376583]
Epoch 1741, t=2460388.505424324:
  TLE_ECI: r=[-6272.81430443 -4492.57915448  -156.79335536], v=[ 1.59635334 -2.45736496  6.56448879]
  RK45_ECI: r=[-6306.88465488 -2859.19547897 -3477.75035106], v=[-1.24971032 -4.14307689  5.71323721]
Epoch 1742, t=2460388.5054995874:
  TLE_ECI: r=[-6220.31414789 -4567.48557092    40.17180718], v=[ 1.76020379 -2.3385761   6.56600922]
  RK45_ECI: r=[-6313.5276746  -2889.07519791 -3440.53905565], v=[-1.21259675 -4.12765596  5.73250264]
Epoch 1743, t=2460388.505574851:
  TLE_ECI: r=[-6162.88580714 -4638.77250903   237.1053765 ], v=[ 1.92256646 -2.21780525  6.56238816]
  RK45_ECI: r=[-6319.91514434 -2918.8572947  -3403.2030115 ], v=[-1.17545245 -4.11205045  5.75156142]
Epoch 1744, t=2460388.5056501143:
  TLE_ECI: r=[-6100.57759412 -4706.37962667   433.85314448], v=[ 2.08331173 -2.09514892  6.55362845]
  RK45_ECI: r=[-6326.04684407 -2948.5401986  -3365.74391568], v=[-1.13827926 -4.09626102  5.77041266]
Epoch 1745, t=2460388.5057253777:
  TLE_ECI: r=[-6033.44171684 -4770.24952523   630.26105004], v=[ 2.24231134 -1.97070522  6.53973705]
  RK45_ECI: r=[-6331.92270751 -2978.12284432 -3328.16276775], v=[-1.10107834 -4.08028804  5.78905584]
Epoch 1746, t=2460388.5058006407:
  TLE_ECI: r=[-5961.53424915 -4830.32778104   826.17530253], v=[ 2.39943856 -1.84457385  6.52072502]
  RK45_ECI: r=[-6337.54251637 -3007.60352701 -3290.46145337], v=[-1.06385173 -4.06413227  5.80749   ]
Epoch 1747, t=2460388.505875904:
  TLE_ECI: r=[-5884.91502611 -4886.56306269  1021.4425047 ], v=[ 2.55456826 -1.7168559   6.49660752]
  RK45_ECI: r=[-6342.90623792 -3036.98134822 -3252.64080277], v=[-1.02660038 -4.04779402  5.82571472]
Epoch 1748, t=2460388.5059511675:
  TLE_ECI: r=[-5803.64767736 -4938.90706961  1215.90977564], v=[ 2.70757698 -1.58765389  6.46740381]
  RK45_ECI: r=[-6348.0137719  -3066.25498233 -3214.70217882], v=[-0.98932583 -4.03127385  5.84372931]
Epoch 1749, t=2460388.506026431:
  TLE_ECI: r=[-5717.79951686 -4987.31464396  1409.4248729 ], v=[ 2.85834312 -1.45707158  6.43313719]
  RK45_ECI: r=[-6352.8649616  -3095.42288068 -3176.64730665], v=[-0.95202991 -4.01457246  5.86153296]
Epoch 1750, t=2460388.506101694:
  TLE_ECI: r=[-5627.44151426 -5031.74377523  1601.83631421], v=[ 3.00674696 -1.32521395  6.39383502]
  RK45_ECI: r=[-6357.45976285 -3124.48384952 -3138.47738171], v=[-0.91471398 -3.99769034  5.87912506]
Epoch 1751, t=2460388.5061769574:
  TLE_ECI: r=[-5532.64817532 -5072.15570306  1792.99349832], v=[ 3.15267082 -1.19218706  6.34952869]
  RK45_ECI: r=[-6361.79808302 -3153.43663136 -3100.19378166], v=[-0.87737952 -3.98062807  5.89650498]
Epoch 1752, t=2460388.506252221:
  TLE_ECI: r=[-5433.49756697 -5108.51485027  1982.74682524], v=[ 3.2959991  -1.05809799  6.30025354]
  RK45_ECI: r=[-6365.87989294 -3182.28003736 -3061.79770778], v=[-0.84002788 -3.96338613  5.91367213]
Epoch 1753, t=2460388.5063274843:
  TLE_ECI: r=[-5330.07119221 -5140.78892056  2170.94781536], v=[ 3.43661843 -0.92305474  6.24604891]
  RK45_ECI: r=[-6369.70508669 -3211.01253772 -3023.29090652], v=[-0.8026609  -3.94596529  5.93062573]
Epoch 1754, t=2460388.5064027477:
  TLE_ECI: r=[-5222.4539356  -5168.94890941  2357.44922754], v=[ 3.57441774 -0.78716612  6.18695802]
  RK45_ECI: r=[-6373.27364798 -3239.63297035 -2984.67458803], v=[-0.76527992 -3.92836605  5.94736522]
Epoch 1755, t=2460388.5064780107:
  TLE_ECI: r=[-5110.73400663 -5192.96911409  2542.1051762 ], v=[ 3.70928833 -0.65054171  6.12302801]
  RK45_ECI: r=[-6376.58555376 -3268.14003688 -2945.95014651], v=[-0.72788647 -3.91058902  5.96388998]
Epoch 1756, t=2460388.506553274:
  TLE_ECI: r=[-4995.00280404 -5212.82721628  2724.7712468 ], v=[ 3.841124   -0.51329169  6.05430982]
  RK45_ECI: r=[-6379.64076261 -3296.53249907 -2907.11898025], v=[-0.69048203 -3.89263482  5.98019938]
Epoch 1757, t=2460388.5066285376:
  TLE_ECI: r=[-4875.3549302  -5228.50420996  2905.30461045], v=[ 3.96982111 -0.37552679  5.98085819]
  RK45_ECI: r=[-6382.43929223 -3324.80918461 -2868.18230848], v=[-0.65306795 -3.87450398  5.9962929 ]
Epoch 1758, t=2460388.506703801:
  TLE_ECI: r=[-4751.88805028 -5239.98447923  3083.56413669], v=[ 4.09527865 -0.23735822  5.9027316 ]
  RK45_ECI: r=[-6384.98110014 -3352.9685888  -2829.14190285], v=[-0.61564608 -3.85619729  6.01216978]
Epoch 1759, t=2460388.5067790644:
  TLE_ECI: r=[-4624.70282526 -5247.25579642  3259.41050478], v=[ 4.21739834 -0.09889752  5.81999222]
  RK45_ECI: r=[-6387.26621642 -3381.00956695 -2789.99899094], v=[-0.57821775 -3.8377153   6.0278295 ]
Epoch 1760, t=2460388.5068543274:
  TLE_ECI: r=[-4493.902843   -5250.30931951  3432.70631345], v=[4.33608472 0.03974348 5.73270583]
  RK45_ECI: r=[-6389.2946704  -3408.93084093 -2750.7549866 ], v=[-0.54078449 -3.81905867  6.04327148]
Epoch 1761, t=2460388.506929591:
  TLE_ECI: r=[-4359.59446985 -5249.13965308  3603.3161887 ], v=[4.4512452  0.17845284 5.64094179]
  RK45_ECI: r=[-6391.06647211 -3436.73119281 -2711.41130759], v=[-0.50334778 -3.80022804  6.05849513]
Epoch 1762, t=2460388.5070048543:
  TLE_ECI: r=[-4221.88685356 -5243.74477331  3771.10689009], v=[4.56279012 0.31711848 5.54477297]
  RK45_ECI: r=[-6392.58168573 -3464.40946857 -2671.96918993], v=[-0.46590898 -3.78122397  6.07349996]
Epoch 1763, t=2460388.5070801177:
  TLE_ECI: r=[-4080.89177128 -5234.12608361  3935.94741476], v=[4.67063286 0.45562837 5.44427566]
  RK45_ECI: r=[-6393.84033233 -3491.96419023 -2632.430429  ], v=[-0.42846992 -3.76204732  6.08828526]
Epoch 1764, t=2460388.507155381:
  TLE_ECI: r=[-3936.72355159 -5220.2884004   4097.70909966], v=[4.77468986 0.59387058 5.33952954]
  RK45_ECI: r=[-6394.84250021 -3519.39434568 -2592.7960824 ], v=[-0.39103178 -3.74269858  6.10285063]
Epoch 1765, t=2460388.507230644:
  TLE_ECI: r=[-3789.49899477 -5202.2399386   4256.2657217 ], v=[4.87488071 0.73173339 5.23061759]
  RK45_ECI: r=[-6395.58823539 -3546.69833577 -2553.06814116], v=[-0.35359658 -3.72317871  6.11719529]
Epoch 1766, t=2460388.5073059076:
  TLE_ECI: r=[-3639.33721494 -5179.99235015  4411.49359551], v=[4.9711282 0.8691054 5.117626 ]
  RK45_ECI: r=[-6396.07763462 -3573.87530747 -2513.24748248], v=[-0.3161653  -3.70348812  6.13131892]
Epoch 1767, t=2460388.507381171:
  TLE_ECI: r=[-3486.35963344 -5153.56064659  4563.27166937], v=[5.06335838 1.00587555 5.00064414]
  RK45_ECI: r=[-6396.31079698 -3600.92401147 -2473.33554438], v=[-0.27873946 -3.6836275   6.14522098]
Epoch 1768, t=2460388.5074564344:
  TLE_ECI: r=[-3330.68981745 -5122.96323311  4711.48161852], v=[5.1515006  1.1419333  4.87976443]
  RK45_ECI: r=[-6396.28780681 -3627.84299823 -2433.33414431], v=[-0.24132089 -3.66359775  6.15890082]
Epoch 1769, t=2460388.5075316974:
  TLE_ECI: r=[-3172.45340865 -5088.22187286  4856.00793627], v=[5.23548759 1.27716865 4.7550823 ]
  RK45_ECI: r=[-6396.00879116 -3654.63103138 -2393.24472966], v=[-0.20391112 -3.64339959  6.17235793]
Epoch 1770, t=2460388.507606961:
  TLE_ECI: r=[-3011.77796039 -5049.36170738  4996.7380225 ], v=[5.31525544 1.41147228 4.6266961 ]
  RK45_ECI: r=[-6395.47387054 -3681.28726726 -2353.0681849 ], v=[-0.16651112 -3.62303344  6.18559198]
Epoch 1771, t=2460388.5076822243:
  TLE_ECI: r=[-2848.79292319 -5006.41117907  5133.56227001], v=[5.39074373 1.54473561 4.49470698]
  RK45_ECI: r=[-6394.68317052 -3707.81014357 -2312.80652784], v=[-0.12912292 -3.60250033  6.19860228]
Epoch 1772, t=2460388.5077574877:
  TLE_ECI: r=[-2683.62947916 -4959.40204711  5266.37414805], v=[5.46189551 1.67685087 4.35921887]
  RK45_ECI: r=[-6393.63684407 -3734.19867568 -2272.4608366 ], v=[-0.09174766 -3.58180079  6.21138847]
Epoch 1773, t=2460388.507832751:
  TLE_ECI: r=[-2516.42045033 -4908.36935227  5395.07028335], v=[5.52865736 1.80771124 4.22033834]
  RK45_ECI: r=[-6392.33503869 -3760.45144407 -2232.03294906], v=[-0.05438721 -3.56093576  6.22394994]
Epoch 1774, t=2460388.507908014:
  TLE_ECI: r=[-2347.30020508 -4853.35138195  5519.55053861], v=[5.59097939 1.93721085 4.07817452]
  RK45_ECI: r=[-6390.77793352 -3786.56723658 -2191.52432869], v=[-0.01704305 -3.53990599  6.23628622]
Epoch 1775, t=2460388.5079832776:
  TLE_ECI: r=[-2176.40449236 -4794.38966783  5639.71808804], v=[5.64881534 2.06524498 3.93283905]
  RK45_ECI: r=[-6388.96568288 -3812.54522441 -2150.93586992], v=[ 0.02028382 -3.51871195  6.24839701]
Epoch 1776, t=2460388.508058541:
  TLE_ECI: r=[-2003.87041805 -4731.52890967  5755.47949062], v=[5.70212252 2.19171004 3.78444593]
  RK45_ECI: r=[-6386.89848151 -3838.38387937 -2110.26961211], v=[ 0.05759141 -3.4973547   6.26028167]
Epoch 1777, t=2460388.5081338044:
  TLE_ECI: r=[-1829.83627705 -4664.81696901  5866.7447602 ], v=[5.75086191 2.31650368 3.63311147]
  RK45_ECI: r=[-6384.57652245 -3864.08223548 -2069.52664487], v=[ 0.09487854 -3.47583481  6.27193987]
Epoch 1778, t=2460388.508209068:
  TLE_ECI: r=[-1654.441457   -4594.30482359  5973.42743297], v=[5.79499815 2.43952488 3.47895417]
  RK45_ECI: r=[-6382.00001628 -3889.6389047  -2028.70882498], v=[ 0.13214339 -3.45415326  6.28337105]
Epoch 1779, t=2460388.508284331:
  TLE_ECI: r=[-1477.82633964 -4520.0465226   6075.44463218], v=[5.83449956 2.56067403 3.32209464]
  RK45_ECI: r=[-6379.16919395 -3915.05270045 -1987.81763057], v=[ 0.16938444 -3.43231084  6.29457479]
Epoch 1780, t=2460388.5083595943:
  TLE_ECI: r=[-1300.13213554 -4442.09916194  6172.71712974], v=[5.86933813 2.67985302 3.16265552]
  RK45_ECI: r=[-6376.0842434  -3940.3228098  -1946.85396537], v=[ 0.20660074 -3.41030804  6.30555079]
Epoch 1781, t=2460388.5084348577:
  TLE_ECI: r=[-1121.5008519  -4360.52281121  6265.16940533], v=[5.89948957 2.79696525 3.00076134]
  RK45_ECI: r=[-6372.74542814 -3965.44774048 -1905.81988835], v=[ 0.24379027 -3.38814597  6.31629851]
Epoch 1782, t=2460388.508510121:
  TLE_ECI: r=[ -942.07512617 -4275.38048538  6352.72970224], v=[5.92493334 2.91191578 2.83653846]
  RK45_ECI: r=[-6369.15298142 -3990.42654577 -1864.71649976], v=[ 0.28095189 -3.36582523  6.3268176 ]
Epoch 1783, t=2460388.5085853846:
  TLE_ECI: r=[ -761.99812601 -4186.73809037  6435.33008049], v=[5.94565258 3.02461136 2.67011496]
  RK45_ECI: r=[-6365.30717617 -4015.25787123 -1823.5456735 ], v=[ 0.31808376 -3.34334684  6.33710759]
Epoch 1784, t=2460388.5086606476:
  TLE_ECI: r=[ -581.41344859 -4094.66436937  6512.90646691], v=[5.9616342  3.13496048 2.50162053]
  RK45_ECI: r=[-6361.20829504 -4039.94055709 -1782.30890114], v=[ 0.35518439 -3.32071164  6.34716807]
Epoch 1785, t=2460388.508735911:
  TLE_ECI: r=[ -400.46495885 -3999.23085645  6585.39870217], v=[5.9728688  3.24287354 2.3311864 ]
  RK45_ECI: r=[-6356.85655945 -4064.47380692 -1741.00709487], v=[ 0.39225282 -3.29792014  6.35699881]
Epoch 1786, t=2460388.5088111744:
  TLE_ECI: r=[ -219.29674886 -3900.5118085   6652.75058514], v=[5.97935075 3.34826278 2.1589452 ]
  RK45_ECI: r=[-6352.25230135 -4088.85616613 -1699.64233144], v=[ 0.42928704 -3.27497349  6.36659926]
Epoch 1787, t=2460388.508886438:
  TLE_ECI: r=[  -38.05297605 -3798.58415564  6714.90991385], v=[5.98107813 3.45104244 1.9850309 ]
  RK45_ECI: r=[-6347.39579359 -4113.08670882 -1658.21572072], v=[ 0.46628592 -3.25187232  6.37596917]
Epoch 1788, t=2460388.508961701:
  TLE_ECI: r=[  143.12222684 -3693.52743931  6771.82852372], v=[5.97805276 3.55112877 1.80957869]
  RK45_ECI: r=[-6342.28739903 -4137.16399796 -1616.72934694], v=[ 0.50324746 -3.22861781  6.38510802]
Epoch 1789, t=2460388.5090369643:
  TLE_ECI: r=[  324.08490809 -3585.42374918  6823.46232252], v=[5.97028015 3.64844018 1.63272486]
  RK45_ECI: r=[-6336.92736909 -4161.08725326 -1575.18412929], v=[ 0.5401707  -3.2052105   6.39401562]
Epoch 1790, t=2460388.5091122277:
  TLE_ECI: r=[  504.6913438  -3474.35765995  6869.77132265], v=[5.95776951 3.74289716 1.45460673]
  RK45_ECI: r=[-6331.31604076 -4184.85534476 -1533.58157204], v=[ 0.57705415 -3.18165125  6.40269158]
Epoch 1791, t=2460388.509187491:
  TLE_ECI: r=[  684.79819408 -3360.41616559  6910.71966997], v=[5.94053379 3.83442246 1.27536255]
  RK45_ECI: r=[-6325.45378653 -4208.46697418 -1491.92357309], v=[ 0.61389602 -3.15794116  6.41113551]
Epoch 1792, t=2460388.5092627546:
  TLE_ECI: r=[  864.26260345 -3243.68861161  6946.27566989], v=[5.91858956 3.9229411  1.09513137]
  RK45_ECI: r=[-6319.34091873 -4231.9212372  -1450.21125092], v=[ 0.65069515 -3.13408088  6.41934715]
Epoch 1793, t=2460388.5093380176:
  TLE_ECI: r=[ 1042.94230302 -3124.26662869  6976.41181023], v=[5.8919571  4.00838042 0.91405295]
  RK45_ECI: r=[-6312.97786809 -4255.21673672 -1408.44670487], v=[ 0.68744957 -3.11007164  6.42732607]
Epoch 1794, t=2460388.509413281:
  TLE_ECI: r=[ 1220.69575798 -3002.24405007  7001.10478102], v=[5.86066027 4.09067019 0.73226766]
  RK45_ECI: r=[-6306.36491882 -4278.35271104 -1366.63086097], v=[ 0.72415832 -3.08591399  6.43507206]
Epoch 1795, t=2460388.5094885444:
  TLE_ECI: r=[ 1397.3822213  -2877.71685533  7020.33549138], v=[5.82472659 4.16974256 0.5499164 ]
  RK45_ECI: r=[-6299.50245877 -4301.32805973 -1324.76523421], v=[ 0.76081994 -3.06160884  6.44258482]
Epoch 1796, t=2460388.509563808:
  TLE_ECI: r=[ 1572.86188057 -2750.78308559  7034.0890832 ], v=[5.78418715 4.2455322  0.36714045]
  RK45_ECI: r=[-6292.39092217 -4324.14152137 -1282.85173523], v=[ 0.79743262 -3.03715732  6.44986398]
Epoch 1797, t=2460388.5096390713:
  TLE_ECI: r=[ 1746.99595699 -2621.54276998  7042.35494173], v=[5.73907663 4.31797632 0.18408141]
  RK45_ECI: r=[-6285.03066026 -4346.79221471 -1240.89149019], v=[ 0.83399525 -3.01256012  6.45690932]
Epoch 1798, t=2460388.5097143343:
  TLE_ECI: r=[ 1919.64680529 -2490.09785388  7045.12670319], v=[5.68943324e+00 4.38701469e+00 8.81062002e-04]
  RK45_ECI: r=[-6277.42217106 -4369.2787841  -1198.88661158], v=[ 0.87050583 -2.98781851  6.46372047]
Epoch 1799, t=2460388.5097895977:
  TLE_ECI: r=[ 2090.67804997 -2356.55209815  7042.4022592 ], v=[ 5.63529865  4.45258979 -0.18231869]
  RK45_ECI: r=[-6269.56577152 -4391.60048703 -1156.83803152], v=[ 0.90696346 -2.96293307  6.47029725]
Epoch 1800, t=2460388.509864861:
  TLE_ECI: r=[ 2259.95464578 -2221.01103078  7034.18375827], v=[ 5.57671806  4.5146467  -0.36537596]
  RK45_ECI: r=[-6261.46189982 -4413.75625391 -1114.7472743 ], v=[ 0.94336664 -2.93790473  6.4766394 ]
Epoch 1801, t=2460388.5099401246:
  TLE_ECI: r=[ 2427.34301257 -2083.5818444   7020.47760404], v=[ 5.51374008  4.57313324 -0.54814897]
  RK45_ECI: r=[-6253.11105119 -4435.74486206 -1072.61626164], v=[ 0.97971361 -2.91273467  6.48274659]
Epoch 1802, t=2460388.5100153876:
  TLE_ECI: r=[ 2592.71112519 -1944.37332587  7001.29445062], v=[ 5.44641673  4.62800001 -0.73049614]
  RK45_ECI: r=[-6244.51365969 -4457.56534739 -1030.44632428], v=[ 1.01600307 -2.88742372  6.48861862]
Epoch 1803, t=2460388.510090651:
  TLE_ECI: r=[ 2755.92863887 -1803.49574232  6976.64919467], v=[ 5.37480337  4.67920044 -0.91227622]
  RK45_ECI: r=[-6235.67015781 -4479.21671671  -988.23899209], v=[ 1.05223359 -2.86197284  6.49425525]
Epoch 1804, t=2460388.5101659144:
  TLE_ECI: r=[ 2916.86695458 -1661.06079951  6946.56096459], v=[ 5.2989587   4.72669073 -1.09334836]
  RK45_ECI: r=[-6226.581027   -4500.69792832  -945.99579633], v=[ 1.08840373 -2.83638299  6.49965626]
Epoch 1805, t=2460388.510241178:
  TLE_ECI: r=[ 3075.39934263 -1517.1815264   6911.05310655], v=[ 5.21894467  4.77043003 -1.27357223]
  RK45_ECI: r=[-6217.24671128 -4522.00805113  -903.71807128], v=[ 1.12451219 -2.81065502  6.50482143]
Epoch 1806, t=2460388.5103164413:
  TLE_ECI: r=[ 3231.40103476 -1371.97219446  6870.1531674 ], v=[ 5.1348265   4.81038035 -1.45280812]
  RK45_ECI: r=[-6207.66776631 -4543.14590251  -861.40774798], v=[ 1.16055723 -2.78479014  6.50975052]
Epoch 1807, t=2460388.5103917043:
  TLE_ECI: r=[ 3384.74931714 -1225.54823879  6823.89287464], v=[ 5.04667255  4.84650666 -1.63091704]
  RK45_ECI: r=[-6197.84467029 -4564.11054706  -819.06616357], v=[ 1.19653755 -2.75878922  6.51444334]
Epoch 1808, t=2460388.5104669677:
  TLE_ECI: r=[ 3535.3236405  -1078.02612908  6772.30811323], v=[ 4.95455432  4.87877693 -1.80776083]
  RK45_ECI: r=[-6187.77790419 -4584.90102418  -776.69485494], v=[ 1.23245174 -2.73265324  6.51889971]
Epoch 1809, t=2460388.510542231:
  TLE_ECI: r=[3683.00569077 -929.52333692 6715.43889943], v=[ 4.85854639  4.90716212 -1.98320223]
  RK45_ECI: r=[-6177.46796019 -4605.51640787  -734.29516102], v=[ 1.26829853 -2.70638308  6.52311945]
Epoch 1810, t=2460388.5106174946:
  TLE_ECI: r=[3827.67949672 -780.15820602 6653.32935153], v=[ 4.75872637  4.93163621 -2.15710504]
  RK45_ECI: r=[-6166.91544195 -4625.95554841  -691.86901909], v=[ 1.30407618 -2.67997998  6.52710234]
Epoch 1811, t=2460388.510692758:
  TLE_ECI: r=[3969.23151629 -630.049869   6586.02765759], v=[ 4.65517483  4.95217625 -2.32933416]
  RK45_ECI: r=[-6156.12084892 -4646.21755225  -649.41777056], v=[ 1.3397834  -2.65344483  6.53084824]
Epoch 1812, t=2460388.510768021:
  TLE_ECI: r=[4107.55072359 -479.31816605 6513.58604012], v=[ 4.54797528  4.96876236 -2.49975572]
  RK45_ECI: r=[-6145.08474132 -4666.30143159  -606.94295685], v=[ 1.37541879 -2.62677865  6.53435698]
Epoch 1813, t=2460388.5108432844:
  TLE_ECI: r=[4242.52870163 -328.08350378 6436.06071779], v=[ 4.437214    4.98137779 -2.6682372 ]
  RK45_ECI: r=[-6133.80764841 -4686.20625907  -564.44612045], v=[ 1.41098094 -2.59998244  6.53762842]
Epoch 1814, t=2460388.510918548:
  TLE_ECI: r=[4374.05971735 -176.46683087 6353.51186406], v=[ 4.32298012  4.99000888 -2.83464747]
  RK45_ECI: r=[-6122.29010562 -4705.93113907  -521.92860515], v=[ 1.44646859 -2.57305711  6.54066243]
Epoch 1815, t=2460388.5109938113:
  TLE_ECI: r=[4502.04081132  -24.58949645 6266.00356293], v=[ 4.20536548  4.99464513 -2.99885696]
  RK45_ECI: r=[-6110.53277585 -4725.47496436  -479.39235439], v=[ 1.48188001 -2.54600395  6.54345883]
Epoch 1816, t=2460388.5110690747:
  TLE_ECI: r=[4626.37187668  127.42683422 6173.60376161], v=[ 4.08446457  4.99527918 -3.16073772]
  RK45_ECI: r=[-6098.53615503 -4744.83694889  -436.83851405], v=[ 1.51721411 -2.51882374  6.54601754]
Epoch 1817, t=2460388.5111443377:
  TLE_ECI: r=[4746.95573864  279.46026204 6076.38422031], v=[ 3.96037446  4.99190684 -3.3201635 ]
  RK45_ECI: r=[-6086.30099088 -4764.01590896  -394.26922934], v=[ 1.552469   -2.49151791  6.5483384 ]
Epoch 1818, t=2460388.511219601:
  TLE_ECI: r=[4863.69822817  431.38880581 5974.42045903], v=[ 3.83319471  4.98452712 -3.47700989]
  RK45_ECI: r=[-6073.82772101 -4783.01118279  -351.68544773], v=[ 1.5876438  -2.46408712  6.55042133]
Epoch 1819, t=2460388.5112948646:
  TLE_ECI: r=[4976.50825983  583.09041694 5867.79170149], v=[ 3.70302736  4.97314219 -3.6311544 ]
  RK45_ECI: r=[-6061.11697003 -4801.82182896  -309.08871636], v=[ 1.62273707 -2.43653244  6.55226623]
Epoch 1820, t=2460388.511370128:
  TLE_ECI: r=[5085.29790192  734.44313107 5756.58081613], v=[ 3.56997678  4.95775743 -3.78247655]
  RK45_ECI: r=[-6048.16945936 -4820.44678412  -266.4809831 ], v=[ 1.65774712 -2.40885518  6.55387299]
Epoch 1821, t=2460388.511445391:
  TLE_ECI: r=[5189.98244905  885.32513669 5640.87425424], v=[ 3.43414966  4.93838138 -3.93085798]
  RK45_ECI: r=[-6034.98583928 -4838.88512647  -223.86379661], v=[ 1.69267255 -2.38105641  6.55524154]
Epoch 1822, t=2460388.5115206544:
  TLE_ECI: r=[5290.48047946 1035.61493318 5520.76198527], v=[ 3.29565484  4.91502584 -4.0761825 ]
  RK45_ECI: r=[-6021.56656878 -4857.13621021  -181.23810591], v=[ 1.72751248 -2.35313683  6.5563718 ]
Epoch 1823, t=2460388.511595918:
  TLE_ECI: r=[5386.71393412 1185.19133797 5396.33742934], v=[ 3.15460333  4.88770575 -4.21833627]
  RK45_ECI: r=[-6007.91246869 -4875.19890762  -138.60606061], v=[ 1.76226503 -2.32509788  6.55726372]
Epoch 1824, t=2460388.5116711813:
  TLE_ECI: r=[5478.60816984 1333.93364378 5267.69738689], v=[ 3.01110816  4.85643929 -4.35720778]
  RK45_ECI: r=[-5994.02409371 -4893.0724767    -95.96881049], v=[ 1.79692915 -2.29694042  6.55791722]
Epoch 1825, t=2460388.5117464447:
  TLE_ECI: r=[5566.09202115 1481.72170128 5134.94196573], v=[ 2.86528433  4.82124778 -4.49268805]
  RK45_ECI: r=[-5979.90222292 -4910.75589917   -53.32830604], v=[ 1.83150314 -2.26866577  6.55833226]
Epoch 1826, t=2460388.5118217077:
  TLE_ECI: r=[5649.09786197 1628.43599974 4998.17450525], v=[ 2.7172487   4.78215575 -4.62467064]
  RK45_ECI: r=[-5965.5475537  -4928.2482904    -10.68609785], v=[ 1.86598564 -2.24027506  6.5585088 ]
Epoch 1827, t=2460388.511896971:
  TLE_ECI: r=[5727.56164133 1773.95782958 4857.50149805], v=[ 2.56711988  4.73919091 -4.75305177]
  RK45_ECI: r=[-5950.96057545 -4945.54902814    31.95686368], v=[ 1.90037577 -2.21176898  6.55844682]
Epoch 1828, t=2460388.5119722346:
  TLE_ECI: r=[5801.42296219 1918.16928061 4713.03250895], v=[ 2.41501818  4.69238409 -4.87773041]
  RK45_ECI: r=[-5936.14217179 -4962.65703494    74.59842718], v=[ 1.93467168 -2.18314904  6.55814628]
Epoch 1829, t=2460388.512047498:
  TLE_ECI: r=[5870.62511232 2060.95340352 4564.88009134], v=[ 2.26106551  4.64176927 -4.99860837]
  RK45_ECI: r=[-5921.09293326 -4979.57159769   117.23744184], v=[ 1.96887234 -2.15441609  6.55760717]
Epoch 1830, t=2460388.5121227615:
  TLE_ECI: r=[5935.11511442 2202.19428915 4413.15970117], v=[ 2.10538527  4.58738356 -5.11559034]
  RK45_ECI: r=[-5905.8136958  -4996.29174437   159.87195625], v=[ 2.00297607 -2.12557151  6.55682949]
Epoch 1831, t=2460388.5121980244:
  TLE_ECI: r=[5994.84377589 2341.77714594 4257.98960834], v=[ 1.94810227  4.52926714 -5.22858402]
  RK45_ECI: r=[-5890.30520318 -5012.81662836   202.50041937], v=[ 2.03698154 -2.09661644  6.55581325]
Epoch 1832, t=2460388.512273288:
  TLE_ECI: r=[6049.7657016  2479.58846431 4099.49080577], v=[ 1.78934256  4.46746329 -5.33750019]
  RK45_ECI: r=[-5874.56797467 -5029.14565189   245.12188023], v=[ 2.07088787 -2.0675516   6.55455844]
Epoch 1833, t=2460388.5123485513:
  TLE_ECI: r=[6099.83937076 2615.51600525 3937.78691605], v=[ 1.62923346  4.40201832 -5.44225277]
  RK45_ECI: r=[-5858.60295568 -5045.27778903   287.73418769], v=[ 2.10469325 -2.03837853  6.55306511]
Epoch 1834, t=2460388.5124238147:
  TLE_ECI: r=[6145.02714425 2749.44896316 3773.0040959 ], v=[ 1.46790335  4.33298155 -5.5427589 ]
  RK45_ECI: r=[-5842.41077186 -5061.21235652   330.33619093], v=[ 2.13839666 -2.00909811  6.55133326]
Epoch 1835, t=2460388.512499078:
  TLE_ECI: r=[6185.29530207 2881.27803936 3605.27093831], v=[ 1.3054816   4.26040528 -5.63893902]
  RK45_ECI: r=[-5825.99231525 -5076.94842957   372.92593942], v=[ 2.17199647 -1.97971175  6.54936295]
Epoch 1836, t=2460388.512574341:
  TLE_ECI: r=[6220.61407925 3010.89551538 3434.71837265], v=[ 1.1420985   4.18434476 -5.73071693]
  RK45_ECI: r=[-5809.34837515 -5092.48520069   415.50188306], v=[ 2.20549133 -1.95022062  6.54715423]
Epoch 1837, t=2460388.5126496046:
  TLE_ECI: r=[6250.95765531 3138.19541502 3261.4795627 ], v=[ 0.97788506  4.10485814 -5.81801987]
  RK45_ECI: r=[-5792.47950008 -5107.82209734   458.0630712 ], v=[ 2.23888041 -1.92062545  6.54470713]
Epoch 1838, t=2460388.512724868:
  TLE_ECI: r=[6276.30422701 3263.07348389 3085.68980254], v=[ 0.81297301  4.02200643 -5.90077859]
  RK45_ECI: r=[-5775.386696   -5122.95814662   500.60735489], v=[ 2.27216192 -1.89092781  6.54202174]
Epoch 1839, t=2460388.5128001315:
  TLE_ECI: r=[6296.63599224 3385.42734847 2907.48641077], v=[ 0.64749464  3.93585347 -5.97892738]
  RK45_ECI: r=[-5758.07062365 -5137.89269516   543.13358431], v=[ 2.30533485 -1.86112862  6.5390981 ]
Epoch 1840, t=2460388.5128753944:
  TLE_ECI: r=[6311.93918256 3505.15656633 2727.00862267], v=[ 0.4815827   3.84646585 -6.05240415]
  RK45_ECI: r=[-5740.53231601 -5152.62479457   585.63961221], v=[ 2.33839744 -1.83122944  6.53593635]
Epoch 1841, t=2460388.512950658:
  TLE_ECI: r=[6322.20403403 3622.16278337 2544.39748093], v=[ 0.31537025  3.75391289 -6.12115051]
  RK45_ECI: r=[-5722.77234777 -5167.15389551   628.12448909], v=[ 2.37134886 -1.80123106  6.53253653]
Epoch 1842, t=2460388.5130259213:
  TLE_ECI: r=[6327.42485532 3736.3497062  2359.79572431], v=[ 0.14899062  3.6582666  -6.18511178]
  RK45_ECI: r=[-5704.79155563 -5181.47923303   670.58666724], v=[ 2.4041878  -1.77113464  6.52889874]
Epoch 1843, t=2460388.5131011847:
  TLE_ECI: r=[6327.59999204 3847.62325694 2173.34767518], v=[-0.01742274  3.55960156 -6.24423707]
  RK45_ECI: r=[-5686.59091878 -5195.59996092   713.02420123], v=[ 2.43691267 -1.74094166  6.52502312]
Epoch 1844, t=2460388.513176448:
  TLE_ECI: r=[6322.73183759 3955.89163425 1985.19912533], v=[-0.18373638  3.45799493 -6.2984793 ]
  RK45_ECI: r=[-5668.17113161 -5209.51545731   755.43594338], v=[ 2.46952248 -1.71065304  6.52090975]
Epoch 1845, t=2460388.513251711:
  TLE_ECI: r=[6312.82684265 4061.0653724  1795.49722052], v=[-0.34981694  3.35352636 -6.34779528]
  RK45_ECI: r=[-5649.53328639 -5223.22482813   797.81975143], v=[ 2.5020155  -1.68027039  6.51655881]
Epoch 1846, t=2460388.5133269746:
  TLE_ECI: r=[6297.89546197 4163.05749103 1604.39034385], v=[-0.51553129  3.24627793 -6.39214571]
  RK45_ECI: r=[-5630.67798593 -5236.72755055   840.17467791], v=[ 2.5343909  -1.64979449  6.51197038]
Epoch 1847, t=2460388.513402238:
  TLE_ECI: r=[6277.95221561 4261.78345787 1412.02799777], v=[-0.68074662  3.13633407 -6.43149527]
  RK45_ECI: r=[-5611.60611067 -5250.02290075   882.49917891], v=[ 2.56664743 -1.61922657  6.5071446 ]
Epoch 1848, t=2460388.5134775015:
  TLE_ECI: r=[6253.01562956 4357.1613346  1218.56068526], v=[-0.84533055  3.02378152 -6.46581258]
  RK45_ECI: r=[-5592.31869294 -5263.11008284   924.79131453], v=[ 2.5987835  -1.58856809  6.50208167]
Epoch 1849, t=2460388.513552765:
  TLE_ECI: r=[6223.10823121 4449.11182795 1024.13979   ], v=[-1.00915127  2.90870923 -6.49507029]
  RK45_ECI: r=[-5572.8164604  -5275.98850694   967.04994021], v=[ 2.63079816 -1.55782002  6.49678168]
Epoch 1850, t=2460388.513628028:
  TLE_ECI: r=[6188.25654318 4537.55833904  828.91745566], v=[-1.1720776   2.79120831 -6.51924508]
  RK45_ECI: r=[-5553.10056315 -5288.65733464  1009.27292072], v=[ 2.6626897  -1.52698399  6.49124491]
Epoch 1851, t=2460388.5137032913:
  TLE_ECI: r=[6148.49100736 4622.42710149  633.04646465], v=[-1.33397918  2.67137194 -6.5383177 ]
  RK45_ECI: r=[-5533.1716315  -5301.11607025  1051.45931142], v=[ 2.69445733 -1.4960608   6.48547144]
Epoch 1852, t=2460388.5137785547:
  TLE_ECI: r=[6103.84603781 4703.64713493  436.68011599], v=[-1.4947265   2.54929529 -6.55227296]
  RK45_ECI: r=[-5513.03058864 -5313.36403198  1093.60757365], v=[ 2.72609979 -1.46505169  6.47946146]
Epoch 1853, t=2460388.513853818:
  TLE_ECI: r=[6054.35993876 4781.1503785   239.97210296], v=[-1.65419108  2.42507546 -6.56109974]
  RK45_ECI: r=[-5492.67851908 -5325.40047521  1135.7157748 ], v=[ 2.75761556 -1.43395817  6.47321521]
Epoch 1854, t=2460388.5139290816:
  TLE_ECI: r=[6000.07488455 4854.87173088   43.07639026], v=[-1.81224551  2.29881138 -6.56479107]
  RK45_ECI: r=[-5472.11618284 -5337.22484274  1177.78277451], v=[ 2.7890037  -1.40278122  6.46673285]
Epoch 1855, t=2460388.5140043446:
  TLE_ECI: r=[5941.03689785 4924.74908851 -153.85290911], v=[-1.96876361  2.17060374 -6.56334403]
  RK45_ECI: r=[-5451.34478653 -5348.8363531   1219.8064465 ], v=[ 2.82026252 -1.37152249  6.46001468]
Epoch 1856, t=2460388.514079608:
  TLE_ECI: r=[5877.29575274 4990.72346835 -350.66165691], v=[-2.12362055  2.04055487 -6.55675985]
  RK45_ECI: r=[-5430.36498744 -5360.23453813  1261.78584985], v=[ 2.85139127 -1.34018281  6.45306082]
Epoch 1857, t=2460388.5141548715:
  TLE_ECI: r=[5808.90501799 5052.73895345 -547.19581311], v=[-2.27669288  1.90876871 -6.54504385]
  RK45_ECI: r=[-5409.17775054 -5371.41875892  1303.71945258], v=[ 2.88238871 -1.30876343  6.44587151]
Epoch 1858, t=2460388.514230135:
  TLE_ECI: r=[5735.92195395 5110.74281094 -743.30155886], v=[-2.42785871  1.77535068 -6.52820545]
  RK45_ECI: r=[-5387.78421114 -5382.38832325  1345.60533111], v=[ 2.91325335 -1.2772659   6.43844704]
Epoch 1859, t=2460388.514305398:
  TLE_ECI: r=[5658.407493   5164.68550301 -938.8254195 ], v=[-2.57699777  1.64040759 -6.50625816]
  RK45_ECI: r=[-5366.1852665  -5393.14265356  1387.44215415], v=[ 2.94398412 -1.24569135  6.43078764]
Epoch 1860, t=2460388.5143806613:
  TLE_ECI: r=[ 5576.42612696  5214.52079588 -1133.61438703], v=[-2.72399154  1.50404758 -6.47921959]
  RK45_ECI: r=[-5344.38186163 -5403.68118737  1429.22839492], v=[ 2.97457984 -1.21404102  6.42289356]
Epoch 1861, t=2460388.5144559247:
  TLE_ECI: r=[ 5490.04594241  5260.20569916 -1327.5160424 ], v=[-2.86872334  1.36637998 -6.44711138]
  RK45_ECI: r=[-5322.37490522 -5414.00335962  1470.96272426], v=[ 3.00503943 -1.18231605  6.41476502]
Epoch 1862, t=2460388.514531188:
  TLE_ECI: r=[ 5399.33850249  5301.70056969 -1520.378677  ], v=[-3.0110784   1.22751528 -6.40995924]
  RK45_ECI: r=[-5300.16557241 -5424.10852062  1512.64322714], v=[ 3.03536145 -1.15051802  6.40640237]
Epoch 1863, t=2460388.5146064516:
  TLE_ECI: r=[ 5304.37880091  5338.96912864 -1712.05141359], v=[-3.150944    1.08756496 -6.36779288]
  RK45_ECI: r=[-5277.75477309 -5433.99613958  1554.26857816], v=[ 3.06554484 -1.11864803  6.39780587]
Epoch 1864, t=2460388.5146817146:
  TLE_ECI: r=[ 5205.24521366  5371.9784775  -1902.38432647], v=[-3.28820951  0.94664148 -6.32064602]
  RK45_ECI: r=[-5255.14353165 -5443.6656422   1595.83725777], v=[ 3.09558843 -1.08670741  6.38897578]
Epoch 1865, t=2460388.514756978:
  TLE_ECI: r=[ 5102.01936996  5400.69918714 -2091.2285605 ], v=[-3.42276656  0.80485809 -6.26855632]
  RK45_ECI: r=[-5232.33283281 -5453.11650903  1637.34774826], v=[ 3.12549105 -1.0546974   6.37991243]
Epoch 1866, t=2460388.5148322415:
  TLE_ECI: r=[ 4994.78617647  5425.10523131 -2278.43644964], v=[-3.55450904  0.66232881 -6.21156537]
  RK45_ECI: r=[-5209.32362028 -5462.34821474  1678.79872838], v=[ 3.15525168 -1.02261917  6.37061606]
Epoch 1867, t=2460388.514907505:
  TLE_ECI: r=[ 4883.63368336  5445.17407007 -2463.8616338 ], v=[-3.68333324  0.5191683  -6.14971865]
  RK45_ECI: r=[-5186.11711793 -5471.36016338  1720.18829537], v=[ 3.18486888 -0.9904743   6.36108709]
Epoch 1868, t=2460388.5149827683:
  TLE_ECI: r=[ 4768.653025    5460.88665411 -2647.35917485], v=[-3.80913792  0.37549176 -6.08306546]
  RK45_ECI: r=[-5162.71427024 -5480.15186365  1761.51513236], v=[ 3.21434165 -0.95826395  6.35132579]
Epoch 1869, t=2460388.5150580313:
  TLE_ECI: r=[ 4649.93835908  5472.22742742 -2828.78567116], v=[-3.93182439  0.23141486 -6.01165892]
  RK45_ECI: r=[-5139.11614072 -5488.72278603  1802.77772995], v=[ 3.24366883 -0.92598942  6.3413325 ]
Epoch 1870, t=2460388.5151332947:
  TLE_ECI: r=[ 4527.58672322  5479.18439554 -3007.99937064], v=[-4.05129659  0.08705359 -5.93555588]
  RK45_ECI: r=[-5115.32375244 -5497.07245517  1843.97458084], v=[ 3.27284929 -0.89365201  6.33110756]
Epoch 1871, t=2460388.515208558:
  TLE_ECI: r=[ 4401.69804959  5481.74905299 -3184.8602826 ], v=[-4.16746116 -0.0574758  -5.8548169 ]
  RK45_ECI: r=[-5091.33808359 -5505.20038556  1885.10437296], v=[ 3.30188203 -0.86125288  6.32065127]
Epoch 1872, t=2460388.5152838216:
  TLE_ECI: r=[ 4272.37501652  5479.91644671 -3359.23028757], v=[-4.28022752 -0.20205689 -5.76950618]
  RK45_ECI: r=[-5067.1604051  -5513.10603624  1926.16521755], v=[ 3.33076567 -0.82879364  6.30996409]
Epoch 1873, t=2460388.515359085:
  TLE_ECI: r=[ 4139.72297887  5473.68516627 -3530.97324572], v=[-4.38950794 -0.34657319 -5.67969147]
  RK45_ECI: r=[-5042.79159247 -5520.78898032  1967.15599971], v=[ 3.35949934 -0.79627532  6.29904628]
Epoch 1874, t=2460388.515434348:
  TLE_ECI: r=[ 4003.84989593  5463.05733366 -3699.95510336], v=[-4.4952176  -0.49090827 -5.58544409]
  RK45_ECI: r=[-5018.23305498 -5528.24866066  2008.07464491], v=[ 3.38808153 -0.76369968  6.28789838]
Epoch 1875, t=2460388.5155096115:
  TLE_ECI: r=[ 3864.86617697  5448.03864967 -3866.04399748], v=[-4.59727465 -0.63494585 -5.48683877]
  RK45_ECI: r=[-4993.48554535 -5535.48471956  2048.92023434], v=[ 3.41651155 -0.73106759  6.27652061]
Epoch 1876, t=2460388.515584875:
  TLE_ECI: r=[ 3722.88468591  5428.63831739 -4029.11035865], v=[-4.69560029 -0.77856985 -5.38395365]
  RK45_ECI: r=[-4968.55017742 -5542.49668804  2089.69127411], v=[ 3.44478828 -0.69838039  6.26491337]
Epoch 1877, t=2460388.5156601383:
  TLE_ECI: r=[ 3578.02058333  5404.86908345 -4189.02701152], v=[-4.7901188  -0.92166452 -5.2768702 ]
  RK45_ECI: r=[-4943.42826809 -5549.28408053  2130.38589117], v=[ 3.47291038 -0.66563969  6.25307717]
Epoch 1878, t=2460388.5157354013:
  TLE_ECI: r=[ 3430.39126287  5376.74720553 -4345.66927342], v=[-4.88075763 -1.06411453 -5.16567313]
  RK45_ECI: r=[-4918.12095108 -5555.84645276  2171.00259897], v=[ 3.50087675 -0.63284685  6.24101241]
Epoch 1879, t=2460388.5158106647:
  TLE_ECI: r=[ 3280.11619128  5344.29248016 -4498.9150506 ], v=[-4.96744742 -1.20580511 -5.0504503 ]
  RK45_ECI: r=[-4892.62899538 -5562.18346803  2211.54048385], v=[ 3.52868673 -0.60000273  6.22871935]
Epoch 1880, t=2460388.515885928:
  TLE_ECI: r=[ 3127.31690457  5307.52816508 -4648.64493248], v=[-5.05012204 -1.34662205 -4.93129272]
  RK45_ECI: r=[-4866.95386694 -5568.29463963  2251.99749225], v=[ 3.55633882 -0.56710913  6.21619859]
Epoch 1881, t=2460388.5159611916:
  TLE_ECI: r=[ 2972.11684524  5266.48100201 -4794.74228337], v=[-5.1287187  -1.48645184 -4.80829437]
  RK45_ECI: r=[-4841.09648606 -5574.17959799  2292.37252452], v=[ 3.58383224 -0.5341671   6.20345044]
Epoch 1882, t=2460388.516036455:
  TLE_ECI: r=[ 2814.64127663  5221.18118487 -4937.09333182], v=[-5.20317792 -1.62518179 -4.68155219]
  RK45_ECI: r=[-4815.0582141  -5579.83791371  2332.66372509], v=[ 3.61116566 -0.50117827  6.19047547]
Epoch 1883, t=2460388.516111718:
  TLE_ECI: r=[ 2655.0171959   5171.66232758 -5075.58725765], v=[-5.27344359 -1.76270004 -4.55116599]
  RK45_ECI: r=[-4788.84022052 -5585.26918921  2372.86962153], v=[ 3.63833805 -0.46814401  6.17727413]
Epoch 1884, t=2460388.5161869815:
  TLE_ECI: r=[ 2493.37316951  5117.96146894 -5210.11627626], v=[-5.33946303 -1.89889579 -4.41723834]
  RK45_ECI: r=[-4762.44329689 -5590.47311845  2412.98930867], v=[ 3.66534872 -0.4350652   6.16384669]
Epoch 1885, t=2460388.516262245:
  TLE_ECI: r=[ 2329.83932059  5060.11899448 -5340.57572075], v=[-5.40118701 -2.03365921 -4.27987449]
  RK45_ECI: r=[-4735.86895733 -5595.44927647  2453.02075333], v=[ 3.69219627 -0.40194365  6.15019382]
Epoch 1886, t=2460388.5163375083:
  TLE_ECI: r=[ 2164.54716178  4998.17863707 -5466.8641211 ], v=[-5.45856976 -2.16688165 -4.1391823 ]
  RK45_ECI: r=[-4709.11814855 -5600.19733042  2492.96286674], v=[ 3.71887991 -0.36878043  6.13631586]
Epoch 1887, t=2460388.516412772:
  TLE_ECI: r=[ 1997.62950466  4932.18743351 -5588.88328085], v=[-5.51156903 -2.29845568 -3.99527214]
  RK45_ECI: r=[-4682.19227496 -5604.7169077   2532.8138125 ], v=[ 3.74539838 -0.33557718  6.12221343]
Epoch 1888, t=2460388.5164880347:
  TLE_ECI: r=[ 1829.22036693  4862.19568173 -5706.53835118], v=[-5.56014609 -2.42827517 -3.84825679]
  RK45_ECI: r=[-4655.09254057 -5609.00765791  2572.5721337 ], v=[ 3.77175065 -0.30233528  6.10788703]
Epoch 1889, t=2460388.516563298:
  TLE_ECI: r=[ 1659.45480706  4788.25692291 -5819.73790197], v=[-5.60426576 -2.55623543 -3.69825139]
  RK45_ECI: r=[-4627.81975884 -5613.06930599  2612.23693447], v=[ 3.7979361  -0.26905564  6.09333695]
Epoch 1890, t=2460388.5166385616:
  TLE_ECI: r=[ 1488.46890259  4710.427865   -5928.39399056], v=[-5.64389644 -2.6822332  -3.54537329]
  RK45_ECI: r=[-4600.37549002 -5616.90148966  2651.80620393], v=[ 3.82395334 -0.23574006  6.07856391]
Epoch 1891, t=2460388.516713825:
  TLE_ECI: r=[ 1316.39958332  4628.76836096 -6032.42222731], v=[-5.6790101  -2.80616677 -3.38974199]
  RK45_ECI: r=[-4572.76070657 -5620.50391304  2691.27886519], v=[ 3.84980162 -0.20238963  6.06356829]
Epoch 1892, t=2460388.516789088:
  TLE_ECI: r=[ 1143.38455009  4543.34135206 -6131.74183855], v=[-5.70958233 -2.92793605 -3.23147903]
  RK45_ECI: r=[-4544.9769891  -5623.87624244  2730.65291821], v=[ 3.87547961 -0.16900618  6.04835084]
Epoch 1893, t=2460388.5168643515:
  TLE_ECI: r=[  969.5621117   4454.21283233 -6226.27572648], v=[-5.73559229 -3.04744272 -3.07070793]
  RK45_ECI: r=[-4517.02517053 -5627.01823073  2769.92747655], v=[ 3.90098667 -0.13559061  6.03291187]
Epoch 1894, t=2460388.516939615:
  TLE_ECI: r=[  795.07115552  4361.45177471 -6315.95052655], v=[-5.75702279 -3.16459018 -2.90755403]
  RK45_ECI: r=[-4488.90648959 -5629.9295787   2809.10110086], v=[ 3.92632184 -0.10214431  6.01725193]
Epoch 1895, t=2460388.5170148783:
  TLE_ECI: r=[  620.05098383  4265.1300919  -6400.69666153], v=[-5.77386024 -3.27928369 -2.74214448]
  RK45_ECI: r=[-4460.62241634 -5632.61000581  2848.171989  ], v=[ 3.95148391 -0.06866896  6.00137171]
Epoch 1896, t=2460388.517090142:
  TLE_ECI: r=[  444.6412172   4165.32257602 -6480.44839294], v=[-5.7860947  -3.39143043 -2.57460803]
  RK45_ECI: r=[-4432.17394788 -5635.05925358  2887.13907694], v=[ 3.97647216 -0.03516564  5.98527163]
Epoch 1897, t=2460388.5171654047:
  TLE_ECI: r=[  268.98169638  4062.10683924 -6555.14386943], v=[-5.79371984 -3.50093957 -2.40507505]
  RK45_ECI: r=[-4403.5627087  -5637.27705169  2926.00038964], v=[ 4.00128529e+00 -1.63620010e-03  5.96895248e+00]
Epoch 1898, t=2460388.517240668:
  TLE_ECI: r=[   93.21232427  3955.56325691 -6624.72517209], v=[-5.79673291 -3.60772239 -2.23367734]
  RK45_ECI: r=[-4374.78955167 -5639.2631849   2964.75505161], v=[4.02592271 0.03191845 5.95241462]
Epoch 1899, t=2460388.5173159316:
  TLE_ECI: r=[  -82.52697121  3845.77489828 -6689.1383571 ], v=[-5.79513483 -3.71169222 -2.06054809]
  RK45_ECI: r=[-4345.85574752 -5641.01740209  3003.40164177], v=[4.05038348 0.06549692 5.93565862]
Epoch 1900, t=2460388.517391195:
  TLE_ECI: r=[ -258.09639555  3732.82746665 -6748.33349507], v=[-5.78893011 -3.81276462 -1.88582172]
  RK45_ECI: r=[-4316.76280521 -5642.53948095  3041.93838153], v=[4.07466644 0.09909751 5.91868525]
Epoch 1901, t=2460388.5174664585:
  TLE_ECI: r=[ -433.35638474  3616.80923133 -6802.26470752], v=[-5.77812684 -3.9108574  -1.70963385]
  RK45_ECI: r=[-4287.5117453  -5643.82920093  3080.36422079], v=[4.0987709  0.13271912 5.90149493]
Epoch 1902, t=2460388.5175417215:
  TLE_ECI: r=[ -608.16770361  3497.81096077 -6850.89020039], v=[-5.76273672 -4.00589065 -1.53212116]
  RK45_ECI: r=[-4258.10423441 -5644.88635555  3118.67721132], v=[4.12269562 0.16635991 5.88408852]
Epoch 1903, t=2460388.517616985:
  TLE_ECI: r=[ -782.39159616  3375.92584567 -6894.17229434], v=[-5.74277499 -4.0977869  -1.35342128]
  RK45_ECI: r=[-4228.54114473 -5645.71076154  3156.87648941], v=[4.14644001 0.20001895 5.8664664 ]
Epoch 1904, t=2460388.5176922483:
  TLE_ECI: r=[ -955.88983054  3251.24943565 -6932.07745232], v=[-5.71826047 -4.18647104 -1.17367271]
  RK45_ECI: r=[-4198.82377728 -5646.30221658  3194.96065355], v=[4.1700032  0.23369483 5.84862919]
Epoch 1905, t=2460388.517767512:
  TLE_ECI: r=[-1128.5248488   3123.8795598  -6964.57630383], v=[-5.6892155  -4.27187048 -0.99301471]
  RK45_ECI: r=[-4168.95367834 -5646.66055702  3232.92795044], v=[4.19338406 0.26738586 5.8305777 ]
Epoch 1906, t=2460388.517842775:
  TLE_ECI: r=[-1300.15986279  2993.91625223 -6991.64366629], v=[-5.65566594 -4.35391516 -0.8115872 ]
  RK45_ECI: r=[-4138.93189114 -5646.78560027  3270.7773448 ], v=[4.21658194 0.30109093 5.81231238]
Epoch 1907, t=2460388.517918038:
  TLE_ECI: r=[-1470.65895211  2861.46167895 -7013.25856329], v=[-5.61764114 -4.4325376  -0.62953067]
  RK45_ECI: r=[-4108.76012226 -5646.67720445  3308.50691709], v=[4.23959563 0.33480818 5.79383417]
Epoch 1908, t=2460388.5179933016:
  TLE_ECI: r=[-1639.88720311  2726.62004241 -7029.40423978], v=[-5.57517388 -4.507673   -0.44698605]
  RK45_ECI: r=[-4078.43926245 -5646.33521844  3346.11581616], v=[4.26242459 0.36853668 5.77514344]
Epoch 1909, t=2460388.518068565:
  TLE_ECI: r=[-1807.71076187  2589.49752505 -7040.06817434], v=[-5.52830042 -4.57925921 -0.26409463]
  RK45_ECI: r=[-4047.97064166 -5645.75948903  3383.60266144], v=[4.28506798 0.40227501 5.75624087]
Epoch 1910, t=2460388.5181438285:
  TLE_ECI: r=[-1973.99697245  2450.20219181 -7045.2420882 ], v=[-5.4770604  -4.64723684 -0.08099795]
  RK45_ECI: r=[-4017.35584188 -5644.94991152  3420.96572647], v=[4.30752472 0.43602146 5.73712731]
Epoch 1911, t=2460388.5182190915:
  TLE_ECI: r=[-2138.61446391  2308.84391662 -7044.92195133], v=[-5.42149686 -4.71154926  0.10216228]
  RK45_ECI: r=[-3986.59607627 -5643.9063445   3458.20381741], v=[4.32979408 0.46977477 5.71780335]
Epoch 1912, t=2460388.518294355:
  TLE_ECI: r=[-2301.43327939  2165.53427317 -7039.1079854 ], v=[-5.36165613 -4.77214272  0.28524433]
  RK45_ECI: r=[-3955.69264379 -5642.6287029   3495.3155685 ], v=[4.35187523 0.50353355 5.69826967]
Epoch 1913, t=2460388.5183696183:
  TLE_ECI: r=[-2462.32493449  2020.38648473 -7027.80466373], v=[-5.29758788 -4.82896629  0.4681065 ]
  RK45_ECI: r=[-3924.64689871 -5641.116876    3532.29961862], v=[4.37376734 0.53729638 5.67852699]
Epoch 1914, t=2460388.518444882:
  TLE_ECI: r=[-2621.1625451   1873.51531315 -7011.02070817], v=[-5.22934504 -4.88197198  0.65060726]
  RK45_ECI: r=[-3893.46004986 -5639.37075735  3569.15478387], v=[4.3954697  0.57106199 5.65857591]
Epoch 1915, t=2460388.518520145:
  TLE_ECI: r=[-2777.82091815  1725.03697594 -6988.76908284], v=[-5.15698377 -4.93111472  0.83260534]
  RK45_ECI: r=[-3862.1337131  -5637.39030158  3605.87936628], v=[4.4169813  0.60482868 5.63841733]
Epoch 1916, t=2460388.518595408:
  TLE_ECI: r=[-2932.17664381  1575.06906504 -6961.06698492], v=[-5.08056341 -4.97635244  1.01395981]
  RK45_ECI: r=[-3830.66912517 -5635.17541159  3642.47219187], v=[4.43830143 0.63859517 5.61805188]
Epoch 1917, t=2460388.5186706716:
  TLE_ECI: r=[-3084.10820984  1423.73042199 -6927.93583228], v=[-5.00014642 -5.01764613  1.19453022]
  RK45_ECI: r=[-3799.06761178 -5632.72605043  3678.93191796], v=[4.45942931 0.67236006 5.59748029]
Epoch 1918, t=2460388.518745935:
  TLE_ECI: r=[-3233.4960667   1271.1410958  -6889.40124817], v=[-4.91579836 -5.05495978  1.37417668]
  RK45_ECI: r=[-3767.3304166  -5630.04213554  3715.25737695], v=[4.48036425 0.70612208 5.5767032 ]
Epoch 1919, t=2460388.5188211985:
  TLE_ECI: r=[-3380.22273979  1117.42221715 -6845.4930427 ], v=[-4.82758785 -5.08826048  1.55275996]
  RK45_ECI: r=[-3735.45918148 -5627.12366914  3751.4468948 ], v=[4.50110527 0.73987952 5.55572154]
Epoch 1920, t=2460388.518896462:
  TLE_ECI: r=[-3524.17291556   962.69591247 -6796.24519144], v=[-4.73558649 -5.11751845  1.7301416 ]
  RK45_ECI: r=[-3703.45514456 -5623.97060059  3787.49931419], v=[4.52165172 0.77363111 5.53453598]
Epoch 1921, t=2460388.518971725:
  TLE_ECI: r=[-3665.23352865   807.08521944 -6741.69581082], v=[-4.63986885 -5.14270704  1.90618401]
  RK45_ECI: r=[-3671.31970111 -5620.58289915  3823.41331193], v=[4.54200282 0.80737541 5.51314727]
Epoch 1922, t=2460388.5190469883:
  TLE_ECI: r=[-3803.2938596    650.71394925 -6681.88713057], v=[-4.54051232 -5.16380278  2.08075057]
  RK45_ECI: r=[-3639.05420227 -5616.96057613  3859.18756967], v=[4.56215783 0.84111103 5.49155617]
Epoch 1923, t=2460388.519122252:
  TLE_ECI: r=[-3938.24560547   493.70665275 -6616.86546315], v=[-4.4375972  -5.18078538  2.25370573]
  RK45_ECI: r=[-3606.6599135  -5613.10359357  3894.82094114], v=[4.58211611 0.87483669 5.46976338]
Epoch 1924, t=2460388.519197515:
  TLE_ECI: r=[-4069.98297504   336.18848159 -6546.68117008], v=[-4.33120651 -5.19363778  2.42491511]
  RK45_ECI: r=[-3574.13850738 -5609.01201342  3930.31178363], v=[4.60187672 0.90855068 5.44776986]
Epoch 1925, t=2460388.5192727786:
  TLE_ECI: r=[-4198.40276858   178.28510079 -6471.38862533], v=[-4.22142601 -5.20234613  2.5942456 ]
  RK45_ECI: r=[-3541.49124308 -5604.68582939  3965.65896167], v=[4.62143904 0.94225172 5.42557631]
Epoch 1926, t=2460388.5193480416:
  TLE_ECI: r=[-4323.4044584     20.12260266 -6391.0461756 ], v=[-4.10834411 -5.20689985  2.76156546]
  RK45_ECI: r=[-3508.71954002 -5600.12506048  4000.8611774 ], v=[4.64080236 0.97593838 5.40318353]
Epoch 1927, t=2460388.519423305:
  TLE_ECI: r=[-4444.89026836  -138.17264228 -6305.71609776], v=[-3.99205178 -5.20729162  2.92674443]
  RK45_ECI: r=[-3475.82477298 -5595.32976662  4035.91713806], v=[4.65996596 1.00960925 5.38059232]
Epoch 1928, t=2460388.5194985685:
  TLE_ECI: r=[-4562.76524874  -296.47401023 -6215.46455312], v=[-3.87264253 -5.20351741  3.08965382]
  RK45_ECI: r=[-3442.80822777 -5590.2999547   4070.82571977], v=[4.67892923 1.04326307 5.35780339]
Epoch 1929, t=2460388.519573832:
  TLE_ECI: r=[-4676.93735262  -454.65477336 -6120.36153892], v=[-3.75021232 -5.19557647  3.25016659]
  RK45_ECI: r=[-3409.6716061  -5585.03574638  4105.58531271], v=[4.6976913  1.07689811 5.33481777]
Epoch 1930, t=2460388.519649095:
  TLE_ECI: r=[-4787.31750957  -612.58817381 -6020.48083672], v=[-3.6248595  -5.18347133  3.4081575 ]
  RK45_ECI: r=[-3376.41634714 -5579.53720376  4140.19464227], v=[4.7162515  1.11051293 5.3116363 ]
Epoch 1931, t=2460388.5197243583:
  TLE_ECI: r=[-4893.81968932  -770.14757984 -5915.89995798], v=[-3.4966847  -5.16720786  3.56350315]
  RK45_ECI: r=[-3343.04341191 -5573.80432399  4174.65292333], v=[4.73460942 1.14410658 5.28825948]
Epoch 1932, t=2460388.519799622:
  TLE_ECI: r=[-4996.36097919  -927.20650362 -5806.70008662], v=[-3.36579081 -5.14679523  3.71608211]
  RK45_ECI: r=[-3309.55467826 -5567.83728754  4208.95840375], v=[4.75276412 1.17767719 5.26468848]
Epoch 1933, t=2460388.519874885:
  TLE_ECI: r=[-5094.86164402 -1083.63875684 -5692.96601878], v=[-3.23228287 -5.12224591  3.86577499]
  RK45_ECI: r=[-3275.95129074 -5561.63612225  4243.11014518], v=[4.77071512 1.21122363 5.24092393]
Epoch 1934, t=2460388.5199501486:
  TLE_ECI: r=[-5189.24519097 -1239.3185379  -5574.78609968], v=[-3.09626799 -5.09357568  4.01246459]
  RK45_ECI: r=[-3242.2349783  -5555.20100961  4277.1065722 ], v=[4.78846161 1.24474418 5.21696691]
Epoch 1935, t=2460388.5200254116:
  TLE_ECI: r=[-5279.43843447 -1394.12051734 -5452.25215768], v=[-2.9578553  -5.06080363  4.15603591]
  RK45_ECI: r=[-3208.4072012  -5548.53206183  4310.9464378 ], v=[4.80600294 1.2782374  5.19281829]
Epoch 1936, t=2460388.520100675:
  TLE_ECI: r=[-5365.3715388  -1547.92000012 -5325.45943548], v=[-2.8171558  -5.02395215  4.29637633]
  RK45_ECI: r=[-3174.46893321 -5541.62930938  4344.62897374], v=[4.82333874 1.31170235 5.16847861]
Epoch 1937, t=2460388.5201759385:
  TLE_ECI: r=[-5446.97809719 -1700.59293392 -5194.50651862], v=[-2.67428237 -4.98304694  4.43337562]
  RK45_ECI: r=[-3140.42208111 -5534.49299814  4378.15246676], v=[4.84046814 1.34513715 5.14394907]
Epoch 1938, t=2460388.520251202:
  TLE_ECI: r=[-5524.19517012 -1852.01607056 -5059.49526121], v=[-2.52934962 -4.93811693  4.56692611]
  RK45_ECI: r=[-3106.26780435 -5527.12319536  4411.51599942], v=[4.85739069 1.37854067 5.11923034]
Epoch 1939, t=2460388.5203264654:
  TLE_ECI: r=[-5596.96333955 -2002.06705055 -4920.53070894], v=[-2.38247381 -4.88919437  4.6969227 ]
  RK45_ECI: r=[-3072.00785717 -5519.52014243  4444.71803214], v=[4.87410562 1.4119112  5.09432354]
Epoch 1940, t=2460388.5204017283:
  TLE_ECI: r=[-5665.2267632  -2150.62448598 -4777.72101955], v=[-2.23377278 -4.83631472  4.82326303]
  RK45_ECI: r=[-3037.6437193  -5511.68400168  4477.75734672], v=[4.89061235 1.4452473  5.06922958]
Epoch 1941, t=2460388.520476992:
  TLE_ECI: r=[-5728.93319486 -2297.56812543 -4631.17738059], v=[-2.08336582 -4.77951669  4.94584748]
  RK45_ECI: r=[-3003.17637649 -5503.61483685  4510.63319255], v=[4.90691052 1.47854803 5.043949  ]
Epoch 1942, t=2460388.520552255:
  TLE_ECI: r=[-5788.03406328 -2442.7788534  -4481.01392462], v=[-1.93137362 -4.7188422   5.06457933]
  RK45_ECI: r=[-2968.60776216 -5495.31295928  4543.34389684], v=[4.92299932 1.5118115  5.01848309]
Epoch 1943, t=2460388.5206275187:
  TLE_ECI: r=[-5842.48448764 -2586.13885357 -4327.34764203], v=[-1.77791815 -4.65433632  5.1793648 ]
  RK45_ECI: r=[-2933.93904949 -5486.77847566  4575.88856394], v=[4.93887833 1.5450366  4.99283252]
Epoch 1944, t=2460388.520702782:
  TLE_ECI: r=[-5892.24332002 -2727.53168917 -4170.29829123], v=[-1.62312258 -4.58604731  5.29011313]
  RK45_ECI: r=[-2899.17201615 -5478.01168717  4608.26569158], v=[4.95454686 1.57822162 4.96699846]
Epoch 1945, t=2460388.520778045:
  TLE_ECI: r=[-5937.27318732 -2866.84238151 -4009.98830665], v=[-1.46711119 -4.51402653  5.39673668]
  RK45_ECI: r=[-2864.30815985 -5469.01280616  4640.47409151], v=[4.97000434 1.61136512 4.94098185]
Epoch 1946, t=2460388.5208533085:
  TLE_ECI: r=[-5977.5404885  -3003.95757445 -3846.54270428], v=[-1.31000919 -4.43832843  5.49915098]
  RK45_ECI: r=[-2829.34847704 -5459.78192983  4672.51303146], v=[4.98525047 1.64446615 4.91478326]
Epoch 1947, t=2460388.520928572:
  TLE_ECI: r=[-6013.01547141 -3138.76552417 -3680.08898497], v=[-1.15194273 -4.35901052  5.59727486]
  RK45_ECI: r=[-2794.29492582 -5450.31943476  4704.38088073], v=[5.00028448 1.67752285 4.88840403]
Epoch 1948, t=2460388.5210038354:
  TLE_ECI: r=[-6043.67222478 -3271.15626109 -3510.75703555], v=[-0.99303874 -4.27613331  5.69103043]
  RK45_ECI: r=[-2759.14869187 -5440.62546707  4736.07676627], v=[5.015106   1.71053409 4.86184484]
Epoch 1949, t=2460388.5210790983:
  TLE_ECI: r=[-6069.48871731 -3401.02164649 -3338.67902787], v=[-0.83342484 -4.18976029  5.78034323]
  RK45_ECI: r=[-2723.91174383 -5430.70043273  4767.59907705], v=[5.02971431 1.74349802 4.83510704]
Epoch 1950, t=2460388.521154362:
  TLE_ECI: r=[-6090.44677633 -3528.25553377 -3163.98931579], v=[-0.67322921 -4.09995786  5.86514227]
  RK45_ECI: r=[-2688.5850874  -5420.5444586   4798.94709844], v=[5.04410912 1.77641369 4.80819123]
Epoch 1951, t=2460388.521229625:
  TLE_ECI: r=[-6106.5321613  -3652.7537508  -2986.82433011], v=[-0.51258052 -4.00679531  5.94536008]
  RK45_ECI: r=[-2653.17023697 -5410.15781079  4830.1196747 ], v=[5.05828992 1.80927966 4.78109838]
Epoch 1952, t=2460388.5213048887:
  TLE_ECI: r=[-6117.73453709 -3774.41425759 -2807.32247175], v=[-0.35160782 -3.91034473  6.02093279]
  RK45_ECI: r=[-2617.66900405 -5399.54088567  4861.11536621], v=[5.07225609 1.84209424 4.75382973]
Epoch 1953, t=2460388.521380152:
  TLE_ECI: r=[-6124.04749133 -3893.13721539 -2625.62400305], v=[-0.19044039 -3.810681    6.09180016]
  RK45_ECI: r=[-2582.08258517 -5388.69386887  4891.93332341], v=[5.08600729 1.87485631 4.72638602]
Epoch 1954, t=2460388.521455415:
  TLE_ECI: r=[-6125.46855193 -4008.82505177 -2441.8709374 ], v=[-0.0292077 -3.7078817  6.1579057]
  RK45_ECI: r=[-2546.41297068 -5377.61723129  4922.57197955], v=[5.09954287 1.90756401 4.69876862]
Epoch 1955, t=2460388.5215306785:
  TLE_ECI: r=[-6121.99914192 -4121.38261526 -2256.20692736], v=[ 0.13196078 -3.60202706  6.21919664]
  RK45_ECI: r=[-2510.66117505 -5366.31113306  4953.03063971], v=[5.11286254 1.94021641 4.67097817]
Epoch 1956, t=2460388.521605942:
  TLE_ECI: r=[-6113.64464762 -4230.71714795 -2068.77715095], v=[ 0.29293561 -3.4931999   6.27562403]
  RK45_ECI: r=[-2474.82872739 -5354.77589012  4983.30818036], v=[5.12596587 1.97281208 4.64301565]
Epoch 1957, t=2460388.5216812054:
  TLE_ECI: r=[-6100.41436788 -4336.73843587 -1879.72819692], v=[ 0.45358753 -3.38148558  6.32714279]
  RK45_ECI: r=[-2438.91745738 -5343.01195825  5013.40320283], v=[5.13885229 2.00534934 4.61488236]
Epoch 1958, t=2460388.521756469:
  TLE_ECI: r=[-6082.32151738 -4439.35886757 -1689.2079484 ], v=[ 0.61378757 -3.26697188  6.3737117 ]
  RK45_ECI: r=[-2402.9285717  -5331.01956223  5043.31488185], v=[5.1515215  2.03782706 4.58657905]
Epoch 1959, t=2460388.521831732:
  TLE_ECI: r=[-6059.38322858 -4538.49349081 -1497.36546547], v=[ 0.77340714 -3.149749    6.4152935 ]
  RK45_ECI: r=[-2366.86408005 -5318.79923768  5073.04169642], v=[5.16397288 2.07024341 4.55810715]
Epoch 1960, t=2460388.521906995:
  TLE_ECI: r=[-6031.62048406 -4634.0601559  -1304.3508667 ], v=[ 0.93231819 -3.02990942  6.4518549 ]
  RK45_ECI: r=[-2330.72500467 -5306.35117792  5102.58297201], v=[5.17620621 2.10259745 4.5294673 ]
Epoch 1961, t=2460388.5219822587:
  TLE_ECI: r=[-5999.05817734 -4725.97947922 -1110.31520941], v=[ 1.09039324 -2.90754789  6.4833666 ]
  RK45_ECI: r=[-2294.51288745 -5293.67574861  5131.93761838], v=[5.18822109 2.13488776 4.50066055]
Epoch 1962, t=2460388.522057522:
  TLE_ECI: r=[-5961.72503949 -4814.17498172  -915.41036933], v=[ 1.24750553 -2.78276128  6.50980334]
  RK45_ECI: r=[-2258.22957472 -5280.77346445  5161.10427913], v=[5.200017   2.16711266 4.4716882 ]
Epoch 1963, t=2460388.5221327855:
  TLE_ECI: r=[-5919.65362721 -4898.57313695  -719.78891934], v=[ 1.40352917 -2.65564858  6.53114391]
  RK45_ECI: r=[-2221.87628168 -5267.64458939  5190.08215406], v=[5.21159368 2.19927106 4.44255104]
Epoch 1964, t=2460388.5222080485:
  TLE_ECI: r=[-5872.88030973 -4979.10341641  -523.60400754], v=[ 1.55833916 -2.52631073  6.54737115]
  RK45_ECI: r=[-2185.45503544 -5254.28972333  5218.8697694 ], v=[5.22295059 2.23136111 4.41325055]
Epoch 1965, t=2460388.522283312:
  TLE_ECI: r=[-5821.44517929 -5055.69841925  -327.0092349 ], v=[ 1.71181157 -2.39485061  6.55847203]
  RK45_ECI: r=[-2148.96686464 -5240.70909272  5247.46647161], v=[5.23408752 2.26338189 4.38378739]
Epoch 1966, t=2460388.5223585754:
  TLE_ECI: r=[-5765.39210407 -5128.29382585  -130.1585322 ], v=[ 1.86382362 -2.26137291  6.5644376 ]
  RK45_ECI: r=[-2112.41332273 -5226.90311253  5275.87120483], v=[5.24500412 2.29533198 4.35416262]
Epoch 1967, t=2460388.522433839:
  TLE_ECI: r=[-5704.76863246 -5196.82852285    66.79396305], v=[ 2.01425376 -2.12598407  6.56526302]
  RK45_ECI: r=[-2075.79627035 -5212.87235616  5304.08265617], v=[5.25569993 2.32720974 4.32437761]
Epoch 1968, t=2460388.522509102:
  TLE_ECI: r=[-5639.6259825  -5261.24462124   263.69403013], v=[ 2.16298182 -1.98879216  6.56094757]
  RK45_ECI: r=[-2039.11710602 -5198.61719248  5332.09992032], v=[5.26617468 2.3590139  4.2944333 ]
Epoch 1969, t=2460388.522584365:
  TLE_ECI: r=[-5570.01893641 -5321.48757268   460.38748841], v=[ 2.3098891  -1.84990682  6.55149465]
  RK45_ECI: r=[-2002.37734413 -5184.13808732  5359.92196511], v=[5.27642804 2.3907431  4.26433078]
Epoch 1970, t=2460388.5226596287:
  TLE_ECI: r=[-5496.00588566 -5377.50611649   656.7203211 ], v=[ 2.45485843 -1.70943912  6.53691177]
  RK45_ECI: r=[-1965.57854673 -5169.43549791  5387.54776564], v=[5.28645968 2.42239597 4.23407116]
Epoch 1971, t=2460388.522734892:
  TLE_ECI: r=[-5417.64871998 -5429.25239047   852.53879837], v=[ 2.59777432 -1.56750153  6.51721055]
  RK45_ECI: r=[-1928.72210083 -5154.50982243  5414.97643241], v=[5.29626935 2.45397125 4.20365539]
Epoch 1972, t=2460388.5228101555:
  TLE_ECI: r=[-5335.01278962 -5476.68195533  1047.68960045], v=[ 2.73852303 -1.42420777  6.49240671]
  RK45_ECI: r=[-1891.80987971 -5139.36169241  5442.20669734], v=[5.30585665 2.48546731 4.17308488]
Epoch 1973, t=2460388.5228854185:
  TLE_ECI: r=[-5248.16686581 -5519.75381753  1242.01994038], v=[ 2.87699269 -1.27967275  6.46252003]
  RK45_ECI: r=[-1854.84328912 -5123.99152083  5469.23768634], v=[5.31522136 2.5168829  4.14236059]
Epoch 1974, t=2460388.522960682:
  TLE_ECI: r=[-5157.18301741 -5558.43052635  1435.37768595], v=[ 3.01307335 -1.13401241  6.42757438]
  RK45_ECI: r=[-1817.82385268 -5108.39982073  5496.06840329], v=[5.32436316 2.54821667 4.11148365]
Epoch 1975, t=2460388.5230359454:
  TLE_ECI: r=[-5062.13664591 -5592.67811336  1627.61148154], v=[ 3.14665713 -0.98734371  6.38759766]
  RK45_ECI: r=[-1780.75297766 -5092.58701951  5522.69798401], v=[5.33328186 2.57946739 4.08045504]
Epoch 1976, t=2460388.523111209:
  TLE_ECI: r=[-4963.10635757 -5622.46618328  1818.57086874], v=[ 3.27763827 -0.83978446  6.34262178]
  RK45_ECI: r=[-1743.63254625 -5076.55379479  5549.12519712], v=[5.34197709 2.61063342 4.04927619]
Epoch 1977, t=2460388.5231864722:
  TLE_ECI: r=[-4860.17391168 -5647.7679254   2008.10640643], v=[ 3.4059132  -0.69145325  6.29268264]
  RK45_ECI: r=[-1706.46395391 -5060.30059968  5575.3491941 ], v=[5.35044865 2.64171353 4.0179481 ]
Epoch 1978, t=2460388.523261735:
  TLE_ECI: r=[-4753.42416838 -5668.5601222   2196.06978977], v=[ 3.53138069 -0.54246935  6.23782008]
  RK45_ECI: r=[-1669.24877493 -5043.82796961  5601.36900844], v=[5.35869631 2.67270637 3.9864719 ]
Epoch 1979, t=2460388.5233369987:
  TLE_ECI: r=[-4642.94494969 -5684.82322592  2382.31396806], v=[ 3.65394188 -0.39295258  6.17807787]
  RK45_ECI: r=[-1631.98854025 -5027.13646454  5627.18368098], v=[5.36671982 2.70361059 3.95484875]
Epoch 1980, t=2460388.523412262:
  TLE_ECI: r=[-4528.82706535 -5696.54129034  2566.69326176], v=[ 3.77350037 -0.24302323  6.11350363]
  RK45_ECI: r=[-1594.68466289 -5010.22655534  5652.79237991], v=[5.374519   2.73442498 3.92307966]
Epoch 1981, t=2460388.5234875255:
  TLE_ECI: r=[-4411.16416868 -5703.70204216  2749.06347783], v=[ 3.8899623  -0.09280199  6.04414884]
  RK45_ECI: r=[-1557.33903352 -4993.09897705  5678.19392076], v=[5.38209356 2.76514791 3.89116608]
Epoch 1982, t=2460388.5235627885:
  TLE_ECI: r=[-4290.05271159 -5706.29686428  2929.282024  ], v=[4.00323644 0.05759023 5.97006874]
  RK45_ECI: r=[-1519.95323163 -4975.75430642  5703.38737004], v=[5.38944331 2.79577803 3.8591092 ]
Epoch 1983, t=2460388.523638052:
  TLE_ECI: r=[-4165.59179598 -5704.32085448  3107.20802122], v=[4.11323423 0.20803235 5.89132229]
  RK45_ECI: r=[-1482.52829978 -4958.19288455  5728.37215214], v=[5.39656815 2.82631442 3.82690972]
Epoch 1984, t=2460388.5237133154:
  TLE_ECI: r=[-4037.88319071 -5697.7727533   3282.70241506], v=[4.21986987 0.35840322 5.80797215]
  RK45_ECI: r=[-1445.06631213 -4940.41556019  5753.14699259], v=[5.4034678  2.85675533 3.79456929]
Epoch 1985, t=2460388.523788579:
  TLE_ECI: r=[-3907.03117922 -5686.65499696  3455.62808493], v=[4.32306041 0.50858172 5.72008459]
  RK45_ECI: r=[-1407.56850611 -4922.42276675  5777.71121047], v=[5.41014215 2.88709969 3.76208878]
Epoch 1986, t=2460388.5238638422:
  TLE_ECI: r=[-3773.14248888 -5670.97370279  3625.84995184], v=[4.42272576 0.65844691 5.62772943]
  RK45_ECI: r=[-1370.03677956 -4904.21529579  5802.06366938], v=[5.41659096 2.91734591 3.72946969]
Epoch 1987, t=2460388.523939105:
  TLE_ECI: r=[-3636.32621822 -5650.73865386  3793.23508422], v=[4.51878879 0.80787804 5.53098   ]
  RK45_ECI: r=[-1332.47271596 -4885.79377176  5826.20347429], v=[5.42281409 2.94749264 3.69671321]
Epoch 1988, t=2460388.5240143687:
  TLE_ECI: r=[-3496.6936796  -5625.96333441  3957.6528017 ], v=[4.61117536 0.95675478 5.42991305]
  RK45_ECI: r=[-1294.87735938 -4867.15856783  5850.13007335], v=[5.42881148 2.97753899 3.66382008]
Epoch 1989, t=2460388.524089632:
  TLE_ECI: r=[-3354.35840606 -5596.66485372  4118.97477722], v=[4.6998144  1.10495718 5.3246087 ]
  RK45_ECI: r=[-1257.25279052 -4848.31059415  5873.84224572], v=[5.4345829  3.00748321 3.63079198]
Epoch 1990, t=2460388.5241648955:
  TLE_ECI: r=[-3209.43599061 -5562.86397631  4277.07513666], v=[4.78463797 1.25236586 5.21515035]
  RK45_ECI: r=[-1219.60024828 -4829.25032179  5897.33933945], v=[5.44012829 3.03732426 3.5976298 ]
Epoch 1991, t=2460388.524240159:
  TLE_ECI: r=[-3062.04400703 -5524.58509408  4431.83055652], v=[4.86558125 1.39886208 5.10162462]
  RK45_ECI: r=[-1181.92163542 -4809.97859819  5920.62026729], v=[5.44544746 3.06706056 3.56433507]
Epoch 1992, t=2460388.524315422:
  TLE_ECI: r=[-2912.30192881 -5481.85619801  4583.12035937], v=[4.94258266 1.54432779 4.98412129]
  RK45_ECI: r=[-1144.21853781 -4790.49609496  5943.68417355], v=[5.45054033 3.09669078 3.53090901]
Epoch 1993, t=2460388.5243906854:
  TLE_ECI: r=[-2760.33096606 -5434.70889031  4730.82660676], v=[5.01558383 1.68864587 4.86273318]
  RK45_ECI: r=[-1106.49199982 -4770.80321702  5966.53053065], v=[5.45540686 3.12621404 3.49735239]
Epoch 1994, t=2460388.524465949:
  TLE_ECI: r=[-2606.25406301 -5383.17830601  4874.83419022], v=[5.08452973 1.83170003 4.73755611]
  RK45_ECI: r=[-1068.7441066  -4750.90093512  5989.15817257], v=[5.4600469  3.15562863 3.46366689]
Epoch 1995, t=2460388.5245412122:
  TLE_ECI: r=[-2450.19573219 -5327.30312027  5015.03091935], v=[5.1493686  1.97337505 4.6086888 ]
  RK45_ECI: r=[-1030.97609716 -4730.78975752  6011.56647697], v=[5.4644604  3.18493351 3.42985344]
Epoch 1996, t=2460388.5246164757:
  TLE_ECI: r=[-2292.28196875 -5267.12550826  5151.3076077 ], v=[5.21005205 2.11355679 4.47623277]
  RK45_ECI: r=[ -993.1898771  -4710.4705869   6033.75440674], v=[5.46864726 3.21412712 3.39591361]
Epoch 1997, t=2460388.5246917387:
  TLE_ECI: r=[-2132.64016338 -5202.69110468  5283.5581561 ], v=[5.26653511 2.25213232 4.34029231]
  RK45_ECI: r=[ -955.38703301 -4689.94414134  6055.7211464 ], v=[5.47260743 3.24320817 3.36184863]
Epoch 1998, t=2460388.524767002:
  TLE_ECI: r=[-1971.39893685 -5134.0489929   5411.67963314], v=[5.31877617 2.38899003 4.20097431]
  RK45_ECI: r=[ -917.56860858 -4669.21085717  6077.46619315], v=[5.4763409  3.27217576 3.32765928]
Epoch 1999, t=2460388.5248422655:
  TLE_ECI: r=[-1808.68812825 -5061.25162631  5535.57235347], v=[5.36673709 2.52401964 4.05838826]
  RK45_ECI: r=[ -879.73669099 -4648.2717649   6098.98843689], v=[5.47984759 3.30102824 3.2933473 ]
Epoch 2000, t=2460388.524917529:
  TLE_ECI: r=[-1644.63862805 -4984.35481291  5655.13995301], v=[5.41038318 2.65711236 3.91264609]
  RK45_ECI: r=[ -841.89251804 -4627.12740955  6120.28728547], v=[5.4831275  3.32976456 3.25891362]
Epoch 2001, t=2460388.524992792:
  TLE_ECI: r=[-1479.3823026  -4903.41765947  5770.28946161], v=[5.44968323 2.78816091 3.76386211]
  RK45_ECI: r=[ -804.03817731 -4605.77884821  6141.36165462], v=[5.48618055 3.35838307 3.22436   ]
Epoch 2002, t=2460388.5250680554:
  TLE_ECI: r=[-1313.05182981 -4818.50254251  5880.93137286], v=[5.48460952 2.9170597  3.61215291]
  RK45_ECI: r=[ -766.1747114  -4584.22654463  6162.21106488], v=[5.48900679 3.38688289 3.18968721]
Epoch 2003, t=2460388.525143319:
  TLE_ECI: r=[-1145.78068011 -4729.67503076  5986.97971131], v=[5.51513783 3.04370479 3.45763729]
  RK45_ECI: r=[ -728.30370506 -4562.47126638  6182.83474366], v=[5.49160621 3.41526274 3.15489654]
Epoch 2004, t=2460388.5252185822:
  TLE_ECI: r=[ -977.70295101 -4637.00385213  6088.35209659], v=[5.54124746 3.16799406 3.30043613]
  RK45_ECI: r=[ -690.42706438 -4540.51400268  6203.2317362 ], v=[5.49397879 3.44352112 3.11998958]
Epoch 2005, t=2460388.5252938457:
  TLE_ECI: r=[ -808.9532749  -4540.56083424  6184.96980482], v=[5.56292125 3.28982724 3.14067229]
  RK45_ECI: r=[ -652.54602469 -4518.35533481  6223.40148114], v=[5.49612458 3.47165702 3.0849673 ]
Epoch 2006, t=2460388.5253691087:
  TLE_ECI: r=[ -639.66672475 -4440.42084576  6276.75782719], v=[5.58014556 3.40910599 2.97847055]
  RK45_ECI: r=[ -614.66267244 -4495.99637825  6243.34295161], v=[5.49804358 3.49966879 3.04983146]
Epoch 2007, t=2460388.525444372:
  TLE_ECI: r=[ -469.97865428 -4336.66174538  6363.64492534], v=[5.59291024 3.52573402 2.81395751]
  RK45_ECI: r=[ -576.77804734 -4473.43762732  6263.05569392], v=[5.49973584 3.52755559 3.01458289]
Epoch 2008, t=2460388.5255196355:
  TLE_ECI: r=[ -300.02467002 -4229.36430746  6445.56368425], v=[5.60120872 3.63961709 2.64726145]
  RK45_ECI: r=[ -538.8937314  -4450.67989473  6282.53897722], v=[5.50120141 3.55531614 2.97922286]
Epoch 2009, t=2460388.525594899:
  TLE_ECI: r=[ -129.94047081 -4118.61216764  6522.45056182], v=[5.60503794 3.75066314 2.47851226]
  RK45_ECI: r=[ -501.01162837 -4427.72422267  6301.79189936], v=[5.50244034 3.58294899 2.94375301]
Epoch 2010, t=2460388.5256701624:
  TLE_ECI: r=[   40.13824588 -4004.49175475  6594.24593558], v=[5.60439835 3.85878232 2.30784135]
  RK45_ECI: r=[ -463.13296969 -4404.5712281   6320.81393036], v=[5.50345271 3.61045313 2.90817431]
Epoch 2011, t=2460388.5257454254:
  TLE_ECI: r=[  210.0758793  -3887.0922236   6660.89414649], v=[5.59929395 3.96388705 2.13538153]
  RK45_ECI: r=[ -425.25983845 -4381.22208389  6339.60410174], v=[5.50423857 3.63782695 2.87248858]
Epoch 2012, t=2460388.525820689:
  TLE_ECI: r=[  379.73707781 -3766.50538347  6722.34353955], v=[5.58973219 4.06589218 1.96126692]
  RK45_ECI: r=[ -387.39327063 -4357.67731443  6358.161986  ], v=[5.50479802 3.66506963 2.83669663]
Epoch 2013, t=2460388.5258959522:
  TLE_ECI: r=[  548.9867759  -3642.82562826  6778.54650171], v=[5.57572404 4.1647149  1.78563285]
  RK45_ECI: r=[ -349.53484348 -4333.93777686  6376.48689471], v=[5.50513117 3.69217991 2.80079976]
Epoch 2014, t=2460388.5259712157:
  TLE_ECI: r=[  717.69034619 -3516.14986205  6829.45949637], v=[5.55728394 4.2602749  1.60861575]
  RK45_ECI: r=[ -311.68645647 -4310.00456532  6394.57797926], v=[5.50523809 3.71915636 2.76479965]
Epoch 2015, t=2460388.526046479:
  TLE_ECI: r=[  885.71369304 -3386.57742372  6875.04309518], v=[5.5344298  4.35249444 1.43035306]
  RK45_ECI: r=[ -273.84933592 -4285.87833194  6412.4347415 ], v=[5.50511893 3.74599799 2.72869728]
Epoch 2016, t=2460388.526121742:
  TLE_ECI: r=[ 1052.92334757 -3254.21001266  6915.26200657], v=[5.50718296 4.44129833 1.25098312]
  RK45_ECI: r=[ -236.02555945 -4261.56030579  6430.05627232], v=[5.50477378 3.77270325 2.69249448]
Epoch 2017, t=2460388.5261970055:
  TLE_ECI: r=[ 1219.18661017 -3119.15159802  6950.08510125], v=[5.47556816 4.52661408 1.07064506]
  RK45_ECI: r=[ -198.21615785 -4237.05104094  6447.44217079], v=[5.5042028  3.7992713  2.65619209]
Epoch 2018, t=2460388.526272269:
  TLE_ECI: r=[ 1384.37159531 -2981.50835483  6979.48543489], v=[5.43961355 4.60837187 0.88947873]
  RK45_ECI: r=[ -160.42270227 -4212.35143804  6464.59179161], v=[5.50340612 3.82570093 2.61979143]
Epoch 2019, t=2460388.5263475324:
  TLE_ECI: r=[ 1548.34737331 -2841.38857084  7003.44026737], v=[5.39935067 4.68650464 0.70762457]
  RK45_ECI: r=[ -122.64708581 -4187.46264225  6481.50434047], v=[5.50238389 3.85199073 2.5832942 ]
Epoch 2020, t=2460388.5264227954:
  TLE_ECI: r=[ 1710.98405407 -2698.90257021  7021.93107928], v=[5.35481437 4.76094814 0.52522351]
  RK45_ECI: r=[  -84.8907084  -4162.38545823  6498.17927392], v=[5.50113628 3.87813961 2.54670156]
Epoch 2021, t=2460388.526498059:
  TLE_ECI: r=[ 1872.15292001 -2554.16260849  7034.94358509], v=[5.3060428  4.83164102 0.34241686]
  RK45_ECI: r=[  -47.15509967 -4137.12081599  6514.61597608], v=[5.49966346 3.90414642 2.51001486]
Epoch 2022, t=2460388.5265733222:
  TLE_ECI: r=[ 2031.72647677 -2407.28281426  7042.4677435 ], v=[5.25307741 4.89852476 0.15934626]
  RK45_ECI: r=[   -9.44182454 -4111.66965283  6530.81383995], v=[5.4979656  3.93000998 2.47323545]
Epoch 2023, t=2460388.5266485857:
  TLE_ECI: r=[ 2189.57858508 -2258.37908217  7044.4977645 ], v=[ 5.1959629   4.96154383 -0.02384652]
  RK45_ECI: r=[   28.24773378 -4086.03279408  6546.77234168], v=[5.4960429  3.95572922 2.43636453]
Epoch 2024, t=2460388.526723849:
  TLE_ECI: r=[ 2345.58454988 -2107.56898784  7041.03211349], v=[ 5.13474717  5.02064568 -0.20701957]
  RK45_ECI: r=[   65.91169052 -4060.21143478  6562.49074203], v=[5.49389556 3.98130276 2.39940379]
Epoch 2025, t=2460388.526799112:
  TLE_ECI: r=[ 2499.6212112  -1954.97170394  7032.07351225], v=[ 5.06948129  5.07578078 -0.39003104]
  RK45_ECI: r=[  103.54865437 -4034.20641789  6577.96853596], v=[5.49152379 4.00672955 2.36235442]
Epoch 2026, t=2460388.5268743755:
  TLE_ECI: r=[ 2651.56706251 -1800.70787968  7017.62893682], v=[ 5.00021944  5.1269027  -0.57273917]
  RK45_ECI: r=[  141.1571033  -4008.01871388  6593.20515176], v=[5.48892781 4.03200845 2.32521779]
Epoch 2027, t=2460388.526949639:
  TLE_ECI: r=[ 2801.30230928 -1644.89958923  6997.70961246], v=[ 4.92701891  5.17396809 -0.75500245]
  RK45_ECI: r=[  178.73548179 -3981.64930199  6608.20002665], v=[5.48610783 4.05713831 2.28799527]
Epoch 2028, t=2460388.5270249024:
  TLE_ECI: r=[ 2948.70898571 -1487.67020968  6972.33100527], v=[ 4.84994005  5.21693674 -0.93667968]
  RK45_ECI: r=[  216.28241556 -3955.09904489  6622.95267548], v=[5.4830641  4.08211809 2.25068806]
Epoch 2029, t=2460388.527100166:
  TLE_ECI: r=[ 3093.67103983 -1329.14433216  6941.51281101], v=[ 4.76904618  5.25577162 -1.11763009]
  RK45_ECI: r=[  253.7960302  -3928.36918634  6637.46241481], v=[5.47979688 4.10694646 2.21329788]
Epoch 2030, t=2460388.527175429:
  TLE_ECI: r=[ 3236.07441988 -1169.44767478  6905.27894065], v=[ 4.68440359  5.2904389  -1.29771344]
  RK45_ECI: r=[  291.27494405 -3901.46060681  6651.72877851], v=[5.47630642 4.13162236 2.17582594]
Epoch 2031, t=2460388.5272506922:
  TLE_ECI: r=[ 3375.80717693 -1008.70694736  6863.65750295], v=[ 4.59608145  5.32090803 -1.47679012]
  RK45_ECI: r=[  328.71764478 -3874.37431629  6665.75123955], v=[5.47259297 4.15614471 2.13827362]
Epoch 2032, t=2460388.5273259557:
  TLE_ECI: r=[3512.75952952 -847.0498086  6816.68078399], v=[ 4.5041518   5.34715166 -1.65472126]
  RK45_ECI: r=[  366.12275469 -3847.1112074   6679.52934407], v=[5.46865682 4.18051247 2.10064213]
Epoch 2033, t=2460388.527401219:
  TLE_ECI: r=[3646.82396396 -684.60473023 6764.38522356], v=[ 4.40868948  5.36914576 -1.83136882]
  RK45_ECI: r=[  403.48840904 -3819.67256207  6693.06245375], v=[5.46449824 4.20472434 2.06293321]
Epoch 2034, t=2460388.5274764826:
  TLE_ECI: r=[3777.89531391 -521.50090589 6706.81138863], v=[ 4.30977205  5.3868696  -2.00659571]
  RK45_ECI: r=[  440.8132464  -3792.05928886  6706.3501339 ], v=[5.46011755 4.22877931 2.02514807]
Epoch 2035, t=2460388.5275517455:
  TLE_ECI: r=[3905.87084103 -357.86816173 6644.00394362], v=[ 4.20747981  5.40030579 -2.18026586]
  RK45_ECI: r=[  478.09572974 -3764.27243242  6719.39189368], v=[5.45551504 4.25267626 1.98728812]
Epoch 2036, t=2460388.527627009:
  TLE_ECI: r=[4030.65031962 -193.83680977 6576.01161778], v=[ 4.10189559  5.4094403  -2.35224437]
  RK45_ECI: r=[  515.3343577  -3736.31304131  6732.18725125], v=[5.45069102 4.27641414 1.94935474]
Epoch 2037, t=2460388.5277022724:
  TLE_ECI: r=[4152.13610698  -29.53761316 6502.88716947], v=[ 3.99310487  5.41426246 -2.52239753]
  RK45_ECI: r=[  552.52776442 -3708.18204448  6744.73579228], v=[5.44564579 4.29999194 1.91134917]
Epoch 2038, t=2460388.527777536:
  TLE_ECI: r=[4270.23322516  134.89836077 6424.68734743], v=[ 3.8811956   5.41476497 -2.69059303]
  RK45_ECI: r=[  589.67409903 -3679.88077042  6757.03693534], v=[5.44037972 4.32340838 1.87327316]
Epoch 2039, t=2460388.527852799:
  TLE_ECI: r=[4384.8494346   299.3398198  6341.47284907], v=[ 3.76625817  5.41094393 -2.85669995]
  RK45_ECI: r=[  626.77183576 -3651.41029746  6769.09022952], v=[5.43489316 4.34666238 1.83512811]
Epoch 2040, t=2460388.5279280622:
  TLE_ECI: r=[4495.89530327  463.65540078 6253.30827578], v=[ 3.64838533  5.40279889 -3.02058894]
  RK45_ECI: r=[  663.81998074 -3622.77130632  6780.89539747], v=[5.42918639 4.36975319 1.79691491]
Epoch 2041, t=2460388.5280033257:
  TLE_ECI: r=[4603.28428058  627.71369768 6160.26208521], v=[ 3.52767215  5.39033274 -3.18213228]
  RK45_ECI: r=[  700.81651556 -3593.96528639  6792.45183507], v=[5.42325983 4.39267945 1.75863549]
Epoch 2042, t=2460388.528078589:
  TLE_ECI: r=[4706.93276331  791.38341564 6062.40654068], v=[ 3.40421591  5.37355185 -3.34120399]
  RK45_ECI: r=[  737.76026429 -3564.99306761  6803.75922387], v=[5.41711382 4.41544028 1.72029091]
Epoch 2043, t=2460388.5281538526:
  TLE_ECI: r=[4806.76016182  954.53346244 5959.81765759], v=[ 3.27811608  5.35246597 -3.49767992]
  RK45_ECI: r=[  774.6493919  -3535.85602367  6814.81703998], v=[5.41074876 4.43803445 1.68188295]
Epoch 2044, t=2460388.5282291155:
  TLE_ECI: r=[4902.68896683 1117.03303821 5852.57514693], v=[ 3.1494742   5.32708829 -3.65143785]
  RK45_ECI: r=[  811.48238738 -3506.5552714   6825.62487838], v=[5.40416506 4.46046091 1.64341303]
Epoch 2045, t=2460388.528304379:
  TLE_ECI: r=[4994.644798   1278.75179695 5740.76235597], v=[ 3.01839378  5.29743545 -3.80235759]
  RK45_ECI: r=[  848.25826811 -3477.09151774  6836.1824902 ], v=[5.39736303 4.48271894 1.60488203]
Epoch 2046, t=2460388.5283796424:
  TLE_ECI: r=[5082.55648107 1439.55986505 5624.46620591], v=[ 2.88498032  5.26352744 -3.95032107]
  RK45_ECI: r=[  884.97503392 -3447.46630056  6846.48933496], v=[5.39034314 4.5048072  1.56629191]
Epoch 2047, t=2460388.528454906:
  TLE_ECI: r=[5166.35609265 1599.32800186 5503.77712693], v=[ 2.74934115  5.22538772 -4.09521244]
  RK45_ECI: r=[  921.63152224 -3417.68048026  6856.54512865], v=[5.38310577 4.52672487 1.52764374]
Epoch 2048, t=2460388.5285301693:
  TLE_ECI: r=[5245.97901691 1757.92768927 5378.7889902 ], v=[ 2.61158534  5.18304311 -4.23691816]
  RK45_ECI: r=[  958.22591572 -3387.73547444  6866.34940533], v=[5.37565139 4.54847074 1.4889393 ]
Epoch 2049, t=2460388.5286054322:
  TLE_ECI: r=[5321.36400276 1915.23121953 5249.59903729], v=[ 2.47182371  5.13652384 -4.37532707]
  RK45_ECI: r=[  994.75672    -3357.63243725  6875.90180636], v=[5.36798044 4.57004379 1.45018003]
Epoch 2050, t=2460388.5286806957:
  TLE_ECI: r=[5392.45319065 2071.11186028 5116.30780682], v=[ 2.3301686   5.0858635  -4.51033054]
  RK45_ECI: r=[ 1031.22296448 -3327.37210115  6885.20211156], v=[5.36009327 4.59144332 1.41136682]
Epoch 2051, t=2460388.528755959:
  TLE_ECI: r=[5459.19219115 2225.44386426 4979.01905827], v=[ 2.18673391  5.03109903 -4.64182249]
  RK45_ECI: r=[ 1067.62266941 -3296.95605101  6894.24984459], v=[5.3519904  4.61266805 1.37250164]
Epoch 2052, t=2460388.5288312226:
  TLE_ECI: r=[5521.53010748 2378.10263285 4837.8396933 ], v=[ 2.04163498  4.97227071 -4.76969952]
  RK45_ECI: r=[ 1103.9546868  -3266.38517678  6903.04475616], v=[5.34367225 4.63371718 1.33358557]
Epoch 2053, t=2460388.5289064855:
  TLE_ECI: r=[5579.41958885 2528.96478572 4692.87967439], v=[ 1.89498846  4.90942212 -4.89386098]
  RK45_ECI: r=[ 1140.21704666 -3235.66108395  6911.58639929], v=[5.3351394  4.65458944 1.2946206 ]
Epoch 2054, t=2460388.528981749:
  TLE_ECI: r=[5632.81683936 2677.9083265  4544.25194098], v=[ 1.74691222  4.84260014 -5.01420907]
  RK45_ECI: r=[ 1176.4087896  -3204.78452677  6919.87458048], v=[5.32639218 4.67528415 1.2556076 ]
Epoch 2055, t=2460388.5290570124:
  TLE_ECI: r=[5681.68169644 2824.81264491 4392.07232294], v=[ 1.59752532  4.77185489 -5.13064889]
  RK45_ECI: r=[ 1212.52844126 -3173.75669856  6927.90899   ], v=[5.31743112 4.69580033 1.21654804]
Epoch 2056, t=2460388.529132276:
  TLE_ECI: r=[5725.97763473 2969.55868079 4236.45945176], v=[ 1.44694788  4.69723969 -5.24308856]
  RK45_ECI: r=[ 1248.57421667 -3142.57908421  6935.68925562], v=[5.30825676 4.71613685 1.17744372]
Epoch 2057, t=2460388.5292075393:
  TLE_ECI: r=[5765.67180273 3112.0290052  4077.53466928], v=[ 1.29530094  4.61881108 -5.35143929]
  RK45_ECI: r=[ 1284.5449837  -3111.25260236  6943.21516299], v=[5.29886954 4.73629292 1.13829571]
Epoch 2058, t=2460388.5292828023:
  TLE_ECI: r=[5800.73505886 3252.10790036 3915.42193402], v=[ 1.14270645  4.53662872 -5.45561542]
  RK45_ECI: r=[ 1320.4387956  -3079.7789032   6950.48632993], v=[5.28927009 4.75626734 1.09910602]
Epoch 2059, t=2460388.5293580657:
  TLE_ECI: r=[5831.14195702 3389.68152329 3750.24772542], v=[ 0.98928706  4.4507554  -5.55553455]
  RK45_ECI: r=[ 1356.25470715 -3048.15876508  6957.50259204], v=[5.27945881 4.77605944 1.05987555]
Epoch 2060, t=2460388.529433329:
  TLE_ECI: r=[5856.87082339 3524.63789807 3582.14094562], v=[ 0.83516614  4.36125694 -5.65111758]
  RK45_ECI: r=[ 1391.99126374 -3016.39341616  6964.2636866 ], v=[5.26943623 4.79566829 1.02060574]
Epoch 2061, t=2460388.5295085926:
  TLE_ECI: r=[5877.90373682 3656.8670766  3411.23281931], v=[ 0.6804676   4.2682022  -5.74228877]
  RK45_ECI: r=[ 1427.64670294 -2984.48438156  6970.7693004 ], v=[5.25920297 4.81509279 0.98129841]
Epoch 2062, t=2460388.529583856:
  TLE_ECI: r=[5894.22655242 3786.26121305 3237.65679146], v=[ 0.52531582  4.17166299 -5.82897584]
  RK45_ECI: r=[ 1463.21990966 -2952.43260764  6977.01925428], v=[5.24875949 4.83433219 0.94195465]
Epoch 2063, t=2460388.529659119:
  TLE_ECI: r=[5905.82892429 3912.71463657 3061.54842305], v=[ 0.36983555  4.07171403 -5.91111001]
  RK45_ECI: r=[ 1498.70896258 -2920.23978763  6983.01323119], v=[5.2381065  4.85338532 0.90257647]
Epoch 2064, t=2460388.5297343824:
  TLE_ECI: r=[5912.70426816 4036.1240086  2883.04528502], v=[ 0.21415175  3.9684329  -5.98862606]
  RK45_ECI: r=[ 1534.11293151 -2887.90672314  6988.75109601], v=[5.2272444  4.87225156 0.86316477]
Epoch 2065, t=2460388.529809646:
  TLE_ECI: r=[5914.84983412 4156.38830584 2702.28685018], v=[ 0.05838957  3.86189997 -6.06146242]
  RK45_ECI: r=[ 1569.43038312 -2855.43467602  6994.23263327], v=[5.21617379 4.89092999 0.82372101]
Epoch 2066, t=2460388.5298849093:
  TLE_ECI: r=[5912.26666368 4273.40897398 2519.41438362], v=[-0.0973258   3.75219834 -6.12956118]
  RK45_ECI: r=[ 1604.65957941 -2822.82521004  6999.45758911], v=[5.20489532 4.90941958 0.78424702]
Epoch 2067, t=2460388.5299601727:
  TLE_ECI: r=[5904.95959952 4387.08999336 2334.57083138], v=[-0.25286922  3.6394138  -6.19286817]
  RK45_ECI: r=[ 1639.79942349 -2790.07929831  7004.42581969], v=[5.19340952 4.9277196  0.74474389]
Epoch 2068, t=2460388.5300354357:
  TLE_ECI: r=[5892.93729416 4497.33794252 2147.90070761], v=[-0.40811573  3.52363471 -6.25133303]
  RK45_ECI: r=[ 1674.84802143 -2757.19867539  7009.13707345], v=[5.18171711 4.94582893 0.70521363]
Epoch 2069, t=2460388.530110699:
  TLE_ECI: r=[5876.21214977 4604.06214616 1959.54998037], v=[-0.56294064  3.40495199 -6.3049092 ]
  RK45_ECI: r=[ 1709.80445907 -2724.18416539  7013.59124463], v=[5.16981855 4.96374697 0.66565715]
Epoch 2070, t=2460388.5301859626:
  TLE_ECI: r=[5854.80038543 4707.17464799 1769.66595586], v=[-0.71721961  3.283459   -6.35355401]
  RK45_ECI: r=[ 1744.66732586 -2691.03706253  7017.78816526], v=[5.15771447 4.98147285 0.62607591]
Epoch 2071, t=2460388.530261226:
  TLE_ECI: r=[5828.7219711  4806.59035458 1578.39716166], v=[-0.87082881  3.1592515  -6.39722871]
  RK45_ECI: r=[ 1779.43491005 -2657.75896761  7021.72764104], v=[5.14540559 4.99900557 0.58647175]
Epoch 2072, t=2460388.530336489:
  TLE_ECI: r=[5798.00063781 4902.22707271 1385.89322865], v=[-1.02364496  3.03242755 -6.4358985 ]
  RK45_ECI: r=[ 1814.10581311 -2624.35119101  7025.40953027], v=[5.13289255 5.01634429 0.54684615]
Epoch 2073, t=2460388.5304117524:
  TLE_ECI: r=[5762.66379953 4994.00564783 1192.3047722 ], v=[-1.17554551  2.90308741 -6.46953256]
  RK45_ECI: r=[ 1848.67913335 -2590.81457253  7028.83374715], v=[5.12017583 5.0334884  0.50719998]
Epoch 2074, t=2460388.530487016:
  TLE_ECI: r=[5722.74261522 5081.84992861  997.78327194], v=[-1.32640866  2.77133353 -6.49810407]
  RK45_ECI: r=[ 1883.15301074 -2557.15089221  7032.00011537], v=[5.10725623 5.05043687 0.46753531]
Epoch 2075, t=2460388.5305622793:
  TLE_ECI: r=[5678.27190515 5165.68690022  802.4809512 ], v=[-1.47611356  2.63727039 -6.52159026]
  RK45_ECI: r=[ 1917.52637996 -2523.36116388  7034.90854793], v=[5.09413432 5.067189   0.4278532 ]
Epoch 2076, t=2460388.5306375427:
  TLE_ECI: r=[5629.29013525 5245.44672921  606.55065549], v=[-1.6245403   2.50100444 -6.53997243]
  RK45_ECI: r=[ 1951.79755715 -2489.44702388  7037.55891029], v=[5.08081087 5.08374387 0.3881555 ]
Epoch 2077, t=2460388.5307128057:
  TLE_ECI: r=[5575.83939919 5321.0628071   410.14573048], v=[-1.77157011  2.36264402 -6.55323593]
  RK45_ECI: r=[ 1985.96532352 -2455.40965718  7039.9511191 ], v=[5.0672865  5.10010072 0.3484435 ]
Epoch 2078, t=2460388.530788069:
  TLE_ECI: r=[5517.96532048 5392.47187235  213.41989962], v=[-1.91708544  2.22229926 -6.56137022]
  RK45_ECI: r=[ 2020.02833116 -2421.25039156  7042.0850862 ], v=[5.05356189 5.11625879 0.30871867]
Epoch 2079, t=2460388.5308633326:
  TLE_ECI: r=[5455.71710595 5459.61396602   16.52714107], v=[-2.06097001  2.080082   -6.56436886]
  RK45_ECI: r=[ 2053.98521541 -2386.97057768  7043.96073309], v=[5.03963773 5.13221728 0.26898247]
Epoch 2080, t=2460388.530938596:
  TLE_ECI: r=[5389.14744187 5522.4325488  -180.37843524], v=[-2.20310895  1.93610566 -6.56222951]
  RK45_ECI: r=[ 2087.83477751 -2352.57140912  7045.57799776], v=[5.02551468 5.14797548 0.2292362 ]
Epoch 2081, t=2460388.5310138594:
  TLE_ECI: r=[5318.31246415 5580.87453283 -377.14271086], v=[-2.34338891  1.79048518 -6.55495392]
  RK45_ECI: r=[ 2121.57536333 -2318.05455598  7046.93680559], v=[5.01119354 5.1635325  0.18948168]
Epoch 2082, t=2460388.5310891224:
  TLE_ECI: r=[5243.27172653 5634.89031191 -573.61168204], v=[-2.48169811  1.64333693 -6.54254798]
  RK45_ECI: r=[ 2155.20577838 -2283.42122981  7048.03711492], v=[4.99667501 5.17888761 0.14972021]
Epoch 2083, t=2460388.531164386:
  TLE_ECI: r=[5164.08808406 5684.43386524 -769.63158273], v=[-2.6179265   1.49477855 -6.52502166]
  RK45_ECI: r=[ 2188.7246998  -2248.67278572  7048.87888545], v=[4.98195976 5.19404011 0.10995326]
Epoch 2084, t=2460388.5312396493:
  TLE_ECI: r=[5080.82773763 5729.46270425 -965.04900763], v=[-2.75196576  1.34492892 -6.50238903]
  RK45_ECI: r=[ 2222.13094141 -2213.81044392  7049.46208856], v=[4.9670485  5.2089893  0.07018211]
Epoch 2085, t=2460388.5313149127:
  TLE_ECI: r=[ 4993.56011153  5769.93797126 -1159.71103459], v=[-2.8837095   1.19390803 -6.47466822]
  RK45_ECI: r=[ 2255.4228742  -2178.83590023  7049.78669763], v=[4.95194207 5.22373431 0.03040861]
Epoch 2086, t=2460388.531390176:
  TLE_ECI: r=[ 4902.35781122  5805.82445659 -1353.4653467 ], v=[-3.01305326  1.04183687 -6.44188144]
  RK45_ECI: r=[ 2288.59933016 -2143.75038002  7049.85270438], v=[ 4.93664118  5.23827448 -0.00936595]
Epoch 2087, t=2460388.531465439:
  TLE_ECI: r=[ 4807.29657783  5837.09061512 -1546.16035381], v=[-3.13989463  0.88883733 -6.40405493]
  RK45_ECI: r=[ 2321.65898869 -2108.55527915  7049.66010682], v=[ 4.92114659  5.25260909 -0.04914011]
Epoch 2088, t=2460388.5315407026:
  TLE_ECI: r=[ 4708.45515541  5863.70864994 -1737.64531319], v=[-3.26413337  0.73503211 -6.36121894]
  RK45_ECI: r=[ 2354.60055346 -2073.25197857  7049.20891244], v=[ 4.90545903  5.26673745 -0.0889124 ]
Epoch 2089, t=2460388.531615966:
  TLE_ECI: r=[ 4605.91532639  5885.65445059 -1927.77044972], v=[-3.38567141  0.58054458 -6.31340772]
  RK45_ECI: r=[ 2387.42286426 -2037.84172337  7048.49913445], v=[ 4.88957924  5.28065889 -0.12868152]
Epoch 2090, t=2460388.5316912294:
  TLE_ECI: r=[ 4499.76177397  5902.90767098 -2116.38707487], v=[-3.50441302  0.42549874 -6.26065946]
  RK45_ECI: r=[ 2420.12432465 -2002.32624023  7047.53080616], v=[ 4.87350811  5.29437263 -0.16844564]
Epoch 2091, t=2460388.5317664924:
  TLE_ECI: r=[ 4390.08204417  5915.45171993 -2303.34770479], v=[-3.62026482  0.27001906 -6.20301627]
  RK45_ECI: r=[ 2452.70363874 -1966.70694733  7046.30396746], v=[ 4.85724646  5.30787795 -0.20820328]
Epoch 2092, t=2460388.531841756:
  TLE_ECI: r=[ 4276.96640273  5923.27382702 -2488.50617714], v=[-3.73313589  0.11423037 -6.14052414]
  RK45_ECI: r=[ 2485.15997697 -1930.98475942  7044.81864506], v=[ 4.84079485  5.32117437 -0.24795354]
Epoch 2093, t=2460388.5319170193:
  TLE_ECI: r=[ 4160.50786249  5926.36497555 -2671.71776697], v=[-3.84293782 -0.04174221 -6.07323289]
  RK45_ECI: r=[ 2517.49160882 -1895.16158931  7043.07491342], v=[ 4.8241543   5.33426106 -0.28769437]
Epoch 2094, t=2460388.5319922827:
  TLE_ECI: r=[ 4040.80203554  5924.71996295 -2852.83930099], v=[-3.94958482 -0.1977734  -6.00119614]
  RK45_ECI: r=[ 2549.69755516 -1859.23853661  7041.07282112], v=[ 4.80732549  5.34713745 -0.32742468]
Epoch 2095, t=2460388.532067546:
  TLE_ECI: r=[ 3917.94706997  5918.33739223 -3031.72927053], v=[-4.05299374 -0.35373783 -5.92447123]
  RK45_ECI: r=[ 2581.776254   -1823.21735688  7038.81246141], v=[ 4.79030937  5.35980281 -0.36714264]
Epoch 2096, t=2460388.532142809:
  TLE_ECI: r=[ 3792.04358456  5907.21966239 -3208.24794296], v=[-4.15308416 -0.50951019 -5.84311923]
  RK45_ECI: r=[ 2613.7264396  -1787.09949333  7036.293922  ], v=[ 4.77310679  5.37225646 -0.40684677]
Epoch 2097, t=2460388.5322180726:
  TLE_ECI: r=[ 3663.19451501  5891.37301165 -3382.25747134], v=[-4.24977845 -0.66496534 -5.75720478]
  RK45_ECI: r=[ 2645.54730361 -1750.8858781   7033.51725919], v=[ 4.75571834  5.38449796 -0.44653616]
Epoch 2098, t=2460388.532293336:
  TLE_ECI: r=[ 3531.50513172  5870.80744462 -3553.62200275], v=[-4.34300182 -0.81997835 -5.66679614]
  RK45_ECI: r=[ 2677.23715383 -1714.5784544   7030.48261341], v=[ 4.73814508  5.39652651 -0.48620878]
Epoch 2099, t=2460388.5323685994:
  TLE_ECI: r=[ 3397.08288216  5845.53677012 -3722.20778435], v=[-4.43268237 -0.97442468 -5.57196507]
  RK45_ECI: r=[ 2708.79503639 -1678.17834162  7027.19006886], v=[ 4.72038773  5.40834161 -0.52586354]
Epoch 2100, t=2460388.532443863:
  TLE_ECI: r=[ 3260.03731907  5815.57857826 -3887.88326783], v=[-4.51875119 -1.12818021 -5.47278677]
  RK45_ECI: r=[ 2740.21942519 -1641.68732256  7023.63977867], v=[ 4.70244728  5.41994255 -0.56549861]
Epoch 2101, t=2460388.532519126:
  TLE_ECI: r=[ 3120.48002581  5780.95421725 -4050.51921183], v=[-4.60114234 -1.28112139 -5.36933982]
  RK45_ECI: r=[ 2771.50908606 -1605.10686387  7019.83187824], v=[ 4.68432463  5.43132873 -0.6051125 ]
Epoch 2102, t=2460388.5325943893:
  TLE_ECI: r=[ 2978.52445591  5741.68881321 -4209.9887822 ], v=[-4.67979294 -1.43312537 -5.26170612]
  RK45_ECI: r=[ 2802.66323261 -1568.4379141   7015.76645345], v=[ 4.66602038  5.44249971 -0.64470433]
Epoch 2103, t=2460388.5326696527:
  TLE_ECI: r=[ 2834.28594123  5697.81119332 -4366.1676504 ], v=[-4.75464321 -1.58407    -5.14997079]
  RK45_ECI: r=[ 2833.68021278 -1531.68244482  7011.44371052], v=[ 4.64753565  5.45345476 -0.68427205]
Epoch 2104, t=2460388.532744916:
  TLE_ECI: r=[ 2687.88152869  5649.35390045 -4518.93408941], v=[-4.82563651 -1.73383401 -5.03422214]
  RK45_ECI: r=[ 2864.5590988  -1494.8415942   7006.86376924], v=[ 4.62887118  5.46419341 -0.72381459]
Epoch 2105, t=2460388.5328201796:
  TLE_ECI: r=[ 2539.42990051  5596.35315727 -4668.1690676 ], v=[-4.89271937 -1.8822971  -4.91455155]
  RK45_ECI: r=[ 2895.2984021  -1457.9171703   7002.02684241], v=[ 4.61002802  5.47471501 -0.76333011]
Epoch 2106, t=2460388.5328954426:
  TLE_ECI: r=[ 2389.05129317  5538.84882984 -4813.75634012], v=[-4.95584153 -2.02933998 -4.79105341]
  RK45_ECI: r=[ 2925.89692134 -1420.91066162  6996.93311305], v=[ 4.59100707  5.485019   -0.80281714]
Epoch 2107, t=2460388.532970706:
  TLE_ECI: r=[ 2236.86733395  5476.88442384 -4955.58253789], v=[-5.01495596 -2.17484456 -4.66382505]
  RK45_ECI: r=[ 2956.35389288 -1383.8230323   6991.58269646], v=[ 4.571809    5.49510497 -0.84227478]
Epoch 2108, t=2460388.5330459694:
  TLE_ECI: r=[ 2083.0010391   5410.5070061  -5093.53725441], v=[-5.07001892 -2.31869396 -4.53296662]
  RK45_ECI: r=[ 2986.66770641 -1346.65628023  6985.97586452], v=[ 4.55243495  5.50497227 -0.88170102]
Epoch 2109, t=2460388.533121233:
  TLE_ECI: r=[ 1927.57664823  5339.76719611 -5227.51312971], v=[-5.12098998 -2.46077262 -4.39858106]
  RK45_ECI: r=[ 3016.83746132 -1309.41156098  6980.11277243], v=[ 4.53288569  5.51462042 -0.92109478]
Epoch 2110, t=2460388.533196496:
  TLE_ECI: r=[ 1770.71955523  5264.71911252 -5357.405932  ], v=[-5.167832   -2.6009664  -4.26077397]
  RK45_ECI: r=[ 3046.86156659 -1272.09088355  6973.99372185], v=[ 4.51316242  5.52404882 -0.96045402]
Epoch 2111, t=2460388.5332717593:
  TLE_ECI: r=[ 1612.55614478  5185.42035117 -5483.11463644], v=[-5.2105112  -2.73916272 -4.11965354]
  RK45_ECI: r=[ 3076.73927919 -1234.69522455  6967.61885519], v=[ 4.49326579  5.53325707 -0.99977787]
Epoch 2112, t=2460388.5333470227:
  TLE_ECI: r=[ 1453.21378305  5101.93190628 -5604.54150174], v=[-5.24899715 -2.87525052 -3.97533047]
  RK45_ECI: r=[ 3106.46943477 -1197.22609483  6960.9884051 ], v=[ 4.47319675  5.54224467 -1.03906486]
Epoch 2113, t=2460388.533422286:
  TLE_ECI: r=[ 1292.82065304  5014.31814388 -5721.59214352], v=[-5.28326282 -3.00912047 -3.82791785]
  RK45_ECI: r=[ 3136.0506078  -1159.6853391   6954.10267947], v=[ 4.45295643  5.55101105 -1.07831317]
Epoch 2114, t=2460388.5334975496:
  TLE_ECI: r=[ 1131.50566693  4922.64674495 -5834.17560535], v=[-5.31328455 -3.140665   -3.6775311 ]
  RK45_ECI: r=[ 3165.48192575 -1122.07412925  6946.96186881], v=[ 4.43254562  5.55955581 -1.11752172]
Epoch 2115, t=2460388.5335728126:
  TLE_ECI: r=[  969.39837697  4826.98864862 -5942.20442682], v=[-5.33904209 -3.26977834 -3.52428786]
  RK45_ECI: r=[ 3194.76184162 -1084.39449763  6939.56633998], v=[ 4.41196554  5.56787837 -1.15668851]
Epoch 2116, t=2460388.533648076:
  TLE_ECI: r=[  806.62881482  4727.41800793 -6045.59470878], v=[-5.36051857 -3.39635673 -3.3683079 ]
  RK45_ECI: r=[ 3223.88963675 -1046.64743426  6931.91626463], v=[ 4.39121688  5.57597838 -1.19581263]
Epoch 2117, t=2460388.5337233394:
  TLE_ECI: r=[  643.32747378  4624.01211234 -6144.26617603], v=[-5.37770055 -3.52029835 -3.20971303]
  RK45_ECI: r=[ 3252.86418199 -1008.83446874  6924.01192256], v=[ 4.37030063  5.58385537 -1.23489265]
Epoch 2118, t=2460388.533798603:
  TLE_ECI: r=[  479.62514746  4516.85133965 -6238.14223682], v=[-5.39057802 -3.64150347 -3.048627  ]
  RK45_ECI: r=[3281.68409312 -970.95746625 6915.8536807 ], v=[ 4.34921796  5.59150885 -1.27392675]
Epoch 2119, t=2460388.5338738663:
  TLE_ECI: r=[  315.65284028  4406.01908925 -6327.15003965], v=[-5.39914434 -3.75987453 -2.88517539]
  RK45_ECI: r=[3310.34852654 -933.01761368 6907.44176469], v=[ 4.32796966  5.59893843 -1.31291386]
Epoch 2120, t=2460388.5339491293:
  TLE_ECI: r=[  151.54167636  4291.60171601 -6411.22052718], v=[-5.40339632 -3.87531616 -2.71948556]
  RK45_ECI: r=[3338.85598089 -895.01696458 6898.77660622], v=[ 4.30655703  5.60614361 -1.35185199]
Epoch 2121, t=2460388.5340243927:
  TLE_ECI: r=[  -12.57725462  4173.68846489 -6490.288487  ], v=[-5.40333414 -3.98773534 -2.55168647]
  RK45_ECI: r=[3367.20576247 -856.95652147 6889.85840601], v=[ 4.28498076  5.61312406 -1.39074024]
Epoch 2122, t=2460388.534099656:
  TLE_ECI: r=[ -176.57292432  4052.37139661 -6564.29259982], v=[-5.39896139 -4.09704139 -2.38190868]
  RK45_ECI: r=[3395.39677858 -818.83783106 6880.68749072], v=[ 4.26324189  5.61987937 -1.42957718]
Epoch 2123, t=2460388.5341749196:
  TLE_ECI: r=[ -340.31452014  3927.74531903 -6633.17548439], v=[-5.39028505 -4.20314605 -2.21028417]
  RK45_ECI: r=[3423.42768764 -780.66277697 6871.26428604], v=[ 4.2413416   5.6264091  -1.46836101]
Epoch 2124, t=2460388.534250183:
  TLE_ECI: r=[ -503.67153495  3799.90771211 -6696.88373955], v=[-5.37731547 -4.30596356 -2.03694628]
  RK45_ECI: r=[3451.29767587 -742.43255985 6861.58905239], v=[ 4.21928074  5.63271289 -1.50709066]
Epoch 2125, t=2460388.534325446:
  TLE_ECI: r=[ -666.51385846  3668.95865384 -6755.36798334], v=[-5.36006636 -4.40541072 -1.86202961]
  RK45_ECI: r=[3479.00528897 -704.14925246 6851.662286  ], v=[ 4.19706063  5.63879031 -1.54576416]
Epoch 2126, t=2460388.5344007094:
  TLE_ECI: r=[ -828.71192265  3535.00073513 -6808.58288895], v=[-5.33855475 -4.50140699 -1.68566989]
  RK45_ECI: r=[3506.54985898 -665.81386864 6841.48421637], v=[ 4.17468199  5.64464106 -1.58438061]
Epoch 2127, t=2460388.534475973:
  TLE_ECI: r=[ -990.13673687  3398.13899009 -6856.48721789], v=[-5.31280102 -4.59387445 -1.50800394]
  RK45_ECI: r=[3533.9303307  -627.42797058 6831.05521679], v=[ 4.15214589  5.65026478 -1.6229386 ]
Epoch 2128, t=2460388.5345512363:
  TLE_ECI: r=[-1150.66003273  3258.48080829 -6899.04384997], v=[-5.28282884 -4.68273795 -1.32916948]
  RK45_ECI: r=[3561.14540653 -588.99345845 6820.37577116], v=[ 4.12945355  5.65566108 -1.66143634]
Epoch 2129, t=2460388.5346264993:
  TLE_ECI: r=[-1310.15434359  3116.13585666 -6936.21981026], v=[-5.24866518 -4.76792511 -1.14930512]
  RK45_ECI: r=[3588.19417635 -550.51172863 6809.44622648], v=[ 4.10660596  5.66082962 -1.69987258]
Epoch 2130, t=2460388.5347017627:
  TLE_ECI: r=[-1468.49314053  2971.21597986 -6967.98629303], v=[-5.21034022 -4.84936643 -0.96855021]
  RK45_ECI: r=[3615.0756152  -511.98432116 6798.26698726], v=[ 4.08360413  5.6657701  -1.73824591]
Epoch 2131, t=2460388.534777026:
  TLE_ECI: r=[-1625.55087463  2823.83513502 -6994.31868276], v=[-5.1678874  -4.92699528 -0.78704473]
  RK45_ECI: r=[3641.78870076 -473.41280981 6786.83846728], v=[ 4.06044916  5.67048219 -1.77655491]
Epoch 2132, t=2460388.5348522896:
  TLE_ECI: r=[-1781.20311185  2674.10928993 -7015.19657193], v=[-5.12134334 -5.00074798 -0.60492922]
  RK45_ECI: r=[3668.33254322 -434.79858747 6775.16103413], v=[ 4.03714201  5.67496558 -1.81479834]
Epoch 2133, t=2460388.534927553:
  TLE_ECI: r=[-1935.32662006  2522.15633666 -7030.60377583], v=[-5.07074785 -5.07056384 -0.42234465]
  RK45_ECI: r=[3694.70589029 -396.14356888 6763.23522957], v=[ 4.01368396  5.67921996 -1.85297444]
Epoch 2134, t=2460388.535002816:
  TLE_ECI: r=[-2087.79945755  2368.09600646 -7040.52834436], v=[-5.01614385 -5.1363852  -0.23943235]
  RK45_ECI: r=[3720.90786736 -357.44916259 6751.06144072], v=[ 3.990076    5.68324502 -1.89108197]
Epoch 2135, t=2460388.5350780794:
  TLE_ECI: r=[-2238.5010953   2212.04975367 -7044.96257065], v=[-4.95757736 -5.19815753 -0.05633387]
  RK45_ECI: r=[3746.93748703 -318.71692026 6738.64011805], v=[ 3.96631921  5.68704052 -1.92911953]
Epoch 2136, t=2460388.535153343:
  TLE_ECI: r=[-2387.31246729  2054.14069692 -7043.9029968 ], v=[-4.89509746 -5.25582937  0.12680909]
  RK45_ECI: r=[3772.79376631 -279.94842823 6725.9717212 ], v=[ 3.94241468  5.69060615 -1.96708571]
Epoch 2137, t=2460388.5352286063:
  TLE_ECI: r=[-2534.11609185  1894.49350099 -7037.35041639], v=[-4.82875627 -5.30935245  0.3098548 ]
  RK45_ECI: r=[3798.47585091 -241.1450903  6713.05665771], v=[ 3.91836342  5.69394169 -2.00497929]
Epoch 2138, t=2460388.5353038698:
  TLE_ECI: r=[-2678.79615475  1733.23428635 -7025.30987401], v=[-4.75860888 -5.35868169  0.49266161]
  RK45_ECI: r=[3823.98253494 -202.30883378 6699.89552664], v=[ 3.89416674  5.69704683 -2.04279852]
Epoch 2139, t=2460388.5353791327:
  TLE_ECI: r=[-2821.23859421  1570.49053994 -7007.79066174], v=[-4.68471333 -5.40377525  0.675088  ]
  RK45_ECI: r=[3849.31298021 -163.44107824 6686.48875489], v=[ 3.86982566  5.69992136 -2.08054218]
Epoch 2140, t=2460388.535454396:
  TLE_ECI: r=[-2961.33120805  1406.39098401 -6984.80631243], v=[-4.60713052 -5.4445946   0.85699277]
  RK45_ECI: r=[3874.46623778 -124.5433851  6672.83683845], v=[ 3.84534127  5.70256504 -2.11820887]
Epoch 2141, t=2460388.5355296596:
  TLE_ECI: r=[-3098.96371124  1241.06552485 -6956.37459019], v=[-4.52592424 -5.48110446  1.03823507]
  RK45_ECI: r=[3899.44148169  -85.61717733 6658.94021655], v=[ 3.8207146   5.70497766 -2.15579739]
Epoch 2142, t=2460388.535604923:
  TLE_ECI: r=[-3234.02784114  1074.64512054 -6922.51747753], v=[-4.44116107 -5.51327291  1.21867452]
  RK45_ECI: r=[3924.23754406  -46.66439079 6644.79953369], v=[ 3.79594699  5.70715898 -2.19330599]
Epoch 2143, t=2460388.535680186:
  TLE_ECI: r=[-3366.41743351   907.26169712 -6883.26115964], v=[-4.35291035 -5.54107138  1.39817132]
  RK45_ECI: r=[3948.85350134   -7.68662676 6630.41531634], v=[ 3.77103959  5.7091088  -2.23073329]
Epoch 2144, t=2460388.5357554494:
  TLE_ECI: r=[-3496.02851589   739.0480075  -6838.6360055 ], v=[-4.26124408 -5.56447472  1.57658636]
  RK45_ECI: r=[3973.28878129   31.31506912 6615.78789235], v=[ 3.7459932   5.71082694 -2.26807843]
Epoch 2145, t=2460388.535830713:
  TLE_ECI: r=[-3622.75937077   570.13758598 -6788.67654603], v=[-4.16623696 -5.58346117  1.7537813 ]
  RK45_ECI: r=[3997.54212905   70.33856984 6600.91800691], v=[ 3.72080928  5.7123132  -2.30533952]
Epoch 2146, t=2460388.5359059763:
  TLE_ECI: r=[-3746.51062663   400.66460661 -6733.42144911], v=[-4.06796626 -5.59801239  1.92961869]
  RK45_ECI: r=[4021.61287121  109.38262934 6585.80607045], v=[ 3.69548878  5.71356741 -2.34251553]
Epoch 2147, t=2460388.5359812398:
  TLE_ECI: r=[-3867.185332     230.76378793 -6672.91349164], v=[-3.96651178 -5.60811352  2.10396205]
  RK45_ECI: r=[4045.49988845  148.44530284 6570.45278365], v=[ 3.67003307  5.7145894  -2.37960475]
Epoch 2148, t=2460388.5360565027:
  TLE_ECI: r=[-3984.68903072    60.5702997  -6607.19952852], v=[-3.86195582 -5.61375314  2.276676  ]
  RK45_ECI: r=[4069.20229892  187.52498076 6554.8587177 ], v=[ 3.64444331  5.71537902 -2.41660579]
Epoch 2149, t=2460388.536131766:
  TLE_ECI: r=[-4098.92983671  -109.78038903 -6536.33045858], v=[-3.75438305 -5.61492336  2.44762633]
  RK45_ECI: r=[4092.71955887  226.62061117 6539.02422797], v=[ 3.61872033  5.71593611 -2.45351783]
Epoch 2150, t=2460388.5362070296:
  TLE_ECI: r=[-4209.81850315  -280.1525468  -6460.36118758], v=[-3.64388053 -5.61161976  2.61668013]
  RK45_ECI: r=[4116.05046706  265.73005856 6522.95012123], v=[ 3.59286563  5.71626055 -2.49033897]
Epoch 2151, t=2460388.536282293:
  TLE_ECI: r=[-4317.26849437  -450.41033214 -6379.35058814], v=[-3.53053762 -5.60384143  2.78370586]
  RK45_ECI: r=[4139.19438385  304.85207028 6506.63684094], v=[ 3.56688018  5.71635219 -2.52706822]
Epoch 2152, t=2460388.5363575565:
  TLE_ECI: r=[-4421.19605299  -620.41788862 -6293.36145667], v=[-3.41444588 -5.59159099  2.94857348]
  RK45_ECI: r=[4162.15023952  343.98469466 6490.08514336], v=[ 3.54076535  5.71621094 -2.56370386]
Epoch 2153, t=2460388.5364328194:
  TLE_ECI: r=[-4521.52026792  -790.03943867 -6202.46046737], v=[-3.29569905 -5.57487457  3.11115452]
  RK45_ECI: r=[4184.91719476  383.12631547 6473.29564377], v=[ 3.51452237  5.71583668 -2.60024456]
Epoch 2154, t=2460388.536508083:
  TLE_ECI: r=[-4618.16312914  -959.13944355 -6106.71812324], v=[-3.17439291 -5.55370184  3.27132219]
  RK45_ECI: r=[4207.4947349   422.27587549 6456.26872481], v=[ 3.48815206  5.7152293  -2.63668948]
Epoch 2155, t=2460388.5365833463:
  TLE_ECI: r=[-4711.04960159 -1127.58263181 -6006.20870411], v=[-3.0506253  -5.52808599  3.42895151]
  RK45_ECI: r=[4229.88171336  461.43123324 6439.00525396], v=[ 3.46165595  5.71438873 -2.67303677]
Epoch 2156, t=2460388.5366586098:
  TLE_ECI: r=[-4800.10767657 -1295.23415872 -5901.01021182], v=[-2.924496   -5.49804375  3.58391934]
  RK45_ECI: r=[4252.07752499  500.59113059 6421.50570733], v=[ 3.43503503  5.71331487 -2.70928542]
Epoch 2157, t=2460388.536733873:
  TLE_ECI: r=[-4885.26843055 -1461.9597005  -5791.20431242], v=[-2.79610663 -5.46359535  3.73610453]
  RK45_ECI: r=[4274.08115058  539.753611   6403.77089601], v=[ 3.40829072  5.71200769 -2.74543377]
Epoch 2158, t=2460388.536809136:
  TLE_ECI: r=[-4966.46608452 -1627.62554685 -5676.87627554], v=[-2.66556066 -5.42476454  3.885388  ]
  RK45_ECI: r=[4295.89179425  578.91705346 6385.8014788 ], v=[ 3.38142426  5.7104671  -2.78148047]
Epoch 2159, t=2460388.5368843996:
  TLE_ECI: r=[-5043.63803765 -1792.09876562 -5558.11491089], v=[-2.53296318 -5.38157861  4.03165284]
  RK45_ECI: r=[4317.50897081  618.08039652 6367.5978652 ], v=[ 3.35443647  5.70869305 -2.81742473]
Epoch 2160, t=2460388.536959663:
  TLE_ECI: r=[-5116.72494434 -1955.24722292 -5435.01250186], v=[-2.398421   -5.3340683   4.17478438]
  RK45_ECI: r=[4338.9315895   657.2414949  6349.16098258], v=[ 3.32732893  5.70668552 -2.85326469]
Epoch 2161, t=2460388.5370349265:
  TLE_ECI: r=[-5185.67074391 -2116.9397466  -5307.66473648], v=[-2.26204244 -5.28226786  4.31467032]
  RK45_ECI: r=[4360.15908014  696.39908638 6330.49133925], v=[ 3.30010264  5.70444445 -2.88899939]
Epoch 2162, t=2460388.5371101894:
  TLE_ECI: r=[-5250.42271637 -2277.04620238 -5176.17063546], v=[-2.12393731 -5.22621496  4.45120078]
  RK45_ECI: r=[4381.19037739  735.55102486 6311.58988957], v=[ 3.27275919  5.70196988 -2.92462701]
Epoch 2163, t=2460388.537185453:
  TLE_ECI: r=[-5310.93149845 -2435.43766025 -5040.63247762], v=[-1.98421676 -5.16595077  4.58426844]
  RK45_ECI: r=[4402.02502255  774.69624668 6292.45706751], v=[ 3.24529942  5.69926174 -2.96014673]
Epoch 2164, t=2460388.5372607163:
  TLE_ECI: r=[-5367.15116206 -2591.98640691 -4901.15572253], v=[-1.84299328 -5.10151982  4.71376859]
  RK45_ECI: r=[4422.66226734  813.83312679 6273.09357671], v=[ 3.21772459  5.69632004 -2.99555725]
Epoch 2165, t=2460388.5373359798:
  TLE_ECI: r=[-5419.03922575 -2746.5661109  -4757.84893062], v=[-1.70038057 -5.03297007  4.83959921]
  RK45_ECI: r=[4443.1011755   852.95970517 6253.50031438], v=[ 3.19003616  5.69314482 -3.03085693]
Epoch 2166, t=2460388.537411243:
  TLE_ECI: r=[-5466.55669516 -2899.05191034 -4610.82368057], v=[-1.55649343 -4.96035282  4.9616611 ]
  RK45_ECI: r=[4463.34121234  892.07471705 6233.67782044], v=[ 3.16223515  5.68973606 -3.06604481]
Epoch 2167, t=2460388.537486506:
  TLE_ECI: r=[-5509.66810382 -3049.32049823 -4460.19448428], v=[-1.41144772 -4.8837227   5.07985793]
  RK45_ECI: r=[4483.38136979  931.17601559 6213.62710792], v=[ 3.13432318  5.68609385 -3.1011191 ]
Epoch 2168, t=2460388.5375617696:
  TLE_ECI: r=[-5548.34150613 -3197.2502885  -4306.07869929], v=[-1.26536016 -4.80313764  5.19409632]
  RK45_ECI: r=[4503.22121954  970.26253516 6193.34863677], v=[ 3.10630111  5.68221818 -3.13607901]
Epoch 2169, t=2460388.537637033:
  TLE_ECI: r=[-5582.54855588 -3342.72141908 -4148.59643866], v=[-1.1183484  -4.71865882  5.30428595]
  RK45_ECI: r=[4522.86005812 1009.3326495  6172.84315286], v=[ 3.0781702   5.67810909 -3.17092324]
Epoch 2170, t=2460388.5377122965:
  TLE_ECI: r=[-5612.26449468 -3485.61591497 -3987.87047867], v=[-0.97053081 -4.63035064  5.4103396 ]
  RK45_ECI: r=[4542.29700219 1048.38439912 6152.11160604], v=[ 3.04993196  5.67376669 -3.2056502 ]
Epoch 2171, t=2460388.53778756:
  TLE_ECI: r=[-5637.46818072 -3625.81776939 -3824.02616404], v=[-0.8220264  -4.53828064  5.51217325]
  RK45_ECI: r=[4561.53155316 1087.41651766 6131.15456745], v=[ 3.0215874   5.66919099 -3.24025892]
Epoch 2172, t=2460388.537862823:
  TLE_ECI: r=[-5658.14211678 -3763.21302373 -3657.19131095], v=[-0.67295475 -4.44251952  5.60970617]
  RK45_ECI: r=[4580.56276102 1126.42686021 6109.97310767], v=[ 2.99313819  5.66438215 -3.27474767]
Epoch 2173, t=2460388.5379380863:
  TLE_ECI: r=[-5674.27242092 -3897.68992792 -3487.49610797], v=[-0.52343589 -4.34314103  5.70286094]
  RK45_ECI: r=[4599.3902283  1165.41436017 6088.56771231], v=[ 2.96458517  5.65934019 -3.30911564]
Epoch 2174, t=2460388.5380133498:
  TLE_ECI: r=[-5685.84890262 -4029.13893442 -3315.07301467], v=[-0.3735902  -4.24022193  5.79156356]
  RK45_ECI: r=[4618.01329697 1204.37739172 6066.93916866], v=[ 2.93592966  5.65406519 -3.34336159]
Epoch 2175, t=2460388.538088613:
  TLE_ECI: r=[-5692.86502809 -4157.45285567 -3140.05665845], v=[-0.22353836 -4.13384196  5.87574353]
  RK45_ECI: r=[4636.43113745 1243.31399792 6045.08847837], v=[ 2.90717317  5.64855734 -3.37748392]
Epoch 2176, t=2460388.5381638766:
  TLE_ECI: r=[-5695.31793606 -4282.52693722 -2962.58372918], v=[-0.07340117 -4.02408373  5.95533385]
  RK45_ECI: r=[4654.64328757 1282.22291246 6023.01624313], v=[ 2.87831673  5.64281668 -3.41148172]
Epoch 2177, t=2460388.5382391396:
  TLE_ECI: r=[-5693.20845283 -4404.25892886 -2782.79287217], v=[ 0.07670048 -3.91103273  6.03027115]
  RK45_ECI: r=[4672.64885638 1321.10199432 6000.72359018], v=[ 2.84936202  5.63684344 -3.44535325]
Epoch 2178, t=2460388.538314403:
  TLE_ECI: r=[-5686.54104001 -4522.54923721 -2600.82457931], v=[ 0.22664579 -3.79477717  6.10049571]
  RK45_ECI: r=[4690.4474775  1359.95017722 5978.21103024], v=[ 2.82030992  5.63063766 -3.47909776]
Epoch 2179, t=2460388.5383896665:
  TLE_ECI: r=[-5675.32386695 -4637.30090949 -2416.82107837], v=[ 0.37631404 -3.67540801  6.16595151]
  RK45_ECI: r=[4708.03853902 1398.76583743 5955.47939126], v=[ 2.79116174  5.62419949 -3.51271398]
Epoch 2180, t=2460388.53846493:
  TLE_ECI: r=[-5659.56875288 -4748.41978222 -2230.92622089], v=[ 0.52558481 -3.55301882  6.22658633]
  RK45_ECI: r=[4725.42126573 1437.54702276 5932.52972574], v=[ 2.76191902  5.61752915 -3.5462004 ]
Epoch 2181, t=2460388.538540193:
  TLE_ECI: r=[-5639.29118379 -4855.81452717 -2043.28536843], v=[ 0.67433797 -3.42770572  6.28235171]
  RK45_ECI: r=[4742.59506998 1476.29211179 5909.36288382], v=[ 2.73258308  5.61062681 -3.57955576]
Epoch 2182, t=2460388.5386154563:
  TLE_ECI: r=[-5614.51024222 -4959.39679527 -1854.04527766], v=[ 0.82245391 -3.29956733  6.33320311]
  RK45_ECI: r=[4759.5596079  1515.00003868 5885.97939291], v=[ 2.7031548   5.60349255 -3.61277933]
Epoch 2183, t=2460388.5386907198:
  TLE_ECI: r=[-5585.24867534 -5059.08119216 -1663.35398369], v=[ 0.96981352 -3.16870466  6.37909985]
  RK45_ECI: r=[4776.31405727 1553.66866972 5862.3804437 ], v=[ 2.6736359   5.59612666 -3.64586942]
Epoch 2184, t=2460388.538765983:
  TLE_ECI: r=[-5551.53281962 -5154.7854169  -1471.36068268], v=[ 1.11629835 -3.03522105  6.42000519]
  RK45_ECI: r=[4792.85801514 1592.29674138 5838.56668559], v=[ 2.64402741  5.58852926 -3.67882511]
Epoch 2185, t=2460388.5388412466:
  TLE_ECI: r=[-5513.39259229 -5246.43031529 -1278.21561304], v=[ 1.2617907  -2.89922207  6.45588638]
  RK45_ECI: r=[4809.19076155 1630.8823079  5814.53922089], v=[ 2.61433091  5.58070063 -3.71164491]
Epoch 2186, t=2460388.5389165096:
  TLE_ECI: r=[-5470.86148077 -5333.93993195 -1084.06993579], v=[ 1.40617374 -2.76081544  6.48671468]
  RK45_ECI: r=[4825.31183446 1669.42392303 5790.29882494], v=[ 2.58454758  5.57264096 -3.74432775]
Epoch 2187, t=2460388.538991773:
  TLE_ECI: r=[-5423.97645251 -5417.24163851  -889.07561409], v=[ 1.5493316  -2.62011093  6.51246535]
  RK45_ECI: r=[4841.22068513 1707.92001281 5765.84639215], v=[ 2.55467874  5.56435047 -3.77687244]
Epoch 2188, t=2460388.5390670365:
  TLE_ECI: r=[-5372.77801576 -5496.26609975  -693.38529173], v=[ 1.69114943 -2.47722028  6.53311774]
  RK45_ECI: r=[4856.9167885  1746.36896253 5741.1828247 ], v=[ 2.5247257   5.5558294  -3.80927779]
Epoch 2189, t=2460388.5391423:
  TLE_ECI: r=[-5317.31012342 -5570.94739713  -497.1521713 ], v=[ 1.83151357 -2.33225714  6.54865525]
  RK45_ECI: r=[4872.39970025 1784.76934202 5716.30891523], v=[ 2.49468966  5.54707794 -3.84154277]
Epoch 2190, t=2460388.5392175633:
  TLE_ECI: r=[-5257.62015055 -5641.22306929  -300.52989164], v=[ 1.97031157 -2.18533688  6.5590654 ]
  RK45_ECI: r=[4887.66875609 1823.1192145  5691.22581485], v=[ 2.4645722   5.53809646 -3.87366589]
Epoch 2191, t=2460388.5392928263:
  TLE_ECI: r=[-5193.75887071 -5707.03415014  -103.67240488], v=[ 2.10743236 -2.03657661  6.56433977]
  RK45_ECI: r=[4902.72353678 1861.41713863 5665.93433251], v=[ 2.43437454  5.52888515 -3.90564613]
Epoch 2192, t=2460388.5393680898:
  TLE_ECI: r=[-5125.78034581 -5768.32528053    93.26614665], v=[ 2.24276629 -1.88609497  6.5644741 ]
  RK45_ECI: r=[4917.56353924 1899.66154793 5640.43540115], v=[ 2.40409796  5.5194443  -3.93748231]
Epoch 2193, t=2460388.539443353:
  TLE_ECI: r=[-5053.74197924 -5825.04466421   290.13155406], v=[ 2.37620527 -1.73401213  6.55946822]
  RK45_ECI: r=[4932.18828585 1937.85083474 5614.7299612 ], v=[ 2.37374383  5.50977421 -3.96917328]
Epoch 2194, t=2460388.5395186166:
  TLE_ECI: r=[-4977.70440078 -5877.1441734    486.76966524], v=[ 2.5076428  -1.5804496   6.54932607]
  RK45_ECI: r=[4946.59737465 1975.9835751  5588.81883859], v=[ 2.34331334  5.4998751  -4.00071802]
Epoch 2195, t=2460388.53959388:
  TLE_ECI: r=[-4897.73143105 -5924.57937496   683.02650835], v=[ 2.63697411 -1.4255302   6.53405573]
  RK45_ECI: r=[4960.79019762 2014.05784295 5562.70323207], v=[ 2.3128081   5.48974739 -4.03211508]
Epoch 2196, t=2460388.539669143:
  TLE_ECI: r=[-4813.89004451 -5967.30955443   878.74841515], v=[ 2.76409626 -1.26937792  6.51366935]
  RK45_ECI: r=[4974.76637867 2052.07220361 5536.38398353], v=[ 2.28222933  5.47939133 -4.06336347]
Epoch 2197, t=2460388.5397444065:
  TLE_ECI: r=[-4726.25024211 -6005.29780795  1073.78214379], v=[ 2.88890817 -1.11211777  6.4881832 ]
  RK45_ECI: r=[4988.52546068 2090.02509979 5509.86206342], v=[ 2.25157833  5.46880727 -4.09446204]
Epoch 2198, t=2460388.53981967:
  TLE_ECI: r=[-4634.88509635 -6038.51098841  1267.97500167], v=[ 3.01131075 -0.95387576  6.45761763]
  RK45_ECI: r=[5002.06708173 2127.91509908 5483.1383237 ], v=[ 2.22085634  5.45799546 -4.1254098 ]
Epoch 2199, t=2460388.5398949333:
  TLE_ECI: r=[-4539.87061923 -6066.91979131  1461.17496739], v=[ 3.13120697 -0.79477876  6.42199703]
  RK45_ECI: r=[5015.39067917 2165.74028546 5456.21400046], v=[ 2.19006496  5.44695637 -4.15620533]
Epoch 2200, t=2460388.5399701963:
  TLE_ECI: r=[-4441.28573251 -6090.49875273  1653.2308122 ], v=[ 3.24850194 -0.63495437  6.38134984]
  RK45_ECI: r=[5028.49584569 2203.49906484 5429.09008903], v=[ 2.15920557  5.43569035 -4.1868475 ]
Epoch 2201, t=2460388.5400454598:
  TLE_ECI: r=[-4339.21212904 -6109.22632381  1843.99222062], v=[ 3.363103   -0.47453079  6.33570851]
  RK45_ECI: r=[5041.38235899 2241.19038602 5401.76720598], v=[ 2.12827908  5.42419759 -4.21733564]
Epoch 2202, t=2460388.540120723:
  TLE_ECI: r=[-4233.73431042 -6123.08481022  2033.30991047], v=[ 3.47491976 -0.3136368   6.28510947]
  RK45_ECI: r=[5054.0496302  2278.81216055 5374.24674171], v=[ 2.09728725  5.41247865 -4.2476682 ]
Epoch 2203, t=2460388.5401959866:
  TLE_ECI: r=[-4124.93944371 -6132.06044064  2221.03575162], v=[ 3.58386423 -0.15240157  6.22959308]
  RK45_ECI: r=[5066.4974002  2316.36314533 5346.52945222], v=[ 2.06623118  5.40053377 -4.27784435]
Epoch 2204, t=2460388.54027125:
  TLE_ECI: r=[-4012.91730532 -6136.14336549  2407.0228838 ], v=[3.68985084 0.00904544 6.16920363]
  RK45_ECI: r=[5078.7251635  2353.84143886 5318.61661915], v=[ 2.03511249  5.38836347 -4.3078627 ]
Epoch 2205, t=2460388.540346513:
  TLE_ECI: r=[-3897.76022282 -6135.32765423  2591.1258333 ], v=[3.79279654 0.17057455 6.10398926]
  RK45_ECI: r=[5090.73256103 2391.24545828 5290.50927389], v=[ 2.00393254  5.37596815 -4.33772218]
Epoch 2206, t=2460388.5404217765:
  TLE_ECI: r=[-3779.56292489 -6129.61134684  2773.20062808], v=[3.89262084 0.332056   6.03400194]
  RK45_ECI: r=[5102.51940302 2428.57415889 5262.20805503], v=[ 1.97269228  5.36334805 -4.36742211]
Epoch 2207, t=2460388.54049704:
  TLE_ECI: r=[-3658.42256915 -6118.99638624  2953.10491201], v=[3.9892459  0.49336007 5.95929742]
  RK45_ECI: r=[5114.08516316 2465.82546956 5233.71440248], v=[ 1.94139347  5.35050376 -4.39696098]
Epoch 2208, t=2460388.5405723033:
  TLE_ECI: r=[-3534.43858832 -6103.48866382  3130.69805715], v=[4.08259658 0.65435716 5.87993515]
  RK45_ECI: r=[5125.42962076 2502.99815574 5205.02909856], v=[ 1.91003722  5.3374356  -4.426338  ]
Epoch 2209, t=2460388.540647567:
  TLE_ECI: r=[-3407.71262444 -6083.09800313  3305.8412746 ], v=[4.1726005  0.8149179  5.79597827]
  RK45_ECI: r=[5136.55232776 2540.09033242 5176.15346934], v=[ 1.87862515  5.32414411 -4.45555182]
Epoch 2210, t=2460388.5407228298:
  TLE_ECI: r=[-3278.34846131 -6057.83814239  3478.39772383], v=[4.25918808 0.97491328 5.70749353]
  RK45_ECI: r=[5147.45297367 2577.10042962 5147.08858115], v=[ 1.84715865  5.31062977 -4.48460139]
Epoch 2211, t=2460388.540798093:
  TLE_ECI: r=[-3146.45186614 -6027.72676242  3648.23261983], v=[4.34229261 1.13421476 5.61455122]
  RK45_ECI: r=[5158.13140129 2614.02741041 5117.83509408], v=[ 1.81563864  5.29689282 -4.51348604]
Epoch 2212, t=2460388.5408733566:
  TLE_ECI: r=[-3012.13060813 -5992.7854132   3815.213339  ], v=[4.42185029 1.29269435 5.51722512]
  RK45_ECI: r=[5168.58714727 2650.86922311 5088.39449613], v=[ 1.78406693  5.28293394 -4.54220433]
Epoch 2213, t=2460388.54094862:
  TLE_ECI: r=[-2875.49429716 -5953.03953604  3979.20952258], v=[4.4978003  1.45022472 5.41559243]
  RK45_ECI: r=[5178.82002949 2687.624643   5058.76759524], v=[ 1.75244459  5.26875346 -4.57075547]
Epoch 2214, t=2460388.5410238835:
  TLE_ECI: r=[-2736.65431031 -5908.51843285  4140.09317827], v=[4.57008478 1.60667933 5.3097337 ]
  RK45_ECI: r=[5188.82965766 2724.29180349 5028.95576055], v=[ 1.72077329  5.25435201 -4.59913816]
Epoch 2215, t=2460388.5410991465:
  TLE_ECI: r=[-2595.72371618 -5859.25523475  4297.7387798 ], v=[4.63864896 1.76193248 5.19973278]
  RK45_ECI: r=[5198.61576996 2760.86914944 4998.96009244], v=[ 1.68905441  5.23973009 -4.62735137]
Epoch 2216, t=2460388.54117441:
  TLE_ECI: r=[-2452.81711304 -5805.28690572  4452.02336408], v=[4.70344113 1.9158595  5.0856767 ]
  RK45_ECI: r=[5208.17824191 2797.35565251 4968.78127174], v=[ 1.65728888  5.22488798 -4.65539448]
Epoch 2217, t=2460388.5412496733:
  TLE_ECI: r=[-2308.05063715 -5746.6541656   4602.82662654], v=[4.76441268 2.06833677 4.96765563]
  RK45_ECI: r=[5217.51667356 2833.74928255 4938.42083321], v=[ 1.62547849  5.20982643 -4.68326605]
Epoch 2218, t=2460388.541324937:
  TLE_ECI: r=[-2161.54179761 -5683.4014889   4750.03101371], v=[4.82151818 2.21924183 4.84576281]
  RK45_ECI: r=[5226.6309212  2870.04882631 4907.87960956], v=[ 1.59362436  5.1945458  -4.71096536]
Epoch 2219, t=2460388.5414001998:
  TLE_ECI: r=[-2013.40941408 -5615.57705444  4893.52181372], v=[4.87471536 2.3684535  4.72009443]
  RK45_ECI: r=[5235.52061349 2906.25226425 4877.15915638], v=[ 1.56172829  5.17904685 -4.73849098]
Epoch 2220, t=2460388.541475463:
  TLE_ECI: r=[-1863.7734529  -5543.23273062  5033.18724409], v=[4.92396515 2.51585201 4.59074959]
  RK45_ECI: r=[5244.18565495 2942.35857739 4846.26017319], v=[ 1.5297912   5.1633299  -4.76584234]
Epoch 2221, t=2460388.5415507266:
  TLE_ECI: r=[-1712.75502846 -5466.42399647  5168.91853744], v=[4.9692317  2.66131901 4.45783017]
  RK45_ECI: r=[5252.62583643 2978.36622729 4815.18379473], v=[ 1.4978145   5.1473955  -4.79301841]
Epoch 2222, t=2460388.54162599:
  TLE_ECI: r=[-1560.47623788 -5385.20992195  5300.61002424], v=[5.01048243 2.80473772 4.32144081]
  RK45_ECI: r=[5260.84086047 3014.27338109 4783.93145644], v=[ 1.46579984  5.13124437 -4.82001796]
Epoch 2223, t=2460388.5417012535:
  TLE_ECI: r=[-1407.06007841 -5299.65311387  5428.15921316], v=[5.047688   2.945993   4.18168874]
  RK45_ECI: r=[5268.83062223 3050.07883782 4752.50401505], v=[ 1.43374832  5.11487692 -4.84684027]
Epoch 2224, t=2460388.5417765165:
  TLE_ECI: r=[-1252.63036284 -5209.81966194  5551.4668688 ], v=[5.08082237 3.08497146 4.03868378]
  RK45_ECI: r=[5276.59481381 3085.7806028  4720.90307072], v=[ 1.40166175  5.09829396 -4.87348399]
Epoch 2225, t=2460388.54185178:
  TLE_ECI: r=[-1097.31155805 -5115.77910091  5670.43708653], v=[5.10986275 3.22156153 3.89253816]
  RK45_ECI: r=[5284.13337261 3121.37766786 4689.12934249], v=[ 1.36954108  5.08149585 -4.89994853]
Epoch 2226, t=2460388.5419270433:
  TLE_ECI: r=[ -941.22877676 -5017.60433141  5784.97736496], v=[5.1347897  3.35565355 3.7433665 ]
  RK45_ECI: r=[5291.44613828 3156.86851269 4657.18399692], v=[ 1.33738768  5.06448318 -4.92623292]
Epoch 2227, t=2460388.542002307:
  TLE_ECI: r=[ -784.50761539 -4915.37157772  5894.99867528], v=[5.15558705 3.48713984 3.59128569]
  RK45_ECI: r=[5298.53287176 3192.25132787 4625.06850909], v=[ 1.30520323  5.04725673 -4.95233597]
Epoch 2228, t=2460388.54207757:
  TLE_ECI: r=[ -627.27406837 -4809.16032302  6000.41552801], v=[5.17224195 3.6159148  3.43641479]
  RK45_ECI: r=[5305.3935068  3227.52492629 4592.78375892], v=[ 1.27298882  5.02981694 -4.97825698]
Epoch 2229, t=2460388.542152833:
  TLE_ECI: r=[ -469.65444129 -4699.05324463  6101.14603686], v=[5.18474488 3.74187497 3.27887494]
  RK45_ECI: r=[5312.0277993  3262.68734007 4560.33138965], v=[ 1.24074629  5.01216469 -5.00399464]
Epoch 2230, t=2460388.5422280966:
  TLE_ECI: r=[ -311.77519437 -4585.13615457  6197.1119796 ], v=[5.1930896  3.86491917 3.11878926]
  RK45_ECI: r=[5318.43571924 3297.73757318 4527.71213915], v=[ 1.20847655  4.99430036 -5.02954839]
Epoch 2231, t=2460388.54230336:
  TLE_ECI: r=[ -153.76292583 -4467.4979217   6288.23885638], v=[5.19727319 3.98494847 2.95628277]
  RK45_ECI: r=[5324.61715547 3332.6741246  4494.92720464], v=[ 1.176181   4.9762246 -5.0549173]
Epoch 2232, t=2460388.5423786235:
  TLE_ECI: r=[ 4.25578533e+00 -4.34623041e+03  6.37445594e+03], v=[5.19729604 4.10186633 2.79148227]
  RK45_ECI: r=[5330.57192709 3367.49521071 4461.97809951], v=[ 1.14386131  4.95793822 -5.08010022]
Epoch 2233, t=2460388.5424538865:
  TLE_ECI: r=[  162.15445276 -4221.42839729  6455.69635203], v=[5.19316183 4.21557867 2.62451627]
  RK45_ECI: r=[5336.29994868 3402.19934223 4428.86603754], v=[ 1.11151889  4.93944189 -5.10509623]
Epoch 2234, t=2460388.54252915:
  TLE_ECI: r=[  319.80683282 -4093.18951418  6531.8970644 ], v=[5.18487751 4.32599393 2.45551485]
  RK45_ECI: r=[5341.80121349 3436.78553161 4395.59176885], v=[ 1.07915465  4.92073603 -5.12990478]
Epoch 2235, t=2460388.5426044133:
  TLE_ECI: r=[  477.08694882 -3961.6141537   6602.99899348], v=[5.1724533  4.43302314 2.2846096 ]
  RK45_ECI: r=[5347.07555064 3471.25184436 4362.15698406], v=[ 1.04677042  4.90182156 -5.15452464]
Epoch 2236, t=2460388.542679677:
  TLE_ECI: r=[  633.86924074 -3826.80539972  6668.94701953], v=[5.1559027  4.53657997 2.11193351]
  RK45_ECI: r=[5352.12295574 3505.59711801 4328.56259843], v=[ 1.0143673   4.882699   -5.17895513]
Epoch 2237, t=2460388.54275494:
  TLE_ECI: r=[  790.02865121 -3688.86894468  6729.69003176], v=[5.13524243 4.63658079 1.93762084]
  RK45_ECI: r=[5356.94330625 3539.81959616 4294.81016214], v=[ 0.98194696  4.86336922 -5.20319516]
Epoch 2238, t=2460388.542830203:
  TLE_ECI: r=[  945.44071307 -3547.91300973  6785.18096572], v=[5.11049243 4.73294477 1.76180707]
  RK45_ECI: r=[5361.53656573 3573.91781167 4260.90091794], v=[ 0.94951079  4.84383294 -5.22724384]
Epoch 2239, t=2460388.5429054666:
  TLE_ECI: r=[ 1099.98168887 -3404.04824985  6835.37683743], v=[5.08167582 4.82559393 1.58462876]
  RK45_ECI: r=[5365.90276    3607.89079067 4226.8356335 ], v=[ 0.91705973  4.82409059 -5.25110065]
Epoch 2240, t=2460388.54298073:
  TLE_ECI: r=[ 1253.5286039  -3257.38768257  6880.23877484], v=[5.04881891 4.91445314 1.40622346]
  RK45_ECI: r=[5370.04178196 3641.73663007 4192.61603921], v=[ 0.88459558  4.80414318 -5.27476439]
Epoch 2241, t=2460388.5430559935:
  TLE_ECI: r=[ 1405.95938499 -3108.04659049  6919.73204586], v=[5.01195116 4.99945024 1.22672961]
  RK45_ECI: r=[5373.95366557 3675.45418453 4158.24307123], v=[ 0.85211947  4.78399124 -5.29823443]
Epoch 2242, t=2460388.543131257:
  TLE_ECI: r=[ 1557.1529445  -2956.142434    6953.82608358], v=[4.97110515 5.08051606 1.04628644]
  RK45_ECI: r=[5377.63834681 3709.04172672 4123.71831514], v=[ 0.81963304  4.76363571 -5.3215097 ]
Epoch 2243, t=2460388.54320652:
  TLE_ECI: r=[ 1706.98926669 -2801.79476492  6982.49450836], v=[4.92631657 5.15758446 0.86503386]
  RK45_ECI: r=[5381.09586194 3742.49795794 4089.04287833], v=[ 0.78713755  4.74307723 -5.34458948]
Epoch 2244, t=2460388.5432817833:
  TLE_ECI: r=[ 1855.34953406 -2645.12511443  7005.71514676], v=[4.8776241  5.23059246 0.68311238]
  RK45_ECI: r=[5384.32619722 3775.82148497 4054.21803464], v=[ 0.75463435  4.72231658 -5.36747293]
Epoch 2245, t=2460388.543357047:
  TLE_ECI: r=[ 2002.11616884 -2486.25692726  7023.47004767], v=[4.82506951 5.29948017 0.50066296]
  RK45_ECI: r=[5387.32938124 3809.01087225 4019.24506324], v=[ 0.72212484  4.70135451 -5.39015924]
Epoch 2246, t=2460388.54343231:
  TLE_ECI: r=[ 2147.17295849 -2325.31544756  7035.74549503], v=[4.76869755 5.3641909  0.31782697]
  RK45_ECI: r=[5390.10546246 3842.06484782 3984.12508343], v=[ 0.68961026  4.68019171 -5.41264769]
Epoch 2247, t=2460388.5435075737:
  TLE_ECI: r=[ 2290.40513699 -2162.42762643  7042.53201774], v=[4.70855592 5.4246712  0.13474603]
  RK45_ECI: r=[5392.65443476 3874.98171569 3948.8597147 ], v=[ 0.65709225  4.65882914 -5.43493726]
Epoch 2248, t=2460388.5435828366:
  TLE_ECI: r=[ 2431.69946782 -1997.72203068  7043.82439638], v=[ 4.64469525  5.48087088 -0.04843804]
  RK45_ECI: r=[5394.97637831 3907.76019898 3913.45008753], v=[ 0.62457209  4.63726752 -5.45702726]
Epoch 2249, t=2460388.5436581:
  TLE_ECI: r=[ 2570.94435555 -1831.32871547  7039.62166679], v=[ 4.57716899  5.53274309 -0.23158338]
  RK45_ECI: r=[5397.0713265  3940.39892995 3877.89750218], v=[ 0.5920511   4.61550763 -5.4789169 ]
Epoch 2250, t=2460388.5437333635:
  TLE_ECI: r=[ 2708.02989547 -1663.37916488  7029.9271208 ], v=[ 4.50603348  5.58024429 -0.41454813]
  RK45_ECI: r=[5398.93937367 3972.89663887 3842.20309605], v=[ 0.55953056  4.59355018 -5.50060548]

Summary Statistics:
Mean position difference: 9962.948 m
Max position difference: 15475.501 m
Mean velocity difference: 9.261 m/s
Max velocity difference: 14.381 m/s
