Perturbation configuration 9: J2, AtmDrag
TLE: 1 41240U 16002A   24078.93311235 -.00000041  00000-0  88455-4 0  9998
2 41240  66.0433  38.7934 0008217 275.1931  84.8147 12.80929479381943
Initial state: r=[-1860.2918104   2511.66965221  7054.40180529], v=[-5.6479915  -4.46099341  0.09890006], jd=2460388.3743908517

Epoch 0, t=2460388.3743908517:
  TLE_ECI: r=[ -351.48708541 -3116.28604399  7048.74830935], v=[ 7.08706485 -1.16734781 -0.16198856]
  RK45_ECI: r=[ -638.30754113 -3056.16509346  7055.93178089], v=[ 7.08108291 -1.28901005  0.0822758 ]
Epoch 1, t=2460388.374466115:
  TLE_ECI: r=[ -137.27230569 -3150.1622597   7041.1361309 ], v=[ 7.09393955 -1.08267212 -0.34522476]
  RK45_ECI: r=[ -590.79644067 -3064.77962646  7056.33410188], v=[ 7.08514459 -1.26844281  0.0425105 ]
Epoch 2, t=2460388.3745413786:
  TLE_ECI: r=[   77.08014039 -3181.38368931  7028.03051036], v=[ 7.09521288 -0.99714928 -0.52819217]
  RK45_ECI: r=[ -543.25556442 -3073.23775532  7056.47782411], v=[ 7.08892929e+00 -1.24782561e+00  2.74353584e-03]
Epoch 3, t=2460388.3746166416:
  TLE_ECI: r=[  291.40089939 -3209.92595726  7009.44164072], v=[ 7.09088301 -0.91085071 -0.71074908]
  RK45_ECI: r=[ -495.68744664 -3081.53902935  7056.36294268], v=[ 7.09243678 -1.22715972 -0.03702306]
Epoch 4, t=2460388.374691905:
  TLE_ECI: r=[  505.52064517 -3235.76691758  6985.38396259], v=[ 7.08095245 -0.82384836 -0.89275404]
  RK45_ECI: r=[ -448.09329768 -3089.68323847  7055.98946266], v=[ 7.09566692 -1.20644588 -0.0767884 ]
Epoch 5, t=2460388.3747671684:
  TLE_ECI: r=[  719.2701538  -3258.88667385  6955.87615369], v=[ 7.06542804 -0.73621478 -1.07406603]
  RK45_ECI: r=[ -400.47500491 -3097.67005921  7055.3573948 ], v=[ 7.09861956 -1.18568511 -0.11655101]
Epoch 6, t=2460388.374842432:
  TLE_ECI: r=[  932.48047197 -3279.26759311  6920.94111519], v=[ 7.04432095 -0.648023   -1.25454454]
  RK45_ECI: r=[ -352.83488136 -3105.49910613  7054.46676889], v=[ 7.10129452 -1.16487862 -0.15630905]
Epoch 7, t=2460388.3749176953:
  TLE_ECI: r=[ 1144.98303866 -3296.89431962  6880.60595499], v=[ 7.01764668 -0.55934646 -1.43404965]
  RK45_ECI: r=[ -305.17437469 -3113.17014607  7053.31761   ], v=[ 7.10369168 -1.14402725 -0.19606144]
Epoch 8, t=2460388.3749929583:
  TLE_ECI: r=[ 1356.60980644 -3311.75379038  6834.90196791], v=[ 6.98542506 -0.470259   -1.61244216]
  RK45_ECI: r=[ -257.49602632 -3120.68277614  7051.90997903], v=[ 7.10581088 -1.1231323  -0.23580615]
Epoch 9, t=2460388.3750682217:
  TLE_ECI: r=[ 1567.19341059 -3323.83523011  6783.86461286], v=[ 6.94768023 -0.38083469 -1.78958369]
  RK45_ECI: r=[ -209.8010505  -3128.03681304  7050.24391042], v=[ 7.10765204 -1.1021945  -0.27554227]
Epoch 10, t=2460388.375143485:
  TLE_ECI: r=[ 1776.56724122 -3333.13018104  6727.53348699], v=[ 6.90444061 -0.29114795 -1.96533675]
  RK45_ECI: r=[ -162.09133996 -3135.2319717   7048.31946251], v=[ 7.10921504 -1.08121491 -0.31526836]
Epoch 11, t=2460388.3752187486:
  TLE_ECI: r=[ 1984.56561175 -3339.63249537  6665.9522967 ], v=[ 6.8557389  -0.20127335 -2.1395649 ]
  RK45_ECI: r=[ -114.36921309 -3142.26791084  7046.13672478], v=[ 7.11049979 -1.06019472 -0.35498256]
Epoch 12, t=2460388.3752940116:
  TLE_ECI: r=[ 2191.02386861 -3343.33834957  6599.16882568], v=[ 6.80161208 -0.11128561 -2.31213278]
  RK45_ECI: r=[  -66.63656449 -3149.1443651   7043.69578186], v=[ 7.11150619 -1.03913497 -0.39468343]
Epoch 13, t=2460388.375369275:
  TLE_ECI: r=[ 2395.77855907 -3344.24622207  6527.23489985], v=[ 6.74210136 -0.02125949 -2.48290627]
  RK45_ECI: r=[  -18.89461051 -3155.8611708   7040.99668804], v=[ 7.11223419 -1.01803642 -0.43437005]
Epoch 14, t=2460388.3754445384:
  TLE_ECI: r=[ 2598.66750028 -3342.35693067  6450.20634941], v=[ 6.67725215  0.06873018 -2.65175257]
  RK45_ECI: r=[   28.85410213 -3162.41798059  7038.03957945], v=[ 7.11268372 -0.99690036 -0.4740404 ]
Epoch 15, t=2460388.375519802:
  TLE_ECI: r=[ 2799.52994562 -3337.67360781  6368.14296775], v=[ 6.60711406  0.15860863 -2.81854029]
  RK45_ECI: r=[   76.60812062 -3168.81461176  7034.82453782], v=[ 7.11285472 -0.97572766 -0.51369341]
Epoch 16, t=2460388.3755950653:
  TLE_ECI: r=[ 2998.20670109 -3330.20170363  6281.10846744], v=[ 6.53174085  0.2483012  -2.98313955]
  RK45_ECI: r=[  124.3651235  -3175.05076753  7031.35171227], v=[ 7.11274716 -0.95451954 -0.55332723]
Epoch 17, t=2460388.3756703283:
  TLE_ECI: r=[ 3194.54024083 -3319.94899054  6189.17043323], v=[ 6.45119042  0.33773336 -3.1454221 ]
  RK45_ECI: r=[  172.12321383 -3181.12622137  7027.6212349 ], v=[ 7.11236102 -0.93327704 -0.59294042]
Epoch 18, t=2460388.3757455917:
  TLE_ECI: r=[ 3388.37487024 -3306.9255201   6092.40027199], v=[ 6.36552471  0.42683084 -3.3052614 ]
  RK45_ECI: r=[  219.88117349 -3187.04083665  7023.6331893 ], v=[ 7.11169627 -0.91200091 -0.63253206]
Epoch 19, t=2460388.375820855:
  TLE_ECI: r=[ 3579.55679062 -3291.14366881  5990.87315994], v=[ 6.27480974  0.51551963 -3.46253271]
  RK45_ECI: r=[  267.63645399 -3192.79431462  7019.3877772 ], v=[ 7.11075292 -0.89069247 -0.67210015]
Epoch 20, t=2460388.3758961186:
  TLE_ECI: r=[ 3767.93425992 -3272.61809229  5884.66798673], v=[ 6.17911554  0.60372605 -3.61711323]
  RK45_ECI: r=[  315.38760126 -3198.38650434  7014.88511566], v=[ 7.10953095 -0.86935258 -0.71164359]
Epoch 21, t=2460388.375971382:
  TLE_ECI: r=[ 3953.35770322 -3251.36572231  5773.86729671], v=[ 6.07851605  0.69137683 -3.76888214]
  RK45_ECI: r=[  363.13229303 -3203.8171538   7010.12541326], v=[ 7.10803041 -0.84798247 -0.75116057]
Epoch 22, t=2460388.376046645:
  TLE_ECI: r=[ 4135.67982264 -3227.4057645   5658.55722736], v=[ 5.97308917  0.77839912 -3.91772072]
  RK45_ECI: r=[  410.86863197 -3209.0860755   7005.10884946], v=[ 7.10625132 -0.82658319 -0.79064963]
Epoch 23, t=2460388.3761219084:
  TLE_ECI: r=[ 4314.75575255 -3200.75963501  5538.82744473], v=[ 5.86291661  0.86472067 -4.06351246]
  RK45_ECI: r=[  458.59539954 -3214.19316003  6999.83553709], v=[ 7.1041937  -0.8051555  -0.83010987]
Epoch 24, t=2460388.376197172:
  TLE_ECI: r=[ 4490.44311832 -3171.45101389  5414.77107633], v=[ 5.74808389  0.95026975 -4.20614314]
  RK45_ECI: r=[  506.31004797 -3219.13815751  6994.30574327], v=[ 7.10185762 -0.78370072 -0.86953929]
Epoch 25, t=2460388.3762724353:
  TLE_ECI: r=[ 4662.60218865 -3139.50577878  5286.48464097], v=[ 5.62868029  1.03497526 -4.3455009 ]
  RK45_ECI: r=[  554.01112329 -3223.92094888  6988.51962028], v=[ 7.09924312 -0.76221972 -0.90893679]
Epoch 26, t=2460388.3763476987:
  TLE_ECI: r=[ 4831.09597824 -3104.95199526  5154.06797596], v=[ 5.50479875  1.11876683 -4.48147637]
  RK45_ECI: r=[  601.69630501 -3228.54132716  6982.477436  ], v=[ 7.09635032 -0.74071371 -0.94830057]
Epoch 27, t=2460388.3764229617:
  TLE_ECI: r=[ 4995.79034923 -3067.81990828  5017.62416167], v=[ 5.37653582  1.2015748  -4.61396274]
  RK45_ECI: r=[  649.36369725 -3232.99914407  6976.17941704], v=[ 7.09317928 -0.71918378 -0.98762917]
Epoch 28, t=2460388.376498225:
  TLE_ECI: r=[ 5156.55415558 -3028.14185931  4877.25944323], v=[ 5.24399158  1.28333039 -4.74285585]
  RK45_ECI: r=[  697.0120822  -3237.29431747  6969.62570538], v=[ 7.08973007 -0.69763068 -1.0269217 ]
Epoch 29, t=2460388.3765734886:
  TLE_ECI: r=[ 5313.259295   -2985.95234585  4733.08314986], v=[ 5.10726961  1.36396564 -4.86805426]
  RK45_ECI: r=[  744.63891547 -3241.42664657  6962.81663328], v=[ 7.08600283 -0.67605572 -1.06617617]
Epoch 30, t=2460388.376648752:
  TLE_ECI: r=[ 5465.78084928 -2941.28793588  4585.20761144], v=[ 4.96647688  1.44341354 -4.98945937]
  RK45_ECI: r=[  792.24274474 -3245.39604436  6955.75238812], v=[ 7.08199765 -0.65445979 -1.10539149]
Epoch 31, t=2460388.376724015:
  TLE_ECI: r=[ 5613.9971684  -2894.18726812  4433.74807258], v=[ 4.82172365  1.52160805 -5.10697549]
  RK45_ECI: r=[  839.821028   -3249.20233211  6948.43333172], v=[ 7.07771472 -0.63284423 -1.14456567]
Epoch 32, t=2460388.3767992784:
  TLE_ECI: r=[ 5757.79000388 -2844.69095466  4278.82260424], v=[ 4.67312345  1.59848422 -5.2205099 ]
  RK45_ECI: r=[  887.37254937 -3252.84545157  6940.85963286], v=[ 7.07315413 -0.61120977 -1.18369782]
Epoch 33, t=2460388.376874542:
  TLE_ECI: r=[ 5897.04455417 -2792.84164453  4120.55201302], v=[ 4.52079294  1.67397814 -5.32997294]
  RK45_ECI: r=[  934.89541647 -3256.3252973   6933.03156733], v=[ 7.06831601 -0.5895575  -1.2227865 ]
Epoch 34, t=2460388.3769498053:
  TLE_ECI: r=[ 6031.64959332 -2738.6839235   3959.05974794], v=[ 4.36485185  1.74802711 -5.43527812]
  RK45_ECI: r=[  982.3873164  -3259.64173464  6924.9494973 ], v=[ 7.06320058 -0.56788865 -1.2618299 ]
Epoch 35, t=2460388.3770250687:
  TLE_ECI: r=[ 6161.49755357 -2682.26429329  3794.47180506], v=[ 4.20542288  1.8205696  -5.53634214]
  RK45_ECI: r=[ 1029.84679996 -3262.79470866  6916.61364504], v=[ 7.05780797 -0.54620408 -1.30082696]
Epoch 36, t=2460388.3771003317:
  TLE_ECI: r=[ 6286.48460653 -2623.63115069  3626.91662981], v=[ 4.04263162  1.89154536 -5.63308502]
  RK45_ECI: r=[ 1077.27133217 -3265.78408995  6908.02443708], v=[ 7.05213843 -0.52450515 -1.33977568]
Epoch 37, t=2460388.377175595:
  TLE_ECI: r=[ 6406.51077989 -2562.83467378  3456.52501716], v=[ 3.87660642  1.96089547 -5.72543011]
  RK45_ECI: r=[ 1124.65991541 -3268.60986301  6899.18202893], v=[ 7.04619207 -0.5027925  -1.37867538]
Epoch 38, t=2460388.3772508586:
  TLE_ECI: r=[ 6521.47999342 -2499.92688931  3283.4300098 ], v=[ 3.70747834  2.02856238 -5.81330421]
  RK45_ECI: r=[ 1172.01001771 -3271.27191576  6890.08686935], v=[ 7.03996917 -0.48106749 -1.41752406]
Epoch 39, t=2460388.377326122:
  TLE_ECI: r=[ 6631.30017003 -2434.96155648  3107.76679426], v=[ 3.53538098  2.09448994 -5.8966376 ]
  RK45_ECI: r=[ 1219.31997884 -3273.77020498  6880.73925279], v=[ 7.03346992 -0.45933107 -1.45632049]
Epoch 40, t=2460388.3774013855:
  TLE_ECI: r=[ 6735.88330464 -2367.99413922  2929.67259507], v=[ 3.36045044  2.15862348 -5.97536415]
  RK45_ECI: r=[ 1266.58813938 -3276.10469246  6871.13947829], v=[ 7.02669452 -0.43758422 -1.49506341]
Epoch 41, t=2460388.3774766484:
  TLE_ECI: r=[ 6835.14553057 -2299.08177991  2749.2865672 ], v=[ 3.18282519  2.22090986 -6.0494213 ]
  RK45_ECI: r=[ 1313.81197395 -3278.27529819  6861.28803665], v=[ 7.01964331 -0.41582827 -1.53375086]
Epoch 42, t=2460388.377551912:
  TLE_ECI: r=[ 6929.00721689 -2228.28317099  2566.74968661], v=[ 3.00264593  2.2812975  -6.1187502 ]
  RK45_ECI: r=[ 1360.99048824 -3280.28203079  6851.18510616], v=[ 7.01231641 -0.3940639  -1.57238213]
Epoch 43, t=2460388.3776271753:
  TLE_ECI: r=[ 7017.39299392 -2155.65862458  2382.20463931], v=[ 2.82005551  2.33973644 -6.18329571]
  RK45_ECI: r=[ 1408.12116082 -3282.12482757  6840.8311997 ], v=[ 7.00471419 -0.37229243 -1.61095527]
Epoch 44, t=2460388.3777024387:
  TLE_ECI: r=[ 7100.23184401 -2081.26994213  2195.79570873], v=[ 2.63519879  2.39617837 -6.24300648]
  RK45_ECI: r=[ 1455.20233848 -3283.80368072  6830.22665214], v=[ 6.99683689 -0.35051483 -1.64946904]
Epoch 45, t=2460388.3777777017:
  TLE_ECI: r=[ 7177.45714832 -2005.18040265  2007.66866171], v=[ 2.44822258  2.45057668 -6.29783496]
  RK45_ECI: r=[ 1502.23214598 -3285.31858183  6819.37185438], v=[ 6.98868479 -0.32873218 -1.68792201]
Epoch 46, t=2460388.377852965:
  TLE_ECI: r=[ 7249.00676657 -1927.45462504  1817.97063297], v=[ 2.25927541  2.50288652 -6.3477375 ]
  RK45_ECI: r=[ 1549.20873888 -3286.66951731  6808.26720649], v=[ 6.98025819 -0.3069455  -1.72631277]
Epoch 47, t=2460388.3779282286:
  TLE_ECI: r=[ 7314.82305344 -1848.15863864  1626.85000859], v=[ 2.06850751  2.5530648  -6.39267435]
  RK45_ECI: r=[ 1596.13045852 -3287.85650283  6796.91306392], v=[ 6.97155737 -0.28515578 -1.76464009]
Epoch 48, t=2460388.378003492:
  TLE_ECI: r=[ 7374.85293144 -1767.359743    1434.45630803], v=[ 1.87607065  2.60107029 -6.43260969]
  RK45_ECI: r=[ 1642.99501956 -3288.87953074  6785.30995169], v=[ 6.96258271 -0.26336424 -1.80290221]
Epoch 49, t=2460388.3780787555:
  TLE_ECI: r=[ 7429.04792937 -1685.12647234  1240.94006533], v=[ 1.68211799  2.64686358 -6.46751169]
  RK45_ECI: r=[ 1689.80098948 -3289.73863608  6773.45818856], v=[ 6.95333447 -0.24157176 -1.84109806]
Epoch 50, t=2460388.3781540184:
  TLE_ECI: r=[ 7477.3642189  -1601.52855773  1046.45270919], v=[ 1.48680399  2.69040717 -6.49735254]
  RK45_ECI: r=[ 1736.54586676 -3290.43382769  6761.35837989], v=[ 6.94381313 -0.21977968 -1.87922572]
Epoch 51, t=2460388.378229282:
  TLE_ECI: r=[ 7519.76267049 -1516.63678059   851.14644232], v=[ 1.29028425  2.73166551 -6.52210845]
  RK45_ECI: r=[ 1783.2284542  -3290.96515143  6749.01080298], v=[ 6.9340189  -0.19798876 -1.91728431]
Epoch 52, t=2460388.3783045453:
  TLE_ECI: r=[ 7556.20885765 -1430.52304318   655.17412003], v=[ 1.09271539  2.77060498 -6.5417597 ]
  RK45_ECI: r=[ 1829.84689051 -3291.33265164  6736.4159094 ], v=[ 6.92395214 -0.17620007 -1.95527243]
Epoch 53, t=2460388.3783798087:
  TLE_ECI: r=[ 7586.67310559 -1343.26021988   458.68912825], v=[ 0.89425494  2.80719397 -6.55629063]
  RK45_ECI: r=[ 1876.39890439 -3291.53636609  6723.57428143], v=[ 6.91361333 -0.15441483 -1.99318833]
Epoch 54, t=2460388.378455072:
  TLE_ECI: r=[ 7611.13051156 -1254.92211617   261.84526094], v=[ 0.69506117  2.84140288 -6.56568969]
  RK45_ECI: r=[ 1922.88307237 -3291.57636173  6710.4862718 ], v=[ 6.90300275 -0.13263392 -2.03103097]
Epoch 55, t=2460388.378530335:
  TLE_ECI: r=[ 7629.56096239 -1165.58342824    64.79659724], v=[ 0.49529298  2.87320416 -6.56994942]
  RK45_ECI: r=[ 1969.29690953 -3291.45269675  6697.15254871], v=[ 6.89212095 -0.11085868 -2.06879843]
Epoch 56, t=2460388.3786055986:
  TLE_ECI: r=[ 7641.9491656  -1075.31958936  -132.30262171], v=[ 0.29510975  2.90257232 -6.56906648]
  RK45_ECI: r=[ 2015.63922658 -3291.1654443   6683.57341747], v=[ 6.88096819 -0.08908986 -2.10648984]
Epoch 57, t=2460388.378680862:
  TLE_ECI: r=[7648.28464105 -984.20683933 -329.29811606], v=[ 0.09467121  2.92948397 -6.56304162]
  RK45_ECI: r=[ 2061.90817498 -3290.71468802  6669.749375  ], v=[ 6.86954488 -0.06732853 -2.14410383]
Epoch 58, t=2460388.3787561255:
  TLE_ECI: r=[7648.56174428 -892.32206991 -526.03569063], v=[-0.10586268  2.95391783 -6.55187971]
  RK45_ECI: r=[ 2108.10150002 -3290.10051086  6655.68106032], v=[ 6.85785156 -0.04557591 -2.18163865]
Epoch 59, t=2460388.378831389:
  TLE_ECI: r=[7642.77966761 -799.74278122 -722.36135815], v=[-0.30633188  2.97585472 -6.53558975]
  RK45_ECI: r=[ 2154.21778845 -3289.32301171  6641.36885976], v=[ 6.84588857 -0.02383289 -2.21909327]
Epoch 60, t=2460388.378906652:
  TLE_ECI: r=[7630.9424388  -706.54703781 -918.12146233], v=[-0.50657639  2.99527765 -6.51418481]
  RK45_ECI: r=[ 2200.25457461 -3288.38229792  6626.81350379], v=[ 6.83365652e+00 -2.10077839e-03 -2.25646580e+00]
Epoch 61, t=2460388.3789819153:
  TLE_ECI: r=[ 7613.05892613  -612.81331233 -1113.16280062], v=[-0.70643645  3.01217175 -6.48768204]
  RK45_ECI: r=[ 2246.21067833 -3287.27846983  6612.01532543], v=[ 6.8211557   0.01961966 -2.29375538]
Epoch 62, t=2460388.3790571787:
  TLE_ECI: r=[ 7589.1428177   -518.62055255 -1307.33274645], v=[-0.90575258  3.02652432 -6.45610269]
  RK45_ECI: r=[ 2292.08426578 -3286.01165018  6596.97486646], v=[ 6.8083866   0.04132737 -2.33096064]
Epoch 63, t=2460388.379132442:
  TLE_ECI: r=[ 7559.21261889  -424.04802479 -1500.4793711 ], v=[-1.10436577  3.03832486 -6.41947203]
  RK45_ECI: r=[ 2337.87310101 -3284.58196703  6581.69282208], v=[ 6.79534981  0.06302111 -2.36807987]
Epoch 64, t=2460388.379207705:
  TLE_ECI: r=[ 7523.29163343  -329.17529025 -1692.45156469], v=[-1.3021176   3.04756504 -6.37781936]
  RK45_ECI: r=[ 2383.5753589  -3282.98956316  6566.16975866], v=[ 6.78204583  0.08469984 -2.40511169]
Epoch 65, t=2460388.3792829686:
  TLE_ECI: r=[ 7481.40794781  -234.08204877 -1883.09915658], v=[-1.49885039  3.0542387  -6.33117799]
  RK45_ECI: r=[ 2429.18986633 -3281.23455851  6550.40602781], v=[ 6.76847498  0.10636281 -2.44205528]
Epoch 66, t=2460388.379358232:
  TLE_ECI: r=[ 7433.59440096  -138.84820391 -2072.2730348 ], v=[-1.69440732  3.05834191 -6.27958517]
  RK45_ECI: r=[ 2474.71418278 -3279.31711678  6534.40243039], v=[ 6.75463796  0.12800868 -2.47890874]
Epoch 67, t=2460388.3794334955:
  TLE_ECI: r=[ 7379.88856121   -43.55370637 -2259.82526443], v=[-1.88863254  3.05987288 -6.22308212]
  RK45_ECI: r=[ 2520.14691438 -3277.23738764  6518.15940573], v=[ 6.74053518  0.1496366  -2.51567107]
Epoch 68, t=2460388.379508759:
  TLE_ECI: r=[ 7320.33269344    51.72149225 -2445.60920502], v=[-2.08137133  3.05883207 -6.16171391]
  RK45_ECI: r=[ 2565.48584641 -3274.99554394  6501.67770456], v=[ 6.72616731  0.17124535 -2.55234058]
Epoch 69, t=2460388.379584022:
  TLE_ECI: r=[ 7254.97372394   146.89748551 -2629.47962671], v=[-2.27247023  3.05522208 -6.09552949]
  RK45_ECI: r=[ 2610.72917124 -3272.59176729  6484.95793732], v=[ 6.71153489  0.19283387 -2.58891591]
Epoch 70, t=2460388.3796592853:
  TLE_ECI: r=[ 7183.86319953   241.89456543 -2811.29282501], v=[-2.46177715  3.0490477  -6.0245816 ]
  RK45_ECI: r=[ 2655.8757269  -3270.0262046   6468.00048278], v=[ 6.69663829  0.21440141 -2.62539624]
Epoch 71, t=2460388.3797345487:
  TLE_ECI: r=[ 7107.05724613   336.6331616  -2990.90673425], v=[-2.6491415   3.0403159  -5.94892673]
  RK45_ECI: r=[ 2700.92309747 -3267.29906824  6450.80620255], v=[ 6.68147828  0.23594667 -2.66177971]
Epoch 72, t=2460388.379809812:
  TLE_ECI: r=[ 7024.61652084   431.03399408 -3168.1810395 ], v=[-2.8344143   3.02903581 -5.86862509]
  RK45_ECI: r=[ 2745.86990319 -3264.4105393   6433.37556854], v=[ 6.6660553   0.25746878 -2.69806532]
Epoch 73, t=2460388.3798850756:
  TLE_ECI: r=[ 6936.60616146   525.0181188  -3342.97728686], v=[-3.01744834  3.01521872 -5.78374053]
  RK45_ECI: r=[ 2790.71395263 -3261.36083521  6415.7093863 ], v=[ 6.65037008  0.27896653 -2.7342514 ]
Epoch 74, t=2460388.3799603386:
  TLE_ECI: r=[ 6843.09573397   618.50697363 -3515.15899205], v=[-3.19809824  2.99887804 -5.6943405 ]
  RK45_ECI: r=[ 2835.45345747 -3258.15017627  6397.80830979], v=[ 6.63442325  0.30043887 -2.77033662]
Epoch 75, t=2460388.380035602:
  TLE_ECI: r=[ 6744.15916764   711.4225255  -3684.59174726], v=[-3.37622065  2.98002929 -5.60049597]
  RK45_ECI: r=[ 2880.08726825 -3254.77873602  6379.67274457], v=[ 6.61821517  0.32188507 -2.80632016]
Epoch 76, t=2460388.3801108655:
  TLE_ECI: r=[ 6639.87470372   803.68721384 -3851.14332612], v=[-3.55167428  2.95869012 -5.50228137]
  RK45_ECI: r=[ 2924.61299602 -3251.24677523  6361.30361219], v=[ 6.60174671  0.34330382 -2.84220019]
Epoch 77, t=2460388.380186129:
  TLE_ECI: r=[ 6530.32482419   895.22409704 -4014.68378669], v=[-3.72432004  2.93488026 -5.39977456]
  RK45_ECI: r=[ 2969.02927654 -3247.55450617  6342.70141674], v=[ 6.58501834  0.36469426 -2.87797574]
Epoch 78, t=2460388.3802613923:
  TLE_ECI: r=[ 6415.5961851    985.95689593 -4175.08557242], v=[-3.89402119  2.90862148 -5.29305669]
  RK45_ECI: r=[ 3013.3339439  -3243.7021906   6323.86701781], v=[ 6.56803087  0.38605519 -2.91364514]
Epoch 79, t=2460388.3803366553:
  TLE_ECI: r=[ 6295.77954827  1075.81003888 -4332.22361105], v=[-4.06064339  2.87993763 -5.1822122 ]
  RK45_ECI: r=[ 3057.52523102 -3239.69008705  6304.80111225], v=[ 6.55078495  0.40738557 -2.94920708]
Epoch 80, t=2460388.3804119187:
  TLE_ECI: r=[ 6170.96969423  1164.70879906 -4485.97541126], v=[-4.22405484  2.8488545  -5.06732871]
  RK45_ECI: r=[ 3101.60200206 -3235.51839559  6285.50413208], v=[ 6.53328102  0.42868467 -2.98466077]
Epoch 81, t=2460388.380487182:
  TLE_ECI: r=[ 6041.26536265  1252.57924382 -4636.22115713], v=[-4.38412636  2.81539993 -4.94849694]
  RK45_ECI: r=[ 3145.5618975  -3231.18742497  6265.97705791], v=[ 6.51551999  0.4499512  -3.0200044 ]
Epoch 82, t=2460388.3805624456:
  TLE_ECI: r=[ 5906.7691596   1339.3483712  -4782.84380027], v=[-4.54073152  2.77960371 -4.82581065]
  RK45_ECI: r=[ 3189.40356993 -3226.69741846  6246.2204255 ], v=[ 6.49750237  0.4711843  -3.055237  ]
Epoch 83, t=2460388.3806377086:
  TLE_ECI: r=[ 5767.58748088  1424.94413425 -4925.72914957], v=[-4.69374669  2.74149756 -4.69936655]
  RK45_ECI: r=[ 3233.1246741  -3222.04870611  6226.23524205], v=[ 6.47922914  0.49238269 -3.09035678]
Epoch 84, t=2460388.380712972:
  TLE_ECI: r=[ 5623.8304089   1509.29556817 -5064.76595844], v=[-4.84305118  2.70111506 -4.56926422]
  RK45_ECI: r=[ 3276.72408747 -3217.24151104  6206.02196366], v=[ 6.46070073  0.51354563 -3.12536295]
Epoch 85, t=2460388.3807882355:
  TLE_ECI: r=[ 5475.61164758  1592.33274575 -5199.84600974], v=[-4.9885273   2.65849169 -4.43560601]
  RK45_ECI: r=[ 3320.20006741 -3212.27613299  6185.58133138], v=[ 6.44191787  0.53467211 -3.16025421]
Epoch 86, t=2460388.380863499:
  TLE_ECI: r=[ 5323.04841427  1673.98690353 -5330.86419796], v=[-5.13006045  2.61366476 -4.298497  ]
  RK45_ECI: r=[ 3363.55049348 -3207.15290376  6164.91428963], v=[ 6.42288145  0.55576093 -3.19502897]
Epoch 87, t=2460388.3809387623:
  TLE_ECI: r=[ 5166.26134896  1754.19048051 -5457.71860895], v=[-5.26753923  2.56667337 -4.15804485]
  RK45_ECI: r=[ 3406.77403658 -3201.87209721  6144.02140537], v=[ 6.40359205  0.57681125 -3.22968626]
Epoch 88, t=2460388.3810140253:
  TLE_ECI: r=[ 5005.37442246  1832.87715818 -5580.31059692], v=[-5.40085546  2.5175584  -4.01435977]
  RK45_ECI: r=[ 3449.86838426 -3196.43409088  6122.9037435 ], v=[ 6.38405068  0.59782181 -3.26422433]
Epoch 89, t=2460388.3810892887:
  TLE_ECI: r=[ 4840.51481539  1909.98197402 -5698.54485882], v=[-5.52990437  2.46636239 -3.86755438]
  RK45_ECI: r=[ 3492.83242994 -3190.83913377  6101.56178576], v=[ 6.36425784  0.61879187 -3.29864239]
Epoch 90, t=2460388.381164552:
  TLE_ECI: r=[ 4671.8128479   1985.44128398 -5812.32950599], v=[-5.65458453  2.41312962 -3.71774366]
  RK45_ECI: r=[ 3535.66445585 -3185.08756318  6079.99631473], v=[ 6.34421428  0.63972043 -3.33293919]
Epoch 91, t=2460388.3812398156:
  TLE_ECI: r=[ 4499.40185457  2059.19287426 -5921.57613299], v=[-5.77479806  2.357906   -3.56504483]
  RK45_ECI: r=[ 3578.3623728  -3179.17975411  6058.20832669], v=[ 6.32392098  0.6606063  -3.36711313]
Epoch 92, t=2460388.381315079:
  TLE_ECI: r=[ 4323.41808322  2131.17599616 -6026.19988373], v=[-5.89045058  2.30073904 -3.40957727]
  RK45_ECI: r=[ 3620.92487132 -3173.11601077  6036.19841927], v=[ 6.30337853  0.68144867 -3.40116329]
Epoch 93, t=2460388.381390342:
  TLE_ECI: r=[ 4144.000593    2201.33140264 -6126.11951474], v=[-6.00145137  2.24167781 -3.25146242]
  RK45_ECI: r=[ 3663.34967427 -3166.89675745  6013.96771408], v=[ 6.28258804  0.70224626 -3.43508793]
Epoch 94, t=2460388.3814656055:
  TLE_ECI: r=[ 3961.29111832  2269.60144516 -6221.25745546], v=[-6.1077134   2.18077287 -3.09082368]
  RK45_ECI: r=[ 3705.63588317 -3160.52224679  5991.5166122 ], v=[ 6.26154992  0.72299845 -3.46888645]
Epoch 95, t=2460388.381540869:
  TLE_ECI: r=[ 3775.43399487  2335.93004472 -6311.53986595], v=[-6.20915336  2.11807628 -2.92778633]
  RK45_ECI: r=[ 3747.78123362 -3153.99291943  5968.84625455], v=[ 6.24026528  0.74370399 -3.50255713]
Epoch 96, t=2460388.3816161323:
  TLE_ECI: r=[ 3586.57602031  2400.26278714 -6396.89669138], v=[-6.30569175  2.05364153 -2.76247743]
  RK45_ECI: r=[ 3789.78424303 -3147.30912692  5945.9573708 ], v=[ 6.21873486  0.76436196 -3.53609889]
Epoch 97, t=2460388.381691396:
  TLE_ECI: r=[ 3394.8663447   2462.54695369 -6477.26171379], v=[-6.39725294  1.98752346 -2.59502568]
  RK45_ECI: r=[ 3831.64343197 -3140.47122527  5922.8506945 ], v=[ 6.1969594   0.78497146 -3.56951066]
Epoch 98, t=2460388.3817666587:
  TLE_ECI: r=[ 3200.45636095  2522.73155303 -6552.57260084], v=[-6.4837652   1.9197783  -2.42556139]
  RK45_ECI: r=[ 3873.35656078 -3133.47968518  5899.52740298], v=[ 6.17494005  0.80553125 -3.60279073]
Epoch 99, t=2460388.381841922:
  TLE_ECI: r=[ 3003.49955623  2580.76740029 -6622.77095155], v=[-6.56516076  1.85046348 -2.25421633]
  RK45_ECI: r=[ 3914.92274577 -3126.33478155  5875.98791689], v=[ 6.15267728  0.82604071 -3.63593852]
Epoch 100, t=2460388.3819171856:
  TLE_ECI: r=[ 2804.15143569  2636.6070975  -6687.80233925], v=[-6.64137585  1.77963775 -2.08112365]
  RK45_ECI: r=[ 3956.33976099 -3119.03700098  5852.23343248], v=[ 6.13017224  0.84649859 -3.66895234]
Epoch 101, t=2460388.381992449:
  TLE_ECI: r=[ 2602.56937187  2690.20511038 -6747.6163513 ], v=[-6.71235074  1.70736102 -1.9064178 ]
  RK45_ECI: r=[ 3997.60614943 -3111.58672761  5828.26471406], v=[ 6.10742574  0.866904   -3.70183113]
Epoch 102, t=2460388.382067712:
  TLE_ECI: r=[ 2398.91249723  2741.51778689 -6802.16662598], v=[-6.77802978  1.63369434 -1.73023436]
  RK45_ECI: r=[ 4038.72026228 -3103.98438932  5804.08264381], v=[ 6.08443865  0.88725596 -3.73457369]
Epoch 103, t=2460388.3821429755:
  TLE_ECI: r=[ 2193.3415479   2790.5034208  -6851.41088623], v=[-6.83836146  1.55869983 -1.55271004]
  RK45_ECI: r=[ 4079.6804843  -3096.23038558  5779.68811165], v=[ 6.06121188  0.90755353 -3.76717882]
Epoch 104, t=2460388.382218239:
  TLE_ECI: r=[ 1986.01878654  2837.12223988 -6895.31097053], v=[-6.89329842  1.48244068 -1.37398249]
  RK45_ECI: r=[ 4120.48536318 -3088.32512979  5755.08189939], v=[ 6.03774623  0.9277958  -3.79964547]
Epoch 105, t=2460388.3822935023:
  TLE_ECI: r=[ 1777.10784459  2881.33646712 -6933.83286063], v=[-6.94279746  1.40498107 -1.19419024]
  RK45_ECI: r=[ 4161.13290837 -3080.26911515  5730.26514349], v=[ 6.01404283  0.94798164 -3.83197214]
Epoch 106, t=2460388.382368766:
  TLE_ECI: r=[ 1566.77360315  2923.11034271 -6966.94670624], v=[-6.98681964  1.32638609 -1.01347261]
  RK45_ECI: r=[ 4201.62187258 -3072.06272857  5705.2385243 ], v=[ 5.9901024   0.96811027 -3.86415796]
Epoch 107, t=2460388.3824440287:
  TLE_ECI: r=[ 1355.18207384  2962.41014784 -6994.62684677], v=[-7.02533022  1.24672177 -0.83196958]
  RK45_ECI: r=[ 4241.95008961 -3063.70652228  5680.00331657], v=[ 5.96592621  0.98818046 -3.89620129]
Epoch 108, t=2460388.382519292:
  TLE_ECI: r=[ 1142.50023555  2999.20424777 -7016.85182984], v=[-7.05829875  1.16605488 -0.64982169]
  RK45_ECI: r=[ 4282.1165235  -3055.20084103  5654.56009506], v=[ 5.94151487  1.00819153 -3.9281014 ]
Epoch 109, t=2460388.3825945556:
  TLE_ECI: r=[  928.89595718  3033.46309036 -7033.60442699], v=[-7.08569904  1.08445306 -0.46716998]
  RK45_ECI: r=[ 4322.11956695 -3046.54616048  5628.90979312], v=[ 5.91686935  1.02814251 -3.95985714]
Epoch 110, t=2460388.382669819:
  TLE_ECI: r=[  714.53783326  3065.15924712 -7044.87164612], v=[-7.10750924  1.00198463 -0.28415581]
  RK45_ECI: r=[ 4361.95726858 -3037.74301477  5603.05359527], v=[ 5.89199083  1.0480323  -3.99146702]
Epoch 111, t=2460388.3827450825:
  TLE_ECI: r=[  499.59506227  3094.2674298  -7050.64474093], v=[-7.12371178  0.91871859 -0.10092085]
  RK45_ECI: r=[ 4401.62840578 -3028.79181952  5576.99221023], v=[ 5.86688007  1.06786011 -4.0229302 ]
Epoch 112, t=2460388.3828203455:
  TLE_ECI: r=[  284.2373251   3120.7645092  -7050.91921737], v=[-7.13429344  0.8347246   0.08239309]
  RK45_ECI: r=[ 4441.13085624 -3019.69317131  5550.72696522], v=[ 5.8415384   1.08762474 -4.05424508]
Epoch 113, t=2460388.382895609:
  TLE_ECI: r=[   68.63461742  3144.62953722 -7045.69483686], v=[-7.13924533  0.7500728   0.26564415]
  RK45_ECI: r=[ 4480.46360515 -3010.44743927  5524.25845824], v=[ 5.81596647  1.10732552 -4.08541095]
Epoch 114, t=2460388.3829708723:
  TLE_ECI: r=[ -147.04282702  3165.84375596 -7034.97561664], v=[-7.1385629   0.66483391  0.4486905 ]
  RK45_ECI: r=[ 4519.62507841 -3001.05513395  5497.58766027], v=[ 5.79016529  1.1269615  -4.11642666]
Epoch 115, t=2460388.383046136:
  TLE_ECI: r=[ -362.62470418  3184.39061761 -7018.76982696], v=[-7.13224598  0.57907907  0.63139044]
  RK45_ECI: r=[ 4558.61336574 -2991.5168299   5470.71580281], v=[ 5.76413609  1.1465316  -4.14729079]
Epoch 116, t=2460388.383121399:
  TLE_ECI: r=[ -577.94076225  3200.25579581 -6997.08998514], v=[-7.12029872  0.49287984  0.81360255]
  RK45_ECI: r=[ 4597.42727047 -2981.83297094  5443.64362229], v=[ 5.73787968  1.16603503 -4.17800251]
Epoch 117, t=2460388.383196662:
  TLE_ECI: r=[ -792.82092394  3213.42719893 -6969.95284671], v=[-7.10272964  0.40630812  0.99518573]
  RK45_ECI: r=[ 4636.06471628 -2972.00419731  5416.37249714], v=[ 5.71139746  1.18547063 -4.20856024]
Epoch 118, t=2460388.3832719256:
  TLE_ECI: r=[-1007.09545572  3223.89497095 -6937.37939327], v=[-7.0795516   0.31943607  1.17599935]
  RK45_ECI: r=[ 4674.52471073 -2962.03090184  5388.90304803], v=[ 5.68469009  1.20483774 -4.23896331]
Epoch 119, t=2460388.383347189:
  TLE_ECI: r=[-1220.59504267  3231.65151085 -6899.39481762], v=[-7.0507818   0.2323361   1.35590332]
  RK45_ECI: r=[ 4712.80571438 -2951.91362958  5361.23628267], v=[ 5.65775862  1.22413542 -4.26921059]
Epoch 120, t=2460388.3834224525:
  TLE_ECI: r=[-1433.15095736  3236.69147116 -6856.02850549], v=[-7.01644178  0.1450808   1.53475821]
  RK45_ECI: r=[ 4750.90586    -2941.65299471  5333.3734784 ], v=[ 5.63060438  1.2433626  -4.29930071]
Epoch 121, t=2460388.3834977155:
  TLE_ECI: r=[-1644.5951718   3239.01176853 -6807.31401446], v=[-6.9765574   0.05774289  1.71242535]
  RK45_ECI: r=[ 4788.82362761 -2931.24955969  5305.31566286], v=[ 5.60322843  1.26251836 -4.32923255]
Epoch 122, t=2460388.383572979:
  TLE_ECI: r=[-1854.76052592  3238.61156744 -6753.2890496 ], v=[-6.93115882 -0.0296049   1.88876692]
  RK45_ECI: r=[ 4826.55804077 -2920.70373437  5277.06347169], v=[ 5.57563147  1.28160205 -4.35900544]
Epoch 123, t=2460388.3836482423:
  TLE_ECI: r=[-2063.48080062  3235.49230762 -6693.99543636], v=[-6.8802805  -0.1168898   2.06364607]
  RK45_ECI: r=[ 4864.10707854 -2910.01620815  5248.61834038], v=[ 5.54781497  1.30061253 -4.38861788]
Epoch 124, t=2460388.383723506:
  TLE_ECI: r=[-2270.59088517  3229.65768553 -6629.47909017], v=[-6.82396115 -0.20403908  2.23692701]
  RK45_ECI: r=[ 4901.46958843 -2899.18746875  5219.98104817], v=[ 5.51977977  1.31954904 -4.41806906]
Epoch 125, t=2460388.383798769:
  TLE_ECI: r=[-2475.92689652  3221.11365542 -6559.78998311], v=[-6.76224375 -0.29098017  2.4084751 ]
  RK45_ECI: r=[ 4938.64374816 -2888.21816919  5191.15291702], v=[ 5.49152724  1.33841053 -4.44735761]
Epoch 126, t=2460388.383874032:
  TLE_ECI: r=[-2679.32629794  3209.86843244 -6484.98210761], v=[-6.69517548 -0.37764059  2.57815696]
  RK45_ECI: r=[ 4975.62807489 -2877.1089053   5162.13500984], v=[ 5.4630585   1.35719611 -4.47648249]
Epoch 127, t=2460388.3839492956:
  TLE_ECI: r=[-2880.62806395  3195.93245525 -6405.11343695], v=[-6.62280771 -0.4639482   2.7458406 ]
  RK45_ECI: r=[ 5012.42161622 -2865.8601099   5132.9279839 ], v=[ 5.43437427  1.37590513 -4.50544302]
Epoch 128, t=2460388.384024559:
  TLE_ECI: r=[-3079.67275001  3179.31842287 -6320.24588304], v=[-6.54519599 -0.54983105  2.91139547]
  RK45_ECI: r=[ 5049.02240167 -2854.47251428  5103.53332309], v=[ 5.40547608  1.39453648 -4.53423774]
Epoch 129, t=2460388.3840998225:
  TLE_ECI: r=[-3276.30265581  3160.04125475 -6230.44525101], v=[-6.46239998 -0.63521757  3.07469257]
  RK45_ECI: r=[ 5085.42930798 -2842.94663266  5073.95183248], v=[ 5.37636482  1.41308942 -4.56286587]
Epoch 130, t=2460388.384175086:
  TLE_ECI: r=[-3470.36193964  3138.11808642 -6135.78119085], v=[-6.37448341 -0.72003658  3.23560459]
  RK45_ECI: r=[ 5121.64055962 -2831.28315622  5044.18487742], v=[ 5.34704189  1.43156293 -4.59132609]
Epoch 131, t=2460388.384250349:
  TLE_ECI: r=[-3661.69673266  3113.56826607 -6036.3271462 ], v=[-6.2815141  -0.80421734  3.39400595]
  RK45_ECI: r=[ 5157.65471239 -2819.48271347  5014.23355506], v=[ 5.31750847  1.44995612 -4.61961737]
Epoch 132, t=2460388.3843256123:
  TLE_ECI: r=[-3850.15529715  3086.41329688 -5932.16030005], v=[-6.18356383 -0.88768968  3.54977295]
  RK45_ECI: r=[ 5193.47083901 -2807.54575957  4984.09854368], v=[ 5.2877653   1.46826837 -4.64773906]
Epoch 133, t=2460388.384400876:
  TLE_ECI: r=[-4035.58809184  3056.67688221 -5823.3615177 ], v=[-6.08070835 -0.97038397  3.70278383]
  RK45_ECI: r=[ 5229.08702148 -2795.47306662  4953.7813742 ], v=[ 5.25781398  1.48649859 -4.67568975]
Epoch 134, t=2460388.384476139:
  TLE_ECI: r=[-4217.84792751  3024.38486548 -5710.01528671], v=[-5.97302731 -1.05223118  3.85291887]
  RK45_ECI: r=[ 5264.50216672 -2783.26517522  4923.28287672], v=[ 5.22765541  1.50464605 -4.70346868]
Epoch 135, t=2460388.384551402:
  TLE_ECI: r=[-4396.79006664  2989.56523197 -5592.20965401], v=[-5.86060423 -1.133163    4.00006051]
  RK45_ECI: r=[ 5299.71438122 -2770.92287541  4892.60460311], v=[ 5.19729121  1.52270968 -4.73107444]
Epoch 136, t=2460388.3846266656:
  TLE_ECI: r=[-4572.27237398  2952.24803556 -5470.03616015], v=[-5.7435264  -1.21311189  4.14409342]
  RK45_ECI: r=[ 5334.72276114 -2758.44664169  4861.74725054], v=[ 5.16672215  1.54068886 -4.75850641]
Epoch 137, t=2460388.384701929:
  TLE_ECI: r=[-4744.15537771  2912.46544974 -5343.58977083], v=[-5.62188485 -1.29201105  4.2849046 ]
  RK45_ECI: r=[ 5369.52590491 -2745.8371371   4830.71195083], v=[ 5.13594946  1.55858274 -4.78576359]
Epoch 138, t=2460388.3847771925:
  TLE_ECI: r=[-4912.30241692  2870.25169166 -5212.96880558], v=[-5.49577429 -1.36979459  4.42238347]
  RK45_ECI: r=[ 5404.12211575 -2733.0951117   4799.5001361 ], v=[ 5.10497462  1.57639033 -4.81284473]
Epoch 139, t=2460388.384852456:
  TLE_ECI: r=[-5076.5797428  2825.6430065 -5078.2748637], v=[-5.36529303 -1.44639748  4.55642198]
  RK45_ECI: r=[ 5438.51033206 -2720.22113138  4768.1126607 ], v=[ 5.07379858  1.59411093 -4.8397491 ]
Epoch 140, t=2460388.384927719:
  TLE_ECI: r=[-5236.85661863  2778.67765326 -4939.61274754], v=[-5.23054293 -1.5217557   4.68691465]
  RK45_ECI: r=[ 5472.68871559 -2707.21602576  4736.55112141], v=[ 5.04242301  1.61174348 -4.86647534]
Epoch 141, t=2460388.3850029823:
  TLE_ECI: r=[-5393.00545839  2729.39581253 -4797.09038306], v=[-5.09162928 -1.59580626  4.81375872]
  RK45_ECI: r=[ 5506.65638934 -2694.08029069  4704.81623514], v=[ 5.01084872  1.62928739 -4.89302284]
Epoch 142, t=2460388.385078246:
  TLE_ECI: r=[-5544.90188118  2677.83964411 -4650.81873791], v=[-4.94866078 -1.66848721  4.9368542 ]
  RK45_ECI: r=[ 5540.41199343 -2680.81462026  4672.90916582], v=[ 4.97907695  1.64674183 -4.91939065]
Epoch 143, t=2460388.385153509:
  TLE_ECI: r=[-5692.42484557  2624.05319223 -4500.91173679], v=[-4.80174944 -1.73973774  5.05610395]
  RK45_ECI: r=[ 5573.95388255 -2667.41980004  4640.83138552], v=[ 4.94710926  1.66410583 -4.94557755]
Epoch 144, t=2460388.3852287726:
  TLE_ECI: r=[-5835.45674011  2568.08236448 -4347.4861744 ], v=[-4.65101049 -1.80949826  5.17141377]
  RK45_ECI: r=[ 5607.28102759 -2653.89642081  4608.58377205], v=[ 4.91494662  1.68137872 -4.97158283]
Epoch 145, t=2460388.3853040356:
  TLE_ECI: r=[-5973.88347243  2509.97491095 -4190.66162592], v=[-4.49656231 -1.87771035  5.28269252]
  RK45_ECI: r=[ 5640.39164745 -2640.24535061  4576.16796559], v=[ 4.88259075  1.69855946 -4.99740519]
Epoch 146, t=2460388.385379299:
  TLE_ECI: r=[-6107.59459255  2449.78031519 -4030.56035498], v=[-4.33852629 -1.94431696  5.38985212]
  RK45_ECI: r=[ 5673.28489295 -2626.46710601  4543.58470211], v=[ 4.85004249  1.71564749 -5.02304404]
Epoch 147, t=2460388.3854545625:
  TLE_ECI: r=[-6236.48333915  2387.54985692 -3867.30721955], v=[-4.17702683 -2.00926232  5.49280769]
  RK45_ECI: r=[ 5705.95944732 -2612.56241117  4510.83517652], v=[ 4.81730313  1.73264198 -5.04849845]
Epoch 148, t=2460388.385529826:
  TLE_ECI: r=[-6360.44675762  2323.33650071 -3701.0295753 ], v=[-4.01219116 -2.07249206  5.59147761]
  RK45_ECI: r=[ 5738.4137182  -2598.53208662  4477.92089949], v=[ 4.78437427  1.74954201 -5.07376726]
Epoch 149, t=2460388.3856050894:
  TLE_ECI: r=[-6479.38577795  2257.1948684  -3531.85717686], v=[-3.8441493  -2.13395325  5.68578357]
  RK45_ECI: r=[ 5770.64671022 -2584.37674692  4444.84277142], v=[ 4.7512569   1.76634691 -5.09884978]
Epoch 150, t=2460388.3856803523:
  TLE_ECI: r=[-6593.20529035  2189.18121323 -3359.92207702], v=[-3.67303392 -2.19359444  5.77565068]
  RK45_ECI: r=[ 5802.65670123 -2570.09729749  4411.60247437], v=[ 4.71795281  1.78305568 -5.12374475]
Epoch 151, t=2460388.385755616:
  TLE_ECI: r=[-6701.81425034  2119.35329548 -3185.35852373], v=[-3.49898024 -2.25136575  5.8610075 ]
  RK45_ECI: r=[ 5834.44301363 -2555.69422021  4378.20060553], v=[ 4.6844627   1.79966784 -5.14845173]
Epoch 152, t=2460388.385830879:
  TLE_ECI: r=[-6805.12571559  2047.77044894 -3008.30285526], v=[-3.32212595 -2.30721882  5.94178612]
  RK45_ECI: r=[ 5866.00394619 -2541.1684333   4344.63886104], v=[ 4.65078836  1.8161824  -5.17296948]
Epoch 153, t=2460388.3859061426:
  TLE_ECI: r=[-6903.05694482  1974.49345469 -2828.89339342], v=[-3.14261107 -2.36110693  6.01792221]
  RK45_ECI: r=[ 5897.33839019 -2526.52062609  4310.91831736], v=[ 4.61693098  1.83259864 -5.19729722]
Epoch 154, t=2460388.3859814056:
  TLE_ECI: r=[-6995.52945501  1899.58452913 -2647.27033498], v=[-2.96057789 -2.41298503  6.08935511]
  RK45_ECI: r=[ 5928.4450947  -2511.75156512  4277.04021311], v=[ 4.5828919   1.84891579 -5.22143406]
Epoch 155, t=2460388.386056669:
  TLE_ECI: r=[-7082.46910967  1823.10719017 -2463.57564129], v=[-2.77617075 -2.46280979  6.15602785]
  RK45_ECI: r=[ 5959.32283994 -2496.86197079  4243.00579257], v=[ 4.54867246  1.86513311 -5.24537913]
Epoch 156, t=2460388.3861319325:
  TLE_ECI: r=[-7163.80614727  1745.12632518 -2277.95292644], v=[-2.58953605 -2.5105396   6.21788721]
  RK45_ECI: r=[ 5989.97053094 -2481.85256335  4208.81614495], v=[ 4.51427387  1.88124989 -5.26913168]
Epoch 157, t=2460388.386207196:
  TLE_ECI: r=[-7239.47526296  1665.70805483 -2090.54734379], v=[-2.40082204 -2.55613462  6.2748838 ]
  RK45_ECI: r=[ 6020.38667505 -2466.72422296  4174.47284676], v=[ 4.47969781  1.89726526 -5.29269061]
Epoch 158, t=2460388.3862824594:
  TLE_ECI: r=[-7309.41565788  1584.91969744 -1901.50547104], v=[-2.21017874 -2.59955687  6.32697205]
  RK45_ECI: r=[ 6050.57033987 -2451.4776057   4139.97683688], v=[ 4.44494535  1.91317858 -5.31605529]
Epoch 159, t=2460388.3863577223:
  TLE_ECI: r=[-7373.57108626  1502.8297332  -1710.97519405], v=[-2.0177578  -2.64077019  6.37411033]
  RK45_ECI: r=[ 6080.5199138  -2436.11368135  4105.32986878], v=[ 4.41001833  1.92898893 -5.33922456]
Epoch 160, t=2460388.386432986:
  TLE_ECI: r=[-7431.88992098  1419.50765939 -1519.10558938], v=[-1.82371238 -2.67974033  6.41626089]
  RK45_ECI: r=[ 6110.23463    -2420.6330213   4070.53272793], v=[ 4.37491767  1.94469577 -5.36219789]
Epoch 161, t=2460388.386508249:
  TLE_ECI: r=[-7484.32517022  1335.0240605  -1326.04680572], v=[-1.62819701 -2.71643494  6.45338999]
  RK45_ECI: r=[ 6139.71329933 -2405.03642932  4035.58668989], v=[ 4.33964475  1.96029836 -5.38497446]
Epoch 162, t=2460388.3865835126:
  TLE_ECI: r=[-7530.83453576  1249.45046212 -1131.94994431], v=[-1.43136748 -2.75082364  6.48546787]
  RK45_ECI: r=[ 6168.95448655 -2389.32481745  4000.49336569], v=[ 4.30420131  1.97579585 -5.40755322]
Epoch 163, t=2460388.386658776:
  TLE_ECI: r=[-7571.3804444   1162.85929098  -936.96693848], v=[-1.23338072 -2.782878    6.51246882]
  RK45_ECI: r=[ 6197.95729568 -2373.49886365  3965.25371434], v=[ 4.26858842  1.99118763 -5.42993356]
Epoch 164, t=2460388.386734039:
  TLE_ECI: r=[-7605.93007689  1075.32383532  -741.25043232], v=[-1.03439462 -2.81257162  6.53437118]
  RK45_ECI: r=[ 6226.72017887 -2357.55957164  3929.86952667], v=[ 4.232808    2.00647281 -5.45211438]
Epoch 165, t=2460388.3868093025:
  TLE_ECI: r=[-7634.45540879   986.91809332  -544.95365874], v=[-0.83456794 -2.83988011  6.55115733]
  RK45_ECI: r=[ 6255.24240018 -2341.50753124  3894.3416044 ], v=[ 4.19686097  2.02165087 -5.47409517]
Epoch 166, t=2460388.386884566:
  TLE_ECI: r=[-7656.93321481   897.716843    -348.23031698], v=[-0.63406015 -2.86478115  6.5628138 ]
  RK45_ECI: r=[ 6283.52281844 -2325.34357283  3858.67124964], v=[ 4.16074876  2.03672109 -5.49587513]
Epoch 167, t=2460388.3869598294:
  TLE_ECI: r=[-7673.34510211   807.7954893   -151.23444957], v=[-0.43303132 -2.88725445  6.56933118]
  RK45_ECI: r=[ 6311.56005736 -2309.06863898  3822.86010641], v=[ 4.12447313  2.05168266 -5.51745329]
Epoch 168, t=2460388.387035093:
  TLE_ECI: r=[-7683.67752272   717.23002154    45.87968091], v=[-0.23164197 -2.90728184  6.5707042 ]
  RK45_ECI: r=[ 6339.3532583  -2292.68342865  3786.90915294], v=[ 4.0880352   2.06653501 -5.53882906]
Epoch 169, t=2460388.387110356:
  TLE_ECI: r=[-7687.9217834    626.09697112   242.95771541], v=[-0.03005292 -2.92484725  6.5669317 ]
  RK45_ECI: r=[ 6366.90093859 -2276.18897866  3750.82021572], v=[ 4.05143693  2.08127724 -5.56000137]
Epoch 170, t=2460388.387185619:
  TLE_ECI: r=[-7686.07406083   534.47325515   439.84532203], v=[ 0.17157484 -2.93993672  6.55801664]
  RK45_ECI: r=[ 6394.20239408 -2259.58589623  3714.59411198], v=[ 4.01467924  2.09590888 -5.58096975]
Epoch 171, t=2460388.3872608826:
  TLE_ECI: r=[-7678.13539322   442.43624625   636.38831958], v=[ 0.37308026 -2.95253842  6.54396609]
  RK45_ECI: r=[ 6421.25653269 -2242.87503739  3678.23216911], v=[ 3.97776362  2.11042924 -5.60173345]
Epoch 172, t=2460388.387336146:
  TLE_ECI: r=[-7664.11168773   350.06361579   832.4328011 ], v=[ 0.5743024  -2.96264266  6.52479127]
  RK45_ECI: r=[ 6448.06203845 -2226.05737415  3641.73606258], v=[ 3.94069186  2.12483752 -5.62229152]
Epoch 173, t=2460388.387411409:
  TLE_ECI: r=[-7644.0137128    257.43331241  1027.82525704], v=[ 0.77508053 -2.9702419   6.50050745]
  RK45_ECI: r=[ 6474.61784617 -2209.13377534  3605.10713332], v=[ 3.90346545  2.13913306 -5.64264323]
Epoch 174, t=2460388.3874866725:
  TLE_ECI: r=[-7617.85709241   164.62340521  1222.41269812], v=[ 0.97525435 -2.97533073  6.47113402]
  RK45_ECI: r=[ 6500.92327419 -2192.10486051  3568.34620851], v=[ 3.86608535  2.15331538 -5.66278813]
Epoch 175, t=2460388.387561936:
  TLE_ECI: r=[-7585.66228762    71.7121519   1416.04277765], v=[ 1.174664   -2.97790593  6.43669443]
  RK45_ECI: r=[ 6526.97691659 -2174.9717025   3531.45515334], v=[ 3.82855355  2.16738365 -5.68272521]
Epoch 176, t=2460388.3876371994:
  TLE_ECI: r=[-7547.45458324   -21.22215805  1608.56391333], v=[ 1.37315031 -2.97796641  6.39721618]
  RK45_ECI: r=[ 6552.77797621 -2157.73503239  3494.43497482], v=[ 3.79087121  2.18133733 -5.70245393]
Epoch 177, t=2460388.387712463:
  TLE_ECI: r=[-7503.26406548  -114.10124802  1799.82540822], v=[ 1.57055486 -2.97551324  6.35273079]
  RK45_ECI: r=[ 6578.32519871 -2140.39585051  3457.28737828], v=[ 3.75304017  2.19517566 -5.72197341]
Epoch 178, t=2460388.387787726:
  TLE_ECI: r=[-7453.12559719  -206.84689955  1989.67757098], v=[ 1.76672014 -2.97054965  6.30327376]
  RK45_ECI: r=[ 6603.6175698  -2122.95504941  3420.01372799], v=[ 3.71506194  2.20889799 -5.74128295]
Epoch 179, t=2460388.387862989:
  TLE_ECI: r=[-7397.0787864   -299.38110588  2177.97183513], v=[ 1.96148973 -2.963081    6.24888457]
  RK45_ECI: r=[ 6628.65444065 -2105.41326522  3382.6148653 ], v=[ 3.67693751  2.22250389 -5.76038212]
Epoch 180, t=2460388.3879382527:
  TLE_ECI: r=[-7335.16795575  -391.62600732  2364.56087721], v=[ 2.15470832 -2.9531148   6.1896066 ]
  RK45_ECI: r=[ 6653.43447369 -2087.77160096  3345.09268732], v=[ 3.63866891  2.23599253 -5.77926996]
Epoch 181, t=2460388.388013516:
  TLE_ECI: r=[-7267.44210359  -483.50404579  2549.29873387], v=[ 2.34622194 -2.9406607   6.12548714]
  RK45_ECI: r=[ 6677.9569114  -2070.03080624  3307.4482178 ], v=[ 3.60025732  2.24936342 -5.79794599]
Epoch 182, t=2460388.3880887795:
  TLE_ECI: r=[-7193.95486317  -574.93800797  2732.04091764], v=[ 2.53587805 -2.92573044  6.05657727]
  RK45_ECI: r=[ 6702.22056233 -2052.19190844  3269.68319034], v=[ 3.56170461  2.26261583 -5.81640935]
Epoch 183, t=2460388.3881640425:
  TLE_ECI: r=[-7114.76445954  -665.85107043  2912.64453135], v=[ 2.72352564 -2.90833791  5.98293191]
  RK45_ECI: r=[ 6726.22446394 -2034.25582325  3231.79899126], v=[ 3.52301233  2.27574915 -5.83465938]
Epoch 184, t=2460388.388239306:
  TLE_ECI: r=[-7029.93365325  -756.1669482   3090.96838103], v=[ 2.90901543 -2.88849902  5.90460969]
  RK45_ECI: r=[ 6749.968001   -2016.22320237  3193.79647522], v=[ 3.48418148  2.28876294 -5.85269569]
Epoch 185, t=2460388.3883145694:
  TLE_ECI: r=[-6939.52969866  -845.80983374  3266.87308738], v=[ 3.0921999  -2.86623182  5.82167294]
  RK45_ECI: r=[ 6773.44990575 -1998.09517722  3155.67756951], v=[ 3.44521413  2.30165644 -5.87051738]
Epoch 186, t=2460388.388389833:
  TLE_ECI: r=[-6843.62428078  -934.70454469  3440.22119543], v=[ 3.27293348 -2.84155636  5.7341876 ]
  RK45_ECI: r=[ 6796.66946087 -1979.87251566  3117.44331363], v=[ 3.40611148  2.31442916 -5.88812398]
Epoch 187, t=2460388.3884650962:
  TLE_ECI: r=[-6742.29345719 -1022.77656632  3610.87728255], v=[ 3.45107263 -2.81449477  5.6422232 ]
  RK45_ECI: r=[ 6819.62553905 -1961.55627073  3079.09546782], v=[ 3.36687545  2.32708042 -5.9055147 ]
Epoch 188, t=2460388.388540359:
  TLE_ECI: r=[-6635.61759791 -1109.95209466  3778.70806457], v=[ 3.62647596 -2.78507115  5.54585276]
  RK45_ECI: r=[ 6842.31723051 -1943.14738005  3040.6354391 ], v=[ 3.32750759  2.33960963 -5.92268891]
Epoch 189, t=2460388.3886156227:
  TLE_ECI: r=[-6523.68130589 -1196.15817686  3943.58249999], v=[ 3.79900437 -2.75331159  5.44515276]
  RK45_ECI: r=[ 6864.74395432 -1924.64650984  3002.06409465], v=[ 3.28800893  2.35201638 -5.93964625]
Epoch 190, t=2460388.388690886:
  TLE_ECI: r=[-6406.57336567 -1281.32265396  4105.37189221], v=[ 3.96852113 -2.71924416  5.34020303]
  RK45_ECI: r=[ 6886.90451362 -1906.05481909  2963.38339011], v=[ 3.24838159  2.36429995 -5.95638587]
Epoch 191, t=2460388.3887661495:
  TLE_ECI: r=[-6284.38665761 -1365.37430052  4263.94998966], v=[ 4.134892   -2.68289882  5.23108672]
  RK45_ECI: r=[ 6908.79823216 -1887.37309262  2924.59437974], v=[ 3.20862677  2.37645987 -5.97290733]
Epoch 192, t=2460388.3888414125:
  TLE_ECI: r=[-6157.21808853 -1448.24284582  4419.19308374], v=[ 4.29798531 -2.64430748  5.1178902 ]
  RK45_ECI: r=[ 6930.42394563 -1868.60250117  2885.69903152], v=[ 3.16874662  2.38849544 -5.98920982]
Epoch 193, t=2460388.388916676:
  TLE_ECI: r=[-6025.1684951  -1529.85910521  4570.98010453], v=[ 4.45767214 -2.60350385  5.00070299]
  RK45_ECI: r=[ 6951.78110457 -1849.74372331  2846.69822352], v=[ 3.12874215  2.40040626 -6.00529298]
Epoch 194, t=2460388.3889919394:
  TLE_ECI: r=[-5888.34258586 -1610.15492742  4719.19271431], v=[ 4.6138263  -2.56052354  4.8796177 ]
  RK45_ECI: r=[ 6972.86885621 -1830.79771916  2807.59338293], v=[ 3.08861497  2.4121918  -6.02115625]
Epoch 195, t=2460388.389067203:
  TLE_ECI: r=[-5746.84883902 -1689.06332497  4863.71539856], v=[ 4.76632454 -2.51540394  4.75472991]
  RK45_ECI: r=[ 6993.68617814 -1811.76558011  2768.38630913], v=[ 3.04836704  2.42385141 -6.03679891]
Epoch 196, t=2460388.3891424662:
  TLE_ECI: r=[-5600.79941793 -1766.51851052  5004.43555461], v=[ 4.91504655 -2.46818418  4.62613815]
  RK45_ECI: r=[ 7014.23243578 -1792.6481072   2729.07807011], v=[ 3.00799959  2.43538466 -6.05222055]
Epoch 197, t=2460388.389217729:
  TLE_ECI: r=[-5450.31008491 -1842.45593517  5141.24357787], v=[ 5.05987514 -2.41890516  4.49394374]
  RK45_ECI: r=[ 7034.50653753 -1773.44649635  2689.67065954], v=[ 2.96751479  2.44679087 -6.06742042]
Epoch 198, t=2460388.3892929927:
  TLE_ECI: r=[-5295.5000858  -1916.81240597  5274.03294533], v=[ 5.20069624 -2.36760943  4.35825078]
  RK45_ECI: r=[ 7054.50796919 -1754.16143956  2650.16496635], v=[ 2.92691367  2.4580697  -6.08239819]
Epoch 199, t=2460388.389368256:
  TLE_ECI: r=[-5136.49208496 -1989.52604015  5402.70029671], v=[ 5.33739906 -2.31434122  4.219166  ]
  RK45_ECI: r=[ 7074.23593265 -1734.79391622  2610.56243572], v=[ 2.88619787  2.46922061 -6.09715334]
Epoch 200, t=2460388.3894435195:
  TLE_ECI: r=[-4973.41204504 -2060.53638107  5527.14551283], v=[ 5.46987611 -2.25914634  4.07679872]
  RK45_ECI: r=[ 7093.68947234 -1715.34504021  2570.86488928], v=[ 2.84536938  2.480243   -6.11168519]
Epoch 201, t=2460388.389518783:
  TLE_ECI: r=[-4806.38913057 -2129.78443101  5647.27179126], v=[ 5.59802332 -2.20207222  3.93126072]
  RK45_ECI: r=[ 7112.86799601 -1695.81562767  2531.07340775], v=[ 2.80442943  2.49113648 -6.12599338]
Epoch 202, t=2460388.389594046:
  TLE_ECI: r=[-4635.55561043 -2197.21268535  5762.98571942], v=[ 5.72174008 -2.14316777  3.78266619]
  RK45_ECI: r=[ 7131.77048586 -1676.20689835  2491.19000858], v=[ 2.76338024  2.50190041 -6.1400772 ]
Epoch 203, t=2460388.3896693094:
  TLE_ECI: r=[-4461.046726   -2262.76523441  5874.19734468], v=[ 5.84092936 -2.08248339  3.63113159]
  RK45_ECI: r=[ 7150.39654659 -1656.51947991  2451.21540295], v=[ 2.72222267  2.51253449 -6.15393643]
Epoch 204, t=2460388.389744573:
  TLE_ECI: r=[-4283.00062113 -2326.38772496  5980.82024192], v=[ 5.95549772 -2.02007091  3.47677559]
  RK45_ECI: r=[ 7168.74518622 -1636.75460016  2411.15161602], v=[ 2.68095892  2.52303811 -6.16757037]
Epoch 205, t=2460388.3898198362:
  TLE_ECI: r=[-4101.55820639 -2388.02746037  6082.77157806], v=[ 6.06535543 -1.95598359  3.31971898]
  RK45_ECI: r=[ 7186.81576625 -1616.91316393  2370.99992657], v=[ 2.63959045  2.53341083 -6.18097863]
Epoch 206, t=2460388.3898950997:
  TLE_ECI: r=[-3916.86305323 -2447.6334286   6179.97217381], v=[ 6.17041649 -1.89027599  3.16008454]
  RK45_ECI: r=[ 7204.60765426 -1596.99607829  2330.76161482], v=[ 2.59811871  2.54365224 -6.19416078]
Epoch 207, t=2460388.3899703627:
  TLE_ECI: r=[-3729.06128693 -2505.15633248  6272.34656255], v=[ 6.2705987  -1.82300402  2.99799697]
  RK45_ECI: r=[ 7222.11990729 -1577.00458494  2290.43872011], v=[ 2.55654594  2.55376173 -6.20711618]
Epoch 208, t=2460388.390045626:
  TLE_ECI: r=[-3538.30144201 -2560.54867291  6359.82304619], v=[ 6.36582375 -1.75422477  2.83358279]
  RK45_ECI: r=[ 7239.35215988 -1556.93932217  2250.03196076], v=[ 2.514873    2.56373904 -6.21984464]
Epoch 209, t=2460388.3901208895:
  TLE_ECI: r=[-3344.73438767 -2613.76472003  6442.3337483 ], v=[ 6.45601722 -1.68399658  2.66697024]
  RK45_ECI: r=[ 7256.30349525 -1536.8015391   2209.54338319], v=[ 2.47310214  2.57358359 -6.23234551]
Epoch 210, t=2460388.390196153:
  TLE_ECI: r=[-3148.51318028 -2664.76059463  6519.81466406], v=[ 6.54110867 -1.61237893  2.49828917]
  RK45_ECI: r=[ 7272.97332459 -1516.59215562  2168.97427895], v=[ 2.43123482  2.58329498 -6.24461843]
Epoch 211, t=2460388.390271416:
  TLE_ECI: r=[-2949.79295777 -2713.49428293  6592.2057074 ], v=[ 6.62103167 -1.53943244  2.32767095]
  RK45_ECI: r=[ 7289.36098796 -1496.31219396  2128.32613187], v=[ 2.38927271  2.59287276 -6.25666298]
Epoch 212, t=2460388.3903466794:
  TLE_ECI: r=[-2748.73078599 -2759.92570527  6659.450755  ], v=[ 6.69572384 -1.4652187   2.15524838]
  RK45_ECI: r=[ 7305.46584997 -1475.96261545  2087.60042843], v=[ 2.34721747  2.60231653 -6.26847872]
Epoch 213, t=2460388.390421943:
  TLE_ECI: r=[-2545.48558281 -2804.01669382  6721.49768746], v=[ 6.7651269  -1.38980036  1.98115556]
  RK45_ECI: r=[ 7321.28734362 -1455.54436874  2046.79846623], v=[ 2.30507059  2.6116259  -6.28006532]
Epoch 214, t=2460388.3904972062:
  TLE_ECI: r=[-2340.21796228 -2845.73105925  6778.29842731], v=[ 6.82918672 -1.31324101  1.80552784]
  RK45_ECI: r=[ 7336.82470539 -1435.05862302  2005.92212007], v=[ 2.26283412  2.62080037 -6.29142225]
Epoch 215, t=2460388.3905724697:
  TLE_ECI: r=[-2133.09011686 -2885.0346099   6829.80897406], v=[ 6.88785332 -1.23560514  1.62850166]
  RK45_ECI: r=[ 7352.07746453 -1414.50623164  1964.97250073], v=[ 2.22050935  2.62983962 -6.30254924]
Epoch 216, t=2460388.3906477327:
  TLE_ECI: r=[-1924.2656994  -2921.89517299  6875.9894362 ], v=[ 6.94108093 -1.15695809  1.45021448]
  RK45_ECI: r=[ 7367.0448149  -1393.8884729   1923.95168218], v=[ 2.17809857  2.63874312 -6.31344574]
Epoch 217, t=2460388.390722996:
  TLE_ECI: r=[-1713.90966147 -2956.28264321  6916.80406006], v=[ 6.98882804 -1.07736596  1.27080468]
  RK45_ECI: r=[ 7381.72638071 -1373.20608172  1882.86058678], v=[ 2.13560284  2.6475106  -6.32411154]
Epoch 218, t=2460388.3907982595:
  TLE_ECI: r=[-1502.188176   -2988.16897032  6952.22125584], v=[ 7.03105736 -0.99689561  1.09041145]
  RK45_ECI: r=[ 7396.12157806 -1352.46010045  1841.70071538], v=[ 2.09302388  2.65614167 -6.33454627]
Epoch 219, t=2460388.390873523:
  TLE_ECI: r=[-1289.26847421 -3017.52820561  6982.21362036], v=[ 7.0677359 -0.9156146  0.9091747]
  RK45_ECI: r=[ 7410.22971349 -1331.65171537  1800.47395843], v=[ 2.05036376  2.66463588 -6.34474947]
Epoch 220, t=2460388.3909487864:
  TLE_ECI: r=[-1075.31872423 -3044.33651594  7006.75795679], v=[ 7.09883499 -0.8335911   0.72723492]
  RK45_ECI: r=[ 7424.05036055 -1310.78179126  1759.18143545], v=[ 2.00762379  2.67299293 -6.3547209 ]
Epoch 221, t=2460388.3910240494:
  TLE_ECI: r=[ -860.50790954 -3068.57219964  7025.83529144], v=[ 7.12433027 -0.7508939   0.54473313]
  RK45_ECI: r=[ 7437.58279028 -1289.85162426  1717.82523692], v=[ 1.96480625  2.68121233 -6.36446006]
Epoch 222, t=2460388.391099313:
  TLE_ECI: r=[ -645.00566227 -3090.21571432  7039.43088722], v=[ 7.14420172 -0.66759222  0.36181075]
  RK45_ECI: r=[ 7450.82666424 -1268.86195869  1676.40629188], v=[ 1.92191224  2.68929384 -6.37396678]
Epoch 223, t=2460388.3911745762:
  TLE_ECI: r=[ -428.98218539 -3109.24967474  7047.53425435], v=[ 7.15843367 -0.58375584  0.17860949]
  RK45_ECI: r=[ 7463.78145636 -1247.81385053  1634.92611243], v=[ 1.87894349  2.69723711 -6.38324073]
Epoch 224, t=2460388.3912498397:
  TLE_ECI: r=[ -212.60808519 -3125.65887842  7050.13915774], v=[ 7.16701482e+00 -4.99454917e-01 -4.72873237e-03]
  RK45_ECI: r=[ 7476.44654396 -1226.70850157  1593.38660293], v=[ 1.83590207  2.70504171 -6.3922815 ]
Epoch 225, t=2460388.3913251027:
  TLE_ECI: r=[ 3.94574253e+00 -3.13943031e+03  7.04724362e+03], v=[ 7.16993824 -0.41475999 -0.18806191]
  RK45_ECI: r=[ 7488.8214323  -1205.54697451  1551.78928125], v=[ 1.79278972  2.71270731 -6.4010888 ]
Epoch 226, t=2460388.391400366:
  TLE_ECI: r=[  220.50828157 -3150.55317293  7038.84992957], v=[ 7.16720137 -0.32974185 -0.37124805]
  RK45_ECI: r=[ 7500.90580914 -1184.33001951  1510.13508033], v=[ 1.74960753  2.72023367 -6.40966246]
Epoch 227, t=2460388.3914756295:
  TLE_ECI: r=[  436.90847249 -3159.01885384  7024.9646253 ], v=[ 7.15880603 -0.24447158 -0.55414525]
  RK45_ECI: r=[ 7512.69903488 -1163.05895163  1468.42610708], v=[ 1.70635782  2.72762037 -6.41800205]
Epoch 228, t=2460388.391550893:
  TLE_ECI: r=[  652.97538172 -3164.82097298  7005.59850527], v=[ 7.14475841 -0.15902044 -0.73661184]
  RK45_ECI: r=[ 7524.20075473 -1141.73465171  1426.66349275], v=[ 1.66304191  2.73486716 -6.42610739]
Epoch 229, t=2460388.3916261564:
  TLE_ECI: r=[  868.53832471 -3167.9553675   6980.766612  ], v=[ 7.12506909 -0.07345983 -0.91850647]
  RK45_ECI: r=[ 7535.41041732 -1120.35833583  1384.84915381], v=[ 1.61966191  2.74197365 -6.43397814]
Epoch 230, t=2460388.3917014194:
  TLE_ECI: r=[ 1083.42698875 -3168.4201018   6950.48822283], v=[ 7.09975301  0.01213875 -1.09968817]
  RK45_ECI: r=[ 7546.3275865  -1098.93107835  1342.98461719], v=[ 1.57621956  2.74893955 -6.44161402]
Epoch 231, t=2460388.391776683:
  TLE_ECI: r=[ 1297.47160214 -3166.21545708  6914.78683575], v=[ 7.06882946  0.09770384 -1.28001655]
  RK45_ECI: r=[ 7556.9519879  -1077.45363721  1301.07082098], v=[ 1.53271596  2.75576464 -6.44901491]
Epoch 232, t=2460388.3918519462:
  TLE_ECI: r=[ 1510.50301017 -3161.34394772  6873.69015239], v=[ 7.03232208  0.18316395 -1.45935179]
  RK45_ECI: r=[ 7567.28306047 -1055.92734188  1259.1098844 ], v=[ 1.48915344  2.76244854 -6.45618044]
Epoch 233, t=2460388.3919272097:
  TLE_ECI: r=[ 1722.35284332 -3153.81030866  6827.23005772], v=[ 6.99025885  0.2684477  -1.63755482]
  RK45_ECI: r=[ 7577.32049466 -1034.35308211  1217.10294465], v=[ 1.44553334  2.76899103 -6.46311046]
Epoch 234, t=2460388.392002473:
  TLE_ECI: r=[ 1932.85363896 -3143.62149387  6775.4425968 ], v=[ 6.94267206  0.35348385 -1.81448739]
  RK45_ECI: r=[ 7587.06381091 -1012.73208668  1175.05192849], v=[ 1.40185778  2.77539177 -6.46980467]
Epoch 235, t=2460388.392077736:
  TLE_ECI: r=[ 2141.83896241 -3130.78667703  6718.36794846], v=[ 6.8895983   0.43820134 -1.99001219]
  RK45_ECI: r=[7596.51263206 -991.06544034 1132.95837049], v=[ 1.35812851  2.78165048 -6.47626286]
Epoch 236, t=2460388.3921529995:
  TLE_ECI: r=[ 2349.14357326 -3115.31721971  6656.05039585], v=[ 6.83107844  0.52252944 -2.16399292]
  RK45_ECI: r=[7605.66672188 -969.35390762 1090.82321299], v=[ 1.31434663  2.787767   -6.48248492]
Epoch 237, t=2460388.392228263:
  TLE_ECI: r=[ 2554.60349882 -3097.22669804  6588.53829416], v=[ 6.76715757  0.60639766 -2.33629443]
  RK45_ECI: r=[7614.5255983  -947.59883157 1048.64858556], v=[ 1.27051449  2.79374097 -6.48847055]
Epoch 238, t=2460388.3923035264:
  TLE_ECI: r=[ 2758.05619951 -3076.53086835  6515.88403513], v=[ 6.69788504  0.68973591 -2.50678278]
  RK45_ECI: r=[7623.08899736 -925.80110907 1006.43563024], v=[ 1.22663344  2.7995722  -6.49421963]
Epoch 239, t=2460388.39237879:
  TLE_ECI: r=[ 2959.34068638 -3053.24766046  6438.14400855], v=[ 6.62331436  0.77247451 -2.67532538]
  RK45_ECI: r=[7631.35651174 -903.96198022  964.1862823 ], v=[ 1.1827056   2.8052604  -6.49973191]
Epoch 240, t=2460388.392454053:
  TLE_ECI: r=[ 3158.29763847 -3027.39717247  6355.37856089], v=[ 6.54350321  0.85454426 -2.84179107]
  RK45_ECI: r=[7639.32782357 -882.08253915  921.90208248], v=[ 1.13873272  2.81080533 -6.50500724]
Epoch 241, t=2460388.3925293162:
  TLE_ECI: r=[ 3354.76956372 -2999.00161814  6267.65195073], v=[ 6.45851336  0.93587655 -3.00605022]
  RK45_ECI: r=[7647.00273492 -860.1635563   879.58397652], v=[ 1.09471594  2.81620683 -6.51004552]
Epoch 242, t=2460388.3926045797:
  TLE_ECI: r=[ 3548.60086912 -2968.08536286  6175.03230146], v=[ 6.36841069  1.01640331 -3.16797482]
  RK45_ECI: r=[7654.38084327 -838.20638576  837.23410229], v=[ 1.0506576   2.82146461 -6.51484653]
Epoch 243, t=2460388.392679843:
  TLE_ECI: r=[ 3739.63801928 -2934.67486879  6077.59155084], v=[ 6.27326509  1.09605712 -3.32743859]
  RK45_ECI: r=[7661.46193032 -816.21193138  794.85360563], v=[ 1.00655905  2.82657849 -6.51941016]
Epoch 244, t=2460388.392755106:
  TLE_ECI: r=[ 3927.72964019 -2898.79869371  5975.4053977 ], v=[ 6.17315045  1.17477127 -3.4843171 ]
  RK45_ECI: r=[7668.24562969 -794.18155183  752.44462761], v=[ 0.96242264  2.83154821 -6.52373622]
Epoch 245, t=2460388.3928303695:
  TLE_ECI: r=[ 4112.72667327 -2860.48742263  5868.5532456 ], v=[ 6.06814459  1.25247986 -3.63848781]
  RK45_ECI: r=[7674.73177821 -772.11602226  710.0081164 ], v=[ 0.9182495   2.83637363 -6.52782464]
Epoch 246, t=2460388.392905633:
  TLE_ECI: r=[ 4294.4824423  -2819.77371031  5757.11814386], v=[ 5.95832923  1.32911773 -3.78983022]
  RK45_ECI: r=[7680.92012129 -750.01644497  667.54561751], v=[ 0.87404138  2.84105456 -6.53167531]
Epoch 247, t=2460388.3929808964:
  TLE_ECI: r=[ 4472.85280445 -2776.69221053  5641.18672542], v=[ 5.84378989  1.40462063 -3.93822594]
  RK45_ECI: r=[7686.81036794 -727.88407486  625.05907607], v=[ 0.82980044  2.84559075 -6.53528807]
Epoch 248, t=2460388.39305616:
  TLE_ECI: r=[ 4647.69625666 -2731.27955898  5520.84914206], v=[ 5.72461589  1.47892522 -4.08355879]
  RK45_ECI: r=[7692.40234578 -705.71982135  582.54964058], v=[ 0.78552803  2.84998208 -6.53866286]
Epoch 249, t=2460388.393131423:
  TLE_ECI: r=[ 4818.87404081 -2683.5743576   5396.19899673], v=[ 5.60090024  1.55196913 -4.22571488]
  RK45_ECI: r=[7697.69576838 -683.52505218  540.01945759], v=[ 0.74122651  2.8542283  -6.54179955]
Epoch 250, t=2460388.3932066862:
  TLE_ECI: r=[ 4986.25028673 -2633.61708713  5267.33327304], v=[ 5.47273961  1.62369105 -4.36458273]
  RK45_ECI: r=[7702.69051115 -661.30054655  497.46947691], v=[ 0.696897    2.85832932 -6.54469809]
Epoch 251, t=2460388.3932819497:
  TLE_ECI: r=[ 5149.69207349 -2581.45015743  5134.35226222], v=[ 5.34023422  1.69403073 -4.50005333]
  RK45_ECI: r=[7707.38637928 -639.04741337  454.90124723], v=[ 0.65254127  2.86228497 -6.54735841]
Epoch 252, t=2460388.393357213:
  TLE_ECI: r=[ 5309.06956856 -2527.11781771  4997.35948712], v=[ 5.20348782  1.76292904 -4.63202026]
  RK45_ECI: r=[7711.78315481 -616.7669149   412.31671751], v=[ 0.60816148  2.86609507 -6.54978042]
Epoch 253, t=2460388.3934324766:
  TLE_ECI: r=[ 5464.25612469 -2470.66613378  4856.46162373], v=[ 5.06260757  1.83032806 -4.76037975]
  RK45_ECI: r=[7715.88071137 -594.45996487  369.71703788], v=[ 0.56375898  2.86975949 -6.55196409]
Epoch 254, t=2460388.3935077395:
  TLE_ECI: r=[ 5615.12837516 -2412.14296706  4711.76841998], v=[ 4.91770399  1.89617108 -4.88503077]
  RK45_ECI: r=[7719.67884273 -572.1279386   327.1043583 ], v=[ 0.51933613  2.87327806 -6.55390934]
Epoch 255, t=2460388.393583003:
  TLE_ECI: r=[ 5761.56636268 -2351.59786937  4563.39261201], v=[ 4.76889087  1.96040271 -5.00587515]
  RK45_ECI: r=[7723.17746294 -549.77161859  284.47962935], v=[ 0.47489407  2.8766507  -6.55561617]
Epoch 256, t=2460388.3936582664:
  TLE_ECI: r=[ 5903.45359385 -2289.08213969  4411.44983798], v=[ 4.61628519  2.02296887 -5.12281762]
  RK45_ECI: r=[7726.3764371  -527.39211877  241.84440148], v=[ 0.43043456  2.87987726 -6.55708453]
Epoch 257, t=2460388.39373353:
  TLE_ECI: r=[ 6040.67716318 -2224.64871717  4256.05854931], v=[ 4.460007    2.08381686 -5.23576589]
  RK45_ECI: r=[7729.27562045 -504.99070719  199.20062565], v=[ 0.38595976  2.88295762 -6.5583144 ]
Epoch 258, t=2460388.3938087933:
  TLE_ECI: r=[ 6173.127838   -2158.35215348  4097.33991955], v=[ 4.30017939  2.14289542 -5.34463078]
  RK45_ECI: r=[7731.87493269 -482.56830139  156.54945251], v=[ 0.34147101  2.88589169 -6.55930578]
Epoch 259, t=2460388.3938840562:
  TLE_ECI: r=[ 6300.70014223 -2090.24858531  3935.41775101], v=[ 4.13692836  2.20015473 -5.44932624]
  RK45_ECI: r=[7734.17424794 -460.12628189  113.89303351], v=[ 0.29697071  2.88867932 -6.56005864]
Epoch 260, t=2460388.3939593197:
  TLE_ECI: r=[ 6423.29246745 -2020.39561512  3770.4183789 ], v=[ 3.9703827   2.25554656 -5.54976947]
  RK45_ECI: r=[7736.1735266  -437.66534574   71.23211883], v=[ 0.25245976  2.89132047 -6.56057302]
Epoch 261, t=2460388.394034583:
  TLE_ECI: r=[ 6540.80711946 -1948.85237199  3602.47057346], v=[ 3.80067394  2.30902418 -5.64588093]
  RK45_ECI: r=[7737.87267066 -415.18687535   28.56885989], v=[ 0.20794055  2.89381501 -6.56084892]
Epoch 262, t=2460388.3941098466:
  TLE_ECI: r=[ 6653.15042405 -1875.67938959  3431.70543991], v=[ 3.62793623  2.3605425  -5.7375845 ]
  RK45_ECI: r=[7739.27163173 -392.69187831  -14.09539279], v=[ 0.16341462  2.89616288 -6.56088637]
Epoch 263, t=2460388.3941851095:
  TLE_ECI: r=[ 6760.23279287 -1800.93859366  3258.25631619], v=[ 3.45230622  2.41005804 -5.82480747]
  RK45_ECI: r=[7740.37036321 -370.18147384  -56.75908868], v=[ 0.11888374  2.898364   -6.56068539]
Epoch 264, t=2460388.394260373:
  TLE_ECI: r=[ 6861.96881916 -1724.69317066  3082.2586689 ], v=[ 3.27392295  2.45752905 -5.90748063]
  RK45_ECI: r=[7741.16883374 -347.65671325  -99.42067751], v=[ 0.07434966  2.9004183  -6.56024603]
Epoch 265, t=2460388.3943356364:
  TLE_ECI: r=[ 6958.27731631 -1647.00763303  2903.84998725], v=[ 3.09292777  2.5029155  -5.98553836]
  RK45_ECI: r=[7741.66702143 -325.11862814 -142.07880947], v=[ 0.02981392  2.90232573 -6.55956834]
Epoch 266, t=2460388.3944109:
  TLE_ECI: r=[ 7049.08140737 -1567.94768611  2723.16967516], v=[ 2.9094642   2.54617909 -6.05891864]
  RK45_ECI: r=[7741.86491337 -302.5684933  -184.73153457], v=[-0.0147213   2.90408622 -6.55865239]
Epoch 267, t=2460388.3944861633:
  TLE_ECI: r=[ 7134.30858367 -1487.58019215  2540.3589417 ], v=[ 2.72367782  2.58728335 -6.12756315]
  RK45_ECI: r=[7741.76251407 -280.00731806 -227.3775038 ], v=[-0.05925447  2.90569973 -6.55749823]
Epoch 268, t=2460388.3945614262:
  TLE_ECI: r=[ 7213.89076126 -1405.97313536  2355.56068985], v=[ 2.53571617  2.62619361 -6.19141728]
  RK45_ECI: r=[7741.35983689 -257.4362236  -270.01516842], v=[-0.1037838   2.90716622 -6.55610595]
Epoch 269, t=2460388.3946366897:
  TLE_ECI: r=[ 7287.76435471 -1323.19547954  2168.91940368], v=[ 2.34572857  2.66287712 -6.25043023]
  RK45_ECI: r=[7740.65690947 -234.85626303 -312.64298026], v=[-0.14830758  2.90848566 -6.55447563]
Epoch 270, t=2460388.394711953:
  TLE_ECI: r=[ 7355.87030501 -1239.31723571  1980.58103414], v=[ 2.1538661   2.69730298 -6.30455502]
  RK45_ECI: r=[7739.65376309 -212.26846886 -355.25959167], v=[-0.19282424  2.90965802 -6.55260736]
Epoch 271, t=2460388.3947872166:
  TLE_ECI: r=[ 7418.15414634 -1154.40931905  1790.69288348], v=[ 1.96028136  2.72944221 -6.35374853]
  RK45_ECI: r=[7738.35045806 -189.67411746 -397.86305567], v=[-0.23733162  2.91068329 -6.55050125]
Epoch 272, t=2460388.39486248:
  TLE_ECI: r=[ 7474.56604752 -1068.54350946  1599.40348839], v=[ 1.76512844  2.75926782 -6.39797159]
  RK45_ECI: r=[7736.74704307 -167.07413029 -440.45222589], v=[-0.28182838  2.91156146 -6.54815741]
Epoch 273, t=2460388.394937743:
  TLE_ECI: r=[7525.06085114 -981.79241203 1406.86250203], v=[ 1.56856274  2.78675476 -6.43718895]
  RK45_ECI: r=[7734.8436172  -144.46989533 -483.02495731], v=[-0.32631215  2.91229251 -6.54557598]
Epoch 274, t=2460388.3950130064:
  TLE_ECI: r=[7569.59812336 -894.22930757 1213.22057498], v=[ 1.37074084  2.81188    -6.47136935]
  RK45_ECI: r=[7732.64024118 -121.86219959 -525.58030476], v=[-0.37078181  2.91287645 -6.54275707]
Epoch 275, t=2460388.39508827:
  TLE_ECI: r=[7608.14216999 -805.92822169 1018.62923531], v=[ 1.17182039  2.83462253 -6.50048555]
  RK45_ECI: r=[7730.13700794  -99.25216451 -568.11672416], v=[-0.41523559  2.9133133  -6.5397008 ]
Epoch 276, t=2460388.3951635333:
  TLE_ECI: r=[7640.66207891 -716.96377384  823.2407678 ], v=[ 0.97195996  2.85496338 -6.52451434]
  RK45_ECI: r=[7727.33405088  -76.64106655 -610.6322734 ], v=[-0.45967135  2.91360307 -6.53640736]
Epoch 277, t=2460388.3952387967:
  TLE_ECI: r=[7667.13174306 -627.41113539  627.20809244], v=[ 0.77131894  2.87288564 -6.54343657]
  RK45_ECI: r=[7724.23146456  -54.02982638 -653.12580962], v=[-0.50408776  2.91374578 -6.53287687]
Epoch 278, t=2460388.3953140597:
  TLE_ECI: r=[7687.5298809  -537.34598789  430.68464236], v=[ 0.57005735  2.88837447 -6.55723719]
  RK45_ECI: r=[7720.82942818  -31.41983164 -695.59519387], v=[-0.54848243  2.91374146 -6.52910953]
Epoch 279, t=2460388.395389323:
  TLE_ECI: r=[7701.84006099 -446.84436819  233.82424128], v=[ 0.36833573  2.90141713 -6.56590521]
  RK45_ECI: r=[7717.12804084   -8.81186824 -738.03948451], v=[-0.59285427  2.91359016 -6.52510549]
Epoch 280, t=2460388.3954645866:
  TLE_ECI: r=[7710.05070556 -355.98273839   36.78098053], v=[ 0.16631505  2.91200296 -6.56943377]
  RK45_ECI: r=[7713.12745516   13.79294354 -780.45714259], v=[-0.63720151  2.91329191 -6.52086491]
Epoch 281, t=2460388.39553985:
  TLE_ECI: r=[7712.15510744 -264.83783038 -160.29090404], v=[-0.03584352  2.92012344 -6.56782009]
  RK45_ECI: r=[7708.8278774    36.39332867 -822.8462326 ], v=[-0.68152201  2.91284678 -6.51638803]
Epoch 282, t=2460388.395615113:
  TLE_ECI: r=[7708.15143327 -173.48662521 -357.23715547], v=[-0.23797864  2.92577214 -6.56106553]
  RK45_ECI: r=[7704.2294923    58.9881678  -865.20521883], v=[-0.72581403  2.91225481 -6.51167504]
Epoch 283, t=2460388.3956903764:
  TLE_ECI: r=[7698.04272733  -82.00619675 -553.90361894], v=[-0.43992904  2.92894477 -6.54917554]
  RK45_ECI: r=[7699.3324255    81.57667641 -907.53316269], v=[-0.77007644  2.91151608 -6.5067261 ]
Epoch 284, t=2460388.39576564:
  TLE_ECI: r=[7681.83690503    9.52621881 -750.13636503], v=[-0.6415336   2.92963916 -6.53215968]
  RK45_ECI: r=[7694.13694772  104.15746965 -949.82793462], v=[-0.81430691  2.91063065 -6.50154148]
Epoch 285, t=2460388.3958409033:
  TLE_ECI: r=[7659.54674896  101.03337931 -945.78181272], v=[-0.84263147  2.92785525 -6.51003162]
  RK45_ECI: r=[7688.64322656  126.72963003 -992.08839962], v=[-0.85850409  2.90959861 -6.49612136]
Epoch 286, t=2460388.3959161667:
  TLE_ECI: r=[ 7631.18989723   192.43808008 -1140.68685206], v=[-1.04306225  2.92359514 -6.48280909]
  RK45_ECI: r=[ 7682.85154084   149.29188533 -1034.31263058], v=[-0.90266586  2.90842004 -6.49046602]
Epoch 287, t=2460388.3959914297:
  TLE_ECI: r=[ 7596.7888293    283.66319791 -1334.69896642], v=[-1.24266609  2.91686302 -6.4505139 ]
  RK45_ECI: r=[ 7676.76213464   171.84311931 -1076.49909911], v=[-0.94679048  2.90709505 -6.48457572]
Epoch 288, t=2460388.396066693:
  TLE_ECI: r=[ 7556.37084379   374.63184614 -1527.6663541 ], v=[-1.44128387  2.90766523 -6.41317189]
  RK45_ECI: r=[ 7670.37517163   194.38255019 -1118.64687158], v=[-0.99087683  2.90562372 -6.47845061]
Epoch 289, t=2460388.3961419566:
  TLE_ECI: r=[ 7509.96803951   465.26730625 -1719.43804936], v=[-1.6387573   2.89601017 -6.37081294]
  RK45_ECI: r=[ 7663.69100196   216.90879709 -1160.75382868], v=[-1.03492258  2.90400617 -6.47209105]
Epoch 290, t=2460388.39621722:
  TLE_ECI: r=[ 7457.61728577   555.49318269 -1909.86404257], v=[-1.83492904  2.8819084  -6.32347091]
  RK45_ECI: r=[ 7656.70983861   239.42094582 -1202.8188417 ], v=[-1.07892641  2.90224251 -6.46549723]
Epoch 291, t=2460388.3962924834:
  TLE_ECI: r=[ 7399.36019175   645.2334457  -2098.79539954], v=[-2.02964285  2.86537254 -6.27118363]
  RK45_ECI: r=[ 7649.43203259   261.91772868 -1244.83999365], v=[-1.12288619  2.90033286 -6.45866951]
Epoch 292, t=2460388.3963677464:
  TLE_ECI: r=[ 7335.24307346   734.41247451 -2286.08437976], v=[-2.22274374  2.84641727 -6.21399283]
  RK45_ECI: r=[ 7641.85788696   284.39803387 -1286.81576484], v=[-1.1668002   2.89827737 -6.45160817]
Epoch 293, t=2460388.39644301:
  TLE_ECI: r=[ 7265.31690633   822.9552079  -2471.58455359], v=[-2.41407807  2.82505936 -6.15194416]
  RK45_ECI: r=[ 7633.9876032    306.86108304 -1328.74522751], v=[-1.21066734  2.89607614 -6.44431339]
Epoch 294, t=2460388.3965182733:
  TLE_ECI: r=[ 7189.63729445   910.78707818 -2655.15091819], v=[-2.6034937   2.80131761 -6.08508708]
  RK45_ECI: r=[ 7625.82161048   329.3055009  -1370.62627449], v=[-1.25448528  2.89372933 -6.43678559]
Epoch 295, t=2460388.3965935367:
  TLE_ECI: r=[ 7108.26441591   997.83416114 -2836.64001215], v=[-2.79084006  2.77521284 -6.01347488]
  RK45_ECI: r=[ 7617.36016681   351.73037773 -1412.45778438], v=[-1.29825271  2.89123709 -6.42902501]
Epoch 296, t=2460388.3966687997:
  TLE_ECI: r=[ 7021.26297745  1084.02319622 -3015.91002867], v=[-2.97596836  2.74676789 -5.93716457]
  RK45_ECI: r=[ 7608.60373702   374.13434126 -1454.23765614], v=[-1.34196731  2.88859959 -6.42103207]
Epoch 297, t=2460388.396744063:
  TLE_ECI: r=[ 6928.70214771  1169.28173112 -3192.82092723], v=[-3.15873165  2.71600755 -5.85621687]
  RK45_ECI: r=[ 7599.55255664   396.51661681 -1495.96496801], v=[-1.38562799  2.88581697 -6.41280699]
Epoch 298, t=2460388.3968193266:
  TLE_ECI: r=[ 6830.65551777  1253.53805845 -3367.23454364], v=[-3.33898495  2.68295858 -5.77069614]
  RK45_ECI: r=[ 7590.20699082   418.87609894 -1537.63821105], v=[-1.42923304  2.8828894  -6.40435011]
Epoch 299, t=2460388.39689459:
  TLE_ECI: r=[ 6727.20102769  1336.72135954 -3539.01469844], v=[-3.51658537  2.64764969 -5.68067032]
  RK45_ECI: r=[ 7580.56750516   441.21153026 -1579.25548815], v=[-1.47278035  2.87981707 -6.39566184]
Epoch 300, t=2460388.3969698534:
  TLE_ECI: r=[ 6618.42090467  1418.76174253 -3708.02730338], v=[-3.69139225  2.61011147 -5.58621088]
  RK45_ECI: r=[ 7570.63440238   463.52200633 -1620.81568621], v=[-1.51626863  2.87660015 -6.38674247]
Epoch 301, t=2460388.3970451164:
  TLE_ECI: r=[ 6504.40159905  1499.59028235 -3874.14046615], v=[-3.86326721  2.57037638 -5.48739272]
  RK45_ECI: r=[ 7560.40822555   485.80616287 -1662.31671913], v=[-1.55969558  2.87323887 -6.37759247]
Epoch 302, t=2460388.39712038:
  TLE_ECI: r=[ 6385.23369524  1579.13915503 -4037.22459305], v=[-4.03207433  2.5284787  -5.38429417]
  RK45_ECI: r=[ 7549.88924743   508.06323046 -1703.75767263], v=[-1.60306011  2.86973337 -6.36821209]
Epoch 303, t=2460388.3971956433:
  TLE_ECI: r=[ 6261.01186258  1657.34157853 -4197.15248968], v=[-4.19768022  2.48445457 -5.27699684]
  RK45_ECI: r=[ 7539.07789128   530.29211079 -1745.13704927], v=[-1.64636052  2.86608388 -6.35860171]
Epoch 304, t=2460388.3972709067:
  TLE_ECI: r=[ 6131.83476036  1734.13194572 -4353.7994595 ], v=[-4.3599541   2.43834184 -5.16558563]
  RK45_ECI: r=[ 7527.97469364   552.49155441 -1786.45296659], v=[-1.68959473  2.86229062 -6.3487618 ]
Epoch 305, t=2460388.39734617:
  TLE_ECI: r=[ 5997.80496064  1809.44585984 -4507.04340014], v=[-4.51876795  2.39018015 -5.05014857]
  RK45_ECI: r=[ 7516.58000154   574.66066366 -1827.70432081], v=[-1.73276146  2.85835378 -6.33869266]
Epoch 306, t=2460388.397421433:
  TLE_ECI: r=[ 5859.02886973  1883.22017022 -4656.7648976 ], v=[-4.67399658  2.34001082 -4.93077682]
  RK45_ECI: r=[ 7504.89443565   596.79808381 -1868.88904266], v=[-1.77585841  2.85427364 -6.32839484]
Epoch 307, t=2460388.3974966966:
  TLE_ECI: r=[ 5715.61661909  1955.39309397 -4802.84731786], v=[-4.82551775  2.2878768  -4.80756455]
  RK45_ECI: r=[ 7492.91830562   618.90305132 -1910.00622615], v=[-1.81888453  2.85005037 -6.31786861]
Epoch 308, t=2460388.39757196:
  TLE_ECI: r=[ 5567.68200791  2025.90416242 -4945.17689647], v=[-4.97321221  2.23382271 -4.68060888]
  RK45_ECI: r=[ 7480.65209231   640.97447625 -1951.05438671], v=[-1.86183813  2.84568422 -6.30711438]
Epoch 309, t=2460388.3976472234:
  TLE_ECI: r=[ 5415.34238893  2094.69434089 -5083.64282535], v=[-5.11696385  2.17789471 -4.55000976]
  RK45_ECI: r=[ 7468.09640255   663.01111901 -1992.03165821], v=[-1.90471714  2.84117546 -6.29613268]
Epoch 310, t=2460388.397722487:
  TLE_ECI: r=[ 5258.71857846  2161.70605957 -5218.1373373 ], v=[-5.25665974  2.12014052 -4.41586994]
  RK45_ECI: r=[ 7455.25162727   685.01208927 -2032.93694718], v=[-1.94752029  2.83652431 -6.28492385]
Epoch 311, t=2460388.39779775:
  TLE_ECI: r=[ 5097.93476495  2226.88324562 -5348.55578791], v=[-5.39219024  2.06060938 -4.27829485]
  RK45_ECI: r=[ 7442.11846404   706.97604351 -2073.76820306], v=[-1.99024532  2.83173109 -6.27348848]
Epoch 312, t=2460388.3978730133:
  TLE_ECI: r=[ 4933.11838278  2290.1714293  -5474.79673476], v=[-5.52344907  1.99935191 -4.1373925 ]
  RK45_ECI: r=[ 7428.697259     728.90222496 -2114.52452896], v=[-2.03289117  2.82679599 -6.26182687]
Epoch 313, t=2460388.3979482767:
  TLE_ECI: r=[ 4764.40004795  2351.51769741 -5596.76201421], v=[-5.65033338  1.93642019 -3.99327344]
  RK45_ECI: r=[ 7414.98855001   750.78955358 -2155.20445449], v=[-2.07545618  2.8217193  -6.24993947]
Epoch 314, t=2460388.39802354:
  TLE_ECI: r=[ 4591.91342791  2410.87079681 -5714.35681527], v=[-5.77274384  1.87186766 -3.84605063]
  RK45_ECI: r=[ 7400.99301355   772.63680059 -2195.80613153], v=[-2.1179383   2.81650131 -6.23782687]
Epoch 315, t=2460388.398098803:
  TLE_ECI: r=[ 4415.79514756  2468.18114842 -5827.48975087], v=[-5.8905847   1.80574906 -3.69583934]
  RK45_ECI: r=[ 7386.71115219   794.44297686 -2236.32828796], v=[-2.16033607  2.81114232 -6.22548949]
Epoch 316, t=2460388.3981740666:
  TLE_ECI: r=[ 4236.18465146  2523.40093913 -5936.07292629], v=[-6.00376385  1.73812038 -3.5427571 ]
  RK45_ECI: r=[ 7372.14353484   816.20707389 -2276.76946366], v=[-2.20264787  2.8056426  -6.2129278 ]
Epoch 317, t=2460388.39824933:
  TLE_ECI: r=[ 4053.22413538  2576.48408132 -6040.0220049 ], v=[-6.11219291  1.66903886 -3.38692357]
  RK45_ECI: r=[ 7357.29067994   837.92810602 -2317.12839091], v=[-2.24487224  2.80000242 -6.20014225]
Epoch 318, t=2460388.3983245934:
  TLE_ECI: r=[ 3867.05840496  2627.38630287 -6139.25627097], v=[-6.21578725  1.59856289 -3.22846046]
  RK45_ECI: r=[ 7342.15331911   859.60485444 -2357.4032372 ], v=[-2.28700714  2.79422214 -6.18713344]
Epoch 319, t=2460388.398399857:
  TLE_ECI: r=[ 3677.83476742  2676.06516996 -6233.69868966], v=[-6.31446608  1.52675198 -3.06749144]
  RK45_ECI: r=[ 7326.73199206   881.23635999 -2397.5927417 ], v=[-2.32905116  2.78830204 -6.17390183]
Epoch 320, t=2460388.39847512:
  TLE_ECI: r=[ 3485.70292332  2722.4801101  -6323.27596415], v=[-6.40815249  1.45366673 -2.90414202]
  RK45_ECI: r=[ 7311.02731953   902.82155835 -2437.69545731], v=[-2.37100263  2.78224245 -6.16044794]
Epoch 321, t=2460388.3985503833:
  TLE_ECI: r=[ 3290.81481628  2766.59248653 -6407.91858981], v=[-6.49677354  1.37936871 -2.73853948]
  RK45_ECI: r=[ 7295.03992545   924.35945209 -2477.70994032], v=[-2.41285997  2.77604367 -6.14677229]
Epoch 322, t=2460388.3986256467:
  TLE_ECI: r=[ 3093.32456079  2808.36556566 -6487.56090551], v=[-6.58026023  1.30392049 -2.57081276]
  RK45_ECI: r=[ 7278.7703777    945.84906628 -2517.63493759], v=[-2.45462172  2.76970603 -6.13287534]
Epoch 323, t=2460388.39870091:
  TLE_ECI: r=[ 2893.38828942  2847.76458905 -6562.14114197], v=[-6.65854762  1.22738556 -2.40109235]
  RK45_ECI: r=[ 7262.21947603   967.28919617 -2557.46863758], v=[-2.49628589  2.7632299  -6.11875776]
Epoch 324, t=2460388.3987761736:
  TLE_ECI: r=[ 2691.16403817  2884.75679018 -6631.60146707], v=[-6.73157483  1.14982827 -2.22951022]
  RK45_ECI: r=[ 7245.38773158   988.67897764 -2597.20998089], v=[-2.53785125  2.75661559 -6.10441997]
Epoch 325, t=2460388.3988514366:
  TLE_ECI: r=[ 2486.81163123  2919.31141311 -6695.88802832], v=[-6.79928512  1.07131378 -2.05619969]
  RK45_ECI: r=[ 7228.2760528   1010.01710668 -2636.85697898], v=[-2.57931562  2.74986351 -6.08986273]
Epoch 326, t=2460388.3989267:
  TLE_ECI: r=[ 2280.49252189  2951.39976673 -6754.95099214], v=[-6.86162586  0.99190797 -1.88129534]
  RK45_ECI: r=[ 7210.88488559  1031.30285031 -2676.40876465], v=[-2.62067797  2.74297394 -6.0750864 ]
Epoch 327, t=2460388.3990019634:
  TLE_ECI: r=[ 2072.36971748  2980.99520172 -6808.74458041], v=[-6.91854865  0.91167748 -1.70493294]
  RK45_ECI: r=[ 7193.21492402  1052.53516164 -2715.86391421], v=[-2.66193671  2.73594724 -6.06009154]
Epoch 328, t=2460388.399077227:
  TLE_ECI: r=[ 1862.60761864  3008.07316251 -6857.22710373], v=[-6.97000926  0.83068956 -1.52724929]
  RK45_ECI: r=[ 7175.26703518  1073.71285087 -2755.22063866], v=[-2.70308985  2.72878383 -6.04487887]
Epoch 329, t=2460388.3991524903:
  TLE_ECI: r=[ 1651.37189962  3032.61119889 -6900.36099183], v=[-7.01596775  0.74901209 -1.34838216]
  RK45_ECI: r=[ 7157.04177203  1094.83506513 -2794.47789259], v=[-2.74413618  2.72148404 -6.02944883]
Epoch 330, t=2460388.3992277533:
  TLE_ECI: r=[ 1438.82938869  3054.58897932 -6938.11282092], v=[-7.05638842  0.66671348 -1.1684702 ]
  RK45_ECI: r=[ 7138.54011657  1115.90051739 -2833.63371297], v=[-2.78507356  2.71404834 -6.01380225]
Epoch 331, t=2460388.3993030167:
  TLE_ECI: r=[ 1225.14790275  3073.98832464 -6970.45333786], v=[-7.09123987  0.5838626  -0.9876528 ]
  RK45_ECI: r=[ 7119.76254931  1136.90848486 -2872.68724468], v=[-2.82590097  2.70647702 -5.99793949]
Epoch 332, t=2460388.39937828:
  TLE_ECI: r=[ 1010.49617106  3090.79319481 -6997.35748156], v=[-7.12049502  0.50052878 -0.80607001]
  RK45_ECI: r=[ 7100.70981875  1157.85793448 -2911.63708309], v=[-2.86661684  2.69877047 -5.98186117]
Epoch 333, t=2460388.3994535436:
  TLE_ECI: r=[  795.04366858  3104.98972052 -7018.80440103], v=[-7.1441311   0.41678173 -0.62386243]
  RK45_ECI: r=[ 7081.38285828  1178.74769323 -2950.48146341], v=[-2.90721922  2.69092915 -5.96556805]
Epoch 334, t=2460388.3995288066:
  TLE_ECI: r=[  578.96050315  3116.56620739 -7034.77747065], v=[-7.16212971  0.33269151 -0.44117113]
  RK45_ECI: r=[ 7061.78244552  1199.57673582 -2989.21899195], v=[-2.94770655  2.68295348 -5.94906076]
Epoch 335, t=2460388.39960407:
  TLE_ECI: r=[  362.41724732  3125.51315275 -7045.26430205], v=[-7.17447678  0.24832837 -0.25813752]
  RK45_ECI: r=[ 7041.90908462  1220.34434716 -3027.84882227], v=[-2.98807782  2.67484376 -5.9323397 ]
Epoch 336, t=2460388.3996793334:
  TLE_ECI: r=[  145.5848612   3131.82324076 -7050.25675336], v=[-7.18116264  0.16376284 -0.07490327]
  RK45_ECI: r=[ 7021.7638405   1241.04926171 -3066.36902277], v=[-3.02833093  2.66660052 -5.91540573]
Epoch 337, t=2460388.399754597:
  TLE_ECI: r=[  -71.36547601  3135.491357   -7049.75093497], v=[-7.18218194  0.07906561  0.10838983]
  RK45_ECI: r=[ 7001.34733175  1261.69064643 -3104.77857222], v=[-3.06846469  2.65822411 -5.89825936]
Epoch 338, t=2460388.3998298603:
  TLE_ECI: r=[ -288.26248922  3136.51459013 -7043.74721254], v=[-7.17753375e+00 -5.69256317e-03  2.91599913e-01]
  RK45_ECI: r=[ 6980.66055711  1282.26734601 -3143.07573154], v=[-3.10847719  2.64971502 -5.88090138]
Epoch 339, t=2460388.3999051233:
  TLE_ECI: r=[ -504.93493045  3134.89223561 -7032.25020677], v=[-7.1672215  -0.09044082  0.47458518]
  RK45_ECI: r=[ 6959.70434729  1302.77835098 -3181.25912806], v=[-3.14836689  2.64107371 -5.86333248]
Epoch 340, t=2460388.3999803867:
  TLE_ECI: r=[ -721.21174812  3130.62579121 -7015.26879009], v=[-7.15125299 -0.1751084   0.657204  ]
  RK45_ECI: r=[ 6938.47924009  1323.22295779 -3219.32792861], v=[-3.18813281  2.6323005  -5.84555305]
Epoch 341, t=2460388.40005565:
  TLE_ECI: r=[ -936.92216385  3123.7189625  -6992.8160805 ], v=[-7.12964039 -0.25962451  0.83931499]
  RK45_ECI: r=[ 6916.98637161  1343.59992101 -3257.28023082], v=[-3.22777287  2.62339594 -5.82756404]
Epoch 342, t=2460388.4001309136:
  TLE_ECI: r=[-1151.89584141  3114.17765624 -6964.90943209], v=[-7.10240024 -0.34391852  1.02077714]
  RK45_ECI: r=[ 6895.22640053  1363.90842117 -3295.11502976], v=[-3.26728592  2.61436043 -5.80936595]
Epoch 343, t=2460388.400206177:
  TLE_ECI: r=[-1365.96300931  3102.00997647 -6931.57042261], v=[-7.06955343 -0.42791997  1.20144989]
  RK45_ECI: r=[ 6873.20038985  1384.14732214 -3332.83061358], v=[-3.30667007  2.60519449 -5.79095965]
Epoch 344, t=2460388.40028144:
  TLE_ECI: r=[-1578.95458309  3087.22622288 -6892.82483804], v=[-7.03112518 -0.5115586   1.38119328]
  RK45_ECI: r=[ 6850.90922246  1404.31563157 -3370.42563181], v=[-3.3459238   2.5958986  -5.77234583]
Epoch 345, t=2460388.4003567034:
  TLE_ECI: r=[-1790.70233274  3069.83886496 -6848.7026539 ], v=[-6.98714505 -0.5947645   1.55986798]
  RK45_ECI: r=[ 6828.35346922  1424.41265807 -3407.89926528], v=[-3.38504616  2.58647311 -5.75352493]
Epoch 346, t=2460388.400431967:
  TLE_ECI: r=[-2001.0389586   3049.86255797 -6799.23801382], v=[-6.93764689 -0.67746803  1.73733546]
  RK45_ECI: r=[ 6805.53433617  1444.43717766 -3445.24964252], v=[-3.42403511  2.57691861 -5.73449794]
Epoch 347, t=2460388.4005072303:
  TLE_ECI: r=[-2209.79825774  3027.31411493 -6744.46920474], v=[-6.88266886 -0.75959998  1.91345805]
  RK45_ECI: r=[ 6782.45252136  1464.38838548 -3482.47577573], v=[-3.46288951  2.56723551 -5.7152654 ]
Epoch 348, t=2460388.4005824937:
  TLE_ECI: r=[-2416.81524422  3002.21249733 -6684.43862929], v=[-6.82225336 -0.84109157  2.08809905]
  RK45_ECI: r=[ 6759.10915092  1484.26516586 -3519.57598184], v=[-3.50160751  2.55742438 -5.6958282 ]
Epoch 349, t=2460388.4006577567:
  TLE_ECI: r=[-2621.92626857  2974.57880809 -6619.19277505], v=[-6.75644704 -0.92187453  2.26112285]
  RK45_ECI: r=[ 6735.50515896  1504.06654453 -3556.54893372], v=[-3.54018762  2.54748573 -5.67618708]
Epoch 350, t=2460388.40073302:
  TLE_ECI: r=[-2824.96918079  2944.43624466 -6548.7821807 ], v=[-6.68530075 -1.00188117  2.432395  ]
  RK45_ECI: r=[ 6711.64114875  1523.79184298 -3593.3938269 ], v=[-3.57862891  2.53741992 -5.65634252]
Epoch 351, t=2460388.4008082836:
  TLE_ECI: r=[-3025.78340425  2911.81012502 -6473.26139936], v=[-6.60886951 -1.08104441  2.60178234]
  RK45_ECI: r=[ 6687.518395    1543.43986033 -3630.10882244], v=[-3.61692938  2.52722758 -5.63629553]
Epoch 352, t=2460388.400883547:
  TLE_ECI: r=[-3224.21009663  2876.7278388  -6392.68895876], v=[-6.5272125  -1.15929779  2.76915307]
  RK45_ECI: r=[ 6663.13763433  1563.00980716 -3666.69295054], v=[-3.6550879   2.51690915 -5.61604667]
Epoch 353, t=2460388.40095881:
  TLE_ECI: r=[-3420.09225733  2839.2188427  -6307.12731842], v=[-6.44039299 -1.23657561  2.93437688]
  RK45_ECI: r=[ 6638.50017222  1582.50049322 -3703.14438759], v=[-3.6931025   2.50646529 -5.595597  ]
Epoch 354, t=2460388.4010340734:
  TLE_ECI: r=[-3613.27488446  2799.31459758 -6216.64282386], v=[-6.34847829 -1.31281298  3.09732503]
  RK45_ECI: r=[ 6613.60664087  1601.9112518  -3739.46234322], v=[-3.73097224  2.49589637 -5.574947  ]
Epoch 355, t=2460388.401109337:
  TLE_ECI: r=[-3803.60504649  2757.04860183 -6121.30565796], v=[-6.25153976 -1.38794577  3.25787045]
  RK45_ECI: r=[ 6588.45802738  1621.24112987 -3775.64551607], v=[-3.76869568  2.48520293 -5.55409745]
Epoch 356, t=2460388.4011846003:
  TLE_ECI: r=[-3990.93203675  2712.45632633 -6021.18978919], v=[-6.14965271 -1.46191077  3.41588784]
  RK45_ECI: r=[ 6563.05555643  1640.48904692 -3811.69227209], v=[-3.80627103  2.47438559 -5.5330493 ]
Epoch 357, t=2460388.4012598637:
  TLE_ECI: r=[-4175.10748421  2665.57519561 -5916.37291701], v=[-6.04289637 -1.53464569  3.5712538 ]
  RK45_ECI: r=[ 6537.40000242  1659.65422977 -3847.60166031], v=[-3.8436972   2.46344482 -5.51180317]
Epoch 358, t=2460388.4013351267:
  TLE_ECI: r=[-4355.98546356  2616.4445706  -5806.93641436], v=[-5.93135386 -1.60608923  3.72384684]
  RK45_ECI: r=[ 6511.49273753  1678.73551319 -3883.37189195], v=[-3.88097224  2.45238129 -5.49036014]
Epoch 359, t=2460388.40141039:
  TLE_ECI: r=[-4533.42264214  2565.10566648 -5692.96526718], v=[-5.81511208 -1.67618116  3.87354759]
  RK45_ECI: r=[ 6485.33442508  1697.73224475 -3919.00219265], v=[-3.91809526  2.44119541 -5.46872072]
Epoch 360, t=2460388.4014856536:
  TLE_ECI: r=[-4707.27834762  2511.6015947  -5574.5480112 ], v=[-5.69426168 -1.7448623   4.02023879]
  RK45_ECI: r=[ 6458.92610124  1716.64349172 -3954.49128672], v=[-3.95506482  2.42988775 -5.44688571]
Epoch 361, t=2460388.401560917:
  TLE_ECI: r=[-4877.41471174  2455.97727853 -5451.77666581], v=[-5.56889702 -1.81207462  4.16380546]
  RK45_ECI: r=[ 6432.26905062  1735.46819725 -3989.83757258], v=[-3.99187919  2.41845896 -5.42485614]
Epoch 362, t=2460388.4016361805:
  TLE_ECI: r=[-5043.69677298  2398.27942896 -5324.74666511], v=[-5.43911607 -1.8777613   4.30413494]
  RK45_ECI: r=[ 6405.36408454  1754.2056054  -4025.04011888], v=[-4.0285373   2.40690952 -5.40263261]
Epoch 363, t=2460388.4017114434:
  TLE_ECI: r=[-5205.99257806  2338.55652238 -5193.55678629], v=[-5.30502036 -1.94186671  4.44111704]
  RK45_ECI: r=[ 6378.21264047  1772.85457715 -4060.09717327], v=[-4.06503724  2.39524015 -5.38021627]
Epoch 364, t=2460388.401786707:
  TLE_ECI: r=[-5364.17331602  2276.8587004  -5058.3090751 ], v=[-5.16671489 -2.00433658  4.57464405]
  RK45_ECI: r=[ 6350.81541214  1791.41447485 -4095.00797799], v=[-4.10137814  2.38345128 -5.35760765]
Epoch 365, t=2460388.4018619703:
  TLE_ECI: r=[-5518.11338061  2213.23781901 -4919.10876889], v=[-5.02430806 -2.06511794  4.70461092]
  RK45_ECI: r=[ 6323.17348366  1809.88438746 -4129.77128412], v=[-4.13755861  2.37154349 -5.33480757]
Epoch 366, t=2460388.4019372337:
  TLE_ECI: r=[-5667.69049999  2147.74734682 -4776.06421675], v=[-4.87791162 -2.12415918  4.83091526]
  RK45_ECI: r=[ 6295.28819819  1828.26328298 -4164.38552394], v=[-4.17357693  2.35951748 -5.31181711]
Epoch 367, t=2460388.402012497:
  TLE_ECI: r=[-5812.78582903  2080.44233616 -4629.28679719], v=[-4.72764056 -2.18141016  4.95345751]
  RK45_ECI: r=[ 6267.16040323  1846.55042307 -4198.84978651], v=[-4.20943208  2.34737375 -5.28863691]
Epoch 368, t=2460388.40208776:
  TLE_ECI: r=[-5953.28404041  2011.37939469 -4478.89083321], v=[-4.57361301 -2.23682219  5.07214094]
  RK45_ECI: r=[ 6238.79159991  1864.74469668 -4233.16235738], v=[-4.24512219  2.33511305 -5.26526814]
Epoch 369, t=2460388.4021630236:
  TLE_ECI: r=[-6089.07344235  1940.61657038 -4324.99350485], v=[-4.41595019 -2.29034812  5.18687181]
  RK45_ECI: r=[ 6210.18251164  1882.84548156 -4267.32249606], v=[-4.28064641  2.32273583 -5.24171135]
Epoch 370, t=2460388.402238287:
  TLE_ECI: r=[-6220.04603442  1868.2134061  -4167.71475941], v=[-4.25477629 -2.34194235  5.2975594 ]
  RK45_ECI: r=[ 6181.33426939  1900.85188918 -4301.32898142], v=[-4.31600337  2.3102427  -5.21796742]
Epoch 371, t=2460388.4023135505:
  TLE_ECI: r=[-6346.09762023  1794.23082239 -4007.17721909], v=[-4.09021841 -2.39156086  5.4041161 ]
  RK45_ECI: r=[ 6152.24827349  1918.76291348 -4335.18028098], v=[-4.35119143  2.29763438 -5.19403745]
Epoch 372, t=2460388.4023888134:
  TLE_ECI: r=[-6467.12788219  1718.7311027  -3843.50608651], v=[-3.92240641 -2.43916131  5.5064575 ]
  RK45_ECI: r=[ 6122.9255461   1936.57774727 -4368.87534717], v=[-4.38620939  2.28491146 -5.1699222 ]
Epoch 373, t=2460388.402464077:
  TLE_ECI: r=[-6583.04048477  1641.77776601 -3676.82904776], v=[-3.75147286 -2.48470305  5.60450246]
  RK45_ECI: r=[ 6093.36723203  1954.29557132 -4402.41297822], v=[-4.42105594  2.27207454 -5.14562258]
Epoch 374, t=2460388.4025393403:
  TLE_ECI: r=[-6693.74312321  1563.4356269  -3507.27617347], v=[-3.57755291 -2.52814711  5.69817316]
  RK45_ECI: r=[ 6063.57436615  1971.91558558 -4435.7921345 ], v=[-4.45572992  2.25912421 -5.12113936]
Epoch 375, t=2460388.4026146038:
  TLE_ECI: r=[-6799.14762107  1483.77066621 -3334.97981763], v=[-3.40078418 -2.56945631  5.78739519]
  RK45_ECI: r=[ 6033.54839349  1989.4368057  -4469.01131263], v=[-4.49022968  2.24606122 -5.09647369]
Epoch 376, t=2460388.402689867:
  TLE_ECI: r=[-6899.16999828  1402.84999464 -3160.07451437], v=[-3.2213067  -2.60859526  5.87209762]
  RK45_ECI: r=[ 6003.2903622   2006.85845966 -4502.0694855 ], v=[-4.5245541   2.23288615 -5.07162636]
Epoch 377, t=2460388.40276513:
  TLE_ECI: r=[-6993.73053727  1320.7418168  -2982.69687285], v=[-3.03926272 -2.64553037  5.95221305]
  RK45_ECI: r=[ 5972.80147013  2024.17969329 -4534.96547492], v=[-4.55870185  2.21959968 -5.04659828]
Epoch 378, t=2460388.4028403936:
  TLE_ECI: r=[-7082.75386536  1237.51529229 -2802.98547019], v=[-2.85479664 -2.68022997  6.02767769]
  RK45_ECI: r=[ 5942.08290625  2041.3997099  -4567.69810863], v=[-4.59267166  2.20620242 -5.02139039]
Epoch 379, t=2460388.402915657:
  TLE_ECI: r=[-7166.16899394  1153.24059922 -2621.08074269], v=[-2.66805492 -2.71266422  6.0984314 ]
  RK45_ECI: r=[ 5911.13574473  2058.51773188 -4600.26637292], v=[-4.62646239  2.19269499 -4.99600348]
Epoch 380, t=2460388.4029909205:
  TLE_ECI: r=[-7243.90939424  1067.98879412 -2437.1248753 ], v=[-2.47918591 -2.74280523  6.16441773]
  RK45_ECI: r=[ 5879.96148517  2075.53280285 -4632.66880196], v=[-4.66007246  2.17907816 -4.97043874]
Epoch 381, t=2460388.403066184:
  TLE_ECI: r=[-7315.91304917   981.83177201 -2251.26168945], v=[-2.28833975 -2.77062705  6.22558404]
  RK45_ECI: r=[ 5848.56107112  2092.44423892 -4664.90454585], v=[-4.69350091  2.16535249 -4.94469686]
Epoch 382, t=2460388.403141447:
  TLE_ECI: r=[-7382.122503     894.84222693 -2063.63652946], v=[-2.09566827 -2.7961057   6.28188145]
  RK45_ECI: r=[ 5816.93617401  2109.25101249 -4696.97200403], v=[-4.726746    2.15151883 -4.91877916]
Epoch 383, t=2460388.4032167103:
  TLE_ECI: r=[-7442.48492062   807.09350384 -1874.39614739], v=[-1.9013248  -2.8192192   6.33326498]
  RK45_ECI: r=[ 5785.08759589  2125.95254885 -4728.87048746], v=[-4.75980696  2.13757768 -4.89268622]
Epoch 384, t=2460388.4032919738:
  TLE_ECI: r=[-7496.9521157    718.65966574 -1683.68858674], v=[-1.70546414 -2.83994759  6.37969352]
  RK45_ECI: r=[ 5753.01659251  2142.54802722 -4760.59885828], v=[-4.79268252  2.12352971 -4.866419  ]
Epoch 385, t=2460388.403367237:
  TLE_ECI: r=[-7545.4806028    629.61534447 -1491.66306483], v=[-1.50824232 -2.85827294  6.42112992]
  RK45_ECI: r=[ 5720.72471647  2159.0365203  -4792.15568943], v=[-4.82537114  2.10937573 -4.83997872]
Epoch 386, t=2460388.4034425:
  TLE_ECI: r=[-7588.0316298    540.03572079 -1298.46985406], v=[-1.30981658 -2.87417938  6.457541  ]
  RK45_ECI: r=[ 5688.21324665  2175.41722051 -4823.53986039], v=[-4.8578716   2.09511645 -4.81336634]
Epoch 387, t=2460388.4035177636:
  TLE_ECI: r=[-7624.57121747   449.99637137 -1104.26016227], v=[-1.11034514 -2.8876531   6.48889758]
  RK45_ECI: r=[ 5655.48300346  2191.68956615 -4854.75069522], v=[-4.89018312  2.08075237 -4.78658247]
Epoch 388, t=2460388.403593027:
  TLE_ECI: r=[-7655.07017809   359.57333729  -909.18601209], v=[-0.90998713 -2.8986824   6.51517451]
  RK45_ECI: r=[ 5622.53572417  2207.85256669 -4885.78664299], v=[-4.92230404  2.06628437 -4.75962846]
Epoch 389, t=2460388.4036682905:
  TLE_ECI: r=[-7679.50414747   268.84297038  -713.40011962], v=[-0.70890244 -2.90725765  6.5363507 ]
  RK45_ECI: r=[ 5589.37240375  2223.90557197 -4916.6468912 ], v=[-4.95423343  2.05171304 -4.73250505]
Epoch 390, t=2460388.403743554:
  TLE_ECI: r=[-7697.85360396   177.88189002  -517.0557724 ], v=[-0.50725159 -2.91337135  6.55240915]
  RK45_ECI: r=[ 5555.99464629  2239.84768481 -4947.33005276], v=[-4.98596981  2.0370392  -4.70521349]
Epoch 391, t=2460388.403818817:
  TLE_ECI: r=[-7710.10388484    86.76694009  -320.30670678], v=[-0.30519556 -2.91701809  6.56333694]
  RK45_ECI: r=[ 5522.40377208  2255.67812409 -4977.83503926], v=[-5.01751197  2.02226359 -4.67775477]
Epoch 392, t=2460388.4038940803:
  TLE_ECI: r=[-7.71624520e+03 -4.42496730e+00 -1.23306985e+02], v=[-0.10289569 -2.91819461  6.56912525]
  RK45_ECI: r=[ 5488.60062747  2271.39634653 -5008.16119452], v=[-5.04885918  2.00738673 -4.65012951]
Epoch 393, t=2460388.4039693438:
  TLE_ECI: r=[-7716.27263939   -95.61678207    73.78912836], v=[ 0.09948646 -2.91689975  6.5697694 ]
  RK45_ECI: r=[ 5454.58700537  2287.00139495 -5038.30701244], v=[-5.08000983  1.99240952 -4.62233912]
Epoch 394, t=2460388.404044607:
  TLE_ECI: r=[-7710.1861764   -186.73147315   270.82728951], v=[ 0.30178927 -2.91313449  6.56526881]
  RK45_ECI: r=[ 5420.36393153  2302.49264134 -5068.2717047 ], v=[-5.11096301  1.97733257 -4.59438434]
Epoch 395, t=2460388.4041198706:
  TLE_ECI: r=[-7697.99067024  -277.69207083   467.65319946], v=[ 0.50385117 -2.90690192  6.55562702]
  RK45_ECI: r=[ 5385.93305993  2317.86921936 -5098.05392536], v=[-5.1417173   1.96215674 -4.56626646]
Epoch 396, t=2460388.4041951336:
  TLE_ECI: r=[-7679.69586164  -368.42171153   664.11272742], v=[ 0.70551079 -2.89820726  6.5408517 ]
  RK45_ECI: r=[ 5351.29575093  2333.1303753  -5127.65261902], v=[-5.17227153  1.94688278 -4.5379865 ]
Epoch 397, t=2460388.404270397:
  TLE_ECI: r=[-7655.31636087  -458.84379317   860.05203419], v=[ 0.90660712 -2.88705786  6.52095461]
  RK45_ECI: r=[ 5316.45287593  2348.27558494 -5157.06714978], v=[-5.20262498  1.93151122 -4.5095451 ]
Epoch 398, t=2460388.4043456605:
  TLE_ECI: r=[-7624.87164113  -548.88190567  1055.31769541], v=[ 1.10697961 -2.87346316  6.49595164]
  RK45_ECI: r=[ 5281.40628162  2363.30392563 -5186.29605762], v=[-5.2327761  1.916043  -4.4809437]
Epoch 399, t=2460388.404420924:
  TLE_ECI: r=[-7588.3860186   -638.45998654  1249.75682422], v=[ 1.30646831 -2.85743471  6.46586274]
  RK45_ECI: r=[ 5246.15702366  2378.21479161 -5215.33857904], v=[-5.26272403  1.90047875 -4.45218306]
Epoch 400, t=2460388.4044961873:
  TLE_ECI: r=[-7545.88863269  -727.50236397  1443.21719361], v=[ 1.50491404 -2.83898615  6.43071193]
  RK45_ECI: r=[ 5210.70680406  2393.00734899 -5244.1934104 ], v=[-5.29246737  1.88481934 -4.42326451]
Epoch 401, t=2460388.4045714503:
  TLE_ECI: r=[-7497.41342378  -815.93379909  1635.54735798], v=[ 1.70215848 -2.8181332   6.39052727]
  RK45_ECI: r=[ 5175.05702195  2407.68087202 -5272.85953013], v=[-5.32200501  1.86906556 -4.39418909]
Epoch 402, t=2460388.4046467138:
  TLE_ECI: r=[-7442.99909526  -903.67963869  1826.59677408], v=[ 1.89804436 -2.79489362  6.34534086]
  RK45_ECI: r=[ 5139.20857292  2422.23485599 -5301.33632314], v=[-5.35133626  1.85321794 -4.36495745]
Epoch 403, t=2460388.404721977:
  TLE_ECI: r=[-7382.68909438  -990.66574658  2016.21592108], v=[ 2.09241551 -2.76928725  6.29518874]
  RK45_ECI: r=[ 5103.16335561  2436.66841375 -5329.62237669], v=[-5.3804596   1.83727745 -4.33557108]
Epoch 404, t=2460388.4047972406:
  TLE_ECI: r=[-7316.53156679 -1076.81865534  2204.25641961], v=[ 2.28511708 -2.74133593  6.24011096]
  RK45_ECI: r=[ 5066.92245436  2450.98096287 -5357.71695274], v=[-5.40937423  1.82124474 -4.30603075]
Epoch 405, t=2460388.4048725036:
  TLE_ECI: r=[-7244.57932144 -1162.06558549  2390.57114986], v=[ 2.47599558 -2.7110635   6.18015143]
  RK45_ECI: r=[ 5030.48779086  2465.17163248 -5385.61866049], v=[-5.43807865  1.80512079 -4.27633796]
Epoch 406, t=2460388.404947767:
  TLE_ECI: r=[-7166.88977274 -1246.33459277  2575.01436838], v=[ 2.66489912 -2.6784958   6.11535798]
  RK45_ECI: r=[ 4993.86028199  2479.23993535 -5413.32690454], v=[-5.4665722   1.78890616 -4.24649337]
Epoch 407, t=2460388.4050230305:
  TLE_ECI: r=[-7083.52491194 -1329.55450112  2757.44182371], v=[ 2.85167742 -2.64366061  6.04578225]
  RK45_ECI: r=[ 4957.04136615  2493.18517721 -5440.84069961], v=[-5.49485381  1.77260164 -4.21649806]
Epoch 408, t=2460388.405098294:
  TLE_ECI: r=[-6994.55124206 -1411.6550489   2937.71087051], v=[ 3.03618201 -2.60658764  5.97147965]
  RK45_ECI: r=[ 4920.03281886  2507.00657732 -5468.1588119 ], v=[-5.52292216  1.75620814 -4.18635339]
Epoch 409, t=2460388.4051735573:
  TLE_ECI: r=[-6900.03972536 -1492.56692685  3115.68058237], v=[ 3.2182663  -2.56730851  5.89250935]
  RK45_ECI: r=[ 4882.83575206  2520.70357709 -5495.28052941], v=[-5.55077647  1.73972634 -4.15606018]
Epoch 410, t=2460388.4052488203:
  TLE_ECI: r=[-6800.06572848 -1572.22181663  3291.21186288], v=[ 3.39778575 -2.52585671  5.80893418]
  RK45_ECI: r=[ 4845.4521367   2534.27534245 -5522.20451033], v=[-5.5784153   1.72315723 -4.12561995]
Epoch 411, t=2460388.4053240838:
  TLE_ECI: r=[-6694.7089411  -1650.55252923  3464.16755508], v=[ 3.57459796 -2.48226755  5.72082058]
  RK45_ECI: r=[ 4807.88291202  2547.7214068  -5548.93018097], v=[-5.60583802  1.70650139 -4.09503337]
Epoch 412, t=2460388.405399347:
  TLE_ECI: r=[-6584.05333651 -1727.49294038  3634.41254927], v=[ 3.74856277 -2.43657815  5.62823858]
  RK45_ECI: r=[ 4770.12955221  2561.04110554 -5575.45659155], v=[-5.63304361  1.68975963 -4.06430155]
Epoch 413, t=2460388.4054746106:
  TLE_ECI: r=[-6468.18708385 -1802.97812727  3801.81388876], v=[ 3.91954242 -2.38882743  5.53126167]
  RK45_ECI: r=[ 4732.19387647  2574.23369227 -5601.78255328], v=[-5.66003079  1.67293289 -4.03342589]
Epoch 414, t=2460388.405549874:
  TLE_ECI: r=[-6347.20247922 -1876.94440269  3966.24087385], v=[ 4.0874016  -2.339056    5.42996681]
  RK45_ECI: r=[ 4694.07702325  2587.2986328  -5627.90738073], v=[-5.68679881  1.65602185 -4.00240722]
Epoch 415, t=2460388.405625137:
  TLE_ECI: r=[-6221.19587483 -1949.32935016  4127.56516372], v=[ 4.25200759 -2.2873062   5.32443429]
  RK45_ECI: r=[ 4655.78101068  2600.235131   -5653.82978223], v=[-5.71334631  1.63902753 -3.97124708]
Epoch 416, t=2460388.4057004005:
  TLE_ECI: r=[-6090.2675766  -2020.07194956  4285.66087622], v=[ 4.41323037 -2.233622    5.2147477 ]
  RK45_ECI: r=[ 4617.30679955  2613.04274114 -5679.5492062 ], v=[-5.73967267  1.62195053 -3.93994617]
Epoch 417, t=2460388.405775664:
  TLE_ECI: r=[-5954.52179498 -2089.11251734  4440.40468555], v=[ 4.5709427  -2.17804899  5.10099387]
  RK45_ECI: r=[ 4578.65589832  2625.72082909 -5705.06473915], v=[-5.7657769   1.60479167 -3.90850562]
Epoch 418, t=2460388.4058509273:
  TLE_ECI: r=[-5814.06653692 -2156.39283032  4591.67591763], v=[ 4.72502024 -2.12063435  4.98326273]
  RK45_ECI: r=[ 4539.83016807  2638.26868362 -5730.37523828], v=[-5.7916578   1.58755191 -3.87692685]
Epoch 419, t=2460388.405926191:
  TLE_ECI: r=[-5669.01352263 -2221.85615542  4739.35664322], v=[ 4.87534162 -2.06142678  4.86164732]
  RK45_ECI: r=[ 4500.83077261  2650.68579549 -5755.48004526], v=[-5.81731465  1.57023195 -3.84521071]
Epoch 420, t=2460388.4060014538:
  TLE_ECI: r=[-5519.47810058 -2285.44728059  4883.3317686 ], v=[ 5.02178853 -2.00047647  4.73624362]
  RK45_ECI: r=[ 4461.6597753   2662.97140738 -5780.37791961], v=[-5.84274613  1.55283285 -3.81335879]
Epoch 421, t=2460388.406076717:
  TLE_ECI: r=[-5365.57912682 -2347.11262534  5023.48912388], v=[ 5.16424586 -1.93783504  4.60715055]
  RK45_ECI: r=[ 4422.31815748  2675.12509492 -5805.06833229], v=[-5.86795166  1.53535518 -3.78137178]
Epoch 422, t=2460388.4061519806:
  TLE_ECI: r=[-5207.43890751 -2406.80018664  5159.71954879], v=[ 5.30260172 -1.8735555   4.47446982]
  RK45_ECI: r=[ 4382.80746047  2687.14625499 -5829.55040683], v=[-5.89293031  1.51779982 -3.74925083]
Epoch 423, t=2460388.406227244:
  TLE_ECI: r=[-5045.18307312 -2464.45964796  5291.91697595], v=[ 5.43674757 -1.80769223  4.33830589]
  RK45_ECI: r=[ 4343.12958525  2699.03421255 -5853.82304734], v=[-5.91768091  1.50016773 -3.71699741]
Epoch 424, t=2460388.406302507:
  TLE_ECI: r=[-4878.94049074 -2520.04238895  5419.97851152], v=[ 5.56657825 -1.74030091  4.19876585]
  RK45_ECI: r=[ 4303.28590923  2710.78842579 -5877.88551071], v=[-5.94220266  1.48245971 -3.68461251]
Epoch 425, t=2460388.4063777705:
  TLE_ECI: r=[-4708.84313008 -2573.50158373  5543.80451312], v=[ 5.69199212 -1.67143844  4.05595935]
  RK45_ECI: r=[ 4263.27797112  2722.40835065 -5901.73694592], v=[-5.96649466  1.46467658 -3.65209732]
Epoch 426, t=2460388.406453034:
  TLE_ECI: r=[-4535.02600101 -2624.79215118  5663.29866529], v=[ 5.81289108 -1.60116294  3.90999852]
  RK45_ECI: r=[ 4223.10715681  2733.89345514 -5925.37662005], v=[-5.99055611  1.44681913 -3.61945283]
Epoch 427, t=2460388.4065282973:
  TLE_ECI: r=[-4357.62701573 -2673.87085062  5778.36805203], v=[ 5.92918065 -1.52953368  3.76099785]
  RK45_ECI: r=[ 4182.77539806  2745.24309339 -5948.80347541], v=[-6.01438592  1.42888836 -3.58668053]
Epoch 428, t=2460388.406603561:
  TLE_ECI: r=[-4176.78688541 -2720.69630192  5888.92322658], v=[ 6.04077007 -1.45661104  3.60907411]
  RK45_ECI: r=[ 4142.28408571  2756.45675926 -5972.01679529], v=[-6.0379833   1.41088505 -3.55378144]
Epoch 429, t=2460388.4066788238:
  TLE_ECI: r=[-3992.64901537 -2765.2290076   5994.87827853], v=[ 6.14757232 -1.38245645  3.45434626]
  RK45_ECI: r=[ 4101.63480667  2767.53389638 -5995.01575923], v=[-6.06134737  1.39281009 -3.52075674]
Epoch 430, t=2460388.406754087:
  TLE_ECI: r=[-3805.35935851 -2807.4314319   6096.15089791], v=[ 6.24950419 -1.30713228  3.29693535]
  RK45_ECI: r=[ 4060.82912949  2778.47399091 -6017.79955439], v=[-6.0844773   1.37466429 -3.48760762]
Epoch 431, t=2460388.4068293506:
  TLE_ECI: r=[-3615.0663471  -2847.26795917  6192.66243659], v=[ 6.34648637 -1.23070191  3.13696444]
  RK45_ECI: r=[ 4019.86846645  2789.2765404  -6040.36748113], v=[-6.10737232  1.35644848 -3.45433511]
Epoch 432, t=2460388.406904614:
  TLE_ECI: r=[-3421.92074284 -2884.70497101  6284.33796673], v=[ 6.43844345 -1.15322959  2.97455846]
  RK45_ECI: r=[ 3978.75478595  2799.94093622 -6062.71853025], v=[-6.13003137  1.33816367 -3.42094071]
Epoch 433, t=2460388.4069798775:
  TLE_ECI: r=[-3226.07552527 -2919.71086102  6371.10633623], v=[ 6.52530402 -1.07478039  2.80984419]
  RK45_ECI: r=[ 3937.48950439  2810.46670147 -6084.85201859], v=[-6.15245373  1.31981065 -3.38742546]
Epoch 434, t=2460388.4070551405:
  TLE_ECI: r=[-3027.68577938 -2952.25605111  6452.90022138], v=[ 6.60700067 -0.9954202   2.64295006]
  RK45_ECI: r=[ 3896.07423772  2820.85331229 -6106.7671644 ], v=[-6.17463857  1.30139033 -3.35379056]
Epoch 435, t=2460388.407130404:
  TLE_ECI: r=[-2826.90853872 -2982.3130515   6529.6561764 ], v=[ 6.68347009 -0.91521557  2.47400613]
  RK45_ECI: r=[ 3854.51058274  2831.10028581 -6128.46319366], v=[-6.19658507  1.28290354 -3.32003722]
Epoch 436, t=2460388.4072056673:
  TLE_ECI: r=[-2623.90271332 -3009.85642723  6601.31468017], v=[ 6.75465307 -0.83423379  2.30314398]
  RK45_ECI: r=[ 3812.79997674  2841.20714953 -6149.93944054], v=[-6.21829253  1.26435112 -3.28616649]
Epoch 437, t=2460388.407280931:
  TLE_ECI: r=[-2418.82893037 -3034.86285604  6667.82017986], v=[ 6.82049453 -0.75254274  2.13049656]
  RK45_ECI: r=[ 3770.94442282  2851.17333289 -6171.19494515], v=[-6.23975995  1.24573408 -3.25217988]
Epoch 438, t=2460388.407356194:
  TLE_ECI: r=[-2211.84941699 -3057.3111371   6729.12113155], v=[ 6.88094361 -0.67021087  1.95619816]
  RK45_ECI: r=[ 3728.94517054  2860.99842598 -6192.22915666], v=[-6.26098673  1.22705318 -3.21807831]
Epoch 439, t=2460388.407431457:
  TLE_ECI: r=[-2003.12788198 -3077.18220214  6785.17003793], v=[ 6.93595363 -0.58730714  1.78038426]
  RK45_ECI: r=[ 3686.80443654  2870.68182576 -6213.04103797], v=[-6.2819718   1.20830954 -3.18386346]
Epoch 440, t=2460388.4075067206:
  TLE_ECI: r=[-1792.8293519  -3094.4591548   6835.92348275], v=[ 6.98548217 -0.50390094  1.60319143]
  RK45_ECI: r=[ 3644.52327102  2880.22319319 -6233.63014913], v=[-6.30271468  1.1895038  -3.14953608]
Epoch 441, t=2460388.407581984:
  TLE_ECI: r=[-1581.12009626 -3109.12724656  6881.34216256], v=[ 7.02949111 -0.42006208  1.42475725]
  RK45_ECI: r=[ 3602.10332596  2889.62204887 -6253.99576044], v=[-6.32321461  1.17063686 -3.11509739]
Epoch 442, t=2460388.4076572475:
  TLE_ECI: r=[-1368.16746209 -3121.17391387  6921.3909151 ], v=[ 7.06794658 -0.33586072  1.24522021]
  RK45_ECI: r=[ 3559.54663738  2898.87786062 -6274.13696212], v=[-6.34347065  1.15170979 -3.08054895]
Epoch 443, t=2460388.4077325105:
  TLE_ECI: r=[-1154.13976167 -3130.58877825  6956.03874483], v=[ 7.10081906 -0.2513673   1.06471959]
  RK45_ECI: r=[ 3516.85487129  2907.99016647 -6294.05304675], v=[-6.36348205  1.13272349 -3.04589198]
Epoch 444, t=2460388.407807774:
  TLE_ECI: r=[ -939.20610519 -3137.3636687   6985.25884519], v=[ 7.12808334 -0.16665246  0.88339536]
  RK45_ECI: r=[ 3474.02908881  2916.95864412 -6313.74359057], v=[-6.38324836  1.11367861 -3.01112724]
Epoch 445, t=2460388.4078830373:
  TLE_ECI: r=[ -723.53632438 -3141.49260567  7009.0286181 ], v=[ 7.14971858 -0.08178704  0.70138809]
  RK45_ECI: r=[ 3431.07154672  2925.78273929 -6333.20762022], v=[-6.40276858  1.09457629 -2.97625646]
Epoch 446, t=2460388.407958301:
  TLE_ECI: r=[ -507.30080416 -3142.9718214   7027.32969011], v=[7.16570830e+00 3.15798555e-03 5.18838838e-01]
  RK45_ECI: r=[ 3387.9835254   2934.46208589 -6352.44463197], v=[-6.42204217  1.0754173  -2.94128054]
Epoch 447, t=2460388.408033564:
  TLE_ECI: r=[ -290.67035964 -3141.79975883  7040.1479256 ], v=[7.17604039 0.08811161 0.33588905]
  RK45_ECI: r=[ 3344.7670916   2942.99619103 -6371.45376684], v=[-6.44106825  1.0562027  -2.90620106]
Epoch 448, t=2460388.408108827:
  TLE_ECI: r=[  -73.81611314 -3137.97707256  7047.4734369 ], v=[7.18070709 0.17300277 0.15268047]
  RK45_ECI: r=[ 3301.42393583  2951.38462674 -6390.23435782], v=[-6.45984612  1.03693342 -2.87101928]
Epoch 449, t=2460388.4081840906:
  TLE_ECI: r=[  143.09067509 -3131.50663001  7049.30059124], v=[ 7.17970507  0.25776054 -0.03064501]
  RK45_ECI: r=[ 3257.95513429  2959.62709423 -6408.78600559], v=[-6.47837537  1.01761011 -2.83573594]
Epoch 450, t=2460388.408259354:
  TLE_ECI: r=[  359.87868429 -3122.39350574  7045.62801485], v=[ 7.17303536  0.34231403 -0.21394537]
  RK45_ECI: r=[ 3214.36297647  2967.72308221 -6427.10779336], v=[-6.49665505  0.99823393 -2.80035281]
Epoch 451, t=2460388.4083346175:
  TLE_ECI: r=[  576.37670256 -3110.64498041  7036.45859367], v=[ 7.16070337  0.4265925  -0.39707865]
  RK45_ECI: r=[ 3170.64876041  2975.67225253 -6445.19924732], v=[-6.51468466  0.97880566 -2.7648708 ]
Epoch 452, t=2460388.408409881:
  TLE_ECI: r=[  792.41375003 -3096.27053418  7021.79947124], v=[ 7.14271888  0.51052548 -0.579903  ]
  RK45_ECI: r=[ 3126.81458174  2983.47415192 -6463.05956003], v=[-6.53246339  0.95932636 -2.72929152]
Epoch 453, t=2460388.408485144:
  TLE_ECI: r=[ 1007.81920217 -3079.28184223  7001.66204339], v=[ 7.11909608  0.5940427  -0.76227679]
  RK45_ECI: r=[ 3082.86215383  2991.12838692 -6480.68810538], v=[-6.54999057  0.93979698 -2.69361622]
Epoch 454, t=2460388.4085604073:
  TLE_ECI: r=[ 1222.42295813 -3059.69275457  6976.06194978], v=[ 7.08985348  0.67707431 -0.94405875]
  RK45_ECI: r=[ 3038.79256678  2998.63468264 -6498.08450878], v=[-6.56726583  0.92021818 -2.65784567]
Epoch 455, t=2460388.408635671:
  TLE_ECI: r=[ 1436.05551796 -3037.51930076  6945.01906261], v=[ 7.05501396  0.75955075 -1.125108  ]
  RK45_ECI: r=[ 2994.60814063  3005.99257139 -6515.24791074], v=[-6.58428828  0.90059115 -2.62198164]
Epoch 456, t=2460388.408710934:
  TLE_ECI: r=[ 1648.5481503  -3012.77966765  6908.55747201], v=[ 7.01460473  0.84140295 -1.30528423]
  RK45_ECI: r=[ 2950.31018996  3013.2017431  -6532.17786775], v=[-6.60105746  0.88091664 -2.58602508]
Epoch 457, t=2460388.4087861977:
  TLE_ECI: r=[ 1859.73301411 -2985.49418729  6866.7054685 ], v=[ 6.96865733  0.9225623  -1.48444774]
  RK45_ECI: r=[ 2905.90083718  3020.2617847  -6548.87362453], v=[-6.61757261  0.86119576 -2.54997759]
Epoch 458, t=2460388.4088614606:
  TLE_ECI: r=[ 2069.44328032 -2955.685327    6819.49552233], v=[ 6.91720758  1.00296074 -1.6624596 ]
  RK45_ECI: r=[ 2861.3818168   3027.17233779 -6565.33459636], v=[-6.63383314  0.84142946 -2.51384046]
Epoch 459, t=2460388.408936724:
  TLE_ECI: r=[ 2277.51329607 -2923.37764832  6766.96425972], v=[ 6.86029559  1.08253085 -1.8391817 ]
  RK45_ECI: r=[ 2816.75423193  3033.93315147 -6581.56043366], v=[-6.64983866  0.8216184  -2.47761446]
Epoch 460, t=2460388.4090119875:
  TLE_ECI: r=[ 2483.77866132 -2888.59782184  6709.15243624], v=[ 6.7979657   1.1612058  -2.01447687]
  RK45_ECI: r=[ 2772.02043093  3040.54380216 -6597.55033492], v=[-6.66558839  0.80176377 -2.44130138]
Epoch 461, t=2460388.409087251:
  TLE_ECI: r=[ 2688.07639183 -2851.374584    6646.10490691], v=[ 6.73026649  1.23891951 -2.18820899]
  RK45_ECI: r=[ 2727.18174353  3047.00400832 -6613.30388726], v=[-6.68108188  0.78186636 -2.40490216]
Epoch 462, t=2460388.409162514:
  TLE_ECI: r=[ 2890.2450292  -2811.7387282   6577.87059343], v=[ 6.65725072  1.31560662 -2.36024308]
  RK45_ECI: r=[ 2682.24053025  3053.31336637 -6628.8203159 ], v=[-6.69631838  0.76192737 -2.36841862]
Epoch 463, t=2460388.4092377773:
  TLE_ECI: r=[ 3090.12480015 -2769.72304738  6504.50244822], v=[ 6.57897529  1.39120265 -2.53044543]
  RK45_ECI: r=[ 2637.19790522  3059.47164669 -6644.09929476], v=[-6.71129753  0.74194747 -2.33185153]
Epoch 464, t=2460388.409313041:
  TLE_ECI: r=[ 3287.55769161 -2725.36235678  6426.05741569], v=[ 6.49550124  1.46564391 -2.69868363]
  RK45_ECI: r=[ 2592.05562338  3065.47852924 -6659.14028269], v=[-6.7260188   0.72192762 -2.29520218]
Epoch 465, t=2460388.409388304:
  TLE_ECI: r=[ 3482.38760795 -2678.69343442  6342.59639027], v=[ 6.40689367  1.53886768 -2.86482677]
  RK45_ECI: r=[ 2546.81584585  3071.33366617 -6673.94260912], v=[-6.74048151  0.70186893 -2.25847222]
Epoch 466, t=2460388.4094635677:
  TLE_ECI: r=[ 3674.46048514 -2629.75499972  6254.18417156], v=[ 6.31322171  1.61081219 -3.02874543]
  RK45_ECI: r=[ 2501.47991628  3077.03680474 -6688.50589207], v=[-6.75468527  0.68177219 -2.22166261]
Epoch 467, t=2460388.4095388306:
  TLE_ECI: r=[ 3863.62440441 -2578.58769391  6160.88941652], v=[ 6.2145585   1.68141665 -3.19031188]
  RK45_ECI: r=[ 2456.05022027  3082.58758611 -6702.8294157 ], v=[-6.76862938  0.66163861 -2.18477515]
Epoch 468, t=2460388.409614094:
  TLE_ECI: r=[ 4049.72974245 -2525.23400298  6062.78458863], v=[ 6.11098109  1.75062145 -3.34940011]
  RK45_ECI: r=[ 2410.52788284  3087.98580521 -6716.91287937], v=[-6.78231352  0.64146886 -2.14781065]
Epoch 469, t=2460388.4096893575:
  TLE_ECI: r=[ 4232.62924376 -2469.73828984  5959.94590421], v=[ 6.00257041  1.81836799 -3.50588595]
  RK45_ECI: r=[ 2364.9146767   3093.23117772 -6730.75578423], v=[-6.79573721  0.62126392 -2.1107704 ]
Epoch 470, t=2460388.409764621:
  TLE_ECI: r=[ 4412.1781679  -2412.1467153   5852.45327576], v=[ 5.88941126  1.88459889 -3.65964716]
  RK45_ECI: r=[ 2319.21278452  3098.32339702 -6744.35751332], v=[-6.80889982  0.60102491 -2.07365606]
Epoch 471, t=2460388.4098398844:
  TLE_ECI: r=[ 4588.23439675 -2352.50721167  5740.39025243], v=[ 5.77159218  1.94925799 -3.81056356]
  RK45_ECI: r=[ 2273.42356263  3103.26223941 -6757.71771589], v=[-6.82180101  0.58075262 -2.03646861]
Epoch 472, t=2460388.4099151473:
  TLE_ECI: r=[ 4760.65854089 -2290.86945787  5623.8439576 ], v=[ 5.64920542  2.01229037 -3.95851706]
  RK45_ECI: r=[ 2227.54941923  3108.04739129 -6770.83573557], v=[-6.83444014  0.56044827 -1.99920986]
Epoch 473, t=2460388.409990411:
  TLE_ECI: r=[ 4929.31407758 -2227.28478474  5502.90502361], v=[ 5.52234689  2.07364249 -4.10339183]
  RK45_ECI: r=[ 2181.59148945  3112.67867223 -6783.71129742], v=[-6.84681694  0.54011255 -1.96188063]
Epoch 474, t=2460388.410065674:
  TLE_ECI: r=[ 5094.06741932 -2161.80621488  5377.66752384], v=[ 5.39111605  2.13326211 -4.24507432]
  RK45_ECI: r=[ 2135.55156196  3117.15583395 -6796.34394522], v=[-6.85893094  0.51974642 -1.92448222]
Epoch 475, t=2460388.4101409377:
  TLE_ECI: r=[ 5254.78804814 -2094.48836592  5248.22890175], v=[ 5.25561591  2.19109841 -4.3834534 ]
  RK45_ECI: r=[ 2089.43183885  3121.47861146 -6808.73311615], v=[-6.87078161  0.49935103 -1.8870163 ]
Epoch 476, t=2460388.4102162006:
  TLE_ECI: r=[ 5411.34860771 -2025.38743517  5114.68989743], v=[ 5.11595288  2.24710203 -4.51842045]
  RK45_ECI: r=[ 2043.23390698  3125.64678971 -6820.87843448], v=[-6.88236857  0.47892727 -1.84948403]
Epoch 477, t=2460388.410291464:
  TLE_ECI: r=[ 5563.6250298  -1954.56109116  4977.15447126], v=[ 4.97223673  2.30122513 -4.64986941]
  RK45_ECI: r=[ 1996.95953762  3129.66016245 -6832.77947316], v=[-6.89369141  0.45847607 -1.81188673]
Epoch 478, t=2460388.4103667275:
  TLE_ECI: r=[ 5711.49659837 -1882.06851974  4835.72972507], v=[ 4.82458051  2.35342137 -4.77769692]
  RK45_ECI: r=[ 1950.61053213  3133.51851232 -6844.43581381], v=[-6.90474973  0.43799841 -1.77422573]
Epoch 479, t=2460388.410441991:
  TLE_ECI: r=[ 5854.84607151 -1807.97031411  4690.52582064], v=[ 4.67310048  2.40364603 -4.90180236]
  RK45_ECI: r=[ 1904.18847447  3137.2216479  -6855.84709966], v=[-6.91554318  0.41749519 -1.73650217]
Epoch 480, t=2460388.4105172544:
  TLE_ECI: r=[ 5993.55977054 -1732.32844018  4541.65589554], v=[ 4.51791597  2.45185598 -5.02208796]
  RK45_ECI: r=[ 1857.69558403  3140.76934613 -6867.01282246], v=[-6.92607128  0.39696753 -1.69871774]
Epoch 481, t=2460388.4105925173:
  TLE_ECI: r=[ 6127.52766763 -1655.20620357  4389.23597663], v=[ 4.35914937  2.49800975 -5.1384589 ]
  RK45_ECI: r=[ 1811.1334595   3144.16142521 -6877.93264392], v=[-6.93633369  0.37641634 -1.66087361]
Epoch 482, t=2460388.410667781:
  TLE_ECI: r=[ 6256.64349522 -1576.66812607  4233.38489094], v=[ 4.19692596  2.54206764 -5.25082332]
  RK45_ECI: r=[ 1764.50388516  3147.39771333 -6888.60618022], v=[-6.94633006  0.35584256 -1.62297109]
Epoch 483, t=2460388.410743044:
  TLE_ECI: r=[ 6380.8048031  -1496.7799985   4074.22417431], v=[ 4.03137385  2.58399159 -5.35909249]
  RK45_ECI: r=[ 1717.80846296  3150.47803981 -6899.03310464], v=[-6.95606007  0.33524709 -1.58501136]
Epoch 484, t=2460388.4108183077:
  TLE_ECI: r=[ 6499.91306246 -1415.60875601  3911.87797757], v=[ 3.86262391  2.62374539 -5.46318083]
  RK45_ECI: r=[ 1671.04942473  3153.40221525 -6909.21295288], v=[-6.96552329  0.31463108 -1.54699609]
Epoch 485, t=2460388.410893571:
  TLE_ECI: r=[ 6613.87374182 -1333.22243963  3746.47297053], v=[ 3.69080962  2.66129461 -5.56300599]
  RK45_ECI: r=[ 1624.22836826  3156.1700894  -6919.14541677], v=[-6.97471942  0.29399542 -1.50892647]
Epoch 486, t=2460388.410968834:
  TLE_ECI: r=[ 6722.59638121 -1249.6901593   3578.1382437 ], v=[ 3.51606699  2.69660663 -5.65848894]
  RK45_ECI: r=[ 1577.34711474  3158.78150373 -6928.83014735], v=[-6.98364815  0.27334109 -1.47080382]
Epoch 487, t=2460388.4110440975:
  TLE_ECI: r=[ 6825.99468173 -1165.08195791  3407.00520793], v=[ 3.33853443  2.72965078 -5.74955403]
  RK45_ECI: r=[ 1530.40745982  3161.23632104 -6938.26680431], v=[-6.99230915  0.25266904 -1.43262949]
Epoch 488, t=2460388.411119361:
  TLE_ECI: r=[ 6923.98655419 -1079.46886998  3233.20749204], v=[ 3.1583527   2.76039822 -5.83612905]
  RK45_ECI: r=[ 1483.41101542  3163.53440409 -6947.45509871], v=[-7.00070215  0.23198018 -1.39440464]
Epoch 489, t=2460388.4111946244:
  TLE_ECI: r=[7016.49420264 -992.92278377 3056.88083834], v=[ 2.97566473  2.78882209 -5.91814532]
  RK45_ECI: r=[ 1436.36002676  3165.67560586 -6956.3946215 ], v=[-7.00882679  0.21127566 -1.35613099]
Epoch 490, t=2460388.411269888:
  TLE_ECI: r=[7103.44418502 -905.51640078 2878.1629964 ], v=[ 2.79061553  2.81489746 -5.9955377 ]
  RK45_ECI: r=[ 1389.25610068  3167.65980902 -6965.0851024 ], v=[-7.01668282  0.19055637 -1.31780969]
Epoch 491, t=2460388.411345151:
  TLE_ECI: r=[7184.76747187 -817.32319556 2697.19361492], v=[ 2.6033521   2.83860139 -6.06824472]
  RK45_ECI: r=[ 1342.10106863  3169.48689176 -6973.52623617], v=[-7.02426996  0.16982331 -1.2794421 ]
Epoch 492, t=2460388.411420414:
  TLE_ECI: r=[7260.39951382 -728.4172693  2514.1141319 ], v=[ 2.41402326  2.85991296 -6.13620858]
  RK45_ECI: r=[ 1294.89673587  3171.15675163 -6981.71772629], v=[-7.03158795  0.14907741 -1.24102956]
Epoch 493, t=2460388.4114956777:
  TLE_ECI: r=[7330.28028024 -638.87341334 2329.06766322], v=[ 2.22277958  2.87881326 -6.19937521]
  RK45_ECI: r=[ 1247.64472259  3172.66928509 -6989.65932181], v=[-7.03863656  0.12831961 -1.20257325]
Epoch 494, t=2460388.411570941:
  TLE_ECI: r=[7394.35431991 -548.76696212 2142.19888966], v=[ 2.02977321  2.89528543 -6.25769435]
  RK45_ECI: r=[ 1200.34728551  3174.02438758 -6997.35066926], v=[-7.04541547  0.10755104 -1.16407489]
Epoch 495, t=2460388.411646204:
  TLE_ECI: r=[7452.57080339 -458.17377201 1953.65394246], v=[ 1.8351578   2.90931468 -6.31111958]
  RK45_ECI: r=[ 1153.00626352  3175.22196874 -7004.79150209], v=[-7.05192447  0.0867727  -1.12553582]
Epoch 496, t=2460388.4117214675:
  TLE_ECI: r=[7504.88357135 -367.17006978 1763.58028753], v=[ 1.63908833  2.92088832 -6.35960833]
  RK45_ECI: r=[ 1105.62282289  3176.26196189 -7011.98166202], v=[-7.0581634   0.06598529 -1.08695686]
Epoch 497, t=2460388.411796731:
  TLE_ECI: r=[7551.25116448 -275.83251803 1572.12660856], v=[ 1.44172102  2.92999571 -6.40312198]
  RK45_ECI: r=[ 1058.19945046  3177.14428122 -7018.92079358], v=[-7.06413198  0.04519007 -1.04833991]
Epoch 498, t=2460388.4118719944:
  TLE_ECI: r=[7591.63686446 -184.23806365 1379.44268877], v=[ 1.24321316  2.93662835 -6.44162586]
  RK45_ECI: r=[ 1010.7375487   3177.86886303 -7025.60871828], v=[-7.06983004  0.02438784 -1.00968596]
Epoch 499, t=2460388.411947258:
  TLE_ECI: r=[7626.00872327  -92.46389334 1185.67929187], v=[ 1.04372301  2.94077984 -6.47508927]
  RK45_ECI: r=[  963.23938363  3178.43564537 -7032.04513853], v=[-7.07525733e+00  3.57975265e-03 -9.70996737e-01]
Epoch 500, t=2460388.412022521:
  TLE_ECI: r=[ 7.65433959e+03 -5.87390559e-01  9.90988042e+02], v=[ 0.84340968  2.94244591 -6.50348553]
  RK45_ECI: r=[  915.70680107  3178.84457488 -7038.22983191], v=[-7.08041368 -0.01723318 -0.9322736 ]
Epoch 501, t=2460388.412097784:
  TLE_ECI: r=[7676.60713428   91.3140206   795.5213025 ], v=[ 0.64243292  2.94162443 -6.52679203]
  RK45_ECI: r=[  868.14097125  3179.09561031 -7044.16266664], v=[-7.08529898 -0.03805027 -0.89351737]
Epoch 502, t=2460388.4121730477:
  TLE_ECI: r=[7692.79386365  183.1628065   599.43205514], v=[ 0.44095308  2.93831537 -6.54499019]
  RK45_ECI: r=[  820.54439015  3179.18871232 -7049.84334912], v=[-7.089913   -0.05887026 -0.85472995]
Epoch 503, t=2460388.412248311:
  TLE_ECI: r=[7702.88713965  274.88148079  402.87377717], v=[ 0.23913092  2.93252086 -6.55806552]
  RK45_ECI: r=[  772.91846442  3179.12384726 -7055.2717333 ], v=[-7.09425561 -0.07969233 -0.81591233]
Epoch 504, t=2460388.4123235745:
  TLE_ECI: r=[7706.87918786  366.39264741  206.00031914], v=[ 0.03712748  2.92424515 -6.56600763]
  RK45_ECI: r=[  725.26546733  3178.90099587 -7060.44757767], v=[-7.09832665 -0.10051534 -0.77706625]
Epoch 505, t=2460388.4123988375:
  TLE_ECI: r=[7704.76710578  457.61904456    8.96578181], v=[-0.16489604  2.91349464 -6.56881022]
  RK45_ECI: r=[  677.58724991  3178.52014183 -7065.37070415], v=[-7.10212596 -0.12133828 -0.73819308]
Epoch 506, t=2460388.412474101:
  TLE_ECI: r=[7696.55286001  548.48370156 -188.07560696], v=[-0.36677844  2.90027783 -6.56647111]
  RK45_ECI: r=[  629.88498536  3177.98126934 -7070.04100749], v=[-7.10565348 -0.14216044 -0.69929362]
Epoch 507, t=2460388.4125493644:
  TLE_ECI: r=[7682.24329178  638.90986874 -384.96961558], v=[-0.56835864  2.88460534 -6.55899223]
  RK45_ECI: r=[  582.16117617  3177.28438569 -7074.45825624], v=[-7.10890905 -0.16298059 -0.6603698 ]
Epoch 508, t=2460388.412624628:
  TLE_ECI: r=[7661.85010639  728.82117376 -581.56213201], v=[-0.76947581  2.86648992 -6.54637961]
  RK45_ECI: r=[  534.41723219  3176.4294872  -7078.62233688], v=[-7.11189259 -0.1837979  -0.62142262]
Epoch 509, t=2460388.4126998913:
  TLE_ECI: r=[7635.38986427  818.14166437 -777.69928695], v=[-0.96996953  2.84594639 -6.5286434 ]
  RK45_ECI: r=[  486.6554317   3175.41659739 -7082.53306418], v=[-7.11460397 -0.20461121 -0.5824538 ]
Epoch 510, t=2460388.412775154:
  TLE_ECI: r=[7602.88396945  906.79585113 -973.2275768 ], v=[-1.1696799   2.82299168 -6.50579782]
  RK45_ECI: r=[  438.87762911  3174.24573702 -7086.19030449], v=[-7.11704311 -0.22541953 -0.54346473]
Epoch 511, t=2460388.4128504177:
  TLE_ECI: r=[ 7564.35864089   994.70886129 -1167.99398622], v=[-1.36844772  2.79764476 -6.47786119]
  RK45_ECI: r=[  391.08499959  3172.91691574 -7089.59397922], v=[-7.11920997 -0.24622216 -0.50445621]
Epoch 512, t=2460388.412925681:
  TLE_ECI: r=[ 7519.84490534  1081.80636877 -1361.84611033], v=[-1.56611455  2.76992667 -6.44485589]
  RK45_ECI: r=[  343.28004985  3171.43018745 -7092.74391922], v=[-7.12110446 -0.26701785 -0.46543017]
Epoch 513, t=2460388.4130009445:
  TLE_ECI: r=[ 7469.3785611   1168.01474713 -1554.63227622], v=[-1.76252292  2.73986049 -6.40680832]
  RK45_ECI: r=[  295.4641915   3169.78557854 -7095.64004359], v=[-7.12272653 -0.28780577 -0.42638761]
Epoch 514, t=2460388.4130762075:
  TLE_ECI: r=[ 7413.00015366  1253.26108828 -1746.20166385], v=[-1.9575164   2.70747129 -6.36374892]
  RK45_ECI: r=[  247.63993245  3167.98316387 -7098.28221171], v=[-7.12407613 -0.30858468 -0.38733045]
Epoch 515, t=2460388.413151471:
  TLE_ECI: r=[ 7350.75492682  1337.47335213 -1936.40442604], v=[-2.15093979  2.67278612 -6.31571212]
  RK45_ECI: r=[  199.80844866  3166.02297536 -7100.6703699 ], v=[-7.12515322 -0.32935388 -0.34825952]
Epoch 516, t=2460388.4132267344:
  TLE_ECI: r=[ 7282.69280578  1420.58029644 -2125.09180768], v=[-2.34263919  2.63583402 -6.26273628]
  RK45_ECI: r=[  151.97159629  3163.90507404 -7102.80443084], v=[-7.1259578  -0.35011236 -0.30917618]
Epoch 517, t=2460388.413301998:
  TLE_ECI: r=[ 7208.86834084  1502.5116255  -2312.11626381], v=[-2.53246219  2.59664594 -6.20486369]
  RK45_ECI: r=[  104.13165722  3161.62955176 -7104.68429965], v=[-7.12648983 -0.37085898 -0.27008217]
Epoch 518, t=2460388.4133772613:
  TLE_ECI: r=[ 7129.34066483  1583.19802799 -2497.3315766 ], v=[-2.72025793  2.55525476 -6.14214054]
  RK45_ECI: r=[   56.29004347  3159.19646491 -7106.30992807], v=[-7.12674932 -0.39159292 -0.23097851]
Epoch 519, t=2460388.413452524:
  TLE_ECI: r=[ 7044.17344817  1662.57121459 -2680.59297113], v=[-2.90587727  2.51169521 -6.07461682]
  RK45_ECI: r=[    8.44926383  3156.60593491 -7107.68123799], v=[-7.12673627 -0.41231293 -0.1918671 ]
Epoch 520, t=2460388.4135277877:
  TLE_ECI: r=[ 6953.43482591  1740.56405966 -2861.75722973], v=[-3.08917291  2.46600386 -6.00234634]
  RK45_ECI: r=[  -39.38950591  3153.85801911 -7108.79820245], v=[-7.1264507  -0.43301832 -0.15274878]
Epoch 521, t=2460388.413603051:
  TLE_ECI: r=[ 6857.19736918  1817.11053264 -3040.68280502], v=[-3.26999949  2.41821911 -5.92538664]
  RK45_ECI: r=[  -87.22440977  3150.95281555 -7109.66077876], v=[-7.12589262 -0.45370808 -0.11362492]
Epoch 522, t=2460388.4136783145:
  TLE_ECI: r=[ 6755.53800549  1892.14583768 -3217.22993131], v=[-3.44821372  2.36838113 -5.84379895]
  RK45_ECI: r=[ -135.05316637  3147.89045873 -7110.26892858], v=[-7.12506208 -0.47438107 -0.07449726]
Epoch 523, t=2460388.413753578:
  TLE_ECI: r=[ 6648.53795904  1965.60644704 -3391.26073442], v=[-3.62367449  2.31653181 -5.75764811]
  RK45_ECI: r=[ -182.87436443  3144.67103498 -7110.62263638], v=[-7.12395912 -0.49503648 -0.0353668 ]
Epoch 524, t=2460388.413828841:
  TLE_ECI: r=[ 6536.28268879  2037.43013597 -3562.63933979], v=[-3.79624299  2.26271475 -5.66700258]
  RK45_ECI: r=[ -230.68549687  3141.29471219 -7110.72188659], v=[-7.12258381e+00 -5.15673056e-01  3.76452905e-03]
Epoch 525, t=2460388.4139041044:
  TLE_ECI: r=[ 6418.86179372  2107.55611157 -3731.23197866], v=[-3.96578282  2.20697519 -5.5719343 ]
  RK45_ECI: r=[ -278.48538903  3137.76157306 -7110.566679  ], v=[-7.1209362  -0.53629011  0.04289591]
Epoch 526, t=2460388.413979368:
  TLE_ECI: r=[ 6296.36897348  2175.92494795 -3896.9070926 ], v=[-4.13216009  2.14936001 -5.47251864]
  RK45_ECI: r=[ -326.2721868   3134.07175259 -7110.15701555], v=[-7.11901636 -0.55688664  0.08202596]
Epoch 527, t=2460388.4140546313:
  TLE_ECI: r=[ 6168.90192743  2242.47871361 -4059.53543584], v=[-4.29524352  2.08991764 -5.3688344 ]
  RK45_ECI: r=[ -374.04361143  3130.22542778 -7109.49291453], v=[-7.1168244  -0.5774615   0.12115295]
Epoch 528, t=2460388.4141298947:
  TLE_ECI: r=[ 6036.56227959  2307.16100057 -4218.99017564], v=[-4.45490458  2.02869805 -5.26096364]
  RK45_ECI: r=[ -421.7982539   3126.22271485 -7108.57439309], v=[-7.11436039 -0.59801389  0.16027587]
Epoch 529, t=2460388.4142051577:
  TLE_ECI: r=[ 5899.4555017   2369.91695377 -4375.14699054], v=[-4.61101752  1.96575271 -5.1489917 ]
  RK45_ECI: r=[ -469.53361094  3122.06382797 -7107.40149825], v=[-7.11162447 -0.61854256  0.19939279]
Epoch 530, t=2460388.414280421:
  TLE_ECI: r=[ 5757.69079889  2430.69338644 -4527.88416632], v=[-4.76345954  1.90113448 -5.03300705]
  RK45_ECI: r=[ -517.2485102   3117.74887515 -7105.97425654], v=[-7.10861672 -0.63904683  0.23850289]
Epoch 531, t=2460388.4143556845:
  TLE_ECI: r=[ 5611.38106093  2489.43871941 -4677.08268992], v=[-4.91211084  1.83489765 -4.91310127]
  RK45_ECI: r=[ -564.94110117  3113.27802821 -7104.29271455], v=[-7.10533727 -0.6595257   0.2776048 ]
Epoch 532, t=2460388.414430948:
  TLE_ECI: r=[ 5460.6427427   2546.10309411 -4822.62634071], v=[-5.05685472  1.76709785 -4.78936893]
  RK45_ECI: r=[ -612.60910996  3108.65150647 -7102.35694713], v=[-7.10178628 -0.67997803  0.31669679]
Epoch 533, t=2460388.414506211:
  TLE_ECI: r=[ 5305.59578343  2600.63838027 -4964.40177964], v=[-5.19757765  1.69779201 -4.66190754]
  RK45_ECI: r=[ -660.2509052   3103.8694792  -7100.16701505], v=[-7.09796388 -0.70040291  0.35577765]
Epoch 534, t=2460388.4145814744:
  TLE_ECI: r=[ 5146.36347868  2652.99827862 -5102.29863574], v=[-5.33416941  1.62703825 -4.53081746]
  RK45_ECI: r=[ -707.86466697  3098.93213689 -7097.7229952 ], v=[-7.09387023 -0.72079941  0.39484602]
Epoch 535, t=2460388.414656738:
  TLE_ECI: r=[ 4983.07242518  2703.13826431 -5236.20959028], v=[-5.46652309  1.55489593 -4.39620179]
  RK45_ECI: r=[ -755.44854932  3093.83968251 -7095.02497347], v=[-7.0895055  -0.74116655  0.43390053]
Epoch 536, t=2460388.4147320013:
  TLE_ECI: r=[ 4815.85238853  2751.0156867  -5366.03045824], v=[-5.59453524  1.48142555 -4.25816632]
  RK45_ECI: r=[ -803.00093272  3088.59230126 -7092.0730302 ], v=[-7.08486984 -0.76150344  0.47293998]
Epoch 537, t=2460388.4148072647:
  TLE_ECI: r=[ 4644.83620568  2796.58978837 -5491.66026724], v=[-5.71810589  1.40668868 -4.11681943]
  RK45_ECI: r=[ -850.51955006  3083.19025464 -7088.86729675], v=[-7.07996347 -0.78180894  0.51196265]
Epoch 538, t=2460388.4148825277:
  TLE_ECI: r=[ 4470.15968606  2839.82172554 -5613.00133385], v=[-5.83713865  1.33074796 -3.97227198]
  RK45_ECI: r=[ -898.00277565  3077.63374533 -7085.40787253], v=[-7.07478659 -0.80208215  0.55096734]
Epoch 539, t=2460388.414957791:
  TLE_ECI: r=[ 4291.96146936  2880.6746525  -5729.95933702], v=[-5.95154079  1.25366695 -3.82463725]
  RK45_ECI: r=[ -945.44879585  3071.92299823 -7081.69487899], v=[-7.06933938 -0.82232214  0.58995269]
Epoch 540, t=2460388.4150330545:
  TLE_ECI: r=[ 4110.3829639   2919.11367131 -5842.44338909], v=[-6.06122326  1.17551018 -3.67403083]
  RK45_ECI: r=[ -992.85598697  3066.05822712 -7077.72842738], v=[-7.06362204 -0.84252802  0.62891751]
Epoch 541, t=2460388.415108318:
  TLE_ECI: r=[ 3925.56820063  2955.10591424 -5950.36610378], v=[-6.1661008   1.09634305 -3.52057054]
  RK45_ECI: r=[-1040.22208906  3060.03972698 -7073.50869423], v=[-7.05763485 -0.86269866  0.66786006]
Epoch 542, t=2460388.4151835814:
  TLE_ECI: r=[ 3737.66372637  2988.6205567  -6053.64366145], v=[-6.26609197  1.01623179 -3.36437632]
  RK45_ECI: r=[-1087.54549082  3053.86772402 -7069.03580975], v=[-7.05137802 -0.88283318  0.70677916]
Epoch 543, t=2460388.4152588444:
  TLE_ECI: r=[ 3546.81849618  3019.62883174 -6152.19587157], v=[-6.3611192   0.93524339 -3.20557015]
  RK45_ECI: r=[-1134.82435799  3047.54247992 -7064.30993106], v=[-7.0448518  -0.90293059  0.74567344]
Epoch 544, t=2460388.415334108:
  TLE_ECI: r=[ 3353.18371967  3048.10409558 -6245.94623223], v=[-6.45110887  0.8534455  -3.04427595]
  RK45_ECI: r=[-1182.05688488  3041.06425378 -7059.33122412], v=[-7.03805643 -0.92298999  0.78454154]
Epoch 545, t=2460388.4154093713:
  TLE_ECI: r=[ 3156.91279426  3074.02178477 -6334.82198696], v=[-6.53599134  0.77090648 -2.88061946]
  RK45_ECI: r=[-1229.24145534  3034.43329255 -7054.0998387 ], v=[-7.03099217 -0.94301046  0.82338227]
Epoch 546, t=2460388.4154846347:
  TLE_ECI: r=[ 2958.16114874  3097.35947936 -6418.7541784 ], v=[-6.61570098  0.68769528 -2.7147282 ]
  RK45_ECI: r=[-1276.37582014  3027.64993287 -7048.61600763], v=[-7.02365933 -0.96299091  0.86219391]
Epoch 547, t=2460388.4155598977:
  TLE_ECI: r=[ 2757.08613873  3118.09690182 -6497.67769925], v=[-6.69017624  0.60388139 -2.5467313 ]
  RK45_ECI: r=[-1323.45815321  3020.71446715 -7042.87992711], v=[-7.01605823 -0.98293036  0.90097508]
Epoch 548, t=2460388.415635161:
  TLE_ECI: r=[ 2553.84688644  3136.21596637 -6571.53134004], v=[-6.75935971  0.51953474 -2.37675948]
  RK45_ECI: r=[-1370.48729873  3013.62709168 -7036.89171611], v=[-7.00818904 -1.00282812  0.93972498]
Epoch 549, t=2460388.4157104245:
  TLE_ECI: r=[ 2348.60421032  3151.70074306 -6640.25783425], v=[-6.82319808  0.43472575 -2.20494486]
  RK45_ECI: r=[-1417.46079175  3006.38820099 -7030.65166748], v=[-7.00005217 -1.022683    0.97844169]
Epoch 550, t=2460388.415785688:
  TLE_ECI: r=[ 2141.52046288  3164.53750472 -6703.80390014], v=[-6.88164224  0.34952518 -2.03142094]
  RK45_ECI: r=[-1464.37724813  2998.99804116 -7024.1599419 ], v=[-6.99164787 -1.0424942   1.01712422]
Epoch 551, t=2460388.4158609514:
  TLE_ECI: r=[ 1932.75941275  3174.71472925 -6762.12027982], v=[-6.93464731  0.2640041  -1.85632246]
  RK45_ECI: r=[-1511.23443148  2991.45699015 -7017.41682833], v=[-6.98297655 -1.06226062  1.05577085]
Epoch 552, t=2460388.4159362144:
  TLE_ECI: r=[ 1722.48612621  3182.2231039  -6815.16177513], v=[-6.98217262  0.17823389 -1.67978532]
  RK45_ECI: r=[-1558.03052674  2983.7653762  -7010.42256721], v=[-6.97403853 -1.08198129  1.0943802 ]
Epoch 553, t=2460388.416011478:
  TLE_ECI: r=[ 1510.86680116  3187.05555373 -6862.88728062], v=[-7.02418179  0.09228604 -1.50194646]
  RK45_ECI: r=[-1604.76438529  2975.92342026 -7003.17730403], v=[-6.96483405 -1.10165554  1.13295148]
Epoch 554, t=2460388.4160867413:
  TLE_ECI: r=[ 1298.06869395  3189.20721483 -6905.2598135 ], v=[-7.06064270e+00  6.23225966e-03 -1.32294375e+00]
  RK45_ECI: r=[-1651.43355753  2967.93156169 -6995.68139357], v=[-6.95536357 -1.12128219  1.17148279]
Epoch 555, t=2460388.4161620047:
  TLE_ECI: r=[ 1084.25995192  3188.67546071 -6942.24654053], v=[-7.09152756 -0.07985567 -1.14291593]
  RK45_ECI: r=[-1698.03666854  2959.79007551 -6987.93502886], v=[-6.94562739 -1.14086044  1.20997311]
Epoch 556, t=2460388.416237268:
  TLE_ECI: r=[  869.60949243  3185.4598987  -6973.81880185], v=[-7.11681288 -0.16590594 -0.96200249]
  RK45_ECI: r=[-1744.57149687  2951.49938061 -6979.93855477], v=[-6.93562595 -1.16038919  1.24842075]
Epoch 557, t=2460388.416312531:
  TLE_ECI: r=[  654.28688116  3179.56236853 -6999.9521318 ], v=[-7.13647952 -0.25184674 -0.78034352]
  RK45_ECI: r=[-1791.03624025  2943.05984076 -6971.69225582], v=[-6.92535966 -1.17986751  1.28682435]
Epoch 558, t=2460388.4163877945:
  TLE_ECI: r=[  438.46216344  3170.98694955 -7020.62627662], v=[-7.1505127  -0.33760641 -0.59807971]
  RK45_ECI: r=[-1837.42975815  2934.47170137 -6963.19630392], v=[-6.91482877 -1.19929472  1.3251831 ]
Epoch 559, t=2460388.416463058:
  TLE_ECI: r=[  222.30578874  3159.73994404 -7035.82520927], v=[-7.15890196 -0.42311334 -0.41535214]
  RK45_ECI: r=[-1883.74961879  2925.73544617 -6954.45111546], v=[-6.90403381 -1.21866963  1.36349511]
Epoch 560, t=2460388.4165383214:
  TLE_ECI: r=[ 5.98844143e+00  3.14582988e+03 -7.04553714e+03], v=[-7.16164123 -0.50829617 -0.23230226]
  RK45_ECI: r=[-1929.99445764  2916.85137888 -6945.45691573], v=[-6.89297511 -1.23799148  1.40175938]
Epoch 561, t=2460388.416613585:
  TLE_ECI: r=[ -210.31908172  3129.26751304 -7049.75452985], v=[-7.1587288  -0.59308375 -0.04907173]
  RK45_ECI: r=[-1976.16207031  2907.8199589  -6936.21410522], v=[-6.88165319 -1.25725918  1.43997422]
Epoch 562, t=2460388.416688848:
  TLE_ECI: r=[ -426.44599448  3110.06579748 -7048.47408639], v=[-7.1501673  -0.67740523  0.13419764]
  RK45_ECI: r=[-2022.25066896  2898.64158516 -6926.7230123 ], v=[-6.8700685  -1.2764718   1.47813827]
Epoch 563, t=2460388.4167641113:
  TLE_ECI: r=[ -642.22168954  3088.2398941  -7041.69677591], v=[-7.13596376 -0.76119019  0.31736402]
  RK45_ECI: r=[-2068.25912228  2889.31652731 -6916.9838352 ], v=[-6.8582213  -1.29562866  1.51625074]
Epoch 564, t=2460388.4168393747:
  TLE_ECI: r=[ -857.47581557  3063.80715283 -7029.42781801], v=[-7.11612953 -0.84436853  0.50028563]
  RK45_ECI: r=[-2114.18501859  2879.84531291 -6906.9970516 ], v=[-6.84611222 -1.3147286   1.55430973]
Epoch 565, t=2460388.416914638:
  TLE_ECI: r=[-1072.03844527  3036.7870987  -7011.67668282], v=[-7.09068034 -0.92687066  0.6828209 ]
  RK45_ECI: r=[-2160.02700502  2870.22827415 -6896.76291888], v=[-6.83374161 -1.33377086  1.59231427]
Epoch 566, t=2460388.416989901:
  TLE_ECI: r=[-1285.74018888  3007.20142103 -6988.45708433], v=[-7.05963623 -1.0086275   0.8648285 ]
  RK45_ECI: r=[-2205.78267971  2860.46595817 -6886.28194259], v=[-6.82111011 -1.35275428  1.63026248]
Epoch 567, t=2460388.4170651645:
  TLE_ECI: r=[-1498.41236054  2975.07394235 -6959.78697045], v=[-7.02302158 -1.0895706   1.0461675 ]
  RK45_ECI: r=[-2251.45092069  2850.55865552 -6875.55434541], v=[-6.80821804 -1.3716782   1.66815356]
Epoch 568, t=2460388.417140428:
  TLE_ECI: r=[-1709.88705547  2940.43062045 -6925.68851033], v=[-6.98086507 -1.16963206  1.22669744]
  RK45_ECI: r=[-2297.02995723  2840.50680293 -6864.58050107], v=[-6.79506587 -1.39054168  1.70598617]
Epoch 569, t=2460388.4172156914:
  TLE_ECI: r=[-1919.99731557  2903.29951521 -6886.1880783 ], v=[-6.93319969 -1.24874471  1.40627844]
  RK45_ECI: r=[-2342.51761644  2830.31092369 -6853.36089838], v=[-6.78165425 -1.40934369  1.74375863]
Epoch 570, t=2460388.417290955:
  TLE_ECI: r=[-2128.57725004  2863.71076984 -6841.31623493], v=[-6.88006268 -1.32684211  1.58477132]
  RK45_ECI: r=[-2387.91255853  2819.97137797 -6841.8958266 ], v=[-6.76798355 -1.42808344  1.78146995]
Epoch 571, t=2460388.417366218:
  TLE_ECI: r=[-2335.46215563  2821.69659426 -6791.107705  ], v=[-6.82149553 -1.40385859  1.76203767]
  RK45_ECI: r=[-2433.212405    2809.48875602 -6830.18585203], v=[-6.75405448 -1.44675981  1.81911827]
Epoch 572, t=2460388.4174414813:
  TLE_ECI: r=[-2540.48867788  2777.29121334 -6735.60135237], v=[-6.75754395 -1.47972939  1.93793996]
  RK45_ECI: r=[-2478.41604504  2798.86337214 -6818.23122336], v=[-6.73986739 -1.46537215  1.8567028 ]
Epoch 573, t=2460388.4175167447:
  TLE_ECI: r=[-2743.49488815  2730.53087918 -6674.84015194], v=[-6.68825783 -1.55439058  2.11234167]
  RK45_ECI: r=[-2523.5217258   2788.09569738 -6806.03235764], v=[-6.72542281 -1.48391953  1.89422221]
Epoch 574, t=2460388.417592008:
  TLE_ECI: r=[-2944.32044324  2681.45381732 -6608.87115844], v=[-6.61369124 -1.6277792   2.28510734]
  RK45_ECI: r=[-2568.52729687  2777.18629417 -6793.58979841], v=[-6.71072143 -1.50240091  1.93167482]
Epoch 575, t=2460388.4176672716:
  TLE_ECI: r=[-3142.80670205  2630.10020296 -6537.74547224], v=[-6.53390234 -1.69983328  2.45610274]
  RK45_ECI: r=[-2613.4314326   2766.13555051 -6780.9038666 ], v=[-6.69576367 -1.52081556  1.96905966]
Epoch 576, t=2460388.4177425345:
  TLE_ECI: r=[-3338.79684207  2576.51213913 -6461.51820219], v=[-6.4489534  -1.77049189  2.62519489]
  RK45_ECI: r=[-2658.23178015  2754.94409907 -6767.97518881], v=[-6.68055031 -1.53916233  2.00637488]
Epoch 577, t=2460388.417817798:
  TLE_ECI: r=[-3532.13601249  2520.73358513 -6380.24842531], v=[-6.35891071 -1.83969527  2.79225223]
  RK45_ECI: r=[-2702.92724092  2743.61227763 -6754.80403956], v=[-6.66508172 -1.5574406   2.04361969]
Epoch 578, t=2460388.4178930614:
  TLE_ECI: r=[-3722.67141001  2462.8103785  -6293.99914374], v=[-6.26384458 -1.90738473  2.95714466]
  RK45_ECI: r=[-2747.51608167  2732.14059099 -6741.3908789 ], v=[-6.64935848 -1.57564945  2.08079278]
Epoch 579, t=2460388.417968325:
  TLE_ECI: r=[-3910.25242947  2402.79016173 -6202.83723844], v=[-6.16382925 -1.97350281  3.1197437 ]
  RK45_ECI: r=[-2791.99617635  2720.52964031 -6727.73630468], v=[-6.63338134 -1.59378787  2.11789248]
Epoch 580, t=2460388.4180435883:
  TLE_ECI: r=[-4094.73077495  2340.7223534  -6106.83342008], v=[-6.05894289 -2.03799329  3.27992254]
  RK45_ECI: r=[-2836.36621479  2708.77984092 -6713.84066929], v=[-6.61715076 -1.61185511  2.15491783]
Epoch 581, t=2460388.4181188513:
  TLE_ECI: r=[-4275.96057019  2276.6581215  -6006.06217696], v=[-5.94926748 -2.10080125  3.43755615]
  RK45_ECI: r=[-2880.62387203  2696.89186734 -6699.70465906], v=[-6.60066758 -1.62985007  2.19186699]
Epoch 582, t=2460388.4181941147:
  TLE_ECI: r=[-4453.79850096  2210.65029313 -5900.60171991], v=[-5.83488883 -2.16187314  3.59252141]
  RK45_ECI: r=[-2924.76806279  2684.86608033 -6685.32857422], v=[-6.58393219 -1.64777213  2.22873919]
Epoch 583, t=2460388.418269378:
  TLE_ECI: r=[-4628.10388792  2142.7533861  -5790.53392446], v=[-5.71589647 -2.22115675  3.74469714]
  RK45_ECI: r=[-2968.79707484  2672.70301825 -6670.71291745], v=[-6.56694525 -1.66562038  2.26553311]
Epoch 584, t=2460388.4183446416:
  TLE_ECI: r=[-4798.73882622  2073.02351612 -5675.94426999], v=[-5.59238359 -2.27860135  3.89396427]
  RK45_ECI: r=[-3012.70880875  2660.4033201  -6655.85834043], v=[-6.54970753 -1.68339382  2.3022471 ]
Epoch 585, t=2460388.4184199045:
  TLE_ECI: r=[-4965.56828234  2001.51837892 -5556.92177601], v=[-5.46444702 -2.33415764  4.04020587]
  RK45_ECI: r=[-3056.5017639   2647.96748903 -6640.76529812], v=[-6.53221964 -1.70109164  2.33888005]
Epoch 586, t=2460388.418495168:
  TLE_ECI: r=[-5128.46022596  1928.29714591 -5433.55893568], v=[-5.33218709 -2.3877779   4.18330731]
  RK45_ECI: r=[-3100.1742667   2635.39605822 -6625.43432191], v=[-6.51448221 -1.71871302  2.37543065]
Epoch 587, t=2460388.4185704314:
  TLE_ECI: r=[-5287.28569985  1853.42050211 -5305.95164659], v=[-5.19570763 -2.43941594  4.32315628]
  RK45_ECI: r=[-3143.72462477  2622.68959377 -6609.86595168], v=[-6.49649594 -1.73625707  2.4118976 ]
Epoch 588, t=2460388.418645695:
  TLE_ECI: r=[-5441.9189477   1776.95054043 -5174.19913857], v=[-5.05511586 -2.48902718  4.45964293]
  RK45_ECI: r=[-3187.15135593  2609.84860581 -6594.06066096], v=[-6.47826142 -1.753723    2.44827979]
Epoch 589, t=2460388.4187209583:
  TLE_ECI: r=[-5592.23750936  1698.95072534 -5038.40389901], v=[-4.9105223  -2.53656871  4.59265996]
  RK45_ECI: r=[-3230.45238906  2596.87377087 -6578.01915472], v=[-6.4597795  -1.77110984  2.48457559]
Epoch 590, t=2460388.4187962213:
  TLE_ECI: r=[-5738.12231504  1619.48585795 -4898.67159532], v=[-4.76204074 -2.58199926  4.72210268]
  RK45_ECI: r=[-3273.62624452  2583.76562187 -6561.74192443], v=[-6.44105082 -1.78841677  2.52078387]
Epoch 591, t=2460388.4188714847:
  TLE_ECI: r=[-5879.45780105  1538.62195655 -4755.11099485], v=[-4.60978807 -2.62527936  4.84786912]
  RK45_ECI: r=[-3316.67127199  2570.52472251 -6545.22954343], v=[-6.42207607 -1.80564298  2.55690336]
Epoch 592, t=2460388.418946748:
  TLE_ECI: r=[-6016.13197454  1456.42630173 -4607.83388214], v=[-4.4538843  -2.66637125  4.96986011]
  RK45_ECI: r=[-3359.58599878  2557.15161547 -6528.48251434], v=[-6.4028559  -1.82278769  2.59293294]
Epoch 593, t=2460388.4190220116:
  TLE_ECI: r=[-6148.03652434  1372.96731581 -4456.95497372], v=[-4.29445239 -2.70523898  5.08797938]
  RK45_ECI: r=[-3402.36837789  2543.64700675 -6511.5015844 ], v=[-6.38339119 -1.83984992  2.62887099]
Epoch 594, t=2460388.419097275:
  TLE_ECI: r=[-6275.06690456  1288.31452249 -4302.59183028], v=[-4.1316182  -2.74184844  5.20213359]
  RK45_ECI: r=[-3445.01695483  2530.01144266 -6494.28727393], v=[-6.36368262 -1.8568289   2.66471641]
Epoch 595, t=2460388.419172538:
  TLE_ECI: r=[-6397.12241668  1202.53850845 -4144.86476655], v=[-3.96551038 -2.77616738  5.31223247]
  RK45_ECI: r=[-3487.53007684  2516.24554106 -6476.8401896 ], v=[-6.34373093 -1.87372377  2.70046793]
Epoch 596, t=2460388.4192478014:
  TLE_ECI: r=[-6514.10630659  1115.7107902  -3983.89675864], v=[-3.79626024 -2.80816548  5.41818888]
  RK45_ECI: r=[-3529.90611859  2502.34989547 -6459.1609463 ], v=[-6.32353686 -1.89053375  2.73612427]
Epoch 597, t=2460388.419323065:
  TLE_ECI: r=[-6625.92582236  1027.90386653 -3819.81334923], v=[-3.62400172 -2.8378143   5.51991887]
  RK45_ECI: r=[-3572.14363002  2488.3250778  -6441.25008264], v=[-6.3031011  -1.90725805  2.77168433]
Epoch 598, t=2460388.4193983283:
  TLE_ECI: r=[-6732.49230568   939.19108401 -3652.7425504 ], v=[-3.44887123 -2.8650874   5.61734177]
  RK45_ECI: r=[-3614.24059616  2474.17183011 -6423.1083981 ], v=[-6.28242461 -1.92389573  2.80714652]
Epoch 599, t=2460388.4194735917:
  TLE_ECI: r=[-6833.72126148   849.64659428 -3482.81474429], v=[-3.27100755 -2.88996029  5.71038024]
  RK45_ECI: r=[-3656.19558576  2459.89072688 -6404.7364488 ], v=[-6.26150808 -1.94044602  2.84250974]
Epoch 600, t=2460388.4195488547:
  TLE_ECI: r=[-6929.53242577   759.34531268 -3310.16258171], v=[-3.09055175 -2.91241052  5.79896038]
  RK45_ECI: r=[-3698.00697283  2445.48241726 -6386.13488257], v=[-6.2403523  -1.9569081   2.87777273]
Epoch 601, t=2460388.419624118:
  TLE_ECI: r=[-7019.84984158   668.3627744  -3134.92087865], v=[-2.90764703 -2.93241768  5.88301176]
  RK45_ECI: r=[-3739.6731584   2430.94752418 -6367.30435533], v=[-6.21895808 -1.97328119  2.91293424]
Epoch 602, t=2460388.4196993816:
  TLE_ECI: r=[-7104.60190814   576.77519214 -2957.22651091], v=[-2.72243865 -2.94996338  5.96246749]
  RK45_ECI: r=[-3781.19271662  2416.28664801 -6348.24544126], v=[-6.19732612 -1.98956452  2.94799318]
Epoch 603, t=2460388.419774645:
  TLE_ECI: r=[-7183.72145039   484.65931165 -2777.21830679], v=[-2.53507382 -2.96503132  6.03726429]
  RK45_ECI: r=[-3822.56366641  2401.50056612 -6328.95899149], v=[-6.17545745 -2.00575716  2.98294797]
Epoch 604, t=2460388.419849908:
  TLE_ECI: r=[-7257.14577158   392.09238836 -2595.03693807], v=[-2.34570151 -2.97760731  6.10734255]
  RK45_ECI: r=[-3863.78440632  2386.58995367 -6309.44568959], v=[-6.15335291 -2.02185831  3.01779737]
Epoch 605, t=2460388.4199251714:
  TLE_ECI: r=[-7324.81671075   299.15203733 -2410.82480926], v=[-2.1544724  -2.98767927  6.17264636]
  RK45_ECI: r=[-3904.853923    2371.55527148 -6289.7059477 ], v=[-6.13101301 -2.03786737  3.05254063]
Epoch 606, t=2460388.420000435:
  TLE_ECI: r=[-7386.68068394   205.91629451 -2224.72594525], v=[-1.96153873 -2.99523722  6.23312361]
  RK45_ECI: r=[-3945.77006113  2356.39739009 -6269.74073863], v=[-6.10843893 -2.05378336  3.08717602]
Epoch 607, t=2460388.4200756983:
  TLE_ECI: r=[-7442.68873467   112.4634662  -2036.88587747], v=[-1.76705418 -3.00027334  6.28872598]
  RK45_ECI: r=[-3986.53161514  2341.11686482 -6249.55057958], v=[-6.0856313  -2.0696056   3.12170262]
Epoch 608, t=2460388.4201509617:
  TLE_ECI: r=[-7492.79657393    18.87208373 -1847.45152867], v=[-1.57117373 -3.00278194  6.33940903]
  RK45_ECI: r=[-4027.13663975  2325.71450759 -6229.13637262], v=[-6.0625912  -2.0853332   3.15611889]
Epoch 609, t=2460388.4202262247:
  TLE_ECI: r=[-7536.96461775   -74.77914141 -1656.57109637], v=[-1.37405356 -3.0027595   6.38513221]
  RK45_ECI: r=[-4067.58356316  2310.19102358 -6208.49884148], v=[-6.03931952 -2.10096535  3.19042359]
Epoch 610, t=2460388.420301488:
  TLE_ECI: r=[-7575.15802015  -168.41147281 -1464.3939351 ], v=[-1.17585086 -3.00020465  6.42585894]
  RK45_ECI: r=[-4107.87139081  2294.5468944  -6187.63842262], v=[-6.01581681 -2.11650148  3.22461598]
Epoch 611, t=2460388.4203767516:
  TLE_ECI: r=[-7607.34670324  -261.9460835  -1271.07043758], v=[-0.97672378 -2.9951182   6.4615566 ]
  RK45_ECI: r=[-4147.99800786  2278.78302784 -6166.55614465], v=[-5.99208428 -2.13194064  3.25869435]
Epoch 612, t=2460388.420452015:
  TLE_ECI: r=[-7633.50538259  -355.3042122  -1076.75191491], v=[-0.77683124 -2.9875031   6.49219657]
  RK45_ECI: r=[-4187.96223198  2262.9000034  -6145.25255417], v=[-5.96812262 -2.14728216  3.29265782]
Epoch 613, t=2460388.4205272784:
  TLE_ECI: r=[-7653.61358883  -448.40720806  -881.59047586], v=[-0.57633281 -2.97736451  6.51775429]
  RK45_ECI: r=[-4227.76215557  2246.89866661 -6123.72860345], v=[-5.94393296 -2.16252516  3.32650484]
Epoch 614, t=2460388.4206025414:
  TLE_ECI: r=[-7667.65568657  -541.17657544  -685.73890546], v=[-0.37538858 -2.96470971  6.53820924]
  RK45_ECI: r=[-4267.39623796  2230.77975203 -6101.98505586], v=[-5.91951623 -2.17766887  3.36023422]
Epoch 615, t=2460388.420677805:
  TLE_ECI: r=[-7675.62088173  -633.53413114  -489.35054286], v=[-0.174159   -2.94954817  6.55354498]
  RK45_ECI: r=[-4306.86350425  2214.54376179 -6080.02237181], v=[-5.894873   -2.19271274  3.3938452 ]
Epoch 616, t=2460388.4207530683:
  TLE_ECI: r=[-7677.50323951  -725.4019366   -292.57915872], v=[ 0.02719521 -2.93189151  6.56374919]
  RK45_ECI: r=[-4346.16188234  2198.19163959 -6057.8416349 ], v=[-5.87000456 -2.20765582  3.42733612]
Epoch 617, t=2460388.4208283317:
  TLE_ECI: r=[-7673.30168392  -816.70245445   -95.57883217], v=[ 0.22851322 -2.91175347  6.56881363]
  RK45_ECI: r=[-4385.29021413  2181.7239887  -6035.4434207 ], v=[-5.84491162 -2.22249748  3.4607061 ]
Epoch 618, t=2460388.420903595:
  TLE_ECI: r=[-7663.02000011  -907.35859263   101.49617257], v=[ 0.42963425 -2.88914996  6.56873418]
  RK45_ECI: r=[-4424.24663152  2165.14168748 -6012.82873096], v=[-5.81959536 -2.23723686  3.49395361]
Epoch 619, t=2460388.420978858:
  TLE_ECI: r=[-7646.66683415  -997.29374801   298.4915297 ], v=[ 0.63039767 -2.86409898  6.56351085]
  RK45_ECI: r=[-4463.02962653  2148.44549902 -5989.99836802], v=[-5.79405676 -2.25187321  3.52707749]
Epoch 620, t=2460388.4210541216:
  TLE_ECI: r=[-7624.2556743  -1086.43196191   495.25297542], v=[ 0.83064316 -2.83662066  6.55314777]
  RK45_ECI: r=[-4501.6382449   2131.63594539 -5966.95281597], v=[-5.76829642 -2.26640598  3.56007699]
Epoch 621, t=2460388.421129385:
  TLE_ECI: r=[-7595.80485633 -1174.69785057   691.62643149], v=[ 1.03021085 -2.80673721  6.53765317]
  RK45_ECI: r=[-4540.07045915  2114.71400535 -5943.69321247], v=[-5.74231568 -2.28083426  3.59295047]
Epoch 622, t=2460388.4212046484:
  TLE_ECI: r=[-7561.3375371  -1262.01675967   887.45812863], v=[ 1.22894142 -2.77447289  6.5170394 ]
  RK45_ECI: r=[-4578.32513664  2097.6803053  -5920.22016166], v=[-5.7161153  -2.29515744  3.62569706]
Epoch 623, t=2460388.4212799114:
  TLE_ECI: r=[-7520.88168154 -1348.31478374  1082.59472957], v=[ 1.42667626 -2.73985403  6.49132291]
  RK45_ECI: r=[-4616.40027083  2080.53583945 -5896.53482558], v=[-5.68969662 -2.30937461  3.65831513]
Epoch 624, t=2460388.421355175:
  TLE_ECI: r=[-7474.47002335 -1433.51891819  1276.88345171], v=[ 1.62325765 -2.70290898  6.46052423]
  RK45_ECI: r=[-4654.29492712  2063.28114664 -5872.63770996], v=[-5.66306028 -2.32348525  3.69080396]
Epoch 625, t=2460388.4214304383:
  TLE_ECI: r=[-7422.14006025 -1517.55698859  1470.17218936], v=[ 1.8185288  -2.66366808  6.42466794]
  RK45_ECI: r=[-4692.00763357  2045.91702035 -5848.52965717], v=[-5.63620731 -2.33748863  3.72316238]
Epoch 626, t=2460388.4215057017:
  TLE_ECI: r=[-7363.9340071  -1600.3578016   1662.30963518], v=[ 2.01233405 -2.62216366  6.38378267]
  RK45_ECI: r=[-4729.53658904  2028.44438947 -5824.21174637], v=[-5.60913896 -2.35138393  3.75538893]
Epoch 627, t=2460388.421580965:
  TLE_ECI: r=[-7299.89876385 -1681.85118362  1853.14540099], v=[ 2.20451897 -2.57842996  6.33790107]
  RK45_ECI: r=[-4766.88068747  2010.86390275 -5799.68460977], v=[-5.58185603 -2.36517055  3.78748274]
Epoch 628, t=2460388.421656228:
  TLE_ECI: r=[-7230.08588101 -1761.96801939  2042.5301377 ], v=[ 2.39493051 -2.53250316  6.28705975]
  RK45_ECI: r=[-4804.03796981  1993.17658795 -5774.94946213], v=[-5.55435992 -2.37884763  3.81944222]
Epoch 629, t=2460388.4217314916:
  TLE_ECI: r=[-7154.5514957  -1840.64039602  2230.31565417], v=[ 2.58341714 -2.4844213   6.23129928]
  RK45_ECI: r=[-4841.00752378  1975.38300304 -5750.00683214], v=[-5.5266513  -2.39241464  3.85126667]
Epoch 630, t=2460388.421806755:
  TLE_ECI: r=[-7073.35631438 -1917.80153355  2416.35503517], v=[ 2.76982891 -2.43422428  6.17066414]
  RK45_ECI: r=[-4877.7879132   1957.4839682  -5724.85759981], v=[-5.49873122 -2.40587089  3.88295492]
Epoch 631, t=2460388.4218820184:
  TLE_ECI: r=[-6986.5655418  -1993.38592681  2600.50275798], v=[ 2.95401767 -2.38195378  6.10520267]
  RK45_ECI: r=[-4914.37738106  1939.48044261 -5699.50289158], v=[-5.47060101 -2.41921558  3.91450555]
Epoch 632, t=2460388.421957282:
  TLE_ECI: r=[-6894.24883097 -2067.32937985  2782.61480779], v=[ 3.13583709 -2.32765327  6.03496705]
  RK45_ECI: r=[-4950.77484888  1921.37309695 -5673.94336728], v=[-5.44226148 -2.43244813  3.94591772]
Epoch 633, t=2460388.422032545:
  TLE_ECI: r=[-6796.48023083 -2139.56904075  2962.54879167], v=[ 3.31514287 -2.27136795  5.96001322]
  RK45_ECI: r=[-4986.97840702  1903.16299142 -5648.18029335], v=[-5.41371409 -2.44556771  3.97718984]
Epoch 634, t=2460388.4221078083:
  TLE_ECI: r=[-6693.33809915 -2210.0435349   3140.16405104], v=[ 3.49179281 -2.21314469  5.88040085]
  RK45_ECI: r=[-5022.98716655  1884.85070228 -5622.21422103], v=[-5.38495955 -2.45857382  4.00832124]
Epoch 635, t=2460388.4221830717:
  TLE_ECI: r=[-6584.90507393 -2278.69289643  3315.32177261], v=[ 3.66564693 -2.15303202  5.79619327]
  RK45_ECI: r=[-5058.79972832  1866.43707582 -5596.04606733], v=[-5.35599894 -2.47146577  4.03931078]
Epoch 636, t=2460388.422258335:
  TLE_ECI: r=[-6471.26797972 -2345.45869964  3487.88509755], v=[ 3.83656759 -2.09108006  5.70745743]
  RK45_ECI: r=[-5094.41438118  1847.92310051 -5569.677005  ], v=[-5.32683364 -2.4842428   4.07015706]
Epoch 637, t=2460388.422333598:
  TLE_ECI: r=[-6352.51776826 -2410.2840693   3657.71922899], v=[ 4.00441959 -2.02734051  5.61426384]
  RK45_ECI: r=[-5129.82974668  1829.30963553 -5543.10797129], v=[-5.29746476 -2.49690425  4.10085895]
Epoch 638, t=2460388.4224088616:
  TLE_ECI: r=[-6228.74941461 -2473.11380377  3824.69153746], v=[ 4.1690703  -1.96186653  5.51668647]
  RK45_ECI: r=[-5165.04495252  1810.59727019 -5516.33953237], v=[-5.26789301 -2.50944964  4.13141579]
Epoch 639, t=2460388.422484125:
  TLE_ECI: r=[-6100.06187991 -2533.89430838  3988.67166469], v=[ 4.33038974 -1.89471279  5.41480273]
  RK45_ECI: r=[-5200.05814792  1791.78710063 -5489.37301255], v=[-5.23811993 -2.52187815  4.16182604]
Epoch 640, t=2460388.4225593884:
  TLE_ECI: r=[-5966.55800184 -2592.5737156   4149.53162509], v=[ 4.48825068 -1.82593535  5.30869339]
  RK45_ECI: r=[-5234.86830081  1772.87983114 -5462.20911476], v=[-5.20814638 -2.53418924  4.19208887]
Epoch 641, t=2460388.422634652:
  TLE_ECI: r=[-5828.34441598 -2649.10191031  4307.14590531], v=[ 4.64252878 -1.75559163  5.19844247]
  RK45_ECI: r=[-5269.4737476   1753.87647828 -5434.84905713], v=[-5.17797377 -2.54638218  4.22220292]
Epoch 642, t=2460388.422709915:
  TLE_ECI: r=[-5685.53147589 -2703.43055443  4461.39156152], v=[ 4.79310261 -1.68374039  5.08413724]
  RK45_ECI: r=[-5303.87330616  1734.77784775 -5407.29368293], v=[-5.14760313 -2.55845636  4.25216722]
Epoch 643, t=2460388.4227851783:
  TLE_ECI: r=[-5538.23313065 -2755.5131945   4612.14831447], v=[ 4.93985385 -1.61044159  4.96586807]
  RK45_ECI: r=[-5338.06565767  1715.58478054 -5379.5439695 ], v=[-5.11703561 -2.5704112   4.2819807 ]
Epoch 644, t=2460388.4228604417:
  TLE_ECI: r=[-5386.56687819 -2805.30519898  4759.29864229], v=[ 5.08266725 -1.53575645  4.84372837]
  RK45_ECI: r=[-5372.04947597  1696.29816866 -5351.60090126], v=[-5.08627237 -2.58224604  4.31164227]
Epoch 645, t=2460388.422935705:
  TLE_ECI: r=[-5230.65363783 -2852.76386333  4902.72787082], v=[ 5.22143084 -1.45974732  4.71781457]
  RK45_ECI: r=[-5405.82360231  1676.91881419 -5323.46533715], v=[-5.05531445 -2.59396033  4.341151  ]
Epoch 646, t=2460388.4230109686:
  TLE_ECI: r=[-5070.61765906 -2897.8484283   5042.32426154], v=[ 5.35603591 -1.38247766  4.58822594]
  RK45_ECI: r=[-5439.38642229  1657.44776095 -5295.13853964], v=[-5.02416332 -2.60555335  4.37050553]
Epoch 647, t=2460388.4230862316:
  TLE_ECI: r=[-4906.58642903 -2940.52009902  5177.97909704], v=[ 5.48637717 -1.30401198  4.45506459]
  RK45_ECI: r=[-5472.73678949  1637.8858367  -5266.62138253], v=[-4.99282002 -2.61702452  4.39970494]
Epoch 648, t=2460388.423161495:
  TLE_ECI: r=[-4738.69053419 -2980.74213551  5309.58676378], v=[ 5.61235278 -1.22441572  4.31843533]
  RK45_ECI: r=[-5505.87342499  1618.2339044  -5237.91487808], v=[-4.96128575 -2.62837329  4.42874816]
Epoch 649, t=2460388.4232367584:
  TLE_ECI: r=[-4567.06360598 -3018.47979458  5437.04483252], v=[ 5.73386444 -1.14375533  4.17844561]
  RK45_ECI: r=[-5538.79519399  1598.49279897 -5209.01990942], v=[-4.92956157 -2.63959907  4.45763428]
Epoch 650, t=2460388.423312022:
  TLE_ECI: r=[-4391.84217843 -3053.70041768  5560.25413586], v=[ 5.85081745 -1.06209809  4.03520541]
  RK45_ECI: r=[-5571.50052256  1578.66358514 -5179.93777378], v=[-4.89764898 -2.65070119  4.48636196]
Epoch 651, t=2460388.4233872853:
  TLE_ECI: r=[-4213.16558652 -3086.37344272  5679.11884317], v=[ 5.96312079 -0.97951211  3.88882719]
  RK45_ECI: r=[-5603.98829836  1558.74709112 -5150.66936883], v=[-4.86554906 -2.66167911  4.51493031]
Epoch 652, t=2460388.4234625483:
  TLE_ECI: r=[-4031.17586322 -3116.47041715  5793.54653282], v=[ 6.07068716 -0.89606629  3.73942575]
  RK45_ECI: r=[-5636.25726149  1538.74424625 -5121.21573421], v=[-4.83326305 -2.67253223  4.54333828]
Epoch 653, t=2460388.4235378117:
  TLE_ECI: r=[-3846.0175888  -3143.96506933  5903.44826154], v=[ 6.17343309 -0.81183015  3.58711815]
  RK45_ECI: r=[-5668.30617417  1518.65593465 -5091.57791628], v=[-4.80079215 -2.68326001  4.57158484]
Epoch 654, t=2460388.423613075:
  TLE_ECI: r=[-3657.83782995 -3168.83325687  6008.73863113], v=[ 6.27127893 -0.72687394  3.43202365]
  RK45_ECI: r=[-5700.13393887  1498.48301212 -5061.75682777], v=[-4.76813748 -2.6938619   4.59966908]
Epoch 655, t=2460388.4236883386:
  TLE_ECI: r=[-3466.78598575 -3191.05303554  6109.3358522 ], v=[ 6.36414896 -0.64126846  3.27426357]
  RK45_ECI: r=[-5731.73903367  1478.22656851 -5031.75380835], v=[-4.73530058 -2.70433725  4.62758971]
Epoch 656, t=2460388.4237636016:
  TLE_ECI: r=[-3273.01368717 -3210.60465509  6205.1618051 ], v=[ 6.45197139 -0.55508506  3.11396121]
  RK45_ECI: r=[-5763.12023603  1457.88755153 -5001.569927  ], v=[-4.70228271 -2.7146855   4.65534573]
Epoch 657, t=2460388.423838865:
  TLE_ECI: r=[-3076.67463901 -3227.47061421  6296.14209785], v=[ 6.53467848 -0.46839551  2.95124177]
  RK45_ECI: r=[-5794.2767724   1437.46661318 -4971.20583054], v=[-4.66908468 -2.72490624  4.6829365 ]
Epoch 658, t=2460388.4239141284:
  TLE_ECI: r=[-2877.92455442 -3241.63561521  6382.20612139], v=[ 6.61220649 -0.38127205  2.78623222]
  RK45_ECI: r=[-5825.20700394  1416.96495724 -4940.66302481], v=[-4.63570821 -2.73499878  4.71036062]
Epoch 659, t=2460388.423989392:
  TLE_ECI: r=[-2676.92099399 -3253.0866169   6463.28710165], v=[ 6.68449581 -0.29378724  2.61906124]
  RK45_ECI: r=[-5855.91001939  1396.38335941 -4909.9423093 ], v=[-4.60215429 -2.74496266  4.73761736]
Epoch 660, t=2460388.4240646553:
  TLE_ECI: r=[-2473.82325096 -3261.81283466  6539.32214876], v=[ 6.75149094 -0.20601394  2.44985909]
  RK45_ECI: r=[-5886.38435036  1375.72293347 -4879.04506502], v=[-4.56842449 -2.75479727  4.76470545]
Epoch 661, t=2460388.4241399183:
  TLE_ECI: r=[-2268.79223534 -3267.80574261  6610.2523033 ], v=[ 6.81314053 -0.11802529  2.27875751]
  RK45_ECI: r=[-5916.62881833  1354.9846483  -4847.97239358], v=[-4.53452012 -2.76450207  4.7916239 ]
Epoch 662, t=2460388.4242151817:
  TLE_ECI: r=[-2061.99030894 -3271.05910806  6676.02257945], v=[ 6.86939747 -0.02989451  2.10588966]
  RK45_ECI: r=[-5946.64267773  1334.16917071 -4816.72496187], v=[-4.50044201 -2.77407666  4.81837211]
Epoch 663, t=2460388.424290445:
  TLE_ECI: r=[-1853.58121566 -3271.56895444  6736.58200532], v=[6.92021882 0.05830498 1.93138995]
  RK45_ECI: r=[-5976.42434957  1313.27772955 -4785.30432052], v=[-4.46619193 -2.7835204   4.84494872]
Epoch 664, t=2460388.4243657086:
  TLE_ECI: r=[-1643.72991492 -3269.33359333  6791.88366009], v=[6.96556592 0.14649973 1.75539402]
  RK45_ECI: r=[-6005.97295662  1292.31111771 -4753.71129299], v=[-4.43177089 -2.79283285  4.87135301]
Epoch 665, t=2460388.424440972:
  TLE_ECI: r=[-1432.6024622  -3264.35361865  6841.88470818], v=[7.00540439 0.23461626 1.57803858]
  RK45_ECI: r=[-6035.28708553  1271.27047156 -4721.94730044], v=[-4.39718051 -2.80201344  4.89758374]
Epoch 666, t=2460388.424516235:
  TLE_ECI: r=[-1220.36588918 -3256.63190271  6886.5464304 ], v=[7.03970412 0.32258117 1.39946131]
  RK45_ECI: r=[-6064.36560304  1250.15677991 -4690.01347622], v=[-4.36242214 -2.81106164  4.92363997]
Epoch 667, t=2460388.4245914984:
  TLE_ECI: r=[-1007.18803514 -3246.17360931  6925.83425196], v=[7.06843934 0.41032119 1.21980082]
  RK45_ECI: r=[-6093.20779235  1228.9707237  -4657.91050672], v=[-4.32749661 -2.81997709  4.9495211 ]
Epoch 668, t=2460388.424666762:
  TLE_ECI: r=[ -793.23747408 -3232.98616608  6959.7177676 ], v=[7.09158856 0.49776319 1.03919645]
  RK45_ECI: r=[-6121.81213578  1207.71355587 -4625.63998611], v=[-4.29240576 -2.82875918  4.97522581]
Epoch 669, t=2460388.4247420253:
  TLE_ECI: r=[ -578.68334497 -3217.07927539  6988.17076347], v=[7.10913468 0.58483427 0.85778827]
  RK45_ECI: r=[-6150.17779118  1186.38608524 -4593.2027611 ], v=[-4.2571506  -2.83740749  5.0007534 ]
Epoch 670, t=2460388.4248172888:
  TLE_ECI: r=[ -363.69523038 -3198.4649025   7011.17123604], v=[7.1210649  0.67146183 0.67571689]
  RK45_ECI: r=[-6178.30340159  1164.98946977 -4560.60029183], v=[-4.22173282 -2.84592148  5.02610268]
Epoch 671, t=2460388.4248925517:
  TLE_ECI: r=[ -148.44303409 -3177.15726591  7028.70140797], v=[7.12737081 0.75757357 0.49312341]
  RK45_ECI: r=[-6206.18788017  1143.52471705 -4527.83374243], v=[-4.18615379 -2.85430067  5.05127273]
Epoch 672, t=2460388.424967815:
  TLE_ECI: r=[   66.90318781 -3153.17282897  7040.74774074], v=[7.12804832 0.84309769 0.31014932]
  RK45_ECI: r=[-6233.83053958  1121.99252175 -4494.90381828], v=[-4.15041437 -2.86254469  5.07626297]
Epoch 673, t=2460388.4250430786:
  TLE_ECI: r=[  282.17330271 -3126.53028231  7047.30094446], v=[7.12309772 0.92796273 0.12693636]
  RK45_ECI: r=[-6261.22992515  1100.39415894 -4461.81215571], v=[-4.11451643 -2.870653    5.10107213]
Epoch 674, t=2460388.425118342:
  TLE_ECI: r=[  497.19727046 -3097.25053323  7048.35598439], v=[ 7.11252364  1.01209779 -0.05637356]
  RK45_ECI: r=[-6288.38523054  1078.73045288 -4428.559624  ], v=[-4.07846102 -2.87862518  5.12569951]
Epoch 675, t=2460388.425193605:
  TLE_ECI: r=[  711.80525659 -3065.35669045  7043.9120845 ], v=[ 7.09633507  1.09543252 -0.23963845]
  RK45_ECI: r=[-6315.29503013  1057.00268841 -4395.14787821], v=[-4.04225004 -2.8864607   5.15014387]
Epoch 676, t=2460388.4252688685:
  TLE_ECI: r=[  925.82779998 -3030.87403857  7033.97272778], v=[ 7.07454534  1.17789724 -0.42271636]
  RK45_ECI: r=[-6341.95866404  1035.21157104 -4361.57764074], v=[-4.00588436 -2.89415922  5.17440465]
Epoch 677, t=2460388.425344132:
  TLE_ECI: r=[ 1139.0958895  -2993.83002886  7018.54565378], v=[ 7.04717209  1.25942289 -0.6054655 ]
  RK45_ECI: r=[-6368.37509573  1013.35812795 -4327.85010692], v=[-3.96936539 -2.90172028  5.19848093]
Epoch 678, t=2460388.4254193953:
  TLE_ECI: r=[ 1351.44113115 -2954.25425167  6997.64285279], v=[ 7.0142373   1.33994116 -0.7877443 ]
  RK45_ECI: r=[-6394.54306141   991.44354876 -4293.96679669], v=[-3.93269487 -2.9091434   5.22237162]
Epoch 679, t=2460388.4254946588:
  TLE_ECI: r=[ 1562.69586929 -2912.17841476  6971.28055702], v=[ 6.97576726  1.41938451 -0.96941154]
  RK45_ECI: r=[-6420.46179144   969.46867217 -4259.92860116], v=[-3.89587389 -2.91642821  5.24607604]
Epoch 680, t=2460388.4255699217:
  TLE_ECI: r=[ 1772.69330806 -2867.63632381  6939.47922883], v=[ 6.93179252  1.49768624 -1.15032645]
  RK45_ECI: r=[-6446.12992527   947.43480329 -4225.73721553], v=[-3.85890435 -2.92357421  5.26959299]
Epoch 681, t=2460388.425645185:
  TLE_ECI: r=[ 1981.26767434 -2820.6638361   6902.26354563], v=[ 6.88234791  1.57478059 -1.3303488 ]
  RK45_ECI: r=[-6471.54683385   925.34265989 -4191.39338005], v=[-3.82178719 -2.93058107  5.29292192]
Epoch 682, t=2460388.4257204486:
  TLE_ECI: r=[ 2188.25429548 -2771.29886154  6859.66238204], v=[ 6.8274725   1.65060267 -1.50933902]
  RK45_ECI: r=[-6496.71152934   903.19328567 -4156.89831884], v=[-3.78452382 -2.93744838  5.31606196]
Epoch 683, t=2460388.425795712:
  TLE_ECI: r=[ 2393.48976109 -2719.58131431  6811.70878873], v=[ 6.76720957  1.72508862 -1.6871583 ]
  RK45_ECI: r=[-6521.62280783   880.98788837 -4122.2535875 ], v=[-3.74711603 -2.94417569  5.33901204]
Epoch 684, t=2460388.4258709755:
  TLE_ECI: r=[ 2596.81204144 -2665.55308619  6758.43996833], v=[ 6.70160658  1.79817562 -1.86366867]
  RK45_ECI: r=[-6546.27993721   858.7273202  -4087.4600983 ], v=[-3.70956491 -2.95076264  5.36177152]
Epoch 685, t=2460388.4259462385:
  TLE_ECI: r=[ 2798.06060582 -2609.25802189  6699.89724824], v=[ 6.63071516  1.86980194 -2.03873312]
  RK45_ECI: r=[-6570.68162339   836.41290526 -4052.51958506], v=[-3.67187244 -2.95720878  5.38433923]
Epoch 686, t=2460388.426021502:
  TLE_ECI: r=[ 2997.07657831 -2550.74185257  6636.12605035], v=[ 6.55459103  1.93990703 -2.2122157 ]
  RK45_ECI: r=[-6594.82726882   814.04537265 -4017.43280533], v=[-3.63403955 -2.96351381  5.40671465]
Epoch 687, t=2460388.4260967653:
  TLE_ECI: r=[ 3193.70281526 -2490.05220711  6567.17585792], v=[ 6.47329403  2.0084315  -2.38398163]
  RK45_ECI: r=[-6618.71593538   791.62578157 -3982.20101094], v=[-3.59606769 -2.96967735  5.42889694]
Epoch 688, t=2460388.4261720288:
  TLE_ECI: r=[ 3387.78405921 -2427.23854365  6493.10017921], v=[ 6.386888    2.07531721 -2.55389737]
  RK45_ECI: r=[-6642.3464803    769.15535638 -3946.82579186], v=[-3.55795868 -2.97569897  5.45088507]
Epoch 689, t=2460388.426247292:
  TLE_ECI: r=[ 3579.16705236 -2362.35211834  6413.95650822], v=[ 6.29544082  2.14050734 -2.72183075]
  RK45_ECI: r=[-6665.71820978   746.63496205 -3911.30808071], v=[-3.51971365 -2.98157836  5.47267843]
Epoch 690, t=2460388.426322555:
  TLE_ECI: r=[ 3767.70065007 -2295.44595562  6329.80628241], v=[ 6.19902428  2.20394635 -2.88765106]
  RK45_ECI: r=[-6688.82989747   724.06594016 -3875.6496485 ], v=[-3.4813346  -2.98731509  5.49427588]
Epoch 691, t=2460388.4263978186:
  TLE_ECI: r=[ 3953.23596666 -2226.57476283  6240.71483734], v=[ 6.09771411  2.2655802  -3.05122914]
  RK45_ECI: r=[-6711.68097803   701.44903034 -3839.85126941], v=[-3.44282248 -2.9929089   5.51567694]
Epoch 692, t=2460388.426473082:
  TLE_ECI: r=[ 4135.62645155 -2155.79495107  6146.75135858], v=[ 5.99158986  2.32535618 -3.21243751]
  RK45_ECI: r=[-6734.27056404   678.78530588 -3803.91422194], v=[-3.40417879 -2.99835942  5.53688079]
Epoch 693, t=2460388.4265483455:
  TLE_ECI: r=[ 4314.72803214 -2083.16454836  6047.98883038], v=[ 5.8807349   2.3832231  -3.37115042]
  RK45_ECI: r=[-6756.597575     656.07600703 -3767.84012904], v=[-3.36540535 -3.00366627  5.55788645]
Epoch 694, t=2460388.4266236085:
  TLE_ECI: r=[ 4490.39921515 -2008.7431762   5944.50398162], v=[ 5.76523634  2.43913127 -3.52724398]
  RK45_ECI: r=[-6778.66125284   633.32212162 -3731.63011319], v=[-3.32650352 -3.00882915  5.57869322]
Epoch 695, t=2460388.426698872:
  TLE_ECI: r=[ 4662.50122207 -1932.59195077  5836.37722868], v=[ 5.64518495  2.49303264 -3.68059626]
  RK45_ECI: r=[-6800.46075032   610.52467246 -3695.28547026], v=[-3.28747478 -3.01384774  5.59930033]
Epoch 696, t=2460388.4267741353:
  TLE_ECI: r=[ 4830.89806357 -1854.7735105   5723.69261559], v=[ 5.52067513  2.5448807  -3.83108736]
  RK45_ECI: r=[-6821.99522482   587.68474385 -3658.8075012 ], v=[-3.24832064 -3.01872172  5.61970699]
Epoch 697, t=2460388.4268493988:
  TLE_ECI: r=[ 4995.45667173 -1775.35191522  5606.53775123], v=[ 5.39180483  2.59463061 -3.97859953]
  RK45_ECI: r=[-6843.26394389   564.80331073 -3622.19733983], v=[-3.20904245 -3.02345078  5.63991255]
Epoch 698, t=2460388.426924662:
  TLE_ECI: r=[ 5156.0470001  -1694.39260704  5485.00374365], v=[ 5.25867547  2.64223922 -4.12301726]
  RK45_ECI: r=[-6864.26589049   541.88162702 -3585.45664069], v=[-3.16964208 -3.02803459  5.65991605]
Epoch 699, t=2460388.426999925:
  TLE_ECI: r=[ 5312.54212289 -1611.96237309  5359.18513171], v=[ 5.1213919   2.68766511 -4.26422736]
  RK45_ECI: r=[-6885.00035264   518.92069265 -3548.58654811], v=[-3.13012089 -3.03247287  5.67971682]
Epoch 700, t=2460388.4270751886:
  TLE_ECI: r=[ 5464.81835586 -1528.12922977  5229.17981382], v=[ 4.98006225  2.73086867 -4.40211905]
  RK45_ECI: r=[-6905.46653433   495.92154154 -3511.5883828 ], v=[-3.09048039 -3.03676533  5.69931413]
Epoch 701, t=2460388.427150452:
  TLE_ECI: r=[ 5612.75532654 -1442.96245949  5095.08897408], v=[ 4.83479796  2.77181204 -4.53658407]
  RK45_ECI: r=[-6925.66364533   472.88527028 -3474.46347028], v=[-3.05072212 -3.04091168  5.71870724]
Epoch 702, t=2460388.4272257155:
  TLE_ECI: r=[ 5756.23609087 -1356.53249332  4957.01700561], v=[ 4.68571361  2.81045924 -4.66751676]
  RK45_ECI: r=[-6945.59099939   449.81286447 -3437.21296577], v=[-3.01084745 -3.04491165  5.7378955 ]
Epoch 703, t=2460388.427300979:
  TLE_ECI: r=[ 5895.14722256 -1268.91086904  4815.07143135], v=[ 4.53292688  2.84677613 -4.79481413]
  RK45_ECI: r=[-6965.24764395   426.70559078 -3399.83855394], v=[-2.97085828 -3.04876495  5.75687801]
Epoch 704, t=2460388.427376242:
  TLE_ECI: r=[ 6029.37890147 -1180.17018994  4669.36282212], v=[ 4.37655844  2.88073051 -4.918376  ]
  RK45_ECI: r=[-6984.63291392   403.56445981 -3362.34140002], v=[-2.930756   -3.05247132  5.77565414]
Epoch 705, t=2460388.4274515053:
  TLE_ECI: r=[ 6158.82501686 -1090.38399514  4520.00471223], v=[ 4.21673186  2.91229214 -5.03810499]
  RK45_ECI: r=[-7003.74606536   380.39051559 -3324.72284838], v=[-2.89054213 -3.05603051  5.79422318]
Epoch 706, t=2460388.4275267688:
  TLE_ECI: r=[6283.38323212 -999.626804   4367.11351259], v=[ 4.05357356  2.94143271 -5.1539067 ]
  RK45_ECI: r=[-7022.58644827   357.18477216 -3286.98407062], v=[-2.85021808 -3.05944228  5.81258451]
Epoch 707, t=2460388.427602032:
  TLE_ECI: r=[6402.95508281 -907.97398541 4210.80842129], v=[ 3.88721263  2.96812592 -5.26568974]
  RK45_ECI: r=[-7041.15316238   333.94850527 -3249.12677448], v=[-2.80978576 -3.06270635  5.83073726]
Epoch 708, t=2460388.4276772956:
  TLE_ECI: r=[6517.44605349 -815.50171235 4051.21133187], v=[ 3.71778083  2.99234751 -5.3733658 ]
  RK45_ECI: r=[-7059.44558156   310.68271242 -3211.15214118], v=[-2.76924656 -3.06582249  5.84868084]
Epoch 709, t=2460388.4277525586:
  TLE_ECI: r=[6626.76565301 -722.28691869 3888.44673925], v=[ 3.5454124   3.01407525 -5.47684978]
  RK45_ECI: r=[-7077.46300137   287.38850714 -3173.06153319], v=[-2.72860208 -3.06879048  5.86641456]
Epoch 710, t=2460388.427827822:
  TLE_ECI: r=[6730.82749756 -628.40715777 3722.64164333], v=[ 3.37024401  3.03328902 -5.57605979]
  RK45_ECI: r=[-7095.20473072   264.0669426  -3134.85631742], v=[-2.68785386 -3.07161009  5.88393774]
Epoch 711, t=2460388.4279030855:
  TLE_ECI: r=[6829.54936827 -533.94065341 3553.92545055], v=[ 3.19241463  3.04997078 -5.67091728]
  RK45_ECI: r=[-7112.67016745   240.71904202 -3096.53768502], v=[-2.64700332 -3.07428112  5.90124981]
Epoch 712, t=2460388.427978349:
  TLE_ECI: r=[6922.85328833 -438.96615801 3382.42987315], v=[ 3.01206543  3.06410459 -5.76134708]
  RK45_ECI: r=[-7129.85847755   217.34609105 -3058.10737123], v=[-2.60605242 -3.07680332  5.91834993]
Epoch 713, t=2460388.428053612:
  TLE_ECI: r=[7010.66558402 -343.56292636 3208.28882656], v=[ 2.82933968  3.07567666 -5.8472775 ]
  RK45_ECI: r=[-7146.76900386   193.9492106  -3019.56675745], v=[-2.56500275 -3.0791765   5.93523745]
Epoch 714, t=2460388.4281288753:
  TLE_ECI: r=[7092.91695005 -247.81056732 3031.63832466], v=[ 2.64438258  3.08467537 -5.92864033]
  RK45_ECI: r=[-7163.40133296   170.52917831 -2980.91668434], v=[-2.52385534 -3.08140048  5.95191198]
Epoch 715, t=2460388.4282041388:
  TLE_ECI: r=[7169.54250022 -151.78909947 2852.6163733 ], v=[ 2.45734122  3.09109125 -6.00537097]
  RK45_ECI: r=[-7179.75459086   147.08739993 -2942.1590835 ], v=[-2.48261235 -3.08347505  5.96837263]
Epoch 716, t=2460388.428279402:
  TLE_ECI: r=[7240.48182622  -55.57880241 2671.36286197], v=[ 2.2683644   3.09491699 -6.07740847]
  RK45_ECI: r=[-7195.82830273   123.62479182 -2903.29498351], v=[-2.44127502 -3.08540003  5.98461893]
Epoch 717, t=2460388.4283546656:
  TLE_ECI: r=[7305.67904663   40.73983061 2488.0194537 ], v=[ 2.07760255  3.0961475  -6.14469554]
  RK45_ECI: r=[-7211.62170171   100.14264817 -2864.32614555], v=[-2.39984534 -3.08717524  6.00065011]
Epoch 718, t=2460388.4284299286:
  TLE_ECI: r=[7365.08285397  137.08613902 2302.72947348], v=[ 1.88520759  3.09477987 -6.20717866]
  RK45_ECI: r=[-7227.13418575    76.64209776 -2825.25397153], v=[-2.35832491 -3.0888005   6.01646555]
Epoch 719, t=2460388.428505192:
  TLE_ECI: r=[7418.64655618  233.37944948 2115.63779504], v=[ 1.69133278  3.09081341 -6.26480811]
  RK45_ECI: r=[-7242.36537668    53.1239242  -2786.07931502], v=[-2.31671478 -3.09027567  6.03206486]
Epoch 720, t=2460388.4285804555:
  TLE_ECI: r=[7466.32811726  329.53901524 1926.89072625], v=[ 1.49613263  3.08424962 -6.317538  ]
  RK45_ECI: r=[-7257.31447478    29.58954131 -2746.80413517], v=[-2.27501715 -3.09160058  6.04744724]
Epoch 721, t=2460388.428655719:
  TLE_ECI: r=[7508.0901917   425.4841699  1736.63589322], v=[ 1.29976277  3.07509222 -6.36532634]
  RK45_ECI: r=[-7.27198105e+03  6.03987213e+00 -2.70742948e+03], v=[-2.23323325 -3.09277508  6.06261222]
Epoch 722, t=2460388.4287309824:
  TLE_ECI: r=[7543.90015586  521.13437546 1545.02212313], v=[ 1.10237981  3.06334714 -6.40813504]
  RK45_ECI: r=[-7286.36439655   -17.5237822  -2667.95712176], v=[-2.1913651  -3.09379902  6.07755908]
Epoch 723, t=2460388.4288062453:
  TLE_ECI: r=[7573.7301371   616.40926812 1352.19932599], v=[ 0.90414119  3.04902251 -6.44593   ]
  RK45_ECI: r=[-7300.46397503   -41.10028648 -2628.38849497], v=[-2.14941434 -3.09467227  6.09228725]
Epoch 724, t=2460388.4288815088:
  TLE_ECI: r=[7597.55703024  711.2288154  1158.31837537], v=[ 0.70520506  3.03212867 -6.47868109]
  RK45_ECI: r=[-7314.2794407    -64.68885186 -2588.72446092], v=[-2.10738201 -3.0953947   6.10679637]
Epoch 725, t=2460388.428956772:
  TLE_ECI: r=[7615.36252687  805.51325164  963.53098822], v=[ 0.50573019  3.01267817 -6.50636221]
  RK45_ECI: r=[-7327.81006895   -88.28805772 -2548.96700458], v=[-2.06527034 -3.0959662   6.12108566]
Epoch 726, t=2460388.4290320356:
  TLE_ECI: r=[7627.13312428  899.18323455  767.98960391], v=[ 0.30587577  2.99068573 -6.52895129]
  RK45_ECI: r=[-7341.05547043  -111.89697601 -2509.11718361], v=[-2.02308059 -3.09638663  6.13515472]
Epoch 727, t=2460388.4291072986:
  TLE_ECI: r=[7632.86014116  992.15986853  571.84726263], v=[ 0.10580132  2.96616824 -6.54643033]
  RK45_ECI: r=[-7354.01495487  -135.51418377 -2469.17699408], v=[-1.98081498 -3.09665589  6.14900279]
Epoch 728, t=2460388.429182562:
  TLE_ECI: r=[7632.53971336 1084.36486157  375.25748314], v=[-0.09433348  2.93914479 -6.55878544]
  RK45_ECI: r=[-7366.68821255  -159.13888866 -2429.14731222], v=[-1.93847458 -3.09677389  6.16262954]
Epoch 729, t=2460388.4292578255:
  TLE_ECI: r=[7626.17281368 1175.72045804  178.37414016], v=[-0.29436889  2.90963659 -6.56600677]
  RK45_ECI: r=[-7379.07475699  -182.76994945 -2389.02957814], v=[-1.89606105 -3.09674053  6.17603442]
Epoch 730, t=2460388.429333089:
  TLE_ECI: r=[7613.76523999 1266.14959466  -18.64865863], v=[-0.49414527  2.87766699 -6.56808863]
  RK45_ECI: r=[-7391.17399953  -206.40605657 -2348.82561321], v=[-1.85357642 -3.09655572  6.18921681]
Epoch 731, t=2460388.4294083524:
  TLE_ECI: r=[7595.32761278 1355.57594414 -215.65669578], v=[-0.6935032   2.84326144 -6.56502939]
  RK45_ECI: r=[-7402.98559426  -230.04627769 -2308.53648824], v=[-1.81102197 -3.09621937  6.2021763 ]
Epoch 732, t=2460388.4294836153:
  TLE_ECI: r=[7570.87537019 1443.92395823 -412.49576736], v=[-0.89228361  2.80644752 -6.55683157]
  RK45_ECI: r=[-7414.50892715  -253.68918551 -2268.16422255], v=[-1.76839996 -3.09573142  6.2149122 ]
Epoch 733, t=2460388.4295588788:
  TLE_ECI: r=[7540.42873803 1531.11902153 -609.01180623], v=[-1.09032797  2.76725483 -6.54350178]
  RK45_ECI: r=[-7425.74372493  -277.33398433 -2227.70970304], v=[-1.72571144 -3.09509181  6.22742421]
Epoch 734, t=2460388.429634142:
  TLE_ECI: r=[7504.01273707 1617.08738168 -805.05100524], v=[-1.28747833  2.72571504 -6.52505072]
  RK45_ECI: r=[-7436.68955812  -300.97952908 -2187.17438654], v=[-1.68295811 -3.09430046  6.23971182]
Epoch 735, t=2460388.4297094056:
  TLE_ECI: r=[ 7461.65714552  1701.7563015  -1000.45994006], v=[-1.48357754  2.68186184 -6.5014932 ]
  RK45_ECI: r=[-7447.34590782  -324.62450685 -2146.56011463], v=[-1.64014201 -3.09335733  6.25177444]
Epoch 736, t=2460388.429784669:
  TLE_ECI: r=[ 7413.3964775   1785.05409916 -1195.08569173], v=[-1.67846933  2.63573087 -6.4728481 ]
  RK45_ECI: r=[-7457.71247202  -348.26798208 -2105.86797035], v=[-1.59726444 -3.09226237  6.26361171]
Epoch 737, t=2460388.429859932:
  TLE_ECI: r=[ 7359.26995909  1866.91018792 -1388.77596876], v=[-1.87199846  2.58735977 -6.43913837]
  RK45_ECI: r=[-7467.78871353  -371.90852503 -2065.09999442], v=[-1.55432767 -3.09101555  6.27522299]
Epoch 738, t=2460388.4299351955:
  TLE_ECI: r=[ 7299.32147335  1947.25522272 -1581.37922846], v=[-2.06401086  2.53678805 -6.40039097]
  RK45_ECI: r=[-7477.57439594  -395.54533721 -2024.2570837 ], v=[-1.51133277 -3.08961684  6.286608  ]
Epoch 739, t=2460388.430010459:
  TLE_ECI: r=[ 7233.59955508  2026.02102958 -1772.74479781], v=[-2.25435376  2.48405715 -6.3566369 ]
  RK45_ECI: r=[-7487.06914723  -419.17727102 -1983.34071036], v=[-1.46828144 -3.0880662   6.29776628]
Epoch 740, t=2460388.4300857224:
  TLE_ECI: r=[ 7162.15732845  2103.14075061 -1962.72299331], v=[-2.44287577  2.42921033 -6.30791113]
  RK45_ECI: r=[-7496.27251886  -442.80301198 -1942.3527346 ], v=[-1.42517574 -3.08636363  6.30869728]
Epoch 741, t=2460388.430160986:
  TLE_ECI: r=[ 7085.05246718  2178.5488793  -2151.16523995], v=[-2.62942708  2.37229266 -6.25425257]
  RK45_ECI: r=[-7505.18425305  -466.42162239 -1901.2942507 ], v=[-1.38201699 -3.0845091   6.31940068]
Epoch 742, t=2460388.4302362488:
  TLE_ECI: r=[ 7002.34715246  2252.18129551 -2337.92418926], v=[-2.81385952  2.313351   -6.19570407]
  RK45_ECI: r=[-7513.80389012  -490.03167127 -1860.16731899], v=[-1.33880747 -3.08250264  6.32987589]
Epoch 743, t=2460388.430311512:
  TLE_ECI: r=[ 6914.107994    2323.97540298 -2522.85383593], v=[-2.99602673  2.2524339  -6.13231233]
  RK45_ECI: r=[-7522.13123076  -513.63235866 -1818.97284541], v=[-1.29554825 -3.08034424  6.34012266]
Epoch 744, t=2460388.4303867756:
  TLE_ECI: r=[ 6820.40601303  2393.87005799 -2705.80963357], v=[-3.17578425  2.18959162 -6.06412789]
  RK45_ECI: r=[-7530.16596089  -537.22253566 -1777.71231624], v=[-1.25224106 -3.07803388  6.35014056]
Epoch 745, t=2460388.430462039:
  TLE_ECI: r=[ 6721.31655662  2461.80570437 -2886.64860875], v=[-3.35298964  2.12487605 -5.99120506]
  RK45_ECI: r=[-7537.90770283  -560.8008876  -1736.38760858], v=[-1.20888798 -3.07557163  6.35992911]
Epoch 746, t=2460388.430537302:
  TLE_ECI: r=[ 6616.91924815  2527.72438397 -3065.22947385], v=[-3.52750262  2.05834067 -5.91360191]
  RK45_ECI: r=[-7545.35617392  -584.36626606 -1695.00021573], v=[-1.16549071 -3.0729575   6.36948791]
Epoch 747, t=2460388.4306125655:
  TLE_ECI: r=[ 6507.29789125  2591.56986305 -3241.41273814], v=[-3.69918516  1.9900405  -5.83138016]
  RK45_ECI: r=[-7552.51120079  -607.91786969 -1653.55104949], v=[-1.12205036 -3.07019149  6.37881671]
Epoch 748, t=2460388.430687829:
  TLE_ECI: r=[ 6392.54044323  2653.28756332 -3415.0608175 ], v=[-3.86790159  1.92003205 -5.74460516]
  RK45_ECI: r=[-7559.37241322  -631.45426887 -1612.0421904 ], v=[-1.07856923 -3.06727368  6.38791501]
Epoch 749, t=2460388.4307630924:
  TLE_ECI: r=[ 6272.7389129   2712.82468548 -3586.0381421 ], v=[-4.03351873  1.84837329 -5.65334585]
  RK45_ECI: r=[-7565.93962487  -654.97452432 -1570.47474869], v=[-1.03504862 -3.06420409  6.39678252]
Epoch 750, t=2460388.430838356:
  TLE_ECI: r=[ 6147.98929087  2770.13023474 -3754.2112625 ], v=[-4.19590595  1.77512356 -5.55767464]
  RK45_ECI: r=[-7572.21252937  -678.47732282 -1528.85061669], v=[-0.99149064 -3.0609828   6.40541879]
Epoch 751, t=2460388.4309136188:
  TLE_ECI: r=[ 6018.39147816  2825.1550456  -3919.44895373], v=[-4.35493533  1.70034358 -5.4576674 ]
  RK45_ECI: r=[-7578.19093147  -701.96160983 -1487.17110397], v=[-0.94789682 -3.05760986  6.41382353]
Epoch 752, t=2460388.430988882:
  TLE_ECI: r=[ 5884.04917018  2877.85189446 -4081.62231732], v=[-4.51048173  1.6240953  -5.35340335]
  RK45_ECI: r=[-7583.87460853  -725.42630437 -1445.43771725], v=[-0.90426884 -3.05408534  6.42199638]
Epoch 753, t=2460388.4310641456:
  TLE_ECI: r=[ 5745.06982044  2928.17543148 -4240.60488153], v=[-4.66242289  1.54644194 -5.24496503]
  RK45_ECI: r=[-7589.26335568  -748.87025883 -1403.65196549], v=[-0.86060843 -3.05040932  6.42993702]
Epoch 754, t=2460388.431139409:
  TLE_ECI: r=[ 5601.56451886  2976.0822909  -4396.2726991 ], v=[-4.8106395   1.46744787 -5.1324382 ]
  RK45_ECI: r=[-7594.35700261  -772.29244157 -1361.81516331], v=[-0.81691711 -3.04658186  6.43764515]
Epoch 755, t=2460388.4312146725:
  TLE_ECI: r=[ 5453.64790864  3021.53110872 -4548.50444305], v=[-4.95501533  1.38717862 -5.01591176]
  RK45_ECI: r=[-7599.15531462  -795.69154223 -1319.92921657], v=[-0.77319698 -3.04260308  6.44512039]
Epoch 756, t=2460388.4312899355:
  TLE_ECI: r=[ 5301.4381011   3064.48254158 -4697.18150011], v=[-5.0954373   1.30570076 -4.8954777 ]
  RK45_ECI: r=[-7603.65814856  -819.06650767 -1277.99544425], v=[-0.72944959 -3.03847307  6.45236245]
Epoch 757, t=2460388.431365199:
  TLE_ECI: r=[ 5145.05654292  3104.89936253 -4842.18806171], v=[-5.23179558  1.22308184 -4.771231  ]
  RK45_ECI: r=[-7607.86533958  -842.41625944 -1236.01536356], v=[-0.68567662 -3.03419194  6.45937105]
Epoch 758, t=2460388.4314404624:
  TLE_ECI: r=[ 4984.62797068  3142.74639669 -4983.4112128 ], v=[-5.36398361  1.1393904  -4.64326958]
  RK45_ECI: r=[-7611.77674162  -865.73965264 -1193.99049359], v=[-0.64187982 -3.02975978  6.46614589]
Epoch 759, t=2460388.431515726:
  TLE_ECI: r=[ 4820.28027352  3177.99061422 -5120.74101802], v=[-5.49189827  1.05469584 -4.51169414]
  RK45_ECI: r=[-7615.39223628  -889.0356577  -1151.92215781], v=[-0.5980607  -3.02517671  6.47268671]
Epoch 760, t=2460388.431590989:
  TLE_ECI: r=[ 4652.14439812  3210.60114153 -5254.0706054 ], v=[-5.61543987  0.96906843 -4.37660818]
  RK45_ECI: r=[-7618.71166079  -912.3029687  -1109.81227387], v=[-0.55422138 -3.02044289  6.47899319]
Epoch 761, t=2460388.431666252:
  TLE_ECI: r=[ 4480.35425212  3240.54927354 -5383.29624754], v=[-5.7345123   0.88257918 -4.23811784]
  RK45_ECI: r=[-7621.73492432  -935.54053535 -1067.66216898], v=[-0.51036341 -3.01555843  6.48506508]
Epoch 762, t=2460388.4317415156:
  TLE_ECI: r=[ 4305.04655779  3267.80855065 -5508.31744006], v=[-5.84902301  0.79529978 -4.09633182]
  RK45_ECI: r=[-7624.46191998  -958.74728297 -1025.47336942], v=[-0.46648848 -3.01052347  6.49090213]
Epoch 763, t=2460388.431816779:
  TLE_ECI: r=[ 4126.36079885  3292.35469967 -5629.03697763], v=[-5.95888315  0.70730265 -3.95136134]
  RK45_ECI: r=[-7626.89257371  -981.92216214  -983.24720481], v=[-0.42259813 -3.00533815  6.49650411]
Epoch 764, t=2460388.4318920425:
  TLE_ECI: r=[ 3944.43907033  3314.16570822 -5745.36102704], v=[-6.06400761  0.61866074 -3.80331998]
  RK45_ECI: r=[-7629.02678044 -1005.06387166  -940.98560101], v=[-0.3786945  -3.00000265  6.50187073]
Epoch 765, t=2460388.4319673055:
  TLE_ECI: r=[ 3759.42598397  3333.2218179  -5857.19919769], v=[-6.16431504  0.52944757 -3.65232364]
  RK45_ECI: r=[-7630.86448109 -1028.17127288  -898.69008953], v=[-0.33477931 -2.99451715  6.50700177]
Epoch 766, t=2460388.432042569:
  TLE_ECI: r=[ 3571.4685134   3349.50558548 -5964.46460918], v=[-6.25972797  0.43973709 -3.49849042]
  RK45_ECI: r=[-7632.40564594 -1051.24356924  -856.36160713], v=[-0.29085369 -2.98888173  6.51189706]
Epoch 767, t=2460388.4321178324:
  TLE_ECI: r=[ 3380.7159356   3363.00182882 -6067.07395631], v=[-6.3501728   0.34960368 -3.34194054]
  RK45_ECI: r=[-7633.65020473 -1074.27934945  -814.00228349], v=[-0.24691997 -2.98309666  6.51655633]
Epoch 768, t=2460388.432193096:
  TLE_ECI: r=[ 3187.31967289  3373.6976857  -6164.94757103], v=[-6.4355799   0.25912209 -3.18279625]
  RK45_ECI: r=[-7634.59814304 -1097.27768254  -771.6132563 ], v=[-0.20297948 -2.97716206  6.52097942]
Epoch 769, t=2460388.432268359:
  TLE_ECI: r=[ 2991.4331827   3381.58261244 -6258.00948162], v=[-6.5158836   0.16836734 -3.02118171]
  RK45_ECI: r=[-7635.2494281  -1120.23727443  -729.19646006], v=[-0.15903434 -2.97107817  6.52516607]
Epoch 770, t=2460388.432343622:
  TLE_ECI: r=[ 2793.211846    3386.64838443 -6346.18746897], v=[-6.59102231  0.07741468 -2.85722291]
  RK45_ECI: r=[-7635.60406009 -1143.1569922   -686.75343299], v=[-0.11508631 -2.96484521  6.52911612]
Epoch 771, t=2460388.4324188856:
  TLE_ECI: r=[ 2592.81280462  3388.8891367  -6429.41311993], v=[-6.66093847 -0.01366049 -2.69104757]
  RK45_ECI: r=[-7635.66204742 -1166.03604262  -644.2851164 ], v=[-0.0711365  -2.95846327  6.53282943]
Epoch 772, t=2460388.432494149:
  TLE_ECI: r=[ 2390.39489718  3388.30131747 -6507.62187779], v=[-6.72557866 -0.10478263 -2.52278505]
  RK45_ECI: r=[-7635.42339921 -1188.87302351  -601.79364824], v=[-0.02718725 -2.95193268  6.53630577]
Epoch 773, t=2460388.4325694125:
  TLE_ECI: r=[ 2186.11849433  3384.88372616 -6580.75308977], v=[-6.78489358 -0.19587616 -2.35256623]
  RK45_ECI: r=[-7634.88814658 -1211.6670085   -559.28017096], v=[ 0.01676011 -2.94525358  6.53954503]
Epoch 774, t=2460388.432644676:
  TLE_ECI: r=[ 1980.14538292  3378.63750567 -6648.7500515 ], v=[-6.83883813 -0.28686553 -2.18052344]
  RK45_ECI: r=[-7634.05632914 -1234.41671218  -516.74662591], v=[ 0.06070344 -2.93842626  6.542547  ]
Epoch 775, t=2460388.432719939:
  TLE_ECI: r=[ 1772.63864907  3369.56613661 -6711.56004862], v=[-6.88737138 -0.37767522 -2.00679034]
  RK45_ECI: r=[-7632.92800634 -1257.12100896  -474.19455663], v=[ 0.10464101 -2.93145096  6.54531156]
Epoch 776, t=2460388.4327952024:
  TLE_ECI: r=[ 1563.76251114  3357.67545644 -6769.1343952 ], v=[-6.93045665 -0.46822991 -1.83150182]
  RK45_ECI: r=[-7631.5032248  -1279.7791097   -431.62490809], v=[ 0.1485717  -2.92432782  6.5478386 ]
Epoch 777, t=2460388.432870466:
  TLE_ECI: r=[ 1353.68225094  3342.9736219  -6821.42846945], v=[-6.96806149 -0.55845441 -1.65479391]
  RK45_ECI: r=[-7629.78207304 -1302.38962297  -389.03982456], v=[ 0.19249316 -2.91705719  6.55012796]
Epoch 778, t=2460388.4329457292:
  TLE_ECI: r=[ 1142.56404534  3325.47112567 -6868.40174616], v=[-7.00015773 -0.6482738  -1.47680367]
  RK45_ECI: r=[-7627.76462776 -1324.95162803  -346.44045217], v=[ 0.23640406 -2.90963926  6.55217954]
Epoch 779, t=2460388.4330209927:
  TLE_ECI: r=[  930.57484685  3305.18078263 -6910.01782617], v=[-7.02672146 -0.73761345 -1.29766909]
  RK45_ECI: r=[-7625.45100096 -1347.46384981  -303.82873738], v=[ 0.28030227 -2.90207435  6.55399322]
Epoch 780, t=2460388.4330962556:
  TLE_ECI: r=[  717.88226356  3282.11771792 -6946.2444629 ], v=[-7.04773309 -0.8263991  -1.11752899]
  RK45_ECI: r=[-7622.84131135 -1369.92517116  -261.20622761], v=[ 0.32418604 -2.89436274  6.55556888]
Epoch 781, t=2460388.433171519:
  TLE_ECI: r=[  504.65439053  3256.29936467 -6977.05358567], v=[-7.0631773  -0.91455697 -0.93652294]
  RK45_ECI: r=[-7619.93564377 -1392.33480813  -218.57387059], v=[ 0.36805427 -2.88650461  6.55690647]
Epoch 782, t=2460388.4332467825:
  TLE_ECI: r=[  291.05973739  3227.74543586 -7002.42132019], v=[-7.07304312 -1.00201367 -0.75479112]
  RK45_ECI: r=[-7616.73416612 -1414.69138154  -175.93381497], v=[ 0.41190461 -2.87850033  6.55800588]
Epoch 783, t=2460388.433322046:
  TLE_ECI: r=[   77.26705909  3196.47791972 -7022.32800585], v=[-7.07732386 -1.08869642 -0.57247424]
  RK45_ECI: r=[-7613.2370006  -1436.99397764  -133.2872095 ], v=[ 0.45573572 -2.87035012  6.55886704]
Epoch 784, t=2460388.433397309:
  TLE_ECI: r=[ -136.55475549  3162.5210604  -7036.75820998], v=[-7.07601717 -1.17453295 -0.38971343]
  RK45_ECI: r=[-7609.44435108 -1459.24122325   -90.63620409], v=[ 0.49954528 -2.86205441  6.55948987]
Epoch 785, t=2460388.4334725724:
  TLE_ECI: r=[ -350.23685168  3125.90133858 -7045.700739  ], v=[-7.06912501 -1.25945176 -0.20665016]
  RK45_ECI: r=[-7605.35633691 -1481.43234014   -47.98174812], v=[ 0.54333216 -2.85361337  6.55987434]
Epoch 786, t=2460388.433547836:
  TLE_ECI: r=[ -563.61048333  3086.64745135 -7049.1486467 ], v=[-7.05665366 -1.34338197 -0.0234261 ]
  RK45_ECI: r=[-7.60097314e+03 -1.50356622e+03 -5.32539171e+00], v=[ 0.58709463 -2.84502732  6.56002039]
Epoch 787, t=2460388.4336230992:
  TLE_ECI: r=[ -776.50718073  3044.79029058 -7047.09923924], v=[-7.0386137  -1.42625346  0.15981695]
  RK45_ECI: r=[-7596.29498689 -1525.64161167    37.33091427], v=[ 0.63083055 -2.83629666  6.55992797]
Epoch 788, t=2460388.4336983627:
  TLE_ECI: r=[ -988.75887126  3000.36291884 -7039.55407718], v=[-7.01502    -1.50799695  0.34293717]
  RK45_ECI: r=[-7591.32204639 -1547.65760465    79.98601953], v=[ 0.6745386  -2.82742163  6.55959707]
Epoch 789, t=2460388.4337736256:
  TLE_ECI: r=[-1200.19800081  2953.40054739 -7026.5189745 ], v=[-6.98589175 -1.58854402  0.52579284]
  RK45_ECI: r=[-7586.05460109 -1569.61284228   122.63777265], v=[ 0.71821644 -2.8184027   6.55902765]
Epoch 790, t=2460388.433848889:
  TLE_ECI: r=[-1410.65769777  2903.94049572 -7008.00399437], v=[-6.95125239 -1.6678272   0.70824241]
  RK45_ECI: r=[-7580.49280847 -1591.50655301   165.28522322], v=[ 0.76186297 -2.80924006  6.55821971]
Epoch 791, t=2460388.4339241525:
  TLE_ECI: r=[-1619.97184981  2852.02218167 -6984.02344214], v=[-6.91112962 -1.74577998  0.89014463]
  RK45_ECI: r=[-7574.63690917 -1613.33764119   207.92682015], v=[ 0.80547645 -2.79993408  6.55717323]
Epoch 792, t=2460388.433999416:
  TLE_ECI: r=[-1827.97526727  2797.68707895 -6954.59585498], v=[-6.86555538 -1.82233685  1.07135865]
  RK45_ECI: r=[-7568.48720284 -1635.10486552   250.56061217], v=[ 0.84905475 -2.79048519  6.55588824]
Epoch 793, t=2460388.4340746794:
  TLE_ECI: r=[-2034.50380227  2740.97868782 -6919.74398865], v=[-6.81456583 -1.89743342  1.25174409]
  RK45_ECI: r=[-7562.04390253 -1656.80732892   293.18544849], v=[ 0.89259654 -2.78089367  6.55436472]
Epoch 794, t=2460388.4341499424:
  TLE_ECI: r=[-2239.39446788  2681.94250792 -6879.49480114], v=[-6.75820133 -1.9710064   1.4311612 ]
  RK45_ECI: r=[-7555.30737013 -1678.44368944   335.79917823], v=[ 0.93609952 -2.77116001  6.55260273]
Epoch 795, t=2460388.434225206:
  TLE_ECI: r=[-2442.48559612  2620.62597742 -6833.87943321], v=[-6.69650639 -2.04299374  1.60947089]
  RK45_ECI: r=[-7548.27780108 -1700.01318338   378.40085078], v=[ 0.97956255 -2.76128447  6.55060228]
Epoch 796, t=2460388.4343004692:
  TLE_ECI: r=[-2643.61691564  2557.07847347 -6782.93318601], v=[-6.62952967 -2.11333457  1.7865349 ]
  RK45_ECI: r=[-7540.95549493 -1721.51472749   420.98891556], v=[ 1.02298393 -2.75126741  6.54836341]
Epoch 797, t=2460388.4343757327:
  TLE_ECI: r=[-2842.62970838  2491.35124931 -6726.69549554], v=[-6.55732392 -2.18196931  1.96221585]
  RK45_ECI: r=[-7533.34082302 -1742.9470965    463.56142269], v=[ 1.06636152 -2.74110932  6.54588618]
Epoch 798, t=2460388.4344509956:
  TLE_ECI: r=[-3039.36691752  2423.4974094  -6665.2099041 ], v=[-6.47994597 -2.24883972  2.13637738]
  RK45_ECI: r=[-7525.43411656 -1764.30921423   506.11682265], v=[ 1.10969362 -2.73081059  6.54317065]
Epoch 799, t=2460388.434526259:
  TLE_ECI: r=[-3233.67329882  2353.57183269 -6598.52402867], v=[-6.39745667 -2.31388897  2.30888422]
  RK45_ECI: r=[-7517.23559729 -1785.60032293   548.65416508], v=[ 1.15297911 -2.7203715   6.54021686]
Epoch 800, t=2460388.4346015225:
  TLE_ECI: r=[-3425.39549842  2281.63118109 -6526.68952642], v=[-6.30992087 -2.37706161  2.4796023 ]
  RK45_ECI: r=[-7508.74571716 -1806.81910156   591.17130207], v=[ 1.19621567 -2.70979258  6.53702492]
Epoch 801, t=2460388.434676786:
  TLE_ECI: r=[-3614.38220166  2207.7338215  -6449.76205697], v=[-6.21740737 -2.4383037   2.64839887]
  RK45_ECI: r=[-7499.96476137 -1827.96466954   633.66708433], v=[ 1.239402   -2.69907417  6.53359488]
Epoch 802, t=2460388.4347520494:
  TLE_ECI: r=[-3800.48424418  2131.9397882  -6367.80124186], v=[-6.11998884 -2.4975628   2.81514258]
  RK45_ECI: r=[-7490.89317286 -1849.03581808   676.13956518], v=[ 1.28253599 -2.68821677  6.52992687]
Epoch 803, t=2460388.4348273124:
  TLE_ECI: r=[-3983.55472328  2054.31074674 -6280.87062087], v=[-6.01774184 -2.55478801  2.97970357]
  RK45_ECI: r=[-7481.53134111 -1870.03148614   718.58719782], v=[ 1.32561592 -2.67722083  6.52602101]
Epoch 804, t=2460388.434902576:
  TLE_ECI: r=[-4163.44913738  1974.90989973 -6189.03760543], v=[-5.9107467  -2.60993012  3.1419536 ]
  RK45_ECI: r=[-7471.8795256  -1890.95092517   761.00903327], v=[ 1.3686407  -2.66608662  6.52187733]
Epoch 805, t=2460388.4349778392:
  TLE_ECI: r=[-4340.02546327  1893.80200469 -6092.37342913], v=[-5.79908751 -2.6629415   3.30176611]
  RK45_ECI: r=[-7461.93825641 -1911.79283373   803.40292838], v=[ 1.41160802 -2.65481475  6.51749602]
Epoch 806, t=2460388.4350531027:
  TLE_ECI: r=[-4513.14429295  1811.05327781 -5990.95309514], v=[-5.68285203 -2.71377624  3.45901636]
  RK45_ECI: r=[-7451.70786354 -1932.55634289   845.76773619], v=[ 1.45451657 -2.64340556  6.51287717]
Epoch 807, t=2460388.435128366:
  TLE_ECI: r=[-4682.66893782  1726.73135235 -5884.85532083], v=[-5.56213166 -2.76239015  3.61358149]
  RK45_ECI: r=[-7441.18886085 -1953.24026283   888.10151505], v=[ 1.49736427 -2.63185962  6.50802096]
Epoch 808, t=2460388.435203629:
  TLE_ECI: r=[-4848.46553224  1640.90523882 -5774.16247945], v=[-5.43702137 -2.80874082  3.76534066]
  RK45_ECI: r=[-7430.38164899 -1973.84362783   930.4029208 ], v=[ 1.5401496  -2.62017733  6.50292752]
Epoch 809, t=2460388.4352788925:
  TLE_ECI: r=[-5010.40315958  1553.6452136  -5658.96053883], v=[-5.30761958 -2.85278768  3.91417507]
  RK45_ECI: r=[-7419.28666587 -1994.36545984   972.67041133], v=[ 1.58287089 -2.60835916  6.497597  ]
Epoch 810, t=2460388.435354156:
  TLE_ECI: r=[-5168.35392699  1465.02284614 -5539.33899746], v=[-5.17402818 -2.89449199  4.05996815]
  RK45_ECI: r=[-7407.90437814 -2014.80471863  1014.90244564], v=[ 1.62552643 -2.5964056   6.49202957]
Epoch 811, t=2460388.4354294194:
  TLE_ECI: r=[-5322.1930876   1375.11088622 -5415.3908175 ], v=[-5.03635241 -2.93381688  4.20260558]
  RK45_ECI: r=[-7396.23520733 -2035.16046798  1057.09768174], v=[ 1.66811474 -2.58431707  6.48622537]
Epoch 812, t=2460388.435504683:
  TLE_ECI: r=[-5471.79913559  1283.98321876 -5287.21235512], v=[-4.89470076 -2.97072743  4.34197541]
  RK45_ECI: r=[-7384.27973776 -2055.43153831  1099.2541848 ], v=[ 1.71063373 -2.57209418  6.48018465]
Epoch 813, t=2460388.435579946:
  TLE_ECI: r=[-5617.05390018  1191.71482095 -5154.90328812], v=[-4.74918495 -3.00519065  4.47796817]
  RK45_ECI: r=[-7372.03842128 -2075.61697879  1141.37061541], v=[ 1.75308191 -2.55973736  6.47390756]
Epoch 814, t=2460388.4356552092:
  TLE_ECI: r=[-5757.84265531  1098.38163562 -5018.56654068], v=[-4.59991978 -3.03717558  4.61047691]
  RK45_ECI: r=[-7359.51175245 -2095.71582819  1183.44543727], v=[ 1.79545761 -2.54724713  6.46739431]
Epoch 815, t=2460388.4357304727:
  TLE_ECI: r=[-5894.0541904   1004.06060721 -4878.30820561], v=[-4.44702311 -3.06665325  4.73939733]
  RK45_ECI: r=[-7346.70019936 -2115.72714096  1225.47731265], v=[ 1.83775933 -2.53462392  6.46064507]
Epoch 816, t=2460388.435805736:
  TLE_ECI: r=[-6025.5809154    908.82955435 -4734.23746384], v=[-4.29061575 -3.09359674  4.86462788]
  RK45_ECI: r=[-7333.60440238 -2135.6497645   1267.46431346], v=[ 1.87998503 -2.52186839  6.45366014]
Epoch 817, t=2460388.435880999:
  TLE_ECI: r=[-6152.31894192   812.76714052 -4586.46650135], v=[-4.13082135 -3.11798119  4.98606979]
  RK45_ECI: r=[-7320.2249126  -2155.48268441  1309.40490827], v=[ 1.92213301 -2.50898105  6.44643973]
Epoch 818, t=2460388.4359562625:
  TLE_ECI: r=[-6274.16817781   715.95273747 -4435.11042359], v=[-3.96776631 -3.1397839   5.10362719]
  RK45_ECI: r=[-7306.56209363 -2175.22518329  1351.29815667], v=[ 1.9642022  -2.49596225  6.43898398]
Epoch 819, t=2460388.436031526:
  TLE_ECI: r=[-6391.03239371   618.46646731 -4280.28716737], v=[-3.80157972 -3.15898424  5.21720721]
  RK45_ECI: r=[-7292.61669124 -2194.87602336  1393.14193949], v=[ 2.00619035 -2.48281272  6.43129324]
Epoch 820, t=2460388.4361067894:
  TLE_ECI: r=[-6502.81931223   520.38906537 -4122.11741036], v=[-3.63239324 -3.17556376  5.32672   ]
  RK45_ECI: r=[-7278.38915909 -2214.43437382  1434.93512209], v=[ 2.04809618 -2.46953287  6.4233677 ]
Epoch 821, t=2460388.436182053:
  TLE_ECI: r=[-6609.44068109   421.80183112 -3960.7244782 ], v=[-3.46034097 -3.18950617  5.43207887]
  RK45_ECI: r=[-7263.88020699 -2233.89910465  1476.67578647], v=[ 2.08991764 -2.45612337  6.41520768]
Epoch 822, t=2460388.436257316:
  TLE_ECI: r=[-6710.81234485   322.78658048 -3796.23424928], v=[-3.28555939 -3.20079736  5.53320035]
  RK45_ECI: r=[-7249.09044274 -2253.26922077  1518.36240944], v=[ 2.13165307 -2.44258479  6.40681347]
Epoch 823, t=2460388.4363325792:
  TLE_ECI: r=[-6806.85431839   223.42549954 -3628.77505732], v=[-3.10818722 -3.20942547  5.63000422]
  RK45_ECI: r=[-7234.02026657 -2272.5440173   1559.99405537], v=[ 2.1733014  -2.42891751  6.39818522]
Epoch 824, t=2460388.4364078427:
  TLE_ECI: r=[-6897.49084658   123.80119312 -3458.47759179], v=[-2.92836535 -3.21538083  5.72241366]
  RK45_ECI: r=[-7218.67049996 -2291.72228217  1601.56861739], v=[ 2.21486041 -2.41512227  6.38932335]
Epoch 825, t=2460388.436483106:
  TLE_ECI: r=[-6982.65047179    23.99653823 -3285.47479614], v=[-2.74623667 -3.218656    5.81035523]
  RK45_ECI: r=[-7203.04163999 -2310.80320001  1643.08496734], v=[ 2.25632883 -2.40119952  6.38022806]
Epoch 826, t=2460388.4365583695:
  TLE_ECI: r=[-7062.26609198   -75.90536645 -3109.90176416], v=[-2.56194602 -3.21924581  5.893759  ]
  RK45_ECI: r=[-7187.13446512 -2329.78566505  1684.54119909], v=[ 2.29770463 -2.38714999  6.37089976]
Epoch 827, t=2460388.4366336325:
  TLE_ECI: r=[-7136.27501723  -175.82124853 -2931.89563428], v=[-2.37564002 -3.21714734  5.97255861]
  RK45_ECI: r=[-7170.9496393  -2348.66870245  1725.93579911], v=[ 2.33898618 -2.37297425  6.36133876]
Epoch 828, t=2460388.436708896:
  TLE_ECI: r=[-7204.61902026  -275.66781577 -2751.59548206], v=[-2.18746699 -3.21235994  6.04669128]
  RK45_ECI: r=[-7154.48759905 -2367.45162068  1767.26783745], v=[ 2.3801724  -2.35867271  6.35154524]
Epoch 829, t=2460388.4367841594:
  TLE_ECI: r=[-7267.24438735  -375.36170182 -2569.14221091], v=[-1.99757679 -3.20488524  6.11609792]
  RK45_ECI: r=[-7137.74924067 -2386.13323509  1808.53522155], v=[ 2.42126111 -2.34424616  6.34151969]
Epoch 830, t=2460388.436859423:
  TLE_ECI: r=[-7324.10196225  -474.81961889 -2384.67844115], v=[-1.80612076 -3.19472712  6.18072318]
  RK45_ECI: r=[-7120.73510408 -2404.71274686  1849.73683077], v=[ 2.46225104 -2.32969508  6.33126234]
Epoch 831, t=2460388.4369346863:
  TLE_ECI: r=[-7375.14718771  -573.95840768 -2198.34839746], v=[-1.6132515  -3.18189176  6.24051545]
  RK45_ECI: r=[-7103.44603585 -2423.18907516  1890.87077264], v=[ 2.5031402  -2.31502022  6.32077365]
Epoch 832, t=2460388.4370099492:
  TLE_ECI: r=[-7420.34014486  -672.69508648 -2010.29779484], v=[-1.41912287 -3.1663876   6.29542698]
  RK45_ECI: r=[-7085.88275529 -2441.56126705  1931.93554473], v=[ 2.54392696 -2.3002222   6.31005398]
Epoch 833, t=2460388.4370852127:
  TLE_ECI: r=[-7459.64557936  -770.94700795 -1820.67372325], v=[-1.22388971 -3.14822536  6.34541386]
  RK45_ECI: r=[-7068.04573467 -2459.82864542  1972.93022367], v=[ 2.58461028 -2.28530143  6.29910353]
Epoch 834, t=2460388.437160476:
  TLE_ECI: r=[-7493.03294211  -868.63179956 -1629.62453083], v=[-1.02770785 -3.12741801  6.39043612]
  RK45_ECI: r=[-7049.93594437 -2477.990054    2013.85273314], v=[ 2.62518799 -2.27025877  6.28792286]
Epoch 835, t=2460388.4372357395:
  TLE_ECI: r=[-7520.47640803  -965.66752024 -1437.29970608], v=[-0.83073392 -3.10398081  6.43045771]
  RK45_ECI: r=[-7031.55396665 -2496.04471146  2054.70196113], v=[ 2.66565884 -2.2550947   6.27651222]
Epoch 836, t=2460388.4373110025:
  TLE_ECI: r=[-7541.95490277 -1061.97268649 -1243.84975886], v=[-0.63312519 -3.07793124  6.46544658]
  RK45_ECI: r=[-7012.90080508 -2513.99147491  2095.47583943], v=[ 2.70602066 -2.23981009  6.26487219]
Epoch 837, t=2460388.437386266:
  TLE_ECI: r=[-7557.4521084  -1157.46643031 -1049.42610049], v=[-0.43503949 -3.04928903  6.49537468]
  RK45_ECI: r=[-6993.97696391 -2531.82968077  2136.17345162], v=[ 2.74627244 -2.22440536  6.25300299]
Epoch 838, t=2460388.4374615294:
  TLE_ECI: r=[-7566.9564951  -1252.06843587  -854.18092294], v=[-0.23663505 -3.01807612  6.52021802]
  RK45_ECI: r=[-6974.78322057 -2549.55840035  2176.7933083 ], v=[ 2.78641257 -2.20888119  6.24090505]
Epoch 839, t=2460388.437536793:
  TLE_ECI: r=[-7570.46131934 -1345.69909639  -658.26707731], v=[-0.03807036 -2.98431667  6.53995664]
  RK45_ECI: r=[-6955.32052848 -2567.17659635  2217.33354253], v=[ 2.82643908 -2.19323837  6.2285789 ]
Epoch 840, t=2460388.4376120563:
  TLE_ECI: r=[-7567.9646325  -1438.27956029  -461.83795169], v=[ 0.16049594 -2.94803702  6.5545747 ]
  RK45_ECI: r=[-6935.5895117  -2584.68350583  2257.79305195], v=[ 2.86635076 -2.17747744  6.21602484]
Epoch 841, t=2460388.4376873192:
  TLE_ECI: r=[-7559.46928696 -1529.73177657  -265.04734843], v=[ 0.35890521 -2.90926566  6.56406042]
  RK45_ECI: r=[-6915.59124632 -2602.0780166   2298.16978744], v=[ 2.90614548 -2.16159927  6.20324349]
Epoch 842, t=2460388.4377625827:
  TLE_ECI: r=[-7544.9829161  -1619.9786503    -68.04936111], v=[ 0.55699896 -2.86803325  6.56840616]
  RK45_ECI: r=[-6895.32627149 -2619.35948086  2338.46284087], v=[ 2.94582222 -2.14560434  6.19023513]
Epoch 843, t=2460388.437837846:
  TLE_ECI: r=[-7524.51795386 -1708.94397596   129.00174887], v=[ 0.75461896 -2.82437255  6.56760837]
  RK45_ECI: r=[-6874.79541849 -2636.52699399  2378.67073684], v=[ 2.9853794  -2.12949333  6.17700021]
Epoch 844, t=2460388.4379131095:
  TLE_ECI: r=[-7498.09160704 -1796.55259125   325.95167576], v=[ 0.95160737 -2.77831841  6.56166763]
  RK45_ECI: r=[-6853.99970634 -2653.57954748  2418.79162664], v=[ 3.02481509 -2.11326708  6.16353931]
Epoch 845, t=2460388.437988373:
  TLE_ECI: r=[-7465.72584497 -1882.73041937   522.64619312], v=[ 1.14780691 -2.72990774  6.55058865]
  RK45_ECI: r=[-6832.93980028 -2670.51639759  2458.82441867], v=[ 3.06412809 -2.09692614  6.14985277]
Epoch 846, t=2460388.438063636:
  TLE_ECI: r=[-7427.4473865  -1967.40451107   718.93127727], v=[ 1.34306094 -2.67917948  6.53438023]
  RK45_ECI: r=[-6811.61684786 -2687.33646421  2498.76708479], v=[ 3.10331631 -2.08047145  6.13594129]
Epoch 847, t=2460388.4381388994:
  TLE_ECI: r=[-7383.28765443 -2050.50319446   914.6532306 ], v=[ 1.53721369 -2.62617457  6.51305529]
  RK45_ECI: r=[-6790.03142246 -2704.03911631  2538.61872604], v=[ 3.14237873 -2.06390347  6.12180514]
Epoch 848, t=2460388.438214163:
  TLE_ECI: r=[-7333.28278277 -2131.95600519  1109.65880464], v=[ 1.73011026 -2.57093588  6.48663086]
  RK45_ECI: r=[-6768.1844085  -2720.6234742   2578.37788241], v=[ 3.18131381 -2.04722294  6.10744482]
Epoch 849, t=2460388.4382894263:
  TLE_ECI: r=[-7277.47356361 -2211.69383457  1303.79532266], v=[ 1.92159684 -2.51350825  6.45512802]
  RK45_ECI: r=[-6746.07688957 -2737.08855935  2618.0427252 ], v=[ 3.22011964 -2.03043072  6.09286098]
Epoch 850, t=2460388.4383646897:
  TLE_ECI: r=[-7215.90541799 -2289.64896701  1496.91080167], v=[ 2.11152083 -2.45393836  6.41857192]
  RK45_ECI: r=[-6723.7095713  -2753.43364843  2657.61217456], v=[ 3.25879505 -2.0135274   6.07805399]
Epoch 851, t=2460388.4384399527:
  TLE_ECI: r=[-7148.62836431 -2365.75511686  1688.8540739 ], v=[ 2.29973095 -2.39227475  6.37699175]
  RK45_ECI: r=[-6701.0836715  -2769.65769476  2697.08422528], v=[ 3.29733797 -1.99651392  6.06302459]
Epoch 852, t=2460388.438515216:
  TLE_ECI: r=[-7075.6969484  -2439.94756921  1879.47490736], v=[ 2.48607737 -2.32856774  6.3304207 ]
  RK45_ECI: r=[-6678.19979739 -2785.7600845   2736.45798842], v=[ 3.33574742 -1.9793908   6.0477731 ]
Epoch 853, t=2460388.4385904795:
  TLE_ECI: r=[-6997.17023816 -2512.16310909  2068.62412568], v=[ 2.67041185 -2.26286943  6.27889595]
  RK45_ECI: r=[-6655.0588855  -2801.73996414  2775.73202076], v=[ 3.37402187 -1.96215879  6.03230006]
Epoch 854, t=2460388.438665743:
  TLE_ECI: r=[-6913.11174653 -2582.34015993  2256.15372687], v=[ 2.85258784 -2.1952336   6.2224586 ]
  RK45_ECI: r=[-6631.66208284 -2817.59638659  2814.9045153 ], v=[ 3.41215945 -1.94481879  6.01660615]
Epoch 855, t=2460388.438741006:
  TLE_ECI: r=[-6823.58939229 -2650.41879479  2441.917001  ], v=[ 3.03246061 -2.12571571  6.16115366]
  RK45_ECI: r=[-6608.01035368 -2833.32851247  2853.97403878], v=[ 3.45015865 -1.92737155  6.00069194]
Epoch 856, t=2460388.4388162694:
  TLE_ECI: r=[-6728.67541187 -2716.34086774  2625.7686466 ], v=[ 3.20988741 -2.05437281  6.09503003]
  RK45_ECI: r=[-6584.10432828 -2848.93574077  2892.93970948], v=[ 3.48801851 -1.90981761  5.98455778]
Epoch 857, t=2460388.438891533:
  TLE_ECI: r=[-6628.44634435 -2780.04994291  2807.56488596], v=[ 3.3847275  -1.98126352  6.02414038]
  RK45_ECI: r=[-6559.94530354 -2864.4170649   2931.79955066], v=[ 3.52573699 -1.89215795  5.96820445]
Epoch 858, t=2460388.4389667963:
  TLE_ECI: r=[-6522.98293661 -2841.49142309  2987.16357882], v=[ 3.55684237 -1.90644797  5.94854118]
  RK45_ECI: r=[-6535.53404828 -2879.77179568  2970.55250348], v=[ 3.56331296 -1.8743932   5.95163239]
Epoch 859, t=2460388.4390420597:
  TLE_ECI: r=[-6412.37008316 -2900.61257562  3164.42433462], v=[ 3.72609574 -1.82998772  5.8682926 ]
  RK45_ECI: r=[-6510.87177187 -2894.99901822  3009.19678436], v=[ 3.60074458 -1.85652429  5.93484235]
Epoch 860, t=2460388.4391173227:
  TLE_ECI: r=[-6296.69676347 -2957.36255899  3339.20862319], v=[ 3.89235378 -1.75194578  5.78345848]
  RK45_ECI: r=[-6485.95937821 -2910.09797697  3047.73115953], v=[ 3.63803053 -1.83855194  5.91783484]
Epoch 861, t=2460388.439192586:
  TLE_ECI: r=[-6176.05593293 -3011.69254019  3511.37988363], v=[ 4.05548514 -1.67238644  5.69410626]
  RK45_ECI: r=[-6460.79786321 -2925.06792152  3086.15421695], v=[ 3.67516937 -1.82047691  5.90061047]
Epoch 862, t=2460388.4392678495:
  TLE_ECI: r=[-6050.54449686 -3063.5556238   3680.80363158], v=[ 4.21536109 -1.59137531  5.60030692]
  RK45_ECI: r=[-6435.38825824 -2939.90804969  3124.46454861], v=[ 3.7121596  -1.8023      5.88316986]
Epoch 863, t=2460388.439343113:
  TLE_ECI: r=[-5920.2631955  -3112.90696658  3847.34756445], v=[ 4.3718556  -1.50897922  5.50213492]
  RK45_ECI: r=[-6409.73148174 -2954.61763842  3162.6609295 ], v=[ 3.74899995 -1.78402195  5.86551355]
Epoch 864, t=2460388.4394183764:
  TLE_ECI: r=[-5785.31652855 -3159.70379679  4010.88166474], v=[ 4.52484545 -1.42526619  5.39966812]
  RK45_ECI: r=[-6383.82880398 -2969.19580669  3200.74160116], v=[ 3.78568861 -1.76564369  5.84764233]
Epoch 865, t=2460388.4394936394:
  TLE_ECI: r=[-5645.81267803 -3203.90543315  4171.27830143], v=[ 4.67421034 -1.34030534  5.29298773]
  RK45_ECI: r=[-6357.68117291 -2983.64182485  3238.70534736], v=[ 3.8222243  -1.74716599  5.82955676]
Epoch 866, t=2460388.439568903:
  TLE_ECI: r=[-5501.86338114 -3245.47338596  4328.412329  ], v=[ 4.81983297 -1.2541668   5.18217825]
  RK45_ECI: r=[-6331.28963327 -2997.95497013  3276.55077645], v=[ 3.85860559 -1.72858963  5.8112575 ]
Epoch 867, t=2460388.4396441663:
  TLE_ECI: r=[-5353.58389396 -3284.37128862  4482.16118462], v=[ 4.9615991  -1.16692176  5.06732734]
  RK45_ECI: r=[-6304.65526571 -3012.13446944  3314.2765011 ], v=[ 3.89483104 -1.70991544  5.79274519]
Epoch 868, t=2460388.4397194297:
  TLE_ECI: r=[-5201.09285927 -3320.56499558  4632.40498274], v=[ 5.09939769 -1.07864228  4.9485258 ]
  RK45_ECI: r=[-6277.77903189 -3026.17962586  3351.88131446], v=[ 3.93089938 -1.69114416  5.77402041]
Epoch 869, t=2460388.439794693:
  TLE_ECI: r=[-5044.51221834 -3354.0225939   4779.02660757], v=[ 5.23312096 -0.98940133  4.82586746]
  RK45_ECI: r=[-6250.66226186 -3040.089593    3389.3634848 ], v=[ 3.96680886 -1.67227679  5.75508401]
Epoch 870, t=2460388.439869956:
  TLE_ECI: r=[-4883.96712081 -3384.7144155   4921.91180308], v=[ 5.36266443 -0.89927268  4.69944913]
  RK45_ECI: r=[-6223.30594656 -3053.86366806  3426.72181461], v=[ 4.00255822 -1.65331408  5.73593659]
Epoch 871, t=2460388.4399452196:
  TLE_ECI: r=[-4719.5857828  -3412.61311971  5060.94926053], v=[ 5.48792708 -0.80833078  4.56937048]
  RK45_ECI: r=[-6195.71117852 -3067.5011569   3463.95493398], v=[ 4.03814606 -1.63425686  5.71657883]
Epoch 872, t=2460388.440020483:
  TLE_ECI: r=[-4551.49944149 -3437.69362864  5196.0307036 ], v=[ 5.60881136 -0.71665084  4.43573398]
  RK45_ECI: r=[-6167.87896214 -3081.00136586  3501.06165142], v=[ 4.07357113 -1.6151059   5.69701133]
Epoch 873, t=2460388.4400957464:
  TLE_ECI: r=[-4379.84220917 -3459.93320649  5327.05097089], v=[ 5.72522325 -0.62430864  4.29864481]
  RK45_ECI: r=[-6139.81067436 -3094.36347696  3538.04025778], v=[ 4.10883172 -1.59586222  5.67723499]
Epoch 874, t=2460388.4401710094:
  TLE_ECI: r=[-4204.75098427 -3479.31145152  5453.90809579], v=[ 5.83707239 -0.53138055  4.15821075]
  RK45_ECI: r=[-6111.50746624 -3107.58676137  3574.88939871], v=[ 4.14392642 -1.57652667  5.65725051]
Epoch 875, t=2460388.440246273:
  TLE_ECI: r=[-4026.36529981 -3495.8103629   5576.50338367], v=[ 5.94427209 -0.43794336  4.01454213]
  RK45_ECI: r=[-6082.97008826 -3120.67069301  3611.60824054], v=[ 4.17885435 -1.55709984  5.63705834]
Epoch 876, t=2460388.4403215363:
  TLE_ECI: r=[-3844.82727201 -3509.41427979  5694.74148654], v=[ 6.0467394  -0.34407434  3.86775172]
  RK45_ECI: r=[-6054.20008625 -3133.61440912  3648.19491851], v=[ 4.21361364 -1.53758287  5.61665948]
Epoch 877, t=2460388.4403967997:
  TLE_ECI: r=[-3660.28144525 -3520.10994524  5808.5304748 ], v=[ 6.14439518 -0.24985112  3.71795462]
  RK45_ECI: r=[-6025.19837085 -3146.4173098   3684.64843398], v=[ 4.24820324 -1.51797644  5.59605449]
Epoch 878, t=2460388.440472063:
  TLE_ECI: r=[-3472.87468589 -3527.88650473  5917.78190623], v=[ 6.23716415 -0.15535161  3.56526821]
  RK45_ECI: r=[-5995.96637605 -3159.07861403  3720.96710747], v=[ 4.28262148 -1.49828161  5.5752443 ]
Epoch 879, t=2460388.440547326:
  TLE_ECI: r=[-3282.75607538 -3532.7355051   6022.41089229], v=[ 6.32497494 -0.06065398  3.40981201]
  RK45_ECI: r=[-5966.50529935 -3171.59762432  3757.14960851], v=[ 4.31686699 -1.47849926  5.55422965]
Epoch 880, t=2460388.4406225896:
  TLE_ECI: r=[-3090.07674971 -3534.65094104  6122.33616136], v=[6.40776012 0.03416349 3.25170761]
  RK45_ECI: r=[-5936.81592116 -3183.97383559  3793.19511807], v=[ 4.3509389  -1.45862999  5.53301102]
Epoch 881, t=2460388.440697853:
  TLE_ECI: r=[-2894.98984088 -3533.62920066  6217.48011942], v=[6.48545626 0.12902236 3.09107857]
  RK45_ECI: r=[-5906.89984911 -3196.20642589  3829.10180513], v=[ 4.3848354  -1.43867496  5.51158947]
Epoch 882, t=2460388.4407731164:
  TLE_ECI: r=[-2697.65031409 -3529.66910884  6307.76890755], v=[6.55800398 0.22384414 2.92805033]
  RK45_ECI: r=[-5876.75802885 -3208.29482082  3864.86868922], v=[ 4.41855547 -1.41863489  5.48996557]
Epoch 883, t=2460388.44084838:
  TLE_ECI: r=[-2498.21485506 -3522.77191832  6393.1324566 ], v=[6.62534796 0.31855039 2.76275008]
  RK45_ECI: r=[-5846.39195023 -3220.23827677  3900.49412213], v=[ 4.45209747 -1.39851084  5.46814031]
Epoch 884, t=2460388.440923643:
  TLE_ECI: r=[-2296.84175646 -3512.94130221  6473.50453904], v=[6.687437   0.41306271 2.59530671]
  RK45_ECI: r=[-5815.8028559  -3232.03612856  3935.97679854], v=[ 4.48546007 -1.37830373  5.44611448]
Epoch 885, t=2460388.4409989063:
  TLE_ECI: r=[-2093.69075176 -3500.18337905  6548.82281757], v=[6.74422404 0.50730292 2.42585067]
  RK45_ECI: r=[-5784.99155526 -3243.68789305  3971.31591485], v=[ 4.51864244 -1.35801419  5.42388856]
Epoch 886, t=2460388.4410741697:
  TLE_ECI: r=[-1888.92295118 -3484.50666589  6619.02889111], v=[6.79566619 0.60119297 2.25451391]
  RK45_ECI: r=[-5753.9597161  -3255.19278999  4006.50967548], v=[ 4.5516428  -1.33764338  5.40146368]
Epoch 887, t=2460388.441149433:
  TLE_ECI: r=[-1682.70067409 -3465.92210054  6684.06833746], v=[6.84172474 0.69465511 2.08142973]
  RK45_ECI: r=[-5722.70831825 -3266.55027099  4041.55711911], v=[ 4.58446017 -1.31719205  5.37884043]
Epoch 888, t=2460388.441224696:
  TLE_ECI: r=[-1475.18734181 -3444.44302166  6743.89075321], v=[6.88236523 0.78761187 1.90673272]
  RK45_ECI: r=[-5691.23905626 -3277.75957477  4076.45646689], v=[ 4.61709279 -1.29666139  5.35601996]
Epoch 889, t=2460388.4412999596:
  TLE_ECI: r=[-1266.54730932 -3420.08517654  6798.44979037], v=[6.9175574  0.87998627 1.73055865]
  RK45_ECI: r=[-5659.55276507 -3288.82023815  4111.20693021], v=[ 4.64953985 -1.27605204  5.33300277]
Epoch 890, t=2460388.441375223:
  TLE_ECI: r=[-1056.94579763 -3392.86668089  6847.70319026], v=[6.94727525 0.97170169 1.55304434]
  RK45_ECI: r=[-5627.65073378 -3299.73163165  4145.80723135], v=[ 4.68180006 -1.25536493  5.3097897 ]
Epoch 891, t=2460388.4414504864:
  TLE_ECI: r=[ -846.54872429 -3362.80802421  6891.61281412], v=[6.97149707 1.06268204 1.37432762]
  RK45_ECI: r=[-5595.53453829 -3310.49307377  4180.25577534], v=[ 4.71387186 -1.23460117  5.28638181]
Epoch 892, t=2460388.44152575:
  TLE_ECI: r=[ -635.52258411 -3329.93204904  6930.14467081], v=[6.9902054  1.1528518  1.19454717]
  RK45_ECI: r=[-5563.20519132 -3321.10404315  4214.55162087], v=[ 4.74575428 -1.21376152  5.26277972]
Epoch 893, t=2460388.441601013:
  TLE_ECI: r=[ -424.03432947 -3294.26393191  6963.26894138], v=[7.00338709 1.24213606 1.01384243]
  RK45_ECI: r=[-5530.66444515 -3331.56382163  4248.69302704], v=[ 4.77744564 -1.19284719  5.23898463]
Epoch 894, t=2460388.4416762763:
  TLE_ECI: r=[ -212.25120174 -3255.83116978  6990.96000053], v=[7.01103325 1.33046065 0.83235352]
  RK45_ECI: r=[-5497.91316213 -3341.87196889  4282.67922211], v=[ 4.80894514 -1.17185883  5.21499707]
Epoch 895, t=2460388.4417515397:
  TLE_ECI: r=[-3.40659710e-01 -3.21466355e+03  7.01319644e+03], v=[7.0131393  1.41775208 0.65022112]
  RK45_ECI: r=[-5464.95267383 -3352.02788942  4316.50895603], v=[ 4.84025154 -1.15079741  5.19081791]
Epoch 896, t=2460388.441826803:
  TLE_ECI: r=[  211.52978919 -3170.79312978  7029.96105999], v=[7.00970496 1.50393769 0.46758637]
  RK45_ECI: r=[-5431.78460768 -3362.03094188  4350.18066908], v=[ 4.87136331 -1.12966405  5.16644825]
Epoch 897, t=2460388.4419020666:
  TLE_ECI: r=[  423.19270898 -3124.25421857  7041.24092923], v=[7.00073423 1.58894566 0.28459079]
  RK45_ECI: r=[-5398.41000852 -3371.88063222  4383.69344089], v=[ 4.90227953 -1.10845953  5.14188876]
Epoch 898, t=2460388.4419773296:
  TLE_ECI: r=[  634.48085574 -3075.08334423  7047.02734651], v=[6.98623539 1.67270507 0.10137612]
  RK45_ECI: r=[-5364.83068444 -3381.5762864   4417.0455701 ], v=[ 4.93299857 -1.08718509  5.11714067]
Epoch 899, t=2460388.442052593:
  TLE_ECI: r=[  845.22734332 -3023.31922265  7047.31587066], v=[ 6.96622099  1.75514603 -0.08191572]
  RK45_ECI: r=[-5331.04752428 -3391.11748764  4450.23630261], v=[ 4.96351964 -1.06584138  5.09220454]
Epoch 900, t=2460388.4421278564:
  TLE_ECI: r=[ 1055.26571794 -2969.00273588  7042.10631894], v=[ 6.94070788  1.83619959 -0.26514276]
  RK45_ECI: r=[-5297.06190066 -3400.50367511  4483.26441725], v=[ 4.99384154 -1.0444294   5.06708127]
Epoch 901, t=2460388.44220312:
  TLE_ECI: r=[ 1264.43012343 -2912.17689509  7031.40276702], v=[ 6.90971712  1.91579791 -0.44816309]
  RK45_ECI: r=[-5262.87549096 -3409.73424838  4516.12839097], v=[ 5.02396282 -1.02295029  5.04177201]
Epoch 902, t=2460388.4422783833:
  TLE_ECI: r=[ 1472.55542043 -2852.88680836  7015.21354588], v=[ 6.87327403  1.99387429 -0.63083494]
  RK45_ECI: r=[-5228.48937095 -3418.80874143  4548.82732527], v=[ 5.05388258 -1.00140484  5.01627745]
Epoch 903, t=2460388.4423536463:
  TLE_ECI: r=[ 1679.47730593 -2791.17965061  6993.55123571], v=[ 6.83140815  2.07036317 -0.81301682]
  RK45_ECI: r=[-5193.90540273 -3427.72652519  4581.3595599 ], v=[ 5.08359922 -0.97979431  4.99059889]
Epoch 904, t=2460388.4424289097:
  TLE_ECI: r=[ 1885.03247349 -2727.10460801  6966.43265661], v=[ 6.78415318  2.14520029 -0.99456757]
  RK45_ECI: r=[-5159.1245006  -3436.487207    4613.72435914], v=[ 5.113112   -0.95811939  4.96473688]
Epoch 905, t=2460388.442504173:
  TLE_ECI: r=[ 2089.05868978 -2660.7128673   6933.87885638], v=[ 6.73154703  2.21832261 -1.17534652]
  RK45_ECI: r=[-5124.14807689 -3445.09026137  4645.92053184], v=[ 5.14241977 -0.93638108  4.93869238]
Epoch 906, t=2460388.4425794366:
  TLE_ECI: r=[ 2291.39495376 -2592.05755821  6895.91509515], v=[ 6.67363175  2.28966845 -1.35521353]
  RK45_ECI: r=[-5088.97785724 -3453.5351295   4677.94659309], v=[ 5.17152111 -0.91458053  4.91246658]
Epoch 907, t=2460388.4426546996:
  TLE_ECI: r=[ 2491.88160577 -2521.19372353  6852.57082689], v=[ 6.61045349  2.3591775  -1.53402916]
  RK45_ECI: r=[-5053.61527464 -3461.82130483  4709.80136887], v=[ 5.20041489 -0.89271876  4.88606044]
Epoch 908, t=2460388.442729963:
  TLE_ECI: r=[ 2690.36048103 -2448.17824794  6803.87967794], v=[ 6.54206248  2.42679093 -1.71165471]
  RK45_ECI: r=[-5018.06126061 -3469.94841207  4741.48413623], v=[ 5.22910039 -0.87079646  4.85947455]
Epoch 909, t=2460388.4428052264:
  TLE_ECI: r=[ 2886.67498762 -2373.06985521  6749.8794225 ], v=[ 6.46851303  2.49245133 -1.88795236]
  RK45_ECI: r=[-4982.31773679 -3477.91587499  4772.99328395], v=[ 5.25757607 -0.84881491  4.83271025]
Epoch 910, t=2460388.44288049:
  TLE_ECI: r=[ 3080.67025845 -2295.9290351   6690.61195501], v=[ 6.38986342  2.55610285 -2.06278527]
  RK45_ECI: r=[-4946.38582604 -3485.72327363  4804.3279502 ], v=[ 5.28584111 -0.82677493  4.80576827]
Epoch 911, t=2460388.4429557533:
  TLE_ECI: r=[ 3272.19326427 -2216.81800256  6626.12325952], v=[ 6.30617594  2.61769121 -2.23601765]
  RK45_ECI: r=[-4910.26730036 -3493.37009172  4835.48668963], v=[ 5.31389412 -0.80467771  4.77864985]
Epoch 912, t=2460388.4430310163:
  TLE_ECI: r=[ 3461.09292662 -2135.80065922  6556.463376  ], v=[ 6.21751679  2.67716372 -2.4075149 ]
  RK45_ECI: r=[-4873.96363029 -3500.85585885  4866.46835994], v=[ 5.34173404 -0.78252426  4.75135597]
Epoch 913, t=2460388.4431062797:
  TLE_ECI: r=[ 3647.2202613  -2052.94250299  6481.68636366], v=[ 6.12395605  2.73446943 -2.57714368]
  RK45_ECI: r=[-4837.47577112 -3508.18022481  4897.27225777], v=[ 5.36936015 -0.76031531  4.72388726]
Epoch 914, t=2460388.443181543:
  TLE_ECI: r=[ 3830.42845646 -1968.31063569  6401.85026126], v=[ 6.02556764  2.78955903 -2.74477205]
  RK45_ECI: r=[-4800.80569429 -3515.34266004  4927.8968163 ], v=[ 5.396771   -0.73805214  4.6962451 ]
Epoch 915, t=2460388.4432568066:
  TLE_ECI: r=[ 4010.57301348 -1881.9736713   6317.01704444], v=[ 5.92242927  2.84238497 -2.91026951]
  RK45_ECI: r=[-4763.95455058 -3522.34277412  4958.34119774], v=[ 5.42396577 -0.71573558  4.66843024]
Epoch 916, t=2460388.44333207:
  TLE_ECI: r=[ 4187.51185391 -1794.00169117  6227.25257995], v=[ 5.81462238  2.89290151 -3.07350715]
  RK45_ECI: r=[-4726.92415662 -3529.18009383  4988.60399763], v=[ 5.45094317 -0.69336686  4.64044396]
Epoch 917, t=2460388.443407333:
  TLE_ECI: r=[ 4361.10542622 -1704.46620136  6132.62657709], v=[ 5.70223209  2.94106473 -3.23435772]
  RK45_ECI: r=[-4689.71585157 -3535.85420639  5018.68424725], v=[ 5.47770226 -0.6709469   4.61228715]
Epoch 918, t=2460388.4434825964:
  TLE_ECI: r=[ 4531.21683613 -1613.44002514  6033.21253604], v=[ 5.58534711  2.9868326  -3.39269576]
  RK45_ECI: r=[-4652.33111506 -3542.36472546  5048.5808412 ], v=[ 5.50424201 -0.64847671  4.58396085]
Epoch 919, t=2460388.44355786:
  TLE_ECI: r=[ 4697.71192384 -1520.99732034  5929.08769337], v=[ 5.46405972  3.03016498 -3.54839766]
  RK45_ECI: r=[-4614.77146488 -3548.7112303   5078.29268085], v=[ 5.53056138 -0.62595732  4.55546608]
Epoch 920, t=2460388.4436331233:
  TLE_ECI: r=[ 4860.45939114 -1427.21347039  5820.33296461], v=[ 5.33846568  3.07102368 -3.70134177]
  RK45_ECI: r=[-4577.03824567 -3554.89334001  5107.81881247], v=[ 5.55665949 -0.60338968  4.52680376]
Epoch 921, t=2460388.4437083867:
  TLE_ECI: r=[ 5019.33090032 -1332.16503625  5707.03288388], v=[ 5.2086642   3.10937249 -3.85140851]
  RK45_ECI: r=[-4539.1333167  -3560.91062527  5137.1578738 ], v=[ 5.58253507 -0.580775    4.49797521]
Epoch 922, t=2460388.4437836497:
  TLE_ECI: r=[ 5174.20117253 -1235.92971048  5589.27554076], v=[ 5.0747578   3.14517722 -3.99848044]
  RK45_ECI: r=[-4501.05804746 -3566.7627074   5166.30892563], v=[ 5.60818725 -0.55811425  4.46898135]
Epoch 923, t=2460388.443858913:
  TLE_ECI: r=[ 5324.94810254 -1138.58619437  5467.15251423], v=[ 4.93685228  3.17840574 -4.14244238]
  RK45_ECI: r=[-4462.81395145 -3572.44923602  5195.27089657], v=[ 5.63361503 -0.53540843  4.43982323]
Epoch 924, t=2460388.4439341766:
  TLE_ECI: r=[ 5471.45283369 -1040.21422397  5340.75880394], v=[ 4.79505665  3.20902799 -4.28318148]
  RK45_ECI: r=[-4424.40258006 -3577.96982836  5224.0427222 ], v=[ 5.65881743 -0.5126586   4.41050193]
Epoch 925, t=2460388.44400944:
  TLE_ECI: r=[5613.59986843 -940.8944466  5210.19275858], v=[ 4.64948305  3.23701601 -4.42058734]
  RK45_ECI: r=[-4385.82530737 -3583.32413741  5252.62347876], v=[ 5.68379359 -0.48986571  4.38101838]
Epoch 926, t=2460388.444084703:
  TLE_ECI: r=[5751.27715468 -840.70838712 5075.5560016 ], v=[ 4.50024664  3.26234398 -4.55455204]
  RK45_ECI: r=[-4347.08421835 -3588.51175103  5281.01171469], v=[ 5.7085422  -0.4670311   4.35137408]
Epoch 927, t=2460388.4441599664:
  TLE_ECI: r=[5884.37618633 -739.73831437 4936.95335424], v=[ 4.34746551  3.28498828 -4.68497032]
  RK45_ECI: r=[-4308.180157   -3593.53240649  5309.20691952], v=[ 5.73306277 -0.44415542  4.32156955]
Epoch 928, t=2460388.44423523:
  TLE_ECI: r=[6012.79207496 -638.06727433 4794.49275594], v=[ 4.19126065  3.30492745 -4.81173958]
  RK45_ECI: r=[-4269.11522323 -3598.38570883  5337.20765854], v=[ 5.757354   -0.42124001  4.29160632]
Epoch 929, t=2460388.4443104933:
  TLE_ECI: r=[6136.42364557 -535.77895599 4648.28518206], v=[ 4.03175581  3.32214223 -4.93476003]
  RK45_ECI: r=[-4229.89063944 -3603.07135272  5365.01316538], v=[ 5.78141519 -0.39828575  4.26148518]
Epoch 930, t=2460388.4443857567:
  TLE_ECI: r=[6255.17351584 -432.95763935 4498.44455918], v=[ 3.86907741  3.33661563 -5.05393472]
  RK45_ECI: r=[-4190.50833705 -3607.58898903  5392.62215695], v=[ 5.80524518 -0.37529387  4.23120754]
Epoch 931, t=2460388.4444610197:
  TLE_ECI: r=[6368.94817434 -329.6881447  4345.08767782], v=[ 3.70335448  3.34833288 -5.16916967]
  RK45_ECI: r=[-4150.96991422 -3611.93829119  5420.03362119], v=[ 5.82884306 -0.35226545  4.2007745 ]
Epoch 932, t=2460388.444536283:
  TLE_ECI: r=[6477.65806092 -226.05568855 4188.33410272], v=[ 3.53471848  3.35728153 -5.28037392]
  RK45_ECI: r=[-4111.27640752 -3616.11900726  5447.24693503], v=[ 5.85220825 -0.32920124  4.17018676]
Epoch 933, t=2460388.4446115466:
  TLE_ECI: r=[6581.21763316 -122.14592471 4028.30608081], v=[ 3.36330329  3.36345139 -5.38745963]
  RK45_ECI: r=[-4071.42995885 -3620.13079131  5474.26071355], v=[ 5.87533952 -0.3061026   4.13944585]
Epoch 934, t=2460388.44468681:
  TLE_ECI: r=[6679.54544118  -18.04479897 3865.12844682], v=[ 3.18924507  3.36683457 -5.49034213]
  RK45_ECI: r=[-4031.43181366 -3623.97336935  5501.07421729], v=[ 5.89823621 -0.2829704   4.10855263]
Epoch 935, t=2460388.4447620735:
  TLE_ECI: r=[6772.56419327   86.16150324 3698.92852661], v=[ 3.01268213  3.36742552 -5.58894001]
  RK45_ECI: r=[-3991.28394063 -3627.64643757  5527.68620886], v=[ 5.92089721 -0.25980591  4.0775085 ]
Epoch 936, t=2460388.4448373364:
  TLE_ECI: r=[6860.20081991  190.38660866 3529.83603836], v=[ 2.83375486  3.36522098 -5.6831752 ]
  RK45_ECI: r=[-3950.98796758 -3631.14970842  5554.09571284], v=[ 5.94332167 -0.23661021  4.04631462]
Epoch 937, t=2460388.4449126:
  TLE_ECI: r=[6942.38653218  294.54410798 3357.98299166], v=[ 2.65260558  3.36022008 -5.77297302]
  RK45_ECI: r=[-3910.54495011 -3634.48295645  5580.30212874], v=[ 5.96550903 -0.21338405  4.01497169]
Epoch 938, t=2460388.4449878633:
  TLE_ECI: r=[7019.0568809   398.54750895 3183.50358455], v=[ 2.46937846  3.35242424 -5.85826224]
  RK45_ECI: r=[-3869.95706943 -3637.64588579  5606.30412273], v=[ 5.98745814 -0.19012881  3.9834813 ]
Epoch 939, t=2460388.4450631267:
  TLE_ECI: r=[7090.15180873  502.3103876  3006.53409858], v=[ 2.28421938  3.34183726 -5.9389752 ]
  RK45_ECI: r=[-3829.22559299 -3640.63825387  5632.10098299], v=[ 6.00916836 -0.16684537  3.95184431]
Epoch 940, t=2460388.44513839:
  TLE_ECI: r=[7155.6157001   605.74644117 2827.21279208], v=[ 2.09727583  3.32846527 -6.01504779]
  RK45_ECI: r=[-3788.3525247  -3643.45980265  5657.69151896], v=[ 6.03063866 -0.14353501  3.92006217]
Epoch 941, t=2460388.445213653:
  TLE_ECI: r=[7215.39742955  708.76953969 2645.67979153], v=[ 1.90869679  3.31231674 -6.08641956]
  RK45_ECI: r=[-3747.33952043 -3646.11028395  5683.07479277], v=[ 6.05186822 -0.12019881  3.88813606]
Epoch 942, t=2460388.4452889166:
  TLE_ECI: r=[7269.45039614  811.29388285 2462.07698139], v=[ 1.71863256  3.29340252 -6.15303377]
  RK45_ECI: r=[-3706.18765332 -3648.58949951  5708.25022711], v=[ 6.07285653 -0.09683753  3.8560667 ]
Epoch 943, t=2460388.44536418:
  TLE_ECI: r=[7317.73257387  913.2339459  2276.54789215], v=[ 1.52723471  3.27173576 -6.21483742]
  RK45_ECI: r=[-3664.89914209 -3650.89720348  5733.21654048], v=[ 6.09360249 -0.07345257  3.82385571]
Epoch 944, t=2460388.4454394435:
  TLE_ECI: r=[7360.20653924 1014.50463617 2089.23758702], v=[ 1.33465593  3.24733197 -6.27178133]
  RK45_ECI: r=[-3623.47527472 -3653.0331852   5757.97304936], v=[ 6.11410551 -0.05004482  3.79150397]
Epoch 945, t=2460388.4455147064:
  TLE_ECI: r=[7396.83950754 1115.02132241 1900.29254713], v=[ 1.14104987  3.22020898 -6.32382016]
  RK45_ECI: r=[-3581.91828612 -3654.99722154  5782.51849644], v=[ 6.13436451 -0.02661567  3.75901314]
Epoch 946, t=2460388.44558997:
  TLE_ECI: r=[7427.60334739 1214.69999317 1709.86055549], v=[ 0.94657103  3.19038691 -6.37091245]
  RK45_ECI: r=[-3540.22926468 -3656.78913815  5806.85232635], v=[ 6.15437903e+00 -3.16587289e-03  3.72638394e+00]
Epoch 947, t=2460388.4456652333:
  TLE_ECI: r=[7452.47462296 1313.45719843 1518.09057963], v=[ 0.75137466  3.15788821 -6.41302069]
  RK45_ECI: r=[-3498.40989393 -3658.40872993  5830.97364147], v=[6.17414828 0.02030345 3.69361758]
Epoch 948, t=2460388.4457404967:
  TLE_ECI: r=[7471.43460127 1411.21020696 1325.13265323], v=[ 0.5556166   3.1227376  -6.45011132]
  RK45_ECI: r=[-3456.46222974 -3659.855813    5854.8813285 ], v=[6.19367135 0.04379103 3.66071555]
Epoch 949, t=2460388.44581576:
  TLE_ECI: r=[7484.46927079 1507.87705514 1131.13775677], v=[ 0.35945314  3.08496205 -6.48215477]
  RK45_ECI: r=[-3414.38757926 -3661.13020889  5878.57473283], v=[6.21294767 0.06729596 3.62767877]
Epoch 950, t=2460388.445891023:
  TLE_ECI: r=[7491.56935771 1603.37659496  936.25769722], v=[ 0.16304093  3.0445908  -6.5091255 ]
  RK45_ECI: r=[-3372.18821146 -3662.23174522  5902.05265123], v=[6.23197624 0.09081683 3.59450892]
Epoch 951, t=2460388.4459662866:
  TLE_ECI: r=[7492.73031505 1697.62865099  740.64498704], v=[-0.03346321  3.00165529 -6.53100202]
  RK45_ECI: r=[-3329.86523026 -3663.16027511  5925.31455254], v=[6.25075662 0.11435289 3.56120674]
Epoch 952, t=2460388.44604155:
  TLE_ECI: r=[7487.95235361 1790.55395716  544.45272238], v=[-0.22990236  2.95618917 -6.54776691]
  RK45_ECI: r=[-3287.42034364 -3663.91563356  5948.35957845], v=[6.26928809 0.13790302 3.52777346]
Epoch 953, t=2460388.4461168135:
  TLE_ECI: r=[7477.24042352 1882.07431251  347.83446095], v=[-0.4261197   2.90822826 -6.55940681]
  RK45_ECI: r=[-3244.85563718 -3664.49768349  5971.18666529], v=[6.28756978 0.16146592 3.49421062]
Epoch 954, t=2460388.446192077:
  TLE_ECI: r=[7460.6042144  1972.1126256   150.94409925], v=[-0.62195857  2.85781049 -6.56591248]
  RK45_ECI: r=[-3202.1724359  -3664.9062788   5993.79518804], v=[6.30560117 0.1850407  3.46051913]
Epoch 955, t=2460388.44626734:
  TLE_ECI: r=[7438.05815274 2060.59295916  -46.06425044], v=[-0.81726265  2.80497594 -6.56727878]
  RK45_ECI: r=[-3159.3730405  -3665.14129818  6016.18399862], v=[6.32338134 0.20862594 3.42670072]
Epoch 956, t=2460388.4463426033:
  TLE_ECI: r=[7409.62136556 2147.44068227 -243.03638316], v=[-1.01187612  2.74976673 -6.56350467]
  RK45_ECI: r=[-3116.45856923 -3665.20262249  6038.35259058], v=[6.34090986 0.23222088 3.39275615]
Epoch 957, t=2460388.4464178667:
  TLE_ECI: r=[7375.31769945 2232.58240304 -439.81812468], v=[-1.20564371  2.69222703 -6.55459323]
  RK45_ECI: r=[-3073.43075268 -3665.09012712  6060.30014574], v=[6.35818608 0.25582439 3.35868666]
Epoch 958, t=2460388.44649313:
  TLE_ECI: r=[7335.17567676 2315.94611874 -636.2554547 ], v=[-1.3984109   2.63240303 -6.54055163]
  RK45_ECI: r=[-3030.29170424 -3664.80372184  6082.02565107], v=[6.37520919 0.27943518 3.32449383]
Epoch 959, t=2460388.4465683936:
  TLE_ECI: r=[7289.22847667 2397.46125625 -832.19462993], v=[-1.59002401  2.57034285 -6.52139117]
  RK45_ECI: r=[-2987.04276517 -3664.34329338  6103.52851168], v=[6.39197871 0.30305234 3.29017859]
Epoch 960, t=2460388.4466436566:
  TLE_ECI: r=[ 7237.51391439  2477.05871045 -1027.48230701], v=[-1.78033037  2.50609655 -6.4971272 ]
  RK45_ECI: r=[-2943.68626555 -3663.70877174  6124.80763574], v=[6.40849378 0.32667445 3.25574269]
Epoch 961, t=2460388.44671892:
  TLE_ECI: r=[ 7180.07437991  2554.67098864 -1221.96566481], v=[-1.96917841  2.43971605 -6.46777917]
  RK45_ECI: r=[-2900.22333695 -3662.90006553  6145.86254201], v=[6.42475402 0.35030075 3.22118692]
Epoch 962, t=2460388.4467941835:
  TLE_ECI: r=[ 7116.95684462  2630.23214084 -1415.49252656], v=[-2.15641783  2.3712551  -6.43337059]
  RK45_ECI: r=[-2856.65573073 -3661.9170908   6166.69245317], v=[6.44075883 0.3739301  3.18651253]
Epoch 963, t=2460388.446869447:
  TLE_ECI: r=[ 7048.2127931   2703.67790106 -1607.91148109], v=[-2.34189966  2.30076927 -6.39392898]
  RK45_ECI: r=[-2812.98558568 -3660.75980461  6187.29640777], v=[6.45650745 0.3975612  3.15172113]
Epoch 964, t=2460388.44694471:
  TLE_ECI: r=[ 6973.89819446  2774.94570056 -1799.0720035 ], v=[-2.52547645  2.22831582 -6.34948589]
  RK45_ECI: r=[-2769.21466396 -3659.42814394  6207.67365144], v=[6.4719993  0.42119294 3.116814  ]
Epoch 965, t=2460388.4470199733:
  TLE_ECI: r=[ 6894.0734224   2843.97480334 -1988.82457484], v=[-2.70700238  2.1539537  -6.30007683]
  RK45_ECI: r=[-2725.34410534 -3657.92203772  6227.82372021], v=[6.48723404 0.44482453 3.08179194]
Epoch 966, t=2460388.4470952367:
  TLE_ECI: r=[ 6808.8032523   2910.70623445 -2177.0208011 ], v=[-2.88633334  2.07774352 -6.24574128]
  RK45_ECI: r=[-2681.37627061 -3656.24147524  6247.74558786], v=[6.50221087 0.46845456 3.04665671]
Epoch 967, t=2460388.4471705:
  TLE_ECI: r=[ 6718.15677433  2975.082913   -2363.51353086], v=[-3.0633271   1.99974744 -6.18652259]
  RK45_ECI: r=[-2637.31252441 -3654.38639577  6267.4387089 ], v=[6.51692939 0.49208211 3.0114093 ]
Epoch 968, t=2460388.4472457636:
  TLE_ECI: r=[ 6622.20734317  3037.04967957 -2548.156972  ], v=[-3.23784339  1.92002917 -6.12246802]
  RK45_ECI: r=[-2593.15502886 -3652.3568037   6286.90217436], v=[6.53138892 0.51570588 2.97605131]
Epoch 969, t=2460388.4473210266:
  TLE_ECI: r=[ 6521.03252502  3096.55332444 -2730.806807  ], v=[-3.40974405  1.83865387 -6.05362861]
  RK45_ECI: r=[-2548.90556418 -3650.15267686  6306.13527185], v=[6.54558894 0.53932474 2.94058406]
Epoch 970, t=2460388.44739629:
  TLE_ECI: r=[ 6414.71399613  3153.54270955 -2911.32030689], v=[-3.57889309  1.75568811 -5.9800592 ]
  RK45_ECI: r=[-2504.56528126 -3647.77397228  6325.13756335], v=[6.55952911 0.5629379  2.90500834]
Epoch 971, t=2460388.4474715535:
  TLE_ECI: r=[ 6303.33752822  3207.96869601 -3089.5564439 ], v=[-3.74515687  1.67119982 -5.90181836]
  RK45_ECI: r=[-2460.13656506 -3645.22073099  6343.90808098], v=[6.57320873 0.58654397 2.86932598]
Epoch 972, t=2460388.447546817:
  TLE_ECI: r=[ 6186.99288068  3259.78426309 -3265.37600231], v=[-3.90840414  1.58525822 -5.81896831]
  RK45_ECI: r=[-2415.62079315 -3642.49292517  6362.44631081], v=[6.58662743 0.610142   2.83353793]
Epoch 973, t=2460388.4476220803:
  TLE_ECI: r=[ 6065.77373419  3308.94452897 -3438.6416878 ], v=[-4.06850619  1.49793378 -5.73157492]
  RK45_ECI: r=[-2371.02014851 -3639.59060681  6380.75139716], v=[6.5997846  0.63373071 2.79764587]
Epoch 974, t=2460388.4476973433:
  TLE_ECI: r=[ 5939.77762248  3355.40677078 -3609.21823506], v=[-4.22533691  1.40929812 -5.63970757]
  RK45_ECI: r=[-2326.33622584 -3636.51377457  6398.82275459], v=[6.61267982 0.65730906 2.76165093]
Epoch 975, t=2460388.4477726067:
  TLE_ECI: r=[ 5809.10581171  3399.13053097 -3776.97251338], v=[-4.37877296  1.31942396 -5.54343917]
  RK45_ECI: r=[-2281.57079144 -3633.26247383  6416.6597186 ], v=[6.62531262 0.68087598 2.72555445]
Epoch 976, t=2460388.44784787:
  TLE_ECI: r=[ 5673.86327488  3440.07754559 -3941.77363066], v=[-4.52869378  1.2283851  -5.44284605]
  RK45_ECI: r=[-2236.72564662 -3629.83673719  6434.2616334 ], v=[6.63768255 0.70443034 2.68935775]
Epoch 977, t=2460388.4479231336:
  TLE_ECI: r=[ 5534.15856583  3478.21184735 -4103.49303508], v=[-4.67498174  1.1362563  -5.33800788]
  RK45_ECI: r=[-2191.802382   -3626.23659008  6451.62793278], v=[6.64978923 0.72797112 2.65306199]
Epoch 978, t=2460388.4479983966:
  TLE_ECI: r=[ 5390.10374937  3513.49976216 -4262.00461498], v=[-4.8175222   1.04311325 -5.22900764]
  RK45_ECI: r=[-2146.80341337 -3622.46214853  6468.75773536], v=[6.66163204 0.75149691 2.61666902]
Epoch 979, t=2460388.44807366:
  TLE_ECI: r=[ 5241.81426764  3545.91000115 -4417.18479627], v=[-4.95620364  0.94903247 -5.11593153]
  RK45_ECI: r=[-2101.72970617 -3618.51339884  6485.65073293], v=[6.67321078 0.77500702 2.5801795 ]
Epoch 980, t=2460388.4481489235:
  TLE_ECI: r=[ 5089.40890658  3575.41359057 -4568.91263803], v=[-5.09091769  0.8540913  -4.99886888]
  RK45_ECI: r=[-2056.58368275 -3614.3904752   6502.30606486], v=[6.68452488 0.79850004 2.54359527]
Epoch 981, t=2460388.448224187:
  TLE_ECI: r=[ 4933.00965746  3601.98396064 -4717.06992547], v=[-5.22155922  0.75836777 -4.87791208]
  RK45_ECI: r=[-2011.36673993 -3610.09340951  6518.72327516], v=[6.69557405 0.82197504 2.50691735]
Epoch 982, t=2460388.4482994503:
  TLE_ECI: r=[ 4772.74162709  3625.59695153 -4861.54126072], v=[-5.34802648  0.66194061 -4.75315651]
  RK45_ECI: r=[-1966.08109302 -3605.62233922  6534.9016061 ], v=[6.70635778 0.84543073 2.47014743]
Epoch 983, t=2460388.4483747133:
  TLE_ECI: r=[ 4608.73294638  3646.23081991 -5002.21415119], v=[-5.47022107  0.56488912 -4.62470047]
  RK45_ECI: r=[-1920.72856307 -3600.97735685  6550.8404663 ], v=[6.71687569 0.86886598 2.43328686]
Epoch 984, t=2460388.4484499767:
  TLE_ECI: r=[ 4441.11462311  3663.86631192 -5138.97909532], v=[-5.58804812  0.46729308 -4.49264506]
  RK45_ECI: r=[-1875.31032576 -3596.1584985   6566.53949248], v=[6.72712758 0.89228001 2.39633648]
Epoch 985, t=2460388.44852524:
  TLE_ECI: r=[ 4270.02049952  3678.48659638 -5271.72966613], v=[-5.70141626  0.3692328  -4.35709412]
  RK45_ECI: r=[-1829.82882078 -3591.16595009  6581.99788475], v=[6.73711292 0.91567139 2.35929817]
Epoch 986, t=2460388.4486005036:
  TLE_ECI: r=[ 4095.58710128  3690.07733444 -5400.36259183], v=[-5.81023775  0.27078895 -4.21815414]
  RK45_ECI: r=[-1784.28545371 -3585.99977667  6597.21521991], v=[6.74683148 0.93903922 2.32217293]
Epoch 987, t=2460388.448675767:
  TLE_ECI: r=[ 3917.95353771  3698.62667772 -5524.77783406], v=[-5.91442851  0.17204252 -4.07593418]
  RK45_ECI: r=[-1738.68245464 -3580.66016315  6612.19079566], v=[6.75628281 0.9623822  2.2849625 ]
Epoch 988, t=2460388.44875103:
  TLE_ECI: r=[ 3737.26140033  3704.12526737 -5644.87866338], v=[-6.0139082   0.07307478 -3.93054576]
  RK45_ECI: r=[-1693.02165547 -3575.14724307  6626.92406491], v=[6.7654666  0.98569921 2.24766824]
Epoch 989, t=2460388.4488262935:
  TLE_ECI: r=[ 3553.65460598  3706.56628618 -5760.571732  ], v=[-6.10860026 -0.02603286 -3.7821028 ]
  RK45_ECI: r=[-1647.30423856 -3569.46108075  6641.41469176], v=[6.77438266 1.00898945 2.21029099]
Epoch 990, t=2460388.448901557:
  TLE_ECI: r=[ 3367.27934622  3705.94539715 -5871.76714392], v=[-6.19843195 -0.12519879 -3.63072147]
  RK45_ECI: r=[-1601.53265842 -3563.60191376  6655.66193775], v=[6.78303056 1.03225153 2.17283265]
Epoch 991, t=2460388.4489768203:
  TLE_ECI: r=[ 3178.28392718  3702.26079285 -5978.37852218], v=[-6.28333441 -0.22434139 -3.47652018]
  RK45_ECI: r=[-1555.70832782 -3557.56984032  6669.66541292], v=[6.79141008 1.05548452 2.13529426]
Epoch 992, t=2460388.449052084:
  TLE_ECI: r=[ 2986.81866201  3695.51318574 -6080.32307327], v=[-6.36324272 -0.32337902 -3.31961941]
  RK45_ECI: r=[-1509.8334893  -3551.36509272  6683.42447103], v=[6.79952087 1.07868714 2.09767754]
Epoch 993, t=2460388.4491273467:
  TLE_ECI: r=[ 2793.03576217  3685.70579972 -6177.52164886], v=[-6.43809593 -0.42223011 -3.16014167]
  RK45_ECI: r=[-1463.909984   -3544.98784533  6696.93860977], v=[6.80736265 1.10185826 2.05998389]
Epoch 994, t=2460388.44920261:
  TLE_ECI: r=[ 2597.0891733   3672.8444015  -6269.89880441], v=[-6.50783707 -0.52081326 -2.99821136]
  RK45_ECI: r=[-1417.93899952 -3538.43819073  6710.20752093], v=[6.81493528 1.12499711 2.02221415]
Epoch 995, t=2460388.4492778736:
  TLE_ECI: r=[ 2399.1345183   3656.9372452  -6357.38285521], v=[-6.57241324 -0.61904723 -2.83395471]
  RK45_ECI: r=[-1371.92300271 -3531.71641799  6723.23052822], v=[6.8222384  1.14810228 1.98437026]
Epoch 996, t=2460388.449353137:
  TLE_ECI: r=[ 2199.32893105  3637.99510092 -6439.90592924], v=[-6.6317756  -0.71685105 -2.66749966]
  RK45_ECI: r=[-1325.86341211 -3524.82265841  6736.00727521], v=[6.82927184 1.17117286 1.94645324]
Epoch 997, t=2460388.4494284:
  TLE_ECI: r=[ 1997.83095408  3616.03123176 -6517.40401721], v=[-6.68587941 -0.81414407 -2.49897577]
  RK45_ECI: r=[-1279.76269943 -3517.75722412  6748.53711412], v=[6.83603527 1.19420745 1.90846503]
Epoch 998, t=2460388.4495036635:
  TLE_ECI: r=[ 1794.80037122  3591.06140808 -6589.81701959], v=[-6.73468407 -0.91084608 -2.32851412]
  RK45_ECI: r=[-1233.62205618 -3510.52023235  6760.81976256], v=[6.84252857 1.21720527 1.87040649]
Epoch 999, t=2460388.449578927:
  TLE_ECI: r=[ 1590.39814624  3563.10385808 -6657.0887908 ], v=[-6.77815312 -1.00687725 -2.1562472 ]
  RK45_ECI: r=[-1187.44333082 -3503.11190177  6772.85476564], v=[6.84875154 1.24016521 1.83227901]
Epoch 1000, t=2460388.4496541903:
  TLE_ECI: r=[ 1384.7862541   3532.17927925 -6719.16718028], v=[-6.81625428 -1.10215832 -1.98230883]
  RK45_ECI: r=[-1141.22878116 -3495.53254007  6784.64156805], v=[6.85470392 1.26308599 1.79408437]
Epoch 1001, t=2460388.449729454:
  TLE_ECI: r=[ 1178.12756489  3498.31081602 -6776.00407062], v=[-6.84895946 -1.19661058 -1.80683406]
  RK45_ECI: r=[-1094.97983004 -3487.78231154  6796.17984726], v=[6.86038559 1.2859667  1.75582361]
Epoch 1002, t=2460388.4498047167:
  TLE_ECI: r=[  970.58572689  3461.52403905 -6827.55541268], v=[-6.87624478 -1.29015593 -1.62995905]
  RK45_ECI: r=[-1048.69895778 -3479.8615795   6807.46901851], v=[6.8657963  1.30880594 1.71749868]
Epoch 1003, t=2460388.44987998:
  TLE_ECI: r=[  762.32499845  3421.84693772 -6873.78125763], v=[-6.89809058 -1.38271705 -1.45182098]
  RK45_ECI: r=[-1002.38735891 -3471.77048922  6818.50882764], v=[6.87093595 1.33160295 1.67911044]
Epoch 1004, t=2460388.4499552436:
  TLE_ECI: r=[  553.51018133  3379.3098794  -6914.64578614], v=[-6.9144814  -1.47421731 -1.27255794]
  RK45_ECI: r=[ -956.04688712 -3463.50929998  6829.29886547], v=[6.87580441 1.35435662 1.64066031]
Epoch 1005, t=2460388.450030507:
  TLE_ECI: r=[  344.30645177  3333.94559946 -6950.11733433], v=[-6.92540606 -1.56458091 -1.09230886]
  RK45_ECI: r=[ -909.67980668 -3455.07836629  6839.83863418], v=[6.88040147 1.37706567 1.60215006]
Epoch 1006, t=2460388.4501057705:
  TLE_ECI: r=[  134.87924254  3285.7891726  -6980.16841679], v=[-6.93085757 -1.65373292 -0.91121337]
  RK45_ECI: r=[ -863.28754326 -3446.47788533  6850.12784544], v=[6.88472707 1.39972919 1.56358076]
Epoch 1007, t=2460388.4501810335:
  TLE_ECI: r=[  -74.6058758   3234.87798599 -7004.77574655], v=[-6.93083322 -1.74159933 -0.72941171]
  RK45_ECI: r=[ -816.8725834  -3437.70827124  6860.16597807], v=[6.88878101 1.42234582 1.52495436]
Epoch 1008, t=2460388.450256297:
  TLE_ECI: r=[ -283.98336122  3181.2517104  -7023.92025191], v=[-6.9253345  -1.82810719 -0.54704464]
  RK45_ECI: r=[ -770.43612333 -3428.76969726  6869.95280635], v=[6.89256326 1.44491478 1.48627175]
Epoch 1009, t=2460388.4503315603:
  TLE_ECI: r=[ -493.08777094  3124.95226884 -7037.58709038], v=[-6.91436715 -1.91318452 -0.36425334]
  RK45_ECI: r=[ -723.98002004 -3419.66246304  6879.48796718], v=[6.89607372 1.46743497 1.44753434]
Epoch 1010, t=2460388.450406824:
  TLE_ECI: r=[ -701.75392781  3066.0238054  -7045.7656594 ], v=[-6.89794114 -1.99676046 -0.18117928]
  RK45_ECI: r=[ -677.506542   -3410.38696963  6888.77102072], v=[6.89931226 1.48990513 1.40874392]
Epoch 1011, t=2460388.450482087:
  TLE_ECI: r=[ -909.81703829  3004.51265083 -7048.4496041 ], v=[-6.87607064e+00 -2.07876532e+00  2.03584542e-03]
  RK45_ECI: r=[ -631.01711629 -3400.94344687  6897.80171309], v=[6.90227886 1.51232436 1.36990156]
Epoch 1012, t=2460388.45055735:
  TLE_ECI: r=[-1117.11281126  2940.46728999 -7045.63682194], v=[-6.84877405 -2.1591306   0.18525026]
  RK45_ECI: r=[ -584.51423307 -3391.33235942  6906.57958718], v=[6.90497339 1.5346913  1.33100924]
Epoch 1013, t=2460388.4506326136:
  TLE_ECI: r=[-1323.47761961  2873.93831219 -7037.32946427], v=[-6.81607393 -2.2377891   0.36832216]
  RK45_ECI: r=[ -537.99908894 -3381.55390832  6915.10444589], v=[6.90739586 1.55700517 1.29206784]
Epoch 1014, t=2460388.450707877:
  TLE_ECI: r=[-1528.74857416  2804.97838973 -7023.53393497], v=[-6.77799703 -2.31467491  0.55110986]
  RK45_ECI: r=[ -491.47354247 -3371.6084333   6923.37597257], v=[6.90954623 1.57926489 1.25307879]
Epoch 1015, t=2460388.4507831405:
  TLE_ECI: r=[-1732.76368492  2733.64222602 -7004.26088582], v=[-6.73457426 -2.38972348  0.73347186]
  RK45_ECI: r=[ -444.93986395 -3361.49638162  6931.39378575], v=[6.91142443 1.6014692  1.21404389]
Epoch 1016, t=2460388.4508584035:
  TLE_ECI: r=[-1935.36196944  2659.98652169 -6979.52520898], v=[-6.68584064 -2.46287169  0.91526699]
  RK45_ECI: r=[ -398.39991211 -3351.21811346  6939.15759455], v=[6.91303046 1.62361703 1.17496459]
Epoch 1017, t=2460388.450933667:
  TLE_ECI: r=[-2136.38360887  2584.06990866 -6949.34602622], v=[-6.6318353  -2.53405792  1.09635446]
  RK45_ECI: r=[ -351.85488292 -3340.77384993  6946.66722139], v=[6.91436433 1.6457076  1.13584176]
Epoch 1018, t=2460388.4510089303:
  TLE_ECI: r=[-2335.67002398  2505.95293689 -6913.74667534], v=[-6.57260146 -2.60322203  1.276594  ]
  RK45_ECI: r=[ -305.30726765 -3330.16411329  6953.92228295], v=[6.91542602 1.66773957 1.0966774 ]
Epoch 1019, t=2460388.451084194:
  TLE_ECI: r=[-2533.06403008  2425.69800651 -6872.75469332], v=[-6.50818639 -2.67030546  1.45584594]
  RK45_ECI: r=[ -258.75849241 -3319.38918523  6960.92258099], v=[6.91621557 1.68971206 1.05747258]
Epoch 1020, t=2460388.451159457:
  TLE_ECI: r=[-2728.40995062  2343.36932457 -6826.4017965 ], v=[-6.43864136 -2.73525127  1.63397134]
  RK45_ECI: r=[ -212.2108272  -3308.44955875  6967.66779274], v=[6.91673299 1.71162382 1.01822912]
Epoch 1021, t=2460388.45123472:
  TLE_ECI: r=[-2921.55373146  2259.03286358 -6774.72385769], v=[-6.36402164 -2.79800415  1.81083207]
  RK45_ECI: r=[ -165.66612923 -3297.34563365  6974.1576742 ], v=[6.91697831 1.73347378 0.97894846]
Epoch 1022, t=2460388.4513099836:
  TLE_ECI: r=[-3112.34308729  2172.75627658 -6717.76088026], v=[-6.28438641 -2.85851058  1.98629089]
  RK45_ECI: r=[ -119.12559286 -3286.07765848  6980.39207672], v=[6.9169516  1.75526119 0.93963148]
Epoch 1023, t=2460388.451385247:
  TLE_ECI: r=[-3300.62757961  2084.60889389 -6655.55696918], v=[-6.19979879 -2.91671872  2.16021161]
  RK45_ECI: r=[  -72.59170754 -3274.64620507  6986.37068187], v=[6.91665291 1.77698471 0.9002802 ]
Epoch 1024, t=2460388.4514605105:
  TLE_ECI: r=[-3486.25876116  1994.66163648 -6588.16029902], v=[-6.11032574 -2.97257854  2.33245913]
  RK45_ECI: r=[  -26.06589695 -3263.05158714  6992.0933264 ], v=[6.9160823  1.79864346 0.86089569]
Epoch 1025, t=2460388.451535774:
  TLE_ECI: r=[-3669.09028491  1902.98696843 -6515.62307893], v=[-6.01603803 -3.02604186  2.50289958]
  RK45_ECI: r=[   20.44957161 -3251.29434302  6997.55974657], v=[6.91523987 1.82023623 0.82147977]
Epoch 1026, t=2460388.451611037:
  TLE_ECI: r=[-3848.97801312  1809.65885136 -6438.00151461], v=[-5.91701023 -3.07706237  2.67140041]
  RK45_ECI: r=[   66.95284431 -3239.37491173  7002.76974545], v=[6.9141257  1.84176194 0.78203389]
Epoch 1027, t=2460388.4516863003:
  TLE_ECI: r=[-4025.78015182  1714.75264173 -6355.35576726], v=[-5.81332056 -3.12559572  2.83783049]
  RK45_ECI: r=[  113.44272974 -3227.29356903  7007.72320348], v=[6.91273989 1.86321986 0.74255895]
Epoch 1028, t=2460388.451761564:
  TLE_ECI: r=[-4199.35732925  1618.3450976  -6267.74990958], v=[-5.70505095 -3.17159948  3.00206019]
  RK45_ECI: r=[  159.91674266 -3215.05093577  7012.41986739], v=[6.91108257 1.88460866 0.70305695]
Epoch 1029, t=2460388.451836827:
  TLE_ECI: r=[-4369.57272768  1520.51427438 -6175.25187876], v=[-5.59228691 -3.21503323  3.16396151]
  RK45_ECI: r=[  206.37346335 -3202.64735741  7016.85960909], v=[6.90915385 1.90592748 0.66352898]
Epoch 1030, t=2460388.4519120906:
  TLE_ECI: r=[-4536.29218549  1421.33947393 -6077.93342651], v=[-5.47511752 -3.25585859  3.32340816]
  RK45_ECI: r=[  252.81062947 -3190.08341707  7021.0422241 ], v=[6.90695387 1.92717511 0.62397687]
Epoch 1031, t=2460388.4519873536:
  TLE_ECI: r=[-4699.38429941  1320.90119519 -5975.87006619], v=[-5.35363533 -3.29403923  3.48027567]
  RK45_ECI: r=[  299.22660329 -3177.35953312  7024.96758058], v=[6.9044828  1.94835059 0.58440188]
Epoch 1032, t=2460388.452062617:
  TLE_ECI: r=[-4858.72054415  1219.28101609 -5869.14101693], v=[-5.22793626 -3.32954099  3.63444147]
  RK45_ECI: r=[  345.61956521 -3164.47618664  7028.63553466], v=[6.90174076 1.96945292 0.54480547]
Epoch 1033, t=2460388.4521378805:
  TLE_ECI: r=[-5014.17535045  1116.56160896 -5757.82914496], v=[-5.09811966 -3.36233178  3.785785  ]
  RK45_ECI: r=[  391.98766907 -3151.43386851  7032.04595199], v=[6.89872795 1.99048106 0.5051891 ]
Epoch 1034, t=2460388.452213144:
  TLE_ECI: r=[-5165.62622121  1012.82662133 -5642.02090199], v=[-4.96428809 -3.39238171  3.93418779]
  RK45_ECI: r=[  438.32928976 -3138.23301506  7035.19872189], v=[6.89544452 2.01143407 0.46555404]
Epoch 1035, t=2460388.452288407:
  TLE_ECI: r=[-5312.95382242   908.16063752 -5521.80626075], v=[-4.82654736 -3.41966308  4.07953359]
  RK45_ECI: r=[  484.64195277 -3124.87431703  7038.09368635], v=[6.89189071 2.03231066 0.42590231]
Epoch 1036, t=2460388.4523636703:
  TLE_ECI: r=[-5456.04208951   802.64904893 -5397.27864775], v=[-4.68500637 -3.44415045  4.22170841]
  RK45_ECI: r=[  530.92468542 -3111.35803775  7040.73079383], v=[6.88806666 2.05311018 0.38623462]
Epoch 1037, t=2460388.452438934:
  TLE_ECI: r=[-5594.7783035    696.37807716 -5268.5348732 ], v=[-4.5397771  -3.4658206   4.36060066]
  RK45_ECI: r=[  577.1750166  -3097.68488472  7043.10990894], v=[6.88397263 2.07383135 0.34655299]
Epoch 1038, t=2460388.452514197:
  TLE_ECI: r=[-5729.05319317   589.43464355 -5135.67505823], v=[-4.39097448 -3.48465261  4.49610122]
  RK45_ECI: r=[  623.39153726 -3083.85525966  7045.23096709], v=[6.87960881 2.09447332 0.30685851]
Epoch 1039, t=2460388.4525894606:
  TLE_ECI: r=[-5858.76102016   481.90631362 -4998.80255933], v=[-4.23871632 -3.50062785  4.62810353]
  RK45_ECI: r=[  669.57199989 -3069.86982488  7047.09387092], v=[6.87497547 2.11503491 0.26715301]
Epoch 1040, t=2460388.4526647236:
  TLE_ECI: r=[-5983.79966328   373.88124365 -4858.02389021], v=[-4.08312326 -3.51373003  4.75650367]
  RK45_ECI: r=[  715.71457023 -3055.72912682  7048.69855615], v=[6.87007287 2.13551512 0.22743796]
Epoch 1041, t=2460388.452739987:
  TLE_ECI: r=[-6104.07070598   265.44803924 -4713.44864092], v=[-3.92431857 -3.52394521  4.88120047]
  RK45_ECI: r=[  761.81807129 -3041.43351593  7050.04498513], v=[6.86490118 2.1559132  0.18771425]
Epoch 1042, t=2460388.4528152505:
  TLE_ECI: r=[-6219.4795088    156.69578628 -4565.18939447], v=[-3.76242821 -3.5312618   5.00209559]
  RK45_ECI: r=[  807.88004338 -3026.98374689  7051.13308814], v=[6.85946075 2.17622792 0.14798391]
Epoch 1043, t=2460388.452890514:
  TLE_ECI: r=[-6329.93529174    47.71390983 -4413.36164089], v=[-3.5975806  -3.5356706   5.11909357]
  RK45_ECI: r=[  853.8990854  -3012.38025214  7051.96283599], v=[6.85375181 2.19645842 0.10824803]
Epoch 1044, t=2460388.4529657774:
  TLE_ECI: r=[-6435.351207     -61.4078828  -4258.08368883], v=[-3.42990661 -3.53716481  5.23210196]
  RK45_ECI: r=[  899.87296114 -2997.62373708  7052.53419096], v=[6.84777469 2.21660355 0.06850844]
Epoch 1045, t=2460388.4530410403:
  TLE_ECI: r=[-6535.64441063  -170.57965675 -4099.47657466], v=[-3.25953943 -3.53574001  5.34103138]
  RK45_ECI: r=[  945.79984693 -2982.71478552  7052.84713631], v=[6.8415297  2.23666232 0.0287666 ]
Epoch 1046, t=2460388.453116304:
  TLE_ECI: r=[-6630.73612881  -279.71140002 -3937.66396933], v=[-3.0866144  -3.53139423  5.44579558]
  RK45_ECI: r=[  991.67857341 -2967.6537739   7052.90166374], v=[ 6.83501707  2.256634   -0.01097658]
Epoch 1047, t=2460388.453191567:
  TLE_ECI: r=[-6720.55172478  -388.71298398 -3772.77208284], v=[-2.91126905 -3.52412793  5.54631153]
  RK45_ECI: r=[ 1037.50669444 -2952.44150339  7052.69776925], v=[ 6.82823719  2.27651737 -0.05071909]
Epoch 1048, t=2460388.4532668306:
  TLE_ECI: r=[-6805.02075928  -497.49431436 -3604.92956654], v=[-2.73364286 -3.51394395  5.64249951]
  RK45_ECI: r=[ 1083.28281851 -2937.07843667  7052.2354591 ], v=[ 6.82119035  2.2963116  -0.09045982]
Epoch 1049, t=2460388.4533420936:
  TLE_ECI: r=[-6884.0770509   -605.96536677 -3434.26741318], v=[-2.55387722 -3.50084762  5.73428316]
  RK45_ECI: r=[ 1129.00450651 -2921.56539545  7051.51475922], v=[ 6.81387698  2.31601546 -0.13019676]
Epoch 1050, t=2460388.453417357:
  TLE_ECI: r=[-6957.65872404  -714.03634249 -3260.91885501], v=[-2.37211525 -3.4848467   5.82158955]
  RK45_ECI: r=[ 1174.67059664 -2905.90277853  7050.53568843], v=[ 6.80629734  2.33562825 -0.16992901]
Epoch 1051, t=2460388.4534926205:
  TLE_ECI: r=[-7025.70827006  -821.61762326 -3085.01925976], v=[-2.18850179 -3.46595135  5.90434924]
  RK45_ECI: r=[ 1220.27927873 -2890.0912098   7049.29827978], v=[ 6.79845179  2.35514899 -0.2096551 ]
Epoch 1052, t=2460388.453567884:
  TLE_ECI: r=[-7088.17258906  -928.61992641 -2906.70602474], v=[-2.00318317 -3.4441742   5.98249635]
  RK45_ECI: r=[ 1265.82833946 -2874.1314621   7047.80259101], v=[ 6.79034077  2.37457656 -0.2493732 ]
Epoch 1053, t=2460388.4536431474:
  TLE_ECI: r=[-7145.00303557 -1034.95435992 -2726.11846908], v=[-1.81630719 -3.41953029  6.05596866]
  RK45_ECI: r=[ 1311.31639811 -2858.02402792  7046.04866379], v=[ 6.7819646   2.39391015 -0.28908222]
Epoch 1054, t=2460388.4537184103:
  TLE_ECI: r=[-7196.15546262 -1140.53247626 -2543.39772426], v=[-1.62802292 -3.39203708  6.12470757]
  RK45_ECI: r=[ 1356.74103292 -2841.76977423  7044.03658977], v=[ 6.77332379  2.41314856 -0.32878014]
Epoch 1055, t=2460388.453793674:
  TLE_ECI: r=[-7241.59024564 -1245.26643111 -2358.68662292], v=[-1.4384806  -3.36171447  6.18865826]
  RK45_ECI: r=[ 1402.10109188 -2825.36912507  7041.76641711], v=[ 6.76441863  2.4322911  -0.36846606]
Epoch 1056, t=2460388.453868937:
  TLE_ECI: r=[-7281.27233481 -1349.06893186 -2172.12958611], v=[-1.24783155 -3.32858471  6.24776966]
  RK45_ECI: r=[ 1447.39477923 -2808.82274043  7039.23822636], v=[ 6.75524954  2.45133681 -0.40813852]
Epoch 1057, t=2460388.4539442006:
  TLE_ECI: r=[-7315.17127216 -1451.85339496 -1983.87250913], v=[-1.05622802 -3.29267248  6.30199455]
  RK45_ECI: r=[ 1492.61989877 -2792.13143434  7036.4521349 ], v=[ 6.74581702  2.47028459 -0.44779568]
Epoch 1058, t=2460388.454019464:
  TLE_ECI: r=[-7343.26122011 -1553.53399893 -1794.06264587], v=[-0.86382305 -3.2540048   6.35128959]
  RK45_ECI: r=[ 1537.77508209 -2775.29572853  7033.40821975], v=[ 6.73612143  2.48913364 -0.48743646]
Epoch 1059, t=2460388.454094727:
  TLE_ECI: r=[-7365.52098824 -1654.0257354  -1602.84849202], v=[-0.67077036 -3.21261105  6.39561533]
  RK45_ECI: r=[ 1582.85792717 -2758.31653437  7030.1066382 ], v=[ 6.72616336  2.5078828  -0.52705884]
Epoch 1060, t=2460388.4541699905:
  TLE_ECI: r=[-7381.9340319  -1753.24456813 -1410.37966704], v=[-0.4772242  -3.16852294  6.4349363 ]
  RK45_ECI: r=[ 1627.86729308 -2741.19430067  7026.54746771], v=[ 6.71594312  2.52653139 -0.56666192]
Epoch 1061, t=2460388.454245254:
  TLE_ECI: r=[-7392.4884946  -1851.10737467 -1216.80679503], v=[-0.28333926 -3.12177447  6.469221  ]
  RK45_ECI: r=[ 1672.80140008 -2723.92972292  7022.73083627], v=[ 6.70546119  2.54507846 -0.60624425]
Epoch 1062, t=2460388.4543205174:
  TLE_ECI: r=[-7397.17719928 -1947.53210418 -1022.28138471], v=[-0.0892705  -3.07240192  6.49844194]
  RK45_ECI: r=[ 1717.65807146 -2706.52365542  7018.65692074], v=[ 6.69471814  2.56352294 -0.64580399]
Epoch 1063, t=2460388.454395781:
  TLE_ECI: r=[-7395.99765904 -2042.43782574  -826.95570859], v=[ 0.10482696 -3.02044383  6.52257568]
  RK45_ECI: r=[ 1762.43595255 -2688.9766486   7014.32583347], v=[ 6.68371437  2.58186406 -0.68534007]
Epoch 1064, t=2460388.454471044:
  TLE_ECI: r=[-7388.95208556 -2135.74477539  -630.98268127], v=[ 0.29879799 -2.96594096  6.54160286]
  RK45_ECI: r=[ 1807.13266339 -2671.28965733  7009.73779721], v=[ 6.67245053  2.60010067 -0.72485046]
Epoch 1065, t=2460388.454546307:
  TLE_ECI: r=[-7376.04736222 -2227.37451202  -434.5157373 ], v=[ 0.49248756 -2.90893623  6.55550819]
  RK45_ECI: r=[ 1851.74707521 -2653.46315477  7004.89291865], v=[ 6.66092697  2.61823212 -0.76433428]
Epoch 1066, t=2460388.4546215707:
  TLE_ECI: r=[-7357.29507505 -2317.24985399  -237.70870842], v=[ 0.68574088 -2.84947472  6.56428046]
  RK45_ECI: r=[ 1896.27742635 -2635.49787106  6999.79137311], v=[ 6.64914423  2.63625746 -0.80379007]
Epoch 1067, t=2460388.454696834:
  TLE_ECI: r=[-7332.71147866 -2405.29503197   -40.71570041], v=[ 0.87840355 -2.78760365  6.56791261]
  RK45_ECI: r=[ 1940.72156162 -2617.39469996  6994.43339678], v=[ 6.63710294  2.65417566 -0.843216  ]
Epoch 1068, t=2460388.454772097:
  TLE_ECI: r=[-7302.31749556 -2491.43571106   156.30903023], v=[ 1.07032164 -2.72337228  6.56640165]
  RK45_ECI: r=[ 1985.07772941 -2599.15438894  6988.81919109], v=[ 6.62480364  2.67198581 -0.88261064]
Epoch 1069, t=2460388.4548473605:
  TLE_ECI: r=[-7266.13866952 -2575.59914001   353.21119979], v=[ 1.26134192 -2.6568319   6.55974874]
  RK45_ECI: r=[ 2029.34481027 -2580.77742874  6982.94888241], v=[ 6.61224673  2.68968726 -0.92197307]
Epoch 1070, t=2460388.454922624:
  TLE_ECI: r=[-7224.20518658 -2657.71408543   549.83662099], v=[ 1.45131186 -2.5880358   6.54795916]
  RK45_ECI: r=[ 2073.52045287 -2562.26482291  6976.82276821], v=[ 6.59943293  2.70727889 -0.9613013 ]
Epoch 1071, t=2460388.4549978874:
  TLE_ECI: r=[-7176.55182113 -2737.71097833   746.03132642], v=[ 1.64007986 -2.51703923  6.53104227]
  RK45_ECI: r=[ 2117.60332722 -2543.61716671  6970.44101707], v=[ 6.5863627   2.72475996 -1.00059426]
Epoch 1072, t=2460388.455073151:
  TLE_ECI: r=[-7123.21791318 -2815.52195258   941.64169178], v=[ 1.82749535 -2.44389929  6.50901158]
  RK45_ECI: r=[ 2161.5913019  -2524.8353924   6963.80392431], v=[ 6.57303675  2.74212944 -1.03985012]
Epoch 1073, t=2460388.455148414:
  TLE_ECI: r=[-7064.24734339 -2891.08088238  1136.51455888], v=[ 2.01340889 -2.36867497  6.48188465]
  RK45_ECI: r=[ 2205.48264595 -2505.92028102  6956.91173841], v=[ 6.55945568  2.75938646 -1.07906745]
Epoch 1074, t=2460388.455223677:
  TLE_ECI: r=[-6999.68846195 -2964.32352225  1330.49735807], v=[ 2.19767234 -2.29142701  6.44968314]
  RK45_ECI: r=[ 2249.27625417 -2486.87234667  6949.76461477], v=[ 6.5456199   2.77653037 -1.11824534]
Epoch 1075, t=2460388.4552989407:
  TLE_ECI: r=[-6929.59409781 -3035.18743683  1523.43823032], v=[ 2.38013897 -2.21221792  6.41243276]
  RK45_ECI: r=[ 2292.96980237 -2467.69263428  6942.36291583], v=[ 6.53153021  2.79356009 -1.15738182]
Epoch 1076, t=2460388.455374204:
  TLE_ECI: r=[-6854.0214804  -3103.61213822  1715.18614843], v=[ 2.56066355 -2.1311119   6.37016326]
  RK45_ECI: r=[ 2336.56197783 -2448.38176625  6934.70684511], v=[ 6.51718712  2.8104749  -1.1964758 ]
Epoch 1077, t=2460388.4554494675:
  TLE_ECI: r=[-6773.03219922 -3169.53911697  1905.59103756], v=[ 2.73910252 -2.04817476  6.32290836]
  RK45_ECI: r=[ 2380.05067507 -2428.94071232  6926.79675681], v=[ 6.50259139  2.8272738  -1.23552548]
Epoch 1078, t=2460388.4555247305:
  TLE_ECI: r=[-6686.69216141 -3232.91187201  2094.50389489], v=[ 2.91531409 -1.9634739   6.2707058 ]
  RK45_ECI: r=[ 2423.43418552 -2409.3702863   6918.6329462 ], v=[ 6.48774367  2.84395593 -1.27452943]
Epoch 1079, t=2460388.455599994:
  TLE_ECI: r=[-6595.07149776 -3293.67603843  2281.7769081 ], v=[ 3.08915835 -1.87707821  6.21359721]
  RK45_ECI: r=[ 2466.71141924 -2389.67102521  6910.21559758], v=[ 6.47264441  2.86052067 -1.31348676]
Epoch 1080, t=2460388.4556752574:
  TLE_ECI: r=[-6498.24456    -3351.77931493  2467.26357307], v=[ 3.2604974  -1.78905805  6.15162814]
  RK45_ECI: r=[ 2509.88008166 -2369.84401411  6901.54513801], v=[ 6.45729447  2.87696697 -1.35239548]
Epoch 1081, t=2460388.455750521:
  TLE_ECI: r=[-6396.28982048 -3407.17158801  2650.81881002], v=[ 3.42919544 -1.69948518  6.084848  ]
  RK45_ECI: r=[ 2552.93887866 -2349.88990191  6892.6218058 ], v=[ 6.44169441  2.89329413 -1.39125454]
Epoch 1082, t=2460388.4558257842:
  TLE_ECI: r=[-6289.2898154  -3459.80495457  2832.29907852], v=[ 3.59511892 -1.60843267  6.01330999]
  RK45_ECI: r=[ 2595.88573265 -2329.80969497  6883.44601364], v=[ 6.42584504  2.90950117 -1.43006213]
Epoch 1083, t=2460388.455901047:
  TLE_ECI: r=[-6177.33108536 -3509.63374504  3011.56249109], v=[ 3.7581366  -1.51597488  5.93707109]
  RK45_ECI: r=[ 2638.71915496 -2309.60414952  6874.01805853], v=[ 6.409747    2.92558733 -1.46881701]
Epoch 1084, t=2460388.4559763107:
  TLE_ECI: r=[-6060.50406183 -3556.61463467  3188.46892508], v=[ 3.91811972 -1.42218732  5.85619198]
  RK45_ECI: r=[ 2681.43748514 -2289.27409289  6864.33828798], v=[ 6.39340098  2.94155182 -1.50751775]
Epoch 1085, t=2460388.456051574:
  TLE_ECI: r=[-5938.90305244 -3600.70657078  3362.88013321], v=[ 4.07494202 -1.32714669  5.77073699]
  RK45_ECI: r=[ 2724.03904734 -2268.82038128  6854.40705877], v=[ 6.3768077   2.95739381 -1.54616294]
Epoch 1086, t=2460388.4561268375:
  TLE_ECI: r=[-5812.62612131 -3641.8708811   3534.65985225], v=[ 4.22847992 -1.23093073  5.68077403]
  RK45_ECI: r=[ 2766.52237171 -2248.24377873  6844.22468861], v=[ 6.35996781  2.97311254 -1.58475133]
Epoch 1087, t=2460388.4562021005:
  TLE_ECI: r=[-5681.77502807 -3680.07127136  3703.67390988], v=[ 4.37861257 -1.13361819  5.58637458]
  RK45_ECI: r=[ 2808.88521067 -2227.5454264   6833.79169788], v=[ 6.34288229  2.98870701 -1.62328096]
Epoch 1088, t=2460388.456277364:
  TLE_ECI: r=[-5546.45509978 -3715.27392337  3869.79032965], v=[ 4.52522194 -1.03528873  5.48761355]
  RK45_ECI: r=[ 2851.12669914 -2206.7258109   6823.10827523], v=[ 6.32555156  3.0041767  -1.66175113]
Epoch 1089, t=2460388.4563526274:
  TLE_ECI: r=[-5406.775208   -3747.44742193  4032.87943418], v=[ 4.66819296 -0.9360229   5.38456927]
  RK45_ECI: r=[ 2893.24460154 -2185.78608673  6812.17496303], v=[ 6.3079766   3.01952061 -1.70015989]
Epoch 1090, t=2460388.456427891:
  TLE_ECI: r=[-5262.84763533 -3776.56284962  4192.81394603], v=[ 4.80741356 -0.83590204  5.2773234 ]
  RK45_ECI: r=[ 2935.23746851 -2164.72704138  6800.99211463], v=[ 6.29015812  3.03473802 -1.738506  ]
Epoch 1091, t=2460388.4565031542:
  TLE_ECI: r=[-5114.78799299 -3802.59379425  4349.46908659], v=[ 4.94277478 -0.7350082   5.16596086]
  RK45_ECI: r=[ 2977.10385407 -2143.54946626  6789.5600879 ], v=[ 6.2720968   3.0498282  -1.77678824]
Epoch 1092, t=2460388.456578417:
  TLE_ECI: r=[-4962.71513694 -3825.51635604  4502.72267283], v=[ 5.07417084 -0.63342412  5.05056974]
  RK45_ECI: r=[ 3018.84154574 -2122.25453988  6777.87946678], v=[ 6.25379368  3.06479018 -1.81500465]
Epoch 1093, t=2460388.4566536807:
  TLE_ECI: r=[-4806.75102483 -3845.30922686  4652.45521154], v=[ 5.20149922 -0.53123308  4.93124127]
  RK45_ECI: r=[ 3060.44969407 -2100.84276788  6765.95046239], v=[ 6.23524921  3.07962345 -1.85315455]
Epoch 1094, t=2460388.456728944:
  TLE_ECI: r=[-4647.02068271 -3861.95361961  4798.5499916 ], v=[ 5.32466074 -0.42851889  4.80806968]
  RK45_ECI: r=[ 3101.92609948 -2079.31534143  6753.77368046], v=[ 6.21646445  3.09432706 -1.891236  ]
Epoch 1095, t=2460388.4568042075:
  TLE_ECI: r=[-4483.65205814 -3875.43334325  4940.89317351], v=[ 5.44355966 -0.32536584  4.68115215]
  RK45_ECI: r=[ 3143.26952682 -2057.67297993  6741.34945536], v=[ 6.19744004  3.10890036 -1.92924796]
Epoch 1096, t=2460388.456879471:
  TLE_ECI: r=[-4316.77592669 -3885.73480158  5079.37387667], v=[ 5.55810367 -0.22185854  4.55058876]
  RK45_ECI: r=[ 3184.47798783 -2035.91678622  6728.67836144], v=[ 6.17817698  3.12334247 -1.96718867]
Epoch 1097, t=2460388.456954734:
  TLE_ECI: r=[-4146.52579639 -3892.84699282  5213.88426408], v=[ 5.66820405 -0.11808197  4.41648232]
  RK45_ECI: r=[ 3225.54987485 -2014.0476901   6715.76086899], v=[ 6.15867611  3.13765264 -2.00505673]
Epoch 1098, t=2460388.4570299974:
  TLE_ECI: r=[-3973.0377538  -3896.76156793  5344.31962437], v=[ 5.77377568 -0.01412127  4.27893837]
  RK45_ECI: r=[ 3266.48416592 -1992.06631039  6702.59727032], v=[ 6.13893799  3.15183031 -2.04285129]
Epoch 1099, t=2460388.457105261:
  TLE_ECI: r=[-3796.45042187 -3897.47276329  5470.57845151], v=[5.87473709 0.08993821 4.13806505]
  RK45_ECI: r=[ 3307.27869948 -1969.97387397  6689.18823394], v=[ 6.11896375  3.16587457 -2.08057042]
Epoch 1100, t=2460388.4571805242:
  TLE_ECI: r=[-3616.90480223 -3894.97745599  5592.56252155], v=[5.97101056 0.19401103 3.99397301]
  RK45_ECI: r=[ 3347.9322639  -1947.77112394  6675.53412798], v=[ 6.09875407  3.17978478 -2.11821309]
Epoch 1101, t=2460388.4572557877:
  TLE_ECI: r=[-3434.54417278 -3889.27515406  5710.17696676], v=[6.06252213 0.29801172 3.84677533]
  RK45_ECI: r=[ 3388.44290664 -1925.45919533  6661.63558356], v=[ 6.07830999  3.19356012 -2.15577756]
Epoch 1102, t=2460388.4573310507:
  TLE_ECI: r=[-3249.51398372 -3880.36798768  5823.33034716], v=[6.14920167 0.40185486 3.69658742]
  RK45_ECI: r=[ 3428.8090505  -1903.03904626  6647.4931161 ], v=[ 6.05763241  3.20719985 -2.19326246]
Epoch 1103, t=2460388.457406314:
  TLE_ECI: r=[-3061.96169534 -3868.26074662  5931.93471896], v=[6.23098293 0.50545517 3.54352695]
  RK45_ECI: r=[ 3469.02969396 -1880.51131549  6633.1070457 ], v=[ 6.03672193  3.22070344 -2.23066692]
Epoch 1104, t=2460388.4574815775:
  TLE_ECI: r=[-2872.03672818 -3852.96081777  6035.90570059], v=[6.30780357 0.60872751 3.38771372]
  RK45_ECI: r=[ 3509.10271574 -1857.87726416  6618.47810307], v=[ 6.01557972  3.23407001 -2.26798905]
Epoch 1105, t=2460388.457556841:
  TLE_ECI: r=[-2679.89029823 -3834.47821943  6135.16253553], v=[6.3796052  0.71158701 3.22926958]
  RK45_ECI: r=[ 3549.02692891 -1835.13765831  6603.60668975], v=[ 5.9942065   3.24729895 -2.30522783]
Epoch 1106, t=2460388.457632104:
  TLE_ECI: r=[-2485.67531896 -3812.82557629  6229.62815251], v=[6.44633345 0.81394908 3.06831833]
  RK45_ECI: r=[ 3588.800231   -1812.29377399  6588.49356455], v=[ 5.9726035   3.2603894  -2.34238136]
Epoch 1107, t=2460388.4577073674:
  TLE_ECI: r=[-2289.54623511 -3788.0181395   6319.22922254], v=[6.50793792 0.9157296  2.90498565]
  RK45_ECI: r=[ 3628.4216396  -1789.34626663  6573.13907301], v=[ 5.95077132  3.27334085 -2.3794488 ]
Epoch 1108, t=2460388.457782631:
  TLE_ECI: r=[-2091.65896739 -3760.07372933  6403.89621339], v=[6.56437233 1.01684482 2.73939897]
  RK45_ECI: r=[ 3667.88961197 -1766.29612412  6557.54377727], v=[ 5.92871091  3.2861526  -2.41642879]
Epoch 1109, t=2460388.4578578942:
  TLE_ECI: r=[-1892.17074438 -3729.0127523   6483.56344079], v=[6.61559443 1.11721153 2.57168738]
  RK45_ECI: r=[ 3707.20225675 -1743.14453057  6541.70839803], v=[ 5.90642341  3.29882386 -2.45331962]
Epoch 1110, t=2460388.4579331577:
  TLE_ECI: r=[-1691.2399897  -3694.8581774   6558.16911684], v=[6.66156611 1.2167471  2.40198152]
  RK45_ECI: r=[ 3746.35841289 -1719.89227414  6525.63336987], v=[ 5.88390957  3.31135407 -2.49012027]
Epoch 1111, t=2460388.4580084207:
  TLE_ECI: r=[-1489.02620791 -3657.63551398  6627.65539539], v=[6.70225339 1.31536951 2.23041351]
  RK45_ECI: r=[ 3785.35602125 -1696.5406632   6509.31951278], v=[ 5.86117067  3.32374239 -2.52682889]
Epoch 1112, t=2460388.458083684:
  TLE_ECI: r=[-1285.68981607 -3617.37281011  6691.96841433], v=[6.7376264  1.41299755 2.05711684]
  RK45_ECI: r=[ 3824.19412183 -1673.09037173  6492.76719952], v=[ 5.83820735  3.33598833 -2.56344463]
Epoch 1113, t=2460388.4581589475:
  TLE_ECI: r=[-1081.39208285 -3574.10060254  6751.05833513], v=[6.76765946 1.50955067 1.88222623]
  RK45_ECI: r=[ 3862.87120555 -1649.54241376  6475.97703631], v=[ 5.8150206   3.34809122 -2.59996615]
Epoch 1114, t=2460388.458234211:
  TLE_ECI: r=[ -876.29495884 -3527.85191246  6804.87937909], v=[6.79233108 1.60494921 1.7058776 ]
  RK45_ECI: r=[ 3901.38542173 -1625.89800243  6458.94979899], v=[ 5.79161162  3.36005033 -2.63639177]
Epoch 1115, t=2460388.4583094744:
  TLE_ECI: r=[ -670.56096095 -3478.66221483  6853.38986067], v=[6.81162392 1.69911439 1.5282079 ]
  RK45_ECI: r=[ 3939.73563645 -1602.15794712  6441.68595477], v=[ 5.7679812   3.37186509 -2.67272048]
Epoch 1116, t=2460388.4583847374:
  TLE_ECI: r=[ -464.35305549 -3426.56940952  6896.55221778], v=[6.82552486 1.79196836 1.34935506]
  RK45_ECI: r=[ 3977.91983591 -1578.323587    6424.18638406], v=[ 5.74413066  3.38353472 -2.70895044]
Epoch 1117, t=2460388.458460001:
  TLE_ECI: r=[ -257.83449112 -3371.6137981   6934.33303895], v=[6.83402494 1.88343436 1.16945786]
  RK45_ECI: r=[ 4015.93708344 -1554.39561407  6406.45148649], v=[ 5.72006068  3.39505876 -2.74508083]
Epoch 1118, t=2460388.4585352642:
  TLE_ECI: r=[  -51.16873234 -3313.8380424   6966.70308759], v=[6.83711945 1.97343664 0.98865581]
  RK45_ECI: r=[ 4053.78590519 -1530.37506729  6388.48191179], v=[ 5.69577231  3.40643656 -2.78111033]
Epoch 1119, t=2460388.4586105277:
  TLE_ECI: r=[  155.48070803 -3253.28713887  6993.63732303], v=[6.83480782 2.0619006  0.80708912]
  RK45_ECI: r=[ 4091.46449299 -1506.26318753  6370.27849023], v=[ 5.67126677  3.41766742 -2.81703726]
Epoch 1120, t=2460388.458685791:
  TLE_ECI: r=[  361.95038572 -3190.00838176  7015.11491861], v=[6.82709371 2.14875282 0.62489851]
  RK45_ECI: r=[ 4128.97174119 -1482.06080445  6351.84172121], v=[ 5.64654491  3.42875081 -2.85286064]
Epoch 1121, t=2460388.458761054:
  TLE_ECI: r=[  568.07704244 -3124.05132806  7031.11927658], v=[6.81398495 2.23392113 0.44222516]
  RK45_ECI: r=[ 4166.3056833  -1457.76928673  6333.17254472], v=[ 5.62160809  3.43968598 -2.88857866]
Epoch 1122, t=2460388.4588363175:
  TLE_ECI: r=[  773.69776922 -3055.46775336  7041.63804002], v=[6.79549356 2.31733471 0.25921061]
  RK45_ECI: r=[ 4203.46540695 -1433.38934356  6314.27138691], v=[ 5.59645705  3.4504725  -2.92419051]
Epoch 1123, t=2460388.458911581:
  TLE_ECI: r=[  978.65007732 -2984.31161956  7046.66310171], v=[6.7716357  2.39892403 0.07599662]
  RK45_ECI: r=[ 4240.44947504 -1408.92203759  6295.13894041], v=[ 5.57109284  3.46110975 -2.95969487]
Epoch 1124, t=2460388.4589868444:
  TLE_ECI: r=[ 1182.77206077 -2910.63902856  7046.19060978], v=[ 6.74243171  2.478621   -0.10727489]
  RK45_ECI: r=[ 4277.25612366 -1384.36863614  6275.77608913], v=[ 5.54551676  3.47159707 -2.99509011]
Epoch 1125, t=2460388.4590621074:
  TLE_ECI: r=[ 1385.90250431 -2834.50818372  7040.22097048], v=[ 6.70790604  2.55635897 -0.29046199]
  RK45_ECI: r=[ 4313.88393563 -1359.7302135   6256.18354916], v=[ 5.51972991  3.48193386 -3.03037493]
Epoch 1126, t=2460388.459137371:
  TLE_ECI: r=[ 1587.88104154 -2755.97932941  7028.75884764], v=[ 6.66808726  2.63207289 -0.47342277]
  RK45_ECI: r=[ 4350.33201641 -1335.00749088  6236.36176433], v=[ 5.49373303  3.4921197  -3.06554853]
Epoch 1127, t=2460388.4592126342:
  TLE_ECI: r=[ 1788.5482283  -2675.11472656  7011.81315926], v=[ 6.62300805  2.70569917 -0.65601554]
  RK45_ECI: r=[ 4386.59845626 -1310.20186906  6216.31174178], v=[ 5.46752756  3.50215389 -3.10060912]
Epoch 1128, t=2460388.4592878977:
  TLE_ECI: r=[ 1987.7457     -2591.97859024  6989.39707095], v=[ 6.57270514  2.77717591 -0.83809884]
  RK45_ECI: r=[ 4422.682197   -1285.31420855  6196.03403141], v=[ 5.44111437  3.51203594 -3.13555574]
Epoch 1129, t=2460388.459363161:
  TLE_ECI: r=[ 2185.31628579 -2506.63704305  6961.52798622], v=[ 6.5172193   2.84644285 -1.0195316 ]
  RK45_ECI: r=[ 4458.58152084 -1260.34580143  6175.52956999], v=[ 5.41449483  3.52176524 -3.17038678]
Epoch 1130, t=2460388.459438424:
  TLE_ECI: r=[ 2381.10412298 -2419.15807091  6928.22753383], v=[ 6.45659533  2.91344142 -1.20017323]
  RK45_ECI: r=[ 4494.29504948 -1235.29774409  6154.79911548], v=[ 5.38767005  3.53134122 -3.20510096]
Epoch 1131, t=2460388.4595136875:
  TLE_ECI: r=[ 2574.95480646 -2329.61144295  6889.52155193], v=[ 6.39088197  2.97811489 -1.37988371]
  RK45_ECI: r=[ 4529.82191424 -1210.1707736   6133.84313751], v=[ 5.36064081  3.54076347 -3.23969749]
Epoch 1132, t=2460388.459588951:
  TLE_ECI: r=[ 2766.71546516 -2238.06869713  6845.44006929], v=[ 6.32013196  3.04040827 -1.55852369]
  RK45_ECI: r=[ 4565.16025679 -1184.96631693  6112.66270088], v=[ 5.33340861  3.55003134 -3.27417462]
Epoch 1133, t=2460388.4596642144:
  TLE_ECI: r=[ 2956.23490969 -2144.60305851  6796.01728333], v=[ 6.24440191  3.10026845 -1.73595461]
  RK45_ECI: r=[ 4600.3090501  -1159.68525245  6091.2583864 ], v=[ 5.30597435  3.55914438 -3.30853141]
Epoch 1134, t=2460388.459739478:
  TLE_ECI: r=[ 3143.36374252 -2049.28938845  6741.29153519], v=[ 6.16375231  3.15764421 -1.9120388 ]
  RK45_ECI: r=[ 4635.26662408 -1134.32889591  6069.6311828 ], v=[ 5.27833943  3.56810201 -3.34276626]
Epoch 1135, t=2460388.459814741:
  TLE_ECI: r=[ 3327.95446839 -1952.20413587  6681.30528174], v=[ 6.07824749  3.21248628 -2.08663957]
  RK45_ECI: r=[ 4670.0316407  -1108.89836454  6047.78188921], v=[ 5.25050503  3.57690369 -3.37687793]
Epoch 1136, t=2460388.4598900042:
  TLE_ECI: r=[ 3509.86163234 -1853.42523916  6616.10506442], v=[ 5.9879555   3.26474738 -2.25962131]
  RK45_ECI: r=[ 4704.60325802 -1083.39441041  6025.71100063], v=[ 5.22247194  3.58554904 -3.41086564]
Epoch 1137, t=2460388.4599652677:
  TLE_ECI: r=[ 3688.94189796 -1753.03212157  6545.7414753 ], v=[ 5.89294821  3.31438225 -2.4308496 ]
  RK45_ECI: r=[ 4738.97967102 -1057.81848504  6003.41963851], v=[ 5.1942417   3.59403746 -3.44472767]
Epoch 1138, t=2460388.460040531:
  TLE_ECI: r=[ 3865.05418299 -1651.10559192  6470.26911989], v=[ 5.79330111  3.36134768 -2.60019131]
  RK45_ECI: r=[ 4773.15988475 -1032.1714839   5980.90841405], v=[ 5.16581527  3.60236851 -3.47846308]
Epoch 1139, t=2460388.460115794:
  TLE_ECI: r=[ 4038.05975919 -1547.72780175  6389.74657708], v=[ 5.68909335  3.40560255 -2.76751468]
  RK45_ECI: r=[ 4807.14211881 -1006.45486908  5958.17847416], v=[ 5.13719422  3.61054162 -3.51207017]
Epoch 1140, t=2460388.4601910575:
  TLE_ECI: r=[ 4207.82237955 -1442.98213389  6304.23635595], v=[ 5.58040765  3.44710794 -2.93268947]
  RK45_ECI: r=[4840.92571181 -980.66929426 5935.23022867], v=[ 5.10837923  3.61855644 -3.54554833]
Epoch 1141, t=2460388.460266321:
  TLE_ECI: r=[ 4374.20835701 -1336.95320598  6213.80484979], v=[ 5.46733022  3.48582705 -3.095587  ]
  RK45_ECI: r=[4874.5089026  -954.81622962 5912.06484362], v=[ 5.0793719   3.62641241 -3.57889586]
Epoch 1142, t=2460388.4603415844:
  TLE_ECI: r=[ 4537.08668868 -1229.72675784  6118.52228698], v=[ 5.34995078  3.52172529 -3.25608028]
  RK45_ECI: r=[4907.89056855 -928.89669442 5888.6830643 ], v=[ 5.05017333  3.63410909 -3.6121117 ]
Epoch 1143, t=2460388.460416848:
  TLE_ECI: r=[ 4696.32915435 -1121.38959449  6018.462679  ], v=[ 5.22836238  3.55477034 -3.41404409]
  RK45_ECI: r=[4941.06959198 -902.91171038 5865.08563988], v=[ 5.0207846   3.64164605 -3.64519478]
Epoch 1144, t=2460388.460492111:
  TLE_ECI: r=[ 4851.81041473 -1012.02953143  5913.70376552], v=[ 5.10266147  3.5849321  -3.56935513]
  RK45_ECI: r=[4974.0442483  -876.86276184 5841.27377242], v=[ 4.99120735  3.64902275 -3.67814343]
Epoch 1145, t=2460388.4605673742:
  TLE_ECI: r=[5003.40812281 -901.73526853 5804.32695655], v=[ 4.97294767  3.61218286 -3.72189202]
  RK45_ECI: r=[5006.8139     -850.75051491 5817.24789112], v=[ 4.96144229  3.65623888 -3.71095704]
Epoch 1146, t=2460388.4606426377:
  TLE_ECI: r=[5151.00300222 -790.59640262 5690.41727173], v=[ 4.83932384  3.63649715 -3.8715355 ]
  RK45_ECI: r=[5039.37684231 -824.57646151 5793.00921678], v=[ 4.93149105  3.66329391 -3.74363397]
Epoch 1147, t=2460388.460717901:
  TLE_ECI: r=[5294.47895491 -678.70330034 5572.06327679], v=[ 4.70189596  3.65785191 -4.01816844]
  RK45_ECI: r=[5071.73199109 -798.34163703 5768.558529  ], v=[ 4.90135477  3.67018744 -3.77617315]
Epoch 1148, t=2460388.4607931646:
  TLE_ECI: r=[5433.72315036 -566.14703946 5449.35701714], v=[ 4.560773    3.67622644 -4.161676  ]
  RK45_ECI: r=[5103.87826722 -772.04707945 5743.89661118], v=[ 4.87103457  3.67691907 -3.80857356]
Epoch 1149, t=2460388.4608684275:
  TLE_ECI: r=[5568.62611441 -453.01935168 5322.39394869], v=[ 4.41606694  3.69160243 -4.30194566]
  RK45_ECI: r=[5135.81400361 -745.69429386 5719.02471937], v=[ 4.84053213  3.68348831 -3.84083354]
Epoch 1150, t=2460388.460943691:
  TLE_ECI: r=[5699.08182258 -339.41248386 5191.27286593], v=[ 4.26789256  3.70396404 -4.43886737]
  RK45_ECI: r=[5167.53858728 -719.28395781 5693.94330178], v=[ 4.80984818  3.68989487 -3.87295252]
Epoch 1151, t=2460388.4610189544:
  TLE_ECI: r=[5824.98777622 -225.41921969 5056.09582726], v=[ 4.11636749  3.71329784 -4.57233361]
  RK45_ECI: r=[5199.05037155 -692.81758323 5668.65363278], v=[ 4.77898441  3.69613827 -3.90492887]
Epoch 1152, t=2460388.461094218:
  TLE_ECI: r=[5946.24509131 -111.13274082 4916.96807764], v=[ 3.96161203  3.71959287 -4.70223947]
  RK45_ECI: r=[5230.34845667 -666.29610785 5643.15640544], v=[ 4.74794184  3.70221815 -3.93676172]
Epoch 1153, t=2460388.4611694813:
  TLE_ECI: r=[6.06275858e+03 3.35343356e+00 4.77399797e+03], v=[ 3.80374909  3.72284066 -4.82848275]
  RK45_ECI: r=[5261.43136852 -639.72092353 5617.45279704], v=[ 4.71672204  3.7081341  -3.96844959]
Epoch 1154, t=2460388.4612447442:
  TLE_ECI: r=[6174.43681078  117.94550467 4627.29687598], v=[ 3.6429041   3.72303519 -4.95096406]
  RK45_ECI: r=[5292.29793379 -613.09321548 5591.54375608], v=[ 4.68532632  3.71388572 -3.99999134]
Epoch 1155, t=2460388.4613200077:
  TLE_ECI: r=[6281.19221584  232.54954313 4476.97911414], v=[ 3.4792049   3.72017302 -5.06958686]
  RK45_ECI: r=[5322.9474198  -586.41378483 5565.42986942], v=[ 4.65375557  3.71947273 -4.03138625]
Epoch 1156, t=2460388.461395271:
  TLE_ECI: r=[6382.94112902  347.07145809 4323.16184909], v=[ 3.31278165  3.71425315 -5.18425761]
  RK45_ECI: r=[5353.37823951 -559.6841622  5539.11246388], v=[ 4.62201153  3.7248947  -4.06263271]
Epoch 1157, t=2460388.4614705346:
  TLE_ECI: r=[6479.60387069  461.41714658 4165.96500811], v=[ 3.14376674  3.70527714 -5.29488577]
  RK45_ECI: r=[5383.58952893 -532.90529825 5512.59226052], v=[ 4.59009524  3.7301513  -4.0937299 ]
Epoch 1158, t=2460388.4615457975:
  TLE_ECI: r=[6571.10481108  575.49253363 4005.51118746], v=[ 2.97229469  3.69324905 -5.40138395]
  RK45_ECI: r=[5413.5797285  -506.07873113 5485.87060963], v=[ 4.55800847  3.73524212 -4.12467622]
Epoch 1159, t=2460388.461621061:
  TLE_ECI: r=[6657.37242574  689.20372695 3841.92555765], v=[ 2.79850197  3.67817551 -5.50366793]
  RK45_ECI: r=[5443.34813288 -479.20527131 5458.94811926], v=[ 4.52575211  3.74016691 -4.15547097]
Epoch 1160, t=2460388.4616963244:
  TLE_ECI: r=[6738.33936326  802.45698009 3675.33576653], v=[ 2.62252702  3.66006564 -5.60165677]
  RK45_ECI: r=[5472.89361822 -452.28612035 5431.82577684], v=[ 4.49332751  3.74492531 -4.18611304]
Epoch 1161, t=2460388.461771588:
  TLE_ECI: r=[6813.94249494  915.15884651 3505.8718402 ], v=[ 2.44451005  3.63893111 -5.69527288]
  RK45_ECI: r=[5502.21479927 -425.32269563 5404.50483448], v=[ 4.46073632  3.74951697 -4.21660101]
Epoch 1162, t=2460388.4618468513:
  TLE_ECI: r=[6884.12296799 1027.2162384  3333.66608176], v=[ 2.26459294  3.6147861  -5.78444204]
  RK45_ECI: r=[5531.31084867 -398.31596001 5376.98604056], v=[ 4.42797959  3.75394159 -4.24693405]
Epoch 1163, t=2460388.4619221142:
  TLE_ECI: r=[6948.8262575  1138.53648406 3158.85296814], v=[ 2.08291916  3.58764732 -5.86909355]
  RK45_ECI: r=[5560.18026871 -371.26746757 5349.27079597], v=[ 4.39505915  3.75819883 -4.27711062]
Epoch 1164, t=2460388.4619973777:
  TLE_ECI: r=[7008.00219838 1249.02748664 2981.56904493], v=[ 1.8996336   3.557534   -5.94916022]
  RK45_ECI: r=[5588.82238529 -344.1780388  5321.35973113], v=[ 4.36197591  3.76228842 -4.30713005]
Epoch 1165, t=2460388.462072641:
  TLE_ECI: r=[7061.60504596 1358.59767985 2801.95281935], v=[ 1.7148825   3.52446785 -6.02457845]
  RK45_ECI: r=[5617.23612196 -317.04888862 5293.25386972], v=[ 4.32873125  3.76621008 -4.33699123]
Epoch 1166, t=2460388.4621479046:
  TLE_ECI: r=[7109.59350145 1467.15618567 2620.14465143], v=[ 1.52881331  3.48847309 -6.09528832]
  RK45_ECI: r=[5645.42015079 -289.88144829 5264.95450909], v=[ 4.29532684  3.76996347 -4.3666928 ]
Epoch 1167, t=2460388.462223168:
  TLE_ECI: r=[7151.93074924 1574.61287075 2436.28664359], v=[ 1.34157459  3.44957637 -6.16123359]
  RK45_ECI: r=[5673.37368182 -262.67669167 5236.46242424], v=[ 4.26176379  3.77354836 -4.39623393]
Epoch 1168, t=2460388.462298431:
  TLE_ECI: r=[7188.58449236 1680.87840129 2250.52252856], v=[ 1.15331584  3.40780685 -6.22236182]
  RK45_ECI: r=[5701.09528068 -235.43618712 5207.77906535], v=[ 4.22804394  3.77696442 -4.42561315]
Epoch 1169, t=2460388.4623736944:
  TLE_ECI: r=[7219.52695985 1785.86440294 2062.99755584], v=[ 0.96418742  3.36319609 -6.27862433]
  RK45_ECI: r=[5728.58430517 -208.16076414 5178.9050846 ], v=[ 4.19416823  3.78021144 -4.45482978]
Epoch 1170, t=2460388.462448958:
  TLE_ECI: r=[7244.73495853 1889.48340902 1873.8583767 ], v=[ 0.77434041  3.31577806 -6.32997634]
  RK45_ECI: r=[5755.8397273  -180.85164976 5149.84154096], v=[ 4.16013807  3.78328914 -4.48388276]
Epoch 1171, t=2460388.4625242213:
  TLE_ECI: r=[7264.18987338 1991.64901901 1683.252928  ], v=[ 0.58392648  3.26558913 -6.37637694]
  RK45_ECI: r=[5782.86027769 -153.51028754 5120.58977579], v=[ 4.12595518  3.78619727 -4.51277075]
Epoch 1172, t=2460388.4625994847:
  TLE_ECI: r=[7277.87768748 2092.27595114 1491.3303147 ], v=[ 0.39309778  3.21266802 -6.41778915]
  RK45_ECI: r=[5809.64520463 -126.13766109 5091.15059001], v=[ 4.09162067  3.7889356  -4.54149297]
Epoch 1173, t=2460388.4626747477:
  TLE_ECI: r=[7285.78900016 2191.28009272 1298.24069135], v=[ 0.20200677  3.15705577 -6.45417998]
  RK45_ECI: r=[5836.19313844  -98.73535141 5061.52548169], v=[ 4.05713644  3.79150386 -4.57004797]
Epoch 1174, t=2460388.462750011:
  TLE_ECI: r=[7287.91900902 2288.57865807 1104.13514266], v=[ 0.01080615  3.09879575 -6.48552041]
  RK45_ECI: r=[5862.50346945  -71.3041962  5031.71512415], v=[ 4.02250344  3.79390185 -4.5984351 ]
Epoch 1175, t=2460388.4628252746:
  TLE_ECI: r=[7284.26755152 2384.09013036  909.16556302], v=[-0.18035132  3.03793355 -6.51178547]
  RK45_ECI: r=[5888.57521911  -43.84543301 5001.72061067], v=[ 3.98772311  3.79612936 -4.62665332]
Epoch 1176, t=2460388.462900538:
  TLE_ECI: r=[7274.83907989 2477.73441682  713.48453541], v=[-0.37131292  2.97451702 -6.53295422]
  RK45_ECI: r=[5914.40717787  -16.360516   4971.54332536], v=[ 3.95279721  3.79818616 -4.65470135]
Epoch 1177, t=2460388.462975801:
  TLE_ECI: r=[7259.64267085 2569.43287416  517.24520966], v=[-0.5619261   2.90859617 -6.54900981]
  RK45_ECI: r=[5939.99839385   11.14931274 4941.18438007], v=[ 3.91772719  3.80007205 -4.68257815]
Epoch 1178, t=2460388.4630510644:
  TLE_ECI: r=[7238.69198755 2659.10846149  320.60118014], v=[-0.75203863  2.84022317 -6.55993945]
  RK45_ECI: r=[5965.34828065   38.68320979 4910.64446198], v=[ 3.88251402  3.80178683 -4.7102831 ]
Epoch 1179, t=2460388.463126328:
  TLE_ECI: r=[7212.00531226 2746.68567782  123.70636297], v=[-0.94149872  2.76945229 -6.56573448]
  RK45_ECI: r=[5990.45554449   66.23958206 4879.92512232], v=[ 3.84715963  3.80333033 -4.73781481]
Epoch 1180, t=2460388.4632015913:
  TLE_ECI: r=[7179.60550113 2832.09071216  -73.28512691], v=[-1.13015512  2.69633986 -6.5663903 ]
  RK45_ECI: r=[6015.31949628   93.81743214 4849.02720181], v=[ 3.81166518  3.80470235 -4.76517251]
Epoch 1181, t=2460388.4632768547:
  TLE_ECI: r=[7141.51997179 2915.25148527 -270.21909904], v=[-1.3178573   2.62094422 -6.56190646]
  RK45_ECI: r=[6039.93898744  121.41529678 4817.95212603], v=[ 3.77603244  3.80590272 -4.79235496]
Epoch 1182, t=2460388.4633521177:
  TLE_ECI: r=[7097.78068859 2996.09769055 -466.94141064], v=[-1.50445553  2.54332565 -6.55228659]
  RK45_ECI: r=[6064.31311697  149.03192546 4786.70103951], v=[ 3.74026291  3.80693127 -4.81936117]
Epoch 1183, t=2460388.463427381:
  TLE_ECI: r=[7048.42410014 3074.56093779 -663.29808983], v=[-1.68980106  2.46354636 -6.53753844]
  RK45_ECI: r=[6088.441332    176.6664682  4755.27464948], v=[ 3.70435756  3.80778785 -4.84619054]
Epoch 1184, t=2460388.4635026446:
  TLE_ECI: r=[6993.49116034 3150.57468599 -859.13545879], v=[-1.87374619  2.3816704  -6.51767387]
  RK45_ECI: r=[6112.32240617  204.31732315 4723.67455201], v=[ 3.66831838  3.80847232 -4.8728417 ]
Epoch 1185, t=2460388.463577908:
  TLE_ECI: r=[ 6933.02725868  3224.07438435 -1054.30025642], v=[-2.05614442  2.29776364 -6.49270879]
  RK45_ECI: r=[6135.95569043  231.98348586 4691.90161168], v=[ 3.63214652  3.80898452 -4.89931393]
Epoch 1186, t=2460388.4636531714:
  TLE_ECI: r=[ 6867.08219004  3294.99750664 -1248.63976079], v=[-2.23685058  2.21189366 -6.46266322]
  RK45_ECI: r=[6159.34009824  259.6634858  4659.95729419], v=[ 3.5958438   3.80932433 -4.92560602]
Epoch 1187, t=2460388.4637284344:
  TLE_ECI: r=[ 6795.71012229  3363.28358424 -1442.00191098], v=[-2.41572093  2.12412978 -6.42756121]
  RK45_ECI: r=[6182.47478035  287.35606527 4627.84277567], v=[ 3.55941174  3.80949161 -4.95171702]
Epoch 1188, t=2460388.463803698:
  TLE_ECI: r=[ 6718.96951063  3428.87433827 -1634.23542826], v=[-2.59261332  2.03454286 -6.38743084]
  RK45_ECI: r=[6205.35921796  315.06036853 4595.5587827 ], v=[ 3.52285133  3.80948625 -4.97764634]
Epoch 1189, t=2460388.4638789613:
  TLE_ECI: r=[ 6636.9231065   3491.71360912 -1825.18993673], v=[-2.76738726  1.94320541 -6.34230422]
  RK45_ECI: r=[6227.99225327  342.77478708 4563.10695471], v=[ 3.48616458  3.80930814 -5.00339268]
Epoch 1190, t=2460388.4639542247:
  TLE_ECI: r=[ 6549.63786549  3551.74748454 -2014.7160828 ], v=[-2.93990408  1.85019138 -6.29221739]
  RK45_ECI: r=[6250.37327792  370.49831056 4530.48817932], v=[ 3.44935267  3.80895717 -5.02895532]
Epoch 1191, t=2460388.464029488:
  TLE_ECI: r=[ 6457.18490025  3608.92432551 -2202.66565399], v=[-3.11002701  1.75557618 -6.23721035]
  RK45_ECI: r=[6272.50126842  398.22946243 4497.70396096], v=[ 3.41241746  3.80843325 -5.05433311]
Epoch 1192, t=2460388.464104751:
  TLE_ECI: r=[ 6359.63943074  3663.19479203 -2388.89169649], v=[-3.27762131  1.65943659 -6.17732702]
  RK45_ECI: r=[6294.37542807  425.96697956 4464.75550626], v=[ 3.37536047  3.8077363  -5.07952513]
Epoch 1193, t=2460388.4641800146:
  TLE_ECI: r=[ 6257.0806781   3714.51195959 -2573.24863156], v=[-3.44255439  1.56185068 -6.11261515]
  RK45_ECI: r=[6315.99527265  453.7100015  4431.64356044], v=[ 3.33818271  3.80686622 -5.10453081]
Epoch 1194, t=2460388.464255278:
  TLE_ECI: r=[ 6149.59186164  3762.83124658 -2755.59237078], v=[-3.60469588  1.46289776 -6.04312633]
  RK45_ECI: r=[6337.359714    481.45691463 4398.36980476], v=[ 3.30088624  3.80582297 -5.12934889]
Epoch 1195, t=2460388.4643305414:
  TLE_ECI: r=[ 6037.26008621  3808.11052759 -2935.78042975], v=[-3.7639178   1.36265832 -5.96891589]
  RK45_ECI: r=[6358.46818502  509.20670378 4364.93514901], v=[ 3.26347224  3.80460645 -5.15397869]
Epoch 1196, t=2460388.4644058044:
  TLE_ECI: r=[ 5920.17629093  3850.3101329  -3113.67204048], v=[-3.92009457  1.26121394 -5.89004292]
  RK45_ECI: r=[6379.31962936  536.95775369 4331.34129299], v=[ 3.22594277  3.80321664 -5.17841899]
Epoch 1197, t=2460388.464481068:
  TLE_ECI: r=[ 5798.43512761  3889.39295215 -3289.12826194], v=[-4.07310323  1.15864721 -5.80657012]
  RK45_ECI: r=[6399.91369154  564.70931719 4297.58883979], v=[ 3.18829869  3.80165345 -5.20266935]
Epoch 1198, t=2460388.4645563313:
  TLE_ECI: r=[ 5672.13494923  3925.32436014 -3462.01208934], v=[-4.22282341  1.0550417  -5.71856385]
  RK45_ECI: r=[6420.24933984  592.4597778  4263.679503  ], v=[ 3.15054206  3.79991689 -5.22672854]
Epoch 1199, t=2460388.4646315947:
  TLE_ECI: r=[ 5541.37768262  3958.07231705 -3632.18856129], v=[-4.36913753  0.95048185 -5.62609398]
  RK45_ECI: r=[6440.32594557  620.20800143 4229.61436976], v=[ 3.11267427  3.7980069  -5.25059582]
Epoch 1200, t=2460388.464706858:
  TLE_ECI: r=[ 5406.26875476  3987.60737775 -3799.52486532], v=[-4.51193082  0.84505291 -5.52923388]
  RK45_ECI: r=[6460.14288607  647.95285331 4195.39452994], v=[ 3.07469669  3.79592344 -5.27427042]
Epoch 1201, t=2460388.464782121:
  TLE_ECI: r=[ 5266.91701683  4013.90270128 -3963.89044141], v=[-4.65109145  0.73884089 -5.42806033]
  RK45_ECI: r=[6479.69917608  675.69271595 4161.02172285], v=[ 3.03661142  3.79366654 -5.29775115]
Epoch 1202, t=2460388.4648573846:
  TLE_ECI: r=[ 5123.43460718  4036.93413535 -4125.15708343], v=[-4.78651059  0.63193242 -5.32265348]
  RK45_ECI: r=[6498.99448979  703.42683858 4126.49656524], v=[ 2.99841931  3.79123614 -5.3210376 ]
Epoch 1203, t=2460388.464932648:
  TLE_ECI: r=[ 4975.93692828  4056.68014362 -4283.19903873], v=[-4.91808253  0.52441477 -5.21309673]
  RK45_ECI: r=[6518.02786687  731.15360335 4091.82080963], v=[ 2.96012247  3.78863228 -5.3441286 ]
Epoch 1204, t=2460388.4650079114:
  TLE_ECI: r=[ 4824.54250514  4073.12188616 -4437.89310536], v=[-5.0457047   0.41637572 -5.09947669]
  RK45_ECI: r=[6536.79881577  758.87198927 4056.99540353], v=[ 2.9217221   3.78585493 -5.36702353]
Epoch 1205, t=2460388.465083175:
  TLE_ECI: r=[ 4669.37289913  4086.24322    -4589.11872707], v=[-5.1692778   0.30790347 -4.98188314]
  RK45_ECI: r=[6555.30649445  786.58051277 4022.02195222], v=[ 2.88322015  3.78290415 -5.38972135]
Epoch 1206, t=2460388.465158438:
  TLE_ECI: r=[ 4510.55262027  4096.03069922 -4736.75808622], v=[-5.28870585  0.19908664 -4.86040886]
  RK45_ECI: r=[6573.55025714  814.27790212 3986.9017415 ], v=[ 2.8446182   3.77977995 -5.41222123]
Epoch 1207, t=2460388.4652337013:
  TLE_ECI: r=[ 4348.20897697  4102.47364033 -4880.69619397], v=[-5.40389624  0.09001407 -4.73514963]
  RK45_ECI: r=[6591.52971875  841.96328917 3951.63556496], v=[ 2.80591729  3.77648232 -5.43452268]
Epoch 1208, t=2460388.4653089647:
  TLE_ECI: r=[ 4182.47204425  4105.56405007 -5020.8209785 ], v=[-5.51475986 -0.01922509 -4.60620413]
  RK45_ECI: r=[6609.24399126  869.6350558  3916.22521242], v=[ 2.76711954  3.77301135 -5.45662458]
Epoch 1209, t=2460388.465384228:
  TLE_ECI: r=[ 4013.47450961  4105.29668698 -5157.02337037], v=[-5.62121108 -0.12854159 -4.47367383]
  RK45_ECI: r=[6626.69262576  897.29217954 3880.67165109], v=[ 2.72822619  3.76936705 -5.47852633]
Epoch 1210, t=2460388.4654594916:
  TLE_ECI: r=[ 3841.35157728  4101.66905233 -5289.19738559], v=[-5.72316787 -0.23784608 -4.33766294]
  RK45_ECI: r=[6643.87484651  924.9331774  3844.97651939], v=[ 2.68923919  3.76554952 -5.50022694]
Epoch 1211, t=2460388.4655347546:
  TLE_ECI: r=[ 3666.24087057  4094.68138176 -5417.24020599], v=[-5.82055184 -0.34704919 -4.19827829]
  RK45_ECI: r=[6660.79006281  952.55677752 3809.14112917], v=[ 2.65016015  3.76155881 -5.52172563]
Epoch 1212, t=2460388.465610018:
  TLE_ECI: r=[ 3488.28227262  4084.33668919 -5541.05225696], v=[-5.91328828 -0.45606168 -4.05562928]
  RK45_ECI: r=[6677.43792572  980.16211066 3773.16628981], v=[ 2.61099011  3.75739493 -5.54302191]
Epoch 1213, t=2460388.4656852814:
  TLE_ECI: r=[ 3307.6178857   4070.64069855 -5660.53728268], v=[-6.00130623 -0.56479438 -3.90982774]
  RK45_ECI: r=[6693.81762026 1007.74756066 3737.05382677], v=[ 2.57173122  3.75305804 -5.56411473]
Epoch 1214, t=2460388.465760545:
  TLE_ECI: r=[ 3124.39186897  4053.60188419 -5775.60241844], v=[-6.08453851 -0.67315835 -3.76098789]
  RK45_ECI: r=[6709.92874059 1035.31210456 3700.804726  ], v=[ 2.53238474  3.74854816 -5.58500352]
Epoch 1215, t=2460388.465835808:
  TLE_ECI: r=[ 2938.75034653  4033.23144473 -5886.15826036], v=[-6.16292179 -0.78106493 -3.60922622]
  RK45_ECI: r=[6725.77050496 1062.85412787 3664.42082865], v=[ 2.49295281  3.74386547 -5.60568723]
Epoch 1216, t=2460388.4659110713:
  TLE_ECI: r=[ 2750.84124351  4009.54332939 -5992.11893216], v=[-6.23639658 -0.88842583 -3.45466141]
  RK45_ECI: r=[6741.3425972  1090.3727616  3627.90295809], v=[ 2.45343649  3.73901001 -5.62616541]
Epoch 1217, t=2460388.4659863347:
  TLE_ECI: r=[ 2560.81423897  3982.5541739  -6093.40214937], v=[-6.30490733 -0.99515316 -3.29741422]
  RK45_ECI: r=[6756.64448592 1117.86673473 3591.25245196], v=[ 2.41383742  3.73398186 -5.64643732]
Epoch 1218, t=2460388.466061598:
  TLE_ECI: r=[ 2368.82059933  3952.28332387 -6189.92928048], v=[-6.3684024  -1.10115952 -3.1376074 ]
  RK45_ECI: r=[6771.67550285 1145.33456884 3554.47099856], v=[ 2.37415756  3.72878121 -5.66650205]
Epoch 1219, t=2460388.4661368616:
  TLE_ECI: r=[ 2175.01307032  3918.7528105  -6281.62540531], v=[-6.42683417 -1.20635808 -2.9753656 ]
  RK45_ECI: r=[6786.43528553 1172.77524177 3517.55960166], v=[ 2.33439818  3.72340813 -5.68635905]
Epoch 1220, t=2460388.4662121246:
  TLE_ECI: r=[ 1979.54576745  3881.98732768 -6368.41937048], v=[-6.48015898 -1.3106626  -2.81081527]
  RK45_ECI: r=[6800.92312636 1200.18714329 3480.52013551], v=[ 2.29456145  3.71786284 -5.70600733]
Epoch 1221, t=2460388.466287388:
  TLE_ECI: r=[ 1782.5740084   3842.01423695 -6450.24384187], v=[-6.52833723 -1.41398761 -2.64408458]
  RK45_ECI: r=[6815.1387458  1227.56940561 3443.3534378 ], v=[ 2.25464843  3.7121454  -5.72544648]
Epoch 1222, t=2460388.4663626514:
  TLE_ECI: r=[ 1584.25425947  3798.86350923 -6527.03535439], v=[-6.57133333 -1.51624833 -2.47530328]
  RK45_ECI: r=[6829.08166853 1254.92076038 3406.0608696 ], v=[ 2.21466078  3.70625594 -5.74467578]
Epoch 1223, t=2460388.466437915:
  TLE_ECI: r=[ 1384.74396661  3752.56772685 -6598.73435852], v=[-6.60911581 -1.61736082 -2.30460263]
  RK45_ECI: r=[6842.75129428 1282.23973404 3368.64414829], v=[ 2.17460047  3.70019471 -5.76369437]
Epoch 1224, t=2460388.4665131783:
  TLE_ECI: r=[ 1184.20144323  3703.16205184 -6665.28526404], v=[-6.64165725 -1.71724203 -2.13211531]
  RK45_ECI: r=[6856.14730427 1309.52530642 3331.10429449], v=[ 2.13446879  3.69396178 -5.78250174]
Epoch 1225, t=2460388.4665884413:
  TLE_ECI: r=[  982.78575706  3650.68419569 -6726.63648074], v=[-6.66893434 -1.81580986 -1.9579753 ]
  RK45_ECI: r=[6869.26906552 1336.77587381 3293.44321382], v=[ 2.09426791  3.68755744 -5.80109696]
Epoch 1226, t=2460388.4666637047:
  TLE_ECI: r=[  780.65656281  3595.1744025  -6782.74045602], v=[-6.69092788 -1.91298326 -1.78231778]
  RK45_ECI: r=[6882.11633549 1363.99057007 3255.66175746], v=[ 2.05399892  3.68098178 -5.81947962]
Epoch 1227, t=2460388.466738968:
  TLE_ECI: r=[  577.97404215  3536.67539854 -6833.55370975], v=[-6.70762279 -2.00868222 -1.60527905]
  RK45_ECI: r=[6894.68869532 1391.16813107 3217.7613086 ], v=[ 2.01366347  3.67423497 -5.83764906]
Epoch 1228, t=2460388.4668142316:
  TLE_ECI: r=[  374.89873563  3475.23237263 -6879.03686587], v=[-6.7190081  -2.10282788 -1.4269964 ]
  RK45_ECI: r=[6906.98561315 1418.30709006 3179.74361211], v=[ 1.97326355  3.66731729 -5.85560447]
Epoch 1229, t=2460388.4668894946:
  TLE_ECI: r=[  171.59143874  3410.89293716 -6919.15468102], v=[-6.725077   -2.19534255 -1.24760804]
  RK45_ECI: r=[6919.00670046 1445.40618615 3141.61006297], v=[ 1.93280084  3.66022894 -5.8733452 ]
Epoch 1230, t=2460388.466964758:
  TLE_ECI: r=[  -31.78696321  3343.70709414 -6953.87607014], v=[-6.72582675 -2.28614988 -1.06725297]
  RK45_ECI: r=[6930.75174067 1472.46455471 3103.36152092], v=[ 1.8922764   3.65297002 -5.89087087]
Epoch 1231, t=2460388.4670400214:
  TLE_ECI: r=[ -235.07555955  3273.72719147 -6983.17412913], v=[-6.72125879 -2.37517475 -0.88607089]
  RK45_ECI: r=[6942.22018713 1499.48060164 3064.99992524], v=[ 1.85169244  3.64554088 -5.9081806 ]
Epoch 1232, t=2460388.467115285:
  TLE_ECI: r=[ -438.1135794   3201.00788656 -7007.02615432], v=[-6.71137865 -2.46234346 -0.70420213]
  RK45_ECI: r=[6953.41179152 1526.45331216 3026.52632146], v=[ 1.81105025  3.63794166 -5.92527394]
Epoch 1233, t=2460388.4671905483:
  TLE_ECI: r=[ -640.740506    3125.60610301 -7025.41365892], v=[-6.69619596 -2.54758372 -0.52178748]
  RK45_ECI: r=[6964.32609085 1553.38122776 2987.9424803 ], v=[ 1.77035184  3.63017267 -5.94215013]
Epoch 1234, t=2460388.4672658113:
  TLE_ECI: r=[ -842.79619194  3047.58098913 -7038.32238652], v=[-6.67572449 -2.63082472 -0.33896814]
  RK45_ECI: r=[6974.96275362 1580.26309374 2949.24981681], v=[ 1.72959889  3.62223416 -5.95880855]
Epoch 1235, t=2460388.4673410747:
  TLE_ECI: r=[-1044.12101923  2966.99386318 -7045.74232133], v=[-6.64998204 -2.71199724 -0.15588562]
  RK45_ECI: r=[6985.32160042 1607.09804934 2910.44920285], v=[ 1.68879246  3.61412626 -5.97524886]
Epoch 1236, t=2460388.467416338:
  TLE_ECI: r=[-1244.55596808  2883.9081789  -7047.66769562], v=[-6.61899053 -2.79103362  0.0273184 ]
  RK45_ECI: r=[6995.40216027 1633.88451063 2871.54260517], v=[ 1.64793479  3.60584936 -5.99147024]
Epoch 1237, t=2460388.4674916016:
  TLE_ECI: r=[-1443.9427764   2798.38946861 -7044.09699388], v=[-6.58277591 -2.86786783  0.21050214]
  RK45_ECI: r=[7005.20422916 1660.62146765 2832.53108357], v=[ 1.60702716  3.59740364 -6.00747226]
Epoch 1238, t=2460388.467566865:
  TLE_ECI: r=[-1642.12405286  2710.50529446 -7035.03295399], v=[-6.54136816 -2.94243557  0.39352382]
  RK45_ECI: r=[7014.72741331 1687.3074719  2793.41643294], v=[ 1.56607159  3.58878946 -6.02325421]
Epoch 1239, t=2460388.467642128:
  TLE_ECI: r=[-1838.9433908   2620.32520164 -7020.48256538], v=[-6.4948013  -3.01467424  0.5762418 ]
  RK45_ECI: r=[7023.97143842 1713.94127662 2754.20008707], v=[ 1.52506977  3.5800071  -6.03881553]
Epoch 1240, t=2460388.4677173914:
  TLE_ECI: r=[-2034.24552013  2527.92064385 -7000.457064  ], v=[-6.44311329 -3.08452313  0.75851463]
  RK45_ECI: r=[7032.93616243 1740.52202543 2714.88292909], v=[ 1.48402278  3.57105673 -6.05415588]
Epoch 1241, t=2460388.467792655:
  TLE_ECI: r=[-2227.87638043  2433.3649584  -6974.97192438], v=[-6.38634608 -3.1519233   0.94020121]
  RK45_ECI: r=[7041.62119038 1767.04814658 2675.46695137], v=[ 1.44293284  3.56193878 -6.06927451]
Epoch 1242, t=2460388.4678679183:
  TLE_ECI: r=[-2419.68327162  2336.73328981 -6944.04684853], v=[-6.32454554 -3.21681773  1.12116081]
  RK45_ECI: r=[7050.02636268 1793.51863614 2635.95322697], v=[ 1.40180125  3.55265345 -6.08417102]
Epoch 1243, t=2460388.4679431817:
  TLE_ECI: r=[-2609.51496422  2238.10253643 -6907.70575177], v=[-6.25776142 -3.27915132  1.30125328]
  RK45_ECI: r=[7058.15135501 1819.93205726 2596.34357326], v=[ 1.36063005  3.54320117 -6.09884476]
Epoch 1244, t=2460388.4680184447:
  TLE_ECI: r=[-2797.22181015  2137.55129894 -6865.97674561], v=[-6.18604737 -3.33887097  1.48033905]
  RK45_ECI: r=[7065.99595048 1846.28717237 2556.63944141], v=[ 1.31942091  3.53358224 -6.1132952 ]
Epoch 1245, t=2460388.468093708:
  TLE_ECI: r=[-2982.65588413  2035.15978726 -6818.89211737], v=[-6.10946079 -3.39592564  1.6582793 ]
  RK45_ECI: r=[7073.56004447 1872.58313064 2516.84172496], v=[ 1.27817493  3.52379687 -6.12752203]
Epoch 1246, t=2460388.4681689716:
  TLE_ECI: r=[-3165.67105996  1931.00980554 -6766.48830702], v=[-6.02806293 -3.45026633  1.83493602]
  RK45_ECI: r=[7080.84331826 1898.81837415 2476.95244004], v=[ 1.23689433  3.51384553 -6.14152457]
Epoch 1247, t=2460388.468244235:
  TLE_ECI: r=[-3346.12315007  1825.18465737 -6708.80588079], v=[-5.94191874 -3.50184615  2.01017215]
  RK45_ECI: r=[7087.84565676 1924.9919063  2436.97267193], v=[ 1.19558042  3.50372847 -6.15530243]
Epoch 1248, t=2460388.468319498:
  TLE_ECI: r=[-3523.87000597  1717.76909897 -6645.88950176], v=[-5.85109688 -3.55062035  2.18385164]
  RK45_ECI: r=[7094.56677587 1951.10217596 2396.90444701], v=[ 1.15423543  3.49344618 -6.16885496]
Epoch 1249, t=2460388.4683947614:
  TLE_ECI: r=[-3698.77164963  1608.84923203 -6577.78789747], v=[-5.75566965 -3.59654643  2.35583958]
  RK45_ECI: r=[7101.00663864 1977.14844479 2356.74847908], v=[ 1.11286028  3.48299884 -6.18218193]
Epoch 1250, t=2460388.468470025:
  TLE_ECI: r=[-3870.6903514   1498.51249677 -6504.55382452], v=[-5.65571294 -3.63958407  2.5260023 ]
  RK45_ECI: r=[7107.16498753 2003.12916725 2316.50680192], v=[ 1.07145718  3.47238696 -6.19528269]
Epoch 1251, t=2460388.4685452883:
  TLE_ECI: r=[-4039.49075893  1386.84756352 -6426.2440301 ], v=[-5.55130619 -3.67969525  2.69420743]
  RK45_ECI: r=[7113.04171161 2029.04324769 2276.18069931], v=[ 1.03002764  3.46161087 -6.20815683]
Epoch 1252, t=2460388.4686205518:
  TLE_ECI: r=[-4205.03999761  1273.94427327 -6342.91921053], v=[-5.44253232 -3.7168442   2.86032407]
  RK45_ECI: r=[7118.63670649 2054.88959097 2235.77145637], v=[ 0.98857314  3.45067089 -6.22080398]
Epoch 1253, t=2460388.4686958147:
  TLE_ECI: r=[-4367.20777173  1159.89357899 -6254.64396687], v=[-5.32947769 -3.75099754  3.02422282]
  RK45_ECI: r=[7123.94976441 2080.66666303 2195.28112049], v=[ 0.94709591  3.43956758 -6.23322351]
Epoch 1254, t=2460388.468771078:
  TLE_ECI: r=[-4525.8664806   1044.78742399 -6161.48675749], v=[-5.21223201 -3.78212424  3.18577593]
  RK45_ECI: r=[7128.9808797  2106.37373078 2154.71041226], v=[ 0.90559687  3.42830112 -6.24541522]
Epoch 1255, t=2460388.4688463416:
  TLE_ECI: r=[-4680.8912979    928.71874376 -6063.51984771], v=[-5.09088831 -3.81019565  3.34485737]
  RK45_ECI: r=[7133.72987125 2132.00926606 2114.06138582], v=[ 0.86407825  3.41687209 -6.25737852]
Epoch 1256, t=2460388.468921605:
  TLE_ECI: r=[-4832.16028475   811.78134299 -5960.81925651], v=[-4.96554284 -3.83518558  3.50134294]
  RK45_ECI: r=[7138.19667908 2157.57218385 2073.33533714], v=[ 0.82254154  3.40528083 -6.26911306]
Epoch 1257, t=2460388.4689968685:
  TLE_ECI: r=[-4979.55448255   694.06983315 -5853.46470032], v=[-4.83629505 -3.85707025  3.65511035]
  RK45_ECI: r=[7142.38124953 2183.06140046 2032.53356341], v=[ 0.78098823  3.39352771 -6.28061847]
Epoch 1258, t=2460388.4690721314:
  TLE_ECI: r=[-5122.95800571   575.67957207 -5741.53953388], v=[-4.70324748 -3.87582837  3.80603934]
  RK45_ECI: r=[7146.28345154 2208.47539973 1991.6581311 ], v=[ 0.73942056  3.38161333 -6.29189421]
Epoch 1259, t=2460388.469147395:
  TLE_ECI: r=[-5262.25814091   456.70652819 -5625.13068826], v=[-4.56650566 -3.89144121  3.95401175]
  RK45_ECI: r=[7149.9033104  2233.8134553  1950.70976692], v=[ 0.69783942  3.36953791 -6.30294009]
Epoch 1260, t=2460388.4692226583:
  TLE_ECI: r=[-5397.34542581   337.24729239 -5504.32860605], v=[-4.4261781  -3.90389248  4.09891165]
  RK45_ECI: r=[7153.24072167 2259.07405769 1909.6905434 ], v=[ 0.65624708  3.35730206 -6.31375558]
Epoch 1261, t=2460388.4692979218:
  TLE_ECI: r=[-5528.11374438   217.39894146 -5379.2271737 ], v=[-4.28237617 -3.91316849  4.2406254 ]
  RK45_ECI: r=[7156.29569485 2284.2562363  1868.60157449], v=[ 0.61464481  3.3449061  -6.32434041]
Epoch 1262, t=2460388.469373185:
  TLE_ECI: r=[-5654.46040989    97.25897487 -5249.92365108], v=[-4.13521404 -3.91925809  4.37904175]
  RK45_ECI: r=[7159.06817087 2309.35861335 1827.44474722], v=[ 0.57303467  3.33235062 -6.33469412]
Epoch 1263, t=2460388.469448448:
  TLE_ECI: r=[-5776.28624754   -23.07474747 -5116.51859835], v=[-3.98480858 -3.9221527   4.51405194]
  RK45_ECI: r=[7161.55815148 2334.37999894 1786.22156621], v=[ 0.53141834  3.31963609 -6.34481635]
Epoch 1264, t=2460388.4695237116:
  TLE_ECI: r=[-5893.49567445  -143.50415173 -4979.1158    ], v=[-3.83127925 -3.92184637  4.64554977]
  RK45_ECI: r=[7163.76567417 2359.31957201 1744.93295654], v=[ 0.4897969   3.30676279 -6.35470691]
Epoch 1265, t=2460388.469598975:
  TLE_ECI: r=[-6005.9967762   -263.9309293  -4837.82218639], v=[-3.67474804 -3.91833573  4.77343172]
  RK45_ECI: r=[7165.69071098 2384.17584373 1703.58100723], v=[ 0.4481726   3.29373139 -6.36436531]
Epoch 1266, t=2460388.4696742385:
  TLE_ECI: r=[-6113.70138209  -384.25668343 -4692.74775251], v=[-3.51533941 -3.91162003  4.89759702]
  RK45_ECI: r=[7167.33331589 2408.94785461 1662.16684045], v=[ 0.40654672  3.28054225 -6.37379132]
Epoch 1267, t=2460388.4697495014:
  TLE_ECI: r=[-6216.52513795  -504.38297522 -4544.00547426], v=[-3.35318014 -3.90170112  5.01794772]
  RK45_ECI: r=[7168.69349548 2433.63412588 1620.69255214], v=[ 0.36492152  3.26719606 -6.38298449]
Epoch 1268, t=2460388.469824765:
  TLE_ECI: r=[-6314.38756926  -624.21147636 -4391.71122216], v=[-3.18839921 -3.88858354  5.1343888 ]
  RK45_ECI: r=[7169.77132089 2458.23384554 1579.15907324], v=[ 0.32329808  3.25369314 -6.39194464]
Epoch 1269, t=2460388.4699000283:
  TLE_ECI: r=[-6407.21215466  -743.64394183 -4235.98367261], v=[-3.0211278  -3.87227441  5.24682822]
  RK45_ECI: r=[7170.56685487 2482.74584038 1537.56791935], v=[ 0.28167806  3.24003398 -6.40067147]
Epoch 1270, t=2460388.4699752918:
  TLE_ECI: r=[-6494.92638372  -862.58236271 -4076.94421675], v=[-2.8514991  -3.8527835   5.35517705]
  RK45_ECI: r=[7171.08014982 2507.16876459 1495.92099924], v=[ 0.24006352  3.22621923 -6.4091646 ]
Epoch 1271, t=2460388.470050555:
  TLE_ECI: r=[-6577.4618176   -980.92902918 -3914.71686692], v=[-2.67964824 -3.83012322  5.45934947]
  RK45_ECI: r=[7171.3113039  2531.50167131 1454.21944223], v=[ 0.19845574  3.2122493  -6.41742383]
Epoch 1272, t=2460388.470125818:
  TLE_ECI: r=[-6654.75414852 -1098.58659203 -3749.42816088], v=[-2.50571219 -3.80430859  5.55926294]
  RK45_ECI: r=[7171.26040002 2555.7431047  1412.46535789], v=[ 0.15685696  3.1981249  -6.42544877]
Epoch 1273, t=2460388.4702010816:
  TLE_ECI: r=[-6726.74324027 -1215.45822114 -3581.20706378], v=[-2.32982961 -3.77535731  5.6548382 ]
  RK45_ECI: r=[7170.9275464  2579.89226368 1370.65968252], v=[ 0.11526825  3.18384638 -6.43323926]
Epoch 1274, t=2460388.470276345:
  TLE_ECI: r=[-6793.37319619 -1331.44756991 -3410.18486802], v=[-2.1521408  -3.74328964  5.74599935]
  RK45_ECI: r=[7170.31286293 2603.94799232 1328.80394089], v=[ 0.07369129  3.16941429 -6.44079506]
Epoch 1275, t=2460388.4703516085:
  TLE_ECI: r=[-6854.59239362 -1446.45893288 -3236.49509094], v=[-1.97278754 -3.70812846  5.83267395]
  RK45_ECI: r=[7169.41647148 2627.90896671 1286.90005303], v=[ 0.03212811  3.1548293  -6.44811583]
Epoch 1276, t=2460388.470426872:
  TLE_ECI: r=[-6910.35352965 -1560.39730656 -3060.27337067], v=[-1.79191299 -3.66989926  5.91479307]
  RK45_ECI: r=[7168.23851423 2651.77425355 1244.94915436], v=[-0.00942     3.14009186 -6.45520141]
Epoch 1277, t=2460388.470502135:
  TLE_ECI: r=[-6960.61366536 -1673.16844861 -2881.65735991], v=[-1.6096616  -3.6286301   5.99229134]
  RK45_ECI: r=[7166.77915015 2675.54242171 1202.95336609], v=[-0.05095082  3.12520271 -6.46205147]
Epoch 1278, t=2460388.4705773983:
  TLE_ECI: r=[-7005.33424227 -1784.67903862 -2700.786618  ], v=[-1.42617891 -3.58435159  6.06510702]
  RK45_ECI: r=[7165.03852431 2699.21268192 1160.91362898], v=[-0.09246327  3.11016225 -6.46866589]
Epoch 1279, t=2460388.4706526618:
  TLE_ECI: r=[-7044.48114297 -1894.83663479 -2517.80250114], v=[-1.24161156 -3.53709691  6.13318206]
  RK45_ECI: r=[7163.01681346 2722.78389701 1118.83147555], v=[-0.13395569  3.09497104 -6.47504445]
Epoch 1280, t=2460388.470727925:
  TLE_ECI: r=[-7078.0247012  -2003.54983248 -2332.84805107], v=[-1.05610703 -3.48690173  6.19646214]
  RK45_ECI: r=[7160.71420877 2746.25476619 1076.70883529], v=[-0.17542605  3.07962981 -6.48118688]
Epoch 1281, t=2460388.4708031886:
  TLE_ECI: r=[-7105.93973097 -2110.72832218 -2146.0678821 ], v=[-0.86981363 -3.43380422  6.25489674]
  RK45_ECI: r=[7158.13089611 2769.62437091 1034.54684862], v=[-0.21687307  3.06413902 -6.48709306]
Epoch 1282, t=2460388.4708784516:
  TLE_ECI: r=[-7128.20555436 -2216.28294458 -1957.60806671], v=[-0.68288032 -3.37784502  6.30843917]
  RK45_ECI: r=[7155.26711015 2792.89130656  992.34764643], v=[-0.25829455  3.04849949 -6.4927627 ]
Epoch 1283, t=2460388.470953715:
  TLE_ECI: r=[-7144.80599314 -2320.12584963 -1767.61601989], v=[-0.49545657 -3.31906719  6.35704662]
  RK45_ECI: r=[7152.12303261 2816.05479643  950.11217305], v=[-0.2996894   3.03271161 -6.49819572]
Epoch 1284, t=2460388.4710289785:
  TLE_ECI: r=[-7155.72942043 -2422.1704463  -1576.24038198], v=[-0.30769227 -3.25751622  6.40068021]
  RK45_ECI: r=[7148.69889692 2839.11372306  907.84196729], v=[-0.34105598  3.01677598 -6.50339195]
Epoch 1285, t=2460388.471104242:
  TLE_ECI: r=[-7160.96874531 -2522.33155958 -1383.63090065], v=[-0.11973762 -3.19323995  6.439305  ]
  RK45_ECI: r=[7144.99496294 2862.06681094  865.53896632], v=[-0.38239227  3.00069339 -6.50835117]
Epoch 1286, t=2460388.471179505:
  TLE_ECI: r=[-7160.52143268 -2620.52546122 -1189.93831159], v=[ 0.06825704 -3.12628853  6.47289006]
  RK45_ECI: r=[7141.01149439 2884.91295388  823.20471195], v=[-0.42369662  2.98446446 -6.51307324]
Epoch 1287, t=2460388.4712547683:
  TLE_ECI: r=[-7154.38947481 -2716.67002519  -995.31421845], v=[ 0.25614136 -3.05671444  6.50140845]
  RK45_ECI: r=[7136.74869832 2907.65138452  780.84015029], v=[-0.46496797  2.96808961 -6.51755808]
Epoch 1288, t=2460388.4713300318:
  TLE_ECI: r=[-7142.57943486 -2810.68467193  -799.9109718 ], v=[ 0.44376507 -2.98457238  6.52483731]
  RK45_ECI: r=[7132.20689573 2930.28073048  738.44742084], v=[-0.50620411  2.9515697  -6.5218055 ]
Epoch 1289, t=2460388.471405295:
  TLE_ECI: r=[-7125.10241131 -2902.49052117  -603.88154745], v=[ 0.63097814 -2.90991925  6.54315782]
  RK45_ECI: r=[7127.38634195 2952.80009854  696.02766974], v=[-0.54740379  2.93490523 -6.5258154 ]
Epoch 1290, t=2460388.4714805586:
  TLE_ECI: r=[-7101.97403583 -2992.01043855  -407.37942422], v=[ 0.81763086 -2.83281412  6.55635526]
  RK45_ECI: r=[7122.28736525 2975.20823959  653.58284003], v=[-0.588565    2.91809701 -6.52958764]
Epoch 1291, t=2460388.4715558216:
  TLE_ECI: r=[-7073.21446897 -3079.16908085  -210.5584611 ], v=[ 1.00357403 -2.75331817  6.564419  ]
  RK45_ECI: r=[7116.91028541 2997.50406921  611.1144776 ], v=[-0.62968609  2.9011457  -6.53312212]
Epoch 1292, t=2460388.471631085:
  TLE_ECI: r=[-7038.84834696 -3163.89304388   -13.57277419], v=[ 1.18865907 -2.67149461  6.56734252]
  RK45_ECI: r=[7111.25534552 3019.68683427  568.62353057], v=[-0.67076603  2.88405175 -6.53641878]
Epoch 1293, t=2460388.4717063485:
  TLE_ECI: r=[-6998.90481418 -3246.1108005    183.42338677], v=[ 1.37273811 -2.58740867  6.56512344]
  RK45_ECI: r=[7105.32294132 3041.75519227  526.11214388], v=[-0.71180261  2.86681605 -6.5394775 ]
Epoch 1294, t=2460388.471781612:
  TLE_ECI: r=[-6953.41746291 -3325.75284518   380.27576188], v=[ 1.55566416 -2.50112754  6.55776345]
  RK45_ECI: r=[7099.1133711  3063.70826714  483.58146587], v=[-0.7527946   2.84943915 -6.54229821]
Epoch 1295, t=2460388.4718568753:
  TLE_ECI: r=[-6902.4243133  -3402.7517331    576.83020462], v=[ 1.73729119 -2.41272028  6.54526841]
  RK45_ECI: r=[7092.62703101 3085.5448376   441.03344362], v=[-0.79373999  2.83192187 -6.54488082]
Epoch 1296, t=2460388.4719321383:
  TLE_ECI: r=[-6845.96779116 -3477.04211796   772.93280533], v=[ 1.91747431 -2.32225779  6.52764825]
  RK45_ECI: r=[7085.86429633 3107.26384241  398.46962564], v=[-0.83463716  2.81426494 -6.54722527]
Epoch 1297, t=2460388.4720074018:
  TLE_ECI: r=[-6784.09465129 -3548.56088828   968.4300143 ], v=[ 2.09606985 -2.22981273  6.50491703]
  RK45_ECI: r=[7078.82544599 3128.86454332  355.8909612 ], v=[-0.87548508  2.79646879 -6.54933154]
Epoch 1298, t=2460388.472082665:
  TLE_ECI: r=[-6716.85599803 -3617.2471009   1163.16876484], v=[ 2.27293551 -2.13545948  6.47709289]
  RK45_ECI: r=[7071.51094987 3150.3456292   313.29959866], v=[-0.91628157  2.77853439 -6.55119956]
Epoch 1299, t=2460388.4721579286:
  TLE_ECI: r=[-6644.30720166 -3683.04211398  1356.99659557], v=[ 2.44793043 -2.03927405  6.44419803]
  RK45_ECI: r=[7063.9211487  3171.70624234  270.69668748], v=[-0.95702539  2.76046229 -6.55282931]
Epoch 1300, t=2460388.4722331916:
  TLE_ECI: r=[-6566.50787215 -3745.8895979   1549.76177236], v=[ 2.62091538 -1.94133406  6.40625872]
  RK45_ECI: r=[7056.05654577 3192.94508633  228.08437698], v=[-0.99771438  2.74225346 -6.55422074]
Epoch 1301, t=2460388.472308455:
  TLE_ECI: r=[-6483.52176477 -3805.73566078  1741.31340938], v=[ 2.79175283 -1.84171857  6.36330525]
  RK45_ECI: r=[7047.91745203 3214.0614372   185.46361684], v=[-1.0383475   2.72390837 -6.55537385]
Epoch 1302, t=2460388.4723837185:
  TLE_ECI: r=[-6395.41679124 -3862.52877853  1931.50158964], v=[ 2.96030707 -1.74050817  6.3153719 ]
  RK45_ECI: r=[7039.50430116 3235.05425946  142.83595658], v=[-1.07892315  2.70542776 -6.55628864]
Epoch 1303, t=2460388.472458982:
  TLE_ECI: r=[-6302.26491869 -3916.21991665  2120.17748438], v=[ 3.12644433 -1.63778475  6.26249693]
  RK45_ECI: r=[7030.81759676 3255.92237926  100.20334602], v=[-1.11943935  2.68681254 -6.55696509]
Epoch 1304, t=2460388.4725342453:
  TLE_ECI: r=[-6204.1421195  -3966.76255278  2307.19347151], v=[ 3.2900329  -1.53363154  6.20472253]
  RK45_ECI: r=[7021.85772157 3276.66495804   57.56693462], v=[-1.1598949   2.66806329 -6.55740322]
Epoch 1305, t=2460388.4726095083:
  TLE_ECI: r=[-6101.12831863 -4014.11269878  2492.403253  ], v=[ 3.4509432  -1.428133    6.14209476]
  RK45_ECI: r=[7012.62525201 3297.28073314   14.92887227], v=[-1.20028765  2.64918102 -6.55760304]
Epoch 1306, t=2460388.4726847718:
  TLE_ECI: r=[-5993.30727944 -4058.22900976  2675.66197084], v=[ 3.60904796 -1.3213747   6.07466355]
  RK45_ECI: r=[7003.12049629 3317.76907714  -27.71009206], v=[-1.24061675  2.63016614 -6.55756459]
Epoch 1307, t=2460388.472760035:
  TLE_ECI: r=[-5880.76660264 -4099.07271196  2856.82632198], v=[ 3.76422224 -1.21344335  6.00248262]
  RK45_ECI: r=[6993.34405592 3338.12873955  -70.34780883], v=[-1.28088006  2.61101967 -6.55728789]
Epoch 1308, t=2460388.4728352986:
  TLE_ECI: r=[-5763.59760647 -4136.60770739  3035.75467154], v=[ 3.91634357 -1.10442663  5.92560946]
  RK45_ECI: r=[6983.2963873  3358.35881859 -112.98292922], v=[-1.3210762   2.59174232 -6.556773  ]
Epoch 1309, t=2460388.472910562:
  TLE_ECI: r=[-5641.8952611  -4170.80058714  3212.30716463], v=[ 4.06529207 -0.99441316  5.84410523]
  RK45_ECI: r=[6972.97795252 3378.4584156  -155.6141047 ], v=[-1.36120378  2.57233475 -6.55601997]
Epoch 1310, t=2460388.472985825:
  TLE_ECI: r=[-5515.75812129 -4201.62064351  3386.34583654], v=[ 4.21095049 -0.88349243  5.75803477]
  RK45_ECI: r=[6962.38940043 3398.42630292 -198.23918682], v=[-1.40126066  2.55279803 -6.55502886]
Epoch 1311, t=2460388.4730610885:
  TLE_ECI: r=[-5385.28819477 -4229.03996119  3557.73472106], v=[ 4.35320437 -0.77175467  5.66746648]
  RK45_ECI: r=[6951.53106753 3418.26186775 -240.85742796], v=[-1.44124602  2.53313258 -6.55379973]
Epoch 1312, t=2460388.473136352:
  TLE_ECI: r=[-5250.59093065 -4253.03334277  3726.33995731], v=[ 4.49194207 -0.65929084  5.57247228]
  RK45_ECI: r=[6940.4036277  3437.96389471 -283.4666807 ], v=[-1.48115775  2.51333948 -6.55233268]
Epoch 1313, t=2460388.4732116153:
  TLE_ECI: r=[-5111.77508215 -4273.57839641  3892.0298943 ], v=[ 4.62705489 -0.54619252  5.47312757]
  RK45_ECI: r=[6929.00758433 3457.53150622 -326.06559832], v=[-1.52099447  2.49341943 -6.55062778]
Epoch 1314, t=2460388.473286879:
  TLE_ECI: r=[-4968.9526286  -4290.65553801  4054.6751938 ], v=[ 4.75843713 -0.43255183  5.36951112]
  RK45_ECI: r=[6917.34344658 3476.96382765 -368.65283452], v=[-1.5607548   2.47337314 -6.54868514]
Epoch 1315, t=2460388.4733621418:
  TLE_ECI: r=[-4822.23869511 -4304.2479938   4214.14893096], v=[ 4.88598622 -0.31846137  5.26170505]
  RK45_ECI: r=[6905.411935   3496.25966755 -411.22624427], v=[-1.60043665  2.45320172 -6.54650487]
Epoch 1316, t=2460388.473437405:
  TLE_ECI: r=[-4671.75140645 -4314.34187206  4370.32669286], v=[ 5.00960271 -0.20401411  5.14979468]
  RK45_ECI: r=[6893.21341401 3515.41842831 -453.78508201], v=[-1.64003921  2.43290561 -6.54408706]
Epoch 1317, t=2460388.4735126686:
  TLE_ECI: r=[-4517.61186538 -4320.9260884   4523.08667494], v=[ 5.12919045 -0.08930333  5.03386856]
  RK45_ECI: r=[6880.74862869 3534.43893161 -496.32720442], v=[-1.67956037  2.41248591 -6.54143187]
Epoch 1318, t=2460388.473587932:
  TLE_ECI: r=[-4359.94400229 -4323.99243351  4672.30977504], v=[5.24465656 0.02557743 4.91401831]
  RK45_ECI: r=[6868.01807656 3553.32039758 -538.85146765], v=[-1.71899897  2.39194327 -6.53853939]
Epoch 1319, t=2460388.473663195:
  TLE_ECI: r=[-4198.87449862 -4323.53555329  4817.87968512], v=[5.35591159 0.14053447 4.79033855]
  RK45_ECI: r=[6855.02253473 3572.06166512 -581.35573085], v=[-1.75835293  2.37127881 -6.53540982]
Epoch 1320, t=2460388.4737384585:
  TLE_ECI: r=[-4034.53263231 -4319.55300358  4959.68298053], v=[5.46286949 0.25547407 4.66292687]
  RK45_ECI: r=[6841.76244459 3590.66207716 -623.83905125], v=[-1.79762126  2.35049308 -6.53204325]
Epoch 1321, t=2460388.473813722:
  TLE_ECI: r=[-3867.05024796 -4312.04517718  5097.60920698], v=[5.56544776 0.37030244 4.5318837 ]
  RK45_ECI: r=[6828.2384429  3609.12070134 -666.29988826], v=[-1.83680244  2.32958693 -6.52843986]
Epoch 1322, t=2460388.4738889853:
  TLE_ECI: r=[-3696.5615989  -4301.01535446  5231.55096485], v=[5.66356745 0.4849259  4.39731224]
  RK45_ECI: r=[6814.45128102 3627.43649003 -708.73630403], v=[-1.87589458  2.30856141 -6.52459983]
Epoch 1323, t=2460388.473964249:
  TLE_ECI: r=[-3523.20325033 -4286.46968862  5361.4039909 ], v=[5.75715323 0.59925091 4.25931836]
  RK45_ECI: r=[6800.40149628 3645.60868607 -751.14715876], v=[-1.91489652  2.28741719 -6.52052331]
Epoch 1324, t=2460388.4740395118:
  TLE_ECI: r=[-3347.11398127 -4268.41719103  5487.0672375 ], v=[5.84613345 0.71318414 4.11801055]
  RK45_ECI: r=[6786.0899357  3663.63616723 -793.53031852], v=[-1.95380621  2.26615542 -6.51621054]
Epoch 1325, t=2460388.474114775:
  TLE_ECI: r=[-3168.43462189 -4246.86976443  5608.44294901], v=[5.93044017 0.82663261 3.97349978]
  RK45_ECI: r=[6771.51707363 3681.51829605 -835.88484452], v=[-1.9926227   2.24477668 -6.51166165]
Epoch 1326, t=2460388.4741900386:
  TLE_ECI: r=[-2987.30801554 -4221.84213281  5725.43673567], v=[6.01000924 0.93950368 3.82589945]
  RK45_ECI: r=[6756.68359869 3699.25416953 -878.20920189], v=[-2.03134446  2.22328184 -6.50687685]
Epoch 1327, t=2460388.474265302:
  TLE_ECI: r=[-2803.87885308 -4193.35187116  5837.95764455], v=[6.08478029 1.05170516 3.67532528]
  RK45_ECI: r=[6741.59032517 3716.84277659 -920.50146025], v=[-2.06996965  2.20167199 -6.50185639]
Epoch 1328, t=2460388.4743405655:
  TLE_ECI: r=[-2618.29356963 -4161.4193812   5945.91822782], v=[6.1546968  1.16314539 3.5218952 ]
  RK45_ECI: r=[6726.23782962 3734.2833835  -962.76048485], v=[-2.10849713  2.1799478  -6.49660044]
Epoch 1329, t=2460388.4744158285:
  TLE_ECI: r=[-2430.70023941 -4126.06786821  6049.23460815], v=[6.21970616 1.27373329 3.36572928]
  RK45_ECI: r=[ 6710.62702794  3751.57490817 -1004.9841507 ], v=[-2.14692487  2.15811049 -6.49110931]
Epoch 1330, t=2460388.474491092:
  TLE_ECI: r=[-2241.24840877 -4087.32335223  6147.82654125], v=[6.27975963 1.38337849 3.20694966]
  RK45_ECI: r=[ 6694.75842696  3768.71673323 -1047.17152377], v=[-2.18525193  2.13616062 -6.48538316]
Epoch 1331, t=2460388.4745663553:
  TLE_ECI: r=[-2050.08905026 -4045.21460284  6241.61747567], v=[6.33481244 1.49199133 3.04568038]
  RK45_ECI: r=[ 6678.63276608  3785.70798654 -1089.32107641], v=[-2.22347683  2.11409912 -6.47942222]
Epoch 1332, t=2460388.474641619:
  TLE_ECI: r=[-1857.37439369 -3999.77314704  6330.53460948], v=[6.38482377 1.59948293 2.88204734]
  RK45_ECI: r=[ 6662.2509217   3802.54769438 -1131.43088738], v=[-2.26159774  2.09192709 -6.47322681]
Epoch 1333, t=2460388.474716882:
  TLE_ECI: r=[-1663.25781791 -3951.03323679  6414.5089442 ], v=[6.42975681 1.70576534 2.71617819]
  RK45_ECI: r=[ 6645.61350886  3819.23514726 -1173.49982809], v=[-2.29961355  2.06964524 -6.46679713]
Epoch 1334, t=2460388.474792145:
  TLE_ECI: r=[-1467.89374078 -3899.03181788  6493.47533572], v=[6.46957876 1.81075149 2.54820222]
  RK45_ECI: r=[ 6628.72151116  3835.76930473 -1215.52578438], v=[-2.33752225  2.0472548  -6.46013355]
Epoch 1335, t=2460388.4748674086:
  TLE_ECI: r=[-1271.43745148 -3843.80851905  6567.37254211], v=[6.5042608  1.91435541 2.37825029]
  RK45_ECI: r=[ 6611.57546731  3852.14957007 -1257.50782789], v=[-2.37532293  2.02475638 -6.45323625]
Epoch 1336, t=2460388.474942672:
  TLE_ECI: r=[-1074.04505732 -3785.40559319  6636.14326883], v=[6.53377822 2.01649214 2.20645467]
  RK45_ECI: r=[ 6594.1761666   3868.37510295 -1299.44443951], v=[-2.41301412  2.0021509  -6.44610552]
Epoch 1337, t=2460388.4750179355:
  TLE_ECI: r=[ -875.87331484 -3723.8679035   6699.73421051], v=[6.55811032 2.11707787 2.03294902]
  RK45_ECI: r=[ 6576.52454654  3884.44496812 -1341.33370897], v=[-2.45059404  1.97943951 -6.43874171]
Epoch 1338, t=2460388.4750931985:
  TLE_ECI: r=[ -677.07952925 -3659.2428816   6758.09608998], v=[6.57724047 2.21603    1.85786823]
  RK45_ECI: r=[ 6558.62142318  3900.35834247 -1383.17412233], v=[-2.48806124  1.95662315 -6.43114515]
Epoch 1339, t=2460388.475168462:
  TLE_ECI: r=[ -477.82138804 -3591.58049933  6811.18369414], v=[6.59115611 2.31326723 1.68134832]
  RK45_ECI: r=[ 6540.46735672  3916.11464444 -1424.96475567], v=[-2.5254148   1.93370245 -6.42331602]
Epoch 1340, t=2460388.4752437253:
  TLE_ECI: r=[ -278.25690298 -3520.93321587  6858.95590693], v=[6.59984874 2.40870957 1.5035264 ]
  RK45_ECI: r=[ 6522.063407    3931.71288257 -1466.70350966], v=[-2.56265278  1.91067866 -6.41525477]
Epoch 1341, t=2460388.475318989:
  TLE_ECI: r=[  -78.5442431  -3447.35594694  6901.37573918], v=[6.60331394 2.50227841 1.32454047]
  RK45_ECI: r=[ 6503.41024902  3947.15238788 -1508.38926764], v=[-2.59977408  1.88755253 -6.40696165]
Epoch 1342, t=2460388.475394252:
  TLE_ECI: r=[  121.15837757 -3370.90601954  6938.41035535], v=[6.60155136 2.59389661 1.14452942]
  RK45_ECI: r=[ 6484.50888013  3962.43226492 -1550.020132  ], v=[-2.63677696  1.86432523 -6.39843707]
Epoch 1343, t=2460388.475469515:
  TLE_ECI: r=[  320.69281322 -3291.6431283   6970.03109735], v=[6.59456471 2.68348851 0.96363286]
  RK45_ECI: r=[ 6465.36016496  3977.55172359 -1591.59459951], v=[-2.67365998  1.84099772 -6.38968138]
Epoch 1344, t=2460388.4755447786:
  TLE_ECI: r=[  519.90114832 -3209.62928631  6996.21350514], v=[6.58236174 2.77098009 0.78199103]
  RK45_ECI: r=[ 6445.96469436  3992.51020419 -1633.11175333], v=[-2.71042227  1.81757064 -6.38069482]
Epoch 1345, t=2460388.475620042:
  TLE_ECI: r=[  718.62576127 -3124.9287806   7016.93733443], v=[6.56495426 2.8562989  0.59974473]
  RK45_ECI: r=[ 6426.32359328  4007.30675944 -1674.56950907], v=[-2.7470619   1.7940453  -6.37147787]
Epoch 1346, t=2460388.4756953055:
  TLE_ECI: r=[  916.70948613 -3037.60812057  7032.18657118], v=[6.5423581  2.93937418 0.41703516]
  RK45_ECI: r=[ 6406.43757313  4021.94074666 -1715.96675883], v=[-2.78357782  1.77042244 -6.36203081]
Epoch 1347, t=2460388.475770569:
  TLE_ECI: r=[ 1113.99572437 -2947.73598679  7041.94944308], v=[6.51459313 3.0201369  0.23400389]
  RK45_ECI: r=[ 6386.30769017  4036.41131077 -1757.30161942], v=[-2.81996829  1.74670327 -6.35235413]
Epoch 1348, t=2460388.475845832:
  TLE_ECI: r=[ 1310.32855795 -2855.38318162  7046.21842798], v=[6.48168321 3.09851982 0.05079269]
  RK45_ECI: r=[ 6365.9348563   4050.71769609 -1798.57259966], v=[-2.85623194  1.72288878 -6.3424482 ]
Epoch 1349, t=2460388.4759210953:
  TLE_ECI: r=[ 1505.55290356 -2760.62255981  7044.9902591 ], v=[ 6.44365614  3.17445758 -0.13245653]
  RK45_ECI: r=[ 6345.31969247  4064.8593652  -1839.77879061], v=[-2.89236788  1.69897962 -6.33231328]
Epoch 1350, t=2460388.475996359:
  TLE_ECI: r=[ 1699.51458167 -2663.52899312  7038.2659274 ], v=[ 6.40054374  3.24788667 -0.31560184]
  RK45_ECI: r=[ 6324.46338741  4078.83541604 -1880.91812471], v=[-2.92837424  1.67497711 -6.32194992]
Epoch 1351, t=2460388.476071622:
  TLE_ECI: r=[ 1892.0604701  -2564.17929891  7026.05068069], v=[ 6.35238171  3.31874553 -0.4985014 ]
  RK45_ECI: r=[ 6303.36668816  4092.64523285 -1921.98950384], v=[-2.96424999  1.65088204 -6.31135844]
Epoch 1352, t=2460388.4761468857:
  TLE_ECI: r=[ 2083.03861376 -2462.65218384  7008.35401969], v=[ 6.29920969  3.3869746  -0.68101353]
  RK45_ECI: r=[ 6282.03070843  4106.28800237 -1962.9910609 ], v=[-2.99999343  1.62669563 -6.30053935]
Epoch 1353, t=2460388.4762221486:
  TLE_ECI: r=[ 2272.29833537 -2359.02818949  6985.1896911 ], v=[ 6.24107118  3.45251632 -0.86299685]
  RK45_ECI: r=[ 6260.45640661  4119.76300366 -2003.9213181 ], v=[-3.03560321  1.60241888 -6.2894931 ]
Epoch 1354, t=2460388.476297412:
  TLE_ECI: r=[ 2459.69038001 -2253.38960399  6956.57567744], v=[ 6.17801351  3.5153153  -1.04431036]
  RK45_ECI: r=[ 6238.64443283  4133.06972247 -2044.77937524], v=[-3.07107848  1.57805248 -6.27821995]
Epoch 1355, t=2460388.4763726755:
  TLE_ECI: r=[ 2645.0669882  -2145.82043621  6922.53418403], v=[ 6.11008784  3.57531819 -1.22481356]
  RK45_ECI: r=[ 6216.59603834  4146.20730282 -2085.56318343], v=[-3.10641739  1.55359776 -6.26672051]
Epoch 1356, t=2460388.476447939:
  TLE_ECI: r=[ 2828.28203914 -2036.40632554  6883.09162271], v=[ 6.03734907  3.63247386 -1.40436653]
  RK45_ECI: r=[ 6194.31200473  4159.17515689 -2126.27165532], v=[-3.14161895  1.52905554 -6.25499513]
Epoch 1357, t=2460388.476523202:
  TLE_ECI: r=[ 3009.19115078 -1925.23449045  6838.2785926 ], v=[ 5.95985588  3.68673336 -1.58283004]
  RK45_ECI: r=[ 6171.7936113   4171.97244975 -2166.90275107], v=[-3.17668133  1.50442717 -6.24304444]
Epoch 1358, t=2460388.4765984653:
  TLE_ECI: r=[ 3187.65181507 -1812.39362574  6788.12985776], v=[ 5.87767058  3.73805004 -1.76006566]
  RK45_ECI: r=[ 6149.04153421  4184.59868826 -2207.45557912], v=[-3.21160369  1.47971332 -6.23086874]
Epoch 1359, t=2460388.476673729:
  TLE_ECI: r=[ 3363.5234737  -1697.97388441  6732.68432183], v=[ 5.79085916  3.78637952 -1.93593587]
  RK45_ECI: r=[ 6126.05677944  4197.05318989 -2247.92867731], v=[-3.24638473  1.45491506 -6.2184685 ]
Epoch 1360, t=2460388.476748992:
  TLE_ECI: r=[ 3536.66765088 -1582.06677398  6671.9849996 ], v=[ 5.6994912   3.83167974 -2.11030413]
  RK45_ECI: r=[ 6102.84055005  4209.33521002 -2288.32020775], v=[-3.2810228   1.43003362 -6.20584432]
Epoch 1361, t=2460388.4768242557:
  TLE_ECI: r=[ 3706.94805515 -1464.7650932   6606.07898554], v=[ 5.60363983  3.87391104 -2.28303499]
  RK45_ECI: r=[ 6079.39366179  4221.44418857 -2328.62909483], v=[-3.31551692  1.40506983 -6.19299659]
Epoch 1362, t=2460388.4768995186:
  TLE_ECI: r=[ 3874.23068192 -1346.16287028  6535.01741932], v=[ 5.50338168  3.91303612 -2.45399424]
  RK45_ECI: r=[ 6055.71745397  4233.3793388  -2368.85332006], v=[-3.34986532  1.38002506 -6.17992599]
Epoch 1363, t=2460388.476974782:
  TLE_ECI: r=[ 4038.38393399 -1226.35524479  6458.85544826], v=[ 5.39879679  3.94902019 -2.62304893]
  RK45_ECI: r=[ 6031.81252728  4245.14023294 -2408.99219034], v=[-3.38406735  1.35489992 -6.16663278]
Epoch 1364, t=2460388.4770500455:
  TLE_ECI: r=[ 4199.27869989 -1105.43845906  6377.6521869 ], v=[ 5.28996862  3.98183087 -2.79006754]
  RK45_ECI: r=[ 6007.68024171  4256.72610078 -2449.043695  ], v=[-3.41812124  1.32969579 -6.15311766]
Epoch 1365, t=2460388.477125309:
  TLE_ECI: r=[4356.78847179 -983.50973857 6291.47067339], v=[ 5.17698396  4.01143831 -2.95492002]
  RK45_ECI: r=[ 5983.32154455  4268.13636581 -2489.00658115], v=[-3.45202588  1.30441361 -6.1393811 ]
Epoch 1366, t=2460388.4772005724:
  TLE_ECI: r=[4510.78944057 -860.66722608 6200.37782307], v=[ 5.05993283  4.03781518 -3.11747794]
  RK45_ECI: r=[ 5958.73738754  4279.37045575 -2528.87959767], v=[-3.48578015  1.27905433 -6.12542357]
Epoch 1367, t=2460388.4772758354:
  TLE_ECI: r=[4661.16059097 -737.00991757 6104.444379  ], v=[ 4.93890848  4.0609367  -3.27761458]
  RK45_ECI: r=[ 5933.929169    4290.42763221 -2568.66074923], v=[-3.51938233  1.25361935 -6.1112458 ]
Epoch 1368, t=2460388.477351099:
  TLE_ECI: r=[4807.78380599 -612.63752968 6003.74485952], v=[ 4.81400728  4.0807807  -3.43520497]
  RK45_ECI: r=[ 5908.89751136  4301.30748821 -2608.34935161], v=[-3.55283177  1.22810929 -6.09684808]
Epoch 1369, t=2460388.477426362:
  TLE_ECI: r=[4950.5439461  -487.65050088 5898.35750302], v=[ 4.68532864  4.09732762 -3.59012609]
  RK45_ECI: r=[ 5883.6438329   4312.00930246 -2647.94341794], v=[-3.58612676  1.20252554 -6.08223116]
Epoch 1370, t=2460388.4775016257:
  TLE_ECI: r=[5089.32895009 -362.14985827 5788.36420963], v=[ 4.55297501  4.11056049 -3.74225686]
  RK45_ECI: r=[ 5858.16911814  4322.5325317  -2687.44171093], v=[-3.61926623  1.17686908 -6.06739555]
Epoch 1371, t=2460388.477576889:
  TLE_ECI: r=[5224.0299214  -236.23715007 5673.85048017], v=[ 4.41705172  4.12046502 -3.8914783 ]
  RK45_ECI: r=[ 5832.47435583  4332.876637   -2726.84299522], v=[-3.65224907  1.15114086 -6.05234174]
Epoch 1372, t=2460388.477652152:
  TLE_ECI: r=[5354.54121441 -110.01437997 5554.90535222], v=[ 4.27766696  4.12702958 -4.03767364]
  RK45_ECI: r=[ 5806.56100165  4343.04092941 -2766.14530042], v=[-3.68507361  1.12534231 -6.03707054]
Epoch 1373, t=2460388.4777274155:
  TLE_ECI: r=[5480.76052022   16.41613712 5431.62133331], v=[ 4.13493165  4.13024526 -4.18072832]
  RK45_ECI: r=[ 5780.42969901  4353.02502316 -2805.3479518 ], v=[-3.71773924  1.09947405 -6.02158223]
Epoch 1374, t=2460388.477802679:
  TLE_ECI: r=[5602.58894534  142.95176449 5304.09433138], v=[ 3.98895941  4.13010579 -4.32053021]
  RK45_ECI: r=[ 5754.08192291  4362.82824673 -2844.44898801], v=[-3.75024428  1.0735375  -6.00587763]
Epoch 1375, t=2460388.4778779424:
  TLE_ECI: r=[5719.93109327  269.48968788 5172.42358252], v=[ 3.83986645  4.12660766 -4.45696958]
  RK45_ECI: r=[ 5727.51857857  4372.45012261 -2883.44737129], v=[-3.78258784  1.04753354 -5.9899572 ]
Epoch 1376, t=2460388.4779532054:
  TLE_ECI: r=[5832.69514148  395.92696655 5036.71157589], v=[ 3.6877715   4.11975004 -4.58993929]
  RK45_ECI: r=[ 5700.74116628  4381.89000203 -2922.34115245], v=[-3.81476826  1.02146361 -5.97382177]
Epoch 1377, t=2460388.478028469:
  TLE_ECI: r=[5940.79291098  522.16068474 4897.06397607], v=[ 3.53279565  4.10953489 -4.7193348 ]
  RK45_ECI: r=[ 5673.75046316  4391.14748604 -2961.12948299], v=[-3.8467848   0.99532843 -5.95747174]
Epoch 1378, t=2460388.478103732:
  TLE_ECI: r=[6044.13994333  648.08793373 4753.58954274], v=[ 3.37506238  4.09596685 -4.84505431]
  RK45_ECI: r=[ 5646.54763627  4400.22203463 -2999.81096863], v=[-3.87863627  0.96912912 -5.94090773]
Epoch 1379, t=2460388.4781789957:
  TLE_ECI: r=[6142.6555653   773.6059633  4606.40004774], v=[ 3.21469736  4.07905333 -4.96699882]
  RK45_ECI: r=[ 5619.13408643  4409.11307475 -3038.38385756], v=[-3.9103212   0.94286701 -5.92413052]
Epoch 1380, t=2460388.478254259:
  TLE_ECI: r=[6236.26295503  898.61224893 4455.61018969], v=[ 3.05182842  4.05880448 -5.08507221]
  RK45_ECI: r=[ 5591.51074889  4417.82015939 -3076.8471273 ], v=[-3.94183872  0.91654297 -5.9071406 ]
Epoch 1381, t=2460388.478329522:
  TLE_ECI: r=[6324.88920736 1023.00455739 4301.33750602], v=[ 2.8865854   4.03523315 -5.19918136]
  RK45_ECI: r=[ 5563.67917827  4426.3426907  -3115.19885668], v=[-3.97318722  0.89015847 -5.88993886]
Epoch 1382, t=2460388.4784047855:
  TLE_ECI: r=[6408.46538158 1146.6811046  4143.70228271], v=[ 2.71910007  4.008355   -5.30923616]
  RK45_ECI: r=[ 5535.64017626  4434.68029552 -3153.43821034], v=[-4.00436599  0.86371426 -5.87252571]
Epoch 1383, t=2460388.478480049:
  TLE_ECI: r=[6486.92657448 1269.54052921 3982.82746151], v=[ 2.54950605  3.97818837 -5.41514966]
  RK45_ECI: r=[ 5507.39494921  4442.83247297 -3191.56381485], v=[-4.03537388  0.83721145 -5.85490182]
Epoch 1384, t=2460388.4785553124:
  TLE_ECI: r=[6560.2119625  1391.4820496  3818.83854501], v=[ 2.37793865  3.94475434 -5.5168381 ]
  RK45_ECI: r=[ 5478.9449464   4450.79869689 -3229.57394481], v=[-4.06620946  0.81065139 -5.83706802]
Epoch 1385, t=2460388.478630576:
  TLE_ECI: r=[6628.26485417 1512.40552933 3651.86349938], v=[ 2.20453484  3.90807669 -5.61422101]
  RK45_ECI: r=[ 5450.29113205  4458.57855127 -3267.46759388], v=[-4.09687188  0.78403497 -5.81902481]
Epoch 1386, t=2460388.478705839:
  TLE_ECI: r=[6691.03274135 1632.21154047 3482.032655  ], v=[ 2.02943308  3.86818192 -5.70722125]
  RK45_ECI: r=[ 5421.4351134   4466.17148989 -3305.24287064], v=[-4.12735959  0.75736368 -5.80077314]
Epoch 1387, t=2460388.478781102:
  TLE_ECI: r=[6748.46732366 1750.80152443 3309.47860501], v=[ 1.85277318  3.82509919 -5.7957651 ]
  RK45_ECI: r=[ 5392.37771591  4473.57716568 -3342.89895356], v=[-4.15767191  0.73063826 -5.78231345]
Epoch 1388, t=2460388.4788563657:
  TLE_ECI: r=[6800.52457573 1868.07775792 3134.33610177], v=[ 1.67469629  3.77886035 -5.87978234]
  RK45_ECI: r=[ 5363.12018368  4480.7951177  -3380.43449127], v=[-4.18780772  0.70385986 -5.76364642]
Epoch 1389, t=2460388.478931629:
  TLE_ECI: r=[6847.16476557 1983.94351148 2956.74195153], v=[ 1.4953447   3.72949989 -5.95920628]
  RK45_ECI: r=[ 5333.66401296  4487.8248672  -3417.84778628], v=[-4.21776564  0.67702984 -5.74477296]
Epoch 1390, t=2460388.479006892:
  TLE_ECI: r=[6888.35249777 2098.30309167 2776.83490707], v=[ 1.31486177  3.6770549  -6.03397382]
  RK45_ECI: r=[ 5304.01046842  4494.66597421 -3455.13749984], v=[-4.24754458  0.65014934 -5.72569376]
Epoch 1391, t=2460388.4790821555:
  TLE_ECI: r=[6924.05671847 2211.06200194 2594.75555882], v=[ 1.13339174  3.62156511 -6.10402556]
  RK45_ECI: r=[ 5274.16039081  4501.31811068 -3492.30282022], v=[-4.27714387  0.62321912 -5.70640928]
Epoch 1392, t=2460388.479157419:
  TLE_ECI: r=[6954.25077696 2322.12690121 2410.64622405], v=[ 0.95107973  3.56307277 -6.16930578]
  RK45_ECI: r=[ 5244.11544545  4507.78079051 -3529.34189213], v=[-4.30656201  0.59624068 -5.68692051]
Epoch 1393, t=2460388.4792326824:
  TLE_ECI: r=[6978.91242404 2431.40576288 2224.65083469], v=[ 0.76807151  3.5016227  -6.22976255]
  RK45_ECI: r=[ 5213.87664091  4514.0536479  -3566.25373685], v=[-4.33579822  0.56921493 -5.66722802]
Epoch 1394, t=2460388.479307946:
  TLE_ECI: r=[6998.02383606 2538.80793297 2036.91482355], v=[ 0.58451343  3.43726221 -6.28534775]
  RK45_ECI: r=[ 5183.44551843  4520.1362525  -3603.03668629], v=[-4.36485115  0.54214325 -5.64733272]
Epoch 1395, t=2460388.479383209:
  TLE_ECI: r=[7011.57163748 2644.24418573 1847.5850092 ], v=[ 0.4005523   3.37004108 -6.33601711]
  RK45_ECI: r=[ 5152.8233786   4526.02820477 -3639.68942557], v=[-4.39371975  0.51502679 -5.62723537]
Epoch 1396, t=2460388.479458472:
  TLE_ECI: r=[7019.54688093 2747.62688168 1656.80947964], v=[ 0.21633524  3.30001154 -6.38173027]
  RK45_ECI: r=[ 5122.01108425  4531.72920344 -3676.21115797], v=[-4.42240338  0.48786632 -5.60693644]
Epoch 1397, t=2460388.4795337357:
  TLE_ECI: r=[7021.94510009 2848.86991877 1464.73747461], v=[ 0.03200959  3.22722818 -6.42245081]
  RK45_ECI: r=[ 5091.01034951  4537.23881541 -3712.60006142], v=[-4.45090061  0.46066335 -5.58643698]
Epoch 1398, t=2460388.479608999:
  TLE_ECI: r=[7018.76628298 2947.88888757 1271.51926701], v=[-0.15227725  3.15174794 -6.45814626]
  RK45_ECI: r=[ 5059.82220906  4542.55670702 -3748.85517557], v=[-4.47921066  0.43341881 -5.56573755]
Epoch 1399, t=2460388.4796842625:
  TLE_ECI: r=[7010.01487907 3044.60112265 1077.30604327], v=[-0.33637793  3.07363009 -6.48878818]
  RK45_ECI: r=[ 5028.44824777  4547.68249646 -3784.97486318], v=[-4.50733225  0.40613407 -5.54483915]
Epoch 1400, t=2460388.4797595255:
  TLE_ECI: r=[6995.69980434 3138.92575242  882.24978285], v=[-0.52014522  2.99293612 -6.51435215]
  RK45_ECI: r=[ 4996.88980067  4552.61582518 -3820.95783437], v=[-4.53526438  0.37881031 -5.52374254]
Epoch 1401, t=2460388.479834789:
  TLE_ECI: r=[6975.83439692 3230.78385018  686.50313714], v=[-0.70343228  2.90972973 -6.5348178 ]
  RK45_ECI: r=[ 4965.14775172  4557.35641902 -3856.80330808], v=[-4.56300642  0.3514483  -5.50244822]
Epoch 1402, t=2460388.4799100524:
  TLE_ECI: r=[6950.43645966 3320.0983785   490.21930746], v=[-0.8860926   2.82407678 -6.55016882]
  RK45_ECI: r=[ 4933.22386187  4561.90389855 -3892.50949706], v=[-4.59055698  0.32404957 -5.48095729]
Epoch 1403, t=2460388.479985316:
  TLE_ECI: r=[6919.52820892 3406.79433669  293.55192281], v=[-1.06798027  2.73604522 -6.56039301]
  RK45_ECI: r=[ 4901.11919101  4566.25796238 -3928.07546015], v=[-4.61791534  0.29661505 -5.45927035]
Epoch 1404, t=2460388.4800605793:
  TLE_ECI: r=[6883.13626415 3490.79880485   96.6549171 ], v=[-1.24895003  2.64570504 -6.56548224]
  RK45_ECI: r=[ 4868.8353658   4570.41827787 -3963.49959237], v=[-4.64508027  0.26914613 -5.43738841]
Epoch 1405, t=2460388.480135842:
  TLE_ECI: r=[6841.29163545 3572.04098588 -100.31759396], v=[-1.4288574  2.5531282 -6.5654325]
  RK45_ECI: r=[ 4836.37375433  4574.38452779 -3998.78062993], v=[-4.67205078  0.24164399 -5.41531229]
Epoch 1406, t=2460388.4802111057:
  TLE_ECI: r=[6794.02965519 3650.45234669 -297.21143591], v=[-1.60755885  2.45838858 -6.56024389]
  RK45_ECI: r=[ 4803.73526054  4578.15646557 -4033.91780808], v=[-4.6988263   0.21410941 -5.3930425 ]
Epoch 1407, t=2460388.480286369:
  TLE_ECI: r=[6741.39001004 3725.96655556 -493.872499  ], v=[-1.78491187  2.36156194 -6.54992062]
  RK45_ECI: r=[ 4770.9216907   4581.73376558 -4068.90937596], v=[-4.72540549  0.18654394 -5.37058019]
Epoch 1408, t=2460388.4803616325:
  TLE_ECI: r=[6683.4166654  3798.5196202  -690.14686127], v=[-1.96077509  2.26272579 -6.53447099]
  RK45_ECI: r=[ 4737.93412845  4585.11615931 -4103.75441236], v=[-4.75178765  0.1589485  -5.34792598]
Epoch 1409, t=2460388.4804368955:
  TLE_ECI: r=[6620.15784955 3868.04990259 -885.8809116 ], v=[-2.13500845  2.16195941 -6.51390741]
  RK45_ECI: r=[ 4704.77439977  4588.30334589 -4138.45118347], v=[-4.77797147  0.13132463 -5.32508104]
Epoch 1410, t=2460388.480512159:
  TLE_ECI: r=[ 6551.6659673   3934.49824936 -1080.92147233], v=[-2.30747326  2.0593437  -6.48824637]
  RK45_ECI: r=[ 4671.4434266   4591.29510323 -4172.99894013], v=[-4.8039564   0.10367313 -5.30204589]
Epoch 1411, t=2460388.4805874224:
  TLE_ECI: r=[ 6477.99762245  3997.80792579 -1275.11592173], v=[-2.47803235  1.95496117 -6.45750844]
  RK45_ECI: r=[ 4637.94260988  4594.09115891 -4207.39644707], v=[-4.82974151  0.07599518 -5.27882138]
Epoch 1412, t=2460388.480662686:
  TLE_ECI: r=[ 6399.21352492  4057.92474229 -1468.31231566], v=[-2.6465502   1.84889583 -6.42171821]
  RK45_ECI: r=[ 4604.27363964  4596.69125972 -4241.64215382], v=[-4.85532565  0.0482922  -5.25540861]
Epoch 1413, t=2460388.4807379493:
  TLE_ECI: r=[ 6315.37844997  4114.79708139 -1660.3595087 ], v=[-2.81289298  1.74123315 -6.38090433]
  RK45_ECI: r=[ 4570.43762231  4599.09517013 -4275.73515988], v=[-4.88070814  0.02056512 -5.23180821]
Epoch 1414, t=2460388.480813212:
  TLE_ECI: r=[ 6226.56119546  4168.37592336 -1851.10727457], v=[-2.97692876  1.63205996 -6.33509942]
  RK45_ECI: r=[ 4536.43642619  4601.30264386 -4309.67377001], v=[-4.90588774 -0.00718451 -5.20802139]
Epoch 1415, t=2460388.4808884757:
  TLE_ECI: r=[ 6132.83447473  4218.61496132 -2040.40642554], v=[-3.13852756  1.52146439 -6.28434008]
  RK45_ECI: r=[ 4502.27099151  4603.31348668 -4343.45725256], v=[-4.93086392 -0.03495589 -5.18404871]
Epoch 1416, t=2460388.480963739:
  TLE_ECI: r=[ 6034.27492732  4265.4705311  -2228.10893107], v=[-3.29756146  1.40953578 -6.22866686]
  RK45_ECI: r=[ 4467.94274901  4605.12746844 -4377.08440055], v=[-4.95563579 -0.06274782 -5.15989104]
Epoch 1417, t=2460388.4810390025:
  TLE_ECI: r=[ 5930.96300622  4308.9017214  -2414.06803521], v=[-3.4539047   1.29636463 -6.16812417]
  RK45_ECI: r=[ 4433.45342607  4606.74438596 -4410.55369925], v=[-4.98020225 -0.0905589  -5.13554951]
Epoch 1418, t=2460388.481114266:
  TLE_ECI: r=[ 5822.98292148  4348.87039088 -2598.13837282], v=[-3.60743382  1.18204249 -6.10276031]
  RK45_ECI: r=[ 4398.80415073  4608.16403692 -4443.86426967], v=[-5.00456268 -0.11838817 -5.1110248 ]
Epoch 1419, t=2460388.481189529:
  TLE_ECI: r=[ 5710.42258214  4385.34118356 -2780.1760846 ], v=[-3.75802773  1.0666619  -6.03262737]
  RK45_ECI: r=[ 4363.99683164  4609.38623001 -4477.01445658], v=[-5.02871586 -0.14623407 -5.08631814]
Epoch 1420, t=2460388.4812647924:
  TLE_ECI: r=[ 5593.37347065  4418.28162667 -2960.03893053], v=[-3.90556781  0.9503163  -5.9577812 ]
  RK45_ECI: r=[ 4329.03227182  4610.41079403 -4510.00370088], v=[-5.05266143 -0.17409593 -5.06143   ]
Epoch 1421, t=2460388.481340056:
  TLE_ECI: r=[ 5471.93064311  4447.66205618 -3137.58640211], v=[-4.04993801  0.83309997 -5.87828137]
  RK45_ECI: r=[ 4293.9123934   4611.23755681 -4542.8303615 ], v=[-5.07639819 -0.20197219 -5.03636164]
Epoch 1422, t=2460388.4814153193:
  TLE_ECI: r=[ 5346.19259792  4473.45571077 -3312.67983275], v=[-4.19102493  0.71510793 -5.79419109]
  RK45_ECI: r=[ 4258.63849638  4611.86634986 -4575.49342419], v=[-5.09992544 -0.22986178 -5.01111386]
Epoch 1423, t=2460388.4814905827:
  TLE_ECI: r=[ 5216.26120637  4495.63873704 -3485.18250662], v=[-4.32871793  0.59643585 -5.7055772 ]
  RK45_ECI: r=[ 4223.21188342  4612.29700959 -4607.99187766], v=[-5.12324247 -0.25776363 -4.98568748]
Epoch 1424, t=2460388.4815658457:
  TLE_ECI: r=[ 5082.2416406   4514.1901951  -3654.95976569], v=[-4.46290921  0.47718002 -5.61251003]
  RK45_ECI: r=[ 4187.63450146  4612.52940003 -4640.32410813], v=[-5.14634814 -0.28567618 -4.96008379]
Epoch 1425, t=2460388.481641109:
  TLE_ECI: r=[ 4944.242233    4529.09213647 -3821.87911484], v=[-4.59349386  0.35743719 -5.51506344]
  RK45_ECI: r=[ 4151.90716629  4612.56337389 -4672.4895713 ], v=[-5.16924209 -0.31359875 -4.93430326]
Epoch 1426, t=2460388.4817163725:
  TLE_ECI: r=[ 4802.37446539  4540.32952873 -3985.81032523], v=[-4.72037     0.23730455 -5.41331464]
  RK45_ECI: r=[ 4116.03183749  4612.39881449 -4704.486668  ], v=[-5.19192319 -0.34152978 -4.9083472 ]
Epoch 1427, t=2460388.481791636:
  TLE_ECI: r=[ 4656.75282369  4547.89032923 -4146.62553551], v=[-4.8434388   0.11687965 -5.30734424]
  RK45_ECI: r=[ 4080.00967895  4612.03557988 -4736.31455967], v=[-5.21439089 -0.3694683  -4.88221631]
Epoch 1428, t=2460388.481866899:
  TLE_ECI: r=[ 4507.49472966  4551.76546692 -4304.19935093], v=[-4.96260461e+00 -3.73972007e-03 -5.19723606e+00]
  RK45_ECI: r=[ 4043.84266677  4611.47357847 -4767.97166664], v=[-5.23664409 -0.39741276 -4.85591192]
Epoch 1429, t=2460388.4819421624:
  TLE_ECI: r=[ 4354.72039057  4551.94890369 -4458.40894023], v=[-5.07777497 -0.12445562 -5.08307717]
  RK45_ECI: r=[ 4007.53178674  4610.71269528 -4799.4573094 ], v=[-5.25868234 -0.42536235 -4.82943463]
Epoch 1430, t=2460388.482017426:
  TLE_ECI: r=[ 4198.55278029  4548.43755895 -4609.13413057], v=[-5.18886071 -0.24516997 -4.96495772]
  RK45_ECI: r=[ 3971.07854564  4609.75281912 -4830.77036542], v=[-5.28050488 -0.45331587 -4.80278542]
Epoch 1431, t=2460388.4820926893:
  TLE_ECI: r=[ 4039.1174847   4541.23136701 -4756.25749982], v=[-5.29577603 -0.36578469 -4.84297092]
  RK45_ECI: r=[ 3934.48476516  4608.59388877 -4861.90942692], v=[-5.30211076 -0.48127188 -4.7759655 ]
Epoch 1432, t=2460388.4821679527:
  TLE_ECI: r=[ 3876.5426125   4530.33326358 -4899.66446668], v=[-5.39843854 -0.48620178 -4.71721294]
  RK45_ECI: r=[ 3897.75162751  4607.23579596 -4892.87367878], v=[-5.32349945 -0.50922942 -4.74897561]
Epoch 1433, t=2460388.4822432157:
  TLE_ECI: r=[ 3710.95870346  4515.74917315 -5039.24337833], v=[-5.49676929 -0.60632334 -4.58778282]
  RK45_ECI: r=[ 3860.88114338  4605.67850479 -4923.66158522], v=[-5.34466991 -0.53718693 -4.72181711]
Epoch 1434, t=2460388.482318479:
  TLE_ECI: r=[ 3542.49856903  4497.48804872 -5174.88559548], v=[-5.5906929  -0.72605177 -4.45478242]
  RK45_ECI: r=[ 3823.87431292  4603.92192882 -4954.27248639], v=[-5.36562173 -0.56514361 -4.69449063]
Epoch 1435, t=2460388.4823937425:
  TLE_ECI: r=[ 3371.29726416  4475.56179785 -5306.48557518], v=[-5.68013753 -0.84528971 -4.31831629]
  RK45_ECI: r=[ 3786.73266695  4601.96599983 -4984.7052917 ], v=[-5.3863542  -0.59309824 -4.66699715]
Epoch 1436, t=2460388.482469006:
  TLE_ECI: r=[ 3197.49192478  4449.98531853 -5433.94095074], v=[-5.765035   -0.9639402  -4.17849162]
  RK45_ECI: r=[ 3749.45805763  4599.81070734 -5014.95863389], v=[-5.40686641 -0.62104938 -4.63933795]
Epoch 1437, t=2460388.4825442694:
  TLE_ECI: r=[ 3021.2216698   4420.77647647 -5557.15260916], v=[-5.84532076 -1.08190674 -4.03541811]
  RK45_ECI: r=[ 3712.05168385  4597.45597723 -5045.03172191], v=[-5.42715786 -0.64899609 -4.61151376]
Epoch 1438, t=2460388.4826195324:
  TLE_ECI: r=[ 2842.62750232  4387.95608236 -5676.02476594], v=[-5.920934   -1.19909334 -3.88920794]
  RK45_ECI: r=[ 3674.5155889   4594.90182936 -5074.92306516], v=[-5.4472276  -0.67693679 -4.58352601]
Epoch 1439, t=2460388.482694796:
  TLE_ECI: r=[ 2661.8521446   4351.54790971 -5790.46503691], v=[-5.99181766 -1.31540468 -3.73997563]
  RK45_ECI: r=[ 3636.85078642  4592.14820574 -5104.63202396], v=[-5.46707522 -0.70487068 -4.55537531]
Epoch 1440, t=2460388.4827700593:
  TLE_ECI: r=[ 2479.04000082  4311.57862449 -5900.38450778], v=[-6.05791846 -1.43074608 -3.58783795]
  RK45_ECI: r=[ 3599.05882968  4589.19508128 -5134.1575406 ], v=[-5.48670006 -0.73279653 -4.5270627 ]
Epoch 1441, t=2460388.4828453227:
  TLE_ECI: r=[ 2294.33699019  4268.07779911 -6005.6978004 ], v=[-6.11918693 -1.54502363 -3.43291386]
  RK45_ECI: r=[ 3561.14159902  4586.04249663 -5163.49828943], v=[-5.50610127 -0.76071293 -4.49858946]
Epoch 1442, t=2460388.482920586:
  TLE_ECI: r=[ 2107.89044333  4221.07788041 -6106.32313657], v=[-6.17557747 -1.65814426 -3.27532438]
  RK45_ECI: r=[ 3523.10030925  4582.69041151 -5192.65350414], v=[-5.5252784  -0.78861891 -4.46995638]
Epoch 1443, t=2460388.482995849:
  TLE_ECI: r=[ 1919.84899732  4170.6141585  -6202.18239882], v=[-6.22704834 -1.77001576 -3.11519253]
  RK45_ECI: r=[ 3484.93703406  4579.1389017  -5221.62174055], v=[-5.54423054 -0.81651291 -4.44116489]
Epoch 1444, t=2460388.4830711125:
  TLE_ECI: r=[ 1730.36242873  4116.72476243 -6293.20118826], v=[-6.27356169 -1.880547   -2.9526432 ]
  RK45_ECI: r=[ 3446.65279933  4575.38793792 -5250.40237965], v=[-5.56295732 -0.84439411 -4.41221564]
Epoch 1445, t=2460388.483146376:
  TLE_ECI: r=[ 1539.58160864  4059.45059467 -6379.30887985], v=[-6.31508362 -1.98964779 -2.78780305]
  RK45_ECI: r=[ 3408.24917926  4571.43753817 -5278.99439746], v=[-5.58145813 -0.8722613  -4.38310969]
Epoch 1446, t=2460388.4832216394:
  TLE_ECI: r=[ 1347.65833449  3998.8353234  -6460.43867437], v=[-6.35158413 -2.0972291  -2.62080047]
  RK45_ECI: r=[ 3369.72808063  4567.28779414 -5307.39651108], v=[-5.59973217 -0.90011306 -4.35384835]
Epoch 1447, t=2460388.4832969024:
  TLE_ECI: r=[ 1154.74523401  3934.9253389  -6536.52764771], v=[-6.38303721 -2.20320308 -2.4517654 ]
  RK45_ECI: r=[ 3331.091089    4562.93874643 -5335.60771561], v=[-5.61777885 -0.92794817 -4.3244327 ]
Epoch 1448, t=2460388.483372166:
  TLE_ECI: r=[  960.99559892  3867.76973166 -6607.51679701], v=[-6.40942077 -2.30748316 -2.28082929]
  RK45_ECI: r=[ 3292.33923753  4558.39038626 -5363.62740625], v=[-5.63559784 -0.95576582 -4.29486339]
Epoch 1449, t=2460388.4834474293:
  TLE_ECI: r=[  766.56333454  3797.42023184 -6673.35108406], v=[-6.43071673 -2.40998404 -2.108125  ]
  RK45_ECI: r=[ 3253.47463211  4553.64285357 -5391.45419339], v=[-5.65318828 -0.98356445 -4.26514191]
Epoch 1450, t=2460388.4835226927:
  TLE_ECI: r=[  571.60279256  3723.93118451 -6733.97947553], v=[-6.44691097 -2.51062181 -1.93378665]
  RK45_ECI: r=[ 3214.49851019  4548.69616251 -5419.08735154], v=[-5.67054979 -1.01134311 -4.23526906]
Epoch 1451, t=2460388.483597956:
  TLE_ECI: r=[  376.26866182  3647.35950347 -6789.35498024], v=[-6.45799336 -2.60931404 -1.75794957]
  RK45_ECI: r=[ 3175.41280279  4543.55045597 -5446.5256416 ], v=[-5.68768163 -1.03910035 -4.20524619]
Epoch 1452, t=2460388.483673219:
  TLE_ECI: r=[  180.71585834  3567.76462649 -6839.43468348], v=[-6.46395777 -2.70597974 -1.58075019]
  RK45_ECI: r=[ 3136.21911395  4538.20581766 -5473.76809371], v=[-5.70458324 -1.06683498 -4.1750744 ]
Epoch 1453, t=2460388.4837484825:
  TLE_ECI: r=[  -14.9006376   3485.20847217 -6884.17977819], v=[-6.464802   -2.80053957 -1.40232591]
  RK45_ECI: r=[ 3096.91848744  4532.66226745 -5500.8141245 ], v=[-5.72125432 -1.09454618 -4.14475436]
Epoch 1454, t=2460388.483823746:
  TLE_ECI: r=[ -210.42583856  3399.7553868  -6923.5555933 ], v=[-6.46052788 -2.89291578 -1.22281505]
  RK45_ECI: r=[ 3057.51305498  4526.9200011  -5527.66239334], v=[-5.7376941  -1.1222324  -4.11428759]
Epoch 1455, t=2460388.4838990094:
  TLE_ECI: r=[ -405.70491288  3311.47209861 -6957.53161887], v=[-6.4511412  -2.98303228 -1.04235669]
  RK45_ECI: r=[ 3018.00406642  4520.97906693 -5554.31220098], v=[-5.7539022  -1.14989268 -4.0836749 ]
Epoch 1456, t=2460388.483974273:
  TLE_ECI: r=[ -600.58329416  3220.42766509 -6986.08152823], v=[-6.4366517  -3.07081477 -0.86109061]
  RK45_ECI: r=[ 2978.39347536  4514.83965874 -5580.76235315], v=[-5.76987795 -1.17752559 -4.0529177 ]
Epoch 1457, t=2460388.484049536:
  TLE_ECI: r=[ -794.90679189  3126.69342187 -7009.18319715], v=[-6.4170731  -3.1561907  -0.67915718]
  RK45_ECI: r=[ 2938.68290263  4508.50190335 -5607.01191581], v=[-5.78562084 -1.20512993 -4.02201708]
Epoch 1458, t=2460388.4841247993:
  TLE_ECI: r=[ -988.52174784  3030.34291909 -7026.81871975], v=[-6.39242301 -3.23908946 -0.49669726]
  RK45_ECI: r=[ 2898.87340146  4501.96584932 -5633.06032748], v=[-5.80113061 -1.23270489 -3.99097374]
Epoch 1459, t=2460388.4842000627:
  TLE_ECI: r=[-1181.27509912  2931.45187664 -7038.97442171], v=[-6.36272301 -3.31944227 -0.31385207]
  RK45_ECI: r=[ 2858.96712728  4495.23174813 -5658.9062976 ], v=[-5.81640653 -1.26024892 -3.95978922]
Epoch 1460, t=2460388.484275326:
  TLE_ECI: r=[-1373.01453406  2830.09811826 -7045.64087003], v=[-6.32799855 -3.39718235 -0.13076313]
  RK45_ECI: r=[ 2818.96534118  4488.29968215 -5684.54915373], v=[-5.83144828 -1.28776106 -3.92846437]
Epoch 1461, t=2460388.4843505896:
  TLE_ECI: r=[-1563.5886005   2726.36151326 -7046.81288003], v=[-6.28827898 -3.47224492  0.05242786]
  RK45_ECI: r=[ 2778.87001723  4481.16989604 -5709.98774739], v=[-5.84625523 -1.3152399  -3.8970006 ]
Epoch 1462, t=2460388.4844258525:
  TLE_ECI: r=[-1752.84681515  2620.32391991 -7042.48951912], v=[-6.24359751 -3.54456726  0.23557915]
  RK45_ECI: r=[ 2738.6827915   4473.84255961 -5735.22118113], v=[-5.86082694 -1.34268424 -3.86539906]
Epoch 1463, t=2460388.484501116:
  TLE_ECI: r=[-1940.63981098  2512.06910246 -7032.6741075 ], v=[-6.19399115 -3.61408881  0.41854898]
  RK45_ECI: r=[ 2698.40472553  4466.31775012 -5760.24891577], v=[-5.87516314 -1.37009326 -3.83366043]
Epoch 1464, t=2460388.4845763794:
  TLE_ECI: r=[-2126.81940542  2401.68269539 -7017.37421596], v=[-6.13950074 -3.68075114  0.60119574]
  RK45_ECI: r=[ 2658.0379964   4458.59577457 -5785.0697119 ], v=[-5.8892632  -1.39746543 -3.8017863 ]
Epoch 1465, t=2460388.484651643:
  TLE_ECI: r=[-2311.23874672  2289.25211852 -6996.60166046], v=[-6.08017089 -3.744498    0.78337804]
  RK45_ECI: r=[ 2617.58387517  4450.67674927 -5809.68292438], v=[-5.90312682 -1.42479979 -3.76977752]
Epoch 1466, t=2460388.484726906:
  TLE_ECI: r=[-2493.75241308  2174.86652114 -6970.37249368], v=[-6.01604997 -3.80527542  0.96495484]
  RK45_ECI: r=[ 2577.04454789  4442.56100639 -5834.08733748], v=[-5.91675337 -1.4520948  -3.73763569]
Epoch 1467, t=2460388.4848021693:
  TLE_ECI: r=[-2674.21655084  2058.61668466 -6938.70699351], v=[-5.94718999 -3.86303176  1.14578551]
  RK45_ECI: r=[ 2536.42108348  4434.24864844 -5858.28243312], v=[-5.93014263 -1.47934966 -3.70536152]
Epoch 1468, t=2460388.4848774327:
  TLE_ECI: r=[-2852.48894666  1940.59499422 -6901.62964857], v=[-5.8736467  -3.91771768  1.32572997]
  RK45_ECI: r=[ 2495.71513165  4425.73989135 -5882.26735274], v=[-5.9432942  -1.50656317 -3.67295617]
Epoch 1469, t=2460388.484952696:
  TLE_ECI: r=[-3028.42916413  1820.8953396  -6859.16914052], v=[-5.79547943 -3.96928622  1.50464878]
  RK45_ECI: r=[ 2454.92869517  4417.0350608  -5906.04102312], v=[-5.95620756 -1.53373393 -3.64042111]
Epoch 1470, t=2460388.4850279596:
  TLE_ECI: r=[-3201.89864594  1699.61304909 -6811.35832344], v=[-5.71275111 -4.01769284  1.68240323]
  RK45_ECI: r=[ 2414.06305372  4408.13430702 -5929.60282695], v=[-5.96888244 -1.560861   -3.60775719]
Epoch 1471, t=2460388.4851032225:
  TLE_ECI: r=[-3372.76081675  1576.84482532 -6758.23420011], v=[-5.62552823 -4.06289547  1.85885545]
  RK45_ECI: r=[ 2373.12041197  4399.03801726 -5952.9516011 ], v=[-5.98131829 -1.58794282 -3.57496605]
Epoch 1472, t=2460388.485178486:
  TLE_ECI: r=[-3540.88120825  1452.68863087 -6699.83789522], v=[-5.53388073 -4.10485456  2.03386852]
  RK45_ECI: r=[ 2332.10166211  4389.74627335 -5976.08695866], v=[-5.99351497 -1.61497873 -3.54204825]
Epoch 1473, t=2460388.4852537494:
  TLE_ECI: r=[-3706.12753486  1327.24366973 -6636.21462565], v=[-5.43788201 -4.14353304  2.20730657]
  RK45_ECI: r=[ 2291.00901446  4380.25948173 -5999.0077548 ], v=[-6.00547195 -1.6419672  -3.50900544]
Epoch 1474, t=2460388.485329013:
  TLE_ECI: r=[-3868.36981641  1200.61027181 -6567.41366759], v=[-5.33760887 -4.17889643  2.37903487]
  RK45_ECI: r=[ 2249.84393838  4370.57787058 -6021.71328875], v=[-6.01718894 -1.66890716 -3.47583864]
Epoch 1475, t=2460388.4854042763:
  TLE_ECI: r=[-4027.48047463  1072.88982376 -6493.48832072], v=[-5.23314145 -4.21091284  2.54891991]
  RK45_ECI: r=[ 2208.60790391  4360.70167312 -6044.20286339], v=[-6.02866566 -1.69579757 -3.44254889]
Epoch 1476, t=2460388.4854795393:
  TLE_ECI: r=[-4183.3344301    944.18470181 -6414.49586939], v=[-5.12456317 -4.239553    2.71682956]
  RK45_ECI: r=[ 2167.30313182  4350.63133159 -6066.47536915], v=[-6.03990161 -1.7226369  -3.40913785]
Epoch 1477, t=2460388.4855548027:
  TLE_ECI: r=[-4335.80921166   814.59814269 -6330.4975407 ], v=[-5.01196064 -4.26479033  2.88263312]
  RK45_ECI: r=[ 2125.93051789  4340.36695203 -6088.53043751], v=[-6.05089669 -1.74942447 -3.37560609]
Epoch 1478, t=2460388.485630066:
  TLE_ECI: r=[-4484.78503477   684.23423463 -6241.55845976], v=[-4.89542366 -4.28660089  3.04620143]
  RK45_ECI: r=[ 2084.49228792  4329.90899569 -6110.36697751], v=[-6.06165043 -1.77615876 -3.34195527]
Epoch 1479, t=2460388.4857053296:
  TLE_ECI: r=[-4630.14490794   553.19778744 -6147.7476018 ], v=[-4.77504512 -4.30496346  3.20740698]
  RK45_ECI: r=[ 2042.98991933  4319.25772844 -6131.98432213], v=[-6.07216257 -1.80283873 -3.30818645]
Epoch 1480, t=2460388.4857805925:
  TLE_ECI: r=[-4771.77472052   421.59427534 -6049.13774147], v=[-4.65092094 -4.31985953  3.36612399]
  RK45_ECI: r=[ 2001.42508825  4308.41347117 -6153.38170819], v=[-6.08243284 -1.82946319 -3.27430083]
Epoch 1481, t=2460388.485855856:
  TLE_ECI: r=[-4909.56333814   289.52969807 -5945.80539911], v=[-4.52314999 -4.33127341  3.52222855]
  RK45_ECI: r=[ 1959.79943465  4297.37657091 -6174.55838027], v=[-6.09246094 -1.85603103 -3.24029963]
Epoch 1482, t=2460388.4859311194:
  TLE_ECI: r=[-5043.40268214   157.1105791  -5837.83078417], v=[-4.39183403 -4.33919211  3.67559863]
  RK45_ECI: r=[ 1918.11445195  4286.14730755 -6195.51368879], v=[-6.10224665 -1.88254119 -3.2061839 ]
Epoch 1483, t=2460388.486006383:
  TLE_ECI: r=[-5173.18782139    24.44382591 -5725.29773569], v=[-4.25707765 -4.34360545  3.82611429]
  RK45_ECI: r=[ 1876.37218071  4274.72614692 -6216.24669746], v=[-6.1117896  -1.90899228 -3.17195517]
Epoch 1484, t=2460388.4860816463:
  TLE_ECI: r=[-5298.81705419  -108.36334164 -5608.29365991], v=[-4.11898815 -4.34450607  3.97365768]
  RK45_ECI: r=[ 1834.5739182   4263.11333331 -6236.75686929], v=[-6.12108965 -1.93538337 -3.13761435]
Epoch 1485, t=2460388.4861569093:
  TLE_ECI: r=[-5420.19199001  -241.2034613  -5486.90946511], v=[-3.97767554 -4.3418894   4.11811317]
  RK45_ECI: r=[ 1792.72190882  4251.30940683 -6257.04319338], v=[-6.1301464  -1.96171298 -3.10316314]
Epoch 1486, t=2460388.4862321727:
  TLE_ECI: r=[-5537.21762572  -373.9689782  -5361.23949354], v=[-3.83325233 -4.33575375  4.25936747]
  RK45_ECI: r=[ 1750.81723995  4239.31457758 -6277.10524127], v=[-6.13895977 -1.98798031 -3.0686023 ]
Epoch 1487, t=2460388.486307436:
  TLE_ECI: r=[-5649.80242482  -506.55223707 -5231.38145066], v=[-3.68583359 -4.32610022  4.39730968]
  RK45_ECI: r=[ 1708.86159746  4227.12922251 -6296.94230211], v=[-6.14752951 -2.0141842  -3.03393305]
Epoch 1488, t=2460388.4863826996:
  TLE_ECI: r=[-5757.85838931  -638.84563171 -5097.43633157], v=[-3.53553678 -4.31293278  4.53183138]
  RK45_ECI: r=[ 1666.8570317   4214.75385675 -6316.55349003], v=[-6.15585534 -2.04032329 -2.99915696]
Epoch 1489, t=2460388.486457963:
  TLE_ECI: r=[-5861.3011309   -770.74167661 -4959.50834479], v=[-3.38248166 -4.29625824  4.66282677]
  RK45_ECI: r=[ 1624.80484384  4202.18875781 -6335.93829752], v=[-6.16393712 -2.06639666 -2.96427493]
Epoch 1490, t=2460388.486533226:
  TLE_ECI: r=[-5960.04994179  -902.13307695 -4817.70483333], v=[-3.22679026 -4.27608626  4.79019269]
  RK45_ECI: r=[ 1582.70728818  4189.43451964 -6355.09576967], v=[-6.17177454 -2.09240283 -2.9292887 ]
Epoch 1491, t=2460388.4866084894:
  TLE_ECI: r=[-6054.02784985 -1032.91288548 -4672.13619322], v=[-3.0685867  -4.2524294   4.91382878]
  RK45_ECI: r=[ 1540.56545444  4176.49138021 -6374.02550235], v=[-6.17936752 -2.11834101 -2.89419902]
Epoch 1492, t=2460388.486683753:
  TLE_ECI: r=[-6143.16169584 -1162.97448566 -4522.91578937], v=[-2.90799716 -4.225303    5.03363748]
  RK45_ECI: r=[ 1498.3810342   4163.35975808 -6392.72682504], v=[-6.1867159  -2.14421006 -2.85900715]
Epoch 1493, t=2460388.4867590163:
  TLE_ECI: r=[-6227.38218348 -1292.21174865 -4370.15986898], v=[-2.74514977 -4.19472531  5.14952419]
  RK45_ECI: r=[ 1456.1560854   4150.04021738 -6411.19890294], v=[-6.19381942 -2.17000863 -2.82371466]
Epoch 1494, t=2460388.4868342797:
  TLE_ECI: r=[-6306.62393827 -1420.51910279 -4213.98747248], v=[-2.58017449 -4.16071739  5.26139731]
  RK45_ECI: r=[ 1413.89191181  4136.53306854 -6429.44125841], v=[-6.200678   -2.19573581 -2.78832248]
Epoch 1495, t=2460388.4869095427:
  TLE_ECI: r=[-6380.82556552 -1547.79160209 -4054.52034203], v=[-2.41320304 -4.12330313  5.36916833]
  RK45_ECI: r=[ 1371.5907755   4122.83895882 -6447.45299331], v=[-6.20729139 -2.22139012 -2.75283237]
Epoch 1496, t=2460388.486984806:
  TLE_ECI: r=[-6449.92968293 -1673.92508714 -3891.88282778], v=[-2.24436875 -4.08250925  5.47275189]
  RK45_ECI: r=[ 1329.25376776  4108.95815377 -6465.23372815], v=[-6.21365955 -2.24697081 -2.71724508]
Epoch 1497, t=2460388.4870600696:
  TLE_ECI: r=[-6513.88299373 -1798.81616058 -3726.20179164], v=[-2.0738065  -4.03836529  5.5720659 ]
  RK45_ECI: r=[ 1286.88258371  4094.89111339 -6482.78283323], v=[-6.21978233 -2.27247672 -2.68156188]
Epoch 1498, t=2460388.487135333:
  TLE_ECI: r=[-6572.63631371 -1922.36234632 -3557.60650912], v=[-1.90165258 -3.99090353  5.66703157]
  RK45_ECI: r=[ 1244.47928714  4080.63845016 -6500.09952551], v=[-6.22565957 -2.29790653 -2.64578438]
Epoch 1499, t=2460388.487210596:
  TLE_ECI: r=[-6626.14462193 -2044.46213712 -3386.22856874], v=[-1.72804462 -3.94015906  5.75757347]
  RK45_ECI: r=[ 1202.04557546  4066.20064544 -6517.18319831], v=[-6.23129115 -2.32325911 -2.60991384]
Epoch 1500, t=2460388.4872858594:
  TLE_ECI: r=[-6674.36707424 -2165.01515717 -3212.20176968], v=[-1.55312141 -3.88616972  5.84361966]
  RK45_ECI: r=[ 1159.58253954  4051.5779845  -6534.03348876], v=[-6.23667705 -2.34853369 -2.57395103]
Epoch 1501, t=2460388.487361123:
  TLE_ECI: r=[-6717.26707217 -2283.92212959 -3035.66201715], v=[-1.37702286 -3.82897603  5.92510169]
  RK45_ECI: r=[ 1117.09244759  4036.77117506 -6550.6495645 ], v=[-6.24181709 -2.37372883 -2.53789774]
Epoch 1502, t=2460388.4874363863:
  TLE_ECI: r=[-6754.81227033 -2401.08503703 -2856.74721607], v=[-1.19988984 -3.76862123  6.00195469]
  RK45_ECI: r=[ 1074.57660487  4021.78057973 -6567.03099639], v=[-6.24671125 -2.39884363 -2.5017549 ]
Epoch 1503, t=2460388.4875116497:
  TLE_ECI: r=[-6786.97460892 -2516.40718479 -2675.59716282], v=[-1.0218641  -3.70515122  6.07411743]
  RK45_ECI: r=[ 1032.03707885  4006.6068589  -6583.17705381], v=[-6.25135939 -2.42387678 -2.46552414]
Epoch 1504, t=2460388.4875869127:
  TLE_ECI: r=[-6813.73034488 -2629.79326219 -2492.35343532], v=[-0.84308812 -3.63861453  6.14153237]
  RK45_ECI: r=[  989.4755682   3991.25053461 -6599.08717162], v=[-6.25576147 -2.44882714 -2.42920673]
Epoch 1505, t=2460388.487662176:
  TLE_ECI: r=[-6835.06004107 -2741.14950283 -2307.15928147], v=[-0.66370497 -3.56906229  6.20414573]
  RK45_ECI: r=[  946.89316344  3975.71191935 -6614.76101205], v=[-6.25991748 -2.47369399 -2.39280347]
Epoch 1506, t=2460388.4877374396:
  TLE_ECI: r=[-6850.9486278  -2850.3836443  -2120.15950597], v=[-0.48385827 -3.49654816  6.2619075 ]
  RK45_ECI: r=[  904.2921358   3959.99177286 -6630.19780099], v=[-6.26382731 -2.49847587 -2.35631614]
Epoch 1507, t=2460388.487812703:
  TLE_ECI: r=[-6861.38538552 -2957.4050859  -1931.50035578], v=[-0.30369201 -3.42112834  6.31477154]
  RK45_ECI: r=[  861.67378989  3944.09048993 -6645.39714002], v=[-6.26749098 -2.52317192 -2.31974569]
Epoch 1508, t=2460388.4878879664:
  TLE_ECI: r=[-6866.36396108 -3062.1249457  -1741.32940421], v=[-0.12335044 -3.34286149  6.36269556]
  RK45_ECI: r=[  819.04019485  3928.00877825 -6660.3583515 ], v=[-6.27090841 -2.54778083 -2.28309378]
Epoch 1509, t=2460388.4879632294:
  TLE_ECI: r=[-6865.88238228 -3164.4561159  -1549.79543373], v=[ 0.05702204 -3.2618087   6.40564123]
  RK45_ECI: r=[  776.39304909  3911.74720005 -6675.08091231], v=[-6.27407959 -2.5723015  -2.24636168]
Epoch 1510, t=2460388.488038493:
  TLE_ECI: r=[-6859.94302253 -3264.31341746 -1357.04831778], v=[ 0.23728104 -3.17803345  6.44357417]
  RK45_ECI: r=[  733.73344163  3895.30609479 -6689.56450999], v=[-6.27700456 -2.59673318 -2.20955019]
Epoch 1511, t=2460388.4881137563:
  TLE_ECI: r=[-6848.55265353 -3361.61355194 -1163.23890126], v=[ 0.41728224 -3.09160152  6.47646398]
  RK45_ECI: r=[  691.0636446   3878.68627354 -6703.8084293 ], v=[-6.27968327 -2.62107447 -2.17266113]
Epoch 1512, t=2460388.4881890197:
  TLE_ECI: r=[-6831.72240305 -3456.27525335  -968.51888044], v=[ 0.59688156 -3.00258097  6.5042843 ]
  RK45_ECI: r=[  648.3849606   3861.88816291 -6717.81230285], v=[-6.28211576 -2.64532449 -2.13569545]
Epoch 1513, t=2460388.488264283:
  TLE_ECI: r=[-6809.46775458 -3548.2193369   -773.04068181], v=[ 0.77593528 -2.9110421   6.52701281]
  RK45_ECI: r=[  605.69945857  3844.91251725 -6731.57550651], v=[-6.28430202 -2.66948198 -2.09865481]
Epoch 1514, t=2460388.488339546:
  TLE_ECI: r=[-6781.80854446 -3637.36874738  -576.95734032], v=[ 0.9543001  -2.81705735  6.54463126]
  RK45_ECI: r=[  563.00883498  3827.75993849 -6745.09755957], v=[-6.2862421  -2.69354583 -2.06154052]
Epoch 1515, t=2460388.4884148096:
  TLE_ECI: r=[-6748.76890252 -3723.64870464  -380.42237715], v=[ 1.1318334  -2.72070126  6.55712549]
  RK45_ECI: r=[  520.3141763   3810.43079274 -6758.37817511], v=[-6.28793604 -2.71751532 -2.02435337]
Epoch 1516, t=2460388.488490073:
  TLE_ECI: r=[-6710.37729472 -3806.98664794  -183.58967674], v=[ 1.30839319 -2.62205042  6.56448543]
  RK45_ECI: r=[  477.6177533   3792.92594169 -6771.41669734], v=[-6.28938388 -2.74138906 -1.98709519]
Epoch 1517, t=2460388.4885653364:
  TLE_ECI: r=[-6666.666457   -3887.31237787    13.3866363 ], v=[ 1.48383837 -2.52118337  6.56670513]
  RK45_ECI: r=[  434.92086562  3775.24584335 -6784.21279014], v=[-6.29058568 -2.76516619 -1.94976695]
Epoch 1518, t=2460388.4886405994:
  TLE_ECI: r=[-6617.67338889 -3964.55807787   210.35232059], v=[ 1.65802876 -2.41818059  6.56378276]
  RK45_ECI: r=[  392.22578268  3757.39138201 -6796.76582508], v=[-6.2915415  -2.78884534 -1.91237049]
Epoch 1519, t=2460388.488715863:
  TLE_ECI: r=[-6563.43927614 -4038.65844926   407.15314145], v=[ 1.83082528 -2.31312437  6.5557206 ]
  RK45_ECI: r=[  349.53358845  3739.36294701 -6809.07553923], v=[-6.29225142 -2.81242579 -1.87490662]
Epoch 1520, t=2460388.4887911263:
  TLE_ECI: r=[-6504.00952427 -4109.5506511    603.63499452], v=[ 2.00209004 -2.20609878  6.54252503]
  RK45_ECI: r=[  306.84597498  3721.16118248 -6821.14149639], v=[-6.29271554 -2.83590646 -1.83737664]
Epoch 1521, t=2460388.4888663897:
  TLE_ECI: r=[-6439.43367394 -4177.17443215   799.6440291 ], v=[ 2.17168646 -2.09718959  6.52420659]
  RK45_ECI: r=[  264.16500647  3702.78691605 -6832.96315908], v=[-6.29293392 -2.85928611 -1.79978224]
Epoch 1522, t=2460388.488941653:
  TLE_ECI: r=[-6369.76537022 -4241.4721628    995.02677131], v=[ 2.33947937 -1.98648418  6.50077986]
  RK45_ECI: r=[  221.49197807  3684.24063675 -6844.54022272], v=[-6.2929067  -2.8825639  -1.76212439]
Epoch 1523, t=2460388.489016916:
  TLE_ECI: r=[-6295.06232933 -4302.38886637  1189.63024694], v=[ 2.50533516 -1.8740715   6.47226354]
  RK45_ECI: r=[  178.82915486  3665.52327834 -6855.87211908], v=[-6.29263397 -2.90573847 -1.72440495]
Epoch 1524, t=2460388.4890921796:
  TLE_ECI: r=[-6215.38623916 -4359.8723403   1383.30210367], v=[ 2.66912187 -1.76004195  6.43868041]
  RK45_ECI: r=[  136.17761625  3646.63525613 -6866.95861112], v=[-6.29211585 -2.92880911 -1.68662471]
Epoch 1525, t=2460388.489167443:
  TLE_ECI: r=[-6130.80278191 -4413.87308954  1575.89073303], v=[ 2.83070931 -1.64448734  6.40005727]
  RK45_ECI: r=[   93.53904908  3627.57725279 -6877.79930577], v=[-6.29135248 -2.95177478 -1.64878502]
Epoch 1526, t=2460388.4892427064:
  TLE_ECI: r=[-6041.38152809 -4464.34444377  1767.24539129], v=[ 2.98996914 -1.52750077  6.35642495]
  RK45_ECI: r=[   50.91551204  3608.35014078 -6888.39372027], v=[-6.290344   -2.97463424 -1.61088755]
Epoch 1527, t=2460388.48931797:
  TLE_ECI: r=[-5947.19589014 -4511.24257837  1957.21631978], v=[ 3.14677503 -1.40917661  6.30781829]
  RK45_ECI: r=[    8.30829475  3588.95443969 -6898.74158179], v=[-6.28909056 -2.99738668 -1.5729333 ]
Epoch 1528, t=2460388.489393233:
  TLE_ECI: r=[-5848.32307314 -4554.52653525  2145.65486422], v=[ 3.30100271 -1.28961036  6.25427607]
  RK45_ECI: r=[  -34.28034442  3569.39113189 -6908.84238273], v=[-6.28759233 -3.02003075 -1.53492412]
Epoch 1529, t=2460388.4894684963:
  TLE_ECI: r=[-5744.8439561  -4594.15832689  2332.41359291], v=[ 3.45253012 -1.16889858  6.195841  ]
  RK45_ECI: r=[  -76.84952338  3549.66056547 -6918.69595784], v=[-6.28584945 -3.04256587 -1.49686065]
Epoch 1530, t=2460388.4895437597:
  TLE_ECI: r=[-5636.84310329 -4630.10286491  2517.34641403], v=[ 3.60123747 -1.04713884  6.13255969]
  RK45_ECI: r=[ -119.39698668  3529.76373954 -6928.30182041], v=[-6.28386212 -3.06499071 -1.45874476]
Epoch 1531, t=2460388.489619023:
  TLE_ECI: r=[-5524.40863978 -4662.32805966  2700.30869145], v=[ 3.74700737 -0.92442961  6.06448257]
  RK45_ECI: r=[ -161.92125838  3509.70129206 -6937.65967981], v=[-6.28163052 -3.08730436 -1.42057762]
Epoch 1532, t=2460388.4896942866:
  TLE_ECI: r=[-5407.63218993 -4690.80483062  2881.1573593 ], v=[ 3.88972488 -0.80087017  5.99166388]
  RK45_ECI: r=[ -204.42086404  3489.47386553 -6946.76924948], v=[-6.27915484 -3.10950591 -1.38236038]
Epoch 1533, t=2460388.4897695496:
  TLE_ECI: r=[-5286.60881432 -4715.50711544  3059.75103513], v=[ 4.02927768 -0.67656054  5.9141616 ]
  RK45_ECI: r=[ -246.89355407  3469.08249009 -6955.63008289], v=[-6.2764353  -3.13159405 -1.34409494]
Epoch 1534, t=2460388.489844813:
  TLE_ECI: r=[-5161.43687444 -4736.41195496  3235.9501313 ], v=[ 4.16555607 -0.55160138  5.83203739]
  RK45_ECI: r=[ -289.33845243  3448.5275356  -6964.24203515], v=[-6.27347209 -3.1535682  -1.30578192]
Epoch 1535, t=2460388.4899200764:
  TLE_ECI: r=[-5032.2180328  -4753.49941862  3409.61696515], v=[ 4.29845311 -0.42609393  5.74535658]
  RK45_ECI: r=[ -331.75331324  3427.81004864 -6972.60468074], v=[-6.27026546 -3.17542708 -1.26742322]
Epoch 1536, t=2460388.48999534:
  TLE_ECI: r=[-4899.05711271 -4766.75268483  3580.615867  ], v=[ 4.42786471 -0.30013988  5.65418804]
  RK45_ECI: r=[ -374.13666888  3406.93070014 -6980.71776698], v=[-6.26681562 -3.19716977 -1.22901999]
Epoch 1537, t=2460388.490070603:
  TLE_ECI: r=[-4762.06203837 -4776.15802554  3748.8132866 ], v=[ 4.55368966 -0.17384136  5.55860416]
  RK45_ECI: r=[ -416.48685217  3385.89026504 -6988.58100894], v=[-6.26312284 -3.21879528 -1.19057359]
Epoch 1538, t=2460388.4901458663:
  TLE_ECI: r=[-4621.34368884 -4781.70487456  3914.07789746], v=[ 4.67582978 -0.04730073  5.45868081]
  RK45_ECI: r=[ -458.80222773  3364.68952201 -6996.19413044], v=[-6.25918734 -3.24030267 -1.15208537]
Epoch 1539, t=2460388.4902211297:
  TLE_ECI: r=[-4477.01588969 -4783.38575159  4076.28069952], v=[4.79418991 0.07937937 5.3544972 ]
  RK45_ECI: r=[ -501.0813232   3343.32916062 -7003.55689813], v=[-6.25500937 -3.26169102 -1.11355651]
Epoch 1540, t=2460388.490296393:
  TLE_ECI: r=[-4329.19526252 -4781.19632609  4235.29511938], v=[4.90867807 0.20609619 5.24613588]
  RK45_ECI: r=[ -543.32210549  3321.81017449 -7010.66898432], v=[-6.25058924 -3.2829592  -1.07498872]
Epoch 1541, t=2460388.4903716566:
  TLE_ECI: r=[-4178.00114234 -4775.13540688  4390.99710859], v=[5.01920546 0.33274692 5.13368262]
  RK45_ECI: r=[ -585.52330721  3300.13316617 -7017.53020607], v=[-6.24592718 -3.3041064  -1.036383  ]
Epoch 1542, t=2460388.4904469196:
  TLE_ECI: r=[-4023.55549295 -4765.20493173  4543.26523975], v=[5.12568655 0.45922878 5.01722637]
  RK45_ECI: r=[ -627.6827001   3278.29924928 -7024.1402276 ], v=[-6.24102356 -3.32513138 -0.99774124]
Epoch 1543, t=2460388.490522183:
  TLE_ECI: r=[-3865.9827504  -4751.41001404  4691.98080009], v=[5.22803915 0.58543916 4.89685915]
  RK45_ECI: r=[ -669.79923078  3256.30893422 -7030.49891168], v=[-6.23587858 -3.34603349 -0.95906426]
Epoch 1544, t=2460388.4905974464:
  TLE_ECI: r=[-3705.40980457 -4733.75886672  4837.02788308], v=[5.32618445 0.71127561 4.772676  ]
  RK45_ECI: r=[ -711.87124698  3234.16304409 -7036.60603153], v=[-6.23049257 -3.36681174 -0.92035343]
Epoch 1545, t=2460388.49067271:
  TLE_ECI: r=[-3541.9658395  -4712.26284431  4978.29347725], v=[5.42004711 0.83663598 4.64477487]
  RK45_ECI: r=[ -753.89672837  3211.86261412 -7042.46131539], v=[-6.22486588 -3.38746502 -0.88161045]
Epoch 1546, t=2460388.4907479733:
  TLE_ECI: r=[-3375.7822413  -4686.93642218  5115.66755278], v=[5.50955525 0.9614185  4.51325658]
  RK45_ECI: r=[ -795.87441771  3189.40827546 -7048.06461269], v=[-6.21899878 -3.40799255 -0.84283634]
Epoch 1547, t=2460388.4908232363:
  TLE_ECI: r=[-3206.99250464 -4657.79717566  5249.04314548], v=[5.59464058 1.08552183 4.37822468]
  RK45_ECI: r=[ -837.80210166  3166.80118669 -7053.41564958], v=[-6.21289169 -3.42839312 -0.804033  ]
Epoch 1548, t=2460388.4908984997:
  TLE_ECI: r=[-3035.73206984 -4624.86580417  5378.31643808], v=[5.67523837 1.20884522 4.2397854 ]
  RK45_ECI: r=[ -879.67873598  3144.04188217 -7058.51431534], v=[-6.20654486 -3.44866609 -0.76520124]
Epoch 1549, t=2460388.490973763:
  TLE_ECI: r=[-2862.13829482 -4588.1660569   5503.38683918], v=[5.75128754 1.33128849 4.09804754]
  RK45_ECI: r=[ -921.50268116  3121.13122026 -7063.36042746], v=[-6.19995864 -3.46881049 -0.72634244]
Epoch 1550, t=2460388.4910490266:
  TLE_ECI: r=[-2686.35028925 -4547.72475319  5624.15705927], v=[5.82273068 1.45275216 3.95312241]
  RK45_ECI: r=[ -963.27193175  3098.07027677 -7067.95377031], v=[-6.19313345 -3.48882524 -0.68745831]
Epoch 1551, t=2460388.4911242896:
  TLE_ECI: r=[-2508.50882916 -4503.57174393  5740.53318412], v=[5.8895141  1.57313752 3.80512372]
  RK45_ECI: r=[-1004.98485527  3074.85992794 -7072.29418624], v=[-6.18606966 -3.5087094  -0.64855023]
Epoch 1552, t=2460388.491199553:
  TLE_ECI: r=[-2328.75619073 -4455.73991808  5852.42474538], v=[5.95158785 1.69234676 3.65416747]
  RK45_ECI: r=[-1046.64041493  3051.50072513 -7076.38158224], v=[-6.17876756 -3.52846233 -0.60961902]
Epoch 1553, t=2460388.4912748164:
  TLE_ECI: r=[-2147.23611572 -4404.26513062  5959.7447885 ], v=[6.00890574 1.81028295 3.5003719 ]
  RK45_ECI: r=[-1088.23641693  3027.99387732 -7080.21575549], v=[-6.1712276  -3.54808286 -0.57066658]
Epoch 1554, t=2460388.49135008:
  TLE_ECI: r=[-1964.09364315 -4349.18620543  6062.40993776], v=[6.06142541 1.92685018 3.34385734]
  RK45_ECI: r=[-1129.77162276  3004.34006022 -7083.79660743], v=[-6.16345014 -3.56757023 -0.53169392]
Epoch 1555, t=2460388.4914253433:
  TLE_ECI: r=[-1779.47500686 -4290.54489667  6160.34045836], v=[6.10910831 2.04195361 3.18474617]
  RK45_ECI: r=[-1171.2440436   2980.5403893  -7087.12397875], v=[-6.15543563 -3.5869234  -0.49270278]
Epoch 1556, t=2460388.4915006063:
  TLE_ECI: r=[-1593.52753142 -4228.38585116  6253.46031582], v=[6.15191974 2.15549956 3.02316269]
  RK45_ECI: r=[-1212.65206217  2956.59577478 -7090.19775625], v=[-6.14718449 -3.60614144 -0.45369452]
Epoch 1557, t=2460388.4915758697:
  TLE_ECI: r=[-1406.39946522 -4162.75659268  6341.6972322 ], v=[6.18982884 2.26739558 2.85923303]
  RK45_ECI: r=[-1253.99465254  2932.50679113 -7093.01787355], v=[-6.13869704 -3.62522373 -0.41466997]
Epoch 1558, t=2460388.491651133:
  TLE_ECI: r=[-1218.23993801 -4093.70745459  6424.98273978], v=[6.22280868 2.37755052 2.69308505]
  RK45_ECI: r=[-1295.26964018  2908.27468994 -7095.58419017], v=[-6.1299738  -3.64416913 -0.37563104]
Epoch 1559, t=2460388.4917263966:
  TLE_ECI: r=[-1029.19879287 -4021.29156089  6503.2522314 ], v=[6.25083618 2.48587457 2.52484825]
  RK45_ECI: r=[-1336.47579972  2883.90017401 -7097.89664016], v=[-6.12101515 -3.6629769  -0.33657874]
Epoch 1560, t=2460388.49180166:
  TLE_ECI: r=[ -839.42648039 -3945.5647793   6576.44500806], v=[6.27389218 2.59227936 2.35465366]
  RK45_ECI: r=[-1377.61116086  2859.3843974  -7099.95512062], v=[-6.1118216  -3.68164604 -0.2975148 ]
Epoch 1561, t=2460388.491876923:
  TLE_ECI: r=[ -649.0739516  -3866.58567564  6644.50432347], v=[6.29196143 2.69667802 2.18263376]
  RK45_ECI: r=[-1418.67412312  2834.72830344 -7101.75956292], v=[-6.10239362 -3.70017563 -0.2584406 ]
Epoch 1562, t=2460388.4919521865:
  TLE_ECI: r=[ -458.29249392 -3784.41547631  6707.37742556], v=[6.30503258 2.79898527 2.00892234]
  RK45_ECI: r=[-1459.66367226  2809.93248922 -7103.30992735], v=[-6.09273154 -3.71856507 -0.21935695]
Epoch 1563, t=2460388.49202745:
  TLE_ECI: r=[ -267.2336811  -3699.11800722  6765.01559509], v=[6.3130982  2.89911744 1.83365445]
  RK45_ECI: r=[-1500.57765508  2784.99824782 -7104.60613586], v=[-6.08283596 -3.73681326 -0.18026578]
Epoch 1564, t=2460388.4921027133:
  TLE_ECI: r=[  -76.04920861 -3610.75965351  6817.37418113], v=[6.31615479 2.99699254 1.65696625]
  RK45_ECI: r=[-1541.41486056  2759.92630838 -7105.64815516], v=[-6.07270727 -3.75491949 -0.1411681 ]
Epoch 1565, t=2460388.4921779768:
  TLE_ECI: r=[  115.10921339 -3519.40930532  6864.41263354], v=[6.31420272 3.09253035 1.47899495]
  RK45_ECI: r=[-1582.17333881  2734.71786251 -7106.43593887], v=[-6.06234606 -3.77288276 -0.10206564]
Epoch 1566, t=2460388.4922532397:
  TLE_ECI: r=[  306.08996821 -3425.13830511  6906.09453242], v=[6.30724632 3.18565245 1.29987868]
  RK45_ECI: r=[-1622.85150748  2709.37388584 -7106.96946295], v=[-6.05175282 -3.79070221 -0.06295977]
Epoch 1567, t=2460388.492328503:
  TLE_ECI: r=[  496.74169142 -3328.02038935  6942.38761442], v=[6.29529374 3.27628234 1.1197564 ]
  RK45_ECI: r=[-1663.44836508  2683.89499747 -7107.24871441], v=[-6.04092793 -3.80837724 -0.02385132]
Epoch 1568, t=2460388.4924037666:
  TLE_ECI: r=[  686.91332729 -3228.13163478  6973.2637962 ], v=[6.27835708 3.36434541 0.9387678 ]
  RK45_ECI: r=[-1703.96178175  2658.28253073 -7107.27367769], v=[-6.02987202 -3.82590679  0.01525779]
Epoch 1569, t=2460388.49247903:
  TLE_ECI: r=[  876.45428725 -3125.5503976   6998.69919459], v=[6.25645226 3.44976904 0.75705321]
  RK45_ECI: r=[-1744.39056192  2632.53724052 -7107.04435217], v=[-6.01858555 -3.84329017  0.05436655]
Epoch 1570, t=2460388.492554293:
  TLE_ECI: r=[ 1065.2145476  -3020.3572562   7018.67414386], v=[6.22959909 3.53248265 0.57475344]
  RK45_ECI: r=[-1784.7325869   2606.66047786 -7106.56075092], v=[-6.00706918 -3.86052632  0.09347305]
Epoch 1571, t=2460388.4926295565:
  TLE_ECI: r=[ 1253.04480148 -2912.63493693  7033.17320973], v=[6.19782119 3.6124178  0.39200977]
  RK45_ECI: r=[-1824.98686698  2580.65288071 -7105.82288587], v=[-5.9953233  -3.87761467  0.13257645]
Epoch 1572, t=2460388.49270482:
  TLE_ECI: r=[ 1439.79652076 -2802.46826676  7042.18520057], v=[6.16114598 3.68950816 0.20896375]
  RK45_ECI: r=[-1865.15184143  2554.51545864 -7104.83077937], v=[-5.98334847 -3.89455437  0.1716754 ]
Epoch 1573, t=2460388.4927800833:
  TLE_ECI: r=[ 1625.32210687 -2689.94409721  7045.70317527], v=[6.1196047  3.7636896  0.02575719]
  RK45_ECI: r=[-1905.22559659  2528.24946106 -7103.58447551], v=[-5.97114534 -3.9113445   0.21076814]
Epoch 1574, t=2460388.4928553468:
  TLE_ECI: r=[ 1809.47499646 -2575.15123937  7043.7244482 ], v=[ 6.07323235  3.83490026 -0.15746803]
  RK45_ECI: r=[-1945.2069535   2501.85566784 -7102.08400636], v=[-5.95871438 -3.92798438  0.24985368]
Epoch 1575, t=2460388.4929306097:
  TLE_ECI: r=[ 1992.1097672  -2458.18040106  7036.250591  ], v=[ 6.02206764  3.90308055 -0.34056999]
  RK45_ECI: r=[-1985.09381975  2475.33546841 -7100.32944746], v=[-5.94605632 -3.944473    0.28893008]
Epoch 1576, t=2460388.493005873:
  TLE_ECI: r=[ 2173.08227959 -2339.124094    7023.28743129], v=[ 5.966153    3.96817329 -0.52340687]
  RK45_ECI: r=[-2024.88522009  2448.68952168 -7098.32083749], v=[-5.93317158 -3.96080979  0.32799654]
Epoch 1577, t=2460388.4930811366:
  TLE_ECI: r=[ 2352.24974406 -2218.07659531  7004.84504843], v=[ 5.90553453  4.03012361 -0.70583707]
  RK45_ECI: r=[-2064.57961487  2421.91886768 -7096.05824337], v=[-5.92006076 -3.97699394  0.36705168]
Epoch 1578, t=2460388.4931564:
  TLE_ECI: r=[ 2529.47086147 -2095.13385275  6980.93776607], v=[ 5.84026197  4.08887912 -0.88771924]
  RK45_ECI: r=[-2104.1751157   2395.02479024 -7093.54176572], v=[-5.90672456 -3.99302456  0.40609376]
Epoch 1579, t=2460388.4932316635:
  TLE_ECI: r=[ 2704.60592475 -1970.39341576  6951.58414162], v=[ 5.77038867  4.1443899  -1.06891248]
  RK45_ECI: r=[-2143.6705612   2368.00809359 -7090.77146926], v=[-5.89316347 -4.00890099  0.44512177]
Epoch 1580, t=2460388.4933069265:
  TLE_ECI: r=[ 2877.51692167 -1843.95436815  6916.80695279], v=[ 5.69597152  4.19660852 -1.24927636]
  RK45_ECI: r=[-2183.06388712  2340.87020431 -7087.74749198], v=[-5.87937831 -4.02462225  0.48413381]
Epoch 1581, t=2460388.49338219:
  TLE_ECI: r=[ 3048.06766383 -1715.91721789  6876.63318087], v=[ 5.61707093  4.24549016 -1.42867107]
  RK45_ECI: r=[-2222.35413357  2313.61180164 -7084.46989925], v=[-5.86536949 -4.04018781  0.52312904]
Epoch 1582, t=2460388.4934574533:
  TLE_ECI: r=[ 3216.12385857 -1586.38386807  6831.09399116], v=[ 5.53375079  4.29099257 -1.6069575 ]
  RK45_ECI: r=[-2261.53978362  2286.23395494 -7080.93880252], v=[-5.85113767 -4.05559688  0.5621061 ]
Epoch 1583, t=2460388.4935327168:
  TLE_ECI: r=[ 3381.55323595 -1455.45750534  6780.22471014], v=[ 5.44607843  4.3330761  -1.78399735]
  RK45_ECI: r=[-2300.61897569  2258.73798146 -7077.15435887], v=[-5.83668359 -4.0708486   0.60106326]
Epoch 1584, t=2460388.49360798:
  TLE_ECI: r=[ 3544.22564565 -1323.2425275   6724.06479973], v=[ 5.35412456  4.37170381 -1.95965324]
  RK45_ECI: r=[-2339.5905671   2231.12470896 -7073.11666562], v=[-5.82200779 -4.08594233  0.63999951]
Epoch 1585, t=2460388.493683243:
  TLE_ECI: r=[ 3704.01315473 -1189.84447278  6662.65782846], v=[ 5.2579632   4.40684141 -2.13378879]
  RK45_ECI: r=[-2378.45252379  2203.39559979 -7068.8259231 ], v=[-5.80711113 -4.10087714  0.67891293]
Epoch 1586, t=2460388.4937585066:
  TLE_ECI: r=[ 3860.79016154 -1055.36989446  6596.05143953], v=[ 5.15767164  4.43845742 -2.30626873]
  RK45_ECI: r=[-2417.20407884  2175.55122728 -7064.28220141], v=[-5.79199399 -4.11565257  0.7178029 ]
Epoch 1587, t=2460388.49383377:
  TLE_ECI: r=[4014.43347149 -919.92634117 6524.29731603], v=[ 5.05333042  4.46652303 -2.47695903]
  RK45_ECI: r=[-2455.84320911  2147.59306601 -7059.48572219], v=[-5.77665725 -4.13026769  0.75666749]
Epoch 1588, t=2460388.4939090335:
  TLE_ECI: r=[4164.82240839 -783.62223042 6447.45114291], v=[ 4.94502322  4.49101226 -2.64572693]
  RK45_ECI: r=[-2494.36861189  2119.52208853 -7054.43663311], v=[-5.76110153 -4.14472184  0.79550553]
Epoch 1589, t=2460388.4939842965:
  TLE_ECI: r=[4311.83890304 -646.56678649 6365.57256613], v=[ 4.83283685  4.51190193 -2.81244113]
  RK45_ECI: r=[-2532.77880603  2091.33940532 -7049.13511143], v=[-5.74532753 -4.15901429  0.83431564]
Epoch 1590, t=2460388.49405956:
  TLE_ECI: r=[4455.36759372 -508.86990427 6278.7251487 ], v=[ 4.71686111  4.52917173 -2.97697181]
  RK45_ECI: r=[-2571.072334    2063.04611008 -7043.58134322], v=[-5.72933593 -4.17314435  0.87309648]
Epoch 1591, t=2460388.4941348233:
  TLE_ECI: r=[4595.29590405 -370.64213721 6186.97632385], v=[ 4.59718881  4.54280417 -3.13919077]
  RK45_ECI: r=[-2609.24789903  2034.64319612 -7037.77549566], v=[-5.71312736 -4.18711137  0.91184685]
Epoch 1592, t=2460388.4942100868:
  TLE_ECI: r=[4731.5141404  -231.99456028 6090.39734514], v=[ 4.47391566  4.55278465 -3.29897154]
  RK45_ECI: r=[-2647.30369224  2006.13203748 -7031.71782704], v=[-5.6967027  -4.20091453  0.95056503]
Epoch 1593, t=2460388.49428535:
  TLE_ECI: r=[4863.91557593  -93.03869446 5989.06323368], v=[ 4.34714021  4.55910147 -3.45618944]
  RK45_ECI: r=[-2685.23860732  1977.51350239 -7025.40849322], v=[-5.68006251 -4.21455325  0.98925002]
Epoch 1594, t=2460388.494360613:
  TLE_ECI: r=[4992.396535     46.11356726 5883.0527224 ], v=[ 4.21696379  4.56174583 -3.61072169]
  RK45_ECI: r=[-2723.05066924  1948.78911407 -7018.8478063 ], v=[-5.66320774 -4.22802666  1.02789992]
Epoch 1595, t=2460388.4944358766:
  TLE_ECI: r=[5116.85647505  185.35010736 5772.44819749], v=[ 4.08349037  4.5607119  -3.76244752]
  RK45_ECI: r=[-2760.73896563  1919.95960532 -7012.03590606], v=[-5.64613892 -4.24133429  1.06651392]
Epoch 1596, t=2460388.49451114:
  TLE_ECI: r=[5237.1980659   324.55858651 5657.3356369 ], v=[ 3.94682659  4.55599676 -3.91124827]
  RK45_ECI: r=[-2798.30205053  1891.02612235 -7004.97302815], v=[-5.62885678 -4.25447542  1.10509065]
Epoch 1597, t=2460388.4945864035:
  TLE_ECI: r=[5353.32726776  463.62659083 5537.80454598], v=[ 3.80708161  4.54760043 -4.05700745]
  RK45_ECI: r=[-2835.73814668  1861.99006909 -6997.65948689], v=[-5.61136222 -4.26744931  1.1436284 ]
Epoch 1598, t=2460388.494661667:
  TLE_ECI: r=[5465.15340584  602.44170809 5413.94789041], v=[ 3.66436702  4.53552591 -4.19961087]
  RK45_ECI: r=[-2873.0461694   1832.85233506 -6990.09547046], v=[-5.59365587 -4.28025538  1.18212618]
Epoch 1599, t=2460388.49473693:
  TLE_ECI: r=[5572.5892449   740.89160159 5285.8620262 ], v=[ 3.51879684  4.51977915 -4.3389467 ]
  RK45_ECI: r=[-2910.22417913  1803.61447519 -6982.28135276], v=[-5.57573872 -4.29289282  1.22058208]
Epoch 1600, t=2460388.4948121933:
  TLE_ECI: r=[5675.55105075  878.86416568 5153.64662712], v=[ 3.37048729  4.50036908 -4.47490559]
  RK45_ECI: r=[-2947.27128199  1774.27724029 -6974.21729997], v=[-5.5576113  -4.30536116  1.25899531]
Epoch 1601, t=2460388.4948874568:
  TLE_ECI: r=[5773.95866922 1016.24751994 5017.40460921], v=[ 3.21955686  4.4773076  -4.60738074]
  RK45_ECI: r=[-2984.18606001  1744.84180191 -6965.90359182], v=[-5.53927442 -4.31765973  1.2973645 ]
Epoch 1602, t=2460388.49496272:
  TLE_ECI: r=[5867.73558307 1152.93016377 4877.24205283], v=[ 3.06612611  4.45060955 -4.73626802]
  RK45_ECI: r=[-3020.96676924  1715.30959239 -6957.34059834], v=[-5.520729   -4.32978781  1.33568794]
Epoch 1603, t=2460388.4950379836:
  TLE_ECI: r=[5956.80897542 1288.80105122 4733.26812195], v=[ 2.91031764  4.42029277 -4.86146599]
  RK45_ECI: r=[-3057.6123476   1685.68152185 -6948.52853996], v=[-5.50197571 -4.34174486  1.37396465]
Epoch 1604, t=2460388.4951132466:
  TLE_ECI: r=[6041.10979268 1423.74966409 4585.59498091], v=[ 2.75225595  4.38637801 -4.98287605]
  RK45_ECI: r=[-3094.12089278  1655.95917542 -6939.46785205], v=[-5.48301559 -4.35353011  1.41219274]
Epoch 1605, t=2460388.49518851:
  TLE_ECI: r=[6120.57278415 1557.66617228 4434.33770868], v=[ 2.59206736  4.34888902 -5.10040252]
  RK45_ECI: r=[-3130.49153031  1626.14332112 -6930.15872709], v=[-5.4638492  -4.36514311  1.4503714 ]
Epoch 1606, t=2460388.4952637735:
  TLE_ECI: r=[6195.13657877 1690.44141887 4279.61421058], v=[ 2.42987992  4.30785245 -5.21395266]
  RK45_ECI: r=[-3166.72287145  1596.23515484 -6920.60148866], v=[-5.44447738 -4.37658322  1.48849929]
Epoch 1607, t=2460388.495339037:
  TLE_ECI: r=[6264.7437194  1821.96707984 4121.54512767], v=[ 2.26582331  4.26329788 -5.32343682]
  RK45_ECI: r=[-3202.8132072   1566.23613593 -6910.79656223], v=[-5.4249011  -4.38784976  1.52657471]
Epoch 1608, t=2460388.4954143:
  TLE_ECI: r=[6329.34071919 1952.13571707 3960.25374372], v=[ 2.10002874  4.21525779 -5.42876848]
  RK45_ECI: r=[-3238.76116472  1536.1474721  -6900.74429583], v=[-5.40512124 -4.39894212  1.56459631]
Epoch 1609, t=2460388.4954895633:
  TLE_ECI: r=[6388.87808263 2080.84094126 3795.86588996], v=[ 1.9326288   4.16376756 -5.52986433]
  RK45_ECI: r=[-3274.56588386  1505.96994349 -6890.44489941], v=[-5.38513835 -4.40985987  1.6025633 ]
Epoch 1610, t=2460388.4955648268:
  TLE_ECI: r=[6443.31037918 2207.97738934 3628.50984751], v=[ 1.76375744  4.10886542 -5.62664436]
  RK45_ECI: r=[-3310.2255072   1475.70516835 -6879.89887817], v=[-5.36495355 -4.42060227  1.64047379]
Epoch 1611, t=2460388.49564009:
  TLE_ECI: r=[6492.59625867 2333.44088553 3458.31624775], v=[ 1.59354976  4.05059244 -5.7190319 ]
  RK45_ECI: r=[-3345.73901094  1445.35408776 -6869.10650378], v=[-5.34456754 -4.43116884  1.67832682]
Epoch 1612, t=2460388.4957153536:
  TLE_ECI: r=[6536.69849053 2457.12850969 3285.41797057], v=[ 1.422142    3.9889925  -5.80695372]
  RK45_ECI: r=[-3381.10472259  1414.91818681 -6858.06825682], v=[-5.32398135 -4.44155892  1.71612068]
Epoch 1613, t=2460388.4957906166:
  TLE_ECI: r=[6575.58400186 2578.93866388 3109.95004062], v=[ 1.24967137  3.92411226 -5.89034007]
  RK45_ECI: r=[-3416.32130058  1384.39869569 -6846.78452876], v=[-5.30319588 -4.45177195  1.75385405]
Epoch 1614, t=2460388.49586588:
  TLE_ECI: r=[6609.22387465 2698.77123424 2932.04952173], v=[ 1.07627591  3.85600115 -5.96912476]
  RK45_ECI: r=[-3451.38790551  1353.79641051 -6835.25555564], v=[-5.28221171 -4.46180749  1.79152612]
Epoch 1615, t=2460388.4959411435:
  TLE_ECI: r=[6637.59341382 2816.52755966 2751.85540932], v=[ 0.90209447  3.78471128 -6.0432452 ]
  RK45_ECI: r=[-3486.30272094  1323.11297649 -6823.48190333], v=[-5.26103002 -4.47166489  1.82913505]
Epoch 1616, t=2460388.496016407:
  TLE_ECI: r=[6660.67213827 2932.11059126 2569.50852119], v=[ 0.72726652  3.71029746 -6.11264248]
  RK45_ECI: r=[-3521.06474824  1292.34935296 -6811.46387527], v=[-5.23965151 -4.48134366  1.86667984]
Epoch 1617, t=2460388.4960916704:
  TLE_ECI: r=[6678.44380479 3045.42495493 2385.15138667], v=[ 0.55193205  3.63281712 -6.17726142]
  RK45_ECI: r=[-3555.672353    1261.50704924 -6799.2020068 ], v=[-5.21807729 -4.4908432   1.90415883]
Epoch 1618, t=2460388.4961669333:
  TLE_ECI: r=[6690.89643061 3156.37701206 2198.9281341 ], v=[ 0.37623148  3.55233027 -6.23705061]
  RK45_ECI: r=[-3590.12422616  1230.58731684 -6786.6967325 ], v=[-5.19630826 -4.50016297  1.9415707 ]
Epoch 1619, t=2460388.4962421968:
  TLE_ECI: r=[6698.0222663  3264.87501702 2010.98437702], v=[ 0.20030549  3.4688995  -6.29196244]
  RK45_ECI: r=[-3624.41954985  1199.59096712 -6773.94831435], v=[-5.17434506 -4.50930257  1.97891464]
Epoch 1620, t=2460388.49631746:
  TLE_ECI: r=[6699.81785652 3370.82907715 1821.46709873], v=[ 0.02429496  3.38258987 -6.34195318]
  RK45_ECI: r=[-3658.55655032  1168.51967068 -6760.95737846], v=[-5.15218889 -4.51826137  2.01618881]
Epoch 1621, t=2460388.4963927236:
  TLE_ECI: r=[6696.28400638 3474.1513074  1630.52453585], v=[-0.15165917  3.29346887 -6.38698302]
  RK45_ECI: r=[-3692.53425501  1137.37440417 -6747.7242598 ], v=[-5.12984051 -4.52703894  2.05339226]
Epoch 1622, t=2460388.496467987:
  TLE_ECI: r=[6687.42578929 3574.75588525 1438.30606054], v=[-0.32741606  3.20160642 -6.42701607]
  RK45_ECI: r=[-3726.35106918  1106.15669958 -6734.24954803], v=[-5.10730103 -4.5356347   2.0905233 ]
Epoch 1623, t=2460388.49654325:
  TLE_ECI: r=[6673.25255336 3672.5591036  1244.96206172], v=[-0.502835    3.10707475 -6.46202042]
  RK45_ECI: r=[-3760.00571742  1074.86782873 -6720.53372055], v=[-5.08457143 -4.54404815  2.12758063]
Epoch 1624, t=2460388.4966185135:
  TLE_ECI: r=[6653.77786979 3767.47952105 1050.64382545], v=[-0.67777563  3.00994835 -6.49196818]
  RK45_ECI: r=[-3793.4974042   1043.50861736 -6706.57706509], v=[-5.06165233 -4.55227891  2.16456347]
Epoch 1625, t=2460388.496693777:
  TLE_ECI: r=[6629.01958509 3859.43791328  855.50341421], v=[-0.85209799  2.91030397 -6.51683548]
  RK45_ECI: r=[-3826.8244001   1012.08075976 -6692.38026747], v=[-5.03854502 -4.56032641  2.20146998]
Epoch 1626, t=2460388.4967690404:
  TLE_ECI: r=[6598.99976329 3948.3574189   659.69354571], v=[-1.02566266  2.80822047 -6.53660249]
  RK45_ECI: r=[-3859.98575959   980.58524902 -6677.94369398], v=[-5.01525025 -4.56819023  2.2382992 ]
Epoch 1627, t=2460388.4968443033:
  TLE_ECI: r=[6563.74468911 4034.16356637  463.36747093], v=[-1.19833085  2.70377882 -6.55125348]
  RK45_ECI: r=[-3892.97977384   949.02378952 -6663.26805756], v=[-4.99176932 -4.5758698   2.27504932]
Epoch 1628, t=2460388.4969195668:
  TLE_ECI: r=[6523.28479822 4116.78441459  266.67885182], v=[-1.36996462  2.59706199 -6.5607768 ]
  RK45_ECI: r=[-3925.80566782   917.39721878 -6648.35366976], v=[-4.96810288 -4.58336478  2.31171954]
Epoch 1629, t=2460388.49699483:
  TLE_ECI: r=[6477.65472126 4196.15049857   69.78163836], v=[-1.54042685  2.48815492 -6.56516488]
  RK45_ECI: r=[-3958.46220359   885.70682932 -6633.20105214], v=[-4.94425193 -4.59067469  2.34830858]
Epoch 1630, t=2460388.4970700936:
  TLE_ECI: r=[6426.89320744 4272.19496617 -127.17005441], v=[-1.70958146  2.37714442 -6.56441428]
  RK45_ECI: r=[-3990.94785286   853.95418656 -6617.81088029], v=[-4.92021767 -4.59779905  2.38481478]
Epoch 1631, t=2460388.497145357:
  TLE_ECI: r=[6371.04310292 4344.85361584 -324.02206959], v=[-1.87729351  2.26411909 -6.55852565]
  RK45_ECI: r=[-4023.26169795   822.14029899 -6602.18355153], v=[-4.8960009  -4.60473745  2.42123721]
Epoch 1632, t=2460388.49722062:
  TLE_ECI: r=[6310.15132688 4414.06493313 -520.62033175], v=[-2.04342926  2.14916929 -6.54750376]
  RK45_ECI: r=[-4055.40207675   790.26689234 -6586.31983772], v=[-4.87160295 -4.6114894   2.45757405]
Epoch 1633, t=2460388.4972958835:
  TLE_ECI: r=[6244.26877985 4479.77021745 -716.81096993], v=[-2.20785637  2.03238698 -6.53135748]
  RK45_ECI: r=[-4087.3682379    758.33481706 -6570.22007573], v=[-4.8470245  -4.61805455  2.49382453]
Epoch 1634, t=2460388.497371147:
  TLE_ECI: r=[6173.45037709 4541.91352082 -912.4404408 ], v=[-2.37044393  1.91386576 -6.51009976]
  RK45_ECI: r=[-4119.15897962   726.34538327 -6553.88482918], v=[-4.82226658 -4.62443248  2.52998737]
Epoch 1635, t=2460388.4974464104:
  TLE_ECI: r=[ 6097.75495054  4600.44177021 -1107.35565121], v=[-2.53106263  1.79370066 -6.48374766]
  RK45_ECI: r=[-4150.77281702   694.30017524 -6537.31482665], v=[-4.79733044 -4.63062274  2.56606095]
Epoch 1636, t=2460388.497521674:
  TLE_ECI: r=[ 6017.24521112  4655.30479453 -1301.40408042], v=[-2.68958482  1.67198816 -6.45232228]
  RK45_ECI: r=[-4182.20886117   662.20021586 -6520.51049623], v=[-4.7722169  -4.63662496  2.60204431]
Epoch 1637, t=2460388.4975969368:
  TLE_ECI: r=[ 5931.98770937  4706.45534968 -1494.43390181], v=[-2.84588465  1.54882608 -6.41584878]
  RK45_ECI: r=[-4213.4654982    630.04725059 -6503.47266806], v=[-4.74692733 -4.64243869  2.63793568]
Epoch 1638, t=2460388.4976722:
  TLE_ECI: r=[ 5842.05272323  4753.84922944 -1686.29410377], v=[-2.99983819  1.42431343 -6.37435634]
  RK45_ECI: r=[-4244.54214524   597.84200011 -6486.20162253], v=[-4.72146233 -4.64806363  2.67373446]
Epoch 1639, t=2460388.4977474636:
  TLE_ECI: r=[ 5747.51428095  4797.44519764 -1876.83461016], v=[-3.15132348  1.29855042 -6.32787813]
  RK45_ECI: r=[-4275.43720552   565.58621639 -6468.69820963], v=[-4.69582329 -4.65349933  2.70943887]
Epoch 1640, t=2460388.497822727:
  TLE_ECI: r=[ 5648.45004318  4837.20509407 -2065.90639951], v=[-3.30022065  1.17163834 -6.27645128]
  RK45_ECI: r=[-4306.14967121   533.28107541 -6450.9629656 ], v=[-4.67001117 -4.65874546  2.74504782]
Epoch 1641, t=2460388.49789799:
  TLE_ECI: r=[ 5544.94126524  4873.0938329  -2253.36162348], v=[-3.44641206  1.04367946 -6.22011686]
  RK45_ECI: r=[-4336.67839567   500.92791054 -6432.99651543], v=[-4.64402704 -4.66380161  2.78056002]
Epoch 1642, t=2460388.4979732535:
  TLE_ECI: r=[ 5437.07267085  4905.07949854 -2439.053724  ], v=[-3.58978235  0.91477692 -6.15891983]
  RK45_ECI: r=[-4367.0222444    468.52801996 -6414.7994923 ], v=[-4.61787195 -4.66866747  2.81597424]
Epoch 1643, t=2460388.498048517:
  TLE_ECI: r=[ 5324.93246622  4933.1332739  -2622.83754955], v=[-3.73021854  0.78503471 -6.09290897]
  RK45_ECI: r=[-4397.18022603   436.08260001 -6396.37245059], v=[-4.5915469  -4.67334268  2.85128936]
Epoch 1644, t=2460388.4981237804:
  TLE_ECI: r=[ 5208.61220859  4957.2295313  -2804.56946975], v=[-3.86761013  0.65455752 -6.02213691]
  RK45_ECI: r=[-4427.15093727   403.59326493 -6377.71621284], v=[-4.56505318 -4.67782688  2.8865038 ]
Epoch 1645, t=2460388.498199044:
  TLE_ECI: r=[ 5088.20674322  4977.34583773 -2984.10748881], v=[-4.00184919  0.52345069 -5.94665998]
  RK45_ECI: r=[-4456.93340454   371.06120412 -6358.83135084], v=[-4.53839178 -4.68211974  2.92161648]
Epoch 1646, t=2460388.4982743068:
  TLE_ECI: r=[ 4963.81413829  4993.46295952 -3161.31135737], v=[-4.13283044  0.3918201  -5.86653827]
  RK45_ECI: r=[-4486.52652008   338.48776525 -6339.71853046], v=[-4.51156381 -4.68622093  2.95662614]
Epoch 1647, t=2460388.49834957:
  TLE_ECI: r=[ 4835.53554402  5005.5649375  -3336.04268264], v=[-4.26045134  0.25977207 -5.78183547]
  RK45_ECI: r=[-4515.92918705   305.87425936 -6320.37842568], v=[-4.48457036 -4.69013014  2.99153154]
Epoch 1648, t=2460388.4984248336:
  TLE_ECI: r=[ 4703.47519567  5013.63901217 -3508.16503717], v=[-4.38461214  0.12741329 -5.69261888]
  RK45_ECI: r=[-4545.14044928   273.22189599 -6300.81162624], v=[-4.45741243 -4.69384706  3.0263316 ]
Epoch 1649, t=2460388.498500097:
  TLE_ECI: r=[ 4567.74026804  5017.67569407 -3677.54406549], v=[-4.50521602e+00 -5.14926552e-03 -5.59895933e+00]
  RK45_ECI: r=[-4574.15895069   240.53230388 -6281.01900595], v=[-4.43009138 -4.69737138  3.06102474]
Epoch 1650, t=2460388.4985753605:
  TLE_ECI: r=[ 4428.44080034  5017.66875747 -3844.04758907], v=[-4.62216909 -0.13780843 -5.50093112]
  RK45_ECI: r=[-4602.98388722   207.80654102 -6261.00107725], v=[-4.40260809 -4.7007028   3.09561007]
Epoch 1651, t=2460388.4986506235:
  TLE_ECI: r=[ 4285.68961993  5013.61523281 -4007.54570931], v=[-4.73538052 -0.27045695 -5.39861192]
  RK45_ECI: r=[-4631.61378799   175.04639858 -6240.7588298 ], v=[-4.37496406 -4.70384101  3.13008585]
Epoch 1652, t=2460388.498725887:
  TLE_ECI: r=[ 4139.60218952  5005.51546068 -4167.91090835], v=[-4.84476256 -0.40298758 -5.29208277]
  RK45_ECI: r=[-4660.04799789   142.25276884 -6220.29269443], v=[-4.34716005 -4.70678577  3.16445135]
Epoch 1653, t=2460388.4988011504:
  TLE_ECI: r=[ 3990.29659954  4993.37301534 -4325.01814813], v=[-4.95023064 -0.53529314 -5.18142795]
  RK45_ECI: r=[-4688.28546253   109.42701667 -6199.60339024], v=[-4.31919721 -4.70953678  3.19870533]
Epoch 1654, t=2460388.498876414:
  TLE_ECI: r=[ 3837.89341226  4977.19475335 -4478.74496689], v=[-5.05170343 -0.66726661 -5.06673491]
  RK45_ECI: r=[-4716.32487429    76.57078355 -6178.69184162], v=[-4.29107694 -4.71209378  3.23284625]
Epoch 1655, t=2460388.4989516772:
  TLE_ECI: r=[ 3682.5155771   4956.99079553 -4628.97157365], v=[-5.14910287 -0.79880124 -4.94809424]
  RK45_ECI: r=[-4744.16546091    43.68513839 -6157.55859046], v=[-4.26280013 -4.71445652  3.26687322]
Epoch 1656, t=2460388.49902694:
  TLE_ECI: r=[ 3524.28834374  4932.77450887 -4775.5809403 ], v=[-5.24235425 -0.9297906  -4.82559954]
  RK45_ECI: r=[-4771.80580523    10.7718851  -6136.20468189], v=[-4.23436834 -4.71662471  3.30078454]
Epoch 1657, t=2460388.4991022036:
  TLE_ECI: r=[ 3363.33910194  4904.56253768 -4918.45889126], v=[-5.33138626 -1.06012875 -4.69934737]
  RK45_ECI: r=[-4799.24527905   -22.16807519 -6114.6305708 ], v=[-4.20578234 -4.71859816  3.33457947]
Epoch 1658, t=2460388.499177467:
  TLE_ECI: r=[ 3199.79736429  4872.37472694 -5057.49419092], v=[-5.41613102 -1.1897102  -4.56943714]
  RK45_ECI: r=[-4826.48286924   -55.1333662  -6092.83701591], v=[-4.17704331 -4.7203766   3.3682568 ]
Epoch 1659, t=2460388.4992527305:
  TLE_ECI: r=[ 3033.79460255  4836.2341494  -5192.57862835], v=[-5.49652414 -1.31843009 -4.43597108]
  RK45_ECI: r=[-4853.51731786   -88.1223353  -6070.82499145], v=[-4.14815267 -4.72195982  3.40181502]
Epoch 1660, t=2460388.4993279935:
  TLE_ECI: r=[ 2865.46416953  4796.16706796 -5323.60709961], v=[-5.5725048  -1.44618422 -4.29905408]
  RK45_ECI: r=[-4880.34763412  -121.13360155 -6048.595278  ], v=[-4.11911162 -4.72334758  3.43525291]
Epoch 1661, t=2460388.499403257:
  TLE_ECI: r=[ 2694.94113436  4752.20294916 -5450.47768733], v=[-5.6440157  -1.57286921 -4.15879368]
  RK45_ECI: r=[-4906.97320913  -154.16625756 -6026.14834634], v=[-4.08992096 -4.72453968  3.46856977]
Epoch 1662, t=2460388.4994785204:
  TLE_ECI: r=[ 2522.36225845  4704.37438745 -5573.09173791], v=[-5.71100316 -1.69838246 -4.01529992]
  RK45_ECI: r=[-4933.39268898  -187.21848642 -6003.48530406], v=[-4.06058226 -4.72553592  3.50176391]
Epoch 1663, t=2460388.499553784:
  TLE_ECI: r=[ 2347.86582829  4652.71711483 -5691.35393577], v=[-5.77341718 -1.82262234 -3.86868526]
  RK45_ECI: r=[-4959.60535383  -220.28920457 -5980.60673925], v=[-4.03109646 -4.72633609  3.53483447]
Epoch 1664, t=2460388.4996290472:
  TLE_ECI: r=[ 2171.59155855  4597.26996342 -5805.17237503], v=[-5.83121138 -1.94548821 -3.71906455]
  RK45_ECI: r=[-4985.60999662  -253.37674988 -5957.5136752 ], v=[-4.00146504 -4.72694002  3.56777994]
Epoch 1665, t=2460388.49970431:
  TLE_ECI: r=[ 1993.68049344  4538.07482895 -5914.45862843], v=[-5.88434311 -2.0668805  -3.56655485]
  RK45_ECI: r=[-5011.40566929  -286.47973231 -5934.20693117], v=[-3.97168922 -4.72734751  3.60059915]
Epoch 1666, t=2460388.4997795736:
  TLE_ECI: r=[ 1814.27484044  4475.17666166 -6019.12781329], v=[-5.93277343 -2.18670086 -3.41127538]
  RK45_ECI: r=[-5036.99179083  -319.59723693 -5910.68700141], v=[-3.94176979 -4.72755839  3.63329138]
Epoch 1667, t=2460388.499854837:
  TLE_ECI: r=[ 1633.51793715  4408.62339404 -6119.09865497], v=[-5.97646716 -2.30485212 -3.25334743]
  RK45_ECI: r=[-5062.36706388  -352.72743794 -5886.95504713], v=[-3.91170839 -4.72757252  3.66585499]
Epoch 1668, t=2460388.4999301005:
  TLE_ECI: r=[ 1451.55408368  4338.46592812 -6214.29354722], v=[-6.01539286 -2.42123844 -3.09289427]
  RK45_ECI: r=[-5087.53080223  -385.86924393 -5863.01168476], v=[-3.88150598 -4.7273897   3.69828913]
Epoch 1669, t=2460388.500005364:
  TLE_ECI: r=[ 1268.52844154  4264.75808905 -6304.63860971], v=[-6.04952289 -2.53576537 -2.93004102]
  RK45_ECI: r=[-5112.48185085  -419.02098485 -5838.8579858 ], v=[-3.85116405 -4.72700982  3.73059232]
Epoch 1670, t=2460388.500080627:
  TLE_ECI: r=[ 1084.58693093  4187.55657968 -6390.06374275], v=[-6.07883339 -2.64833988 -2.76491458]
  RK45_ECI: r=[-5137.21930532  -452.18126294 -5814.49480754], v=[-3.82068385 -4.72643271  3.76276339]
Epoch 1671, t=2460388.5001558904:
  TLE_ECI: r=[  899.87606608  4106.92094959 -6470.50267889], v=[-6.10330429 -2.75887055 -2.59764352]
  RK45_ECI: r=[-5161.74261307  -485.34915687 -5789.92266735], v=[-3.79006621 -4.72565825  3.79480165]
Epoch 1672, t=2460388.500231154:
  TLE_ECI: r=[  714.54291434  4022.91352745 -6545.89303188], v=[-6.12291935 -2.86726749 -2.428358  ]
  RK45_ECI: r=[-5186.05053449  -518.52283354 -5765.14277911], v=[-3.75931279 -4.72468632  3.82670549]
Epoch 1673, t=2460388.5003064172:
  TLE_ECI: r=[  528.73493056  3935.59938692 -6616.17634243], v=[-6.13766614 -2.97344247 -2.25718965]
  RK45_ECI: r=[-5210.14241771  -551.70119478 -5740.1557871 ], v=[-3.72842456 -4.72351678  3.85847407]
Epoch 1674, t=2460388.5003816807:
  TLE_ECI: r=[  342.59985397  3845.04629216 -6681.29812106], v=[-6.14753604 -3.07730903 -2.08427148]
  RK45_ECI: r=[-5234.01716079  -584.88256445 -5714.96281016], v=[-3.69740306 -4.72214955  3.89010593]
Epoch 1675, t=2460388.5004569436:
  TLE_ECI: r=[  156.28560327  3751.32464452 -6741.20788801], v=[-6.15252425 -3.17878245 -1.90973779]
  RK45_ECI: r=[-5257.67390379  -618.06553859 -5689.56474293], v=[-3.66624957 -4.72058453  3.92159994]
Epoch 1676, t=2460388.500532207:
  TLE_ECI: r=[  -30.05988291  3654.50743039 -6795.85921002], v=[-6.15262975 -3.27777995 -1.73372403]
  RK45_ECI: r=[-5281.11212317  -651.24919008 -5663.96212553], v=[-3.63496491 -4.71882158  3.95295541]
Epoch 1677, t=2460388.5006074705:
  TLE_ECI: r=[ -216.28869505  3554.67015983 -6845.20973435], v=[-6.14785538 -3.3742206  -1.55636676]
  RK45_ECI: r=[-5304.33063822  -684.43168059 -5638.1562235 ], v=[-3.60355079 -4.71686067  3.98417076]
Epoch 1678, t=2460388.500682734:
  TLE_ECI: r=[ -402.25311252  3451.89081168 -6889.22121954], v=[-6.13820773 -3.46802546 -1.37780351]
  RK45_ECI: r=[-5327.32883202  -717.61190624 -5612.14770847], v=[-3.5720082  -4.71470167  4.01524516]
Epoch 1679, t=2460388.500757997:
  TLE_ECI: r=[ -587.80569768  3346.24977376 -6927.8595632 ], v=[-6.12369721 -3.55911765 -1.19817267]
  RK45_ECI: r=[-5350.10555092  -750.78802718 -5585.9378692 ], v=[-3.54033887 -4.71234458  4.04617705]
Epoch 1680, t=2460388.5008332604:
  TLE_ECI: r=[ -772.79944965  3237.82977446 -6961.0948268 ], v=[-6.10433798 -3.6474224  -1.01761343]
  RK45_ECI: r=[-5372.66029786  -783.95911263 -5559.52726654], v=[-3.50854362 -4.70978928  4.07696575]
Epoch 1681, t=2460388.500908524:
  TLE_ECI: r=[ -957.08785902  3126.7158272  -6988.90125747], v=[-6.08014797 -3.73286707 -0.83626564]
  RK45_ECI: r=[-5394.99226125  -817.12375271 -5532.91683336], v=[-3.47662378 -4.70703572  4.10761015]
Epoch 1682, t=2460388.5009837872:
  TLE_ECI: r=[-1140.52506123  3012.99515961 -7011.25730663], v=[-6.05114885 -3.81538121 -0.65426971]
  RK45_ECI: r=[-5417.10042625  -850.28026508 -5506.10776234], v=[-3.44458091 -4.7040839   4.13810884]
Epoch 1683, t=2460388.5010590507:
  TLE_ECI: r=[-1322.96593955  2896.75714734 -7028.14564565], v=[-6.01736601 -3.89489668 -0.47176655]
  RK45_ECI: r=[-5438.98421153  -883.42754125 -5479.10075195], v=[-3.41241604 -4.70093372  4.16846102]
Epoch 1684, t=2460388.5011343136:
  TLE_ECI: r=[-1504.26622931  2778.09324935 -7039.55317843], v=[-5.97882856 -3.9713476  -0.28889742]
  RK45_ECI: r=[-5460.64252394  -916.56373871 -5451.8971411 ], v=[-3.3801309  -4.69758523  4.19866515]
Epoch 1685, t=2460388.501209577:
  TLE_ECI: r=[-1684.28266237  2657.09692037 -7045.4710509 ], v=[-5.93556924 -4.04467052 -0.10580385]
  RK45_ECI: r=[-5482.07489635  -949.68792309 -5424.49751254], v=[-3.34772637 -4.69403834  4.22872057]
Epoch 1686, t=2460388.5012848405:
  TLE_ECI: r=[-1862.87302789  2533.86356342 -7045.89465752], v=[-5.88762446 -4.11480435  0.07737247]
  RK45_ECI: r=[-5503.28056336  -982.79868096 -5396.90283501], v=[-3.31520376 -4.69029305  4.25862619]
Epoch 1687, t=2460388.501360104:
  TLE_ECI: r=[-2039.89631595  2408.49044024 -7040.82364467], v=[-5.83503425 -4.18169047  0.26048978]
  RK45_ECI: r=[-5524.25856581 -1015.89432834 -5369.11434609], v=[-3.28256469 -4.68634939  4.28838064]
Epoch 1688, t=2460388.5014353674:
  TLE_ECI: r=[-2215.21281794  2281.07660006 -7030.261911  ], v=[-5.77784225 -4.24527278  0.44340636]
  RK45_ECI: r=[-5545.00835849 -1048.97375341 -5341.13277053], v=[-3.24981019 -4.68220732  4.31798312]
Epoch 1689, t=2460388.5015106304:
  TLE_ECI: r=[-2388.68422826  2151.72281005 -7014.21760469], v=[-5.71609562 -4.3054977   0.62598064]
  RK45_ECI: r=[-5565.52890978 -1082.03511298 -5312.95949626], v=[-3.21694203 -4.67786692  4.34743214]
Epoch 1690, t=2460388.501585894:
  TLE_ECI: r=[-2560.17377681  2020.53145015 -6992.70311761], v=[-5.64984503 -4.36231431  0.80807129]
  RK45_ECI: r=[-5585.81978302 -1115.07746975 -5284.59512751], v=[-3.18396109 -4.67332814  4.37672705]
Epoch 1691, t=2460388.5016611572:
  TLE_ECI: r=[-2729.54629573  1887.60647414 -6965.73507659], v=[-5.57914468 -4.41567427  0.98953732]
  RK45_ECI: r=[-5605.88025967 -1148.09940839 -5256.0406681 ], v=[-3.15086872 -4.66859101  4.40586677]
Epoch 1692, t=2460388.5017364207:
  TLE_ECI: r=[-2896.6683503   1753.05330288 -6933.33433143], v=[-5.50405215 -4.4655319   1.1702382 ]
  RK45_ECI: r=[-5625.70943716 -1181.09924503 -5227.29739947], v=[-3.11766655 -4.66365563  4.43484999]
Epoch 1693, t=2460388.501811684:
  TLE_ECI: r=[-3061.40833556  1616.97874911 -6895.52593992], v=[-5.42462848 -4.51184429  1.35003393]
  RK45_ECI: r=[-5645.30680698 -1214.07586557 -5198.3660721 ], v=[-3.08435563 -4.65852196  4.46367591]
Epoch 1694, t=2460388.501886947:
  TLE_ECI: r=[-3223.63657386  1479.49094409 -6852.33914986], v=[-5.34093803 -4.55457121  1.52878518]
  RK45_ECI: r=[-5664.6714     -1247.02742806 -5169.24812177], v=[-3.05093778 -4.65319017  4.49234308]
Epoch 1695, t=2460388.5019622105:
  TLE_ECI: r=[-3383.22543318  1340.69921652 -6803.80737796], v=[-5.25304844 -4.59367529  1.70635337]
  RK45_ECI: r=[-5683.80290253 -1279.95313507 -5139.94403578], v=[-3.01741371 -4.64766018  4.520851  ]
Epoch 1696, t=2460388.502037474:
  TLE_ECI: r=[-3540.04939896  1200.71406241 -6749.96818572], v=[-5.16103066 -4.62912192  1.88260077]
  RK45_ECI: r=[-5702.70036732 -1312.85114546 -5110.4552661 ], v=[-2.98378526 -4.64193217  4.54919822]
Epoch 1697, t=2460388.5021127374:
  TLE_ECI: r=[-3693.9851901   1059.64702321 -6690.86325226], v=[-5.06495883 -4.66087936  2.05739061]
  RK45_ECI: r=[-5721.36322555 -1345.72020255 -5080.78272307], v=[-2.95005364 -4.63600618  4.57738384]
Epoch 1698, t=2460388.5021880004:
  TLE_ECI: r=[-3844.91184757   917.6106187  -6626.53834414], v=[-4.96491026 -4.68891872  2.23058717]
  RK45_ECI: r=[-5739.79082883 -1378.55889121 -5050.92746081], v=[-2.91622021 -4.62988229  4.60540684]
Epoch 1699, t=2460388.502263264:
  TLE_ECI: r=[-3992.71083977   774.71821469 -6557.04328212], v=[-4.8609653  -4.71321408  2.40205589]
  RK45_ECI: r=[-5757.9825263  -1411.36584699 -5020.89054014], v=[-2.88228634 -4.62356061  4.6332662 ]
Epoch 1700, t=2460388.5023385272:
  TLE_ECI: r=[-4137.26613762   631.08400049 -6482.43190489], v=[-4.7532074  -4.73374238  2.57166349]
  RK45_ECI: r=[-5775.93777554 -1444.13979634 -4990.67288624], v=[-2.84825324 -4.61704119  4.66096101]
Epoch 1701, t=2460388.5024137907:
  TLE_ECI: r=[-4278.46431734   486.82285584 -6402.76202987], v=[-4.64172298 -4.75048355  2.73927801]
  RK45_ECI: r=[-5793.65577801 -1476.87905976 -4960.27585679], v=[-2.81412261 -4.61032423  4.68849002]
Epoch 1702, t=2460388.502489054:
  TLE_ECI: r=[-4416.19464616   342.05027106 -6318.09541092], v=[-4.52660136 -4.7634205   2.90476898]
  RK45_ECI: r=[-5811.13600759 -1509.58238168 -4929.70039097], v=[-2.77989567 -4.60340979  4.71585235]
Epoch 1703, t=2460388.502564317:
  TLE_ECI: r=[-4550.3491686    196.8822699  -6228.49769311], v=[-4.40793476 -4.77253911  3.06800748]
  RK45_ECI: r=[-5828.37786442 -1542.24834867 -4898.94757592], v=[-2.74557382 -4.59629802  4.74304699]
Epoch 1704, t=2460388.5026395805:
  TLE_ECI: r=[-4680.82279413    51.43526498 -6134.03836454], v=[-4.28581813 -4.77782833  3.22886622]
  RK45_ECI: r=[-5845.38074484 -1574.8755989  -4868.01850525], v=[-2.71115842 -4.58898904  4.77007295]
Epoch 1705, t=2460388.502714844:
  TLE_ECI: r=[-4807.51337522   -94.1739557  -6034.79070516], v=[-4.16034916 -4.77928008  3.38721971]
  RK45_ECI: r=[-5862.14414996 -1607.46286003 -4836.91413264], v=[-2.67665073 -4.58148297  4.79692936]
Epoch 1706, t=2460388.5027901074:
  TLE_ECI: r=[-4930.32179161  -239.82837344 -5930.8317327 ], v=[-4.03162822 -4.77688937  3.54294427]
  RK45_ECI: r=[-5878.66734004 -1640.00845783 -4805.63585654], v=[-2.64205244 -4.57378003  4.82361499]
Epoch 1707, t=2460388.502865371:
  TLE_ECI: r=[-5049.15202771  -385.41081873 -5822.24214567], v=[-3.89975821 -4.77065424  3.69591819]
  RK45_ECI: r=[-5894.94991186 -1672.51127791 -4774.18449624], v=[-2.60736464 -4.56588031  4.85012911]
Epoch 1708, t=2460388.502940634:
  TLE_ECI: r=[-5163.9112504   -530.80404971 -5709.10626345], v=[-3.76484457 -4.7605758   3.8460218 ]
  RK45_ECI: r=[-5910.99107592 -1704.96949205 -4742.56161499], v=[-2.57258922 -4.55778409  4.87647038]
Epoch 1709, t=2460388.5030158972:
  TLE_ECI: r=[-5274.50987698  -675.8909058  -5591.51196358], v=[-3.62699512 -4.74665828  3.99313757]
  RK45_ECI: r=[-5926.79051506 -1737.38216073 -4710.76789427], v=[-2.53772709 -4.54949143  4.90263819]
Epoch 1710, t=2460388.5030911607:
  TLE_ECI: r=[-5380.86165468  -820.5543122  -5469.55061614], v=[-3.48632006 -4.72890893  4.13715021]
  RK45_ECI: r=[-5942.34769479 -1769.74787494 -4678.8044635 ], v=[-2.50277968 -4.54100252  4.92863159]
Epoch 1711, t=2460388.503166424:
  TLE_ECI: r=[-5482.88372467  -964.67743291 -5343.31701537], v=[-3.34293181 -4.70733812  4.27794673]
  RK45_ECI: r=[-5957.66193495 -1802.064967   -4646.67276072], v=[-2.4677487  -4.53231764  4.95444937]
Epoch 1712, t=2460388.5032416875:
  TLE_ECI: r=[-5580.49668949 -1108.14375049 -5212.9093085 ], v=[-3.19694501 -4.68195928  4.41541658]
  RK45_ECI: r=[-5972.73287074 -1834.33232473 -4614.37362856], v=[-2.43263526 -4.52343689  4.98009083]
Epoch 1713, t=2460388.5033169505:
  TLE_ECI: r=[-5673.62468057 -1250.83714336 -5078.42892183], v=[-3.04847637 -4.65278892  4.54945173]
  RK45_ECI: r=[-5987.5597783  -1866.54812844 -4581.90867333], v=[-2.39744125 -4.51436063  5.00555467]
Epoch 1714, t=2460388.503392214:
  TLE_ECI: r=[-5762.19540498 -1392.64204621 -4939.98048418], v=[-2.89764456 -4.61984667  4.67994671]
  RK45_ECI: r=[-6002.14237274 -1898.71144055 -4549.27859561], v=[-2.36216762 -4.50508894  5.03084029]
Epoch 1715, t=2460388.5034674774:
  TLE_ECI: r=[-5846.14022465 -1533.44344465 -4797.6717476 ], v=[-2.74457021 -4.58315517  4.80679878]
  RK45_ECI: r=[-6016.48016942 -1930.82085694 -4516.48455566], v=[-2.32681578 -4.49562204  5.05594678]
Epoch 1716, t=2460388.503542741:
  TLE_ECI: r=[-5925.39419834 -1673.12703508 -4651.61350551], v=[-2.58937574 -4.54274017  4.92990793]
  RK45_ECI: r=[-6030.57254833 -1962.87471872 -4483.52802994], v=[-2.29138749 -4.48596027  5.08087297]
Epoch 1717, t=2460388.503618004:
  TLE_ECI: r=[-5999.89614303 -1811.57928367 -4501.91950825], v=[-2.43218532 -4.49863041  5.04917703]
  RK45_ECI: r=[-6044.41905164 -1994.87162602 -4450.41019532], v=[-2.25588419 -4.47610387  5.10561793]
Epoch 1718, t=2460388.5036932672:
  TLE_ECI: r=[-6069.58866276 -1948.68758967 -4348.70637623], v=[-2.27312468 -4.45085774  5.1645119 ]
  RK45_ECI: r=[-6058.0194173  -2026.81064238 -4417.131765  ], v=[-2.22030681 -4.46605294  5.13018111]
Epoch 1719, t=2460388.5037685307:
  TLE_ECI: r=[-6134.41822607 -2084.34027307 -4192.09351043], v=[-2.11232114 -4.39945695  5.27582135]
  RK45_ECI: r=[-6071.37299754 -2058.68996017 -4383.6943929 ], v=[-2.18465727 -4.45580791  5.15456125]
Epoch 1720, t=2460388.503843794:
  TLE_ECI: r=[-6194.33518975 -2218.42673623 -4032.2030007 ], v=[-1.94990341 -4.34446587  5.3830173 ]
  RK45_ECI: r=[-6084.47948981 -2090.50847303 -4350.09895756], v=[-2.1489367  -4.44536892  5.17875767]
Epoch 1721, t=2460388.5039190575:
  TLE_ECI: r=[-6249.29384432 -2350.83753783 -3869.15953157], v=[-1.78600153 -4.28592528  5.48601486]
  RK45_ECI: r=[-6097.33833489 -2122.26453221 -4316.34697258], v=[-2.11314686 -4.43473637  5.20276925]
Epoch 1722, t=2460388.5039943205:
  TLE_ECI: r=[-6299.2524589  -2481.4644651  -3703.09028591], v=[-1.62074677 -4.22387891  5.58473238]
  RK45_ECI: r=[-6109.94912543 -2153.95674536 -4282.43964417], v=[-2.0772892  -4.42391054  5.22659511]
Epoch 1723, t=2460388.504069584:
  TLE_ECI: r=[-6344.17328676 -2610.20069725 -3534.12484635], v=[-1.45427148 -4.15837341  5.67909153]
  RK45_ECI: r=[-6122.3116322  -2185.58417949 -4248.37770367], v=[-2.04136467 -4.41289156  5.25023469]
Epoch 1724, t=2460388.5041448474:
  TLE_ECI: r=[-6384.0226389  -2736.94078414 -3362.39509448], v=[-1.28670902 -4.08945831  5.76901736]
  RK45_ECI: r=[-6134.42527443 -2217.1450397  -4214.1628451 ], v=[-2.00537521 -4.40167991  5.27368679]
Epoch 1725, t=2460388.504220111:
  TLE_ECI: r=[-6418.77088394 -2861.58080765 -3188.03510818], v=[-1.11819368 -4.01718601  5.85443841]
  RK45_ECI: r=[-6146.28978889 -2248.63822478 -4179.7959685 ], v=[-1.96932194 -4.39027577  5.29695075]
Epoch 1726, t=2460388.5042953743:
  TLE_ECI: r=[-6448.39247947 -2984.01845025 -3011.1810568 ], v=[-0.94886051 -3.94161169  5.93528672]
  RK45_ECI: r=[-6157.90467765 -2280.06209808 -4145.27862331], v=[-1.93320665 -4.37867958  5.32002549]
Epoch 1727, t=2460388.5043706372:
  TLE_ECI: r=[-6472.8660023  -3104.15306178 -2831.97109453], v=[-0.77884524 -3.86279333  6.01149792]
  RK45_ECI: r=[-6169.26958429 -2311.41527615 -4110.61204409], v=[-1.89703081 -4.36689167  5.34291016]
Epoch 1728, t=2460388.5044459007:
  TLE_ECI: r=[-6492.17413001 -3221.88582    -2650.54525204], v=[-0.60828414 -3.78079164  6.08301128]
  RK45_ECI: r=[-6180.38431258 -2342.69683057 -4075.7969797 ], v=[-1.86079536 -4.35491221  5.36560422]
Epoch 1729, t=2460388.504521164:
  TLE_ECI: r=[-6506.30370908 -3337.11969982 -2467.04532622], v=[-0.43731396 -3.69567     6.14976979]
  RK45_ECI: r=[-6191.24834934 -2373.90498099 -4040.8351628 ], v=[-1.82450226 -4.3427417   5.38810651]
Epoch 1730, t=2460388.5045964275:
  TLE_ECI: r=[-6515.2457302  -3449.75963111 -2281.61476842], v=[-0.26607177 -3.60749444  6.21172016]
  RK45_ECI: r=[-6201.86147096 -2405.0386325  -4005.72751421], v=[-1.78815266 -4.33038039  5.41041641]
Epoch 1731, t=2460388.5046716905:
  TLE_ECI: r=[-6518.99535473 -3559.7125413  -2094.39857116], v=[-0.09469488 -3.51633358  6.26881293]
  RK45_ECI: r=[-6212.22319485 -2436.09601256 -3970.47578367], v=[-1.75174851 -4.31782881  5.43253276]
Epoch 1732, t=2460388.504746954:
  TLE_ECI: r=[-6517.55187759 -3666.88750983 -1905.54315342], v=[ 0.07667933 -3.42225858  6.32100248]
  RK45_ECI: r=[-6222.33335487 -2467.07619783 -3935.08073568], v=[-1.71529077 -4.30508716  5.45445506]
Epoch 1733, t=2460388.5048222174:
  TLE_ECI: r=[-6510.91878884 -3771.19573159 -1715.19624448], v=[ 0.24791348 -3.32534306  6.36824706]
  RK45_ECI: r=[-6232.19164913 -2497.97781549 -3899.54363336], v=[-1.67878093 -4.2921558   5.47618248]
Epoch 1734, t=2460388.504897481:
  TLE_ECI: r=[-6499.10373008 -3872.55066813 -1523.50676664], v=[ 0.41887029 -3.22566306  6.41050888]
  RK45_ECI: r=[-6241.79767873 -2528.79925182 -3863.86608075], v=[-1.64222078 -4.27903526  5.49771401]
Epoch 1735, t=2460388.5049727443:
  TLE_ECI: r=[-6482.1184978  -3970.8681026  -1330.62471682], v=[ 0.58941275 -3.12329701  6.4477541 ]
  RK45_ECI: r=[-6251.15125985 -2559.53941955 -3828.04901866], v=[-1.60561147 -4.26572578  5.51904905]
Epoch 1736, t=2460388.5050480072:
  TLE_ECI: r=[-6459.9790452  -4066.06619223 -1136.70104706], v=[ 0.7594042  -3.0183256   6.47995288]
  RK45_ECI: r=[-6260.25197824 -2590.1965632  -3792.09423328], v=[-1.56895498 -4.25222798  5.54018649]
Epoch 1737, t=2460388.5051232707:
  TLE_ECI: r=[-6432.70542088 -4158.06561449  -941.88754427], v=[ 0.92870848 -2.91083176  6.5070794 ]
  RK45_ECI: r=[-6269.09970108 -2620.76976615 -3756.00250545], v=[-1.53225226 -4.23854207  5.56112584]
Epoch 1738, t=2460388.505198534:
  TLE_ECI: r=[-6400.32182256 -4246.78952061  -746.33670896], v=[ 1.09718998 -2.80090059  6.5291119 ]
  RK45_ECI: r=[-6277.69417812 -2651.25766744 -3719.77512446], v=[-1.49550482 -4.22466846  5.58186632]
Epoch 1739, t=2460388.5052737975:
  TLE_ECI: r=[-6362.85652935 -4332.16367745  -550.20163345], v=[ 1.26471384 -2.68861928  6.54603268]
  RK45_ECI: r=[-6286.03507279 -2681.65867005 -3683.41372667], v=[-1.45871445 -4.21060772  5.60240695]
Epoch 1740, t=2460388.505349061:
  TLE_ECI: r=[-6320.3418892  -4414.11651204  -353.63587948], v=[ 1.431146   -2.57407702  6.55782815]
  RK45_ECI: r=[-6294.12224136 -2711.97169534 -3646.91927211], v=[-1.42188232 -4.19636014  5.62274716]
Epoch 1741, t=2460388.505424324:
  TLE_ECI: r=[-6272.81430443 -4492.57915448  -156.79335536], v=[ 1.59635334 -2.45736496  6.56448879]
  RK45_ECI: r=[-6301.95533809 -2742.19500732 -3610.29358186], v=[-1.38501041 -4.18192637  5.64288589]
Epoch 1742, t=2460388.5054995874:
  TLE_ECI: r=[-6220.31414789 -4567.48557092    40.17180718], v=[ 1.76020379 -2.3385761   6.56600922]
  RK45_ECI: r=[-6309.53426377 -2772.3276967  -3573.53745247], v=[-1.34809969 -4.16730666  5.66282267]
Epoch 1743, t=2460388.505574851:
  TLE_ECI: r=[-6162.88580714 -4638.77250903   237.1053765 ], v=[ 1.92256646 -2.21780525  6.56238816]
  RK45_ECI: r=[-6316.85881999 -2802.36841595 -3536.65219826], v=[-1.31115166 -4.15250147  5.68255675]
Epoch 1744, t=2460388.5056501143:
  TLE_ECI: r=[-6100.57759412 -4706.37962667   433.85314448], v=[ 2.08331173 -2.09514892  6.55362845]
  RK45_ECI: r=[-6323.92873288 -2832.31558644 -3499.63948653], v=[-1.27416813 -4.13751141  5.7020872 ]
Epoch 1745, t=2460388.5057253777:
  TLE_ECI: r=[-6033.44171684 -4770.24952523   630.26105004], v=[ 2.24231134 -1.97070522  6.53973705]
  RK45_ECI: r=[-6330.74389883 -2862.16813955 -3462.50029569], v=[-1.23715026 -4.1223368   5.72141346]
Epoch 1746, t=2460388.5058006407:
  TLE_ECI: r=[-5961.53424915 -4830.32778104   826.17530253], v=[ 2.39943856 -1.84457385  6.52072502]
  RK45_ECI: r=[-6337.304041   -2891.92436047 -3425.23648015], v=[-1.20010006 -4.10697835  5.74053454]
Epoch 1747, t=2460388.505875904:
  TLE_ECI: r=[-5884.91502611 -4886.56306269  1021.4425047 ], v=[ 2.55456826 -1.7168559   6.49660752]
  RK45_ECI: r=[-6343.60909401 -2921.58334812 -3387.84885147], v=[-1.1630185  -4.09143635  5.75944999]
Epoch 1748, t=2460388.5059511675:
  TLE_ECI: r=[-5803.64767736 -4938.90706961  1215.90977564], v=[ 2.70757698 -1.58765389  6.46740381]
  RK45_ECI: r=[-6349.65891134 -2951.14377018 -3350.33874792], v=[-1.12590707 -4.07571127  5.77815908]
Epoch 1749, t=2460388.506026431:
  TLE_ECI: r=[-5717.79951686 -4987.31464396  1409.4248729 ], v=[ 2.85834312 -1.45707158  6.43313719]
  RK45_ECI: r=[-6355.45328201 -2980.60406816 -3312.70786623], v=[-1.08876762 -4.05980379  5.79666093]
Epoch 1750, t=2460388.506101694:
  TLE_ECI: r=[-5627.44151426 -5031.74377523  1601.83631421], v=[ 3.00674696 -1.32521395  6.39383502]
  RK45_ECI: r=[-6360.99211961 -3009.96304218 -3274.95737984], v=[-1.05160146 -4.04371434  5.81495493]
Epoch 1751, t=2460388.5061769574:
  TLE_ECI: r=[-5532.64817532 -5072.15570306  1792.99349832], v=[ 3.15267082 -1.19218706  6.34952869]
  RK45_ECI: r=[-6366.27528608 -3039.21942698 -3237.08864253], v=[-1.01441009 -4.02744345  5.83304038]
Epoch 1752, t=2460388.506252221:
  TLE_ECI: r=[-5433.49756697 -5108.51485027  1982.74682524], v=[ 3.2959991  -1.05809799  6.30025354]
  RK45_ECI: r=[-6371.30270989 -3068.37202706 -3199.10283398], v=[-0.97719484 -4.01099158  5.85091669]
Epoch 1753, t=2460388.5063274843:
  TLE_ECI: r=[-5330.07119221 -5140.78892056  2170.94781536], v=[ 3.43661843 -0.92305474  6.24604891]
  RK45_ECI: r=[-6376.07423052 -3097.41930128 -3161.00167343], v=[-0.93995754 -3.99435942  5.868583  ]
Epoch 1754, t=2460388.5064027477:
  TLE_ECI: r=[-5222.4539356  -5168.94890941  2357.44922754], v=[ 3.57441774 -0.78716612  6.18695802]
  RK45_ECI: r=[-6380.58978956 -3126.36008024 -3122.78634993], v=[-0.90269953 -3.97754744  5.88603873]
Epoch 1755, t=2460388.5064780107:
  TLE_ECI: r=[-5110.73400663 -5192.96911409  2542.1051762 ], v=[ 3.70928833 -0.65054171  6.12302801]
  RK45_ECI: r=[-6384.84931723 -3155.19305642 -3084.45823489], v=[-0.86542231 -3.9605562   5.90328321]
Epoch 1756, t=2460388.506553274:
  TLE_ECI: r=[-4995.00280404 -5212.82721628  2724.7712468 ], v=[ 3.841124   -0.51329169  6.05430982]
  RK45_ECI: r=[-6388.85272639 -3183.91698223 -3046.01870405], v=[-0.82812737 -3.94338628  5.92031578]
Epoch 1757, t=2460388.5066285376:
  TLE_ECI: r=[-4875.3549302  -5228.50420996  2905.30461045], v=[ 3.96982111 -0.37552679  5.98085819]
  RK45_ECI: r=[-6392.59999212 -3212.53067717 -3007.46895617], v=[-0.79081604 -3.92603815  5.93713588]
Epoch 1758, t=2460388.506703801:
  TLE_ECI: r=[-4751.88805028 -5239.98447923  3083.56413669], v=[ 4.09527865 -0.23735822  5.9027316 ]
  RK45_ECI: r=[-6396.09101707 -3241.03262334 -2968.81073727], v=[-0.75349016 -3.90851256  5.9537427 ]
Epoch 1759, t=2460388.5067790644:
  TLE_ECI: r=[-4624.70282526 -5247.25579642  3259.41050478], v=[ 4.21739834 -0.09889752  5.81999222]
  RK45_ECI: r=[-6399.3257889  -3269.42166723 -2930.045255  ], v=[-0.71615108 -3.89081003  5.97013569]
Epoch 1760, t=2460388.5068543274:
  TLE_ECI: r=[-4493.902843   -5250.30931951  3432.70631345], v=[4.33608472 0.03974348 5.73270583]
  RK45_ECI: r=[-6402.30429008 -3297.69651997 -2891.17390174], v=[-0.67880029 -3.87293114  5.98631422]
Epoch 1761, t=2460388.506929591:
  TLE_ECI: r=[-4359.59446985 -5249.13965308  3603.3161887 ], v=[4.4512452  0.17845284 5.64094179]
  RK45_ECI: r=[-6405.02648464 -3325.85595266 -2852.19807401], v=[-0.64143929 -3.85487651  6.00227767]
Epoch 1762, t=2460388.5070048543:
  TLE_ECI: r=[-4221.88685356 -5243.74477331  3771.10689009], v=[4.56279012 0.31711848 5.54477297]
  RK45_ECI: r=[-6407.49239401 -3353.89880163 -2813.11898861], v=[-0.60406941 -3.83664667  6.0180255 ]
Epoch 1763, t=2460388.5070801177:
  TLE_ECI: r=[-4080.89177128 -5234.12608361  3935.94741476], v=[4.67063286 0.45562837 5.44427566]
  RK45_ECI: r=[-6409.70198413 -3381.82357385 -2773.93841681], v=[-0.5666925  -3.81824239  6.03355696]
Epoch 1764, t=2460388.507155381:
  TLE_ECI: r=[-3936.72355159 -5220.2884004   4097.70909966], v=[4.77468986 0.59387058 5.33952954]
  RK45_ECI: r=[-6411.65530506 -3409.62924867 -2734.65739917], v=[-0.52930972 -3.79966416  6.0488716 ]
Epoch 1765, t=2460388.507230644:
  TLE_ECI: r=[-3789.49899477 -5202.2399386   4256.2657217 ], v=[4.87488071 0.73173339 5.23061759]
  RK45_ECI: r=[-6413.35234306 -3437.31420938 -2695.27790165], v=[-0.49192309 -3.78091285  6.06396861]
Epoch 1766, t=2460388.5073059076:
  TLE_ECI: r=[-3639.33721494 -5179.99235015  4411.49359551], v=[4.9711282 0.8691054 5.117626 ]
  RK45_ECI: r=[-6414.79316151 -3464.87759567 -2655.80078652], v=[-0.45453359 -3.76198886  6.07884763]
Epoch 1767, t=2460388.507381171:
  TLE_ECI: r=[-3486.35963344 -5153.56064659  4563.27166937], v=[5.06335838 1.00587555 5.00064414]
  RK45_ECI: r=[-6415.97781237 -3492.31814534 -2616.22747215], v=[-0.41714273 -3.74289283  6.09350807]
Epoch 1768, t=2460388.5074564344:
  TLE_ECI: r=[-3330.68981745 -5122.96323311  4711.48161852], v=[5.1515006  1.1419333  4.87976443]
  RK45_ECI: r=[-6416.90632479 -3519.63439204 -2576.55975349], v=[-0.37975235 -3.72362561  6.10794924]
Epoch 1769, t=2460388.5075316974:
  TLE_ECI: r=[-3172.45340865 -5088.22187286  4856.00793627], v=[5.23548759 1.27716865 4.7550823 ]
  RK45_ECI: r=[-6417.57877872 -3546.82508576 -2536.79905896], v=[-0.34236397 -3.70418787  6.12217058]
Epoch 1770, t=2460388.507606961:
  TLE_ECI: r=[-3011.77796039 -5049.36170738  4996.7380225 ], v=[5.31525544 1.41147228 4.6266961 ]
  RK45_ECI: r=[-6417.99526123 -3573.88937466 -2496.94625884], v=[-0.30497857 -3.68458001  6.13617174]
Epoch 1771, t=2460388.5076822243:
  TLE_ECI: r=[-2848.79292319 -5006.41117907  5133.56227001], v=[5.39074373 1.54473561 4.49470698]
  RK45_ECI: r=[-6418.15583812 -3600.82567672 -2457.0033479 ], v=[-0.26759815 -3.66480298  6.14995196]
Epoch 1772, t=2460388.5077574877:
  TLE_ECI: r=[-2683.62947916 -4959.40204711  5266.37414805], v=[5.46189551 1.67685087 4.35921887]
  RK45_ECI: r=[-6418.06062403 -3627.63299663 -2416.971389  ], v=[-0.23022389 -3.6448573   6.16351086]
Epoch 1773, t=2460388.507832751:
  TLE_ECI: r=[-2516.42045033 -4908.36935227  5395.07028335], v=[5.52865736 1.80771124 4.22033834]
  RK45_ECI: r=[-6417.70971129 -3654.30989629 -2376.85219916], v=[-0.19285762 -3.62474386  6.17684777]
Epoch 1774, t=2460388.507908014:
  TLE_ECI: r=[-2347.30020508 -4853.35138195  5519.55053861], v=[5.59097939 1.93721085 4.07817452]
  RK45_ECI: r=[-6417.10323195 -3680.85514837 -2336.64722425], v=[-0.15550086 -3.60446335  6.18996218]
Epoch 1775, t=2460388.5079832776:
  TLE_ECI: r=[-2176.40449236 -4794.38966783  5639.71808804], v=[5.64881534 2.06524498 3.93283905]
  RK45_ECI: r=[-6416.24130694 -3707.26791478 -2296.35734559], v=[-0.11815458 -3.58401622  6.20285376]
Epoch 1776, t=2460388.508058541:
  TLE_ECI: r=[-2003.87041805 -4731.52890967  5755.47949062], v=[5.70212252 2.19171004 3.78444593]
  RK45_ECI: r=[-6415.12407128 -3733.54664571 -2255.98458119], v=[-0.0808208  -3.56340347  6.21552182]
Epoch 1777, t=2460388.5081338044:
  TLE_ECI: r=[-1829.83627705 -4664.81696901  5866.7447602 ], v=[5.75086191 2.31650368 3.63311147]
  RK45_ECI: r=[-6413.75167979 -3759.69036326 -2215.53000662], v=[-0.04350068 -3.54262564  6.22796599]
Epoch 1778, t=2460388.508209068:
  TLE_ECI: r=[-1654.441457   -4594.30482359  5973.42743297], v=[5.79499815 2.43952488 3.47895417]
  RK45_ECI: r=[-6412.12428791 -3785.69765909 -2174.99545938], v=[-6.19605734e-03 -3.52168366e+00  6.24018565e+00]
Epoch 1779, t=2460388.508284331:
  TLE_ECI: r=[-1477.82633964 -4520.0465226   6075.44463218], v=[5.83449956 2.56067403 3.32209464]
  RK45_ECI: r=[-6410.24207971 -3811.56732995 -2134.38240145], v=[ 0.03109156 -3.50057828  6.25218034]
Epoch 1780, t=2460388.5083595943:
  TLE_ECI: r=[-1300.13213554 -4442.09916194  6172.71712974], v=[5.86933813 2.67985302 3.16265552]
  RK45_ECI: r=[-6408.10520976 -3837.29855253 -2093.69172448], v=[ 0.06836121 -3.47930995  6.26394975]
Epoch 1781, t=2460388.5084348577:
  TLE_ECI: r=[-1121.5008519  -4360.52281121  6265.16940533], v=[5.89948957 2.79696525 3.00076134]
  RK45_ECI: r=[-6405.71388207 -3862.88981111 -2052.92546785], v=[ 0.10561086 -3.45787975  6.27549325]
Epoch 1782, t=2460388.508510121:
  TLE_ECI: r=[ -942.07512617 -4275.38048538  6352.72970224], v=[5.92493334 2.91191578 2.83653846]
  RK45_ECI: r=[-6403.06829179 -3888.34014583 -2012.08471893], v=[ 0.14283937 -3.43628822  6.28681049]
Epoch 1783, t=2460388.5085853846:
  TLE_ECI: r=[ -761.99812601 -4186.73809037  6435.33008049], v=[5.94565258 3.02461136 2.67011496]
  RK45_ECI: r=[-6400.16865697 -3913.64818027 -1971.17133403], v=[ 0.1800449  -3.41453636  6.29790092]
Epoch 1784, t=2460388.5086606476:
  TLE_ECI: r=[ -581.41344859 -4094.66436937  6512.90646691], v=[5.9616342  3.13496048 2.50162053]
  RK45_ECI: r=[-6397.01521349 -3938.81273656 -1930.18678998], v=[ 0.21722595 -3.39262495  6.30876409]
Epoch 1785, t=2460388.508735911:
  TLE_ECI: r=[ -400.46495885 -3999.23085645  6585.39870217], v=[5.9728688  3.24287354 2.3311864 ]
  RK45_ECI: r=[-6393.60814966 -3963.8330068  -1889.1319879 ], v=[ 0.25438155 -3.37055447  6.31939974]
Epoch 1786, t=2460388.5088111744:
  TLE_ECI: r=[ -219.29674886 -3900.5118085   6652.75058514], v=[5.97935075 3.34826278 2.1589452 ]
  RK45_ECI: r=[-6389.94773814 -3988.7075112  -1848.00898678], v=[ 0.2915097  -3.34832602  6.32980729]
Epoch 1787, t=2460388.508886438:
  TLE_ECI: r=[  -38.05297605 -3798.58415564  6714.90991385], v=[5.98107813 3.45104244 1.9850309 ]
  RK45_ECI: r=[-6386.03421394 -4013.43530952 -1806.81888478], v=[ 0.32860923 -3.32594022  6.33998642]
Epoch 1788, t=2460388.508961701:
  TLE_ECI: r=[  143.12222684 -3693.52743931  6771.82852372], v=[5.97805276 3.55112877 1.80957869]
  RK45_ECI: r=[-6381.8678808  -4038.01493875 -1765.56374912], v=[ 0.36567816 -3.30339818  6.34993658]
Epoch 1789, t=2460388.5090369643:
  TLE_ECI: r=[  324.08490809 -3585.42374918  6823.46232252], v=[5.97028015 3.64844018 1.63272486]
  RK45_ECI: r=[-6377.44895718 -4062.44560626 -1724.24448887], v=[ 0.40271551 -3.28070041  6.35965751]
Epoch 1790, t=2460388.5091122277:
  TLE_ECI: r=[  504.6913438  -3474.35765995  6869.77132265], v=[5.95776951 3.74289716 1.45460673]
  RK45_ECI: r=[-6372.77773366 -4086.72616242 -1682.86259512], v=[ 0.4397198  -3.25784774  6.36914883]
Epoch 1791, t=2460388.509187491:
  TLE_ECI: r=[  684.79819408 -3360.41616559  6910.71966997], v=[5.94053379 3.83442246 1.27536255]
  RK45_ECI: r=[-6367.85452837 -4110.85528441 -1641.41995083], v=[ 0.47668919 -3.23484121  6.37841006]
Epoch 1792, t=2460388.5092627546:
  TLE_ECI: r=[  864.26260345 -3243.68861161  6946.27566989], v=[5.91858956 3.9229411  1.09513137]
  RK45_ECI: r=[-6362.67961604 -4134.83205245 -1599.91766396], v=[ 0.51362254 -3.21168146  6.38744091]
Epoch 1793, t=2460388.5093380176:
  TLE_ECI: r=[ 1042.94230302 -3124.26662869  6976.41181023], v=[5.8919571  4.00838042 0.91405295]
  RK45_ECI: r=[-6357.25336871 -4158.65504174 -1558.35781865], v=[ 0.55051787 -3.18836967  6.39624089]
Epoch 1794, t=2460388.509413281:
  TLE_ECI: r=[ 1220.69575798 -3002.24405007  7001.10478102], v=[5.86066027 4.09067019 0.73226766]
  RK45_ECI: r=[-6351.57603792 -4182.32347726 -1516.74133187], v=[ 0.58737421 -3.16490635  6.40480978]
Epoch 1795, t=2460388.5094885444:
  TLE_ECI: r=[ 1397.3822213  -2877.71685533  7020.33549138], v=[5.82472659 4.16974256 0.5499164 ]
  RK45_ECI: r=[-6345.6479655  -4205.83623755 -1475.06970681], v=[ 0.62419007 -3.14129238  6.41314722]
Epoch 1796, t=2460388.509563808:
  TLE_ECI: r=[ 1572.86188057 -2750.78308559  7034.0890832 ], v=[5.78418715 4.2455322  0.36714045]
  RK45_ECI: r=[-6339.46953173 -4229.19203514 -1433.3448409 ], v=[ 0.66096365 -3.11752885  6.42125279]
Epoch 1797, t=2460388.5096390713:
  TLE_ECI: r=[ 1746.99595699 -2621.54276998  7042.35494173], v=[5.73907663 4.31797632 0.18408141]
  RK45_ECI: r=[-6333.04105061 -4252.38997216 -1391.56785091], v=[ 0.6976938  -3.09361641  6.42912624]
Epoch 1798, t=2460388.5097143343:
  TLE_ECI: r=[ 1919.64680529 -2490.09785388  7045.12670319], v=[5.68943324e+00 4.38701469e+00 8.81062002e-04]
  RK45_ECI: r=[-6326.362962   -4275.42866368 -1349.74083597], v=[ 0.73437855 -3.06955629  6.43676713]
Epoch 1799, t=2460388.5097895977:
  TLE_ECI: r=[ 2090.67804997 -2356.55209815  7042.4022592 ], v=[ 5.63529865  4.45258979 -0.18231869]
  RK45_ECI: r=[-6319.43555049 -4298.30735289 -1307.86472015], v=[ 0.77101694 -3.04534904  6.44417526]
Epoch 1800, t=2460388.509864861:
  TLE_ECI: r=[ 2259.95464578 -2221.01103078  7034.18375827], v=[ 5.57671806  4.5146467  -0.36537596]
  RK45_ECI: r=[-6312.25920875 -4321.02494786 -1265.9410174 ], v=[ 0.8076075  -3.02099556  6.45135032]
Epoch 1801, t=2460388.5099401246:
  TLE_ECI: r=[ 2427.34301257 -2083.5818444   7020.47760404], v=[ 5.51374008  4.57313324 -0.54814897]
  RK45_ECI: r=[-6304.83437853 -4343.58019837 -1223.97163787], v=[ 0.84414842 -2.99649699  6.45829195]
Epoch 1802, t=2460388.5100153876:
  TLE_ECI: r=[ 2592.71112519 -1944.37332587  7001.29445062], v=[ 5.44641673  4.62800001 -0.73049614]
  RK45_ECI: r=[-6297.16145271 -4365.97211995 -1181.9579034 ], v=[ 0.88063841 -2.97185413  6.46499988]
Epoch 1803, t=2460388.510090651:
  TLE_ECI: r=[ 2755.92863887 -1803.49574232  6976.64919467], v=[ 5.37480337  4.67920044 -0.91227622]
  RK45_ECI: r=[-6289.24081938 -4388.1996967  -1139.9013344 ], v=[ 0.91707601 -2.9470679   6.47147384]
Epoch 1804, t=2460388.5101659144:
  TLE_ECI: r=[ 2916.86695458 -1661.06079951  6946.56096459], v=[ 5.2989587   4.72669073 -1.09334836]
  RK45_ECI: r=[-6281.07291489 -4410.26186354 -1097.80345303], v=[ 0.95345977 -2.92213921  6.47771356]
Epoch 1805, t=2460388.510241178:
  TLE_ECI: r=[ 3075.39934263 -1517.1815264   6911.05310655], v=[ 5.21894467  4.77043003 -1.27357223]
  RK45_ECI: r=[-6272.65814261 -4432.15766854 -1055.66558532], v=[ 0.98978839 -2.89706891  6.48371879]
Epoch 1806, t=2460388.5103164413:
  TLE_ECI: r=[ 3231.40103476 -1371.97219446  6870.1531674 ], v=[ 5.1348265   4.81038035 -1.45280812]
  RK45_ECI: r=[-6263.99700538 -4453.88590006 -1013.48965243], v=[ 1.02606008 -2.87185815  6.48948924]
Epoch 1807, t=2460388.5103917043:
  TLE_ECI: r=[ 3384.74931714 -1225.54823879  6823.89287464], v=[ 5.04667255  4.84650666 -1.63091704]
  RK45_ECI: r=[-6255.08994074 -4475.44560121  -971.27698387], v=[ 1.06227356 -2.84650778  6.49502467]
Epoch 1808, t=2460388.5104669677:
  TLE_ECI: r=[ 3535.3236405  -1078.02612908  6772.30811323], v=[ 4.95455432  4.87877693 -1.80776083]
  RK45_ECI: r=[-6245.93738581 -4496.8357875   -929.0291085 ], v=[ 1.09842738 -2.82101873  6.50032486]
Epoch 1809, t=2460388.510542231:
  TLE_ECI: r=[3683.00569077 -929.52333692 6715.43889943], v=[ 4.85854639  4.90716212 -1.98320223]
  RK45_ECI: r=[-6236.53979231 -4518.05551106  -886.74735809], v=[ 1.13452027 -2.79539187  6.50538959]
Epoch 1810, t=2460388.5106174946:
  TLE_ECI: r=[3827.67949672 -780.15820602 6653.32935153], v=[ 4.75872637  4.93163621 -2.15710504]
  RK45_ECI: r=[-6226.89771161 -4539.10359206  -844.43366132], v=[ 1.17055044 -2.76962839  6.5102186 ]
Epoch 1811, t=2460388.510692758:
  TLE_ECI: r=[3969.23151629 -630.049869   6586.02765759], v=[ 4.65517483  4.95217625 -2.32933416]
  RK45_ECI: r=[-6217.01160322 -4559.97911477  -802.08935302], v=[ 1.20651662 -2.74372916  6.51481169]
Epoch 1812, t=2460388.510768021:
  TLE_ECI: r=[4107.55072359 -479.31816605 6513.58604012], v=[ 4.54797528  4.96876236 -2.49975572]
  RK45_ECI: r=[-6206.88198325 -4580.68106606  -759.71596769], v=[ 1.24241737 -2.71769515  6.51916868]
Epoch 1813, t=2460388.5108432844:
  TLE_ECI: r=[4242.52870163 -328.08350378 6436.06071779], v=[ 4.437214    4.98137779 -2.6682372 ]
  RK45_ECI: r=[-6196.50933771 -4601.20849359  -717.31504123], v=[ 1.27825127 -2.69152735  6.52328935]
Epoch 1814, t=2460388.510918548:
  TLE_ECI: r=[4374.05971735 -176.46683087 6353.51186406], v=[ 4.32298012  4.99000888 -2.83464747]
  RK45_ECI: r=[-6185.89416221 -4621.56047876  -674.88791149], v=[ 1.31401704 -2.66522664  6.52717355]
Epoch 1815, t=2460388.5109938113:
  TLE_ECI: r=[4502.04081132  -24.58949645 6266.00356293], v=[ 4.20536548  4.99464513 -2.99885696]
  RK45_ECI: r=[-6175.03706808 -4641.73588297  -632.43651501], v=[ 1.34971292 -2.63879425  6.53082106]
Epoch 1816, t=2460388.5110690747:
  TLE_ECI: r=[4626.37187668  127.42683422 6173.60376161], v=[ 4.08446457  4.99527918 -3.16073772]
  RK45_ECI: r=[-6163.93851599 -4661.73389975  -589.96199266], v=[ 1.38533782 -2.61223096  6.53423174]
Epoch 1817, t=2460388.5111443377:
  TLE_ECI: r=[4746.95573864  279.46026204 6076.38422031], v=[ 3.96037446  4.99190684 -3.3201635 ]
  RK45_ECI: r=[-6152.59919814 -4681.55331043  -547.4664831 ], v=[ 1.42088981 -2.58553815  6.53740538]
Epoch 1818, t=2460388.511219601:
  TLE_ECI: r=[4863.69822817  431.38880581 5974.42045903], v=[ 3.83319471  4.98452712 -3.47700989]
  RK45_ECI: r=[-6141.01952168 -4701.1934357   -504.95092962], v=[ 1.45636799 -2.55871647  6.54034189]
Epoch 1819, t=2460388.5112948646:
  TLE_ECI: r=[4976.50825983  583.09041694 5867.79170149], v=[ 3.70302736  4.97314219 -3.6311544 ]
  RK45_ECI: r=[-6129.20006803 -4720.65330734  -462.41687434], v=[ 1.49177092 -2.53176694  6.54304112]
Epoch 1820, t=2460388.511370128:
  TLE_ECI: r=[5085.29790192  734.44313107 5756.58081613], v=[ 3.56997678  4.95775743 -3.78247655]
  RK45_ECI: r=[-6117.14150785 -4739.93182931  -419.86625984], v=[ 1.52709688 -2.50469085  6.5455029 ]
Epoch 1821, t=2460388.511445391:
  TLE_ECI: r=[5189.98244905  885.32513669 5640.87425424], v=[ 3.43414966  4.93838138 -3.93085798]
  RK45_ECI: r=[-6104.84444864 -4759.02805247  -377.30063048], v=[ 1.56234444 -2.47748924  6.54772712]
Epoch 1822, t=2460388.5115206544:
  TLE_ECI: r=[5290.48047946 1035.61493318 5520.76198527], v=[ 3.29565484  4.91502584 -4.0761825 ]
  RK45_ECI: r=[-6092.30931932 -4777.94131294  -334.72093178], v=[ 1.59751269 -2.45016277  6.54971369]
Epoch 1823, t=2460388.511595918:
  TLE_ECI: r=[5386.71393412 1185.19133797 5396.33742934], v=[ 3.15460333  4.88770575 -4.21833627]
  RK45_ECI: r=[-6079.5368863  -4796.67044645  -292.12930884], v=[ 1.63259975 -2.42271288  6.55146247]
Epoch 1824, t=2460388.5116711813:
  TLE_ECI: r=[5478.60816984 1333.93364378 5267.69738689], v=[ 3.01110816  4.85643929 -4.35720778]
  RK45_ECI: r=[-6066.52767005 -4815.21468925  -249.5269082 ], v=[ 1.66760454 -2.39514038  6.55297339]
Epoch 1825, t=2460388.5117464447:
  TLE_ECI: r=[5566.09202115 1481.72170128 5134.94196573], v=[ 2.86528433  4.82124778 -4.49268805]
  RK45_ECI: r=[-6053.2823998  -4833.57298916  -206.91567672], v=[ 1.70252533 -2.36744657  6.55424632]
Epoch 1826, t=2460388.5118217077:
  TLE_ECI: r=[5649.09786197 1628.43599974 4998.17450525], v=[ 2.7172487   4.78215575 -4.62467064]
  RK45_ECI: r=[-6039.8017309  -4851.74443317  -164.29716198], v=[ 1.73736074 -2.33963254  6.5552812 ]
Epoch 1827, t=2460388.511896971:
  TLE_ECI: r=[5727.56164133 1773.95782958 4857.50149805], v=[ 2.56711988  4.73919091 -4.75305177]
  RK45_ECI: r=[-6026.08612339 -4869.72838025  -121.67231191], v=[ 1.77210987 -2.31169898  6.55607798]
Epoch 1828, t=2460388.5119722346:
  TLE_ECI: r=[5801.42296219 1918.16928061 4713.03250895], v=[ 2.41501818  4.69238409 -4.87773041]
  RK45_ECI: r=[-6012.13640737 -4887.52371514   -79.04327504], v=[ 1.80677084 -2.28364734  6.55663656]
Epoch 1829, t=2460388.512047498:
  TLE_ECI: r=[5870.62511232 2060.95340352 4564.88009134], v=[ 2.26106551  4.64176927 -4.99860837]
  RK45_ECI: r=[-5997.95313994 -4905.12970215   -36.41120007], v=[ 1.8413426  -2.25547847  6.5569569 ]
Epoch 1830, t=2460388.5121227615:
  TLE_ECI: r=[5935.11511442 2202.19428915 4413.15970117], v=[ 2.10538527  4.58738356 -5.11559034]
  RK45_ECI: r=[-5983.53710808 -4922.54533421     6.22196368], v=[ 1.87582345 -2.22719371  6.55703896]
Epoch 1831, t=2460388.5121980244:
  TLE_ECI: r=[5994.84377589 2341.77714594 4257.98960834], v=[ 1.94810227  4.52926714 -5.22858402]
  RK45_ECI: r=[-5968.88901445 -4939.76973535    48.85466679], v=[ 1.91021203 -2.19879418  6.5568827 ]
Epoch 1832, t=2460388.512273288:
  TLE_ECI: r=[6049.7657016  2479.58846431 4099.49080577], v=[ 1.78934256  4.46746329 -5.33750019]
  RK45_ECI: r=[-5954.00934957 -4956.80228837    91.48595989], v=[ 1.94450743 -2.17028058  6.55648809]
Epoch 1833, t=2460388.5123485513:
  TLE_ECI: r=[6099.83937076 2615.51600525 3937.78691605], v=[ 1.62923346  4.40201832 -5.44225277]
  RK45_ECI: r=[-5938.89900644 -4973.64192828   134.11369291], v=[ 1.97870782 -2.1416544   6.55585511]
Epoch 1834, t=2460388.5124238147:
  TLE_ECI: r=[6145.02714425 2749.44896316 3773.0040959 ], v=[ 1.46790335  4.33298155 -5.5427589 ]
  RK45_ECI: r=[-5923.55857799 -4990.28794851   176.73671614], v=[ 2.01281216 -2.11291653  6.55498374]
Epoch 1835, t=2460388.512499078:
  TLE_ECI: r=[6185.29530207 2881.27803936 3605.27093831], v=[ 1.3054816   4.26040528 -5.63893902]
  RK45_ECI: r=[-5907.98890833 -5006.73938812   219.35307953], v=[ 2.04681878 -2.08406833  6.553874  ]
Epoch 1836, t=2460388.512574341:
  TLE_ECI: r=[6220.61407925 3010.89551538 3434.71837265], v=[ 1.1420985   4.18434476 -5.73071693]
  RK45_ECI: r=[-5892.19074654 -5022.99540937   261.96123332], v=[ 2.08072632 -2.05511094  6.55252589]
Epoch 1837, t=2460388.5126496046:
  TLE_ECI: r=[6250.95765531 3138.19541502 3261.4795627 ], v=[ 0.97788506  4.10485814 -5.81801987]
  RK45_ECI: r=[-5876.16461314 -5039.05541961   304.56022754], v=[ 2.11453391 -2.02604509  6.55093941]
Epoch 1838, t=2460388.512724868:
  TLE_ECI: r=[6276.30422701 3263.07348389 3085.68980254], v=[ 0.81297301  4.02200643 -5.90077859]
  RK45_ECI: r=[-5859.91146273 -5054.91840581   347.14791264], v=[ 2.14823974 -1.99687232  6.54911461]
Epoch 1839, t=2460388.5128001315:
  TLE_ECI: r=[6296.63599224 3385.42734847 2907.48641077], v=[ 0.64749464  3.93585347 -5.97892738]
  RK45_ECI: r=[-5843.43192418 -5070.5836905    389.72313888], v=[ 2.18184277 -1.96759352  6.54705149]
Epoch 1840, t=2460388.5128753944:
  TLE_ECI: r=[6311.93918256 3505.15656633 2727.00862267], v=[ 0.4815827   3.84646585 -6.05240415]
  RK45_ECI: r=[-5826.72697963 -5086.05028464   432.28375767], v=[ 2.21534122 -1.93821024  6.54475014]
Epoch 1841, t=2460388.512950658:
  TLE_ECI: r=[6322.20403403 3622.16278337 2544.39748093], v=[ 0.31537025  3.75391289 -6.12115051]
  RK45_ECI: r=[-5809.79717638 -5101.31761829   474.82881941], v=[ 2.24873422 -1.90872321  6.54221058]
Epoch 1842, t=2460388.5130259213:
  TLE_ECI: r=[6327.42485532 3736.3497062  2359.79572431], v=[ 0.14899062  3.6582666  -6.18511178]
  RK45_ECI: r=[-5792.643312   -5116.38489531   517.35677534], v=[ 2.28202044 -1.87913362  6.53943286]
Epoch 1843, t=2460388.5131011847:
  TLE_ECI: r=[6327.59999204 3847.62325694 2173.34767518], v=[-0.01742274  3.55960156 -6.24423707]
  RK45_ECI: r=[-5775.26631945 -5131.25123172   559.86567809], v=[ 2.31519826 -1.8494429   6.53641708]
Epoch 1844, t=2460388.513176448:
  TLE_ECI: r=[6322.73183759 3955.89163425 1985.19912533], v=[-0.18373638  3.45799493 -6.2984793 ]
  RK45_ECI: r=[-5757.66686209 -5145.91598093   602.35437904], v=[ 2.34826666 -1.81965194  6.53316329]
Epoch 1845, t=2460388.513251711:
  TLE_ECI: r=[6312.82684265 4061.0653724  1795.49722052], v=[-0.34981694  3.35352636 -6.34779528]
  RK45_ECI: r=[-5739.84598255 -5160.37820716   644.82073297], v=[ 2.38122389 -1.78976235  6.52967163]
Epoch 1846, t=2460388.5133269746:
  TLE_ECI: r=[6297.89546197 4163.05749103 1604.39034385], v=[-0.51553129  3.24627793 -6.39214571]
  RK45_ECI: r=[-5721.804257   -5174.63736641   687.26379142], v=[ 2.41406909 -1.75977487  6.52594213]
Epoch 1847, t=2460388.513402238:
  TLE_ECI: r=[6277.95221561 4261.78345787 1412.02799777], v=[-0.68074662  3.13633407 -6.43149527]
  RK45_ECI: r=[-5703.54252773 -5188.69270285   729.68200822], v=[ 2.44680096 -1.72969071  6.52197491]
Epoch 1848, t=2460388.5134775015:
  TLE_ECI: r=[6253.01562956 4357.1613346  1218.56068526], v=[-0.84533055  3.02378152 -6.46581258]
  RK45_ECI: r=[-5685.06178207 -5202.54338192   772.07344003], v=[ 2.47941791 -1.69951133  6.51777012]
Epoch 1849, t=2460388.513552765:
  TLE_ECI: r=[6223.10823121 4449.11182795 1024.13979   ], v=[-1.00915127  2.90870923 -6.49507029]
  RK45_ECI: r=[-5666.36271741 -5216.18878838   814.4369404 ], v=[ 2.51191895 -1.66923766  6.51332784]
Epoch 1850, t=2460388.513628028:
  TLE_ECI: r=[6188.25654318 4537.55833904  828.91745566], v=[-1.1720776   2.79120831 -6.51924508]
  RK45_ECI: r=[-5647.44643554 -5229.6280411    856.77036949], v=[ 2.54430234 -1.63887132  6.50864826]
Epoch 1851, t=2460388.5137032913:
  TLE_ECI: r=[6148.49100736 4622.42710149  633.04646465], v=[-1.33397918  2.67137194 -6.5383177 ]
  RK45_ECI: r=[-5628.31354088 -5242.86062273   899.07278089], v=[ 2.57656725 -1.60841308  6.50373146]
Epoch 1852, t=2460388.5137785547:
  TLE_ECI: r=[6103.84603781 4703.64713493  436.68011599], v=[-1.4947265   2.54929529 -6.55227296]
  RK45_ECI: r=[-5608.96491954 -5255.88581871   941.34263246], v=[ 2.60871241 -1.57786418  6.4985776 ]
Epoch 1853, t=2460388.513853818:
  TLE_ECI: r=[6054.35993876 4781.1503785   239.97210296], v=[-1.65419108  2.42507546 -6.56109974]
  RK45_ECI: r=[-5589.40161217 -5268.70284486   983.5779867 ], v=[ 2.64073625 -1.54722609  6.49318686]
Epoch 1854, t=2460388.5139290816:
  TLE_ECI: r=[6000.07488455 4854.87173088   43.07639026], v=[-1.81224551  2.29881138 -6.56479107]
  RK45_ECI: r=[-5569.62434948 -5281.31111806  1025.7777004 ], v=[ 2.6726378  -1.51649978  6.48755938]
Epoch 1855, t=2460388.5140043446:
  TLE_ECI: r=[5941.03689785 4924.74908851 -153.85290911], v=[-1.96876361  2.17060374 -6.56334403]
  RK45_ECI: r=[-5549.63429102 -5293.70981315  1067.93964112], v=[ 2.70441536 -1.48568688  6.48169541]
Epoch 1856, t=2460388.514079608:
  TLE_ECI: r=[5877.29575274 4990.72346835 -350.66165691], v=[-2.12362055  2.04055487 -6.55675985]
  RK45_ECI: r=[-5529.43206904 -5305.89843987  1110.06286537], v=[ 2.73606813 -1.4547882   6.47559506]
Epoch 1857, t=2460388.5141548715:
  TLE_ECI: r=[5808.90501799 5052.73895345 -547.19581311], v=[-2.27669288  1.90876871 -6.54504385]
  RK45_ECI: r=[-5509.01861247 -5317.87632582  1152.14583653], v=[ 2.76759486 -1.42380498  6.46925851]
Epoch 1858, t=2460388.514230135:
  TLE_ECI: r=[5735.92195395 5110.74281094 -743.30155886], v=[-2.42785871  1.77535068 -6.52820545]
  RK45_ECI: r=[-5488.395014   -5329.6427384   1194.18662468], v=[ 2.798994   -1.39273874  6.46268602]
Epoch 1859, t=2460388.514305398:
  TLE_ECI: r=[5658.407493   5164.68550301 -938.8254195 ], v=[-2.57699777  1.64040759 -6.50625816]
  RK45_ECI: r=[-5467.5621389  -5341.19706974  1236.18389403], v=[ 2.83026447 -1.3615906   6.45587779]
Epoch 1860, t=2460388.5143806613:
  TLE_ECI: r=[ 5576.42612696  5214.52079588 -1133.61438703], v=[-2.72399154  1.50404758 -6.47921959]
  RK45_ECI: r=[-5446.5208973  -5352.53872433  1278.13611241], v=[ 2.86140504 -1.33036179  6.44883402]
Epoch 1861, t=2460388.5144559247:
  TLE_ECI: r=[ 5490.04594241  5260.20569916 -1327.5160424 ], v=[-2.86872334  1.36637998 -6.44711138]
  RK45_ECI: r=[-5425.27216626 -5363.66710662  1320.04194583], v=[ 2.89241463 -1.29905342  6.44155492]
Epoch 1862, t=2460388.514531188:
  TLE_ECI: r=[ 5399.33850249  5301.70056969 -1520.378677  ], v=[-3.0110784   1.22751528 -6.40995924]
  RK45_ECI: r=[-5403.81707931 -5374.58152592  1361.89947182], v=[ 2.92329173 -1.26766705  6.4340408 ]
Epoch 1863, t=2460388.5146064516:
  TLE_ECI: r=[ 5304.37880091  5338.96912864 -1712.05141359], v=[-3.150944    1.08756496 -6.36779288]
  RK45_ECI: r=[-5382.15651528 -5385.28142097  1403.70735967], v=[ 2.95403528 -1.23620379  6.42629186]
Epoch 1864, t=2460388.5146817146:
  TLE_ECI: r=[ 5205.24521366  5371.9784775  -1902.38432647], v=[-3.28820951  0.94664148 -6.32064602]
  RK45_ECI: r=[-5360.29146418 -5395.76618304  1445.46408356], v=[ 2.98464406 -1.20466492  6.41830836]
Epoch 1865, t=2460388.514756978:
  TLE_ECI: r=[ 5102.01936996  5400.69918714 -2091.2285605 ], v=[-3.42276656  0.80485809 -6.26855632]
  RK45_ECI: r=[-5338.22287696 -5406.03525905  1487.16811923], v=[ 3.01511687 -1.17305169  6.41009057]
Epoch 1866, t=2460388.5148322415:
  TLE_ECI: r=[ 4994.78617647  5425.10523131 -2278.43644964], v=[-3.55450904  0.66232881 -6.21156537]
  RK45_ECI: r=[-5315.95166671 -5416.08809261  1528.81813966], v=[ 3.04545267 -1.14136524  6.40163872]
Epoch 1867, t=2460388.514907505:
  TLE_ECI: r=[ 4883.63368336  5445.17407007 -2463.8616338 ], v=[-3.68333324  0.5191683  -6.14971865]
  RK45_ECI: r=[-5293.47901702 -5425.92404605  1570.41223326], v=[ 3.07564998 -1.10960715  6.39295317]
Epoch 1868, t=2460388.5149827683:
  TLE_ECI: r=[ 4768.653025    5460.88665411 -2647.35917485], v=[-3.80913792  0.37549176 -6.08306546]
  RK45_ECI: r=[-5270.80584234 -5435.54259709  1611.9490769 ], v=[ 3.10570775 -1.07777854  6.38403418]
Epoch 1869, t=2460388.5150580313:
  TLE_ECI: r=[ 4649.93835908  5472.22742742 -2828.78567116], v=[-3.93182439  0.23141486 -6.01165892]
  RK45_ECI: r=[-5247.93317295 -5444.94318117  1653.4271538 ], v=[ 3.13562481 -1.04588071  6.37488205]
Epoch 1870, t=2460388.5151332947:
  TLE_ECI: r=[ 4527.58672322  5479.18439554 -3007.99937064], v=[-4.05129659  0.08705359 -5.93555588]
  RK45_ECI: r=[-5224.86199923 -5454.12528877  1694.84494905], v=[ 3.16539999 -1.01391495  6.36549708]
Epoch 1871, t=2460388.515208558:
  TLE_ECI: r=[ 4401.69804959  5481.74905299 -3184.8602826 ], v=[-4.16746116 -0.0574758  -5.8548169 ]
  RK45_ECI: r=[-5201.59326988 -5463.08840281  1736.20114387], v=[ 3.19503227 -0.98188241  6.35587954]
Epoch 1872, t=2460388.5152838216:
  TLE_ECI: r=[ 4272.37501652  5479.91644671 -3359.23028757], v=[-4.28022752 -0.20205689 -5.76950618]
  RK45_ECI: r=[-5178.12821682 -5471.83193992  1777.49383931], v=[ 3.2245202  -0.94978467  6.34602986]
Epoch 1873, t=2460388.515359085:
  TLE_ECI: r=[ 4139.72297887  5473.68516627 -3530.97324572], v=[-4.38950794 -0.34657319 -5.67969147]
  RK45_ECI: r=[-5154.46768985 -5480.35544546  1818.72191446], v=[ 3.25386291 -0.91762275  6.33594828]
Epoch 1874, t=2460388.515434348:
  TLE_ECI: r=[ 4003.84989593  5463.05733366 -3699.95510336], v=[-4.4952176  -0.49090827 -5.58544409]
  RK45_ECI: r=[-5130.61305648 -5488.65831561  1859.88328294], v=[ 3.28305885 -0.8853984   6.32563528]
Epoch 1875, t=2460388.5155096115:
  TLE_ECI: r=[ 3864.86617697  5448.03864967 -3866.04399748], v=[-4.59727465 -0.63494585 -5.48683877]
  RK45_ECI: r=[-5106.5650476  -5496.74016906  1900.97702068], v=[ 3.31210729 -0.85311248  6.31509108]
Epoch 1876, t=2460388.515584875:
  TLE_ECI: r=[ 3722.88468591  5428.63831739 -4029.11035865], v=[-4.69560029 -0.77856985 -5.38395365]
  RK45_ECI: r=[-5082.32474535 -5504.6005011   1942.00162501], v=[ 3.34100709 -0.82076631  6.30431603]
Epoch 1877, t=2460388.5156601383:
  TLE_ECI: r=[ 3578.02058333  5404.86908345 -4189.02701152], v=[-4.7901188  -0.92166452 -5.2768702 ]
  RK45_ECI: r=[-5057.89342902 -5512.23878315  1982.95521146], v=[ 3.36975686 -0.7883615   6.29331061]
Epoch 1878, t=2460388.5157354013:
  TLE_ECI: r=[ 3430.39126287  5376.74720553 -4345.66927342], v=[-4.88075763 -1.06411453 -5.16567313]
  RK45_ECI: r=[-5033.27220123 -5519.65453494  2023.83628413], v=[ 3.39835548 -0.75589937  6.28207519]
Epoch 1879, t=2460388.5158106647:
  TLE_ECI: r=[ 3280.11619128  5344.29248016 -4498.9150506 ], v=[-4.96744742 -1.20580511 -5.0504503 ]
  RK45_ECI: r=[-5008.46180978 -5526.84739594  2064.64392368], v=[ 3.42680223 -0.7233808   6.27061001]
Epoch 1880, t=2460388.515885928:
  TLE_ECI: r=[ 3127.31690457  5307.52816508 -4648.64493248], v=[-5.05012204 -1.34662205 -4.93129272]
  RK45_ECI: r=[-4983.46368055 -5533.81683203  2105.37606312], v=[ 3.45509561 -0.69080756  6.25891561]
Epoch 1881, t=2460388.5159611916:
  TLE_ECI: r=[ 2972.11684524  5266.48100201 -4794.74228337], v=[-5.1287187  -1.48645184 -4.80829437]
  RK45_ECI: r=[-4958.27870972 -5540.56244523  2146.03159553], v=[ 3.48323479 -0.65818069  6.24699231]
Epoch 1882, t=2460388.516036455:
  TLE_ECI: r=[ 2814.64127663  5221.18118487 -4937.09333182], v=[-5.20317792 -1.62518179 -4.68155219]
  RK45_ECI: r=[-4932.90822239 -5547.08376259  2186.60865267], v=[ 3.51121842 -0.62550182  6.23484062]
Epoch 1883, t=2460388.516111718:
  TLE_ECI: r=[ 2655.0171959   5171.66232758 -5075.58725765], v=[-5.27344359 -1.76270004 -4.55116599]
  RK45_ECI: r=[-4907.35335814 -5553.38035002  2227.10575178], v=[ 3.53904539 -0.59277229  6.22246097]
Epoch 1884, t=2460388.5161869815:
  TLE_ECI: r=[ 2493.37316951  5117.96146894 -5210.11627626], v=[-5.33946303 -1.89889579 -4.41723834]
  RK45_ECI: r=[-4881.61488821 -5559.45187742  2267.52198138], v=[ 3.56671504 -0.55999298  6.20985361]
Epoch 1885, t=2460388.516262245:
  TLE_ECI: r=[ 2329.83932059  5060.11899448 -5340.57572075], v=[-5.40118701 -2.03365921 -4.27987449]
  RK45_ECI: r=[-4855.69428814 -5565.29787176  2307.85529354], v=[ 3.59422589 -0.52716569  6.19701916]
Epoch 1886, t=2460388.5163375083:
  TLE_ECI: r=[ 2164.54716178  4998.17863707 -5466.8641211 ], v=[-5.45856976 -2.16688165 -4.1391823 ]
  RK45_ECI: r=[-4829.59248154 -5570.91797148  2348.10459148], v=[ 3.62157715 -0.49429147  6.18395795]
Epoch 1887, t=2460388.516412772:
  TLE_ECI: r=[ 1997.62950466  4932.18743351 -5588.88328085], v=[-5.51156903 -2.29845568 -3.99527214]
  RK45_ECI: r=[-4803.31083796 -5576.3117599   2388.26802493], v=[ 3.64876749 -0.46137196  6.17067056]
Epoch 1888, t=2460388.5164880347:
  TLE_ECI: r=[ 1829.22036693  4862.19568173 -5706.53835118], v=[-5.56014609 -2.42827517 -3.84825679]
  RK45_ECI: r=[-4776.85053272 -5581.47884967  2428.3441257 ], v=[ 3.67579586 -0.42840853  6.15715745]
Epoch 1889, t=2460388.516563298:
  TLE_ECI: r=[ 1659.45480706  4788.25692291 -5819.73790197], v=[-5.60426576 -2.55623543 -3.69825139]
  RK45_ECI: r=[-4750.21235983 -5586.4189414   2468.33199103], v=[ 3.70266161 -0.39540206  6.14341891]
Epoch 1890, t=2460388.5166385616:
  TLE_ECI: r=[ 1488.46890259  4710.427865   -5928.39399056], v=[-5.64389644 -2.6822332  -3.54537329]
  RK45_ECI: r=[-4723.39784251 -5591.13162422  2508.22959398], v=[ 3.72936331 -0.36235438  6.12945562]
Epoch 1891, t=2460388.516713825:
  TLE_ECI: r=[ 1316.39958332  4628.76836096 -6032.42222731], v=[-5.6790101  -2.80616677 -3.38974199]
  RK45_ECI: r=[-4696.40793108 -5595.61657323  2548.03584898], v=[ 3.7559002  -0.32926653  6.11526793]
Epoch 1892, t=2460388.516789088:
  TLE_ECI: r=[ 1143.38455009  4543.34135206 -6131.74183855], v=[-5.70958233 -2.92793605 -3.23147903]
  RK45_ECI: r=[-4669.2441698 -5599.8734059  2587.7487393], v=[ 3.78227086 -0.29614035  6.10085654]
Epoch 1893, t=2460388.5168643515:
  TLE_ECI: r=[  969.5621117   4454.21283233 -6226.27572648], v=[-5.73559229 -3.04744272 -3.07070793]
  RK45_ECI: r=[-4641.90737289 -5603.90185052  2627.36737114], v=[ 3.80847467 -0.26297673  6.08622177]
Epoch 1894, t=2460388.516939615:
  TLE_ECI: r=[  795.07115552  4361.45177471 -6315.95052655], v=[-5.75702279 -3.16459018 -2.90755403]
  RK45_ECI: r=[-4614.39875175 -5607.70157059  2666.89029293], v=[ 3.83451062 -0.22977704  6.07136412]
Epoch 1895, t=2460388.5170148783:
  TLE_ECI: r=[  620.05098383  4265.1300919  -6400.69666153], v=[-5.77386024 -3.27928369 -2.74214448]
  RK45_ECI: r=[-4586.71974386 -5611.27224071  2706.31568674], v=[ 3.86037745 -0.19654297  6.05628426]
Epoch 1896, t=2460388.517090142:
  TLE_ECI: r=[  444.6412172   4165.32257602 -6480.44839294], v=[-5.7860947  -3.39143043 -2.57460803]
  RK45_ECI: r=[-4558.87132519 -5614.61357308  2745.64247925], v=[ 3.88607441 -0.16327557  6.04098258]
Epoch 1897, t=2460388.5171654047:
  TLE_ECI: r=[  268.98169638  4062.10683924 -6555.14386943], v=[-5.79371984 -3.50093957 -2.40507505]
  RK45_ECI: r=[-4530.85508542 -5617.72524809  2784.86867748], v=[ 3.91160017 -0.1299767   6.02545985]
Epoch 1898, t=2460388.517240668:
  TLE_ECI: r=[   93.21232427  3955.56325691 -6624.72517209], v=[-5.79673291 -3.60772239 -2.23367734]
  RK45_ECI: r=[-4502.67185961 -5620.6070257   2823.99339802], v=[ 3.93695411 -0.09664724  6.00971639]
Epoch 1899, t=2460388.5173159316:
  TLE_ECI: r=[  -82.52697121  3845.77489828 -6689.1383571 ], v=[-5.79513483 -3.71169222 -2.06054809]
  RK45_ECI: r=[-4474.32289237 -5623.25861714  2863.0152067 ], v=[ 3.96213525 -0.06328861  5.99375276]
Epoch 1900, t=2460388.517391195:
  TLE_ECI: r=[ -258.09639555  3732.82746665 -6748.33349507], v=[-5.78893011 -3.81276462 -1.88582172]
  RK45_ECI: r=[-4445.80966153 -5625.67975485  2901.93230806], v=[ 3.9871424  -0.02990247  5.97756967]
Epoch 1901, t=2460388.5174664585:
  TLE_ECI: r=[ -433.35638474  3616.80923133 -6802.26470752], v=[-5.77812684 -3.9108574  -1.70963385]
  RK45_ECI: r=[-4417.13316752 -5627.87018868  2940.74364204], v=[4.01197483e+00 3.51009034e-03 5.96116756e+00]
Epoch 1902, t=2460388.5175417215:
  TLE_ECI: r=[ -608.16770361  3497.81096077 -6850.89020039], v=[-5.76273672 -4.00589065 -1.53212116]
  RK45_ECI: r=[-4388.29504372 -5629.82966243  2979.44724127], v=[4.03663125 0.03694722 5.94454724]
Epoch 1903, t=2460388.517616985:
  TLE_ECI: r=[ -782.39159616  3375.92584567 -6894.17229434], v=[-5.74277499 -4.0977869  -1.35342128]
  RK45_ECI: r=[-4359.29614538 -5631.55796787  3018.04223363], v=[4.06111107 0.07040801 5.92770906]
Epoch 1904, t=2460388.5176922483:
  TLE_ECI: r=[ -955.88983054  3251.24943565 -6932.07745232], v=[-5.71826047 -4.18647104 -1.17367271]
  RK45_ECI: r=[-4330.13774864 -5633.05486467  3056.52720367], v=[4.08541335 0.10389105 5.91065363]
Epoch 1905, t=2460388.517767512:
  TLE_ECI: r=[-1128.5248488   3123.8795598  -6964.57630383], v=[-5.6892155  -4.27187048 -0.99301471]
  RK45_ECI: r=[-4300.82137007 -5634.32014358  3094.90038012], v=[4.10953695 0.13739465 5.89338171]
Epoch 1906, t=2460388.517842775:
  TLE_ECI: r=[-1300.15986279  2993.91625223 -6991.64366629], v=[-5.65566594 -4.35391516 -0.8115872 ]
  RK45_ECI: r=[-4271.34803381 -5635.35359218  3133.16071717], v=[4.13348117 0.17091772 5.87589376]
Epoch 1907, t=2460388.517918038:
  TLE_ECI: r=[-1470.65895211  2861.46167895 -7013.25856329], v=[-5.61764114 -4.4325376  -0.62953067]
  RK45_ECI: r=[-4241.71941478 -5636.15501849  3171.30627494], v=[4.15724477 0.2044584  5.85819065]
Epoch 1908, t=2460388.5179933016:
  TLE_ECI: r=[-1639.88720311  2726.62004241 -7029.40423978], v=[-5.57517388 -4.507673   -0.44698605]
  RK45_ECI: r=[-4211.93638761 -5636.72424624  3209.33619341], v=[4.18082719 0.23801577 5.84027277]
Epoch 1909, t=2460388.518068565:
  TLE_ECI: r=[-1807.71076187  2589.49752505 -7040.06817434], v=[-5.52830042 -4.57925921 -0.26409463]
  RK45_ECI: r=[-4182.00025864 -5637.06108393  3247.24907724], v=[4.20422753 0.27158841 5.82214075]
Epoch 1910, t=2460388.5181438285:
  TLE_ECI: r=[-1973.99697245  2450.20219181 -7045.2420882 ], v=[-5.4770604  -4.64723684 -0.08099795]
  RK45_ECI: r=[-4151.91258162 -5637.16538094  3285.04318098], v=[4.22744468 0.30517463 5.80379542]
Epoch 1911, t=2460388.5182190915:
  TLE_ECI: r=[-2138.61446391  2308.84391662 -7044.92195133], v=[-5.42149686 -4.71154926  0.10216228]
  RK45_ECI: r=[-4121.67454915 -5637.03696142  3322.7172976 ], v=[4.25047788 0.33877316 5.78523734]
Epoch 1912, t=2460388.518294355:
  TLE_ECI: r=[-2301.43327939  2165.53427317 -7039.1079854 ], v=[-5.36165613 -4.77214272  0.28524433]
  RK45_ECI: r=[-4091.28743745 -5636.67570306  3360.27004603], v=[4.27332627 0.37238263 5.76646719]
Epoch 1913, t=2460388.5183696183:
  TLE_ECI: r=[-2462.32493449  2020.38648473 -7027.80466373], v=[-5.29758788 -4.82896629  0.4681065 ]
  RK45_ECI: r=[-4060.75257822 -5636.08145662  3397.70004968], v=[4.29598898 0.40600161 5.74748563]
Epoch 1914, t=2460388.518444882:
  TLE_ECI: r=[-2621.1625451   1873.51531315 -7011.02070817], v=[-5.22934504 -4.88197198  0.65060726]
  RK45_ECI: r=[-4030.07116034 -5635.25408152  3435.00611113], v=[4.31846527 0.43962884 5.72829327]
Epoch 1915, t=2460388.518520145:
  TLE_ECI: r=[-2777.82091815  1725.03697594 -6988.76908284], v=[-5.15698377 -4.93111472  0.83260534]
  RK45_ECI: r=[-3999.24477293 -5634.19348617  3472.18651241], v=[4.34075408 0.47326264 5.70889096]
Epoch 1916, t=2460388.518595408:
  TLE_ECI: r=[-2932.17664381  1575.06906504 -6961.06698492], v=[-5.08056341 -4.97635244  1.01395981]
  RK45_ECI: r=[-3968.27463325 -5632.89953882  3509.2400657 ], v=[4.36285468 0.50690171 5.68927932]
Epoch 1917, t=2460388.5186706716:
  TLE_ECI: r=[-3084.10820984  1423.73042199 -6927.93583228], v=[-5.00014642 -5.01764613  1.19453022]
  RK45_ECI: r=[-3937.1620455  -5631.37216506  3546.16541223], v=[4.38476625 0.54054468 5.66945905]
Epoch 1918, t=2460388.518745935:
  TLE_ECI: r=[-3233.4960667   1271.1410958  -6889.40124817], v=[-4.91579836 -5.05495978  1.37417668]
  RK45_ECI: r=[-3905.90823428 -5629.61124761  3582.96137037], v=[4.40648806 0.57419028 5.64943078]
Epoch 1919, t=2460388.5188211985:
  TLE_ECI: r=[-3380.22273979  1117.42221715 -6845.4930427 ], v=[-4.82758785 -5.08826048  1.55275996]
  RK45_ECI: r=[-3874.51481584 -5627.61674228  3619.62624528], v=[4.42801911 0.60783679 5.6291954 ]
Epoch 1920, t=2460388.518896462:
  TLE_ECI: r=[-3524.17291556   962.69591247 -6796.24519144], v=[-4.73558649 -5.11751845  1.7301416 ]
  RK45_ECI: r=[-3842.98300978 -5625.38856404  3656.1588653 ], v=[4.44935869 0.64148294 5.60875357]
Epoch 1921, t=2460388.518971725:
  TLE_ECI: r=[-3665.23352865   807.08521944 -6741.69581082], v=[-4.63986885 -5.14270704  1.90618401]
  RK45_ECI: r=[-3811.3141908  -5622.9266433   3692.55789054], v=[4.47050601 0.67512733 5.58810601]
Epoch 1922, t=2460388.5190469883:
  TLE_ECI: r=[-3803.2938596    650.71394925 -6681.88713057], v=[-4.54051232 -5.16380278  2.08075057]
  RK45_ECI: r=[-3779.50968972 -5620.23095369  3728.82198583], v=[4.49146029 0.70876854 5.56725347]
Epoch 1923, t=2460388.519122252:
  TLE_ECI: r=[-3938.24560547   493.70665275 -6616.86546315], v=[-4.4375972  -5.18078538  2.25370573]
  RK45_ECI: r=[-3747.57075404 -5617.30142237  3764.94999024], v=[4.51222084 0.74240531 5.5461966 ]
Epoch 1924, t=2460388.519197515:
  TLE_ECI: r=[-4069.98297504   336.18848159 -6546.68117008], v=[-4.33120651 -5.19363778  2.42491511]
  RK45_ECI: r=[-3715.49903223 -5614.13806464  3800.94023928], v=[4.5327867  0.77603593 5.52493636]
Epoch 1925, t=2460388.5192727786:
  TLE_ECI: r=[-4198.40276858   178.28510079 -6471.38862533], v=[-4.22142601 -5.20234613  2.5942456 ]
  RK45_ECI: r=[-3683.29576601 -5610.74083967  3836.79158254], v=[4.5531572  0.80965912 5.50347343]
Epoch 1926, t=2460388.5193480416:
  TLE_ECI: r=[-4323.4044584     20.12260266 -6391.0461756 ], v=[-4.10834411 -5.20689985  2.76156546]
  RK45_ECI: r=[-3650.96235549 -5607.1097274   3872.50270474], v=[4.57333161 0.84327346 5.48180858]
Epoch 1927, t=2460388.519423305:
  TLE_ECI: r=[-4444.89026836  -138.17264228 -6305.71609776], v=[-3.99205178 -5.20729162  2.92674443]
  RK45_ECI: r=[-3618.50015631 -5603.24474994  3908.07229555], v=[4.59330917 0.87687755 5.45994258]
Epoch 1928, t=2460388.5194985685:
  TLE_ECI: r=[-4562.76524874  -296.47401023 -6215.46455312], v=[-3.87264253 -5.20351741  3.08965382]
  RK45_ECI: r=[-3585.91043748 -5599.14587912  3943.49921585], v=[4.61308924 0.91047011 5.43787614]
Epoch 1929, t=2460388.519573832:
  TLE_ECI: r=[-4676.93735262  -454.65477336 -6120.36153892], v=[-3.75021232 -5.19557647  3.25016659]
  RK45_ECI: r=[-3553.19487801 -5594.81318978  3978.78183311], v=[4.63267091 0.94404943 5.41561025]
Epoch 1930, t=2460388.519649095:
  TLE_ECI: r=[-4787.31750957  -612.58817381 -6020.48083672], v=[-3.6248595  -5.18347133  3.4081575 ]
  RK45_ECI: r=[-3520.35489886 -5590.24670485  4013.91885468], v=[4.65205347 0.97761407 5.39314573]
Epoch 1931, t=2460388.5197243583:
  TLE_ECI: r=[-4893.81968932  -770.14757984 -5915.89995798], v=[-3.4966847  -5.16720786  3.56350315]
  RK45_ECI: r=[-3487.39144872 -5585.44639569  4048.90948477], v=[4.67123648 1.01116309 5.37048307]
Epoch 1932, t=2460388.519799622:
  TLE_ECI: r=[-4996.36097919  -927.20650362 -5806.70008662], v=[-3.36579081 -5.14679523  3.71608211]
  RK45_ECI: r=[-3454.30638175 -5580.41239136  4083.75194554], v=[4.69021897 1.04469462 5.34762341]
Epoch 1933, t=2460388.519874885:
  TLE_ECI: r=[-5094.86164402 -1083.63875684 -5692.96601878], v=[-3.23228287 -5.12224591  3.86577499]
  RK45_ECI: r=[-3421.10082869 -5575.14468901  4118.44528529], v=[4.70900042 1.07820752 5.32456737]
Epoch 1934, t=2460388.5199501486:
  TLE_ECI: r=[-5189.24519097 -1239.3185379  -5574.78609968], v=[-3.09626799 -5.09357568  4.01246459]
  RK45_ECI: r=[-3387.77649733 -5569.64342315  4152.98790496], v=[4.72757998 1.11170009 5.30131599]
Epoch 1935, t=2460388.5200254116:
  TLE_ECI: r=[-5279.43843447 -1394.12051734 -5452.25215768], v=[-2.9578553  -5.06080363  4.15603591]
  RK45_ECI: r=[-3354.33483091 -5563.90866664  4187.37853884], v=[4.74595697 1.14517089 5.27787013]
Epoch 1936, t=2460388.520100675:
  TLE_ECI: r=[-5365.3715388  -1547.92000012 -5325.45943548], v=[-2.8171558  -5.02395215  4.29637633]
  RK45_ECI: r=[-3320.77679172 -5557.94042409  4221.61640766], v=[4.764131   1.17861897 5.25423031]
Epoch 1937, t=2460388.5201759385:
  TLE_ECI: r=[-5446.97809719 -1700.59293392 -5194.50651862], v=[-2.67428237 -4.98304694  4.43337562]
  RK45_ECI: r=[-3287.10426444 -5551.73888984  4255.69977146], v=[4.78210114 1.21204246 5.23039771]
Epoch 1938, t=2460388.520251202:
  TLE_ECI: r=[-5524.19517012 -1852.01607056 -5059.49526121], v=[-2.52934962 -4.93811693  4.56692611]
  RK45_ECI: r=[-3253.3183957  -5545.30410031  4289.62769896], v=[4.79986692 1.24544023 5.20637298]
Epoch 1939, t=2460388.5203264654:
  TLE_ECI: r=[-5596.96333955 -2002.06705055 -4920.53070894], v=[-2.38247381 -4.88919437  4.6969227 ]
  RK45_ECI: r=[-3219.42092004 -5538.63624978  4323.3986261 ], v=[4.81742754 1.27881057 5.18215721]
Epoch 1940, t=2460388.5204017283:
  TLE_ECI: r=[-5665.2267632  -2150.62448598 -4777.72101955], v=[-2.23377278 -4.83631472  4.82326303]
  RK45_ECI: r=[-3185.41330142 -5531.73546114  4357.01131529], v=[4.83478236 1.31215205 5.1577513 ]
Epoch 1941, t=2460388.520476992:
  TLE_ECI: r=[-5728.93319486 -2297.56812543 -4631.17738059], v=[-2.08336582 -4.77951669  4.94584748]
  RK45_ECI: r=[-3151.2965149  -5524.60177218  4390.46500454], v=[4.85193101 1.34546373 5.13315577]
Epoch 1942, t=2460388.520552255:
  TLE_ECI: r=[-5788.03406328 -2442.7788534  -4481.01392462], v=[-1.93137362 -4.7188422   5.06457933]
  RK45_ECI: r=[-3117.07247344 -5517.23544256  4423.7579934 ], v=[4.86887264 1.37874372 5.10837188]
Epoch 1943, t=2460388.5206275187:
  TLE_ECI: r=[-5842.48448764 -2586.13885357 -4327.34764203], v=[-1.77791815 -4.65433632  5.1793648 ]
  RK45_ECI: r=[-3082.74233835 -5509.63654807  4456.88937192], v=[4.8856068  1.41199091 5.0834003 ]
Epoch 1944, t=2460388.520702782:
  TLE_ECI: r=[-5892.24332002 -2727.53168917 -4170.29829123], v=[-1.62312258 -4.58604731  5.29011313]
  RK45_ECI: r=[-3048.30786909 -5501.80534265  4489.8576125 ], v=[4.90213275 1.44520358 5.05824216]
Epoch 1945, t=2460388.520778045:
  TLE_ECI: r=[-5937.27318732 -2866.84238151 -4009.98830665], v=[-1.46711119 -4.51402653  5.39673668]
  RK45_ECI: r=[-3013.77054882 -5493.74199917  4522.66150683], v=[4.91844989 1.47838032 5.03289838]
Epoch 1946, t=2460388.5208533085:
  TLE_ECI: r=[-5977.5404885  -3003.95757445 -3846.54270428], v=[-1.31000919 -4.43832843  5.49915098]
  RK45_ECI: r=[-2979.13136412 -5485.44658875  4555.30031097], v=[4.9345579  1.51152016 5.00736953]
Epoch 1947, t=2460388.520928572:
  TLE_ECI: r=[-6013.01547141 -3138.76552417 -3680.08898497], v=[-1.15194273 -4.35901052  5.59727486]
  RK45_ECI: r=[-2944.39225421 -5476.91943627  4587.77236555], v=[4.95045596 1.54462124 4.9816569 ]
Epoch 1948, t=2460388.5210038354:
  TLE_ECI: r=[-6043.67222478 -3271.15626109 -3510.75703555], v=[-0.99303874 -4.27613331  5.69103043]
  RK45_ECI: r=[-2909.55439389 -5468.16065679  4620.07678283], v=[4.96614368 1.57768245 4.95576119]
Epoch 1949, t=2460388.5210790983:
  TLE_ECI: r=[-6069.48871731 -3401.02164649 -3338.67902787], v=[-0.83342484 -4.18976029  5.78034323]
  RK45_ECI: r=[-2874.61973367 -5459.17060455  4652.21192269], v=[4.98162029 1.61070192 4.9296837 ]
Epoch 1950, t=2460388.521154362:
  TLE_ECI: r=[-6090.44677633 -3528.25553377 -3163.98931579], v=[-0.67322921 -4.09995786  5.86514227]
  RK45_ECI: r=[-2839.58927009 -5449.94938031  4684.17705851], v=[4.99688546 1.6436787  4.90342502]
Epoch 1951, t=2460388.521229625:
  TLE_ECI: r=[-6106.5321613  -3652.7537508  -2986.82433011], v=[-0.51258052 -4.00679531  5.94536008]
  RK45_ECI: r=[-2804.4645043  -5440.49721056  4715.97101383], v=[5.01193867 1.67661137 4.87698611]
Epoch 1952, t=2460388.5213048887:
  TLE_ECI: r=[-6117.73453709 -3774.41425759 -2807.32247175], v=[-0.35160782 -3.91034473  6.02093279]
  RK45_ECI: r=[-2769.24723195 -5430.81444439  4747.59232236], v=[5.02677925 1.70949822 4.85036818]
Epoch 1953, t=2460388.521380152:
  TLE_ECI: r=[-6124.04749133 -3893.13721539 -2625.62400305], v=[-0.19044039 -3.810681    6.09180016]
  RK45_ECI: r=[-2733.93863964 -5420.90123633  4779.04011943], v=[5.04140684 1.74233815 4.82357194]
Epoch 1954, t=2460388.521455415:
  TLE_ECI: r=[-6125.46855193 -4008.82505177 -2441.8709374 ], v=[-0.0292077 -3.7078817  6.1579057]
  RK45_ECI: r=[-2698.54070119 -5410.75800553  4810.31280826], v=[5.05582072 1.77512929 4.79659877]
Epoch 1955, t=2460388.5215306785:
  TLE_ECI: r=[-6121.99914192 -4121.38261526 -2256.20692736], v=[ 0.13196078 -3.60202706  6.21919664]
  RK45_ECI: r=[-2663.05442273 -5400.38488593  4841.40968161], v=[5.07002061 1.80787071 4.76944925]
Epoch 1956, t=2460388.521605942:
  TLE_ECI: r=[-6113.64464762 -4230.71714795 -2068.77715095], v=[ 0.29293561 -3.4931999   6.27562403]
  RK45_ECI: r=[-2627.48132132 -5389.7821538   4872.32959464], v=[5.08400603 1.84056098 4.74212439]
Epoch 1957, t=2460388.5216812054:
  TLE_ECI: r=[-6100.41436788 -4336.73843587 -1879.72819692], v=[ 0.45358753 -3.38148558  6.32714279]
  RK45_ECI: r=[-2591.82321229 -5378.95021764  4903.07112117], v=[5.09777636 1.87319841 4.71462544]
Epoch 1958, t=2460388.521756469:
  TLE_ECI: r=[-6082.32151738 -4439.35886757 -1689.2079484 ], v=[ 0.61378757 -3.26697188  6.3737117 ]
  RK45_ECI: r=[-2556.0812933  -5367.88927108  4933.63342041], v=[5.11133127 1.9057819  4.68695314]
Epoch 1959, t=2460388.521831732:
  TLE_ECI: r=[-6059.38322858 -4538.49349081 -1497.36546547], v=[ 0.77340714 -3.149749    6.4152935 ]
  RK45_ECI: r=[-2520.2575592  -5356.599798    4964.01494046], v=[5.12467012 1.93830959 4.6591089 ]
Epoch 1960, t=2460388.521906995:
  TLE_ECI: r=[-6031.62048406 -4634.0601559  -1304.3508667 ], v=[ 0.93231819 -3.02990942  6.4518549 ]
  RK45_ECI: r=[-2484.3530246  -5345.08196544  4994.21499409], v=[5.13779265 1.97078054 4.63109334]
Epoch 1961, t=2460388.5219822587:
  TLE_ECI: r=[-5999.05817734 -4725.97947922 -1110.31520941], v=[ 1.09039324 -2.90754789  6.4833666 ]
  RK45_ECI: r=[-2448.36922061 -5333.33609939  5024.2324692 ], v=[5.15069842 2.00319335 4.60290749]
Epoch 1962, t=2460388.522057522:
  TLE_ECI: r=[-5961.72503949 -4814.17498172  -915.41036933], v=[ 1.24750553 -2.78276128  6.50980334]
  RK45_ECI: r=[-2412.30798068 -5321.36266728  5054.06598105], v=[5.16338688 2.03554633 4.57455264]
Epoch 1963, t=2460388.5221327855:
  TLE_ECI: r=[-5919.65362721 -4898.57313695  -719.78891934], v=[ 1.40352917 -2.65564858  6.53114391]
  RK45_ECI: r=[-2376.17051192 -5309.16190187  5083.71471353], v=[5.17585774 2.06783838 4.54602956]
Epoch 1964, t=2460388.5222080485:
  TLE_ECI: r=[-5872.88030973 -4979.10341641  -523.60400754], v=[ 1.55833916 -2.52631073  6.54737115]
  RK45_ECI: r=[-2339.95882822 -5296.73435134  5113.17716105], v=[5.18811041 2.10006766 4.5173397 ]
Epoch 1965, t=2460388.522283312:
  TLE_ECI: r=[-5821.44517929 -5055.69841925  -327.0092349 ], v=[ 1.71181157 -2.39485061  6.55847203]
  RK45_ECI: r=[-2303.67395137 -5284.08021584  5142.45265711], v=[5.20014466 2.13223325 4.48848371]
Epoch 1966, t=2460388.5223585754:
  TLE_ECI: r=[-5765.39210407 -5128.29382585  -130.1585322 ], v=[ 1.86382362 -2.26137291  6.5644376 ]
  RK45_ECI: r=[-2267.31742526 -5271.19987065  5171.54012334], v=[5.21196011 2.16433373 4.45946263]
Epoch 1967, t=2460388.522433839:
  TLE_ECI: r=[-5704.76863246 -5196.82852285    66.79396305], v=[ 2.01425376 -2.12598407  6.56526302]
  RK45_ECI: r=[-2230.89109912 -5258.09384196  5200.43821778], v=[5.22355625 2.19636744 4.43027782]
Epoch 1968, t=2460388.522509102:
  TLE_ECI: r=[-5639.6259825  -5261.24462124   263.69403013], v=[ 2.16298182 -1.98879216  6.56094757]
  RK45_ECI: r=[-2194.39636351 -5244.76246296  5229.14601549], v=[5.23493279 2.22833312 4.40093019]
Epoch 1969, t=2460388.522584365:
  TLE_ECI: r=[-5570.01893641 -5321.48757268   460.38748841], v=[ 2.3098891  -1.84990682  6.55149465]
  RK45_ECI: r=[-2157.83472365 -5231.20616115  5257.66246141], v=[5.24608935 2.26022943 4.37142082]
Epoch 1970, t=2460388.5226596287:
  TLE_ECI: r=[-5496.00588566 -5377.50611649   656.7203211 ], v=[ 2.45485843 -1.70943912  6.53691177]
  RK45_ECI: r=[-2121.20773311 -5217.42535412  5285.9865076 ], v=[5.25702559 2.29205496 4.34175079]
Epoch 1971, t=2460388.522734892:
  TLE_ECI: r=[-5417.64871998 -5429.25239047   852.53879837], v=[ 2.59777432 -1.56750153  6.51721055]
  RK45_ECI: r=[-2084.51677133 -5203.42040482  5314.11724472], v=[5.26774121 2.32380849 4.31192106]
Epoch 1972, t=2460388.5228101555:
  TLE_ECI: r=[-5335.01278962 -5476.68195533  1047.68960045], v=[ 2.73852303 -1.42420777  6.49240671]
  RK45_ECI: r=[-2047.76370169 -5189.19189761  5342.05337483], v=[5.27823577 2.35548835 4.28193298]
Epoch 1973, t=2460388.5228854185:
  TLE_ECI: r=[-5248.16686581 -5519.75381753  1242.01994038], v=[ 2.87699269 -1.27967275  6.46252003]
  RK45_ECI: r=[-2010.94992303 -5174.74020982  5369.79400375], v=[5.28850901 2.3870933  4.25178753]
Epoch 1974, t=2460388.522960682:
  TLE_ECI: r=[-5157.18301741 -5558.43052635  1435.37768595], v=[ 3.01307335 -1.13401241  6.42757438]
  RK45_ECI: r=[-1974.07695101 -5160.06581621  5397.33811185], v=[5.29856061 2.41862201 4.22148581]
Epoch 1975, t=2460388.5230359454:
  TLE_ECI: r=[-5062.13664591 -5592.67811336  1627.61148154], v=[ 3.14665713 -0.98734371  6.38759766]
  RK45_ECI: r=[-1937.14618638 -5145.16910852  5424.68481471], v=[5.30839032 2.45007322 4.19102878]
Epoch 1976, t=2460388.523111209:
  TLE_ECI: r=[-4963.10635757 -5622.46618328  1818.57086874], v=[ 3.27763827 -0.83978446  6.34262178]
  RK45_ECI: r=[-1900.15950256 -5130.05071729  5451.8328505 ], v=[5.31799774 2.4814453  4.16041784]
Epoch 1977, t=2460388.5231864722:
  TLE_ECI: r=[-4860.17391168 -5647.7679254   2008.10640643], v=[ 3.4059132  -0.69145325  6.29268264]
  RK45_ECI: r=[-1863.11828885 -5114.71106044  5478.78135022], v=[5.32738263 2.51273702 4.12965399]
Epoch 1978, t=2460388.523261735:
  TLE_ECI: r=[-4753.42416838 -5668.5601222   2196.06978977], v=[ 3.53138069 -0.54246935  6.23782008]
  RK45_ECI: r=[-1826.02411298 -5099.15063381  5505.52932337], v=[5.33654473 2.54394701 4.09873833]
Epoch 1979, t=2460388.5233369987:
  TLE_ECI: r=[-4642.94494969 -5684.82322592  2382.31396806], v=[ 3.65394188 -0.39295258  6.17807787]
  RK45_ECI: r=[-1788.87849911 -5083.36995914  5532.07578674], v=[5.34548376 2.57507394 4.06767202]
Epoch 1980, t=2460388.523412262:
  TLE_ECI: r=[-4528.82706535 -5696.54129034  2566.69326176], v=[ 3.77350037 -0.24302323  6.11350363]
  RK45_ECI: r=[-1751.68285478 -5067.36947167  5558.41988777], v=[5.35419951 2.60611658 4.03645603]
Epoch 1981, t=2460388.5234875255:
  TLE_ECI: r=[-4411.16416868 -5703.70204216  2749.06347783], v=[ 3.8899623  -0.09280199  6.04414884]
  RK45_ECI: r=[-1714.43906341 -5051.1498595   5584.56041079], v=[5.36269165 2.63707331 4.00509181]
Epoch 1982, t=2460388.5235627885:
  TLE_ECI: r=[-4290.05271159 -5706.29686428  2929.282024  ], v=[4.00323644 0.05759023 5.97006874]
  RK45_ECI: r=[-1677.148699   -5034.71165986  5610.49639783], v=[5.37095994 2.66794277 3.97358052]
Epoch 1983, t=2460388.523638052:
  TLE_ECI: r=[-4165.59179598 -5704.32085448  3107.20802122], v=[4.11323423 0.20803235 5.89132229]
  RK45_ECI: r=[-1639.81279994 -5018.05518742  5636.22725924], v=[5.37900428 2.69872404 3.94192286]
Epoch 1984, t=2460388.5237133154:
  TLE_ECI: r=[-4037.88319071 -5697.7727533   3282.70241506], v=[4.21986987 0.35840322 5.80797215]
  RK45_ECI: r=[-1602.4334336  -5001.18123973  5661.75168541], v=[5.38682432 2.72941537 3.91012043]
Epoch 1985, t=2460388.523788579:
  TLE_ECI: r=[-3907.03117922 -5686.65499696  3455.62808493], v=[4.32306041 0.50858172 5.72008459]
  RK45_ECI: r=[-1565.01183344 -4984.09021895  5687.06897769], v=[5.39441994 2.76001568 3.87817412]
Epoch 1986, t=2460388.5238638422:
  TLE_ECI: r=[-3773.14248888 -5670.97370279  3625.84995184], v=[4.42272576 0.65844691 5.62772943]
  RK45_ECI: r=[-1527.5498915  -4966.78286987  5712.17796774], v=[5.40179086 2.79052338 3.84608538]
Epoch 1987, t=2460388.523939105:
  TLE_ECI: r=[-3636.32621822 -5650.73865386  3793.23508422], v=[4.51878879 0.80787804 5.53098   ]
  RK45_ECI: r=[-1490.04918701 -4949.25977753  5737.07773548], v=[5.40893689 2.82093711 3.81385541]
Epoch 1988, t=2460388.5240143687:
  TLE_ECI: r=[-3496.6936796  -5625.96333441  3957.6528017 ], v=[4.61117536 0.95675478 5.42991305]
  RK45_ECI: r=[-1452.51076061 -4931.52128864  5761.76771469], v=[5.41585796 2.85125598 3.78148493]
Epoch 1989, t=2460388.524089632:
  TLE_ECI: r=[-3354.35840606 -5596.66485372  4118.97477722], v=[4.6998144  1.10495718 5.3246087 ]
  RK45_ECI: r=[-1414.93668789 -4913.56826239  5786.24664859], v=[5.42255379 2.88147824 3.74897557]
Epoch 1990, t=2460388.5241648955:
  TLE_ECI: r=[-3209.43599061 -5562.86397631  4277.07513666], v=[4.78463797 1.25236586 5.21515035]
  RK45_ECI: r=[-1377.32820466 -4895.40113861  5810.51386708], v=[5.4290243  2.91160284 3.71632824]
Epoch 1991, t=2460388.524240159:
  TLE_ECI: r=[-3062.04400703 -5524.58509408  4431.83055652], v=[4.86558125 1.39886208 5.10162462]
  RK45_ECI: r=[-1339.68720942 -4877.02071818  5834.56825022], v=[5.43526925 2.9416282  3.68354443]
Epoch 1992, t=2460388.524315422:
  TLE_ECI: r=[-2912.30192881 -5481.85619801  4583.12035937], v=[4.94258266 1.54432779 4.98412129]
  RK45_ECI: r=[-1302.01528498 -4858.42763341  5858.40891675], v=[5.44128852 2.971553   3.65062535]
Epoch 1993, t=2460388.5243906854:
  TLE_ECI: r=[-2760.33096606 -5434.70889031  4730.82660676], v=[5.01558383 1.68864587 4.86273318]
  RK45_ECI: r=[-1264.31347307 -4839.62226279  5882.03532437], v=[5.44708206 3.00137632 3.61757175]
Epoch 1994, t=2460388.524465949:
  TLE_ECI: r=[-2606.25406301 -5383.17830601  4874.83419022], v=[5.08452973 1.83170003 4.73755611]
  RK45_ECI: r=[-1226.58385533 -4820.60552632  5905.4462703 ], v=[5.45264966 3.03109647 3.58438531]
Epoch 1995, t=2460388.5245412122:
  TLE_ECI: r=[-2450.19573219 -5327.30312027  5015.03091935], v=[5.1493686  1.97337505 4.6086888 ]
  RK45_ECI: r=[-1188.82766867 -4801.37790111  5928.64111365], v=[5.45799127 3.0607124  3.55106693]
Epoch 1996, t=2460388.5246164757:
  TLE_ECI: r=[-2292.28196875 -5267.12550826  5151.3076077 ], v=[5.21005205 2.11355679 4.47623277]
  RK45_ECI: r=[-1151.04681586 -4781.94024348  5951.61878394], v=[5.46310672 3.09022256 3.51761814]
Epoch 1997, t=2460388.5246917387:
  TLE_ECI: r=[-2132.64016338 -5202.69110468  5283.5581561 ], v=[5.26653511 2.25213232 4.34029231]
  RK45_ECI: r=[-1113.24288172 -4762.29323239  5974.3784395 ], v=[5.46799592 3.11962562 3.48404019]
Epoch 1998, t=2460388.524767002:
  TLE_ECI: r=[-1971.39893685 -5134.0489929   5411.67963314], v=[5.31877617 2.38899003 4.20097431]
  RK45_ECI: r=[-1075.41690801 -4742.43727773  5996.91956249], v=[5.47265888 3.14892071 3.45033382]
Epoch 1999, t=2460388.5248422655:
  TLE_ECI: r=[-1808.68812825 -5061.25162631  5535.57235347], v=[5.36673709 2.52401964 4.05838826]
  RK45_ECI: r=[-1037.57098009 -4722.37335955  6019.24100527], v=[5.47709542 3.17810615 3.41650076]
Epoch 2000, t=2460388.524917529:
  TLE_ECI: r=[-1644.63862805 -4984.35481291  5655.13995301], v=[5.41038318 2.65711236 3.91264609]
  RK45_ECI: r=[ -999.70633457 -4702.1019918   6041.34215673], v=[5.48130555 3.20718091 3.38254192]
Epoch 2001, t=2460388.524992792:
  TLE_ECI: r=[-1479.3823026  -4903.41765947  5770.28946161], v=[5.44968323 2.78816091 3.76386211]
  RK45_ECI: r=[ -961.82505794 -4681.62418129  6063.2218947 ], v=[5.48528913 3.2361433  3.34845904]
Epoch 2002, t=2460388.5250680554:
  TLE_ECI: r=[-1313.05182981 -4818.50254251  5880.93137286], v=[5.48460952 2.9170597  3.61215291]
  RK45_ECI: r=[ -923.92819159 -4660.9403654   6084.87972438], v=[5.48904619 3.26499246 3.31425289]
Epoch 2003, t=2460388.525143319:
  TLE_ECI: r=[-1145.78068011 -4729.67503076  5986.97971131], v=[5.51513783 3.04370479 3.45763729]
  RK45_ECI: r=[ -886.01731978 -4640.05127267  6106.3148464 ], v=[5.49257669 3.29372711 3.27992472]
Epoch 2004, t=2460388.5252185822:
  TLE_ECI: r=[ -977.70295101 -4637.00385213  6088.35209659], v=[5.54124746 3.16799406 3.30043613]
  RK45_ECI: r=[ -848.09434819 -4618.95784645  6127.52627147], v=[5.49588056 3.32234572 3.24547612]
Epoch 2005, t=2460388.5252938457:
  TLE_ECI: r=[ -808.9532749  -4540.56083424  6184.96980482], v=[5.56292125 3.28982724 3.14067229]
  RK45_ECI: r=[ -810.16051191 -4597.66063701  6148.51341886], v=[5.49895783 3.35084727 3.21090803]
Epoch 2006, t=2460388.5253691087:
  TLE_ECI: r=[ -639.66672475 -4440.42084576  6276.75782719], v=[5.58014556 3.40910599 2.97847055]
  RK45_ECI: r=[ -772.21789795 -4576.1607099   6169.27522306], v=[5.50180843 3.37923014 3.1762222 ]
Epoch 2007, t=2460388.525444372:
  TLE_ECI: r=[ -469.97865428 -4336.66174538  6363.64492534], v=[5.59291024 3.52573402 2.81395751]
  RK45_ECI: r=[ -734.26754563 -4554.45853312  6189.81121463], v=[5.50443242 3.40749345 3.14141944]
Epoch 2008, t=2460388.5255196355:
  TLE_ECI: r=[ -300.02467002 -4229.36430746  6445.56368425], v=[5.60120872 3.63961709 2.64726145]
  RK45_ECI: r=[ -696.31103764 -4532.55488057  6210.1206354 ], v=[5.50682981 3.43563594 3.106501  ]
Epoch 2009, t=2460388.525594899:
  TLE_ECI: r=[ -129.94047081 -4118.61216764  6522.45056182], v=[5.60503794 3.75066314 2.47851226]
  RK45_ECI: r=[ -658.35027889 -4510.45074886  6230.20254803], v=[5.50900058 3.46365612 3.07146852]
Epoch 2010, t=2460388.5256701624:
  TLE_ECI: r=[   40.13824588 -4004.49175475  6594.24593558], v=[5.60439835 3.85878232 2.30784135]
  RK45_ECI: r=[ -620.38650148 -4488.14672409  6250.05640271], v=[5.5109448  3.49155299 3.03632293]
Epoch 2011, t=2460388.5257454254:
  TLE_ECI: r=[  210.0758793  -3887.0922236   6660.89414649], v=[5.59929395 3.96388705 2.13538153]
  RK45_ECI: r=[ -582.42179075 -4465.64392957  6269.68119156], v=[5.51266248 3.51932494 3.00106604]
Epoch 2012, t=2460388.525820689:
  TLE_ECI: r=[  379.73707781 -3766.50538347  6722.34353955], v=[5.58973219 4.06589218 1.96126692]
  RK45_ECI: r=[ -544.45718304 -4442.94286344  6289.07647099], v=[5.51415369 3.54697113 2.96569865]
Epoch 2013, t=2460388.5258959522:
  TLE_ECI: r=[  548.9867759  -3642.82562826  6778.54650171], v=[5.57572404 4.1647149  1.78563285]
  RK45_ECI: r=[ -506.49425755 -4420.04434425  6308.24152471], v=[5.5154185  3.57449031 2.93022204]
Epoch 2014, t=2460388.5259712157:
  TLE_ECI: r=[  717.69034619 -3516.14986205  6829.45949637], v=[5.55728394 4.2602749  1.60861575]
  RK45_ECI: r=[ -468.53491642 -4396.94942098  6327.17546819], v=[5.51645695 3.60188102 2.89463787]
Epoch 2015, t=2460388.526046479:
  TLE_ECI: r=[  885.71369304 -3386.57742372  6875.04309518], v=[5.5344298  4.35249444 1.43035306]
  RK45_ECI: r=[ -430.58038757 -4373.65871494  6345.87778306], v=[5.51726914 3.62914228 2.8589471 ]
Epoch 2016, t=2460388.526121742:
  TLE_ECI: r=[ 1052.92334757 -3254.21001266  6915.26200657], v=[5.50718296 4.44129833 1.25098312]
  RK45_ECI: r=[ -392.63275254 -4350.17340618  6364.34752003], v=[5.51785515 3.65627251 2.82315155]
Epoch 2017, t=2460388.5261970055:
  TLE_ECI: r=[ 1219.18661017 -3119.15159802  6950.08510125], v=[5.47556816 4.52661408 1.07064506]
  RK45_ECI: r=[ -354.69304328 -4326.49402253  6382.58426175], v=[5.51821507 3.68327088 2.78725204]
Epoch 2018, t=2460388.526272269:
  TLE_ECI: r=[ 1384.37159531 -2981.50835483  6979.48543489], v=[5.43961355 4.60837187 0.88947873]
  RK45_ECI: r=[ -316.76283414 -4302.62142637  6400.58733447], v=[5.51834903 3.71013617 2.75124988]
Epoch 2019, t=2460388.5263475324:
  TLE_ECI: r=[ 1548.34737331 -2841.38857084  7003.44026737], v=[5.39935067 4.68650464 0.70762457]
  RK45_ECI: r=[ -278.84402239 -4278.55671805  6418.35590732], v=[5.51825713 3.73686696 2.71514673]
Epoch 2020, t=2460388.5264227954:
  TLE_ECI: r=[ 1710.98405407 -2698.90257021  7021.93107928], v=[5.35481437 4.76094814 0.52522351]
  RK45_ECI: r=[ -240.93801133 -4254.30066766  6435.88941213], v=[5.5179395  3.76346214 2.67894376]
Epoch 2021, t=2460388.526498059:
  TLE_ECI: r=[ 1872.15292001 -2554.16260849  7034.94358509], v=[5.3060428  4.83164102 0.34241686]
  RK45_ECI: r=[ -203.04633382 -4229.85416853  6453.18720424], v=[5.51739627 3.78992056 2.64264229]
Epoch 2022, t=2460388.5265733222:
  TLE_ECI: r=[ 2031.72647677 -2407.28281426  7042.4677435 ], v=[5.25307741 4.89852476 0.15934626]
  RK45_ECI: r=[ -165.17055909 -4205.21811995  6470.24864774], v=[5.51662759 3.81624103 2.60624367]
Epoch 2023, t=2460388.5266485857:
  TLE_ECI: r=[ 2189.57858508 -2258.37908217  7044.4977645 ], v=[ 5.1959629   4.96154383 -0.02384652]
  RK45_ECI: r=[ -127.31207401 -4180.39331324  6487.07319382], v=[5.51563362 3.84242248 2.56974905]
Epoch 2024, t=2460388.526723849:
  TLE_ECI: r=[ 2345.58454988 -2107.56898784  7041.03211349], v=[ 5.13474717  5.02064568 -0.20701957]
  RK45_ECI: r=[  -89.47276907 -4155.38089909  6503.66006601], v=[5.51441451 3.8684635  2.53316012]
Epoch 2025, t=2460388.526799112:
  TLE_ECI: r=[ 2499.6212112  -1954.97170394  7032.07351225], v=[ 5.06948129  5.07578078 -0.39003104]
  RK45_ECI: r=[  -51.65404004 -4130.18168614  6520.00873407], v=[5.51297046 3.89436304 2.49647807]
Epoch 2026, t=2460388.5268743755:
  TLE_ECI: r=[ 2651.56706251 -1800.70787968  7017.62893682], v=[ 5.00021944  5.1269027  -0.57273917]
  RK45_ECI: r=[  -13.85741345 -4104.79660849  6536.11859693], v=[5.51130162 3.92011995 2.45970423]
Epoch 2027, t=2460388.526949639:
  TLE_ECI: r=[ 2801.30230928 -1644.89958923  6997.70961246], v=[ 4.92701891  5.17396809 -0.75500245]
  RK45_ECI: r=[   23.91554966 -4079.22660773  6551.9890624 ], v=[5.5094082  3.94573307 2.42283996]
Epoch 2028, t=2460388.5270249024:
  TLE_ECI: r=[ 2948.70898571 -1487.67020968  6972.33100527], v=[ 4.84994005  5.21693674 -0.93667968]
  RK45_ECI: r=[   61.66347018 -4053.47251276  6567.61961986], v=[5.5072904  3.97120136 2.38588645]
Epoch 2029, t=2460388.527100166:
  TLE_ECI: r=[ 3093.67103983 -1329.14433216  6941.51281101], v=[ 4.76904618  5.25577162 -1.11763009]
  RK45_ECI: r=[   99.38446651 -4027.53552352  6583.00954795], v=[5.50494843 3.99652345 2.34884539]
Epoch 2030, t=2460388.527175429:
  TLE_ECI: r=[ 3236.07441988 -1169.44767478  6905.27894065], v=[ 4.68440359  5.2904389  -1.29771344]
  RK45_ECI: r=[  137.07715134 -4001.41648641  6598.1583549 ], v=[5.50238252 4.02169829 2.31171799]
Epoch 2031, t=2460388.5272506922:
  TLE_ECI: r=[ 3375.80717693 -1008.70694736  6863.65750295], v=[ 4.59608145  5.32090803 -1.47679012]
  RK45_ECI: r=[  174.74000667 -3975.11637544  6613.06548377], v=[5.49959288 4.04672479 2.2745056 ]
Epoch 2032, t=2460388.5273259557:
  TLE_ECI: r=[3512.75952952 -847.0498086  6816.68078399], v=[ 4.5041518   5.34715166 -1.65472126]
  RK45_ECI: r=[  212.3716488  -3948.63604927  6627.73045489], v=[5.49657976 4.0716019  2.23720942]
Epoch 2033, t=2460388.527401219:
  TLE_ECI: r=[3646.82396396 -684.60473023 6764.38522356], v=[ 4.40868948  5.36914576 -1.83136882]
  RK45_ECI: r=[  249.97020454 -3921.97674639  6642.15259149], v=[5.49334341 4.09632829 2.19983117]
Epoch 2034, t=2460388.5274764826:
  TLE_ECI: r=[3777.89531391 -521.50090589 6706.81138863], v=[ 4.30977205  5.3868696  -2.00659571]
  RK45_ECI: r=[  287.53430623 -3895.13934204  6656.33143285], v=[5.48988408 4.12090295 2.16237205]
Epoch 2035, t=2460388.5275517455:
  TLE_ECI: r=[3905.87084103 -357.86816173 6644.00394362], v=[ 4.20747981  5.40030579 -2.18026586]
  RK45_ECI: r=[  325.06240923 -3868.12484384  6670.2664578 ], v=[5.48620206 4.14532476 2.12483344]
Epoch 2036, t=2460388.527627009:
  TLE_ECI: r=[4030.65031962 -193.83680977 6576.01161778], v=[ 4.10189559  5.4094403  -2.35224437]
  RK45_ECI: r=[  362.55300527 -3840.93426473  6683.95715408], v=[5.48229759 4.16959263 2.08721673]
Epoch 2037, t=2460388.5277022724:
  TLE_ECI: r=[4152.13610698  -29.53761316 6502.88716947], v=[ 3.99310487  5.41426246 -2.52239753]
  RK45_ECI: r=[  400.00472134 -3813.56850005  6697.40308102], v=[5.47817097 4.19370556 2.04952311]
Epoch 2038, t=2460388.527777536:
  TLE_ECI: r=[4270.23322516  134.89836077 6424.68734743], v=[ 3.8811956   5.41476497 -2.69059303]
  RK45_ECI: r=[  437.41569658 -3786.02883542  6710.60361818], v=[5.47382251 4.21766225 2.01175433]
Epoch 2039, t=2460388.527852799:
  TLE_ECI: r=[4384.8494346   299.3398198  6341.47284907], v=[ 3.76625817  5.41094393 -2.85669995]
  RK45_ECI: r=[  474.78439649 -3758.31631257  6723.55828383], v=[5.46925252 4.2414616  1.97391178]
Epoch 2040, t=2460388.5279280622:
  TLE_ECI: r=[4495.89530327  463.65540078 6253.30827578], v=[ 3.64838533  5.40279889 -3.02058894]
  RK45_ECI: r=[  512.10982242 -3730.43158656  6736.2667825 ], v=[5.46446127 4.26510286 1.93599632]
Epoch 2041, t=2460388.5280033257:
  TLE_ECI: r=[4603.28428058  627.71369768 6160.26208521], v=[ 3.52767215  5.39033274 -3.18213228]
  RK45_ECI: r=[  549.38994366 -3702.37610064  6748.72846641], v=[5.45944911 4.28858463 1.89800988]
Epoch 2042, t=2460388.528078589:
  TLE_ECI: r=[4706.93276331  791.38341564 6062.40654068], v=[ 3.40421591  5.37355185 -3.34120399]
  RK45_ECI: r=[  586.6235774  -3674.15065517  6760.94299456], v=[5.45421636 4.31190606 1.85995349]
Epoch 2043, t=2460388.5281538526:
  TLE_ECI: r=[4806.76016182  954.53346244 5959.81765759], v=[ 3.27811608  5.35246597 -3.49767992]
  RK45_ECI: r=[  623.80887702 -3645.75658164  6772.90980335], v=[5.44876339 4.33506587 1.82182893]
Epoch 2044, t=2460388.5282291155:
  TLE_ECI: r=[4902.68896683 1117.03303821 5852.57514693], v=[ 3.1494742   5.32708829 -3.65143785]
  RK45_ECI: r=[  660.94432152 -3617.19496071  6784.62845651], v=[5.44309056 4.35806301 1.78363758]
Epoch 2045, t=2460388.528304379:
  TLE_ECI: r=[4994.644798   1278.75179695 5740.76235597], v=[ 3.01839378  5.29743545 -3.80235759]
  RK45_ECI: r=[  698.02892264 -3588.46647388  6796.09868662], v=[5.43719814 4.38089673 1.74538032]
Epoch 2046, t=2460388.5283796424:
  TLE_ECI: r=[5082.55648107 1439.55986505 5624.46620591], v=[ 2.88498032  5.26352744 -3.95032107]
  RK45_ECI: r=[  735.06066623 -3559.57261366  6807.31990888], v=[5.43108659 4.4035657  1.70705909]
Epoch 2047, t=2460388.528454906:
  TLE_ECI: r=[5166.35609265 1599.32800186 5503.77712693], v=[ 2.74934115  5.22538772 -4.09521244]
  RK45_ECI: r=[  772.03838178 -3530.51421116  6818.2918163 ], v=[5.42475622 4.42606906 1.66867495]
Epoch 2048, t=2460388.5285301693:
  TLE_ECI: r=[5245.97901691 1757.92768927 5378.7889902 ], v=[ 2.61158534  5.18304311 -4.23691816]
  RK45_ECI: r=[  808.96023885 -3501.29264247  6829.01390266], v=[5.41820748 4.4484056  1.63022966]
Epoch 2049, t=2460388.5286054322:
  TLE_ECI: r=[5321.36400276 1915.23121953 5249.59903729], v=[ 2.47182371  5.13652384 -4.37532707]
  RK45_ECI: r=[  845.82473175 -3471.90902607  6839.48577754], v=[5.41144076 4.47057428 1.59172465]
Epoch 2050, t=2460388.5286806957:
  TLE_ECI: r=[5392.45319065 2071.11186028 5116.30780682], v=[ 2.3301686   5.0858635  -4.51033054]
  RK45_ECI: r=[  882.63088342 -3442.36406928  6849.70720181], v=[5.40445639 4.49257439 1.55316078]
Epoch 2051, t=2460388.528755959:
  TLE_ECI: r=[5459.19219115 2225.44386426 4979.01905827], v=[ 2.18673391  5.03109903 -4.64182249]
  RK45_ECI: r=[  919.37669837 -3412.65931237  6859.6776542 ], v=[5.39725486 4.51440463 1.51454002]
Epoch 2052, t=2460388.5288312226:
  TLE_ECI: r=[5521.53010748 2378.10263285 4837.8396933 ], v=[ 2.04163498  4.97227071 -4.76969952]
  RK45_ECI: r=[  956.06101972 -3382.7956164   6869.39686201], v=[5.38983653 4.53606417 1.47586342]
Epoch 2053, t=2460388.5289064855:
  TLE_ECI: r=[5579.41958885 2528.96478572 4692.87967439], v=[ 1.89498846  4.90942212 -4.89386098]
  RK45_ECI: r=[  992.68186097 -3352.77454263  6878.86433306], v=[5.38220193 4.55755173 1.43713297]
Epoch 2054, t=2460388.528981749:
  TLE_ECI: r=[5632.81683936 2677.9083265  4544.25194098], v=[ 1.74691222  4.84260014 -5.01420907]
  RK45_ECI: r=[ 1029.2382555  -3322.59682046  6888.07985458], v=[5.3743514  4.57886663 1.39834952]
Epoch 2055, t=2460388.5290570124:
  TLE_ECI: r=[5681.68169644 2824.81264491 4392.07232294], v=[ 1.59752532  4.77185489 -5.13064889]
  RK45_ECI: r=[ 1065.72871623 -3292.2636081   6897.04308451], v=[5.36628539 4.60000786 1.35951452]
Epoch 2056, t=2460388.529132276:
  TLE_ECI: r=[5725.97763473 2969.55868079 4236.45945176], v=[ 1.44694788  4.69723969 -5.24308856]
  RK45_ECI: r=[ 1102.15144257 -3261.77635015  6905.7536094 ], v=[5.35800443 4.62097426 1.32062976]
Epoch 2057, t=2460388.5292075393:
  TLE_ECI: r=[5765.67180273 3112.0290052  4077.53466928], v=[ 1.29530094  4.61881108 -5.35143929]
  RK45_ECI: r=[ 1138.50529243 -3231.13593673  6914.21119109], v=[5.34950891 4.64176505 1.28169629]
Epoch 2058, t=2460388.5292828023:
  TLE_ECI: r=[5800.73505886 3252.10790036 3915.42193402], v=[ 1.14270645  4.53662872 -5.45561542]
  RK45_ECI: r=[ 1174.78830087 -3200.34397472  6922.4154016 ], v=[5.34079941 4.66237899 1.24271611]
Epoch 2059, t=2460388.5293580657:
  TLE_ECI: r=[5831.14195702 3389.68152329 3750.24772542], v=[ 0.98928706  4.4507554  -5.55553455]
  RK45_ECI: r=[ 1210.99951454 -3169.40121787  6930.36605688], v=[5.33187632 4.6828154  1.2036901 ]
Epoch 2060, t=2460388.529433329:
  TLE_ECI: r=[5856.87082339 3524.63789807 3582.14094562], v=[ 0.83516614  4.36125694 -5.65111758]
  RK45_ECI: r=[ 1247.13746482 -3138.30885993  6938.06286138], v=[5.32274012 4.70307332 1.16461969]
Epoch 2061, t=2460388.5295085926:
  TLE_ECI: r=[5877.90373682 3656.8670766  3411.23281931], v=[ 0.6804676   4.2682022  -5.74228877]
  RK45_ECI: r=[ 1283.20037206 -3107.06838649  6945.50546016], v=[5.31339138 4.72315165 1.12550669]
Epoch 2062, t=2460388.529583856:
  TLE_ECI: r=[5894.22655242 3786.26121305 3237.65679146], v=[ 0.52531582  4.17166299 -5.82897584]
  RK45_ECI: r=[ 1319.18711019 -3075.68071586  6952.6936498 ], v=[5.30383055 4.74304961 1.08635218]
Epoch 2063, t=2460388.529659119:
  TLE_ECI: r=[5905.82892429 3912.71463657 3061.54842305], v=[ 0.36983555  4.07171403 -5.91111001]
  RK45_ECI: r=[ 1355.09573798 -3044.14749888  6959.62706692], v=[5.29405826 4.76276601 1.04715813]
Epoch 2064, t=2460388.5297343824:
  TLE_ECI: r=[5912.70426816 4036.1240086  2883.04528502], v=[ 0.21415175  3.9684329  -5.98862606]
  RK45_ECI: r=[ 1390.92531623 -3012.46951295  6966.30555636], v=[5.28407492 4.78230021 1.00792545]
Epoch 2065, t=2460388.529809646:
  TLE_ECI: r=[5914.84983412 4156.38830584 2702.28685018], v=[ 0.05838957  3.86189997 -6.06146242]
  RK45_ECI: r=[ 1426.67439629 -2980.64798616  6972.72886936], v=[5.27388106 4.80165128 0.96865557]
Epoch 2066, t=2460388.5298849093:
  TLE_ECI: r=[5912.26666368 4273.40897398 2519.41438362], v=[-0.0973258   3.75219834 -6.12956118]
  RK45_ECI: r=[ 1462.34122136 -2948.68444361  6978.89670979], v=[5.26347731 4.82081815 0.92935032]
Epoch 2067, t=2460388.5299601727:
  TLE_ECI: r=[5904.95959952 4387.08999336 2334.57083138], v=[-0.25286922  3.6394138  -6.19286817]
  RK45_ECI: r=[ 1497.92468254 -2916.57983084  6984.80890919], v=[5.25286414 4.83980008 0.89001077]
Epoch 2068, t=2460388.5300354357:
  TLE_ECI: r=[5892.93729416 4497.33794252 2147.90070761], v=[-0.40811573  3.52363471 -6.25133303]
  RK45_ECI: r=[ 1533.42286425 -2884.33584108  6990.46516909], v=[5.24204225 4.85859593 0.85063891]
Epoch 2069, t=2460388.530110699:
  TLE_ECI: r=[5876.21214977 4604.06214616 1959.54998037], v=[-0.56294064  3.40495199 -6.3049092 ]
  RK45_ECI: r=[ 1568.83484244 -2851.95327457  6995.86536337], v=[5.23101207 4.87720509 0.81123565]
Epoch 2070, t=2460388.5301859626:
  TLE_ECI: r=[5854.80038543 4707.17464799 1769.66595586], v=[-0.71721961  3.283459   -6.35355401]
  RK45_ECI: r=[ 1604.15918991 -2819.43339249  7001.00929029], v=[5.21977417 4.89562664 0.77180244]
Epoch 2071, t=2460388.530261226:
  TLE_ECI: r=[5828.7219711  4806.59035458 1578.39716166], v=[-0.87082881  3.1592515  -6.39722871]
  RK45_ECI: r=[ 1639.39417456 -2786.77775792  7005.89671281], v=[5.20832924 4.91385959 0.73234109]
Epoch 2072, t=2460388.530336489:
  TLE_ECI: r=[5798.00063781 4902.22707271 1385.89322865], v=[-1.02364496  3.03242755 -6.4358985 ]
  RK45_ECI: r=[ 1674.53838049 -2753.98764864  7010.52745529], v=[5.19667789 4.93190304 0.69285306]
Epoch 2073, t=2460388.5304117524:
  TLE_ECI: r=[5762.66379953 4994.00564783 1192.3047722 ], v=[-1.17554551  2.90308741 -6.46953256]
  RK45_ECI: r=[ 1709.5908955  -2721.06388086  7014.90141128], v=[5.18482056 4.9497564  0.65333924]
Epoch 2074, t=2460388.530487016:
  TLE_ECI: r=[5722.74261522 5081.84992861  997.78327194], v=[-1.32640866  2.77133353 -6.49810407]
  RK45_ECI: r=[ 1744.54983593 -2688.0081945   7019.01835699], v=[5.172758   4.96741859 0.61380165]
Epoch 2075, t=2460388.5305622793:
  TLE_ECI: r=[5678.27190515 5165.68690022  802.4809512 ], v=[-1.47611356  2.63727039 -6.52159026]
  RK45_ECI: r=[ 1779.41412278 -2654.82157668  7022.87818015], v=[5.16049076 4.9848889  0.57424137]
Epoch 2076, t=2460388.5306375427:
  TLE_ECI: r=[5629.29013525 5245.44672921  606.55065549], v=[-1.6245403   2.50100444 -6.53997243]
  RK45_ECI: r=[ 1814.18205023 -2621.50562701  7026.48070304], v=[5.14801955 5.00216637 0.53466023]
Epoch 2077, t=2460388.5307128057:
  TLE_ECI: r=[5575.83939919 5321.0628071   410.14573048], v=[-1.77157011  2.36264402 -6.55323593]
  RK45_ECI: r=[ 1848.85238294 -2588.06150113  7029.82581242], v=[5.13534497 5.01925023 0.49505949]
Epoch 2078, t=2460388.530788069:
  TLE_ECI: r=[5517.96532048 5392.47187235  213.41989962], v=[-1.91708544  2.22229926 -6.56137022]
  RK45_ECI: r=[ 1883.42375528 -2554.49049628  7032.91338571], v=[5.12246765 5.0361397  0.45544062]
Epoch 2079, t=2460388.5308633326:
  TLE_ECI: r=[5455.71710595 5459.61396602   16.52714107], v=[-2.06097001  2.080082   -6.56436886]
  RK45_ECI: r=[ 1917.89478353 -2520.79393155  7035.74330988], v=[5.10938826 5.05283394 0.41580506]
Epoch 2080, t=2460388.530938596:
  TLE_ECI: r=[5389.14744187 5522.4325488  -180.37843524], v=[-2.20310895  1.93610566 -6.56222951]
  RK45_ECI: r=[ 1952.26425209 -2486.97297193  7038.31549285], v=[5.0961074  5.06933223 0.37615411]
Epoch 2081, t=2460388.5310138594:
  TLE_ECI: r=[5318.31246415 5580.87453283 -377.14271086], v=[-2.34338891  1.79048518 -6.55495392]
  RK45_ECI: r=[ 1986.53048332 -2453.02925186  7040.62981635], v=[5.08262585 5.08563364 0.33648958]
Epoch 2082, t=2460388.5310891224:
  TLE_ECI: r=[5243.27172653 5634.89031191 -573.61168204], v=[-2.48169811  1.64333693 -6.54254798]
  RK45_ECI: r=[ 2020.69226496 -2418.96395428  7042.6862085 ], v=[5.06894425 5.10173743 0.29681275]
Epoch 2083, t=2460388.531164386:
  TLE_ECI: r=[5164.08808406 5684.43386524 -769.63158273], v=[-2.6179265   1.49477855 -6.52502166]
  RK45_ECI: r=[ 2054.74825517 -2384.77840459  7044.48459415], v=[5.05506325 5.11764287 0.25712507]
Epoch 2084, t=2460388.5312396493:
  TLE_ECI: r=[5080.82773763 5729.46270425 -965.04900763], v=[-2.75196576  1.34492892 -6.50238903]
  RK45_ECI: r=[ 2088.69724961 -2350.47379463  7046.02491435], v=[5.04098352 5.13334922 0.21742783]
Epoch 2085, t=2460388.5313149127:
  TLE_ECI: r=[ 4993.56011153  5769.93797126 -1159.71103459], v=[-2.8837095   1.19390803 -6.47466822]
  RK45_ECI: r=[ 2122.53759451 -2316.05178545  7047.30709849], v=[5.02670586 5.14885561 0.17772286]
Epoch 2086, t=2460388.531390176:
  TLE_ECI: r=[ 4902.35781122  5805.82445659 -1353.4653467 ], v=[-3.01305326  1.04183687 -6.44188144]
  RK45_ECI: r=[ 2156.26810353 -2281.51357479  7048.33110781], v=[5.01223094 5.16416134 0.13801143]
Epoch 2087, t=2460388.531465439:
  TLE_ECI: r=[ 4807.29657783  5837.09061512 -1546.16035381], v=[-3.13989463  0.88883733 -6.40405493]
  RK45_ECI: r=[ 2189.88743485 -2246.86052839  7049.09690519], v=[4.99755947 5.17926565 0.098295  ]
Epoch 2088, t=2460388.5315407026:
  TLE_ECI: r=[ 4708.45515541  5863.70864994 -1737.64531319], v=[-3.26413337  0.73503211 -6.36121894]
  RK45_ECI: r=[ 2223.39427189 -2212.09399837  7049.60446299], v=[4.98269217 5.19416784 0.05857504]
Epoch 2089, t=2460388.531615966:
  TLE_ECI: r=[ 4605.91532639  5885.65445059 -1927.77044972], v=[-3.38567141  0.58054458 -6.31340772]
  RK45_ECI: r=[ 2256.78743506 -2177.21520226  7049.85376369], v=[4.96762973 5.20886722 0.01885281]
Epoch 2090, t=2460388.5316912294:
  TLE_ECI: r=[ 4499.76177397  5902.90767098 -2116.38707487], v=[-3.50441302  0.42549874 -6.26065946]
  RK45_ECI: r=[ 2290.06530162 -2142.22583312  7049.8447963 ], v=[ 4.95237299  5.22336295 -0.02086984]
Epoch 2091, t=2460388.5317664924:
  TLE_ECI: r=[ 4390.08204417  5915.45171993 -2303.34770479], v=[-3.62026482  0.27001906 -6.20301627]
  RK45_ECI: r=[ 2323.2265533  -2107.12727981  7049.57756536], v=[ 4.93692274  5.23765431 -0.06059146]
Epoch 2092, t=2460388.531841756:
  TLE_ECI: r=[ 4276.96640273  5923.27382702 -2488.50617714], v=[-3.73313589  0.11423037 -6.14052414]
  RK45_ECI: r=[ 2356.27034658 -2071.92043545  7049.0520757 ], v=[ 4.92127951  5.2517408  -0.10031114]
Epoch 2093, t=2460388.5319170193:
  TLE_ECI: r=[ 4160.50786249  5926.36497555 -2671.71776697], v=[-3.84293782 -0.04174221 -6.07323289]
  RK45_ECI: r=[ 2389.19492082 -2036.60717744  7048.26835276], v=[ 4.90544426  5.26562153 -0.14002686]
Epoch 2094, t=2460388.5319922827:
  TLE_ECI: r=[ 4040.80203554  5924.71996295 -2852.83930099], v=[-3.94958482 -0.1977734  -6.00119614]
  RK45_ECI: r=[ 2421.99927921 -2001.18858116  7047.22641861], v=[ 4.88941766  5.27929593 -0.17973753]
Epoch 2095, t=2460388.532067546:
  TLE_ECI: r=[ 3917.94706997  5918.33739223 -3031.72927053], v=[-4.05299374 -0.35373783 -5.92447123]
  RK45_ECI: r=[ 2454.68183187 -1965.6663698   7045.9263219 ], v=[ 4.87320061  5.29276321 -0.21944133]
Epoch 2096, t=2460388.532142809:
  TLE_ECI: r=[ 3792.04358456  5907.21966239 -3208.24794296], v=[-4.15308416 -0.50951019 -5.84311923]
  RK45_ECI: r=[ 2487.24128942 -1930.04195823  7044.36811467], v=[ 4.8567939   5.30602268 -0.25913678]
Epoch 2097, t=2460388.5322180726:
  TLE_ECI: r=[ 3663.19451501  5891.37301165 -3382.25747134], v=[-4.24977845 -0.66496534 -5.75720478]
  RK45_ECI: r=[ 2519.67682857 -1894.31625761  7042.55183107], v=[ 4.84019812  5.31907388 -0.29882299]
Epoch 2098, t=2460388.532293336:
  TLE_ECI: r=[ 3531.50513172  5870.80744462 -3553.62200275], v=[-4.34300182 -0.81997835 -5.66679614]
  RK45_ECI: r=[ 2551.98672538 -1858.49117708  7040.47756222], v=[ 4.82341428  5.33191597 -0.33849794]
Epoch 2099, t=2460388.5323685994:
  TLE_ECI: r=[ 3397.08288216  5845.53677012 -3722.20778435], v=[-4.43268237 -0.97442468 -5.57196507]
  RK45_ECI: r=[ 2584.17000723 -1822.5678126   7038.14536555], v=[ 4.80644306  5.34454841 -0.37816054]
Epoch 2100, t=2460388.532443863:
  TLE_ECI: r=[ 3260.03731907  5815.57857826 -3887.88326783], v=[-4.51875119 -1.12818021 -5.47278677]
  RK45_ECI: r=[ 2616.2251186  -1786.54791586  7035.5553493 ], v=[ 4.7892854   5.35697047 -0.41780896]
Epoch 2101, t=2460388.532519126:
  TLE_ECI: r=[ 3120.48002581  5780.95421725 -4050.51921183], v=[-4.60114234 -1.28112139 -5.36933982]
  RK45_ECI: r=[ 2648.15080035 -1750.43292624  7032.70761296], v=[ 4.77194216  5.36918151 -0.45744174]
Epoch 2102, t=2460388.5325943893:
  TLE_ECI: r=[ 2978.52445591  5741.68881321 -4209.9887822 ], v=[-4.67979294 -1.43312537 -5.26170612]
  RK45_ECI: r=[ 2679.94625028 -1714.22377195  7029.60221996], v=[ 4.75441393  5.38118107 -0.49705798]
Epoch 2103, t=2460388.5326696527:
  TLE_ECI: r=[ 2834.28594123  5697.81119332 -4366.1676504 ], v=[-4.75464321 -1.58407    -5.14997079]
  RK45_ECI: r=[ 2711.60978291 -1677.92239196  7026.23932702], v=[ 4.73670178  5.39296838 -0.53665566]
Epoch 2104, t=2460388.532744916:
  TLE_ECI: r=[ 2687.88152869  5649.35390045 -4518.93408941], v=[-4.82563651 -1.73383401 -5.03422214]
  RK45_ECI: r=[ 2743.14045066 -1641.52990183  7022.61902688], v=[ 4.71880641  5.40454295 -0.57623371]
Epoch 2105, t=2460388.5328201796:
  TLE_ECI: r=[ 2539.42990051  5596.35315727 -4668.1690676 ], v=[-4.89271937 -1.8822971  -4.91455155]
  RK45_ECI: r=[ 2774.53673404 -1605.04807982  7018.74148725], v=[ 4.70072883  5.41590408 -0.61579029]
Epoch 2106, t=2460388.5328954426:
  TLE_ECI: r=[ 2389.05129317  5538.84882984 -4813.75634012], v=[-4.95584153 -2.02933998 -4.79105341]
  RK45_ECI: r=[ 2805.79740547 -1568.47838829  7014.606855  ], v=[ 4.6824699   5.42705118 -0.65532394]
Epoch 2107, t=2460388.532970706:
  TLE_ECI: r=[ 2236.86733395  5476.88442384 -4955.58253789], v=[-5.01495596 -2.17484456 -4.66382505]
  RK45_ECI: r=[ 2836.92168456 -1531.82177173  7010.21522279], v=[ 4.66403026  5.43798383 -0.69483377]
Epoch 2108, t=2460388.5330459694:
  TLE_ECI: r=[ 2083.0010391   5410.5070061  -5093.53725441], v=[-5.07001892 -2.31869396 -4.53296662]
  RK45_ECI: r=[ 2867.90792595 -1495.08019694  7005.56681276], v=[ 4.64541101  5.44870131 -0.73431777]
Epoch 2109, t=2460388.533121233:
  TLE_ECI: r=[ 1927.57664823  5339.76719611 -5227.51312971], v=[-5.12098998 -2.46077262 -4.39858106]
  RK45_ECI: r=[ 2898.7552082  -1458.25479773  7000.66175289], v=[ 4.6266129   5.45920315 -0.77377486]
Epoch 2110, t=2460388.533196496:
  TLE_ECI: r=[ 1770.71955523  5264.71911252 -5357.405932  ], v=[-5.167832   -2.6009664  -4.26077397]
  RK45_ECI: r=[ 2929.46190452 -1421.34755272  6995.50029504], v=[ 4.60763706  5.46948867 -0.81320303]
Epoch 2111, t=2460388.5332717593:
  TLE_ECI: r=[ 1612.55614478  5185.42035117 -5483.11463644], v=[-5.2105112  -2.73916272 -4.11965354]
  RK45_ECI: r=[ 2960.02725435 -1384.35941954  6990.08255882], v=[ 4.58848412  5.47955747 -0.85260139]
Epoch 2112, t=2460388.5333470227:
  TLE_ECI: r=[ 1453.21378305  5101.93190628 -5604.54150174], v=[-5.24899715 -2.87525052 -3.97533047]
  RK45_ECI: r=[ 2990.45006571 -1347.29188412  6984.40874052], v=[ 4.569155    5.489409   -0.89196848]
Epoch 2113, t=2460388.533422286:
  TLE_ECI: r=[ 1292.82065304  5014.31814388 -5721.59214352], v=[-5.28326282 -3.00912047 -3.82791785]
  RK45_ECI: r=[ 3020.72887975 -1310.14676364  6978.47910268], v=[ 4.54965079  5.49904267 -0.93130248]
Epoch 2114, t=2460388.5334975496:
  TLE_ECI: r=[ 1131.50566693  4922.64674495 -5834.17560535], v=[-5.31328455 -3.140665   -3.6775311 ]
  RK45_ECI: r=[ 3050.86280207 -1272.92520916  6972.29380839], v=[ 4.52997223  5.50845803 -0.97060233]
Epoch 2115, t=2460388.5335728126:
  TLE_ECI: r=[  969.39837697  4826.98864862 -5942.20442682], v=[-5.33904209 -3.26977834 -3.52428786]
  RK45_ECI: r=[ 3080.85024832 -1235.62922423  6965.85317463], v=[ 4.51012051  5.51765446 -1.00986601]
Epoch 2116, t=2460388.533648076:
  TLE_ECI: r=[  806.62881482  4727.41800793 -6045.59470878], v=[-5.36051857 -3.39635673 -3.3683079 ]
  RK45_ECI: r=[ 3110.69048137 -1198.25978069  6959.15735004], v=[ 4.4900963   5.52663158 -1.04909265]
Epoch 2117, t=2460388.5337233394:
  TLE_ECI: r=[  643.32747378  4624.01211234 -6144.26617603], v=[-5.37770055 -3.52029835 -3.20971303]
  RK45_ECI: r=[ 3140.38234324 -1160.81838441  6952.20657795], v=[ 4.46990054  5.53538891 -1.08828079]
Epoch 2118, t=2460388.533798603:
  TLE_ECI: r=[  479.62514746  4516.85133965 -6238.14223682], v=[-5.39057802 -3.64150347 -3.048627  ]
  RK45_ECI: r=[ 3169.92441489 -1123.30687452  6945.00117986], v=[ 4.44953435  5.54392589 -1.12742863]
Epoch 2119, t=2460388.5338738663:
  TLE_ECI: r=[  315.65284028  4406.01908925 -6327.15003965], v=[-5.39914434 -3.75987453 -2.88517539]
  RK45_ECI: r=[ 3199.31582985 -1085.72641807  6937.54135381], v=[ 4.42899852  5.55224211 -1.16653509]
Epoch 2120, t=2460388.5339491293:
  TLE_ECI: r=[  151.54167636  4291.60171601 -6411.22052718], v=[-5.40339632 -3.87531616 -2.71948556]
  RK45_ECI: r=[ 3228.55504782 -1048.07904144  6929.82748161], v=[ 4.40829427  5.56033702 -1.20559819]
Epoch 2121, t=2460388.5340243927:
  TLE_ECI: r=[  -12.57725462  4173.68846489 -6490.288487  ], v=[-5.40333414 -3.98773534 -2.55168647]
  RK45_ECI: r=[ 3257.64135581 -1010.36572979  6921.85974081], v=[ 4.38742229  5.56821027 -1.24461703]
Epoch 2122, t=2460388.534099656:
  TLE_ECI: r=[ -176.57292432  4052.37139661 -6564.29259982], v=[-5.39896139 -4.09704139 -2.38190868]
  RK45_ECI: r=[3286.57363098 -972.58800735 6913.63842152], v=[ 4.36638357  5.57586141 -1.28359019]
Epoch 2123, t=2460388.5341749196:
  TLE_ECI: r=[ -340.31452014  3927.74531903 -6633.17548439], v=[-5.39028505 -4.20314605 -2.21028417]
  RK45_ECI: r=[3315.35049555 -934.74773327 6905.16390393], v=[ 4.34517926  5.58328995 -1.32251586]
Epoch 2124, t=2460388.534250183:
  TLE_ECI: r=[ -503.67153495  3799.90771211 -6696.88373955], v=[-5.37731547 -4.30596356 -2.03694628]
  RK45_ECI: r=[3343.97111184 -896.84608932 6896.43642083], v=[ 4.32381017  5.59049551 -1.36139297]
Epoch 2125, t=2460388.534325446:
  TLE_ECI: r=[ -666.51385846  3668.95865384 -6755.36798334], v=[-5.36006636 -4.40541072 -1.86202961]
  RK45_ECI: r=[3372.43398509 -858.88512282 6887.45641852], v=[ 4.30227758  5.59747759 -1.40021956]
Epoch 2126, t=2460388.5344007094:
  TLE_ECI: r=[ -828.71192265  3535.00073513 -6808.58288895], v=[-5.33855475 -4.50140699 -1.68566989]
  RK45_ECI: r=[3400.73842718 -820.86583108 6878.22410326], v=[ 4.28058219  5.60423589 -1.43899473]
Epoch 2127, t=2460388.534475973:
  TLE_ECI: r=[ -990.13673687  3398.13899009 -6856.48721789], v=[-5.31280102 -4.59387445 -1.50800394]
  RK45_ECI: r=[3428.88335156 -782.78975517 6868.73981171], v=[ 4.25872502  5.61077    -1.47771706]
Epoch 2128, t=2460388.5345512363:
  TLE_ECI: r=[-1150.66003273  3258.48080829 -6899.04384997], v=[-5.28282884 -4.68273795 -1.32916948]
  RK45_ECI: r=[3456.86742301 -744.65877233 6859.00398238], v=[ 4.23670726  5.61707947 -1.51638477]
Epoch 2129, t=2460388.5346264993:
  TLE_ECI: r=[-1310.15434359  3116.13585666 -6936.21981026], v=[-5.24866518 -4.76792511 -1.14930512]
  RK45_ECI: r=[3484.68970282 -706.47425969 6849.01693006], v=[ 4.21452986  5.62316395 -1.55499661]
Epoch 2130, t=2460388.5347017627:
  TLE_ECI: r=[-1468.49314053  2971.21597986 -6967.98629303], v=[-5.21034022 -4.84936643 -0.96855021]
  RK45_ECI: r=[3512.34913532 -668.23773793 6838.77902272], v=[ 4.19219381  5.62902309 -1.59355116]
Epoch 2131, t=2460388.534777026:
  TLE_ECI: r=[-1625.55087463  2823.83513502 -6994.31868276], v=[-5.1678874  -4.92699528 -0.78704473]
  RK45_ECI: r=[3539.84466587 -629.95076086 6828.29063756], v=[ 4.16970016  5.63465651 -1.63204701]
Epoch 2132, t=2460388.5348522896:
  TLE_ECI: r=[-1781.20311185  2674.10928993 -7015.19657193], v=[-5.12134334 -5.00074798 -0.60492922]
  RK45_ECI: r=[3567.17537596 -591.61470305 6817.55211001], v=[ 4.14704985  5.64006387 -1.67048292]
Epoch 2133, t=2460388.534927553:
  TLE_ECI: r=[-1935.32662006  2522.15633666 -7030.60377583], v=[-5.07074785 -5.07056384 -0.42234465]
  RK45_ECI: r=[3594.33997425 -553.23145796 6806.56393644], v=[ 4.12424412  5.64524482 -1.70885711]
Epoch 2134, t=2460388.535002816:
  TLE_ECI: r=[-2087.79945755  2368.09600646 -7040.52834436], v=[-5.01614385 -5.1363852  -0.23943235]
  RK45_ECI: r=[3621.33755653 -514.8024161  6795.32647186], v=[ 4.10128393  5.65019901 -1.74716835]
Epoch 2135, t=2460388.5350780794:
  TLE_ECI: r=[-2238.5010953   2212.04975367 -7044.96257065], v=[-4.95757736 -5.19815753 -0.05633387]
  RK45_ECI: r=[3648.16710349 -476.32911114 6783.8401302 ], v=[ 4.07817031  5.65492615 -1.78541524]
Epoch 2136, t=2460388.535153343:
  TLE_ECI: r=[-2387.31246729  2054.14069692 -7043.9029968 ], v=[-4.89509746 -5.25582937  0.12680909]
  RK45_ECI: r=[3674.82759873 -437.81311086 6772.10533459], v=[ 4.05490433  5.65942591 -1.82359637]
Epoch 2137, t=2460388.5352286063:
  TLE_ECI: r=[-2534.11609185  1894.49350099 -7037.35041639], v=[-4.82875627 -5.30935245  0.3098548 ]
  RK45_ECI: r=[3701.31815816 -399.25580198 6760.12246044], v=[ 4.03148697  5.66369801 -1.86171051]
Epoch 2138, t=2460388.5353038698:
  TLE_ECI: r=[-2678.79615475  1733.23428635 -7025.30987401], v=[-4.75860888 -5.35868169  0.49266161]
  RK45_ECI: r=[3727.63753558 -360.65909222 6747.8920616 ], v=[ 4.0079195   5.66774211 -1.89975591]
Epoch 2139, t=2460388.5353791327:
  TLE_ECI: r=[-2821.23859421  1570.49053994 -7007.79066174], v=[-4.68471333 -5.40377525  0.675088  ]
  RK45_ECI: r=[3753.78486211 -322.02438436 6735.41453288], v=[ 3.98420291  5.67155794 -1.93773134]
Epoch 2140, t=2460388.535454396:
  TLE_ECI: r=[-2961.33120805  1406.39098401 -6984.80631243], v=[-4.60713052 -5.4445946   0.85699277]
  RK45_ECI: r=[3779.75915584 -283.35322327 6722.69033384], v=[ 3.96033826  5.67514525 -1.9756354 ]
Epoch 2141, t=2460388.5355296596:
  TLE_ECI: r=[-3098.96371124  1241.06552485 -6956.37459019], v=[-4.52592424 -5.48110446  1.03823507]
  RK45_ECI: r=[3805.55955976 -244.64701556 6709.71987167], v=[ 3.93632655  5.67850375 -2.01346689]
Epoch 2142, t=2460388.535604923:
  TLE_ECI: r=[-3234.02784114  1074.64512054 -6922.51747753], v=[-4.44116107 -5.51327291  1.21867452]
  RK45_ECI: r=[3831.18486464 -205.9076789  6696.50374579], v=[ 3.91216907  5.68163319 -2.05122405]
Epoch 2143, t=2460388.535680186:
  TLE_ECI: r=[-3366.41743351   907.26169712 -6883.26115964], v=[-4.35291035 -5.54107138  1.39817132]
  RK45_ECI: r=[3856.63411187 -167.13679809 6683.04244638], v=[ 3.88786696  5.68453331 -2.08890549]
Epoch 2144, t=2460388.5357554494:
  TLE_ECI: r=[-3496.02851589   739.0480075  -6838.6360055 ], v=[-4.26124408 -5.56447472  1.57658636]
  RK45_ECI: r=[3881.90670609 -128.33540558 6669.33627793], v=[ 3.86342097  5.68720389 -2.12651037]
Epoch 2145, t=2460388.535830713:
  TLE_ECI: r=[-3622.75937077   570.13758598 -6788.67654603], v=[-4.16623696 -5.58346117  1.7537813 ]
  RK45_ECI: r=[3907.00134629  -89.50561017 6655.38593641], v=[ 3.83883255  5.6896447  -2.16403677]
Epoch 2146, t=2460388.5359059763:
  TLE_ECI: r=[-3746.51062663   400.66460661 -6733.42144911], v=[-4.06796626 -5.59801239  1.92961869]
  RK45_ECI: r=[3931.9173311   -50.64864393 6641.19180461], v=[ 3.8141026   5.69185551 -2.20148365]
Epoch 2147, t=2460388.5359812398:
  TLE_ECI: r=[-3867.185332     230.76378793 -6672.91349164], v=[-3.96651178 -5.60811352  2.10396205]
  RK45_ECI: r=[3956.65349855  -11.76643519 6626.75453844], v=[ 3.78923246  5.69383612 -2.2388493 ]
Epoch 2148, t=2460388.5360565027:
  TLE_ECI: r=[-3984.68903072    60.5702997  -6607.19952852], v=[-3.86195582 -5.61375314  2.276676  ]
  RK45_ECI: r=[3981.2089307    27.13942144 6612.07467293], v=[ 3.76422327  5.69558631 -2.27613234]
Epoch 2149, t=2460388.536131766:
  TLE_ECI: r=[-4098.92983671  -109.78038903 -6536.33045858], v=[-3.75438305 -5.61492336  2.44762633]
  RK45_ECI: r=[4005.5830599    66.0678862  6597.15254024], v=[ 3.73907583  5.69710592 -2.31333193]
Epoch 2150, t=2460388.5362070296:
  TLE_ECI: r=[-4209.81850315  -280.1525468  -6460.36118758], v=[-3.64388053 -5.61161976  2.61668013]
  RK45_ECI: r=[4029.77463744  105.01683986 6581.9888982 ], v=[ 3.7137916   5.69839475 -2.35044616]
Epoch 2151, t=2460388.536282293:
  TLE_ECI: r=[-4317.26849437  -450.41033214 -6379.35058814], v=[-3.53053762 -5.60384143  2.78370586]
  RK45_ECI: r=[4053.78299487  143.98504256 6566.58416281], v=[ 3.68837151  5.69945263 -2.38747403]
Epoch 2152, t=2460388.5363575565:
  TLE_ECI: r=[-4421.19605299  -620.41788862 -6293.36145667], v=[-3.41444588 -5.59159099  2.94857348]
  RK45_ECI: r=[4077.60701863  182.97055727 6550.93904585], v=[ 3.66281693  5.70027941 -2.42441383]
Epoch 2153, t=2460388.5364328194:
  TLE_ECI: r=[-4521.52026792  -790.03943867 -6202.46046737], v=[-3.29569905 -5.57487457  3.11115452]
  RK45_ECI: r=[4101.24583229  221.9717812  6535.05412671], v=[ 3.63712903  5.70087492 -2.46126419]
Epoch 2154, t=2460388.536508083:
  TLE_ECI: r=[-4618.16312914  -959.13944355 -6106.71812324], v=[-3.17439291 -5.55370184  3.27132219]
  RK45_ECI: r=[4124.69889654  260.98766827 6518.92976491], v=[ 3.61130862  5.70123903 -2.49802429]
Epoch 2155, t=2460388.5365833463:
  TLE_ECI: r=[-4711.04960159 -1127.58263181 -6006.20870411], v=[-3.0506253  -5.52808599  3.42895151]
  RK45_ECI: r=[4147.9650161   300.01609128 6502.56677942], v=[ 3.58535721  5.70137161 -2.53469226]
Epoch 2156, t=2460388.5366586098:
  TLE_ECI: r=[-4800.10767657 -1295.23415872 -5901.01021182], v=[-2.924496   -5.49804375  3.58391934]
  RK45_ECI: r=[4171.04355612  339.05580366 6485.96561907], v=[ 3.55927573  5.70127252 -2.57126708]
Epoch 2157, t=2460388.536733873:
  TLE_ECI: r=[-4885.26843055 -1461.9597005  -5791.20431242], v=[-2.79610663 -5.46359535  3.73610453]
  RK45_ECI: r=[4193.9334525   378.10486168 6469.12705084], v=[ 3.5330656   5.70094166 -2.60774708]
Epoch 2158, t=2460388.536809136:
  TLE_ECI: r=[-4966.46608452 -1627.62554685 -5676.87627554], v=[-2.66556066 -5.42476454  3.885388  ]
  RK45_ECI: r=[4216.63387119  417.16165623 6452.05169798], v=[ 3.506728    5.70037894 -2.64413091]
Epoch 2159, t=2460388.5368843996:
  TLE_ECI: r=[-5043.63803765 -1792.09876562 -5558.11491089], v=[-2.53296318 -5.38157861  4.03165284]
  RK45_ECI: r=[4239.14430169  456.22513589 6434.73994699], v=[ 3.48026376  5.69958423 -2.68041775]
Epoch 2160, t=2460388.536959663:
  TLE_ECI: r=[-5116.72494434 -1955.24722292 -5435.01250186], v=[-2.398421   -5.3340683   4.17478438]
  RK45_ECI: r=[4261.46360332  495.29316769 6417.19267723], v=[ 3.45367441  5.69855748 -2.71660575]
Epoch 2161, t=2460388.5370349265:
  TLE_ECI: r=[-5185.67074391 -2116.9397466  -5307.66473648], v=[-2.26204244 -5.28226786  4.31467032]
  RK45_ECI: r=[4283.59117547  534.36449967 6399.41036995], v=[ 3.42696093  5.69729858 -2.75269392]
Epoch 2162, t=2460388.5371101894:
  TLE_ECI: r=[-5250.42271637 -2277.04620238 -5176.17063546], v=[-2.12393731 -5.22621496  4.45120078]
  RK45_ECI: r=[4305.52590237  573.4369971  6381.39393173], v=[ 3.40012487  5.69580751 -2.78868043]
Epoch 2163, t=2460388.537185453:
  TLE_ECI: r=[-5310.93149845 -2435.43766025 -5040.63247762], v=[-1.98421676 -5.16595077  4.58426844]
  RK45_ECI: r=[4327.2672994   612.50960542 6363.14377374], v=[ 3.37316707  5.69408419 -2.82456447]
Epoch 2164, t=2460388.5372607163:
  TLE_ECI: r=[-5367.15116206 -2591.98640691 -4901.15572253], v=[-1.84299328 -5.10151982  4.71376859]
  RK45_ECI: r=[4348.81457915  651.58070973 6344.66056447], v=[ 3.34608873  5.69212855 -2.86034471]
Epoch 2165, t=2460388.5373359798:
  TLE_ECI: r=[-5419.03922575 -2746.5661109  -4757.84893062], v=[-1.70038057 -5.03297007  4.83959921]
  RK45_ECI: r=[4370.1667587   690.64835985 6325.94515771], v=[ 3.31889132  5.6899406  -2.8960195 ]
Epoch 2166, t=2460388.537411243:
  TLE_ECI: r=[-5466.55669516 -2899.05191034 -4610.82368057], v=[-1.55649343 -4.96035282  4.9616611 ]
  RK45_ECI: r=[4391.32327219  729.71130002 6306.99806669], v=[ 3.2915758   5.68752028 -2.93158787]
Epoch 2167, t=2460388.537486506:
  TLE_ECI: r=[-5509.66810382 -3049.32049823 -4460.19448428], v=[-1.41144772 -4.8837227   5.07985793]
  RK45_ECI: r=[4412.28306     768.7673927  6287.82025716], v=[ 3.26414378  5.68486761 -2.967048  ]
Epoch 2168, t=2460388.5375617696:
  TLE_ECI: r=[-5548.34150613 -3197.2502885  -4306.07869929], v=[-1.26536016 -4.80313764  5.19409632]
  RK45_ECI: r=[4433.04566727  807.81558023 6268.41216657], v=[ 3.23659609  5.68198255 -3.00239911]
Epoch 2169, t=2460388.537637033:
  TLE_ECI: r=[-5582.54855588 -3342.72141908 -4148.59643866], v=[-1.1183484  -4.71865882  5.30428595]
  RK45_ECI: r=[4453.61035054  846.85424491 6248.77450602], v=[ 3.20893398  5.6788651  -3.03763988]
Epoch 2170, t=2460388.5377122965:
  TLE_ECI: r=[-5612.26449468 -3485.61591497 -3987.87047867], v=[-0.97053081 -4.63035064  5.4103396 ]
  RK45_ECI: r=[4473.97617881  885.8814352  6228.90818255], v=[ 3.18115891  5.6755153  -3.0727687 ]
Epoch 2171, t=2460388.53778756:
  TLE_ECI: r=[-5637.46818072 -3625.81776939 -3824.02616404], v=[-0.8220264  -4.53828064  5.51217325]
  RK45_ECI: r=[4494.1426216   924.8958924  6208.81374086], v=[ 3.1532719   5.67193314 -3.1077846 ]
Epoch 2172, t=2460388.537862823:
  TLE_ECI: r=[-5658.14211678 -3763.21302373 -3657.19131095], v=[-0.67295475 -4.44251952  5.60970617]
  RK45_ECI: r=[4514.10867636  963.89547886 6188.49220497], v=[ 3.12527455  5.66811871 -3.1426858 ]
Epoch 2173, t=2460388.5379380863:
  TLE_ECI: r=[-5674.27242092 -3897.68992792 -3487.49610797], v=[-0.52343589 -4.34314103  5.70286094]
  RK45_ECI: r=[4533.87391842 1002.87913481 6167.94403824], v=[ 3.09716773  5.66407199 -3.17747151]
Epoch 2174, t=2460388.5380133498:
  TLE_ECI: r=[-5685.84890262 -4029.13893442 -3315.07301467], v=[-0.3735902  -4.24022193  5.79156356]
  RK45_ECI: r=[4553.437649   1041.84524135 6147.16999365], v=[ 3.06895269  5.65979304 -3.21214046]
Epoch 2175, t=2460388.538088613:
  TLE_ECI: r=[-5692.86502809 -4157.45285567 -3140.05665845], v=[-0.22353836 -4.13384196  5.87574353]
  RK45_ECI: r=[4572.79898988 1080.79184757 6126.1710307 ], v=[ 3.04063094  5.65528196 -3.24669104]
Epoch 2176, t=2460388.5381638766:
  TLE_ECI: r=[-5695.31793606 -4282.52693722 -2962.58372918], v=[-0.07340117 -4.02408373  5.95533385]
  RK45_ECI: r=[4591.95744641 1119.7176935  6104.94772501], v=[ 3.01220348  5.65053877 -3.28112231]
Epoch 2177, t=2460388.5382391396:
  TLE_ECI: r=[-5693.20845283 -4404.25892886 -2782.79287217], v=[ 0.07670048 -3.91103273  6.03027115]
  RK45_ECI: r=[4610.91207407 1158.62064329 6083.50115795], v=[ 2.98367197  5.64556363 -3.31543253]
Epoch 2178, t=2460388.538314403:
  TLE_ECI: r=[-5686.54104001 -4522.54923721 -2600.82457931], v=[ 0.22664579 -3.79477717  6.10049571]
  RK45_ECI: r=[4629.66247879 1197.49963634 6061.83181832], v=[ 2.95503727  5.64035656 -3.34962091]
Epoch 2179, t=2460388.5383896665:
  TLE_ECI: r=[-5675.32386695 -4637.30090949 -2416.82107837], v=[ 0.37631404 -3.67540801  6.16595151]
  RK45_ECI: r=[4648.20800708 1236.3530542  6039.94050032], v=[ 2.92630067  5.63491765 -3.38368621]
Epoch 2180, t=2460388.53846493:
  TLE_ECI: r=[-5659.56875288 -4748.41978222 -2230.92622089], v=[ 0.52558481 -3.55301882  6.22658633]
  RK45_ECI: r=[4666.5478343  1275.17894874 6017.82821495], v=[ 2.89746368  5.62924707 -3.41762684]
Epoch 2181, t=2460388.538540193:
  TLE_ECI: r=[-5639.29118379 -4855.81452717 -2043.28536843], v=[ 0.67433797 -3.42770572  6.28235171]
  RK45_ECI: r=[4684.6813309  1313.97570299 5995.49577893], v=[ 2.86852761  5.62334494 -3.45144157]
Epoch 2182, t=2460388.5386154563:
  TLE_ECI: r=[-5614.51024222 -4959.39679527 -1854.04527766], v=[ 0.82245391 -3.29956733  6.33320311]
  RK45_ECI: r=[4702.6081249  1352.74225596 5972.94369797], v=[ 2.83949331  5.61721131 -3.48512963]
Epoch 2183, t=2460388.5386907198:
  TLE_ECI: r=[-5585.24867534 -5059.08119216 -1663.35398369], v=[ 0.96981352 -3.16870466  6.37909985]
  RK45_ECI: r=[4720.32733951 1391.47647665 5950.17311781], v=[ 2.81036248  5.6108464  -3.51868931]
Epoch 2184, t=2460388.538765983:
  TLE_ECI: r=[-5551.53281962 -5154.7854169  -1471.36068268], v=[ 1.11629835 -3.03522105  6.42000519]
  RK45_ECI: r=[4737.83853834 1430.17710574 5927.18466249], v=[ 2.78113614  5.6042503  -3.55211969]
Epoch 2185, t=2460388.5388412466:
  TLE_ECI: r=[-5513.39259229 -5246.43031529 -1278.21561304], v=[ 1.2617907  -2.89922207  6.45588638]
  RK45_ECI: r=[4755.14095117 1468.84219963 5903.97939357], v=[ 2.75181584  5.59742323 -3.58541923]
Epoch 2186, t=2460388.5389165096:
  TLE_ECI: r=[-5470.86148077 -5333.93993195 -1084.06993579], v=[ 1.40617374 -2.76081544  6.48671468]
  RK45_ECI: r=[4772.23407762 1507.47031534 5880.55805738], v=[ 2.72240276  5.59036533 -3.61858686]
Epoch 2187, t=2460388.538991773:
  TLE_ECI: r=[-5423.97645251 -5417.24163851  -889.07561409], v=[ 1.5493316  -2.62011093  6.51246535]
  RK45_ECI: r=[4789.11732773 1546.05988101 5856.9215156 ], v=[ 2.69289816  5.58307679 -3.65162138]
Epoch 2188, t=2460388.5390670365:
  TLE_ECI: r=[-5372.77801576 -5496.26609975  -693.38529173], v=[ 1.69114943 -2.47722028  6.53311774]
  RK45_ECI: r=[4805.7901337  1584.60928412 5833.07063776], v=[ 2.66330337  5.57555779 -3.68452156]
Epoch 2189, t=2460388.5391423:
  TLE_ECI: r=[-5317.31012342 -5570.94739713  -497.1521713 ], v=[ 1.83151357 -2.33225714  6.54865525]
  RK45_ECI: r=[4822.25201305 1623.11709686 5809.00618784], v=[ 2.63361956  5.56780848 -3.71728636]
Epoch 2190, t=2460388.5392175633:
  TLE_ECI: r=[-5257.62015055 -5641.22306929  -300.52989164], v=[ 1.97031157 -2.18533688  6.5590654 ]
  RK45_ECI: r=[4838.50225048 1661.58138261 5784.72927696], v=[ 2.60384829  5.55982915 -3.74991426]
Epoch 2191, t=2460388.5392928263:
  TLE_ECI: r=[-5193.75887071 -5707.03415014  -103.67240488], v=[ 2.10743236 -2.03657661  6.56433977]
  RK45_ECI: r=[4854.5403879  1700.00070184 5760.24068571], v=[ 2.57399076  5.55161999 -3.78240423]
Epoch 2192, t=2460388.5393680898:
  TLE_ECI: r=[-5125.78034581 -5768.32528053    93.26614665], v=[ 2.24276629 -1.88609497  6.5644741 ]
  RK45_ECI: r=[4870.3658804  1738.37348847 5735.54131491], v=[ 2.54404825  5.54318122 -3.81475506]
Epoch 2193, t=2460388.539443353:
  TLE_ECI: r=[-5053.74197924 -5825.04466421   290.13155406], v=[ 2.37620527 -1.73401213  6.55946822]
  RK45_ECI: r=[4885.97820706 1776.69813543 5710.63207309], v=[ 2.51402209  5.53451308 -3.84696558]
Epoch 2194, t=2460388.5395186166:
  TLE_ECI: r=[-4977.70440078 -5877.1441734    486.76966524], v=[ 2.5076428  -1.5804496   6.54932607]
  RK45_ECI: r=[4901.37692723 1814.97321959 5685.51375808], v=[ 2.48391347  5.52561577 -3.87903476]
Epoch 2195, t=2460388.53959388:
  TLE_ECI: r=[-4897.73143105 -5924.57937496   683.02650835], v=[ 2.63697411 -1.4255302   6.53405573]
  RK45_ECI: r=[4916.56138127 1853.1968131  5660.18752955], v=[ 2.45372397  5.51648964 -3.91096111]
Epoch 2196, t=2460388.539669143:
  TLE_ECI: r=[-4813.89004451 -5967.30955443   878.74841515], v=[ 2.76409626 -1.26937792  6.51366935]
  RK45_ECI: r=[4931.5311537  1891.36748155 5634.65420162], v=[ 2.42345481  5.50713491 -3.94274362]
Epoch 2197, t=2460388.5397444065:
  TLE_ECI: r=[-4726.25024211 -6005.29780795  1073.78214379], v=[ 2.88890817 -1.11211777  6.4881832 ]
  RK45_ECI: r=[4946.28574511 1929.48366648 5608.91471339], v=[ 2.39310727  5.49755185 -3.97438112]
Epoch 2198, t=2460388.53981967:
  TLE_ECI: r=[-4634.88509635 -6038.51098841  1267.97500167], v=[ 3.01131075 -0.95387576  6.45761763]
  RK45_ECI: r=[4960.82475405 1967.54393525 5582.96988927], v=[ 2.36268257  5.48774071 -4.0058726 ]
Epoch 2199, t=2460388.5398949333:
  TLE_ECI: r=[-4539.87061923 -6066.91979131  1461.17496739], v=[ 3.13120697 -0.79477876  6.42199703]
  RK45_ECI: r=[4975.14756579 2005.5463685  5556.82092698], v=[ 2.3321823   5.47770187 -4.03721661]
Epoch 2200, t=2460388.5399701963:
  TLE_ECI: r=[-4441.28573251 -6090.49875273  1653.2308122 ], v=[ 3.24850194 -0.63495437  6.38134984]
  RK45_ECI: r=[4989.25372894 2043.4893702  5530.46879104], v=[ 2.30160782  5.46743565 -4.06841201]
Epoch 2201, t=2460388.5400454598:
  TLE_ECI: r=[-4339.21212904 -6109.22632381  1843.99222062], v=[ 3.363103   -0.47453079  6.33570851]
  RK45_ECI: r=[5003.14299158 2081.37188962 5503.9140781 ], v=[ 2.27096003  5.4569422  -4.09945808]
Epoch 2202, t=2460388.540120723:
  TLE_ECI: r=[-4233.73431042 -6123.08481022  2033.30991047], v=[ 3.47491976 -0.3136368   6.28510947]
  RK45_ECI: r=[5016.81470757 2119.19183294 5477.15813716], v=[ 2.24024068  5.44622201 -4.13035326]
Epoch 2203, t=2460388.5401959866:
  TLE_ECI: r=[-4124.93944371 -6132.06044064  2221.03575162], v=[ 3.58386423 -0.15240157  6.22959308]
  RK45_ECI: r=[5030.26858275 2156.94795618 5450.20170095], v=[ 2.20945086  5.4352753  -4.16109671]
Epoch 2204, t=2460388.54027125:
  TLE_ECI: r=[-4012.91730532 -6136.14336549  2407.0228838 ], v=[3.68985084 0.00904544 6.16920363]
  RK45_ECI: r=[5043.50405896 2194.63835251 5423.04601376], v=[ 2.17859217  5.42410253 -4.191687  ]
Epoch 2205, t=2460388.540346513:
  TLE_ECI: r=[-3897.76022282 -6135.32765423  2591.1258333 ], v=[3.79279654 0.17057455 6.10398926]
  RK45_ECI: r=[5056.52073272 2232.26143553 5395.69207691], v=[ 2.14766597  5.41270404 -4.22212303]
Epoch 2206, t=2460388.5404217765:
  TLE_ECI: r=[-3779.56292489 -6129.61134684  2773.20062808], v=[3.89262084 0.332056   6.03400194]
  RK45_ECI: r=[5069.31838429 2269.81615982 5368.14050966], v=[ 2.11667318  5.40108005 -4.2524041 ]
Epoch 2207, t=2460388.54049704:
  TLE_ECI: r=[-3658.42256915 -6118.99638624  2953.10491201], v=[3.9892459  0.49336007 5.95929742]
  RK45_ECI: r=[5081.89642964 2307.30044676 5340.39271159], v=[ 2.08561557  5.38923108 -4.28252868]
Epoch 2208, t=2460388.5405723033:
  TLE_ECI: r=[-3534.43858832 -6103.48866382  3130.69805715], v=[4.08259658 0.65435716 5.87993515]
  RK45_ECI: r=[5094.2546127  2344.71305959 5312.44944242], v=[ 2.05449421  5.37715741 -4.31249594]
Epoch 2209, t=2460388.540647567:
  TLE_ECI: r=[-3407.71262444 -6083.09800313  3305.8412746 ], v=[4.1726005  0.8149179  5.79597827]
  RK45_ECI: r=[5106.39243233 2382.05210605 5284.31199184], v=[ 2.02331074  5.36485954 -4.34230452]
Epoch 2210, t=2460388.5407228298:
  TLE_ECI: r=[-3278.34846131 -6057.83814239  3478.39772383], v=[4.25918808 0.97491328 5.70749353]
  RK45_ECI: r=[5118.30953329 2419.31601096 5255.98139701], v=[ 1.99206652  5.35233789 -4.37195332]
Epoch 2211, t=2460388.540798093:
  TLE_ECI: r=[-3146.45186614 -6027.72676242  3648.23261983], v=[4.34229261 1.13421476 5.61455122]
  RK45_ECI: r=[5130.00572816 2456.5037355  5227.45829923], v=[ 1.96076248  5.33959267 -4.40144167]
Epoch 2212, t=2460388.5408733566:
  TLE_ECI: r=[-3012.13060813 -5992.7854132   3815.213339  ], v=[4.42185029 1.29269435 5.51722512]
  RK45_ECI: r=[5141.48049547 2493.61321843 5198.74414733], v=[ 1.9294004   5.32662449 -4.43076809]
Epoch 2213, t=2460388.54094862:
  TLE_ECI: r=[-2875.49429716 -5953.03953604  3979.20952258], v=[4.4978003  1.45022472 5.41559243]
  RK45_ECI: r=[5152.73361746 2530.64323149 5169.83972734], v=[ 1.89798136  5.31343366 -4.45993176]
Epoch 2214, t=2460388.5410238835:
  TLE_ECI: r=[-2736.65431031 -5908.51843285  4140.09317827], v=[4.57008478 1.60667933 5.3097337 ]
  RK45_ECI: r=[5163.76465044 2567.59189892 5140.74637308], v=[ 1.866507    5.30002075 -4.48893136]
Epoch 2215, t=2460388.5410991465:
  TLE_ECI: r=[-2595.72371618 -5859.25523475  4297.7387798 ], v=[4.63864896 1.76193248 5.19973278]
  RK45_ECI: r=[5174.57328752 2604.45765873 5111.46515662], v=[ 1.8349787   5.2863862  -4.51776583]
Epoch 2216, t=2460388.54117441:
  TLE_ECI: r=[-2452.81711304 -5805.28690572  4452.02336408], v=[4.70344113 1.9158595  5.0856767 ]
  RK45_ECI: r=[5185.15937389 2641.23947957 5081.99674067], v=[ 1.80339739  5.27253028 -4.5464345 ]
Epoch 2217, t=2460388.5412496733:
  TLE_ECI: r=[-2308.05063715 -5746.6541656   4602.82662654], v=[4.76441268 2.06833677 4.96765563]
  RK45_ECI: r=[5195.52245107 2677.93531964 5052.34262196], v=[ 1.77176486  5.25845366 -4.57493595]
Epoch 2218, t=2460388.541324937:
  TLE_ECI: r=[-2161.54179761 -5683.4014889   4750.03101371], v=[4.82151818 2.21924183 4.84576281]
  RK45_ECI: r=[5205.6623396  2714.54396084 5022.50361204], v=[ 1.74008221  5.24415667 -4.60326938]
Epoch 2219, t=2460388.5414001998:
  TLE_ECI: r=[-2013.40941408 -5615.57705444  4893.52181372], v=[4.87471536 2.3684535  4.72009443]
  RK45_ECI: r=[5215.57860947 2751.06337107 4992.481229  ], v=[ 1.70835122  5.22964001 -4.63143337]
Epoch 2220, t=2460388.541475463:
  TLE_ECI: r=[-1863.7734529  -5543.23273062  5033.18724409], v=[4.92396515 2.51585201 4.59074959]
  RK45_ECI: r=[5225.27113479 2787.49252735 4962.27615481], v=[ 1.67657284  5.21490398 -4.65942728]
Epoch 2221, t=2460388.5415507266:
  TLE_ECI: r=[-1712.75502846 -5466.42399647  5168.91853744], v=[4.9692317  2.66131901 4.45783017]
  RK45_ECI: r=[5234.73966108 2823.82988265 4931.88949691], v=[ 1.64474845  5.19994907 -4.6872501 ]
Epoch 2222, t=2460388.54162599:
  TLE_ECI: r=[-1560.47623788 -5385.20992195  5300.61002424], v=[5.01048243 2.80473772 4.32144081]
  RK45_ECI: r=[5243.98383712 2860.07359188 4901.3226572 ], v=[ 1.6128797   5.18477595 -4.71490054]
Epoch 2223, t=2460388.5417012535:
  TLE_ECI: r=[-1407.06007841 -5299.65311387  5428.15921316], v=[5.047688   2.945993   4.18168874]
  RK45_ECI: r=[5253.00352212 2896.22244796 4870.57647202], v=[ 1.58096768  5.16938498 -4.74237786]
Epoch 2224, t=2460388.5417765165:
  TLE_ECI: r=[-1252.63036284 -5209.81966194  5551.4668688 ], v=[5.08082237 3.08497146 4.03868378]
  RK45_ECI: r=[5261.79834939 2932.27444157 4839.65250529], v=[ 1.54901421  5.15377694 -4.76968066]
Epoch 2225, t=2460388.54185178:
  TLE_ECI: r=[-1097.31155805 -5115.77910091  5670.43708653], v=[5.10986275 3.22156153 3.89253816]
  RK45_ECI: r=[5270.36822573 2968.22855945 4808.55145914], v=[ 1.51702021  5.13795214 -4.79680834]
Epoch 2226, t=2460388.5419270433:
  TLE_ECI: r=[ -941.22877676 -5017.60433141  5784.97736496], v=[5.1347897  3.35565355 3.7433665 ]
  RK45_ECI: r=[5278.71294546 3004.08327111 4777.27447382], v=[ 1.48498708  5.12191113 -4.82375991]
Epoch 2227, t=2460388.542002307:
  TLE_ECI: r=[ -784.50761539 -4915.37157772  5894.99867528], v=[5.15558705 3.48713984 3.59128569]
  RK45_ECI: r=[5286.83221551 3039.83675306 4745.82299204], v=[ 1.45291647  5.10565463 -4.85053413]
Epoch 2228, t=2460388.54207757:
  TLE_ECI: r=[ -627.27406837 -4809.16032302  6000.41552801], v=[5.17224195 3.6159148  3.43641479]
  RK45_ECI: r=[5294.7259337  3075.48781076 4714.1978741 ], v=[ 1.42080949  5.08918305 -4.87713027]
Epoch 2229, t=2460388.542152833:
  TLE_ECI: r=[ -469.65444129 -4699.05324463  6101.14603686], v=[5.18474488 3.74187497 3.27887494]
  RK45_ECI: r=[5302.39379694 3111.03445973 4682.40072831], v=[ 1.38866795  5.07249722 -4.90354699]
Epoch 2230, t=2460388.5422280966:
  TLE_ECI: r=[ -311.77519437 -4585.13615457  6197.1119796 ], v=[5.1930896  3.86491917 3.11878926]
  RK45_ECI: r=[5309.83574465 3146.4756977  4650.43227631], v=[ 1.35649279  5.05559748 -4.92978371]
Epoch 2231, t=2460388.54230336:
  TLE_ECI: r=[ -153.76292583 -4467.4979217   6288.23885638], v=[5.19727319 3.98494847 2.95628277]
  RK45_ECI: r=[5317.05162025 3181.81001199 4618.29369001], v=[ 1.32428539  5.03848442 -4.95583946]
Epoch 2232, t=2460388.5423786235:
  TLE_ECI: r=[ 4.25578533e+00 -4.34623041e+03  6.37445594e+03], v=[5.19729604 4.10186633 2.79148227]
  RK45_ECI: r=[5324.0411888  3217.035603   4585.98645164], v=[ 1.29204742  5.02115884 -4.98171305]
Epoch 2233, t=2460388.5424538865:
  TLE_ECI: r=[  162.15445276 -4221.42839729  6455.69635203], v=[5.19316183 4.21557867 2.62451627]
  RK45_ECI: r=[5330.80431943 3252.15096894 4553.51175022], v=[ 1.25978028  5.00362133 -5.00740354]
Epoch 2234, t=2460388.54252915:
  TLE_ECI: r=[  319.80683282 -4093.18951418  6531.8970644 ], v=[5.18487751 4.32599393 2.45551485]
  RK45_ECI: r=[5337.34097485 3287.1551153  4520.87032014], v=[ 1.2274849   4.98587228 -5.03291037]
Epoch 2235, t=2460388.5426044133:
  TLE_ECI: r=[  477.08694882 -3961.6141537   6602.99899348], v=[5.1724533  4.43302314 2.2846096 ]
  RK45_ECI: r=[5343.65092519 3322.0460887  4488.06381863], v=[ 1.1951631   4.96791258 -5.05823223]
Epoch 2236, t=2460388.542679677:
  TLE_ECI: r=[  633.86924074 -3826.80539972  6668.94701953], v=[5.1559027  4.53657997 2.11193351]
  RK45_ECI: r=[5349.73413009 3356.82271728 4455.0931426 ], v=[ 1.16281598  4.94974269 -5.08336845]
Epoch 2237, t=2460388.54275494:
  TLE_ECI: r=[  790.02865121 -3688.86894468  6729.69003176], v=[5.13524243 4.63658079 1.93762084]
  RK45_ECI: r=[5355.59041304 3391.48322692 4421.95981236], v=[ 1.13044521  4.93136345 -5.10831787]
Epoch 2238, t=2460388.542830203:
  TLE_ECI: r=[  945.44071307 -3547.91300973  6785.18096572], v=[5.11049243 4.73294477 1.76180707]
  RK45_ECI: r=[5361.21969216 3426.0261364  4388.66504689], v=[ 1.09805219  4.91277553 -5.1330796 ]
Epoch 2239, t=2460388.5429054666:
  TLE_ECI: r=[ 1099.98168887 -3404.04824985  6835.37683743], v=[5.08167582 4.82559393 1.58462876]
  RK45_ECI: r=[5366.62196283 3460.45046391 4355.2095989 ], v=[ 1.06563785  4.89397932 -5.15765307]
Epoch 2240, t=2460388.54298073:
  TLE_ECI: r=[ 1253.5286039  -3257.38768257  6880.23877484], v=[5.04881891 4.91445314 1.40622346]
  RK45_ECI: r=[5371.79705896 3494.75428549 4321.59516673], v=[ 1.03320401  4.87497578 -5.18203706]
Epoch 2241, t=2460388.5430559935:
  TLE_ECI: r=[ 1405.95938499 -3108.04659049  6919.73204586], v=[5.01195116 4.99945024 1.22672961]
  RK45_ECI: r=[5376.74497874 3528.93644524 4287.82266905], v=[ 1.00075178  4.85576541 -5.2062309 ]
Epoch 2242, t=2460388.543131257:
  TLE_ECI: r=[ 1557.1529445  -2956.142434    6953.82608358], v=[4.97110515 5.08051606 1.04628644]
  RK45_ECI: r=[5381.46560414 3562.99519631 4253.89366284], v=[ 0.96828281  4.8363491  -5.23023348]
Epoch 2243, t=2460388.54320652:
  TLE_ECI: r=[ 1706.98926669 -2801.79476492  6982.49450836], v=[4.92631657 5.15758446 0.86503386]
  RK45_ECI: r=[5385.95893074 3596.92922673 4219.80923554], v=[ 0.93579838  4.81672746 -5.25404406]
Epoch 2244, t=2460388.5432817833:
  TLE_ECI: r=[ 1855.34953406 -2645.12511443  7005.71514676], v=[4.8776241  5.23059246 0.68311238]
  RK45_ECI: r=[5390.22490081 3630.73712757 4185.57063847], v=[ 0.90329982  4.79690121 -5.27766176]
Epoch 2245, t=2460388.543357047:
  TLE_ECI: r=[ 2002.11616884 -2486.25692726  7023.47004767], v=[4.82506951 5.29948017 0.50066296]
  RK45_ECI: r=[5394.26349776 3664.41744723 4151.17912846], v=[ 0.87078855  4.77687108 -5.30108574]
Epoch 2246, t=2460388.54343231:
  TLE_ECI: r=[ 2147.17295849 -2325.31544756  7035.74549503], v=[4.76869755 5.3641909  0.31782697]
  RK45_ECI: r=[5398.0747298 3697.9688998 4116.6358054], v=[ 0.8382658   4.7566377  -5.32431524]
Epoch 2247, t=2460388.5435075737:
  TLE_ECI: r=[ 2290.40513699 -2162.42762643  7042.53201774], v=[4.70855592 5.4246712  0.13474603]
  RK45_ECI: r=[5401.65853709 3731.38976805 4081.94226148], v=[ 0.80573324  4.73620202 -5.34734922]
Epoch 2248, t=2460388.5435828366:
  TLE_ECI: r=[ 2431.69946782 -1997.72203068  7043.82439638], v=[ 4.64469525  5.48087088 -0.04843804]
  RK45_ECI: r=[5405.0149592  3764.67876051 4047.09960822], v=[ 0.77319213  4.71556467 -5.37018693]
Epoch 2249, t=2460388.5436581:
  TLE_ECI: r=[ 2570.94435555 -1831.32871547  7039.62166679], v=[ 4.57716899  5.53274309 -0.23158338]
  RK45_ECI: r=[5408.14398578 3797.83449232 4012.1091244 ], v=[ 0.74064381  4.69472644 -5.39282757]
Epoch 2250, t=2460388.5437333635:
  TLE_ECI: r=[ 2708.02989547 -1663.37916488  7029.9271208 ], v=[ 4.50603348  5.58024429 -0.41454813]
  RK45_ECI: r=[5411.04567068 3830.85567878 3976.97192884], v=[ 0.70808955  4.67368798 -5.41527042]

Summary Statistics:
Mean position difference: 9967.031 m
Max position difference: 15491.953 m
Mean velocity difference: 9.256 m/s
Max velocity difference: 14.381 m/s
