Perturbation configuration 12: SolarRadiation, AtmDrag
TLE: 1 41240U 16002A   24078.93311235 -.00000041  00000-0  88455-4 0  9998
2 41240  66.0433  38.7934 0008217 275.1931  84.8147 12.80929479381943
Initial state: r=[-1860.2918104   2511.66965221  7054.40180529], v=[-5.6479915  -4.46099341  0.09890006], jd=2460388.3743908517

Epoch 0, t=2460388.3743908517:
  TLE_ECI: r=[ -351.48708541 -3116.28604399  7048.74830935], v=[ 7.08706485 -1.16734781 -0.16198856]
  RK45_ECI: r=[ -638.30754113 -3056.16509346  7055.93178089], v=[ 7.08108291 -1.28901005  0.0822758 ]
Epoch 1, t=2460388.374466115:
  TLE_ECI: r=[ -137.27230569 -3150.1622597   7041.1361309 ], v=[ 7.09393955 -1.08267212 -0.34522476]
  RK45_ECI: r=[ -590.7964018  -3064.77942716  7056.3339316 ], v=[ 7.08515639 -1.2683815   0.04245811]
Epoch 2, t=2460388.3745413786:
  TLE_ECI: r=[   77.08014039 -3181.38368931  7028.03051036], v=[ 7.09521288 -0.99714928 -0.52819217]
  RK45_ECI: r=[ -543.25541337 -3073.2369576   7056.47714262], v=[ 7.08895190e+00 -1.24770286e+00  2.63867993e-03]
Epoch 3, t=2460388.3746166416:
  TLE_ECI: r=[  291.40089939 -3209.92595726  7009.44164072], v=[ 7.09088301 -0.91085071 -0.71074908]
  RK45_ECI: r=[ -495.68711664 -3081.53723331  7056.36140856], v=[ 7.09246922 -1.22697544 -0.03718046]
Epoch 4, t=2460388.374691905:
  TLE_ECI: r=[  505.52064517 -3235.76691758  6985.38396259], v=[ 7.08095245 -0.82384836 -0.89275404]
  RK45_ECI: r=[ -448.09272854 -3089.68004356  7055.98673408], v=[ 7.09570823 -1.20619996 -0.07699839]
Epoch 5, t=2460388.3747671684:
  TLE_ECI: r=[  719.2701538  -3258.88667385  6955.87615369], v=[ 7.06542804 -0.73621478 -1.07406603]
  RK45_ECI: r=[ -400.4741429  -3097.66506425  7055.35312962], v=[ 7.09866876 -1.18537749 -0.11681362]
Epoch 6, t=2460388.374842432:
  TLE_ECI: r=[  932.48047197 -3279.26759311  6920.94111519], v=[ 7.04432095 -0.648023   -1.25454454]
  RK45_ECI: r=[ -352.8336792  -3105.49190944  7054.4606248 ], v=[ 7.10135066 -1.16450921 -0.15662432]
Epoch 7, t=2460388.3749176953:
  TLE_ECI: r=[ 1144.98303866 -3296.89431962  6880.60595499], v=[ 7.01764668 -0.55934646 -1.43404965]
  RK45_ECI: r=[ -305.17279151 -3113.16034549  7053.30924457], v=[ 7.1037538  -1.143596   -0.19642937]
Epoch 8, t=2460388.3749929583:
  TLE_ECI: r=[ 1356.60980644 -3311.75379038  6834.90196791], v=[ 6.98542506 -0.470259   -1.61244216]
  RK45_ECI: r=[ -257.49402758 -3120.66996913  7051.89904988], v=[ 7.10587805 -1.12263914 -0.23622672]
Epoch 9, t=2460388.3750682217:
  TLE_ECI: r=[ 1567.19341059 -3323.83523011  6783.86461286], v=[ 6.94768023 -0.38083469 -1.78958369]
  RK45_ECI: r=[ -209.79860799 -3128.02059667  7050.23007528], v=[ 7.10772331 -1.10163939 -0.27601547]
Epoch 10, t=2460388.375143485:
  TLE_ECI: r=[ 1776.56724122 -3333.13018104  6727.53348699], v=[ 6.90444061 -0.29114795 -1.96533675]
  RK45_ECI: r=[ -162.0884317  -3135.21194269  7048.30237931], v=[ 7.10928949 -1.0805978  -0.31579413]
Epoch 11, t=2460388.3752187486:
  TLE_ECI: r=[ 1984.56561175 -3339.63249537  6665.9522967 ], v=[ 6.8557389  -0.20127335 -2.1395649 ]
  RK45_ECI: r=[ -114.36582338 -3142.24366569  7046.11605185], v=[ 7.11057649 -1.05951556 -0.35556085]
Epoch 12, t=2460388.3752940116:
  TLE_ECI: r=[ 2191.02386861 -3343.33834957  6599.16882568], v=[ 6.80161208 -0.11128561 -2.31213278]
  RK45_ECI: r=[  -66.6326838  -3149.11550004  7043.67117799], v=[ 7.11158421 -1.03839374 -0.39531415]
Epoch 13, t=2460388.375369275:
  TLE_ECI: r=[ 2395.77855907 -3344.24622207  6527.23489985], v=[ 6.74210136 -0.02125949 -2.48290627]
  RK45_ECI: r=[  -18.89023549 -3155.82728177  7040.96781253], v=[ 7.11231262 -1.01723308 -0.4350531 ]
Epoch 14, t=2460388.3754445384:
  TLE_ECI: r=[ 2598.66750028 -3342.35693067  6450.20634941], v=[ 6.67725215  0.06873018 -2.65175257]
  RK45_ECI: r=[   28.85896869 -3162.3786634   7038.00609236], v=[ 7.11276164 -0.99603488 -0.47477569]
Epoch 15, t=2460388.375519802:
  TLE_ECI: r=[ 2799.52994562 -3337.67360781  6368.14296775], v=[ 6.60711406  0.15860863 -2.81854029]
  RK45_ECI: r=[   76.6134698  -3168.76946196  7034.78609995], v=[ 7.11293123 -0.97480001 -0.51448079]
Epoch 16, t=2460388.3755950653:
  TLE_ECI: r=[ 2998.20670109 -3330.20170363  6281.10846744], v=[ 6.53174085  0.2483012  -2.98313955]
  RK45_ECI: r=[  124.37094028 -3174.99938056  7031.30798535], v=[ 7.11282135 -0.95352969 -0.55416656]
Epoch 17, t=2460388.3756703283:
  TLE_ECI: r=[ 3194.54024083 -3319.94899054  6189.17043323], v=[ 6.45119042  0.33773336 -3.1454221 ]
  RK45_ECI: r=[  172.12947709 -3181.06819249  7027.57188168], v=[ 7.11243198 -0.93222497 -0.59383153]
Epoch 18, t=2460388.3757455917:
  TLE_ECI: r=[ 3388.37487024 -3306.9255201   6092.40027199], v=[ 6.36552471  0.42683084 -3.3052614 ]
  RK45_ECI: r=[  219.88785602 -3186.97576088  7023.57787355], v=[ 7.11176309 -0.91088659 -0.63347478]
Epoch 19, t=2460388.375820855:
  TLE_ECI: r=[ 3579.55679062 -3291.14366881  5990.87315994], v=[ 6.27480974  0.51551963 -3.46253271]
  RK45_ECI: r=[  267.64352249 -3192.72178693  7019.32616395], v=[ 7.11081469 -0.88951587 -0.67309429]
Epoch 20, t=2460388.3758961186:
  TLE_ECI: r=[ 3767.93425992 -3272.61809229  5884.66798673], v=[ 6.17911554  0.60372605 -3.61711323]
  RK45_ECI: r=[  315.39501634 -3198.30611946  7014.81687119], v=[ 7.10958677 -0.86811369 -0.71268895]
Epoch 21, t=2460388.375971382:
  TLE_ECI: r=[ 3953.35770322 -3251.36572231  5773.86729671], v=[ 6.07851605  0.69137683 -3.76888214]
  RK45_ECI: r=[  363.14000918 -3203.72850643  7010.05020528], v=[ 7.10807936 -0.84668126 -0.75225693]
Epoch 22, t=2460388.376046645:
  TLE_ECI: r=[ 4135.67982264 -3227.4057645   5658.55722736], v=[ 5.97308917  0.77839912 -3.91772072]
  RK45_ECI: r=[  410.87659761 -3208.98876021  7005.02634714], v=[ 7.1062925  -0.82521963 -0.79179675]
Epoch 23, t=2460388.3761219084:
  TLE_ECI: r=[ 4314.75575255 -3200.75963501  5538.82744473], v=[ 5.86291661  0.86472067 -4.06351246]
  RK45_ECI: r=[  458.60355696 -3214.08677112  6999.74541102], v=[ 7.10422619 -0.80372957 -0.83130751]
Epoch 24, t=2460388.376197172:
  TLE_ECI: r=[ 4490.44311832 -3171.45101389  5414.77107633], v=[ 5.74808389  0.95026975 -4.20614314]
  RK45_ECI: r=[  506.31833329 -3219.02228931  6994.20766577], v=[ 7.10188051 -0.7822124  -0.8707872 ]
Epoch 25, t=2460388.3762724353:
  TLE_ECI: r=[ 4662.60218865 -3139.50577878  5286.48464097], v=[ 5.62868029  1.03497526 -4.3455009 ]
  RK45_ECI: r=[  554.01946652 -3223.79519554  6988.41326527], v=[ 7.0992555  -0.76066899 -0.91023472]
Epoch 26, t=2460388.3763476987:
  TLE_ECI: r=[ 4831.09597824 -3104.95199526  5154.06797596], v=[ 5.50479875  1.11876683 -4.48147637]
  RK45_ECI: r=[  601.70462995 -3228.40528283  6982.36247919], v=[ 7.09635125 -0.73910057 -0.94964823]
Epoch 27, t=2460388.3764229617:
  TLE_ECI: r=[ 4995.79034923 -3067.81990828  5017.62416167], v=[ 5.37653582  1.2015748  -4.61396274]
  RK45_ECI: r=[  649.37192151 -3232.85240284  6976.05553598], v=[ 7.09316784 -0.7175082  -0.98902629]
Epoch 28, t=2460388.376498225:
  TLE_ECI: r=[ 5156.55415558 -3028.14185931  4877.25944323], v=[ 5.24399158  1.28333039 -4.74285585]
  RK45_ECI: r=[  697.02011716 -3237.13647324  6969.49257932], v=[ 7.08970533 -0.69589264 -1.02836799]
Epoch 29, t=2460388.3765734886:
  TLE_ECI: r=[ 5313.259295   -2985.95234585  4733.08314986], v=[ 5.10726961  1.36396564 -4.86805426]
  RK45_ECI: r=[  744.64666626 -3241.25729339  6962.67394351], v=[ 7.08596386 -0.67425523 -1.06767133]
Epoch 30, t=2460388.376648752:
  TLE_ECI: r=[ 5465.78084928 -2941.28793588  4585.20761144], v=[ 4.96647688  1.44341354 -4.98945937]
  RK45_ECI: r=[  792.25011022 -3245.21477616  6955.59981776], v=[ 7.08194352 -0.65259685 -1.10693522]
Epoch 31, t=2460388.376724015:
  TLE_ECI: r=[ 5613.9971684  -2894.18726812  4433.74807258], v=[ 4.82172365  1.52160805 -5.10697549]
  RK45_ECI: r=[  839.82790071 -3249.00874306  6948.27056605], v=[ 7.07764448 -0.63091882 -1.14615766]
Epoch 32, t=2460388.3767992784:
  TLE_ECI: r=[ 5757.79000388 -2844.69095466  4278.82260424], v=[ 4.67312345  1.59848422 -5.2205099 ]
  RK45_ECI: r=[  887.37881554 -3252.63913575  6940.68635901], v=[ 7.07306682 -0.60922192 -1.18533776]
Epoch 33, t=2460388.376874542:
  TLE_ECI: r=[ 5897.04455417 -2792.84164453  4120.55201302], v=[ 4.52079294  1.67397814 -5.32997294]
  RK45_ECI: r=[  934.90095597 -3256.10584891  6932.84747448], v=[ 7.0682107  -0.58750722 -1.22447407]
Epoch 34, t=2460388.3769498053:
  TLE_ECI: r=[ 6031.64959332 -2738.6839235   3959.05974794], v=[ 4.36485185  1.74802711 -5.43527812]
  RK45_ECI: r=[  982.39200273 -3259.4087482   6924.75427683], v=[ 7.06307631 -0.56577595 -1.26356479]
Epoch 35, t=2460388.3770250687:
  TLE_ECI: r=[ 6161.49755357 -2682.26429329  3794.47180506], v=[ 4.20542288  1.8205696  -5.53634214]
  RK45_ECI: r=[ 1029.85050021 -3262.54777879  6916.40699028], v=[ 7.05766379 -0.54402901 -1.30260883]
Epoch 36, t=2460388.3771003317:
  TLE_ECI: r=[ 6286.48460653 -2623.63115069  3626.91662981], v=[ 4.04263162  1.89154536 -5.63308502]
  RK45_ECI: r=[ 1077.27390706 -3265.52281178  6907.80604367], v=[ 7.05197338 -0.52226774 -1.34160422]
Epoch 37, t=2460388.377175595:
  TLE_ECI: r=[ 6406.51077989 -2562.83467378  3456.52501716], v=[ 3.87660642  1.96089547 -5.72543011]
  RK45_ECI: r=[ 1124.66121917 -3268.33383174  6898.95159443], v=[ 7.04600519 -0.50049281 -1.38055025]
Epoch 38, t=2460388.3772508586:
  TLE_ECI: r=[ 6521.47999342 -2499.92688931  3283.4300098 ], v=[ 3.70747834  2.02856238 -5.81330421]
  RK45_ECI: r=[ 1172.0098982  -3270.98072724  6889.84409362], v=[ 7.0397595  -0.47870557 -1.41944493]
Epoch 39, t=2460388.377326122:
  TLE_ECI: r=[ 6631.30017003 -2434.96155648  3107.76679426], v=[ 3.53538098  2.09448994 -5.8966376 ]
  RK45_ECI: r=[ 1219.31827745 -3273.46345549  6880.48383781], v=[ 7.03323649 -0.456907   -1.45828702]
Epoch 40, t=2460388.3774013855:
  TLE_ECI: r=[ 6735.88330464 -2367.99413922  2929.67259507], v=[ 3.36045044  2.15862348 -5.97536415]
  RK45_ECI: r=[ 1266.58469104 -3275.78197882  6870.87112813], v=[ 7.02643638 -0.43509808 -1.49707528]
Epoch 41, t=2460388.3774766484:
  TLE_ECI: r=[ 6835.14553057 -2299.08177991  2749.2865672 ], v=[ 3.18282519  2.22090986 -6.0494213 ]
  RK45_ECI: r=[ 1313.80660718 -3277.93621811  6861.00645778], v=[ 7.0193595  -0.41328016 -1.53580772]
Epoch 42, t=2460388.377551912:
  TLE_ECI: r=[ 6929.00721689 -2228.28317099  2566.74968661], v=[ 3.00264593  2.2812975  -6.1187502 ]
  RK45_ECI: r=[ 1360.98302511 -3279.92618243  6850.89000697], v=[ 7.01200597 -0.39145393 -1.57448366]
Epoch 43, t=2460388.3776271753:
  TLE_ECI: r=[ 7017.39299392 -2155.65862458  2382.20463931], v=[ 2.82005551  2.33973644 -6.18329571]
  RK45_ECI: r=[ 1408.11141698 -3281.75181021  6840.52229096], v=[ 7.00437616 -0.36962073 -1.61310112]
Epoch 44, t=2460388.3777024387:
  TLE_ECI: r=[ 7100.23184401 -2081.26994213  2195.79570873], v=[ 2.63519879  2.39617837 -6.24300648]
  RK45_ECI: r=[ 1455.1901232  -3283.41309451  6829.90364676], v=[ 6.99647031 -0.34778154 -1.65165886]
Epoch 45, t=2460388.3777777017:
  TLE_ECI: r=[ 7177.45714832 -2005.18040265  2007.66866171], v=[ 2.44822258  2.45057668 -6.29783496]
  RK45_ECI: r=[ 1502.21726217 -3284.91002799  6819.03446749], v=[ 6.98828873 -0.32593747 -1.69015547]
Epoch 46, t=2460388.377852965:
  TLE_ECI: r=[ 7249.00676657 -1927.45462504  1817.97063297], v=[ 2.25927541  2.50288652 -6.3477375 ]
  RK45_ECI: r=[ 1549.19098309 -3286.24259823  6807.91515545], v=[ 6.9798317  -0.30408953 -1.72858953]
Epoch 47, t=2460388.3779282286:
  TLE_ECI: r=[ 7314.82305344 -1848.15863864  1626.85000859], v=[ 2.06850751  2.5530648  -6.39267435]
  RK45_ECI: r=[ 1596.10962102 -3287.41082211  6796.54606824], v=[ 6.97109951 -0.28223875 -1.76695981]
Epoch 48, t=2460388.378003492:
  TLE_ECI: r=[ 7374.85293144 -1767.359743    1434.45630803], v=[ 1.87607065  2.60107029 -6.43260969]
  RK45_ECI: r=[ 1642.9708844  -3288.41469354  6784.92773327], v=[ 6.96209257 -0.26038635 -1.80526453]
Epoch 49, t=2460388.3780787555:
  TLE_ECI: r=[ 7429.04792937 -1685.12647234  1240.94006533], v=[ 1.68211799  2.64686358 -6.46751169]
  RK45_ECI: r=[ 1689.77333452 -3289.25424888  6773.06047143], v=[ 6.95281112 -0.23853324 -1.84350264]
Epoch 50, t=2460388.3781540184:
  TLE_ECI: r=[ 7477.3642189  -1601.52855773  1046.45270919], v=[ 1.48680399  2.69040717 -6.49735254]
  RK45_ECI: r=[ 1736.51446375 -3289.92949889  6760.94489057], v=[ 6.94325566 -0.21668077 -1.8816722 ]
Epoch 51, t=2460388.378229282:
  TLE_ECI: r=[ 7519.76267049 -1516.63678059   851.14644232], v=[ 1.29028425  2.73166551 -6.52210845]
  RK45_ECI: r=[ 1783.19306883 -3290.44049086  6748.58127008], v=[ 6.93342642 -0.19482971 -1.91977234]
Epoch 52, t=2460388.3783045453:
  TLE_ECI: r=[ 7556.20885765 -1430.52304318   655.17412003], v=[ 1.09271539  2.77060498 -6.5417597 ]
  RK45_ECI: r=[ 1829.8072825  -3290.78727097  6735.97006386], v=[ 6.92332377 -0.17298116 -1.95780165]
Epoch 53, t=2460388.3783798087:
  TLE_ECI: r=[ 7586.67310559 -1343.26021988   458.68912825], v=[ 0.89425494  2.80719397 -6.55629063]
  RK45_ECI: r=[ 1876.35482759 -3290.96987915  6723.11185671], v=[ 6.9129482  -0.15113635 -1.99575837]
Epoch 54, t=2460388.378455072:
  TLE_ECI: r=[ 7611.13051156 -1254.92211617   261.84526094], v=[ 0.69506117  2.84140288 -6.56568969]
  RK45_ECI: r=[ 1922.83427482 -3290.98838419  6710.0070036 ], v=[ 6.9023     -0.12929618 -2.03364146]
Epoch 55, t=2460388.378530335:
  TLE_ECI: r=[ 7629.56096239 -1165.58342824    64.79659724], v=[ 0.49529298  2.87320416 -6.56994942]
  RK45_ECI: r=[ 1969.24313364 -3290.84284677  6696.65617543], v=[ 6.89137974 -0.107462   -2.07144898]
Epoch 56, t=2460388.3786055986:
  TLE_ECI: r=[ 7641.9491656  -1075.31958936  -132.30262171], v=[ 0.29510975  2.90257232 -6.56906648]
  RK45_ECI: r=[ 2015.58020909 -3290.53334197  6683.05967976], v=[ 6.8801877  -0.08563457 -2.10918008]
Epoch 57, t=2460388.378680862:
  TLE_ECI: r=[7648.28464105 -984.20683933 -329.29811606], v=[ 0.09467121  2.92948397 -6.56304162]
  RK45_ECI: r=[ 2061.84364714 -3290.05995579  6669.21801601], v=[ 6.8687243  -0.06381498 -2.14683335]
Epoch 58, t=2460388.3787561255:
  TLE_ECI: r=[7648.56174428 -892.32206991 -526.03569063], v=[-0.10586268  2.95391783 -6.55187971]
  RK45_ECI: r=[ 2108.03118777 -3289.42277382  6655.13182601], v=[ 6.8569901  -0.04200447 -2.18440706]
Epoch 59, t=2460388.378831389:
  TLE_ECI: r=[7642.77966761 -799.74278122 -722.36135815], v=[-0.30633188  2.97585472 -6.53558975]
  RK45_ECI: r=[ 2154.14141239 -3288.62189726  6640.80149855], v=[ 6.84498545 -0.02020392 -2.22190015]
Epoch 60, t=2460388.378906652:
  TLE_ECI: r=[7630.9424388  -706.54703781 -918.12146233], v=[-0.50657639  2.99527765 -6.51418481]
  RK45_ECI: r=[ 2200.17185027 -3287.65743639  6626.22776708], v=[ 6.83271099e+00  1.58533194e-03 -2.25931073e+00]
Epoch 61, t=2460388.3789819153:
  TLE_ECI: r=[ 7613.05892613  -612.81331233 -1113.16280062], v=[-0.70643645  3.01217175 -6.48768204]
  RK45_ECI: r=[ 2246.12131611 -3286.52949386  6611.41096715], v=[ 6.82016702  0.02336252 -2.29663792]
Epoch 62, t=2460388.3790571787:
  TLE_ECI: r=[ 7589.1428177   -518.62055255 -1307.33274645], v=[-0.90575258  3.02652432 -6.45610269]
  RK45_ECI: r=[ 2291.98797115 -3285.23819513  6596.3516434 ], v=[ 6.80735404  0.04512657 -2.33388035]
Epoch 63, t=2460388.379132442:
  TLE_ECI: r=[ 7559.21261889  -424.04802479 -1500.4793711 ], v=[-1.10436577  3.03832486 -6.41947203]
  RK45_ECI: r=[ 2337.76957469 -3283.78367125  6581.05049413], v=[ 6.79427267  0.06687626 -2.37103629]
Epoch 64, t=2460388.379207705:
  TLE_ECI: r=[ 7523.29163343  -329.17529025 -1692.45156469], v=[-1.3021176   3.04756504 -6.37781936]
  RK45_ECI: r=[ 2383.4642969  -3282.16606782  6565.50808874], v=[ 6.78092341  0.08861052 -2.40810436]
Epoch 65, t=2460388.3792829686:
  TLE_ECI: r=[ 7481.40794781  -234.08204877 -1883.09915658], v=[-1.49885039  3.0542387  -6.33117799]
  RK45_ECI: r=[ 2429.07095995 -3280.38550728  6549.7247816 ], v=[ 6.76730662  0.11032859 -2.44508371]
Epoch 66, t=2460388.379358232:
  TLE_ECI: r=[ 7433.59440096  -138.84820391 -2072.2730348 ], v=[-1.69440732  3.05834191 -6.27958517]
  RK45_ECI: r=[ 2474.58711892 -3278.44215655  6533.70137705], v=[ 6.753423    0.13202916 -2.48197245]
Epoch 67, t=2460388.3794334955:
  TLE_ECI: r=[ 7379.88856121   -43.55370637 -2259.82526443], v=[-1.88863254  3.05987288 -6.22308212]
  RK45_ECI: r=[ 2520.01137547 -3276.33616797  6517.43831746], v=[ 6.73927297  0.15371134 -2.51876955]
Epoch 68, t=2460388.379508759:
  TLE_ECI: r=[ 7320.33269344    51.72149225 -2445.60920502], v=[-2.08137133  3.05883207 -6.16171391]
  RK45_ECI: r=[ 2565.34151065 -3274.06771753  6500.93635704], v=[ 6.72485722  0.17537393 -2.55547331]
Epoch 69, t=2460388.379584022:
  TLE_ECI: r=[ 7254.97372394   146.89748551 -2629.47962671], v=[-2.27247023  3.05522208 -6.09552949]
  RK45_ECI: r=[ 2610.57571263 -3271.6369898   6484.19610963], v=[ 6.71017631  0.19701585 -2.59208237]
Epoch 70, t=2460388.3796592853:
  TLE_ECI: r=[ 7183.86319953   241.89456543 -2811.29282501], v=[-2.46177715  3.0490477  -6.0245816 ]
  RK45_ECI: r=[ 2655.71281517 -3269.04413423  6467.21795716], v=[ 6.6952306   0.21863638 -2.62859589]
Epoch 71, t=2460388.3797345487:
  TLE_ECI: r=[ 7107.05724613   336.6331616  -2990.90673425], v=[-2.6491415   3.0403159  -5.94892673]
  RK45_ECI: r=[ 2700.75039844 -3266.28936649  6450.00276505], v=[ 6.6800209   0.2402342  -2.66501201]
Epoch 72, t=2460388.379809812:
  TLE_ECI: r=[ 7024.61652084   431.03399408 -3168.1810395 ], v=[-2.8344143   3.02903581 -5.86862509]
  RK45_ECI: r=[ 2745.6870786  -3263.37287035  6432.55100864], v=[ 6.66454765  0.26180844 -2.7013297 ]
Epoch 73, t=2460388.3798850756:
  TLE_ECI: r=[ 6936.60616146   525.0181188  -3342.97728686], v=[-3.01744834  3.01521872 -5.78374053]
  RK45_ECI: r=[ 2790.5206604  -3260.29486643  6414.8634973 ], v=[ 6.64881159  0.2833579  -2.73754731]
Epoch 74, t=2460388.3799603386:
  TLE_ECI: r=[ 6843.09573397   618.50697363 -3515.15899205], v=[-3.19809824  2.99887804 -5.6943405 ]
  RK45_ECI: r=[ 2835.2493517  -3257.05557794  6396.94088872], v=[ 6.63281334  0.30488153 -2.77366347]
Epoch 75, t=2460388.380035602:
  TLE_ECI: r=[ 6744.15916764   711.4225255  -3684.59174726], v=[-3.37622065  2.98002929 -5.60049597]
  RK45_ECI: r=[ 2879.87199909 -3253.65518092  6378.78359193], v=[ 6.6165533   0.32637859 -2.80967738]
Epoch 76, t=2460388.3801108655:
  TLE_ECI: r=[ 6639.87470372   803.68721384 -3851.14332612], v=[-3.55167428  2.95869012 -5.50228137]
  RK45_ECI: r=[ 2924.38621003 -3250.09393943  6360.39253259], v=[ 6.60003233  0.34784779 -2.84558718]
Epoch 77, t=2460388.380186129:
  TLE_ECI: r=[ 6530.32482419   895.22409704 -4014.68378669], v=[-3.72432004  2.93488026 -5.39977456]
  RK45_ECI: r=[ 2968.79061648 -3246.37206836  6341.76821846], v=[ 6.58325091  0.36928826 -2.88139189]
Epoch 78, t=2460388.3802613923:
  TLE_ECI: r=[ 6415.5961851    985.95689593 -4175.08557242], v=[-3.89402119  2.90862148 -5.29305669]
  RK45_ECI: r=[ 3013.08304899 -3242.48983259  6322.91151322], v=[ 6.56620986  0.39069881 -2.91708987]
Epoch 79, t=2460388.3803366553:
  TLE_ECI: r=[ 6295.77954827  1075.81003888 -4332.22361105], v=[-4.06064339  2.87993763 -5.1822122 ]
  RK45_ECI: r=[ 3057.2617369  -3238.44749353  6303.82311768], v=[ 6.54890983  0.4120784  -2.95267978]
Epoch 80, t=2460388.3804119187:
  TLE_ECI: r=[ 6170.96969423  1164.70879906 -4485.97541126], v=[-4.22405484  2.8488545  -5.06732871]
  RK45_ECI: r=[ 3101.32554059 -3234.24525363  6284.5034675 ], v=[ 6.53135126  0.4334263  -2.98816082]
Epoch 81, t=2460388.380487182:
  TLE_ECI: r=[ 6041.26536265  1252.57924382 -4636.22115713], v=[-4.38412636  2.81539993 -4.94849694]
  RK45_ECI: r=[ 3145.27209719 -3229.88342493  6264.95354758], v=[ 6.51353506  0.45474122 -3.02353119]
Epoch 82, t=2460388.3805624456:
  TLE_ECI: r=[ 5906.7691596   1339.3483712  -4782.84380027], v=[-4.54073152  2.77960371 -4.82581065]
  RK45_ECI: r=[ 3189.10005564 -3225.36225322  6245.17389748], v=[ 6.49546177  0.47602231 -3.05878991]
Epoch 83, t=2460388.3806377086:
  TLE_ECI: r=[ 5767.58748088  1424.94413425 -4925.72914957], v=[-4.69374669  2.74149756 -4.69936655]
  RK45_ECI: r=[ 3232.80706738 -3220.68207181  6225.16552874], v=[ 6.47713235  0.49726828 -3.09393519]
Epoch 84, t=2460388.380712972:
  TLE_ECI: r=[ 5623.8304089   1509.29556817 -5064.76595844], v=[-4.84305118  2.70111506 -4.56926422]
  RK45_ECI: r=[ 3276.39200623 -3215.8431062   6204.92890115], v=[ 6.45854724  0.5184784  -3.12896624]
Epoch 85, t=2460388.3807882355:
  TLE_ECI: r=[ 5475.61164758  1592.33274575 -5199.84600974], v=[-4.9885273   2.65849169 -4.43560601]
  RK45_ECI: r=[ 3319.85312607 -3210.84565894  6184.46475979], v=[ 6.43970717  0.53965164 -3.16388178]
Epoch 86, t=2460388.380863499:
  TLE_ECI: r=[ 5323.04841427  1673.98690353 -5330.86419796], v=[-5.13006045  2.61366476 -4.298497  ]
  RK45_ECI: r=[ 3363.18830318 -3205.69006494  6163.77405329], v=[ 6.42061304  0.56078683 -3.19868018]
Epoch 87, t=2460388.3809387623:
  TLE_ECI: r=[ 5166.26134896  1754.19048051 -5457.71860895], v=[-5.26753923  2.56667337 -4.15804485]
  RK45_ECI: r=[ 3406.3962049  -3200.37660061  6142.85735242], v=[ 6.40126542  0.58188311 -3.23336051]
Epoch 88, t=2460388.3810140253:
  TLE_ECI: r=[ 5005.37442246  1832.87715818 -5580.31059692], v=[-5.40085546  2.5175584  -4.01435977]
  RK45_ECI: r=[ 3449.47451559 -3194.90564678  6121.7157264 ], v=[ 6.38166534  0.60293921 -3.267921  ]
Epoch 89, t=2460388.3810892887:
  TLE_ECI: r=[ 4840.51481539  1909.98197402 -5698.54485882], v=[-5.52990437  2.46636239 -3.86755438]
  RK45_ECI: r=[ 3492.42212507 -3189.27745486  6100.34966062], v=[ 6.36181328  0.62395441 -3.30236088]
Epoch 90, t=2460388.381164552:
  TLE_ECI: r=[ 4671.8128479   1985.44128398 -5812.32950599], v=[-5.65458453  2.41312962 -3.71774366]
  RK45_ECI: r=[ 3535.23731221 -3183.49236503  6078.75994157], v=[ 6.34171001  0.64492768 -3.33667888]
Epoch 91, t=2460388.3812398156:
  TLE_ECI: r=[ 4499.40185457  2059.19287426 -5921.57613299], v=[-5.77479806  2.357906   -3.56504483]
  RK45_ECI: r=[ 3577.91798463 -3177.5507555   6056.94756971], v=[ 6.3213565   0.66585785 -3.37087344]
Epoch 92, t=2460388.381315079:
  TLE_ECI: r=[ 4323.41808322  2131.17599616 -6026.19988373], v=[-5.89045058  2.30073904 -3.40957727]
  RK45_ECI: r=[ 3620.46282936 -3171.45293312  6034.9131463 ], v=[ 6.30075337  0.68674409 -3.40494361]
Epoch 93, t=2460388.381390342:
  TLE_ECI: r=[ 4144.000593    2201.33140264 -6126.11951474], v=[-6.00145137  2.24167781 -3.25146242]
  RK45_ECI: r=[ 3662.86956621 -3165.19932562  6012.65779719], v=[ 6.27990169  0.70758512 -3.43888767]
Epoch 94, t=2460388.3814656055:
  TLE_ECI: r=[ 3961.29111832  2269.60144516 -6221.25745546], v=[-6.1077134   2.18077287 -3.09082368]
  RK45_ECI: r=[ 3705.13729308 -3158.79018802  5990.18192677], v=[ 6.25880191  0.72838032 -3.47270503]
Epoch 95, t=2460388.381540869:
  TLE_ECI: r=[ 3775.43399487  2335.93004472 -6311.53986595], v=[-6.20915336  2.11807628 -2.92778633]
  RK45_ECI: r=[ 3747.26374257 -3152.22596453  5967.4866801 ], v=[ 6.23745513  0.74912841 -3.50639398]
Epoch 96, t=2460388.3816161323:
  TLE_ECI: r=[ 3586.57602031  2400.26278714 -6396.89669138], v=[-6.30569175  2.05364153 -2.76247743]
  RK45_ECI: r=[ 3789.24742878 -3145.50700962  5944.57279046], v=[ 6.2158621   0.76982849 -3.53995343]
Epoch 97, t=2460388.381691396:
  TLE_ECI: r=[ 3394.8663447   2462.54695369 -6477.26171379], v=[-6.39725294  1.98752346 -2.59502568]
  RK45_ECI: r=[ 3831.08686903 -3138.63368232  5921.44099497], v=[ 6.19402356  0.79047964 -3.57338233]
Epoch 98, t=2460388.3817666587:
  TLE_ECI: r=[ 3200.45636095  2522.73155303 -6552.57260084], v=[-6.4837652   1.9197783  -2.42556139]
  RK45_ECI: r=[ 3872.77982076 -3131.60645706  5898.09247495], v=[ 6.17194067  0.81108061 -3.60667898]
Epoch 99, t=2460388.381841922:
  TLE_ECI: r=[ 3003.49955623  2580.76740029 -6622.77095155], v=[-6.56516076  1.85046348 -2.25421633]
  RK45_ECI: r=[ 3914.32539682 -3124.42561136  5874.52765416], v=[ 6.14961389  0.83163076 -3.63984279]
Epoch 100, t=2460388.3819171856:
  TLE_ECI: r=[ 2804.15143569  2636.6070975  -6687.80233925], v=[-6.64137585  1.77963775 -2.08112365]
  RK45_ECI: r=[ 3955.72136847 -3117.09163567  5850.74773274], v=[ 6.12704442  0.85212885 -3.6728721 ]
Epoch 101, t=2460388.381992449:
  TLE_ECI: r=[ 2602.56937187  2690.20511038 -6747.6163513 ], v=[-6.71235074  1.70736102 -1.9064178 ]
  RK45_ECI: r=[ 3996.96627563 -3109.6049174   5826.75347841], v=[ 6.10423303  0.87257397 -3.70576585]
Epoch 102, t=2460388.382067712:
  TLE_ECI: r=[ 2398.91249723  2741.51778689 -6802.16662598], v=[-6.77802978  1.63369434 -1.73023436]
  RK45_ECI: r=[ 4038.05846656 -3101.96588794  5802.54577676], v=[ 6.08118063  0.89296512 -3.73852283]
Epoch 103, t=2460388.3821429755:
  TLE_ECI: r=[ 2193.3415479   2790.5034208  -6851.41088623], v=[-6.83836146  1.55869983 -1.55271004]
  RK45_ECI: r=[ 4078.99632311 -3094.17495031  5778.12552113], v=[ 6.05788813  0.91330136 -3.77114186]
Epoch 104, t=2460388.382218239:
  TLE_ECI: r=[ 1986.01878654  2837.12223988 -6895.31097053], v=[-6.89329842  1.48244068 -1.37398249]
  RK45_ECI: r=[ 4119.77839011 -3086.23252141  5753.49349658], v=[ 6.03435634  0.93358177 -3.8036219 ]
Epoch 105, t=2460388.3822935023:
  TLE_ECI: r=[ 1777.10784459  2881.33646712 -6933.83286063], v=[-6.94279746  1.40498107 -1.19419024]
  RK45_ECI: r=[ 4160.40267447 -3078.13909849  5728.65084311], v=[ 6.01058641  0.9538052  -3.83596146]
Epoch 106, t=2460388.382368766:
  TLE_ECI: r=[ 1566.77360315  2923.11034271 -6966.94670624], v=[-6.98681964  1.32638609 -1.01347261]
  RK45_ECI: r=[ 4200.86792607 -3069.89507195  5703.59824413], v=[ 5.98657907  0.97397086 -3.86815966]
Epoch 107, t=2460388.3824440287:
  TLE_ECI: r=[ 1355.18207384  2962.41014784 -6994.62684677], v=[-7.02533022  1.24672177 -0.83196958]
  RK45_ECI: r=[ 4241.17197648 -3061.50099841  5678.33697799], v=[ 5.9623356   0.99407751 -3.90021487]
Epoch 108, t=2460388.382519292:
  TLE_ECI: r=[ 1142.50023555  2999.20424777 -7016.85182984], v=[-7.05829875  1.16605488 -0.64982169]
  RK45_ECI: r=[ 4281.31378699 -3052.95722605  5652.86762232], v=[ 5.93785663  1.01412446 -3.93212638]
Epoch 109, t=2460388.3825945556:
  TLE_ECI: r=[  928.89595718  3033.46309036 -7033.60442699], v=[-7.08569904  1.08445306 -0.46716998]
  RK45_ECI: r=[ 4321.29174792 -3044.26423455  5627.19111364], v=[ 5.91314314  1.03411074 -3.96389302]
Epoch 110, t=2460388.382669819:
  TLE_ECI: r=[  714.53783326  3065.15924712 -7044.87164612], v=[-7.10750924  1.00198463 -0.28415581]
  RK45_ECI: r=[ 4361.10390588 -3035.42256252  5601.30863991], v=[ 5.88819633  1.05403522 -3.99551332]
Epoch 111, t=2460388.3827450825:
  TLE_ECI: r=[  499.59506227  3094.2674298  -7050.64474093], v=[-7.12371178  0.91871859 -0.10092085]
  RK45_ECI: r=[ 4400.74903592 -3026.43262937  5575.22091276], v=[ 5.86301698  1.0738971  -4.02698643]
Epoch 112, t=2460388.3828203455:
  TLE_ECI: r=[  284.2373251   3120.7645092  -7050.91921737], v=[-7.13429344  0.8347246   0.08239309]
  RK45_ECI: r=[ 4440.22501406 -3017.29503646  5548.92926291], v=[ 5.83760643  1.09369518 -4.05831076]
Epoch 113, t=2460388.382895609:
  TLE_ECI: r=[   68.63461742  3144.62953722 -7045.69483686], v=[-7.13924533  0.7500728   0.26564415]
  RK45_ECI: r=[ 4479.53082321 -3008.01015665  5522.43429115], v=[ 5.81196535  1.1134288  -4.08948559]
Epoch 114, t=2460388.3829708723:
  TLE_ECI: r=[ -147.04282702  3165.84375596 -7034.97561664], v=[-7.1385629   0.66483391  0.4486905 ]
  RK45_ECI: r=[ 4518.66488752 -2998.57850481  5495.73697157], v=[ 5.78609477  1.13309697 -4.12050979]
Epoch 115, t=2460388.383046136:
  TLE_ECI: r=[ -362.62470418  3184.39061761 -7018.76982696], v=[-7.13224598  0.57907907  0.63139044]
  RK45_ECI: r=[ 4557.62529526 -2989.00066023  5468.83853909], v=[ 5.75999594  1.15269862 -4.15138192]
Epoch 116, t=2460388.383121399:
  TLE_ECI: r=[ -577.94076225  3200.25579581 -6997.08998514], v=[-7.12029872  0.49287984  0.81360255]
  RK45_ECI: r=[ 4596.41084798 -2979.27707078  5441.73973302], v=[ 5.73366969  1.17223296 -4.18210115]
Epoch 117, t=2460388.383196662:
  TLE_ECI: r=[ -792.82092394  3213.42719893 -6969.95284671], v=[-7.10272964  0.40630812  0.99518573]
  RK45_ECI: r=[ 4635.01946833 -2969.40838168  5414.44193532], v=[ 5.70711742  1.19169882 -4.21266591]
Epoch 118, t=2460388.3832719256:
  TLE_ECI: r=[-1007.09545572  3223.89497095 -6937.37939327], v=[-7.0795516   0.31943607  1.17599935]
  RK45_ECI: r=[ 4673.45016215 -2959.39498965  5386.94576947], v=[ 5.68033983  1.21109553 -4.24307552]
Epoch 119, t=2460388.383347189:
  TLE_ECI: r=[-1220.59504267  3231.65151085 -6899.39481762], v=[-7.0507818   0.2323361   1.35590332]
  RK45_ECI: r=[ 4711.70138881 -2949.23744422  5359.25224636], v=[ 5.65333798  1.23042217 -4.27332885]
Epoch 120, t=2460388.3834224525:
  TLE_ECI: r=[-1433.15095736  3236.69147116 -6856.02850549], v=[-7.01644178  0.1450808   1.53475821]
  RK45_ECI: r=[ 4749.77128028 -2938.9363644   5331.36264679], v=[ 5.62611321  1.24967765 -4.30342452]
Epoch 121, t=2460388.3834977155:
  TLE_ECI: r=[-1644.5951718   3239.01176853 -6807.31401446], v=[-6.9765574   0.05774289  1.71242535]
  RK45_ECI: r=[ 4787.65831559 -2928.49231715  5303.27800163], v=[ 5.5986666   1.26886106 -4.33336141]
Epoch 122, t=2460388.383572979:
  TLE_ECI: r=[-1854.76052592  3238.61156744 -6753.2890496 ], v=[-6.93115882 -0.0296049   1.88876692]
  RK45_ECI: r=[ 4825.36151701 -2917.90571619  5274.9989494 ], v=[ 5.57099886  1.28797175 -4.36313886]
Epoch 123, t=2460388.3836482423:
  TLE_ECI: r=[-2063.48080062  3235.49230762 -6693.99543636], v=[-6.8802805  -0.1168898   2.06364607]
  RK45_ECI: r=[ 4862.87886324 -2907.17725595  5246.52692922], v=[ 5.54311149  1.30700858 -4.39275535]
Epoch 124, t=2460388.383723506:
  TLE_ECI: r=[-2270.59088517  3229.65768553 -6629.47909017], v=[-6.82396115 -0.20403908  2.23692701]
  RK45_ECI: r=[ 4900.20920081 -2896.30742818  5217.86272339], v=[ 5.51500532  1.3259708  -4.42221006]
Epoch 125, t=2460388.383798769:
  TLE_ECI: r=[-2475.92689652  3221.11365542 -6559.78998311], v=[-6.76224375 -0.29098017  2.4084751 ]
  RK45_ECI: r=[ 4937.35070714 -2885.29689068  5189.00765744], v=[ 5.48668175  1.34485736 -4.45150165]
Epoch 126, t=2460388.383874032:
  TLE_ECI: r=[-2679.32629794  3209.86843244 -6484.98210761], v=[-6.69517548 -0.37764059  2.57815696]
  RK45_ECI: r=[ 4974.30189886 -2874.14624366  5159.9627976 ], v=[ 5.45814191  1.36366738 -4.48062904]
Epoch 127, t=2460388.3839492956:
  TLE_ECI: r=[-2880.62806395  3195.93245525 -6405.11343695], v=[-6.62280771 -0.4639482   2.7458406 ]
  RK45_ECI: r=[ 5011.06182267 -2862.85592366  5130.72880411], v=[ 5.42938652  1.38240021 -4.50959157]
Epoch 128, t=2460388.384024559:
  TLE_ECI: r=[-3079.67275001  3179.31842287 -6320.24588304], v=[-6.54519599 -0.54983105  2.91139547]
  RK45_ECI: r=[ 5047.62850814 -2851.42666686  5101.30716462], v=[ 5.40041713  1.40105475 -4.53838777]
Epoch 129, t=2460388.3840998225:
  TLE_ECI: r=[-3276.30265581  3160.04125475 -6230.44525101], v=[-6.46239998 -0.63521757  3.07469257]
  RK45_ECI: r=[ 5084.00083137 -2839.8589913   5071.6986873 ], v=[ 5.37123462  1.41963027 -4.56701686]
Epoch 130, t=2460388.384175086:
  TLE_ECI: r=[-3470.36193964  3138.11808642 -6135.78119085], v=[-6.37448341 -0.72003658  3.23560459]
  RK45_ECI: r=[ 5120.17701687 -2828.15359277  5041.90474115], v=[ 5.34184042  1.43812575 -4.59547752]
Epoch 131, t=2460388.384250349:
  TLE_ECI: r=[-3661.69673266  3113.56826607 -6036.3271462 ], v=[-6.2815141  -0.80421734  3.39400595]
  RK45_ECI: r=[ 5156.15562021 -2816.31110391  5011.9264267 ], v=[ 5.3122357   1.45654031 -4.62376872]
Epoch 132, t=2460388.3843256123:
  TLE_ECI: r=[-3850.15529715  3086.41329688 -5932.16030005], v=[-6.18356383 -0.88768968  3.54977295]
  RK45_ECI: r=[ 5191.93571339 -2804.33198338  4981.76442523], v=[ 5.28242122  1.47487335 -4.65188981]
Epoch 133, t=2460388.384400876:
  TLE_ECI: r=[-4035.58809184  3056.67688221 -5823.3615177 ], v=[-6.08070835 -0.97038397  3.70278383]
  RK45_ECI: r=[ 5227.51537875 -2792.21700792  4951.42027144], v=[ 5.25239856  1.49312376 -4.67983938]
Epoch 134, t=2460388.384476139:
  TLE_ECI: r=[-4217.84792751  3024.38486548 -5710.01528671], v=[-5.97302731 -1.05223118  3.85291887]
  RK45_ECI: r=[ 5262.89352272 -2779.96672171  4920.89479852], v=[ 5.22216864  1.51129086 -4.70761667]
Epoch 135, t=2460388.384551402:
  TLE_ECI: r=[-4396.79006664  2989.56523197 -5592.20965401], v=[-5.86060423 -1.133163    4.00006051]
  RK45_ECI: r=[ 5298.06825218 -2767.58191934  4890.18956208], v=[ 5.19173308  1.52937354 -4.73522028]
Epoch 136, t=2460388.3846266656:
  TLE_ECI: r=[-4572.27237398  2952.24803556 -5470.03616015], v=[-5.7435264  -1.21311189  4.14409342]
  RK45_ECI: r=[ 5333.03866264 -2755.0630786   4859.30526223], v=[ 5.16109266  1.54737123 -4.76264959]
Epoch 137, t=2460388.384701929:
  TLE_ECI: r=[-4744.15537771  2912.46544974 -5343.58977083], v=[-5.62188485 -1.29201105  4.2849046 ]
  RK45_ECI: r=[ 5367.80335245 -2742.41086637  4828.24303413], v=[ 5.13024859  1.56528305 -4.78990361]
Epoch 138, t=2460388.3847771925:
  TLE_ECI: r=[-4912.30241692  2870.25169166 -5212.96880558], v=[-5.49577429 -1.36979459  4.42238347]
  RK45_ECI: r=[ 5402.36062505 -2729.62603692  4797.00431341], v=[ 5.09920236  1.58310804 -4.81698108]
Epoch 139, t=2460388.384852456:
  TLE_ECI: r=[-5076.5797428  2825.6430065 -5078.2748637], v=[-5.36529303 -1.44639748  4.55642198]
  RK45_ECI: r=[ 5436.7094184  -2716.70915948  4765.5899574 ], v=[ 5.06795493  1.60084551 -4.84388129]
Epoch 140, t=2460388.384927719:
  TLE_ECI: r=[-5236.85661863  2778.67765326 -4939.61274754], v=[-5.23054293 -1.5217557   4.68691465]
  RK45_ECI: r=[ 5470.84789467 -2703.66106801  4734.00156649], v=[ 5.03650796  1.61849439 -4.87060287]
Epoch 141, t=2460388.3850029823:
  TLE_ECI: r=[-5393.00545839  2729.39581253 -4797.09038306], v=[-5.09162928 -1.59580626  4.81375872]
  RK45_ECI: r=[ 5504.77517622 -2690.48226143  4702.23986035], v=[ 5.00486225  1.6360541  -4.89714524]
Epoch 142, t=2460388.385078246:
  TLE_ECI: r=[-5544.90188118  2677.83964411 -4650.81873791], v=[-4.94866078 -1.66848721  4.9368542 ]
  RK45_ECI: r=[ 5538.48990304 -2677.17343747  4670.30600601], v=[ 4.97301905  1.65352382 -4.92350744]
Epoch 143, t=2460388.385153509:
  TLE_ECI: r=[-5692.42484557  2624.05319223 -4500.91173679], v=[-4.80174944 -1.73973774  5.05610395]
  RK45_ECI: r=[ 5571.99043006 -2663.73538575  4638.20147887], v=[ 4.94097992  1.67090258 -4.94968826]
Epoch 144, t=2460388.3852287726:
  TLE_ECI: r=[-5835.45674011  2568.08236448 -4347.4861744 ], v=[-4.65101049 -1.80949826  5.17141377]
  RK45_ECI: r=[ 5605.27572764 -2650.16870024  4605.92715946], v=[ 4.90874581  1.68818971 -4.97568702]
Epoch 145, t=2460388.3853040356:
  TLE_ECI: r=[-5973.88347243  2509.97491095 -4190.66162592], v=[-4.49656231 -1.87771035  5.28269252]
  RK45_ECI: r=[ 5638.34401511 -2636.47425316  4573.48469129], v=[ 4.87631847  1.70538418 -5.0015024 ]
Epoch 146, t=2460388.385379299:
  TLE_ECI: r=[-6107.59459255  2449.78031519 -4030.56035498], v=[-4.33852629 -1.94431696  5.38985212]
  RK45_ECI: r=[ 5671.19444254 -2622.65256405  4540.87481281], v=[ 4.8436987   1.72248541 -5.02713383]
Epoch 147, t=2460388.3854545625:
  TLE_ECI: r=[-6236.48333915  2387.54985692 -3867.30721955], v=[-4.17702683 -2.00926232  5.49280769]
  RK45_ECI: r=[ 5703.82569295 -2608.70436062  4508.09872175], v=[ 4.81088781  1.73949261 -5.05258041]
Epoch 148, t=2460388.385529826:
  TLE_ECI: r=[-6360.44675762  2323.33650071 -3701.0295753 ], v=[-4.01219116 -2.07249206  5.59147761]
  RK45_ECI: r=[ 5736.2361742  -2594.63046738  4475.15793173], v=[ 4.77788739  1.75640482 -5.07784096]
Epoch 149, t=2460388.3856050894:
  TLE_ECI: r=[-6479.38577795  2257.1948684  -3531.85717686], v=[-3.8441493  -2.13395325  5.68578357]
  RK45_ECI: r=[ 5768.4248903  -2580.43150202  4442.05334556], v=[ 4.74469844  1.7732214  -5.10291483]
Epoch 150, t=2460388.3856803523:
  TLE_ECI: r=[-6593.20529035  2189.18121323 -3359.92207702], v=[-3.67303392 -2.19359444  5.77565068]
  RK45_ECI: r=[ 5800.39011949 -2566.10837414  4408.78664826], v=[ 4.71132273  1.78994134 -5.12780076]
Epoch 151, t=2460388.385755616:
  TLE_ECI: r=[-6701.81425034  2119.35329548 -3185.35852373], v=[-3.49898024 -2.25136575  5.8610075 ]
  RK45_ECI: r=[ 5832.13118311 -2551.66156838  4375.35843901], v=[ 4.67776097  1.80656415 -5.15249832]
Epoch 152, t=2460388.385830879:
  TLE_ECI: r=[-6805.12571559  2047.77044894 -3008.30285526], v=[-3.32212595 -2.30721882  5.94178612]
  RK45_ECI: r=[ 5863.64638032 -2537.09200717  4341.77041673], v=[ 4.64401494  1.82308884 -5.17700628]
Epoch 153, t=2460388.3859061426:
  TLE_ECI: r=[-6903.05694482  1974.49345469 -2828.89339342], v=[-3.14261107 -2.36110693  6.01792221]
  RK45_ECI: r=[ 5894.93460194 -2522.40038325  4308.02366009], v=[ 4.61008584  1.83951469 -5.20132388]
Epoch 154, t=2460388.3859814056:
  TLE_ECI: r=[-6995.52945501  1899.58452913 -2647.27033498], v=[-2.96057789 -2.41298503  6.08935511]
  RK45_ECI: r=[ 5925.99459681 -2507.58746678  4274.11940996], v=[ 4.575975    1.85584092 -5.22545025]
Epoch 155, t=2460388.386056669:
  TLE_ECI: r=[-7082.46910967  1823.10719017 -2463.57564129], v=[-2.77617075 -2.46280979  6.15602785]
  RK45_ECI: r=[ 5956.82514491 -2492.65398183  4240.05891279], v=[ 4.54168378  1.8720668  -5.24938451]
Epoch 156, t=2460388.3861319325:
  TLE_ECI: r=[-7163.80614727  1745.12632518 -2277.95292644], v=[-2.58953605 -2.5105396   6.21788721]
  RK45_ECI: r=[ 5987.42515081 -2477.60065216  4205.84325975], v=[ 4.50721337  1.8881916  -5.27312594]
Epoch 157, t=2460388.386207196:
  TLE_ECI: r=[-7239.47526296  1665.70805483 -2090.54734379], v=[-2.40082204 -2.55613462  6.2748838 ]
  RK45_ECI: r=[ 6017.7931221  -2462.42836206  4171.4740296 ], v=[ 4.47256547  1.90421444 -5.29667345]
Epoch 158, t=2460388.3862824594:
  TLE_ECI: r=[-7309.41565788  1584.91969744 -1901.50547104], v=[-2.21017874 -2.59955687  6.32697205]
  RK45_ECI: r=[ 6047.92812573 -2447.13777099  4136.95216292], v=[ 4.43774113  1.92013469 -5.32002643]
Epoch 159, t=2460388.3863577223:
  TLE_ECI: r=[-7373.57108626  1502.8297332  -1710.97519405], v=[-2.0177578  -2.64077019  6.37411033]
  RK45_ECI: r=[ 6077.8285506  -2431.72985317  4102.27941535], v=[ 4.40274221  1.93595141 -5.3431837 ]
Epoch 160, t=2460388.386432986:
  TLE_ECI: r=[-7431.88992098  1419.50765939 -1519.10558938], v=[-1.82371238 -2.67974033  6.41626089]
  RK45_ECI: r=[ 6107.49362903 -2416.20518323  4067.45657381], v=[ 4.36756963  1.95166406 -5.36614478]
Epoch 161, t=2460388.386508249:
  TLE_ECI: r=[-7484.32517022  1335.0240605  -1326.04680572], v=[-1.62819701 -2.71643494  6.45338999]
  RK45_ECI: r=[ 6136.92217179 -2400.56456885  4032.48491555], v=[ 4.33222478  1.96727189 -5.38890883]
Epoch 162, t=2460388.3865835126:
  TLE_ECI: r=[-7530.83453576  1249.45046212 -1131.94994431], v=[-1.43136748 -2.75082364  6.48546787]
  RK45_ECI: r=[ 6166.112744   -2384.80892646  3997.36605348], v=[ 4.2967094   1.98277404 -5.41147483]
Epoch 163, t=2460388.386658776:
  TLE_ECI: r=[-7571.3804444   1162.85929098  -936.96693848], v=[-1.23338072 -2.782878    6.51246882]
  RK45_ECI: r=[ 6195.0644492  -2368.93893758  3962.10094797], v=[ 4.26102457  1.9981699  -5.43384218]
Epoch 164, t=2460388.386734039:
  TLE_ECI: r=[-7605.93007689  1075.32383532  -741.25043232], v=[-1.03439462 -2.81257162  6.53437118]
  RK45_ECI: r=[ 6223.77574026 -2352.95561061  3926.69139169], v=[ 4.22517222  2.01345857 -5.45600976]
Epoch 165, t=2460388.3868093025:
  TLE_ECI: r=[-7634.45540879   986.91809332  -544.95365874], v=[-0.83456794 -2.83988011  6.55115733]
  RK45_ECI: r=[ 6252.24588058 -2336.85953887  3891.1381875 ], v=[ 4.18915327  2.02863952 -5.4779771 ]
Epoch 166, t=2460388.386884566:
  TLE_ECI: r=[-7656.93321481   897.716843    -348.23031698], v=[-0.63406015 -2.86478115  6.5628138 ]
  RK45_ECI: r=[ 6280.47372914 -2320.65155682  3855.44263894], v=[ 4.15296916  2.04371203 -5.4997434 ]
Epoch 167, t=2460388.3869598294:
  TLE_ECI: r=[-7673.34510211   807.7954893   -151.23444957], v=[-0.43303132 -2.88725445  6.56933118]
  RK45_ECI: r=[ 6308.45791029 -2304.33261166  3819.60639163], v=[ 4.11662167  2.05867528 -5.52130768]
Epoch 168, t=2460388.387035093:
  TLE_ECI: r=[-7683.67752272   717.23002154    45.87968091], v=[-0.23164197 -2.90728184  6.5707042 ]
  RK45_ECI: r=[ 6336.19756518 -2287.90340612  3783.63042493], v=[ 4.08011192  2.07352869 -5.54266936]
Epoch 169, t=2460388.387110356:
  TLE_ECI: r=[-7687.9217834    626.09697112   242.95771541], v=[-0.03005292 -2.92484725  6.5669317 ]
  RK45_ECI: r=[ 6363.69121218 -2271.36498185  3747.51656699], v=[ 4.04344187  2.08827138 -5.56382739]
Epoch 170, t=2460388.387185619:
  TLE_ECI: r=[-7686.07406083   534.47325515   439.84532203], v=[ 0.17157484 -2.93993672  6.55801664]
  RK45_ECI: r=[ 6390.93814677 -2254.71794975  3711.265636  ], v=[ 4.00661248  2.10290285 -5.58478129]
Epoch 171, t=2460388.3872608826:
  TLE_ECI: r=[-7678.13539322   442.43624625   636.38831958], v=[ 0.37308026 -2.95253842  6.54396609]
  RK45_ECI: r=[ 6417.93727733 -2237.96317007  3674.87896064], v=[ 3.96962522  2.11742242 -5.60553031]
Epoch 172, t=2460388.387336146:
  TLE_ECI: r=[-7664.11168773   350.06361579   832.4328011 ], v=[ 0.5743024  -2.96264266  6.52479127]
  RK45_ECI: r=[ 6444.68728889 -2221.10161954  3638.35821787], v=[ 3.93248191  2.13182929 -5.62607351]
Epoch 173, t=2460388.387411409:
  TLE_ECI: r=[-7644.0137128    257.43331241  1027.82525704], v=[ 0.77508053 -2.9702419   6.50050745]
  RK45_ECI: r=[ 6471.18711686 -2204.13417127  3601.70474989], v=[ 3.89518404  2.14612279 -5.64641015]
Epoch 174, t=2460388.3874866725:
  TLE_ECI: r=[-7617.85709241   164.62340521  1222.41269812], v=[ 0.97525435 -2.97533073  6.47113402]
  RK45_ECI: r=[ 6497.43607944 -2187.06144846  3564.91938482], v=[ 3.85773257  2.16030246 -5.66653978]
Epoch 175, t=2460388.387561936:
  TLE_ECI: r=[-7585.66228762    71.7121519   1416.04277765], v=[ 1.174664   -2.97790593  6.43669443]
  RK45_ECI: r=[ 6523.43277217 -2169.88452885  3528.00398943], v=[ 3.82012951  2.17436745 -5.6864614 ]
Epoch 176, t=2460388.3876371994:
  TLE_ECI: r=[-7547.45458324   -21.22215805  1608.56391333], v=[ 1.37315031 -2.97796641  6.39721618]
  RK45_ECI: r=[ 6549.17639815 -2152.60414734  3490.95957179], v=[ 3.78237603  2.18831723 -5.70617447]
Epoch 177, t=2460388.387712463:
  TLE_ECI: r=[-7503.26406548  -114.10124802  1799.82540822], v=[ 1.57055486 -2.97551324  6.35273079]
  RK45_ECI: r=[ 6574.66570435 -2135.22130892  3453.78783875], v=[ 3.74447398  2.20215105 -5.72567809]
Epoch 178, t=2460388.387787726:
  TLE_ECI: r=[-7453.12559719  -206.84689955  1989.67757098], v=[ 1.76672014 -2.97054965  6.30327376]
  RK45_ECI: r=[ 6599.89967737 -2117.73691032  3416.49015587], v=[ 3.70642487  2.21586827 -5.74497157]
Epoch 179, t=2460388.387862989:
  TLE_ECI: r=[-7397.0787864   -299.38110588  2177.97183513], v=[ 1.96148973 -2.963081    6.24888457]
  RK45_ECI: r=[ 6624.87766844 -2100.15159121  3379.06736544], v=[ 3.66822969  2.22946845 -5.76405449]
Epoch 180, t=2460388.3879382527:
  TLE_ECI: r=[-7335.16795575  -391.62600732  2364.56087721], v=[ 2.15470832 -2.9531148   6.1896066 ]
  RK45_ECI: r=[ 6649.59834172 -2082.46645935  3341.52136625], v=[ 3.62989048  2.24295078 -5.78292588]
Epoch 181, t=2460388.388013516:
  TLE_ECI: r=[-7267.44210359  -483.50404579  2549.29873387], v=[ 2.34622194 -2.9406607   6.12548714]
  RK45_ECI: r=[ 6674.06094013 -2064.68226801  3303.85318316], v=[ 3.59140842  2.25631478 -5.80158524]
Epoch 182, t=2460388.3880887795:
  TLE_ECI: r=[-7193.95486317  -574.93800797  2732.04091764], v=[ 2.53587805 -2.92573044  6.05657727]
  RK45_ECI: r=[ 6698.26427371 -2046.800049    3266.06455135], v=[ 3.55278539  2.26955971 -5.82003172]
Epoch 183, t=2460388.3881640425:
  TLE_ECI: r=[-7114.76445954  -665.85107043  2912.64453135], v=[ 2.72352564 -2.90833791  5.98293191]
  RK45_ECI: r=[ 6722.20738093 -2028.82072197  3228.15685847], v=[ 3.51402294  2.28268498 -5.83826467]
Epoch 184, t=2460388.388239306:
  TLE_ECI: r=[-7029.93365325  -756.1669482   3090.96838103], v=[ 2.90901543 -2.88849902  5.90460969]
  RK45_ECI: r=[ 6745.88964672 -2010.7449419   3190.13096023], v=[ 3.47512206  2.29569016 -5.85628369]
Epoch 185, t=2460388.3883145694:
  TLE_ECI: r=[-6939.52969866  -845.80983374  3266.87308738], v=[ 3.0921999  -2.86623182  5.82167294]
  RK45_ECI: r=[ 6769.30980514 -1992.57384468  3151.98878564], v=[ 3.43608483  2.3085745  -5.87408787]
Epoch 186, t=2460388.388389833:
  TLE_ECI: r=[-6843.62428078  -934.70454469  3440.22119543], v=[ 3.27293348 -2.84155636  5.7341876 ]
  RK45_ECI: r=[ 6792.4671393  -1974.30820153  3113.73137536], v=[ 3.39691244  2.32133753 -5.89167675]
Epoch 187, t=2460388.3884650962:
  TLE_ECI: r=[-6742.29345719 -1022.77656632  3610.87728255], v=[ 3.45107263 -2.81449477  5.6422232 ]
  RK45_ECI: r=[ 6815.36052341 -1955.94906961  3075.36049123], v=[ 3.35760681  2.33397856 -5.90904953]
Epoch 188, t=2460388.388540359:
  TLE_ECI: r=[-6635.61759791 -1109.95209466  3778.70806457], v=[ 3.62647596 -2.78507115  5.54585276]
  RK45_ECI: r=[ 6837.98904866 -1937.4973902   3036.87754168], v=[ 3.3181695   2.34649701 -5.92620559]
Epoch 189, t=2460388.3886156227:
  TLE_ECI: r=[-6523.68130589 -1196.15817686  3943.58249999], v=[ 3.79900437 -2.75331159  5.44515276]
  RK45_ECI: r=[ 6860.35213415 -1918.95383246  2998.28339494], v=[ 3.27860151  2.3588925  -5.94314457]
Epoch 190, t=2460388.388690886:
  TLE_ECI: r=[-6406.57336567 -1281.32265396  4105.37189221], v=[ 3.96852113 -2.71924416  5.34020303]
  RK45_ECI: r=[ 6882.44858479 -1900.31955956  2959.58000836], v=[ 3.23890496  2.3711643  -5.95986561]
Epoch 191, t=2460388.3887661495:
  TLE_ECI: r=[-6284.38665761 -1365.37430052  4263.94998966], v=[ 4.134892   -2.68289882  5.23108672]
  RK45_ECI: r=[ 6904.27772457 -1881.59535933  2920.76843736], v=[ 3.19908106  2.38331196 -5.97636829]
Epoch 192, t=2460388.3888414125:
  TLE_ECI: r=[-6157.21808853 -1448.24284582  4419.19308374], v=[ 4.29798531 -2.64430748  5.1178902 ]
  RK45_ECI: r=[ 6925.83839089 -1862.78240653  2881.8506516 ], v=[ 3.15913193  2.39533479 -5.99265178]
Epoch 193, t=2460388.388916676:
  TLE_ECI: r=[-6025.1684951  -1529.85910521  4570.98010453], v=[ 4.45767214 -2.60350385  5.00070299]
  RK45_ECI: r=[ 6947.13003412 -1843.88138247  2842.82753017], v=[ 3.11905859  2.4072324  -6.00871575]
Epoch 194, t=2460388.3889919394:
  TLE_ECI: r=[-5888.34258586 -1610.15492742  4719.19271431], v=[ 4.6138263  -2.56052354  4.8796177 ]
  RK45_ECI: r=[ 6968.15180217 -1824.89325053  2803.70050159], v=[ 3.07886263  2.41900425 -6.02455962]
Epoch 195, t=2460388.389067203:
  TLE_ECI: r=[-5746.84883902 -1689.06332497  4863.71539856], v=[ 4.76632454 -2.51540394  4.75472991]
  RK45_ECI: r=[ 6988.90267388 -1805.81910577  2764.47136675], v=[ 3.038546    2.43064971 -6.04018268]
Epoch 196, t=2460388.3891424662:
  TLE_ECI: r=[-5600.79941793 -1766.51851052  5004.43555461], v=[ 4.91504655 -2.46818418  4.62613815]
  RK45_ECI: r=[ 7009.38201463 -1786.65975198  2725.14119469], v=[ 2.99810992  2.44216836 -6.05558454]
Epoch 197, t=2460388.389217729:
  TLE_ECI: r=[-5450.31008491 -1842.45593517  5141.24357787], v=[ 5.05987514 -2.41890516  4.49394374]
  RK45_ECI: r=[ 7029.58873426 -1767.41638883  2685.71198064], v=[ 2.95755656  2.45355954 -6.07076443]
Epoch 198, t=2460388.3892929927:
  TLE_ECI: r=[-5295.5000858  -1916.81240597  5274.03294533], v=[ 5.20069624 -2.36760943  4.35825078]
  RK45_ECI: r=[ 7049.52231804 -1748.08971084  2646.18461442], v=[ 2.91688694  2.46482288 -6.08572204]
Epoch 199, t=2460388.389368256:
  TLE_ECI: r=[-5136.49208496 -1989.52604015  5402.70029671], v=[ 5.33739906 -2.31434122  4.219166  ]
  RK45_ECI: r=[ 7069.18196826 -1728.68070044  2606.56054237], v=[ 2.87610267  2.47595787 -6.10045685]
Epoch 200, t=2460388.3894435195:
  TLE_ECI: r=[-4973.41204504 -2060.53638107  5527.14551283], v=[ 5.46987611 -2.25914634  4.07679872]
  RK45_ECI: r=[ 7088.56673025 -1709.19047497  2566.84158745], v=[ 2.83520574  2.48696392 -6.1149682 ]
Epoch 201, t=2460388.389518783:
  TLE_ECI: r=[-4806.38913057 -2129.78443101  5647.27179126], v=[ 5.59802332 -2.20207222  3.93126072]
  RK45_ECI: r=[ 7107.67601137 -1689.61985316  2527.02883125], v=[ 2.79419737  2.49784063 -6.12925572]
Epoch 202, t=2460388.389594046:
  TLE_ECI: r=[-4635.55561043 -2197.21268535  5762.98571942], v=[ 5.72174008 -2.14316777  3.78266619]
  RK45_ECI: r=[ 7126.50879492 -1669.97005837  2487.12429258], v=[ 2.75307977  2.50858735 -6.14331872]
Epoch 203, t=2460388.3896693094:
  TLE_ECI: r=[-4461.046726   -2262.76523441  5874.19734468], v=[ 5.84092936 -2.08248339  3.63113159]
  RK45_ECI: r=[ 7145.06468439 -1650.24172043  2447.12868315], v=[ 2.71185378  2.51920381 -6.15715698]
Epoch 204, t=2460388.389744573:
  TLE_ECI: r=[-4283.00062113 -2326.38772496  5980.82024192], v=[ 5.95549772 -2.02007091  3.47677559]
  RK45_ECI: r=[ 7163.34268877 -1630.43607074  2407.04402939], v=[ 2.6705216   2.52968938 -6.17076981]
Epoch 205, t=2460388.3898198362:
  TLE_ECI: r=[-4101.55820639 -2388.02746037  6082.77157806], v=[ 6.06535543 -1.95598359  3.31971898]
  RK45_ECI: r=[ 7181.3421692  -1610.55401688  2366.87161084], v=[ 2.62908467  2.54004363 -6.18415683]
Epoch 206, t=2460388.3898950997:
  TLE_ECI: r=[-3916.86305323 -2447.6334286   6179.97217381], v=[ 6.17041649 -1.89027599  3.16008454]
  RK45_ECI: r=[ 7199.06249279 -1590.59646872  2326.61270844], v=[ 2.58754445  2.55026614 -6.19731762]
Epoch 207, t=2460388.3899703627:
  TLE_ECI: r=[-3729.06128693 -2505.15633248  6272.34656255], v=[ 6.2705987  -1.82300402  2.99799697]
  RK45_ECI: r=[ 7216.50271739 -1570.56467151  2286.26936261], v=[ 2.54590313  2.56035631 -6.21025155]
Epoch 208, t=2460388.390045626:
  TLE_ECI: r=[-3538.30144201 -2560.54867291  6359.82304619], v=[ 6.36582375 -1.75422477  2.83358279]
  RK45_ECI: r=[ 7233.66247594 -1550.45926577  2245.84229196], v=[ 2.5041616   2.57031387 -6.22295843]
Epoch 209, t=2460388.3901208895:
  TLE_ECI: r=[-3344.73438767 -2613.76472003  6442.3337483 ], v=[ 6.45601722 -1.68399658  2.66697024]
  RK45_ECI: r=[ 7250.54085235 -1530.28150423  2205.33354388], v=[ 2.46232208  2.58013823 -6.23543763]
Epoch 210, t=2460388.390196153:
  TLE_ECI: r=[-3148.51318028 -2664.76059463  6519.81466406], v=[ 6.54110867 -1.61237893  2.49828917]
  RK45_ECI: r=[ 7267.13725711 -1510.03230962  2164.74441042], v=[ 2.42038603  2.589829   -6.24768878]
Epoch 211, t=2460388.390271416:
  TLE_ECI: r=[-2949.79295777 -2713.49428293  6592.2057074 ], v=[ 6.62103167 -1.53943244  2.32767095]
  RK45_ECI: r=[ 7283.4510299  -1489.71270724  2124.07637593], v=[ 2.37835511  2.59938573 -6.25971148]
Epoch 212, t=2460388.3903466794:
  TLE_ECI: r=[-2748.73078599 -2759.92570527  6659.450755  ], v=[ 6.69572384 -1.4652187   2.15524838]
  RK45_ECI: r=[ 7299.48153481 -1469.32366155  2083.33092743], v=[ 2.33623098  2.60880799 -6.27150531]
Epoch 213, t=2460388.390421943:
  TLE_ECI: r=[-2545.48558281 -2804.01669382  6721.49768746], v=[ 6.7651269  -1.38980036  1.98115556]
  RK45_ECI: r=[ 7315.22820403 -1448.86612415  2042.50936283], v=[ 2.2940151   2.6180954  -6.28306993]
Epoch 214, t=2460388.3904972062:
  TLE_ECI: r=[-2340.21796228 -2845.73105925  6778.29842731], v=[ 6.82918672 -1.31324101  1.80552784]
  RK45_ECI: r=[ 7330.69027418 -1428.3412678   2001.61355753], v=[ 2.25170954  2.62724745 -6.29440482]
Epoch 215, t=2460388.3905724697:
  TLE_ECI: r=[-2133.09011686 -2885.0346099   6829.80897406], v=[ 6.88785332 -1.23560514  1.62850166]
  RK45_ECI: r=[ 7345.86727326 -1407.74994872  1960.64462248], v=[ 2.20931559  2.6362638  -6.30550972]
Epoch 216, t=2460388.3906477327:
  TLE_ECI: r=[-1924.2656994  -2921.89517299  6875.9894362 ], v=[ 6.94108093 -1.15695809  1.45021448]
  RK45_ECI: r=[ 7360.7583956  -1387.09344905  1919.60463222], v=[ 2.16683551  2.64514393 -6.31638409]
Epoch 217, t=2460388.390722996:
  TLE_ECI: r=[-1713.90966147 -2956.28264321  6916.80406006], v=[ 6.98882804 -1.07736596  1.27080468]
  RK45_ECI: r=[ 7375.36326372 -1366.37250648  1878.49450913], v=[ 2.12427038  2.65388757 -6.32702772]
Epoch 218, t=2460388.3907982595:
  TLE_ECI: r=[-1502.188176   -2988.16897032  6952.22125584], v=[ 7.03105736 -0.99689561  1.09041145]
  RK45_ECI: r=[ 7389.68129314 -1345.58816677  1837.31575429], v=[ 2.08162191  2.66249431 -6.33744024]
Epoch 219, t=2460388.390873523:
  TLE_ECI: r=[-1289.26847421 -3017.52820561  6982.21362036], v=[ 7.0677359 -0.9156146  0.9091747]
  RK45_ECI: r=[ 7403.71179047 -1324.74161998  1796.07025856], v=[ 2.03889217  2.67096368 -6.3476212 ]
Epoch 220, t=2460388.3909487864:
  TLE_ECI: r=[-1075.31872423 -3044.33651594  7006.75795679], v=[ 7.09883499 -0.8335911   0.72723492]
  RK45_ECI: r=[ 7417.45432793 -1303.83373404  1754.7591415 ], v=[ 1.99608246  2.67929538 -6.35757035]
Epoch 221, t=2460388.3910240494:
  TLE_ECI: r=[ -860.50790954 -3068.57219964  7025.83529144], v=[ 7.12433027 -0.7508939   0.54473313]
  RK45_ECI: r=[ 7430.90817704 -1282.86580917  1713.384494  ], v=[ 1.95319508  2.68748893 -6.36728722]
Epoch 222, t=2460388.391099313:
  TLE_ECI: r=[ -645.00566227 -3090.21571432  7039.43088722], v=[ 7.14420172 -0.66759222  0.36181075]
  RK45_ECI: r=[ 7444.07299766 -1261.83859272  1671.94724505], v=[ 1.91023113  2.69554407 -6.37677161]
Epoch 223, t=2460388.3911745762:
  TLE_ECI: r=[ -428.98218539 -3109.24967474  7047.53425435], v=[ 7.15843367 -0.58375584  0.17860949]
  RK45_ECI: r=[ 7456.94826314 -1240.75314431  1630.44890693], v=[ 1.86719232  2.70346043 -6.38602321]
Epoch 224, t=2460388.3912498397:
  TLE_ECI: r=[ -212.60808519 -3125.65887842  7050.13915774], v=[ 7.16701482e+00 -4.99454917e-01 -4.72873237e-03]
  RK45_ECI: r=[ 7469.53335094 -1219.61066978  1588.89138436], v=[ 1.82408075  2.71123759 -6.39504159]
Epoch 225, t=2460388.3913251027:
  TLE_ECI: r=[ 3.94574253e+00 -3.13943031e+03  7.04724362e+03], v=[ 7.16993824 -0.41475999 -0.18806191]
  RK45_ECI: r=[ 7481.82776581 -1198.41223551  1547.27619541], v=[ 1.78089815  2.71887521 -6.40382647]
Epoch 226, t=2460388.391400366:
  TLE_ECI: r=[  220.50828157 -3150.55317293  7038.84992957], v=[ 7.16720137 -0.32974185 -0.37124805]
  RK45_ECI: r=[ 7493.83119386 -1177.15859489  1505.60427299], v=[ 1.73764562  2.72637305 -6.41237767]
Epoch 227, t=2460388.3914756295:
  TLE_ECI: r=[  436.90847249 -3159.01885384  7024.9646253 ], v=[ 7.15880603 -0.24447158 -0.55414525]
  RK45_ECI: r=[ 7505.54299609 -1155.85106729  1463.87772451], v=[ 1.69432547  2.73373069 -6.42069477]
Epoch 228, t=2460388.391550893:
  TLE_ECI: r=[  652.97538172 -3164.82097298  7005.59850527], v=[ 7.14475841 -0.15902044 -0.73661184]
  RK45_ECI: r=[ 7516.96281652 -1134.49053698  1422.09768136], v=[ 1.65093904  2.74094786 -6.42877757]
Epoch 229, t=2460388.3916261564:
  TLE_ECI: r=[  868.53832471 -3167.9553675   6980.766612  ], v=[ 7.12506909 -0.07345983 -0.91850647]
  RK45_ECI: r=[ 7528.09010404 -1113.0782242   1380.26606048], v=[ 1.60748843  2.74802418 -6.43662572]
Epoch 230, t=2460388.3917014194:
  TLE_ECI: r=[ 1083.42698875 -3168.4201018   6950.48822283], v=[ 7.09975301  0.01213875 -1.09968817]
  RK45_ECI: r=[ 7538.92442214 -1091.6152071   1338.38438917], v=[ 1.56397539  2.75495936 -6.44423894]
Epoch 231, t=2460388.391776683:
  TLE_ECI: r=[ 1297.47160214 -3166.21545708  6914.78683575], v=[ 7.06882946  0.09770384 -1.28001655]
  RK45_ECI: r=[ 7549.46549485 -1070.10224695  1296.45360572], v=[ 1.52040102  2.76175317 -6.4516171 ]
Epoch 232, t=2460388.3918519462:
  TLE_ECI: r=[ 1510.50301017 -3161.34394772  6873.69015239], v=[ 7.03232208  0.18316395 -1.45935179]
  RK45_ECI: r=[ 7559.7127619  -1048.54067757  1254.47583005], v=[ 1.47676767  2.76840525 -6.45875983]
Epoch 233, t=2460388.3919272097:
  TLE_ECI: r=[ 1722.35284332 -3153.81030866  6827.23005772], v=[ 6.99025885  0.2684477  -1.63755482]
  RK45_ECI: r=[ 7569.66591262 -1026.93139213  1212.45219975], v=[ 1.43307665  2.77491537 -6.46566695]
Epoch 234, t=2460388.392002473:
  TLE_ECI: r=[ 1932.85363896 -3143.62149387  6775.4425968 ], v=[ 6.94267206  0.35348385 -1.81448739]
  RK45_ECI: r=[ 7579.32446783 -1005.27562356  1170.38464233], v=[ 1.3893301   2.78128318 -6.47233817]
Epoch 235, t=2460388.392077736:
  TLE_ECI: r=[ 2141.83896241 -3130.78667703  6718.36794846], v=[ 6.8895983   0.43820134 -1.99001219]
  RK45_ECI: r=[7588.68805007 -983.57446037 1128.27469301], v=[ 1.34552976  2.78750844 -6.47877327]
Epoch 236, t=2460388.3921529995:
  TLE_ECI: r=[ 2349.14357326 -3115.31721971  6656.05039585], v=[ 6.83107844  0.52252944 -2.16399292]
  RK45_ECI: r=[7597.75642156 -961.82867033 1086.12329466], v=[ 1.30167675  2.79359095 -6.48497212]
Epoch 237, t=2460388.392228263:
  TLE_ECI: r=[ 2554.60349882 -3097.22669804  6588.53829416], v=[ 6.76715757  0.60639766 -2.33629443]
  RK45_ECI: r=[7606.52910105 -940.03960071 1043.93257783], v=[ 1.25777341  2.79953039 -6.49093441]
Epoch 238, t=2460388.3923035264:
  TLE_ECI: r=[ 2758.05619951 -3076.53086835  6515.88403513], v=[ 6.69788504  0.68973591 -2.50678278]
  RK45_ECI: r=[7615.00582343 -918.20815173 1001.7036853 ], v=[ 1.21382107  2.80532656 -6.49666001]
Epoch 239, t=2460388.39237879:
  TLE_ECI: r=[ 2959.34068638 -3053.24766046  6438.14400855], v=[ 6.62331436  0.77247451 -2.67532538]
  RK45_ECI: r=[7623.18618179 -896.33556746  959.43855342], v=[ 1.16982186  2.81097918 -6.50214867]
Epoch 240, t=2460388.392454053:
  TLE_ECI: r=[ 3158.29763847 -3027.39717247  6355.37856089], v=[ 6.54350321  0.85454426 -2.84179107]
  RK45_ECI: r=[7631.06985788 -874.42294561  917.13872391], v=[ 1.12577754  2.816488   -6.50740021]
Epoch 241, t=2460388.3925293162:
  TLE_ECI: r=[ 3354.76956372 -2999.00161814  6267.65195073], v=[ 6.45851336  0.93587655 -3.00605022]
  RK45_ECI: r=[7638.65665212 -852.4710597   874.80514337], v=[ 1.08168922  2.8218529  -6.51241454]
Epoch 242, t=2460388.3926045797:
  TLE_ECI: r=[ 3548.60086912 -2968.08536286  6175.03230146], v=[ 6.36841069  1.01640331 -3.16797482]
  RK45_ECI: r=[7645.94616272 -830.48126782  832.43995101], v=[ 1.03755925  2.82707357 -6.51719141]
Epoch 243, t=2460388.392679843:
  TLE_ECI: r=[ 3739.63801928 -2934.67486879  6077.59155084], v=[ 6.27326509  1.09605712 -3.32743859]
  RK45_ECI: r=[7652.93817008 -808.45447696  790.0442937 ], v=[ 0.99338896  2.83214986 -6.52173072]
Epoch 244, t=2460388.392755106:
  TLE_ECI: r=[ 3927.72964019 -2898.79869371  5975.4053977 ], v=[ 6.17315045  1.17477127 -3.4843171 ]
  RK45_ECI: r=[7659.63230849 -786.39204968  747.62031399], v=[ 0.94918071  2.83708149 -6.52603227]
Epoch 245, t=2460388.3928303695:
  TLE_ECI: r=[ 4112.72667327 -2860.48742263  5868.5532456 ], v=[ 6.06814459  1.25247986 -3.63848781]
  RK45_ECI: r=[7666.02841295 -764.29476405  705.16896115], v=[ 0.9049356   2.84186834 -6.53009597]
Epoch 246, t=2460388.392905633:
  TLE_ECI: r=[ 4294.4824423  -2819.77371031  5757.11814386], v=[ 5.95832923  1.32911773 -3.78983022]
  RK45_ECI: r=[7672.1262282  -742.16372568  662.69178201], v=[ 0.8606554   2.84651022 -6.5339217 ]
Epoch 247, t=2460388.3929808964:
  TLE_ECI: r=[ 4472.85280445 -2776.69221053  5641.18672542], v=[ 5.84378989  1.40462063 -3.93822594]
  RK45_ECI: r=[7677.92546336 -720.00019309  620.19072328], v=[ 0.81634223  2.8510069  -6.53750931]
Epoch 248, t=2460388.39305616:
  TLE_ECI: r=[ 4647.69625666 -2731.27955898  5520.84914206], v=[ 5.72461589  1.47892522 -4.08355879]
  RK45_ECI: r=[7683.42594443 -697.80507863  577.66693479], v=[ 0.77199744  2.85535825 -6.54085872]
Epoch 249, t=2460388.393131423:
  TLE_ECI: r=[ 4818.87404081 -2683.5743576   5396.19899673], v=[ 5.60090024  1.55196913 -4.22571488]
  RK45_ECI: r=[7688.62738542 -675.57975373  535.12256476], v=[ 0.72762339  2.85956405 -6.54396979]
Epoch 250, t=2460388.3932066862:
  TLE_ECI: r=[ 4986.25028673 -2633.61708713  5267.33327304], v=[ 5.47273961  1.62369105 -4.36458273]
  RK45_ECI: r=[7693.52965952 -653.32500032  492.55856435], v=[ 0.68322118  2.86362419 -6.54684248]
Epoch 251, t=2460388.3932819497:
  TLE_ECI: r=[ 5149.69207349 -2581.45015743  5134.35226222], v=[ 5.34023422  1.69403073 -4.50005333]
  RK45_ECI: r=[7698.13257093 -631.04193047  449.97648384], v=[ 0.63879257  2.86753851 -6.5494767 ]
Epoch 252, t=2460388.393357213:
  TLE_ECI: r=[ 5309.06956856 -2527.11781771  4997.35948712], v=[ 5.20348782  1.76292904 -4.63202026]
  RK45_ECI: r=[7702.43590146 -608.73180985  407.37827393], v=[ 0.5943397   2.87130683 -6.55187236]
Epoch 253, t=2460388.3934324766:
  TLE_ECI: r=[ 5464.25612469 -2470.66613378  4856.46162373], v=[ 5.06260757  1.83032806 -4.76037975]
  RK45_ECI: r=[7706.43952277 -586.39555502  364.76508626], v=[ 0.54986391  2.87492904 -6.55402942]
Epoch 254, t=2460388.3935077395:
  TLE_ECI: r=[ 5615.12837516 -2412.14296706  4711.76841998], v=[ 4.91770399  1.89617108 -4.88503077]
  RK45_ECI: r=[7710.14322868 -564.03454482  322.13907267], v=[ 0.50536756  2.87840495 -6.55594781]
Epoch 255, t=2460388.393583003:
  TLE_ECI: r=[ 5761.56636268 -2351.59786937  4563.39261201], v=[ 4.76889087  1.96040271 -5.00587515]
  RK45_ECI: r=[7713.54693062 -541.64956443  279.50118522], v=[ 0.46085177  2.88173449 -6.5576275 ]
Epoch 256, t=2460388.3936582664:
  TLE_ECI: r=[ 5903.45359385 -2289.08213969  4411.44983798], v=[ 4.61628519  2.02296887 -5.12281762]
  RK45_ECI: r=[7716.65049233 -519.24173083  236.8529761 ], v=[ 0.41631828  2.88491753 -6.55906847]
Epoch 257, t=2460388.39373353:
  TLE_ECI: r=[ 6040.67716318 -2224.64871717  4256.05854931], v=[ 4.460007    2.08381686 -5.23576589]
  RK45_ECI: r=[7719.45376845 -496.81231545  194.19639812], v=[ 0.37176925  2.88795392 -6.56027068]
Epoch 258, t=2460388.3938087933:
  TLE_ECI: r=[ 6173.127838   -2158.35215348  4097.33991955], v=[ 4.30017939  2.14289542 -5.34463078]
  RK45_ECI: r=[7721.95667627 -474.36223863  151.53260358], v=[ 0.32720602  2.89084358 -6.56123412]
Epoch 259, t=2460388.3938840562:
  TLE_ECI: r=[ 6300.70014223 -2090.24858531  3935.41775101], v=[ 4.13692836  2.20015473 -5.44932624]
  RK45_ECI: r=[7724.15908965 -451.89288439  108.86374586], v=[ 0.28263094  2.89358636 -6.56195878]
Epoch 260, t=2460388.3939593197:
  TLE_ECI: r=[ 6423.29246745 -2020.39561512  3770.4183789 ], v=[ 3.9703827   2.25554656 -5.54976947]
  RK45_ECI: r=[7726.06096549 -429.40495236   66.19057668], v=[ 0.23804493  2.89618222 -6.56244468]
Epoch 261, t=2460388.394034583:
  TLE_ECI: r=[ 6540.80711946 -1948.85237199  3602.47057346], v=[ 3.80067394  2.30902418 -5.64588093]
  RK45_ECI: r=[7727.66220539 -406.89982852   23.51524946], v=[ 0.19345035  2.89863103 -6.56269181]
Epoch 262, t=2460388.3941098466:
  TLE_ECI: r=[ 6653.15042405 -1875.67938959  3431.70543991], v=[ 3.62793623  2.3605425  -5.7375845 ]
  RK45_ECI: r=[7728.96275869 -384.37852347  -19.16088355], v=[ 0.14884876  2.9009327  -6.56270022]
Epoch 263, t=2460388.3941851095:
  TLE_ECI: r=[ 6760.23279287 -1800.93859366  3258.25631619], v=[ 3.45230622  2.41005804 -5.82480747]
  RK45_ECI: r=[7729.96257694 -361.84215959  -61.83627001], v=[ 0.10424189  2.90308717 -6.56246993]
Epoch 264, t=2460388.394260373:
  TLE_ECI: r=[ 6861.96881916 -1724.69317066  3082.2586689 ], v=[ 3.27392295  2.45752905 -5.90748063]
  RK45_ECI: r=[7730.6616268  -339.2917915  -104.50935781], v=[ 0.05963149  2.90509435 -6.56200097]
Epoch 265, t=2460388.3943356364:
  TLE_ECI: r=[ 6958.27731631 -1647.00763303  2903.84998725], v=[ 3.09292777  2.5029155  -5.98553836]
  RK45_ECI: r=[7731.05988396 -316.72845392 -147.17879539], v=[ 0.01501911  2.90695419 -6.5612934 ]
Epoch 266, t=2460388.3944109:
  TLE_ECI: r=[ 7049.08140737 -1567.94768611  2723.16967516], v=[ 2.9094642   2.54617909 -6.05891864]
  RK45_ECI: r=[7731.1573344  -294.15342526 -189.84263078], v=[-0.02959311  2.90866661 -6.56034727]
Epoch 267, t=2460388.3944861633:
  TLE_ECI: r=[ 7134.30858367 -1487.58019215  2540.3589417 ], v=[ 2.72367782  2.58728335 -6.12756315]
  RK45_ECI: r=[7730.95398007 -271.56771811 -232.49951317], v=[-0.07420361  2.91023156 -6.55916267]
Epoch 268, t=2460388.3945614262:
  TLE_ECI: r=[ 7213.89076126 -1405.97313536  2355.56068985], v=[ 2.53571617  2.62619361 -6.19141728]
  RK45_ECI: r=[7730.44983228 -248.97245707 -275.14789198], v=[-0.11881064  2.91164899 -6.55773964]
Epoch 269, t=2460388.3946366897:
  TLE_ECI: r=[ 7287.76435471 -1323.19547954  2168.91940368], v=[ 2.34572857  2.66287712 -6.25043023]
  RK45_ECI: r=[7729.64491648 -226.36869883 -317.78621713], v=[-0.16341247  2.91291887 -6.55607829]
Epoch 270, t=2460388.394711953:
  TLE_ECI: r=[ 7355.87030501 -1239.31723571  1980.58103414], v=[ 2.1538661   2.69730298 -6.30455502]
  RK45_ECI: r=[7728.53926136 -203.75747932 -360.41313912], v=[-0.20800754  2.91404115 -6.55417869]
Epoch 271, t=2460388.3947872166:
  TLE_ECI: r=[ 7418.15414634 -1154.40931905  1790.69288348], v=[ 1.96028136  2.72944221 -6.35374853]
  RK45_ECI: r=[7727.13292598 -181.14007885 -403.02670898], v=[-0.25259369  2.9150158  -6.55204097]
Epoch 272, t=2460388.39486248:
  TLE_ECI: r=[ 7474.56604752 -1068.54350946  1599.40348839], v=[ 1.76512844  2.75926782 -6.39797159]
  RK45_ECI: r=[7725.42595593 -158.51742234 -445.62577846], v=[-0.29716958  2.91584281 -6.5496652 ]
Epoch 273, t=2460388.394937743:
  TLE_ECI: r=[7525.06085114 -981.79241203 1406.86250203], v=[ 1.56856274  2.78675476 -6.43718895]
  RK45_ECI: r=[7723.41844956 -135.89090195 -488.20820044], v=[-0.34173284  2.91652215 -6.54705155]
Epoch 274, t=2460388.3950130064:
  TLE_ECI: r=[7569.59812336 -894.22930757 1213.22057498], v=[ 1.37074084  2.81188    -6.47136935]
  RK45_ECI: r=[7721.11046398 -113.26130823 -530.77302788], v=[-0.38628235  2.91705382 -6.54420009]
Epoch 275, t=2460388.39508827:
  TLE_ECI: r=[7608.14216999 -805.92822169 1018.62923531], v=[ 1.17182039  2.83462253 -6.50048555]
  RK45_ECI: r=[7718.50209002  -90.62976657 -573.31871466], v=[-0.43081634  2.91743782 -6.54111097]
Epoch 276, t=2460388.3951635333:
  TLE_ECI: r=[7640.66207891 -716.96377384  823.2407678 ], v=[ 0.97195996  2.85496338 -6.52451434]
  RK45_ECI: r=[7715.59345989  -67.99755772 -615.84331647], v=[-0.47533266  2.91767414 -6.53778434]
Epoch 277, t=2460388.3952387967:
  TLE_ECI: r=[7667.13174306 -627.41113539  627.20809244], v=[ 0.77131894  2.87288564 -6.54343657]
  RK45_ECI: r=[7712.38466511  -45.36560621 -658.34568841], v=[-0.51982997  2.91776282 -6.53422032]
Epoch 278, t=2460388.3953140597:
  TLE_ECI: r=[7687.5298809  -537.34598789  430.68464236], v=[ 0.57005735  2.88837447 -6.55723719]
  RK45_ECI: r=[7708.87588431  -22.73530422 -700.82368921], v=[-0.5643059   2.91770385 -6.53041913]
Epoch 279, t=2460388.395389323:
  TLE_ECI: r=[7701.84006099 -446.84436819  233.82424128], v=[ 0.36833573  2.90141713 -6.56590521]
  RK45_ECI: r=[ 7.70506721e+03 -1.07441595e-01 -7.43276375e+02], v=[-0.60875931  2.91749728 -6.52638088]
Epoch 280, t=2460388.3954645866:
  TLE_ECI: r=[7710.05070556 -355.98273839   36.78098053], v=[ 0.16631505  2.91200296 -6.56943377]
  RK45_ECI: r=[7700.95880215   22.51685709 -785.70220475], v=[-0.65318846  2.91714313 -6.52210572]
Epoch 281, t=2460388.39553985:
  TLE_ECI: r=[7712.15510744 -264.83783038 -160.29090404], v=[-0.03584352  2.92012344 -6.56782009]
  RK45_ECI: r=[7696.55085681   45.13631216 -828.0992402 ], v=[-0.69759119  2.91664145 -6.51759388]
Epoch 282, t=2460388.395615113:
  TLE_ECI: r=[7708.15143327 -173.48662521 -357.23715547], v=[-0.23797864  2.92577214 -6.56106553]
  RK45_ECI: r=[7691.84356      67.74979988 -870.46594328], v=[-0.74196574  2.9159923  -6.51284555]
Epoch 283, t=2460388.3956903764:
  TLE_ECI: r=[7698.04272733  -82.00619675 -553.90361894], v=[-0.43992904  2.92894477 -6.54917554]
  RK45_ECI: r=[7686.83703405   90.3565315  -912.80137287], v=[-0.78631099  2.91519572 -6.50786086]
Epoch 284, t=2460388.39576564:
  TLE_ECI: r=[7681.83690503    9.52621881 -750.13636503], v=[-0.6415336   2.92963916 -6.53215968]
  RK45_ECI: r=[7681.53154946  112.95511733 -955.10339666], v=[-0.83062458  2.91425179 -6.50264007]
Epoch 285, t=2460388.3958409033:
  TLE_ECI: r=[7659.54674896  101.03337931 -945.78181272], v=[-0.84263147  2.92785525 -6.51003162]
  RK45_ECI: r=[7675.92727119  135.54463551 -997.37087694], v=[-0.87490517  2.91316057 -6.49718334]
Epoch 286, t=2460388.3959161667:
  TLE_ECI: r=[ 7631.18989723   192.43808008 -1140.68685206], v=[-1.04306225  2.92359514 -6.48280909]
  RK45_ECI: r=[ 7670.02447745   158.12380899 -1039.60188364], v=[-0.91915062  2.91192217 -6.49149095]
Epoch 287, t=2460388.3959914297:
  TLE_ECI: r=[ 7596.7888293    283.66319791 -1334.69896642], v=[-1.24266609  2.91686302 -6.4505139 ]
  RK45_ECI: r=[ 7663.82341084   180.69151694 -1081.79488538], v=[-0.96335918  2.91053666 -6.48556312]
Epoch 288, t=2460388.396066693:
  TLE_ECI: r=[ 7556.37084379   374.63184614 -1527.6663541 ], v=[-1.44128387  2.90766523 -6.41317189]
  RK45_ECI: r=[ 7657.32423197   203.24697316 -1123.94894552], v=[-1.00752973  2.90900413 -6.4794    ]
Epoch 289, t=2460388.3961419566:
  TLE_ECI: r=[ 7509.96803951   465.26730625 -1719.43804936], v=[-1.6387573   2.89601017 -6.37081294]
  RK45_ECI: r=[ 7650.52729115   225.7887918  -1166.06194143], v=[-1.05165993  2.90732471 -6.47300192]
Epoch 290, t=2460388.39621722:
  TLE_ECI: r=[ 7457.61728577   555.49318269 -1909.86404257], v=[-1.83492904  2.8819084  -6.32347091]
  RK45_ECI: r=[ 7643.43279897   248.3160542  -1208.13274109], v=[-1.09574844  2.90549849 -6.46636907]
Epoch 291, t=2460388.3962924834:
  TLE_ECI: r=[ 7399.36019175   645.2334457  -2098.79539954], v=[-2.02964285  2.86537254 -6.27118363]
  RK45_ECI: r=[ 7636.04110616   270.82748779 -1250.15942401], v=[-1.13979313  2.90352561 -6.45950176]
Epoch 292, t=2460388.3963677464:
  TLE_ECI: r=[ 7335.24307346   734.41247451 -2286.08437976], v=[-2.22274374  2.84641727 -6.21399283]
  RK45_ECI: r=[ 7628.35251457   293.32197612 -1292.14046691], v=[-1.18379228  2.9014062  -6.45240027]
Epoch 293, t=2460388.39644301:
  TLE_ECI: r=[ 7265.31690633   822.9552079  -2471.58455359], v=[-2.41407807  2.82505936 -6.15194416]
  RK45_ECI: r=[ 7620.36722287   315.79873638 -1334.07493836], v=[-1.22774476  2.89914038 -6.44506476]
Epoch 294, t=2460388.3965182733:
  TLE_ECI: r=[ 7189.63729445   910.78707818 -2655.15091819], v=[-2.6034937   2.80131761 -6.08508708]
  RK45_ECI: r=[ 7612.08566065   338.25638837 -1375.9607273 ], v=[-1.27164826  2.89672831 -6.43749564]
Epoch 295, t=2460388.3965935367:
  TLE_ECI: r=[ 7108.26441591   997.83416114 -2836.64001215], v=[-2.79084006  2.77521284 -6.01347488]
  RK45_ECI: r=[ 7603.50808373   360.69401791 -1417.79670839], v=[-1.31550146  2.89417013 -6.4296931 ]
Epoch 296, t=2460388.3966687997:
  TLE_ECI: r=[ 7021.26297745  1084.02319622 -3015.91002867], v=[-2.97596836  2.74676789 -5.93716457]
  RK45_ECI: r=[ 7594.63495747   383.11024788 -1459.58077644], v=[-1.35930203  2.89146603 -6.42165757]
Epoch 297, t=2460388.396744063:
  TLE_ECI: r=[ 6928.70214771  1169.28173112 -3192.82092723], v=[-3.15873165  2.71600755 -5.85621687]
  RK45_ECI: r=[ 7585.46651469   405.50429919 -1501.31200554], v=[-1.40304887  2.88861614 -6.41338925]
Epoch 298, t=2460388.3968193266:
  TLE_ECI: r=[ 6830.65551777  1253.53805845 -3367.23454364], v=[-3.33898495  2.68295858 -5.77069614]
  RK45_ECI: r=[ 7576.00311949   427.87506183 -1542.98888243], v=[-1.44674029  2.88562064 -6.40488845]
Epoch 299, t=2460388.39689459:
  TLE_ECI: r=[ 6727.20102769  1336.72135954 -3539.01469844], v=[-3.51658537  2.64764969 -5.68067032]
  RK45_ECI: r=[ 7566.24523752   450.2212737  -1584.6095055 ], v=[-1.49037416  2.88247973 -6.39615557]
Epoch 300, t=2460388.3969698534:
  TLE_ECI: r=[ 6618.42090467  1418.76174253 -3708.02730338], v=[-3.69139225  2.61011147 -5.58621088]
  RK45_ECI: r=[ 7556.19316942   472.54202599 -1626.17275714], v=[-1.53394919  2.87919356 -6.38719087]
Epoch 301, t=2460388.3970451164:
  TLE_ECI: r=[ 6504.40159905  1499.59028235 -3874.14046615], v=[-3.86326721  2.57037638 -5.48739272]
  RK45_ECI: r=[ 7545.84745889   494.83594971 -1667.67654654], v=[-1.57746307  2.87576239 -6.37799483]
Epoch 302, t=2460388.39712038:
  TLE_ECI: r=[ 6385.23369524  1579.13915503 -4037.22459305], v=[-4.03207433  2.5284787  -5.38429417]
  RK45_ECI: r=[ 7535.20837602   517.10227112 -1709.11995468], v=[-1.62091474  2.87218636 -6.36856766]
Epoch 303, t=2460388.3971956433:
  TLE_ECI: r=[ 6261.01186258  1657.34157853 -4197.15248968], v=[-4.19768022  2.48445457 -5.27699684]
  RK45_ECI: r=[ 7524.27634307   539.33988746 -1750.50147928], v=[-1.66430247  2.86846568 -6.35890974]
Epoch 304, t=2460388.3972709067:
  TLE_ECI: r=[ 6131.83476036  1734.13194572 -4353.7994595 ], v=[-4.3599541   2.43834184 -5.16558563]
  RK45_ECI: r=[ 7513.0518967    561.54754472 -1791.81923284], v=[-1.7076242   2.8646006  -6.34902151]
Epoch 305, t=2460388.39734617:
  TLE_ECI: r=[ 5997.80496064  1809.44585984 -4507.04340014], v=[-4.51876795  2.39018015 -5.05014857]
  RK45_ECI: r=[ 7501.53538181   583.72434093 -1833.07210657], v=[-1.75087863  2.8605913  -6.33890327]
Epoch 306, t=2460388.397421433:
  TLE_ECI: r=[ 5859.02886973  1883.22017022 -4656.7648976 ], v=[-4.67399658  2.34001082 -4.93077682]
  RK45_ECI: r=[ 7489.72741978   605.8689168  -1874.25802602], v=[-1.79406349  2.85643807 -6.32855555]
Epoch 307, t=2460388.3974966966:
  TLE_ECI: r=[ 5715.61661909  1955.39309397 -4802.84731786], v=[-4.82551775  2.2878768  -4.80756455]
  RK45_ECI: r=[ 7477.62831752   627.98050452 -1915.37607999], v=[-1.83717771  2.85214108 -6.3179786 ]
Epoch 308, t=2460388.39757196:
  TLE_ECI: r=[ 5567.68200791  2025.90416242 -4945.17689647], v=[-4.97321221  2.23382271 -4.68060888]
  RK45_ECI: r=[ 7465.2385549    650.05800977 -1956.4247786 ], v=[-1.8802196   2.84770056 -6.30717284]
Epoch 309, t=2460388.3976472234:
  TLE_ECI: r=[ 5415.34238893  2094.69434089 -5083.64282535], v=[-5.11696385  2.17789471 -4.55000976]
  RK45_ECI: r=[ 7452.55873884   672.10018847 -1997.40225029], v=[-1.9231871   2.84311681 -6.29613877]
Epoch 310, t=2460388.397722487:
  TLE_ECI: r=[ 5258.71857846  2161.70605957 -5218.1373373 ], v=[-5.25665974  2.12014052 -4.41586994]
  RK45_ECI: r=[ 7439.58925811   694.10614601 -2038.30739618], v=[-1.96607894  2.83839004 -6.28487672]
Epoch 311, t=2460388.39779775:
  TLE_ECI: r=[ 5097.93476495  2226.88324562 -5348.55578791], v=[-5.39219024  2.06060938 -4.27829485]
  RK45_ECI: r=[ 7426.33081098   716.07453435 -2079.13816015], v=[-2.00889286  2.83352056 -6.27338729]
Epoch 312, t=2460388.3978730133:
  TLE_ECI: r=[ 4933.11838278  2290.1714293  -5474.79673476], v=[-5.52344907  1.99935191 -4.1373925 ]
  RK45_ECI: r=[ 7412.78374079   738.00459243 -2119.89363972], v=[-2.0516278   2.82850856 -6.26167074]
Epoch 313, t=2460388.3979482767:
  TLE_ECI: r=[ 4764.40004795  2351.51769741 -5596.76201421], v=[-5.65033338  1.93642019 -3.99327344]
  RK45_ECI: r=[ 7398.94858439   759.8952358  -2160.57235887], v=[-2.0942821   2.82335433 -6.24972754]
Epoch 314, t=2460388.39802354:
  TLE_ECI: r=[ 4591.91342791  2410.87079681 -5714.35681527], v=[-5.77274384  1.87186766 -3.84605063]
  RK45_ECI: r=[ 7384.82601837   781.74523115 -2201.17246376], v=[-2.13685372  2.81805818 -6.23755825]
Epoch 315, t=2460388.398098803:
  TLE_ECI: r=[ 4415.79514756  2468.18114842 -5827.48975087], v=[-5.8905847   1.80574906 -3.69583934]
  RK45_ECI: r=[ 7370.4165437    803.55358501 -2241.6926765 ], v=[-2.17934118  2.81262037 -6.22516329]
Epoch 316, t=2460388.3981740666:
  TLE_ECI: r=[ 4236.18465146  2523.40093913 -5936.07292629], v=[-6.00376385  1.73812038 -3.5427571 ]
  RK45_ECI: r=[ 7355.72072823   825.3192843  -2282.13153118], v=[-2.22174288  2.80704118 -6.21254312]
Epoch 317, t=2460388.39824933:
  TLE_ECI: r=[ 4053.22413538  2576.48408132 -6040.0220049 ], v=[-6.11219291  1.66903886 -3.38692357]
  RK45_ECI: r=[ 7340.73908881   847.04133891 -2322.48775421], v=[-2.26405733  2.80132088 -6.19969819]
Epoch 318, t=2460388.3983245934:
  TLE_ECI: r=[ 3867.05840496  2627.38630287 -6139.25627097], v=[-6.21578725  1.59856289 -3.22846046]
  RK45_ECI: r=[ 7325.47235721   868.71852539 -2362.75950719], v=[-2.30628252  2.79545981 -6.18662909]
Epoch 319, t=2460388.398399857:
  TLE_ECI: r=[ 3677.83476742  2676.06516996 -6233.69868966], v=[-6.31446608  1.52675198 -3.06749144]
  RK45_ECI: r=[ 7309.92107161   890.34988004 -2402.94552333], v=[-2.34841701  2.78945826 -6.17333628]
Epoch 320, t=2460388.39847512:
  TLE_ECI: r=[ 3485.70292332  2722.4801101  -6323.27596415], v=[-6.40815249  1.45366673 -2.90414202]
  RK45_ECI: r=[ 7294.0858518    911.93433392 -2443.04434957], v=[-2.39045915  2.78331654 -6.15982025]
Epoch 321, t=2460388.3985503833:
  TLE_ECI: r=[ 3290.81481628  2766.59248653 -6407.91858981], v=[-6.49677354  1.37936871 -2.73853948]
  RK45_ECI: r=[ 7277.96732075   933.4708848  -2483.05453615], v=[-2.43240733  2.77703496 -6.14608154]
Epoch 322, t=2460388.3986256467:
  TLE_ECI: r=[ 3093.32456079  2808.36556566 -6487.56090551], v=[-6.58026023  1.30392049 -2.57081276]
  RK45_ECI: r=[ 7261.56604487   954.95855306 -2522.97482387], v=[-2.47426011  2.77061381 -6.13212059]
Epoch 323, t=2460388.39870091:
  TLE_ECI: r=[ 2893.38828942  2847.76458905 -6562.14114197], v=[-6.65854762  1.22738556 -2.40109235]
  RK45_ECI: r=[ 7244.88282428   976.39612907 -2562.8033951 ], v=[-2.51601547  2.76405347 -6.11793807]
Epoch 324, t=2460388.3987761736:
  TLE_ECI: r=[ 2691.16403817  2884.75679018 -6631.60146707], v=[-6.73157483  1.14982827 -2.22951022]
  RK45_ECI: r=[ 7227.91816812   997.78274387 -2602.53918428], v=[-2.55767219  2.75735422 -6.1035344 ]
Epoch 325, t=2460388.3988514366:
  TLE_ECI: r=[ 2486.81163123  2919.31141311 -6695.88802832], v=[-6.79928512  1.07131378 -2.05619969]
  RK45_ECI: r=[ 7210.67298599  1019.11708848 -2642.18019675], v=[-2.59922806  2.75051649 -6.08891032]
Epoch 326, t=2460388.3989267:
  TLE_ECI: r=[ 2280.49252189  2951.39976673 -6754.95099214], v=[-6.86162586  0.99190797 -1.88129534]
  RK45_ECI: r=[ 7193.14772125  1040.39842484 -2681.72555901], v=[-2.64068206  2.74354054 -6.07406618]
Epoch 327, t=2460388.3990019634:
  TLE_ECI: r=[ 2072.36971748  2980.99520172 -6808.74458041], v=[-6.91854865  0.91167748 -1.70493294]
  RK45_ECI: r=[ 7175.34306741  1061.62570101 -2721.1738411 ], v=[-2.68203256  2.7364267  -6.05900255]
Epoch 328, t=2460388.399077227:
  TLE_ECI: r=[ 1862.60761864  3008.07316251 -6857.22710373], v=[-6.97000926  0.83068956 -1.52724929]
  RK45_ECI: r=[ 7157.25989232  1082.79772197 -2760.52324779], v=[-2.72327759  2.7291754  -6.04372014]
Epoch 329, t=2460388.3991524903:
  TLE_ECI: r=[ 1651.37189962  3032.61119889 -6900.36099183], v=[-7.01596775  0.74901209 -1.34838216]
  RK45_ECI: r=[ 7138.89874729  1103.91362962 -2799.77272721], v=[-2.76441591  2.72178695 -6.02821938]
Epoch 330, t=2460388.3992277533:
  TLE_ECI: r=[ 1438.82938869  3054.58897932 -6938.11282092], v=[-7.05638842  0.66671348 -1.1684702 ]
  RK45_ECI: r=[ 7120.26061593  1124.97213161 -2838.92031007], v=[-2.80544535  2.7142618  -6.01250108]
Epoch 331, t=2460388.3993030167:
  TLE_ECI: r=[ 1225.14790275  3073.98832464 -6970.45333786], v=[-7.09123987  0.5838626  -0.9876528 ]
  RK45_ECI: r=[ 7101.34597666  1145.97249967 -2877.96513466], v=[-2.8463649   2.70660023 -5.99656562]
Epoch 332, t=2460388.39937828:
  TLE_ECI: r=[ 1010.49617106  3090.79319481 -6997.35748156], v=[-7.12049502  0.50052878 -0.80607001]
  RK45_ECI: r=[ 7082.15557793  1166.9136953  -2916.90578981], v=[-2.88717295  2.69880263 -5.98041357]
Epoch 333, t=2460388.3994535436:
  TLE_ECI: r=[  795.04366858  3104.98972052 -7018.80440103], v=[-7.1441311   0.41678173 -0.62386243]
  RK45_ECI: r=[ 7062.69035446  1187.79453991 -2955.74050423], v=[-2.92786754  2.69086945 -5.96404572]
Epoch 334, t=2460388.3995288066:
  TLE_ECI: r=[  578.96050315  3116.56620739 -7034.77747065], v=[-7.16212971  0.33269151 -0.44117113]
  RK45_ECI: r=[ 7042.95108409  1208.61400264 -2994.4678776 ], v=[-2.96844708  2.68280109 -5.94746266]
Epoch 335, t=2460388.39960407:
  TLE_ECI: r=[  362.41724732  3125.51315275 -7045.26430205], v=[-7.17447678  0.24832837 -0.25813752]
  RK45_ECI: r=[ 7022.93826937  1229.3713626  -3033.0870566 ], v=[-3.00891055  2.67459785 -5.93066479]
Epoch 336, t=2460388.3996793334:
  TLE_ECI: r=[  145.5848612   3131.82324076 -7050.25675336], v=[-7.18116264  0.16376284 -0.07490327]
  RK45_ECI: r=[ 7002.65297763  1250.06534853 -3071.59610295], v=[-3.04925583  2.66626023 -5.91365297]
Epoch 337, t=2460388.399754597:
  TLE_ECI: r=[  -71.36547601  3135.491357   -7049.75093497], v=[-7.18218194  0.07906561  0.10838983]
  RK45_ECI: r=[ 6982.09582682  1270.69512159 -3109.99398844], v=[-3.08948169  2.65778858 -5.89642767]
Epoch 338, t=2460388.3998298603:
  TLE_ECI: r=[ -288.26248922  3136.51459013 -7043.74721254], v=[-7.17753375e+00 -5.69256317e-03  2.91599913e-01]
  RK45_ECI: r=[ 6961.26781775  1291.25952061 -3148.27896712], v=[-3.12958621  2.6491834  -5.87898968]
Epoch 339, t=2460388.3999051233:
  TLE_ECI: r=[ -504.93493045  3134.89223561 -7032.25020677], v=[-7.1672215  -0.09044082  0.47458518]
  RK45_ECI: r=[ 6940.16978211  1311.75753029 -3186.44965925], v=[-3.16956783  2.64044513 -5.86133967]
Epoch 340, t=2460388.3999803867:
  TLE_ECI: r=[ -721.21174812  3130.62579121 -7015.26879009], v=[-7.15125299 -0.1751084   0.657204  ]
  RK45_ECI: r=[ 6918.80225684  1332.18844096 -3224.50522431], v=[-3.20942553  2.63157409 -5.84347803]
Epoch 341, t=2460388.40005565:
  TLE_ECI: r=[ -936.92216385  3123.7189625  -6992.8160805 ], v=[-7.12964039 -0.25962451  0.83931499]
  RK45_ECI: r=[ 6897.16638126  1352.55100132 -3262.44375283], v=[-3.24915722  2.62257082 -5.82540568]
Epoch 342, t=2460388.4001309136:
  TLE_ECI: r=[-1151.89584141  3114.17765624 -6964.90943209], v=[-7.10240024 -0.34391852  1.02077714]
  RK45_ECI: r=[ 6875.26281419  1372.84438588 -3300.26423238], v=[-3.2887617   2.61343571 -5.80712311]
Epoch 343, t=2460388.400206177:
  TLE_ECI: r=[-1365.96300931  3102.00997647 -6931.57042261], v=[-7.06955343 -0.42791997  1.20144989]
  RK45_ECI: r=[ 6853.09262156  1393.06745252 -3337.96494376], v=[-3.32823709  2.6041693  -5.78863116]
Epoch 344, t=2460388.40028144:
  TLE_ECI: r=[-1578.95458309  3087.22622288 -6892.82483804], v=[-7.03112518 -0.5115586   1.38119328]
  RK45_ECI: r=[ 6830.65668802  1413.21920296 -3375.5445289 ], v=[-3.36758183  2.59477205 -5.76993052]
Epoch 345, t=2460388.4003567034:
  TLE_ECI: r=[-1790.70233274  3069.83886496 -6848.7026539 ], v=[-6.98714505 -0.5947645   1.55986798]
  RK45_ECI: r=[ 6807.95558434  1433.29893954 -3413.0021607 ], v=[-3.40679494  2.58524431 -5.75102161]
Epoch 346, t=2460388.400431967:
  TLE_ECI: r=[-2001.0389586   3049.86255797 -6799.23801382], v=[-6.93764689 -0.67746803  1.73733546]
  RK45_ECI: r=[ 6784.99052064  1453.30543245 -3450.33596008], v=[-3.44587436  2.57558669 -5.73190539]
Epoch 347, t=2460388.4005072303:
  TLE_ECI: r=[-2209.79825774  3027.31411493 -6744.46920474], v=[-6.88266886 -0.75959998  1.91345805]
  RK45_ECI: r=[ 6761.76219588  1473.23787073 -3487.54493115], v=[-3.48481893  2.56579959 -5.71258238]
Epoch 348, t=2460388.4005824937:
  TLE_ECI: r=[-2416.81524422  3002.21249733 -6684.43862929], v=[-6.82225336 -0.84109157  2.08809905]
  RK45_ECI: r=[ 6738.27173992  1493.09513281 -3524.62738294], v=[-3.52362678  2.55588358 -5.69305348]
Epoch 349, t=2460388.4006577567:
  TLE_ECI: r=[-2621.92626857  2974.57880809 -6619.19277505], v=[-6.75644704 -0.92187453  2.26112285]
  RK45_ECI: r=[ 6714.52008942  1512.87623854 -3561.58198015], v=[-3.5622964   2.54583917 -5.67331939]
Epoch 350, t=2460388.40073302:
  TLE_ECI: r=[-2824.96918079  2944.43624466 -6548.7821807 ], v=[-6.68530075 -1.00188117  2.432395  ]
  RK45_ECI: r=[ 6690.50784825  1532.5805032  -3598.40790978], v=[-3.60082683  2.53566674 -5.65338057]
Epoch 351, t=2460388.4008082836:
  TLE_ECI: r=[-3025.78340425  2911.81012502 -6473.26139936], v=[-6.60886951 -1.08104441  2.60178234]
  RK45_ECI: r=[ 6666.23629598  1552.20672021 -3635.10332474], v=[-3.63921604  2.52536691 -5.63323803]
Epoch 352, t=2460388.400883547:
  TLE_ECI: r=[-3224.21009663  2876.7278388  -6392.68895876], v=[-6.5272125  -1.15929779  2.76915307]
  RK45_ECI: r=[ 6641.70617082  1571.7540942  -3671.66724657], v=[-3.67746291  2.51494015 -5.6128923 ]
Epoch 353, t=2460388.40095881:
  TLE_ECI: r=[-3420.09225733  2839.2188427  -6307.12731842], v=[-6.44039299 -1.23657561  2.93437688]
  RK45_ECI: r=[ 6616.9187834   1591.22142933 -3708.09784333], v=[-3.71556542  2.50438709 -5.59234443]
Epoch 354, t=2460388.4010340734:
  TLE_ECI: r=[-3613.27488446  2799.31459758 -6216.64282386], v=[-6.34847829 -1.31281298  3.09732503]
  RK45_ECI: r=[ 6591.87476701  1610.60805282 -3744.39431566], v=[-3.75352264  2.49370813 -5.57159489]
Epoch 355, t=2460388.401109337:
  TLE_ECI: r=[-3803.60504649  2757.04860183 -6121.30565796], v=[-6.25153976 -1.38794577  3.25787045]
  RK45_ECI: r=[ 6566.57511207  1629.91300596 -3780.5553534 ], v=[-3.7913331   2.48290382 -5.55064442]
Epoch 356, t=2460388.4011846003:
  TLE_ECI: r=[-3990.93203675  2712.45632633 -6021.18978919], v=[-6.14965271 -1.46191077  3.41588784]
  RK45_ECI: r=[ 6541.02104807  1649.13520269 -3816.57931381], v=[-3.82899498  2.47197478 -5.529494  ]
Epoch 357, t=2460388.4012598637:
  TLE_ECI: r=[-4175.10748421  2665.57519561 -5916.37291701], v=[-6.04289637 -1.53464569  3.5712538 ]
  RK45_ECI: r=[ 6515.21335158  1668.27386404 -3852.46523673], v=[-3.8665072   2.46092148 -5.5081442 ]
Epoch 358, t=2460388.4013351267:
  TLE_ECI: r=[-4355.98546356  2616.4445706  -5806.93641436], v=[-5.93135386 -1.60608923  3.72384684]
  RK45_ECI: r=[ 6489.15340052  1687.32781953 -3888.21132468], v=[-3.90386777  2.44974461 -5.48659611]
Epoch 359, t=2460388.40141039:
  TLE_ECI: r=[-4533.42264214  2565.10566648 -5692.96526718], v=[-5.81511208 -1.67618116  3.87354759]
  RK45_ECI: r=[ 6462.84185981  1706.29641078 -3923.81679382], v=[-3.9410758   2.43844459 -5.46485022]
Epoch 360, t=2460388.4014856536:
  TLE_ECI: r=[-4707.27834762  2511.6015947  -5574.5480112 ], v=[-5.69426168 -1.7448623   4.02023879]
  RK45_ECI: r=[ 6436.27976952  1725.17869966 -3959.28035926], v=[-3.97812983  2.42702197 -5.44290731]
Epoch 361, t=2460388.401560917:
  TLE_ECI: r=[-4877.41471174  2455.97727853 -5451.77666581], v=[-5.56889702 -1.81207462  4.16380546]
  RK45_ECI: r=[ 6409.46841957  1743.97362403 -3994.6004104 ], v=[-4.01502812  2.41547744 -5.42076842]
Epoch 362, t=2460388.4016361805:
  TLE_ECI: r=[-5043.69677298  2398.27942896 -5324.74666511], v=[-5.43911607 -1.8777613   4.30413494]
  RK45_ECI: r=[ 6382.40862394  1762.68042237 -4029.77600632], v=[-4.05176957  2.40381146 -5.39843413]
Epoch 363, t=2460388.4017114434:
  TLE_ECI: r=[-5205.99257806  2338.55652238 -5193.55678629], v=[-5.30502036 -1.94186671  4.44111704]
  RK45_ECI: r=[ 6355.10182636  1781.29795063 -4064.80538569], v=[-4.08835228  2.39202478 -5.37590559]
Epoch 364, t=2460388.401786707:
  TLE_ECI: r=[-5364.17331602  2276.8587004  -5058.3090751 ], v=[-5.16671489 -2.00433658  4.57464405]
  RK45_ECI: r=[ 6327.54872262  1799.82556545 -4099.68778097], v=[-4.12477535  2.38011781 -5.35318331]
Epoch 365, t=2460388.4018619703:
  TLE_ECI: r=[-5518.11338061  2213.23781901 -4919.10876889], v=[-5.02430806 -2.06511794  4.70461092]
  RK45_ECI: r=[ 6299.75040118  1818.26235054 -4134.42193376], v=[-4.16103737  2.36809115 -5.33026813]
Epoch 366, t=2460388.4019372337:
  TLE_ECI: r=[-5667.69049999  2147.74734682 -4776.06421675], v=[-4.87791162 -2.12415918  4.83091526]
  RK45_ECI: r=[ 6271.70821102  1836.60726884 -4169.00626714], v=[-4.19713664  2.35594551 -5.3071611 ]
Epoch 367, t=2460388.402012497:
  TLE_ECI: r=[-5812.78582903  2080.44233616 -4629.28679719], v=[-4.72764056 -2.18141016  4.95345751]
  RK45_ECI: r=[ 6243.42300272  1854.85957658 -4203.43986037], v=[-4.23307208  2.34368137 -5.28386285]
Epoch 368, t=2460388.40208776:
  TLE_ECI: r=[-5953.28404041  2011.37939469 -4478.89083321], v=[-4.57361301 -2.23682219  5.07214094]
  RK45_ECI: r=[ 6214.89628419  1873.01815791 -4237.7209899 ], v=[-4.26884184  2.33129951 -5.26037459]
Epoch 369, t=2460388.4021630236:
  TLE_ECI: r=[-6089.07344235  1940.61657038 -4324.99350485], v=[-4.41595019 -2.29034812  5.18687181]
  RK45_ECI: r=[ 6186.12878133  1891.08238494 -4271.84890528], v=[-4.30444504  2.31880036 -5.23669683]
Epoch 370, t=2460388.402238287:
  TLE_ECI: r=[-6220.04603442  1868.2134061  -4167.71475941], v=[-4.25477629 -2.34194235  5.2975594 ]
  RK45_ECI: r=[ 6157.1216299   1909.051364   -4305.82237579], v=[-4.33988031  2.30618455 -5.21283045]
Epoch 371, t=2460388.4023135505:
  TLE_ECI: r=[-6346.09762023  1794.23082239 -4007.17721909], v=[-4.09021841 -2.39156086  5.4041161 ]
  RK45_ECI: r=[ 6127.87623659  1926.92408415 -4339.63985968], v=[-4.37514597  2.29345279 -5.18877656]
Epoch 372, t=2460388.4023888134:
  TLE_ECI: r=[-6467.12788219  1718.7311027  -3843.50608651], v=[-3.92240641 -2.43916131  5.5064575 ]
  RK45_ECI: r=[ 6098.39362783  1944.699733   -4373.30029969], v=[-4.41024082  2.28060568 -5.16453593]
Epoch 373, t=2460388.402464077:
  TLE_ECI: r=[-6583.04048477  1641.77776601 -3676.82904776], v=[-3.75147286 -2.48470305  5.60450246]
  RK45_ECI: r=[ 6068.6749535   1962.37748604 -4406.80248447], v=[-4.44516354  2.26764382 -5.14010945]
Epoch 374, t=2460388.4025393403:
  TLE_ECI: r=[-6693.74312321  1563.4356269  -3507.27617347], v=[-3.57755291 -2.52814711  5.69817316]
  RK45_ECI: r=[ 6038.72125295  1979.95653802 -4440.14536467], v=[-4.47991294  2.25456779 -5.11549791]
Epoch 375, t=2460388.4026146038:
  TLE_ECI: r=[-6799.14762107  1483.77066621 -3334.97981763], v=[-3.40078418 -2.56945631  5.78739519]
  RK45_ECI: r=[ 6008.533978    1997.43589973 -4473.32742769], v=[-4.51448737  2.24137834 -5.09070245]
Epoch 376, t=2460388.402689867:
  TLE_ECI: r=[-6899.16999828  1402.84999464 -3160.07451437], v=[-3.2213067  -2.60859526  5.87209762]
  RK45_ECI: r=[ 5978.11418151  2014.81479386 -4506.34763673], v=[-4.54888566  2.22807607 -5.06572386]
Epoch 377, t=2460388.40276513:
  TLE_ECI: r=[-6993.73053727  1320.7418168  -2982.69687285], v=[-3.03926272 -2.64553037  5.95221305]
  RK45_ECI: r=[ 5947.46306693  2032.09236116 -4539.20480407], v=[-4.58310649  2.21466161 -5.04056307]
Epoch 378, t=2460388.4028403936:
  TLE_ECI: r=[-7082.75386536  1237.51529229 -2802.98547019], v=[-2.85479664 -2.68022997  6.02767769]
  RK45_ECI: r=[ 5916.58182884  2049.26779963 -4571.89774797], v=[-4.61714857  2.20113562 -5.01522099]
Epoch 379, t=2460388.402915657:
  TLE_ECI: r=[-7166.16899394  1153.24059922 -2621.08074269], v=[-2.66805492 -2.71266422  6.0984314 ]
  RK45_ECI: r=[ 5885.47154656  2066.34032638 -4604.42544507], v=[-4.65101072  2.18749868 -4.98969845]
Epoch 380, t=2460388.4029909205:
  TLE_ECI: r=[-7243.90939424  1067.98879412 -2437.1248753 ], v=[-2.47918591 -2.74280523  6.16441773]
  RK45_ECI: r=[ 5854.13372714  2083.30898015 -4636.78642043], v=[-4.68469135  2.17375158 -4.96399662]
Epoch 381, t=2460388.403066184:
  TLE_ECI: r=[-7315.91304917   981.83177201 -2251.26168945], v=[-2.28833975 -2.77062705  6.22558404]
  RK45_ECI: r=[ 5822.56931876  2100.1730715  -4668.97981437], v=[-4.71818946  2.15989486 -4.93811621]
Epoch 382, t=2460388.403141447:
  TLE_ECI: r=[-7382.122503     894.84222693 -2063.63652946], v=[-2.09566827 -2.7961057   6.28188145]
  RK45_ECI: r=[ 5790.78000142  2116.93156814 -4701.0040175 ], v=[-4.75150332  2.14592938 -4.91205853]
Epoch 383, t=2460388.4032167103:
  TLE_ECI: r=[-7442.48492062   807.09350384 -1874.39614739], v=[-1.9013248  -2.8192192   6.33326498]
  RK45_ECI: r=[ 5758.7665813   2133.58388945 -4732.85833082], v=[-4.7846321   2.13185562 -4.88582418]
Epoch 384, t=2460388.4032919738:
  TLE_ECI: r=[-7496.9521157    718.65966574 -1683.68858674], v=[-1.70546414 -2.83994759  6.37969352]
  RK45_ECI: r=[ 5726.53032079  2150.12920939 -4764.54160709], v=[-4.81757452  2.11767425 -4.85941411]
Epoch 385, t=2460388.403367237:
  TLE_ECI: r=[-7545.4806028    629.61534447 -1491.66306483], v=[-1.50824232 -2.85827294  6.42112992]
  RK45_ECI: r=[ 5694.07278082  2166.56659571 -4796.05241034], v=[-4.85032902  2.10338609 -4.83282953]
Epoch 386, t=2460388.4034425:
  TLE_ECI: r=[-7588.0316298    540.03572079 -1298.46985406], v=[-1.30981658 -2.87417938  6.457541  ]
  RK45_ECI: r=[ 5661.39524727  2182.89523556 -4827.38961077], v=[-4.88289433  2.08899183 -4.80607144]
Epoch 387, t=2460388.4035177636:
  TLE_ECI: r=[-7624.57121747   449.99637137 -1104.26016227], v=[-1.11034514 -2.8876531   6.48889758]
  RK45_ECI: r=[ 5628.49854541  2199.11456115 -4858.55252245], v=[-4.91526965  2.07449197 -4.77914042]
Epoch 388, t=2460388.403593027:
  TLE_ECI: r=[-7655.07017809   359.57333729  -909.18601209], v=[-0.90998713 -2.8986824   6.51517451]
  RK45_ECI: r=[ 5595.38442218  2215.22357718 -4889.53958586], v=[-4.94745328  2.05988738 -4.75203784]
Epoch 389, t=2460388.4036682905:
  TLE_ECI: r=[-7679.50414747   268.84297038  -713.40011962], v=[-0.70890244 -2.90725765  6.5363507 ]
  RK45_ECI: r=[ 5562.05387864  2231.2216277  -4920.34997876], v=[-4.97944428  2.04517866 -4.72476443]
Epoch 390, t=2460388.403743554:
  TLE_ECI: r=[-7697.85360396   177.88189002  -517.0557724 ], v=[-0.50725159 -2.91337135  6.55240915]
  RK45_ECI: r=[ 5528.50852819  2247.1078105  -4950.98230529], v=[-5.01124112  2.03036662 -4.69732144]
Epoch 391, t=2460388.403818817:
  TLE_ECI: r=[-7710.10388484    86.76694009  -320.30670678], v=[-0.30519556 -2.91701809  6.56333694]
  RK45_ECI: r=[ 5494.74969917  2262.88133911 -4981.43546779], v=[-5.04284258  2.01545201 -4.66970988]
Epoch 392, t=2460388.4038940803:
  TLE_ECI: r=[-7.71624520e+03 -4.42496730e+00 -1.23306985e+02], v=[-0.10289569 -2.91819461  6.56912525]
  RK45_ECI: r=[ 5460.77824383  2278.54166403 -5011.7088001 ], v=[-5.07424786  2.00043532 -4.64193036]
Epoch 393, t=2460388.4039693438:
  TLE_ECI: r=[-7716.27263939   -95.61678207    73.78912836], v=[ 0.09948646 -2.91689975  6.5697694 ]
  RK45_ECI: r=[ 5426.59596588  2294.08782333 -5041.80078761], v=[-5.10545532  1.98531748 -4.61398428]
Epoch 394, t=2460388.404044607:
  TLE_ECI: r=[-7710.1861764   -186.73147315   270.82728951], v=[ 0.30178927 -2.91313449  6.56526881]
  RK45_ECI: r=[ 5392.20389821  2309.51918315 -5071.71063224], v=[-5.13646405  1.97009909 -4.58587239]
Epoch 395, t=2460388.4041198706:
  TLE_ECI: r=[-7697.99067024  -277.69207083   467.65319946], v=[ 0.50385117 -2.90690192  6.55562702]
  RK45_ECI: r=[ 5357.6037053   2324.83487217 -5101.43697931], v=[-5.16727256  1.95478101 -4.55759597]
Epoch 396, t=2460388.4041951336:
  TLE_ECI: r=[-7679.69586164  -368.42171153   664.11272742], v=[ 0.70551079 -2.89820726  6.5408517 ]
  RK45_ECI: r=[ 5322.79675669  2340.03413137 -5130.97876415], v=[-5.19787966  1.939364   -4.52915605]
Epoch 397, t=2460388.404270397:
  TLE_ECI: r=[-7655.31636087  -458.84379317   860.05203419], v=[ 0.90660712 -2.88705786  6.52095461]
  RK45_ECI: r=[ 5287.7839308   2355.11643033 -5160.33534078], v=[-5.22828459  1.92384859 -4.50055326]
Epoch 398, t=2460388.4043456605:
  TLE_ECI: r=[-7624.87164113  -548.88190567  1055.31769541], v=[ 1.10697961 -2.87346316  6.49595164]
  RK45_ECI: r=[ 5252.5670863   2370.08084183 -5189.50524066], v=[-5.25848576  1.90823573 -4.47178903]
Epoch 399, t=2460388.404420924:
  TLE_ECI: r=[-7588.3860186   -638.45998654  1249.75682422], v=[ 1.30646831 -2.85743471  6.46586274]
  RK45_ECI: r=[ 5217.14728717  2384.92675437 -5218.48769045], v=[-5.28848229  1.89252604 -4.44286413]
Epoch 400, t=2460388.4044961873:
  TLE_ECI: r=[-7545.88863269  -727.50236397  1443.21719361], v=[ 1.50491404 -2.83898615  6.43071193]
  RK45_ECI: r=[ 5181.52624705  2399.65332932 -5247.28137769], v=[-5.31827273  1.87672043 -4.41377987]
Epoch 401, t=2460388.4045714503:
  TLE_ECI: r=[-7497.41342378  -815.93379909  1635.54735798], v=[ 1.70215848 -2.8181332   6.39052727]
  RK45_ECI: r=[ 5145.70537542  2414.25983585 -5275.8852715 ], v=[-5.34785595  1.86081967 -4.38453732]
Epoch 402, t=2460388.4046467138:
  TLE_ECI: r=[-7442.99909526  -903.67963869  1826.59677408], v=[ 1.89804436 -2.79489362  6.34534086]
  RK45_ECI: r=[ 5109.68557599  2428.74576325 -5304.2987465 ], v=[-5.37723121  1.84482431 -4.3551371 ]
Epoch 403, t=2460388.404721977:
  TLE_ECI: r=[-7382.68909438  -990.66574658  2016.21592108], v=[ 2.09241551 -2.76928725  6.29518874]
  RK45_ECI: r=[ 5073.46876054  2443.11022019 -5332.52038144], v=[-5.40639697  1.82873534 -4.32558069]
Epoch 404, t=2460388.4047972406:
  TLE_ECI: r=[-7316.53156679 -1076.81865534  2204.25641961], v=[ 2.28511708 -2.74133593  6.24011096]
  RK45_ECI: r=[ 5037.05602279  2457.35261881 -5360.54942826], v=[-5.43535239  1.81255342 -4.29586888]
Epoch 405, t=2460388.4048725036:
  TLE_ECI: r=[-7244.57932144 -1162.06558549  2390.57114986], v=[ 2.47599558 -2.7110635   6.18015143]
  RK45_ECI: r=[ 5000.44929798  2471.47208425 -5388.38448764], v=[-5.46409596  1.79627954 -4.26600315]
Epoch 406, t=2460388.404947767:
  TLE_ECI: r=[-7166.88977274 -1246.33459277  2575.01436838], v=[ 2.66489912 -2.6784958   6.11535798]
  RK45_ECI: r=[ 4963.64951193  2485.4681236  -5416.02495382], v=[-5.49262697  1.77991426 -4.23598417]
Epoch 407, t=2460388.4050230305:
  TLE_ECI: r=[-7083.52491194 -1329.55450112  2757.44182371], v=[ 2.85167742 -2.64366061  6.04578225]
  RK45_ECI: r=[ 4926.65811462  2499.340038   -5443.46983202], v=[-5.52094432  1.76345841 -4.20581301]
Epoch 408, t=2460388.405098294:
  TLE_ECI: r=[-6994.55124206 -1411.6550489   2937.71087051], v=[ 3.03618201 -2.60658764  5.97147965]
  RK45_ECI: r=[ 4889.47689487  2513.08704275 -5470.71787964], v=[-5.54904668  1.74691291 -4.17549105]
Epoch 409, t=2460388.4051735573:
  TLE_ECI: r=[-6900.03972536 -1492.56692685  3115.68058237], v=[ 3.2182663  -2.56730851  5.89250935]
  RK45_ECI: r=[ 4852.10697497  2526.70857427 -5497.76837454], v=[-5.57693322  1.73027844 -4.14501908]
Epoch 410, t=2460388.4052488203:
  TLE_ECI: r=[-6800.06572848 -1572.22181663  3291.21186288], v=[ 3.39778575 -2.52585671  5.80893418]
  RK45_ECI: r=[ 4814.55034035  2540.2037951  -5524.61996647], v=[-5.6046025   1.71355603 -4.11439864]
Epoch 411, t=2460388.4053240838:
  TLE_ECI: r=[-6694.7089411  -1650.55252923  3464.16755508], v=[ 3.57459796 -2.48226755  5.72082058]
  RK45_ECI: r=[ 4776.80794007  2553.57223343 -5551.27207125], v=[-5.63205385  1.69674625 -4.08363039]
Epoch 412, t=2460388.405399347:
  TLE_ECI: r=[-6584.05333651 -1727.49294038  3634.41254927], v=[ 3.74856277 -2.43657815  5.62823858]
  RK45_ECI: r=[ 4738.88126074  2566.81322065 -5577.72372966], v=[-5.65928622  1.67984995 -4.05271546]
Epoch 413, t=2460388.4054746106:
  TLE_ECI: r=[-6468.18708385 -1802.97812727  3801.81388876], v=[ 3.91954242 -2.38882743  5.53126167]
  RK45_ECI: r=[ 4700.77213573  2579.92600699 -5603.97374419], v=[-5.68629832  1.66286808 -4.02165523]
Epoch 414, t=2460388.405549874:
  TLE_ECI: r=[-6347.20247922 -1876.94440269  3966.24087385], v=[ 4.0874016  -2.339056    5.42996681]
  RK45_ECI: r=[ 4662.48171459  2592.9100538  -5630.02141931], v=[-5.71308938  1.64580133 -3.99045055]
Epoch 415, t=2460388.405625137:
  TLE_ECI: r=[-6221.19587483 -1949.32935016  4127.56516372], v=[ 4.25200759 -2.2873062   5.32443429]
  RK45_ECI: r=[ 4624.01203075  2605.76456227 -5655.86545506], v=[-5.739658    1.62865076 -3.95910297]
Epoch 416, t=2460388.4057004005:
  TLE_ECI: r=[-6090.2675766  -2020.07194956  4285.66087622], v=[ 4.41323037 -2.233622    5.2147477 ]
  RK45_ECI: r=[ 4585.3640555   2618.48908194 -5681.50528946], v=[-5.76600356  1.61141695 -3.92761319]
Epoch 417, t=2460388.405775664:
  TLE_ECI: r=[-5954.52179498 -2089.11251734  4440.40468555], v=[ 4.5709427  -2.17804899  5.10099387]
  RK45_ECI: r=[ 4546.53931048  2631.08297525 -5706.93999973], v=[-5.79212505  1.59410077 -3.89598234]
Epoch 418, t=2460388.4058509273:
  TLE_ECI: r=[-5814.06653692 -2156.39283032  4591.67591763], v=[ 4.72502024 -2.12063435  4.98326273]
  RK45_ECI: r=[ 4507.5396716   2643.54552827 -5732.16843459], v=[-5.81802124  1.57670319 -3.86421186]
Epoch 419, t=2460388.405926191:
  TLE_ECI: r=[-5669.01352263 -2221.85615542  4739.35664322], v=[ 4.87534162 -2.06142678  4.86164732]
  RK45_ECI: r=[ 4468.36631445  2655.87622782 -5757.18992582], v=[-5.84369139  1.55922492 -3.83230261]
Epoch 420, t=2460388.4060014538:
  TLE_ECI: r=[-5519.47810058 -2285.44728059  4883.3317686 ], v=[ 5.02178853 -2.00047647  4.73624362]
  RK45_ECI: r=[ 4429.0213183   2668.07431455 -5782.003225  ], v=[-5.86913418  1.54166703 -3.80025618]
Epoch 421, t=2460388.406076717:
  TLE_ECI: r=[-5365.57912682 -2347.11262534  5023.48912388], v=[ 5.16424586 -1.93783504  4.60715055]
  RK45_ECI: r=[ 4389.50567567  2680.13935984 -5806.60779289], v=[-5.89434899  1.52403012 -3.76807328]
Epoch 422, t=2460388.4061519806:
  TLE_ECI: r=[-5207.43890751 -2406.80018664  5159.71954879], v=[ 5.30260172 -1.8735555   4.47446982]
  RK45_ECI: r=[ 4349.82094162  2692.07075774 -5831.00274408], v=[-5.91933487  1.50631507 -3.73575508]
Epoch 423, t=2460388.406227244:
  TLE_ECI: r=[-5045.18307312 -2464.45964796  5291.91697595], v=[ 5.43674757 -1.80769223  4.33830589]
  RK45_ECI: r=[ 4309.9690326   2703.86783105 -5855.18697464], v=[-5.94409066  1.48852287 -3.70330305]
Epoch 424, t=2460388.406302507:
  TLE_ECI: r=[-4878.94049074 -2520.04238895  5419.97851152], v=[ 5.56657825 -1.74030091  4.19876585]
  RK45_ECI: r=[ 4269.95133918  2715.530035   -5879.15973231], v=[-5.96861551  1.47065433 -3.67071821]
Epoch 425, t=2460388.4063777705:
  TLE_ECI: r=[-4708.84313008 -2573.50158373  5543.80451312], v=[ 5.69199212 -1.67143844  4.05595935]
  RK45_ECI: r=[ 4229.76941413  2727.05682271 -5902.92015741], v=[-5.99290853  1.45271027 -3.63800174]
Epoch 426, t=2460388.406453034:
  TLE_ECI: r=[-4535.02600101 -2624.79215118  5663.29866529], v=[ 5.81289108 -1.60116294  3.90999852]
  RK45_ECI: r=[ 4189.42465672  2738.44765935 -5926.46750805], v=[-6.0169689   1.43469151 -3.60515468]
Epoch 427, t=2460388.4065282973:
  TLE_ECI: r=[-4357.62701573 -2673.87085062  5778.36805203], v=[ 5.92918065 -1.52953368  3.76099785]
  RK45_ECI: r=[ 4148.91901464  2749.70189736 -5949.80071895], v=[-6.04079549  1.41659905 -3.57217852]
Epoch 428, t=2460388.406603561:
  TLE_ECI: r=[-4176.78688541 -2720.69630192  5888.92322658], v=[ 6.04077007 -1.45661104  3.60907411]
  RK45_ECI: r=[ 4108.25389234  2760.81902787 -5972.91906467], v=[-6.06438751  1.3984337  -3.53907429]
Epoch 429, t=2460388.4066788238:
  TLE_ECI: r=[-3992.64901537 -2765.2290076   5994.87827853], v=[ 6.14757232 -1.38245645  3.45434626]
  RK45_ECI: r=[ 4067.43089126  2771.79849231 -5995.82171655], v=[-6.08774407  1.38019633 -3.50584321]
Epoch 430, t=2460388.406754087:
  TLE_ECI: r=[-3805.35935851 -2807.4314319   6096.15089791], v=[ 6.24950419 -1.30713228  3.29693535]
  RK45_ECI: r=[ 4026.45159461  2782.63977445 -6018.50785368], v=[-6.11086429  1.3618878  -3.47248648]
Epoch 431, t=2460388.4068293506:
  TLE_ECI: r=[-3615.0663471  -2847.26795917  6192.66243659], v=[ 6.34648637 -1.23070191  3.13696444]
  RK45_ECI: r=[ 3985.31742862  2793.34236941 -6040.97676801], v=[-6.13374741  1.34350892 -3.43900514]
Epoch 432, t=2460388.406904614:
  TLE_ECI: r=[-3421.92074284 -2884.70497101  6284.33796673], v=[ 6.43844345 -1.15322959  2.97455846]
  RK45_ECI: r=[ 3944.03037823  2803.90566727 -6063.22744347], v=[-6.15639235  1.32506071 -3.40540072]
Epoch 433, t=2460388.4069798775:
  TLE_ECI: r=[-3226.07552527 -2919.71086102  6371.10633623], v=[ 6.52530402 -1.07478039  2.80984419]
  RK45_ECI: r=[ 3902.59187402  2814.32918878 -6085.2591888 ], v=[-6.17879836  1.30654399 -3.37167429]
Epoch 434, t=2460388.4070551405:
  TLE_ECI: r=[-3027.68577938 -2952.25605111  6452.90022138], v=[ 6.60700067 -0.9954202   2.64295006]
  RK45_ECI: r=[ 3861.00354715  2824.61240823 -6107.07121471], v=[-6.20096458  1.28795966 -3.33782707]
Epoch 435, t=2460388.407130404:
  TLE_ECI: r=[-2826.90853872 -2982.3130515   6529.6561764 ], v=[ 6.68347009 -0.91521557  2.47400613]
  RK45_ECI: r=[ 3819.26700965  2834.75484067 -6128.6627398 ], v=[-6.2228902   1.26930857 -3.30386028]
Epoch 436, t=2460388.4072056673:
  TLE_ECI: r=[-2623.90271332 -3009.85642723  6601.31468017], v=[ 6.75465307 -0.83423379  2.30314398]
  RK45_ECI: r=[ 3777.38371348  2844.7560115  -6150.03309053], v=[-6.24457447  1.25059156 -3.26977499]
Epoch 437, t=2460388.407280931:
  TLE_ECI: r=[-2418.82893037 -3034.86285604  6667.82017986], v=[ 6.82049453 -0.75254274  2.13049656]
  RK45_ECI: r=[ 3735.3556789   2854.61534922 -6171.18130092], v=[-6.26601638  1.23180965 -3.23557275]
Epoch 438, t=2460388.407356194:
  TLE_ECI: r=[-2211.84941699 -3057.3111371   6729.12113155], v=[ 6.88094361 -0.67021087  1.95619816]
  RK45_ECI: r=[ 3693.18416958  2864.33244139 -6192.10681218], v=[-6.2872153   1.21296361 -3.20125449]
Epoch 439, t=2460388.407431457:
  TLE_ECI: r=[-2003.12788198 -3077.18220214  6785.17003793], v=[ 6.93595363 -0.58730714  1.78038426]
  RK45_ECI: r=[ 3650.87142045  2873.90668472 -6212.808582  ], v=[-6.30817015  1.19405456 -3.16682193]
Epoch 440, t=2460388.4075067206:
  TLE_ECI: r=[-1792.8293519  -3094.4591548   6835.92348275], v=[ 6.98548217 -0.50390094  1.60319143]
  RK45_ECI: r=[ 3608.41849534  2883.33773707 -6233.28616225], v=[-6.32888042  1.17508315 -3.13227583]
Epoch 441, t=2460388.407581984:
  TLE_ECI: r=[-1581.12009626 -3109.12724656  6881.34216256], v=[ 7.02949111 -0.42006208  1.42475725]
  RK45_ECI: r=[ 3565.82706243  2892.62511761 -6253.53881672], v=[-6.34934531  1.15605029 -3.09761743]
Epoch 442, t=2460388.4076572475:
  TLE_ECI: r=[-1368.16746209 -3121.17391387  6921.3909151 ], v=[ 7.06794658 -0.33586072  1.24522021]
  RK45_ECI: r=[ 3523.09917569  2901.76829356 -6273.56563034], v=[-6.36956387  1.13695705 -3.06284832]
Epoch 443, t=2460388.4077325105:
  TLE_ECI: r=[-1154.13976167 -3130.58877825  6956.03874483], v=[ 7.10081906 -0.2513673   1.06471959]
  RK45_ECI: r=[ 3480.23651769  2910.76680163 -6293.36588954], v=[-6.38953531  1.11780436 -3.02796974]
Epoch 444, t=2460388.407807774:
  TLE_ECI: r=[ -939.20610519 -3137.3636687   6985.25884519], v=[ 7.12808334 -0.16665246  0.88339536]
  RK45_ECI: r=[ 3437.24016387  2919.62031659 -6312.93916286], v=[-6.40925917  1.09859284 -2.99298247]
Epoch 445, t=2460388.4078830373:
  TLE_ECI: r=[ -723.53632438 -3141.49260567  7009.0286181 ], v=[ 7.14971858 -0.08178704  0.70138809]
  RK45_ECI: r=[ 3394.11239029  2928.3282843  -6332.28447269], v=[-6.42873441  1.07932368 -2.95788825]
Epoch 446, t=2460388.407958301:
  TLE_ECI: r=[ -507.30080416 -3142.9718214   7027.32969011], v=[7.16570830e+00 3.15798555e-03 5.18838838e-01]
  RK45_ECI: r=[ 3350.85449286  2936.89033653 -6351.40130838], v=[-6.44796046  1.05999763 -2.92268802]
Epoch 447, t=2460388.408033564:
  TLE_ECI: r=[ -290.67035964 -3141.79975883  7040.1479256 ], v=[7.17604039 0.08811161 0.33588905]
  RK45_ECI: r=[ 3307.46855715  2945.30598014 -6370.28880647], v=[-6.46693641  1.04061576 -2.88738338]
Epoch 448, t=2460388.408108827:
  TLE_ECI: r=[  -73.81611314 -3137.97707256  7047.4734369 ], v=[7.18070709 0.17300277 0.15268047]
  RK45_ECI: r=[ 3263.95629119  2953.57478618 -6388.94629444], v=[-6.48566154  1.02117903 -2.85197559]
Epoch 449, t=2460388.4081840906:
  TLE_ECI: r=[  143.09067509 -3131.50663001  7049.30059124], v=[ 7.17970507  0.25776054 -0.03064501]
  RK45_ECI: r=[ 3220.31878642  2961.69645318 -6407.37336587], v=[-6.5041354   1.00168808 -2.81646543]
Epoch 450, t=2460388.408259354:
  TLE_ECI: r=[  359.87868429 -3122.39350574  7045.62801485], v=[ 7.17303536  0.34231403 -0.21394537]
  RK45_ECI: r=[ 3176.55835259  2969.67047048 -6425.56910043], v=[-6.52235702  0.9821441  -2.78085468]
Epoch 451, t=2460388.4083346175:
  TLE_ECI: r=[  576.37670256 -3110.64498041  7036.45859367], v=[ 7.16070337  0.4265925  -0.39707865]
  RK45_ECI: r=[ 3132.6763042   2977.49649811 -6443.53301801], v=[-6.54032586  0.96254787 -2.74514427]
Epoch 452, t=2460388.408409881:
  TLE_ECI: r=[  792.41375003 -3096.27053418  7021.79947124], v=[ 7.14271888  0.51052548 -0.579903  ]
  RK45_ECI: r=[ 3088.67475669  2985.17408303 -6461.26430734], v=[-6.55804108  0.94290047 -2.70933581]
Epoch 453, t=2460388.408485144:
  TLE_ECI: r=[ 1007.81920217 -3079.28184223  7001.66204339], v=[ 7.11909608  0.5940427  -0.76227679]
  RK45_ECI: r=[ 3044.55544187  2992.70283129 -6478.76233741], v=[-6.575502    0.92320288 -2.6734306 ]
Epoch 454, t=2460388.4085604073:
  TLE_ECI: r=[ 1222.42295813 -3059.69275457  6976.06194978], v=[ 7.08985348  0.67707431 -0.94405875]
  RK45_ECI: r=[ 3000.3194661   3000.08246575 -6496.02672699], v=[-6.5927082   0.90345575 -2.63742941]
Epoch 455, t=2460388.408635671:
  TLE_ECI: r=[ 1436.05551796 -3037.51930076  6945.01906261], v=[ 7.05501396  0.75955075 -1.125108  ]
  RK45_ECI: r=[ 2955.96917057  3007.31251994 -6513.05661375], v=[-6.60965877  0.8836603  -2.60133403]
Epoch 456, t=2460388.408710934:
  TLE_ECI: r=[ 1648.5481503  -3012.77966765  6908.55747201], v=[ 7.01460473  0.84140295 -1.30528423]
  RK45_ECI: r=[ 2911.50588727  3014.39268252 -6529.85154835], v=[-6.62635323  0.86381731 -2.56514541]
Epoch 457, t=2460388.4087861977:
  TLE_ECI: r=[ 1859.73301411 -2985.49418729  6866.7054685 ], v=[ 6.96865733  0.9225623  -1.48444774]
  RK45_ECI: r=[ 2866.93175933  3021.32254132 -6546.41077229], v=[-6.64279079  0.8439279  -2.52886519]
Epoch 458, t=2460388.4088614606:
  TLE_ECI: r=[ 2069.44328032 -2955.685327    6819.49552233], v=[ 6.91720758  1.00296074 -1.6624596 ]
  RK45_ECI: r=[ 2822.24854055  3028.1017381  -6562.73369651], v=[-6.65897082  0.82399304 -2.49249467]
Epoch 459, t=2460388.408936724:
  TLE_ECI: r=[ 2277.51329607 -2923.37764832  6766.96425972], v=[ 6.86029559  1.08253085 -1.8391817 ]
  RK45_ECI: r=[ 2777.45735121  3034.73002031 -6578.8199652 ], v=[-6.67489293  0.80401342 -2.45603462]
Epoch 460, t=2460388.4090119875:
  TLE_ECI: r=[ 2483.77866132 -2888.59782184  6709.15243624], v=[ 6.7979657   1.1612058  -2.01447687]
  RK45_ECI: r=[ 2732.56056159  3041.20696641 -6594.66877467], v=[-6.6905563   0.78399025 -2.41948686]
Epoch 461, t=2460388.409087251:
  TLE_ECI: r=[ 2688.07639183 -2851.374584    6646.10490691], v=[ 6.73026649  1.23891951 -2.18820899]
  RK45_ECI: r=[ 2687.55951967  3047.5322943  -6610.27970665], v=[-6.70596048  0.76392435 -2.38285236]
Epoch 462, t=2460388.409162514:
  TLE_ECI: r=[ 2890.2450292  -2811.7387282   6577.87059343], v=[ 6.65725072  1.31560662 -2.36024308]
  RK45_ECI: r=[ 2642.45660813  3053.7056028  -6625.65198444], v=[-6.72110467  0.74381693 -2.34613293]
Epoch 463, t=2460388.4092377773:
  TLE_ECI: r=[ 3090.12480015 -2769.72304738  6504.50244822], v=[ 6.57897529  1.39120265 -2.53044543]
  RK45_ECI: r=[ 2597.25295883  3059.72666128 -6640.78527612], v=[-6.73598852  0.72366869 -2.30932937]
Epoch 464, t=2460388.409313041:
  TLE_ECI: r=[ 3287.55769161 -2725.36235678  6426.05741569], v=[ 6.49550124  1.46564391 -2.69868363]
  RK45_ECI: r=[ 2551.95034688  3065.59515082 -6655.67903683], v=[-6.75061146  0.70348063 -2.272443  ]
Epoch 465, t=2460388.409388304:
  TLE_ECI: r=[ 3482.38760795 -2678.69343442  6342.59639027], v=[ 6.40689367  1.53886768 -2.86482677]
  RK45_ECI: r=[ 2506.55095513  3071.31072588 -6670.33259378], v=[-6.76497281  0.68325387 -2.23547547]
Epoch 466, t=2460388.4094635677:
  TLE_ECI: r=[ 3674.46048514 -2629.75499972  6254.18417156], v=[ 6.31322171  1.61081219 -3.02874543]
  RK45_ECI: r=[ 2461.05614607  3076.87313399 -6684.74556013], v=[-6.77907217  0.66298924 -2.19842776]
Epoch 467, t=2460388.4095388306:
  TLE_ECI: r=[ 3863.62440441 -2578.58769391  6160.88941652], v=[ 6.2145585   1.68141665 -3.19031188]
  RK45_ECI: r=[ 2415.46832795  3082.28201972 -6698.91721884], v=[-6.79290881  0.64268797 -2.16130171]
Epoch 468, t=2460388.409614094:
  TLE_ECI: r=[ 4049.72974245 -2525.23400298  6062.78458863], v=[ 6.11098109  1.75062145 -3.34940011]
  RK45_ECI: r=[ 2369.78864408  3087.53717781 -6712.84726397], v=[-6.80648241  0.62235076 -2.12409813]
Epoch 469, t=2460388.4096893575:
  TLE_ECI: r=[ 4232.62924376 -2469.73828984  5959.94590421], v=[ 6.00257041  1.81836799 -3.50588595]
  RK45_ECI: r=[ 2324.01888775  3092.63832598 -6726.53519357], v=[-6.81979246  0.60197862 -2.08681835]
Epoch 470, t=2460388.409764621:
  TLE_ECI: r=[ 4412.1781679  -2412.1467153   5852.45327576], v=[ 5.88941126  1.88459889 -3.65964716]
  RK45_ECI: r=[ 2278.16126373  3097.58516092 -6739.98038924], v=[-6.83283835  0.58157268 -2.04946405]
Epoch 471, t=2460388.4098398844:
  TLE_ECI: r=[ 4588.23439675 -2352.50721167  5740.39025243], v=[ 5.77159218  1.94925799 -3.81056356]
  RK45_ECI: r=[ 2232.21714758  3102.37746008 -6753.182496  ], v=[-6.84561972  0.56113378 -2.01203621]
Epoch 472, t=2460388.4099151473:
  TLE_ECI: r=[ 4760.65854089 -2290.86945787  5623.8439576 ], v=[ 5.64920542  2.01229037 -3.95851706]
  RK45_ECI: r=[ 2186.18897045  3107.01491428 -6766.14085714], v=[-6.85813592  0.54066316 -1.9745367 ]
Epoch 473, t=2460388.409990411:
  TLE_ECI: r=[ 4929.31407758 -2227.28478474  5502.90502361], v=[ 5.52234689  2.07364249 -4.10339183]
  RK45_ECI: r=[ 2140.07788605  3111.49734375 -6778.85519303], v=[-6.87038666  0.52016152 -1.93696634]
Epoch 474, t=2460388.410065674:
  TLE_ECI: r=[ 5094.06741932 -2161.80621488  5377.66752384], v=[ 5.39111605  2.13326211 -4.24507432]
  RK45_ECI: r=[ 2093.8857039   3115.82450318 -6791.32504519], v=[-6.88237149  0.49962988 -1.89932647]
Epoch 475, t=2460388.4101409377:
  TLE_ECI: r=[ 5254.78804814 -2094.48836592  5248.22890175], v=[ 5.25561591  2.19109841 -4.3834534 ]
  RK45_ECI: r=[ 2047.61464836  3119.99613187 -6803.54985024], v=[-6.89408986  0.47906939 -1.86161879]
Epoch 476, t=2460388.4102162006:
  TLE_ECI: r=[ 5411.34860771 -2025.38743517  5114.68989743], v=[ 5.11595288  2.24710203 -4.51842045]
  RK45_ECI: r=[ 2001.26632645  3124.01201749 -6815.52922978], v=[-6.9055414   0.45848097 -1.82384447]
Epoch 477, t=2460388.410291464:
  TLE_ECI: r=[ 5563.6250298  -1954.56109116  4977.15447126], v=[ 4.97223673  2.30122513 -4.64986941]
  RK45_ECI: r=[ 1954.84253035  3127.87195699 -6827.26275505], v=[-6.91672569  0.43786557 -1.78600488]
Epoch 478, t=2460388.4103667275:
  TLE_ECI: r=[ 5711.49659837 -1882.06851974  4835.72972507], v=[ 4.82458051  2.35342137 -4.77769692]
  RK45_ECI: r=[ 1908.34508231  3131.57573666 -6838.75000617], v=[-6.92764232  0.41722421 -1.74810136]
Epoch 479, t=2460388.410441991:
  TLE_ECI: r=[ 5854.84607151 -1807.97031411  4690.52582064], v=[ 4.67310048  2.40364603 -4.90180236]
  RK45_ECI: r=[ 1861.77558655  3135.12316822 -6849.99062423], v=[-6.93829095  0.3965578  -1.7101351 ]
Epoch 480, t=2460388.4105172544:
  TLE_ECI: r=[ 5993.55977054 -1732.32844018  4541.65589554], v=[ 4.51791597  2.45185598 -5.02208796]
  RK45_ECI: r=[ 1815.13628475  3138.51403375 -6860.98410149], v=[-6.94867108  0.37586749 -1.67210782]
Epoch 481, t=2460388.4105925173:
  TLE_ECI: r=[ 6127.52766763 -1655.20620357  4389.23597663], v=[ 4.35914937  2.49800975 -5.1384589 ]
  RK45_ECI: r=[ 1768.42879585  3141.74815502 -6871.73009795], v=[-6.9587824   0.35515421 -1.63402071]
Epoch 482, t=2460388.410667781:
  TLE_ECI: r=[ 6256.64349522 -1576.66812607  4233.38489094], v=[ 4.19692596  2.54206764 -5.25082332]
  RK45_ECI: r=[ 1721.65492508  3144.82536417 -6882.22822912], v=[-6.96862453  0.33441892 -1.59587513]
Epoch 483, t=2460388.410743044:
  TLE_ECI: r=[ 6380.8048031  -1496.7799985   4074.22417431], v=[ 4.03137385  2.58399159 -5.35909249]
  RK45_ECI: r=[ 1674.81629466  3147.74549435 -6892.47816698], v=[-6.97819716  0.31366255 -1.55767228]
Epoch 484, t=2460388.4108183077:
  TLE_ECI: r=[ 6499.91306246 -1415.60875601  3911.87797757], v=[ 3.86262391  2.62374539 -5.46318083]
  RK45_ECI: r=[ 1627.91515871  3150.50836196 -6902.47944865], v=[-6.98749986  0.29288625 -1.51941388]
Epoch 485, t=2460388.410893571:
  TLE_ECI: r=[ 6613.87374182 -1333.22243963  3746.47297053], v=[ 3.69080962  2.66129461 -5.56300599]
  RK45_ECI: r=[ 1580.95313528  3153.11382076 -6912.23176513], v=[-6.99653233  0.27209094 -1.48110113]
Epoch 486, t=2460388.410968834:
  TLE_ECI: r=[ 6722.59638121 -1249.6901593   3578.1382437 ], v=[ 3.51606699  2.69660663 -5.65848894]
  RK45_ECI: r=[ 1533.93206652  3155.56171711 -6921.73476769], v=[-7.00529426  0.25127763 -1.44273542]
Epoch 487, t=2460388.4110440975:
  TLE_ECI: r=[ 6825.99468173 -1165.08195791  3407.00520793], v=[ 3.33853443  2.72965078 -5.74955403]
  RK45_ECI: r=[ 1486.85376902  3157.85191846 -6930.98811648], v=[-7.01378532  0.23044728 -1.40431811]
Epoch 488, t=2460388.411119361:
  TLE_ECI: r=[ 6923.98655419 -1079.46886998  3233.20749204], v=[ 3.1583527   2.76039822 -5.83612905]
  RK45_ECI: r=[ 1439.71987499  3159.98429205 -6939.9915224 ], v=[-7.02200525  0.20960081 -1.36585041]
Epoch 489, t=2460388.4111946244:
  TLE_ECI: r=[7016.49420264 -992.92278377 3056.88083834], v=[ 2.97566473  2.78882209 -5.91814532]
  RK45_ECI: r=[ 1392.53265192  3161.95869736 -6948.74457907], v=[-7.02995366  0.1887394  -1.32733407]
Epoch 490, t=2460388.411269888:
  TLE_ECI: r=[7103.44418502 -905.51640078 2878.1629964 ], v=[ 2.79061553  2.81489746 -5.9955377 ]
  RK45_ECI: r=[ 1345.29372694  3163.77502168 -6957.24701653], v=[-7.03763032  0.16786394 -1.28877029]
Epoch 491, t=2460388.411345151:
  TLE_ECI: r=[7184.76747187 -817.32319556 2697.19361492], v=[ 2.6033521   2.83860139 -6.06824472]
  RK45_ECI: r=[ 1298.00495246  3165.43314867 -6965.49853099], v=[-7.04503495  0.14697546 -1.25016045]
Epoch 492, t=2460388.411420414:
  TLE_ECI: r=[7260.39951382 -728.4172693  2514.1141319 ], v=[ 2.41402326  2.85991296 -6.13620858]
  RK45_ECI: r=[ 1250.66815473  3166.93298116 -6973.4988276 ], v=[-7.05216727  0.1260749  -1.21150594]
Epoch 493, t=2460388.4114956777:
  TLE_ECI: r=[7330.28028024 -638.87341334 2329.06766322], v=[ 2.22277958  2.87881326 -6.19937521]
  RK45_ECI: r=[ 1203.28497429  3168.27442059 -6981.24765642], v=[-7.05902707  0.10516321 -1.17280798]
Epoch 494, t=2460388.411570941:
  TLE_ECI: r=[7394.35431991 -548.76696212 2142.19888966], v=[ 2.02977321  2.89528543 -6.25769435]
  RK45_ECI: r=[ 1155.85769012  3169.45736954 -6988.74466797], v=[-7.06561402  0.08424154 -1.13406831]
Epoch 495, t=2460388.411646204:
  TLE_ECI: r=[7452.57080339 -458.17377201 1953.65394246], v=[ 1.8351578   2.90931468 -6.31111958]
  RK45_ECI: r=[ 1108.38816208  3170.48174357 -6995.98959813], v=[-7.07192789  0.06331091 -1.09528833]
Epoch 496, t=2460388.4117214675:
  TLE_ECI: r=[7504.88357135 -367.17006978 1763.58028753], v=[ 1.63908833  2.92088832 -6.35960833]
  RK45_ECI: r=[ 1060.87757571  3171.34747954 -7002.98228853], v=[-7.07796854  0.04237203 -1.05646888]
Epoch 497, t=2460388.411796731:
  TLE_ECI: r=[7551.25116448 -275.83251803 1572.12660856], v=[ 1.44172102  2.92999571 -6.40312198]
  RK45_ECI: r=[ 1013.3284407   3172.05449988 -7009.72238934], v=[-7.08373566  0.02142615 -1.01761191]
Epoch 498, t=2460388.4118719944:
  TLE_ECI: r=[7591.63686446 -184.23806365 1379.44268877], v=[ 1.24321316  2.93662835 -6.44162586]
  RK45_ECI: r=[  965.74217943  3172.60274557 -7016.20972338], v=[-7.08922910e+00  4.74121676e-04 -9.78718444e-01]
Epoch 499, t=2460388.411947258:
  TLE_ECI: r=[7626.00872327  -92.46389334 1185.67929187], v=[ 1.04372301  2.94077984 -6.47508927]
  RK45_ECI: r=[  918.12108024  3172.99216232 -7022.44399828], v=[-7.09444859 -0.02048291 -0.93979024]
Epoch 500, t=2460388.412022521:
  TLE_ECI: r=[ 7.65433959e+03 -5.87390559e-01  9.90988042e+02], v=[ 0.84340968  2.94244591 -6.50348553]
  RK45_ECI: r=[  870.46701009  3173.22270321 -7028.42499528], v=[-7.09939396 -0.04144391 -0.9008287 ]
Epoch 501, t=2460388.412097784:
  TLE_ECI: r=[7676.60713428   91.3140206   795.5213025 ], v=[ 0.64243292  2.94162443 -6.52679203]
  RK45_ECI: r=[  822.78115869  3173.29433092 -7034.15258353], v=[-7.10406509 -0.06240819 -0.86183466]
Epoch 502, t=2460388.4121730477:
  TLE_ECI: r=[7692.79386365  183.1628065   599.43205514], v=[ 0.44095308  2.93831537 -6.54499019]
  RK45_ECI: r=[  775.06604498  3173.20701498 -7039.62647639], v=[-7.10846174 -0.08337446 -0.82281007]
Epoch 503, t=2460388.412248311:
  TLE_ECI: r=[7702.88713965  274.88148079  402.87377717], v=[ 0.23913092  2.93252086 -6.55806552]
  RK45_ECI: r=[  727.32309578  3172.96072686 -7044.84653014], v=[-7.11258379 -0.1043419  -0.78375597]
Epoch 504, t=2460388.4123235745:
  TLE_ECI: r=[7706.87918786  366.39264741  206.00031914], v=[ 0.03712748  2.92424515 -6.56600763]
  RK45_ECI: r=[  679.55460678  3172.55545554 -7049.81250971], v=[-7.11643104 -0.12530934 -0.74467411]
Epoch 505, t=2460388.4123988375:
  TLE_ECI: r=[7704.76710578  457.61904456    8.96578181], v=[-0.16489604  2.91349464 -6.56881022]
  RK45_ECI: r=[  631.76245035  3171.99119168 -7054.52424173], v=[-7.12000336 -0.14627576 -0.70556589]
Epoch 506, t=2460388.412474101:
  TLE_ECI: r=[7696.55286001  548.48370156 -188.07560696], v=[-0.36677844  2.90027783 -6.56647111]
  RK45_ECI: r=[  583.94781951  3171.26792392 -7058.98162289], v=[-7.12330066 -0.16724045 -0.66643216]
Epoch 507, t=2460388.4125493644:
  TLE_ECI: r=[7682.24329178  638.90986874 -384.96961558], v=[-0.56835864  2.88460534 -6.55899223]
  RK45_ECI: r=[  536.11323979  3170.38566906 -7063.18442981], v=[-7.12632278 -0.18820212 -0.62727486]
Epoch 508, t=2460388.412624628:
  TLE_ECI: r=[7661.85010639  728.82117376 -581.56213201], v=[-0.76947581  2.86648992 -6.54637961]
  RK45_ECI: r=[  488.26014146  3169.34442913 -7067.13255225], v=[-7.12906963 -0.20915996 -0.58809503]
Epoch 509, t=2460388.4126998913:
  TLE_ECI: r=[7635.38986427  818.14166437 -777.69928695], v=[-0.96996953  2.84594639 -6.5286434 ]
  RK45_ECI: r=[  440.39082537  3168.14423655 -7070.82581249], v=[-7.13154108 -0.23011277 -0.54889442]
Epoch 510, t=2460388.412775154:
  TLE_ECI: r=[7602.88396945  906.79585113 -973.2275768 ], v=[-1.1696799   2.82299168 -6.50579782]
  RK45_ECI: r=[  392.50716744  3166.78511976 -7074.26408257], v=[-7.13373706 -0.25105955 -0.50967444]
Epoch 511, t=2460388.4128504177:
  TLE_ECI: r=[ 7564.35864089   994.70886129 -1167.99398622], v=[-1.36844772  2.79764476 -6.47786119]
  RK45_ECI: r=[  344.6103629   3165.26709345 -7077.44728664], v=[-7.1356575  -0.27199956 -0.47043593]
Epoch 512, t=2460388.412925681:
  TLE_ECI: r=[ 7519.84490534  1081.80636877 -1361.84611033], v=[-1.56611455  2.76992667 -6.44485589]
  RK45_ECI: r=[  296.70294156  3163.59022185 -7080.37526468], v=[-7.13730232 -0.29293154 -0.43118083]
Epoch 513, t=2460388.4130009445:
  TLE_ECI: r=[ 7469.3785611   1168.01474713 -1554.63227622], v=[-1.76252292  2.73986049 -6.40680832]
  RK45_ECI: r=[  248.78633561  3161.75453775 -7083.04793988], v=[-7.13867147 -0.31385463 -0.39191019]
Epoch 514, t=2460388.4130762075:
  TLE_ECI: r=[ 7413.00015366  1253.26108828 -1746.20166385], v=[-1.9575164   2.70747129 -6.36374892]
  RK45_ECI: r=[  200.863076    3159.76012671 -7085.46518116], v=[-7.13976489 -0.33476757 -0.35262593]
Epoch 515, t=2460388.413151471:
  TLE_ECI: r=[ 7350.75492682  1337.47335213 -1936.40442604], v=[-2.15093979  2.67278612 -6.31571212]
  RK45_ECI: r=[  152.93435884  3157.60702633 -7087.62693822], v=[-7.14058257 -0.35566963 -0.31332892]
Epoch 516, t=2460388.4132267344:
  TLE_ECI: r=[ 7282.69280578  1420.58029644 -2125.09180768], v=[-2.34263919  2.63583402 -6.26273628]
  RK45_ECI: r=[  105.00206186  3155.29530629 -7089.53313043], v=[-7.14112447 -0.37655978 -0.27402055]
Epoch 517, t=2460388.413301998:
  TLE_ECI: r=[ 7208.86834084  1502.5116255  -2312.11626381], v=[-2.53246219  2.59664594 -6.20486369]
  RK45_ECI: r=[   57.06848942  3152.82506875 -7091.18367189], v=[-7.14139059 -0.39743685 -0.23470258]
Epoch 518, t=2460388.4133772613:
  TLE_ECI: r=[ 7129.34066483  1583.19802799 -2497.3315766 ], v=[-2.72025793  2.55525476 -6.14214054]
  RK45_ECI: r=[    9.13507411  3150.19637738 -7092.57851926], v=[-7.14138092 -0.41829999 -0.19537604]
Epoch 519, t=2460388.413452524:
  TLE_ECI: r=[ 7044.17344817  1662.57121459 -2680.59297113], v=[-2.90587727  2.51169521 -6.07461682]
  RK45_ECI: r=[  -38.79565251  3147.40936527 -7093.71760489], v=[-7.14109548 -0.43914792 -0.15604289]
Epoch 520, t=2460388.4135277877:
  TLE_ECI: r=[ 6953.43482591  1740.56405966 -2861.75722973], v=[-3.08917291  2.46600386 -6.00234634]
  RK45_ECI: r=[  -86.72249455  3144.46409632 -7094.60090595], v=[-7.1405343  -0.45997993 -0.11670397]
Epoch 521, t=2460388.413603051:
  TLE_ECI: r=[ 6857.19736918  1817.11053264 -3040.68280502], v=[-3.26999949  2.41821911 -5.92538664]
  RK45_ECI: r=[ -134.64357467  3141.36067821 -7095.22838728], v=[-7.13969741 -0.48079497 -0.07736069]
Epoch 522, t=2460388.4136783145:
  TLE_ECI: r=[ 6755.53800549  1892.14583768 -3217.22993131], v=[-3.44821372  2.36838113 -5.84379895]
  RK45_ECI: r=[ -182.55658943  3138.09925673 -7095.60002048], v=[-7.13858485 -0.50159188 -0.0380148 ]
Epoch 523, t=2460388.413753578:
  TLE_ECI: r=[ 6648.53795904  1965.60644704 -3391.26073442], v=[-3.62367449  2.31653181 -5.75764811]
  RK45_ECI: r=[ -230.46010718  3134.67992646 -7095.71579571], v=[-7.13719668e+00 -5.22369811e-01  1.33265014e-03]
Epoch 524, t=2460388.413828841:
  TLE_ECI: r=[ 6536.28268879  2037.43013597 -3562.63933979], v=[-3.79624299  2.26271475 -5.66700258]
  RK45_ECI: r=[ -278.35159861  3131.10286796 -7095.57570885], v=[-7.135533   -0.54312749  0.04067971]
Epoch 525, t=2460388.4139041044:
  TLE_ECI: r=[ 6418.86179372  2107.55611157 -3731.23197866], v=[-3.96578282  2.20697519 -5.5719343 ]
  RK45_ECI: r=[ -326.22986924  3127.36817145 -7095.1797646 ], v=[-7.13359386 -0.56386419  0.08002554]
Epoch 526, t=2460388.413979368:
  TLE_ECI: r=[ 6296.36897348  2175.92494795 -3896.9070926 ], v=[-4.13216009  2.14936001 -5.47251864]
  RK45_ECI: r=[ -374.09304412  3123.4759825  -7094.52797336], v=[-7.13137935 -0.5845789   0.11936872]
Epoch 527, t=2460388.4140546313:
  TLE_ECI: r=[ 6168.90192743  2242.47871361 -4059.53543584], v=[-4.29524352  2.08991764 -5.3688344 ]
  RK45_ECI: r=[ -421.938823    3119.42649046 -7093.62036433], v=[-7.12888959 -0.60527043  0.15870749]
Epoch 528, t=2460388.4141298947:
  TLE_ECI: r=[ 6036.56227959  2307.16100057 -4218.99017564], v=[-4.45490458  2.02869805 -5.26096364]
  RK45_ECI: r=[ -469.765777    3115.21982071 -7092.45696124], v=[-7.12612469 -0.62593796  0.19804082]
Epoch 529, t=2460388.4142051577:
  TLE_ECI: r=[ 5899.4555017   2369.91695377 -4375.14699054], v=[-4.61101752  1.96575271 -5.1489917 ]
  RK45_ECI: r=[ -517.57138138  3110.85620111 -7091.03782362], v=[-7.1230848  -0.64658021  0.23736674]
Epoch 530, t=2460388.414280421:
  TLE_ECI: r=[ 5757.69079889  2430.69338644 -4527.88416632], v=[-4.76345954  1.90113448 -5.03300705]
  RK45_ECI: r=[ -565.35444446  3106.33574808 -7089.36298378], v=[-7.11977003 -0.66719647  0.2766844 ]
Epoch 531, t=2460388.4143556845:
  TLE_ECI: r=[ 5611.38106093  2489.43871941 -4677.08268992], v=[-4.91211084  1.83489765 -4.91310127]
  RK45_ECI: r=[ -613.11309558  3101.65864495 -7087.43249777], v=[-7.11618052 -0.68778571  0.31599241]
Epoch 532, t=2460388.414430948:
  TLE_ECI: r=[ 5460.6427427   2546.10309411 -4822.62634071], v=[-5.05685472  1.76709785 -4.78936893]
  RK45_ECI: r=[ -660.84504018  3096.82512431 -7085.24645247], v=[-7.11231646 -0.70834678  0.35528897]
Epoch 533, t=2460388.414506211:
  TLE_ECI: r=[ 5305.59578343  2600.63838027 -4964.40177964], v=[-5.19757765  1.69779201 -4.66190754]
  RK45_ECI: r=[ -708.54862743  3091.83536649 -7082.80491734], v=[-7.10817801 -0.72887875  0.39457288]
Epoch 534, t=2460388.4145814744:
  TLE_ECI: r=[ 5146.36347868  2652.99827862 -5102.29863574], v=[-5.33416941  1.62703825 -4.53081746]
  RK45_ECI: r=[ -756.22201765  3086.68957354 -7080.10797941], v=[-7.10376535 -0.74938065  0.43384273]
Epoch 535, t=2460388.414656738:
  TLE_ECI: r=[ 4983.07242518  2703.13826431 -5236.20959028], v=[-5.46652309  1.55489593 -4.39620179]
  RK45_ECI: r=[ -803.86334543  3081.38796068 -7077.1557349 ], v=[-7.09907868 -0.76985147  0.4730971 ]
Epoch 536, t=2460388.4147320013:
  TLE_ECI: r=[ 4815.85238853  2751.0156867  -5366.03045824], v=[-5.59453524  1.48142555 -4.25816632]
  RK45_ECI: r=[ -851.47097219  3075.93072442 -7073.9482735 ], v=[-7.09411816 -0.79029032  0.51233479]
Epoch 537, t=2460388.4148072647:
  TLE_ECI: r=[ 4644.83620568  2796.58978837 -5491.66026724], v=[-5.71810589  1.40668868 -4.11681943]
  RK45_ECI: r=[ -899.04261112  3070.31814036 -7070.48573979], v=[-7.08888406 -0.81069603  0.551554  ]
Epoch 538, t=2460388.4148825277:
  TLE_ECI: r=[ 4470.15968606  2839.82172554 -5613.00133385], v=[-5.83713865  1.33074796 -3.97227198]
  RK45_ECI: r=[ -946.57661788  3064.55042298 -7066.76824297], v=[-7.08337659 -0.83106768  0.59075353]
Epoch 539, t=2460388.414957791:
  TLE_ECI: r=[ 4291.96146936  2880.6746525  -5729.95933702], v=[-5.95154079  1.25366695 -3.82463725]
  RK45_ECI: r=[ -994.07115996  3058.62780951 -7062.79591579], v=[-7.07759596 -0.85140432  0.62993196]
Epoch 540, t=2460388.4150330545:
  TLE_ECI: r=[ 4110.3829639   2919.11367131 -5842.44338909], v=[-6.06122326  1.17551018 -3.67403083]
  RK45_ECI: r=[-1041.52459537  3052.55052575 -7058.56887976], v=[-7.07154241 -0.87170504  0.66908808]
Epoch 541, t=2460388.415108318:
  TLE_ECI: r=[ 3925.56820063  2955.10591424 -5950.36610378], v=[-6.1661008   1.09634305 -3.52057054]
  RK45_ECI: r=[-1088.93464523  3046.31888136 -7054.08732558], v=[-7.06521624 -0.8919687   0.70822011]
Epoch 542, t=2460388.4151835814:
  TLE_ECI: r=[ 3737.66372637  2988.6205567  -6053.64366145], v=[-6.26609197  1.01623179 -3.36437632]
  RK45_ECI: r=[-1136.2996803   3039.93311465 -7049.35139424], v=[-7.05861768 -0.9121944   0.74732682]
Epoch 543, t=2460388.4152588444:
  TLE_ECI: r=[ 3546.81849618  3019.62883174 -6152.19587157], v=[-6.3611192   0.93524339 -3.20557015]
  RK45_ECI: r=[-1183.61784827  3033.39350058 -7044.36125508], v=[-7.05174701 -0.93238113  0.78640682]
Epoch 544, t=2460388.415334108:
  TLE_ECI: r=[ 3353.18371967  3048.10409558 -6245.94623223], v=[-6.45110887  0.8534455  -3.04427595]
  RK45_ECI: r=[-1230.88732554  3026.70031119 -7039.11708653], v=[-7.04460451 -0.95252798  0.82545869]
Epoch 545, t=2460388.4154093713:
  TLE_ECI: r=[ 3156.91279426  3074.02178477 -6334.82198696], v=[-6.53599134  0.77090648 -2.88061946]
  RK45_ECI: r=[-1278.1064785   3019.85380598 -7033.61904982], v=[-7.03719045 -0.97263403  0.86448123]
Epoch 546, t=2460388.4154846347:
  TLE_ECI: r=[ 2958.16114874  3097.35947936 -6418.7541784 ], v=[-6.61570098  0.68769528 -2.7147282 ]
  RK45_ECI: r=[-1325.27304006  3012.85433683 -7027.86739324], v=[-7.02950519 -0.99269815  0.90347266]
Epoch 547, t=2460388.4155598977:
  TLE_ECI: r=[ 2757.08613873  3118.09690182 -6497.67769925], v=[-6.69017624  0.60388139 -2.5467313 ]
  RK45_ECI: r=[-1372.38516688  3005.70220979 -7021.8623262 ], v=[-7.02154904 -1.01271935  0.94243158]
Epoch 548, t=2460388.415635161:
  TLE_ECI: r=[ 2553.84688644  3136.21596637 -6571.53134004], v=[-6.75935971  0.51953474 -2.37675948]
  RK45_ECI: r=[-1419.44168642  2998.39763176 -7015.60397732], v=[-7.01332223 -1.03269696  0.98135714]
Epoch 549, t=2460388.4157104245:
  TLE_ECI: r=[ 2348.60421032  3151.70074306 -6640.25783425], v=[-6.82319808  0.43472575 -2.20494486]
  RK45_ECI: r=[-1466.44011631  2990.94101379 -7009.09265694], v=[-7.00482518 -1.05262975  1.02024739]
Epoch 550, t=2460388.415785688:
  TLE_ECI: r=[ 2141.52046288  3164.53750472 -6703.80390014], v=[-6.88164224  0.34952518 -2.03142094]
  RK45_ECI: r=[-1513.37905593  2983.33261389 -7002.32853709], v=[-6.99605817 -1.07251692  1.0591013 ]
Epoch 551, t=2460388.4158609514:
  TLE_ECI: r=[ 1932.75941275  3174.71472925 -6762.12027982], v=[-6.93464731  0.2640041  -1.85632246]
  RK45_ECI: r=[-1560.25625196  2975.57282566 -6995.31192345], v=[-6.98702162 -1.09235735  1.0979171 ]
Epoch 552, t=2460388.4159362144:
  TLE_ECI: r=[ 1722.48612621  3182.2231039  -6815.16177513], v=[-6.98217262  0.17823389 -1.67978532]
  RK45_ECI: r=[-1607.06987297  2967.66199141 -6988.04307087], v=[-6.9777159  -1.11215009  1.13669341]
Epoch 553, t=2460388.416011478:
  TLE_ECI: r=[ 1510.86680116  3187.05555373 -6862.88728062], v=[-7.02418179  0.09228604 -1.50194646]
  RK45_ECI: r=[-1653.81875425  2959.60034297 -6980.52213558], v=[-6.96814125 -1.13189443  1.17542938]
Epoch 554, t=2460388.4160867413:
  TLE_ECI: r=[ 1298.06869395  3189.20721483 -6905.2598135 ], v=[-7.06064270e+00  6.23225966e-03 -1.32294375e+00]
  RK45_ECI: r=[-1700.50042979  2951.38833665 -6972.74949106], v=[-6.95829816 -1.15158919  1.21412308]
Epoch 555, t=2460388.4161620047:
  TLE_ECI: r=[ 1084.25995192  3188.67546071 -6942.24654053], v=[-7.09152756 -0.07985567 -1.14291593]
  RK45_ECI: r=[-1747.11350885  2943.0262597  -6964.7253428 ], v=[-6.94818695 -1.17123356  1.25277347]
Epoch 556, t=2460388.416237268:
  TLE_ECI: r=[  869.60949243  3185.4598987  -6973.81880185], v=[-7.11681288 -0.16590594 -0.96200249]
  RK45_ECI: r=[-1793.65575395  2934.51454701 -6956.45005354], v=[-6.9378081  -1.19082645  1.2913788 ]
Epoch 557, t=2460388.416312531:
  TLE_ECI: r=[  654.28688116  3179.56236853 -6999.9521318 ], v=[-7.13647952 -0.25184674 -0.78034352]
  RK45_ECI: r=[-1840.12534722  2925.85357671 -6947.92392328], v=[-6.92716203 -1.21036689  1.32993771]
Epoch 558, t=2460388.4163877945:
  TLE_ECI: r=[  438.46216344  3170.98694955 -7020.62627662], v=[-7.1505127  -0.33760641 -0.59807971]
  RK45_ECI: r=[-1886.52113263  2917.04360543 -6939.14713567], v=[-6.91624898 -1.2298542   1.36844933]
Epoch 559, t=2460388.416463058:
  TLE_ECI: r=[  222.30578874  3159.73994404 -7035.82520927], v=[-7.15890196 -0.42311334 -0.41535214]
  RK45_ECI: r=[-1932.84066287  2908.08513416 -6930.12012689], v=[-6.90506955 -1.24928721  1.40691177]
Epoch 560, t=2460388.4165383214:
  TLE_ECI: r=[ 5.98844143e+00  3.14582988e+03 -7.04553714e+03], v=[-7.16164123 -0.50829617 -0.23230226]
  RK45_ECI: r=[-1979.0825582   2898.97847919 -6920.84313563], v=[-6.89362406 -1.26866512  1.44532398]
Epoch 561, t=2460388.416613585:
  TLE_ECI: r=[ -210.31908172  3129.26751304 -7049.75452985], v=[-7.1587288  -0.59308375 -0.04907173]
  RK45_ECI: r=[-2025.24459904  2889.72411627 -6911.31658125], v=[-6.88191307 -1.28798684  1.48368426]
Epoch 562, t=2460388.416688848:
  TLE_ECI: r=[ -426.44599448  3110.06579748 -7048.47408639], v=[-7.1501673  -0.67740523  0.13419764]
  RK45_ECI: r=[-2071.32498268  2880.32245905 -6901.54080853], v=[-6.86993702 -1.30725141  1.52199122]
Epoch 563, t=2460388.4167641113:
  TLE_ECI: r=[ -642.22168954  3088.2398941  -7041.69677591], v=[-7.13596376 -0.76119019  0.31736402]
  RK45_ECI: r=[-2117.32256278  2870.77378873 -6891.51602825], v=[-6.85769623 -1.32645817  1.56024403]
Epoch 564, t=2460388.4168393747:
  TLE_ECI: r=[ -857.47581557  3063.80715283 -7029.42781801], v=[-7.11612953 -0.84436853  0.50028563]
  RK45_ECI: r=[-2163.23491307  2861.07865055 -6881.2427388 ], v=[-6.84519132 -1.34560593  1.59844078]
Epoch 565, t=2460388.416914638:
  TLE_ECI: r=[-1072.03844527  3036.7870987  -7011.67668282], v=[-7.09068034 -0.92687066  0.6828209 ]
  RK45_ECI: r=[-2209.06066604  2851.23738964 -6870.72121172], v=[-6.83242268 -1.36469392  1.63658049]
Epoch 566, t=2460388.416989901:
  TLE_ECI: r=[-1285.74018888  3007.20142103 -6988.45708433], v=[-7.05963623 -1.0086275   0.8648285 ]
  RK45_ECI: r=[-2254.79740562  2841.25057103 -6859.95197363], v=[-6.81939097 -1.38372096  1.67466123]
Epoch 567, t=2460388.4170651645:
  TLE_ECI: r=[-1498.41236054  2975.07394235 -6959.78697045], v=[-7.02302158 -1.0895706   1.0461675 ]
  RK45_ECI: r=[-2300.44399533  2831.11849718 -6848.93526028], v=[-6.80609652 -1.40268638  1.71268221]
Epoch 568, t=2460388.417140428:
  TLE_ECI: r=[-1709.88705547  2940.43062045 -6925.68851033], v=[-6.98086507 -1.16963206  1.22669744]
  RK45_ECI: r=[-2345.99865039  2820.84162006 -6837.67146264], v=[-6.79253985 -1.42158924  1.75064205]
Epoch 569, t=2460388.4172156914:
  TLE_ECI: r=[-1919.99731557  2903.29951521 -6886.1880783 ], v=[-6.93319969 -1.24874471  1.40627844]
  RK45_ECI: r=[-2391.45918411  2810.4204801  -6826.16108965], v=[-6.7787216  -1.44042846  1.78853905]
Epoch 570, t=2460388.417290955:
  TLE_ECI: r=[-2128.57725004  2863.71076984 -6841.31623493], v=[-6.88006268 -1.32684211  1.58477132]
  RK45_ECI: r=[-2436.82424279  2799.85545089 -6814.40444535], v=[-6.76464219 -1.45920327  1.82637221]
Epoch 571, t=2460388.417366218:
  TLE_ECI: r=[-2335.46215563  2821.69659426 -6791.107705  ], v=[-6.82149553 -1.40385859  1.76203767]
  RK45_ECI: r=[-2482.09143474  2789.14714116 -6802.40211777], v=[-6.75030236 -1.47791251  1.86413966]
Epoch 572, t=2460388.4174414813:
  TLE_ECI: r=[-2540.48867788  2777.29121334 -6735.60135237], v=[-6.75754395 -1.47972939  1.93793996]
  RK45_ECI: r=[-2527.25963532  2778.29587763 -6790.15436922], v=[-6.73570248 -1.49655551  1.90184057]
Epoch 573, t=2460388.4175167447:
  TLE_ECI: r=[-2743.49488815  2730.53087918 -6674.84015194], v=[-6.68825783 -1.55439058  2.11234167]
  RK45_ECI: r=[-2572.32707857  2767.30214719 -6777.6616346 ], v=[-6.72084312 -1.51513134  1.93947362]
Epoch 574, t=2460388.417592008:
  TLE_ECI: r=[-2944.32044324  2681.45381732 -6608.87115844], v=[-6.61369124 -1.6277792   2.28510734]
  RK45_ECI: r=[-2617.29160134  2756.16653002 -6764.92447816], v=[-6.70572498 -1.53363894  1.97703709]
Epoch 575, t=2460388.4176672716:
  TLE_ECI: r=[-3142.80670205  2630.10020296 -6537.74547224], v=[-6.53390234 -1.69983328  2.45610274]
  RK45_ECI: r=[-2662.15186496  2744.88942813 -6751.94323614], v=[-6.69034853 -1.55207753  2.01453001]
Epoch 576, t=2460388.4177425345:
  TLE_ECI: r=[-3338.79684207  2576.51213913 -6461.51820219], v=[-6.4489534  -1.77049189  2.62519489]
  RK45_ECI: r=[-2706.90550463  2733.47149332 -6738.71855746], v=[-6.67471459 -1.57044598  2.0519505 ]
Epoch 577, t=2460388.417817798:
  TLE_ECI: r=[-3532.13601249  2520.73358513 -6380.24842531], v=[-6.35891071 -1.83969527  2.79225223]
  RK45_ECI: r=[-2751.55140882  2721.9130764  -6725.25073078], v=[-6.65882355 -1.58874362  2.08929777]
Epoch 578, t=2460388.4178930614:
  TLE_ECI: r=[-3722.67141001  2462.8103785  -6293.99914374], v=[-6.26384458 -1.90738473  2.95714466]
  RK45_ECI: r=[-2796.08783229  2710.21469866 -6711.54023451], v=[-6.64267604 -1.60696955  2.12657048]
Epoch 579, t=2460388.417968325:
  TLE_ECI: r=[-3910.25242947  2402.79016173 -6202.83723844], v=[-6.16382925 -1.97350281  3.1197437 ]
  RK45_ECI: r=[-2840.51263759  2698.37697964 -6697.58768779], v=[-6.62627283 -1.6251227   2.16376695]
Epoch 580, t=2460388.4180435883:
  TLE_ECI: r=[-4094.73077495  2340.7223534  -6106.83342008], v=[-6.05894289 -2.03799329  3.27992254]
  RK45_ECI: r=[-2884.82450261  2686.40034934 -6683.3934588 ], v=[-6.60961444 -1.64320233  2.20088619]
Epoch 581, t=2460388.4181188513:
  TLE_ECI: r=[-4275.96057019  2276.6581215  -6006.06217696], v=[-5.94926748 -2.10080125  3.43755615]
  RK45_ECI: r=[-2929.02109187  2674.28550201 -6668.95825682], v=[-6.59270175 -1.6612073   2.23792637]
Epoch 582, t=2460388.4181941147:
  TLE_ECI: r=[-4453.79850096  2210.65029313 -5900.60171991], v=[-5.83488883 -2.16187314  3.59252141]
  RK45_ECI: r=[-2973.10130831  2662.03281208 -6654.28239667], v=[-6.57553518 -1.67913698  2.27488667]
Epoch 583, t=2460388.418269378:
  TLE_ECI: r=[-4628.10388792  2142.7533861  -5790.53392446], v=[-5.71589647 -2.22115675  3.74469714]
  RK45_ECI: r=[-3017.06342901  2649.642835   -6639.36639998], v=[-6.55811543 -1.69699046  2.31176578]
Epoch 584, t=2460388.4183446416:
  TLE_ECI: r=[-4798.73882622  2073.02351612 -5675.94426999], v=[-5.59238359 -2.27860135  3.89396427]
  RK45_ECI: r=[-3060.90534466  2637.11622877 -6624.21094027], v=[-6.54044334 -1.71476671  2.34856203]
Epoch 585, t=2460388.4184199045:
  TLE_ECI: r=[-4965.56828234  2001.51837892 -5556.92177601], v=[-5.46444702 -2.33415764  4.04020587]
  RK45_ECI: r=[-3104.62554436  2624.45351287 -6608.81649029], v=[-6.52251953 -1.73246491  2.38527427]
Epoch 586, t=2460388.418495168:
  TLE_ECI: r=[-5128.46022596  1928.29714591 -5433.55893568], v=[-5.33218709 -2.3877779   4.18330731]
  RK45_ECI: r=[-3148.22234456  2611.65523749 -6593.18360072], v=[-6.5043447  -1.75008421  2.42190118]
Epoch 587, t=2460388.4185704314:
  TLE_ECI: r=[-5287.28569985  1853.42050211 -5305.95164659], v=[-5.19570763 -2.43941594  4.32315628]
  RK45_ECI: r=[-3191.69404345  2598.72198621 -6577.31283083], v=[-6.48591958 -1.76762372  2.45844146]
Epoch 588, t=2460388.418645695:
  TLE_ECI: r=[-5441.9189477   1776.95054043 -5174.19913857], v=[-5.05511586 -2.48902718  4.45964293]
  RK45_ECI: r=[-3235.03914933  2585.6542857  -6561.20467227], v=[-6.46724482 -1.78508264  2.49489396]
Epoch 589, t=2460388.4187209583:
  TLE_ECI: r=[-5592.23750936  1698.95072534 -5038.40389901], v=[-4.9105223  -2.53656871  4.59265996]
  RK45_ECI: r=[-3278.25558288  2572.45283194 -6544.85985253], v=[-6.44832132 -1.80245997  2.53125703]
Epoch 590, t=2460388.4187962213:
  TLE_ECI: r=[-5738.12231504  1619.48585795 -4898.67159532], v=[-4.76204074 -2.58199926  4.72210268]
  RK45_ECI: r=[-3321.34185562  2559.11817468 -6528.27888141], v=[-6.42914976 -1.81975489  2.56752954]
Epoch 591, t=2460388.4188714847:
  TLE_ECI: r=[-5879.45780105  1538.62195655 -4755.11099485], v=[-4.60978807 -2.62527936  4.84786912]
  RK45_ECI: r=[-3364.29630888  2545.65089502 -6511.46235221], v=[-6.40973088 -1.8369666   2.60371017]
Epoch 592, t=2460388.418946748:
  TLE_ECI: r=[-6016.13197454  1456.42630173 -4607.83388214], v=[-4.4538843  -2.66637125  4.96986011]
  RK45_ECI: r=[-3407.11746172  2532.05155261 -6494.41078615], v=[-6.39006536 -1.85409427  2.63979781]
Epoch 593, t=2460388.4190220116:
  TLE_ECI: r=[-6148.03652434  1372.96731581 -4456.95497372], v=[-4.29445239 -2.70523898  5.08797938]
  RK45_ECI: r=[-3449.80326034  2518.32087319 -6477.12495349], v=[-6.37015417 -1.87113694  2.67579081]
Epoch 594, t=2460388.419097275:
  TLE_ECI: r=[-6275.06690456  1288.31452249 -4302.59183028], v=[-4.1316182  -2.74184844  5.20213359]
  RK45_ECI: r=[-3492.3522426   2504.45941999 -6459.60539347], v=[-6.349998   -1.88809383  2.71168803]
Epoch 595, t=2460388.419172538:
  TLE_ECI: r=[-6397.12241668  1202.53850845 -4144.86476655], v=[-3.96551038 -2.77616738  5.31223247]
  RK45_ECI: r=[-3534.76274887  2490.46782895 -6441.8527332 ], v=[-6.32959766 -1.90496407  2.7474882 ]
Epoch 596, t=2460388.4192478014:
  TLE_ECI: r=[-6514.10630659  1115.7107902  -3983.89675864], v=[-3.79626024 -2.80816548  5.41818888]
  RK45_ECI: r=[-3577.03314707  2476.34671128 -6423.86760815], v=[-6.30895393 -1.92174687  2.78319002]
Epoch 597, t=2460388.419323065:
  TLE_ECI: r=[-6625.92582236  1027.90386653 -3819.81334923], v=[-3.62400172 -2.8378143   5.51991887]
  RK45_ECI: r=[-3619.16198046  2462.09665609 -6405.65057622], v=[-6.28806755 -1.93844144  2.81879236]
Epoch 598, t=2460388.4193983283:
  TLE_ECI: r=[-6732.49230568   939.19108401 -3652.7425504 ], v=[-3.44887123 -2.8650874   5.61734177]
  RK45_ECI: r=[-3661.14722901  2447.71842535 -6387.20246062], v=[-6.26693953 -1.95504684  2.85429361]
Epoch 599, t=2460388.4194735917:
  TLE_ECI: r=[-6833.72126148   849.64659428 -3482.81474429], v=[-3.27100755 -2.88996029  5.71038024]
  RK45_ECI: r=[-3702.98745537  2433.21261064 -6368.52383702], v=[-6.2455706  -1.97156229  2.88969265]
Epoch 600, t=2460388.4195488547:
  TLE_ECI: r=[-6929.53242577   759.34531268 -3310.16258171], v=[-3.09055175 -2.91241052  5.79896038]
  RK45_ECI: r=[-3744.68102828  2418.57987933 -6349.61537438], v=[-6.22396161 -1.98798698  2.9249882 ]
Epoch 601, t=2460388.419624118:
  TLE_ECI: r=[-7019.84984158   668.3627744  -3134.92087865], v=[-2.90764703 -2.93241768  5.88301176]
  RK45_ECI: r=[-3786.22634362  2403.8208721  -6330.47774989], v=[-6.2021134  -2.00432012  2.960179  ]
Epoch 602, t=2460388.4196993816:
  TLE_ECI: r=[-7104.60190814   576.77519214 -2957.22651091], v=[-2.72243865 -2.94996338  5.96246749]
  RK45_ECI: r=[-3827.62197038  2388.93620659 -6311.11155769], v=[-6.18002674 -2.02056096  2.99526392]
Epoch 603, t=2460388.419774645:
  TLE_ECI: r=[-7183.72145039   484.65931165 -2777.21830679], v=[-2.53507382 -2.96503132  6.03726429]
  RK45_ECI: r=[-3868.86592411  2373.92668011 -6291.51767329], v=[-6.15770268 -2.03670855  3.03024137]
Epoch 604, t=2460388.419849908:
  TLE_ECI: r=[-7257.14577158   392.09238836 -2595.03693807], v=[-2.34570151 -2.97760731  6.10734255]
  RK45_ECI: r=[-3909.95659936  2358.79298601 -6271.69680194], v=[-6.13514212 -2.05276209  3.0651101 ]
Epoch 605, t=2460388.4199251714:
  TLE_ECI: r=[-7324.81671075   299.15203733 -2410.82480926], v=[-2.1544724  -2.98767927  6.17264636]
  RK45_ECI: r=[-3950.89297718  2343.53560001 -6251.6493732 ], v=[-6.11234561 -2.06872101  3.09986932]
Epoch 606, t=2460388.420000435:
  TLE_ECI: r=[-7386.68068394   205.91629451 -2224.72594525], v=[-1.96153873 -2.99523722  6.23312361]
  RK45_ECI: r=[-3991.67290045  2328.15541362 -6231.37638612], v=[-6.08931437 -2.08458431  3.1345173 ]
Epoch 607, t=2460388.4200756983:
  TLE_ECI: r=[-7442.68873467   112.4634662  -2036.88587747], v=[-1.76705418 -3.00027334  6.28872598]
  RK45_ECI: r=[-4032.29515924  2312.65299826 -6210.87837703], v=[-6.06604907 -2.10035133  3.1690531 ]
Epoch 608, t=2460388.4201509617:
  TLE_ECI: r=[-7492.79657393    18.87208373 -1847.45152867], v=[-1.57117373 -3.00278194  6.33940903]
  RK45_ECI: r=[-4072.75780647  2297.02918565 -6190.15627299], v=[-6.04255085 -2.11602117  3.20347515]
Epoch 609, t=2460388.4202262247:
  TLE_ECI: r=[-7536.96461775   -74.77914141 -1656.57109637], v=[-1.37405356 -3.0027595   6.38513221]
  RK45_ECI: r=[-4113.0592678   2281.28469902 -6169.21081999], v=[-6.01882061 -2.13159304  3.23778221]
Epoch 610, t=2460388.420301488:
  TLE_ECI: r=[-7575.15802015  -168.41147281 -1464.3939351 ], v=[-1.17585086 -3.00020465  6.42585894]
  RK45_ECI: r=[-4153.19854421  2265.42003478 -6148.04247244], v=[-5.99485896 -2.14706637  3.27197352]
Epoch 611, t=2460388.4203767516:
  TLE_ECI: r=[-7607.34670324  -261.9460835  -1271.07043758], v=[-0.97672378 -2.9951182   6.4615566 ]
  RK45_ECI: r=[-4193.17352068  2249.43612147 -6126.65228574], v=[-5.97066714 -2.16244021  3.30604736]
Epoch 612, t=2460388.420452015:
  TLE_ECI: r=[-7633.50538259  -355.3042122  -1076.75191491], v=[-0.77683124 -2.9875031   6.49219657]
  RK45_ECI: r=[-4232.98301168  2233.33355452 -6105.04082608], v=[-5.94624589 -2.17771391  3.34000282]
Epoch 613, t=2460388.4205272784:
  TLE_ECI: r=[-7653.61358883  -448.40720806  -881.59047586], v=[-0.57633281 -2.97736451  6.51775429]
  RK45_ECI: r=[-4272.62510928  2217.11319908 -6083.20907123], v=[-5.92159636 -2.1928866   3.37383836]
Epoch 614, t=2460388.4206025414:
  TLE_ECI: r=[-7667.65568657  -541.17657544  -685.73890546], v=[-0.37538858 -2.96470971  6.53820924]
  RK45_ECI: r=[-4312.09827156  2200.77580754 -6061.15780719], v=[-5.89671953 -2.20795749  3.40755276]
Epoch 615, t=2460388.420677805:
  TLE_ECI: r=[-7675.62088173  -633.53413114  -489.35054286], v=[-0.174159   -2.94954817  6.55354498]
  RK45_ECI: r=[-4351.40152019  2184.32189667 -6038.88751277], v=[-5.871616   -2.22292605  3.44114528]
Epoch 616, t=2460388.4207530683:
  TLE_ECI: r=[-7677.50323951  -725.4019366   -292.57915872], v=[ 0.02719521 -2.93189151  6.56374919]
  RK45_ECI: r=[-4390.53278433  2167.75243071 -6016.39929866], v=[-5.84628709 -2.23779134  3.47461423]
Epoch 617, t=2460388.4208283317:
  TLE_ECI: r=[-7673.30168392  -816.70245445   -95.57883217], v=[ 0.22851322 -2.91175347  6.56881363]
  RK45_ECI: r=[-4429.49090377  2151.06802869 -5993.69376038], v=[-5.82073355 -2.25255273  3.50795872]
Epoch 618, t=2460388.420903595:
  TLE_ECI: r=[-7663.02000011  -907.35859263   101.49617257], v=[ 0.42963425 -2.88914996  6.56873418]
  RK45_ECI: r=[-4468.27401143  2134.26958839 -5970.77192539], v=[-5.7949566  -2.26720937  3.54117723]
Epoch 619, t=2460388.420978858:
  TLE_ECI: r=[-7646.66683415  -997.29374801   298.4915297 ], v=[ 0.63039767 -2.86409898  6.56351085]
  RK45_ECI: r=[-4506.88059925  2117.35789055 -5947.63461893], v=[-5.76895725 -2.2817605   3.57426858]
Epoch 620, t=2460388.4210541216:
  TLE_ECI: r=[-7624.2556743  -1086.43196191   495.25297542], v=[ 0.83064316 -2.83662066  6.55314777]
  RK45_ECI: r=[-4545.3097105   2100.33347177 -5924.28234366], v=[-5.74273613 -2.29620559  3.60723204]
Epoch 621, t=2460388.421129385:
  TLE_ECI: r=[-7595.80485633 -1174.69785057   691.62643149], v=[ 1.03021085 -2.80673721  6.53765317]
  RK45_ECI: r=[-4583.55932035  2083.19733119 -5900.71626448], v=[-5.71629462 -2.31054373  3.64006595]
Epoch 622, t=2460388.4212046484:
  TLE_ECI: r=[-7561.3375371  -1262.01675967   887.45812863], v=[ 1.22894142 -2.77447289  6.5170394 ]
  RK45_ECI: r=[-4621.62829506  2065.95011086 -5876.93700557], v=[-5.6896335  -2.3247743   3.67276944]
Epoch 623, t=2460388.4212799114:
  TLE_ECI: r=[-7520.88168154 -1348.31478374  1082.59472957], v=[ 1.42667626 -2.73985403  6.49132291]
  RK45_ECI: r=[-4659.51463135  2048.5928253  -5852.94575619], v=[-5.66275418 -2.33889641  3.70534089]
Epoch 624, t=2460388.421355175:
  TLE_ECI: r=[-7474.47002335 -1433.51891819  1276.88345171], v=[ 1.62325765 -2.70290898  6.46052423]
  RK45_ECI: r=[-4697.21739296  2031.12602787 -5828.74304067], v=[-5.63565731 -2.35290952  3.73777958]
Epoch 625, t=2460388.4214304383:
  TLE_ECI: r=[-7422.14006025 -1517.55698859  1470.17218936], v=[ 1.8185288  -2.66366808  6.42466794]
  RK45_ECI: r=[-4734.73510922  2013.55052965 -5804.32972427], v=[-5.60834395 -2.36681291  3.77008435]
Epoch 626, t=2460388.4215057017:
  TLE_ECI: r=[-7363.9340071  -1600.3578016   1662.30963518], v=[ 2.01233405 -2.62216366  6.38378267]
  RK45_ECI: r=[-4772.06598215  1995.86727877 -5779.70691188], v=[-5.58081541 -2.38060577  3.80225372]
Epoch 627, t=2460388.421580965:
  TLE_ECI: r=[-7299.89876385 -1681.85118362  1853.14540099], v=[ 2.20451897 -2.57842996  6.33790107]
  RK45_ECI: r=[-4809.20890566  1978.07693968 -5754.87525571], v=[-5.55307251 -2.39428748  3.83428685]
Epoch 628, t=2460388.421656228:
  TLE_ECI: r=[-7230.08588101 -1761.96801939  2042.5301377 ], v=[ 2.39493051 -2.53250316  6.28705975]
  RK45_ECI: r=[-4846.16192543  1960.18056039 -5729.83599758], v=[-5.52511671 -2.40785718  3.86618214]
Epoch 629, t=2460388.4217314916:
  TLE_ECI: r=[-7154.5514957  -1840.64039602  2230.31565417], v=[ 2.58341714 -2.4844213   6.23129928]
  RK45_ECI: r=[-4882.92412858  1942.17871346 -5704.58968469], v=[-5.49694869 -2.42131436  3.8979389 ]
Epoch 630, t=2460388.421806755:
  TLE_ECI: r=[-7073.35631438 -1917.80153355  2416.35503517], v=[ 2.76982891 -2.43422428  6.17066414]
  RK45_ECI: r=[-4919.4940815   1924.0722367  -5679.13721982], v=[-5.46856957 -2.4346583   3.92955597]
Epoch 631, t=2460388.4218820184:
  TLE_ECI: r=[-6986.5655418  -1993.38592681  2600.50275798], v=[ 2.95401767 -2.38195378  6.10520267]
  RK45_ECI: r=[-4955.8700318   1905.86210855 -5653.47975492], v=[-5.43998071 -2.44788822  3.96103193]
Epoch 632, t=2460388.421957282:
  TLE_ECI: r=[-6894.24883097 -2067.32937985  2782.61480779], v=[ 3.13583709 -2.32765327  6.03496705]
  RK45_ECI: r=[-4992.05090223  1887.54901548 -5627.61796965], v=[-5.41118295 -2.46100353  3.99236594]
Epoch 633, t=2460388.422032545:
  TLE_ECI: r=[-6796.48023083 -2139.56904075  2962.54879167], v=[ 3.31514287 -2.27136795  5.96001322]
  RK45_ECI: r=[-5028.03478945  1869.13403796 -5601.55315732], v=[-5.38217783 -2.47400339  4.02355644]
Epoch 634, t=2460388.4221078083:
  TLE_ECI: r=[-6693.33809915 -2210.0435349   3140.16405104], v=[ 3.49179281 -2.21314469  5.88040085]
  RK45_ECI: r=[-5063.82080517  1850.61776693 -5575.28588751], v=[-5.35296606 -2.4868873   4.05460274]
Epoch 635, t=2460388.4221830717:
  TLE_ECI: r=[-6584.90507393 -2278.69289643  3315.32177261], v=[ 3.66564693 -2.15303202  5.79619327]
  RK45_ECI: r=[-5099.40755426  1832.00106639 -5548.81709975], v=[-5.3235488  -2.49965458  4.08550372]
Epoch 636, t=2460388.422258335:
  TLE_ECI: r=[-6471.26797972 -2345.45869964  3487.88509755], v=[ 3.83656759 -2.09108006  5.70745743]
  RK45_ECI: r=[-5134.79333183  1813.28494411 -5522.14799212], v=[-5.29392746 -2.51230446  4.11625798]
Epoch 637, t=2460388.422333598:
  TLE_ECI: r=[-6352.51776826 -2410.2840693   3657.71922899], v=[ 4.00441959 -2.02734051  5.61426384]
  RK45_ECI: r=[-5169.97676416  1794.47027695 -5495.27952429], v=[-5.26410321 -2.52483628  4.14686442]
Epoch 638, t=2460388.4224088616:
  TLE_ECI: r=[-6228.74941461 -2473.11380377  3824.69153746], v=[ 4.1690703  -1.96186653  5.51668647]
  RK45_ECI: r=[-5204.95698062  1775.55766902 -5468.21228064], v=[-5.2340768  -2.53724955  4.17732235]
Epoch 639, t=2460388.422484125:
  TLE_ECI: r=[-6100.06187991 -2533.89430838  3988.67166469], v=[ 4.33038974 -1.89471279  5.41480273]
  RK45_ECI: r=[-5239.73213885  1756.54823672 -5440.94761206], v=[-5.20384982 -2.54954347  4.20763025]
Epoch 640, t=2460388.4225593884:
  TLE_ECI: r=[-5966.55800184 -2592.5737156   4149.53162509], v=[ 4.48825068 -1.82593535  5.30869339]
  RK45_ECI: r=[-5274.30121025  1737.44270022 -5413.48624103], v=[-5.17342318 -2.56171748  4.23778731]
Epoch 641, t=2460388.422634652:
  TLE_ECI: r=[-5828.34441598 -2649.10191031  4307.14590531], v=[ 4.64252878 -1.75559163  5.19844247]
  RK45_ECI: r=[-5308.66253926  1718.24209535 -5385.82941075], v=[-5.14279834 -2.57377086  4.26779215]
Epoch 642, t=2460388.422709915:
  TLE_ECI: r=[-5685.53147589 -2703.43055443  4461.39156152], v=[ 4.79310261 -1.68374039  5.08413724]
  RK45_ECI: r=[-5342.81494904  1698.94724462 -5357.97798536], v=[-5.11197638 -2.58570301  4.29764383]
Epoch 643, t=2460388.4227851783:
  TLE_ECI: r=[-5538.23313065 -2755.5131945   4612.14831447], v=[ 4.93985385 -1.61044159  4.96586807]
  RK45_ECI: r=[-5376.75712715  1679.55900636 -5329.93296443], v=[-5.0809585  -2.59751334  4.32734127]
Epoch 644, t=2460388.4228604417:
  TLE_ECI: r=[-5386.56687819 -2805.30519898  4759.29864229], v=[ 5.08266725 -1.53575645  4.84372837]
  RK45_ECI: r=[-5410.48775445  1660.0782902  -5301.69535458], v=[-5.04974591 -2.6092012   4.35688339]
Epoch 645, t=2460388.422935705:
  TLE_ECI: r=[-5230.65363783 -2852.76386333  4902.72787082], v=[ 5.22143084 -1.45974732  4.71781457]
  RK45_ECI: r=[-5444.00567834  1640.50591489 -5273.26603555], v=[-5.01833971 -2.62076603  4.38626926]
Epoch 646, t=2460388.4230109686:
  TLE_ECI: r=[-5070.61765906 -2897.8484283   5042.32426154], v=[ 5.35603591 -1.38247766  4.58822594]
  RK45_ECI: r=[-5477.30929423  1620.84294334 -5244.6462947 ], v=[-4.98674141 -2.63220714  4.41549753]
Epoch 647, t=2460388.4230862316:
  TLE_ECI: r=[-4906.58642903 -2940.52009902  5177.97909704], v=[ 5.48637717 -1.30401198  4.45506459]
  RK45_ECI: r=[-5510.39746266  1601.09022001 -5215.83702657], v=[-4.95495211 -2.64352395  4.44456727]
Epoch 648, t=2460388.423161495:
  TLE_ECI: r=[-4738.69053419 -2980.74213551  5309.58676378], v=[ 5.61235278 -1.22441572  4.31843533]
  RK45_ECI: r=[-5543.26891277  1581.248625   -5186.83926551], v=[-4.92297306 -2.6547159   4.47347744]
Epoch 649, t=2460388.4232367584:
  TLE_ECI: r=[-4567.06360598 -3018.47979458  5437.04483252], v=[ 5.73386444 -1.14375533  4.17844561]
  RK45_ECI: r=[-5575.92251732  1561.31900984 -5157.65391536], v=[-4.89080536 -2.66578243  4.5022271 ]
Epoch 650, t=2460388.423312022:
  TLE_ECI: r=[-4391.84217843 -3053.70041768  5560.25413586], v=[ 5.85081745 -1.06209809  4.03520541]
  RK45_ECI: r=[-5608.35671367  1541.30245811 -5128.28229813], v=[-4.85845057 -2.67672287  4.53081495]
Epoch 651, t=2460388.4233872853:
  TLE_ECI: r=[-4213.16558652 -3086.37344272  5679.11884317], v=[ 5.96312079 -0.97951211  3.88882719]
  RK45_ECI: r=[-5640.5703976   1521.19981439 -5098.72533214], v=[-4.82590982 -2.68753669  4.55924008]
Epoch 652, t=2460388.4234625483:
  TLE_ECI: r=[-4031.17586322 -3116.47041715  5793.54653282], v=[ 6.07068716 -0.89606629  3.73942575]
  RK45_ECI: r=[-5672.56231896  1501.01202521 -5068.98407905], v=[-4.79318439 -2.6982233   4.58750144]
Epoch 653, t=2460388.4235378117:
  TLE_ECI: r=[-3846.0175888  -3143.96506933  5903.44826154], v=[ 6.17343309 -0.81183015  3.58711815]
  RK45_ECI: r=[-5704.33124968  1480.7399915  -5039.05960719], v=[-4.76027554 -2.70878218  4.61559801]
Epoch 654, t=2460388.423613075:
  TLE_ECI: r=[-3657.83782995 -3168.83325687  6008.73863113], v=[ 6.27127893 -0.72687394  3.43202365]
  RK45_ECI: r=[-5735.87610138  1460.38458531 -5008.95284992], v=[-4.72718443 -2.71921278  4.64352888]
Epoch 655, t=2460388.4236883386:
  TLE_ECI: r=[-3466.78598575 -3191.05303554  6109.3358522 ], v=[ 6.36414896 -0.64126846  3.27426357]
  RK45_ECI: r=[-5767.19536521  1439.94691487 -4978.66517154], v=[-4.69391266 -2.72951448  4.67129278]
Epoch 656, t=2460388.4237636016:
  TLE_ECI: r=[-3273.01368717 -3210.60465509  6205.1618051 ], v=[ 6.45197139 -0.55508506  3.11396121]
  RK45_ECI: r=[-5798.28782968  1419.4279447  -4948.19766295], v=[-4.66046153 -2.73968673  4.69888869]
Epoch 657, t=2460388.423838865:
  TLE_ECI: r=[-3076.67463901 -3227.47061421  6296.14209785], v=[ 6.53467848 -0.46839551  2.95124177]
  RK45_ECI: r=[-5829.1527284   1398.82834092 -4917.55098888], v=[-4.62683188 -2.74972913  4.72631599]
Epoch 658, t=2460388.4239141284:
  TLE_ECI: r=[-2877.92455442 -3241.63561521  6382.20612139], v=[ 6.61220649 -0.38127205  2.78623222]
  RK45_ECI: r=[-5859.78843797  1378.14932621 -4886.72668101], v=[-4.5930255  -2.75964101  4.75357327]
Epoch 659, t=2460388.423989392:
  TLE_ECI: r=[-2676.92099399 -3253.0866169   6463.28710165], v=[ 6.68449581 -0.29378724  2.61906124]
  RK45_ECI: r=[-5890.19405635  1357.39169113 -4855.72555808], v=[-4.5590434  -2.76942194  4.78065981]
Epoch 660, t=2460388.4240646553:
  TLE_ECI: r=[-2473.82325096 -3261.81283466  6539.32214876], v=[ 6.75149094 -0.20601394  2.44985909]
  RK45_ECI: r=[-5920.36812987  1336.5565672  -4824.54902553], v=[-4.52488721 -2.77907131  4.80757435]
Epoch 661, t=2460388.4241399183:
  TLE_ECI: r=[-2268.79223534 -3267.80574261  6610.2523033 ], v=[ 6.81314053 -0.11802529  2.27875751]
  RK45_ECI: r=[-5950.3094925   1315.64493954 -4793.19820677], v=[-4.49055828 -2.78858862  4.83431591]
Epoch 662, t=2460388.4242151817:
  TLE_ECI: r=[-2061.99030894 -3271.05910806  6676.02257945], v=[ 6.86939747 -0.02989451  2.10588966]
  RK45_ECI: r=[-5980.01740707  1294.65748851 -4761.67378652], v=[-4.45605746 -2.79797347  4.86088388]
Epoch 663, t=2460388.424290445:
  TLE_ECI: r=[-1853.58121566 -3271.56895444  6736.58200532], v=[6.92021882 0.05830498 1.93138995]
  RK45_ECI: r=[-6009.49031163  1273.59546114 -4729.97734106], v=[-4.42138658 -2.80722525  4.88727691]
Epoch 664, t=2460388.4243657086:
  TLE_ECI: r=[-1643.72991492 -3269.33359333  6791.88366009], v=[6.96556592 0.14649973 1.75539402]
  RK45_ECI: r=[-6038.72733937  1252.45966456 -4698.10971292], v=[-4.38654667 -2.81634355  4.91349428]
Epoch 665, t=2460388.424440972:
  TLE_ECI: r=[-1432.6024622  -3264.35361865  6841.88470818], v=[7.00540439 0.23461626 1.57803858]
  RK45_ECI: r=[-6067.7270931   1231.25125215 -4666.07234747], v=[-4.3515394  -2.8253278   4.93953478]
Epoch 666, t=2460388.424516235:
  TLE_ECI: r=[-1220.36588918 -3256.63190271  6886.5464304 ], v=[7.03970412 0.32258117 1.39946131]
  RK45_ECI: r=[-6096.48845335  1209.9712282  -4633.86639964], v=[-4.31636615 -2.83417751  4.96539746]
Epoch 667, t=2460388.4245914984:
  TLE_ECI: r=[-1007.18803514 -3246.17360931  6925.83425196], v=[7.06843934 0.41032119 1.21980082]
  RK45_ECI: r=[-6125.01071271  1188.62028663 -4601.49257349], v=[-4.28102779 -2.84289233  4.99108174]
Epoch 668, t=2460388.424666762:
  TLE_ECI: r=[ -793.23747408 -3232.98616608  6959.7177676 ], v=[7.09158856 0.49776319 1.03919645]
  RK45_ECI: r=[-6153.29237195  1167.19969772 -4568.95248849], v=[-4.24552618 -2.85147168  5.01658631]
Epoch 669, t=2460388.4247420253:
  TLE_ECI: r=[ -578.68334497 -3217.07927539  6988.17076347], v=[7.10913468 0.58483427 0.85778827]
  RK45_ECI: r=[-6181.33260035  1145.71028384 -4536.24701018], v=[-4.20986237 -2.85991516  5.04191047]
Epoch 670, t=2460388.4248172888:
  TLE_ECI: r=[ -363.69523038 -3198.4649025   7011.17123604], v=[7.1210649  0.67146183 0.67571689]
  RK45_ECI: r=[-6209.13005834  1124.15321919 -4503.37762251], v=[-4.17403808 -2.86822225  5.06705306]
Epoch 671, t=2460388.4248925517:
  TLE_ECI: r=[ -148.44303409 -3177.15726591  7028.70140797], v=[7.12737081 0.75757357 0.49312341]
  RK45_ECI: r=[-6236.68367394  1102.5295261  -4470.34551082], v=[-4.1380547  -2.87639249  5.09201316]
Epoch 672, t=2460388.424967815:
  TLE_ECI: r=[   66.90318781 -3153.17282897  7040.74774074], v=[7.12804832 0.84309769 0.31014932]
  RK45_ECI: r=[-6263.99277005  1080.83991158 -4437.15139786], v=[-4.10191313 -2.88442554  5.11679021]
Epoch 673, t=2460388.4250430786:
  TLE_ECI: r=[  282.17330271 -3126.53028231  7047.30094446], v=[7.12309772 0.92796273 0.12693636]
  RK45_ECI: r=[-6291.05591163  1059.0856672  -4403.7969447 ], v=[-4.06561526 -2.89232086  5.14138295]
Epoch 674, t=2460388.425118342:
  TLE_ECI: r=[  497.19727046 -3097.25053323  7048.35598439], v=[ 7.11252364  1.01209779 -0.05637356]
  RK45_ECI: r=[-6317.87230463  1037.26763017 -4370.28303906], v=[-4.02916217 -2.90007806  5.16579072]
Epoch 675, t=2460388.425193605:
  TLE_ECI: r=[  711.80525659 -3065.35669045  7043.9120845 ], v=[ 7.09633507  1.09543252 -0.23963845]
  RK45_ECI: r=[-6344.44054351  1015.38710153 -4336.61136043], v=[-3.99255578 -2.90769664  5.19001227]
Epoch 676, t=2460388.4252688685:
  TLE_ECI: r=[  925.82779998 -3030.87403857  7033.97272778], v=[ 7.07454534  1.17789724 -0.42271636]
  RK45_ECI: r=[-6370.75997927   993.44479862 -4302.78264821], v=[-3.955797   -2.91517626  5.21404708]
Epoch 677, t=2460388.425344132:
  TLE_ECI: r=[ 1139.0958895  -2993.83002886  7018.54565378], v=[ 7.04717209  1.25942289 -0.6054655 ]
  RK45_ECI: r=[-6396.82959125   971.44176263 -4268.79811826], v=[-3.91888725 -2.92251649  5.23789425]
Epoch 678, t=2460388.4254193953:
  TLE_ECI: r=[ 1351.44113115 -2954.25425167  6997.64285279], v=[ 7.0142373   1.33994116 -0.7877443 ]
  RK45_ECI: r=[-6422.64813471   949.37919823 -4234.65931329], v=[-3.88182831 -2.92971686  5.26155271]
Epoch 679, t=2460388.4254946588:
  TLE_ECI: r=[ 1562.69586929 -2912.17841476  6971.28055702], v=[ 6.97576726  1.41938451 -0.96941154]
  RK45_ECI: r=[-6448.21485307   927.2579565  -4200.36714227], v=[-3.84462128 -2.93677703  5.28502179]
Epoch 680, t=2460388.4255699217:
  TLE_ECI: r=[ 1772.69330806 -2867.63632381  6939.47922883], v=[ 6.93179252  1.49768624 -1.15032645]
  RK45_ECI: r=[-6473.52840695   905.07935805 -4165.92332399], v=[-3.80726811 -2.94369648  5.30830033]
Epoch 681, t=2460388.425645185:
  TLE_ECI: r=[ 1981.26767434 -2820.6638361   6902.26354563], v=[ 6.88234791  1.57478059 -1.3303488 ]
  RK45_ECI: r=[-6498.58817883   882.84413205 -4131.32861509], v=[-3.76976974 -2.95047493  5.3313878 ]
Epoch 682, t=2460388.4257204486:
  TLE_ECI: r=[ 2188.25429548 -2771.29886154  6859.66238204], v=[ 6.8274725   1.65060267 -1.50933902]
  RK45_ECI: r=[-6523.39319767   860.55333565 -4096.58425942], v=[-3.73212762 -2.95711197  5.35428337]
Epoch 683, t=2460388.425795712:
  TLE_ECI: r=[ 2393.48976109 -2719.58131431  6811.70878873], v=[ 6.76720957  1.72508862 -1.6871583 ]
  RK45_ECI: r=[-6547.9422796    838.20819107 -4061.69183451], v=[-3.69434357 -2.96360716  5.37698597]
Epoch 684, t=2460388.4258709755:
  TLE_ECI: r=[ 2596.81204144 -2665.55308619  6758.43996833], v=[ 6.70160658  1.79817562 -1.86366867]
  RK45_ECI: r=[-6572.23470639   815.80956246 -4026.65226971], v=[-3.65641871 -2.96996016  5.39949499]
Epoch 685, t=2460388.4259462385:
  TLE_ECI: r=[ 2798.06060582 -2609.25802189  6699.89724824], v=[ 6.63071516  1.86980194 -2.03873312]
  RK45_ECI: r=[-6596.26920615   793.35878884 -3991.46732152], v=[-3.61835504 -2.97617053  5.42180931]
Epoch 686, t=2460388.426021502:
  TLE_ECI: r=[ 2997.07657831 -2550.74185257  6636.12605035], v=[ 6.55459103  1.93990703 -2.2122157 ]
  RK45_ECI: r=[-6620.04519369   770.85661039 -3956.13776308], v=[-3.58015351 -2.98223798  5.44392843]
Epoch 687, t=2460388.4260967653:
  TLE_ECI: r=[ 3193.70281526 -2490.05220711  6567.17585792], v=[ 6.47329403  2.0084315  -2.38398163]
  RK45_ECI: r=[-6643.56174861   748.3040993  -3920.66486513], v=[-3.54181563 -2.98816213  5.46585152]
Epoch 688, t=2460388.4261720288:
  TLE_ECI: r=[ 3387.78405921 -2427.23854365  6493.10017921], v=[ 6.386888    2.07531721 -2.55389737]
  RK45_ECI: r=[-6666.81774928   725.70249391 -3885.05023857], v=[-3.50334323 -2.99394258  5.48757759]
Epoch 689, t=2460388.426247292:
  TLE_ECI: r=[ 3579.16705236 -2362.35211834  6413.95650822], v=[ 6.29544082  2.14050734 -2.72183075]
  RK45_ECI: r=[-6689.81251665   703.0526708  -3849.29483232], v=[-3.46473747 -2.99957902  5.50910605]
Epoch 690, t=2460388.426322555:
  TLE_ECI: r=[ 3767.70065007 -2295.44595562  6329.80628241], v=[ 6.19902428  2.20394635 -2.88765106]
  RK45_ECI: r=[-6712.54484777   680.35598594 -3813.40043902], v=[-3.42600039 -3.00507104  5.53043581]
Epoch 691, t=2460388.4263978186:
  TLE_ECI: r=[ 3953.23596666 -2226.57476283  6240.71483734], v=[ 6.09771411  2.2655802  -3.05122914]
  RK45_ECI: r=[-6735.01419051   657.61318976 -3777.36784769], v=[-3.38713297 -3.01041837  5.55156639]
Epoch 692, t=2460388.426473082:
  TLE_ECI: r=[ 4135.62645155 -2155.79495107  6146.75135858], v=[ 5.99158986  2.32535618 -3.21243751]
  RK45_ECI: r=[-6757.21967626   634.82536814 -3741.19835484], v=[-3.34813673 -3.01562067  5.57249702]
Epoch 693, t=2460388.4265483455:
  TLE_ECI: r=[ 4314.72803214 -2083.16454836  6047.98883038], v=[ 5.8807349   2.3832231  -3.37115042]
  RK45_ECI: r=[-6779.16024682   611.99377481 -3704.8936034 ], v=[-3.30901356 -3.02067759  5.59322672]
Epoch 694, t=2460388.4266236085:
  TLE_ECI: r=[ 4490.39921515 -2008.7431762   5944.50398162], v=[ 5.76523634  2.43913127 -3.52724398]
  RK45_ECI: r=[-6800.83516174   589.11940948 -3668.45473237], v=[-3.26976481 -3.02558879  5.61375484]
Epoch 695, t=2460388.426698872:
  TLE_ECI: r=[ 4662.50122207 -1932.59195077  5836.37722868], v=[ 5.64518495  2.49303264 -3.68059626]
  RK45_ECI: r=[-6822.24359288   566.20330706 -3631.8830551 ], v=[-3.23039202 -3.03035401  5.63408063]
Epoch 696, t=2460388.4267741353:
  TLE_ECI: r=[ 4830.89806357 -1854.7735105   5723.69261559], v=[ 5.52067513  2.5448807  -3.83108736]
  RK45_ECI: r=[-6843.38471736   543.2465641  -3595.17988982], v=[-3.19089674 -3.03497291  5.65420332]
Epoch 697, t=2460388.4268493988:
  TLE_ECI: r=[ 4995.45667173 -1775.35191522  5606.53775123], v=[ 5.39180483  2.59463061 -3.97859953]
  RK45_ECI: r=[-6864.25782083   520.2501671  -3558.34638644], v=[-3.15128033 -3.03944521  5.67412229]
Epoch 698, t=2460388.426924662:
  TLE_ECI: r=[ 5156.0470001  -1694.39260704  5485.00374365], v=[ 5.25867547  2.64223922 -4.12301726]
  RK45_ECI: r=[-6884.86190982   497.21538292 -3521.38421856], v=[-3.11154472 -3.04377061  5.69383659]
Epoch 699, t=2460388.426999925:
  TLE_ECI: r=[ 5312.54212289 -1611.96237309  5359.18513171], v=[ 5.1213919   2.68766511 -4.26422736]
  RK45_ECI: r=[-6905.19629105   474.14322293 -3484.29454628], v=[-3.07169128 -3.0479488   5.71334561]
Epoch 700, t=2460388.4270751886:
  TLE_ECI: r=[ 5464.81835586 -1528.12922977  5229.17981382], v=[ 4.98006225  2.73086867 -4.40211905]
  RK45_ECI: r=[-6925.26018879   451.03473268 -3447.07870693], v=[-3.03172158 -3.05197955  5.73264861]
Epoch 701, t=2460388.427150452:
  TLE_ECI: r=[ 5612.75532654 -1442.96245949  5095.08897408], v=[ 4.83479796  2.77181204 -4.53658407]
  RK45_ECI: r=[-6945.05283372   427.89102047 -3409.73804255], v=[-2.99163719 -3.05586256  5.75174488]
Epoch 702, t=2460388.4272257155:
  TLE_ECI: r=[ 5756.23609087 -1356.53249332  4957.01700561], v=[ 4.68571361  2.81045924 -4.66751676]
  RK45_ECI: r=[-6964.57355879   404.71308296 -3372.27372369], v=[-2.9514395  -3.05959759  5.7706338 ]
Epoch 703, t=2460388.427300979:
  TLE_ECI: r=[ 5895.14722256 -1268.91086904  4815.07143135], v=[ 4.53292688  2.84677613 -4.79481413]
  RK45_ECI: r=[-6983.82143629   381.50219917 -3334.68745325], v=[-2.91113046 -3.06318436  5.78931448]
Epoch 704, t=2460388.427376242:
  TLE_ECI: r=[ 6029.37890147 -1180.17018994  4669.36282212], v=[ 4.37655844  2.88073051 -4.918376  ]
  RK45_ECI: r=[-7002.79582091   358.25939053 -3296.9804115 ], v=[-2.87071148 -3.06662263  5.80778633]
Epoch 705, t=2460388.4274515053:
  TLE_ECI: r=[ 6158.82501686 -1090.38399514  4520.00471223], v=[ 4.21673186  2.91229214 -5.03810499]
  RK45_ECI: r=[-7021.49599015   334.98571213 -3259.15395872], v=[-2.83018413 -3.06991217  5.82604866]
Epoch 706, t=2460388.4275267688:
  TLE_ECI: r=[6283.38323212 -999.626804   4367.11351259], v=[ 4.05357356  2.94143271 -5.1539067 ]
  RK45_ECI: r=[-7039.92131419   311.68218865 -3221.20928133], v=[-2.78954983 -3.07305275  5.84410086]
Epoch 707, t=2460388.427602032:
  TLE_ECI: r=[6402.95508281 -907.97398541 4210.80842129], v=[ 3.88721263  2.96812592 -5.26568974]
  RK45_ECI: r=[-7058.07091858   288.35010755 -3183.14810466], v=[-2.74881055 -3.07604414  5.86194209]
Epoch 708, t=2460388.4276772956:
  TLE_ECI: r=[6517.44605349 -815.50171235 4051.21133187], v=[ 3.71778083  2.99234751 -5.3733658 ]
  RK45_ECI: r=[-7075.94419769   264.99047659 -3144.97162444], v=[-2.70796769 -3.07888611  5.87957176]
Epoch 709, t=2460388.4277525586:
  TLE_ECI: r=[6626.76565301 -722.28691869 3888.44673925], v=[ 3.5454124   3.01407525 -5.47684978]
  RK45_ECI: r=[-7093.54046974   241.60441992 -3106.68121853], v=[-2.66702289 -3.08157846  5.89698922]
Epoch 710, t=2460388.427827822:
  TLE_ECI: r=[6730.82749756 -628.40715777 3722.64164333], v=[ 3.37024401  3.03328902 -5.57605979]
  RK45_ECI: r=[-7110.85906612   218.19300102 -3068.27826907], v=[-2.62597771 -3.08412099  5.91419382]
Epoch 711, t=2460388.4279030855:
  TLE_ECI: r=[6829.54936827 -533.94065341 3553.92545055], v=[ 3.19241463  3.04997078 -5.67091728]
  RK45_ECI: r=[-7127.89940584   194.757253   -3029.76398144], v=[-2.58483361 -3.08651351  5.93118497]
Epoch 712, t=2460388.427978349:
  TLE_ECI: r=[6922.85328833 -438.96615801 3382.42987315], v=[ 3.01206543  3.06410459 -5.76134708]
  RK45_ECI: r=[-7144.66068178   171.29847231 -2991.14010768], v=[-2.54359257 -3.08875583  5.94796189]
Epoch 713, t=2460388.428053612:
  TLE_ECI: r=[7010.66558402 -343.56292636 3208.28882656], v=[ 2.82933968  3.07567666 -5.8472775 ]
  RK45_ECI: r=[-7161.14226026   147.81778978 -2952.40804402], v=[-2.50225621 -3.09084775  5.96452394]
Epoch 714, t=2460388.4281288753:
  TLE_ECI: r=[7092.91695005 -247.81056732 3031.63832466], v=[ 2.64438258  3.08467537 -5.92864033]
  RK45_ECI: r=[-7177.34374531   124.31599159 -2913.56864317], v=[-2.46082558 -3.09278914  5.98087073]
Epoch 715, t=2460388.4282041388:
  TLE_ECI: r=[7169.54250022 -151.78909947 2852.6163733 ], v=[ 2.45734122  3.09109125 -6.00537097]
  RK45_ECI: r=[-7193.26429243   100.79449412 -2874.62385403], v=[-2.41930287 -3.0945798   5.99700141]
Epoch 716, t=2460388.428279402:
  TLE_ECI: r=[7240.48182622  -55.57880241 2671.36286197], v=[ 2.2683644   3.09491699 -6.07740847]
  RK45_ECI: r=[-7208.90344675    77.25422235 -2835.57471787], v=[-2.37768934 -3.09621959  6.01291553]
Epoch 717, t=2460388.4283546656:
  TLE_ECI: r=[7305.67904663   40.73983061 2488.0194537 ], v=[ 2.07760255  3.0961475  -6.14469554]
  RK45_ECI: r=[-7224.2604692     53.69648029 -2796.42301198], v=[-2.33598699 -3.09770836  6.02861232]
Epoch 718, t=2460388.4284299286:
  TLE_ECI: r=[7365.08285397  137.08613902 2302.72947348], v=[ 1.88520759  3.09477987 -6.20717866]
  RK45_ECI: r=[-7239.33478195    30.12240567 -2757.17015244], v=[-2.29419746 -3.09904595  6.04409121]
Epoch 719, t=2460388.428505192:
  TLE_ECI: r=[7418.64655618  233.37944948 2115.63779504], v=[ 1.69133278  3.09081341 -6.26480811]
  RK45_ECI: r=[-7.25412602e+03  6.53278982e+00 -2.71781700e+03], v=[-2.25232181 -3.10023224  6.05935181]
Epoch 720, t=2460388.4285804555:
  TLE_ECI: r=[7466.32811726  329.53901524 1926.89072625], v=[ 1.49613263  3.08424962 -6.317538  ]
  RK45_ECI: r=[-7268.63342862   -17.07094391 -2678.36554338], v=[-2.21036224 -3.10126711  6.07439334]
Epoch 721, t=2460388.428655719:
  TLE_ECI: r=[7508.0901917   425.4841699  1736.63589322], v=[ 1.29976277  3.07509222 -6.36532634]
  RK45_ECI: r=[-7282.85658127   -40.68786477 -2638.8168252 ], v=[-2.16832002 -3.10215042  6.08921536]
Epoch 722, t=2460388.4287309824:
  TLE_ECI: r=[7543.90015586  521.13437546 1545.02212313], v=[ 1.10237981  3.06334714 -6.40813504]
  RK45_ECI: r=[-7296.79481239   -64.31666286 -2599.17265073], v=[-2.12619717 -3.10288207  6.10381718]
Epoch 723, t=2460388.4288062453:
  TLE_ECI: r=[7573.7301371   616.40926812 1352.19932599], v=[ 0.90414119  3.04902251 -6.44593   ]
  RK45_ECI: r=[-7310.44760048   -87.95619508 -2559.4344546 ], v=[-2.08399535 -3.10346194  6.11819823]
Epoch 724, t=2460388.4288815088:
  TLE_ECI: r=[7597.55703024  711.2288154  1158.31837537], v=[ 0.70520506  3.03212867 -6.47868109]
  RK45_ECI: r=[-7323.8146215   -111.60566569 -2519.60311355], v=[-2.04171561 -3.10388994  6.13235819]
Epoch 725, t=2460388.428956772:
  TLE_ECI: r=[7615.36252687  805.51325164  963.53098822], v=[ 0.50573019  3.01267817 -6.50636221]
  RK45_ECI: r=[-7336.89518173  -135.26364569 -2479.68062811], v=[-1.99936018 -3.10416597  6.14629632]
Epoch 726, t=2460388.4290320356:
  TLE_ECI: r=[7627.13312428  899.18323455  767.98960391], v=[ 0.30587577  2.99068573 -6.52895129]
  RK45_ECI: r=[-7349.68891261  -158.92920022 -2439.66806743], v=[-1.95693033 -3.10428995  6.1600122 ]
Epoch 727, t=2460388.4291072986:
  TLE_ECI: r=[7632.86014116  992.15986853  571.84726263], v=[ 0.10580132  2.96616824 -6.54643033]
  RK45_ECI: r=[-7362.19515495  -182.6008984  -2399.56744272], v=[-1.91442831 -3.10426179  6.17350514]
Epoch 728, t=2460388.429182562:
  TLE_ECI: r=[7632.53971336 1084.36486157  375.25748314], v=[-0.09433348  2.93914479 -6.55878544]
  RK45_ECI: r=[-7374.4136176   -206.27794174 -2359.37964062], v=[-1.87185516 -3.10408143  6.18677482]
Epoch 729, t=2460388.4292578255:
  TLE_ECI: r=[7626.17281368 1175.72045804  178.37414016], v=[-0.29436889  2.90963659 -6.56600677]
  RK45_ECI: r=[-7386.34383917  -229.95918216 -2319.1061138 ], v=[-1.82921256 -3.10374878  6.19982073]
Epoch 730, t=2460388.429333089:
  TLE_ECI: r=[7613.76523999 1266.14959466  -18.64865863], v=[-0.49414527  2.87766699 -6.56808863]
  RK45_ECI: r=[-7397.98526006  -253.64330307 -2278.74869739], v=[-1.78650256 -3.1032638   6.21264226]
Epoch 731, t=2460388.4294083524:
  TLE_ECI: r=[7595.32761278 1355.57594414 -215.65669578], v=[-0.6935032   2.84326144 -6.56502939]
  RK45_ECI: r=[-7409.33755532  -277.32936615 -2238.3084729 ], v=[-1.74372644 -3.10262642  6.22523903]
Epoch 732, t=2460388.4294836153:
  TLE_ECI: r=[7570.87537019 1443.92395823 -412.49576736], v=[-0.89228361  2.80644752 -6.55683157]
  RK45_ECI: r=[-7420.40014224  -301.01593725 -2197.78747366], v=[-1.70088644 -3.1018366   6.23761041]
Epoch 733, t=2460388.4295588788:
  TLE_ECI: r=[7540.42873803 1531.11902153 -609.01180623], v=[-1.09032797  2.76725483 -6.54350178]
  RK45_ECI: r=[-7431.17276624  -324.7022152  -2157.18659621], v=[-1.65798365 -3.10089429  6.2497561 ]
Epoch 734, t=2460388.429634142:
  TLE_ECI: r=[7504.01273707 1617.08738168 -805.05100524], v=[-1.28747833  2.72571504 -6.52505072]
  RK45_ECI: r=[-7441.65502303  -348.38704895 -2116.50730891], v=[-1.61501973 -3.09979944  6.26167565]
Epoch 735, t=2460388.4297094056:
  TLE_ECI: r=[ 7461.65714552  1701.7563015  -1000.45994006], v=[-1.48357754  2.68186184 -6.5014932 ]
  RK45_ECI: r=[-7451.84642301  -372.06911951 -2075.75146598], v=[-1.57199677 -3.09855204  6.27336848]
Epoch 736, t=2460388.429784669:
  TLE_ECI: r=[ 7413.3964775   1785.05409916 -1195.08569173], v=[-1.67846933  2.63573087 -6.4728481 ]
  RK45_ECI: r=[-7461.74668515  -395.74748598 -2034.92016021], v=[-1.52891603 -3.09715206  6.28483427]
Epoch 737, t=2460388.429859932:
  TLE_ECI: r=[ 7359.26995909  1866.91018792 -1388.77596876], v=[-1.87199846  2.58735977 -6.43913837]
  RK45_ECI: r=[-7471.35530386  -419.42071269 -1994.0154451 ], v=[-1.48577981 -3.09559949  6.29607244]
Epoch 738, t=2460388.4299351955:
  TLE_ECI: r=[ 7299.32147335  1947.25522272 -1581.37922846], v=[-2.06401086  2.53678805 -6.40039097]
  RK45_ECI: r=[-7480.67206139  -443.08799627 -1953.03822619], v=[-1.44258918 -3.09389429  6.3070827 ]
Epoch 739, t=2460388.430010459:
  TLE_ECI: r=[ 7233.59955508  2026.02102958 -1772.74479781], v=[-2.25435376  2.48405715 -6.3566369 ]
  RK45_ECI: r=[-7489.69661108  -466.74818383 -1911.98998609], v=[-1.39934584 -3.09203647  6.31786466]
Epoch 740, t=2460388.4300857224:
  TLE_ECI: r=[ 7162.15732845  2103.14075061 -1962.72299331], v=[-2.44287577  2.42921033 -6.30791113]
  RK45_ECI: r=[-7498.42853387  -490.39995555 -1870.87259638], v=[-1.35605186 -3.09002603  6.3284178 ]
Epoch 741, t=2460388.430160986:
  TLE_ECI: r=[ 7085.05246718  2178.5488793  -2151.16523995], v=[-2.62942708  2.37229266 -6.25425257]
  RK45_ECI: r=[-7506.86759306  -514.04236896 -1829.68716006], v=[-1.31270856 -3.08786297  6.33874182]
Epoch 742, t=2460388.4302362488:
  TLE_ECI: r=[ 7002.34715246  2252.18129551 -2337.92418926], v=[-2.81385952  2.313351   -6.19570407]
  RK45_ECI: r=[-7515.01336083  -537.67398792 -1788.43574891], v=[-1.26931822 -3.08554733  6.34883619]
Epoch 743, t=2460388.430311512:
  TLE_ECI: r=[ 6914.107994    2323.97540298 -2522.85383593], v=[-2.99602673  2.2524339  -6.13231233]
  RK45_ECI: r=[-7522.86565661  -561.29400799 -1747.11927659], v=[-1.22588195 -3.0830791   6.35870067]
Epoch 744, t=2460388.4303867756:
  TLE_ECI: r=[ 6820.40601303  2393.87005799 -2705.80963357], v=[-3.17578425  2.18959162 -6.06412789]
  RK45_ECI: r=[-7530.42419188  -584.90127562 -1705.73923862], v=[-1.18240144 -3.08045829  6.36833488]
Epoch 745, t=2460388.430462039:
  TLE_ECI: r=[ 6721.31655662  2461.80570437 -2886.64860875], v=[-3.35298964  2.12487605 -5.99120506]
  RK45_ECI: r=[-7537.68861874  -608.4944714  -1664.29752223], v=[-1.1388788  -3.07768498  6.37773837]
Epoch 746, t=2460388.430537302:
  TLE_ECI: r=[ 6616.91924815  2527.72438397 -3065.22947385], v=[-3.52750262  2.05834067 -5.91360191]
  RK45_ECI: r=[-7544.65868022  -632.07244252 -1622.79562947], v=[-1.09531576 -3.0747592   6.38691079]
Epoch 747, t=2460388.4306125655:
  TLE_ECI: r=[ 6507.29789125  2591.56986305 -3241.41273814], v=[-3.69918516  1.9900405  -5.83138016]
  RK45_ECI: r=[-7551.33422184  -655.63438344 -1581.23447909], v=[-1.0517134  -3.07168096  6.3958519 ]
Epoch 748, t=2460388.430687829:
  TLE_ECI: r=[ 6392.54044323  2653.28756332 -3415.0608175 ], v=[-3.86790159  1.92003205 -5.74460516]
  RK45_ECI: r=[-7557.71490563  -679.17886014 -1539.61616155], v=[-1.00807404 -3.06845035  6.40456125]
Epoch 749, t=2460388.4307630924:
  TLE_ECI: r=[ 6272.7389129   2712.82468548 -3586.0381421 ], v=[-4.03351873  1.84837329 -5.65334585]
  RK45_ECI: r=[-7563.80056669  -702.70492929 -1497.94179416], v=[-0.96439902 -3.06506741  6.41303858]
Epoch 750, t=2460388.430838356:
  TLE_ECI: r=[ 6147.98929087  2770.13023474 -3754.2112625 ], v=[-4.19590595  1.77512356 -5.55767464]
  RK45_ECI: r=[-7569.59092877  -726.21127358 -1456.21327817], v=[-0.92069043 -3.06153223  6.42128347]
Epoch 751, t=2460388.4309136188:
  TLE_ECI: r=[ 6018.39147816  2825.1550456  -3919.44895373], v=[-4.35493533  1.70034358 -5.4576674 ]
  RK45_ECI: r=[-7575.08582049  -749.69683461 -1414.43193029], v=[-0.87694982 -3.05784487  6.42929566]
Epoch 752, t=2460388.430988882:
  TLE_ECI: r=[ 5884.04917018  2877.85189446 -4081.62231732], v=[-4.51048173  1.6240953  -5.35340335]
  RK45_ECI: r=[-7580.28504488  -773.16052755 -1372.59926477], v=[-0.83317888 -3.05400543  6.43707484]
Epoch 753, t=2460388.4310641456:
  TLE_ECI: r=[ 5745.06982044  2928.17543148 -4240.60488153], v=[-4.66242289  1.54644194 -5.24496503]
  RK45_ECI: r=[-7585.18842326  -796.60120109 -1330.71679782], v=[-0.78937936 -3.05001399  6.44462069]
Epoch 754, t=2460388.431139409:
  TLE_ECI: r=[ 5601.56451886  2976.0822909  -4396.2726991 ], v=[-4.8106395   1.46744787 -5.1324382 ]
  RK45_ECI: r=[-7589.79580923  -820.01782001 -1288.78585071], v=[-0.74555278 -3.04587064  6.45193296]
Epoch 755, t=2460388.4312146725:
  TLE_ECI: r=[ 5453.64790864  3021.53110872 -4548.50444305], v=[-4.95501533  1.38717862 -5.01591176]
  RK45_ECI: r=[-7594.10699864  -843.40907048 -1246.8083371 ], v=[-0.70170126 -3.0415755   6.45901128]
Epoch 756, t=2460388.4312899355:
  TLE_ECI: r=[ 5301.4381011   3064.48254158 -4697.18150011], v=[-5.0954373   1.30570076 -4.8954777 ]
  RK45_ECI: r=[-7598.12187257  -866.77389604 -1204.78558223], v=[-0.65782635 -3.03712869  6.46585542]
Epoch 757, t=2460388.431365199:
  TLE_ECI: r=[ 5145.05654292  3104.89936253 -4842.18806171], v=[-5.23179558  1.22308184 -4.771231  ]
  RK45_ECI: r=[-7601.84029222  -890.11121495 -1162.71910982], v=[-0.61392976 -3.03253033  6.4724651 ]
Epoch 758, t=2460388.4314404624:
  TLE_ECI: r=[ 4984.62797068  3142.74639669 -4983.4112128 ], v=[-5.36398361  1.1393904  -4.64326958]
  RK45_ECI: r=[-7605.26213809  -913.41987924 -1120.61044534], v=[-0.57001323 -3.02778054  6.47884006]
Epoch 759, t=2460388.431515726:
  TLE_ECI: r=[ 4820.28027352  3177.99061422 -5120.74101802], v=[-5.49189827  1.05469584 -4.51169414]
  RK45_ECI: r=[-7608.38731607  -936.6988563  -1078.46091805], v=[-0.52607829 -3.02287944  6.48498006]
Epoch 760, t=2460388.431590989:
  TLE_ECI: r=[ 4652.14439812  3210.60114153 -5254.0706054 ], v=[-5.61543987  0.96906843 -4.37660818]
  RK45_ECI: r=[-7611.21569435  -959.94683751 -1036.27245238], v=[-0.48212708 -3.01782722  6.4908848 ]
Epoch 761, t=2460388.431666252:
  TLE_ECI: r=[ 4480.35425212  3240.54927354 -5383.29624754], v=[-5.7345123   0.88257918 -4.23811784]
  RK45_ECI: r=[-7613.74720665  -983.16276982  -994.04638102], v=[-0.43816114 -3.01262401  6.49655407]
Epoch 762, t=2460388.4317415156:
  TLE_ECI: r=[ 4305.04655779  3267.80855065 -5508.31744006], v=[-5.84902301  0.79529978 -4.09633182]
  RK45_ECI: r=[-7615.98177253 -1006.34557598  -951.78423593], v=[-0.39418219 -3.00726997  6.50198763]
Epoch 763, t=2460388.431816779:
  TLE_ECI: r=[ 4126.36079885  3292.35469967 -5629.03697763], v=[-5.95888315  0.70730265 -3.95136134]
  RK45_ECI: r=[-7617.91934257 -1029.49420407  -909.48735197], v=[-0.35019178 -3.00176525  6.50718528]
Epoch 764, t=2460388.4318920425:
  TLE_ECI: r=[ 3944.43907033  3314.16570822 -5745.36102704], v=[-6.06400761  0.61866074 -3.80331998]
  RK45_ECI: r=[-7619.55984296 -1052.60735083  -867.15766105], v=[-0.30619203 -2.99611007  6.51214676]
Epoch 765, t=2460388.4319673055:
  TLE_ECI: r=[ 3759.42598397  3333.2218179  -5857.19919769], v=[-6.16431504  0.52944757 -3.65232364]
  RK45_ECI: r=[-7620.9032416  -1075.68387561  -824.79669987], v=[-0.2621847  -2.99030463  6.51687185]
Epoch 766, t=2460388.432042569:
  TLE_ECI: r=[ 3571.4685134   3349.50558548 -5964.46460918], v=[-6.25972797  0.43973709 -3.49849042]
  RK45_ECI: r=[-7621.94952878 -1098.72297944  -782.40540943], v=[-0.2181709  -2.98434902  6.52136042]
Epoch 767, t=2460388.4321178324:
  TLE_ECI: r=[ 3380.7159356   3363.00182882 -6067.07395631], v=[-6.3501728   0.34960368 -3.34194054]
  RK45_ECI: r=[-7622.69866795 -1121.7232497   -739.98592526], v=[-0.17415298 -2.97824354  6.52561222]
Epoch 768, t=2460388.432193096:
  TLE_ECI: r=[ 3187.31967289  3373.6976857  -6164.94757103], v=[-6.4355799   0.25912209 -3.18279625]
  RK45_ECI: r=[-7623.15066723 -1144.68375352  -697.53938934], v=[-0.13013227 -2.97198833  6.5296271 ]
Epoch 769, t=2460388.432268359:
  TLE_ECI: r=[ 2991.4331827   3381.58261244 -6258.00948162], v=[-6.5158836   0.16836734 -3.02118171]
  RK45_ECI: r=[-7623.30552532 -1167.60319571  -655.06774138], v=[-0.08611091 -2.96558368  6.53340483]
Epoch 770, t=2460388.432343622:
  TLE_ECI: r=[ 2793.211846    3386.64838443 -6346.18746897], v=[-6.59102231  0.07741468 -2.85722291]
  RK45_ECI: r=[-7623.16326955 -1190.48044216  -612.57252416], v=[-0.04209064 -2.9590298   6.53694527]
Epoch 771, t=2460388.4324188856:
  TLE_ECI: r=[ 2592.81280462  3388.8891367  -6429.41311993], v=[-6.66093847 -0.01366049 -2.69104757]
  RK45_ECI: r=[-7622.72392841 -1213.31469798  -570.05468269], v=[ 1.92742386e-03 -2.95232683e+00  6.54024829e+00]
Epoch 772, t=2460388.432494149:
  TLE_ECI: r=[ 2390.39489718  3388.30131747 -6507.62187779], v=[-6.72557866 -0.10478263 -2.52278505]
  RK45_ECI: r=[-7621.98754488 -1236.10456064  -527.51635995], v=[ 0.04594094 -2.9454751   6.5433137 ]
Epoch 773, t=2460388.4325694125:
  TLE_ECI: r=[ 2186.11849433  3384.88372616 -6580.75308977], v=[-6.78489358 -0.19587616 -2.35256623]
  RK45_ECI: r=[-7620.95417265 -1258.84910271  -484.95870213], v=[ 0.08994858 -2.93847481  6.54614138]
Epoch 774, t=2460388.432644676:
  TLE_ECI: r=[ 1980.14538292  3378.63750567 -6648.7500515 ], v=[-6.83883813 -0.28686553 -2.18052344]
  RK45_ECI: r=[-7619.62388283 -1281.54703866  -442.38365506], v=[ 0.13394821 -2.93132626  6.54873117]
Epoch 775, t=2460388.432719939:
  TLE_ECI: r=[ 1772.63864907  3369.56613661 -6711.56004862], v=[-6.88737138 -0.37767522 -2.00679034]
  RK45_ECI: r=[-7617.99676199 -1304.19724265  -399.79276614], v=[ 0.17793809 -2.92402972  6.55108295]
Epoch 776, t=2460388.4327952024:
  TLE_ECI: r=[ 1563.76251114  3357.67545644 -6769.1343952 ], v=[-6.93045665 -0.46822991 -1.83150182]
  RK45_ECI: r=[-7616.07287674 -1326.79892461  -357.18698362], v=[ 0.22191712 -2.91658535  6.55319664]
Epoch 777, t=2460388.432870466:
  TLE_ECI: r=[ 1353.68225094  3342.9736219  -6821.42846945], v=[-6.96806149 -0.55845441 -1.65479391]
  RK45_ECI: r=[-7613.85234939 -1349.3506939   -314.56845596], v=[ 0.26588295 -2.90899354  6.5550721 ]
Epoch 778, t=2460388.4329457292:
  TLE_ECI: r=[ 1142.56404534  3325.47112567 -6868.40174616], v=[-7.00015773 -0.6482738  -1.47680367]
  RK45_ECI: r=[-7611.33527901 -1371.85162954  -271.9383325 ], v=[ 0.30983426 -2.90125449  6.55670924]
Epoch 779, t=2460388.4330209927:
  TLE_ECI: r=[  930.57484685  3305.18078263 -6910.01782617], v=[-7.02672146 -0.73761345 -1.29766909]
  RK45_ECI: r=[-7608.52180892 -1394.30045737  -229.29856336], v=[ 0.35376893 -2.89336856  6.55810796]
Epoch 780, t=2460388.4330962556:
  TLE_ECI: r=[  717.88226356  3282.11771792 -6946.2444629 ], v=[-7.04773309 -0.8263991  -1.11752899]
  RK45_ECI: r=[-7605.41208471 -1416.69606094  -186.65069919], v=[ 0.39768524 -2.88533606  6.55926819]
Epoch 781, t=2460388.433171519:
  TLE_ECI: r=[  504.65439053  3256.29936467 -6977.05358567], v=[-7.0631773  -0.91455697 -0.93652294]
  RK45_ECI: r=[-7602.00621091 -1439.03765615  -143.99569049], v=[ 0.44158206 -2.87715717  6.56018987]
Epoch 782, t=2460388.4332467825:
  TLE_ECI: r=[  291.05973739  3227.74543586 -7002.42132019], v=[-7.07304312 -1.00201367 -0.75479112]
  RK45_ECI: r=[-7598.30438888 -1461.32386567  -101.3356892 ], v=[ 0.48545708 -2.86883231  6.56087293]
Epoch 783, t=2460388.433322046:
  TLE_ECI: r=[   77.26705909  3196.47791972 -7022.32800585], v=[-7.07732386 -1.08869642 -0.57247424]
  RK45_ECI: r=[-7594.30676284 -1483.55377632   -58.67184669], v=[ 0.52930897 -2.86036173  6.56131732]
Epoch 784, t=2460388.433397309:
  TLE_ECI: r=[ -136.55475549  3162.5210604  -7036.75820998], v=[-7.07601717 -1.17453295 -0.38971343]
  RK45_ECI: r=[-7590.01356996 -1505.7260172    -16.00631575], v=[ 0.57313542 -2.85174586  6.561523  ]
Epoch 785, t=2460388.4334725724:
  TLE_ECI: r=[ -350.23685168  3125.90133858 -7045.700739  ], v=[-7.06912501 -1.25945176 -0.20665016]
  RK45_ECI: r=[-7585.42494887 -1527.83981054    26.65995198], v=[ 0.61693533 -2.84298491  6.56148993]
Epoch 786, t=2460388.433547836:
  TLE_ECI: r=[ -563.61048333  3086.64745135 -7049.1486467 ], v=[-7.05665366 -1.34338197 -0.0234261 ]
  RK45_ECI: r=[-7580.54110752 -1549.89405113    69.325404  ], v=[ 0.66070696 -2.83407922  6.56121809]
Epoch 787, t=2460388.4336230992:
  TLE_ECI: r=[ -776.50718073  3044.79029058 -7047.09923924], v=[-7.0386137  -1.42625346  0.15981695]
  RK45_ECI: r=[-7575.36230409 -1571.88748595   111.98808721], v=[ 0.70444822 -2.8250292   6.56070748]
Epoch 788, t=2460388.4336983627:
  TLE_ECI: r=[ -988.75887126  3000.36291884 -7039.55407718], v=[-7.01502    -1.50799695  0.34293717]
  RK45_ECI: r=[-7569.88872785 -1593.81921007   154.6468494 ], v=[ 0.74815778 -2.81583513  6.55995808]
Epoch 789, t=2460388.4337736256:
  TLE_ECI: r=[-1200.19800081  2953.40054739 -7026.5189745 ], v=[-6.98589175 -1.58854402  0.52579284]
  RK45_ECI: r=[-7564.12069449 -1615.6878686    197.29953732], v=[ 0.79183333 -2.80649747  6.55896991]
Epoch 790, t=2460388.433848889:
  TLE_ECI: r=[-1410.65769777  2903.94049572 -7008.00399437], v=[-6.95125239 -1.6678272   0.70824241]
  RK45_ECI: r=[-7558.05838026 -1637.492691     239.94519896], v=[ 0.83547378 -2.79701646  6.55774298]
Epoch 791, t=2460388.4339241525:
  TLE_ECI: r=[-1619.97184981  2852.02218167 -6984.02344214], v=[-6.91112962 -1.74577998  0.89014463]
  RK45_ECI: r=[-7551.70205162 -1659.23258402   282.58228175], v=[ 0.8790774  -2.78739247  6.55627731]
Epoch 792, t=2460388.433999416:
  TLE_ECI: r=[-1827.97526727  2797.68707895 -6954.59585498], v=[-6.86555538 -1.82233685  1.07135865]
  RK45_ECI: r=[-7545.05203825 -1680.90630956   325.20883324], v=[ 0.9226421  -2.77762595  6.55457294]
Epoch 793, t=2460388.4340746794:
  TLE_ECI: r=[-2034.50380227  2740.97868782 -6919.74398865], v=[-6.81456583 -1.89743342  1.25174409]
  RK45_ECI: r=[-7538.10857419 -1702.51297231   367.82370152], v=[ 0.96616655 -2.76771718  6.5526299 ]
Epoch 794, t=2460388.4341499424:
  TLE_ECI: r=[-2239.39446788  2681.94250792 -6879.49480114], v=[-6.75820133 -1.9710064   1.4311612 ]
  RK45_ECI: r=[-7530.87205352 -1724.05123431   410.42473499], v=[ 1.00964846 -2.75766669  6.55044828]
Epoch 795, t=2460388.434225206:
  TLE_ECI: r=[-2442.48559612  2620.62597742 -6833.87943321], v=[-6.69650639 -2.04299374  1.60947089]
  RK45_ECI: r=[-7523.34268995 -1745.52033325   453.01098224], v=[ 1.05308672 -2.74747473  6.5480281 ]
Epoch 796, t=2460388.4343004692:
  TLE_ECI: r=[-2643.61691564  2557.07847347 -6782.93318601], v=[-6.62952967 -2.11333457  1.7865349 ]
  RK45_ECI: r=[-7515.5208083  -1766.91918883   495.58089216], v=[ 1.09647962 -2.73714169  6.54536944]
Epoch 797, t=2460388.4343757327:
  TLE_ECI: r=[-2842.62970838  2491.35124931 -6726.69549554], v=[-6.55732392 -2.18196931  1.96221585]
  RK45_ECI: r=[-7507.40680947 -1788.24657954   538.13251478], v=[ 1.13982507 -2.72666806  6.5424724 ]
Epoch 798, t=2460388.4344509956:
  TLE_ECI: r=[-3039.36691752  2423.4974094  -6665.2099041 ], v=[-6.47994597 -2.24883972  2.13637738]
  RK45_ECI: r=[-7499.00104978 -1809.50143239   580.66430052], v=[ 1.18312135 -2.71605426  6.53933707]
Epoch 799, t=2460388.434526259:
  TLE_ECI: r=[-3233.67329882  2353.57183269 -6598.52402867], v=[-6.39745667 -2.31388897  2.30888422]
  RK45_ECI: r=[-7490.30376888 -1830.68299122   623.17529881], v=[ 1.22636736 -2.70530054  6.5359635 ]
Epoch 800, t=2460388.4346015225:
  TLE_ECI: r=[-3425.39549842  2281.63118109 -6526.68952642], v=[-6.30992087 -2.37706161  2.4796023 ]
  RK45_ECI: r=[-7481.31545039 -1851.78993962   665.66336239], v=[ 1.26956081 -2.69440748  6.53235184]
Epoch 801, t=2460388.434676786:
  TLE_ECI: r=[-3614.38220166  2207.7338215  -6449.76205697], v=[-6.21740737 -2.4383037   2.64839887]
  RK45_ECI: r=[-7472.0363998  -1872.82139936   708.12734216], v=[ 1.31270038 -2.6833754   6.52850217]
Epoch 802, t=2460388.4347520494:
  TLE_ECI: r=[-3800.48424418  2131.9397882  -6367.80124186], v=[-6.11998884 -2.4975628   2.81514258]
  RK45_ECI: r=[-7462.46708922 -1893.77616594   750.56529244], v=[ 1.35578399 -2.67220484  6.52441466]
Epoch 803, t=2460388.4348273124:
  TLE_ECI: r=[-3983.55472328  2054.31074674 -6280.87062087], v=[-6.01774184 -2.55478801  2.97970357]
  RK45_ECI: r=[-7452.60793288 -1914.65318183   792.97566732], v=[ 1.39880992 -2.66089624  6.52008943]
Epoch 804, t=2460388.434902576:
  TLE_ECI: r=[-4163.44913738  1974.90989973 -6189.03760543], v=[-5.9107467  -2.60993012  3.1419536 ]
  RK45_ECI: r=[-7442.45920786 -1935.45170033   835.3575183 ], v=[ 1.44177709 -2.64944988  6.51552656]
Epoch 805, t=2460388.4349778392:
  TLE_ECI: r=[-4340.02546327  1893.80200469 -6092.37342913], v=[-5.79908751 -2.6629415   3.30176611]
  RK45_ECI: r=[-7432.02147563 -1956.1704251    877.70870397], v=[ 1.48468319 -2.63786637  6.51072625]
Epoch 806, t=2460388.4350531027:
  TLE_ECI: r=[-4513.14429295  1811.05327781 -5990.95309514], v=[-5.68285203 -2.71377624  3.45901636]
  RK45_ECI: r=[-7421.2950862  -1976.80848983   920.02807836], v=[ 1.52752693 -2.62614607  6.50568863]
Epoch 807, t=2460388.435128366:
  TLE_ECI: r=[-4682.66893782  1726.73135235 -5884.85532083], v=[-5.56213166 -2.76239015  3.61358149]
  RK45_ECI: r=[-7410.28058235 -1997.36470943   962.31370175], v=[ 1.57030622 -2.61428956  6.50041389]
Epoch 808, t=2460388.435203629:
  TLE_ECI: r=[-4848.46553224  1640.90523882 -5774.16247945], v=[-5.43702137 -2.80874082  3.76534066]
  RK45_ECI: r=[-7398.97838701 -2017.83812153  1004.56423148], v=[ 1.61301956 -2.60229725  6.4949022 ]
Epoch 809, t=2460388.4352788925:
  TLE_ECI: r=[-5010.40315958  1553.6452136  -5658.96053883], v=[-5.30761958 -2.85278768  3.91417507]
  RK45_ECI: r=[-7387.38896223 -2038.22775173  1046.77812728], v=[ 1.65566528 -2.59016962  6.48915371]
Epoch 810, t=2460388.435354156:
  TLE_ECI: r=[-5168.35392699  1465.02284614 -5539.33899746], v=[-5.17402818 -2.89449199  4.05996815]
  RK45_ECI: r=[-7375.51279914 -2058.53256381  1088.9538501 ], v=[ 1.69824167 -2.57790717  6.48316863]
Epoch 811, t=2460388.4354294194:
  TLE_ECI: r=[-5322.1930876   1375.11088622 -5415.3908175 ], v=[-5.03635241 -2.93381688  4.20260558]
  RK45_ECI: r=[-7363.35034134 -2078.75162498  1131.09005981], v=[ 1.74074725 -2.56551032  6.47694712]
Epoch 812, t=2460388.435504683:
  TLE_ECI: r=[-5471.79913559  1283.98321876 -5287.21235512], v=[-4.89470076 -2.97072743  4.34197541]
  RK45_ECI: r=[-7350.9022019  -2098.88377087  1173.18482436], v=[ 1.78317995 -2.5529797   6.47048944]
Epoch 813, t=2460388.435579946:
  TLE_ECI: r=[-5617.05390018  1191.71482095 -5154.90328812], v=[-4.74918495 -3.00519065  4.47796817]
  RK45_ECI: r=[-7338.16885482 -2118.92805436  1215.23680647], v=[ 1.82553827 -2.54031576  6.46379577]
Epoch 814, t=2460388.4356552092:
  TLE_ECI: r=[-5757.84265531  1098.38163562 -5018.56654068], v=[-4.59991978 -3.03717558  4.61047691]
  RK45_ECI: r=[-7325.15081866 -2138.88351825  1257.24447232], v=[ 1.86782055 -2.52751901  6.45686633]
Epoch 815, t=2460388.4357304727:
  TLE_ECI: r=[-5894.0541904   1004.06060721 -4878.30820561], v=[-4.44702311 -3.06665325  4.73939733]
  RK45_ECI: r=[-7311.84858361 -2158.74922086  1299.20648646], v=[ 1.9100253  -2.51458992  6.44970131]
Epoch 816, t=2460388.435805736:
  TLE_ECI: r=[-6025.5809154    908.82955435 -4734.23746384], v=[-4.29061575 -3.09359674  4.86462788]
  RK45_ECI: r=[-7298.26281864 -2178.52401521  1341.12092418], v=[ 1.95215046 -2.50152914  6.44230102]
Epoch 817, t=2460388.435880999:
  TLE_ECI: r=[-6152.31894192   812.76714052 -4586.46650135], v=[-4.13082135 -3.11798119  4.98606979]
  RK45_ECI: r=[-7284.39409911 -2198.2068916   1382.98625691], v=[ 1.99419436 -2.48833721  6.4346657 ]
Epoch 818, t=2460388.4359562625:
  TLE_ECI: r=[-6274.16817781   715.95273747 -4435.11042359], v=[-3.96776631 -3.1397839   5.10362719]
  RK45_ECI: r=[-7270.24280589 -2217.79713516  1424.80154609], v=[ 2.03615592 -2.47501448  6.4267955 ]
Epoch 819, t=2460388.436031526:
  TLE_ECI: r=[-6391.03239371   618.46646731 -4280.28716737], v=[-3.80157972 -3.15898424  5.21720721]
  RK45_ECI: r=[-7255.80971556 -2237.29351486  1466.56467664], v=[ 2.0780329  -2.4615617   6.41869078]
Epoch 820, t=2460388.4361067894:
  TLE_ECI: r=[-6502.81931223   520.38906537 -4122.11741036], v=[-3.63239324 -3.17556376  5.32672   ]
  RK45_ECI: r=[-7241.09530145 -2256.69520348  1508.27451626], v=[ 2.11982402 -2.44797931  6.41035173]
Epoch 821, t=2460388.436182053:
  TLE_ECI: r=[-6609.44068109   421.80183112 -3960.7244782 ], v=[-3.46034097 -3.18950617  5.43207887]
  RK45_ECI: r=[-7226.10030174 -2276.00107727  1549.92915093], v=[ 2.16152725 -2.43426798  6.4017787 ]
Epoch 822, t=2460388.436257316:
  TLE_ECI: r=[-6710.81234485   322.78658048 -3796.23424928], v=[-3.28555939 -3.20079736  5.53320035]
  RK45_ECI: r=[-7210.82534831 -2295.21014641  1591.52706077], v=[ 2.20314093 -2.4204283   6.392972  ]
Epoch 823, t=2460388.4363325792:
  TLE_ECI: r=[-6806.85431839   223.42549954 -3628.77505732], v=[-3.10818722 -3.20942547  5.63000422]
  RK45_ECI: r=[-7195.27085851 -2314.32170898  1633.06731221], v=[ 2.244664   -2.40646067  6.38393177]
Epoch 824, t=2460388.4364078427:
  TLE_ECI: r=[-6897.49084658   123.80119312 -3458.47759179], v=[-2.92836535 -3.21538083  5.72241366]
  RK45_ECI: r=[-7179.43768436 -2333.3345604   1674.54780309], v=[ 2.28609424 -2.39236584  6.37465845]
Epoch 825, t=2460388.436483106:
  TLE_ECI: r=[-6982.65047179    23.99653823 -3285.47479614], v=[-2.74623667 -3.218656    5.81035523]
  RK45_ECI: r=[-7163.32634238 -2352.2478894   1715.96740784], v=[ 2.32743038 -2.3781443   6.36515226]
Epoch 826, t=2460388.4365583695:
  TLE_ECI: r=[-7062.26609198   -75.90536645 -3109.90176416], v=[-2.56194602 -3.21924581  5.893759  ]
  RK45_ECI: r=[-7146.93763911 -2371.06059721  1757.3242248 ], v=[ 2.36867043 -2.36379677  6.3554136 ]
Epoch 827, t=2460388.4366336325:
  TLE_ECI: r=[-7136.27501723  -175.82124853 -2931.89563428], v=[-2.37564002 -3.21714734  5.97255861]
  RK45_ECI: r=[-7130.27226229 -2389.77171491  1798.61674409], v=[ 2.40981274 -2.34932386  6.34544281]
Epoch 828, t=2460388.436708896:
  TLE_ECI: r=[-7204.61902026  -275.66781577 -2751.59548206], v=[-2.18746699 -3.21235994  6.04669128]
  RK45_ECI: r=[-7113.33066528 -2408.38055444  1839.84403798], v=[ 2.45085627 -2.33472599  6.33524007]
Epoch 829, t=2460388.4367841594:
  TLE_ECI: r=[-7267.24438735  -375.36170182 -2569.14221091], v=[-1.99757679 -3.20488524  6.11609792]
  RK45_ECI: r=[-7096.1137745  -2426.88593946  1881.00401913], v=[ 2.49179883 -2.32000398  6.32480587]
Epoch 830, t=2460388.436859423:
  TLE_ECI: r=[-7324.10196225  -474.81961889 -2384.67844115], v=[-1.80612076 -3.19472712  6.18072318]
  RK45_ECI: r=[-7078.62214899 -2445.28707584  1922.0955697 ], v=[ 2.53263918 -2.30515832  6.31414047]
Epoch 831, t=2460388.4369346863:
  TLE_ECI: r=[-7375.14718771  -573.95840768 -2198.34839746], v=[-1.6132515  -3.18189176  6.24051545]
  RK45_ECI: r=[-7060.85666292 -2463.58289058  1963.11680211], v=[ 2.57337533 -2.29018979  6.30324433]
Epoch 832, t=2460388.4370099492:
  TLE_ECI: r=[-7420.34014486  -672.69508648 -2010.29779484], v=[-1.41912287 -3.1663876   6.29542698]
  RK45_ECI: r=[-7042.81805893 -2481.77243733  2004.0662179 ], v=[ 2.61400568 -2.27509902  6.29211781]
Epoch 833, t=2460388.4370852127:
  TLE_ECI: r=[-7459.64557936  -770.94700795 -1820.67372325], v=[-1.22388971 -3.14822536  6.34541386]
  RK45_ECI: r=[-7024.50682573 -2499.85504304  2044.94289605], v=[ 2.6545292  -2.25988645  6.28076114]
Epoch 834, t=2460388.437160476:
  TLE_ECI: r=[-7493.03294211  -868.63179956 -1629.62453083], v=[-1.02770785 -3.12741801  6.39043612]
  RK45_ECI: r=[-7005.92396321 -2517.82956061  2085.74476595], v=[ 2.69494374 -2.24455295  6.26917487]
Epoch 835, t=2460388.4372357395:
  TLE_ECI: r=[-7520.47640803  -965.66752024 -1437.29970608], v=[-0.83073392 -3.10398081  6.43045771]
  RK45_ECI: r=[-6987.07007223 -2535.69521402  2126.47071857], v=[ 2.73524806 -2.22909903  6.25735927]
Epoch 836, t=2460388.4373110025:
  TLE_ECI: r=[-7541.95490277 -1061.97268649 -1243.84975886], v=[-0.63312519 -3.07793124  6.46544658]
  RK45_ECI: r=[-6967.94618556 -2553.45086994  2167.11869165], v=[ 2.77544004 -2.21352557  6.24531493]
Epoch 837, t=2460388.437386266:
  TLE_ECI: r=[-7557.4521084  -1157.46643031 -1049.42610049], v=[-0.43503949 -3.04928903  6.49537468]
  RK45_ECI: r=[-6948.55282342 -2571.0958693   2207.68777131], v=[ 2.81551866 -2.19783303  6.2330421 ]
Epoch 838, t=2460388.4374615294:
  TLE_ECI: r=[-7566.9564951  -1252.06843587  -854.18092294], v=[-0.23663505 -3.01807612  6.52021802]
  RK45_ECI: r=[-6928.89078582 -2588.62929081  2248.17647243], v=[ 2.85548234 -2.18202208  6.22054118]
Epoch 839, t=2460388.437536793:
  TLE_ECI: r=[-7570.46131934 -1345.69909639  -658.26707731], v=[-0.03807036 -2.98431667  6.53995664]
  RK45_ECI: r=[-6908.96105268 -2606.05010625  2288.58293373], v=[ 2.89532915 -2.16609354  6.20781274]
Epoch 840, t=2460388.4376120563:
  TLE_ECI: r=[-7567.9646325  -1438.27956029  -461.83795169], v=[ 0.16049594 -2.94803702  6.5545747 ]
  RK45_ECI: r=[-6888.76426598 -2623.35755856  2328.90605613], v=[ 2.93505788 -2.15004796  6.1948571 ]
Epoch 841, t=2460388.4376873192:
  TLE_ECI: r=[-7559.46928696 -1529.73177657  -265.04734843], v=[ 0.35890521 -2.90926566  6.56406042]
  RK45_ECI: r=[-6868.3015302  -2640.55054588  2369.14379702], v=[ 2.97466644 -2.13388625  6.18167489]
Epoch 842, t=2460388.4377625827:
  TLE_ECI: r=[-7544.9829161  -1619.9786503    -68.04936111], v=[ 0.55699896 -2.86803325  6.56840616]
  RK45_ECI: r=[-6847.57339976 -2657.62842541  2409.29525105], v=[ 3.01415382 -2.11760889  6.16826639]
Epoch 843, t=2460388.437837846:
  TLE_ECI: r=[-7524.51795386 -1708.94397596   129.00174887], v=[ 0.75461896 -2.82437255  6.56760837]
  RK45_ECI: r=[-6826.58072772 -2674.59030054  2449.35894755], v=[ 3.05351848 -2.10121657  6.15463206]
Epoch 844, t=2460388.4379131095:
  TLE_ECI: r=[-7498.09160704 -1796.55259125   325.95167576], v=[ 0.95160737 -2.77831841  6.56166763]
  RK45_ECI: r=[-6805.32455877 -2691.43517248  2489.33304409], v=[ 3.09275851 -2.08471015  6.14077253]
Epoch 845, t=2460388.437988373:
  TLE_ECI: r=[-7465.72584497 -1882.73041937   522.64619312], v=[ 1.14780691 -2.72990774  6.55058865]
  RK45_ECI: r=[-6783.80557529 -2708.16230384  2529.21645267], v=[ 3.13187273 -2.06809019  6.12668813]
Epoch 846, t=2460388.438063636:
  TLE_ECI: r=[-7427.4473865  -1967.40451107   718.93127727], v=[ 1.34306094 -2.67917948  6.53438023]
  RK45_ECI: r=[-6762.02495231 -2724.77062546  2569.00715239], v=[ 3.17085907 -2.05135764  6.11237958]
Epoch 847, t=2460388.4381388994:
  TLE_ECI: r=[-7383.28765443 -2050.50319446   914.6532306 ], v=[ 1.53721369 -2.62617457  6.51305529]
  RK45_ECI: r=[-6739.98327779 -2741.25951168  2608.7042474 ], v=[ 3.20971655 -2.03451298  6.09784718]
Epoch 848, t=2460388.438214163:
  TLE_ECI: r=[-7333.28278277 -2131.95600519  1109.65880464], v=[ 1.73011026 -2.57093588  6.48663086]
  RK45_ECI: r=[-6717.68145711 -2757.62809122  2648.306283  ], v=[ 3.24844364 -2.01755695  6.08309145]
Epoch 849, t=2460388.4382894263:
  TLE_ECI: r=[-7277.47356361 -2211.69383457  1303.79532266], v=[ 1.92159684 -2.51350825  6.45512802]
  RK45_ECI: r=[-6695.12059866 -2773.8753958   2687.81143742], v=[ 3.28703846 -2.00049042  6.06811304]
Epoch 850, t=2460388.4383646897:
  TLE_ECI: r=[-7215.90541799 -2289.64896701  1496.91080167], v=[ 2.11152083 -2.45393836  6.41857192]
  RK45_ECI: r=[-6672.3014245  -2790.00070871  2727.21863492], v=[ 3.32549985 -1.98331398  6.05291234]
Epoch 851, t=2460388.4384399527:
  TLE_ECI: r=[-7148.62836431 -2365.75511686  1688.8540739 ], v=[ 2.29973095 -2.39227475  6.37699175]
  RK45_ECI: r=[-6649.22517906 -2806.0029947   2766.52587829], v=[ 3.36382578 -1.9660286   6.03749013]
Epoch 852, t=2460388.438515216:
  TLE_ECI: r=[-7075.6969484  -2439.94756921  1879.47490736], v=[ 2.48607737 -2.32856774  6.3304207 ]
  RK45_ECI: r=[-6625.89248348 -2821.88164546  2805.73228212], v=[ 3.40201527 -1.94863479  6.02184673]
Epoch 853, t=2460388.4385904795:
  TLE_ECI: r=[-6997.17023816 -2512.16310909  2068.62412568], v=[ 2.67041185 -2.26286943  6.27889595]
  RK45_ECI: r=[-6602.30429457 -2837.63581621  2844.83640911], v=[ 3.44006682 -1.9311333   6.0059827 ]
Epoch 854, t=2460388.438665743:
  TLE_ECI: r=[-6913.11174653 -2582.34015993  2256.15372687], v=[ 2.85258784 -2.1952336   6.2224586 ]
  RK45_ECI: r=[-6578.46178334 -2853.2645704   2883.83645996], v=[ 3.47797859 -1.91352503  5.98989876]
Epoch 855, t=2460388.438741006:
  TLE_ECI: r=[-6823.58939229 -2650.41879479  2441.917001  ], v=[ 3.03246061 -2.12571571  6.16115366]
  RK45_ECI: r=[-6554.36593405 -2868.76707753  2922.73100764], v=[ 3.51574907 -1.89581076  5.97359548]
Epoch 856, t=2460388.4388162694:
  TLE_ECI: r=[-6728.67541187 -2716.34086774  2625.7686466 ], v=[ 3.20988741 -2.05437281  6.09503003]
  RK45_ECI: r=[-6530.01739052 -2884.14274213  2961.51917426], v=[ 3.5533773  -1.87799101  5.95707322]
Epoch 857, t=2460388.438891533:
  TLE_ECI: r=[-6628.44634435 -2780.04994291  2807.56488596], v=[ 3.3847275  -1.98126352  6.02414038]
  RK45_ECI: r=[-6505.41747542 -2899.3905694   3000.19899202], v=[ 3.59086129 -1.86006678  5.9403328 ]
Epoch 858, t=2460388.4389667963:
  TLE_ECI: r=[-6522.98293661 -2841.49142309  2987.16357882], v=[ 3.55684237 -1.90644797  5.94854118]
  RK45_ECI: r=[-6480.56697317 -2914.50987701  3038.76940694], v=[ 3.6281999  -1.84203869  5.92337466]
Epoch 859, t=2460388.4390420597:
  TLE_ECI: r=[-6412.37008316 -2900.61257562  3164.42433462], v=[ 3.72609574 -1.82998772  5.8682926 ]
  RK45_ECI: r=[-6455.46711658 -2929.49976086  3077.22864382], v=[ 3.66539131 -1.82390768  5.90619957]
Epoch 860, t=2460388.4391173227:
  TLE_ECI: r=[-6296.69676347 -2957.36255899  3339.20862319], v=[ 3.89235378 -1.75194578  5.78345848]
  RK45_ECI: r=[-6430.11882707 -2944.35947344  3115.57547483], v=[ 3.70243423 -1.80567447  5.88880807]
Epoch 861, t=2460388.439192586:
  TLE_ECI: r=[-6176.05593293 -3011.69254019  3511.37988363], v=[ 4.05548514 -1.67238644  5.69410626]
  RK45_ECI: r=[-6404.52311966 -2959.08827289  3153.8084948 ], v=[ 3.73932719 -1.78733982  5.87120077]
Epoch 862, t=2460388.4392678495:
  TLE_ECI: r=[-6050.54449686 -3063.5556238   3680.80363158], v=[ 4.21536109 -1.59137531  5.60030692]
  RK45_ECI: r=[-6378.68104508 -2973.6853661   3191.92630268], v=[ 3.77606874 -1.76890455  5.85337831]
Epoch 863, t=2460388.439343113:
  TLE_ECI: r=[-5920.2631955  -3112.90696658  3847.34756445], v=[ 4.3718556  -1.50897922  5.50213492]
  RK45_ECI: r=[-6352.59353902 -2988.15003792  3229.92767963], v=[ 3.81265758 -1.75036937  5.83534124]
Epoch 864, t=2460388.4394183764:
  TLE_ECI: r=[-5785.31652855 -3159.70379679  4010.88166474], v=[ 4.52484545 -1.42526619  5.39966812]
  RK45_ECI: r=[-6326.26189478 -3002.48141837  3267.81087617], v=[ 3.84909195 -1.73173526  5.81709038]
Epoch 865, t=2460388.4394936394:
  TLE_ECI: r=[-5645.81267803 -3203.90543315  4171.27830143], v=[ 4.67421034 -1.34030534  5.29298773]
  RK45_ECI: r=[-6299.68707749 -3016.67878594  3305.57468239], v=[ 3.88537055 -1.71300295  5.79862628]
Epoch 866, t=2460388.439568903:
  TLE_ECI: r=[-5501.86338114 -3245.47338596  4328.412329  ], v=[ 4.81983297 -1.2541668   5.18217825]
  RK45_ECI: r=[-6272.87015074 -3030.74142659  3343.21771399], v=[ 3.92149197 -1.69417325  5.77994962]
Epoch 867, t=2460388.4396441663:
  TLE_ECI: r=[-5353.58389396 -3284.37128862  4482.16118462], v=[ 4.9615991  -1.16692176  5.06732734]
  RK45_ECI: r=[-6245.81221424 -3044.66857647  3380.738591  ], v=[ 3.95745476 -1.67524698  5.76106105]
Epoch 868, t=2460388.4397194297:
  TLE_ECI: r=[-5201.09285927 -3320.56499558  4632.40498274], v=[ 5.09939769 -1.07864228  4.9485258 ]
  RK45_ECI: r=[-6218.51424666 -3058.45954674  3418.13611305], v=[ 3.99325767 -1.65622491  5.74196117]
Epoch 869, t=2460388.439794693:
  TLE_ECI: r=[-5044.51221834 -3354.0225939   4779.02660757], v=[ 5.23312096 -0.98940133  4.82586746]
  RK45_ECI: r=[-6190.97760075 -3072.1135023   3455.40855789], v=[ 4.02889896 -1.63710802  5.72265083]
Epoch 870, t=2460388.439869956:
  TLE_ECI: r=[-4883.96712081 -3384.7144155   4921.91180308], v=[ 5.36266443 -0.89927268  4.69944913]
  RK45_ECI: r=[-6163.20328447 -3085.62974871  3492.5547346 ], v=[ 4.06437736 -1.61789709  5.70313063]
Epoch 871, t=2460388.4399452196:
  TLE_ECI: r=[-4719.5857828  -3412.61311971  5060.94926053], v=[ 5.48792708 -0.80833078  4.56937048]
  RK45_ECI: r=[-6135.19240894 -3099.00760077  3529.57328089], v=[ 4.09969149 -1.59859294  5.68340126]
Epoch 872, t=2460388.440020483:
  TLE_ECI: r=[-4551.49944149 -3437.69362864  5196.0307036 ], v=[ 5.60881136 -0.71665084  4.43573398]
  RK45_ECI: r=[-6106.94599554 -3112.24637325  3566.46301193], v=[ 4.13484011 -1.57919635  5.66346334]
Epoch 873, t=2460388.4400957464:
  TLE_ECI: r=[-4379.84220917 -3459.93320649  5327.05097089], v=[ 5.72522325 -0.62430864  4.29864481]
  RK45_ECI: r=[-6078.46544367 -3125.34525974  3603.22222832], v=[ 4.16982149 -1.55970834  5.64331777]
Epoch 874, t=2460388.4401710094:
  TLE_ECI: r=[-4204.75098427 -3479.31145152  5453.90809579], v=[ 5.83707239 -0.53138055  4.15821075]
  RK45_ECI: r=[-6049.75192313 -3138.30354113  3639.84958346], v=[ 4.20463426 -1.5401298   5.62296525]
Epoch 875, t=2460388.440246273:
  TLE_ECI: r=[-4026.36529981 -3495.8103629   5576.50338367], v=[ 5.94427209 -0.43794336  4.01454213]
  RK45_ECI: r=[-6020.80619726 -3151.12069717  3676.34424834], v=[ 4.23927752 -1.52046131  5.60240624]
Epoch 876, t=2460388.4403215363:
  TLE_ECI: r=[-3844.82727201 -3509.41427979  5694.74148654], v=[ 6.0467394  -0.34407434  3.86775172]
  RK45_ECI: r=[-5991.62983613 -3163.79587826  3712.70436915], v=[ 4.27374941 -1.50070401  5.58164175]
Epoch 877, t=2460388.4403967997:
  TLE_ECI: r=[-3660.28144525 -3520.10994524  5808.5304748 ], v=[ 6.14439518 -0.24985112  3.71795462]
  RK45_ECI: r=[-5962.22376524 -3176.32849195  3748.92895292], v=[ 4.3080489  -1.48085862  5.56067232]
Epoch 878, t=2460388.440472063:
  TLE_ECI: r=[-3472.87468589 -3527.88650473  5917.78190623], v=[ 6.23716415 -0.15535161  3.56526821]
  RK45_ECI: r=[-5932.58944071 -3188.71776929  3785.0163302 ], v=[ 4.34217431 -1.46092618  5.5394989 ]
Epoch 879, t=2460388.440547326:
  TLE_ECI: r=[-3282.75607538 -3532.7355051   6022.41089229], v=[ 6.32497494 -0.06065398  3.40981201]
  RK45_ECI: r=[-5902.72807851 -3200.96302289  3820.96517839], v=[ 4.3761243  -1.44090761  5.51812224]
Epoch 880, t=2460388.4406225896:
  TLE_ECI: r=[-3090.07674971 -3534.65094104  6122.33616136], v=[6.40776012 0.03416349 3.25170761]
  RK45_ECI: r=[-5872.64047186 -3213.06375382  3856.77468304], v=[ 4.40989799 -1.42080351  5.4965428 ]
Epoch 881, t=2460388.440697853:
  TLE_ECI: r=[-2894.98984088 -3533.62920066  6217.48011942], v=[6.48545626 0.12902236 3.09107857]
  RK45_ECI: r=[-5842.32825217 -3225.01915384  3892.44302433], v=[ 4.44349359 -1.40061505  5.47476166]
Epoch 882, t=2460388.4407731164:
  TLE_ECI: r=[-2697.65031409 -3529.66910884  6307.76890755], v=[6.55800398 0.22384414 2.92805033]
  RK45_ECI: r=[-5811.79237975 -3236.8286564   3927.96922744], v=[ 4.47691007 -1.38034298  5.45277938]
Epoch 883, t=2460388.44084838:
  TLE_ECI: r=[-2498.21485506 -3522.77191832  6393.1324566 ], v=[6.62534796 0.31855039 2.76275008]
  RK45_ECI: r=[-5781.03436619 -3248.49153053  3963.35165433], v=[ 4.51014582 -1.35998836  5.43059696]
Epoch 884, t=2460388.440923643:
  TLE_ECI: r=[-2296.84175646 -3512.94130221  6473.50453904], v=[6.687437   0.41306271 2.59530671]
  RK45_ECI: r=[-5750.05547228 -3260.00712163  3998.58900763], v=[ 4.54319953 -1.33955214  5.40821519]
Epoch 885, t=2460388.4409989063:
  TLE_ECI: r=[-2093.69075176 -3500.18337905  6548.82281757], v=[6.74422404 0.50730292 2.42585067]
  RK45_ECI: r=[-5718.85651998 -3271.37495315  4033.68048817], v=[ 4.57607036 -1.31903494  5.38563455]
Epoch 886, t=2460388.4410741697:
  TLE_ECI: r=[-1888.92295118 -3484.50666589  6619.02889111], v=[6.79566619 0.60119297 2.25451391]
  RK45_ECI: r=[-5687.43920036 -3282.59425916  4068.62431178], v=[ 4.60875655 -1.29843796  5.36285616]
Epoch 887, t=2460388.441149433:
  TLE_ECI: r=[-1682.70067409 -3465.92210054  6684.06833746], v=[6.84172474 0.69465511 2.08142973]
  RK45_ECI: r=[-5655.80450757 -3293.66449964  4103.41952272], v=[ 4.64125714 -1.27776196  5.33988062]
Epoch 888, t=2460388.441224696:
  TLE_ECI: r=[-1475.18734181 -3444.44302166  6743.89075321], v=[6.88236523 0.78761187 1.90673272]
  RK45_ECI: r=[-5623.95415916 -3304.58492793  4138.06435365], v=[ 4.67357039 -1.25700815  5.31670909]
Epoch 889, t=2460388.4412999596:
  TLE_ECI: r=[-1266.54730932 -3420.08517654  6798.44979037], v=[6.9175574  0.87998627 1.73055865]
  RK45_ECI: r=[-5591.88900232 -3315.35508782  4172.55802034], v=[ 4.70569549 -1.23617718  5.29334206]
Epoch 890, t=2460388.441375223:
  TLE_ECI: r=[-1056.94579763 -3392.86668089  6847.70319026], v=[6.94727525 0.97170169 1.55304434]
  RK45_ECI: r=[-5559.61034375 -3325.97436106  4206.89925299], v=[ 4.73763118 -1.21526999  5.26978037]
Epoch 891, t=2460388.4414504864:
  TLE_ECI: r=[ -846.54872429 -3362.80802421  6891.61281412], v=[6.97149707 1.06268204 1.37432762]
  RK45_ECI: r=[-5527.11978014 -3336.44207977  4241.08646707], v=[ 4.76937592 -1.19428772  5.24602508]
Epoch 892, t=2460388.44152575:
  TLE_ECI: r=[ -635.52258411 -3329.93204904  6930.14467081], v=[6.9902054  1.1528518  1.19454717]
  RK45_ECI: r=[-5494.41833806 -3346.75773143  4275.11872679], v=[ 4.80092875 -1.17323114  5.22207684]
Epoch 893, t=2460388.441601013:
  TLE_ECI: r=[ -424.03432947 -3294.26393191  6963.26894138], v=[7.00338709 1.24213606 1.01384243]
  RK45_ECI: r=[-5461.50779203 -3356.9206132   4308.994303  ], v=[ 4.83228802 -1.15210147  5.19793683]
Epoch 894, t=2460388.4416762763:
  TLE_ECI: r=[ -212.25120174 -3255.83116978  6990.96000053], v=[7.01103325 1.33046065 0.83235352]
  RK45_ECI: r=[-5428.38901617 -3366.93029215  4342.71242829], v=[ 4.86345294 -1.13089939  5.17360558]
Epoch 895, t=2460388.4417515397:
  TLE_ECI: r=[-3.40659710e-01 -3.21466355e+03  7.01319644e+03], v=[7.0131393  1.41775208 0.65022112]
  RK45_ECI: r=[-5395.06335898 -3376.78618457  4376.27186066], v=[ 4.89442229 -1.10962586  5.14908398]
Epoch 896, t=2460388.441826803:
  TLE_ECI: r=[  211.52978919 -3170.79312978  7029.96105999], v=[7.00970496 1.50393769 0.46758637]
  RK45_ECI: r=[-5361.5324679  -3386.48766333  4409.67105103], v=[ 4.92519458 -1.08828204  5.12437314]
Epoch 897, t=2460388.4419020666:
  TLE_ECI: r=[  423.19270898 -3124.25421857  7041.24092923], v=[7.00073423 1.58894566 0.28459079]
  RK45_ECI: r=[-5327.79740101 -3396.03424366  4442.90908465], v=[ 4.95576889 -1.0668687   5.09947372]
Epoch 898, t=2460388.4419773296:
  TLE_ECI: r=[  634.48085574 -3075.08334423  7047.02734651], v=[6.98623539 1.67270507 0.10137612]
  RK45_ECI: r=[-5293.85998775 -3405.42526745  4475.98427225], v=[ 4.98614363 -1.04538711  5.07438697]
Epoch 899, t=2460388.442052593:
  TLE_ECI: r=[  845.22734332 -3023.31922265  7047.31587066], v=[ 6.96622099  1.75514603 -0.08191572]
  RK45_ECI: r=[-5259.72112816 -3414.66032566  4508.8958641 ], v=[ 5.01631802 -1.02383792  5.04911345]
Epoch 900, t=2460388.4421278564:
  TLE_ECI: r=[ 1055.26571794 -2969.00273588  7042.10631894], v=[ 6.94070788  1.83619959 -0.26514276]
  RK45_ECI: r=[-5225.38221104 -3423.73886971  4541.64264733], v=[ 5.0462909  -1.00222215  5.02365408]
Epoch 901, t=2460388.44220312:
  TLE_ECI: r=[ 1264.43012343 -2912.17689509  7031.40276702], v=[ 6.90971712  1.91579791 -0.44816309]
  RK45_ECI: r=[-5190.84493292 -3432.66031386  4574.22310992], v=[ 5.07606082 -0.98054094  4.99801001]
Epoch 902, t=2460388.4422783833:
  TLE_ECI: r=[ 1472.55542043 -2852.88680836  7015.21354588], v=[ 6.87327403  1.99387429 -0.63083494]
  RK45_ECI: r=[-5156.11038214 -3441.4242017   4606.63635915], v=[ 5.10562691 -0.95879509  4.97218195]
Epoch 903, t=2460388.4423536463:
  TLE_ECI: r=[ 1679.47730593 -2791.17965061  6993.55123571], v=[ 6.83140815  2.07036317 -0.81301682]
  RK45_ECI: r=[-5121.18044125 -3450.02992054  4638.88074735], v=[ 5.1349876  -0.93698588  4.9461712 ]
Epoch 904, t=2460388.4424289097:
  TLE_ECI: r=[ 1885.03247349 -2727.10460801  6966.43265661], v=[ 6.78415318  2.14520029 -0.99456757]
  RK45_ECI: r=[-5086.05603516 -3458.47708569  4670.95554337], v=[ 5.16414216 -0.91511399  4.91997834]
Epoch 905, t=2460388.442504173:
  TLE_ECI: r=[ 2089.05868978 -2660.7128673   6933.87885638], v=[ 6.73154703  2.21832261 -1.17534652]
  RK45_ECI: r=[-5050.73859166 -3466.7651842   4702.85956471], v=[ 5.19308947 -0.89318042  4.89360433]
Epoch 906, t=2460388.4425794366:
  TLE_ECI: r=[ 2291.39495376 -2592.05755821  6895.91509515], v=[ 6.67363175  2.28966845 -1.35521353]
  RK45_ECI: r=[-5015.22985468 -3474.8936723   4734.59133798], v=[ 5.22182813 -0.87118635  4.86705037]
Epoch 907, t=2460388.4426546996:
  TLE_ECI: r=[ 2491.88160577 -2521.19372353  6852.57082689], v=[ 6.61045349  2.3591775  -1.53402916]
  RK45_ECI: r=[-4979.53127234 -3482.86205609  4766.14969805], v=[ 5.25035702 -0.84913279  4.84031744]
Epoch 908, t=2460388.442729963:
  TLE_ECI: r=[ 2690.36048103 -2448.17824794  6803.87967794], v=[ 6.54206248  2.42679093 -1.71165471]
  RK45_ECI: r=[-4943.64378643 -3490.66996833  4797.53392673], v=[ 5.27867542 -0.82702043  4.81340615]
Epoch 909, t=2460388.4428052264:
  TLE_ECI: r=[ 2886.67498762 -2373.06985521  6749.8794225 ], v=[ 6.46851303  2.49245133 -1.88795236]
  RK45_ECI: r=[-4907.56933806 -3498.31684945  4828.74242603], v=[ 5.30678185 -0.80485056  4.78631784]
Epoch 910, t=2460388.44288049:
  TLE_ECI: r=[ 3080.67025845 -2295.9290351   6690.61195501], v=[ 6.38986342  2.55610285 -2.06278527]
  RK45_ECI: r=[-4871.30906182 -3505.80228936  4859.77434044], v=[ 5.33467547 -0.782624    4.75905326]
Epoch 911, t=2460388.4429557533:
  TLE_ECI: r=[ 3272.19326427 -2216.81800256  6626.12325952], v=[ 6.30617594  2.61769121 -2.23601765]
  RK45_ECI: r=[-4834.86474734 -3513.12578697  4890.62823664], v=[ 5.36235493 -0.76034194  4.73161366]
Epoch 912, t=2460388.4430310163:
  TLE_ECI: r=[ 3461.09292662 -2135.80065922  6556.463376  ], v=[ 6.21751679  2.67716372 -2.4075149 ]
  RK45_ECI: r=[-4798.23787972 -3520.28688469  4921.3029817 ], v=[ 5.38981916 -0.7380054   4.70400006]
Epoch 913, t=2460388.4431062797:
  TLE_ECI: r=[ 3647.2202613  -2052.94250299  6481.68636366], v=[ 6.12395605  2.73446943 -2.57714368]
  RK45_ECI: r=[-4761.42942419 -3527.28524034  4951.79787729], v=[ 5.41706746 -0.71561508  4.67621306]
Epoch 914, t=2460388.443181543:
  TLE_ECI: r=[ 3830.42845646 -1968.31063569  6401.85026126], v=[ 6.02556764  2.78955903 -2.74477205]
  RK45_ECI: r=[-4724.44137103 -3534.12034124  4982.11137044], v=[ 5.44409839 -0.6931723   4.64825408]
Epoch 915, t=2460388.4432568066:
  TLE_ECI: r=[ 4010.57301348 -1881.9736713   6317.01704444], v=[ 5.92242927  2.84238497 -2.91026951]
  RK45_ECI: r=[-4687.27488243 -3540.7918068   5012.24263   ], v=[ 5.47091115 -0.67067788  4.62012387]
Epoch 916, t=2460388.44333207:
  TLE_ECI: r=[ 4187.51185391 -1794.00169117  6227.25257995], v=[ 5.81462238  2.89290151 -3.07350715]
  RK45_ECI: r=[-4649.93179214 -3547.29917919  5042.19026407], v=[ 5.49750443 -0.64813304  4.59182374]
Epoch 917, t=2460388.443407333:
  TLE_ECI: r=[ 4361.10542622 -1704.46620136  6132.62657709], v=[ 5.70223209  2.94106473 -3.23435772]
  RK45_ECI: r=[-4612.4134521  -3553.64205709  5071.95331222], v=[ 5.52387733 -0.62553871  4.56335458]
Epoch 918, t=2460388.4434825964:
  TLE_ECI: r=[ 4531.21683613 -1613.44002514  6033.21253604], v=[ 5.58534711  2.9868326  -3.39269576]
  RK45_ECI: r=[-4574.72135598 -3559.82006634  5101.53067884], v=[ 5.55002881 -0.6028959   4.53471744]
Epoch 919, t=2460388.44355786:
  TLE_ECI: r=[ 4697.71192384 -1520.99732034  5929.08769337], v=[ 5.46405972  3.03016498 -3.54839766]
  RK45_ECI: r=[-4536.85703569 -3565.8327991   5130.92127517], v=[ 5.57595786 -0.58020565  4.50591336]
Epoch 920, t=2460388.4436331233:
  TLE_ECI: r=[ 4860.45939114 -1427.21347039  5820.33296461], v=[ 5.33846568  3.07102368 -3.70134177]
  RK45_ECI: r=[-4498.82184854 -3571.67988572  5160.12415588], v=[ 5.60166356 -0.55746889  4.47694325]
Epoch 921, t=2460388.4437083867:
  TLE_ECI: r=[ 5019.33090032 -1332.16503625  5707.03288388], v=[ 5.2086642   3.10937249 -3.85140851]
  RK45_ECI: r=[-4460.61767057 -3577.36091239  5189.13797174], v=[ 5.62714468 -0.53468686  4.44780846]
Epoch 922, t=2460388.4437836497:
  TLE_ECI: r=[ 5174.20117253 -1235.92971048  5589.27554076], v=[ 5.0747578   3.14517722 -3.99848044]
  RK45_ECI: r=[-4422.2458839  -3582.87551199  5217.9617921 ], v=[ 5.65240034 -0.51186051  4.4185099 ]
Epoch 923, t=2460388.443858913:
  TLE_ECI: r=[ 5324.94810254 -1138.58619437  5467.15251423], v=[ 4.93685228  3.17840574 -4.14244238]
  RK45_ECI: r=[-4383.70801586 -3588.22334644  5246.59455567], v=[ 5.67742955 -0.48899086  4.38904865]
Epoch 924, t=2460388.4439341766:
  TLE_ECI: r=[ 5471.45283369 -1040.21422397  5340.75880394], v=[ 4.79505665  3.20902799 -4.28318148]
  RK45_ECI: r=[-4345.00563181 -3593.40404598  5275.03520817], v=[ 5.70223133 -0.46607896  4.35942578]
Epoch 925, t=2460388.44400944:
  TLE_ECI: r=[5613.59986843 -940.8944466  5210.19275858], v=[ 4.64948305  3.23701601 -4.42058734]
  RK45_ECI: r=[-4306.1401184  -3598.417275    5303.28283448], v=[ 5.72680482 -0.44312578  4.32964223]
Epoch 926, t=2460388.444084703:
  TLE_ECI: r=[5751.27715468 -840.70838712 5075.5560016 ], v=[ 4.50024664  3.26234398 -4.55455204]
  RK45_ECI: r=[-4267.11357845 -3603.26263874  5331.33599799], v=[ 5.75114872 -0.42013266  4.2996995 ]
Epoch 927, t=2460388.4441599664:
  TLE_ECI: r=[5884.37618633 -739.73831437 4936.95335424], v=[ 4.34746551  3.28498828 -4.68497032]
  RK45_ECI: r=[-4227.92686445 -3607.93988122  5359.1941922 ], v=[ 5.77526253 -0.39710026  4.26959814]
Epoch 928, t=2460388.44423523:
  TLE_ECI: r=[6012.79207496 -638.06727433 4794.49275594], v=[ 4.19126065  3.30492745 -4.81173958]
  RK45_ECI: r=[-4188.58209411 -3612.44862496  5386.85599745], v=[ 5.79914496 -0.37402992  4.23933965]
Epoch 929, t=2460388.4443104933:
  TLE_ECI: r=[6136.42364557 -535.77895599 4648.28518206], v=[ 4.03175581  3.32214223 -4.93476003]
  RK45_ECI: r=[-4149.08050104 -3616.78857477  5414.32065451], v=[ 5.82279532 -0.35092252  4.20892485]
Epoch 930, t=2460388.4443857567:
  TLE_ECI: r=[6255.17351584 -432.95763935 4498.44455918], v=[ 3.86907741  3.33661563 -5.05393472]
  RK45_ECI: r=[-4109.42403297 -3620.95939749  5441.58689386], v=[ 5.84621245 -0.32777932  4.17835514]
Epoch 931, t=2460388.4444610197:
  TLE_ECI: r=[6368.94817434 -329.6881447  4345.08767782], v=[ 3.70335448  3.34833288 -5.16916967]
  RK45_ECI: r=[-4069.61430178 -3624.96077997  5468.65371384], v=[ 5.86939544 -0.3046014   4.14763164]
Epoch 932, t=2460388.444536283:
  TLE_ECI: r=[6477.65806092 -226.05568855 4188.33410272], v=[ 3.53471848  3.35728153 -5.28037392]
  RK45_ECI: r=[-4029.65235399 -3628.79247861  5495.5204969 ], v=[ 5.8923437  -0.28138952  4.11675502]
Epoch 933, t=2460388.4446115466:
  TLE_ECI: r=[6581.21763316 -122.14592471 4028.30608081], v=[ 3.36330329  3.36345139 -5.38745963]
  RK45_ECI: r=[-3989.54034892 -3632.45416539  5522.1858734 ], v=[ 5.91505604 -0.25814505  4.08572684]
Epoch 934, t=2460388.44468681:
  TLE_ECI: r=[6679.54544118  -18.04479897 3865.12844682], v=[ 3.18924507  3.36683457 -5.49034213]
  RK45_ECI: r=[-3949.27954322 -3635.94557677  5548.64911103], v=[ 5.93753176 -0.23486887  4.05454795]
Epoch 935, t=2460388.4447620735:
  TLE_ECI: r=[6772.56419327   86.16150324 3698.92852661], v=[ 3.01268213  3.36742552 -5.58894001]
  RK45_ECI: r=[-3908.8719216  -3639.26642531  5574.90898613], v=[ 5.95976979 -0.21156226  4.02321976]
Epoch 936, t=2460388.4448373364:
  TLE_ECI: r=[6860.20081991  190.38660866 3529.83603836], v=[ 2.83375486  3.36522098 -5.6831752 ]
  RK45_ECI: r=[-3868.31912545 -3642.41643727  5600.96453372], v=[ 5.98176927 -0.18822632  3.99174343]
Epoch 937, t=2460388.4449126:
  TLE_ECI: r=[6942.38653218  294.54410798 3357.98299166], v=[ 2.65260558  3.36022008 -5.77297302]
  RK45_ECI: r=[-3827.6222203  -3645.39539591  5626.81515878], v=[ 6.00352966 -0.1648618   3.96011965]
Epoch 938, t=2460388.4449878633:
  TLE_ECI: r=[7019.0568809   398.54750895 3183.50358455], v=[ 2.46937846  3.35242424 -5.85826224]
  RK45_ECI: r=[-3786.78340438 -3648.20302375  5652.45954292], v=[ 6.02504979 -0.14147011  3.92835001]
Epoch 939, t=2460388.4450631267:
  TLE_ECI: r=[7090.15180873  502.3103876  3006.53409858], v=[ 2.28421938  3.34183726 -5.9389752 ]
  RK45_ECI: r=[-3745.80395625 -3650.83908908  5677.89698139], v=[ 6.04632905 -0.11805214  3.89643538]
Epoch 940, t=2460388.44513839:
  TLE_ECI: r=[7155.6157001   605.74644117 2827.21279208], v=[ 2.09727583  3.32846527 -6.01504779]
  RK45_ECI: r=[-3704.68589544 -3653.30335077  5703.12629749], v=[ 6.06736642 -0.09460918  3.86437722]
Epoch 941, t=2460388.445213653:
  TLE_ECI: r=[7215.39742955  708.76953969 2645.67979153], v=[ 1.90869679  3.31231674 -6.08641956]
  RK45_ECI: r=[-3663.4308911  -3655.59557492  5728.1465638 ], v=[ 6.08816108 -0.07114233  3.83217669]
Epoch 942, t=2460388.4452889166:
  TLE_ECI: r=[7269.45039614  811.29388285 2462.07698139], v=[ 1.71863256  3.29340252 -6.15303377]
  RK45_ECI: r=[-3622.04002618 -3657.71557242  5752.9572084 ], v=[ 6.10871253 -0.04765236  3.79983451]
Epoch 943, t=2460388.44536418:
  TLE_ECI: r=[7317.73257387  913.2339459  2276.54789215], v=[ 1.52723471  3.27173576 -6.21483742]
  RK45_ECI: r=[-3580.5155359  -3659.6631164   5777.55696536], v=[ 6.1290197  -0.0241407   3.76735232]
Epoch 944, t=2460388.4454394435:
  TLE_ECI: r=[7360.20653924 1014.50463617 2089.23758702], v=[ 1.33465593  3.24733197 -6.27178133]
  RK45_ECI: r=[-3538.85871906 -3661.43800756  5801.94515818], v=[ 6.14908199e+00 -6.08229082e-04  3.73473100e+00]
Epoch 945, t=2460388.4455147064:
  TLE_ECI: r=[7396.83950754 1115.02132241 1900.29254713], v=[ 1.14104987  3.22020898 -6.32382016]
  RK45_ECI: r=[-3497.07182675 -3663.04004201  5826.12054527], v=[6.16889836 0.02294363 3.70197219]
Epoch 946, t=2460388.44558997:
  TLE_ECI: r=[7427.60334739 1214.69999317 1709.86055549], v=[ 0.94657103  3.19038691 -6.37091245]
  RK45_ECI: r=[-3455.15595693 -3664.46905493  5850.08257657], v=[6.18846833 0.0465141  3.66907664]
Epoch 947, t=2460388.4456652333:
  TLE_ECI: r=[7452.47462296 1313.45719843 1518.09057963], v=[ 0.75137466  3.15788821 -6.41302069]
  RK45_ECI: r=[-3413.11280592 -3665.72485615  5873.83036495], v=[6.20779117 0.07010206 3.63604554]
Epoch 948, t=2460388.4457404967:
  TLE_ECI: r=[7471.43460127 1411.21020696 1325.13265323], v=[ 0.5556166   3.1227376  -6.45011132]
  RK45_ECI: r=[-3370.94444425 -3666.80727961  5897.36281115], v=[6.22686595 0.09370621 3.6028804 ]
Epoch 949, t=2460388.44581576:
  TLE_ECI: r=[7484.46927079 1507.87705514 1131.13775677], v=[ 0.35945314  3.08496205 -6.48215477]
  RK45_ECI: r=[-3328.65218952 -3667.71615869  5920.67926763], v=[6.24569213 0.11732564 3.56958214]
Epoch 950, t=2460388.445891023:
  TLE_ECI: r=[7491.56935771 1603.37659496  936.25769722], v=[ 0.16304093  3.0445908  -6.5091255 ]
  RK45_ECI: r=[-3286.23832606 -3668.45134085  5943.77854709], v=[6.26426875 0.14095893 3.53615244]
Epoch 951, t=2460388.4459662866:
  TLE_ECI: r=[7492.73031505 1697.62865099  740.64498704], v=[-0.03346321  3.00165529 -6.53100202]
  RK45_ECI: r=[-3243.70396698 -3669.01268922  5966.66012369], v=[6.28259536 0.1646053  3.50259205]
Epoch 952, t=2460388.44604155:
  TLE_ECI: r=[7487.95235361 1790.55395716  544.45272238], v=[-0.22990236  2.95618917 -6.54776691]
  RK45_ECI: r=[-3201.05083237 -3669.40005423  5989.32314979], v=[6.30067127 0.18826363 3.4689022 ]
Epoch 953, t=2460388.4461168135:
  TLE_ECI: r=[7477.24042352 1882.07431251  347.83446095], v=[-0.4261197   2.90822826 -6.55940681]
  RK45_ECI: r=[-3158.28102168 -3669.61331715  6011.76657604], v=[6.31849564 0.2119326  3.43508446]
Epoch 954, t=2460388.446192077:
  TLE_ECI: r=[7460.6042144  1972.1126256   150.94409925], v=[-0.62195857  2.85781049 -6.56591248]
  RK45_ECI: r=[-3115.39586985 -3669.65234417  6033.98978461], v=[6.33606796 0.23561131 3.40113973]
Epoch 955, t=2460388.44626734:
  TLE_ECI: r=[7438.05815274 2060.59295916  -46.06425044], v=[-0.81726265  2.80497594 -6.56727878]
  RK45_ECI: r=[-3072.39769199 -3669.51703431  6055.99164372], v=[6.35338734 0.25929833 3.36706975]
Epoch 956, t=2460388.4463426033:
  TLE_ECI: r=[7409.62136556 2147.44068227 -243.03638316], v=[-1.01187612  2.74976673 -6.56350467]
  RK45_ECI: r=[-3029.28761504 -3669.20727882  6077.77165242], v=[6.37045338 0.28299289 3.3328753 ]
Epoch 957, t=2460388.4464178667:
  TLE_ECI: r=[7375.31769945 2232.58240304 -439.81812468], v=[-1.20564371  2.69222703 -6.55459323]
  RK45_ECI: r=[-2986.06738099 -3668.72296893  6099.32900349], v=[6.38726543 0.30669385 3.29855763]
Epoch 958, t=2460388.44649313:
  TLE_ECI: r=[7335.17567676 2315.94611874 -636.2554547 ], v=[-1.3984109   2.63240303 -6.54055163]
  RK45_ECI: r=[-2942.73911622 -3668.06403315  6120.66269866], v=[6.40382271 0.33039991 3.26411832]
Epoch 959, t=2460388.4465683936:
  TLE_ECI: r=[7289.22847667 2397.46125625 -832.19462993], v=[-1.59002401  2.57034285 -6.52139117]
  RK45_ECI: r=[-2899.30417129 -3667.23037082  6141.77215052], v=[6.42012476 0.35411015 3.22955834]
Epoch 960, t=2460388.4466436566:
  TLE_ECI: r=[ 7237.51391439  2477.05871045 -1027.48230701], v=[-1.78033037  2.50609655 -6.4971272 ]
  RK45_ECI: r=[-2855.76488975 -3666.22193262  6162.65628404], v=[6.43617075 0.37782316 3.19487943]
Epoch 961, t=2460388.44671892:
  TLE_ECI: r=[ 7180.07437991  2554.67098864 -1221.96566481], v=[-1.96917841  2.43971605 -6.46777917]
  RK45_ECI: r=[-2812.12241138 -3665.03863778  6183.31462379], v=[6.45196031 0.40153815 3.16008239]
Epoch 962, t=2460388.4467941835:
  TLE_ECI: r=[ 7116.95684462  2630.23214084 -1415.49252656], v=[-2.15641783  2.3712551  -6.43337059]
  RK45_ECI: r=[-2768.37849822 -3663.68041844  6203.74640387], v=[6.46749285 0.42525399 3.12516851]
Epoch 963, t=2460388.446869447:
  TLE_ECI: r=[ 7048.2127931   2703.67790106 -1607.91148109], v=[-2.34189966  2.30076927 -6.39392898]
  RK45_ECI: r=[-2724.53530121 -3662.14725066  6223.95067813], v=[6.48276765 0.44896938 3.09013941]
Epoch 964, t=2460388.44694471:
  TLE_ECI: r=[ 6973.89819446  2774.94570056 -1799.0720035 ], v=[-2.52547645  2.22831582 -6.34948589]
  RK45_ECI: r=[-2680.59459286 -3660.4390876   6243.92670387], v=[6.49778414 0.4726832  3.05499638]
Epoch 965, t=2460388.4470199733:
  TLE_ECI: r=[ 6894.0734224   2843.97480334 -1988.82457484], v=[-2.70700238  2.1539537  -6.30007683]
  RK45_ECI: r=[-2636.55752084 -3658.55586886  6263.67402322], v=[6.51254199 0.49639465 3.01974022]
Epoch 966, t=2460388.4470952367:
  TLE_ECI: r=[ 6808.8032523   2910.70623445 -2177.0208011 ], v=[-2.88633334  2.07774352 -6.24574128]
  RK45_ECI: r=[-2592.42645845 -3656.49760466  6283.1916275 ], v=[6.52704042 0.52010233 2.98437274]
Epoch 967, t=2460388.4471705:
  TLE_ECI: r=[ 6718.15677433  2975.082913   -2363.51353086], v=[-3.0633271   1.99974744 -6.18652259]
  RK45_ECI: r=[-2548.20277887 -3654.2642471   6302.47897938], v=[6.54127905 0.54380531 2.94889492]
Epoch 968, t=2460388.4472457636:
  TLE_ECI: r=[ 6622.20734317  3037.04967957 -2548.156972  ], v=[-3.23784339  1.92002917 -6.12246802]
  RK45_ECI: r=[-2503.88865566 -3651.85581968  6321.53518579], v=[6.5552572  0.5675023  2.91330839]
Epoch 969, t=2460388.4473210266:
  TLE_ECI: r=[ 6521.03252502  3096.55332444 -2730.806807  ], v=[-3.40974405  1.83865387 -6.05362861]
  RK45_ECI: r=[-2459.48587887 -3649.27231649  6340.35954655], v=[6.56897437 0.59119215 2.87761449]
Epoch 970, t=2460388.44739629:
  TLE_ECI: r=[ 6414.71399613  3153.54270955 -2911.32030689], v=[-3.57889309  1.75568811 -5.9800592 ]
  RK45_ECI: r=[-2414.99560702 -3646.51370532  6358.95163018], v=[6.58243023 0.6148741  2.84181401]
Epoch 971, t=2460388.4474715535:
  TLE_ECI: r=[ 6303.33752822  3207.96869601 -3089.5564439 ], v=[-3.74515687  1.67119982 -5.90181836]
  RK45_ECI: r=[-2370.42023691 -3643.58004819  6377.31048695], v=[6.5956241  0.63854672 2.8059088 ]
Epoch 972, t=2460388.447546817:
  TLE_ECI: r=[ 6186.99288068  3259.78426309 -3265.37600231], v=[-3.90840414  1.58525822 -5.81896831]
  RK45_ECI: r=[-2325.76115435 -3640.47133016  6395.43561156], v=[6.60855561 0.66220909 2.76989984]
Epoch 973, t=2460388.4476220803:
  TLE_ECI: r=[ 6065.77373419  3308.94452897 -3438.6416878 ], v=[-4.06850619  1.49793378 -5.73157492]
  RK45_ECI: r=[-2281.02055323 -3637.18762241  6413.32616482], v=[6.62122415 0.68585991 2.73378881]
Epoch 974, t=2460388.4476973433:
  TLE_ECI: r=[ 5939.77762248  3355.40677078 -3609.21823506], v=[-4.22533691  1.40929812 -5.63970757]
  RK45_ECI: r=[-2236.20003706 -3633.72893835  6430.98157203], v=[6.63362932 0.70949815 2.69757686]
Epoch 975, t=2460388.4477726067:
  TLE_ECI: r=[ 5809.10581171  3399.13053097 -3776.97251338], v=[-4.37877296  1.31942396 -5.54343917]
  RK45_ECI: r=[-2191.3013816  -3630.0953389   6448.40118149], v=[6.64577067 0.73312273 2.66126534]
Epoch 976, t=2460388.44784787:
  TLE_ECI: r=[ 5673.86327488  3440.07754559 -3941.77363066], v=[-4.52869378  1.2283851  -5.44284605]
  RK45_ECI: r=[-2146.32639753 -3626.286873    6465.58435027], v=[6.65764773 0.75673252 2.62485558]
Epoch 977, t=2460388.4479231336:
  TLE_ECI: r=[ 5534.15856583  3478.21184735 -4103.49303508], v=[-4.67498174  1.1362563  -5.33800788]
  RK45_ECI: r=[-2101.27668419 -3622.30358058  6482.53052314], v=[6.66926013 0.78032651 2.58834877]
Epoch 978, t=2460388.4479983966:
  TLE_ECI: r=[ 5390.10374937  3513.49976216 -4262.00461498], v=[-4.8175222   1.04311325 -5.22900764]
  RK45_ECI: r=[-2056.15466846 -3618.14559887  6499.23883769], v=[6.68060728 0.80390326 2.55174676]
Epoch 979, t=2460388.44807366:
  TLE_ECI: r=[ 5241.81426764  3545.91000115 -4417.18479627], v=[-4.95620364  0.94903247 -5.11593153]
  RK45_ECI: r=[-2010.96132269 -3613.8129234   6515.7089909 ], v=[6.69168896 0.82746211 2.51505021]
Epoch 980, t=2460388.4481489235:
  TLE_ECI: r=[ 5089.40890658  3575.41359057 -4568.91263803], v=[-5.09091769  0.8540913  -4.99886888]
  RK45_ECI: r=[-1965.69908016 -3609.3057096   6531.94014126], v=[6.70250462 0.85100161 2.478261  ]
Epoch 981, t=2460388.448224187:
  TLE_ECI: r=[ 4933.00965746  3601.98396064 -4717.06992547], v=[-5.22155922  0.75836777 -4.87791208]
  RK45_ECI: r=[-1920.36934573 -3604.62400239  6547.93184206], v=[6.71305396 0.87452085 2.44138013]
Epoch 982, t=2460388.4482994503:
  TLE_ECI: r=[ 4772.74162709  3625.59695153 -4861.54126072], v=[-5.34802648  0.66194061 -4.75315651]
  RK45_ECI: r=[-1874.97434492 -3599.76795868  6563.6833529 ], v=[6.7233365  0.89801853 2.40440931]
Epoch 983, t=2460388.4483747133:
  TLE_ECI: r=[ 4608.73294638  3646.23081991 -5002.21415119], v=[-5.47022107  0.56488912 -4.62470047]
  RK45_ECI: r=[-1829.51590777 -3594.73768755  6579.19409576], v=[6.73335185 0.92149351 2.36734991]
Epoch 984, t=2460388.4484499767:
  TLE_ECI: r=[ 4441.11462311  3663.86631192 -5138.97909532], v=[-5.58804812  0.46729308 -4.49264506]
  RK45_ECI: r=[-1783.99521754 -3589.53323609  6594.46371477], v=[6.74309981 0.944945   2.33020277]
Epoch 985, t=2460388.44852524:
  TLE_ECI: r=[ 4270.02049952  3678.48659638 -5271.72966613], v=[-5.70141626  0.3692328  -4.35709412]
  RK45_ECI: r=[-1738.41472441 -3584.15481171  6609.49142956], v=[6.75257986 0.96837157 2.29296977]
Epoch 986, t=2460388.4486005036:
  TLE_ECI: r=[ 4095.58710128  3690.07733444 -5400.36259183], v=[-5.81023775  0.27078895 -4.21815414]
  RK45_ECI: r=[-1692.77584192 -3578.60249268  6624.27682642], v=[6.76179178 0.99177232 2.25565193]
Epoch 987, t=2460388.448675767:
  TLE_ECI: r=[ 3917.95353771  3698.62667772 -5524.77783406], v=[-5.91442851  0.17204252 -4.07593418]
  RK45_ECI: r=[-1647.08081    -3572.87648364  6638.81922069], v=[6.77073512 1.01514592 2.21825099]
Epoch 988, t=2460388.44875103:
  TLE_ECI: r=[ 3737.26140033  3704.12526737 -5644.87866338], v=[-6.0139082   0.07307478 -3.93054576]
  RK45_ECI: r=[-1601.33146934 -3566.97693497  6653.1180789 ], v=[6.77940959 1.03849124 2.18076831]
Epoch 989, t=2460388.4488262935:
  TLE_ECI: r=[ 3553.65460598  3706.56628618 -5760.571732  ], v=[-6.10860026 -0.02603286 -3.7821028 ]
  RK45_ECI: r=[-1555.52900984 -3560.90392224  6667.17307269], v=[6.78781499 1.0618075  2.14320475]
Epoch 990, t=2460388.448901557:
  TLE_ECI: r=[ 3367.27934622  3705.94539715 -5871.76714392], v=[-6.19843195 -0.12519879 -3.63072147]
  RK45_ECI: r=[-1509.67589601 -3554.65770484  6680.98348344], v=[6.7959509  1.08509327 2.10556222]
Epoch 991, t=2460388.4489768203:
  TLE_ECI: r=[ 3178.28392718  3702.26079285 -5978.37852218], v=[-6.28333441 -0.22434139 -3.47652018]
  RK45_ECI: r=[-1463.77354848 -3548.23839456  6694.5489308 ], v=[6.80381713 1.10834763 2.06784174]
Epoch 992, t=2460388.449052084:
  TLE_ECI: r=[ 2986.81866201  3695.51318574 -6080.32307327], v=[-6.36324272 -0.32337902 -3.31961941]
  RK45_ECI: r=[-1417.82421917 -3541.64624375  6707.8687864 ], v=[6.81141331 1.13156927 2.03004505]
Epoch 993, t=2460388.4491273467:
  TLE_ECI: r=[ 2793.03576217  3685.70579972 -6177.52164886], v=[-6.43809593 -0.42223011 -3.16014167]
  RK45_ECI: r=[-1371.82975767 -3534.88144402  6720.94256175], v=[6.81873921 1.15475707 1.99217356]
Epoch 994, t=2460388.44920261:
  TLE_ECI: r=[ 2597.0891733   3672.8444015  -6269.89880441], v=[-6.50783707 -0.52081326 -2.99821136]
  RK45_ECI: r=[-1325.79135904 -3527.94409959  6733.76995625], v=[6.82579466 1.17791021 1.9542281 ]
Epoch 995, t=2460388.4492778736:
  TLE_ECI: r=[ 2399.1345183   3656.9372452  -6357.38285521], v=[-6.57241324 -0.61904723 -2.83395471]
  RK45_ECI: r=[-1279.7114995  -3520.83452174  6746.35031367], v=[6.83257933 1.2010273  1.91621062]
Epoch 996, t=2460388.449353137:
  TLE_ECI: r=[ 2199.32893105  3637.99510092 -6439.90592924], v=[-6.6317756  -0.71685105 -2.66749966]
  RK45_ECI: r=[-1233.59160521 -3513.55285578  6758.68328732], v=[6.83909306 1.22410741 1.87812216]
Epoch 997, t=2460388.4494284:
  TLE_ECI: r=[ 1997.83095408  3616.03123176 -6517.40401721], v=[-6.68587941 -0.81414407 -2.49897577]
  RK45_ECI: r=[-1187.4341569  -3506.09943623  6770.76824955], v=[6.84533555 1.24714912 1.83996464]
Epoch 998, t=2460388.4495036635:
  TLE_ECI: r=[ 1794.80037122  3591.06140808 -6589.81701959], v=[-6.73468407 -0.91084608 -2.32851412]
  RK45_ECI: r=[-1141.24035331 -3498.47439236  6782.60492569], v=[6.85130669 1.27015163 1.80173894]
Epoch 999, t=2460388.449578927:
  TLE_ECI: r=[ 1590.39814624  3563.10385808 -6657.0887908 ], v=[-6.77815312 -1.00687725 -2.1562472 ]
  RK45_ECI: r=[-1095.01205086 -3490.67796057  6794.19287478], v=[6.85700628 1.29311384 1.76344645]
Epoch 1000, t=2460388.4496541903:
  TLE_ECI: r=[ 1384.7862541   3532.17927925 -6719.16718028], v=[-6.81625428 -1.10215832 -1.98230883]
  RK45_ECI: r=[-1048.75151568 -3482.71046939  6805.53155971], v=[6.86243409 1.31603442 1.72508896]
Epoch 1001, t=2460388.449729454:
  TLE_ECI: r=[ 1178.12756489  3498.31081602 -6776.00407062], v=[-6.84895946 -1.19661058 -1.80683406]
  RK45_ECI: r=[-1002.4601778  -3474.57209756  6816.62066779], v=[6.86759003 1.33891247 1.6866675 ]
Epoch 1002, t=2460388.4498047167:
  TLE_ECI: r=[  970.58572689  3461.52403905 -6827.55541268], v=[-6.87624478 -1.29015593 -1.62995905]
  RK45_ECI: r=[ -956.1405257  -3466.26323129  6827.45963466], v=[6.87247385 1.36174658 1.64818404]
Epoch 1003, t=2460388.44987998:
  TLE_ECI: r=[  762.32499845  3421.84693772 -6873.78125763], v=[-6.89809058 -1.38271705 -1.45182098]
  RK45_ECI: r=[ -909.79376073 -3457.78402835  6838.04821394], v=[6.87708549 1.38453597 1.60963945]
Epoch 1004, t=2460388.4499552436:
  TLE_ECI: r=[  553.51018133  3379.3098794  -6914.64578614], v=[-6.9144814  -1.47421731 -1.27255794]
  RK45_ECI: r=[ -863.42174382 -3449.13476624  6848.3860106 ], v=[6.88142483 1.4072795  1.57103515]
Epoch 1005, t=2460388.450030507:
  TLE_ECI: r=[  344.30645177  3333.94559946 -6950.11733433], v=[-6.92540606 -1.56458091 -1.09230886]
  RK45_ECI: r=[ -817.02674666 -3440.31582077  6858.47254527], v=[6.8854917  1.4299759  1.53237292]
Epoch 1006, t=2460388.4501057705:
  TLE_ECI: r=[  134.87924254  3285.7891726  -6980.16841679], v=[-6.93085757 -1.65373292 -0.91121337]
  RK45_ECI: r=[ -770.61020151 -3431.32740403  6868.30753964], v=[6.88928605 1.45262424 1.49365384]
Epoch 1007, t=2460388.4501810335:
  TLE_ECI: r=[  -74.6058758   3234.87798599 -7004.77574655], v=[-6.93083322 -1.74159933 -0.72941171]
  RK45_ECI: r=[ -724.17460201 -3422.16995348  6877.89049324], v=[6.89280772 1.47522315 1.45487986]
Epoch 1008, t=2460388.450256297:
  TLE_ECI: r=[ -283.98336122  3181.2517104  -7023.92025191], v=[-6.9253345  -1.82810719 -0.54704464]
  RK45_ECI: r=[ -677.72115059 -3412.8436553   6887.22118834], v=[6.89605669 1.49777183 1.41605189]
Epoch 1009, t=2460388.4503315603:
  TLE_ECI: r=[ -493.08777094  3124.95226884 -7037.58709038], v=[-6.91436715 -1.91318452 -0.36425334]
  RK45_ECI: r=[ -631.25171062 -3403.34882776  6896.29927629], v=[6.8990329  1.52026918 1.37717135]
Epoch 1010, t=2460388.450406824:
  TLE_ECI: r=[ -701.75392781  3066.0238054  -7045.7656594 ], v=[-6.89794114 -1.99676046 -0.18117928]
  RK45_ECI: r=[ -584.76855695 -3393.6858936   6905.12433608], v=[6.90173625 1.54271392 1.33824005]
Epoch 1011, t=2460388.450482087:
  TLE_ECI: r=[ -909.81703829  3004.51265083 -7048.4496041 ], v=[-6.87607064e+00 -2.07876532e+00  2.03584542e-03]
  RK45_ECI: r=[ -538.27312246 -3383.85509792  6913.69612414], v=[6.90416673 1.56510515 1.29925906]
Epoch 1012, t=2460388.45055735:
  TLE_ECI: r=[-1117.11281126  2940.46728999 -7045.63682194], v=[-6.84877405 -2.1591306   0.18525026]
  RK45_ECI: r=[ -491.76790322 -3373.85692904  6922.01420453], v=[6.90632427 1.58744149 1.26023037]
Epoch 1013, t=2460388.4506326136:
  TLE_ECI: r=[-1323.47761961  2873.93831219 -7037.32946427], v=[-6.81607393 -2.2377891   0.36832216]
  RK45_ECI: r=[ -445.25410136 -3363.69160122  6930.07838849], v=[6.90820888 1.60972218 1.22115489]
Epoch 1014, t=2460388.450707877:
  TLE_ECI: r=[-1528.74857416  2804.97838973 -7023.53393497], v=[-6.77799703 -2.31467491  0.55110986]
  RK45_ECI: r=[ -398.73358084 -3353.35947312  6937.88837425], v=[6.90982055 1.63194611 1.18203405]
Epoch 1015, t=2460388.4507831405:
  TLE_ECI: r=[-1732.76368492  2733.64222602 -7004.26088582], v=[-6.73457426 -2.38972348  0.73347186]
  RK45_ECI: r=[ -352.2086172  -3342.86101387  6945.44379966], v=[6.91115925 1.65411204 1.14286969]
Epoch 1016, t=2460388.4508584035:
  TLE_ECI: r=[-1935.36196944  2659.98652169 -6979.52520898], v=[-6.68584064 -2.46287169  0.91526699]
  RK45_ECI: r=[ -305.68107407 -3332.19660263  6952.74438898], v=[6.91222501 1.67621887 1.10366325]
Epoch 1017, t=2460388.450933667:
  TLE_ECI: r=[-2136.38360887  2584.06990866 -6949.34602622], v=[-6.6318353  -2.53405792  1.09635446]
  RK45_ECI: r=[ -259.15215243 -3321.36647387  6959.78997331], v=[6.91301786 1.69826583 1.06441563]
Epoch 1018, t=2460388.4510089303:
  TLE_ECI: r=[-2335.67002398  2505.95293689 -6913.74667534], v=[-6.57260146 -2.60322203  1.276594  ]
  RK45_ECI: r=[ -212.62434808 -3310.37117369  6966.58019121], v=[6.91353781 1.72025158 1.02512885]
Epoch 1019, t=2460388.451084194:
  TLE_ECI: r=[-2533.06403008  2425.69800651 -6872.75469332], v=[-6.50818639 -2.67030546  1.45584594]
  RK45_ECI: r=[ -166.09909168 -3299.21099929  6973.1148555 ], v=[6.91378492 1.74217523 0.985804  ]
Epoch 1020, t=2460388.451159457:
  TLE_ECI: r=[-2728.40995062  2343.36932457 -6826.4017965 ], v=[-6.43864136 -2.73525127  1.63397134]
  RK45_ECI: r=[ -119.57865739 -3287.88646564  6979.39366339], v=[6.91375922 1.76403555 0.94644291]
Epoch 1021, t=2460388.45123472:
  TLE_ECI: r=[-2921.55373146  2259.03286358 -6774.72385769], v=[-6.36402164 -2.79800415  1.81083207]
  RK45_ECI: r=[  -73.06490643 -3276.39799154  6985.41638656], v=[6.9134608  1.78583145 0.90704704]
Epoch 1022, t=2460388.4513099836:
  TLE_ECI: r=[-3112.34308729  2172.75627658 -6717.76088026], v=[-6.28438641 -2.85851058  1.98629089]
  RK45_ECI: r=[  -26.55903755 -3264.74583896  6991.1828856 ], v=[6.9128897  1.80756219 0.86761731]
Epoch 1023, t=2460388.451385247:
  TLE_ECI: r=[-3300.62757961  2084.60889389 -6655.55696918], v=[-6.19979879 -2.91671872  2.16021161]
  RK45_ECI: r=[   19.93645638 -3252.93060351  6996.69286462], v=[6.91204603 1.82922644 0.82815572]
Epoch 1024, t=2460388.4514605105:
  TLE_ECI: r=[-3486.25876116  1994.66163648 -6588.16029902], v=[-6.11032574 -2.97257854  2.33245913]
  RK45_ECI: r=[   66.42014777 -3240.95261445  7001.94617202], v=[6.91092986 1.85082331 0.78866339]
Epoch 1025, t=2460388.451535774:
  TLE_ECI: r=[-3669.09028491  1902.98696843 -6515.62307893], v=[-6.01603803 -3.02604186  2.50289958]
  RK45_ECI: r=[  112.88976612 -3228.81243198  7006.94256463], v=[6.90954131 1.87235159 0.74914214]
Epoch 1026, t=2460388.451611037:
  TLE_ECI: r=[-3848.97801312  1809.65885136 -6438.00151461], v=[-5.91701023 -3.07706237  2.67140041]
  RK45_ECI: r=[  159.34345435 -3216.51051407  7011.68186186], v=[6.90788049 1.89381022 0.70959345]
Epoch 1027, t=2460388.4516863003:
  TLE_ECI: r=[-4025.78015182  1714.75264173 -6355.35576726], v=[-5.81332056 -3.12559572  2.83783049]
  RK45_ECI: r=[  205.78001713 -3204.04714986  7016.16395391], v=[6.9059475  1.91519846 0.67001823]
Epoch 1028, t=2460388.451761564:
  TLE_ECI: r=[-4199.35732925  1618.3450976  -6267.74990958], v=[-5.70505095 -3.17159948  3.00206019]
  RK45_ECI: r=[  252.19696677 -3191.42298386  7020.38861068], v=[6.9037425  1.93651499 0.6304185 ]
Epoch 1029, t=2460388.451836827:
  TLE_ECI: r=[-4369.57272768  1520.51427438 -6175.25187876], v=[-5.59228691 -3.21503323  3.16396151]
  RK45_ECI: r=[  298.59288012 -3178.638377    7024.35571629], v=[6.90126561 1.95775894 0.59079537]
Epoch 1030, t=2460388.4519120906:
  TLE_ECI: r=[-4536.29218549  1421.33947393 -6077.93342651], v=[-5.47511752 -3.25585859  3.32340816]
  RK45_ECI: r=[  344.96549247 -3165.69393418  7028.06508742], v=[6.898517   1.97892912 0.55115068]
Epoch 1031, t=2460388.4519873536:
  TLE_ECI: r=[-4699.38429941  1320.90119519 -5975.87006619], v=[-5.35363533 -3.29403923  3.48027567]
  RK45_ECI: r=[  391.31316319 -3152.59009103  7031.51660687], v=[6.89549684 2.00002456 0.51148571]
Epoch 1032, t=2460388.452062617:
  TLE_ECI: r=[-4858.72054415  1219.28101609 -5869.14101693], v=[-5.22793626 -3.32954099  3.63444147]
  RK45_ECI: r=[  437.63406991 -3139.3273467   7034.71014771], v=[6.89220528 2.02104428 0.47180193]
Epoch 1033, t=2460388.4521378805:
  TLE_ECI: r=[-5014.17535045  1116.56160896 -5757.82914496], v=[-5.09811966 -3.36233178  3.785785  ]
  RK45_ECI: r=[  483.92636403 -3125.90621087  7037.64559263], v=[6.88864252 2.04198722 0.43210082]
Epoch 1034, t=2460388.452213144:
  TLE_ECI: r=[-5165.62622121  1012.82662133 -5642.02090199], v=[-4.96428809 -3.39238171  3.93418779]
  RK45_ECI: r=[  530.1884177  -3112.32713686  7040.32284583], v=[6.88480874 2.06285245 0.39238366]
Epoch 1035, t=2460388.452288407:
  TLE_ECI: r=[-5312.95382242   908.16063752 -5521.80626075], v=[-4.82654736 -3.41966308  4.07953359]
  RK45_ECI: r=[  576.41775514 -3098.59083894  7042.7417732 ], v=[6.8807042  2.08363869 0.35265248]
Epoch 1036, t=2460388.4523636703:
  TLE_ECI: r=[-5456.04208951   802.64904893 -5397.27864775], v=[-4.68500637 -3.44415045  4.22170841]
  RK45_ECI: r=[  622.61339999 -3084.69759215  7044.90233156], v=[6.87632902 2.10434528 0.312908  ]
Epoch 1037, t=2460388.452438934:
  TLE_ECI: r=[-5594.7783035    696.37807716 -5268.5348732 ], v=[-4.5397771  -3.4658206   4.36060066]
  RK45_ECI: r=[  668.77288013 -3070.6481275   7046.80440955], v=[6.87168351 2.12497094 0.27315226]
Epoch 1038, t=2460388.452514197:
  TLE_ECI: r=[-5729.05319317   589.43464355 -5135.67505823], v=[-4.39097448 -3.48465261  4.49610122]
  RK45_ECI: r=[  714.89478377 -3056.44286213  7048.44795556], v=[6.86676786 2.14551483 0.23338635]
Epoch 1039, t=2460388.4525894606:
  TLE_ECI: r=[-5858.76102016   481.90631362 -4998.80255933], v=[-4.23871632 -3.50062785  4.62810353]
  RK45_ECI: r=[  760.97686226 -3042.08247997  7049.83289417], v=[6.86158235 2.16597577 0.19361212]
Epoch 1040, t=2460388.4526647236:
  TLE_ECI: r=[-5983.79966328   373.88124365 -4858.02389021], v=[-4.08312326 -3.51373003  4.75650367]
  RK45_ECI: r=[  807.01727968 -3027.56754629  7050.95917867], v=[6.85612726 2.18635274 0.15383103]
Epoch 1041, t=2460388.452739987:
  TLE_ECI: r=[-6104.07070598   265.44803924 -4713.44864092], v=[-3.92431857 -3.52394521  4.88120047]
  RK45_ECI: r=[  853.01485592 -3012.8984249   7051.82678226], v=[6.85040278 2.20664502 0.114044  ]
Epoch 1042, t=2460388.4528152505:
  TLE_ECI: r=[-6219.4795088    156.69578628 -4565.18939447], v=[-3.76242821 -3.5312618   5.00209559]
  RK45_ECI: r=[  898.96713103 -2998.07589394  7052.43565959], v=[6.84440926 2.22685134 0.07425306]
Epoch 1043, t=2460388.452890514:
  TLE_ECI: r=[-6329.93529174    47.71390983 -4413.36164089], v=[-3.5975806  -3.5356706   5.11909357]
  RK45_ECI: r=[  944.87270155 -2983.10040136  7052.7857947 ], v=[6.83814696 2.24697086 0.03445929]
Epoch 1044, t=2460388.4529657774:
  TLE_ECI: r=[-6435.351207     -61.4078828  -4258.08368883], v=[-3.42990661 -3.53716481  5.23210196]
  RK45_ECI: r=[  990.72933084 -2967.97267425  7052.87717208], v=[ 6.83161622e+00  2.26700243e+00 -5.33545080e-03]
Epoch 1045, t=2460388.4530410403:
  TLE_ECI: r=[-6535.64441063  -170.57965675 -4099.47657466], v=[-3.25953943 -3.53574001  5.34103138]
  RK45_ECI: r=[ 1036.53519412 -2952.69331528  7052.70979277], v=[ 6.82481738  2.28694505 -0.0451297 ]
Epoch 1046, t=2460388.453116304:
  TLE_ECI: r=[-6630.73612881  -279.71140002 -3937.66396933], v=[-3.0866144  -3.53139423  5.44579558]
  RK45_ECI: r=[ 1082.2891192  -2937.26271444  7052.28365949], v=[ 6.81775066  2.30679798 -0.08492256]
Epoch 1047, t=2460388.453191567:
  TLE_ECI: r=[-6720.55172478  -388.71298398 -3772.77208284], v=[-2.91126905 -3.52412793  5.54631153]
  RK45_ECI: r=[ 1127.98866054 -2921.68169644  7051.59879286], v=[ 6.8104165   2.32656    -0.12471199]
Epoch 1048, t=2460388.4532668306:
  TLE_ECI: r=[-6805.02075928  -497.49431436 -3604.92956654], v=[-2.73364286 -3.51394395  5.64249951]
  RK45_ECI: r=[ 1173.63242472 -2905.95073959  7050.65521246], v=[ 6.80281518  2.34623027 -0.16449691]
Epoch 1049, t=2460388.4533420936:
  TLE_ECI: r=[-6884.0770509   -605.96536677 -3434.26741318], v=[-2.55387722 -3.50084762  5.73428316]
  RK45_ECI: r=[ 1219.21797367 -2890.07068923  7049.45296889], v=[ 6.79494718  2.36580757 -0.20427528]
Epoch 1050, t=2460388.453417357:
  TLE_ECI: r=[-6957.65872404  -714.03634249 -3260.91885501], v=[-2.37211525 -3.4848467   5.82158955]
  RK45_ECI: r=[ 1264.74414311 -2874.04195781  7047.99209211], v=[ 6.78681275  2.38529118 -0.24404621]
Epoch 1051, t=2460388.4534926205:
  TLE_ECI: r=[-7025.70827006  -821.61762326 -3085.01925976], v=[-2.18850179 -3.46595135  5.90434924]
  RK45_ECI: r=[ 1310.20912251 -2857.86518835  7046.27263306], v=[ 6.7784123   2.40468011 -0.28380822]
Epoch 1052, t=2460388.453567884:
  TLE_ECI: r=[-7088.17258906  -928.61992641 -2906.70602474], v=[-2.00318317 -3.4441742   5.98249635]
  RK45_ECI: r=[ 1355.61069945 -2841.54117559  7044.29467197], v=[ 6.76974628  2.42397324 -0.32355948]
Epoch 1053, t=2460388.4536431474:
  TLE_ECI: r=[-7145.00303557 -1034.95435992 -2726.11846908], v=[-1.81630719 -3.41953029  6.05596866]
  RK45_ECI: r=[ 1400.94749188 -2825.07042789  7042.05826392], v=[ 6.76081503  2.44316976 -0.36329889]
Epoch 1054, t=2460388.4537184103:
  TLE_ECI: r=[-7196.15546262 -1140.53247626 -2543.39772426], v=[-1.62802292 -3.39203708  6.12470757]
  RK45_ECI: r=[ 1446.21708012 -2808.45383596  7039.56352534], v=[ 6.7516191   2.46226846 -0.40302445]
Epoch 1055, t=2460388.453793674:
  TLE_ECI: r=[-7241.59024564 -1245.26643111 -2358.68662292], v=[-1.4384806  -3.36171447  6.18865826]
  RK45_ECI: r=[ 1491.41831027 -2791.69183781  7036.81051559], v=[ 6.74215879  2.48126864 -0.44273523]
Epoch 1056, t=2460388.453868937:
  TLE_ECI: r=[-7281.27233481 -1349.06893186 -2172.12958611], v=[-1.24783155 -3.32858471  6.24776966]
  RK45_ECI: r=[ 1536.54938706 -2774.78511275  7033.79933322], v=[ 6.73243456  2.50016933 -0.48242977]
Epoch 1057, t=2460388.4539442006:
  TLE_ECI: r=[-7315.17127216 -1451.85339496 -1983.87250913], v=[-1.05622802 -3.29267248  6.30199455]
  RK45_ECI: r=[ 1581.60811626 -2757.73449687  7030.53011817], v=[ 6.72244694  2.51896942 -0.52210625]
Epoch 1058, t=2460388.454019464:
  TLE_ECI: r=[-7343.26122011 -1553.53399893 -1794.06264587], v=[-0.86382305 -3.2540048   6.35128959]
  RK45_ECI: r=[ 1626.59312891 -2740.54052805  7027.00296099], v=[ 6.71219632  2.53766813 -0.56176357]
Epoch 1059, t=2460388.454094727:
  TLE_ECI: r=[-7365.52098824 -1654.0257354  -1602.84849202], v=[-0.67077036 -3.21261105  6.39561533]
  RK45_ECI: r=[ 1671.5020263  -2723.20414153  7023.21804382], v=[ 6.70168331  2.55626426 -0.60139971]
Epoch 1060, t=2460388.4541699905:
  TLE_ECI: r=[-7381.9340319  -1753.24456813 -1410.37966704], v=[-0.4772242  -3.16852294  6.4349363 ]
  RK45_ECI: r=[ 1716.33366637 -2705.72580036  7019.17545542], v=[ 6.69090827  2.57475715 -0.64101377]
Epoch 1061, t=2460388.454245254:
  TLE_ECI: r=[-7392.4884946  -1851.10737467 -1216.80679503], v=[-0.28333926 -3.12177447  6.469221  ]
  RK45_ECI: r=[ 1761.08627091 -2688.10621953  7014.87534191], v=[ 6.6798717   2.59314583 -0.68060428]
Epoch 1062, t=2460388.4543205174:
  TLE_ECI: r=[-7397.17719928 -1947.53210418 -1022.28138471], v=[-0.0892705  -3.07240192  6.49844194]
  RK45_ECI: r=[ 1805.75766647 -2670.34627554  7010.31790284], v=[ 6.66857421  2.61142924 -0.72016941]
Epoch 1063, t=2460388.454395781:
  TLE_ECI: r=[-7395.99765904 -2042.43782574  -826.95570859], v=[ 0.10482696 -3.02044383  6.52257568]
  RK45_ECI: r=[ 1850.34649876 -2652.44653518  7005.50326421], v=[ 6.65701623  2.62960659 -0.75970808]
Epoch 1064, t=2460388.454471044:
  TLE_ECI: r=[-7388.95208556 -2135.74477539  -630.98268127], v=[ 0.29879799 -2.96594096  6.54160286]
  RK45_ECI: r=[ 1894.85039256 -2634.40797724  7000.43167383], v=[ 6.64519846  2.64767674 -0.79921825]
Epoch 1065, t=2460388.454546307:
  TLE_ECI: r=[-7376.04736222 -2227.37451202  -434.5157373 ], v=[ 0.49248756 -2.90893623  6.55550819]
  RK45_ECI: r=[ 1939.26821889 -2616.23108932  6995.10324983], v=[ 6.63312128  2.66563902 -0.83869904]
Epoch 1066, t=2460388.4546215707:
  TLE_ECI: r=[-7357.29507505 -2317.24985399  -237.70870842], v=[ 0.68574088 -2.84947472  6.56428046]
  RK45_ECI: r=[ 1983.59821882 -2597.91662113  6989.51818585], v=[ 6.62078525  2.68349251 -0.87814897]
Epoch 1067, t=2460388.454696834:
  TLE_ECI: r=[-7332.71147866 -2405.29503197   -40.71570041], v=[ 0.87840355 -2.78760365  6.56791261]
  RK45_ECI: r=[ 2027.83824183 -2579.46548865  6983.67674104], v=[ 6.60819106  2.70123616 -0.91756622]
Epoch 1068, t=2460388.454772097:
  TLE_ECI: r=[-7302.31749556 -2491.43571106   156.30903023], v=[ 1.07032164 -2.72337228  6.56640165]
  RK45_ECI: r=[ 2071.98653967 -2560.87845889  6977.57913523], v=[ 6.59533929  2.71886907 -0.95694932]
Epoch 1069, t=2460388.4548473605:
  TLE_ECI: r=[-7266.13866952 -2575.59914001   353.21119979], v=[ 1.26134192 -2.6568319   6.55974874]
  RK45_ECI: r=[ 2116.04199342 -2542.15603708  6971.22550651], v=[ 6.58223036  2.73639058 -0.99629738]
Epoch 1070, t=2460388.454922624:
  TLE_ECI: r=[-7224.20518658 -2657.71408543   549.83662099], v=[ 1.45131186 -2.5880358   6.54795916]
  RK45_ECI: r=[ 2160.00225827 -2523.2992506   6964.61617771], v=[ 6.56886504  2.75379959 -1.03560837]
Epoch 1071, t=2460388.4549978874:
  TLE_ECI: r=[-7176.55182113 -2737.71097833   746.03132642], v=[ 1.64007986 -2.51703923  6.53104227]
  RK45_ECI: r=[ 2203.86600632 -2504.3087111   6957.75133152], v=[ 6.55524382  2.77109535 -1.07488122]
Epoch 1072, t=2460388.455073151:
  TLE_ECI: r=[-7123.21791318 -2815.52195258   941.64169178], v=[ 1.82749535 -2.44389929  6.50901158]
  RK45_ECI: r=[ 2247.63111225 -2485.18537287  6950.63128651], v=[ 6.54136745  2.78827685 -1.11411408]
Epoch 1073, t=2460388.455148414:
  TLE_ECI: r=[-7064.24734339 -2891.08088238  1136.51455888], v=[ 2.01340889 -2.36867497  6.48188465]
  RK45_ECI: r=[ 2291.29584972 -2465.93003633  6943.25630994], v=[ 6.52723657  2.80534321 -1.15330552]
Epoch 1074, t=2460388.455223677:
  TLE_ECI: r=[-6999.68846195 -2964.32352225  1330.49735807], v=[ 2.19767234 -2.29142701  6.44968314]
  RK45_ECI: r=[ 2334.85911504 -2446.54322999  6935.6265693 ], v=[ 6.51285162  2.82229381 -1.19245461]
Epoch 1075, t=2460388.4552989407:
  TLE_ECI: r=[-6929.59409781 -3035.18743683  1523.43823032], v=[ 2.38013897 -2.21221792  6.41243276]
  RK45_ECI: r=[ 2378.31859202 -2427.02602229  6927.74245276], v=[ 6.49821343  2.83912757 -1.23155937]
Epoch 1076, t=2460388.455374204:
  TLE_ECI: r=[-6854.0214804  -3103.61213822  1715.18614843], v=[ 2.56066355 -2.1311119   6.37016326]
  RK45_ECI: r=[ 2421.67297108 -2407.37905181  6919.60417837], v=[ 6.48332256  2.85584376 -1.2706187 ]
Epoch 1077, t=2460388.4554494675:
  TLE_ECI: r=[-6773.03219922 -3169.53911697  1905.59103756], v=[ 2.73910252 -2.04817476  6.32290836]
  RK45_ECI: r=[ 2464.92015418 -2387.60331     6911.21212396], v=[ 6.46817978  2.87244142 -1.30963078]
Epoch 1078, t=2460388.4555247305:
  TLE_ECI: r=[-6686.69216141 -3232.91187201  2094.50389489], v=[ 2.91531409 -1.9634739   6.2707058 ]
  RK45_ECI: r=[ 2508.05843853 -2367.69962972  6902.56660399], v=[ 6.45278579  2.88891969 -1.34859417]
Epoch 1079, t=2460388.455599994:
  TLE_ECI: r=[-6595.07149776 -3293.67603843  2281.7769081 ], v=[ 3.08915835 -1.87707821  6.21359721]
  RK45_ECI: r=[ 2551.08673657 -2347.66856215  6893.66781527], v=[ 6.43714107  2.90527796 -1.38750796]
Epoch 1080, t=2460388.4556752574:
  TLE_ECI: r=[-6498.24456    -3351.77931493  2467.26357307], v=[ 3.2604974  -1.78905805  6.15162814]
  RK45_ECI: r=[ 2594.00276306 -2327.51121541  6884.51621101], v=[ 6.4212465   2.9215152  -1.42637017]
Epoch 1081, t=2460388.455750521:
  TLE_ECI: r=[-6396.28982048 -3407.17158801  2650.81881002], v=[ 3.42919544 -1.69948518  6.084848  ]
  RK45_ECI: r=[ 2636.80522793 -2307.22825425  6875.11204442], v=[ 6.40510267  2.9376307  -1.46517971]
Epoch 1082, t=2460388.4558257842:
  TLE_ECI: r=[-6289.2898154  -3459.80495457  2832.29907852], v=[ 3.59511892 -1.60843267  6.01330999]
  RK45_ECI: r=[ 2679.49206221 -2286.82070627  6865.45575224], v=[ 6.38871043  2.95362353 -1.50393479]
Epoch 1083, t=2460388.455901047:
  TLE_ECI: r=[-6177.33108536 -3509.63374504  3011.56249109], v=[ 3.7581366  -1.51597488  5.93707109]
  RK45_ECI: r=[ 2722.06178287 -2266.28934501  6855.54764878], v=[ 6.37207043  2.96949291 -1.54263413]
Epoch 1084, t=2460388.4559763107:
  TLE_ECI: r=[-6060.50406183 -3556.61463467  3188.46892508], v=[ 3.91811972 -1.42218732  5.85619198]
  RK45_ECI: r=[ 2764.51273598 -2245.63501562  6845.3881012 ], v=[ 6.35518339  2.98523808 -1.58127632]
Epoch 1085, t=2460388.456051574:
  TLE_ECI: r=[-5938.90305244 -3600.70657078  3362.88013321], v=[ 4.07494202 -1.32714669  5.77073699]
  RK45_ECI: r=[ 2806.84325275 -2224.85859282  6834.97748601], v=[ 6.33805006  3.00085821 -1.61985991]
Epoch 1086, t=2460388.4561268375:
  TLE_ECI: r=[-5812.62612131 -3641.8708811   3534.65985225], v=[ 4.22847992 -1.23093073  5.68077403]
  RK45_ECI: r=[ 2849.05186927 -2203.96085744  6824.31613841], v=[ 6.32067112  3.01635257 -1.65838365]
Epoch 1087, t=2460388.4562021005:
  TLE_ECI: r=[-5681.77502807 -3680.07127136  3703.67390988], v=[ 4.37861257 -1.13361819  5.58637458]
  RK45_ECI: r=[ 2891.13634895 -2182.94297294  6813.40460537], v=[ 6.30304756  3.03172017 -1.69684559]
Epoch 1088, t=2460388.456277364:
  TLE_ECI: r=[-5546.45509978 -3715.27392337  3869.79032965], v=[ 4.52522194 -1.03528873  5.48761355]
  RK45_ECI: r=[ 2933.09582909 -2161.80543814  6802.24308642], v=[ 6.28517982  3.04696049 -1.735245  ]
Epoch 1089, t=2460388.4563526274:
  TLE_ECI: r=[-5406.775208   -3747.44742193  4032.87943418], v=[ 4.66819296 -0.9360229   5.38456927]
  RK45_ECI: r=[ 2974.92808545 -2140.54942961  6790.83215057], v=[ 6.26706893  3.06207256 -1.77357994]
Epoch 1090, t=2460388.456427891:
  TLE_ECI: r=[-5262.84763533 -3776.56284962  4192.81394603], v=[ 4.80741356 -0.83590204  5.2773234 ]
  RK45_ECI: r=[ 3016.63167521 -2119.17575134  6779.17216888], v=[ 6.24871559  3.07705566 -1.81184917]
Epoch 1091, t=2460388.4565031542:
  TLE_ECI: r=[-5114.78799299 -3802.59379425  4349.46908659], v=[ 4.94277478 -0.7350082   5.16596086]
  RK45_ECI: r=[ 3058.205159   -2097.68521115  6767.26351696], v=[ 6.23012051  3.09190907 -1.85005144]
Epoch 1092, t=2460388.456578417:
  TLE_ECI: r=[-4962.71513694 -3825.51635604  4502.72267283], v=[ 5.07417084 -0.63342412  5.05056974]
  RK45_ECI: r=[ 3099.64633635 -2076.0790093   6755.10680543], v=[ 6.21128476  3.10663185 -1.88818482]
Epoch 1093, t=2460388.4566536807:
  TLE_ECI: r=[-4806.75102483 -3845.30922686  4652.45521154], v=[ 5.20149922 -0.53123308  4.93124127]
  RK45_ECI: r=[ 3140.95436055 -2054.35766339  6742.70225653], v=[ 6.1922088   3.12122348 -1.9262486 ]
Epoch 1094, t=2460388.456728944:
  TLE_ECI: r=[-4647.02068271 -3861.95361961  4798.5499916 ], v=[ 5.32466074 -0.42851889  4.80806968]
  RK45_ECI: r=[ 3182.12704441 -2032.52238615  6730.05050269], v=[ 6.17289371  3.13568303 -1.96424085]
Epoch 1095, t=2460388.4568042075:
  TLE_ECI: r=[-4483.65205814 -3875.43334325  4940.89317351], v=[ 5.44355966 -0.32536584  4.68115215]
  RK45_ECI: r=[ 3223.16315856 -2010.57391185  6717.15189388], v=[ 6.15334017  3.15000985 -2.00216052]
Epoch 1096, t=2460388.456879471:
  TLE_ECI: r=[-4316.77592669 -3885.73480158  5079.37387667], v=[ 5.55810367 -0.22185854  4.55058876]
  RK45_ECI: r=[ 3264.06072605 -1988.51336321  6704.0070289 ], v=[ 6.13354918  3.16420309 -2.04000587]
Epoch 1097, t=2460388.456954734:
  TLE_ECI: r=[-4146.52579639 -3892.84699282  5213.88426408], v=[ 5.66820405 -0.11808197  4.41648232]
  RK45_ECI: r=[ 3304.81814815 -1966.34168752  6690.6163981 ], v=[ 6.1135216   3.17826199 -2.07777549]
Epoch 1098, t=2460388.4570299974:
  TLE_ECI: r=[-3973.0377538  -3896.76156793  5344.31962437], v=[ 5.77377568 -0.01412127  4.27893837]
  RK45_ECI: r=[ 3345.43440736 -1944.05951661  6676.98030713], v=[ 6.09325803  3.19218601 -2.11546852]
Epoch 1099, t=2460388.457105261:
  TLE_ECI: r=[-3796.45042187 -3897.47276329  5470.57845151], v=[5.87473709 0.08993821 4.13806505]
  RK45_ECI: r=[ 3385.90735547 -1921.6680985   6663.09945116], v=[ 6.0727596   3.20597425 -2.15308306]
Epoch 1100, t=2460388.4571805242:
  TLE_ECI: r=[-3616.90480223 -3894.97745599  5592.56252155], v=[5.97101056 0.19401103 3.99397301]
  RK45_ECI: r=[ 3426.2357872  -1899.16819092  6648.97421387], v=[ 6.05202702  3.21962607 -2.19061807]
Epoch 1101, t=2460388.4572557877:
  TLE_ECI: r=[-3434.54417278 -3889.27515406  5710.17696676], v=[6.06252213 0.29801172 3.84677533]
  RK45_ECI: r=[ 3466.4177622  -1876.56094839  6634.60525075], v=[ 6.03106137  3.23314067 -2.22807181]
Epoch 1102, t=2460388.4573310507:
  TLE_ECI: r=[-3249.51398372 -3880.36798768  5823.33034716], v=[6.14920167 0.40185486 3.69658742]
  RK45_ECI: r=[ 3506.45171294 -1853.84734624  6619.99309712], v=[ 6.00986354  3.24651729 -2.26544291]
Epoch 1103, t=2460388.457406314:
  TLE_ECI: r=[-3061.96169534 -3868.26074662  5931.93471896], v=[6.23098293 0.50545517 3.54352695]
  RK45_ECI: r=[ 3546.33664291 -1831.02803611  6605.13808638], v=[ 5.98843417  3.25975543 -2.30273053]
Epoch 1104, t=2460388.4574815775:
  TLE_ECI: r=[-2872.03672818 -3852.96081777  6035.90570059], v=[6.30780357 0.60872751 3.38771372]
  RK45_ECI: r=[ 3586.07044513 -1808.1042999   6590.04097568], v=[ 5.96677446  3.27285421 -2.33993276]
Epoch 1105, t=2460388.457556841:
  TLE_ECI: r=[-2679.89029823 -3834.47821943  6135.16253553], v=[6.3796052  0.71158701 3.22926958]
  RK45_ECI: r=[ 3625.65193969 -1785.0769181   6574.70218197], v=[ 5.94488515  3.28581302 -2.3770486 ]
Epoch 1106, t=2460388.457632104:
  TLE_ECI: r=[-2485.67531896 -3812.82557629  6229.62815251], v=[6.44633345 0.81394908 3.06831833]
  RK45_ECI: r=[ 3665.07903896 -1761.94718736  6559.12249037], v=[ 5.92276748  3.29863102 -2.41407617]
Epoch 1107, t=2460388.4577073674:
  TLE_ECI: r=[-2289.54623511 -3788.0181395   6319.22922254], v=[6.50793792 0.9157296  2.90498565]
  RK45_ECI: r=[ 3704.350766   -1738.71577592  6543.30225957], v=[ 5.9004221   3.3113077  -2.45101461]
Epoch 1108, t=2460388.457782631:
  TLE_ECI: r=[-2091.65896739 -3760.07372933  6403.89621339], v=[6.56437233 1.01684482 2.73939897]
  RK45_ECI: r=[ 3743.4655887  -1715.38368864  6527.24207134], v=[ 5.87784998  3.32384234 -2.48786258]
Epoch 1109, t=2460388.4578578942:
  TLE_ECI: r=[-1892.17074438 -3729.0127523   6483.56344079], v=[6.61559443 1.11721153 2.57168738]
  RK45_ECI: r=[ 3782.42162948 -1691.95212867  6510.94267037], v=[ 5.85505227  3.3362342  -2.52461838]
Epoch 1110, t=2460388.4579331577:
  TLE_ECI: r=[-1691.2399897  -3694.8581774   6558.16911684], v=[6.66156611 1.2167471  2.40198152]
  RK45_ECI: r=[ 3821.21773508 -1668.42189854  6494.40450642], v=[ 5.83202978  3.34848268 -2.56128101]
Epoch 1111, t=2460388.4580084207:
  TLE_ECI: r=[-1489.02620791 -3657.63551398  6627.65539539], v=[6.70225339 1.31536951 2.23041351]
  RK45_ECI: r=[ 3859.85186232 -1644.79432688  6477.62842546], v=[ 5.8087838   3.36058697 -2.59784861]
Epoch 1112, t=2460388.458083684:
  TLE_ECI: r=[-1285.68981607 -3617.37281011  6691.96841433], v=[6.7376264  1.41299755 2.05711684]
  RK45_ECI: r=[ 3898.32305747 -1621.07010043  6460.61481318], v=[ 5.78531501  3.37254659 -2.63432035]
Epoch 1113, t=2460388.4581589475:
  TLE_ECI: r=[-1081.39208285 -3574.10060254  6751.05833513], v=[6.76765946 1.50955067 1.88222623]
  RK45_ECI: r=[ 3936.62982305 -1597.25025002  6443.36429517], v=[ 5.76162442  3.38436086 -2.6706949 ]
Epoch 1114, t=2460388.458234211:
  TLE_ECI: r=[ -876.29495884 -3527.85191246  6804.87937909], v=[6.79233108 1.60494921 1.7058776 ]
  RK45_ECI: r=[ 3974.77032337 -1573.33600753  6425.87767091], v=[ 5.73771328  3.39602905 -2.70697057]
Epoch 1115, t=2460388.4583094744:
  TLE_ECI: r=[ -670.56096095 -3478.66221483  6853.38986067], v=[6.81162392 1.69911439 1.5282079 ]
  RK45_ECI: r=[ 4012.74343319 -1549.32819663  6408.15542257], v=[ 5.71358239  3.40755062 -2.74314638]
Epoch 1116, t=2460388.4583847374:
  TLE_ECI: r=[ -464.35305549 -3426.56940952  6896.55221778], v=[6.82552486 1.79196836 1.34935506]
  RK45_ECI: r=[ 4050.54715606 -1525.22817639  6390.19845619], v=[ 5.68923314  3.41892478 -2.77922049]
Epoch 1117, t=2460388.458460001:
  TLE_ECI: r=[ -257.83449112 -3371.6137981   6934.33303895], v=[6.83402494 1.88343436 1.16945786]
  RK45_ECI: r=[ 4088.18056241 -1501.03665151  6372.00718414], v=[ 5.66466622  3.43015108 -2.81519209]
Epoch 1118, t=2460388.4585352642:
  TLE_ECI: r=[  -51.16873234 -3313.8380424   6966.70308759], v=[6.83711945 1.97343664 0.98865581]
  RK45_ECI: r=[ 4125.6421912  -1476.75467753  6353.58227524], v=[ 5.63988272  3.44122887 -2.85105986]
Epoch 1119, t=2460388.4586105277:
  TLE_ECI: r=[  155.48070803 -3253.28713887  6993.63732303], v=[6.83480782 2.0619006  0.80708912]
  RK45_ECI: r=[ 4162.93025056 -1452.38351373  6334.92458313], v=[ 5.6148839   3.45215747 -2.88682213]
Epoch 1120, t=2460388.458685791:
  TLE_ECI: r=[  361.95038572 -3190.00838176  7015.11491861], v=[6.82709371 2.14875282 0.62489851]
  RK45_ECI: r=[ 4200.04364459 -1427.92400386  6316.03462194], v=[ 5.58967064  3.46293635 -2.92247793]
Epoch 1121, t=2460388.458761054:
  TLE_ECI: r=[  568.07704244 -3124.05132806  7031.11927658], v=[6.81398495 2.23392113 0.44222516]
  RK45_ECI: r=[ 4236.9804256  -1403.3775361   6296.91335706], v=[ 5.56424437  3.47356478 -2.95802546]
Epoch 1122, t=2460388.4588363175:
  TLE_ECI: r=[  773.69776922 -3055.46775336  7041.63804002], v=[6.79549356 2.31733471 0.25921061]
  RK45_ECI: r=[ 4273.73968935 -1378.74483215  6277.56122719], v=[ 5.53860581  3.48404233 -2.99346389]
Epoch 1123, t=2460388.458911581:
  TLE_ECI: r=[  978.65007732 -2984.31161956  7046.66310171], v=[6.7716357  2.39892403 0.07599662]
  RK45_ECI: r=[ 4310.32001281 -1354.02697089  6257.9789439 ], v=[ 5.5127561   3.4943684  -3.02879193]
Epoch 1124, t=2460388.4589868444:
  TLE_ECI: r=[ 1182.77206077 -2910.63902856  7046.19060978], v=[ 6.74243171  2.478621   -0.10727489]
  RK45_ECI: r=[ 4346.7196498  -1329.22523758  6238.16741425], v=[ 5.48669656  3.50454234 -3.06400795]
Epoch 1125, t=2460388.4590621074:
  TLE_ECI: r=[ 1385.90250431 -2834.50818372  7040.22097048], v=[ 6.70790604  2.55635897 -0.29046199]
  RK45_ECI: r=[ 4382.93719779 -1304.34072251  6218.12737318], v=[ 5.46042833  3.51456357 -3.09911064]
Epoch 1126, t=2460388.459137371:
  TLE_ECI: r=[ 1587.88104154 -2755.97932941  7028.75884764], v=[ 6.66808726  2.63207289 -0.47342277]
  RK45_ECI: r=[ 4418.97177118 -1279.37415917  6197.85927708], v=[ 5.43395218  3.52443167 -3.13409921]
Epoch 1127, t=2460388.4592126342:
  TLE_ECI: r=[ 1788.5482283  -2675.11472656  7011.81315926], v=[ 6.62300805  2.70569917 -0.65601554]
  RK45_ECI: r=[ 4454.82148077 -1254.32696716  6177.36415825], v=[ 5.40726959  3.53414597 -3.16897187]
Epoch 1128, t=2460388.4592878977:
  TLE_ECI: r=[ 1987.7457     -2591.97859024  6989.39707095], v=[ 6.57270514  2.77717591 -0.83809884]
  RK45_ECI: r=[ 4490.48527991 -1229.20002047  6156.64258124], v=[ 5.38038147  3.54370599 -3.20372767]
Epoch 1129, t=2460388.459363161:
  TLE_ECI: r=[ 2185.31628579 -2506.63704305  6961.52798622], v=[ 6.5172193   2.84644285 -1.0195316 ]
  RK45_ECI: r=[ 4525.96146993 -1203.9946285   6135.69550581], v=[ 5.35328922  3.55311115 -3.23836499]
Epoch 1130, t=2460388.459438424:
  TLE_ECI: r=[ 2381.10412298 -2419.15807091  6928.22753383], v=[ 6.45659533  2.91344142 -1.20017323]
  RK45_ECI: r=[ 4561.24868842 -1178.71190304  6114.52370874], v=[ 5.325994    3.56236088 -3.27288256]
Epoch 1131, t=2460388.4595136875:
  TLE_ECI: r=[ 2574.95480646 -2329.61144295  6889.52155193], v=[ 6.39088197  2.97811489 -1.37988371]
  RK45_ECI: r=[ 4596.34607659 -1153.35259299  6093.12767227], v=[ 5.2984966   3.57145481 -3.30727958]
Epoch 1132, t=2460388.459588951:
  TLE_ECI: r=[ 2766.71546516 -2238.06869713  6845.44006929], v=[ 6.32013196  3.04040827 -1.55852369]
  RK45_ECI: r=[ 4631.25179806 -1127.91814332  6071.50848622], v=[ 5.27079856  3.5803923  -3.34155432]
Epoch 1133, t=2460388.4596642144:
  TLE_ECI: r=[ 2956.23490969 -2144.60305851  6796.01728333], v=[ 6.24440191  3.10026845 -1.73595461]
  RK45_ECI: r=[ 4665.96483831 -1102.40944535  6049.6667461 ], v=[ 5.24290082  3.58917293 -3.37570581]
Epoch 1134, t=2460388.459739478:
  TLE_ECI: r=[ 3143.36374252 -2049.28938845  6741.29153519], v=[ 6.16375231  3.15764421 -1.9120388 ]
  RK45_ECI: r=[ 4700.48354763 -1076.8278313   6027.60346354], v=[ 5.21480481  3.59779612 -3.40973248]
Epoch 1135, t=2460388.459814741:
  TLE_ECI: r=[ 3327.95446839 -1952.20413587  6681.30528174], v=[ 6.07824749  3.21248628 -2.08663957]
  RK45_ECI: r=[ 4734.80660491 -1051.17443308  6005.31945645], v=[ 5.18651174  3.60626138 -3.44363307]
Epoch 1136, t=2460388.4598900042:
  TLE_ECI: r=[ 3509.86163234 -1853.42523916  6616.10506442], v=[ 5.9879555   3.26474738 -2.25962131]
  RK45_ECI: r=[ 4768.93317895 -1025.45001401  5982.81523251], v=[ 5.1580224   3.61456834 -3.47740681]
Epoch 1137, t=2460388.4599652677:
  TLE_ECI: r=[ 3688.94189796 -1753.03212157  6545.7414753 ], v=[ 5.89294821  3.31438225 -2.4308496 ]
  RK45_ECI: r=[4802.86148786 -999.65604269 5960.09193809], v=[ 5.1293384   3.62271642 -3.51105198]
Epoch 1138, t=2460388.460040531:
  TLE_ECI: r=[ 3865.05418299 -1651.10559192  6470.26911989], v=[ 5.79330111  3.36134768 -2.60019131]
  RK45_ECI: r=[4836.59055    -973.79342683 5937.15019906], v=[ 5.10046068  3.63070522 -3.54456765]
Epoch 1139, t=2460388.460115794:
  TLE_ECI: r=[ 4038.05975919 -1547.72780175  6389.74657708], v=[ 5.68909335  3.40560255 -2.76751468]
  RK45_ECI: r=[4870.11860854 -947.86364516 5913.99118716], v=[ 5.07139086  3.63853417 -3.57795212]
Epoch 1140, t=2460388.4601910575:
  TLE_ECI: r=[ 4207.82237955 -1442.98213389  6304.23635595], v=[ 5.58040765  3.44710794 -2.93268947]
  RK45_ECI: r=[4903.44501137 -921.86736123 5890.61532289], v=[ 5.04212964  3.64620297 -3.61120478]
Epoch 1141, t=2460388.460266321:
  TLE_ECI: r=[ 4374.20835701 -1336.95320598  6213.80484979], v=[ 5.46733022  3.48582705 -3.095587  ]
  RK45_ECI: r=[4936.56802124 -895.80606152 5867.02379701], v=[ 5.01267864  3.65371106 -3.64432394]
Epoch 1142, t=2460388.4603415844:
  TLE_ECI: r=[ 4537.08668868 -1229.72675784  6118.52228698], v=[ 5.34995078  3.52172529 -3.25608028]
  RK45_ECI: r=[4969.48653139 -869.68077779 5843.21737149], v=[ 4.98303897  3.66105804 -3.67730854]
Epoch 1143, t=2460388.460416848:
  TLE_ECI: r=[ 4696.32915435 -1121.38959449  6018.462679  ], v=[ 5.22836238  3.55477034 -3.41404409]
  RK45_ECI: r=[5002.19944011 -843.49254414 5819.19681215], v=[ 4.95321174  3.66824349 -3.71015751]
Epoch 1144, t=2460388.460492111:
  TLE_ECI: r=[ 4851.81041473 -1012.02953143  5913.70376552], v=[ 5.10266147  3.5849321  -3.56935513]
  RK45_ECI: r=[5034.7050473  -817.24286059 5794.96334559], v=[ 4.92319862  3.67526692 -3.74286919]
Epoch 1145, t=2460388.4605673742:
  TLE_ECI: r=[5003.40812281 -901.73526853 5804.32695655], v=[ 4.97294767  3.61218286 -3.72189202]
  RK45_ECI: r=[5067.00272508 -790.93240253 5770.51741164], v=[ 4.8930003  3.682128  -3.775443 ]
Epoch 1146, t=2460388.4606426377:
  TLE_ECI: r=[5151.00300222 -790.59640262 5690.41727173], v=[ 4.83932384  3.63649715 -3.8715355 ]
  RK45_ECI: r=[5099.09079346 -764.56267721 5745.86025552], v=[ 4.86261847  3.68882626 -3.80787727]
Epoch 1147, t=2460388.460717901:
  TLE_ECI: r=[5294.47895491 -678.70330034 5572.06327679], v=[ 4.70189596  3.65785191 -4.01816844]
  RK45_ECI: r=[5130.96818471 -738.1347318  5720.99267329], v=[ 4.83205425  3.6953613  -3.84017097]
Epoch 1148, t=2460388.4607931646:
  TLE_ECI: r=[5433.72315036 -566.14703946 5449.35701714], v=[ 4.560773    3.67622644 -4.161676  ]
  RK45_ECI: r=[5162.63383621 -711.64961593 5695.91546476], v=[ 4.8013088   3.70173276 -3.87232307]
Epoch 1149, t=2460388.4608684275:
  TLE_ECI: r=[5568.62611441 -453.01935168 5322.39394869], v=[ 4.41606694  3.69160243 -4.30194566]
  RK45_ECI: r=[5194.0861061  -685.10884944 5670.62991014], v=[ 4.77038382  3.70794016 -3.90433195]
Epoch 1150, t=2460388.460943691:
  TLE_ECI: r=[5699.08182258 -339.41248386 5191.27286593], v=[ 4.26789256  3.70396404 -4.43886737]
  RK45_ECI: r=[5225.32439135 -658.51311865 5645.13646808], v=[ 4.73928002  3.71398322 -3.93619702]
Epoch 1151, t=2460388.4610189544:
  TLE_ECI: r=[5824.98777622 -225.41921969 5056.09582726], v=[ 4.11636749  3.71329784 -4.57233361]
  RK45_ECI: r=[5256.34707078 -631.86394989 5619.43643691], v=[ 4.70799913  3.71986149 -3.96791668]
Epoch 1152, t=2460388.461094218:
  TLE_ECI: r=[5946.24509131 -111.13274082 4916.96807764], v=[ 3.96161203  3.71959287 -4.70223947]
  RK45_ECI: r=[5287.15325932 -605.16229133 5593.53052387], v=[ 4.67654218  3.72557463 -3.99949007]
Epoch 1153, t=2460388.4611694813:
  TLE_ECI: r=[6.06275858e+03 3.35343356e+00 4.77399797e+03], v=[ 3.80374909  3.72284066 -4.82848275]
  RK45_ECI: r=[5317.74150631 -578.40954796 5567.41992807], v=[ 4.64491076  3.73112225 -4.03091573]
Epoch 1154, t=2460388.4612447442:
  TLE_ECI: r=[6174.43681078  117.94550467 4627.29687598], v=[ 3.6429041   3.72303519 -4.95096406]
  RK45_ECI: r=[5348.11065785 -551.60691675 5541.1056158 ], v=[ 4.6131062   3.73650398 -4.06219253]
Epoch 1155, t=2460388.4613200077:
  TLE_ECI: r=[6281.19221584  232.54954313 4476.97911414], v=[ 3.4792049   3.72017302 -5.06958686]
  RK45_ECI: r=[5378.25999362 -524.75520789 5514.588186  ], v=[ 4.58112938  3.74171953 -4.09331976]
Epoch 1156, t=2460388.461395271:
  TLE_ECI: r=[6382.94112902  347.07145809 4323.16184909], v=[ 3.31278165  3.71425315 -5.18425761]
  RK45_ECI: r=[5408.18795276 -497.8559656  5487.86898882], v=[ 4.54898207  3.7467685  -4.12429585]
Epoch 1157, t=2460388.4614705346:
  TLE_ECI: r=[6479.60387069  461.41714658 4165.96500811], v=[ 3.14376674  3.70527714 -5.29488577]
  RK45_ECI: r=[5437.89368634 -470.91015043 5460.94875907], v=[ 4.51666532  3.75165058 -4.15511997]
Epoch 1158, t=2460388.4615457975:
  TLE_ECI: r=[6571.10481108  575.49253363 4005.51118746], v=[ 2.97229469  3.69324905 -5.40138395]
  RK45_ECI: r=[5467.3756613  -443.91931379 5433.82887004], v=[ 4.48418092  3.75636539 -4.18579056]
Epoch 1159, t=2460388.461621061:
  TLE_ECI: r=[6657.37242574  689.20372695 3841.92555765], v=[ 2.79850197  3.67817551 -5.50366793]
  RK45_ECI: r=[5496.63318493 -416.88427487 5406.50994147], v=[ 4.45152977  3.76091266 -4.21630694]
Epoch 1160, t=2460388.4616963244:
  TLE_ECI: r=[6738.33936326  802.45698009 3675.33576653], v=[ 2.62252702  3.66006564 -5.60165677]
  RK45_ECI: r=[5525.66515335 -389.80624633 5378.99297795], v=[ 4.41871324  3.76529206 -4.24666801]
Epoch 1161, t=2460388.461771588:
  TLE_ECI: r=[6813.94249494  915.15884651 3505.8718402 ], v=[ 2.44451005  3.63893111 -5.69527288]
  RK45_ECI: r=[5554.47020578 -362.68665762 5351.2792523 ], v=[ 4.38573299  3.76950326 -4.27687236]
Epoch 1162, t=2460388.4618468513:
  TLE_ECI: r=[6884.12296799 1027.2162384  3333.66608176], v=[ 2.26459294  3.6147861  -5.78444204]
  RK45_ECI: r=[5583.04753031 -335.52648106 5323.36952611], v=[ 4.3525901   3.77354598 -4.3069192 ]
Epoch 1163, t=2460388.4619221142:
  TLE_ECI: r=[6948.8262575  1138.53648406 3158.85296814], v=[ 2.08291916  3.58764732 -5.86909355]
  RK45_ECI: r=[5611.3956565  -308.32728328 5295.26522251], v=[ 4.31928641  3.77741987 -4.33680701]
Epoch 1164, t=2460388.4619973777:
  TLE_ECI: r=[7008.00219838 1249.02748664 2981.56904493], v=[ 1.8996336   3.557534   -5.94916022]
  RK45_ECI: r=[5639.51392324 -281.0898932  5266.96698304], v=[ 4.28582285  3.78112471 -4.36653514]
Epoch 1165, t=2460388.462072641:
  TLE_ECI: r=[7061.60504596 1358.59767985 2801.95281935], v=[ 1.7148825   3.52446785 -6.02457845]
  RK45_ECI: r=[5667.40127465 -253.81553632 5238.47584785], v=[ 4.2522008   3.78466019 -4.39610249]
Epoch 1166, t=2460388.4621479046:
  TLE_ECI: r=[7109.59350145 1467.15618567 2620.14465143], v=[ 1.52881331  3.48847309 -6.09528832]
  RK45_ECI: r=[5695.05640798 -226.50565534 5209.79313425], v=[ 4.21842199  3.78802602 -4.42550772]
Epoch 1167, t=2460388.462223168:
  TLE_ECI: r=[7151.93074924 1574.61287075 2436.28664359], v=[ 1.34157459  3.44957637 -6.16123359]
  RK45_ECI: r=[5722.47854926 -199.16123327 5180.91962982], v=[ 4.18448751  3.79122195 -4.45475005]
Epoch 1168, t=2460388.462298431:
  TLE_ECI: r=[7188.58449236 1680.87840129 2250.52252856], v=[ 1.15331584  3.40780685 -6.22236182]
  RK45_ECI: r=[5749.66629221 -171.78385034 5151.85680613], v=[ 4.15039924  3.79424769 -4.48382801]
Epoch 1169, t=2460388.4623736944:
  TLE_ECI: r=[7219.52695985 1785.86440294 2062.99755584], v=[ 0.96418742  3.36319609 -6.27862433]
  RK45_ECI: r=[5776.61900814 -144.3743442  5122.60532591], v=[ 4.11615815  3.79710303 -4.51274094]
Epoch 1170, t=2460388.462448958:
  TLE_ECI: r=[7244.73495853 1889.48340902 1873.8583767 ], v=[ 0.77434041  3.31577806 -6.32997634]
  RK45_ECI: r=[5803.33569029 -116.93395197 5093.1662639 ], v=[ 4.08176566  3.79978771 -4.54148781]
Epoch 1171, t=2460388.4625242213:
  TLE_ECI: r=[7264.18987338 1991.64901901 1683.252928  ], v=[ 0.58392648  3.26558913 -6.37637694]
  RK45_ECI: r=[5829.81509537  -89.46412811 5063.54098061], v=[ 4.04722351  3.80230149 -4.5700673 ]
Epoch 1172, t=2460388.4625994847:
  TLE_ECI: r=[7277.87768748 2092.27595114 1491.3303147 ], v=[ 0.39309778  3.21266802 -6.41778915]
  RK45_ECI: r=[5856.05648825  -61.96586498 5033.73028893], v=[ 4.01253285  3.80464414 -4.59847865]
Epoch 1173, t=2460388.4626747477:
  TLE_ECI: r=[7285.78900016 2191.28009272 1298.24069135], v=[ 0.20200677  3.15705577 -6.45417998]
  RK45_ECI: r=[5882.0585283   -34.44075481 5003.7357075 ], v=[ 3.9776956   3.80681542 -4.62672043]
Epoch 1174, t=2460388.462750011:
  TLE_ECI: r=[7287.91900902 2288.57865807 1104.13514266], v=[ 0.01080615  3.09879575 -6.48552041]
  RK45_ECI: r=[5907.82061997   -6.88964313 4973.55791964], v=[ 3.94271272  3.80881515 -4.654792  ]
Epoch 1175, t=2460388.4628252746:
  TLE_ECI: r=[7284.26755152 2384.09013036  909.16556302], v=[-0.18035132  3.03793355 -6.51178547]
  RK45_ECI: r=[5933.34180681   20.6862229  4943.19803374], v=[ 3.90758569  3.81064312 -4.68269236]
Epoch 1176, t=2460388.462900538:
  TLE_ECI: r=[7274.83907989 2477.73441682  713.48453541], v=[-0.37131292  2.97451702 -6.53295422]
  RK45_ECI: r=[5958.62090623   48.28537888 4912.65745232], v=[ 3.87231629  3.81229913 -4.71042023]
Epoch 1177, t=2460388.462975801:
  TLE_ECI: r=[7259.64267085 2569.43287416  517.24520966], v=[-0.5619261   2.90859617 -6.54900981]
  RK45_ECI: r=[5983.65698887   75.90657341 4881.93730203], v=[ 3.83690601  3.81378297 -4.7379746 ]
Epoch 1178, t=2460388.4630510644:
  TLE_ECI: r=[7238.69198755 2659.10846149  320.60118014], v=[-0.75203863  2.84022317 -6.55993945]
  RK45_ECI: r=[6008.44948299  103.54895552 4851.03827974], v=[ 3.80135582  3.81509449 -4.76535486]
Epoch 1179, t=2460388.463126328:
  TLE_ECI: r=[7212.00531226 2746.68567782  123.70636297], v=[-0.94149872  2.76945229 -6.56573448]
  RK45_ECI: r=[6032.99712501  131.21092174 4819.96195635], v=[ 3.76566771  3.81623352 -4.79255963]
Epoch 1180, t=2460388.4632015913:
  TLE_ECI: r=[7179.60550113 2832.09071216  -73.28512691], v=[-1.13015512  2.69633986 -6.5663903 ]
  RK45_ECI: r=[6057.29924369  158.89146665 4788.70918378], v=[ 3.72984283  3.81719988 -4.81958818]
Epoch 1181, t=2460388.4632768547:
  TLE_ECI: r=[7141.51997179 2915.25148527 -270.21909904], v=[-1.3178573   2.62094422 -6.56190646]
  RK45_ECI: r=[6081.3547184   186.58911752 4757.28140535], v=[ 3.69388301  3.81799344 -4.84643926]
Epoch 1182, t=2460388.4633521177:
  TLE_ECI: r=[7097.78068859 2996.09769055 -466.94141064], v=[-1.50445553  2.54332565 -6.55228659]
  RK45_ECI: r=[6105.16267148  214.30261522 4725.67977988], v=[ 3.65778975  3.81861403 -4.87311191]
Epoch 1183, t=2460388.463427381:
  TLE_ECI: r=[7048.42410014 3074.56093779 -663.29808983], v=[-1.68980106  2.46354636 -6.53753844]
  RK45_ECI: r=[6128.72256544  242.03110267 4693.90502394], v=[ 3.62156405  3.81906152 -4.89960552]
Epoch 1184, t=2460388.4635026446:
  TLE_ECI: r=[6993.49116034 3150.57468599 -859.13545879], v=[-1.87374619  2.3816704  -6.51767387]
  RK45_ECI: r=[6152.03320511  269.7729686  4661.95875266], v=[ 3.58520792  3.81933581 -4.92591876]
Epoch 1185, t=2460388.463577908:
  TLE_ECI: r=[ 6933.02725868  3224.07438435 -1054.30025642], v=[-2.05614442  2.29776364 -6.49270879]
  RK45_ECI: r=[6175.09395999  297.52720114 4629.84184144], v=[ 3.54872254  3.81943674 -4.95205091]
Epoch 1186, t=2460388.4636531714:
  TLE_ECI: r=[ 6867.08219004  3294.99750664 -1248.63976079], v=[-2.23685058  2.21189366 -6.46266322]
  RK45_ECI: r=[6197.90377238  325.29232124 4597.5557732 ], v=[ 3.51210975  3.81936424 -4.97800078]
Epoch 1187, t=2460388.4637284344:
  TLE_ECI: r=[ 6795.71012229  3363.28358424 -1442.00191098], v=[-2.41572093  2.12412978 -6.42756121]
  RK45_ECI: r=[6220.46181712  353.06706337 4565.10173795], v=[ 3.4753711   3.81911818 -5.00376743]
Epoch 1188, t=2460388.463803698:
  TLE_ECI: r=[ 6718.96951063  3428.87433827 -1634.23542826], v=[-2.59261332  2.03454286 -6.38743084]
  RK45_ECI: r=[6242.76759137  380.85056535 4532.48047135], v=[ 3.43850757  3.81869848 -5.02935027]
Epoch 1189, t=2460388.4638789613:
  TLE_ECI: r=[ 6636.9231065   3491.71360912 -1825.18993673], v=[-2.76738726  1.94320541 -6.34230422]
  RK45_ECI: r=[6264.81996934  408.64121033 4499.69363134], v=[ 3.40152121  3.81810506 -5.05474801]
Epoch 1190, t=2460388.4639542247:
  TLE_ECI: r=[ 6549.63786549  3551.74748454 -2014.7160828 ], v=[-2.93990408  1.85019138 -6.29221739]
  RK45_ECI: r=[6286.61836176  436.43798127 4466.74211609], v=[ 3.36441321  3.81733782 -5.07995996]
Epoch 1191, t=2460388.464029488:
  TLE_ECI: r=[ 6457.18490025  3608.92432551 -2202.66565399], v=[-3.11002701  1.75557618 -6.23721035]
  RK45_ECI: r=[6308.16177469  464.23939414 4433.62744677], v=[ 3.32718544  3.81639673 -5.10498498]
Epoch 1192, t=2460388.464104751:
  TLE_ECI: r=[ 6359.63943074  3663.19479203 -2388.89169649], v=[-3.27762131  1.65943659 -6.17732702]
  RK45_ECI: r=[6329.44943607  492.04417892 4400.35084349], v=[ 3.28983944  3.81528171 -5.12982214]
Epoch 1193, t=2460388.4641800146:
  TLE_ECI: r=[ 6257.0806781   3714.51195959 -2573.24863156], v=[-3.44255439  1.56185068 -6.11261515]
  RK45_ECI: r=[6350.48087799  519.85146946 4366.91306035], v=[ 3.25237624  3.8139927  -5.1544709 ]
Epoch 1194, t=2460388.464255278:
  TLE_ECI: r=[ 6149.59186164  3762.83124658 -2755.59237078], v=[-3.60469588  1.46289776 -6.04312633]
  RK45_ECI: r=[6371.25504493  547.65964488 4333.31579659], v=[ 3.21479788  3.81252967 -5.17893001]
Epoch 1195, t=2460388.4643305414:
  TLE_ECI: r=[ 6037.26008621  3808.11052759 -2935.78042975], v=[-3.7639178   1.36265832 -5.96891589]
  RK45_ECI: r=[6391.77138919  575.46768422 4299.55997225], v=[ 3.17710558  3.81089257 -5.2031988 ]
Epoch 1196, t=2460388.4644058044:
  TLE_ECI: r=[ 5920.17629093  3850.3101329  -3113.67204048], v=[-3.92009457  1.26121394 -5.89004292]
  RK45_ECI: r=[6412.02888725  603.27396549 4265.64730486], v=[ 3.1393014   3.8090814  -5.22727607]
Epoch 1197, t=2460388.464481068:
  TLE_ECI: r=[ 5798.43512761  3889.39295215 -3289.12826194], v=[-4.07310323  1.15864721 -5.80657012]
  RK45_ECI: r=[6432.02719743  631.07773662 4231.57840465], v=[ 3.10138619  3.80709609 -5.25116137]
Epoch 1198, t=2460388.4645563313:
  TLE_ECI: r=[ 5672.13494923  3925.32436014 -3462.01208934], v=[-4.22282341  1.0550417  -5.71856385]
  RK45_ECI: r=[6451.76532098  658.87737481 4197.3550027 ], v=[ 3.06336203  3.80493668 -5.27485353]
Epoch 1199, t=2460388.4646315947:
  TLE_ECI: r=[ 5541.37768262  3958.07231705 -3632.18856129], v=[-4.36913753  0.95048185 -5.62609398]
  RK45_ECI: r=[6471.24265137  686.67174066 4162.97819762], v=[ 3.0252303   3.80260315 -5.29835177]
Epoch 1200, t=2460388.464706858:
  TLE_ECI: r=[ 5406.26875476  3987.60737775 -3799.52486532], v=[-4.51193082  0.84505291 -5.52923388]
  RK45_ECI: r=[6490.45858814  714.45969423 4128.44909066], v=[ 2.9869924   3.80009546 -5.32165537]
Epoch 1201, t=2460388.464782121:
  TLE_ECI: r=[ 5266.91701683  4013.90270128 -3963.89044141], v=[-4.65109145  0.73884089 -5.42806033]
  RK45_ECI: r=[6509.41217914  742.23961244 4093.7694382 ], v=[ 2.94865041  3.79741369 -5.34476316]
Epoch 1202, t=2460388.4648573846:
  TLE_ECI: r=[ 5123.43460718  4036.93413535 -4125.15708343], v=[-4.78651059  0.63193242 -5.32265348]
  RK45_ECI: r=[6528.10311233  770.01074023 4058.93986385], v=[ 2.91020518  3.79455779 -5.36767473]
Epoch 1203, t=2460388.464932648:
  TLE_ECI: r=[ 4975.93692828  4056.68014362 -4283.19903873], v=[-4.91808253  0.52441477 -5.21309673]
  RK45_ECI: r=[6546.53046053  797.77145455 4023.96213696], v=[ 2.87165883  3.79152784 -5.39038894]
Epoch 1204, t=2460388.4650079114:
  TLE_ECI: r=[ 4824.54250514  4073.12188616 -4437.89310536], v=[-5.0457047   0.41637572 -5.09947669]
  RK45_ECI: r=[6564.69375172  825.52072998 3988.83721458], v=[ 2.83301256  3.78832381 -5.41290518]
Epoch 1205, t=2460388.465083175:
  TLE_ECI: r=[ 4669.37289913  4086.24322    -4589.11872707], v=[-5.1692778   0.30790347 -4.98188314]
  RK45_ECI: r=[6582.59217414  853.25707837 3953.56671705], v=[ 2.79426832  3.78494581 -5.43522243]
Epoch 1206, t=2460388.465158438:
  TLE_ECI: r=[ 4510.55262027  4096.03069922 -4736.75808622], v=[-5.28870585  0.19908664 -4.86040886]
  RK45_ECI: r=[6600.22510717  880.97922364 3918.1519423 ], v=[ 2.75542767  3.78139385 -5.4573399 ]
Epoch 1207, t=2460388.4652337013:
  TLE_ECI: r=[ 4348.20897697  4102.47364033 -4880.69619397], v=[-5.40389624  0.09001407 -4.73514963]
  RK45_ECI: r=[6617.59218204  908.68629383 3882.59369179], v=[ 2.71649168  3.77766795 -5.47925709]
Epoch 1208, t=2460388.4653089647:
  TLE_ECI: r=[ 4182.47204425  4105.56405007 -5020.8209785 ], v=[-5.51475986 -0.01922509 -4.60620413]
  RK45_ECI: r=[6634.69254397  936.37666661 3846.89377132], v=[ 2.67746244  3.77376823 -5.50097291]
Epoch 1209, t=2460388.465384228:
  TLE_ECI: r=[ 4013.47450961  4105.29668698 -5157.02337037], v=[-5.62121108 -0.12854159 -4.47367383]
  RK45_ECI: r=[6651.52576347  964.04931575 3811.05315711], v=[ 2.63834121  3.7696947  -5.5224868 ]
Epoch 1210, t=2460388.4654594916:
  TLE_ECI: r=[ 3841.35157728  4101.66905233 -5289.19738559], v=[-5.72316787 -0.23784608 -4.33766294]
  RK45_ECI: r=[6668.09109513  991.70275451 3775.07350186], v=[ 2.59912992  3.76544749 -5.54379777]
Epoch 1211, t=2460388.4655347546:
  TLE_ECI: r=[ 3666.24087057  4094.68138176 -5417.24020599], v=[-5.82055184 -0.34704919 -4.19827829]
  RK45_ECI: r=[6684.38797333 1019.33570744 3738.95612879], v=[ 2.55983018  3.76102668 -5.56490508]
Epoch 1212, t=2460388.465610018:
  TLE_ECI: r=[ 3488.28227262  4084.33668919 -5541.05225696], v=[-5.91328828 -0.45606168 -4.05562928]
  RK45_ECI: r=[6700.41606529 1046.94730199 3702.70185461], v=[ 2.52044304  3.75643229 -5.58580826]
Epoch 1213, t=2460388.4656852814:
  TLE_ECI: r=[ 3307.6178857   4070.64069855 -5660.53728268], v=[-6.00130623 -0.56479438 -3.90982774]
  RK45_ECI: r=[6716.17458935 1074.53591864 3666.31251984], v=[ 2.48097065  3.75166448 -5.60650628]
Epoch 1214, t=2460388.465760545:
  TLE_ECI: r=[ 3124.39186897  4053.60188419 -5775.60241844], v=[-6.08453851 -0.67315835 -3.76098789]
  RK45_ECI: r=[6731.66315893 1102.1005312  3629.78911877], v=[ 2.44141424  3.74672331 -5.6269986 ]
Epoch 1215, t=2460388.465835808:
  TLE_ECI: r=[ 2938.75034653  4033.23144473 -5886.15826036], v=[-6.16292179 -0.78106493 -3.60922622]
  RK45_ECI: r=[6746.88102563 1129.63952222 3593.13350718], v=[ 2.40177598  3.74160896 -5.6472842 ]
Epoch 1216, t=2460388.4659110713:
  TLE_ECI: r=[ 2750.84124351  4009.54332939 -5992.11893216], v=[-6.23639658 -0.88842583 -3.45466141]
  RK45_ECI: r=[6761.82788937 1157.15201972 3556.34651523], v=[ 2.36205693  3.73632149 -5.66736264]
Epoch 1217, t=2460388.4659863347:
  TLE_ECI: r=[ 2560.81423897  3982.5541739  -6093.40214937], v=[-6.30490733 -0.99515316 -3.29741422]
  RK45_ECI: r=[6776.50324373 1184.63674971 3519.42949102], v=[ 2.3222587   3.730861   -5.68723323]
Epoch 1218, t=2460388.466061598:
  TLE_ECI: r=[ 2368.82059933  3952.28332387 -6189.92928048], v=[-6.3684024  -1.10115952 -3.1376074 ]
  RK45_ECI: r=[6790.90645085 1212.09223123 3482.38413563], v=[ 2.28238328  3.7252277  -5.70689505]
Epoch 1219, t=2460388.4661368616:
  TLE_ECI: r=[ 2175.01307032  3918.7528105  -6281.62540531], v=[-6.42683417 -1.20635808 -2.9753656 ]
  RK45_ECI: r=[6805.03716748 1239.51743928 3445.21146046], v=[ 2.24243192  3.71942165 -5.72634762]
Epoch 1220, t=2460388.4662121246:
  TLE_ECI: r=[ 1979.54576745  3881.98732768 -6368.41937048], v=[-6.48015898 -1.3106626  -2.81081527]
  RK45_ECI: r=[6818.89471944 1266.91076139 3407.91335334], v=[ 2.20240681  3.71344311 -5.74558996]
Epoch 1221, t=2460388.466287388:
  TLE_ECI: r=[ 1782.5740084   3842.01423695 -6450.24384187], v=[-6.52833723 -1.41398761 -2.64408458]
  RK45_ECI: r=[6832.47884322 1294.27132707 3370.49065807], v=[ 2.162309    3.70729212 -5.76462166]
Epoch 1222, t=2460388.4663626514:
  TLE_ECI: r=[ 1584.25425947  3798.86350923 -6527.03535439], v=[-6.57133333 -1.51624833 -2.47530328]
  RK45_ECI: r=[6845.78908854 1321.59786555 3332.94474531], v=[ 2.12214015  3.70096886 -5.78344207]
Epoch 1223, t=2460388.466437915:
  TLE_ECI: r=[ 1384.74396661  3752.56772685 -6598.73435852], v=[-6.60911581 -1.61736082 -2.30460263]
  RK45_ECI: r=[6858.82488564 1348.88890129 3295.27734426], v=[ 2.08190225  3.69447357 -5.80205032]
Epoch 1224, t=2460388.4665131783:
  TLE_ECI: r=[ 1184.20144323  3703.16205184 -6665.28526404], v=[-6.64165725 -1.71724203 -2.13211531]
  RK45_ECI: r=[6871.585935   1376.14341163 3257.4894824 ], v=[ 2.04159657  3.68780633 -5.82044595]
Epoch 1225, t=2460388.4665884413:
  TLE_ECI: r=[  982.78575706  3650.68419569 -6726.63648074], v=[-6.66893434 -1.81580986 -1.9579753 ]
  RK45_ECI: r=[6884.07163726 1403.35979131 3219.58307789], v=[ 2.00122532  3.68096746 -5.83862805]
Epoch 1226, t=2460388.4666637047:
  TLE_ECI: r=[  780.65656281  3595.1744025  -6782.74045602], v=[-6.69092788 -1.91298326 -1.78231778]
  RK45_ECI: r=[6896.28176595 1430.53717172 3181.55898734], v=[ 1.96078956  3.67395704 -5.85659624]
Epoch 1227, t=2460388.466738968:
  TLE_ECI: r=[  577.97404215  3536.67539854 -6833.55370975], v=[-6.70762279 -2.00868222 -1.60527905]
  RK45_ECI: r=[6908.21592743 1457.67428675 3143.41860271], v=[ 1.92029096  3.66677527 -5.87434987]
Epoch 1228, t=2460388.4668142316:
  TLE_ECI: r=[  374.89873563  3475.23237263 -6879.03686587], v=[-6.7190081  -2.10282788 -1.4269964 ]
  RK45_ECI: r=[6919.87362057 1484.76966829 3105.16367971], v=[ 1.87973153  3.65942243 -5.89188816]
Epoch 1229, t=2460388.4668894946:
  TLE_ECI: r=[  171.59143874  3410.89293716 -6919.15468102], v=[-6.725077   -2.19534255 -1.24760804]
  RK45_ECI: r=[6931.25448218 1511.82205374 3066.79562166], v=[ 1.83911294  3.65189874 -5.90921049]
Epoch 1230, t=2460388.466964758:
  TLE_ECI: r=[  -31.78696321  3343.70709414 -6953.87607014], v=[-6.72582675 -2.28614988 -1.06725297]
  RK45_ECI: r=[6942.35831189 1538.83057617 3028.31529333], v=[ 1.79843626  3.64420432 -5.9263165 ]
Epoch 1231, t=2460388.4670400214:
  TLE_ECI: r=[ -235.07555955  3273.72719147 -6983.17412913], v=[-6.72125879 -2.37517475 -0.88607089]
  RK45_ECI: r=[6953.18459703 1565.79364068 2989.72464537], v=[ 1.75770373  3.63633951 -5.94320533]
Epoch 1232, t=2460388.467115285:
  TLE_ECI: r=[ -438.1135794   3201.00788656 -7007.02615432], v=[-6.71137865 -2.46234346 -0.70420213]
  RK45_ECI: r=[6963.73310883 1592.71023051 2951.02472915], v=[ 1.71691662  3.62830448 -5.95987656]
Epoch 1233, t=2460388.4671905483:
  TLE_ECI: r=[ -640.740506    3125.60610301 -7025.41365892], v=[-6.69619596 -2.54758372 -0.52178748]
  RK45_ECI: r=[6974.00341539 1619.57888644 2912.21732536], v=[ 1.67607697  3.62009955 -5.97632944]
Epoch 1234, t=2460388.4672658113:
  TLE_ECI: r=[ -842.79619194  3047.58098913 -7038.32238652], v=[-6.67572449 -2.63082472 -0.33896814]
  RK45_ECI: r=[6983.99521083 1646.39835256 2873.30385671], v=[ 1.63518646  3.611725   -5.99256338]
Epoch 1235, t=2460388.4673410747:
  TLE_ECI: r=[-1044.12101923  2966.99386318 -7045.74232133], v=[-6.64998204 -2.71199724 -0.15588562]
  RK45_ECI: r=[6993.70833216 1673.16776614 2834.28519957], v=[ 1.59424617  3.60318096 -6.00857804]
Epoch 1236, t=2460388.467416338:
  TLE_ECI: r=[-1244.55596808  2883.9081789  -7047.66769562], v=[-6.61899053 -2.79103362  0.0273184 ]
  RK45_ECI: r=[7003.14234278 1699.88554321 2795.16333126], v=[ 1.55325833  3.59446784 -6.02437263]
Epoch 1237, t=2460388.4674916016:
  TLE_ECI: r=[-1443.9427764   2798.38946861 -7044.09699388], v=[-6.58277591 -2.86786783  0.21050214]
  RK45_ECI: r=[7012.29705849 1726.55067228 2755.93931692], v=[ 1.51222424  3.58558584 -6.03994674]
Epoch 1238, t=2460388.467566865:
  TLE_ECI: r=[-1642.12405286  2710.50529446 -7035.03295399], v=[-6.54136816 -2.94243557  0.39352382]
  RK45_ECI: r=[7021.17211694 1753.16170484 2716.61496069], v=[ 1.47114594  3.57653534 -6.05529966]
Epoch 1239, t=2460388.467642128:
  TLE_ECI: r=[-1838.9433908   2620.32520164 -7020.48256538], v=[-6.4948013  -3.01467424  0.5762418 ]
  RK45_ECI: r=[7029.76726972 1779.71739359 2677.19170349], v=[ 1.43002511  3.56731664 -6.07043087]
Epoch 1240, t=2460388.4677173914:
  TLE_ECI: r=[-2034.24552013  2527.92064385 -7000.457064  ], v=[-6.44311329 -3.08452313  0.75851463]
  RK45_ECI: r=[7038.08239144 1806.21688059 2637.67043261], v=[ 1.38886284  3.55792992 -6.08534002]
Epoch 1241, t=2460388.467792655:
  TLE_ECI: r=[-2227.87638043  2433.3649584  -6974.97192438], v=[-6.38634608 -3.1519233   0.94020121]
  RK45_ECI: r=[7046.11712179 1832.65859492 2598.0531503 ], v=[ 1.34766136  3.54837563 -6.10002639]
Epoch 1242, t=2460388.4678679183:
  TLE_ECI: r=[-2419.68327162  2336.73328981 -6944.04684853], v=[-6.32454554 -3.21681773  1.12116081]
  RK45_ECI: r=[7053.87132122 1859.04153171 2558.34093462], v=[ 1.30642198  3.53865401 -6.11448958]
Epoch 1243, t=2460388.4679431817:
  TLE_ECI: r=[-2609.51496422  2238.10253643 -6907.70575177], v=[-6.25776142 -3.27915132  1.30125328]
  RK45_ECI: r=[7061.34469707 1885.36425496 2518.53561163], v=[ 1.26514673  3.5287655  -6.12872896]
Epoch 1244, t=2460388.4680184447:
  TLE_ECI: r=[-2797.22181015  2137.55129894 -6865.97674561], v=[-6.18604737 -3.33887097  1.48033905]
  RK45_ECI: r=[7068.5370585  1911.6255273  2478.63863919], v=[ 1.22383729  3.51871043 -6.14274401]
Epoch 1245, t=2460388.468093708:
  TLE_ECI: r=[-2982.65588413  2035.15978726 -6818.89211737], v=[-6.10946079 -3.39592564  1.6582793 ]
  RK45_ECI: r=[7075.44831763 1937.82449688 2438.65091479], v=[ 1.18249476  3.50848902 -6.15653443]
Epoch 1246, t=2460388.4681689716:
  TLE_ECI: r=[-3165.67105996  1931.00980554 -6766.48830702], v=[-6.02806293 -3.45026633  1.83493602]
  RK45_ECI: r=[7082.07819059 1963.95960762 2398.57446387], v=[ 1.14112136  3.49810177 -6.17009954]
Epoch 1247, t=2460388.468244235:
  TLE_ECI: r=[-3346.12315007  1825.18465737 -6708.80588079], v=[-5.94191874 -3.50184615  2.01017215]
  RK45_ECI: r=[7088.4265823  1990.02986262 2358.41037647], v=[ 1.0997184   3.48754895 -6.18343899]
Epoch 1248, t=2460388.468319498:
  TLE_ECI: r=[-3523.87000597  1717.76909897 -6645.88950176], v=[-5.85109688 -3.55062035  2.18385164]
  RK45_ECI: r=[7094.49324349 2016.03371306 2318.16068799], v=[ 1.05828811  3.47683109 -6.19655212]
Epoch 1249, t=2460388.4683947614:
  TLE_ECI: r=[-3698.77164963  1608.84923203 -6577.78789747], v=[-5.75566965 -3.59654643  2.35583958]
  RK45_ECI: r=[7100.27815097 2041.97041957 2277.82611519], v=[ 1.01683139  3.46594837 -6.20943871]
Epoch 1250, t=2460388.468470025:
  TLE_ECI: r=[-3870.6903514   1498.51249677 -6504.55382452], v=[-5.65571294 -3.63958407  2.5260023 ]
  RK45_ECI: r=[7105.78108196 2067.8384393  2237.40870071], v=[ 0.97535047  3.45490133 -6.22209812]
Epoch 1251, t=2460388.4685452883:
  TLE_ECI: r=[-4039.49075893  1386.84756352 -6426.2440301 ], v=[-5.55130619 -3.67969525  2.69420743]
  RK45_ECI: r=[7111.00194838 2093.63667738 2196.90973371], v=[ 0.93384683  3.44369033 -6.23452996]
Epoch 1252, t=2460388.4686205518:
  TLE_ECI: r=[-4205.03999761  1273.94427327 -6342.91921053], v=[-5.44253232 -3.7168442   2.86032407]
  RK45_ECI: r=[7115.9406686  2119.36403959 2156.33050469], v=[ 0.89232195  3.43231571 -6.24673387]
Epoch 1253, t=2460388.4686958147:
  TLE_ECI: r=[-4367.20777173  1159.89357899 -6254.64396687], v=[-5.32947769 -3.75099754  3.02422282]
  RK45_ECI: r=[7120.59706955 2145.01899521 2115.67306949], v=[ 0.85077807  3.42077806 -6.25870923]
Epoch 1254, t=2460388.468771078:
  TLE_ECI: r=[-4525.8664806   1044.78742399 -6161.48675749], v=[-5.21223201 -3.78212424  3.18577593]
  RK45_ECI: r=[7124.97115898 2170.60081065 2074.93815157], v=[ 0.80921606  3.40907756 -6.27045585]
Epoch 1255, t=2460388.4688463416:
  TLE_ECI: r=[-4680.8912979    928.71874376 -6063.51984771], v=[-5.09088831 -3.81019565  3.34485737]
  RK45_ECI: r=[7129.06279035 2196.10796142 2034.12781334], v=[ 0.76763817  3.39721483 -6.28197316]
Epoch 1256, t=2460388.468921605:
  TLE_ECI: r=[-4832.16028475   811.78134299 -5960.81925651], v=[-4.96554284 -3.83518558  3.50134294]
  RK45_ECI: r=[7132.87192616 2221.53936405 1993.24335583], v=[ 0.72604587  3.38519024 -6.2932608 ]
Epoch 1257, t=2460388.4689968685:
  TLE_ECI: r=[-4979.55448255   694.06983315 -5853.46470032], v=[-4.83629505 -3.85707025  3.65511035]
  RK45_ECI: r=[7136.39853518 2246.89393646 1952.28608126], v=[ 0.68444064  3.37300416 -6.30431845]
Epoch 1258, t=2460388.4690721314:
  TLE_ECI: r=[-5122.95800571   575.67957207 -5741.53953388], v=[-4.70324748 -3.87582837  3.80603934]
  RK45_ECI: r=[7139.64252064 2272.17016678 1911.25806395], v=[ 0.64282469  3.36065723 -6.31514556]
Epoch 1259, t=2460388.469147395:
  TLE_ECI: r=[-5262.25814091   456.70652819 -5625.13068826], v=[-4.56650566 -3.89144121  3.95401175]
  RK45_ECI: r=[7142.60392088 2297.36732861 1870.16003328], v=[ 0.60119892  3.34814966 -6.32574196]
Epoch 1260, t=2460388.4692226583:
  TLE_ECI: r=[-5397.34542581   337.24729239 -5504.32860605], v=[-4.4261781  -3.90389248  4.09891165]
  RK45_ECI: r=[7145.28266555 2322.48391708 1828.99406942], v=[ 0.55956556  3.3354821  -6.33610713]
Epoch 1261, t=2460388.4692979218:
  TLE_ECI: r=[-5528.11374438   217.39894146 -5379.2271737 ], v=[-4.28237617 -3.91316849  4.2406254 ]
  RK45_ECI: r=[7147.67878326 2347.51896307 1787.7612903 ], v=[ 0.51792589  3.32265489 -6.34624082]
Epoch 1262, t=2460388.469373185:
  TLE_ECI: r=[-5654.46040989    97.25897487 -5249.92365108], v=[-4.13521404 -3.91925809  4.37904175]
  RK45_ECI: r=[7149.79224574 2372.47109308 1746.46358957], v=[ 0.47628194  3.30966863 -6.35614259]
Epoch 1263, t=2460388.469448448:
  TLE_ECI: r=[-5776.28624754   -23.07474747 -5116.51859835], v=[-3.98480858 -3.9221527   4.51405194]
  RK45_ECI: r=[7151.62307969 2397.33912028 1705.10247696], v=[ 0.43463537  3.2965238  -6.36581211]
Epoch 1264, t=2460388.4695237116:
  TLE_ECI: r=[-5893.49567445  -143.50415173 -4979.1158    ], v=[-3.83127925 -3.92184637  4.64554977]
  RK45_ECI: r=[7153.17133809 2422.12222464 1663.67888068], v=[ 0.39298726  3.28322071 -6.37524917]
Epoch 1265, t=2460388.469598975:
  TLE_ECI: r=[-6005.9967762   -263.9309293  -4837.82218639], v=[-3.67474804 -3.91833573  4.77343172]
  RK45_ECI: r=[7154.43702658 2446.81892271 1622.19489662], v=[ 0.35133983  3.26976004 -6.38445333]
Epoch 1266, t=2460388.4696742385:
  TLE_ECI: r=[-6113.70138209  -384.25668343 -4692.74775251], v=[-3.51533941 -3.91162003  4.89759702]
  RK45_ECI: r=[7155.42021772 2471.42825692 1580.6516505 ], v=[ 0.30969436  3.25614216 -6.39342437]
Epoch 1267, t=2460388.4697495014:
  TLE_ECI: r=[-6216.52513795  -504.38297522 -4544.00547426], v=[-3.35318014 -3.90170112  5.01794772]
  RK45_ECI: r=[7156.12095152 2495.94875425 1539.05124477], v=[ 0.26805308  3.24236777 -6.40216186]
Epoch 1268, t=2460388.469824765:
  TLE_ECI: r=[-6314.38756926  -624.21147636 -4391.71122216], v=[-3.18839921 -3.88858354  5.1343888 ]
  RK45_ECI: r=[7156.53931417 2520.37960396 1497.39461312], v=[ 0.22641705  3.2284372  -6.41066563]
Epoch 1269, t=2460388.4699000283:
  TLE_ECI: r=[-6407.21215466  -743.64394183 -4235.98367261], v=[-3.0211278  -3.87227441  5.24682822]
  RK45_ECI: r=[7156.67539274 2544.71963645 1455.68327566], v=[ 0.18478794  3.21435096 -6.4189354 ]
Epoch 1270, t=2460388.4699752918:
  TLE_ECI: r=[-6494.92638372  -862.58236271 -4076.94421675], v=[-2.8514991  -3.8527835   5.35517705]
  RK45_ECI: r=[7156.52926966 2568.96751124 1413.91914659], v=[ 0.14316777  3.20010972 -6.42697083]
Epoch 1271, t=2460388.470050555:
  TLE_ECI: r=[-6577.4618176   -980.92902918 -3914.71686692], v=[-2.67964824 -3.83012322  5.45934947]
  RK45_ECI: r=[7156.10106113 2593.12228367 1372.10335831], v=[ 0.10155782  3.18571387 -6.43477171]
Epoch 1272, t=2460388.470125818:
  TLE_ECI: r=[-6654.75414852 -1098.58659203 -3749.42816088], v=[-2.50571219 -3.80430859  5.55926294]
  RK45_ECI: r=[7155.39088304 2617.18250427 1330.23802604], v=[ 0.05996031  3.17116416 -6.4423377 ]
Epoch 1273, t=2460388.4702010816:
  TLE_ECI: r=[-6726.74324027 -1215.45822114 -3581.20706378], v=[-2.32982961 -3.77535731  5.6548382 ]
  RK45_ECI: r=[7154.39885815 2641.1473734  1288.32408841], v=[ 0.01837631  3.15646094 -6.44966865]
Epoch 1274, t=2460388.470276345:
  TLE_ECI: r=[-6793.37319619 -1331.44756991 -3410.18486802], v=[-2.1521408  -3.74328964  5.74599935]
  RK45_ECI: r=[7153.12513028 2665.01573914 1246.36307401], v=[-0.02319253  3.14160475 -6.45676432]
Epoch 1275, t=2460388.4703516085:
  TLE_ECI: r=[-6854.59239362 -1446.45893288 -3236.49509094], v=[-1.97278754 -3.70812846  5.83267395]
  RK45_ECI: r=[7151.56985084 2688.78628338 1204.35690752], v=[-0.06474418  3.12659629 -6.46362443]
Epoch 1276, t=2460388.470426872:
  TLE_ECI: r=[-6910.35352965 -1560.39730656 -3060.27337067], v=[-1.79191299 -3.66989926  5.91479307]
  RK45_ECI: r=[7149.73317969 2712.45807522 1162.30672691], v=[-0.10627737  3.111436   -6.4702488 ]
Epoch 1277, t=2460388.470502135:
  TLE_ECI: r=[-6960.61366536 -1673.16844861 -2881.65735991], v=[-1.6096616  -3.6286301   5.99229134]
  RK45_ECI: r=[7147.61530834 2736.0296904  1120.21465814], v=[-0.14778987  3.09612466 -6.47663715]
Epoch 1278, t=2460388.4705773983:
  TLE_ECI: r=[-7005.33424227 -1784.67903862 -2700.786618  ], v=[-1.42617891 -3.58435159  6.06510702]
  RK45_ECI: r=[7145.2163961  2759.50034121 1078.08164387], v=[-0.18928063  3.08066263 -6.48278937]
Epoch 1279, t=2460388.4706526618:
  TLE_ECI: r=[-7044.48114297 -1894.83663479 -2517.80250114], v=[-1.24161156 -3.53709691  6.13318206]
  RK45_ECI: r=[7142.53664329 2782.86889476 1035.90921976], v=[-0.23074799  3.0650505  -6.48870525]
Epoch 1280, t=2460388.470727925:
  TLE_ECI: r=[-7078.0247012  -2003.54983248 -2332.84805107], v=[-1.05610703 -3.48690173  6.19646214]
  RK45_ECI: r=[7139.57627033 2806.13405645  993.69931916], v=[-0.27218992  3.04928901 -6.49438456]
Epoch 1281, t=2460388.4708031886:
  TLE_ECI: r=[-7105.93973097 -2110.72832218 -2146.0678821 ], v=[-0.86981363 -3.43380422  6.25489674]
  RK45_ECI: r=[7136.33548049 2829.29491028  951.45308452], v=[-0.31360517  3.03337862 -6.49982718]
Epoch 1282, t=2460388.4708784516:
  TLE_ECI: r=[-7128.20555436 -2216.28294458 -1957.60806671], v=[-0.68288032 -3.37784502  6.30843917]
  RK45_ECI: r=[7132.81454074 2852.35005897  909.17265065], v=[-0.3549915   3.01732015 -6.50503285]
Epoch 1283, t=2460388.470953715:
  TLE_ECI: r=[-7144.80599314 -2320.12584963 -1767.61601989], v=[-0.49545657 -3.31906719  6.35704662]
  RK45_ECI: r=[7129.01364683 2875.29872739  866.85896334], v=[-0.39634786  3.001114   -6.51000151]
Epoch 1284, t=2460388.4710289785:
  TLE_ECI: r=[-7155.72942043 -2422.1704463  -1576.24038198], v=[-0.30769227 -3.25751622  6.40068021]
  RK45_ECI: r=[7124.93305558 2898.13980265  824.51356395], v=[-0.43767261  2.98476079 -6.51473299]
Epoch 1285, t=2460388.471104242:
  TLE_ECI: r=[-7160.96874531 -2522.33155958 -1383.63090065], v=[-0.11973762 -3.19323995  6.439305  ]
  RK45_ECI: r=[7120.57305594 2920.87201578  782.13839277], v=[-0.47896371  2.9682613  -6.5192271 ]
Epoch 1286, t=2460388.471179505:
  TLE_ECI: r=[-7160.52143268 -2620.52546122 -1189.93831159], v=[ 0.06825704 -3.12628853  6.47289006]
  RK45_ECI: r=[7115.933935   2943.49426536  739.73499387], v=[-0.52021953  2.95161616 -6.52348372]
Epoch 1287, t=2460388.4712547683:
  TLE_ECI: r=[-7154.38947481 -2716.67002519  -995.31421845], v=[ 0.25614136 -3.05671444  6.50140845]
  RK45_ECI: r=[7111.01591379 2966.00578561  697.3043146 ], v=[-0.56143901  2.9348258  -6.52750278]
Epoch 1288, t=2460388.4713300318:
  TLE_ECI: r=[-7142.57943486 -2810.68467193  -799.9109718 ], v=[ 0.44376507 -2.98457238  6.52483731]
  RK45_ECI: r=[7105.81934548 2988.40521201  654.84849752], v=[-0.60261994  2.91789108 -6.53128409]
Epoch 1289, t=2460388.471405295:
  TLE_ECI: r=[-7125.10241131 -2902.49052117  -603.88154745], v=[ 0.63097814 -2.90991925  6.54315782]
  RK45_ECI: r=[7100.34450269 3010.69165413  612.36869023], v=[-0.64376106  2.90081252 -6.53482758]
Epoch 1290, t=2460388.4714805586:
  TLE_ECI: r=[-7101.97403583 -2992.01043855  -407.37942422], v=[ 0.81763086 -2.83281412  6.55635526]
  RK45_ECI: r=[7094.59174274 3032.86386985  569.86683827], v=[-0.68486037  2.88359094 -6.53813312]
Epoch 1291, t=2460388.4715558216:
  TLE_ECI: r=[-7073.21446897 -3079.16908085  -210.5584611 ], v=[ 1.00357403 -2.75331817  6.564419  ]
  RK45_ECI: r=[7088.56140873 3054.92077985  527.34448937], v=[-0.72591622  2.86622701 -6.54120061]
Epoch 1292, t=2460388.471631085:
  TLE_ECI: r=[-7038.84834696 -3163.89304388   -13.57277419], v=[ 1.18865907 -2.67149461  6.56734252]
  RK45_ECI: r=[7082.25375779 3076.86163272  484.80259273], v=[-0.76692756  2.84872117 -6.54403   ]
Epoch 1293, t=2460388.4717063485:
  TLE_ECI: r=[-6998.90481418 -3246.1108005    183.42338677], v=[ 1.37273811 -2.58740867  6.56512344]
  RK45_ECI: r=[7075.66921779 3098.68509438  442.24329579], v=[-0.80789221  2.83107436 -6.54662118]
Epoch 1294, t=2460388.471781612:
  TLE_ECI: r=[-6953.41746291 -3325.75284518   380.27576188], v=[ 1.55566416 -2.50112754  6.55776345]
  RK45_ECI: r=[7068.80810434 3120.39029183  399.66774814], v=[-0.84880891  2.8132871  -6.5489741 ]
Epoch 1295, t=2460388.4718568753:
  TLE_ECI: r=[-6902.4243133  -3402.7517331    576.83020462], v=[ 1.73729119 -2.41272028  6.54526841]
  RK45_ECI: r=[7061.67084261 3141.97601132  357.07789896], v=[-0.88967568  2.79536026 -6.55108866]
Epoch 1296, t=2460388.4719321383:
  TLE_ECI: r=[-6845.96779116 -3477.04211796   772.93280533], v=[ 1.91747431 -2.32225779  6.52764825]
  RK45_ECI: r=[7054.2578312  3163.44119719  314.47529834], v=[-0.93049088  2.77729455 -6.55296482]
Epoch 1297, t=2460388.4720074018:
  TLE_ECI: r=[-6784.09465129 -3548.56088828   968.4300143 ], v=[ 2.09606985 -2.22981273  6.50491703]
  RK45_ECI: r=[7046.56936308 3184.78511313  271.86089662], v=[-0.97125349  2.75909044 -6.55460255]
Epoch 1298, t=2460388.472082665:
  TLE_ECI: r=[-6716.85599803 -3617.2471009   1163.16876484], v=[ 2.27293551 -2.13545948  6.47709289]
  RK45_ECI: r=[7038.60594023 3206.00645716  229.23684428], v=[-1.01196132  2.74074891 -6.55600179]
Epoch 1299, t=2460388.4721579286:
  TLE_ECI: r=[-6644.30720166 -3683.04211398  1356.99659557], v=[ 2.44793043 -2.03927405  6.44419803]
  RK45_ECI: r=[7030.36792062 3227.10437501  186.60429198], v=[-1.05261315  2.72227051 -6.55716252]
Epoch 1300, t=2460388.4722331916:
  TLE_ECI: r=[-6566.50787215 -3745.8895979   1549.76177236], v=[ 2.62091538 -1.94133406  6.40625872]
  RK45_ECI: r=[7021.85583956 3248.07757976  143.965391  ], v=[-1.09320681  2.70365625 -6.5580847 ]
Epoch 1301, t=2460388.472308455:
  TLE_ECI: r=[-6483.52176477 -3805.73566078  1741.31340938], v=[ 2.79175283 -1.84171857  6.36330525]
  RK45_ECI: r=[7013.07002197 3268.92534974  101.32109212], v=[-1.13374128  2.68490661 -6.55876833]
Epoch 1302, t=2460388.4723837185:
  TLE_ECI: r=[-6395.41679124 -3862.52877853  1931.50158964], v=[ 2.96030707 -1.74050817  6.3153719 ]
  RK45_ECI: r=[7004.01092471 3289.64665562   58.67294641], v=[-1.17421495  2.66602234 -6.5592134 ]
Epoch 1303, t=2460388.472458982:
  TLE_ECI: r=[-6302.26491869 -3916.21991665  2120.17748438], v=[ 3.12644433 -1.63778475  6.26249693]
  RK45_ECI: r=[6994.67908017 3310.24033221   16.02290538], v=[-1.21462587  2.64700437 -6.55941991]
Epoch 1304, t=2460388.4725342453:
  TLE_ECI: r=[-6204.1421195  -3966.76255278  2307.19347151], v=[ 3.2900329  -1.53363154  6.20472253]
  RK45_ECI: r=[6985.07488818 3330.70554489  -26.62788019], v=[-1.25497283  2.6278533  -6.55938787]
Epoch 1305, t=2460388.4726095083:
  TLE_ECI: r=[-6101.12831863 -4014.11269878  2492.403253  ], v=[ 3.4509432  -1.428133    6.14209476]
  RK45_ECI: r=[6975.19895685 3351.04104126  -69.27725877], v=[-1.29525368  2.60857016 -6.55911729]
Epoch 1306, t=2460388.4726847718:
  TLE_ECI: r=[-5993.30727944 -4058.22900976  2675.66197084], v=[ 3.60904796 -1.3213747   6.07466355]
  RK45_ECI: r=[6965.05160526 3371.2461954  -111.92448014], v=[-1.33546761  2.58915537 -6.55860822]
Epoch 1307, t=2460388.472760035:
  TLE_ECI: r=[-5880.76660264 -4099.07271196  2856.82632198], v=[ 3.76422224 -1.21344335  6.00248262]
  RK45_ECI: r=[6954.63346647 3391.31976737 -154.56739314], v=[-1.37561248  2.56960998 -6.55786068]
Epoch 1308, t=2460388.4728352986:
  TLE_ECI: r=[-5763.59760647 -4136.60770739  3035.75467154], v=[ 3.91634357 -1.10442663  5.92560946]
  RK45_ECI: r=[6943.94501658 3411.26086102 -197.20464758], v=[-1.41568692  2.54993469 -6.55687472]
Epoch 1309, t=2460388.472910562:
  TLE_ECI: r=[-5641.8952611  -4170.80058714  3212.30716463], v=[ 4.06529207 -0.99441316  5.84410523]
  RK45_ECI: r=[6932.98673732 3431.06858338 -239.83489347], v=[-1.45568955  2.53013021 -6.5556504 ]
Epoch 1310, t=2460388.472985825:
  TLE_ECI: r=[-5515.75812129 -4201.62064351  3386.34583654], v=[ 4.21095049 -0.88349243  5.75803477]
  RK45_ECI: r=[6921.75930877 3450.7417179  -282.45598099], v=[-1.49561825  2.51019761 -6.55418779]
Epoch 1311, t=2460388.4730610885:
  TLE_ECI: r=[-5385.28819477 -4229.03996119  3557.73472106], v=[ 4.35320437 -0.77175467  5.66746648]
  RK45_ECI: r=[6910.26307792 3470.27965358 -325.06716104], v=[-1.53547222  2.49013733 -6.55248694]
Epoch 1312, t=2460388.473136352:
  TLE_ECI: r=[-5250.59093065 -4253.03334277  3726.33995731], v=[ 4.49194207 -0.65929084  5.57247228]
  RK45_ECI: r=[6898.49874965 3489.6811864  -367.66628491], v=[-1.57524936  2.46995046 -6.55054796]
Epoch 1313, t=2460388.4732116153:
  TLE_ECI: r=[-5111.77508215 -4273.57839641  3892.0298943 ], v=[ 4.62705489 -0.54619252  5.47312757]
  RK45_ECI: r=[6886.46684657 3508.94544493 -410.25200449], v=[-1.61494831  2.44963772 -6.54837093]
Epoch 1314, t=2460388.473286879:
  TLE_ECI: r=[-4968.9526286  -4290.65553801  4054.6751938 ], v=[ 4.75843713 -0.43255183  5.36951112]
  RK45_ECI: r=[6874.16789696 3528.07156075 -452.82297205], v=[-1.6545677   2.42919984 -6.54595594]
Epoch 1315, t=2460388.4733621418:
  TLE_ECI: r=[-4822.23869511 -4304.2479938   4214.14893096], v=[ 4.88598622 -0.31846137  5.26170505]
  RK45_ECI: r=[6861.60265201 3547.05835425 -495.37704154], v=[-1.69410547  2.40863794 -6.54330314]
Epoch 1316, t=2460388.473437405:
  TLE_ECI: r=[-4671.75140645 -4314.34187206  4370.32669286], v=[ 5.00960271 -0.20401411  5.14979468]
  RK45_ECI: r=[6848.77148612 3565.90522989 -537.91346575], v=[-1.73356081  2.38795246 -6.5404126 ]
Epoch 1317, t=2460388.4735126686:
  TLE_ECI: r=[-4517.61186538 -4320.9260884   4523.08667494], v=[ 5.12919045 -0.08930333  5.03386856]
  RK45_ECI: r=[6835.67517475 3584.61102141 -580.43010043], v=[-1.77293165  2.36714453 -6.53728449]
Epoch 1318, t=2460388.473587932:
  TLE_ECI: r=[-4359.94400229 -4323.99243351  4672.30977504], v=[5.24465656 0.02557743 4.91401831]
  RK45_ECI: r=[6822.31423123 3603.17495414 -622.9258003 ], v=[-1.81221683  2.3462148  -6.53391892]
Epoch 1319, t=2460388.473663195:
  TLE_ECI: r=[-4198.87449862 -4323.53555329  4817.87968512], v=[5.35591159 0.14053447 4.79033855]
  RK45_ECI: r=[6808.68946272 3621.59587933 -665.39842378], v=[-1.85141429  2.32516441 -6.53031608]
Epoch 1320, t=2460388.4737384585:
  TLE_ECI: r=[-4034.53263231 -4319.55300358  4959.68298053], v=[5.46286949 0.25547407 4.66292687]
  RK45_ECI: r=[6794.80132308 3639.87314354 -707.84702658], v=[-1.89052307  2.30399392 -6.52647608]
Epoch 1321, t=2460388.473813722:
  TLE_ECI: r=[-3867.05024796 -4312.04517718  5097.60920698], v=[5.56544776 0.37030244 4.5318837 ]
  RK45_ECI: r=[6780.65047037 3658.0058227  -750.27006701], v=[-1.92954166  2.28270418 -6.52239908]
Epoch 1322, t=2460388.4738889853:
  TLE_ECI: r=[-3696.5615989  -4301.01535446  5231.55096485], v=[5.66356745 0.4849259  4.39731224]
  RK45_ECI: r=[6766.23768265 3675.99288029 -792.66560659], v=[-1.96846818  2.26129627 -6.51808531]
Epoch 1323, t=2460388.473964249:
  TLE_ECI: r=[-3523.20325033 -4286.46968862  5361.4039909 ], v=[5.75715323 0.59925091 4.25931836]
  RK45_ECI: r=[6751.56351251 3693.83356458 -835.03250418], v=[-2.00730151  2.23977084 -6.51353491]
Epoch 1324, t=2460388.4740395118:
  TLE_ECI: r=[-3347.11398127 -4268.41719103  5487.0672375 ], v=[5.84613345 0.71318414 4.11801055]
  RK45_ECI: r=[6736.62883636 3711.52676624 -877.36862563], v=[-2.04603959  2.21812907 -6.50874812]
Epoch 1325, t=2460388.474114775:
  TLE_ECI: r=[-3168.43462189 -4246.86976443  5608.44294901], v=[5.93044017 0.82663261 3.97349978]
  RK45_ECI: r=[6721.43414052 3729.07185158 -919.67303066], v=[-2.0846815   2.19637153 -6.5037251 ]
Epoch 1326, t=2460388.4741900386:
  TLE_ECI: r=[-2987.30801554 -4221.84213281  5725.43673567], v=[6.01000924 0.93950368 3.82589945]
  RK45_ECI: r=[6705.98013435 3746.46792621 -961.94418363], v=[-2.12322573  2.17449911 -6.49846605]
Epoch 1327, t=2460388.474265302:
  TLE_ECI: r=[-2803.87885308 -4193.35187116  5837.95764455], v=[6.08478029 1.05170516 3.67532528]
  RK45_ECI: r=[ 6690.26765824  3763.71399056 -1004.18015395], v=[-2.16167044  2.15251289 -6.49297124]
Epoch 1328, t=2460388.4743405655:
  TLE_ECI: r=[-2618.29356963 -4161.4193812   5945.91822782], v=[6.1546968  1.16314539 3.5218952 ]
  RK45_ECI: r=[ 6674.2973035   3780.80931647 -1046.37980573], v=[-2.20001451  2.13041357 -6.48724085]
Epoch 1329, t=2460388.4744158285:
  TLE_ECI: r=[-2430.70023941 -4126.06786821  6049.23460815], v=[6.21970616 1.27373329 3.36572928]
  RK45_ECI: r=[ 6658.07001489  3797.75283519 -1088.54101428], v=[-2.23825593  2.10820235 -6.4812752 ]
Epoch 1330, t=2460388.474491092:
  TLE_ECI: r=[-2241.24840877 -4087.32335223  6147.82654125], v=[6.27975963 1.38337849 3.20694966]
  RK45_ECI: r=[ 6641.58631076  3814.54393315 -1130.66284424], v=[-2.27639376  2.08587981 -6.47507445]
Epoch 1331, t=2460388.4745663553:
  TLE_ECI: r=[-2050.08905026 -4045.21460284  6241.61747567], v=[6.33481244 1.49199133 3.04568038]
  RK45_ECI: r=[ 6624.84695082  3831.18174703 -1172.74376749], v=[-2.31442654  2.06344688 -6.46863886]
Epoch 1332, t=2460388.474641619:
  TLE_ECI: r=[-1857.37439369 -3999.77314704  6330.53460948], v=[6.38482377 1.59948293 2.88204734]
  RK45_ECI: r=[ 6607.85283708  3847.66531493 -1214.78186311], v=[-2.35235245  2.04090466 -6.46196876]
Epoch 1333, t=2460388.474716882:
  TLE_ECI: r=[-1663.25781791 -3951.03323679  6414.5089442 ], v=[6.42975681 1.70576534 2.71617819]
  RK45_ECI: r=[ 6590.60459905  3863.993933   -1256.77600158], v=[-2.39017038  2.01825386 -6.45506435]
Epoch 1334, t=2460388.474792145:
  TLE_ECI: r=[-1467.89374078 -3899.03181788  6493.47533572], v=[6.46957876 1.81075149 2.54820222]
  RK45_ECI: r=[ 6573.10324865  3880.16657446 -1298.72406959], v=[-2.42787834  1.99549572 -6.44792601]
Epoch 1335, t=2460388.4748674086:
  TLE_ECI: r=[-1271.43745148 -3843.80851905  6567.37254211], v=[6.5042608  1.91435541 2.37825029]
  RK45_ECI: r=[ 6555.34933596  3896.18264637 -1340.62513759], v=[-2.46547541  1.97263084 -6.44055394]
Epoch 1336, t=2460388.474942672:
  TLE_ECI: r=[-1074.04505732 -3785.40559319  6636.14326883], v=[6.53377822 2.01649214 2.20645467]
  RK45_ECI: r=[ 6537.34367025  3912.04131738 -1382.47768637], v=[-2.50296015  1.94966017 -6.43294843]
Epoch 1337, t=2460388.4750179355:
  TLE_ECI: r=[ -875.87331484 -3723.8679035   6699.73421051], v=[6.55811032 2.11707787 2.03294902]
  RK45_ECI: r=[ 6519.08721434  3927.74166429 -1424.27980646], v=[-2.54033076  1.92658483 -6.42510986]
Epoch 1338, t=2460388.4750931985:
  TLE_ECI: r=[ -677.07952925 -3659.2428816   6758.09608998], v=[6.57724047 2.21603    1.85786823]
  RK45_ECI: r=[ 6500.58080416  3943.28287312 -1466.02998401], v=[-2.57758581  1.90340579 -6.41703854]
Epoch 1339, t=2460388.475168462:
  TLE_ECI: r=[ -477.82138804 -3591.58049933  6811.18369414], v=[6.59115611 2.31326723 1.68134832]
  RK45_ECI: r=[ 6481.82501121  3958.664366   -1507.72729396], v=[-2.61472437  1.88012367 -6.40873468]
Epoch 1340, t=2460388.4752437253:
  TLE_ECI: r=[ -278.25690298 -3520.93321587  6858.95590693], v=[6.59984874 2.40870957 1.5035264 ]
  RK45_ECI: r=[ 6462.82092344  3973.88516549 -1549.36963843], v=[-2.6517445   1.85673972 -6.40019873]
Epoch 1341, t=2460388.475318989:
  TLE_ECI: r=[  -78.5442431  -3447.35594694  6901.37573918], v=[6.60331394 2.50227841 1.32454047]
  RK45_ECI: r=[ 6443.56923011  3988.94460832 -1590.95590009], v=[-2.68864512  1.8332547  -6.39143094]
Epoch 1342, t=2460388.475394252:
  TLE_ECI: r=[  121.15837757 -3370.90601954  6938.41035535], v=[6.60155136 2.59389661 1.14452942]
  RK45_ECI: r=[ 6424.07095374  4003.84181135 -1632.48418256], v=[-2.72542447  1.80966979 -6.38243174]
Epoch 1343, t=2460388.475469515:
  TLE_ECI: r=[  320.69281322 -3291.6431283   6970.03109735], v=[6.59456471 2.68348851 0.96363286]
  RK45_ECI: r=[ 6404.32697881  4018.5759938  -1673.95298295], v=[-2.76208111  1.78598594 -6.37320149]
Epoch 1344, t=2460388.4755447786:
  TLE_ECI: r=[  519.90114832 -3209.62928631  6996.21350514], v=[6.58236174 2.77098009 0.78199103]
  RK45_ECI: r=[ 6384.3379076   4033.14659967 -1715.36138327], v=[-2.79861417  1.76220382 -6.36374041]
Epoch 1345, t=2460388.475620042:
  TLE_ECI: r=[  718.62576127 -3124.9287806   7016.93733443], v=[6.56495426 2.8562989  0.59974473]
  RK45_ECI: r=[ 6364.10489304  4047.55269607 -1756.70730102], v=[-2.83502172  1.73832472 -6.35404901]
Epoch 1346, t=2460388.4756953055:
  TLE_ECI: r=[  916.70948613 -3037.60812057  7032.18657118], v=[6.5423581  2.93937418 0.41703516]
  RK45_ECI: r=[ 6343.62866093  4061.79364614 -1797.98962766], v=[-2.8713027   1.7143494  -6.34412757]
Epoch 1347, t=2460388.475770569:
  TLE_ECI: r=[ 1113.99572437 -2947.73598679  7041.94944308], v=[6.51459313 3.0201369  0.23400389]
  RK45_ECI: r=[ 6322.91029272  4075.86860751 -1839.20648149], v=[-2.90745538  1.69027908 -6.33397656]
Epoch 1348, t=2460388.475845832:
  TLE_ECI: r=[ 1310.32855795 -2855.38318162  7046.21842798], v=[6.48168321 3.09851982 0.05079269]
  RK45_ECI: r=[ 6301.95072023  4089.77683404 -1880.35637181], v=[-2.94347836  1.66611475 -6.32359638]
Epoch 1349, t=2460388.4759210953:
  TLE_ECI: r=[ 1505.55290356 -2760.62255981  7044.9902591 ], v=[ 6.44365614  3.17445758 -0.13245653]
  RK45_ECI: r=[ 6280.75057602  4103.51779219 -1921.43838839], v=[-2.97937077  1.64185708 -6.31298727]
Epoch 1350, t=2460388.475996359:
  TLE_ECI: r=[ 1699.51458167 -2663.52899312  7038.2659274 ], v=[ 6.40054374  3.24788667 -0.31560184]
  RK45_ECI: r=[ 6259.31107682  4117.09059474 -1962.45046581], v=[-3.01513073  1.6175074  -6.30214979]
Epoch 1351, t=2460388.476071622:
  TLE_ECI: r=[ 1892.0604701  -2564.17929891  7026.05068069], v=[ 6.35238171  3.31874553 -0.4985014 ]
  RK45_ECI: r=[ 6237.63298426  4130.49463203 -2003.39150519], v=[-3.0507572   1.5930665  -6.29108425]
Epoch 1352, t=2460388.4761468857:
  TLE_ECI: r=[ 2083.03861376 -2462.65218384  7008.35401969], v=[ 6.29920969  3.3869746  -0.68101353]
  RK45_ECI: r=[ 6215.71743724  4143.72910399 -2044.25964107], v=[-3.08624848  1.56853562 -6.27979116]
Epoch 1353, t=2460388.4762221486:
  TLE_ECI: r=[ 2272.29833537 -2359.02818949  6985.1896911 ], v=[ 6.24107118  3.45251632 -0.86299685]
  RK45_ECI: r=[ 6193.56541416  4156.79329968 -2085.0533961 ], v=[-3.12160322  1.54391579 -6.26827097]
Epoch 1354, t=2460388.476297412:
  TLE_ECI: r=[ 2459.69038001 -2253.38960399  6956.57567744], v=[ 6.17801351  3.5153153  -1.04431036]
  RK45_ECI: r=[ 6171.17757699  4169.68670894 -2125.7718685 ], v=[-3.15682056  1.51920769 -6.25652393]
Epoch 1355, t=2460388.4763726755:
  TLE_ECI: r=[ 2645.0669882  -2145.82043621  6922.53418403], v=[ 6.11008784  3.57531819 -1.22481356]
  RK45_ECI: r=[ 6148.55520493  4182.40849134 -2166.41301166], v=[-3.19189866  1.49441268 -6.24455066]
Epoch 1356, t=2460388.476447939:
  TLE_ECI: r=[ 2828.28203914 -2036.40632554  6883.09162271], v=[ 6.03734907  3.63247386 -1.40436653]
  RK45_ECI: r=[ 6125.69909427  4194.95806552 -2206.97573722], v=[-3.22683652  1.46953158 -6.23235149]
Epoch 1357, t=2460388.476523202:
  TLE_ECI: r=[ 3009.19115078 -1925.23449045  6838.2785926 ], v=[ 5.95985588  3.68673336 -1.58283004]
  RK45_ECI: r=[ 6102.61055216  4207.33461241 -2247.45800768], v=[-3.26163232  1.44456577 -6.21992705]
Epoch 1358, t=2460388.4765984653:
  TLE_ECI: r=[ 3187.65181507 -1812.39362574  6788.12985776], v=[ 5.87767058  3.73805004 -1.76006566]
  RK45_ECI: r=[ 6079.29026668  4219.5376433  -2287.85892968], v=[-3.29628522  1.41951594 -6.20727763]
Epoch 1359, t=2460388.476673729:
  TLE_ECI: r=[ 3363.5234737  -1697.97388441  6732.68432183], v=[ 5.79085916  3.78637952 -1.93593587]
  RK45_ECI: r=[ 6055.73926385  4231.56648629 -2328.17704121], v=[-3.3307939   1.39438316 -6.1944037 ]
Epoch 1360, t=2460388.476748992:
  TLE_ECI: r=[ 3536.66765088 -1582.06677398  6671.9849996 ], v=[ 5.6994912   3.83167974 -2.11030413]
  RK45_ECI: r=[ 6031.95877177  4243.42041097 -2368.41050602], v=[-3.36515675  1.3691687  -6.18130587]
Epoch 1361, t=2460388.4768242557:
  TLE_ECI: r=[ 3706.94805515 -1464.7650932   6606.07898554], v=[ 5.60363983  3.87391104 -2.28303499]
  RK45_ECI: r=[ 6007.9496209   4255.09886425 -2408.55824716], v=[-3.39937277  1.34387339 -6.1679845 ]
Epoch 1362, t=2460388.4768995186:
  TLE_ECI: r=[ 3874.23068192 -1346.16287028  6535.01741932], v=[ 5.50338168  3.91303612 -2.45399424]
  RK45_ECI: r=[ 5983.71317815  4266.60107601 -2448.61824856], v=[-3.43344021  1.31849863 -6.15444027]
Epoch 1363, t=2460388.476974782:
  TLE_ECI: r=[ 4038.38393399 -1226.35524479  6458.85544826], v=[ 5.39879679  3.94902019 -2.62304893]
  RK45_ECI: r=[ 5959.25005357  4277.92662146 -2488.5898141 ], v=[-3.4673584   1.29304503 -6.14067344]
Epoch 1364, t=2460388.4770500455:
  TLE_ECI: r=[ 4199.27869989 -1105.43845906  6377.6521869 ], v=[ 5.28996862  3.98183087 -2.79006754]
  RK45_ECI: r=[ 5934.56163461  4289.07474731 -2528.4709355 ], v=[-3.50112561  1.267514   -6.12668472]
Epoch 1365, t=2460388.477125309:
  TLE_ECI: r=[4356.78847179 -983.50973857 6291.47067339], v=[ 5.17698396  4.01143831 -2.95492002]
  RK45_ECI: r=[ 5909.64888569  4300.04488632 -2568.26035912], v=[-3.53474072  1.2419065  -6.11247455]
Epoch 1366, t=2460388.4772005724:
  TLE_ECI: r=[4510.78944057 -860.66722608 6200.37782307], v=[ 5.05993283  4.03781518 -3.11747794]
  RK45_ECI: r=[ 5884.51277563  4310.8364756  -2607.956833  ], v=[-3.56820263  1.21622349 -6.0980434 ]
Epoch 1367, t=2460388.4772758354:
  TLE_ECI: r=[4661.16059097 -737.00991757 6104.444379  ], v=[ 4.93890848  4.0609367  -3.27761458]
  RK45_ECI: r=[ 5859.15472995  4321.44879414 -2647.5583643 ], v=[-3.6015096   1.1904664  -6.08339202]
Epoch 1368, t=2460388.477351099:
  TLE_ECI: r=[4807.78380599 -612.63752968 6003.74485952], v=[ 4.81400728  4.0807807  -3.43520497]
  RK45_ECI: r=[ 5833.57538031  4331.88143835 -2687.06426539], v=[-3.63466103  1.16463584 -6.06852067]
Epoch 1369, t=2460388.477426362:
  TLE_ECI: r=[4950.5439461  -487.65050088 5898.35750302], v=[ 4.68532864  4.09732762 -3.59012609]
  RK45_ECI: r=[ 5807.77617202  4342.13370461 -2726.4725519 ], v=[-3.66765521  1.13873325 -6.05343013]
Epoch 1370, t=2460388.4775016257:
  TLE_ECI: r=[5089.32895009 -362.14985827 5788.36420963], v=[ 4.55297501  4.11056049 -3.74225686]
  RK45_ECI: r=[ 5781.75810639  4352.20505945 -2765.78198564], v=[-3.70049105  1.11275959 -6.03812087]
Epoch 1371, t=2460388.477576889:
  TLE_ECI: r=[5224.0299214  -236.23715007 5673.85048017], v=[ 4.41705172  4.12046502 -3.8914783 ]
  RK45_ECI: r=[ 5755.52218899  4362.09497388 -2804.99133029], v=[-3.73316749  1.08671585 -6.02259341]
Epoch 1372, t=2460388.477652152:
  TLE_ECI: r=[5354.54121441 -110.01437997 5554.90535222], v=[ 4.27766696  4.12702958 -4.03767364]
  RK45_ECI: r=[ 5729.06990214  4371.80277701 -2844.09861809], v=[-3.76568286  1.06060348 -6.00684855]
Epoch 1373, t=2460388.4777274155:
  TLE_ECI: r=[5480.76052022   16.41613712 5431.62133331], v=[ 4.13493165  4.13024526 -4.18072832]
  RK45_ECI: r=[ 5702.4018983   4381.32808681 -2883.10317064], v=[-3.79803655  1.03442308 -5.99088657]
Epoch 1374, t=2460388.477802679:
  TLE_ECI: r=[5602.58894534  142.95176449 5304.09433138], v=[ 3.98895941  4.13010579 -4.32053021]
  RK45_ECI: r=[ 5675.51967896  4390.67025011 -2922.00302928], v=[-3.8302269   1.00817612 -5.9747083 ]
Epoch 1375, t=2460388.4778779424:
  TLE_ECI: r=[5719.93109327  269.48968788 5172.42358252], v=[ 3.83986645  4.12660766 -4.45696958]
  RK45_ECI: r=[ 5648.42416339  4399.82879764 -2960.79715437], v=[-3.86225303  0.98186347 -5.95831419]
Epoch 1376, t=2460388.4779532054:
  TLE_ECI: r=[5832.69514148  395.92696655 5036.71157589], v=[ 3.6877715   4.11975004 -4.58993929]
  RK45_ECI: r=[ 5621.11687808  4408.80309925 -2999.48359958], v=[-3.89411329  0.95548659 -5.94170509]
Epoch 1377, t=2460388.478028469:
  TLE_ECI: r=[5940.79291098  522.16068474 4897.06397607], v=[ 3.53279565  4.10953489 -4.7193348 ]
  RK45_ECI: r=[ 5593.59861147  4417.59276197 -3038.06151354], v=[-3.92580696  0.92904622 -5.92488139]
Epoch 1378, t=2460388.478103732:
  TLE_ECI: r=[6044.13994333  648.08793373 4753.58954274], v=[ 3.37506238  4.09596685 -4.84505431]
  RK45_ECI: r=[ 5565.87054943  4426.19725847 -3076.52950198], v=[-3.95733285  0.90254347 -5.90784371]
Epoch 1379, t=2460388.4781789957:
  TLE_ECI: r=[6142.6555653   773.6059633  4606.40004774], v=[ 3.21469736  4.07905333 -4.96699882]
  RK45_ECI: r=[ 5537.93411623  4434.61603239 -3114.88581516], v=[-3.9886895   0.8759797  -5.89059285]
Epoch 1380, t=2460388.478254259:
  TLE_ECI: r=[6236.26295503  898.61224893 4455.61018969], v=[ 3.05182842  4.05880448 -5.08507221]
  RK45_ECI: r=[ 5509.79026085  4442.84864532 -3153.1294287 ], v=[-4.01987605  0.84935578 -5.87312931]
Epoch 1381, t=2460388.478329522:
  TLE_ECI: r=[6324.88920736 1023.00455739 4301.33750602], v=[ 2.8865854   4.03523315 -5.19918136]
  RK45_ECI: r=[ 5481.44056363  4450.89451854 -3191.2584247 ], v=[-4.05089091  0.8226732  -5.85545397]
Epoch 1382, t=2460388.4784047855:
  TLE_ECI: r=[6408.46538158 1146.6811046  4143.70228271], v=[ 2.71910007  4.008355   -5.30923616]
  RK45_ECI: r=[ 5452.88583739  4458.75328507 -3229.27196488], v=[-4.08173337  0.79593269 -5.83756726]
Epoch 1383, t=2460388.478480049:
  TLE_ECI: r=[6486.92657448 1269.54052921 3982.82746151], v=[ 2.54950605  3.97818837 -5.41514966]
  RK45_ECI: r=[ 5424.12730694  4466.42445714 -3267.16867604], v=[-4.11240228  0.76913541 -5.81946984]
Epoch 1384, t=2460388.4785553124:
  TLE_ECI: r=[6560.2119625  1391.4820496  3818.83854501], v=[ 2.37793865  3.94475434 -5.5168381 ]
  RK45_ECI: r=[ 5395.16644461  4473.90752567 -3304.94683521], v=[-4.14289623  0.74228269 -5.80116257]
Epoch 1385, t=2460388.478630576:
  TLE_ECI: r=[6628.26485417 1512.40552933 3651.86349938], v=[ 2.20453484  3.90807669 -5.61422101]
  RK45_ECI: r=[ 5366.00422817  4481.20208348 -3342.60543426], v=[-4.17321437  0.71537544 -5.78264595]
Epoch 1386, t=2460388.478705839:
  TLE_ECI: r=[6691.03274135 1632.21154047 3482.032655  ], v=[ 2.02943308  3.86818192 -5.70722125]
  RK45_ECI: r=[ 5336.64229016  4488.30760396 -3380.14258551], v=[-4.20335516  0.68841515 -5.76392094]
Epoch 1387, t=2460388.478781102:
  TLE_ECI: r=[6748.46732366 1750.80152443 3309.47860501], v=[ 1.85277318  3.82509919 -5.7957651 ]
  RK45_ECI: r=[ 5307.08146709  4495.22374637 -3417.55746456], v=[-4.23331791  0.66140257 -5.74498798]
Epoch 1388, t=2460388.4788563657:
  TLE_ECI: r=[6800.52457573 1868.07775792 3134.33610177], v=[ 1.67469629  3.77886035 -5.87978234]
  RK45_ECI: r=[ 5277.32302135  4501.95006314 -3454.84872056], v=[-4.26310151  0.63433885 -5.72584778]
Epoch 1389, t=2460388.478931629:
  TLE_ECI: r=[6847.16476557 1983.94351148 2956.74195153], v=[ 1.4953447   3.72949989 -5.95920628]
  RK45_ECI: r=[ 5247.36847192  4508.48609301 -3492.01465889], v=[-4.29270459  0.60722537 -5.70650123]
Epoch 1390, t=2460388.479006892:
  TLE_ECI: r=[6888.35249777 2098.30309167 2776.83490707], v=[ 1.31486177  3.6770549  -6.03397382]
  RK45_ECI: r=[ 5217.21910162  4514.83140954 -3529.05394152], v=[-4.32212605  0.58006326 -5.68694906]
Epoch 1391, t=2460388.4790821555:
  TLE_ECI: r=[6924.05671847 2211.06200194 2594.75555882], v=[ 1.13339174  3.62156511 -6.10402556]
  RK45_ECI: r=[ 5186.8757624   4520.98569109 -3565.96575392], v=[-4.35136522  0.55285331 -5.66719172]
Epoch 1392, t=2460388.479157419:
  TLE_ECI: r=[6954.25077696 2322.12690121 2410.64622405], v=[ 0.95107973  3.56307277 -6.16930578]
  RK45_ECI: r=[ 5156.34014458  4526.94847161 -3602.7482451 ], v=[-4.38042061  0.52559701 -5.64723022]
Epoch 1393, t=2460388.4792326824:
  TLE_ECI: r=[6978.91242404 2431.40576288 2224.65083469], v=[ 0.76807151  3.5016227  -6.22976255]
  RK45_ECI: r=[ 5125.61327036  4532.71939442 -3639.40043481], v=[-4.40929142  0.49829528 -5.62706513]
Epoch 1394, t=2460388.479307946:
  TLE_ECI: r=[6998.02383606 2538.80793297 2036.91482355], v=[ 0.58451343  3.43726221 -6.28534775]
  RK45_ECI: r=[ 5094.69670362  4538.29804698 -3675.92065831], v=[-4.43797631  0.4709495  -5.60669738]
Epoch 1395, t=2460388.479383209:
  TLE_ECI: r=[7011.57163748 2644.24418573 1847.5850092 ], v=[ 0.4005523   3.37004108 -6.33601711]
  RK45_ECI: r=[ 5063.59176314  4543.68404357 -3712.30760172], v=[-4.46647422  0.44356084 -5.58612774]
Epoch 1396, t=2460388.479458472:
  TLE_ECI: r=[7019.54688093 2747.62688168 1656.80947964], v=[ 0.21633524  3.30001154 -6.38173027]
  RK45_ECI: r=[ 5032.29932322  4548.87708947 -3748.56046561], v=[-4.4947845   0.41613007 -5.56535667]
Epoch 1397, t=2460388.4795337357:
  TLE_ECI: r=[7021.94510009 2848.86991877 1464.73747461], v=[ 0.03200959  3.22722818 -6.42245081]
  RK45_ECI: r=[ 5000.82112291  4553.87677205 -3784.67743273], v=[-4.52290571  0.38865872 -5.54438524]
Epoch 1398, t=2460388.479608999:
  TLE_ECI: r=[7018.76628298 2947.88888757 1271.51926701], v=[-0.15227725  3.15174794 -6.45814626]
  RK45_ECI: r=[ 4969.15821081  4558.68276698 -3820.65754135], v=[-4.55083707  0.3611477  -5.52321403]
Epoch 1399, t=2460388.4796842625:
  TLE_ECI: r=[7010.01487907 3044.60112265 1077.30604327], v=[-0.33637793  3.07363009 -6.48878818]
  RK45_ECI: r=[ 4937.31219449  4563.29471065 -3856.49915796], v=[-4.57857729  0.33359843 -5.50184402]
Epoch 1400, t=2460388.4797595255:
  TLE_ECI: r=[6995.69980434 3138.92575242  882.24978285], v=[-0.52014522  2.99293612 -6.51435215]
  RK45_ECI: r=[ 4905.28442739  4567.71225868 -3892.20099397], v=[-4.60612536  0.30601208 -5.480276  ]
Epoch 1401, t=2460388.479834789:
  TLE_ECI: r=[6975.83439692 3230.78385018  686.50313714], v=[-0.70343228  2.90972973 -6.5348178 ]
  RK45_ECI: r=[ 4873.07580535  4571.93514368 -3927.76226558], v=[-4.63348063  0.27838943 -5.45851047]
Epoch 1402, t=2460388.4799100524:
  TLE_ECI: r=[6950.43645966 3320.0983785   490.21930746], v=[-0.8860926   2.82407678 -6.55016882]
  RK45_ECI: r=[ 4840.68811436  4575.9630072  -3963.18119084], v=[-4.66064172  0.25073203 -5.43654853]
Epoch 1403, t=2460388.479985316:
  TLE_ECI: r=[6919.52820892 3406.79433669  293.55192281], v=[-1.06798027  2.73604522 -6.56039301]
  RK45_ECI: r=[ 4808.12242859  4579.79555749 -3998.4568272 ], v=[-4.68760788  0.2230408  -5.41439077]
Epoch 1404, t=2460388.4800605793:
  TLE_ECI: r=[6883.13626415 3490.79880485   96.6549171 ], v=[-1.24895003  2.64570504 -6.56548224]
  RK45_ECI: r=[ 4775.38039761  4583.43248066 -4033.58757377], v=[-4.71437787  0.19531718 -5.39203824]
Epoch 1405, t=2460388.480135842:
  TLE_ECI: r=[6841.29163545 3572.04098588 -100.31759396], v=[-1.4288574  2.5531282 -6.5654325]
  RK45_ECI: r=[ 4742.46340821  4586.87347411 -4068.57216816], v=[-4.7409507   0.16756235 -5.36949173]
Epoch 1406, t=2460388.4802111057:
  TLE_ECI: r=[6794.02965519 3650.45234669 -297.21143591], v=[-1.60755885  2.45838858 -6.56024389]
  RK45_ECI: r=[ 4709.37237674  4590.11829839 -4103.40984282], v=[-4.76732578  0.1397771  -5.34675177]
Epoch 1407, t=2460388.480286369:
  TLE_ECI: r=[6741.39001004 3725.96655556 -493.872499  ], v=[-1.78491187  2.36156194 -6.54992062]
  RK45_ECI: r=[ 4676.10913463  4593.16664951 -4138.09885249], v=[-4.79350177  0.111963   -5.3238195 ]
Epoch 1408, t=2460388.4803616325:
  TLE_ECI: r=[6683.4166654  3798.5196202  -690.14686127], v=[-1.96077509  2.26272579 -6.53447099]
  RK45_ECI: r=[ 4642.67478023  4596.01826911 -4172.63827449], v=[-4.81947795  0.08412099 -5.30069555]
Epoch 1409, t=2460388.4804368955:
  TLE_ECI: r=[6620.15784955 3868.04990259 -885.8809116 ], v=[-2.13500845  2.16195941 -6.51390741]
  RK45_ECI: r=[ 4609.07116472  4598.67287829 -4207.02638077], v=[-4.84525301  0.05625264 -5.27738108]
Epoch 1410, t=2460388.480512159:
  TLE_ECI: r=[ 6551.6659673   3934.49824936 -1080.92147233], v=[-2.30747326  2.0593437  -6.48824637]
  RK45_ECI: r=[ 4575.29922275  4601.1302625  -4241.26241923], v=[-4.87082638  0.02835876 -5.25387662]
Epoch 1411, t=2460388.4805874224:
  TLE_ECI: r=[ 6477.99762245  3997.80792579 -1275.11592173], v=[-2.47803235  1.95496117 -6.45750844]
  RK45_ECI: r=[ 4541.36037439  4603.39016471 -4275.34515598], v=[-4.89619713e+00  4.40541155e-04 -5.23018301e+00]
Epoch 1412, t=2460388.480662686:
  TLE_ECI: r=[ 6399.21352492  4057.92474229 -1468.31231566], v=[-2.6465502   1.84889583 -6.42171821]
  RK45_ECI: r=[ 4507.25633283  4605.45235156 -4309.27304489], v=[-4.9213641  -0.02750056 -5.20630136]
Epoch 1413, t=2460388.4807379493:
  TLE_ECI: r=[ 6315.37844997  4114.79708139 -1660.3595087 ], v=[-2.81289298  1.74123315 -6.38090433]
  RK45_ECI: r=[ 4472.98821954  4607.31659832 -4343.04518387], v=[-4.94632661 -0.0554636  -5.18223229]
Epoch 1414, t=2460388.480813212:
  TLE_ECI: r=[ 6226.56119546  4168.37592336 -1851.10727457], v=[-2.97692876  1.63205996 -6.33509942]
  RK45_ECI: r=[ 4438.55792801  4608.98268152 -4376.65988363], v=[-4.97108341 -0.083447   -5.15797702]
Epoch 1415, t=2460388.4808884757:
  TLE_ECI: r=[ 6132.83447473  4218.61496132 -2040.40642554], v=[-3.13852756  1.52146439 -6.28434008]
  RK45_ECI: r=[ 4403.96641157  4610.45041513 -4410.11640934], v=[-4.99563396 -0.11144993 -5.13353609]
Epoch 1416, t=2460388.480963739:
  TLE_ECI: r=[ 6034.27492732  4265.4705311  -2228.10893107], v=[-3.29756146  1.40953578 -6.22866686]
  RK45_ECI: r=[ 4369.2151202   4611.71958515 -4443.41355538], v=[-5.01997738 -0.13947119 -5.1089104 ]
Epoch 1417, t=2460388.4810390025:
  TLE_ECI: r=[ 5930.96300622  4308.9017214  -2414.06803521], v=[-3.4539047   1.29636463 -6.16812417]
  RK45_ECI: r=[ 4334.30580439  4612.79000911 -4476.5498115 ], v=[-5.04411257 -0.16750933 -5.08410105]
Epoch 1418, t=2460388.481114266:
  TLE_ECI: r=[ 5822.98292148  4348.87039088 -2598.13837282], v=[-3.60743382  1.18204249 -6.10276031]
  RK45_ECI: r=[ 4299.23960742  4613.66149623 -4509.52429694], v=[-5.06803889 -0.19556338 -5.05910873]
Epoch 1419, t=2460388.481189529:
  TLE_ECI: r=[ 5710.42258214  4385.34118356 -2780.1760846 ], v=[-3.75802773  1.0666619  -6.03262737]
  RK45_ECI: r=[ 4264.01846295  4614.33387893 -4542.33536262], v=[-5.09175516 -0.22363176 -5.03393468]
Epoch 1420, t=2460388.4812647924:
  TLE_ECI: r=[ 5593.37347065  4418.28162667 -2960.03893053], v=[-3.90556781  0.9503163  -5.9577812 ]
  RK45_ECI: r=[ 4228.64318539  4614.80699254 -4574.98244449], v=[-5.11526097 -0.25171377 -5.00857936]
Epoch 1421, t=2460388.481340056:
  TLE_ECI: r=[ 5471.93064311  4447.66205618 -3137.58640211], v=[-4.04993801  0.83309997 -5.87828137]
  RK45_ECI: r=[ 4193.11572177  4615.08068895 -4607.46390765], v=[-5.13855517 -0.27980782 -4.98304404]
Epoch 1422, t=2460388.4814153193:
  TLE_ECI: r=[ 5346.19259792  4473.45571077 -3312.67983275], v=[-4.19102493  0.71510793 -5.79419109]
  RK45_ECI: r=[ 4157.43738925  4615.15481421 -4639.77873767], v=[-5.16163703 -0.30791282 -4.95732952]
Epoch 1423, t=2460388.4814905827:
  TLE_ECI: r=[ 5216.26120637  4495.63873704 -3485.18250662], v=[-4.32871793  0.59643585 -5.7055772 ]
  RK45_ECI: r=[ 4121.60950769  4615.02921937 -4671.92592306], v=[-5.18450586 -0.33602769 -4.93143662]
Epoch 1424, t=2460388.4815658457:
  TLE_ECI: r=[ 5082.2416406   4514.1901951  -3654.95976569], v=[-4.46290921  0.47718002 -5.61251003]
  RK45_ECI: r=[ 4085.63404865  4614.70379308 -4703.90385645], v=[-5.20716053 -0.36415083 -4.90536664]
Epoch 1425, t=2460388.481641109:
  TLE_ECI: r=[ 4944.242233    4529.09213647 -3821.87911484], v=[-4.59349386  0.35743719 -5.51506344]
  RK45_ECI: r=[ 4049.51183942  4614.17839524 -4735.71198842], v=[-5.22960067 -0.39228154 -4.87912005]
Epoch 1426, t=2460388.4817163725:
  TLE_ECI: r=[ 4802.37446539  4540.32952873 -3985.81032523], v=[-4.72037     0.23730455 -5.41331464]
  RK45_ECI: r=[ 4013.24486408  4613.45293417 -4767.34872631], v=[-5.25182518 -0.42041824 -4.85269816]
Epoch 1427, t=2460388.481791636:
  TLE_ECI: r=[ 4656.75282369  4547.89032923 -4146.62553551], v=[-4.8434388   0.11687965 -5.30734424]
  RK45_ECI: r=[ 3976.83430172  4612.52728075 -4798.81322976], v=[-5.27383349 -0.44855995 -4.8261017 ]
Epoch 1428, t=2460388.481866899:
  TLE_ECI: r=[ 4507.49472966  4551.76546692 -4304.19935093], v=[-4.96260461e+00 -3.73972007e-03 -5.19723606e+00]
  RK45_ECI: r=[ 3940.28215269  4611.40136874 -4830.10392588], v=[-5.29562453 -0.47670509 -4.79933199]
Epoch 1429, t=2460388.4819421624:
  TLE_ECI: r=[ 4354.72039057  4551.94890369 -4458.40894023], v=[-5.07777497 -0.12445562 -5.08307717]
  RK45_ECI: r=[ 3903.5894161   4610.07509322 -4861.22013168], v=[-5.31719784 -0.50485283 -4.77238965]
Epoch 1430, t=2460388.482017426:
  TLE_ECI: r=[ 4198.55278029  4548.43755895 -4609.13413057], v=[-5.18886071 -0.24516997 -4.96495772]
  RK45_ECI: r=[ 3866.75761747  4608.5483614  -4892.16072634], v=[-5.33855268 -0.53300194 -4.74527564]
Epoch 1431, t=2460388.4820926893:
  TLE_ECI: r=[ 4039.1174847   4541.23136701 -4756.25749982], v=[-5.29577603 -0.36578469 -4.84297092]
  RK45_ECI: r=[ 3829.7886007   4606.82113511 -4922.9243074 ], v=[-5.3596881  -0.56115097 -4.71799122]
Epoch 1432, t=2460388.4821679527:
  TLE_ECI: r=[ 3876.5426125   4530.33326358 -4899.66446668], v=[-5.39843854 -0.48620178 -4.71721294]
  RK45_ECI: r=[ 3792.68356302  4604.89331957 -4953.51005807], v=[-5.38060359 -0.58929895 -4.69053712]
Epoch 1433, t=2460388.4822432157:
  TLE_ECI: r=[ 3710.95870346  4515.74917315 -5039.24337833], v=[-5.49676929 -0.60632334 -4.58778282]
  RK45_ECI: r=[ 3755.4445389   4602.764905   -4983.91644991], v=[-5.4012981  -0.61744429 -4.66291473]
Epoch 1434, t=2460388.482318479:
  TLE_ECI: r=[ 3542.49856903  4497.48804872 -5174.88559548], v=[-5.5906929  -0.72605177 -4.45478242]
  RK45_ECI: r=[ 3718.0725417   4600.43581562 -5014.14281973], v=[-5.42177124 -0.64558617 -4.63512467]
Epoch 1435, t=2460388.4823937425:
  TLE_ECI: r=[ 3371.29726416  4475.56179785 -5306.48557518], v=[-5.68013753 -0.84528971 -4.31831629]
  RK45_ECI: r=[ 3680.56912072  4597.9060022  -5044.18807908], v=[-5.4420223  -0.67372337 -4.60716795]
Epoch 1436, t=2460388.482469006:
  TLE_ECI: r=[ 3197.49192478  4449.98531853 -5433.94095074], v=[-5.765035   -0.9639402  -4.17849162]
  RK45_ECI: r=[ 3642.93614986  4595.17547806 -5074.05086653], v=[-5.46205038 -0.70185442 -4.57904585]
Epoch 1437, t=2460388.4825442694:
  TLE_ECI: r=[ 3021.2216698   4420.77647647 -5557.15260916], v=[-5.84532076 -1.08190674 -4.03541811]
  RK45_ECI: r=[ 3605.17484294  4592.24418307 -5103.73038973], v=[-5.481855   -0.72997835 -4.55075914]
Epoch 1438, t=2460388.4826195324:
  TLE_ECI: r=[ 2842.62750232  4387.95608236 -5676.02476594], v=[-5.920934   -1.19909334 -3.88920794]
  RK45_ECI: r=[ 3567.28726649  4589.11216391 -5133.22516607], v=[-5.50143518 -0.75809359 -4.52230925]
Epoch 1439, t=2460388.482694796:
  TLE_ECI: r=[ 2661.8521446   4351.54790971 -5790.46503691], v=[-5.99181766 -1.31540468 -3.73997563]
  RK45_ECI: r=[ 3529.27444737  4585.77937374 -5162.53455286], v=[-5.52079055 -0.78619931 -4.49369681]
Epoch 1440, t=2460388.4827700593:
  TLE_ECI: r=[ 2479.04000082  4311.57862449 -5900.38450778], v=[-6.05791846 -1.43074608 -3.58783795]
  RK45_ECI: r=[ 3491.13795705  4582.24580703 -5191.65749502], v=[-5.53992045 -0.81429429 -4.46492287]
Epoch 1441, t=2460388.4828453227:
  TLE_ECI: r=[ 2294.33699019  4268.07779911 -6005.6978004 ], v=[-6.11918693 -1.54502363 -3.43291386]
  RK45_ECI: r=[ 3452.87969727  4578.51152878 -5220.59267347], v=[-5.55882402 -0.84237707 -4.43598876]
Epoch 1442, t=2460388.482920586:
  TLE_ECI: r=[ 2107.89044333  4221.07788041 -6106.32313657], v=[-6.17557747 -1.65814426 -3.27532438]
  RK45_ECI: r=[ 3414.50089767  4574.57651324 -5249.339321  ], v=[-5.57750082 -0.87044668 -4.40689525]
Epoch 1443, t=2460388.482995849:
  TLE_ECI: r=[ 1919.84899732  4170.6141585  -6202.18239882], v=[-6.22704834 -1.77001576 -3.11519253]
  RK45_ECI: r=[ 3376.00365479  4570.44086357 -5277.89600226], v=[-5.59594994 -0.89850154 -4.37764382]
Epoch 1444, t=2460388.4830711125:
  TLE_ECI: r=[ 1730.36242873  4116.72476243 -6293.20118826], v=[-6.27356169 -1.880547   -2.9526432 ]
  RK45_ECI: r=[ 3337.3890078   4566.10456204 -5306.26209562], v=[-5.61417102 -0.92654084 -4.34823512]
Epoch 1445, t=2460388.483146376:
  TLE_ECI: r=[ 1539.58160864  4059.45059467 -6379.30887985], v=[-6.31508362 -1.98964779 -2.78780305]
  RK45_ECI: r=[ 3298.65854896  4561.56764676 -5334.43658038], v=[-5.63216343 -0.95456334 -4.31867023]
Epoch 1446, t=2460388.4832216394:
  TLE_ECI: r=[ 1347.65833449  3998.8353234  -6460.43867437], v=[-6.35158413 -2.0972291  -2.62080047]
  RK45_ECI: r=[ 3259.81420618  4556.83023427 -5362.41818098], v=[-5.6499264 -0.9825676 -4.2889505]
Epoch 1447, t=2460388.4832969024:
  TLE_ECI: r=[ 1154.74523401  3934.9253389  -6536.52764771], v=[-6.38303721 -2.20320308 -2.4517654 ]
  RK45_ECI: r=[ 3220.85758293  4551.8923855  -5390.20589614], v=[-5.66745932 -1.0105524  -4.25907703]
Epoch 1448, t=2460388.483372166:
  TLE_ECI: r=[  960.99559892  3867.76973166 -6607.51679701], v=[-6.40942077 -2.30748316 -2.28082929]
  RK45_ECI: r=[ 3181.78972592  4546.75410352 -5417.79911879], v=[-5.68476186 -1.03851692 -4.22905046]
Epoch 1449, t=2460388.4834474293:
  TLE_ECI: r=[  766.56333454  3797.42023184 -6673.35108406], v=[-6.43071673 -2.40998404 -2.108125  ]
  RK45_ECI: r=[ 3142.61276356  4541.41555631 -5445.19646915], v=[-5.70183316 -1.06645957 -4.19887233]
Epoch 1450, t=2460388.4835226927:
  TLE_ECI: r=[  571.60279256  3723.93118451 -6733.97947553], v=[-6.44691097 -2.51062181 -1.93378665]
  RK45_ECI: r=[ 3103.32794836  4535.87677322 -5472.39722169], v=[-5.71867283 -1.09437939 -4.16854345]
Epoch 1451, t=2460388.483597956:
  TLE_ECI: r=[  376.26866182  3647.35950347 -6789.35498024], v=[-6.45799336 -2.60931404 -1.75794957]
  RK45_ECI: r=[ 3063.93723234  4530.13792256 -5499.40014549], v=[-5.73528012 -1.12227493 -4.1380652 ]
Epoch 1452, t=2460388.483673219:
  TLE_ECI: r=[  180.71585834  3567.76462649 -6839.43468348], v=[-6.46395777 -2.70597974 -1.58075019]
  RK45_ECI: r=[ 3024.44223753  4524.19910883 -5526.20427498], v=[-5.75165449 -1.15014496 -4.1074387 ]
Epoch 1453, t=2460388.4837484825:
  TLE_ECI: r=[  -14.9006376   3485.20847217 -6884.17977819], v=[-6.464802   -2.80053957 -1.40232591]
  RK45_ECI: r=[ 2984.84402157  4518.06036417 -5552.80902501], v=[-5.76779561 -1.17798868 -4.07666463]
Epoch 1454, t=2460388.483823746:
  TLE_ECI: r=[ -210.42583856  3399.7553868  -6923.5555933 ], v=[-6.46052788 -2.89291578 -1.22281505]
  RK45_ECI: r=[ 2945.1447386   4511.72191298 -5579.21306564], v=[-5.78370271 -1.20580449 -4.04574453]
Epoch 1455, t=2460388.4838990094:
  TLE_ECI: r=[ -405.70491288  3311.47209861 -6957.53161887], v=[-6.4511412  -2.98303228 -1.04235669]
  RK45_ECI: r=[ 2905.34565383  4505.18381924 -5605.41569812], v=[-5.7993754  -1.23359144 -4.01467924]
Epoch 1456, t=2460388.483974273:
  TLE_ECI: r=[ -600.58329416  3220.42766509 -6986.08152823], v=[-6.4366517  -3.07081477 -0.86109061]
  RK45_ECI: r=[ 2865.44874185  4498.44630275 -5631.41573715], v=[-5.81481301 -1.26134807 -3.98347018]
Epoch 1457, t=2460388.484049536:
  TLE_ECI: r=[ -794.90679189  3126.69342187 -7009.18319715], v=[-6.4170731  -3.1561907  -0.67915718]
  RK45_ECI: r=[ 2825.45564168  4491.5095117  -5657.21225363], v=[-5.83001502 -1.28907316 -3.95211847]
Epoch 1458, t=2460388.4841247993:
  TLE_ECI: r=[ -988.52174784  3030.34291909 -7026.81871975], v=[-6.39242301 -3.23908946 -0.49669726]
  RK45_ECI: r=[ 2785.36742087  4484.37350743 -5682.80468469], v=[-5.84498114 -1.3167659  -3.92062481]
Epoch 1459, t=2460388.4842000627:
  TLE_ECI: r=[-1181.27509912  2931.45187664 -7038.97442171], v=[-6.36272301 -3.31944227 -0.31385207]
  RK45_ECI: r=[ 2745.18625724  4477.03857073 -5708.19175132], v=[-5.85971067 -1.34442469 -3.88899078]
Epoch 1460, t=2460388.484275326:
  TLE_ECI: r=[-1373.01453406  2830.09811826 -7045.64087003], v=[-6.32799855 -3.39718235 -0.13076313]
  RK45_ECI: r=[ 2704.91342761  4469.50480022 -5733.372782  ], v=[-5.87420324 -1.37204858 -3.85721723]
Epoch 1461, t=2460388.4843505896:
  TLE_ECI: r=[-1563.5886005   2726.36151326 -7046.81288003], v=[-6.28827898 -3.47224492  0.05242786]
  RK45_ECI: r=[ 2664.55092714  4461.77246728 -5758.34663794], v=[-5.88845824 -1.39963612 -3.82530559]
Epoch 1462, t=2460388.4844258525:
  TLE_ECI: r=[-1752.84681515  2620.32391991 -7042.48951912], v=[-6.24359751 -3.54456726  0.23557915]
  RK45_ECI: r=[ 2624.10041028  4453.84176377 -5783.11242719], v=[-5.90247521 -1.42718609 -3.79325702]
Epoch 1463, t=2460388.484501116:
  TLE_ECI: r=[-1940.63981098  2512.06910246 -7032.6741075 ], v=[-6.19399115 -3.61408881  0.41854898]
  RK45_ECI: r=[ 2583.56295337  4445.71278038 -5807.66960951], v=[-5.91625388 -1.45469765 -3.76107222]
Epoch 1464, t=2460388.4845763794:
  TLE_ECI: r=[-2126.81940542  2401.68269539 -7017.37421596], v=[-6.13950074 -3.68075114  0.60119574]
  RK45_ECI: r=[ 2542.94075583  4437.38585423 -5832.01695775], v=[-5.92979361 -1.48216925 -3.72875281]
Epoch 1465, t=2460388.484651643:
  TLE_ECI: r=[-2311.23874672  2289.25211852 -6996.60166046], v=[-6.08017089 -3.744498    0.78337804]
  RK45_ECI: r=[ 2502.23510481  4428.86111865 -5856.15382807], v=[-5.94309409 -1.5095999  -3.69629963]
Epoch 1466, t=2460388.484726906:
  TLE_ECI: r=[-2493.75241308  2174.86652114 -6970.37249368], v=[-6.01604997 -3.80527542  0.96495484]
  RK45_ECI: r=[ 2461.44820859  4420.13893626 -5880.07901729], v=[-5.9561547  -1.53698803 -3.66371431]
Epoch 1467, t=2460388.4848021693:
  TLE_ECI: r=[-2674.21655084  2058.61668466 -6938.70699351], v=[-5.94718999 -3.86303176  1.14578551]
  RK45_ECI: r=[ 2420.58115114  4411.21942369 -5903.79200653], v=[-5.9689752  -1.56433283 -3.63099757]
Epoch 1468, t=2460388.4848774327:
  TLE_ECI: r=[-2852.48894666  1940.59499422 -6901.62964857], v=[-5.8736467  -3.91771768  1.32572997]
  RK45_ECI: r=[ 2379.63560082  4402.1028199  -5927.29194322], v=[-5.9815552  -1.59163306 -3.59815057]
Epoch 1469, t=2460388.484952696:
  TLE_ECI: r=[-3028.42916413  1820.8953396  -6859.16914052], v=[-5.79547943 -3.96928622  1.50464878]
  RK45_ECI: r=[ 2338.61358139  4392.78947868 -5950.57776477], v=[-5.99389416 -1.61888729 -3.5651748 ]
Epoch 1470, t=2460388.4850279596:
  TLE_ECI: r=[-3201.89864594  1699.61304909 -6811.35832344], v=[-5.71275111 -4.01769284  1.68240323]
  RK45_ECI: r=[ 2297.51638883  4383.27956815 -5973.64885548], v=[-6.00599184 -1.64609455 -3.53207114]
Epoch 1471, t=2460388.4851032225:
  TLE_ECI: r=[-3372.76081675  1576.84482532 -6758.23420011], v=[-5.62552823 -4.06289547  1.85885545]
  RK45_ECI: r=[ 2256.34624972  4373.573507   -5996.50406544], v=[-6.01784767 -1.67325328 -3.49884124]
Epoch 1472, t=2460388.485178486:
  TLE_ECI: r=[-3540.88120825  1452.68863087 -6699.83789522], v=[-5.53388073 -4.10485456  2.03386852]
  RK45_ECI: r=[ 2215.10407051  4363.67138941 -6019.14300484], v=[-6.02946152 -1.70036276 -3.46548565]
Epoch 1473, t=2460388.4852537494:
  TLE_ECI: r=[-3706.12753486  1327.24366973 -6636.21462565], v=[-5.43788201 -4.14353304  2.20730657]
  RK45_ECI: r=[ 2173.7920833   4353.57365366 -6041.56454228], v=[-6.04083286 -1.72742145 -3.43200606]
Epoch 1474, t=2460388.485329013:
  TLE_ECI: r=[-3868.36981641  1200.61027181 -6567.41366759], v=[-5.33760887 -4.17889643  2.37903487]
  RK45_ECI: r=[ 2132.41177486  4343.28054916 -6063.7679812 ], v=[-6.05196142 -1.75442824 -3.39840349]
Epoch 1475, t=2460388.4854042763:
  TLE_ECI: r=[-4027.48047463  1072.88982376 -6493.48832072], v=[-5.23314145 -4.21091284  2.54891991]
  RK45_ECI: r=[ 2090.96463259  4332.79233059 -6085.75262878], v=[-6.0628469  -1.78138207 -3.36467901]
Epoch 1476, t=2460388.4854795393:
  TLE_ECI: r=[-4183.3344301    944.18470181 -6414.49586939], v=[-5.12456317 -4.239553    2.71682956]
  RK45_ECI: r=[ 2049.45289871  4322.10947259 -6107.51738933], v=[-6.07348885 -1.80828138 -3.33083428]
Epoch 1477, t=2460388.4855548027:
  TLE_ECI: r=[-4335.80921166   814.59814269 -6330.4975407 ], v=[-5.01196064 -4.26479033  2.88263312]
  RK45_ECI: r=[ 2007.87748333  4311.23209449 -6129.06189166], v=[-6.08388714 -1.83512546 -3.29686988]
Epoch 1478, t=2460388.485630066:
  TLE_ECI: r=[-4484.78503477   684.23423463 -6241.55845976], v=[-4.89542366 -4.28660089  3.04620143]
  RK45_ECI: r=[ 1966.24063344  4300.16069034 -6150.38505896], v=[-6.09404132 -1.86191277 -3.26278753]
Epoch 1479, t=2460388.4857053296:
  TLE_ECI: r=[-4630.14490794   553.19778744 -6147.7476018 ], v=[-4.77504512 -4.30496346  3.20740698]
  RK45_ECI: r=[ 1924.54384362  4288.89554819 -6171.48622891], v=[-6.10395117 -1.88864224 -3.22858826]
Epoch 1480, t=2460388.4857805925:
  TLE_ECI: r=[-4771.77472052   421.59427534 -6049.13774147], v=[-4.65092094 -4.31985953  3.36612399]
  RK45_ECI: r=[ 1882.78880792  4277.43701424 -6192.36464554], v=[-6.1136164  -1.91531265 -3.19427332]
Epoch 1481, t=2460388.485855856:
  TLE_ECI: r=[-4909.56333814   289.52969807 -5945.80539911], v=[-4.52314999 -4.33127341  3.52222855]
  RK45_ECI: r=[ 1840.97718444  4265.78546    -6213.01956079], v=[-6.12303673 -1.94192287 -3.15984393]
Epoch 1482, t=2460388.4859311194:
  TLE_ECI: r=[-5043.40268214   157.1105791  -5837.83078417], v=[-4.39183403 -4.33919211  3.67559863]
  RK45_ECI: r=[ 1799.11048343  4253.94118839 -6233.45033007], v=[-6.13221196 -1.9684718  -3.12530117]
Epoch 1483, t=2460388.486006383:
  TLE_ECI: r=[-5173.18782139    24.44382591 -5725.29773569], v=[-4.25707765 -4.34360545  3.82611429]
  RK45_ECI: r=[ 1757.19076505  4241.904696   -6253.65602963], v=[-6.14114175 -1.99495805 -3.0906466 ]
Epoch 1484, t=2460388.4860816463:
  TLE_ECI: r=[-5298.81705419  -108.36334164 -5608.29365991], v=[-4.11898815 -4.34450607  3.97365768]
  RK45_ECI: r=[ 1715.21934234  4229.67624751 -6273.63612532], v=[-6.14982595 -2.02138065 -3.05588114]
Epoch 1485, t=2460388.4861569093:
  TLE_ECI: r=[-5420.19199001  -241.2034613  -5486.90946511], v=[-3.97767554 -4.3418894   4.11811317]
  RK45_ECI: r=[ 1673.19847975  4217.2564171  -6293.38962163], v=[-6.15826421 -2.0477381  -3.02100653]
Epoch 1486, t=2460388.4862321727:
  TLE_ECI: r=[-5537.21762572  -373.9689782  -5361.23949354], v=[-3.83325233 -4.33575375  4.25936747]
  RK45_ECI: r=[ 1631.1292796   4204.64543226 -6312.91609067], v=[-6.16645642 -2.07402958 -2.98602354]
Epoch 1487, t=2460388.486307436:
  TLE_ECI: r=[-5649.80242482  -506.55223707 -5231.38145066], v=[-3.68583359 -4.32610022  4.39730968]
  RK45_ECI: r=[ 1589.01344494  4191.84369639 -6332.21482984], v=[-6.17440239 -2.10025391 -2.95093341]
Epoch 1488, t=2460388.4863826996:
  TLE_ECI: r=[-5757.85838931  -638.84563171 -5097.43633157], v=[-3.53553678 -4.31293278  4.53183138]
  RK45_ECI: r=[ 1546.85304494  4178.85175618 -6351.2849667 ], v=[-6.18210183 -2.1264097  -2.91573775]
Epoch 1489, t=2460388.486457963:
  TLE_ECI: r=[-5861.3011309   -770.74167661 -4959.50834479], v=[-3.38248166 -4.29625824  4.66282677]
  RK45_ECI: r=[ 1504.64939613  4165.66991028 -6370.12599725], v=[-6.18955463 -2.15249602 -2.88043749]
Epoch 1490, t=2460388.486533226:
  TLE_ECI: r=[-5960.04994179  -902.13307695 -4817.70483333], v=[-3.22679026 -4.27608626  4.79019269]
  RK45_ECI: r=[ 1462.4047719   4152.29878742 -6388.73698305], v=[-6.19676051 -2.17851136 -2.8450344 ]
Epoch 1491, t=2460388.4866084894:
  TLE_ECI: r=[-6054.02784985 -1032.91288548 -4672.13619322], v=[-3.0685867  -4.2524294   4.91382878]
  RK45_ECI: r=[ 1420.12027659  4138.73864367 -6407.11752126], v=[-6.20371939 -2.20445493 -2.80952925]
Epoch 1492, t=2460388.486683753:
  TLE_ECI: r=[-6143.16169584 -1162.97448566 -4522.91578937], v=[-2.90799716 -4.225303    5.03363748]
  RK45_ECI: r=[ 1377.79761834  4124.98992475 -6425.26695047], v=[-6.21043112 -2.23032555 -2.77392333]
Epoch 1493, t=2460388.4867590163:
  TLE_ECI: r=[-6227.38218348 -1292.21174865 -4370.15986898], v=[-2.74514977 -4.19472531  5.14952419]
  RK45_ECI: r=[ 1335.43887304  4111.05322696 -6443.18445042], v=[-6.21689548 -2.25612187 -2.73821825]
Epoch 1494, t=2460388.4868342797:
  TLE_ECI: r=[-6306.62393827 -1420.51910279 -4213.98747248], v=[-2.58017449 -4.16071739  5.26139731]
  RK45_ECI: r=[ 1293.04535938  4096.92888254 -6460.86954782], v=[-6.22311239 -2.28184295 -2.70241496]
Epoch 1495, t=2460388.4869095427:
  TLE_ECI: r=[-6380.82556552 -1547.79160209 -4054.52034203], v=[-2.41320304 -4.12330313  5.36916833]
  RK45_ECI: r=[ 1250.61935761  4082.61757412 -6478.32136218], v=[-6.22908163 -2.30748731 -2.66651526]
Epoch 1496, t=2460388.486984806:
  TLE_ECI: r=[-6449.92968293 -1673.92508714 -3891.88282778], v=[-2.24436875 -4.08250925  5.47275189]
  RK45_ECI: r=[ 1208.16197329  4068.11958594 -6495.53951614], v=[-6.23480316 -2.33305417 -2.63051993]
Epoch 1497, t=2460388.4870600696:
  TLE_ECI: r=[-6513.88299373 -1798.81616058 -3726.20179164], v=[-2.0738065  -4.03836529  5.5720659 ]
  RK45_ECI: r=[ 1165.67491749  4053.43540572 -6512.52339014], v=[-6.24027687 -2.35854236 -2.59443029]
Epoch 1498, t=2460388.487135333:
  TLE_ECI: r=[-6572.63631371 -1922.36234632 -3557.60650912], v=[-1.90165258 -3.99090353  5.66703157]
  RK45_ECI: r=[ 1123.16027114  4038.56567866 -6529.2722169 ], v=[-6.2455026  -2.38395056 -2.55824795]
Epoch 1499, t=2460388.487210596:
  TLE_ECI: r=[-6626.14462193 -2044.46213712 -3386.22856874], v=[-1.72804462 -3.94015906  5.75757347]
  RK45_ECI: r=[ 1080.61974724  4023.51091406 -6545.78540041], v=[-6.25048024 -2.4092776  -2.52197424]
Epoch 1500, t=2460388.4872858594:
  TLE_ECI: r=[-6674.36707424 -2165.01515717 -3212.20176968], v=[-1.55312141 -3.88616972  5.84361966]
  RK45_ECI: r=[ 1038.05445077  4008.27141626 -6562.06258064], v=[-6.2552098  -2.43452271 -2.48560995]
Epoch 1501, t=2460388.487361123:
  TLE_ECI: r=[-6717.26707217 -2283.92212959 -3035.66201715], v=[-1.37702286 -3.82897603  5.92510169]
  RK45_ECI: r=[  995.46666715  3992.84792897 -6578.10294439], v=[-6.2596911  -2.45968444 -2.4491569 ]
Epoch 1502, t=2460388.4874363863:
  TLE_ECI: r=[-6754.81227033 -2401.08503703 -2856.74721607], v=[-1.19988984 -3.76862123  6.00195469]
  RK45_ECI: r=[  952.85771596  3977.24083741 -6593.90606845], v=[-6.26392414 -2.48476187 -2.41261607]
Epoch 1503, t=2460388.4875116497:
  TLE_ECI: r=[-6786.97460892 -2516.40718479 -2675.59716282], v=[-1.0218641  -3.70515122  6.07411743]
  RK45_ECI: r=[  910.22968111  3961.45083513 -6609.4712392 ], v=[-6.26790879 -2.50975368 -2.37598911]
Epoch 1504, t=2460388.4875869127:
  TLE_ECI: r=[-6813.73034488 -2629.79326219 -2492.35343532], v=[-0.84308812 -3.63861453  6.14153237]
  RK45_ECI: r=[  867.58427632  3945.47847258 -6624.79790335], v=[-6.27164503 -2.53465873 -2.33927735]
Epoch 1505, t=2460388.487662176:
  TLE_ECI: r=[-6835.06004107 -2741.14950283 -2307.15928147], v=[-0.66370497 -3.56906229  6.20414573]
  RK45_ECI: r=[  824.92260609  3929.32408178 -6639.88572694], v=[-6.27513285 -2.55947627 -2.30248158]
Epoch 1506, t=2460388.4877374396:
  TLE_ECI: r=[-6850.9486278  -2850.3836443  -2120.15950597], v=[-0.48385827 -3.49654816  6.2619075 ]
  RK45_ECI: r=[  782.24695807  3912.98845888 -6654.73395636], v=[-6.27837215 -2.58420484 -2.26560367]
Epoch 1507, t=2460388.487812703:
  TLE_ECI: r=[-6861.38538552 -2957.4050859  -1931.50035578], v=[-0.30369201 -3.42112834  6.31477154]
  RK45_ECI: r=[  739.55865097  3896.47202172 -6669.34220018], v=[-6.28136296 -2.60884356 -2.22864457]
Epoch 1508, t=2460388.4878879664:
  TLE_ECI: r=[-6866.36396108 -3062.1249457  -1741.32940421], v=[-0.12335044 -3.34286149  6.36269556]
  RK45_ECI: r=[  696.85976974  3879.77551161 -6683.70979904], v=[-6.28410522 -2.6333911  -2.19160599]
Epoch 1509, t=2460388.4879632294:
  TLE_ECI: r=[-6865.88238228 -3164.4561159  -1549.79543373], v=[ 0.05702204 -3.2618087   6.40564123]
  RK45_ECI: r=[  654.15202744  3862.89951961 -6697.83624281], v=[-6.28659893 -2.65784637 -2.15448924]
Epoch 1510, t=2460388.488038493:
  TLE_ECI: r=[-6859.94302253 -3264.31341746 -1357.04831778], v=[ 0.23728104 -3.17803345  6.44357417]
  RK45_ECI: r=[  611.43652703  3845.84440517 -6711.72122383], v=[-6.28884411 -2.68220859 -2.11729513]
Epoch 1511, t=2460388.4881137563:
  TLE_ECI: r=[-6848.55265353 -3361.61355194 -1163.23890126], v=[ 0.41728224 -3.09160152  6.47646398]
  RK45_ECI: r=[  568.71555638  3828.61101621 -6725.36404867], v=[-6.29084075 -2.70647635 -2.08002554]
Epoch 1512, t=2460388.4881890197:
  TLE_ECI: r=[-6831.72240305 -3456.27525335  -968.51888044], v=[ 0.59688156 -3.00258097  6.5042843 ]
  RK45_ECI: r=[  525.99043206  3811.19980289 -6738.76435793], v=[-6.29258888 -2.73064875 -2.04268144]
Epoch 1513, t=2460388.488264283:
  TLE_ECI: r=[-6809.46775458 -3548.2193369   -773.04068181], v=[ 0.77593528 -2.9110421   6.52701281]
  RK45_ECI: r=[  483.26323828  3793.61155362 -6751.921547  ], v=[-6.29408851 -2.75472452 -2.00526452]
Epoch 1514, t=2460388.488339546:
  TLE_ECI: r=[-6781.80854446 -3637.36874738  -576.95734032], v=[ 0.9543001  -2.81705735  6.54463126]
  RK45_ECI: r=[  440.53568583  3775.84689965 -6764.83514926], v=[-6.29533968 -2.77870254 -1.96777614]
Epoch 1515, t=2460388.4884148096:
  TLE_ECI: r=[-6748.76890252 -3723.64870464  -380.42237715], v=[ 1.1318334  -2.72070126  6.55712549]
  RK45_ECI: r=[  397.80887514  3757.90622763 -6777.50488346], v=[-6.29634245 -2.80258207 -1.93021709]
Epoch 1516, t=2460388.488490073:
  TLE_ECI: r=[-6710.37729472 -3806.98664794  -183.58967674], v=[ 1.30839319 -2.62205042  6.56448543]
  RK45_ECI: r=[  355.08509209  3739.79043659 -6789.93011686], v=[-6.29709686 -2.8263617  -1.89258926]
Epoch 1517, t=2460388.4885653364:
  TLE_ECI: r=[-6666.666457   -3887.31237787    13.3866363 ], v=[ 1.48383837 -2.52118337  6.56670513]
  RK45_ECI: r=[  312.36565016  3721.50000866 -6802.11052225], v=[-6.297603   -2.85004055 -1.85489364]
Epoch 1518, t=2460388.4886405994:
  TLE_ECI: r=[-6617.67338889 -3964.55807787   210.35232059], v=[ 1.65802876 -2.41818059  6.56378276]
  RK45_ECI: r=[  269.65283353  3703.03586569 -6814.04549473], v=[-6.29786091 -2.87361725 -1.81713211]
Epoch 1519, t=2460388.488715863:
  TLE_ECI: r=[-6563.43927614 -4038.65844926   407.15314145], v=[ 1.83082528 -2.31312437  6.5557206 ]
  RK45_ECI: r=[  226.94774006  3684.39841807 -6825.73477773], v=[-6.2978707  -2.89709103 -1.77930548]
Epoch 1520, t=2460388.4887911263:
  TLE_ECI: r=[-6504.00952427 -4109.5506511    603.63499452], v=[ 2.00209004 -2.20609878  6.54252503]
  RK45_ECI: r=[  184.25207584  3665.58833998 -6837.17795023], v=[-6.29763246 -2.92046082 -1.7414151 ]
Epoch 1521, t=2460388.4888663897:
  TLE_ECI: r=[-6439.43367394 -4177.17443215   799.6440291 ], v=[ 2.17168646 -2.09718959  6.52420659]
  RK45_ECI: r=[  141.56791941  3646.60649404 -6848.37449601], v=[-6.29714629 -2.94372535 -1.70346268]
Epoch 1522, t=2460388.488941653:
  TLE_ECI: r=[-6369.76537022 -4241.4721628    995.02677131], v=[ 2.33947937 -1.98648418  6.50077986]
  RK45_ECI: r=[   98.89657957  3627.45339407 -6859.3241202 ], v=[-6.29641232 -2.96688375 -1.66544922]
Epoch 1523, t=2460388.489016916:
  TLE_ECI: r=[-6295.06232933 -4302.38886637  1189.63024694], v=[ 2.50533516 -1.8740715   6.47226354]
  RK45_ECI: r=[   56.2403354   3608.130012   -6870.02627917], v=[-6.29543067 -2.98993465 -1.62737661]
Epoch 1524, t=2460388.4890921796:
  TLE_ECI: r=[-6215.38623916 -4359.8723403   1383.30210367], v=[ 2.66912187 -1.76004195  6.43868041]
  RK45_ECI: r=[   13.60028004  3588.63678495 -6880.48074295], v=[-6.29420147 -3.01287732 -1.58924567]
Epoch 1525, t=2460388.489167443:
  TLE_ECI: r=[-6130.80278191 -4413.87308954  1575.89073303], v=[ 2.83070931 -1.64448734  6.40005727]
  RK45_ECI: r=[  -29.02188618  3568.97442634 -6890.68713454], v=[-6.29272488 -3.03571069 -1.55105775]
Epoch 1526, t=2460388.4892427064:
  TLE_ECI: r=[-6041.38152809 -4464.34444377  1767.24539129], v=[ 2.98996914 -1.52750077  6.35642495]
  RK45_ECI: r=[  -71.62409098  3549.14384427 -6900.64499338], v=[-6.29100105 -3.05843351 -1.51281458]
Epoch 1527, t=2460388.48931797:
  TLE_ECI: r=[-5947.19589014 -4511.24257837  1957.21631978], v=[ 3.14677503 -1.40917661  6.30781829]
  RK45_ECI: r=[ -114.20503151  3529.1455839  -6910.35405712], v=[-6.28903015 -3.08104493 -1.47451716]
Epoch 1528, t=2460388.489393233:
  TLE_ECI: r=[-5848.32307314 -4554.52653525  2145.65486422], v=[ 3.30100271 -1.28961036  6.25427607]
  RK45_ECI: r=[ -156.7624364   3508.98066644 -6919.81384375], v=[-6.28681239 -3.10354361 -1.43616738]
Epoch 1529, t=2460388.4894684963:
  TLE_ECI: r=[-5744.8439561  -4594.15832689  2332.41359291], v=[ 3.45253012 -1.16889858  6.195841  ]
  RK45_ECI: r=[ -199.29541014  3488.64946    -6929.02419276], v=[-6.28434791 -3.12592891 -1.3977659 ]
Epoch 1530, t=2460388.4895437597:
  TLE_ECI: r=[-5636.84310329 -4630.10286491  2517.34641403], v=[ 3.60123747 -1.04713884  6.13255969]
  RK45_ECI: r=[ -241.80168471  3468.15300284 -6937.98464341], v=[-6.28163695 -3.14819951 -1.35931462]
Epoch 1531, t=2460388.489619023:
  TLE_ECI: r=[-5524.40863978 -4662.32805966  2700.30869145], v=[ 3.74700737 -0.92442961  6.06448257]
  RK45_ECI: r=[ -284.2797715   3447.49196159 -6946.69491918], v=[-6.27867972 -3.17035446 -1.32081473]
Epoch 1532, t=2460388.4896942866:
  TLE_ECI: r=[-5407.63218993 -4690.80483062  2881.1573593 ], v=[ 3.88972488 -0.80087017  5.99166388]
  RK45_ECI: r=[ -326.72818349  3426.66700762 -6955.15474775], v=[-6.27547642 -3.19239284 -1.28226742]
Epoch 1533, t=2460388.4897695496:
  TLE_ECI: r=[-5286.60881432 -4715.50711544  3059.75103513], v=[ 4.02927768 -0.67656054  5.9141616 ]
  RK45_ECI: r=[ -369.14465936  3405.67921053 -6963.36370921], v=[-6.27202734 -3.21431333 -1.2436746 ]
Epoch 1534, t=2460388.489844813:
  TLE_ECI: r=[-5161.43687444 -4736.41195496  3235.9501313 ], v=[ 4.16555607 -0.55160138  5.83203739]
  RK45_ECI: r=[ -411.52831016  3384.52896102 -6971.32166408], v=[-6.26833265 -3.23611531 -1.20503694]
Epoch 1535, t=2460388.4899200764:
  TLE_ECI: r=[-5032.2180328  -4753.49941862  3409.61696515], v=[ 4.29845311 -0.42609393  5.74535658]
  RK45_ECI: r=[ -453.87687879  3363.21734535 -6979.02821387], v=[-6.26439265 -3.25779748 -1.16635634]
Epoch 1536, t=2460388.48999534:
  TLE_ECI: r=[-4899.05711271 -4766.75268483  3580.615867  ], v=[ 4.42786471 -0.30013988  5.65418804]
  RK45_ECI: r=[ -496.18888589  3341.74506387 -6986.48312085], v=[-6.2602076  -3.27935893 -1.12763401]
Epoch 1537, t=2460388.490070603:
  TLE_ECI: r=[-4762.06203837 -4776.15802554  3748.8132866 ], v=[ 4.55368966 -0.17384136  5.55860416]
  RK45_ECI: r=[ -538.46265311  3320.11292384 -6993.68611833], v=[-6.25577778 -3.30079863 -1.08887133]
Epoch 1538, t=2460388.4901458663:
  TLE_ECI: r=[-4621.34368884 -4781.70487456  3914.07789746], v=[ 4.67582978 -0.04730073  5.45868081]
  RK45_ECI: r=[ -580.69653356  3298.32173537 -7000.63694854], v=[-6.25110346 -3.32211564 -1.05006968]
Epoch 1539, t=2460388.4902211297:
  TLE_ECI: r=[-4477.01588969 -4783.38575159  4076.28069952], v=[4.79418991 0.07937937 5.3544972 ]
  RK45_ECI: r=[ -622.88904393  3276.37221813 -7007.33539361], v=[-6.24618492 -3.34330901 -1.01123026]
Epoch 1540, t=2460388.490296393:
  TLE_ECI: r=[-4329.19526252 -4781.19632609  4235.29511938], v=[4.90867807 0.20609619 5.24613588]
  RK45_ECI: r=[ -665.03814102  3254.26540304 -7013.78115095], v=[-6.24102251 -3.3643776  -0.97235483]
Epoch 1541, t=2460388.4903716566:
  TLE_ECI: r=[-4178.00114234 -4775.13540688  4390.99710859], v=[5.01920546 0.33274692 5.13368262]
  RK45_ECI: r=[ -707.14254651  3232.00192009 -7019.97405038], v=[-6.23561651 -3.38532059 -0.9334444 ]
Epoch 1542, t=2460388.4904469196:
  TLE_ECI: r=[-4023.55549295 -4765.20493173  4543.26523975], v=[5.12568655 0.45922878 5.01722637]
  RK45_ECI: r=[ -749.20002318  3209.5829232  -7025.91378482], v=[-6.2299673  -3.40613674 -0.89450093]
Epoch 1543, t=2460388.490522183:
  TLE_ECI: r=[-3865.9827504  -4751.41001404  4691.98080009], v=[5.22803915 0.58543916 4.89685915]
  RK45_ECI: r=[ -791.20950645  3187.0089472  -7031.60022709], v=[-6.22407514 -3.42682537 -0.85552524]
Epoch 1544, t=2460388.4905974464:
  TLE_ECI: r=[-3705.40980457 -4733.75886672  4837.02788308], v=[5.32618445 0.71127561 4.772676  ]
  RK45_ECI: r=[ -833.16933462  3164.28084822 -7037.0331701 ], v=[-6.21794039 -3.44738549 -0.81651875]
Epoch 1545, t=2460388.49067271:
  TLE_ECI: r=[-3541.9658395  -4712.26284431  4978.29347725], v=[5.42004711 0.83663598 4.64477487]
  RK45_ECI: r=[ -875.07747876  3141.39969914 -7042.21236836], v=[-6.21156343 -3.46781597 -0.77748321]
Epoch 1546, t=2460388.4907479733:
  TLE_ECI: r=[-3375.7822413  -4686.93642218  5115.66755278], v=[5.50955525 0.9614185  4.51325658]
  RK45_ECI: r=[ -916.93267183  3118.36615897 -7047.13768513], v=[-6.20494459 -3.48811604 -0.73841964]
Epoch 1547, t=2460388.4908232363:
  TLE_ECI: r=[-3206.99250464 -4657.79717566  5249.04314548], v=[5.59464058 1.08552183 4.37822468]
  RK45_ECI: r=[ -958.73269319  3095.18142682 -7051.80887654], v=[-6.19808432 -3.50828448 -0.69933001]
Epoch 1548, t=2460388.4908984997:
  TLE_ECI: r=[-3035.73206984 -4624.86580417  5378.31643808], v=[5.67523837 1.20884522 4.2397854 ]
  RK45_ECI: r=[-1000.47648838  3071.84606188 -7056.22584298], v=[-6.1909829  -3.52832062 -0.66021516]
Epoch 1549, t=2460388.490973763:
  TLE_ECI: r=[-2862.13829482 -4588.1660569   5503.38683918], v=[5.75128754 1.33128849 4.09804754]
  RK45_ECI: r=[-1042.16240983  3048.36095578 -7060.38842281], v=[-6.18364073 -3.54822351 -0.6210765 ]
Epoch 1550, t=2460388.4910490266:
  TLE_ECI: r=[-2686.35028925 -4547.72475319  5624.15705927], v=[5.82273068 1.45275216 3.95312241]
  RK45_ECI: r=[-1083.78844507  3024.72722215 -7064.296428  ], v=[-6.17605827 -3.56799207 -0.58191579]
Epoch 1551, t=2460388.4911242896:
  TLE_ECI: r=[-2508.50882916 -4503.57174393  5740.53318412], v=[5.8895141  1.57313752 3.80512372]
  RK45_ECI: r=[-1125.35295422  3000.94577055 -7067.94972232], v=[-6.16823592 -3.58762534 -0.54273444]
Epoch 1552, t=2460388.491199553:
  TLE_ECI: r=[-2328.75619073 -4455.73991808  5852.42474538], v=[5.95158785 1.69234676 3.65416747]
  RK45_ECI: r=[-1166.85489097  2977.01717738 -7071.34822476], v=[-6.160174   -3.60712268 -0.5035333 ]
Epoch 1553, t=2460388.4912748164:
  TLE_ECI: r=[-2147.23611572 -4404.26513062  5959.7447885 ], v=[6.00890574 1.81028295 3.5003719 ]
  RK45_ECI: r=[-1208.29205623  2952.94269223 -7074.49176411], v=[-6.15187302 -3.62648292 -0.46431434]
Epoch 1554, t=2460388.49135008:
  TLE_ECI: r=[-1964.09364315 -4349.18620543  6062.40993776], v=[6.06142541 1.92685018 3.34385734]
  RK45_ECI: r=[-1249.6632034   2928.72301904 -7077.38025753], v=[-6.14333336 -3.64570531 -0.42507859]
Epoch 1555, t=2460388.4914253433:
  TLE_ECI: r=[-1779.47500686 -4290.54489667  6160.34045836], v=[6.10910831 2.04195361 3.18474617]
  RK45_ECI: r=[-1290.9663382   2904.35931108 -7080.01357466], v=[-6.13455552 -3.6647888  -0.38582783]
Epoch 1556, t=2460388.4915006063:
  TLE_ECI: r=[-1593.52753142 -4228.38585116  6253.46031582], v=[6.15191974 2.15549956 3.02316269]
  RK45_ECI: r=[-1332.19983726  2879.85251195 -7082.39162506], v=[-6.12553996 -3.68373246 -0.34656347]
Epoch 1557, t=2460388.4915758697:
  TLE_ECI: r=[-1406.39946522 -4162.75659268  6341.6972322 ], v=[6.18982884 2.26739558 2.85923303]
  RK45_ECI: r=[-1373.36266606  2855.20322132 -7084.51435551], v=[-6.11628701 -3.70253567 -0.30728637]
Epoch 1558, t=2460388.491651133:
  TLE_ECI: r=[-1218.23993801 -4093.70745459  6424.98273978], v=[6.22280868 2.37755052 2.69308505]
  RK45_ECI: r=[-1414.45264637  2830.41273129 -7086.3816586 ], v=[-6.10679724 -3.72119729 -0.26799849]
Epoch 1559, t=2460388.4917263966:
  TLE_ECI: r=[-1029.19879287 -4021.29156089  6503.2522314 ], v=[6.25083618 2.48587457 2.52484825]
  RK45_ECI: r=[-1455.46854577  2805.48177293 -7087.99348532], v=[-6.09707107 -3.7397166  -0.22870087]
Epoch 1560, t=2460388.49180166:
  TLE_ECI: r=[ -839.42648039 -3945.5647793   6576.44500806], v=[6.27389218 2.59227936 2.35465366]
  RK45_ECI: r=[-1496.40838995  2780.41153803 -7089.34976314], v=[-6.08710904 -3.75809257 -0.1893953 ]
Epoch 1561, t=2460388.491876923:
  TLE_ECI: r=[ -649.0739516  -3866.58567564  6644.50432347], v=[6.29196143 2.69667802 2.18263376]
  RK45_ECI: r=[-1537.27057357  2755.20300322 -7090.45044748], v=[-6.07691166 -3.77632431 -0.15008318]
Epoch 1562, t=2460388.4919521865:
  TLE_ECI: r=[ -458.29249392 -3784.41547631  6707.37742556], v=[6.30503258 2.79898527 2.00892234]
  RK45_ECI: r=[-1578.05407459  2729.85679089 -7091.29551301], v=[-6.06647927 -3.79441122 -0.11076537]
Epoch 1563, t=2460388.49202745:
  TLE_ECI: r=[ -267.2336811  -3699.11800722  6765.01559509], v=[6.3130982  2.89911744 1.83365445]
  RK45_ECI: r=[-1618.75673764  2704.3742344  -7091.88491616], v=[-6.05581252 -3.8123522  -0.07144383]
Epoch 1564, t=2460388.4921027133:
  TLE_ECI: r=[  -76.04920861 -3610.75965351  6817.37418113], v=[6.31615479 2.99699254 1.65696625]
  RK45_ECI: r=[-1659.37734557  2678.75609122 -7092.21864181], v=[-6.04491183 -3.83014653 -0.03211962]
Epoch 1565, t=2460388.4921779768:
  TLE_ECI: r=[  115.10921339 -3519.40930532  6864.41263354], v=[6.31420272 3.09253035 1.47899495]
  RK45_ECI: r=[-1699.91394581  2653.00359048 -7092.29667529], v=[-6.03377781 -3.84779323  0.00720551]
Epoch 1566, t=2460388.4922532397:
  TLE_ECI: r=[  306.08996821 -3425.13830511  6906.09453242], v=[6.30724632 3.18565245 1.29987868]
  RK45_ECI: r=[-1740.36495226  2627.11774103 -7092.11901786], v=[-6.022411   -3.86529143  0.04653012]
Epoch 1567, t=2460388.492328503:
  TLE_ECI: r=[  496.74169142 -3328.02038935  6942.38761442], v=[6.29529374 3.27628234 1.1197564 ]
  RK45_ECI: r=[-1780.72935636  2601.09918735 -7091.68567206], v=[-6.01081178 -3.88264054  0.08585338]
Epoch 1568, t=2460388.4924037666:
  TLE_ECI: r=[  686.91332729 -3228.13163478  6973.2637962 ], v=[6.27835708 3.36434541 0.9387678 ]
  RK45_ECI: r=[-1821.0050275   2574.94930282 -7090.99665812], v=[-5.99898084 -3.8998395   0.12517331]
Epoch 1569, t=2460388.49247903:
  TLE_ECI: r=[  876.45428725 -3125.5503976   6998.69919459], v=[6.25645226 3.44976904 0.75705321]
  RK45_ECI: r=[-1861.19076478  2548.66887068 -7090.05199473], v=[-5.98691864 -3.91688761  0.16448888]
Epoch 1570, t=2460388.492554293:
  TLE_ECI: r=[ 1065.2145476  -3020.3572562   7018.67414386], v=[6.22959909 3.53248265 0.57475344]
  RK45_ECI: r=[-1901.2844494   2522.25928188 -7088.85173125], v=[-5.9746259  -3.93378384  0.20379814]
Epoch 1571, t=2460388.4926295565:
  TLE_ECI: r=[ 1253.04480148 -2912.63493693  7033.17320973], v=[6.19782119 3.6124178  0.39200977]
  RK45_ECI: r=[-1941.28508517  2495.72119983 -7087.39589597], v=[-5.96210302 -3.9505276   0.24310022]
Epoch 1572, t=2460388.49270482:
  TLE_ECI: r=[ 1439.79652076 -2802.46826676  7042.18520057], v=[6.16114598 3.68950816 0.20896375]
  RK45_ECI: r=[-1981.19110872  2469.05566729 -7085.68453786], v=[-5.94935059 -3.96711806  0.28239373]
Epoch 1573, t=2460388.4927800833:
  TLE_ECI: r=[ 1625.32210687 -2689.94409721  7045.70317527], v=[6.1196047  3.7636896  0.02575719]
  RK45_ECI: r=[-2021.00060578  2442.26397098 -7083.71773462], v=[-5.9363693  -3.98355428  0.32167689]
Epoch 1574, t=2460388.4928553468:
  TLE_ECI: r=[ 1809.47499646 -2575.15123937  7043.7244482 ], v=[ 6.07323235  3.83490026 -0.15746803]
  RK45_ECI: r=[-2060.71239287  2415.34691917 -7081.49553858], v=[-5.92315964 -3.99983557  0.36094867]
Epoch 1575, t=2460388.4929306097:
  TLE_ECI: r=[ 1992.1097672  -2458.18040106  7036.250591  ], v=[ 6.02206764  3.90308055 -0.34056999]
  RK45_ECI: r=[-2100.32437889  2388.30594106 -7079.0180627 ], v=[-5.9097224  -4.01596095  0.40020713]
Epoch 1576, t=2460388.493005873:
  TLE_ECI: r=[ 2173.08227959 -2339.124094    7023.28743129], v=[ 5.966153    3.96817329 -0.52340687]
  RK45_ECI: r=[-2139.83558284  2361.14172117 -7076.28536287], v=[-5.89605799 -4.03192983  0.4394514 ]
Epoch 1577, t=2460388.4930811366:
  TLE_ECI: r=[ 2352.24974406 -2218.07659531  7004.84504843], v=[ 5.90553453  4.03012361 -0.70583707]
  RK45_ECI: r=[-2179.24446351  2333.85533274 -7073.29753361], v=[-5.88216706 -4.04774141  0.4786801 ]
Epoch 1578, t=2460388.4931564:
  TLE_ECI: r=[ 2529.47086147 -2095.13385275  6980.93776607], v=[ 5.84026197  4.08887912 -0.88771924]
  RK45_ECI: r=[-2218.54913328  2306.44809684 -7070.05471009], v=[-5.86805035 -4.06339478  0.51789145]
Epoch 1579, t=2460388.4932316635:
  TLE_ECI: r=[ 2704.60592475 -1970.39341576  6951.58414162], v=[ 5.77038867  4.1443899  -1.06891248]
  RK45_ECI: r=[-2257.74842716  2278.92084624 -7066.55697814], v=[-5.8537084  -4.07888929  0.55708444]
Epoch 1580, t=2460388.4933069265:
  TLE_ECI: r=[ 2877.51692167 -1843.95436815  6916.80695279], v=[ 5.69597152  4.19660852 -1.24927636]
  RK45_ECI: r=[-2296.84028376  2251.2750472  -7062.80451409], v=[-5.83914203 -4.09422398  0.59625711]
Epoch 1581, t=2460388.49338219:
  TLE_ECI: r=[ 3048.06766383 -1715.91721789  6876.63318087], v=[ 5.61707093  4.24549016 -1.42867107]
  RK45_ECI: r=[-2335.8237383   2223.51140475 -7058.79740127], v=[-5.82435173 -4.10939827  0.63540863]
Epoch 1582, t=2460388.4934574533:
  TLE_ECI: r=[ 3216.12385857 -1586.38386807  6831.09399116], v=[ 5.53375079  4.29099257 -1.6069575 ]
  RK45_ECI: r=[-2374.69727358  2195.63102156 -7054.53577956], v=[-5.80933816 -4.12441141  0.6745376 ]
Epoch 1583, t=2460388.4935327168:
  TLE_ECI: r=[ 3381.55323595 -1455.45750534  6780.22471014], v=[ 5.44607843  4.3330761  -1.78399735]
  RK45_ECI: r=[-2413.45903032  2167.63525203 -7050.01984139], v=[-5.79410214 -4.13926251  0.71364225]
Epoch 1584, t=2460388.49360798:
  TLE_ECI: r=[ 3544.22564565 -1323.2425275   6724.06479973], v=[ 5.35412456  4.37170381 -1.95965324]
  RK45_ECI: r=[-2452.10786337  2139.52495269 -7045.24970595], v=[-5.77864422 -4.15395095  0.75272158]
Epoch 1585, t=2460388.493683243:
  TLE_ECI: r=[ 3704.01315473 -1189.84447278  6662.65782846], v=[ 5.2579632   4.40684141 -2.13378879]
  RK45_ECI: r=[-2490.6417433   2111.30162536 -7040.22561272], v=[-5.76296533 -4.16847579  0.79177364]
Epoch 1586, t=2460388.4937585066:
  TLE_ECI: r=[ 3860.79016154 -1055.36989446  6596.05143953], v=[ 5.15767164  4.43845742 -2.30626873]
  RK45_ECI: r=[-2529.059898    2082.9658674  -7034.94764701], v=[-5.74706588 -4.18283657  0.83079776]
Epoch 1587, t=2460388.49383377:
  TLE_ECI: r=[4014.43347149 -919.92634117 6524.29731603], v=[ 5.05333042  4.46652303 -2.47695903]
  RK45_ECI: r=[-2567.36030968  2054.51919289 -7029.41606995], v=[-5.7309468  -4.19703236  0.86979202]
Epoch 1588, t=2460388.4939090335:
  TLE_ECI: r=[4164.82240839 -783.62223042 6447.45114291], v=[ 4.94502322  4.49101226 -2.64572693]
  RK45_ECI: r=[-2605.5416756   2025.96260523 -7023.63105503], v=[-5.71460877 -4.2110625   0.90875521]
Epoch 1589, t=2460388.4939842965:
  TLE_ECI: r=[4311.83890304 -646.56678649 6365.57256613], v=[ 4.83283685  4.51190193 -2.81244113]
  RK45_ECI: r=[-2643.60251659  1997.29724819 -7017.59280895], v=[-5.69805252 -4.22492626  0.94768595]
Epoch 1590, t=2460388.49405956:
  TLE_ECI: r=[4455.36759372 -508.86990427 6278.7251487 ], v=[ 4.71686111  4.52917173 -2.97697181]
  RK45_ECI: r=[-2681.5413766   1968.52424775 -7011.30154737], v=[-5.6812788  -4.23862296  0.98658283]
Epoch 1591, t=2460388.4941348233:
  TLE_ECI: r=[4595.29590405 -370.64213721 6186.97632385], v=[ 4.59718881  4.54280417 -3.13919077]
  RK45_ECI: r=[-2719.35696     1939.64462845 -7004.75746373], v=[-5.66428828 -4.25215194  1.02544467]
Epoch 1592, t=2460388.4942100868:
  TLE_ECI: r=[4731.5141404  -231.99456028 6090.39734514], v=[ 4.47391566  4.55278465 -3.29897154]
  RK45_ECI: r=[-2757.04746361  1910.65980121 -6997.96085313], v=[-5.64708189 -4.2655124   1.06426971]
Epoch 1593, t=2460388.49428535:
  TLE_ECI: r=[4863.91557593  -93.03869446 5989.06323368], v=[ 4.34714021  4.55910147 -3.45618944]
  RK45_ECI: r=[-2794.61178123  1881.57066316 -6990.91189454], v=[-5.62966026 -4.27870375  1.10305694]
Epoch 1594, t=2460388.494360613:
  TLE_ECI: r=[4992.396535     46.11356726 5883.0527224 ], v=[ 4.21696379  4.56174583 -3.61072169]
  RK45_ECI: r=[-2832.04794617  1852.3787765  -6983.61094068], v=[-5.6120244  -4.29172515  1.14180441]
Epoch 1595, t=2460388.4944358766:
  TLE_ECI: r=[5116.85647505  185.35010736 5772.44819749], v=[ 4.08349037  4.5607119  -3.76244752]
  RK45_ECI: r=[-2869.35504473  1823.0849003  -6976.05815125], v=[-5.59417485 -4.3045761   1.1805113 ]
Epoch 1596, t=2460388.49451114:
  TLE_ECI: r=[5237.1980659   324.55858651 5657.3356369 ], v=[ 3.94682659  4.55599676 -3.91124827]
  RK45_ECI: r=[-2906.53163539  1793.69021385 -6968.25379244], v=[-5.57611244 -4.31725593  1.21917622]
Epoch 1597, t=2460388.4945864035:
  TLE_ECI: r=[5353.32726776  463.62659083 5537.80454598], v=[ 3.80708161  4.54760043 -4.05700745]
  RK45_ECI: r=[-2943.57594868  1764.19615756 -6960.19821617], v=[-5.55783813 -4.32976388  1.25779743]
Epoch 1598, t=2460388.494661667:
  TLE_ECI: r=[5465.15340584  602.44170809 5413.94789041], v=[ 3.66436702  4.53552591 -4.19961087]
  RK45_ECI: r=[-2980.48690166  1734.60364971 -6951.89163455], v=[-5.53935257 -4.34209939  1.2963739 ]
Epoch 1599, t=2460388.49473693:
  TLE_ECI: r=[5572.5892449   740.89160159 5285.8620262 ], v=[ 3.51879684  4.51977915 -4.3389467 ]
  RK45_ECI: r=[-3017.26256539  1704.91428373 -6943.33446293], v=[-5.52065684 -4.35426167  1.33490371]
Epoch 1600, t=2460388.4948121933:
  TLE_ECI: r=[5675.55105075  878.86416568 5153.64662712], v=[ 3.37048729  4.50036908 -4.47490559]
  RK45_ECI: r=[-3053.90204622  1675.12883655 -6934.52688824], v=[-5.50175151 -4.36625025  1.37338604]
Epoch 1601, t=2460388.4948874568:
  TLE_ECI: r=[5773.95866922 1016.24751994 5017.40460921], v=[ 3.21955686  4.4773076  -4.60738074]
  RK45_ECI: r=[-3090.40393254  1645.24851241 -6925.46922155], v=[-5.48263745 -4.37806448  1.41181949]
Epoch 1602, t=2460388.49496272:
  TLE_ECI: r=[5867.73558307 1152.93016377 4877.24205283], v=[ 3.06612611  4.45060955 -4.73626802]
  RK45_ECI: r=[-3126.76649033  1615.27477959 -6916.16187144], v=[-5.46331564 -4.38970365  1.45020233]
Epoch 1603, t=2460388.4950379836:
  TLE_ECI: r=[5956.80897542 1288.80105122 4733.26812195], v=[ 2.91031764  4.42029277 -4.86146599]
  RK45_ECI: r=[-3162.98866099  1585.20857664 -6906.60508307], v=[-5.44378681 -4.40116725  1.48853355]
Epoch 1604, t=2460388.4951132466:
  TLE_ECI: r=[6041.10979268 1423.74966409 4585.59498091], v=[ 2.75225595  4.38637801 -4.98287605]
  RK45_ECI: r=[-3199.06855512  1555.05152648 -6896.79933418], v=[-5.42405205 -4.41245452  1.52681122]
Epoch 1605, t=2460388.49518851:
  TLE_ECI: r=[6120.57278415 1557.66617228 4434.33770868], v=[ 2.59206736  4.34888902 -5.10040252]
  RK45_ECI: r=[-3235.00530002  1524.80442296 -6886.74483888], v=[-5.40411198 -4.42356501  1.56503452]
Epoch 1606, t=2460388.4952637735:
  TLE_ECI: r=[6195.13657877 1690.44141887 4279.61421058], v=[ 2.42987992  4.30785245 -5.21395266]
  RK45_ECI: r=[-3270.79751526  1494.46849406 -6876.44195299], v=[-5.38396749 -4.43449813  1.60320207]
Epoch 1607, t=2460388.495339037:
  TLE_ECI: r=[6264.7437194  1821.96707984 4121.54512767], v=[ 2.26582331  4.26329788 -5.32343682]
  RK45_ECI: r=[-3306.44350393  1464.04523435 -6865.89114146], v=[-5.36361962 -4.44525321  1.64131214]
Epoch 1608, t=2460388.4954143:
  TLE_ECI: r=[6329.34071919 1952.13571707 3960.25374372], v=[ 2.10002874  4.21525779 -5.42876848]
  RK45_ECI: r=[-3341.94190241  1433.53588326 -6855.09278492], v=[-5.3430693  -4.45582966  1.67936336]
Epoch 1609, t=2460388.4954895633:
  TLE_ECI: r=[6388.87808263 2080.84094126 3795.86588996], v=[ 1.9326288   4.16376756 -5.52986433]
  RK45_ECI: r=[-3377.29185346  1402.94124646 -6844.04711567], v=[-5.32231712 -4.46622706  1.71735491]
Epoch 1610, t=2460388.4955648268:
  TLE_ECI: r=[6443.31037918 2207.97738934 3628.50984751], v=[ 1.76375744  4.10886542 -5.62664436]
  RK45_ECI: r=[-3412.49151519  1372.26297891 -6832.75468241], v=[-5.30136428 -4.47644472  1.75528487]
Epoch 1611, t=2460388.49564009:
  TLE_ECI: r=[6492.59625867 2333.44088553 3458.31624775], v=[ 1.59354976  4.05059244 -5.7190319 ]
  RK45_ECI: r=[-3447.53986989  1341.5020493  -6821.215783  ], v=[-5.2802115  -4.48648215  1.79315224]
Epoch 1612, t=2460388.4957153536:
  TLE_ECI: r=[6536.69849053 2457.12850969 3285.41797057], v=[ 1.422142    3.9889925  -5.80695372]
  RK45_ECI: r=[-3482.43525924  1310.65997697 -6809.43093842], v=[-5.25885989 -4.49633875  1.8309553 ]
Epoch 1613, t=2460388.4957906166:
  TLE_ECI: r=[6575.58400186 2578.93866388 3109.95004062], v=[ 1.24967137  3.92411226 -5.89034007]
  RK45_ECI: r=[-3517.17635267  1279.73802306 -6797.40057367], v=[-5.23731039 -4.50601396  1.86869269]
Epoch 1614, t=2460388.49586588:
  TLE_ECI: r=[6609.22387465 2698.77123424 2932.04952173], v=[ 1.07627591  3.85600115 -5.96912476]
  RK45_ECI: r=[-3551.76231514  1248.73700866 -6785.12494804], v=[-5.21556363 -4.51550738  1.90636359]
Epoch 1615, t=2460388.4959411435:
  TLE_ECI: r=[6637.59341382 2816.52755966 2751.85540932], v=[ 0.90209447  3.78471128 -6.0432452 ]
  RK45_ECI: r=[-3586.19134785  1217.6586146  -6772.60467183], v=[-5.19362084 -4.52481837  1.9439661 ]
Epoch 1616, t=2460388.496016407:
  TLE_ECI: r=[6660.67213827 2932.11059126 2569.50852119], v=[ 0.72726652  3.71029746 -6.11264248]
  RK45_ECI: r=[-3620.46245973  1186.50382714 -6759.84007556], v=[-5.17148278 -4.53394648  1.98149923]
Epoch 1617, t=2460388.4960916704:
  TLE_ECI: r=[6678.44380479 3045.42495493 2385.15138667], v=[ 0.55193205  3.63281712 -6.17726142]
  RK45_ECI: r=[-3654.5740325   1155.27418879 -6746.83173583], v=[-5.14915059 -4.54289114  2.01896127]
Epoch 1618, t=2460388.4961669333:
  TLE_ECI: r=[6690.89643061 3156.37701206 2198.9281341 ], v=[ 0.37623148  3.55233027 -6.23705061]
  RK45_ECI: r=[-3688.52476976  1123.97098114 -6733.58012167], v=[-5.12662524 -4.55165183  2.05635088]
Epoch 1619, t=2460388.4962421968:
  TLE_ECI: r=[6698.0222663  3264.87501702 2010.98437702], v=[ 0.20030549  3.4688995  -6.29196244]
  RK45_ECI: r=[-3722.31385927  1092.59503987 -6720.08551914], v=[-5.10390738 -4.56022818  2.09366723]
Epoch 1620, t=2460388.49631746:
  TLE_ECI: r=[6699.81785652 3370.82907715 1821.46709873], v=[ 0.02429496  3.38258987 -6.34195318]
  RK45_ECI: r=[-3755.93954688  1061.14807004 -6706.3485996 ], v=[-5.08099828 -4.56861959  2.13090846]
Epoch 1621, t=2460388.4963927236:
  TLE_ECI: r=[6696.28400638 3474.1513074  1630.52453585], v=[-0.15165917  3.29346887 -6.38698302]
  RK45_ECI: r=[-3789.40086895  1029.63107443 -6692.36972593], v=[-5.05789873 -4.57682565  2.16807358]
Epoch 1622, t=2460388.496467987:
  TLE_ECI: r=[6687.42578929 3574.75588525 1438.30606054], v=[-0.32741606  3.20160642 -6.42701607]
  RK45_ECI: r=[-3822.69624863   998.04561719 -6678.14952983], v=[-5.03460991 -4.58484581  2.2051609 ]
Epoch 1623, t=2460388.49654325:
  TLE_ECI: r=[6673.25255336 3672.5591036  1244.96206172], v=[-0.502835    3.10707475 -6.46202042]
  RK45_ECI: r=[-3855.82442472   966.39299924 -6663.68852388], v=[-5.01113283 -4.59267961  2.24216908]
Epoch 1624, t=2460388.4966185135:
  TLE_ECI: r=[6653.77786979 3767.47952105 1050.64382545], v=[-0.67777563  3.00994835 -6.49196818]
  RK45_ECI: r=[-3888.78460843   934.67407    -6648.98702062], v=[-4.98746814 -4.60032669  2.27909733]
Epoch 1625, t=2460388.496693777:
  TLE_ECI: r=[6629.01958509 3859.43791328  855.50341421], v=[-0.85209799  2.91030397 -6.51683548]
  RK45_ECI: r=[-3921.5750918    902.89055701 -6634.04575182], v=[-4.96361717 -4.60778649  2.31594379]
Epoch 1626, t=2460388.4967690404:
  TLE_ECI: r=[6598.99976329 3948.3574189   659.69354571], v=[-1.02566266  2.80822047 -6.53660249]
  RK45_ECI: r=[-3954.1949394    871.04347879 -6618.86511232], v=[-4.93958073 -4.61505863  2.35270749]
Epoch 1627, t=2460388.4968443033:
  TLE_ECI: r=[6563.74468911 4034.16356637  463.36747093], v=[-1.19833085  2.70377882 -6.55125348]
  RK45_ECI: r=[-3986.64246465   839.13457245 -6603.44586119], v=[-4.91536016 -4.62214258  2.38938659]
Epoch 1628, t=2460388.4969195668:
  TLE_ECI: r=[6523.28479822 4116.78441459  266.67885182], v=[-1.36996462  2.59706199 -6.5607768 ]
  RK45_ECI: r=[-4018.91690018   807.16469865 -6587.78833526], v=[-4.89095613 -4.62903801  2.4259803 ]
Epoch 1629, t=2460388.49699483:
  TLE_ECI: r=[6477.65472126 4196.15049857   69.78163836], v=[-1.54042685  2.48815492 -6.56516488]
  RK45_ECI: r=[-4051.01702384   775.13517805 -6571.89309194], v=[-4.86636971 -4.63574446  2.46248729]
Epoch 1630, t=2460388.4970700936:
  TLE_ECI: r=[6426.89320744 4272.19496617 -127.17005441], v=[-1.70958146  2.37714442 -6.56441428]
  RK45_ECI: r=[-4082.94132787   743.04760648 -6555.7608497 ], v=[-4.84160212 -4.64226148  2.49890593]
Epoch 1631, t=2460388.497145357:
  TLE_ECI: r=[6371.04310292 4344.85361584 -324.02206959], v=[-1.87729351  2.26411909 -6.55852565]
  RK45_ECI: r=[-4114.68890594   710.90301717 -6539.3920349 ], v=[-4.8166542  -4.64858869  2.53523524]
Epoch 1632, t=2460388.49722062:
  TLE_ECI: r=[6310.15132688 4414.06493313 -520.62033175], v=[-2.04342926  2.14916929 -6.54750376]
  RK45_ECI: r=[-4146.25811991   678.70316744 -6522.78746588], v=[-4.79152735 -4.65472562  2.57147343]
Epoch 1633, t=2460388.4972958835:
  TLE_ECI: r=[6244.26877985 4479.77021745 -716.81096993], v=[-2.20785637  2.03238698 -6.53135748]
  RK45_ECI: r=[-4177.64822717   646.44893035 -6505.9475052 ], v=[-4.76622227 -4.66067195  2.60761969]
Epoch 1634, t=2460388.497371147:
  TLE_ECI: r=[6173.45037709 4541.91352082 -912.4404408 ], v=[-2.37044393  1.91386576 -6.51009976]
  RK45_ECI: r=[-4208.85804322   614.1416433  -6488.87275263], v=[-4.74074005 -4.66642727  2.64367275]
Epoch 1635, t=2460388.4974464104:
  TLE_ECI: r=[ 6097.75495054  4600.44177021 -1107.35565121], v=[-2.53106263  1.79370066 -6.48374766]
  RK45_ECI: r=[-4239.88610537   581.78292    -6471.56397991], v=[-4.71508196 -4.67199117  2.67963097]
Epoch 1636, t=2460388.497521674:
  TLE_ECI: r=[ 6017.24521112  4655.30479453 -1301.40408042], v=[-2.68958482  1.67198816 -6.45232228]
  RK45_ECI: r=[-4270.73153732   549.37380744 -6454.02164442], v=[-4.68924888 -4.67736329  2.7154934 ]
Epoch 1637, t=2460388.4975969368:
  TLE_ECI: r=[ 5931.98770937  4706.45534968 -1494.43390181], v=[-2.84588465  1.54882608 -6.41584878]
  RK45_ECI: r=[-4301.39275103   516.91608159 -6436.24662296], v=[-4.66324225 -4.6825432   2.75125827]
Epoch 1638, t=2460388.4976722:
  TLE_ECI: r=[ 5842.05272323  4753.84922944 -1686.29410377], v=[-2.99983819  1.42431343 -6.37435634]
  RK45_ECI: r=[-4331.86917103   484.41048401 -6418.23921836], v=[-4.63706268 -4.68753064  2.78692496]
Epoch 1639, t=2460388.4977474636:
  TLE_ECI: r=[ 5747.51428095  4797.44519764 -1876.83461016], v=[-3.15132348  1.29855042 -6.32787813]
  RK45_ECI: r=[-4362.15922711   451.85879679 -6400.00032729], v=[-4.61071164 -4.69232518  2.82249169]
Epoch 1640, t=2460388.497822727:
  TLE_ECI: r=[ 5648.45004318  4837.20509407 -2065.90639951], v=[-3.30022065  1.17163834 -6.27645128]
  RK45_ECI: r=[-4392.2619278    419.2622207  -6381.53051886], v=[-4.58419011 -4.69692649  2.85795737]
Epoch 1641, t=2460388.49789799:
  TLE_ECI: r=[ 5544.94126524  4873.0938329  -2253.36162348], v=[-3.44641206  1.04367946 -6.22011686]
  RK45_ECI: r=[-4422.17614604   386.62211525 -6362.83045439], v=[-4.55749924 -4.70133422  2.89332073]
Epoch 1642, t=2460388.4979732535:
  TLE_ECI: r=[ 5437.07267085  4905.07949854 -2439.053724  ], v=[-3.58978235  0.91477692 -6.15891983]
  RK45_ECI: r=[-4451.90076627   353.93980377 -6343.90080342], v=[-4.53064013 -4.70554806  2.92858049]
Epoch 1643, t=2460388.498048517:
  TLE_ECI: r=[ 5324.93246622  4933.1332739  -2622.83754955], v=[-3.73021854  0.78503471 -6.09290897]
  RK45_ECI: r=[-4481.43481472   321.21650729 -6324.74215324], v=[-4.50361381 -4.70956768  2.96373558]
Epoch 1644, t=2460388.4981237804:
  TLE_ECI: r=[ 5208.61220859  4957.2295313  -2804.56946975], v=[-3.86761013  0.65455752 -6.02213691]
  RK45_ECI: r=[-4510.77691379   288.45386763 -6305.35536963], v=[-4.47642165 -4.71339275  2.99878439]
Epoch 1645, t=2460388.498199044:
  TLE_ECI: r=[ 5088.20674322  4977.34583773 -2984.10748881], v=[-4.00184919  0.52345069 -5.94665998]
  RK45_ECI: r=[-4539.92610793   255.65309822 -6285.7410573 ], v=[-4.44906469 -4.71702296  3.03372585]
Epoch 1646, t=2460388.4982743068:
  TLE_ECI: r=[ 4963.81413829  4993.46295952 -3161.31135737], v=[-4.13283044  0.3918201  -5.86653827]
  RK45_ECI: r=[-4568.8813108    222.81557195 -6265.8999185 ], v=[-4.4215441  -4.72045801  3.06855869]
Epoch 1647, t=2460388.49834957:
  TLE_ECI: r=[ 4835.53554402  5005.5649375  -3336.04268264], v=[-4.26045134  0.25977207 -5.78183547]
  RK45_ECI: r=[-4597.64144634   189.94262417 -6245.83266359], v=[-4.39386101 -4.72369763  3.10328168]
Epoch 1648, t=2460388.4984248336:
  TLE_ECI: r=[ 4703.47519567  5013.63901217 -3508.16503717], v=[-4.38461214  0.12741329 -5.69261888]
  RK45_ECI: r=[-4626.20557778   157.03548826 -6225.53991527], v=[-4.36601649 -4.72674152  3.13789372]
Epoch 1649, t=2460388.498500097:
  TLE_ECI: r=[ 4567.74026804  5017.67569407 -3677.54406549], v=[-4.50521602e+00 -5.14926552e-03 -5.59895933e+00]
  RK45_ECI: r=[-4654.57237683   124.09581937 -6205.02259058], v=[-4.33801195 -4.7295894   3.17239326]
Epoch 1650, t=2460388.4985753605:
  TLE_ECI: r=[ 4428.44080034  5017.66875747 -3844.04758907], v=[-4.62216909 -0.13780843 -5.50093112]
  RK45_ECI: r=[-4682.74105645    91.12469769 -6184.28123153], v=[-4.30984835 -4.73224102  3.20677938]
Epoch 1651, t=2460388.4986506235:
  TLE_ECI: r=[ 4285.68961993  5013.61523281 -4007.54570931], v=[-4.73538052 -0.27045695 -5.39861192]
  RK45_ECI: r=[-4710.71017763    58.12394149 -6163.31687439], v=[-4.28152723 -4.7346961   3.24105036]
Epoch 1652, t=2460388.498725887:
  TLE_ECI: r=[ 4139.60218952  5005.51546068 -4167.91090835], v=[-4.84476256 -0.40298758 -5.29208277]
  RK45_ECI: r=[-4738.4790995     25.09446343 -6142.12997621], v=[-4.25304942 -4.73695441  3.27520545]
Epoch 1653, t=2460388.4988011504:
  TLE_ECI: r=[ 3990.29659954  4993.37301534 -4325.01814813], v=[-4.95023064 -0.53529314 -5.18142795]
  RK45_ECI: r=[-4766.04679177    -7.96234781 -6120.72129254], v=[-4.22441611 -4.73901571  3.30924342]
Epoch 1654, t=2460388.498876414:
  TLE_ECI: r=[ 3837.89341226  4977.19475335 -4478.74496689], v=[-5.05170343 -0.66726661 -5.06673491]
  RK45_ECI: r=[-4793.41197679   -41.04482562 -6099.09179096], v=[-4.19562878 -4.74087976  3.34316273]
Epoch 1655, t=2460388.4989516772:
  TLE_ECI: r=[ 3682.5155771   4956.99079553 -4628.97157365], v=[-5.14910287 -0.79880124 -4.94809424]
  RK45_ECI: r=[-4820.57390111   -74.15187986 -6077.24204307], v=[-4.16668838 -4.74254633  3.37696247]
Epoch 1656, t=2460388.49902694:
  TLE_ECI: r=[ 3524.28834374  4932.77450887 -4775.5809403 ], v=[-5.24235425 -0.9297906  -4.82559954]
  RK45_ECI: r=[-4847.53118174  -107.28168103 -6055.17314054], v=[-4.13759652 -4.74401522  3.41064096]
Epoch 1657, t=2460388.4991022036:
  TLE_ECI: r=[ 3363.33910194  4904.56253768 -4918.45889126], v=[-5.33138626 -1.06012875 -4.69934737]
  RK45_ECI: r=[-4874.28320637  -140.43330846 -6032.88556466], v=[-4.10835402 -4.74528622  3.44419744]
Epoch 1658, t=2460388.499177467:
  TLE_ECI: r=[ 3199.79736429  4872.37472694 -5057.49419092], v=[-5.41613102 -1.1897102  -4.56943714]
  RK45_ECI: r=[-4900.82898795  -173.60536334 -6010.38011068], v=[-4.07896213 -4.74635914  3.47763072]
Epoch 1659, t=2460388.4992527305:
  TLE_ECI: r=[ 3033.79460255  4836.2341494  -5192.57862835], v=[-5.49652414 -1.31843009 -4.43597108]
  RK45_ECI: r=[-4927.16730069  -206.79616943 -5987.65779602], v=[-4.04942233 -4.74723378  3.51093926]
Epoch 1660, t=2460388.4993279935:
  TLE_ECI: r=[ 2865.46416953  4796.16706796 -5323.60709961], v=[-5.5725048  -1.44618422 -4.29905408]
  RK45_ECI: r=[-4953.29718078  -240.0043239  -5964.71943776], v=[-4.01973588 -4.74790996  3.54412186]
Epoch 1661, t=2460388.499403257:
  TLE_ECI: r=[ 2694.94113436  4752.20294916 -5450.47768733], v=[-5.6440157  -1.57286921 -4.15879368]
  RK45_ECI: r=[-4979.21803646  -273.22890062 -5941.56553327], v=[-3.98990362 -4.74838752  3.57717779]
Epoch 1662, t=2460388.4994785204:
  TLE_ECI: r=[ 2522.36225845  4704.37438745 -5573.09173791], v=[-5.71100316 -1.69838246 -4.01529992]
  RK45_ECI: r=[-5004.92855061  -306.46805905 -5918.19723666], v=[-3.95992719 -4.7486663   3.61010539]
Epoch 1663, t=2460388.499553784:
  TLE_ECI: r=[ 2347.86582829  4652.71711483 -5691.35393577], v=[-5.77341718 -1.82262234 -3.86868526]
  RK45_ECI: r=[-5030.42802494  -339.7206962  -5894.61516601], v=[-3.92980758 -4.74874613  3.64290377]
Epoch 1664, t=2460388.4996290472:
  TLE_ECI: r=[ 2171.59155855  4597.26996342 -5805.17237503], v=[-5.83121138 -1.94548821 -3.71906455]
  RK45_ECI: r=[-5055.7152866   -372.98512801 -5870.82038781], v=[-3.89954633 -4.74862689  3.67557144]
Epoch 1665, t=2460388.49970431:
  TLE_ECI: r=[ 1993.68049344  4538.07482895 -5914.45862843], v=[-5.88434311 -2.0668805  -3.56655485]
  RK45_ECI: r=[-5080.78941636  -406.25994403 -5846.81375791], v=[-3.8691447  -4.74830843  3.70810722]
Epoch 1666, t=2460388.4997795736:
  TLE_ECI: r=[ 1814.27484044  4475.17666166 -6019.12781329], v=[-5.93277343 -2.18670086 -3.41127538]
  RK45_ECI: r=[-5105.64985188  -439.54421173 -5822.59579737], v=[-3.83860355 -4.74779061  3.74051037]
Epoch 1667, t=2460388.499854837:
  TLE_ECI: r=[ 1633.51793715  4408.62339404 -6119.09865497], v=[-5.97646716 -2.30485212 -3.25334743]
  RK45_ECI: r=[-5130.29533462  -472.83608356 -5798.16771388], v=[-3.80792455 -4.74707334  3.77277927]
Epoch 1668, t=2460388.4999301005:
  TLE_ECI: r=[ 1451.55408368  4338.46592812 -6214.29354722], v=[-6.01539286 -2.42123844 -3.09289427]
  RK45_ECI: r=[-5154.72520151  -506.13445    -5773.53015401], v=[-3.77710871 -4.74615648  3.80491305]
Epoch 1669, t=2460388.500005364:
  TLE_ECI: r=[ 1268.52844154  4264.75808905 -6304.63860971], v=[-6.04952289 -2.53576537 -2.93004102]
  RK45_ECI: r=[-5178.93833363  -539.43762085 -5748.68423245], v=[-3.74615759 -4.74503996  3.83691024]
Epoch 1670, t=2460388.500080627:
  TLE_ECI: r=[ 1084.58693093  4187.55657968 -6390.06374275], v=[-6.07883339 -2.64833988 -2.76491458]
  RK45_ECI: r=[-5202.93385705  -572.74417956 -5723.63084315], v=[-3.71507248 -4.74372367  3.86876968]
Epoch 1671, t=2460388.5001558904:
  TLE_ECI: r=[  899.87606608  4106.92094959 -6470.50267889], v=[-6.10330429 -2.75887055 -2.59764352]
  RK45_ECI: r=[-5226.71123921  -606.05318842 -5698.37053048], v=[-3.68385424 -4.74220751  3.90049066]
Epoch 1672, t=2460388.500231154:
  TLE_ECI: r=[  714.54291434  4022.91352745 -6545.89303188], v=[-6.12291935 -2.86726749 -2.428358  ]
  RK45_ECI: r=[-5250.26928123  -639.36279457 -5672.9045547 ], v=[-3.65250459 -4.74049143  3.93207157]
Epoch 1673, t=2460388.5003064172:
  TLE_ECI: r=[  528.73493056  3935.59938692 -6616.17634243], v=[-6.13766614 -2.97344247 -2.25718965]
  RK45_ECI: r=[-5273.60735571  -672.67188313 -5647.23359035], v=[-3.62102453 -4.73857534  3.96351158]
Epoch 1674, t=2460388.5003816807:
  TLE_ECI: r=[  342.59985397  3845.04629216 -6681.29812106], v=[-6.14753604 -3.07730903 -2.08427148]
  RK45_ECI: r=[-5296.72439852  -705.97875969 -5621.35879937], v=[-3.58941566 -4.7364592   3.99480923]
Epoch 1675, t=2460388.5004569436:
  TLE_ECI: r=[  156.28560327  3751.32464452 -6741.20788801], v=[-6.15252425 -3.17878245 -1.90973779]
  RK45_ECI: r=[-5319.61958167  -739.28200314 -5595.28111304], v=[-3.55767928 -4.73414295  4.02596339]
Epoch 1676, t=2460388.500532207:
  TLE_ECI: r=[  -30.05988291  3654.50743039 -6795.85921002], v=[-6.15262975 -3.27777995 -1.73372403]
  RK45_ECI: r=[-5342.29240278  -772.5806713  -5569.00109857], v=[-3.52581627 -4.73162652  4.05697337]
Epoch 1677, t=2460388.5006074705:
  TLE_ECI: r=[ -216.28869505  3554.67015983 -6845.20973435], v=[-6.14785538 -3.3742206  -1.55636676]
  RK45_ECI: r=[-5364.74172351  -805.87290806 -5542.52006768], v=[-3.49382836 -4.72890991  4.08783761]
Epoch 1678, t=2460388.500682734:
  TLE_ECI: r=[ -402.25311252  3451.89081168 -6889.22121954], v=[-6.13820773 -3.46802546 -1.37780351]
  RK45_ECI: r=[-5386.96695258  -839.15759427 -5515.83872226], v=[-3.46171658 -4.72599306  4.11855527]
Epoch 1679, t=2460388.500757997:
  TLE_ECI: r=[ -587.80569768  3346.24977376 -6927.8595632 ], v=[-6.12369721 -3.55911765 -1.19817267]
  RK45_ECI: r=[-5408.96697936  -872.43287319 -5488.95839708], v=[-3.4294827  -4.72287599  4.14912481]
Epoch 1680, t=2460388.5008332604:
  TLE_ECI: r=[ -772.79944965  3237.82977446 -6961.0948268 ], v=[-6.10433798 -3.6474224  -1.01761343]
  RK45_ECI: r=[-5430.74132877  -905.69780003 -5461.87968003], v=[-3.39712759 -4.71955866  4.17954554]
Epoch 1681, t=2460388.500908524:
  TLE_ECI: r=[ -957.08785902  3126.7158272  -6988.90125747], v=[-6.08014797 -3.73286707 -0.83626564]
  RK45_ECI: r=[-5452.28922258  -938.95094963 -5434.60354046], v=[-3.36465258 -4.71604103  4.20981636]
Epoch 1682, t=2460388.5009837872:
  TLE_ECI: r=[-1140.52506123  3012.99515961 -7011.25730663], v=[-6.05114885 -3.81538121 -0.65426971]
  RK45_ECI: r=[-5473.60968601  -972.19062432 -5407.13121369], v=[-3.33205929 -4.71232316  4.2399359 ]
Epoch 1683, t=2460388.5010590507:
  TLE_ECI: r=[-1322.96593955  2896.75714734 -7028.14564565], v=[-6.01736601 -3.89489668 -0.47176655]
  RK45_ECI: r=[-5494.70216436 -1005.41570174 -5379.46342827], v=[-3.29934877 -4.70840501  4.26990334]
Epoch 1684, t=2460388.5011343136:
  TLE_ECI: r=[-1504.26622931  2778.09324935 -7039.55317843], v=[-5.97882856 -3.9713476  -0.28889742]
  RK45_ECI: r=[-5515.56560891 -1038.62432441 -5351.60156861], v=[-3.2665228  -4.70428666  4.29971717]
Epoch 1685, t=2460388.501209577:
  TLE_ECI: r=[-1684.28266237  2657.09692037 -7045.4710509 ], v=[-5.93556924 -4.04467052 -0.10580385]
  RK45_ECI: r=[-5536.19957538 -1071.81554518 -5323.54624433], v=[-3.23358227 -4.69996808  4.32937673]
Epoch 1686, t=2460388.5012848405:
  TLE_ECI: r=[-1862.87302789  2533.86356342 -7045.89465752], v=[-5.88762446 -4.11480435  0.07737247]
  RK45_ECI: r=[-5556.6033328  -1104.98793686 -5295.29846022], v=[-3.20052854 -4.69544929  4.35888096]
Epoch 1687, t=2460388.501360104:
  TLE_ECI: r=[-2039.89631595  2408.49044024 -7040.82364467], v=[-5.83503425 -4.18169047  0.26048978]
  RK45_ECI: r=[-5576.77596337 -1138.13980194 -5266.85949592], v=[-3.16736324 -4.69073038  4.38822851]
Epoch 1688, t=2460388.5014353674:
  TLE_ECI: r=[-2215.21281794  2281.07660006 -7030.261911  ], v=[-5.77784225 -4.24527278  0.44340636]
  RK45_ECI: r=[-5596.71694942 -1171.27001599 -5238.2301059 ], v=[-3.13408746 -4.68581134  4.41741858]
Epoch 1689, t=2460388.5015106304:
  TLE_ECI: r=[-2388.68422826  2151.72281005 -7014.21760469], v=[-5.71609562 -4.3054977   0.62598064]
  RK45_ECI: r=[-5616.42530507 -1204.37672272 -5209.41172283], v=[-3.10070299 -4.68069231  4.44644973]
Epoch 1690, t=2460388.501585894:
  TLE_ECI: r=[-2560.17377681  2020.53145015 -6992.70311761], v=[-5.64984503 -4.36231431  0.80807129]
  RK45_ECI: r=[-5635.90061737 -1237.45897311 -5180.40497742], v=[-3.06721074 -4.67537327  4.4753213 ]
Epoch 1691, t=2460388.5016611572:
  TLE_ECI: r=[-2729.54629573  1887.60647414 -6965.73507659], v=[-5.57914468 -4.41567427  0.98953732]
  RK45_ECI: r=[-5655.14220331 -1270.51533959 -5151.21090893], v=[-3.03361209 -4.66985429  4.50403226]
Epoch 1692, t=2460388.5017364207:
  TLE_ECI: r=[-2896.6683503   1753.05330288 -6933.33433143], v=[-5.50405215 -4.4655319   1.1702382 ]
  RK45_ECI: r=[-5674.14920293 -1303.54412639 -5121.83084005], v=[-2.99990872 -4.66413551  4.53258129]
Epoch 1693, t=2460388.501811684:
  TLE_ECI: r=[-3061.40833556  1616.97874911 -6895.52593992], v=[-5.42462848 -4.51184429  1.35003393]
  RK45_ECI: r=[-5692.92113624 -1336.544208   -5092.26555039], v=[-2.96610171 -4.65821694  4.56096764]
Epoch 1694, t=2460388.501886947:
  TLE_ECI: r=[-3223.63657386  1479.49094409 -6852.33914986], v=[-5.34093803 -4.55457121  1.52878518]
  RK45_ECI: r=[-5711.45708122 -1369.51373116 -5062.51651958], v=[-2.9321929  -4.65209877  4.58918989]
Epoch 1695, t=2460388.5019622105:
  TLE_ECI: r=[-3383.22543318  1340.69921652 -6803.80737796], v=[-5.25304844 -4.59367529  1.70635337]
  RK45_ECI: r=[-5729.75674517 -1402.45188769 -5032.58425786], v=[-2.89818306 -4.64578099  4.61724753]
Epoch 1696, t=2460388.502037474:
  TLE_ECI: r=[-3540.04939896  1200.71406241 -6749.96818572], v=[-5.16103066 -4.62912192  1.88260077]
  RK45_ECI: r=[-5747.81922849 -1435.35682578 -5002.47026068], v=[-2.86407405 -4.6392638   4.64513918]
Epoch 1697, t=2460388.5021127374:
  TLE_ECI: r=[-3693.9851901   1059.64702321 -6690.86325226], v=[-5.06495883 -4.66087936  2.05739061]
  RK45_ECI: r=[-5765.64399539 -1468.22727833 -4972.17546986], v=[-2.82986712 -4.63254728  4.67286394]
Epoch 1698, t=2460388.5021880004:
  TLE_ECI: r=[-3844.91184757   917.6106187  -6626.53834414], v=[-4.96491026 -4.68891872  2.23058717]
  RK45_ECI: r=[-5783.23043478 -1501.06182001 -4941.7009738 ], v=[-2.79556369 -4.62563156  4.70042082]
Epoch 1699, t=2460388.502263264:
  TLE_ECI: r=[-3992.71083977   774.71821469 -6557.04328212], v=[-4.8609653  -4.71321408  2.40205589]
  RK45_ECI: r=[-5800.57793224 -1533.85907683 -4911.0478674 ], v=[-2.76116514 -4.61851678  4.72780882]
Epoch 1700, t=2460388.5023385272:
  TLE_ECI: r=[-4137.26613762   631.08400049 -6482.43190489], v=[-4.7532074  -4.73374238  2.57166349]
  RK45_ECI: r=[-5817.68597944 -1566.6177654  -4880.21710691], v=[-2.72667274 -4.61120304  4.75502708]
Epoch 1701, t=2460388.5024137907:
  TLE_ECI: r=[-4278.46431734   486.82285584 -6402.76202987], v=[-4.64172298 -4.75048355  2.73927801]
  RK45_ECI: r=[-5834.553823   -1599.33619732 -4849.21008948], v=[-2.69208822 -4.60369057  4.78207435]
Epoch 1702, t=2460388.502489054:
  TLE_ECI: r=[-4416.19464616   342.05027106 -6318.09541092], v=[-4.52660136 -4.7634205   2.90476898]
  RK45_ECI: r=[-5851.18097105 -1632.01310795 -4818.02778501], v=[-2.65741284 -4.5959795   4.8089498 ]
Epoch 1703, t=2460388.502564317:
  TLE_ECI: r=[-4550.3491686    196.8822699  -6228.49769311], v=[-4.40793476 -4.77253911  3.06800748]
  RK45_ECI: r=[-5867.56686234 -1664.64707506 -4786.67131397], v=[-2.62264806 -4.58806999  4.83565244]
Epoch 1704, t=2460388.5026395805:
  TLE_ECI: r=[-4680.82279413    51.43526498 -6134.03836454], v=[-4.28581813 -4.77782833  3.22886622]
  RK45_ECI: r=[-5883.71093106 -1697.23672875 -4755.14180323], v=[-2.58779526 -4.57996224  4.8621813 ]
Epoch 1705, t=2460388.502714844:
  TLE_ECI: r=[-4807.51337522   -94.1739557  -6034.79070516], v=[-4.16034916 -4.77928008  3.38721971]
  RK45_ECI: r=[-5899.61271369 -1729.78078821 -4723.44023668], v=[-2.55285575 -4.57165637  4.88853555]
Epoch 1706, t=2460388.5027901074:
  TLE_ECI: r=[-4930.32179161  -239.82837344 -5930.8317327 ], v=[-4.03162822 -4.77688937  3.54294427]
  RK45_ECI: r=[-5915.27151712 -1762.27757204 -4691.56805125], v=[-2.51783126 -4.56315267  4.91471398]
Epoch 1707, t=2460388.502865371:
  TLE_ECI: r=[-5049.15202771  -385.41081873 -5822.24214567], v=[-3.89975821 -4.77065424  3.69591819]
  RK45_ECI: r=[-5930.68696993 -1794.72595781 -4659.52609332], v=[-2.48272294 -4.55445127  4.94071588]
Epoch 1708, t=2460388.502940634:
  TLE_ECI: r=[-5163.9112504   -530.80404971 -5709.10626345], v=[-3.76484457 -4.7605758   3.8460218 ]
  RK45_ECI: r=[-5945.85833403 -1827.12411116 -4627.31596695], v=[-2.4475327  -4.54555251  4.96653994]
Epoch 1709, t=2460388.5030158972:
  TLE_ECI: r=[-5274.50987698  -675.8909058  -5591.51196358], v=[-3.62699512 -4.74665828  3.99313757]
  RK45_ECI: r=[-5960.78532005 -1859.47108493 -4594.93837769], v=[-2.4122615  -4.53645649  4.99218559]
Epoch 1710, t=2460388.5030911607:
  TLE_ECI: r=[-5380.86165468  -820.5543122  -5469.55061614], v=[-3.48632006 -4.72890893  4.13715021]
  RK45_ECI: r=[-5975.467434   -1891.76546349 -4562.39448716], v=[-2.3769108  -4.52716343  5.01765188]
Epoch 1711, t=2460388.503166424:
  TLE_ECI: r=[-5482.88372467  -964.67743291 -5343.31701537], v=[-3.34293181 -4.70733812  4.27794673]
  RK45_ECI: r=[-5989.90404388 -1924.00557387 -4529.68577086], v=[-2.34148236 -4.51767368  5.04293766]
Epoch 1712, t=2460388.5032416875:
  TLE_ECI: r=[-5580.49668949 -1108.14375049 -5212.9093085 ], v=[-3.19694501 -4.68195928  4.41541658]
  RK45_ECI: r=[-6004.0948179  -1956.19029723 -4496.81309785], v=[-2.30597734 -4.50798738  5.06804222]
Epoch 1713, t=2460388.5033169505:
  TLE_ECI: r=[-5673.62468057 -1250.83714336 -5078.42892183], v=[-3.04847637 -4.65278892  4.54945173]
  RK45_ECI: r=[-6018.03908516 -1988.31780976 -4463.77811416], v=[-2.27039767 -4.49810495  5.09296429]
Epoch 1714, t=2460388.503392214:
  TLE_ECI: r=[-5762.19540498 -1392.64204621 -4939.98048418], v=[-2.89764456 -4.61984667  4.67994671]
  RK45_ECI: r=[-6031.73658969 -2020.38716758 -4430.58154385], v=[-2.23474431 -4.48802651  5.11770333]
Epoch 1715, t=2460388.5034674774:
  TLE_ECI: r=[-5846.14022465 -1533.44344465 -4797.6717476 ], v=[-2.74457021 -4.58315517  4.80679878]
  RK45_ECI: r=[-6045.18688872 -2052.39696166 -4397.22457856], v=[-2.19901875 -4.47775233  5.14225841]
Epoch 1716, t=2460388.503542741:
  TLE_ECI: r=[-5925.39419834 -1673.12703508 -4651.61350551], v=[-2.58937574 -4.54274017  4.92990793]
  RK45_ECI: r=[-6058.38941174 -2084.34552978 -4363.70873124], v=[-2.16322275 -4.46728281  5.16662841]
Epoch 1717, t=2460388.503618004:
  TLE_ECI: r=[-5999.89614303 -1811.57928367 -4501.91950825], v=[-2.43218532 -4.49863041  5.04917703]
  RK45_ECI: r=[-6071.34374332 -2116.23146806 -4330.03520976], v=[-2.12735781 -4.45661824  5.19081243]
Epoch 1718, t=2460388.5036932672:
  TLE_ECI: r=[-6069.58866276 -1948.68758967 -4348.70637623], v=[-2.27312468 -4.45085774  5.1645119 ]
  RK45_ECI: r=[-6084.04965116 -2148.05383475 -4296.20475039], v=[-2.09142488 -4.44575877  5.21480991]
Epoch 1719, t=2460388.5037685307:
  TLE_ECI: r=[-6134.41822607 -2084.34027307 -4192.09351043], v=[-2.11232114 -4.39945695  5.27582135]
  RK45_ECI: r=[-6096.50654208 -2179.81082066 -4262.21904557], v=[-2.05542594 -4.43470489  5.23861965]
Epoch 1720, t=2460388.503843794:
  TLE_ECI: r=[-6194.33518975 -2218.42673623 -4032.2030007 ], v=[-1.94990341 -4.34446587  5.3830173 ]
  RK45_ECI: r=[-6108.71414831 -2211.50131521 -4228.07899927], v=[-2.01936212 -4.42345679  5.26224097]
Epoch 1721, t=2460388.5039190575:
  TLE_ECI: r=[-6249.29384432 -2350.83753783 -3869.15953157], v=[-1.78600153 -4.28592528  5.48601486]
  RK45_ECI: r=[-6120.67196143 -2243.12366846 -4193.78616061], v=[-1.98323523 -4.41201492  5.2856728 ]
Epoch 1722, t=2460388.5039943205:
  TLE_ECI: r=[-6299.2524589  -2481.4644651  -3703.09028591], v=[-1.62074677 -4.22387891  5.58473238]
  RK45_ECI: r=[-6132.37961755 -2274.6764859  -4159.34176601], v=[-1.94704674 -4.40037963  5.30891426]
Epoch 1723, t=2460388.504069584:
  TLE_ECI: r=[-6344.17328676 -2610.20069725 -3534.12484635], v=[-1.45427148 -4.15837341  5.67909153]
  RK45_ECI: r=[-6143.83691811 -2306.15883071 -4124.74656937], v=[-1.91079764 -4.38855109  5.33196482]
Epoch 1724, t=2460388.5041448474:
  TLE_ECI: r=[-6384.0226389  -2736.94078414 -3362.39509448], v=[-1.28670902 -4.08945831  5.76901736]
  RK45_ECI: r=[-6155.04333807 -2337.5689087  -4090.00230218], v=[-1.87448989 -4.37652984  5.3548233 ]
Epoch 1725, t=2460388.504220111:
  TLE_ECI: r=[-6418.77088394 -2861.58080765 -3188.03510818], v=[-1.11819368 -4.01718601  5.85443841]
  RK45_ECI: r=[-6165.99864985 -2368.90561613 -4055.10988932], v=[-1.83812465 -4.36431612  5.37748908]
Epoch 1726, t=2460388.5042953743:
  TLE_ECI: r=[-6448.39247947 -2984.01845025 -3011.1810568 ], v=[-0.94886051 -3.94161169  5.93528672]
  RK45_ECI: r=[-6176.70240734 -2400.16731726 -4020.07091479], v=[-1.80170371 -4.35191043  5.3999611 ]
Epoch 1727, t=2460388.5043706372:
  TLE_ECI: r=[-6472.8660023  -3104.15306178 -2831.97109453], v=[-0.77884524 -3.86279333  6.01149792]
  RK45_ECI: r=[-6187.15429844 -2431.35262842 -3984.88664254], v=[-1.76522858 -4.33931315  5.42223852]
Epoch 1728, t=2460388.5044459007:
  TLE_ECI: r=[-6492.17413001 -3221.88582    -2650.54525204], v=[-0.60828414 -3.78079164  6.08301128]
  RK45_ECI: r=[-6197.35415827 -2462.4606189  -3949.55784347], v=[-1.72870021 -4.32652449  5.44432085]
Epoch 1729, t=2460388.504521164:
  TLE_ECI: r=[-6506.30370908 -3337.11969982 -2467.04532622], v=[-0.43731396 -3.69567     6.14976979]
  RK45_ECI: r=[-6207.30153028 -2493.48951135 -3914.08628665], v=[-1.6921206  -4.31354504  5.46620693]
Epoch 1730, t=2460388.5045964275:
  TLE_ECI: r=[-6515.2457302  -3449.75963111 -2281.61476842], v=[-0.26607177 -3.60749444  6.21172016]
  RK45_ECI: r=[-6216.99622714 -2524.43820999 -3878.47291707], v=[-1.65549089 -4.30037507  5.48789618]
Epoch 1731, t=2460388.5046716905:
  TLE_ECI: r=[-6518.99535473 -3559.7125413  -2094.39857116], v=[-0.09469488 -3.51633358  6.26881293]
  RK45_ECI: r=[-6226.43782324 -2555.30494625 -3842.71952034], v=[-1.61881307 -4.28701519  5.50938747]
Epoch 1732, t=2460388.504746954:
  TLE_ECI: r=[-6517.55187759 -3666.88750983 -1905.54315342], v=[ 0.07667933 -3.42225858  6.32100248]
  RK45_ECI: r=[-6235.62618416 -2586.0887958  -3806.82688248], v=[-1.58208811 -4.27346564  5.53068032]
Epoch 1733, t=2460388.5048222174:
  TLE_ECI: r=[-6510.91878884 -3771.19573159 -1715.19624448], v=[ 0.24791348 -3.32534306  6.36824706]
  RK45_ECI: r=[-6244.56105299 -2616.78838773 -3770.79629509], v=[-1.5453175  -4.25972684  5.55177394]
Epoch 1734, t=2460388.504897481:
  TLE_ECI: r=[-6499.10373008 -3872.55066813 -1523.50676664], v=[ 0.41887029 -3.22566306  6.41050888]
  RK45_ECI: r=[-6253.2420837  -2647.40211267 -3734.62939505], v=[-1.50850306 -4.24579937  5.57266733]
Epoch 1735, t=2460388.5049727443:
  TLE_ECI: r=[-6482.1184978  -3970.8681026  -1330.62471682], v=[ 0.58941275 -3.12329701  6.4477541 ]
  RK45_ECI: r=[-6261.66912916 -2677.9288841  -3698.32714662], v=[-1.47164594 -4.23168354  5.59335994]
Epoch 1736, t=2460388.5050480072:
  TLE_ECI: r=[-6459.9790452  -4066.06619223 -1136.70104706], v=[ 0.7594042  -3.0183256   6.47995288]
  RK45_ECI: r=[-6269.84183261 -2708.36695277 -3661.89137063], v=[-1.43474813 -4.21738     5.61385069]
Epoch 1737, t=2460388.5051232707:
  TLE_ECI: r=[-6432.70542088 -4158.06561449  -941.88754427], v=[ 0.92870848 -2.91083176  6.5070794 ]
  RK45_ECI: r=[-6277.76009323 -2738.71540248 -3625.32286872], v=[-1.3978106  -4.20288901  5.63413912]
Epoch 1738, t=2460388.505198534:
  TLE_ECI: r=[-6400.32182256 -4246.78952061  -746.33670896], v=[ 1.09718998 -2.80090059  6.5291119 ]
  RK45_ECI: r=[-6285.42370607 -2768.972876   -3588.62295763], v=[-1.36083485 -4.18821105  5.65422448]
Epoch 1739, t=2460388.5052737975:
  TLE_ECI: r=[-6362.85652935 -4332.16367745  -550.20163345], v=[ 1.26471384 -2.68861928  6.54603268]
  RK45_ECI: r=[-6292.83238785 -2799.13778268 -3551.79330532], v=[-1.3238227  -4.17334672  5.67410583]
Epoch 1740, t=2460388.505349061:
  TLE_ECI: r=[-6320.3418892  -4414.11651204  -353.63587948], v=[ 1.431146   -2.57407702  6.55782815]
  RK45_ECI: r=[-6299.98603169 -2829.20904616 -3514.83489438], v=[-1.2867753  -4.15829636  5.69378263]
Epoch 1741, t=2460388.505424324:
  TLE_ECI: r=[-6272.81430443 -4492.57915448  -156.79335536], v=[ 1.59635334 -2.45736496  6.56448879]
  RK45_ECI: r=[-6306.8843497  -2859.18493875 -3477.74957908], v=[-1.24969466 -4.14306069  5.71325387]
Epoch 1742, t=2460388.5054995874:
  TLE_ECI: r=[-6220.31414789 -4567.48557092    40.17180718], v=[ 1.76020379 -2.3385761   6.56600922]
  RK45_ECI: r=[-6313.52727479 -2889.06455291 -3440.5381759 ], v=[-1.21258175 -4.12763999  5.73251911]
Epoch 1743, t=2460388.505574851:
  TLE_ECI: r=[-6162.88580714 -4638.77250903   237.1053765 ], v=[ 1.92256646 -2.21780525  6.56238816]
  RK45_ECI: r=[-6319.91465409 -2918.84654649 -3403.20202542], v=[-1.17543806 -4.11203476  5.75157764]
Epoch 1744, t=2460388.5056501143:
  TLE_ECI: r=[-6100.57759412 -4706.37962667   433.85314448], v=[ 2.08331173 -2.09514892  6.55362845]
  RK45_ECI: r=[-6326.04626724 -2948.52934913 -3365.7428251 ], v=[-1.13826543 -4.09624565  5.77042857]
Epoch 1745, t=2460388.5057253777:
  TLE_ECI: r=[-6033.44171684 -4770.24952523   630.26105004], v=[ 2.24231134 -1.97070522  6.53973705]
  RK45_ECI: r=[-6331.92204762 -2978.11189584 -3328.1615748 ], v=[-1.10106502 -4.08027305  5.78907139]
Epoch 1746, t=2460388.5058006407:
  TLE_ECI: r=[-5961.53424915 -4830.32778104   826.17530253], v=[ 2.39943856 -1.84457385  6.52072502]
  RK45_ECI: r=[-6337.54177652 -3007.59248209 -3290.46016052], v=[-1.06383884 -4.0641177   5.80750516]
Epoch 1747, t=2460388.505875904:
  TLE_ECI: r=[-5884.91502611 -4886.56306269  1021.4425047 ], v=[ 2.55456826 -1.7168559   6.49660752]
  RK45_ECI: r=[-6342.90542076 -3036.97020965 -3252.63941272], v=[-1.02658786 -4.04777991  5.82572944]
Epoch 1748, t=2460388.5059511675:
  TLE_ECI: r=[-5803.64767736 -4938.90706961  1215.90977564], v=[ 2.70757698 -1.58765389  6.46740381]
  RK45_ECI: r=[-6348.01287955 -3066.24375315 -3214.70069453], v=[-0.98931359 -4.03126023  5.84374357]
Epoch 1749, t=2460388.506026431:
  TLE_ECI: r=[-5717.79951686 -4987.31464396  1409.4248729 ], v=[ 2.85834312 -1.45707158  6.43313719]
  RK45_ECI: r=[-6352.8639957  -3095.4115641  -3176.64573123], v=[-0.95201787 -4.01455935  5.86154672]
Epoch 1750, t=2460388.506101694:
  TLE_ECI: r=[-5627.44151426 -5031.74377523  1601.83631421], v=[ 3.00674696 -1.32521395  6.39383502]
  RK45_ECI: r=[-6357.45872446 -3124.4724489  -3138.47571844], v=[-0.91470206 -3.99767776  5.87913831]
Epoch 1751, t=2460388.5061769574:
  TLE_ECI: r=[-5532.64817532 -5072.15570306  1792.99349832], v=[ 3.15267082 -1.19218706  6.34952869]
  RK45_ECI: r=[-6361.79697263 -3153.42515016 -3100.19203389], v=[-0.87736762 -3.98061602  5.89651771]
Epoch 1752, t=2460388.506252221:
  TLE_ECI: r=[-5433.49756697 -5108.51485027  1982.74682524], v=[ 3.2959991  -1.05809799  6.30025354]
  RK45_ECI: r=[-6365.87871045 -3182.26847907 -3061.79587894], v=[-0.84001591 -3.96337463  5.91368434]
Epoch 1753, t=2460388.5063274843:
  TLE_ECI: r=[-5330.07119221 -5140.78892056  2170.94781536], v=[ 3.43661843 -0.92305474  6.24604891]
  RK45_ECI: r=[-6369.70383144 -3211.00090584 -3023.289     ], v=[-0.80264878 -3.94595433  5.93063741]
Epoch 1754, t=2460388.5064027477:
  TLE_ECI: r=[-5222.4539356  -5168.94890941  2357.44922754], v=[ 3.57441774 -0.78716612  6.18695802]
  RK45_ECI: r=[-6373.2723187  -3239.62126835 -2984.6726072 ], v=[-0.76526756 -3.92835563  5.94737639]
Epoch 1755, t=2460388.5064780107:
  TLE_ECI: r=[-5110.73400663 -5192.96911409  2542.1051762 ], v=[ 3.70928833 -0.65054171  6.12302801]
  RK45_ECI: r=[-6376.58414861 -3268.12826813 -2945.94809466], v=[-0.72787378 -3.91057912  5.96390065]
Epoch 1756, t=2460388.506553274:
  TLE_ECI: r=[-4995.00280404 -5212.82721628  2724.7712468 ], v=[ 3.841124   -0.51329169  6.05430982]
  RK45_ECI: r=[-6379.63927923 -3296.52066682 -2907.11686052], v=[-0.69046893 -3.89262541  5.98020958]
Epoch 1757, t=2460388.5066285376:
  TLE_ECI: r=[-4875.3549302  -5228.50420996  2905.30461045], v=[ 3.96982111 -0.37552679  5.98085819]
  RK45_ECI: r=[-6382.4377277  -3324.79729194 -2868.18012383], v=[-0.65305436 -3.87449502  5.99630266]
Epoch 1758, t=2460388.506703801:
  TLE_ECI: r=[-4751.88805028 -5239.98447923  3083.56413669], v=[ 4.09527865 -0.23735822  5.9027316 ]
  RK45_ECI: r=[-6384.9794511  -3352.95663858 -2829.13965605], v=[-0.61563192 -3.85618876  6.01217913]
Epoch 1759, t=2460388.5067790644:
  TLE_ECI: r=[-4624.70282526 -5247.25579642  3259.41050478], v=[ 4.21739834 -0.09889752  5.81999222]
  RK45_ECI: r=[-6387.26447898 -3380.99756179 -2789.99668448], v=[-0.57820297 -3.83770717  6.02783849]
Epoch 1760, t=2460388.5068543274:
  TLE_ECI: r=[-4493.902843   -5250.30931951  3432.70631345], v=[4.33608472 0.03974348 5.73270583]
  RK45_ECI: r=[-6389.29284034 -3408.9187832  -2750.75262271], v=[-0.54076902 -3.81905088  6.04328015]
Epoch 1761, t=2460388.506929591:
  TLE_ECI: r=[-4359.59446985 -5249.13965308  3603.3161887 ], v=[4.4512452  0.17845284 5.64094179]
  RK45_ECI: r=[-6391.06454478 -3436.71908453 -2711.40888816], v=[-0.50333157 -3.80022054  6.05850354]
Epoch 1762, t=2460388.5070048543:
  TLE_ECI: r=[-4221.88685356 -5243.74477331  3771.10689009], v=[4.56279012 0.31711848 5.54477297]
  RK45_ECI: r=[-6392.57965621 -3464.39731147 -2671.96671654], v=[-0.46589198 -3.78121672  6.07350816]
Epoch 1763, t=2460388.5070801177:
  TLE_ECI: r=[-4080.89177128 -5234.12608361  3935.94741476], v=[4.67063286 0.45562837 5.44427566]
  RK45_ECI: r=[-6393.83819541 -3491.95198566 -2632.42790286], v=[-0.4284521  -3.76204027  6.0882933 ]
Epoch 1764, t=2460388.507155381:
  TLE_ECI: r=[-3936.72355159 -5220.2884004   4097.70909966], v=[4.77468986 0.59387058 5.33952954]
  RK45_ECI: r=[-6394.84025051 -3519.38209463 -2592.79350434], v=[-0.39101312 -3.74269166  6.10285856]
Epoch 1765, t=2460388.507230644:
  TLE_ECI: r=[-3789.49899477 -5202.2399386   4256.2657217 ], v=[4.87488071 0.73173339 5.23061759]
  RK45_ECI: r=[-6395.58586734 -3546.68603886 -2553.06551164], v=[-0.35357705 -3.72317186  6.11720319]
Epoch 1766, t=2460388.5073059076:
  TLE_ECI: r=[-3639.33721494 -5179.99235015  4411.49359551], v=[4.9711282 0.8691054 5.117626 ]
  RK45_ECI: r=[-6396.0751426  -3573.86296491 -2513.24480156], v=[-0.3161449  -3.70348128  6.13132684]
Epoch 1767, t=2460388.507381171:
  TLE_ECI: r=[-3486.35963344 -5153.56064659  4563.27166937], v=[5.06335838 1.00587555 5.00064414]
  RK45_ECI: r=[-6396.30817533 -3600.91162311 -2473.33281174], v=[-0.27871818 -3.68362062  6.14522898]
Epoch 1768, t=2460388.5074564344:
  TLE_ECI: r=[-3330.68981745 -5122.96323311  4711.48161852], v=[5.1515006  1.1419333  4.87976443]
  RK45_ECI: r=[-6396.28504991 -3627.8305635  -2433.33135921], v=[-0.24129876 -3.66359076  6.15890896]
Epoch 1769, t=2460388.5075316974:
  TLE_ECI: r=[-3172.45340865 -5088.22187286  4856.00793627], v=[5.23548759 1.27716865 4.7550823 ]
  RK45_ECI: r=[-6396.00589346 -3654.61854935 -2393.241891  ], v=[-0.20388814 -3.64339244  6.17236627]
Epoch 1770, t=2460388.507606961:
  TLE_ECI: r=[-3011.77796039 -5049.36170738  4996.7380225 ], v=[5.31525544 1.41147228 4.6266961 ]
  RK45_ECI: r=[-6395.47082667 -3681.2747366  -2353.06529117], v=[-0.16648732 -3.62302607  6.18560058]
Epoch 1771, t=2460388.5076822243:
  TLE_ECI: r=[-2848.79292319 -5006.41117907  5133.56227001], v=[5.39074373 1.54473561 4.49470698]
  RK45_ECI: r=[-6394.67997529 -3707.79756262 -2312.80357721], v=[-0.12909833 -3.60249268  6.19861119]
Epoch 1772, t=2460388.5077574877:
  TLE_ECI: r=[-2683.62947916 -4959.40204711  5266.37414805], v=[5.46189551 1.67685087 4.35921887]
  RK45_ECI: r=[-6393.63349255 -3734.18604241 -2272.45782688], v=[-0.09172234 -3.58179281  6.21139774]
Epoch 1773, t=2460388.507832751:
  TLE_ECI: r=[-2516.42045033 -4908.36935227  5395.07028335], v=[5.52865736 1.80771124 4.22033834]
  RK45_ECI: r=[-6392.33152628 -3760.43875614 -2232.02987775], v=[-0.0543612  -3.56092741  6.22395962]
Epoch 1774, t=2460388.507908014:
  TLE_ECI: r=[-2347.30020508 -4853.35138195  5519.55053861], v=[5.59097939 1.93721085 4.07817452]
  RK45_ECI: r=[-6390.77425594 -3786.55449135 -2191.52119297], v=[-0.01701641 -3.53989723  6.23629635]
Epoch 1775, t=2460388.5079832776:
  TLE_ECI: r=[-2176.40449236 -4794.38966783  5639.71808804], v=[5.64881534 2.06524498 3.93283905]
  RK45_ECI: r=[-6388.96183627 -3812.53241897 -2150.93266676], v=[ 0.02031103 -3.51870274  6.24840762]
Epoch 1776, t=2460388.508058541:
  TLE_ECI: r=[-2003.87041805 -4731.52890967  5755.47949062], v=[5.70212252 2.19171004 3.78444593]
  RK45_ECI: r=[-6386.89446243 -3838.37101058 -2110.26633821], v=[ 0.05761911 -3.497345    6.26029281]
Epoch 1777, t=2460388.5081338044:
  TLE_ECI: r=[-1829.83627705 -4664.81696901  5866.7447602 ], v=[5.75086191 2.31650368 3.63311147]
  RK45_ECI: r=[-6384.57232794 -3864.06929999 -2069.52329677], v=[ 0.09490666 -3.47582459  6.27195155]
Epoch 1778, t=2460388.508209068:
  TLE_ECI: r=[-1654.441457   -4594.30482359  5973.42743297], v=[5.79499815 2.43952488 3.47895417]
  RK45_ECI: r=[-6381.99564385 -3889.62589901 -2028.70539904], v=[ 0.13217186 -3.4541425   6.2833833 ]
Epoch 1779, t=2460388.508284331:
  TLE_ECI: r=[-1477.82633964 -4520.0465226   6075.44463218], v=[5.83449956 2.56067403 3.32209464]
  RK45_ECI: r=[-6379.16464166 -3915.03962091 -1987.81412305], v=[ 0.16941318 -3.43229953  6.29458762]
Epoch 1780, t=2460388.5083595943:
  TLE_ECI: r=[-1300.13213554 -4442.09916194  6172.71712974], v=[5.86933813 2.67985302 3.16265552]
  RK45_ECI: r=[-6376.0795098  -3940.30965269 -1946.85037247], v=[ 0.20662966 -3.41029616  6.30556422]
Epoch 1781, t=2460388.5084348577:
  TLE_ECI: r=[-1121.5008519  -4360.52281121  6265.16940533], v=[5.89948957 2.79696525 3.00076134]
  RK45_ECI: r=[-6372.74051235 -3965.43450203 -1905.81620624], v=[ 0.2438193  -3.38813353  6.31631252]
Epoch 1782, t=2460388.508510121:
  TLE_ECI: r=[ -942.07512617 -4275.38048538  6352.72970224], v=[5.92493334 2.91191578 2.83653846]
  RK45_ECI: r=[-6369.14788308 -3990.41322223 -1864.71272461], v=[ 0.28098093 -3.36581222  6.3268322 ]
Epoch 1783, t=2460388.5085853846:
  TLE_ECI: r=[ -761.99812601 -4186.73809037  6435.33008049], v=[5.94565258 3.02461136 2.67011496]
  RK45_ECI: r=[-6365.30189551 -4015.24445886 -1823.54180156], v=[ 0.31811274 -3.34333329  6.33712276]
Epoch 1784, t=2460388.5086606476:
  TLE_ECI: r=[ -581.41344859 -4094.66436937  6512.90646691], v=[5.9616342  3.13496048 2.50162053]
  RK45_ECI: r=[-6361.20283274 -4039.92705225 -1782.30492878], v=[ 0.35521323 -3.32069755  6.34718379]
Epoch 1785, t=2460388.508735911:
  TLE_ECI: r=[ -400.46495885 -3999.23085645  6585.39870217], v=[5.9728688  3.24287354 2.3311864 ]
  RK45_ECI: r=[-6356.85091676 -4064.46020609 -1741.00301858], v=[ 0.39228143 -3.29790553  6.35701504]
Epoch 1786, t=2460388.5088111744:
  TLE_ECI: r=[ -219.29674886 -3900.5118085   6652.75058514], v=[5.97935075 3.34826278 2.1589452 ]
  RK45_ECI: r=[-6352.24647999 -4088.84246597 -1699.63814793], v=[ 0.42931536 -3.27495839  6.36661599]
Epoch 1787, t=2460388.508886438:
  TLE_ECI: r=[  -38.05297605 -3798.58415564  6714.90991385], v=[5.98107813 3.45104244 1.9850309 ]
  RK45_ECI: r=[-6347.38979574 -4113.07290618 -1658.21142693], v=[ 0.46631388 -3.25185677  6.37598635]
Epoch 1788, t=2460388.508961701:
  TLE_ECI: r=[  143.12222684 -3693.52743931  6771.82852372], v=[5.97805276 3.55112877 1.80957869]
  RK45_ECI: r=[-6342.28122728 -4137.15008994 -1616.72494008], v=[ 0.503275   -3.22860185  6.38512561]
Epoch 1789, t=2460388.5090369643:
  TLE_ECI: r=[  324.08490809 -3585.42374918  6823.46232252], v=[5.97028015 3.64844018 1.63272486]
  RK45_ECI: r=[-6336.92102641 -4161.07323723 -1575.17960686], v=[ 0.54019776 -3.20519417  6.39403356]
Epoch 1790, t=2460388.5091122277:
  TLE_ECI: r=[  504.6913438  -3474.35765995  6869.77132265], v=[5.95776951 3.74289716 1.45460673]
  RK45_ECI: r=[-6331.30953043 -4184.8412184  -1533.57693191], v=[ 0.5770807  -3.1816346   6.40270983]
Epoch 1791, t=2460388.509187491:
  TLE_ECI: r=[  684.79819408 -3360.41616559  6910.71966997], v=[5.94053379 3.83442246 1.27536255]
  RK45_ECI: r=[-6325.44711213 -4208.45273548 -1491.91881347], v=[ 0.613922   -3.15792423  6.411154  ]
Epoch 1792, t=2460388.5092627546:
  TLE_ECI: r=[  864.26260345 -3243.68861161  6946.27566989], v=[5.91858956 3.9229411  1.09513137]
  RK45_ECI: r=[-6319.33408405 -4231.90688454 -1450.20637042], v=[ 0.65072054 -3.13406374  6.41936582]
Epoch 1793, t=2460388.5093380176:
  TLE_ECI: r=[ 1042.94230302 -3124.26662869  6976.41181023], v=[5.8919571  4.00838042 0.91405295]
  RK45_ECI: r=[-6312.97087707 -4255.20226882 -1408.44170251], v=[ 0.68747436 -3.11005434  6.42734486]
Epoch 1794, t=2460388.509413281:
  TLE_ECI: r=[ 1220.69575798 -3002.24405007  7001.10478102], v=[5.86066027 4.09067019 0.73226766]
  RK45_ECI: r=[-6306.35777548 -4278.33812702 -1366.62573618], v=[ 0.7241825 -3.0858966  6.4350909]
Epoch 1795, t=2460388.5094885444:
  TLE_ECI: r=[ 1397.3822213  -2877.71685533  7020.33549138], v=[5.82472659 4.16974256 0.5499164 ]
  RK45_ECI: r=[-6299.49516717 -4301.31335907 -1324.75998685], v=[ 0.7608435  -3.06159142  6.44260365]
Epoch 1796, t=2460388.509563808:
  TLE_ECI: r=[ 1572.86188057 -2750.78308559  7034.0890832 ], v=[5.78418715 4.2455322  0.36714045]
  RK45_ECI: r=[-6292.38348633 -4324.12670398 -1282.84636561], v=[ 0.79745558 -3.03713992  6.44988274]
Epoch 1797, t=2460388.5096390713:
  TLE_ECI: r=[ 1746.99595699 -2621.54276998  7042.35494173], v=[5.73907663 4.31797632 0.18408141]
  RK45_ECI: r=[-6285.02308407 -4346.77728084 -1240.88599899], v=[ 0.83401762 -3.0125428   6.45692794]
Epoch 1798, t=2460388.5097143343:
  TLE_ECI: r=[ 1919.64680529 -2490.09785388  7045.12670319], v=[5.68943324e+00 4.38701469e+00 8.81062002e-04]
  RK45_ECI: r=[-6277.41445825 -4369.26373441 -1198.88099995], v=[ 0.87052767 -2.98780133  6.46373888]
Epoch 1799, t=2460388.5097895977:
  TLE_ECI: r=[ 2090.67804997 -2356.55209815  7042.4022592 ], v=[ 5.63529865  4.45258979 -0.18231869]
  RK45_ECI: r=[-6269.55792557 -4391.58532252 -1156.83230098], v=[ 0.90698478 -2.96291607  6.4703154 ]
Epoch 1800, t=2460388.509864861:
  TLE_ECI: r=[ 2259.95464578 -2221.01103078  7034.18375827], v=[ 5.57671806  4.5146467  -0.36537596]
  RK45_ECI: r=[-6261.45392393 -4413.74097592 -1114.74142675], v=[ 0.94338751 -2.93788798  6.47665722]
Epoch 1801, t=2460388.5099401246:
  TLE_ECI: r=[ 2427.34301257 -2083.5818444   7020.47760404], v=[ 5.51374008  4.57313324 -0.54814897]
  RK45_ECI: r=[-6253.10294819 -4435.72947224 -1072.61029933], v=[ 0.97973408 -2.9127182   6.48276404]
Epoch 1802, t=2460388.5100153876:
  TLE_ECI: r=[ 2592.71112519 -1944.37332587  7001.29445062], v=[ 5.44641673  4.62800001 -0.73049614]
  RK45_ECI: r=[-6244.50543201 -4457.54984767 -1030.44024979], v=[ 1.01602321 -2.88740758  6.48863566]
Epoch 1803, t=2460388.510090651:
  TLE_ECI: r=[ 2755.92863887 -1803.49574232  6976.64919467], v=[ 5.37480337  4.67920044 -0.91227622]
  RK45_ECI: r=[-6235.66180743 -4479.20110927  -988.23280827], v=[ 1.05225348 -2.86195706  6.49427183]
Epoch 1804, t=2460388.5101659144:
  TLE_ECI: r=[ 2916.86695458 -1661.06079951  6946.56096459], v=[ 5.2989587   4.72669073 -1.09334836]
  RK45_ECI: r=[-6226.5725554  -4500.68221556  -945.9895063 ], v=[ 1.08842343 -2.8363676   6.49967234]
Epoch 1805, t=2460388.510241178:
  TLE_ECI: r=[ 3075.39934263 -1517.1815264   6911.05310655], v=[ 5.21894467  4.77043003 -1.27357223]
  RK45_ECI: r=[-6217.23811942 -4521.99223561  -903.71167834], v=[ 1.12453179 -2.81064004  6.50483699]
Epoch 1806, t=2460388.5103164413:
  TLE_ECI: r=[ 3231.40103476 -1371.97219446  6870.1531674 ], v=[ 5.1348265   4.81038035 -1.45280812]
  RK45_ECI: r=[-6207.65905461 -4543.1299869   -861.40125561], v=[ 1.16057681 -2.7847756   6.50976554]
Epoch 1807, t=2460388.5103917043:
  TLE_ECI: r=[ 3384.74931714 -1225.54823879  6823.89287464], v=[ 5.04667255  4.84650666 -1.63091704]
  RK45_ECI: r=[-6197.83583858 -4564.09453414  -819.05957536], v=[ 1.19655721 -2.75877511  6.5144578 ]
Epoch 1808, t=2460388.5104669677:
  TLE_ECI: r=[ 3535.3236405  -1078.02612908  6772.30811323], v=[ 4.95455432  4.87877693 -1.80776083]
  RK45_ECI: r=[-6187.76895176 -4584.88491675  -776.68817453], v=[ 1.23247157 -2.73263958  6.5189136 ]
Epoch 1809, t=2460388.510542231:
  TLE_ECI: r=[3683.00569077 -929.52333692 6715.43889943], v=[ 4.85854639  4.90716212 -1.98320223]
  RK45_ECI: r=[-6177.4588857  -4605.50020873  -734.28839211], v=[ 1.26831862 -2.70636985  6.52313277]
Epoch 1810, t=2460388.5106174946:
  TLE_ECI: r=[3827.67949672 -780.15820602 6653.32935153], v=[ 4.75872637  4.93163621 -2.15710504]
  RK45_ECI: r=[-6166.90624353 -4625.93926028  -691.86216532], v=[ 1.3040966  -2.67996718  6.52711511]
Epoch 1811, t=2460388.510692758:
  TLE_ECI: r=[3969.23151629 -630.049869   6586.02765759], v=[ 4.65517483  4.95217625 -2.32933416]
  RK45_ECI: r=[-6156.1115241  -4646.20117779  -649.41083552], v=[ 1.33980425 -2.65343243  6.53086046]
Epoch 1812, t=2460388.510768021:
  TLE_ECI: r=[4107.55072359 -479.31816605 6513.58604012], v=[ 4.54797528  4.96876236 -2.49975572]
  RK45_ECI: r=[-6145.07528711 -4666.28497329  -606.93594399], v=[ 1.37544015 -2.62676662  6.53436869]
Epoch 1813, t=2460388.5108432844:
  TLE_ECI: r=[4242.52870163 -328.08350378 6436.06071779], v=[ 4.437214    4.98137779 -2.6682372 ]
  RK45_ECI: r=[-6133.79806129 -4686.18971925  -564.4390331 ], v=[ 1.41100288 -2.59997077  6.53763963]
Epoch 1814, t=2460388.510918548:
  TLE_ECI: r=[4374.05971735 -176.46683087 6353.51186406], v=[ 4.32298012  4.99000888 -2.83464747]
  RK45_ECI: r=[-6122.28038159 -4705.91451982  -521.92144642], v=[ 1.44649119 -2.57304575  6.54067317]
Epoch 1815, t=2460388.5109938113:
  TLE_ECI: r=[4502.04081132  -24.58949645 6266.00356293], v=[ 4.20536548  4.99464513 -2.99885696]
  RK45_ECI: r=[-6110.52291047 -4725.45826752  -479.38512716], v=[ 1.48190333 -2.54599286  6.54346916]
Epoch 1816, t=2460388.5110690747:
  TLE_ECI: r=[4626.37187668  127.42683422 6173.60376161], v=[ 4.08446457  4.99527918 -3.16073772]
  RK45_ECI: r=[-6098.52614344 -4744.82017601  -436.83122093], v=[ 1.51723821 -2.51881288  6.54602748]
Epoch 1817, t=2460388.5111443377:
  TLE_ECI: r=[4746.95573864  279.46026204 6076.38422031], v=[ 3.96037446  4.99190684 -3.3201635 ]
  RK45_ECI: r=[-6086.29082786 -4763.99906129  -394.26187266], v=[ 1.55249394 -2.49150723  6.54834801]
Epoch 1818, t=2460388.511219601:
  TLE_ECI: r=[4863.69822817  431.38880581 5974.42045903], v=[ 3.83319471  4.98452712 -3.47700989]
  RK45_ECI: r=[-6073.81740104 -4782.99426121  -351.67802949], v=[ 1.5876696  -2.46407656  6.55043066]
Epoch 1819, t=2460388.5112948646:
  TLE_ECI: r=[4976.50825983  583.09041694 5867.79170149], v=[ 3.70302736  4.97314219 -3.6311544 ]
  RK45_ECI: r=[-6061.10648734 -4801.80483403  -309.08123821], v=[ 1.62276379 -2.43652195  6.55227533]
Epoch 1820, t=2460388.511370128:
  TLE_ECI: r=[5085.29790192  734.44313107 5756.58081613], v=[ 3.56997678  4.95775743 -3.78247655]
  RK45_ECI: r=[-6048.15880797 -4820.42971599  -266.47344634], v=[ 1.65777477 -2.40884469  6.55388192]
Epoch 1821, t=2460388.511445391:
  TLE_ECI: r=[5189.98244905  885.32513669 5640.87425424], v=[ 3.43414966  4.93838138 -3.93085798]
  RK45_ECI: r=[-6034.9750131  -4838.86798492  -223.85620218], v=[ 1.69270116 -2.38104588  6.55525035]
Epoch 1822, t=2460388.5115206544:
  TLE_ECI: r=[5290.48047946 1035.61493318 5520.76198527], v=[ 3.29565484  4.91502584 -4.0761825 ]
  RK45_ECI: r=[-6021.55556161 -4857.11899463  -181.23045434], v=[ 1.72754204 -2.35312617  6.55638057]
Epoch 1823, t=2460388.511595918:
  TLE_ECI: r=[5386.71393412 1185.19133797 5396.33742934], v=[ 3.15460333  4.88770575 -4.21833627]
  RK45_ECI: r=[-6007.90127432 -4875.18161698  -138.59835209], v=[ 1.76229555 -2.32508706  6.55727248]
Epoch 1824, t=2460388.5116711813:
  TLE_ECI: r=[5478.60816984 1333.93364378 5267.69738689], v=[ 3.01110816  4.85643929 -4.35720778]
  RK45_ECI: r=[-5994.01270597 -4893.05510962   -95.96104478], v=[ 1.79696062 -2.29692936  6.55792604]
Epoch 1825, t=2460388.5117464447:
  TLE_ECI: r=[5566.09202115 1481.72170128 5134.94196573], v=[ 2.86528433  4.82124778 -4.49268805]
  RK45_ECI: r=[-5979.89063576 -4910.73845384   -53.32048258], v=[ 1.83153554 -2.26865443  6.5583412 ]
Epoch 1826, t=2460388.5118217077:
  TLE_ECI: r=[5649.09786197 1628.43599974 4998.17450525], v=[ 2.7172487   4.78215575 -4.62467064]
  RK45_ECI: r=[-5965.53576119 -4928.23076465   -10.67821567], v=[ 1.86601894 -2.24026336  6.55851792]
Epoch 1827, t=2460388.511896971:
  TLE_ECI: r=[5727.56164133 1773.95782958 4857.50149805], v=[ 2.56711988  4.73919091 -4.75305177]
  RK45_ECI: r=[-5950.94857191 -4945.53141943    31.96480588], v=[ 1.90040993 -2.21175688  6.55845616]
Epoch 1828, t=2460388.5119722346:
  TLE_ECI: r=[5801.42296219 1918.16928061 4713.03250895], v=[ 2.41501818  4.69238409 -4.87773041]
  RK45_ECI: r=[-5936.12995178 -4962.63934041    74.60643103], v=[ 1.93470666 -2.18313649  6.5581559 ]
Epoch 1829, t=2460388.512047498:
  TLE_ECI: r=[5870.62511232 2060.95340352 4564.88009134], v=[ 2.26106551  4.64176927 -4.99860837]
  RK45_ECI: r=[-5921.08049167 -4979.55381413   117.24550928], v=[ 1.96890808 -2.15440304  6.55761711]
Epoch 1830, t=2460388.5121227615:
  TLE_ECI: r=[5935.11511442 2202.19428915 4413.15970117], v=[ 2.10538527  4.58738356 -5.11559034]
  RK45_ECI: r=[-5905.80102786 -4996.2738683    159.88008949], v=[ 2.00301253 -2.12555792  6.55683979]
Epoch 1831, t=2460388.5121980244:
  TLE_ECI: r=[5994.84377589 2341.77714594 4257.98960834], v=[ 1.94810227  4.52926714 -5.22858402]
  RK45_ECI: r=[-5890.29230456 -5012.79865601   202.50862089], v=[ 2.03701864 -2.09660227  6.55582395]
Epoch 1832, t=2460388.512273288:
  TLE_ECI: r=[6049.7657016  2479.58846431 4099.49080577], v=[ 1.78934256  4.46746329 -5.33750019]
  RK45_ECI: r=[-5874.55484145 -5029.12757927   245.13015274], v=[ 2.07092554 -2.06753682  6.55456957]
Epoch 1833, t=2460388.5123485513:
  TLE_ECI: r=[6099.83937076 2615.51600525 3937.78691605], v=[ 1.62923346  4.40201832 -5.44225277]
  RK45_ECI: r=[-5858.58958445 -5045.25961195   287.74253405], v=[ 2.10473142 -2.03836311  6.55307669]
Epoch 1834, t=2460388.5124238147:
  TLE_ECI: r=[6145.02714425 2749.44896316 3773.0040959 ], v=[ 1.46790335  4.33298155 -5.5427589 ]
  RK45_ECI: r=[-5842.39715968 -5061.19407063   330.34461416], v=[ 2.13843525 -2.00908203  6.55134532]
Epoch 1835, t=2460388.512499078:
  TLE_ECI: r=[6185.29530207 2881.27803936 3605.27093831], v=[ 1.3054816   4.26040528 -5.63893902]
  RK45_ECI: r=[-5825.97845972 -5076.93003039   372.93444265], v=[ 2.17203539 -1.97969499  6.54937549]
Epoch 1836, t=2460388.512574341:
  TLE_ECI: r=[6220.61407925 3010.89551538 3434.71837265], v=[ 1.1420985   4.18434476 -5.73071693]
  RK45_ECI: r=[-5809.33427441 -5092.46668368   415.51046948], v=[ 2.20553051 -1.95020317  6.54716727]
Epoch 1837, t=2460388.5126496046:
  TLE_ECI: r=[6250.95765531 3138.19541502 3261.4795627 ], v=[ 0.97788506  4.10485814 -5.81801987]
  RK45_ECI: r=[-5792.46515282 -5107.80345789   458.07174402], v=[ 2.23891975 -1.92060731  6.54472066]
Epoch 1838, t=2460388.512724868:
  TLE_ECI: r=[6276.30422701 3263.07348389 3085.68980254], v=[ 0.81297301  4.02200643 -5.90077859]
  RK45_ECI: r=[-5775.37210146 -5122.93938015   500.61611727], v=[ 2.27220134 -1.89090899  6.54203575]
Epoch 1839, t=2460388.5128001315:
  TLE_ECI: r=[6296.63599224 3385.42734847 2907.48641077], v=[ 0.64749464  3.93585347 -5.97892738]
  RK45_ECI: r=[-5758.05578163 -5137.87379713   543.14243938], v=[ 2.30537428 -1.86110912  6.53911258]
Epoch 1840, t=2460388.5128753944:
  TLE_ECI: r=[6311.93918256 3505.15656633 2727.00862267], v=[ 0.4815827   3.84646585 -6.05240415]
  RK45_ECI: r=[-5740.51722684 -5152.60576052   585.64856295], v=[ 2.33843679 -1.83120929  6.53595128]
Epoch 1841, t=2460388.512950658:
  TLE_ECI: r=[6322.20403403 3622.16278337 2544.39748093], v=[ 0.31537025  3.75391289 -6.12115051]
  RK45_ECI: r=[-5722.7570123  -5167.13472112   628.13353835], v=[ 2.37138804 -1.80121027  6.53255189]
Epoch 1842, t=2460388.5130259213:
  TLE_ECI: r=[6327.42485532 3736.3497062  2359.79572431], v=[ 0.14899062  3.6582666  -6.18511178]
  RK45_ECI: r=[-5704.77597523 -5181.45991415   670.59581763], v=[ 2.40422675 -1.77111325  6.52891448]
Epoch 1843, t=2460388.5131011847:
  TLE_ECI: r=[6327.59999204 3847.62325694 2173.34767518], v=[-0.01742274  3.55960156 -6.24423707]
  RK45_ECI: r=[-5686.57509525 -5195.58049361   713.03345516], v=[ 2.43695131 -1.7409197   6.52503921]
Epoch 1844, t=2460388.513176448:
  TLE_ECI: r=[6322.73183759 3955.89163425 1985.19912533], v=[-0.18373638  3.45799493 -6.2984793 ]
  RK45_ECI: r=[-5668.15506722 -5209.49583787   755.44530295], v=[ 2.46956076 -1.71063055  6.52092614]
Epoch 1845, t=2460388.513251711:
  TLE_ECI: r=[6312.82684265 4061.0653724  1795.49722052], v=[-0.34981694  3.35352636 -6.34779528]
  RK45_ECI: r=[-5649.51698377 -5223.20505316   797.82921846], v=[ 2.50205335 -1.68024741  6.51657545]
Epoch 1846, t=2460388.5133269746:
  TLE_ECI: r=[6297.89546197 4163.05749103 1604.39034385], v=[-0.51553129  3.24627793 -6.39214571]
  RK45_ECI: r=[-5630.66144807 -5236.70761693   840.18425383], v=[ 2.53442829 -1.64977108  6.51198721]
Epoch 1847, t=2460388.513402238:
  TLE_ECI: r=[6277.95221561 4261.78345787 1412.02799777], v=[-0.68074662  3.13633407 -6.43149527]
  RK45_ECI: r=[-5611.58934082 -5250.0028057    882.50886478], v=[ 2.5666843  -1.61920277  6.50716157]
Epoch 1848, t=2460388.5134775015:
  TLE_ECI: r=[6253.01562956 4357.1613346  1218.56068526], v=[-0.84533055  3.02378152 -6.46581258]
  RK45_ECI: r=[-5592.30169462 -5263.08982396   924.80111104], v=[ 2.59881983 -1.58854397  6.5020987 ]
Epoch 1849, t=2460388.513552765:
  TLE_ECI: r=[6223.10823121 4449.11182795 1024.13979   ], v=[-1.00915127  2.90870923 -6.49507029]
  RK45_ECI: r=[-5572.79923725 -5275.96808217   967.05984762], v=[ 2.63083393 -1.55779562  6.49679873]
Epoch 1850, t=2460388.513628028:
  TLE_ECI: r=[6188.25654318 4537.55833904  828.91745566], v=[-1.1720776   2.79120831 -6.51924508]
  RK45_ECI: r=[-5553.08311895 -5288.63674233  1009.28293884], v=[ 2.6627249  -1.52695938  6.4912619 ]
Epoch 1851, t=2460388.5137032913:
  TLE_ECI: r=[6148.49100736 4622.42710149  633.04646465], v=[-1.33397918  2.67137194 -6.5383177 ]
  RK45_ECI: r=[-5533.15397005 -5301.09530912  1051.46943964], v=[ 2.69449196 -1.49603604  6.4854883 ]
Epoch 1852, t=2460388.5137785547:
  TLE_ECI: r=[6103.84603781 4703.64713493  436.68011599], v=[-1.4947265   2.54929529 -6.55227296]
  RK45_ECI: r=[-5513.01271372 -5313.34310114  1093.61781091], v=[ 2.72613386 -1.46502684  6.47947812]
Epoch 1853, t=2460388.513853818:
  TLE_ECI: r=[6054.35993876 4781.1503785   239.97210296], v=[-1.65419108  2.42507546 -6.56109974]
  RK45_ECI: r=[-5492.66043436 -5325.37937416  1135.72611962], v=[ 2.75764909 -1.4339333   6.47323161]
Epoch 1854, t=2460388.5139290816:
  TLE_ECI: r=[6000.07488455 4854.87173088   43.07639026], v=[-1.81224551  2.29881138 -6.56479107]
  RK45_ECI: r=[-5472.09789184 -5337.20357136  1177.79322497], v=[ 2.78903671 -1.40275636  6.46674892]
Epoch 1855, t=2460388.5140043446:
  TLE_ECI: r=[5941.03689785 4924.74908851 -153.85290911], v=[-1.96876361  2.17060374 -6.56334403]
  RK45_ECI: r=[-5451.32629255 -5348.81491161  1219.81700025], v=[ 2.82029506 -1.37149771  6.46003036]
Epoch 1856, t=2460388.514079608:
  TLE_ECI: r=[5877.29575274 4990.72346835 -350.66165691], v=[-2.12362055  2.04055487 -6.55675985]
  RK45_ECI: r=[-5430.3462935  -5360.21292709  1261.79650418], v=[ 2.85142338 -1.34015815  6.45307605]
Epoch 1857, t=2460388.5141548715:
  TLE_ECI: r=[5808.90501799 5052.73895345 -547.19581311], v=[-2.27669288  1.90876871 -6.54504385]
  RK45_ECI: r=[-5409.15885929 -5371.3969792   1303.73020437], v=[ 2.88242046 -1.30873895  6.44588624]
Epoch 1858, t=2460388.514230135:
  TLE_ECI: r=[5735.92195395 5110.74281094 -743.30155886], v=[-2.42785871  1.77535068 -6.52820545]
  RK45_ECI: r=[-5387.76512486 -5382.36637601  1345.61617696], v=[ 2.91328479 -1.27724163  6.43846122]
Epoch 1859, t=2460388.514305398:
  TLE_ECI: r=[5658.407493   5164.68550301 -938.8254195 ], v=[-2.57699777  1.64040759 -6.50625816]
  RK45_ECI: r=[-5366.16598704 -5393.12054019  1387.45309029], v=[ 2.94401533 -1.24566732  6.43080123]
Epoch 1860, t=2460388.5143806613:
  TLE_ECI: r=[ 5576.42612696  5214.52079588 -1133.61438703], v=[-2.72399154  1.50404758 -6.47921959]
  RK45_ECI: r=[-5344.36239034 -5403.65890946  1429.23941738], v=[ 2.97461088 -1.21401727  6.42290651]
Epoch 1861, t=2460388.5144559247:
  TLE_ECI: r=[ 5490.04594241  5260.20569916 -1327.5160424 ], v=[-2.86872334  1.36637998 -6.44711138]
  RK45_ECI: r=[-5322.35524295 -5413.98091895  1470.9738288 ], v=[ 3.0050704  -1.1822926   6.41477731]
Epoch 1862, t=2460388.514531188:
  TLE_ECI: r=[ 5399.33850249  5301.70056969 -1520.378677  ], v=[-3.0110784   1.22751528 -6.40995924]
  RK45_ECI: r=[-5300.14571948 -5424.08591907  1512.65440937], v=[ 3.03539242 -1.15049487  6.40641397]
Epoch 1863, t=2460388.5146064516:
  TLE_ECI: r=[ 5304.37880091  5338.96912864 -1712.05141359], v=[-3.150944    1.08756496 -6.36779288]
  RK45_ECI: r=[-5277.73472925 -5433.97337911  1554.27983353], v=[ 3.0655759  -1.11862521  6.39781676]
Epoch 1864, t=2460388.5146817146:
  TLE_ECI: r=[ 5205.24521366  5371.9784775  -1902.38432647], v=[-3.28820951  0.94664148 -6.32064602]
  RK45_ECI: r=[-5255.12329609 -5443.6427248   1595.84858167], v=[ 3.09561967 -1.0866849   6.38898596]
Epoch 1865, t=2460388.514756978:
  TLE_ECI: r=[ 5102.01936996  5400.69918714 -2091.2285605 ], v=[-3.42276656  0.80485809 -6.26855632]
  RK45_ECI: r=[-5232.31240417 -5453.0934367   1637.35913602], v=[ 3.12552256 -1.05467521  6.37992189]
Epoch 1866, t=2460388.5148322415:
  TLE_ECI: r=[ 4994.78617647  5425.10523131 -2278.43644964], v=[-3.55450904  0.66232881 -6.21156537]
  RK45_ECI: r=[-5209.30299662 -5462.32498939  1678.81017536], v=[ 3.15528354 -1.02259729  6.37062481]
Epoch 1867, t=2460388.514907505:
  TLE_ECI: r=[ 4883.63368336  5445.17407007 -2463.8616338 ], v=[-3.68333324  0.5191683  -6.14971865]
  RK45_ECI: r=[-5186.09629677 -5471.33678682  1720.19979696], v=[ 3.18490118 -0.9904527   6.36109514]
Epoch 1868, t=2460388.5149827683:
  TLE_ECI: r=[ 4768.653025    5460.88665411 -2647.35917485], v=[-3.80913792  0.37549176 -6.08306546]
  RK45_ECI: r=[-5162.69324856 -5480.12833756  1761.52668405], v=[ 3.21437446 -0.95824261  6.35133316]
Epoch 1869, t=2460388.5150580313:
  TLE_ECI: r=[ 4649.93835908  5472.22742742 -2828.78567116], v=[-3.93182439  0.23141486 -6.01165892]
  RK45_ECI: r=[-5139.094915   -5488.69911188  1802.78932739], v=[ 3.24370223 -0.9259683   6.34133921]
Epoch 1870, t=2460388.5151332947:
  TLE_ECI: r=[ 4527.58672322  5479.18439554 -3007.99937064], v=[-4.05129659  0.08705359 -5.93555588]
  RK45_ECI: r=[-5115.30231867 -5497.04863425  1843.98621984], v=[ 3.27288335 -0.89363108  6.33111364]
Epoch 1871, t=2460388.515208558:
  TLE_ECI: r=[ 4401.69804959  5481.74905299 -3184.8602826 ], v=[-4.16746116 -0.0574758  -5.8548169 ]
  RK45_ECI: r=[-5091.31643736 -5505.17641887  1885.11604956], v=[ 3.30191682 -0.8612321   6.32065676]
Epoch 1872, t=2460388.5152838216:
  TLE_ECI: r=[ 4272.37501652  5479.91644671 -3359.23028757], v=[-4.28022752 -0.20205689 -5.76950618]
  RK45_ECI: r=[-5067.13854159 -5513.08192449  1926.17692804], v=[ 3.33080123 -0.82877297  6.30996903]
Epoch 1873, t=2460388.515359085:
  TLE_ECI: r=[ 4139.72297887  5473.68516627 -3530.97324572], v=[-4.38950794 -0.34657319 -5.67969147]
  RK45_ECI: r=[-5042.7695065  -5520.7647239   1967.16774066], v=[ 3.35953573 -0.7962547   6.29905071]
Epoch 1874, t=2460388.515434348:
  TLE_ECI: r=[ 4003.84989593  5463.05733366 -3699.95510336], v=[-4.4952176  -0.49090827 -5.58544409]
  RK45_ECI: r=[-5018.2107411  -5528.22425965  2008.0864132 ], v=[ 3.38811879 -0.76367906  6.28790236]
Epoch 1875, t=2460388.5155096115:
  TLE_ECI: r=[ 3864.86617697  5448.03864967 -3866.04399748], v=[-4.59727465 -0.63494585 -5.48683877]
  RK45_ECI: r=[-4993.46299787 -5535.46017365  2048.93202718], v=[ 3.41654971 -0.73104691  6.27652419]
Epoch 1876, t=2460388.515584875:
  TLE_ECI: r=[ 3722.88468591  5428.63831739 -4029.11035865], v=[-4.69560029 -0.77856985 -5.38395365]
  RK45_ECI: r=[-4968.52739044 -5542.47199657  2089.70308906], v=[ 3.44482737 -0.69835959  6.2649166 ]
Epoch 1877, t=2460388.5156601383:
  TLE_ECI: r=[ 3578.02058333  5404.86908345 -4189.02701152], v=[-4.7901188  -0.92166452 -5.2768702 ]
  RK45_ECI: r=[-4943.40523561 -5549.25924242  2130.39772614], v=[ 3.47295041 -0.66561872  6.2530801 ]
Epoch 1878, t=2460388.5157354013:
  TLE_ECI: r=[ 3430.39126287  5376.74720553 -4345.66927342], v=[-4.88075763 -1.06411453 -5.16567313]
  RK45_ECI: r=[-4918.09766702 -5555.82146659  2171.01445225], v=[ 3.50091773 -0.63282564  6.24101511]
Epoch 1879, t=2460388.5158106647:
  TLE_ECI: r=[ 3280.11619128  5344.29248016 -4498.9150506 ], v=[-4.96744742 -1.20580511 -5.0504503 ]
  RK45_ECI: r=[-4892.60545368 -5562.15833195  2211.55235409], v=[ 3.52872864 -0.59998123  6.22872187]
Epoch 1880, t=2460388.515885928:
  TLE_ECI: r=[ 3127.31690457  5307.52816508 -4648.64493248], v=[-5.05012204 -1.34662205 -4.93129272]
  RK45_ECI: r=[-4866.93006157 -5568.26935143  2252.00937849], v=[ 3.55638167 -0.56708728  6.21620099]
Epoch 1881, t=2460388.5159611916:
  TLE_ECI: r=[ 2972.11684524  5266.48100201 -4794.74228337], v=[-5.1287187  -1.48645184 -4.80829437]
  RK45_ECI: r=[-4841.07241112 -5574.15415505  2292.38442615], v=[ 3.583876   -0.53414484  6.20345278]
Epoch 1882, t=2460388.516036455:
  TLE_ECI: r=[ 2814.64127663  5221.18118487 -4937.09333182], v=[-5.20317792 -1.62518179 -4.68155219]
  RK45_ECI: r=[-4815.03386385 -5579.81231306  2332.67564186], v=[ 3.6112103  -0.50115555  6.19047779]
Epoch 1883, t=2460388.516111718:
  TLE_ECI: r=[ 2655.0171959   5171.66232758 -5075.58725765], v=[-5.27344359 -1.76270004 -4.55116599]
  RK45_ECI: r=[-4788.81558946 -5585.24342752  2372.88155356], v=[ 3.63838352 -0.46812077  6.17727649]
Epoch 1884, t=2460388.5161869815:
  TLE_ECI: r=[ 2493.37316951  5117.96146894 -5210.11627626], v=[-5.33946303 -1.89889579 -4.41723834]
  RK45_ECI: r=[-4762.41837979 -5590.44719206  2413.00125636], v=[ 3.66539498 -0.43504139  6.16384915]
Epoch 1885, t=2460388.516262245:
  TLE_ECI: r=[ 2329.83932059  5060.11899448 -5340.57572075], v=[-5.40118701 -2.03365921 -4.27987449]
  RK45_ECI: r=[-4735.84374929 -5595.4231814   2453.03271741], v=[ 3.69224327 -0.40191923  6.15019641]
Epoch 1886, t=2460388.5163375083:
  TLE_ECI: r=[ 2164.54716178  4998.17863707 -5466.8641211 ], v=[-5.45856976 -2.16688165 -4.1391823 ]
  RK45_ECI: r=[-4709.09264507 -5600.17106243  2492.97484822], v=[ 3.71892759 -0.36875535  6.13631862]
Epoch 1887, t=2460388.516412772:
  TLE_ECI: r=[ 1997.62950466  4932.18743351 -5588.88328085], v=[-5.51156903 -2.29845568 -3.99527214]
  RK45_ECI: r=[-4682.16647194 -5604.69046227  2532.82581264], v=[ 3.74544666 -0.33555141  6.1222164 ]
Epoch 1888, t=2460388.5164880347:
  TLE_ECI: r=[ 1829.22036693  4862.19568173 -5706.53835118], v=[-5.56014609 -2.42827517 -3.84825679]
  RK45_ECI: r=[-4655.06643438 -5608.98103031  2572.58415397], v=[ 3.77179947 -0.3023088   6.10789024]
Epoch 1889, t=2460388.516563298:
  TLE_ECI: r=[ 1659.45480706  4788.25692291 -5819.73790197], v=[-5.60426576 -2.55623543 -3.69825139]
  RK45_ECI: r=[-4627.79334632 -5613.04249131  2612.24897651], v=[ 3.79798537 -0.2690284   6.09334043]
Epoch 1890, t=2460388.5166385616:
  TLE_ECI: r=[ 1488.46890259  4710.427865   -5928.39399056], v=[-5.64389644 -2.6822332  -3.54537329]
  RK45_ECI: r=[-4600.34876856 -5616.87448284  2651.81826955], v=[ 3.82400299 -0.23571206  6.07856767]
Epoch 1891, t=2460388.516713825:
  TLE_ECI: r=[ 1316.39958332  4628.76836096 -6032.42222731], v=[-5.6790101  -2.80616677 -3.38974199]
  RK45_ECI: r=[-4572.73367407 -5620.47670892  2691.29095627], v=[ 3.84985157 -0.20236086  6.06357236]
Epoch 1892, t=2460388.516789088:
  TLE_ECI: r=[ 1143.38455009  4543.34135206 -6131.74183855], v=[-5.70958233 -2.92793605 -3.23147903]
  RK45_ECI: r=[-4544.94964404 -5623.84883578  2730.66503671], v=[ 3.87552976 -0.16897662  6.0483552 ]
Epoch 1893, t=2460388.5168643515:
  TLE_ECI: r=[  969.5621117   4454.21283233 -6226.27572648], v=[-5.73559229 -3.04744272 -3.07070793]
  RK45_ECI: r=[-4516.99751196 -5626.99061626  2769.93962445], v=[ 3.90103694 -0.13556027  6.03291654]
Epoch 1894, t=2460388.516939615:
  TLE_ECI: r=[  795.07115552  4361.45177471 -6315.95052655], v=[-5.75702279 -3.16459018 -2.90755403]
  RK45_ECI: r=[-4488.87851711 -5629.90175121  2809.11328012], v=[ 3.92637214 -0.10211319  6.01725689]
Epoch 1895, t=2460388.5170148783:
  TLE_ECI: r=[  620.05098383  4265.1300919  -6400.69666153], v=[-5.77386024 -3.27928369 -2.74214448]
  RK45_ECI: r=[-4460.59413013 -5632.58196012  2848.18420149], v=[ 3.95153416 -0.06863707  6.00137695]
Epoch 1896, t=2460388.517090142:
  TLE_ECI: r=[  444.6412172   4165.32257602 -6480.44839294], v=[-5.7860947  -3.39143043 -2.57460803]
  RK45_ECI: r=[-4432.14534868 -5635.03098461  2887.15132442], v=[ 3.97652227 -0.03513301  5.98527713]
Epoch 1897, t=2460388.5171654047:
  TLE_ECI: r=[  268.98169638  4062.10683924 -6555.14386943], v=[-5.79371984 -3.50093957 -2.40507505]
  RK45_ECI: r=[-4403.53379777 -5637.24855454  2926.01267372], v=[ 4.00133518e+00 -1.60284583e-03  5.96895822e+00]
Epoch 1898, t=2460388.517240668:
  TLE_ECI: r=[   93.21232427  3955.56325691 -6624.72517209], v=[-5.79673291 -3.60772239 -2.23367734]
  RK45_ECI: r=[-4374.7603308  -5639.23445483  2964.7673737 ], v=[4.02597231 0.0319525  5.95242056]
Epoch 1899, t=2460388.5173159316:
  TLE_ECI: r=[  -82.52697121  3845.77489828 -6689.1383571 ], v=[-5.79513483 -3.71169222 -2.06054809]
  RK45_ECI: r=[-4345.82621898 -5640.98843459  3003.41400302], v=[4.05043271 0.06553161 5.93566472]
Epoch 1900, t=2460388.517391195:
  TLE_ECI: r=[ -258.09639555  3732.82746665 -6748.33349507], v=[-5.78893011 -3.81276462 -1.88582172]
  RK45_ECI: r=[-4316.73297174 -5642.5102718   3041.95078283], v=[4.07471523 0.09913281 5.91869145]
Epoch 1901, t=2460388.5174664585:
  TLE_ECI: r=[ -433.35638474  3616.80923133 -6802.26470752], v=[-5.77812684 -3.9108574  -1.70963385]
  RK45_ECI: r=[-4287.48161    -5643.79974616  3080.3766627 ], v=[4.09881921 0.13275498 5.90150119]
Epoch 1902, t=2460388.5175417215:
  TLE_ECI: r=[ -608.16770361  3497.81096077 -6850.89020039], v=[-5.76273672 -4.00589065 -1.53212116]
  RK45_ECI: r=[-4258.07380078 -5644.85665154  3118.68969406], v=[4.12274338 0.16639628 5.88409479]
Epoch 1903, t=2460388.517616985:
  TLE_ECI: r=[ -782.39159616  3375.92584567 -6894.17229434], v=[-5.74277499 -4.0977869  -1.35342128]
  RK45_ECI: r=[-4228.51041655 -5645.68080503  3156.88901281], v=[4.14648719 0.20005578 5.86647262]
Epoch 1904, t=2460388.5176922483:
  TLE_ECI: r=[ -955.88983054  3251.24943565 -6932.07745232], v=[-5.71826047 -4.18647104 -1.17367271]
  RK45_ECI: r=[-4198.79275858 -5646.27200466  3194.97321706], v=[4.17004976 0.23373206 5.84863529]
Epoch 1905, t=2460388.517767512:
  TLE_ECI: r=[-1128.5248488   3123.8795598  -6964.57630383], v=[-5.6892155  -4.27187048 -0.99301471]
  RK45_ECI: r=[-4168.92237334 -5646.63008716  3232.94055306], v=[4.19342998 0.26742342 5.83058361]
Epoch 1906, t=2460388.517842775:
  TLE_ECI: r=[-1300.15986279  2993.91625223 -6991.64366629], v=[-5.65566594 -4.35391516 -0.8115872 ]
  RK45_ECI: r=[-4138.90030418 -5646.75487035  3270.78998513], v=[4.2166272  0.30112876 5.81231805]
Epoch 1907, t=2460388.517918038:
  TLE_ECI: r=[-1470.65895211  2861.46167895 -7013.25856329], v=[-5.61764114 -4.4325376  -0.62953067]
  RK45_ECI: r=[-4108.72825774 -5646.64621274  3308.51959327], v=[4.23964023 0.33484623 5.79383951]
Epoch 1908, t=2460388.5179933016:
  TLE_ECI: r=[-1639.88720311  2726.62004241 -7029.40423978], v=[-5.57517388 -4.507673   -0.44698605]
  RK45_ECI: r=[-4078.40712475 -5646.30396362  3346.12852588], v=[4.26246855 0.36857488 5.77514839]
Epoch 1909, t=2460388.518068565:
  TLE_ECI: r=[-1807.71076187  2589.49752505 -7040.06817434], v=[-5.52830042 -4.57925921 -0.26409463]
  RK45_ECI: r=[-4047.93823508 -5645.72797017  3383.61540196], v=[4.2851113  0.4023133  5.75624537]
Epoch 1910, t=2460388.5181438285:
  TLE_ECI: r=[-1973.99697245  2450.20219181 -7045.2420882 ], v=[-5.4770604  -4.64723684 -0.08099795]
  RK45_ECI: r=[-4017.32317058 -5644.91812807  3420.97849461], v=[4.30756743 0.43605979 5.73713128]
Epoch 1911, t=2460388.5182190915:
  TLE_ECI: r=[-2138.61446391  2308.84391662 -7044.92195133], v=[-5.42149686 -4.71154926  0.10216228]
  RK45_ECI: r=[-3986.56314422 -5643.87429627  3458.21660956], v=[4.32983623 0.46981308 5.71780673]
Epoch 1912, t=2460388.518294355:
  TLE_ECI: r=[-2301.43327939  2165.53427317 -7039.1079854 ], v=[-5.36165613 -4.77214272  0.28524433]
  RK45_ECI: r=[-3955.65945466 -5642.59639007  3495.32838067], v=[4.35191685 0.5035718  5.69827242]
Epoch 1913, t=2460388.5183696183:
  TLE_ECI: r=[-2462.32493449  2020.38648473 -7027.80466373], v=[-5.29758788 -4.82896629  0.4681065 ]
  RK45_ECI: r=[-3924.61345588 -5641.08429904  3532.31244643], v=[4.37380849 0.53733451 5.67852904]
Epoch 1914, t=2460388.518444882:
  TLE_ECI: r=[-2621.1625451   1873.51531315 -7011.02070817], v=[-5.22934504 -4.88197198  0.65060726]
  RK45_ECI: r=[-3893.42635629 -5639.33791702  3569.16762261], v=[4.39551045 0.57109997 5.65857721]
Epoch 1915, t=2460388.518520145:
  TLE_ECI: r=[-2777.82091815  1725.03697594 -6988.76908284], v=[-5.15698377 -4.93111472  0.83260534]
  RK45_ECI: r=[-3862.09977137 -5637.3571989   3605.89221091], v=[4.4170217  0.60486646 5.63841783]
Epoch 1916, t=2460388.518595408:
  TLE_ECI: r=[-2932.17664381  1575.06906504 -6961.06698492], v=[-5.08056341 -4.97635244  1.01395981]
  RK45_ECI: r=[-3830.63493738 -5635.14204778  3642.48503709], v=[4.43834157 0.63863273 5.61805155]
Epoch 1917, t=2460388.5186706716:
  TLE_ECI: r=[-3084.10820984  1423.73042199 -6927.93583228], v=[-5.00014642 -5.01764613  1.19453022]
  RK45_ECI: r=[-3799.03317954 -5632.69242689  3678.94475823], v=[4.45946926 0.67239738 5.59747909]
Epoch 1918, t=2460388.518745935:
  TLE_ECI: r=[-3233.4960667   1271.1410958  -6889.40124817], v=[-4.91579836 -5.05495978  1.37417668]
  RK45_ECI: r=[-3767.295741   -5630.00825379  3715.27020655], v=[4.48040409 0.70615914 5.5767011 ]
Epoch 1919, t=2460388.5188211985:
  TLE_ECI: r=[-3380.22273979  1117.42221715 -6845.4930427 ], v=[-4.82758785 -5.08826048  1.55275996]
  RK45_ECI: r=[-3735.42426306 -5627.08953079  3751.45970787], v=[4.50114509 0.73991631 5.55571854]
Epoch 1920, t=2460388.518896462:
  TLE_ECI: r=[-3524.17291556   962.69591247 -6796.24519144], v=[-4.73558649 -5.11751845  1.7301416 ]
  RK45_ECI: r=[-3703.41998332 -5623.93620728  3787.51210476], v=[4.52169159 0.77366763 5.53453205]
Epoch 1921, t=2460388.518971725:
  TLE_ECI: r=[-3665.23352865   807.08521944 -6741.69581082], v=[-4.63986885 -5.14270704  1.90618401]
  RK45_ECI: r=[-3671.2842965  -5620.54825251  3823.42607399], v=[4.54204284 0.80741166 5.51314241]
Epoch 1922, t=2460388.5190469883:
  TLE_ECI: r=[-3803.2938596    650.71394925 -6681.88713057], v=[-4.54051232 -5.16380278  2.08075057]
  RK45_ECI: r=[-3639.01855318 -5616.92567774  3859.20029721], v=[4.56219809 0.84114703 5.4915504 ]
Epoch 1923, t=2460388.519122252:
  TLE_ECI: r=[-3938.24560547   493.70665275 -6616.86546315], v=[-4.4375972  -5.18078538  2.25370573]
  RK45_ECI: r=[-3606.6240183  -5613.06844491  3894.83362819], v=[4.58215667 0.87487246 5.46975669]
Epoch 1924, t=2460388.519197515:
  TLE_ECI: r=[-4069.98297504   336.18848159 -6546.68117008], v=[-4.33120651 -5.19363778  2.42491511]
  RK45_ECI: r=[-3574.10236392 -5608.97661583  3930.32442432], v=[4.60191767 0.90858623 5.44776228]
Epoch 1925, t=2460388.5192727786:
  TLE_ECI: r=[-4198.40276858   178.28510079 -6471.38862533], v=[-4.22142601 -5.20234613  2.5942456 ]
  RK45_ECI: r=[-3541.45484871 -5604.65018403  3965.67155026], v=[4.62148045 0.94228709 5.42556786]
Epoch 1926, t=2460388.5193480416:
  TLE_ECI: r=[-4323.4044584     20.12260266 -6391.0461756 ], v=[-4.10834411 -5.20689985  2.76156546]
  RK45_ECI: r=[-3508.68289163 -5600.08916829  4000.87370832], v=[4.6408443  0.9759736  5.40317424]
Epoch 1927, t=2460388.519423305:
  TLE_ECI: r=[-4444.89026836  -138.17264228 -6305.71609776], v=[-3.99205178 -5.20729162  2.92674443]
  RK45_ECI: r=[-3475.78786705 -5595.2936283   4035.92960595], v=[4.66000849 1.00964438 5.38058222]
Epoch 1928, t=2460388.5194985685:
  TLE_ECI: r=[-4562.76524874  -296.47401023 -6215.46455312], v=[-3.87264253 -5.20351741  3.08965382]
  RK45_ECI: r=[-3442.77106041 -5590.26357065  4070.83811953], v=[4.6789724  1.04329813 5.35779253]
Epoch 1929, t=2460388.519573832:
  TLE_ECI: r=[-4676.93735262  -454.65477336 -6120.36153892], v=[-3.75021232 -5.19557647  3.25016659]
  RK45_ECI: r=[-3409.63417307 -5584.99911671  4105.5976395 ], v=[4.69773517 1.07693316 5.33480619]
Epoch 1930, t=2460388.519649095:
  TLE_ECI: r=[-4787.31750957  -612.58817381 -6020.48083672], v=[-3.6248595  -5.18347133  3.4081575 ]
  RK45_ECI: r=[-3376.37864393 -5579.50032825  4140.20689157], v=[4.7162961  1.11054802 5.31162404]
Epoch 1931, t=2460388.5197243583:
  TLE_ECI: r=[-4893.81968932  -770.14757984 -5915.89995798], v=[-3.4966847  -5.16720786  3.56350315]
  RK45_ECI: r=[-3343.00543377 -5573.76720205  4174.66509094], v=[4.73465478 1.14414177 5.2882466 ]
Epoch 1932, t=2460388.519799622:
  TLE_ECI: r=[-4996.36097919  -927.20650362 -5806.70008662], v=[-3.36579081 -5.14679523  3.71608211]
  RK45_ECI: r=[-3309.5164203  -5567.79991822  4208.97048582], v=[4.75281026 1.17771254 5.26467504]
Epoch 1933, t=2460388.519874885:
  TLE_ECI: r=[-5094.86164402 -1083.63875684 -5692.96601878], v=[-3.23228287 -5.12224591  3.86577499]
  RK45_ECI: r=[-3275.91274793 -5561.59850424  4243.12213822], v=[4.77076206 1.21125918 5.24090998]
Epoch 1934, t=2460388.5199501486:
  TLE_ECI: r=[-5189.24519097 -1239.3185379  -5574.78609968], v=[-3.09626799 -5.09357568  4.01246459]
  RK45_ECI: r=[-3242.19614559 -5555.16314123  4277.11847307], v=[4.78850934 1.24478    5.21695251]
Epoch 1935, t=2460388.5200254116:
  TLE_ECI: r=[-5279.43843447 -1394.12051734 -5452.25215768], v=[-2.9578553  -5.06080363  4.15603591]
  RK45_ECI: r=[-3208.36807352 -5548.49394101  4310.95824375], v=[4.80605147 1.27827355 5.1928035 ]
Epoch 1936, t=2460388.520100675:
  TLE_ECI: r=[-5365.3715388  -1547.92000012 -5325.45943548], v=[-2.8171558  -5.02395215  4.29637633]
  RK45_ECI: r=[-3174.42950558 -5541.59093367  4344.64068241], v=[4.82338805 1.31173888 5.16846347]
Epoch 1937, t=2460388.5201759385:
  TLE_ECI: r=[-5446.97809719 -1700.59293392 -5194.50651862], v=[-2.67428237 -4.98304694  4.43337562]
  RK45_ECI: r=[-3140.38234867 -5534.45436473  4378.16407613], v=[4.8405182  1.34517412 5.14393365]
Epoch 1938, t=2460388.520251202:
  TLE_ECI: r=[-5524.19517012 -1852.01607056 -5059.49526121], v=[-2.52934962 -4.93811693  4.56692611]
  RK45_ECI: r=[-3106.22776244 -5527.0843011   4411.52750784], v=[4.85744147 1.37857813 5.1192147 ]
Epoch 1939, t=2460388.5203264654:
  TLE_ECI: r=[-5596.96333955 -2002.06705055 -4920.53070894], v=[-2.38247381 -4.88919437  4.6969227 ]
  RK45_ECI: r=[-3071.96750134 -5519.48098383  4444.72943832], v=[4.87415708 1.4119492  5.09430773]
Epoch 1940, t=2460388.5204017283:
  TLE_ECI: r=[-5665.2267632  -2150.62448598 -4777.72101955], v=[-2.23377278 -4.83631472  4.82326303]
  RK45_ECI: r=[-3037.60304543 -5511.64457492  4477.7686497 ], v=[4.89066443 1.44528589 5.06921364]
Epoch 1941, t=2460388.520476992:
  TLE_ECI: r=[-5728.93319486 -2297.56812543 -4631.17738059], v=[-2.08336582 -4.77951669  4.94584748]
  RK45_ECI: r=[-3003.13538079 -5503.57513783  4510.64439166], v=[4.90696318 1.47858724 5.04393299]
Epoch 1942, t=2460388.520552255:
  TLE_ECI: r=[-5788.03406328 -2442.7788534  -4481.01392462], v=[-1.93137362 -4.7188422   5.06457933]
  RK45_ECI: r=[-2968.56644124 -5495.27298364  4543.35499172], v=[4.92305248 1.51185138 5.01846704]
Epoch 1943, t=2460388.5206275187:
  TLE_ECI: r=[-5842.48448764 -2586.13885357 -4327.34764203], v=[-1.77791815 -4.65433632  5.1793648 ]
  RK45_ECI: r=[-2933.89740038 -5486.7382188   4575.89955446], v=[4.93893194 1.54507718 4.99281647]
Epoch 1944, t=2460388.520702782:
  TLE_ECI: r=[-5892.24332002 -2727.53168917 -4170.29829123], v=[-1.62312258 -4.58604731  5.29011313]
  RK45_ECI: r=[-2899.13003637 -5477.97114429  4608.27657786], v=[4.95460083 1.57826292 4.96698244]
Epoch 1945, t=2460388.520778045:
  TLE_ECI: r=[-5937.27318732 -2866.84238151 -4009.98830665], v=[-1.46711119 -4.51402653  5.39673668]
  RK45_ECI: r=[-2864.26584742 -5468.97197232  4640.48487385], v=[4.9700586  1.61140717 4.94096589]
Epoch 1946, t=2460388.5208533085:
  TLE_ECI: r=[-5977.5404885  -3003.95757445 -3846.54270428], v=[-1.31000919 -4.43832843  5.49915098]
  RK45_ECI: r=[-2829.30583051 -5459.74079994  4672.52371032], v=[4.98530493 1.64450896 4.91476738]
Epoch 1947, t=2460388.520928572:
  TLE_ECI: r=[-6013.01547141 -3138.76552417 -3680.08898497], v=[-1.15194273 -4.35901052  5.59727486]
  RK45_ECI: r=[-2794.2519443  -5450.27800367  4704.39145667], v=[5.00033906 1.67756644 4.88838824]
Epoch 1948, t=2460388.5210038354:
  TLE_ECI: r=[-6043.67222478 -3271.15626109 -3510.75703555], v=[-0.99303874 -4.27613331  5.69103043]
  RK45_ECI: r=[-2759.10537503 -5440.58372957  4736.08723992], v=[5.01516061 1.71057846 4.86182915]
Epoch 1949, t=2460388.5210790983:
  TLE_ECI: r=[-6069.48871731 -3401.02164649 -3338.67902787], v=[-0.83342484 -4.18976029  5.78034323]
  RK45_ECI: r=[-2723.86809194 -5430.65838362  4767.60944909], v=[5.02976886 1.74354316 4.83509146]
Epoch 1950, t=2460388.521154362:
  TLE_ECI: r=[-6090.44677633 -3528.25553377 -3163.98931579], v=[-0.67322921 -4.09995786  5.86514227]
  RK45_ECI: r=[-2688.5411013  -5420.50209273  4798.95736953], v=[5.04416351 1.77645958 4.80817575]
Epoch 1951, t=2460388.521229625:
  TLE_ECI: r=[-6106.5321613  -3652.7537508  -2986.82433011], v=[-0.51258052 -4.00679531  5.94536008]
  RK45_ECI: r=[-2653.12591808 -5410.11512311  4830.12984543], v=[5.05834407 1.8093263  4.78108298]
Epoch 1952, t=2460388.5213048887:
  TLE_ECI: r=[-6117.73453709 -3774.41425759 -2807.32247175], v=[-0.35160782 -3.91034473  6.02093279]
  RK45_ECI: r=[-2617.62435437 -5399.49787123  4861.12543707], v=[5.07230991 1.8421416  4.7538144 ]
Epoch 1953, t=2460388.521380152:
  TLE_ECI: r=[-6124.04749133 -3893.13721539 -2625.62400305], v=[-0.19044039 -3.810681    6.09180016]
  RK45_ECI: r=[-2582.03760725 -5388.6505229   4891.94329476], v=[5.08606071 1.87490436 4.72637073]
Epoch 1954, t=2460388.521455415:
  TLE_ECI: r=[-6125.46855193 -4008.82505177 -2441.8709374 ], v=[-0.0292077 -3.7078817  6.1579057]
  RK45_ECI: r=[-2546.36766759 -5377.57354925  4922.58185155], v=[5.09959579 1.90761273 4.69875334]
Epoch 1955, t=2460388.5215306785:
  TLE_ECI: r=[-6121.99914192 -4121.38261526 -2256.20692736], v=[ 0.13196078 -3.60202706  6.21919664]
  RK45_ECI: r=[-2510.61555037 -5366.26711067  4953.04041229], v=[5.11291491 1.94026575 4.67096285]
Epoch 1956, t=2460388.521605942:
  TLE_ECI: r=[-6113.64464762 -4230.71714795 -2068.77715095], v=[ 0.29293561 -3.4931999   6.27562403]
  RK45_ECI: r=[-2474.78278514 -5354.73152335  4983.31785318], v=[5.12601761 1.97286199 4.64300026]
Epoch 1957, t=2460388.5216812054:
  TLE_ECI: r=[-6100.41436788 -4336.73843587 -1879.72819692], v=[ 0.45358753 -3.38148558  6.32714279]
  RK45_ECI: r=[-2438.87120203 -5342.9672434   5013.41277525], v=[5.13890334 2.00539976 4.61486685]
Epoch 1958, t=2460388.521756469:
  TLE_ECI: r=[-6082.32151738 -4439.35886757 -1689.2079484 ], v=[ 0.61378757 -3.26697188  6.3737117 ]
  RK45_ECI: r=[-2402.88200805 -5330.97449596  5043.3243529 ], v=[5.1515718  2.03787795 4.58656336]
Epoch 1959, t=2460388.521831732:
  TLE_ECI: r=[-6059.38322858 -4538.49349081 -1497.36546547], v=[ 0.77340714 -3.149749    6.4152935 ]
  RK45_ECI: r=[-2366.81721327 -5318.75381703  5073.05106476], v=[5.1640224  2.0702947  4.55809122]
Epoch 1960, t=2460388.521906995:
  TLE_ECI: r=[-6031.62048406 -4634.0601559  -1304.3508667 ], v=[ 0.93231819 -3.02990942  6.4518549 ]
  RK45_ECI: r=[-2330.67784014 -5306.30540031  5102.5922359 ], v=[5.17625491 2.10264909 4.52945108]
Epoch 1961, t=2460388.5219822587:
  TLE_ECI: r=[-5999.05817734 -4725.97947922 -1110.31520941], v=[ 1.09039324 -2.90754789  6.4833666 ]
  RK45_ECI: r=[-2294.46543077 -5293.62961184  5131.94677568], v=[5.18826894 2.13493968 4.50064396]
Epoch 1962, t=2460388.522057522:
  TLE_ECI: r=[-5961.72503949 -4814.17498172  -915.41036933], v=[ 1.24750553 -2.78276128  6.50980334]
  RK45_ECI: r=[-2258.18183162 -5280.72696676  5161.11332728], v=[5.20006399 2.1671648  4.47167119]
Epoch 1963, t=2460388.5221327855:
  TLE_ECI: r=[-5919.65362721 -4898.57313695  -719.78891934], v=[ 1.40352917 -2.65564858  6.53114391]
  RK45_ECI: r=[-2221.82825797 -5267.59772945  5190.09109007], v=[5.21163981 2.19932335 4.44253354]
Epoch 1964, t=2460388.5222080485:
  TLE_ECI: r=[-5872.88030973 -4979.10341641  -523.60400754], v=[ 1.55833916 -2.52631073  6.54737115]
  RK45_ECI: r=[-2185.40673692 -5254.24250022  5218.87858983], v=[5.22299585 2.23141349 4.41323249]
Epoch 1965, t=2460388.522283312:
  TLE_ECI: r=[-5821.44517929 -5055.69841925  -327.0092349 ], v=[ 1.71181157 -2.39485061  6.55847203]
  RK45_ECI: r=[-2148.91829704 -5240.66150592  5247.47517259], v=[5.23413193 2.2634343  4.38376869]
Epoch 1966, t=2460388.5223585754:
  TLE_ECI: r=[-5765.39210407 -5128.29382585  -130.1585322 ], v=[ 1.86382362 -2.26137291  6.5644376 ]
  RK45_ECI: r=[-2112.36449165 -5226.85516192  5275.87978207], v=[5.24504771 2.29538436 4.35414323]
Epoch 1967, t=2460388.522433839:
  TLE_ECI: r=[-5704.76863246 -5196.82852285    66.79396305], v=[ 2.01425376 -2.12598407  6.56526302]
  RK45_ECI: r=[-2075.7471812  -5212.82404202  5304.09110497], v=[5.25574274 2.32726203 4.32435746]
Epoch 1968, t=2460388.522509102:
  TLE_ECI: r=[-5639.6259825  -5261.24462124   263.69403013], v=[ 2.16298182 -1.98879216  6.56094757]
  RK45_ECI: r=[-2039.06776395 -5198.56851544  5332.10823557], v=[5.26621675 2.35906604 4.29441234]
Epoch 1969, t=2460388.522584365:
  TLE_ECI: r=[-5570.01893641 -5321.48757268   460.38748841], v=[ 2.3098891  -1.84990682  6.55149465]
  RK45_ECI: r=[-2002.32775397 -5184.08904833  5359.93014134], v=[5.27646941 2.39079506 4.26430895]
Epoch 1970, t=2460388.5226596287:
  TLE_ECI: r=[-5496.00588566 -5377.50611649   656.7203211 ], v=[ 2.45485843 -1.70943912  6.53691177]
  RK45_ECI: r=[-1965.52871297 -5169.38609823  5387.55579705], v=[5.28650042 2.42244769 4.23404841]
Epoch 1971, t=2460388.522734892:
  TLE_ECI: r=[-5417.64871998 -5429.25239047   852.53879837], v=[ 2.59777432 -1.56750153  6.51721055]
  RK45_ECI: r=[-1928.67202751 -5154.46006358  5414.98431288], v=[5.29630953 2.45402271 4.20363168]
Epoch 1972, t=2460388.5228101555:
  TLE_ECI: r=[-5335.01278962 -5476.68195533  1047.68960045], v=[ 2.73852303 -1.42420777  6.49240671]
  RK45_ECI: r=[-1891.75957046 -5139.31157614  5442.21442048], v=[5.30589634 2.48551847 4.17306017]
Epoch 1973, t=2460388.5228854185:
  TLE_ECI: r=[-5248.16686581 -5519.75381753  1242.01994038], v=[ 2.87699269 -1.27967275  6.46252003]
  RK45_ECI: r=[-1854.79274706 -5123.94104905  5469.24524554], v=[5.31526062 2.51693373 4.14233485]
Epoch 1974, t=2460388.522960682:
  TLE_ECI: r=[-5157.18301741 -5558.43052635  1435.37768595], v=[ 3.01307335 -1.13401241  6.42757438]
  RK45_ECI: r=[-1817.77308041 -5108.34899551  5496.07579174], v=[5.3244021  2.54826716 4.11145685]
Epoch 1975, t=2460388.5230359454:
  TLE_ECI: r=[-5062.13664591 -5592.67811336  1627.61148154], v=[ 3.14665713 -0.98734371  6.38759766]
  RK45_ECI: r=[-1780.70197727 -5092.535843    5522.70519478], v=[5.33332054 2.57951752 4.08042717]
Epoch 1976, t=2460388.523111209:
  TLE_ECI: r=[-4963.10635757 -5622.46618328  1818.57086874], v=[ 3.27763827 -0.83978446  6.34262178]
  RK45_ECI: r=[-1743.58131929 -5076.50226919  5549.13222317], v=[5.3420156  2.6106832  4.04924724]
Epoch 1977, t=2460388.5231864722:
  TLE_ECI: r=[-4860.17391168 -5647.7679254   2008.10640643], v=[ 3.4059132  -0.69145325  6.29268264]
  RK45_ECI: r=[-1706.41250137 -5060.2487272   5575.35602837], v=[5.35048707 2.64176296 4.01791805]
Epoch 1978, t=2460388.523261735:
  TLE_ECI: r=[-4753.42416838 -5668.5601222   2196.06978977], v=[ 3.53138069 -0.54246935  6.23782008]
  RK45_ECI: r=[-1669.19709727 -5043.77575241  5601.37564384], v=[5.35873473 2.67275545 3.98644077]
Epoch 1979, t=2460388.5233369987:
  TLE_ECI: r=[-4642.94494969 -5684.82322592  2382.31396806], v=[ 3.65394188 -0.39295258  6.17807787]
  RK45_ECI: r=[-1631.93663741 -5027.08390467  5627.1901105 ], v=[5.36675831 2.70365935 3.95481654]
Epoch 1980, t=2460388.523412262:
  TLE_ECI: r=[-4528.82706535 -5696.54129034  2566.69326176], v=[ 3.77350037 -0.24302323  6.11350363]
  RK45_ECI: r=[-1594.63253429 -5010.17365476  5652.7985966 ], v=[5.37455764 2.73447343 3.92304639]
Epoch 1981, t=2460388.5234875255:
  TLE_ECI: r=[-4411.16416868 -5703.70204216  2749.06347783], v=[ 3.8899623  -0.09280199  6.04414884]
  RK45_ECI: r=[-1557.28667809 -4993.04573752  5678.19991784], v=[5.38213243 2.76519609 3.89113179]
Epoch 1982, t=2460388.5235627885:
  TLE_ECI: r=[-4290.05271159 -5706.29686428  2929.282024  ], v=[4.00323644 0.05759023 5.97006874]
  RK45_ECI: r=[-1519.90064788 -4975.7007295   5703.3931409 ], v=[5.38948247 2.79582597 3.8590739 ]
Epoch 1983, t=2460388.523638052:
  TLE_ECI: r=[-4165.59179598 -5704.32085448  3107.20802122], v=[4.11323423 0.20803235 5.89132229]
  RK45_ECI: r=[-1482.47548576 -4958.13897156  5728.37769038], v=[5.39660766 2.82636216 3.82687346]
Epoch 1984, t=2460388.5237133154:
  TLE_ECI: r=[-4037.88319071 -5697.7727533   3282.70241506], v=[4.21986987 0.35840322 5.80797215]
  RK45_ECI: r=[-1445.01326556 -4940.36131218  5753.15229207], v=[5.40350771 2.85680292 3.79453211]
Epoch 1985, t=2460388.523788579:
  TLE_ECI: r=[-3907.03117922 -5686.65499696  3455.62808493], v=[4.32306041 0.50858172 5.72008459]
  RK45_ECI: r=[-1407.51522437 -4922.36818448  5777.71626533], v=[5.41018251 2.88714717 3.76205072]
Epoch 1986, t=2460388.5238638422:
  TLE_ECI: r=[-3773.14248888 -5670.97370279  3625.84995184], v=[4.42272576 0.65844691 5.62772943]
  RK45_ECI: r=[-1369.98325975 -4904.16037969  5802.06847407], v=[5.41663181 2.91739333 3.7294308 ]
Epoch 1987, t=2460388.523939105:
  TLE_ECI: r=[-3636.32621822 -5650.73865386  3793.23508422], v=[4.51878879 0.80787804 5.53098   ]
  RK45_ECI: r=[-1332.41895498 -4885.73852193  5826.20802361], v=[5.42285545 2.94754005 3.69667354]
Epoch 1988, t=2460388.5240143687:
  TLE_ECI: r=[-3496.6936796  -5625.96333441  3957.6528017 ], v=[4.61117536 0.95675478 5.42991305]
  RK45_ECI: r=[-1294.82335394 -4867.10298403  5850.13436244], v=[5.42885338 2.97758644 3.6637797 ]
Epoch 1989, t=2460388.524089632:
  TLE_ECI: r=[-3354.35840606 -5596.66485372  4118.97477722], v=[4.6998144  1.10495718 5.3246087 ]
  RK45_ECI: r=[-1257.19853726 -4848.25467578  5873.84627011], v=[5.43462535 3.00753077 3.63075094]
Epoch 1990, t=2460388.5241648955:
  TLE_ECI: r=[-3209.43599061 -5562.86397631  4277.07513666], v=[4.78463797 1.25236586 5.21515035]
  RK45_ECI: r=[-1219.54574378 -4829.19406786  5897.34309503], v=[5.44017129 3.03737198 3.59758816]
Epoch 1991, t=2460388.524240159:
  TLE_ECI: r=[-3062.04400703 -5524.58509408  4431.83055652], v=[4.86558125 1.39886208 5.10162462]
  RK45_ECI: r=[-1181.86687628 -4809.92200739  5920.62375034], v=[5.44549101 3.06710849 3.56429289]
Epoch 1992, t=2460388.524315422:
  TLE_ECI: r=[-2912.30192881 -5481.85619801  4583.12035937], v=[4.94258266 1.54432779 4.98412129]
  RK45_ECI: r=[-1144.16352069 -4790.4391656   5943.68738076], v=[5.4505844  3.09673898 3.53086635]
Epoch 1993, t=2460388.5243906854:
  TLE_ECI: r=[-2760.33096606 -5434.70889031  4730.82660676], v=[5.01558383 1.68864587 4.86273318]
  RK45_ECI: r=[-1106.43672154 -4770.74594707  5966.53345907], v=[5.45545144 3.12626256 3.4973093 ]
Epoch 1994, t=2460388.524465949:
  TLE_ECI: r=[-2606.25406301 -5383.17830601  4874.83419022], v=[5.08452973 1.83170003 4.73755611]
  RK45_ECI: r=[-1068.68856415 -4750.84332222  5989.16081964], v=[5.46009194 3.15567752 3.46362343]
Epoch 1995, t=2460388.5245412122:
  TLE_ECI: r=[-2450.19573219 -5327.30312027  5015.03091935], v=[5.1493686  1.97337505 4.6086888 ]
  RK45_ECI: r=[-1030.92028779 -4730.73179899  6011.56884047], v=[5.46450587 3.18498281 3.42980968]
Epoch 1996, t=2460388.5246164757:
  TLE_ECI: r=[-2292.28196875 -5267.12550826  5151.3076077 ], v=[5.21005205 2.11355679 4.47623277]
  RK45_ECI: r=[ -993.13379836 -4710.41227976  6033.75648484], v=[5.46869311 3.21417688 3.39586958]
Epoch 1997, t=2460388.5246917387:
  TLE_ECI: r=[-2132.64016338 -5202.69110468  5283.5581561 ], v=[5.26653511 2.25213232 4.34029231]
  RK45_ECI: r=[ -955.3306828  -4689.88548236  6055.72293757], v=[5.47265359 3.24325843 3.3618044 ]
Epoch 1998, t=2460388.524767002:
  TLE_ECI: r=[-1971.39893685 -5134.0489929   5411.67963314], v=[5.31877617 2.38899003 4.20097431]
  RK45_ECI: r=[ -917.5119852  -4669.15184288  6077.46769617], v=[5.47638733 3.27222656 3.32761488]
Epoch 1999, t=2460388.5248422655:
  TLE_ECI: r=[-1808.68812825 -5061.25162631  5535.57235347], v=[5.36673709 2.52401964 4.05838826]
  RK45_ECI: r=[ -879.67979317 -4648.2123916   6098.98965082], v=[5.47989419 3.30107959 3.29330278]
Epoch 2000, t=2460388.524917529:
  TLE_ECI: r=[-1644.63862805 -4984.35481291  5655.13995301], v=[5.41038318 2.65711236 3.91264609]
  RK45_ECI: r=[ -841.83534499 -4627.06767338  6120.28820963], v=[5.48317421 3.3298165  3.25886901]
Epoch 2001, t=2460388.524992792:
  TLE_ECI: r=[-1479.3823026  -4903.41765947  5770.28946161], v=[5.44968323 2.78816091 3.76386211]
  RK45_ECI: r=[ -803.98072878 -4605.71874517  6141.36228851], v=[5.48622729 3.35843561 3.22431532]
Epoch 2002, t=2460388.5250680554:
  TLE_ECI: r=[-1313.05182981 -4818.50254251  5880.93137286], v=[5.48460952 2.9170597  3.61215291]
  RK45_ECI: r=[ -766.11698763 -4584.16607064  6162.2114082 ], v=[5.48905347 3.38693605 3.1896425 ]
Epoch 2003, t=2460388.525143319:
  TLE_ECI: r=[-1145.78068011 -4729.67503076  5986.97971131], v=[5.51513783 3.04370479 3.45763729]
  RK45_ECI: r=[ -728.24570688 -4562.41041727  6182.83479625], v=[5.49165275 3.41531652 3.15485181]
Epoch 2004, t=2460388.5252185822:
  TLE_ECI: r=[ -977.70295101 -4637.00385213  6088.35209659], v=[5.54124746 3.16799406 3.30043613]
  RK45_ECI: r=[ -690.36879317 -4540.4527743   6203.23149797], v=[5.4940251  3.44357552 3.11994485]
Epoch 2005, t=2460388.5252938457:
  TLE_ECI: r=[ -808.9532749  -4540.56083424  6184.96980482], v=[5.56292125 3.28982724 3.14067229]
  RK45_ECI: r=[ -652.48748244 -4518.29372301  6223.40095208], v=[5.49617058 3.47171202 3.08492256]
Epoch 2006, t=2460388.5253691087:
  TLE_ECI: r=[ -639.66672475 -4440.42084576  6276.75782719], v=[5.58014556 3.40910599 2.97847055]
  RK45_ECI: r=[ -614.60386172 -4495.93437897  6243.34213173], v=[5.49808916 3.49972439 3.04978673]
Epoch 2007, t=2460388.525444372:
  TLE_ECI: r=[ -469.97865428 -4336.66174538  6363.64492534], v=[5.59291024 3.52573402 2.81395751]
  RK45_ECI: r=[ -576.7189713  -4473.37523661  6263.05458317], v=[5.49978091 3.52761177 3.01453814]
Epoch 2008, t=2460388.5255196355:
  TLE_ECI: r=[ -300.02467002 -4229.36430746  6445.56368425], v=[5.60120872 3.63961709 2.64726145]
  RK45_ECI: r=[ -538.83439375 -4450.6171088   6282.53757547], v=[5.50124591 3.55537288 2.97917808]
Epoch 2009, t=2460388.525594899:
  TLE_ECI: r=[ -129.94047081 -4118.61216764  6522.45056182], v=[5.60503794 3.75066314 2.47851226]
  RK45_ECI: r=[ -500.95203339 -4427.66103791  6301.79020639], v=[5.50248417 3.58300624 2.94370819]
Epoch 2010, t=2460388.5256701624:
  TLE_ECI: r=[   40.13824588 -4004.49175475  6594.24593558], v=[5.60439835 3.85878232 2.30784135]
  RK45_ECI: r=[ -463.07312218 -4404.50764118  6320.81194576], v=[5.50349579 3.61051085 2.90812942]
Epoch 2011, t=2460388.5257454254:
  TLE_ECI: r=[  210.0758793  -3887.0922236   6660.89414649], v=[5.59929395 3.96388705 2.13538153]
  RK45_ECI: r=[ -425.19974373 -4381.1580917   6339.60182492], v=[5.50428082 3.63788511 2.87244357]
Epoch 2012, t=2460388.525820689:
  TLE_ECI: r=[  379.73707781 -3766.50538347  6722.34353955], v=[5.58973219 4.06589218 1.96126692]
  RK45_ECI: r=[ -387.33293446 -4357.61291423  6358.1594161 ], v=[5.50483938 3.66512817 2.83665147]
Epoch 2013, t=2460388.5258959522:
  TLE_ECI: r=[  548.9867759  -3642.82562826  6778.54650171], v=[5.57572404 4.1647149  1.78563285]
  RK45_ECI: r=[ -349.47427205 -4333.8729662   6376.48403062], v=[5.50517158 3.69223878 2.80075441]
Epoch 2014, t=2460388.5259712157:
  TLE_ECI: r=[  717.69034619 -3516.14986205  6829.45949637], v=[5.55728394 4.2602749  1.60861575]
  RK45_ECI: r=[ -311.62565634 -4309.93934216  6394.57481953], v=[5.5052775  3.7192155  2.76475405]
Epoch 2015, t=2460388.526046479:
  TLE_ECI: r=[  885.71369304 -3386.57742372  6875.04309518], v=[5.5344298  4.35249444 1.43035306]
  RK45_ECI: r=[ -273.78831397 -4285.8126946   6412.43128437], v=[5.50515728 3.74605734 2.72865138]
Epoch 2016, t=2460388.526121742:
  TLE_ECI: r=[ 1052.92334757 -3254.21001266  6915.26200657], v=[5.50718296 4.44129833 1.25098312]
  RK45_ECI: r=[ -235.96432281 -4261.49425304  6430.05251565], v=[5.50481105 3.77276274 2.69244822]
Epoch 2017, t=2460388.5261970055:
  TLE_ECI: r=[ 1219.18661017 -3119.15159802  6950.08510125], v=[5.47556816 4.52661408 1.07064506]
  RK45_ECI: r=[ -198.15471385 -4236.98457193  6447.43811204], v=[5.50423896 3.79933087 2.65614541]
Epoch 2018, t=2460388.526272269:
  TLE_ECI: r=[ 1384.37159531 -2981.50835483  6979.48543489], v=[5.43961355 4.60837187 0.88947873]
  RK45_ECI: r=[ -160.36105839 -4212.2845524   6464.58742785], v=[5.50344115 3.82576051 2.61974427]
Epoch 2019, t=2460388.5263475324:
  TLE_ECI: r=[ 1548.34737331 -2841.38857084  7003.44026737], v=[5.39935067 4.68650464 0.70762457]
  RK45_ECI: r=[ -122.58524958 -4187.39534001  6481.49966838], v=[5.50241779 3.85205026 2.58324649]
Epoch 2020, t=2460388.5264227954:
  TLE_ECI: r=[ 1710.98405407 -2698.90257021  7021.93107928], v=[5.35481437 4.76094814 0.52522351]
  RK45_ECI: r=[  -84.82868738 -4162.31773988  6498.17428972], v=[5.50116906 3.87819902 2.54665324]
Epoch 2021, t=2460388.526498059:
  TLE_ECI: r=[ 1872.15292001 -2554.16260849  7034.94358509], v=[5.3060428  4.83164102 0.34241686]
  RK45_ECI: r=[  -47.0929013  -4137.05268244  6514.6106756 ], v=[5.49969513 3.90420565 2.50996587]
Epoch 2022, t=2460388.5265733222:
  TLE_ECI: r=[ 2031.72647677 -2407.28281426  7042.4677435 ], v=[5.25307741 4.89852476 0.15934626]
  RK45_ECI: r=[   -9.37945619 -4111.6011054   6530.80821862], v=[5.49799618 3.93006896 2.47318573]
Epoch 2023, t=2460388.5266485857:
  TLE_ECI: r=[ 2189.57858508 -2258.37908217  7044.4977645 ], v=[ 5.1959629   4.96154383 -0.02384652]
  RK45_ECI: r=[   28.31026498 -4085.96383451  6546.76639452], v=[5.49607243 3.95578789 2.43631401]
Epoch 2024, t=2460388.526723849:
  TLE_ECI: r=[ 2345.58454988 -2107.56898784  7041.03211349], v=[ 5.13474717  5.02064568 -0.20701957]
  RK45_ECI: r=[   65.97437769 -4060.14206514  6562.4844637 ], v=[5.49392409 3.98136107 2.39935242]
Epoch 2025, t=2460388.526799112:
  TLE_ECI: r=[ 2499.6212112  -1954.97170394  7032.07351225], v=[ 5.06948129  5.07578078 -0.39003104]
  RK45_ECI: r=[  103.61149093 -4034.13664062  6577.96192075], v=[5.49155137 4.00678745 2.36230215]
Epoch 2026, t=2460388.5268743755:
  TLE_ECI: r=[ 2651.56706251 -1800.70787968  7017.62893682], v=[ 5.00021944  5.1269027  -0.57273917]
  RK45_ECI: r=[  141.22008304 -4007.94853174  6593.19819363], v=[5.48895449 4.03206589 2.32516457]
Epoch 2027, t=2460388.526949639:
  TLE_ECI: r=[ 2801.30230928 -1644.89958923  6997.70961246], v=[ 4.92701891  5.17396809 -0.75500245]
  RK45_ECI: r=[  178.79859893 -3981.57871798  6608.1927193 ], v=[5.48613368 4.05719526 2.28794106]
Epoch 2028, t=2460388.5270249024:
  TLE_ECI: r=[ 2948.70898571 -1487.67020968  6972.33100527], v=[ 4.84994005  5.21693674 -0.93667968]
  RK45_ECI: r=[  216.34566475 -3955.02806226  6622.94501232], v=[5.4830892  4.08217452 2.25063281]
Epoch 2029, t=2460388.527100166:
  TLE_ECI: r=[ 3093.67103983 -1329.14433216  6941.51281101], v=[ 4.76904618  5.25577162 -1.11763009]
  RK45_ECI: r=[  253.85940659 -3928.29780853  6637.45438904], v=[5.4798213  4.10700233 2.21324158]
Epoch 2030, t=2460388.527175429:
  TLE_ECI: r=[ 3236.07441988 -1169.44767478  6905.27894065], v=[ 4.68440359  5.2904389  -1.29771344]
  RK45_ECI: r=[  291.3384433  -3901.3888374   6651.72038318], v=[5.47633024 4.13167766 2.17576855]
Epoch 2031, t=2460388.5272506922:
  TLE_ECI: r=[ 3375.80717693 -1008.70694736  6863.65750295], v=[ 4.59608145  5.32090803 -1.47679012]
  RK45_ECI: r=[  328.7812631  -3874.30215897  6665.74246756], v=[5.47261628 4.15619943 2.13821513]
Epoch 2032, t=2460388.5273259557:
  TLE_ECI: r=[3512.75952952 -847.0498086  6816.68078399], v=[ 4.5041518   5.34715166 -1.65472126]
  RK45_ECI: r=[  366.18648881 -3847.03866591  6679.52018826], v=[5.46867969 4.18056661 2.10058254]
Epoch 2033, t=2460388.527401219:
  TLE_ECI: r=[3646.82396396 -684.60473023 6764.38522356], v=[ 4.40868948  5.36914576 -1.83136882]
  RK45_ECI: r=[  403.55225625 -3819.59964015  6693.0529069 ], v=[5.46452077 4.2047779  2.06287251]
Epoch 2034, t=2460388.5274764826:
  TLE_ECI: r=[3777.89531391 -521.50090589 6706.81138863], v=[ 4.30977205  5.3868696  -2.00659571]
  RK45_ECI: r=[  440.87720453 -3791.98599021  6706.34018883], v=[5.46013981 4.22883229 2.02508627]
Epoch 2035, t=2460388.5275517455:
  TLE_ECI: r=[3905.87084103 -357.86816173 6644.00394362], v=[ 4.20747981  5.40030579 -2.18026586]
  RK45_ECI: r=[  478.15979714 -3764.19876068  6719.38154327], v=[5.45553712 4.25272869 1.98722523]
Epoch 2036, t=2460388.527627009:
  TLE_ECI: r=[4030.65031962 -193.83680977 6576.01161778], v=[ 4.10189559  5.4094403  -2.35224437]
  RK45_ECI: r=[  515.39853326 -3736.23899997  6732.17648848], v=[5.45071299 4.27646604 1.94929079]
Epoch 2037, t=2460388.5277022724:
  TLE_ECI: r=[4152.13610698  -29.53761316 6502.88716947], v=[ 3.99310487  5.41426246 -2.52239753]
  RK45_ECI: r=[  552.5920475  -3708.10763689  6744.72461026], v=[5.44566772 4.30004333 1.91128417]
Epoch 2038, t=2460388.527777536:
  TLE_ECI: r=[4270.23322516  134.89836077 6424.68734743], v=[ 3.8811956   5.41476497 -2.69059303]
  RK45_ECI: r=[  589.73848944 -3679.80599969  6757.02532742], v=[5.44040168 4.3234593  1.87320715]
Epoch 2039, t=2460388.527852799:
  TLE_ECI: r=[4384.8494346   299.3398198  6341.47284907], v=[ 3.76625817  5.41094393 -2.85669995]
  RK45_ECI: r=[  626.83633374 -3651.33516651  6769.07818924], v=[5.43491522 4.34671286 1.83506113]
Epoch 2040, t=2460388.5279280622:
  TLE_ECI: r=[4495.89530327  463.65540078 6253.30827578], v=[ 3.64838533  5.40279889 -3.02058894]
  RK45_ECI: r=[  663.8845869  -3622.69581779  6780.88291865], v=[5.4292086  4.36980328 1.796847  ]
Epoch 2041, t=2460388.5280033257:
  TLE_ECI: r=[4603.28428058  627.71369768 6160.26208521], v=[ 3.52767215  5.39033274 -3.18213228]
  RK45_ECI: r=[  700.88123085 -3593.88944261  6792.43891185], v=[5.42328223 4.39272919 1.7585667 ]
Epoch 2042, t=2460388.528078589:
  TLE_ECI: r=[4706.93276331  791.38341564 6062.40654068], v=[ 3.40421591  5.37355185 -3.34120399]
  RK45_ECI: r=[  737.82508993 -3564.91687062  6803.7458507 ], v=[5.41713645 4.41548972 1.72022129]
Epoch 2043, t=2460388.5281538526:
  TLE_ECI: r=[4806.76016182  954.53346244 5959.81765759], v=[ 3.27811608  5.35246597 -3.49767992]
  RK45_ECI: r=[  774.71432932 -3535.7794752   6814.80321166], v=[5.41077165 4.43808365 1.68181257]
Epoch 2044, t=2460388.5282291155:
  TLE_ECI: r=[4902.68896683 1117.03303821 5852.57514693], v=[ 3.1494742   5.32708829 -3.65143785]
  RK45_ECI: r=[  811.5474382  -3506.47837282  6825.6105901 ], v=[5.40418824 4.46050992 1.64334193]
Epoch 2045, t=2460388.528304379:
  TLE_ECI: r=[4994.644798   1278.75179695 5740.76235597], v=[ 3.01839378  5.29743545 -3.80235759]
  RK45_ECI: r=[  848.32343405 -3477.01427006  6836.16773752], v=[5.3973865  4.48276781 1.60481028]
Epoch 2046, t=2460388.5283796424:
  TLE_ECI: r=[5082.55648107 1439.55986505 5624.46620591], v=[ 2.88498032  5.26352744 -3.95032107]
  RK45_ECI: r=[  885.04031677 -3447.38870446  6846.47411386], v=[5.39036691 4.50485599 1.56621957]
Epoch 2047, t=2460388.528454906:
  TLE_ECI: r=[5166.35609265 1599.32800186 5503.77712693], v=[ 2.74934115  5.22538772 -4.09521244]
  RK45_ECI: r=[  921.69692373 -3417.60253606  6856.52943549], v=[5.38312984 4.52677362 1.52757087]
Epoch 2048, t=2460388.5285301693:
  TLE_ECI: r=[5245.97901691 1757.92768927 5378.7889902 ], v=[ 2.61158534  5.18304311 -4.23691816]
  RK45_ECI: r=[  958.29143757 -3387.65718213  6866.33323692], v=[5.37567573 4.54851951 1.48886597]
Epoch 2049, t=2460388.5286054322:
  TLE_ECI: r=[5321.36400276 1915.23121953 5249.59903729], v=[ 2.47182371  5.13652384 -4.37532707]
  RK45_ECI: r=[  994.82236376 -3357.55379647  6875.88515989], v=[5.36800504 4.57009263 1.45010631]
Epoch 2050, t=2460388.5286806957:
  TLE_ECI: r=[5392.45319065 2071.11186028 5116.30780682], v=[ 2.3301686   5.0858635  -4.51033054]
  RK45_ECI: r=[ 1031.28873154 -3327.29311124  6885.18498462], v=[5.36011808 4.59149228 1.41129275]
Epoch 2051, t=2460388.528755959:
  TLE_ECI: r=[5459.19219115 2225.44386426 4979.01905827], v=[ 2.18673391  5.03109903 -4.64182249]
  RK45_ECI: r=[ 1067.6885609  -3296.87671098  6894.23223517], v=[5.3520154  4.61271718 1.37242729]
Epoch 2052, t=2460388.5288312226:
  TLE_ECI: r=[5521.53010748 2378.10263285 4837.8396933 ], v=[ 2.04163498  4.97227071 -4.76969952]
  RK45_ECI: r=[ 1104.02070357 -3266.3054854   6903.02666261], v=[5.34369738 4.6337665  1.333511  ]
Epoch 2053, t=2460388.5289064855:
  TLE_ECI: r=[5579.41958885 2528.96478572 4692.87967439], v=[ 1.89498846  4.90942212 -4.89386098]
  RK45_ECI: r=[ 1140.28318921 -3235.5810397   6911.56782032], v=[5.33516459 4.654639   1.29454585]
Epoch 2054, t=2460388.528981749:
  TLE_ECI: r=[5632.81683936 2677.9083265  4544.25194098], v=[ 1.74691222  4.84260014 -5.01420907]
  RK45_ECI: r=[ 1176.47505806 -3204.70412793  6919.85551515], v=[5.3264174  4.67533399 1.25553274]
Epoch 2055, t=2460388.5290570124:
  TLE_ECI: r=[5681.68169644 2824.81264491 4392.07232294], v=[ 1.59752532  4.77185489 -5.13064889]
  RK45_ECI: r=[ 1212.5948353  -3173.67594321  6927.88943765], v=[5.31745627 4.69585046 1.2164731 ]
Epoch 2056, t=2460388.529132276:
  TLE_ECI: r=[5725.97763473 2969.55868079 4236.45945176], v=[ 1.44694788  4.69723969 -5.24308856]
  RK45_ECI: r=[ 1248.64073552 -3142.49797028  6935.66921588], v=[5.30828178 4.7161873  1.17736874]
Epoch 2057, t=2460388.5292075393:
  TLE_ECI: r=[5765.67180273 3112.0290052  4077.53466928], v=[ 1.29530094  4.61881108 -5.35143929]
  RK45_ECI: r=[ 1284.61162607 -3111.17112766  6943.19463573], v=[5.29889435 4.73634371 1.13822073]
Epoch 2058, t=2460388.5292828023:
  TLE_ECI: r=[5800.73505886 3252.10790036 3915.42193402], v=[ 1.14270645  4.53662872 -5.45561542]
  RK45_ECI: r=[ 1320.50555968 -3079.69706547  6950.46531523], v=[5.28929461 4.75631847 1.09903106]
Epoch 2059, t=2460388.5293580657:
  TLE_ECI: r=[5831.14195702 3389.68152329 3750.24772542], v=[ 0.98928706  4.4507554  -5.55553455]
  RK45_ECI: r=[ 1356.32159059 -3048.07656198  6957.48109013], v=[5.27948295 4.77611093 1.05980064]
Epoch 2060, t=2460388.529433329:
  TLE_ECI: r=[5856.87082339 3524.63789807 3582.14094562], v=[ 0.83516614  4.36125694 -5.65111758]
  RK45_ECI: r=[ 1392.05826362 -3016.31084541  6964.24169785], v=[5.2694599  4.79572011 1.02053089]
Epoch 2061, t=2460388.5295085926:
  TLE_ECI: r=[5877.90373682 3656.8670766  3411.23281931], v=[ 0.6804676   4.2682022  -5.74228877]
  RK45_ECI: r=[ 1427.71381576 -2984.40144089  6970.74682527], v=[5.25922608 4.81514495 0.98122364]
Epoch 2062, t=2460388.529583856:
  TLE_ECI: r=[5894.22655242 3786.26121305 3237.65679146], v=[ 0.52531582  4.17166299 -5.82897584]
  RK45_ECI: r=[ 1463.28713135 -2952.34929489  6976.99629326], v=[5.24878197 4.83438466 0.94187996]
Epoch 2063, t=2460388.529659119:
  TLE_ECI: r=[5905.82892429 3912.71463657 3061.54842305], v=[ 0.36983555  4.07171403 -5.91111001]
  RK45_ECI: r=[ 1498.77628851 -2920.15610075  6982.98978479], v=[5.23812824 4.85343809 0.90250185]
Epoch 2064, t=2460388.5297343824:
  TLE_ECI: r=[5912.70426816 4036.1240086  2883.04528502], v=[ 0.21415175  3.9684329  -5.98862606]
  RK45_ECI: r=[ 1534.18035648 -2887.82266028  6988.72716467], v=[5.22726533 4.87230459 0.86309022]
Epoch 2065, t=2460388.529809646:
  TLE_ECI: r=[5914.84983412 4156.38830584 2702.28685018], v=[ 0.05838957  3.86189997 -6.06146242]
  RK45_ECI: r=[ 1569.4979014  -2855.35023553  6994.20821736], v=[5.21619383 4.89098325 0.8236465 ]
Epoch 2066, t=2460388.5298849093:
  TLE_ECI: r=[5912.26666368 4273.40897398 2519.41438362], v=[-0.0973258   3.75219834 -6.12956118]
  RK45_ECI: r=[ 1604.72718473 -2822.74039053  6999.43268885], v=[5.20491439 4.90947303 0.78417254]
Epoch 2067, t=2460388.5299601727:
  TLE_ECI: r=[5904.95959952 4387.08999336 2334.57083138], v=[-0.25286922  3.6394138  -6.19286817]
  RK45_ECI: r=[ 1639.86710912 -2789.99409867  7004.40043515], v=[5.19342754 4.92777318 0.74466939]
Epoch 2068, t=2460388.5300354357:
  TLE_ECI: r=[5892.93729416 4497.33794252 2147.90070761], v=[-0.40811573  3.52363471 -6.25133303]
  RK45_ECI: r=[ 1674.91578017 -2757.11309487  7009.11120449], v=[5.18173402 4.9458826  0.70513909]
Epoch 2069, t=2460388.530110699:
  TLE_ECI: r=[5876.21214977 4604.06214616 1959.54998037], v=[-0.56294064  3.40495199 -6.3049092 ]
  RK45_ECI: r=[ 1709.87228332 -2724.09820355  7013.56489085], v=[5.16983429 4.96380067 0.66558253]
Epoch 2070, t=2460388.5301859626:
  TLE_ECI: r=[5854.80038543 4707.17464799 1769.66595586], v=[-0.71721961  3.283459   -6.35355401]
  RK45_ECI: r=[ 1744.73520767 -2690.95071935  7017.76132597], v=[5.15772899 4.98152652 0.62600117]
Epoch 2071, t=2460388.530261226:
  TLE_ECI: r=[5828.7219711  4806.59035458 1578.39716166], v=[-0.87082881  3.1592515  -6.39722871]
  RK45_ECI: r=[ 1779.50284117 -2657.67224345  7021.70031525], v=[5.14541884 4.99905915 0.58639683]
Epoch 2072, t=2460388.530336489:
  TLE_ECI: r=[5798.00063781 4902.22707271 1385.89322865], v=[-1.02364496  3.03242755 -6.4358985 ]
  RK45_ECI: r=[ 1814.17378501 -2624.26408667  7025.38171665], v=[5.13290451 5.01639771 0.54677099]
Epoch 2073, t=2460388.5304117524:
  TLE_ECI: r=[5762.66379953 4994.00564783 1192.3047722 ], v=[-1.17554551  2.90308741 -6.46953256]
  RK45_ECI: r=[ 1848.74713736 -2590.72708924  7028.80544402], v=[5.12018647 5.03354159 0.50712454]
Epoch 2074, t=2460388.530487016:
  TLE_ECI: r=[5722.74261522 5081.84992861  997.78327194], v=[-1.32640866  2.77133353 -6.49810407]
  RK45_ECI: r=[ 1883.22103804 -2557.06303164  7031.97132067], v=[5.10726554 5.05048977 0.46745952]
Epoch 2075, t=2460388.5305622793:
  TLE_ECI: r=[5678.27190515 5165.68690022  802.4809512 ], v=[-1.47611356  2.63727039 -6.52159026]
  RK45_ECI: r=[ 1917.59442169 -2523.27292816  7034.8792592 ], v=[5.09414229 5.06724154 0.427777  ]
Epoch 2076, t=2460388.5306375427:
  TLE_ECI: r=[5629.29013525 5245.44672921  606.55065549], v=[-1.6245403   2.50100444 -6.53997243]
  RK45_ECI: r=[ 1951.86560446 -2489.35841556  7037.52912471], v=[5.08081751 5.08379598 0.38807884]
Epoch 2077, t=2460388.5307128057:
  TLE_ECI: r=[5575.83939919 5321.0628071   410.14573048], v=[-1.77157011  2.36264402 -6.55323593]
  RK45_ECI: r=[ 1986.03336765 -2455.32067927  7039.92083343], v=[5.06729183 5.10015234 0.34836632]
Epoch 2078, t=2460388.530788069:
  TLE_ECI: r=[5517.96532048 5392.47187235  213.41989962], v=[-1.91708544  2.22229926 -6.56137022]
  RK45_ECI: r=[ 2020.09636347 -2421.16104747  7042.05429683], v=[5.05356594 5.11630985 0.3086409 ]
Epoch 2079, t=2460388.5308633326:
  TLE_ECI: r=[5455.71710595 5459.61396602   16.52714107], v=[-2.06097001  2.080082   -6.56436886]
  RK45_ECI: r=[ 2054.0532275  -2386.88087121  7043.92943603], v=[5.03964053 5.13226773 0.26890406]
Epoch 2080, t=2460388.530938596:
  TLE_ECI: r=[5389.14744187 5522.4325488  -180.37843524], v=[-2.20310895  1.93610566 -6.56222951]
  RK45_ECI: r=[ 2087.90276124 -2352.48134447  7045.54618867], v=[5.02551628 5.14802526 0.22915709]
Epoch 2081, t=2460388.5310138594:
  TLE_ECI: r=[5318.31246415 5580.87453283 -377.14271086], v=[-2.34338891  1.79048518 -6.55495392]
  RK45_ECI: r=[ 2121.64331088 -2317.96413767  7046.90447978], v=[5.01119399 5.16358156 0.18940183]
Epoch 2082, t=2460388.5310891224:
  TLE_ECI: r=[5243.27172653 5634.89031191 -573.61168204], v=[-2.48169811  1.64333693 -6.54254798]
  RK45_ECI: r=[ 2155.27368233 -2283.33046269  7048.00426742], v=[4.99667437 5.17893591 0.14963957]
Epoch 2083, t=2460388.531164386:
  TLE_ECI: r=[5164.08808406 5684.43386524 -769.63158273], v=[-2.6179265   1.49477855 -6.52502166]
  RK45_ECI: r=[ 2188.79255313 -2248.58167489  7048.84551097], v=[4.98195811 5.19408761 0.10987179]
Epoch 2084, t=2460388.5312396493:
  TLE_ECI: r=[5080.82773763 5729.46270425 -965.04900763], v=[-2.75196576  1.34492892 -6.50238903]
  RK45_ECI: r=[ 2222.1987376  -2213.71899472  7049.42818163], v=[4.9670459  5.20903596 0.07009978]
Epoch 2085, t=2460388.5313149127:
  TLE_ECI: r=[ 4993.56011153  5769.93797126 -1159.71103459], v=[-2.8837095   1.19390803 -6.47466822]
  RK45_ECI: r=[ 2255.49060722 -2178.7441182   7049.75225252], v=[4.95193861 5.22378011 0.03032539]
Epoch 2086, t=2460388.531390176:
  TLE_ECI: r=[ 4902.35781122  5805.82445659 -1353.4653467 ], v=[-3.01305326  1.04183687 -6.44188144]
  RK45_ECI: r=[ 2288.66699451 -2143.65827082  7049.81771526], v=[ 4.93663694  5.23831941 -0.00945009]
Epoch 2087, t=2460388.531465439:
  TLE_ECI: r=[ 4807.29657783  5837.09061512 -1546.16035381], v=[-3.13989463  0.88883733 -6.40405493]
  RK45_ECI: r=[ 2321.72657941 -2108.46284856  7049.62456771], v=[ 4.92114165  5.25265313 -0.04922517]
Epoch 2088, t=2460388.5315407026:
  TLE_ECI: r=[ 4708.45515541  5863.70864994 -1737.64531319], v=[-3.26413337  0.73503211 -6.36121894]
  RK45_ECI: r=[ 2354.66806616 -2073.1592324   7049.17281731], v=[ 4.90545349  5.2667806  -0.08899839]
Epoch 2089, t=2460388.531615966:
  TLE_ECI: r=[ 4605.91532639  5885.65445059 -1927.77044972], v=[-3.38567141  0.58054458 -6.31340772]
  RK45_ECI: r=[ 2387.4902951  -2037.74866743  7048.46247724], v=[ 4.88957317  5.28070116 -0.12876844]
Epoch 2090, t=2460388.5316912294:
  TLE_ECI: r=[ 4499.76177397  5902.90767098 -2116.38707487], v=[-3.50441302  0.42549874 -6.26065946]
  RK45_ECI: r=[ 2420.19167038 -2002.23288031  7047.49358084], v=[ 4.87350161  5.29441402 -0.16853348]
Epoch 2091, t=2460388.5317664924:
  TLE_ECI: r=[ 4390.08204417  5915.45171993 -2303.34770479], v=[-3.62026482  0.27001906 -6.20301627]
  RK45_ECI: r=[ 2452.77089662 -1966.61328911  7046.26616809], v=[ 4.8572396   5.30791848 -0.20829203]
Epoch 2092, t=2460388.531841756:
  TLE_ECI: r=[ 4276.96640273  5923.27382702 -2488.50617714], v=[-3.73313589  0.11423037 -6.14052414]
  RK45_ECI: r=[ 2485.22714481 -1930.89080845  7044.78026581], v=[ 4.84078771  5.32121407 -0.24804317]
Epoch 2093, t=2460388.5319170193:
  TLE_ECI: r=[ 4160.50786249  5926.36497555 -2671.71776697], v=[-3.84293782 -0.04174221 -6.07323289]
  RK45_ECI: r=[ 2517.55868493 -1895.06735098  7043.03594862], v=[ 4.82414696  5.33429995 -0.28778485]
Epoch 2094, t=2460388.5319922827:
  TLE_ECI: r=[ 4040.80203554  5924.71996295 -2852.83930099], v=[-3.94958482 -0.1977734  -6.00119614]
  RK45_ECI: r=[ 2549.76453832 -1859.1440161   7041.0332653 ], v=[ 4.80731802  5.34717557 -0.32751599]
Epoch 2095, t=2460388.532067546:
  TLE_ECI: r=[ 3917.94706997  5918.33739223 -3031.72927053], v=[-4.05299374 -0.35373783 -5.92447123]
  RK45_ECI: r=[ 2581.84314343 -1823.12255914  7038.77230938], v=[ 4.79030183  5.35984019 -0.36723473]
Epoch 2096, t=2460388.532142809:
  TLE_ECI: r=[ 3792.04358456  5907.21966239 -3208.24794296], v=[-4.15308416 -0.50951019 -5.84311923]
  RK45_ECI: r=[ 2613.79323492 -1787.00442303  7036.25316882], v=[ 4.77309923  5.37229315 -0.40693959]
Epoch 2097, t=2460388.5322180726:
  TLE_ECI: r=[ 3663.19451501  5891.37301165 -3382.25747134], v=[-4.24977845 -0.66496534 -5.75720478]
  RK45_ECI: r=[ 2645.61400476 -1750.79053962  7033.47590026], v=[ 4.75571082  5.384534   -0.44662967]
Epoch 2098, t=2460388.532293336:
  TLE_ECI: r=[ 3531.50513172  5870.80744462 -3553.62200275], v=[-4.34300182 -0.81997835 -5.66679614]
  RK45_ECI: r=[ 2677.30376107 -1714.48285181  7030.44064445], v=[ 4.73813764  5.39656197 -0.48630292]
Epoch 2099, t=2460388.5323685994:
  TLE_ECI: r=[ 3397.08288216  5845.53677012 -3722.20778435], v=[-4.43268237 -0.97442468 -5.57196507]
  RK45_ECI: r=[ 2708.86155021 -1678.08247865  7027.14748599], v=[ 4.7203804   5.40837653 -0.52595825]
Epoch 2100, t=2460388.532443863:
  TLE_ECI: r=[ 3260.03731907  5815.57857826 -3887.88326783], v=[-4.51875119 -1.12818021 -5.47278677]
  RK45_ECI: r=[ 2740.28584627 -1641.5912026   7023.59657838], v=[ 4.70244009  5.41997698 -0.56559382]
Epoch 2101, t=2460388.532519126:
  TLE_ECI: r=[ 3120.48002581  5780.95421725 -4050.51921183], v=[-4.60114234 -1.28112139 -5.36933982]
  RK45_ECI: r=[ 2771.5754152  -1605.01048996  7019.78805744], v=[ 4.68431758  5.43136272 -0.60520816]
Epoch 2102, t=2460388.5325943893:
  TLE_ECI: r=[ 2978.52445591  5741.68881321 -4209.9887822 ], v=[-4.67979294 -1.43312537 -5.26170612]
  RK45_ECI: r=[ 2802.72947069 -1568.34128893  7015.72200945], v=[ 4.66601349  5.44253332 -0.64480036]
Epoch 2103, t=2460388.5326696527:
  TLE_ECI: r=[ 2834.28594123  5697.81119332 -4366.1676504 ], v=[-4.75464321 -1.58407    -5.14997079]
  RK45_ECI: r=[ 2833.74636068 -1531.58557074  7011.39864107], v=[ 4.64752891  5.45348805 -0.6843684 ]
Epoch 2104, t=2460388.532744916:
  TLE_ECI: r=[ 2687.88152869  5649.35390045 -4518.93408941], v=[-4.82563651 -1.73383401 -5.03422214]
  RK45_ECI: r=[ 2864.62515734 -1494.74447321  7006.81807253], v=[ 4.62886458  5.46422642 -0.72391119]
Epoch 2105, t=2460388.5328201796:
  TLE_ECI: r=[ 2539.42990051  5596.35315727 -4668.1690676 ], v=[-4.89271937 -1.8822971  -4.91455155]
  RK45_ECI: r=[ 2895.36437203 -1457.81980404  7001.98051706], v=[ 4.61002153  5.4747478  -0.76342688]
Epoch 2106, t=2460388.5328954426:
  TLE_ECI: r=[ 2389.05129317  5538.84882984 -4813.75634012], v=[-4.95584153 -2.02933998 -4.79105341]
  RK45_ECI: r=[ 2925.9628032  -1420.81305144  6996.88615808], v=[ 4.59100068  5.48505161 -0.80291403]
Epoch 2107, t=2460388.532970706:
  TLE_ECI: r=[ 2236.86733395  5476.88442384 -4955.58253789], v=[-5.01495596 -2.17484456 -4.66382505]
  RK45_ECI: r=[ 2956.41968701 -1383.72517925  6991.53511132], v=[ 4.57180265  5.49513745 -0.84237173]
Epoch 2108, t=2460388.5330459694:
  TLE_ECI: r=[ 2083.0010391   5410.5070061  -5093.53725441], v=[-5.07001892 -2.31869396 -4.53296662]
  RK45_ECI: r=[ 2986.73341286 -1346.55818507  6985.92764905], v=[ 4.55242861  5.50500465 -0.88179797]
Epoch 2109, t=2460388.533121233:
  TLE_ECI: r=[ 1927.57664823  5339.76719611 -5227.51312971], v=[-5.12098998 -2.46077262 -4.39858106]
  RK45_ECI: r=[ 3016.90307985 -1309.31322423  6980.06392686], v=[ 4.5328793   5.51465276 -0.92119166]
Epoch 2110, t=2460388.533196496:
  TLE_ECI: r=[ 1770.71955523  5264.71911252 -5357.405932  ], v=[-5.167832   -2.6009664  -4.26077397]
  RK45_ECI: r=[ 3046.92709656 -1271.9923055   6973.94424676], v=[ 4.51315592  5.52408113 -0.96055079]
Epoch 2111, t=2460388.5332717593:
  TLE_ECI: r=[ 1612.55614478  5185.42035117 -5483.11463644], v=[-5.2105112  -2.73916272 -4.11965354]
  RK45_ECI: r=[ 3076.80471957 -1234.59640532  6967.56875149], v=[ 4.49325911  5.53328938 -0.99987447]
Epoch 2112, t=2460388.5333470227:
  TLE_ECI: r=[ 1453.21378305  5101.93190628 -5604.54150174], v=[-5.24899715 -2.87525052 -3.97533047]
  RK45_ECI: r=[ 3106.53478407 -1197.12703436  6960.937674  ], v=[ 4.47318983  5.542277   -1.03916125]
Epoch 2113, t=2460388.533422286:
  TLE_ECI: r=[ 1292.82065304  5014.31814388 -5721.59214352], v=[-5.28326282 -3.00912047 -3.82791785]
  RK45_ECI: r=[ 3136.11586407 -1159.58603724  6954.05132247], v=[ 4.45294919  5.55104343 -1.07840931]
Epoch 2114, t=2460388.5334975496:
  TLE_ECI: r=[ 1131.50566693  4922.64674495 -5834.17560535], v=[-5.31328455 -3.140665   -3.6775311 ]
  RK45_ECI: r=[ 3165.54708652 -1121.97458575  6946.90988761], v=[ 4.43253797  5.55958823 -1.11761758]
Epoch 2115, t=2460388.5335728126:
  TLE_ECI: r=[  969.39837697  4826.98864862 -5942.20442682], v=[-5.33904209 -3.26977834 -3.52428786]
  RK45_ECI: r=[ 3194.82690391 -1084.29471224  6939.51373651], v=[ 4.41195741  5.56791084 -1.15678406]
Epoch 2116, t=2460388.533648076:
  TLE_ECI: r=[  806.62881482  4727.41800793 -6045.59470878], v=[-5.36051857 -3.39635673 -3.3683079 ]
  RK45_ECI: r=[ 3223.95459701 -1046.5474067   6931.86304094], v=[ 4.39120818  5.57601089 -1.19590786]
Epoch 2117, t=2460388.5337233394:
  TLE_ECI: r=[  643.32747378  4624.01211234 -6144.26617603], v=[-5.37770055 -3.52029835 -3.20971303]
  RK45_ECI: r=[ 3252.92903615 -1008.7341988   6923.95808083], v=[ 4.37029129  5.58388792 -1.23498754]
Epoch 2118, t=2460388.533798603:
  TLE_ECI: r=[  479.62514746  4516.85133965 -6238.14223682], v=[-5.39057802 -3.64150347 -3.048627  ]
  RK45_ECI: r=[3281.74883655 -970.8569538  6915.7992232 ], v=[ 4.34920787  5.59154141 -1.27402129]
Epoch 2119, t=2460388.5338738663:
  TLE_ECI: r=[  315.65284028  4406.01908925 -6327.15003965], v=[-5.39914434 -3.75987453 -2.88517539]
  RK45_ECI: r=[3310.41315405 -932.91685874 6907.38669368], v=[ 4.32795876  5.59897099 -1.31300805]
Epoch 2120, t=2460388.5339491293:
  TLE_ECI: r=[  151.54167636  4291.60171601 -6411.22052718], v=[-5.40339632 -3.87531616 -2.71948556]
  RK45_ECI: r=[3338.92048677 -894.91596734 6898.72092398], v=[ 4.30654522  5.60617613 -1.35194583]
Epoch 2121, t=2460388.5340243927:
  TLE_ECI: r=[  -12.57725462  4173.68846489 -6490.288487  ], v=[-5.40333414 -3.98773534 -2.55168647]
  RK45_ECI: r=[3367.2701405  -856.85528233 6889.80211473], v=[ 4.28496797  5.61315651 -1.39083375]
Epoch 2122, t=2460388.534099656:
  TLE_ECI: r=[ -176.57292432  4052.37139661 -6564.29259982], v=[-5.39896139 -4.09704139 -2.38190868]
  RK45_ECI: r=[3395.46102202 -818.73635069 6880.63059252], v=[ 4.26322805  5.61991171 -1.42967038]
Epoch 2123, t=2460388.5341749196:
  TLE_ECI: r=[ -340.31452014  3927.74531903 -6633.17548439], v=[-5.39028505 -4.20314605 -2.21028417]
  RK45_ECI: r=[3423.49178932 -780.56105632 6871.20678284], v=[ 4.24132664  5.62644127 -1.46845392]
Epoch 2124, t=2460388.534250183:
  TLE_ECI: r=[ -503.67153495  3799.90771211 -6696.88373955], v=[-5.37731547 -4.30596356 -2.03694628]
  RK45_ECI: r=[3451.36162816 -742.33060019 6861.53094598], v=[ 4.2192646   5.63274486 -1.50718332]
Epoch 2125, t=2460388.534325446:
  TLE_ECI: r=[ -666.51385846  3668.95865384 -6755.36798334], v=[-5.36006636 -4.40541072 -1.86202961]
  RK45_ECI: r=[3479.06908388 -704.04705546 6851.60357793], v=[ 4.19704325  5.638822   -1.54585659]
Epoch 2126, t=2460388.5344007094:
  TLE_ECI: r=[ -828.71192265  3535.00073513 -6808.58288895], v=[-5.33855475 -4.50140699 -1.68566989]
  RK45_ECI: r=[3506.61348819 -665.71143628 6841.42490794], v=[ 4.17466333  5.64467243 -1.58447287]
Epoch 2127, t=2460388.534475973:
  TLE_ECI: r=[ -990.13673687  3398.13899009 -6856.48721789], v=[-5.31280102 -4.59387445 -1.50800394]
  RK45_ECI: r=[3533.9937856  -627.32530528 6830.99530899], v=[ 4.1521259   5.65029576 -1.62303073]
Epoch 2128, t=2460388.5345512363:
  TLE_ECI: r=[-1150.66003273  3258.48080829 -6899.04384997], v=[-5.28282884 -4.68273795 -1.32916948]
  RK45_ECI: r=[3561.20867829 -588.89056305 6820.31526469], v=[ 4.1294322   5.6556916  -1.66152838]
Epoch 2129, t=2460388.5346264993:
  TLE_ECI: r=[-1310.15434359  3116.13585666 -6936.21981026], v=[-5.24866518 -4.76792511 -1.14930512]
  RK45_ECI: r=[3588.25725598 -550.40860641 6809.38512169], v=[ 4.10658323  5.66085962 -1.6999646 ]
Epoch 2130, t=2460388.5347017627:
  TLE_ECI: r=[-1468.49314053  2971.21597986 -6967.98629303], v=[-5.21034022 -4.84936643 -0.96855021]
  RK45_ECI: r=[3615.13849363 -511.88097581 6798.20528415], v=[ 4.08358002  5.66579951 -1.73833795]
Epoch 2131, t=2460388.534777026:
  TLE_ECI: r=[-1625.55087463  2823.83513502 -6994.31868276], v=[-5.1678874  -4.92699528 -0.78704473]
  RK45_ECI: r=[3641.85136885 -473.30924547 6786.77616549], v=[ 4.06042366  5.67051094 -1.77664704]
Epoch 2132, t=2460388.5348522896:
  TLE_ECI: r=[-1781.20311185  2674.10928993 -7015.19657193], v=[-5.12134334 -5.00074798 -0.60492922]
  RK45_ECI: r=[3668.39499191 -434.69480871 6775.09813292], v=[ 4.03711514  5.67499362 -1.81489061]
Epoch 2133, t=2460388.534927553:
  TLE_ECI: r=[-1935.32662006  2522.15633666 -7030.60377583], v=[-5.07074785 -5.07056384 -0.42234465]
  RK45_ECI: r=[3694.76811059 -396.0395807  6763.17172783], v=[ 4.01365574  5.67924721 -1.85306691]
Epoch 2134, t=2460388.535002816:
  TLE_ECI: r=[-2087.79945755  2368.09600646 -7040.52834436], v=[-5.01614385 -5.1363852  -0.23943235]
  RK45_ECI: r=[3720.96985049 -357.3449704  6750.99733696], v=[ 3.99004646  5.68327143 -1.8911747 ]
Epoch 2135, t=2460388.5350780794:
  TLE_ECI: r=[-2238.5010953   2212.04975367 -7044.96257065], v=[-4.95757736 -5.19815753 -0.05633387]
  RK45_ECI: r=[3746.99922439 -318.61252984 6738.57541044], v=[ 3.96628838  5.68706602 -1.92921257]
Epoch 2136, t=2460388.535153343:
  TLE_ECI: r=[-2387.31246729  2054.14069692 -7043.9029968 ], v=[-4.89509746 -5.25582937  0.12680909]
  RK45_ECI: r=[3772.85524964 -279.84384574 6725.90640755], v=[ 3.94238262  5.69063071 -1.96717911]
Epoch 2137, t=2460388.5352286063:
  TLE_ECI: r=[-2534.11609185  1894.49350099 -7037.35041639], v=[-4.82875627 -5.30935245  0.3098548 ]
  RK45_ECI: r=[3798.53707227 -241.04032222 6712.99073551], v=[ 3.91833019  5.69396524 -2.0050731 ]
Epoch 2138, t=2460388.5353038698:
  TLE_ECI: r=[-2678.79615475  1733.23428635 -7025.30987401], v=[-4.75860888 -5.35868169  0.49266161]
  RK45_ECI: r=[3824.04348681 -202.20388688 6699.8289931 ], v=[ 3.8941324   5.69706934 -2.04289278]
Epoch 2139, t=2460388.5353791327:
  TLE_ECI: r=[-2821.23859421  1570.49053994 -7007.79066174], v=[-4.68471333 -5.40377525  0.675088  ]
  RK45_ECI: r=[3849.37365553 -163.33595955 6686.42160694], v=[ 3.86979028  5.69994279 -2.08063693]
Epoch 2140, t=2460388.535454396:
  TLE_ECI: r=[-2961.33120805  1406.39098401 -6984.80631243], v=[-4.60713052 -5.4445946   0.85699277]
  RK45_ECI: r=[3874.52662997 -124.43810187 6672.76907279], v=[ 3.84530492  5.70258537 -2.11830415]
Epoch 2141, t=2460388.5355296596:
  TLE_ECI: r=[-3098.96371124  1241.06552485 -6956.37459019], v=[-4.52592424 -5.48110446  1.03823507]
  RK45_ECI: r=[3899.50158467  -85.51173696 6658.87182969], v=[ 3.82067738  5.70499685 -2.15589321]
Epoch 2142, t=2460388.535604923:
  TLE_ECI: r=[-3234.02784114  1074.64512054 -6922.51747753], v=[-4.44116107 -5.51327291  1.21867452]
  RK45_ECI: r=[3924.29735234  -46.55880082 6644.73052199], v=[ 3.79590898  5.70717703 -2.19340238]
Epoch 2143, t=2460388.535680186:
  TLE_ECI: r=[-3366.41743351   907.26169712 -6883.26115964], v=[-4.35291035 -5.54107138  1.39817132]
  RK45_ECI: r=[3948.91300999   -7.58089481 6630.34567607], v=[ 3.77100087  5.7091257  -2.23083026]
Epoch 2144, t=2460388.5357554494:
  TLE_ECI: r=[-3496.02851589   739.0480075  -6838.6360055 ], v=[-4.26124408 -5.56447472  1.57658636]
  RK45_ECI: r=[3973.34798595   31.42093541 6615.71761968], v=[ 3.74595386  5.71084268 -2.26817599]
Epoch 2145, t=2460388.535830713:
  TLE_ECI: r=[-3622.75937077   570.13758598 -6788.67654603], v=[-4.16623696 -5.58346117  1.7537813 ]
  RK45_ECI: r=[3997.60102595   70.44456284 6600.84709806], v=[ 3.72076942  5.7123278  -2.30543767]
Epoch 2146, t=2460388.5359059763:
  TLE_ECI: r=[-3746.51062663   400.66460661 -6733.42144911], v=[-4.06796626 -5.59801239  1.92961869]
  RK45_ECI: r=[4021.67145717  109.48874149 6585.7345216 ], v=[ 3.69544849  5.71358087 -2.34261426]
Epoch 2147, t=2460388.5359812398:
  TLE_ECI: r=[-3867.185332     230.76378793 -6672.91349164], v=[-3.96651178 -5.60811352  2.10396205]
  RK45_ECI: r=[4045.55816085  148.55152669 6570.38059112], v=[ 3.66999242  5.71460175 -2.37970403]
Epoch 2148, t=2460388.5360565027:
  TLE_ECI: r=[-3984.68903072    60.5702997  -6607.19952852], v=[-3.86195582 -5.61375314  2.276676  ]
  RK45_ECI: r=[4069.2602557   187.631309   6554.78587791], v=[ 3.6444024   5.71539028 -2.41670561]
Epoch 2149, t=2460388.536131766:
  TLE_ECI: r=[-4098.92983671  -109.78038903 -6536.33045858], v=[-3.75438305 -5.61492336  2.44762633]
  RK45_ECI: r=[4092.77719849  226.72703669 6538.95073752], v=[ 3.61867923  5.71594632 -2.45361815]
Epoch 2150, t=2460388.5362070296:
  TLE_ECI: r=[-4209.81850315  -280.1525468  -6460.36118758], v=[-3.64388053 -5.61161976  2.61668013]
  RK45_ECI: r=[4116.10778846  265.83657446 6522.87597692], v=[ 3.59282441  5.71626974 -2.49043977]
Epoch 2151, t=2460388.536282293:
  TLE_ECI: r=[-4317.26849437  -450.41033214 -6379.35058814], v=[-3.53053762 -5.60384143  2.78370586]
  RK45_ECI: r=[4139.25138646  304.95866995 6506.56203983], v=[ 3.5668389   5.71636041 -2.52716945]
Epoch 2152, t=2460388.5363575565:
  TLE_ECI: r=[-4421.19605299  -620.41788862 -6293.36145667], v=[-3.41444588 -5.59159099  2.94857348]
  RK45_ECI: r=[4162.20692315  344.09137174 6490.0096828 ], v=[ 3.54072409  5.71621823 -2.56380548]
Epoch 2153, t=2460388.5364328194:
  TLE_ECI: r=[-4521.52026792  -790.03943867 -6202.46046737], v=[-3.29569905 -5.57487457  3.11115452]
  RK45_ECI: r=[4184.97355963  383.23306394 6473.21952145], v=[ 3.51448117  5.71584309 -2.60034651]
Epoch 2154, t=2460388.536508083:
  TLE_ECI: r=[-4618.16312914  -959.13944355 -6106.71812324], v=[-3.17439291 -5.55370184  3.27132219]
  RK45_ECI: r=[4207.5507815   422.38268965 6456.19193874], v=[ 3.48811096  5.71523488 -2.6367917 ]
Epoch 2155, t=2460388.5365833463:
  TLE_ECI: r=[-4711.04960159 -1127.58263181 -6006.20870411], v=[-3.0506253  -5.52808599  3.42895151]
  RK45_ECI: r=[4229.93744248  461.53810774 6438.92780255], v=[ 3.46161499  5.71439354 -2.6731392 ]
Epoch 2156, t=2460388.5366586098:
  TLE_ECI: r=[-4800.10767657 -1295.23415872 -5901.01021182], v=[-2.924496   -5.49804375  3.58391934]
  RK45_ECI: r=[4252.13293759  500.69806044 6421.42758938], v=[ 3.43499424  5.71331897 -2.70938801]
Epoch 2157, t=2460388.536733873:
  TLE_ECI: r=[-4885.26843055 -1461.9597005  -5791.20431242], v=[-2.79610663 -5.46359535  3.73610453]
  RK45_ECI: r=[4274.13624783  539.86059159 6403.69211075], v=[ 3.40825012  5.71201112 -2.74553644]
Epoch 2158, t=2460388.536809136:
  TLE_ECI: r=[-4966.46608452 -1627.62554685 -5676.87627554], v=[-2.66556066 -5.42476454  3.885388  ]
  RK45_ECI: r=[4295.94657734  579.02408054 6385.72202588], v=[ 3.38138385  5.71046994 -2.78158317]
Epoch 2159, t=2460388.5368843996:
  TLE_ECI: r=[-5043.63803765 -1792.09876562 -5558.11491089], v=[-2.53296318 -5.38157861  4.03165284]
  RK45_ECI: r=[4317.56344101  618.1874662  6367.51774469], v=[ 3.35439625  5.70869533 -2.81752738]
Epoch 2160, t=2460388.536959663:
  TLE_ECI: r=[-5116.72494434 -1955.24722292 -5435.01250186], v=[-2.398421   -5.3340683   4.17478438]
  RK45_ECI: r=[4338.98574804  657.34860367 6349.08019503], v=[ 3.3272889   5.70668731 -2.85336723]
Epoch 2161, t=2460388.5370349265:
  TLE_ECI: r=[-5185.67074391 -2116.9397466  -5307.66473648], v=[-2.26204244 -5.28226786  4.31467032]
  RK45_ECI: r=[4360.21292817  696.50623106 6330.40988562], v=[ 3.30006278  5.70444581 -2.88910174]
Epoch 2162, t=2460388.5371101894:
  TLE_ECI: r=[-5250.42271637 -2277.04620238 -5176.17063546], v=[-2.12393731 -5.22621496  4.45120078]
  RK45_ECI: r=[4381.2439159   735.6582026  6311.50777128], v=[ 3.27271947  5.70197084 -2.92472911]
Epoch 2163, t=2460388.537185453:
  TLE_ECI: r=[-5310.93149845 -2435.43766025 -5040.63247762], v=[-1.98421676 -5.16595077  4.58426844]
  RK45_ECI: r=[4402.07825234  774.80345496 6292.37428637], v=[ 3.24525981  5.69926236 -2.96024851]
Epoch 2164, t=2460388.5372607163:
  TLE_ECI: r=[-5367.15116206 -2591.98640691 -4901.15572253], v=[-1.84299328 -5.10151982  4.71376859]
  RK45_ECI: r=[4422.71518896  813.94036337 6273.01013498], v=[ 3.21768504  5.69632036 -2.99565866]
Epoch 2165, t=2460388.5373359798:
  TLE_ECI: r=[-5419.03922575 -2746.5661109  -4757.84893062], v=[-1.70038057 -5.03297007  4.83959921]
  RK45_ECI: r=[4443.15378921  853.06696807 6253.41621468], v=[ 3.18999663  5.69314488 -3.03095791]
Epoch 2166, t=2460388.537411243:
  TLE_ECI: r=[-5466.55669516 -2899.05191034 -4610.82368057], v=[-1.55649343 -4.96035282  4.9616611 ]
  RK45_ECI: r=[4463.39351806  892.18200454 6233.59306579], v=[ 3.16219559  5.68973589 -3.0661453 ]
Epoch 2167, t=2460388.537486506:
  TLE_ECI: r=[-5509.66810382 -3049.32049823 -4460.19448428], v=[-1.41144772 -4.8837227   5.07985793]
  RK45_ECI: r=[4483.43336703  931.28332613 6213.54170166], v=[ 3.13428351  5.68609348 -3.10121905]
Epoch 2168, t=2460388.5375617696:
  TLE_ECI: r=[-5548.34150613 -3197.2502885  -4306.07869929], v=[-1.26536016 -4.80313764  5.19409632]
  RK45_ECI: r=[4503.27290742  970.36986737 6193.26258258], v=[ 3.10626126  5.68221764 -3.13617837]
Epoch 2169, t=2460388.537637033:
  TLE_ECI: r=[-5582.54855588 -3342.72141908 -4148.59643866], v=[-1.1183484  -4.71865882  5.30428595]
  RK45_ECI: r=[4522.9114353  1009.44000212 6172.75645469], v=[ 3.07813012  5.67810838 -3.17102197]
Epoch 2170, t=2460388.5377122965:
  TLE_ECI: r=[-5612.26449468 -3485.61591497 -3987.87047867], v=[-0.97053081 -4.63035064  5.4103396 ]
  RK45_ECI: r=[4542.34806683 1048.49177102 6152.0242681 ], v=[ 3.04989156  5.67376583 -3.20574827]
Epoch 2171, t=2460388.53778756:
  TLE_ECI: r=[-5637.46818072 -3625.81776939 -3824.02616404], v=[-0.8220264  -4.53828064  5.51217325]
  RK45_ECI: r=[4561.58230293 1087.5239077  6131.06659413], v=[ 3.02154661  5.66918998 -3.2403563 ]
Epoch 2172, t=2460388.537862823:
  TLE_ECI: r=[-5658.14211678 -3763.21302373 -3657.19131095], v=[-0.67295475 -4.44251952  5.60970617]
  RK45_ECI: r=[4580.61319309 1126.5342673  6109.88450357], v=[ 2.99309691  5.66438099 -3.27484433]
Epoch 2173, t=2460388.5379380863:
  TLE_ECI: r=[-5674.27242092 -3897.68992792 -3487.49610797], v=[-0.52343589 -4.34314103  5.70286094]
  RK45_ECI: r=[4599.4403393  1165.52178316 6088.47848214], v=[ 2.96454335  5.65933887 -3.30921157]
Epoch 2174, t=2460388.5380133498:
  TLE_ECI: r=[-5685.84890262 -4029.13893442 -3315.07301467], v=[-0.3735902  -4.24022193  5.79156356]
  RK45_ECI: r=[4618.06308302 1204.48482938 6066.84931722], v=[ 2.9358872   5.65406371 -3.34345677]
Epoch 2175, t=2460388.538088613:
  TLE_ECI: r=[-5692.86502809 -4157.45285567 -3140.05665845], v=[-0.22353836 -4.13384196  5.87574353]
  RK45_ECI: r=[4636.48059412 1243.42144891 6044.9980105 ], v=[ 2.90712999  5.64855566 -3.37757837]
Epoch 2176, t=2460388.5381638766:
  TLE_ECI: r=[-5695.31793606 -4282.52693722 -2962.58372918], v=[-0.07340117 -4.02408373  5.95533385]
  RK45_ECI: r=[4654.69240996 1282.33037525 6022.92516367], v=[ 2.87827276  5.64281477 -3.41157542]
Epoch 2177, t=2460388.5382391396:
  TLE_ECI: r=[-5693.20845283 -4404.25892886 -2782.79287217], v=[ 0.07670048 -3.91103273  6.03027115]
  RK45_ECI: r=[4672.69763906 1321.20946721 6000.63190394], v=[ 2.84931718  5.63684127 -3.44544622]
Epoch 2178, t=2460388.538314403:
  TLE_ECI: r=[-5686.54104001 -4522.54923721 -2600.82457931], v=[ 0.22664579 -3.79477717  6.10049571]
  RK45_ECI: r=[4690.49591461 1360.05765826 5978.1187419 ], v=[ 2.82026414  5.6306352  -3.47919001]
Epoch 2179, t=2460388.5383896665:
  TLE_ECI: r=[-5675.32386695 -4637.30090949 -2416.82107837], v=[ 0.37631404 -3.67540801  6.16595151]
  RK45_ECI: r=[4708.08662423 1398.87332438 5955.3865054 ], v=[ 2.79111496  5.62419668 -3.51280555]
Epoch 2180, t=2460388.53846493:
  TLE_ECI: r=[-5659.56875288 -4748.41978222 -2230.92622089], v=[ 0.52558481 -3.55301882  6.22658633]
  RK45_ECI: r=[4725.46899233 1437.65451307 5932.43624677], v=[ 2.76187118  5.61752596 -3.5462913 ]
Epoch 2181, t=2460388.538540193:
  TLE_ECI: r=[-5639.29118379 -4855.81452717 -2043.28536843], v=[ 0.67433797 -3.42770572  6.28235171]
  RK45_ECI: r=[4742.64243091 1476.39960259 5909.26881594], v=[ 2.73253412  5.61062318 -3.57964604]
Epoch 2182, t=2460388.5386154563:
  TLE_ECI: r=[-5614.51024222 -4959.39679527 -1854.04527766], v=[ 0.82245391 -3.29956733  6.33320311]
  RK45_ECI: r=[4759.60659577 1515.10752672 5885.88474005], v=[ 2.70310469  5.60348841 -3.61286902]
Epoch 2183, t=2460388.5386907198:
  TLE_ECI: r=[-5585.24867534 -5059.08119216 -1663.35398369], v=[ 0.96981352 -3.16870466  6.37909985]
  RK45_ECI: r=[4776.36066444 1553.77615138 5862.28520953], v=[ 2.67358459  5.59612196 -3.64595856]
Epoch 2184, t=2460388.538765983:
  TLE_ECI: r=[-5551.53281962 -5154.7854169  -1471.36068268], v=[ 1.11629835 -3.03522105  6.42000519]
  RK45_ECI: r=[4792.90423378 1592.40421262 5838.47087348], v=[ 2.64397489  5.58852394 -3.67891377]
Epoch 2185, t=2460388.5388412466:
  TLE_ECI: r=[-5513.39259229 -5246.43031529 -1278.21561304], v=[ 1.2617907  -2.89922207  6.45588638]
  RK45_ECI: r=[4809.2365837  1630.98976429 5814.44283388], v=[ 2.61427715  5.58069463 -3.71173312]
Epoch 2186, t=2460388.5389165096:
  TLE_ECI: r=[-5470.86148077 -5333.93993195 -1084.06993579], v=[ 1.40617374 -2.76081544  6.48671468]
  RK45_ECI: r=[4825.35725208 1669.53135971 5790.20186571], v=[ 2.58449259  5.5726342  -3.74441557]
Epoch 2187, t=2460388.538991773:
  TLE_ECI: r=[-5423.97645251 -5417.24163851  -889.07561409], v=[ 1.5493316  -2.62011093  6.51246535]
  RK45_ECI: r=[4841.26569016 1708.02742452 5765.74886304], v=[ 2.55462251  5.5643429  -3.77695994]
Epoch 2188, t=2460388.5390670365:
  TLE_ECI: r=[-5372.77801576 -5496.26609975  -693.38529173], v=[ 1.69114943 -2.47722028  6.53311774]
  RK45_ECI: r=[4856.96137296 1746.47634357 5741.08472765], v=[ 2.52466825  5.55582096 -3.80936502]
Epoch 2189, t=2460388.5391423:
  TLE_ECI: r=[-5317.31012342 -5570.94739713  -497.1521713 ], v=[ 1.83151357 -2.33225714  6.54865525]
  RK45_ECI: r=[4872.44385628 1784.87668632 5716.21025184], v=[ 2.49463101  5.54706857 -3.84162978]
Epoch 2190, t=2460388.5392175633:
  TLE_ECI: r=[-5257.62015055 -5641.22306929  -300.52989164], v=[ 1.97031157 -2.18533688  6.5590654 ]
  RK45_ECI: r=[4887.712476   1823.2265156  5691.12658633], v=[ 2.46451238  5.53808609 -3.87375274]
Epoch 2191, t=2460388.5392928263:
  TLE_ECI: r=[-5193.75887071 -5707.03415014  -103.67240488], v=[ 2.10743236 -2.03657661  6.56433977]
  RK45_ECI: r=[4902.76681317 1861.52438971 5665.83453974], v=[ 2.4343136   5.52887374 -3.90573287]
Epoch 2192, t=2460388.5393680898:
  TLE_ECI: r=[-5125.78034581 -5768.32528053    93.26614665], v=[ 2.24276629 -1.88609497  6.5644741 ]
  RK45_ECI: r=[4917.606365   1899.76874182 5640.33504462], v=[ 2.40403595  5.5194318  -3.937569  ]
Epoch 2193, t=2460388.539443353:
  TLE_ECI: r=[-5053.74197924 -5825.04466421   290.13155406], v=[ 2.37620527 -1.73401213  6.55946822]
  RK45_ECI: r=[4932.23065426 1937.95796398 5614.62904112], v=[ 2.37368081  5.50976057 -3.96925996]
Epoch 2194, t=2460388.5395186166:
  TLE_ECI: r=[-4977.70440078 -5877.1441734    486.76966524], v=[ 2.5076428  -1.5804496   6.54932607]
  RK45_ECI: r=[4946.63927939 1976.09063197 5588.71735485], v=[ 2.34324939  5.49986029 -4.00080474]
Epoch 2195, t=2460388.53959388:
  TLE_ECI: r=[-4897.73143105 -5924.57937496   683.02650835], v=[ 2.63697411 -1.4255302   6.53405573]
  RK45_ECI: r=[4960.83163288 2014.1648195  5562.60118429], v=[ 2.31274328  5.48973138 -4.03220188]
Epoch 2196, t=2460388.539669143:
  TLE_ECI: r=[-4813.89004451 -5967.30955443   878.74841515], v=[ 2.76409626 -1.26937792  6.51366935]
  RK45_ECI: r=[4974.8073391  2052.17909169 5536.28137109], v=[ 2.28216372  5.47937409 -4.06345038]
Epoch 2197, t=2460388.5397444065:
  TLE_ECI: r=[-4726.25024211 -6005.29780795  1073.78214379], v=[ 2.88890817 -1.11211777  6.4881832 ]
  RK45_ECI: r=[4988.56594152 2090.13189113 5509.75888551], v=[ 2.25151203  5.46878878 -4.09454909]
Epoch 2198, t=2460388.53981967:
  TLE_ECI: r=[-4634.88509635 -6038.51098841  1267.97500167], v=[ 3.01131075 -0.95387576  6.45761763]
  RK45_ECI: r=[5002.10707874 2128.0217853  5483.03457936], v=[ 2.22078943  5.45797572 -4.125497  ]
Epoch 2199, t=2460388.5398949333:
  TLE_ECI: r=[-4539.87061923 -6066.91979131  1461.17496739], v=[ 3.13120697 -0.79477876  6.42199703]
  RK45_ECI: r=[5015.43018877 2165.84685816 5456.10968859], v=[ 2.18999753  5.44693537 -4.15629271]
Epoch 2200, t=2460388.5399701963:
  TLE_ECI: r=[-4441.28573251 -6090.49875273  1653.2308122 ], v=[ 3.24850194 -0.63495437  6.38134984]
  RK45_ECI: r=[5028.53486484 2203.60551558 5428.9852085 ], v=[ 2.15913771  5.43566809 -4.18693506]
Epoch 2201, t=2460388.5400454598:
  TLE_ECI: r=[-4339.21212904 -6109.22632381  1843.99222062], v=[ 3.363103   -0.47453079  6.33570851]
  RK45_ECI: r=[5041.42088527 2241.29670644 5401.66175561], v=[ 2.12821088  5.42417409 -4.21742338]
Epoch 2202, t=2460388.540120723:
  TLE_ECI: r=[-4233.73431042 -6123.08481022  2033.30991047], v=[ 3.47491976 -0.3136368   6.28510947]
  RK45_ECI: r=[5054.0876618  2278.91834238 5374.14072035], v=[ 2.09721881  5.41245391 -4.24775611]
Epoch 2203, t=2460388.5401959866:
  TLE_ECI: r=[-4124.93944371 -6132.06044064  2221.03575162], v=[ 3.58386423 -0.15240157  6.22959308]
  RK45_ECI: r=[5066.5349359  2316.46918043 5346.42285879], v=[ 2.06616259  5.40050783 -4.27793241]
Epoch 2204, t=2460388.54027125:
  TLE_ECI: r=[-4012.91730532 -6136.14336549  2407.0228838 ], v=[3.68985084 0.00904544 6.16920363]
  RK45_ECI: r=[5078.76220263 2353.94731928 5318.5094527 ], v=[ 2.03504382  5.38833636 -4.30795091]
Epoch 2205, t=2460388.540346513:
  TLE_ECI: r=[-3897.76022282 -6135.32765423  2591.1258333 ], v=[3.79279654 0.17057455 6.10398926]
  RK45_ECI: r=[5090.76910348 2391.35117628 5290.40153362], v=[ 2.00386389  5.37593991 -4.33781049]
Epoch 2206, t=2460388.5404217765:
  TLE_ECI: r=[-3779.56292489 -6129.61134684  2773.20062808], v=[3.89262084 0.332056   6.03400194]
  RK45_ECI: r=[5102.55544919 2428.679707   5262.09974034], v=[ 1.97262372  5.36331872 -4.36751049]
Epoch 2207, t=2460388.54049704:
  TLE_ECI: r=[-3658.42256915 -6118.99638624  2953.10491201], v=[3.9892459  0.49336007 5.95929742]
  RK45_ECI: r=[5114.12071393 2465.93084059 5233.60551303], v=[ 1.94132507  5.35047338 -4.3970494 ]
Epoch 2208, t=2460388.5405723033:
  TLE_ECI: r=[-3534.43858832 -6103.48866382  3130.69805715], v=[4.08259658 0.65435716 5.87993515]
  RK45_ECI: r=[5125.46467743 2503.10334282 5204.91963429], v=[ 1.90996903  5.33740422 -4.42642641]
Epoch 2209, t=2460388.540647567:
  TLE_ECI: r=[-3407.71262444 -6083.09800313  3305.8412746 ], v=[4.1726005  0.8149179  5.79597827]
  RK45_ECI: r=[5136.58689202 2540.19532903 5176.04343047], v=[ 1.87855723  5.3241118  -4.45564016]
Epoch 2210, t=2460388.5407228298:
  TLE_ECI: r=[-3278.34846131 -6057.83814239  3478.39772383], v=[4.25918808 0.97491328 5.70749353]
  RK45_ECI: r=[5147.48704755 2577.2052296  5146.9779683 ], v=[ 1.84709105  5.31059657 -4.48468961]
Epoch 2211, t=2460388.540798093:
  TLE_ECI: r=[-3146.45186614 -6027.72676242  3648.23261983], v=[4.34229261 1.13421476 5.61455122]
  RK45_ECI: r=[5158.16498709 2614.13200796 5117.7239082 ], v=[ 1.81557141  5.2968588  -4.51357409]
Epoch 2212, t=2460388.5408733566:
  TLE_ECI: r=[-3012.13060813 -5992.7854132   3815.213339  ], v=[4.42185029 1.29269435 5.51722512]
  RK45_ECI: r=[5168.62024754 2650.97361284 5088.28273858], v=[ 1.78400008  5.28289915 -4.54229213]
Epoch 2213, t=2460388.54094862:
  TLE_ECI: r=[-2875.49429716 -5953.03953604  3979.20952258], v=[4.4978003  1.45022472 5.41559243]
  RK45_ECI: r=[5178.85264692 2687.7288199  5058.65526778], v=[ 1.75237815  5.26871797 -4.57084297]
Epoch 2214, t=2460388.5410238835:
  TLE_ECI: r=[-2736.65431031 -5908.51843285  4140.09317827], v=[4.57008478 1.60667933 5.3097337 ]
  RK45_ECI: r=[5188.86179507 2724.39576296 5028.84286539], v=[ 1.72070727  5.25431588 -4.59922529]
Epoch 2215, t=2460388.5410991465:
  TLE_ECI: r=[-2595.72371618 -5859.25523475  4297.7387798 ], v=[4.63864896 1.76193248 5.19973278]
  RK45_ECI: r=[5198.6474302  2760.97288727 4998.84663218], v=[ 1.68898881  5.23969337 -4.62743807]
Epoch 2216, t=2460388.54117441:
  TLE_ECI: r=[-2452.81711304 -5805.28690572  4452.02336408], v=[4.70344113 1.9158595  5.0856767 ]
  RK45_ECI: r=[5208.20942784 2797.45916487 4968.66724945], v=[ 1.6572237   5.22485074 -4.65548067]
Epoch 2217, t=2460388.5412496733:
  TLE_ECI: r=[-2308.05063715 -5746.6541656   4602.82662654], v=[4.76441268 2.06833677 4.96765563]
  RK45_ECI: r=[5217.54738793 2833.85256598 4938.30625238], v=[ 1.62541372  5.20978872 -4.68335167]
Epoch 2218, t=2460388.541324937:
  TLE_ECI: r=[-2161.54179761 -5683.4014889   4750.03101371], v=[4.82151818 2.21924183 4.84576281]
  RK45_ECI: r=[5226.6611667  2870.15187772 4907.76447413], v=[ 1.59355997  5.19450767 -4.71105034]
Epoch 2219, t=2460388.5414001998:
  TLE_ECI: r=[-2013.40941408 -5615.57705444  4893.52181372], v=[4.87471536 2.3684535  4.72009443]
  RK45_ECI: r=[5235.55039258 2906.35508088 4877.04347069], v=[ 1.56166424  5.17900835 -4.73857527]
Epoch 2220, t=2460388.541475463:
  TLE_ECI: r=[-1863.7734529  -5543.23273062  5033.18724409], v=[4.92396515 2.51585201 4.59074959]
  RK45_ECI: r=[5244.21496989 2942.46115679 4846.143942  ], v=[ 1.52972746  5.16329109 -4.76592585]
Epoch 2221, t=2460388.5415507266:
  TLE_ECI: r=[-1712.75502846 -5466.42399647  5168.91853744], v=[4.9692317  2.66131901 4.45783017]
  RK45_ECI: r=[5252.65468916 2978.4685673  4815.06702319], v=[ 1.49775102  5.14735641 -4.79310111]
Epoch 2222, t=2460388.54162599:
  TLE_ECI: r=[-1560.47623788 -5385.20992195  5300.61002424], v=[5.01048243 2.80473772 4.32144081]
  RK45_ECI: r=[5260.86925265 3014.3754798  4783.81415006], v=[ 1.46573657  5.13120504 -4.82009979]
Epoch 2223, t=2460388.5417012535:
  TLE_ECI: r=[-1407.06007841 -5299.65311387  5428.15921316], v=[5.047688   2.945993   4.18168874]
  RK45_ECI: r=[5268.85855511 3050.18069356 4752.3861797 ], v=[ 1.4336852   5.11483738 -4.84692117]
Epoch 2224, t=2460388.5417765165:
  TLE_ECI: r=[-1252.63036284 -5209.81966194  5551.4668688 ], v=[5.08082237 3.08497146 4.03868378]
  RK45_ECI: r=[5276.62228829 3085.88221407 4720.78471258], v=[ 1.40159871  5.09825423 -4.87356392]
Epoch 2225, t=2460388.54185178:
  TLE_ECI: r=[-1097.31155805 -5115.77910091  5670.43708653], v=[5.10986275 3.22156153 3.89253816]
  RK45_ECI: r=[5284.1603891  3121.47903332 4689.01046801], v=[ 1.36947805  5.08145596 -4.90002744]
Epoch 2226, t=2460388.5419270433:
  TLE_ECI: r=[ -941.22877676 -5017.60433141  5784.97736496], v=[5.1347897  3.35565355 3.7433665 ]
  RK45_ECI: r=[5291.47269677 3156.96963109 4657.0646128 ], v=[ 1.3373246   5.06444315 -4.92631078]
Epoch 2227, t=2460388.542002307:
  TLE_ECI: r=[ -784.50761539 -4915.37157772  5894.99867528], v=[5.15558705 3.48713984 3.59128569]
  RK45_ECI: r=[5298.55897174 3192.35219805 4624.94862225], v=[ 1.30514001  5.04721655 -4.95241276]
Epoch 2228, t=2460388.54207757:
  TLE_ECI: r=[ -627.27406837 -4809.16032302  6000.41552801], v=[5.17224195 3.6159148  3.43641479]
  RK45_ECI: r=[5305.41914726 3227.62554709 4592.66337645], v=[ 1.2729254   5.02977661 -4.97833266]
Epoch 2229, t=2460388.542152833:
  TLE_ECI: r=[ -469.65444129 -4699.05324463  6101.14603686], v=[5.18474488 3.74187497 3.27887494]
  RK45_ECI: r=[5312.05297873 3262.78771035 4560.21051876], v=[ 1.24068257  5.01212421 -5.00406921]
Epoch 2230, t=2460388.5422280966:
  TLE_ECI: r=[ -311.77519437 -4585.13615457  6197.1119796 ], v=[5.1930896  3.86491917 3.11878926]
  RK45_ECI: r=[5318.46043563 3297.8376917  4527.59078713], v=[ 1.20841246  4.99425973 -5.02962183]
Epoch 2231, t=2460388.54230336:
  TLE_ECI: r=[ -153.76292583 -4467.4979217   6288.23885638], v=[5.19727319 3.98494847 2.95628277]
  RK45_ECI: r=[5324.6414063  3332.77399005 4494.80537884], v=[ 1.17611647  4.97618378 -5.05498961]
Epoch 2232, t=2460388.5423786235:
  TLE_ECI: r=[ 4.25578533e+00 -4.34623041e+03  6.37445594e+03], v=[5.19729604 4.10186633 2.79148227]
  RK45_ECI: r=[5330.59570934 3367.59482162 4461.85580724], v=[ 1.14379627  4.9578972  -5.0801714 ]
Epoch 2233, t=2460388.5424538865:
  TLE_ECI: r=[  162.15445276 -4221.42839729  6455.69635203], v=[5.19316183 4.21557867 2.62451627]
  RK45_ECI: r=[5336.32325887 3402.29869695 4428.7432861 ], v=[ 1.11145325  4.93940064 -5.1051663 ]
Epoch 2234, t=2460388.54252915:
  TLE_ECI: r=[  319.80683282 -4093.18951418  6531.8970644 ], v=[5.18487751 4.32599393 2.45551485]
  RK45_ECI: r=[5341.82404768 3436.88462826 4395.46856542], v=[ 1.07908835  4.9206945  -5.12997376]
Epoch 2235, t=2460388.5426044133:
  TLE_ECI: r=[  477.08694882 -3961.6141537   6602.99899348], v=[5.1724533  4.43302314 2.2846096 ]
  RK45_ECI: r=[5347.09790449 3471.35068084 4362.03333571], v=[ 1.0467034   4.90177972 -5.15459255]
Epoch 2236, t=2460388.542679677:
  TLE_ECI: r=[  633.86924074 -3826.80539972  6668.94701953], v=[5.1559027  4.53657997 2.11193351]
  RK45_ECI: r=[5352.14482449 3505.6956919  4328.43851203], v=[ 1.01429951  4.8826568  -5.179022  ]
Epoch 2237, t=2460388.54275494:
  TLE_ECI: r=[  790.02865121 -3688.86894468  6729.69003176], v=[5.13524243 4.63658079 1.93762084]
  RK45_ECI: r=[5356.96468484 3539.91790475 4294.68564435], v=[ 0.98187834  4.86332662 -5.20326102]
Epoch 2238, t=2460388.542830203:
  TLE_ECI: r=[  945.44071307 -3547.91300973  6785.18096572], v=[5.11049243 4.73294477 1.76180707]
  RK45_ECI: r=[5361.55744877 3574.01585188 4260.77597517], v=[ 0.94944131  4.84378987 -5.22730873]
Epoch 2239, t=2460388.5429054666:
  TLE_ECI: r=[ 1099.98168887 -3404.04824985  6835.37683743], v=[5.08167582 4.82559393 1.58462876]
  RK45_ECI: r=[5365.9231419  3607.98855908 4226.71027188], v=[ 0.91698935  4.82404701 -5.25116462]
Epoch 2240, t=2460388.54298073:
  TLE_ECI: r=[ 1253.5286039  -3257.38768257  6880.23877484], v=[5.04881891 4.91445314 1.40622346]
  RK45_ECI: r=[5370.06165691 3641.83412289 4192.49026455], v=[ 0.88452428  4.80409901 -5.27482749]
Epoch 2241, t=2460388.5430559935:
  TLE_ECI: r=[ 1405.95938499 -3108.04659049  6919.73204586], v=[5.01195116 4.99945024 1.22672961]
  RK45_ECI: r=[5373.97302766 3675.55139758 4158.11688901], v=[ 0.85204723  4.78394644 -5.29829672]
Epoch 2242, t=2460388.543131257:
  TLE_ECI: r=[ 1557.1529445  -2956.142434    6953.82608358], v=[4.97110515 5.08051606 1.04628644]
  RK45_ECI: r=[5377.65719005 3709.13865541 4123.59173047], v=[ 0.81955986  4.76359021 -5.32157123]
Epoch 2243, t=2460388.54320652:
  TLE_ECI: r=[ 1706.98926669 -2801.79476492  6982.49450836], v=[4.92631657 5.15758446 0.86503386]
  RK45_ECI: r=[5381.11418038 3742.59459731 4088.91589596], v=[ 0.78706343  4.74303098 -5.34465031]
Epoch 2244, t=2460388.5432817833:
  TLE_ECI: r=[ 1855.34953406 -2645.12511443  7005.71514676], v=[4.8776241  5.23059246 0.68311238]
  RK45_ECI: r=[5384.34398493 3775.91782969 4054.09065893], v=[ 0.75455931  4.72226952 -5.36753312]
Epoch 2245, t=2460388.543357047:
  TLE_ECI: r=[ 2002.11616884 -2486.25692726  7023.47004767], v=[4.82506951 5.29948017 0.50066296]
  RK45_ECI: r=[5387.34663248 3809.10691659 4019.11729816], v=[ 0.72204891  4.70130658 -5.39021885]
Epoch 2246, t=2460388.54343231:
  TLE_ECI: r=[ 2147.17295849 -2325.31544756  7035.74549503], v=[4.76869755 5.3641909  0.31782697]
  RK45_ECI: r=[5390.12217165 3842.16058571 3983.99693258], v=[ 0.68953347  4.68014286 -5.41270677]
Epoch 2247, t=2460388.5435075737:
  TLE_ECI: r=[ 2290.40513699 -2162.42762643  7042.53201774], v=[4.70855592 5.4246712  0.13474603]
  RK45_ECI: r=[5392.67059662 3875.07714074 3948.7311813 ], v=[ 0.65701465  4.65877932 -5.43499588]
Epoch 2248, t=2460388.5435828366:
  TLE_ECI: r=[ 2431.69946782 -1997.72203068  7043.82439638], v=[ 4.64469525  5.48087088 -0.04843804]
  RK45_ECI: r=[5394.99198786 3907.85530448 3913.32117443], v=[ 0.62449373  4.63721668 -5.45708547]
Epoch 2249, t=2460388.5436581:
  TLE_ECI: r=[ 2570.94435555 -1831.32871547  7039.62166679], v=[ 4.57716899  5.53274309 -0.23158338]
  RK45_ECI: r=[5397.08637917 3940.49370892 3877.76821189], v=[ 0.59197205  4.61545575 -5.47897474]
Epoch 2250, t=2460388.5437333635:
  TLE_ECI: r=[ 2708.02989547 -1663.37916488  7029.9271208 ], v=[ 4.50603348  5.58024429 -0.41454813]
  RK45_ECI: r=[5398.95386528 3972.99108411 3842.07343078], v=[ 0.55945087  4.59349721 -5.50066301]

Summary Statistics:
Mean position difference: 9962.944 m
Max position difference: 15475.520 m
Mean velocity difference: 9.261 m/s
Max velocity difference: 14.381 m/s
