Perturbation configuration 15: J2, ThirdBody, SolarRadiation, AtmDrag
TLE: 1 41240U 16002A   24078.93311235 -.00000041  00000-0  88455-4 0  9998
2 41240  66.0433  38.7934 0008217 275.1931  84.8147 12.80929479381943
Initial state: r=[-1860.2918104   2511.66965221  7054.40180529], v=[-5.6479915  -4.46099341  0.09890006], jd=2460388.3743908517

Epoch 0, t=2460388.3743908517:
  TLE_ECI: r=[ -351.48708541 -3116.28604399  7048.74830935], v=[ 7.08706485 -1.16734781 -0.16198856]
  RK45_ECI: r=[ -638.30754113 -3056.16509346  7055.93178089], v=[ 7.08108291 -1.28901005  0.0822758 ]
Epoch 1, t=2460388.374466115:
  TLE_ECI: r=[ -137.27230569 -3150.1622597   7041.1361309 ], v=[ 7.09393955 -1.08267212 -0.34522476]
  RK45_ECI: r=[ -590.7964427  -3064.77962519  7056.33410115], v=[ 7.08514397 -1.26844243  0.04251026]
Epoch 2, t=2460388.3745413786:
  TLE_ECI: r=[   77.08014039 -3181.38368931  7028.03051036], v=[ 7.09521288 -0.99714928 -0.52819217]
  RK45_ECI: r=[ -543.25557262 -3073.23775058  7056.4778209 ], v=[ 7.08892802e+00 -1.24782493e+00  2.74300266e-03]
Epoch 3, t=2460388.3746166416:
  TLE_ECI: r=[  291.40089939 -3209.92595726  7009.44164072], v=[ 7.09088301 -0.91085071 -0.71074908]
  RK45_ECI: r=[ -495.68746517 -3081.53901937  7056.36293491], v=[ 7.09243486 -1.2271588  -0.03702394]
Epoch 4, t=2460388.374691905:
  TLE_ECI: r=[  505.52064517 -3235.76691758  6985.38396259], v=[ 7.08095245 -0.82384836 -0.89275404]
  RK45_ECI: r=[ -448.09333075 -3089.68322197  7055.9894479 ], v=[ 7.09566437 -1.2064448  -0.07678968]
Epoch 5, t=2460388.3747671684:
  TLE_ECI: r=[  719.2701538  -3258.88667385  6955.87615369], v=[ 7.06542804 -0.73621478 -1.07406603]
  RK45_ECI: r=[ -400.47505662 -3097.67003542  7055.35737034], v=[ 7.09861638 -1.18568395 -0.11655272]
Epoch 6, t=2460388.374842432:
  TLE_ECI: r=[  932.48047197 -3279.26759311  6920.94111519], v=[ 7.04432095 -0.648023   -1.25454454]
  RK45_ECI: r=[ -352.83495572 -3105.49907477  7054.46673174], v=[ 7.10129074 -1.16487746 -0.15631124]
Epoch 7, t=2460388.3749176953:
  TLE_ECI: r=[ 1144.98303866 -3296.89431962  6880.60595499], v=[ 7.01764668 -0.55934646 -1.43404965]
  RK45_ECI: r=[ -305.17447554 -3113.17010739  7053.31755696], v=[ 7.10368732 -1.14402616 -0.19606414]
Epoch 8, t=2460388.3749929583:
  TLE_ECI: r=[ 1356.60980644 -3311.75379038  6834.90196791], v=[ 6.98542506 -0.470259   -1.61244216]
  RK45_ECI: r=[ -257.49615727 -3120.68273087  7051.90990673], v=[ 7.10580599 -1.12313136 -0.23580938]
Epoch 9, t=2460388.3750682217:
  TLE_ECI: r=[ 1567.19341059 -3323.83523011  6783.86461286], v=[ 6.94768023 -0.38083469 -1.78958369]
  RK45_ECI: r=[ -209.8012149  -3128.03676244  7050.24381534], v=[ 7.10764666 -1.10219379 -0.27554605]
Epoch 10, t=2460388.375143485:
  TLE_ECI: r=[ 1776.56724122 -3333.13018104  6727.53348699], v=[ 6.90444061 -0.29114795 -1.96533675]
  RK45_ECI: r=[ -162.09154083 -3135.23191747  7048.31934105], v=[ 7.10920922 -1.08121449 -0.3152727 ]
Epoch 11, t=2460388.3752187486:
  TLE_ECI: r=[ 1984.56561175 -3339.63249537  6665.9522967 ], v=[ 6.8557389  -0.20127335 -2.1395649 ]
  RK45_ECI: r=[ -114.36945311 -3142.26785515  7046.1365733 ], v=[ 7.11049359 -1.06019466 -0.35498746]
Epoch 12, t=2460388.3752940116:
  TLE_ECI: r=[ 2191.02386861 -3343.33834957  6599.16882568], v=[ 6.80161208 -0.11128561 -2.31213278]
  RK45_ECI: r=[  -66.63684595 -3149.14431054  7043.69559672], v=[ 7.11149967 -1.03913534 -0.39468888]
Epoch 13, t=2460388.375369275:
  TLE_ECI: r=[ 2395.77855907 -3344.24622207  6527.23489985], v=[ 6.74210136 -0.02125949 -2.48290627]
  RK45_ECI: r=[  -18.89493528 -3155.86112036  7040.99646565], v=[ 7.11222741 -1.01803727 -0.43437604]
Epoch 14, t=2460388.3754445384:
  TLE_ECI: r=[ 2598.66750028 -3342.35693067  6450.20634941], v=[ 6.67725215  0.06873018 -2.65175257]
  RK45_ECI: r=[   28.85373262 -3162.41793758  7038.03931632], v=[ 7.11267675 -0.99690175 -0.47404693]
Epoch 15, t=2460388.375519802:
  TLE_ECI: r=[ 2799.52994562 -3337.67360781  6368.14296775], v=[ 6.60711406  0.15860863 -2.81854029]
  RK45_ECI: r=[   76.60770539 -3168.81457981  7034.82423061], v=[ 7.11284764 -0.97572963 -0.51370044]
Epoch 16, t=2460388.3755950653:
  TLE_ECI: r=[ 2998.20670109 -3330.20170363  6281.10846744], v=[ 6.53174085  0.2483012  -2.98313955]
  RK45_ECI: r=[  124.36466206 -3175.05075051  7031.35135782], v=[ 7.11274004 -0.95452211 -0.55333473]
Epoch 17, t=2460388.3756703283:
  TLE_ECI: r=[ 3194.54024083 -3319.94899054  6189.17043323], v=[ 6.45119042  0.33773336 -3.1454221 ]
  RK45_ECI: r=[  172.12270615 -3181.12622337  7027.62083024], v=[ 7.11235393 -0.93328025 -0.59294835]
Epoch 18, t=2460388.3757455917:
  TLE_ECI: r=[ 3388.37487024 -3306.9255201   6092.40027199], v=[ 6.36552471  0.42683084 -3.3052614 ]
  RK45_ECI: r=[  219.88062003 -3187.0408619   7023.63273175], v=[ 7.11168928 -0.91200477 -0.63254039]
Epoch 19, t=2460388.375820855:
  TLE_ECI: r=[ 3579.55679062 -3291.14366881  5990.87315994], v=[ 6.27480974  0.51551963 -3.46253271]
  RK45_ECI: r=[  267.63585565 -3192.79436748  7019.38726435], v=[ 7.11074611 -0.890697   -0.67210882]
Epoch 20, t=2460388.3758961186:
  TLE_ECI: r=[ 3767.93425992 -3272.61809229  5884.66798673], v=[ 6.17911554  0.60372605 -3.61711323]
  RK45_ECI: r=[  315.38695944 -3198.38658917  7014.88454542], v=[ 7.10952438 -0.86935779 -0.71165256]
Epoch 21, t=2460388.375971382:
  TLE_ECI: r=[ 3953.35770322 -3251.36572231  5773.86729671], v=[ 6.07851605  0.69137683 -3.76888214]
  RK45_ECI: r=[  363.13160951 -3203.81727498  7010.12478388], v=[ 7.10802415 -0.84798835 -0.75116979]
Epoch 22, t=2460388.376046645:
  TLE_ECI: r=[ 4135.67982264 -3227.4057645   5658.55722736], v=[ 5.97308917  0.77839912 -3.91772072]
  RK45_ECI: r=[  410.86790901 -3209.08623736  7005.10815955], v=[ 7.10624543 -0.82658972 -0.79065903]
Epoch 23, t=2460388.3761219084:
  TLE_ECI: r=[ 4314.75575255 -3200.75963501  5538.82744473], v=[ 5.86291661  0.86472067 -4.06351246]
  RK45_ECI: r=[  458.59463975 -3214.19336675  6999.83478562], v=[ 7.10418824 -0.80516266 -0.8301194 ]
Epoch 24, t=2460388.376197172:
  TLE_ECI: r=[ 4490.44311832 -3171.45101389  5414.77107633], v=[ 5.74808389  0.95026975 -4.20614314]
  RK45_ECI: r=[  506.30925433 -3219.13841313  6994.30492961], v=[ 7.10185264 -0.78370848 -0.86954888]
Epoch 25, t=2460388.3762724353:
  TLE_ECI: r=[ 4662.60218865 -3139.50577878  5286.48464097], v=[ 5.62868029  1.03497526 -4.3455009 ]
  RK45_ECI: r=[  554.0102991  -3223.92125721  6988.51874419], v=[ 7.09923867 -0.76222804 -0.90894639]
Epoch 26, t=2460388.3763476987:
  TLE_ECI: r=[ 4831.09597824 -3104.95199526  5154.06797596], v=[ 5.50479875  1.11876683 -4.48147637]
  RK45_ECI: r=[  601.69545387 -3228.54169177  6982.47649762], v=[ 7.09634643 -0.74072256 -0.94831011]
Epoch 27, t=2460388.3764229617:
  TLE_ECI: r=[ 4995.79034923 -3067.81990828  5017.62416167], v=[ 5.37653582  1.2015748  -4.61396274]
  RK45_ECI: r=[  649.36282297 -3232.9995682   6976.17841691], v=[ 7.093176   -0.71919311 -0.98763861]
Epoch 28, t=2460388.376498225:
  TLE_ECI: r=[ 5156.55415558 -3028.14185931  4877.25944323], v=[ 5.24399158  1.28333039 -4.74285585]
  RK45_ECI: r=[  697.01118883 -3237.29480406  6969.62464442], v=[ 7.08972741 -0.69764042 -1.02693097]
Epoch 29, t=2460388.3765734886:
  TLE_ECI: r=[ 5313.259295   -2985.95234585  4733.08314986], v=[ 5.10726961  1.36396564 -4.86805426]
  RK45_ECI: r=[  744.63800715 -3241.42719816  6962.81551279], v=[ 7.08600082 -0.67606583 -1.06618521]
Epoch 30, t=2460388.376648752:
  TLE_ECI: r=[ 5465.78084928 -2941.28793588  4585.20761144], v=[ 4.96647688  1.44341354 -4.98945937]
  RK45_ECI: r=[  792.24182578 -3245.39666309  6955.75120974], v=[ 7.0819963  -0.65447019 -1.10540024]
Epoch 31, t=2460388.376724015:
  TLE_ECI: r=[ 5613.9971684  -2894.18726812  4433.74807258], v=[ 4.82172365  1.52160805 -5.10697549]
  RK45_ECI: r=[  839.82010271 -3249.20301967  6948.43209745], v=[ 7.07771403 -0.63285485 -1.1445741 ]
Epoch 32, t=2460388.3767992784:
  TLE_ECI: r=[ 5757.79000388 -2844.69095466  4278.82260424], v=[ 4.67312345  1.59848422 -5.2205099 ]
  RK45_ECI: r=[  887.37162207 -3252.84620923  6940.85834498], v=[ 7.0731541  -0.61122056 -1.18370587]
Epoch 33, t=2460388.376874542:
  TLE_ECI: r=[ 5897.04455417 -2792.84164453  4120.55201302], v=[ 4.52079294  1.67397814 -5.32997294]
  RK45_ECI: r=[  934.89449146 -3256.32612584  6933.03022844], v=[ 7.06831662 -0.58956837 -1.22279413]
Epoch 34, t=2460388.3769498053:
  TLE_ECI: r=[ 6031.64959332 -2738.6839235   3959.05974794], v=[ 4.36485185  1.74802711 -5.43527812]
  RK45_ECI: r=[  982.38639784 -3259.64263437  6924.94811023], v=[ 7.06320182 -0.56789953 -1.26183708]
Epoch 35, t=2460388.3770250687:
  TLE_ECI: r=[ 6161.49755357 -2682.26429329  3794.47180506], v=[ 4.20542288  1.8205696  -5.53634214]
  RK45_ECI: r=[ 1029.84589188 -3262.7956794   6916.61221286], v=[ 7.05780981 -0.5462149  -1.30083365]
Epoch 36, t=2460388.3771003317:
  TLE_ECI: r=[ 6286.48460653 -2623.63115069  3626.91662981], v=[ 4.04263162  1.89154536 -5.63308502]
  RK45_ECI: r=[ 1077.27043842 -3265.78513107  6908.02296303], v=[ 7.05214084 -0.52451583 -1.33978186]
Epoch 37, t=2460388.377175595:
  TLE_ECI: r=[ 6406.51077989 -2562.83467378  3456.52501716], v=[ 3.87660642  1.96089547 -5.72543011]
  RK45_ECI: r=[ 1124.65903957 -3268.61097335  6899.18051642], v=[ 7.046195   -0.50280297 -1.37868103]
Epoch 38, t=2460388.3772508586:
  TLE_ECI: r=[ 6521.47999342 -2499.92688931  3283.4300098 ], v=[ 3.70747834  2.02856238 -5.81330421]
  RK45_ECI: r=[ 1172.00916308 -3271.27309373  6890.08532186], v=[ 7.03997258 -0.48107768 -1.41752917]
Epoch 39, t=2460388.377326122:
  TLE_ECI: r=[ 6631.30017003 -2434.96155648  3107.76679426], v=[ 3.53538098  2.09448994 -5.8966376 ]
  RK45_ECI: r=[ 1219.31914842 -3273.77144852  6880.73767391], v=[ 7.03347376 -0.45934092 -1.45632504]
Epoch 40, t=2460388.3774013855:
  TLE_ECI: r=[ 6735.88330464 -2367.99413922  2929.67259507], v=[ 3.36045044  2.15862348 -5.97536415]
  RK45_ECI: r=[ 1266.58733578 -3276.10599911  6871.13787158], v=[ 7.02669873 -0.43759366 -1.49506741]
Epoch 41, t=2460388.3774766484:
  TLE_ECI: r=[ 6835.14553057 -2299.08177991  2749.2865672 ], v=[ 3.18282519  2.22090986 -6.0494213 ]
  RK45_ECI: r=[ 1313.81119939 -3278.27666509  6861.28640571], v=[ 7.01964782 -0.41583724 -1.53375431]
Epoch 42, t=2460388.377551912:
  TLE_ECI: r=[ 6929.00721689 -2228.28317099  2566.74968661], v=[ 3.00264593  2.2812975  -6.1187502 ]
  RK45_ECI: r=[ 1360.98974452 -3280.28345469  6851.18345447], v=[ 7.01232116 -0.39407235 -1.57238506]
Epoch 43, t=2460388.3776271753:
  TLE_ECI: r=[ 7017.39299392 -2155.65862458  2382.20463931], v=[ 2.82005551  2.33973644 -6.18329571]
  RK45_ECI: r=[ 1408.1204493  -3282.12630493  6840.82953066], v=[ 7.00471911 -0.3723003  -1.61095769]
Epoch 44, t=2460388.3777024387:
  TLE_ECI: r=[ 7100.23184401 -2081.26994213  2195.79570873], v=[ 2.63519879  2.39617837 -6.24300648]
  RK45_ECI: r=[ 1455.20166004 -3283.80520769  6830.22496897], v=[ 6.99684191 -0.3505221  -1.64947097]
Epoch 45, t=2460388.3777777017:
  TLE_ECI: r=[ 7177.45714832 -2005.18040265  2007.66866171], v=[ 2.44822258  2.45057668 -6.29783496]
  RK45_ECI: r=[ 1502.23150105 -3285.32015433  6819.37016014], v=[ 6.98868983 -0.32873881 -1.68792349]
Epoch 46, t=2460388.377852965:
  TLE_ECI: r=[ 7249.00676657 -1927.45462504  1817.97063297], v=[ 2.25927541  2.50288652 -6.3477375 ]
  RK45_ECI: r=[ 1549.20812737 -3286.67113108  6808.26550398], v=[ 6.98026318 -0.30695147 -1.72631384]
Epoch 47, t=2460388.3779282286:
  TLE_ECI: r=[ 7314.82305344 -1848.15863864  1626.85000859], v=[ 2.06850751  2.5530648  -6.39267435]
  RK45_ECI: r=[ 1596.12987988 -3287.85815349  6796.91135568], v=[ 6.97156223 -0.28516106 -1.76464079]
Epoch 48, t=2460388.378003492:
  TLE_ECI: r=[ 7374.85293144 -1767.359743    1434.45630803], v=[ 1.87607065  2.60107029 -6.43260969]
  RK45_ECI: r=[ 1642.99447276 -3288.88121379  6785.30823996], v=[ 6.96258738 -0.26336884 -1.80290259]
Epoch 49, t=2460388.3780787555:
  TLE_ECI: r=[ 7429.04792937 -1685.12647234  1240.94006533], v=[ 1.68211799  2.64686358 -6.46751169]
  RK45_ECI: r=[ 1689.80047303 -3289.74034704  6773.45647523], v=[ 6.95333888 -0.24157567 -1.84109818]
Epoch 50, t=2460388.3781540184:
  TLE_ECI: r=[ 7477.3642189  -1601.52855773  1046.45270919], v=[ 1.48680399  2.69040717 -6.49735254]
  RK45_ECI: r=[ 1736.54537869 -3290.43556208  6761.35666649], v=[ 6.9438172  -0.21978291 -1.87922563]
Epoch 51, t=2460388.378229282:
  TLE_ECI: r=[ 7519.76267049 -1516.63678059   851.14644232], v=[ 1.29028425  2.73166551 -6.52210845]
  RK45_ECI: r=[ 1783.22799216 -3290.9669049   6749.00909068], v=[ 6.93402257 -0.19799133 -1.91728407]
Epoch 52, t=2460388.3783045453:
  TLE_ECI: r=[ 7556.20885765 -1430.52304318   655.17412003], v=[ 1.09271539  2.77060498 -6.5417597 ]
  RK45_ECI: r=[ 1829.84645174 -3291.33441994  6736.41419894], v=[ 6.92395536 -0.176202   -1.95527211]
Epoch 53, t=2460388.3783798087:
  TLE_ECI: r=[ 7586.67310559 -1343.26021988   458.68912825], v=[ 0.89425494  2.80719397 -6.55629063]
  RK45_ECI: r=[ 1876.39848579 -3291.53814523  6723.57257316], v=[ 6.91361604 -0.15441616 -1.99318799]
Epoch 54, t=2460388.378455072:
  TLE_ECI: r=[ 7611.13051156 -1254.92211617   261.84526094], v=[ 0.69506117  2.84140288 -6.56568969]
  RK45_ECI: r=[ 1922.88267049 -3291.57814793  6710.48456564], v=[ 6.90300491 -0.1326347  -2.03103067]
Epoch 55, t=2460388.378530335:
  TLE_ECI: r=[ 7629.56096239 -1165.58342824    64.79659724], v=[ 0.49529298  2.87320416 -6.56994942]
  RK45_ECI: r=[ 1969.29652068 -3291.45448657  6697.15084417], v=[ 6.89212253 -0.11085896 -2.06879823]
Epoch 56, t=2460388.3786055986:
  TLE_ECI: r=[ 7641.9491656  -1075.31958936  -132.30262171], v=[ 0.29510975  2.90257232 -6.56906648]
  RK45_ECI: r=[ 2015.63884686 -3291.16723462  6683.57171367], v=[ 6.88096915 -0.08908969 -2.10648982]
Epoch 57, t=2460388.378680862:
  TLE_ECI: r=[7648.28464105 -984.20683933 -329.29811606], v=[ 0.09467121  2.92948397 -6.56304162]
  RK45_ECI: r=[ 2061.9078003  -3290.71647614  6669.74767061], v=[ 6.86954521 -0.06732798 -2.14410403]
Epoch 58, t=2460388.3787561255:
  TLE_ECI: r=[7648.56174428 -892.32206991 -526.03569063], v=[-0.10586268  2.95391783 -6.55187971]
  RK45_ECI: r=[ 2108.10112621 -3290.10229448  6655.67935368], v=[ 6.85785124 -0.04557504 -2.18163914]
Epoch 59, t=2460388.378831389:
  TLE_ECI: r=[7642.77966761 -799.74278122 -722.36135815], v=[-0.30633188  2.97585472 -6.53558975]
  RK45_ECI: r=[ 2154.21741125 -3289.32478902  6641.36714881], v=[ 6.84588759 -0.02383177 -2.21909411]
Epoch 60, t=2460388.378906652:
  TLE_ECI: r=[7630.9424388  -706.54703781 -918.12146233], v=[-0.50657639  2.99527765 -6.51418481]
  RK45_ECI: r=[ 2200.2541898  -3288.38406756  6626.81178616], v=[ 6.83365489e+00 -2.09949078e-03 -2.25646702e+00]
Epoch 61, t=2460388.3789819153:
  TLE_ECI: r=[ 7613.05892613  -612.81331233 -1113.16280062], v=[-0.70643645  3.01217175 -6.48768204]
  RK45_ECI: r=[ 2246.21028172 -3287.28023094  6612.01359843], v=[ 6.82115345  0.01962104 -2.29375704]
Epoch 62, t=2460388.3790571787:
  TLE_ECI: r=[ 7589.1428177   -518.62055255 -1307.33274645], v=[-0.90575258  3.02652432 -6.45610269]
  RK45_ECI: r=[ 2292.08385333 -3286.01340241  6596.97312714], v=[ 6.80838373  0.04132876 -2.33096277]
Epoch 63, t=2460388.379132442:
  TLE_ECI: r=[ 7559.21261889  -424.04802479 -1500.4793711 ], v=[-1.10436577  3.03832486 -6.41947203]
  RK45_ECI: r=[ 2337.87266883 -3284.58371053  6581.69106726], v=[ 6.79534636  0.06302245 -2.3680825 ]
Epoch 64, t=2460388.379207705:
  TLE_ECI: r=[ 7523.29163343  -329.17529025 -1692.45156469], v=[-1.3021176   3.04756504 -6.37781936]
  RK45_ECI: r=[ 2383.57490335 -3282.99129859  6566.16798499], v=[ 6.78204184  0.08470104 -2.40511486]
Epoch 65, t=2460388.3792829686:
  TLE_ECI: r=[ 7481.40794781  -234.08204877 -1883.09915658], v=[-1.49885039  3.0542387  -6.33117799]
  RK45_ECI: r=[ 2429.18938401 -3281.236287    6550.40423177], v=[ 6.76847049  0.1063638  -2.44205899]
Epoch 66, t=2460388.379358232:
  TLE_ECI: r=[ 7433.59440096  -138.84820391 -2072.2730348 ], v=[-1.69440732  3.05834191 -6.27958517]
  RK45_ECI: r=[ 2474.71367064 -3279.31883995  6534.40060839], v=[ 6.75463303  0.12800939 -2.47891301]
Epoch 67, t=2460388.3794334955:
  TLE_ECI: r=[ 7379.88856121   -43.55370637 -2259.82526443], v=[-1.88863254  3.05987288 -6.22308212]
  RK45_ECI: r=[ 2520.14636969 -3277.23910755  6518.15755412], v=[ 6.74052987  0.14963696 -2.51567591]
Epoch 68, t=2460388.379508759:
  TLE_ECI: r=[ 7320.33269344    51.72149225 -2445.60920502], v=[-2.08137133  3.05883207 -6.16171391]
  RK45_ECI: r=[ 2565.48526687 -3274.99726307  6501.67581967], v=[ 6.72616167  0.1712453  -2.55234597]
Epoch 69, t=2460388.379584022:
  TLE_ECI: r=[ 7254.97372394   146.89748551 -2629.47962671], v=[-2.27247023  3.05522208 -6.09552949]
  RK45_ECI: r=[ 2610.72855494 -3272.5934885   6484.95601555], v=[ 6.71152899  0.19283335 -2.58892186]
Epoch 70, t=2460388.3796592853:
  TLE_ECI: r=[ 7183.86319953   241.89456543 -2811.29282501], v=[-2.46177715  3.0490477  -6.0245816 ]
  RK45_ECI: r=[ 2655.87507241 -3270.02793109  6467.99852061], v=[ 6.6966322   0.21440039 -2.62540272]
Epoch 71, t=2460388.3797345487:
  TLE_ECI: r=[ 7107.05724613   336.6331616  -2990.90673425], v=[-2.6491415   3.0403159  -5.94892673]
  RK45_ECI: r=[ 2700.92240379 -3267.3008035   6450.80419658], v=[ 6.68147207  0.23594509 -2.66178669]
Epoch 72, t=2460388.379809812:
  TLE_ECI: r=[ 7024.61652084   431.03399408 -3168.1810395 ], v=[-2.8344143   3.02903581 -5.86862509]
  RK45_ECI: r=[ 2745.8691698  -3264.41228708  6433.37351557], v=[ 6.66604905  0.25746661 -2.69807278]
Epoch 73, t=2460388.3798850756:
  TLE_ECI: r=[ 6936.60616146   525.0181188  -3342.97728686], v=[-3.01744834  3.01521872 -5.78374053]
  RK45_ECI: r=[ 2790.71317949 -3261.36259946  6415.70728333], v=[ 6.65036386  0.27896374 -2.73425931]
Epoch 74, t=2460388.3799603386:
  TLE_ECI: r=[ 6843.09573397   618.50697363 -3515.15899205], v=[-3.19809824  2.99887804 -5.6943405 ]
  RK45_ECI: r=[ 2835.45264503 -3258.15196109  6397.80615405], v=[ 6.63441713  0.30043545 -2.77034493]
Epoch 75, t=2460388.380035602:
  TLE_ECI: r=[ 6744.15916764   711.4225255  -3684.59174726], v=[-3.37622065  2.98002929 -5.60049597]
  RK45_ECI: r=[ 2880.08641741 -3254.7805456   6379.67053361], v=[ 6.61820922  0.321881   -2.80632883]
Epoch 76, t=2460388.3801108655:
  TLE_ECI: r=[ 6639.87470372   803.68721384 -3851.14332612], v=[-3.55167428  2.95869012 -5.50228137]
  RK45_ECI: r=[ 2924.61210815 -3251.24861381  6361.30134384], v=[ 6.60174101  0.3432991  -2.84220917]
Epoch 77, t=2460388.380186129:
  TLE_ECI: r=[ 6530.32482419   895.22409704 -4014.68378669], v=[-3.72432004  2.93488026 -5.39977456]
  RK45_ECI: r=[ 2969.02835343 -3247.55637797  6342.69908919], v=[ 6.58501294  0.36468889 -2.87798496]
Epoch 78, t=2460388.3802613923:
  TLE_ECI: r=[ 6415.5961851    985.95689593 -4175.08557242], v=[-3.89402119  2.90862148 -5.29305669]
  RK45_ECI: r=[ 3013.33298778 -3243.70409979  6323.86462957], v=[ 6.56802585  0.38604919 -2.91365456]
Epoch 79, t=2460388.3803366553:
  TLE_ECI: r=[ 6295.77954827  1075.81003888 -4332.22361105], v=[-4.06064339  2.87993763 -5.1822122 ]
  RK45_ECI: r=[ 3057.52424451 -3239.69203766  6304.79866224], v=[ 6.55078036  0.40737897 -2.94921665]
Epoch 80, t=2460388.3804119187:
  TLE_ECI: r=[ 6170.96969423  1164.70879906 -4485.97541126], v=[-4.22405484  2.8488545  -5.06732871]
  RK45_ECI: r=[ 3101.60098812 -3235.5203915   6285.50161958], v=[ 6.5332769   0.42867749 -2.98467042]
Epoch 81, t=2460388.380487182:
  TLE_ECI: r=[ 6041.26536265  1252.57924382 -4636.22115713], v=[-4.38412636  2.81539993 -4.94849694]
  RK45_ECI: r=[ 3145.56085943 -3231.18946984  6265.97448261], v=[ 6.51551639  0.44994348 -3.02001406]
Epoch 82, t=2460388.3805624456:
  TLE_ECI: r=[ 5906.7691596   1339.3483712  -4782.84380027], v=[-4.54073152  2.77960371 -4.82581065]
  RK45_ECI: r=[ 3189.40251129 -3226.69951571  6246.21778746], v=[ 6.49749935  0.47117608 -3.05524662]
Epoch 83, t=2460388.3806377086:
  TLE_ECI: r=[ 5767.58748088  1424.94413425 -4925.72914957], v=[-4.69374669  2.74149756 -4.69936655]
  RK45_ECI: r=[ 3233.12359871 -3222.05085883  6226.23254175], v=[ 6.47922671  0.49237401 -3.0903663 ]
Epoch 84, t=2460388.380712972:
  TLE_ECI: r=[ 5623.8304089   1509.29556817 -5064.76595844], v=[-4.84305118  2.70111506 -4.56926422]
  RK45_ECI: r=[ 3276.72299933 -3217.243722    6206.01920193], v=[ 6.46069892  0.51353656 -3.12537231]
Epoch 85, t=2460388.3807882355:
  TLE_ECI: r=[ 5475.61164758  1592.33274575 -5199.84600974], v=[-4.9885273   2.65849169 -4.43560601]
  RK45_ECI: r=[ 3320.19897067 -3212.27840459  6185.57850946], v=[ 6.4419167   0.5346627  -3.16026335]
Epoch 86, t=2460388.380863499:
  TLE_ECI: r=[ 5323.04841427  1673.98690353 -5330.86419796], v=[-5.13006045  2.61366476 -4.298497  ]
  RK45_ECI: r=[ 3363.54939238 -3207.15523797  6164.91140909], v=[ 6.42288094  0.55575124 -3.19503784]
Epoch 87, t=2460388.3809387623:
  TLE_ECI: r=[ 5166.26134896  1754.19048051 -5457.71860895], v=[-5.26753923  2.56667337 -4.15804485]
  RK45_ECI: r=[ 3406.77293543 -3201.87449561  6144.01846815], v=[ 6.4035922   0.57680137 -3.22969481]
Epoch 88, t=2460388.3810140253:
  TLE_ECI: r=[ 5005.37442246  1832.87715818 -5580.31059692], v=[-5.40085546  2.5175584  -4.01435977]
  RK45_ECI: r=[ 3449.86728732 -3196.43655457  6122.90075184], v=[ 6.38405148  0.59781178 -3.26423251]
Epoch 89, t=2460388.3810892887:
  TLE_ECI: r=[ 4840.51481539  1909.98197402 -5698.54485882], v=[-5.52990437  2.46636239 -3.86755438]
  RK45_ECI: r=[ 3492.83134147 -3190.84166341  6101.55874221], v=[ 6.36425927  0.61878178 -3.29865016]
Epoch 90, t=2460388.381164552:
  TLE_ECI: r=[ 4671.8128479   1985.44128398 -5812.32950599], v=[-5.65458453  2.41312962 -3.71774366]
  RK45_ECI: r=[ 3535.66337996 -3185.09015894  6079.99322207], v=[ 6.34421634  0.63971035 -3.33294651]
Epoch 91, t=2460388.3812398156:
  TLE_ECI: r=[ 4499.40185457  2059.19287426 -5921.57613299], v=[-5.77479806  2.357906   -3.56504483]
  RK45_ECI: r=[ 3578.3613135  -3179.1824157   6058.20518797], v=[ 6.32392363  0.66059631 -3.36711997]
Epoch 92, t=2460388.381315079:
  TLE_ECI: r=[ 4323.41808322  2131.17599616 -6026.19988373], v=[-5.89045058  2.30073904 -3.40957727]
  RK45_ECI: r=[ 3620.92383235 -3173.1187374   6036.19523769], v=[ 6.30338174  0.68143882 -3.40116962]
Epoch 93, t=2460388.381390342:
  TLE_ECI: r=[ 4144.000593    2201.33140264 -6126.11951474], v=[-6.00145137  2.24167781 -3.25146242]
  RK45_ECI: r=[ 3663.34865918 -3166.89954788  6013.96449304], v=[ 6.28259176  0.70223664 -3.43509373]
Epoch 94, t=2460388.3814656055:
  TLE_ECI: r=[ 3961.29111832  2269.60144516 -6221.25745546], v=[-6.1077134   2.18077287 -3.09082368]
  RK45_ECI: r=[ 3705.63489517 -3160.5250993   5991.51335519], v=[ 6.26155411  0.72298913 -3.46889171]
Epoch 95, t=2460388.381540869:
  TLE_ECI: r=[ 3775.43399487  2335.93004472 -6311.53986595], v=[-6.20915336  2.11807628 -2.92778633]
  RK45_ECI: r=[ 3747.78027564 -3153.99583189  5968.84296513], v=[ 6.24026989  0.74369502 -3.50256183]
Epoch 96, t=2460388.3816161323:
  TLE_ECI: r=[ 3586.57602031  2400.26278714 -6396.89669138], v=[-6.30569175  2.05364153 -2.76247743]
  RK45_ECI: r=[ 3789.78331758 -3147.31209674  5945.95405258], v=[ 6.21873982  0.76435342 -3.53610304]
Epoch 97, t=2460388.381691396:
  TLE_ECI: r=[ 3394.8663447   2462.54695369 -6477.26171379], v=[-6.39725294  1.98752346 -2.59502568]
  RK45_ECI: r=[ 3831.64254121 -3140.47424951  5922.84735106], v=[ 6.19696465  0.7849634  -3.56951426]
Epoch 98, t=2460388.3817666587:
  TLE_ECI: r=[ 3200.45636095  2522.73155303 -6552.57260084], v=[-6.4837652   1.9197783  -2.42556139]
  RK45_ECI: r=[ 3873.35570641 -3133.48276052  5899.52403786], v=[ 6.17494553  0.80552372 -3.6027938 ]
Epoch 99, t=2460388.381841922:
  TLE_ECI: r=[ 3003.49955623  2580.76740029 -6622.77095155], v=[-6.56516076  1.85046348 -2.25421633]
  RK45_ECI: r=[ 3914.92192904 -3126.33790437  5875.98453351], v=[ 6.15268291  0.82603376 -3.63594107]
Epoch 100, t=2460388.3819171856:
  TLE_ECI: r=[ 2804.15143569  2636.6070975  -6687.80233925], v=[-6.64137585  1.77963775 -2.08112365]
  RK45_ECI: r=[ 3956.3389827  -3119.04016736  5852.23003413], v=[ 6.13017796  0.84649226 -3.6689544 ]
Epoch 101, t=2460388.381992449:
  TLE_ECI: r=[ 2602.56937187  2690.20511038 -6747.6163513 ], v=[-6.71235074  1.70736102 -1.9064178 ]
  RK45_ECI: r=[ 3997.60540988 -3111.58993341  5828.26130384], v=[ 6.10743146  0.86689832 -3.70183273]
Epoch 102, t=2460388.382067712:
  TLE_ECI: r=[ 2398.91249723  2741.51778689 -6802.16662598], v=[-6.77802978  1.63369434 -1.73023436]
  RK45_ECI: r=[ 4038.7195613  -3103.98763023  5804.07922459], v=[ 6.08444431  0.88725096 -3.73457487]
Epoch 103, t=2460388.3821429755:
  TLE_ECI: r=[ 2193.3415479   2790.5034208  -6851.41088623], v=[-6.83836146  1.55869983 -1.55271004]
  RK45_ECI: r=[ 4079.67982121 -3096.23365713  5779.68468602], v=[ 6.0612174   0.90754921 -3.76717962]
Epoch 104, t=2460388.382218239:
  TLE_ECI: r=[ 1986.01878654  2837.12223988 -6895.31097053], v=[-6.89329842  1.48244068 -1.37398249]
  RK45_ECI: r=[ 4120.48473684 -3088.32842748  5755.07846969], v=[ 6.03775153  0.92779218 -3.79964593]
Epoch 105, t=2460388.3822935023:
  TLE_ECI: r=[ 1777.10784459  2881.33646712 -6933.83286063], v=[-6.94279746  1.40498107 -1.19419024]
  RK45_ECI: r=[ 4161.13231716 -3080.27243441  5730.26171168], v=[ 6.01404784  0.94797871 -3.83197233]
Epoch 106, t=2460388.382368766:
  TLE_ECI: r=[ 1566.77360315  2923.11034271 -6966.94670624], v=[-6.98681964  1.32638609 -1.01347261]
  RK45_ECI: r=[ 4201.62131445 -3072.06606491  5705.23509202], v=[ 5.99010706  0.96810803 -3.86415792]
Epoch 107, t=2460388.3824440287:
  TLE_ECI: r=[ 1355.18207384  2962.41014784 -6994.62684677], v=[-7.02533022  1.24672177 -0.83196958]
  RK45_ECI: r=[ 4241.94956205 -3063.7098713   5679.99988505], v=[ 5.96593046  0.98817888 -3.89620109]
Epoch 108, t=2460388.382519292:
  TLE_ECI: r=[ 1142.50023555  2999.20424777 -7016.85182984], v=[-7.05829875  1.16605488 -0.64982169]
  RK45_ECI: r=[ 4282.11602366 -3055.20419846  5654.55666518], v=[ 5.94151865  1.00819059 -3.92810111]
Epoch 109, t=2460388.3825945556:
  TLE_ECI: r=[  928.89595718  3033.46309036 -7033.60442699], v=[-7.08569904  1.08445306 -0.46716998]
  RK45_ECI: r=[ 4322.11909158 -3046.54952226  5628.90636529], v=[ 5.9168726   1.02814217 -3.95985681]
Epoch 110, t=2460388.382669819:
  TLE_ECI: r=[  714.53783326  3065.15924712 -7044.87164612], v=[-7.10750924  1.00198463 -0.28415581]
  RK45_ECI: r=[ 4361.95681413 -3037.74637713  5603.05016954], v=[ 5.89199352  1.04803252 -3.99146672]
Epoch 111, t=2460388.3827450825:
  TLE_ECI: r=[  499.59506227  3094.2674298  -7050.64474093], v=[-7.12371178  0.91871859 -0.10092085]
  RK45_ECI: r=[ 4401.62796844 -3028.79517895  5576.98878621], v=[ 5.86688215  1.06786084 -4.02292999]
Epoch 112, t=2460388.3828203455:
  TLE_ECI: r=[  284.2373251   3120.7645092  -7050.91921737], v=[-7.13429344  0.8347246   0.08239309]
  RK45_ECI: r=[ 4441.13043198 -3019.69652468  5550.72354211], v=[ 5.84153985  1.08762592 -4.05424502]
Epoch 113, t=2460388.382895609:
  TLE_ECI: r=[   68.63461742  3144.62953722 -7045.69483686], v=[-7.13924533  0.7500728   0.26564415]
  RK45_ECI: r=[ 4480.46318976 -3010.45078383  5524.25503483], v=[ 5.81596726  1.10732709 -4.0854111 ]
Epoch 114, t=2460388.3829708723:
  TLE_ECI: r=[ -147.04282702  3165.84375596 -7034.97561664], v=[-7.1385629   0.66483391  0.4486905 ]
  RK45_ECI: r=[ 4519.6246676  -3001.05846739  5497.58423498], v=[ 5.79016541  1.1269634  -4.11642709]
Epoch 115, t=2460388.383046136:
  TLE_ECI: r=[ -362.62470418  3184.39061761 -7018.76982696], v=[-7.13224598  0.57907907  0.63139044]
  RK45_ECI: r=[ 4558.61295514 -2991.52015032  5470.7123737 ], v=[ 5.76413555  1.14653375 -4.14729155]
Epoch 116, t=2460388.383121399:
  TLE_ECI: r=[ -577.94076225  3200.25579581 -6997.08998514], v=[-7.12029872  0.49287984  0.81360255]
  RK45_ECI: r=[ 4597.42685575 -2981.83627698  5443.64018705], v=[ 5.73787848  1.16603736 -4.17800364]
Epoch 117, t=2460388.383196662:
  TLE_ECI: r=[ -792.82092394  3213.42719893 -6969.95284671], v=[-7.10272964  0.40630812  0.99518573]
  RK45_ECI: r=[ 4636.06429315 -2972.00748805  5416.3690532 ], v=[ 5.7113956   1.18547306 -4.20856179]
Epoch 118, t=2460388.3832719256:
  TLE_ECI: r=[-1007.09545572  3223.89497095 -6937.37939327], v=[-7.0795516   0.31943607  1.17599935]
  RK45_ECI: r=[ 4674.52427503 -2962.03417688  5388.89959249], v=[ 5.6846876   1.20484019 -4.23896532]
Epoch 119, t=2460388.383347189:
  TLE_ECI: r=[-1220.59504267  3231.65151085 -6899.39481762], v=[-7.0507818   0.2323361   1.35590332]
  RK45_ECI: r=[ 4712.80526212 -2951.91688901  5361.23281245], v=[ 5.65775554  1.22413781 -4.2692131 ]
Epoch 120, t=2460388.3834224525:
  TLE_ECI: r=[-1433.15095736  3236.69147116 -6856.02850549], v=[-7.01644178  0.1450808   1.53475821]
  RK45_ECI: r=[ 4750.90538745 -2941.65623914  5333.36999019], v=[ 5.63060075  1.24336487 -4.29930373]
Epoch 121, t=2460388.3834977155:
  TLE_ECI: r=[-1644.5951718   3239.01176853 -6807.31401446], v=[-6.9765574   0.05774289  1.71242535]
  RK45_ECI: r=[ 4788.82313127 -2931.2527902   5305.31215323], v=[ 5.60322428  1.26252043 -4.32923612]
Epoch 122, t=2460388.383572979:
  TLE_ECI: r=[-1854.76052592  3238.61156744 -6753.2890496 ], v=[-6.93115882 -0.0296049   1.88876692]
  RK45_ECI: r=[ 4826.55751749 -2920.70695251  5277.05993708], v=[ 5.57562687  1.28160385 -4.35900956]
Epoch 123, t=2460388.3836482423:
  TLE_ECI: r=[-2063.48080062  3235.49230762 -6693.99543636], v=[-6.8802805  -0.1168898   2.06364607]
  RK45_ECI: r=[ 4864.10652553 -2910.01941591  5248.6147772 ], v=[ 5.54780997  1.30061399 -4.38862255]
Epoch 124, t=2460388.383723506:
  TLE_ECI: r=[-2270.59088517  3229.65768553 -6629.47909017], v=[-6.82396115 -0.20403908  2.23692701]
  RK45_ECI: r=[ 4901.46900329 -2899.19066853  5219.97745278], v=[ 5.51977443  1.3195501  -4.41807428]
Epoch 125, t=2460388.383798769:
  TLE_ECI: r=[-2475.92689652  3221.11365542 -6559.78998311], v=[-6.76224375 -0.29098017  2.4084751 ]
  RK45_ECI: r=[ 4938.64312893 -2888.22136376  5191.14928587], v=[ 5.49152163  1.33841115 -4.44736339]
Epoch 126, t=2460388.383874032:
  TLE_ECI: r=[-2679.32629794  3209.86843244 -6484.98210761], v=[-6.69517548 -0.37764059  2.57815696]
  RK45_ECI: r=[ 4975.62742002 -2877.1120978   5162.13133943], v=[ 5.46305269  1.35719622 -4.47648879]
Epoch 127, t=2460388.3839492956:
  TLE_ECI: r=[-2880.62806395  3195.93245525 -6405.11343695], v=[-6.62280771 -0.4639482   2.7458406 ]
  RK45_ECI: r=[ 5012.42092467 -2865.86330373  5132.92427086], v=[ 5.43436834  1.37590471 -4.50544982]
Epoch 128, t=2460388.384024559:
  TLE_ECI: r=[-3079.67275001  3179.31842287 -6320.24588304], v=[-6.54519599 -0.54983105  2.91139547]
  RK45_ECI: r=[ 5049.02167285 -2854.4757131   5103.52956422], v=[ 5.4054701   1.39453547 -4.53424502]
Epoch 129, t=2460388.3840998225:
  TLE_ECI: r=[-3276.30265581  3160.04125475 -6230.44525101], v=[-6.46239998 -0.63521757  3.07469257]
  RK45_ECI: r=[ 5085.42854179 -2842.94984033  5073.94802479], v=[ 5.37635885  1.41308782 -4.56287359]
Epoch 130, t=2460388.384175086:
  TLE_ECI: r=[-3470.36193964  3138.11808642 -6135.78119085], v=[-6.37448341 -0.72003658  3.23560459]
  RK45_ECI: r=[ 5121.63975643 -2831.28637674  5044.18101817], v=[ 5.34703602  1.4315607  -4.59133422]
Epoch 131, t=2460388.384250349:
  TLE_ECI: r=[-3661.69673266  3113.56826607 -6036.3271462 ], v=[-6.2815141  -0.80421734  3.39400595]
  RK45_ECI: r=[ 5157.65387307 -2819.48595093  5014.22964178], v=[ 5.31750276  1.44995326 -4.61962585]
Epoch 132, t=2460388.3843256123:
  TLE_ECI: r=[-3850.15529715  3086.41329688 -5932.16030005], v=[-6.18356383 -0.88768968  3.54977295]
  RK45_ECI: r=[ 5193.46996484 -2807.5490181   4984.09457421], v=[ 5.28775983  1.46826487 -4.64774785]
Epoch 133, t=2460388.384400876:
  TLE_ECI: r=[-4035.58809184  3056.67688221 -5823.3615177 ], v=[-6.08070835 -0.97038397  3.70278383]
  RK45_ECI: r=[ 5229.08611424 -2795.47635035  4953.77734672], v=[ 5.25780881  1.48649446 -4.67569879]
Epoch 134, t=2460388.384476139:
  TLE_ECI: r=[-4217.84792751  3024.38486548 -5710.01528671], v=[-5.97302731 -1.05223118  3.85291887]
  RK45_ECI: r=[ 5264.50122857 -2783.2684882   4923.27878976], v=[ 5.2276506   1.50464131 -4.70347792]
Epoch 135, t=2460388.384551402:
  TLE_ECI: r=[-4396.79006664  2989.56523197 -5592.20965401], v=[-5.86060423 -1.133163    4.00006051]
  RK45_ECI: r=[ 5299.71341472 -2770.92622159  4892.60045557], v=[ 5.19728682  1.52270435 -4.73108382]
Epoch 136, t=2460388.3846266656:
  TLE_ECI: r=[-4572.27237398  2952.24803556 -5470.03616015], v=[-5.7435264  -1.21311189  4.14409342]
  RK45_ECI: r=[ 5334.7217692  -2758.45002482  4861.7430417 ], v=[ 5.16671824  1.54068297 -4.75851587]
Epoch 137, t=2460388.384701929:
  TLE_ECI: r=[-4744.15537771  2912.46544974 -5343.58977083], v=[-5.62188485 -1.29201105  4.2849046 ]
  RK45_ECI: r=[ 5369.52489078 -2745.84056077  4830.70768037], v=[ 5.13594606  1.55857632 -4.78577307]
Epoch 138, t=2460388.3847771925:
  TLE_ECI: r=[-4912.30241692  2870.25169166 -5212.96880558], v=[-5.49577429 -1.36979459  4.42238347]
  RK45_ECI: r=[ 5404.12108295 -2733.09857918  4799.49580409], v=[ 5.10497177  1.57638342 -4.81285417]
Epoch 139, t=2460388.384852456:
  TLE_ECI: r=[-5076.5797428  2825.6430065 -5078.2748637], v=[-5.36529303 -1.44639748  4.55642198]
  RK45_ECI: r=[ 5438.50928434 -2720.22464569  4768.1082676 ], v=[ 5.07379633  1.59410359 -4.83975844]
Epoch 140, t=2460388.384927719:
  TLE_ECI: r=[-5236.85661863  2778.67765326 -4939.61274754], v=[-5.23054293 -1.5217557   4.68691465]
  RK45_ECI: r=[ 5472.68765689 -2707.21958956  4736.54666809], v=[ 5.04242137  1.61173576 -4.86648451]
Epoch 141, t=2460388.3850029823:
  TLE_ECI: r=[-5393.00545839  2729.39581253 -4797.09038306], v=[-5.09162928 -1.59580626  4.81375872]
  RK45_ECI: r=[ 5506.65532376 -2694.08390629  4704.81172282], v=[ 5.01084772  1.62927935 -4.8930318 ]
Epoch 142, t=2460388.385078246:
  TLE_ECI: r=[-5544.90188118  2677.83964411 -4650.81873791], v=[-4.94866078 -1.66848721  4.9368542 ]
  RK45_ECI: r=[ 5540.41092517 -2680.81828953  4672.90459611], v=[ 4.97907659  1.64673353 -4.91939934]
Epoch 143, t=2460388.385153509:
  TLE_ECI: r=[-5692.42484557  2624.05319223 -4500.91173679], v=[-4.80174944 -1.73973774  5.05610395]
  RK45_ECI: r=[ 5573.95281583 -2667.42352447  4640.82676036], v=[ 4.94710955  1.66409734 -4.94558591]
Epoch 144, t=2460388.3852287726:
  TLE_ECI: r=[-5835.45674011  2568.08236448 -4347.4861744 ], v=[-4.65101049 -1.80949826  5.17141377]
  RK45_ECI: r=[ 5607.27996663 -2653.90020142  4608.57909371], v=[ 4.91494755  1.68137011 -4.97159082]
Epoch 145, t=2460388.3853040356:
  TLE_ECI: r=[-5973.88347243  2509.97491095 -4190.66162592], v=[-4.49656231 -1.87771035  5.28269252]
  RK45_ECI: r=[ 5640.39059641 -2640.24918798  4576.16323663], v=[ 4.88259232  1.69855079 -4.99741276]
Epoch 146, t=2460388.385379299:
  TLE_ECI: r=[-6107.59459255  2449.78031519 -4030.56035498], v=[-4.33852629 -1.94431696  5.38985212]
  RK45_ECI: r=[ 5673.28385591 -2626.47100022  4543.57992539], v=[ 4.85004467  1.71563884 -5.02305116]
Epoch 147, t=2460388.3854545625:
  TLE_ECI: r=[-6236.48333915  2387.54985692 -3867.30721955], v=[-4.17702683 -2.00926232  5.49280769]
  RK45_ECI: r=[ 5705.95842816 -2612.56636187  4510.8303551 ], v=[ 4.81730589  1.73263342 -5.04850508]
Epoch 148, t=2460388.385529826:
  TLE_ECI: r=[-6360.44675762  2323.33650071 -3701.0295753 ], v=[-4.01219116 -2.07249206  5.59147761]
  RK45_ECI: r=[ 5738.41272064 -2598.53609297  4477.91603665], v=[ 4.78437757  1.74953361 -5.07377337]
Epoch 149, t=2460388.3856050894:
  TLE_ECI: r=[-6479.38577795  2257.1948684  -3531.85717686], v=[-3.8441493  -2.13395325  5.68578357]
  RK45_ECI: r=[ 5770.64573768 -2584.3808076   4444.83787059], v=[ 4.75126071  1.76633875 -5.09885535]
Epoch 150, t=2460388.3856803523:
  TLE_ECI: r=[-6593.20529035  2189.18121323 -3359.92207702], v=[-3.67303392 -2.19359444  5.77565068]
  RK45_ECI: r=[ 5802.65575688 -2570.10141075  4411.59753913], v=[ 4.71795707  1.78304782 -5.12374976]
Epoch 151, t=2460388.385755616:
  TLE_ECI: r=[-6701.81425034  2119.35329548 -3185.35852373], v=[-3.49898024 -2.25136575  5.8610075 ]
  RK45_ECI: r=[ 5834.44210027 -2555.69838386  4378.19563953], v=[ 4.68446736  1.79966035 -5.14845618]
Epoch 152, t=2460388.385830879:
  TLE_ECI: r=[-6805.12571559  2047.77044894 -3008.30285526], v=[-3.32212595 -2.30721882  5.94178612]
  RK45_ECI: r=[ 5866.00306628 -2541.17264474  4344.63386795], v=[ 4.65079337  1.81617533 -5.17297336]
Epoch 153, t=2460388.3859061426:
  TLE_ECI: r=[-6903.05694482  1974.49345469 -2828.89339342], v=[-3.14261107 -2.36110693  6.01792221]
  RK45_ECI: r=[ 5897.33754575 -2526.52488233  4310.91330087], v=[ 4.61693626  1.83259206 -5.19730053]
Epoch 154, t=2460388.3859814056:
  TLE_ECI: r=[-6995.52945501  1899.58452913 -2647.27033498], v=[-2.96057789 -2.41298503  6.08935511]
  RK45_ECI: r=[ 5928.44428736 -2511.75586283  4277.03517685], v=[ 4.58289739  1.84890974 -5.22143682]
Epoch 155, t=2460388.386056669:
  TLE_ECI: r=[-7082.46910967  1823.10719017 -2463.57564129], v=[-2.77617075 -2.46280979  6.15602785]
  RK45_ECI: r=[ 5959.32207085 -2496.8663063   4243.00074008], v=[ 4.54867809  1.86512764 -5.24538136]
Epoch 156, t=2460388.3861319325:
  TLE_ECI: r=[-7163.80614727  1745.12632518 -2277.95292644], v=[-2.58953605 -2.5105396   6.21788721]
  RK45_ECI: r=[ 5989.96980079 -2481.85693277  4208.81107963], v=[ 4.51427957  1.88124504 -5.26913339]
Epoch 157, t=2460388.386207196:
  TLE_ECI: r=[-7239.47526296  1665.70805483 -2090.54734379], v=[-2.40082204 -2.55613462  6.2748838 ]
  RK45_ECI: r=[ 6020.38598403 -2466.72862212  4174.46777184], v=[ 4.4797035   1.89726106 -5.29269185]
Epoch 158, t=2460388.3862824594:
  TLE_ECI: r=[-7309.41565788  1584.91969744 -1901.50547104], v=[-2.21017874 -2.59955687  6.32697205]
  RK45_ECI: r=[ 6050.56968771 -2451.4820303   4139.97175537], v=[ 4.44495095  1.91317506 -5.31605609]
Epoch 159, t=2460388.3863577223:
  TLE_ECI: r=[-7373.57108626  1502.8297332  -1710.97519405], v=[-2.0177578  -2.64077019  6.37411033]
  RK45_ECI: r=[ 6080.51929971 -2436.11812693  4105.32478342], v=[ 4.41002378  1.92898609 -5.33922496]
Epoch 160, t=2460388.386432986:
  TLE_ECI: r=[-7431.88992098  1419.50765939 -1519.10558938], v=[-1.82371238 -2.67974033  6.41626089]
  RK45_ECI: r=[ 6110.23405272 -2420.63748336  4070.52764117], v=[ 4.37492288  1.94469362 -5.36219793]
Epoch 161, t=2460388.386508249:
  TLE_ECI: r=[-7484.32517022  1335.0240605  -1326.04680572], v=[-1.62819701 -2.71643494  6.45338999]
  RK45_ECI: r=[ 6139.71275713 -2405.04090331  4035.58160387], v=[ 4.33964966  1.96029691 -5.3849742 ]
Epoch 162, t=2460388.3865835126:
  TLE_ECI: r=[-7530.83453576  1249.45046212 -1131.94994431], v=[-1.43136748 -2.75082364  6.48546787]
  RK45_ECI: r=[ 6168.95397727 -2389.32929891  4000.48828218], v=[ 4.30420585  1.97579508 -5.40755271]
Epoch 163, t=2460388.386658776:
  TLE_ECI: r=[-7571.3804444   1162.85929098  -936.96693848], v=[-1.23338072 -2.782878    6.51246882]
  RK45_ECI: r=[ 6197.95681672 -2373.50334818  3965.24863477], v=[ 4.26859253  1.99118753 -5.42993287]
Epoch 164, t=2460388.386734039:
  TLE_ECI: r=[-7605.93007689  1075.32383532  -741.25043232], v=[-1.03439462 -2.81257162  6.53437118]
  RK45_ECI: r=[ 6226.71972723 -2357.564055    3929.86445202], v=[ 4.23281163  2.00647333 -5.45211356]
Epoch 165, t=2460388.3868093025:
  TLE_ECI: r=[-7634.45540879   986.91809332  -544.95365874], v=[-0.83456794 -2.83988011  6.55115733]
  RK45_ECI: r=[ 6255.24197252 -2341.5120094   3894.33653531], v=[ 4.19686405  2.02165199 -5.47409429]
Epoch 166, t=2460388.386884566:
  TLE_ECI: r=[-7656.93321481   897.716843    -348.23031698], v=[-0.63406015 -2.86478115  6.5628138 ]
  RK45_ECI: r=[ 6283.5224111  -2325.34804203  3858.66618628], v=[ 4.16075126  2.03672277 -5.49587426]
Epoch 167, t=2460388.3869598294:
  TLE_ECI: r=[-7673.34510211   807.7954893   -151.23444957], v=[-0.43303132 -2.88725445  6.56933118]
  RK45_ECI: r=[ 6311.55966642 -2309.07309574  3822.85504857], v=[ 4.12447501  2.05168485 -5.51745248]
Epoch 168, t=2460388.387035093:
  TLE_ECI: r=[-7683.67752272   717.23002154    45.87968091], v=[-0.23164197 -2.90728184  6.5707042 ]
  RK45_ECI: r=[ 6339.35287961 -2292.68786988  3786.90409997], v=[ 4.08803644  2.06653764 -5.53882838]
Epoch 169, t=2460388.387110356:
  TLE_ECI: r=[-7687.9217834    626.09697112   242.95771541], v=[-0.03005292 -2.92484725  6.5669317 ]
  RK45_ECI: r=[ 6366.90056786 -2276.19340161  3750.8151666 ], v=[ 4.05143749  2.08128026 -5.56000087]
Epoch 170, t=2460388.387185619:
  TLE_ECI: r=[-7686.07406083   534.47325515   439.84532203], v=[ 0.17157484 -2.93993672  6.55801664]
  RK45_ECI: r=[ 6394.2020269  -2259.59029862  3714.58906525], v=[ 4.01467913  2.09591222 -5.58096951]
Epoch 171, t=2460388.3872608826:
  TLE_ECI: r=[-7678.13539322   442.43624625   636.38831958], v=[ 0.37308026 -2.95253842  6.54396609]
  RK45_ECI: r=[ 6421.25616461 -2242.87941735  3678.227123  ], v=[ 3.97776282  2.11043283 -5.60173351]
Epoch 172, t=2460388.387336146:
  TLE_ECI: r=[-7664.11168773   350.06361579   832.4328011 ], v=[ 0.5743024  -2.96264266  6.52479127]
  RK45_ECI: r=[ 6448.06166503 -2226.06173031  3641.73101494], v=[ 3.94069039  2.12484129 -5.62229194]
Epoch 173, t=2460388.387411409:
  TLE_ECI: r=[-7644.0137128    257.43331241  1027.82525704], v=[ 0.77508053 -2.9702419   6.50050745]
  RK45_ECI: r=[ 6474.61746304 -2209.13810682  3605.1020817 ], v=[ 3.90346331  2.13913693 -5.64264405]
Epoch 174, t=2460388.3874866725:
  TLE_ECI: r=[-7617.85709241   164.62340521  1222.41269812], v=[ 0.97525435 -2.97533073  6.47113402]
  RK45_ECI: r=[ 6500.9228771  -2192.1091669   3568.34115019], v=[ 3.86608257  2.15331927 -5.66278939]
Epoch 175, t=2460388.387561936:
  TLE_ECI: r=[-7585.66228762    71.7121519   1416.04277765], v=[ 1.174664   -2.97790593  6.43669443]
  RK45_ECI: r=[ 6526.97650148 -2174.97598392  3531.45008534], v=[ 3.82855016  2.16738749 -5.68272693]
Epoch 176, t=2460388.3876371994:
  TLE_ECI: r=[-7547.45458324   -21.22215805  1608.56391333], v=[ 1.37315031 -2.97796641  6.39721618]
  RK45_ECI: r=[ 6552.77753924 -2157.73928944  3494.42989398], v=[ 3.79086726  2.18134104 -5.70245616]
Epoch 177, t=2460388.387712463:
  TLE_ECI: r=[-7503.26406548  -114.10124802  1799.82540822], v=[ 1.57055486 -2.97551324  6.35273079]
  RK45_ECI: r=[ 6578.32473635 -2140.40008427  3457.28228127], v=[ 3.7530357   2.19517917 -5.72197616]
Epoch 178, t=2460388.387787726:
  TLE_ECI: r=[-7453.12559719  -206.84689955  1989.67757098], v=[ 1.76672014 -2.97054965  6.30327376]
  RK45_ECI: r=[ 6603.61707881 -2122.95926141  3420.00861139], v=[ 3.715057    2.20890123 -5.74128623]
Epoch 179, t=2460388.387862989:
  TLE_ECI: r=[-7397.0787864   -299.38110588  2177.97183513], v=[ 1.96148973 -2.963081    6.24888457]
  RK45_ECI: r=[ 6628.6539182  -2105.41745746  3382.60972559], v=[ 3.67693217  2.22250679 -5.76038594]
Epoch 180, t=2460388.3879382527:
  TLE_ECI: r=[-7335.16795575  -391.62600732  2364.56087721], v=[ 2.15470832 -2.9531148   6.1896066 ]
  RK45_ECI: r=[ 6653.43391731 -2087.77577581  3345.087521  ], v=[ 3.63866322  2.23599504 -5.77927433]
Epoch 181, t=2460388.388013516:
  TLE_ECI: r=[-7267.44210359  -483.50404579  2549.29873387], v=[ 2.34622194 -2.9406607   6.12548714]
  RK45_ECI: r=[ 6677.95631908 -2070.03496648  3307.44302139], v=[ 3.60025135  2.24936548 -5.79795088]
Epoch 182, t=2460388.3880887795:
  TLE_ECI: r=[-7193.95486317  -574.93800797  2732.04091764], v=[ 2.53587805 -2.92573044  6.05657727]
  RK45_ECI: r=[ 6702.21993249 -2052.19605715  3269.67796045], v=[ 3.56169844  2.2626174  -5.81641475]
Epoch 183, t=2460388.3881640425:
  TLE_ECI: r=[-7114.76445954  -665.85107043  2912.64453135], v=[ 2.72352564 -2.90833791  5.98293191]
  RK45_ECI: r=[ 6726.2237955  -2034.25996383  3231.79372458], v=[ 3.52300603  2.27575017 -5.83466528]
Epoch 184, t=2460388.388239306:
  TLE_ECI: r=[-7029.93365325  -756.1669482   3090.96838103], v=[ 2.90901543 -2.88849902  5.90460969]
  RK45_ECI: r=[ 6749.96729333 -2016.22733844  3193.79116864], v=[ 3.48417512  2.28876339 -5.85270206]
Epoch 185, t=2460388.3883145694:
  TLE_ECI: r=[-6939.52969866  -845.80983374  3266.87308738], v=[ 3.0921999  -2.86623182  5.82167294]
  RK45_ECI: r=[ 6773.44915873 -1998.09931261  3155.67222011], v=[ 3.44520779  2.30165629 -5.87052418]
Epoch 186, t=2460388.388389833:
  TLE_ECI: r=[-6843.62428078  -934.70454469  3440.22119543], v=[ 3.27293348 -2.84155636  5.7341876 ]
  RK45_ECI: r=[ 6796.66867486 -1979.87665433  3117.43791875], v=[ 3.40610523  2.3144284  -5.88813117]
Epoch 187, t=2460388.3884650962:
  TLE_ECI: r=[-6742.29345719 -1022.77656632  3610.87728255], v=[ 3.45107263 -2.81449477  5.6422232 ]
  RK45_ECI: r=[ 6819.62471488 -1961.56041675  3079.09002503], v=[ 3.36686936  2.32707903 -5.90552223]
Epoch 188, t=2460388.388540359:
  TLE_ECI: r=[-6635.61759791 -1109.95209466  3778.70806457], v=[ 3.62647596 -2.78507115  5.54585276]
  RK45_ECI: r=[ 6842.31636948 -1943.15153752  3040.62994633], v=[ 3.32750174  2.33960762 -5.92269674]
Epoch 189, t=2460388.3886156227:
  TLE_ECI: r=[-6523.68130589 -1196.15817686  3943.58249999], v=[ 3.79900437 -2.75331159  5.44515276]
  RK45_ECI: r=[ 6864.74305816 -1924.65068282  3002.05855011], v=[ 3.28800339  2.35201374 -5.93965432]
Epoch 190, t=2460388.388690886:
  TLE_ECI: r=[-6406.57336567 -1281.32265396  4105.37189221], v=[ 3.96852113 -2.71924416  5.34020303]
  RK45_ECI: r=[ 6886.90358451 -1906.05901161  2963.37779241], v=[ 3.2483764   2.36429671 -5.95639413]
Epoch 191, t=2460388.3887661495:
  TLE_ECI: r=[-6284.38665761 -1365.37430052  4263.94998966], v=[ 4.134892   -2.68289882  5.23108672]
  RK45_ECI: r=[ 6908.79727264 -1887.37730857  2924.58872782], v=[ 3.20862201  2.37645604 -5.97291573]
Epoch 192, t=2460388.3888414125:
  TLE_ECI: r=[-6157.21808853 -1448.24284582  4419.19308374], v=[ 4.29798531 -2.64430748  5.1178902 ]
  RK45_ECI: r=[ 6930.42295864 -1868.60674428  2885.69332474], v=[ 3.16874232  2.38849106 -5.98921828]
Epoch 193, t=2460388.388916676:
  TLE_ECI: r=[-6025.1684951  -1529.85910521  4570.98010453], v=[ 4.45767214 -2.60350385  5.00070299]
  RK45_ECI: r=[ 6951.78009333 -1849.7479971   2846.69246159], v=[ 3.12873838  2.40040136 -6.00530146]
Epoch 194, t=2460388.3889919394:
  TLE_ECI: r=[-5888.34258586 -1610.15492742  4719.19271431], v=[ 4.6138263  -2.56052354  4.8796177 ]
  RK45_ECI: r=[ 6972.86782425 -1830.80202688  2807.587566  ], v=[ 3.08861175  2.41218642 -6.02116468]
Epoch 195, t=2460388.389067203:
  TLE_ECI: r=[-5746.84883902 -1689.06332497  4863.71539856], v=[ 4.76632454 -2.51540394  4.75472991]
  RK45_ECI: r=[ 6993.6851292  -1811.76992473  2768.38043772], v=[ 3.04836441  2.4238456  -6.03680723]
Epoch 196, t=2460388.3891424662:
  TLE_ECI: r=[-5600.79941793 -1766.51851052  5004.43555461], v=[ 4.91504655 -2.46818418  4.62613815]
  RK45_ECI: r=[ 7014.23137383 -1792.65249135  2729.07214514], v=[ 3.00799758  2.43537847 -6.0522287 ]
Epoch 197, t=2460388.389217729:
  TLE_ECI: r=[-5450.31008491 -1842.45593517  5141.24357787], v=[ 5.05987514 -2.41890516  4.49394374]
  RK45_ECI: r=[ 7034.50546666 -1773.45092227  2689.66468231], v=[ 2.96751341  2.44678437 -6.06742834]
Epoch 198, t=2460388.3892929927:
  TLE_ECI: r=[-5295.5000858  -1916.81240597  5274.03294533], v=[ 5.20069624 -2.36760943  4.35825078]
  RK45_ECI: r=[ 7054.5068936  -1754.16590915  2650.15893853], v=[ 2.92691295  2.45806294 -6.08240583]
Epoch 199, t=2460388.389368256:
  TLE_ECI: r=[-5136.49208496 -1989.52604015  5402.70029671], v=[ 5.33739906 -2.31434122  4.219166  ]
  RK45_ECI: r=[ 7074.23485655 -1734.79843088  2610.55635932], v=[ 2.88619779  2.46921366 -6.09716063]
Epoch 200, t=2460388.3894435195:
  TLE_ECI: r=[-4973.41204504 -2060.53638107  5527.14551283], v=[ 5.46987611 -2.25914634  4.07679872]
  RK45_ECI: r=[ 7093.68839998 -1715.34960098  2570.85876665], v=[ 2.84536994  2.48023594 -6.1116921 ]
Epoch 201, t=2460388.389518783:
  TLE_ECI: r=[-4806.38913057 -2129.78443101  5647.27179126], v=[ 5.59802332 -2.20207222  3.93126072]
  RK45_ECI: r=[ 7112.86693155 -1695.82023508  2531.06724155], v=[ 2.80443063  2.49112937 -6.12599986]
Epoch 202, t=2460388.389594046:
  TLE_ECI: r=[-4635.55561043 -2197.21268535  5762.98571942], v=[ 5.72174008 -2.14316777  3.78266619]
  RK45_ECI: r=[ 7131.76943336 -1676.2115525   2491.18380174], v=[ 2.76338204  2.50189332 -6.14008321]
Epoch 203, t=2460388.3896693094:
  TLE_ECI: r=[-4461.046726   -2262.76523441  5874.19734468], v=[ 5.84092936 -2.08248339  3.63113159]
  RK45_ECI: r=[ 7150.39550994 -1656.5241804   2451.20915864], v=[ 2.72222505  2.51252749 -6.15394194]
Epoch 204, t=2460388.389744573:
  TLE_ECI: r=[-4283.00062113 -2326.38772496  5980.82024192], v=[ 5.95549772 -2.02007091  3.47677559]
  RK45_ECI: r=[ 7168.74416912 -1636.75934617  2411.1453376 ], v=[ 2.68096185  2.52303127 -6.16757535]
Epoch 205, t=2460388.3898198362:
  TLE_ECI: r=[-4101.55820639 -2388.02746037  6082.77157806], v=[ 6.06535543 -1.95598359  3.31971898]
  RK45_ECI: r=[ 7186.81477213 -1616.91795413  2370.99361761], v=[ 2.63959388  2.53340423 -6.18098304]
Epoch 206, t=2460388.3898950997:
  TLE_ECI: r=[-3916.86305323 -2447.6334286   6179.97217381], v=[ 6.17041649 -1.89027599  3.16008454]
  RK45_ECI: r=[ 7204.60668626 -1597.00091095  2330.75527897], v=[ 2.5981226   2.54364593 -6.19416462]
Epoch 207, t=2460388.3899703627:
  TLE_ECI: r=[-3729.06128693 -2505.15633248  6272.34656255], v=[ 6.2705987  -1.82300402  2.99799697]
  RK45_ECI: r=[ 7222.11896822 -1577.00945787  2290.43236117], v=[ 2.55655023  2.55375579 -6.20711944]
Epoch 208, t=2460388.390045626:
  TLE_ECI: r=[-3538.30144201 -2560.54867291  6359.82304619], v=[ 6.36582375 -1.75422477  2.83358279]
  RK45_ECI: r=[ 7239.35125215 -1556.94423279  2250.02558252], v=[ 2.51487763  2.56373353 -6.21984731]
Epoch 209, t=2460388.3901208895:
  TLE_ECI: r=[-3344.73438767 -2613.76472003  6442.3337483 ], v=[ 6.45601722 -1.68399658  2.66697024]
  RK45_ECI: r=[ 7256.30262091 -1536.80648445  2209.53698947], v=[ 2.47310704  2.57357856 -6.2323476 ]
Epoch 210, t=2460388.390196153:
  TLE_ECI: r=[-3148.51318028 -2664.76059463  6519.81466406], v=[ 6.54110867 -1.61237893  2.49828917]
  RK45_ECI: r=[ 7272.97248521 -1516.59713239  2168.96787352], v=[ 2.43123993  2.58329047 -6.24461995]
Epoch 211, t=2460388.390271416:
  TLE_ECI: r=[-2949.79295777 -2713.49428293  6592.2057074 ], v=[ 6.62103167 -1.53943244  2.32767095]
  RK45_ECI: r=[ 7289.36018469 -1496.31719855  2128.31971841], v=[ 2.38927796  2.59286884 -6.25666393]
Epoch 212, t=2460388.3903466794:
  TLE_ECI: r=[-2748.73078599 -2759.92570527  6659.450755  ], v=[ 6.69572384 -1.4652187   2.15524838]
  RK45_ECI: r=[ 7305.46508346 -1475.96764397  2087.5940105 ], v=[ 2.34722278  2.60231322 -6.26847914]
Epoch 213, t=2460388.390421943:
  TLE_ECI: r=[-2545.48558281 -2804.01669382  6721.49768746], v=[ 6.7651269  -1.38980036  1.98115556]
  RK45_ECI: r=[ 7321.28661406 -1455.5494171   2046.79204722], v=[ 2.30507589  2.61162323 -6.28006523]
Epoch 214, t=2460388.3904972062:
  TLE_ECI: r=[-2340.21796228 -2845.73105925  6778.29842731], v=[ 6.82918672 -1.31324101  1.80552784]
  RK45_ECI: r=[ 7336.82401245 -1435.06368695  2005.91570313], v=[ 2.26283933  2.62079836 -6.2914217 ]
Epoch 215, t=2460388.3905724697:
  TLE_ECI: r=[-2133.09011686 -2885.0346099   6829.80897406], v=[ 6.88785332 -1.23560514  1.62850166]
  RK45_ECI: r=[ 7352.07680742 -1414.51130675  1964.96608878], v=[ 2.22051441  2.62983829 -6.30254826]
Epoch 216, t=2460388.3906477327:
  TLE_ECI: r=[-1924.2656994  -2921.89517299  6875.9894362 ], v=[ 6.94108093 -1.15695809  1.45021448]
  RK45_ECI: r=[ 7367.04419232 -1393.89355474  1923.94527784], v=[ 2.17810338  2.63874247 -6.31344438]
Epoch 217, t=2460388.390722996:
  TLE_ECI: r=[-1713.90966147 -2956.28264321  6916.80406006], v=[ 6.98882804 -1.07736596  1.27080468]
  RK45_ECI: r=[ 7381.72579092 -1373.21116583  1882.85419237], v=[ 2.13560736  2.64751064 -6.32410985]
Epoch 218, t=2460388.3907982595:
  TLE_ECI: r=[-1502.188176   -2988.16897032  6952.22125584], v=[ 7.03105736 -0.99689561  1.09041145]
  RK45_ECI: r=[ 7396.12101883 -1352.4651824   1841.69433285], v=[ 2.09302802  2.65614238 -6.33454431]
Epoch 219, t=2460388.390873523:
  TLE_ECI: r=[-1289.26847421 -3017.52820561  6982.21362036], v=[ 7.0677359 -0.9156146  0.9091747]
  RK45_ECI: r=[ 7410.22918221 -1331.65679084  1800.46758936], v=[ 2.05036747  2.66463724 -6.3447473 ]
Epoch 220, t=2460388.3909487864:
  TLE_ECI: r=[-1075.31872423 -3044.33651594  7006.75795679], v=[ 7.09883499 -0.8335911   0.72723492]
  RK45_ECI: r=[ 7424.04985418 -1310.78685607  1759.17508105], v=[ 2.007627    2.67299491 -6.35471857]
Epoch 221, t=2460388.3910240494:
  TLE_ECI: r=[ -860.50790954 -3068.57219964  7025.83529144], v=[ 7.12433027 -0.7508939   0.54473313]
  RK45_ECI: r=[ 7437.58230547 -1289.85667448  1717.81889796], v=[ 1.96480892  2.6812149  -6.36445765]
Epoch 222, t=2460388.391099313:
  TLE_ECI: r=[ -645.00566227 -3090.21571432  7039.43088722], v=[ 7.14420172 -0.66759222  0.36181075]
  RK45_ECI: r=[ 7450.82619728 -1268.8669906   1676.39996874], v=[ 1.92191432  2.68929696 -6.37396434]
Epoch 223, t=2460388.3911745762:
  TLE_ECI: r=[ -428.98218539 -3109.24967474  7047.53425435], v=[ 7.15843367 -0.58375584  0.17860949]
  RK45_ECI: r=[ 7463.78100332 -1247.81886075  1634.91980505], v=[ 1.87894495  2.69724072 -6.38323833]
Epoch 224, t=2460388.3912498397:
  TLE_ECI: r=[ -212.60808519 -3125.65887842  7050.13915774], v=[ 7.16701482e+00 -4.99454917e-01 -4.72873237e-03]
  RK45_ECI: r=[ 7476.44610066 -1226.71348703  1593.38031087], v=[ 1.83590288  2.70504576 -6.39227921]
Epoch 225, t=2460388.3913251027:
  TLE_ECI: r=[ 3.94574253e+00 -3.13943031e+03  7.04724362e+03], v=[ 7.16993824 -0.41475999 -0.18806191]
  RK45_ECI: r=[ 7488.82099443 -1205.55193257  1551.78300363], v=[ 1.79278985  2.71271174 -6.40108667]
Epoch 226, t=2460388.391400366:
  TLE_ECI: r=[  220.50828157 -3150.55317293  7038.84992957], v=[ 7.16720137 -0.32974185 -0.37124805]
  RK45_ECI: r=[ 7500.90537228 -1184.33494792  1510.1288159 ], v=[ 1.74960698  2.72023841 -6.40966054]
Epoch 227, t=2460388.3914756295:
  TLE_ECI: r=[  436.90847249 -3159.01885384  7024.9646253 ], v=[ 7.15880603 -0.24447158 -0.55414525]
  RK45_ECI: r=[ 7512.69859455 -1163.06384861  1468.41985419], v=[ 1.70635659  2.72762535 -6.41800042]
Epoch 228, t=2460388.391550893:
  TLE_ECI: r=[  652.97538172 -3164.82097298  7005.59850527], v=[ 7.14475841 -0.15902044 -0.73661184]
  RK45_ECI: r=[ 7524.20030649 -1141.73951594  1426.65724944], v=[ 1.66304     2.73487231 -6.42610609]
Epoch 229, t=2460388.3916261564:
  TLE_ECI: r=[  868.53832471 -3167.9553675   6980.766612  ], v=[ 7.12506909 -0.07345983 -0.91850647]
  RK45_ECI: r=[ 7535.40995678 -1120.36316647  1384.84291777], v=[ 1.61965934  2.74197889 -6.43397721]
Epoch 230, t=2460388.3917014194:
  TLE_ECI: r=[ 1083.42698875 -3168.4201018   6950.48822283], v=[ 7.09975301  0.01213875 -1.09968817]
  RK45_ECI: r=[ 7546.32710943 -1098.93587506  1342.97838584], v=[ 1.57621634  2.7489448  -6.44161351]
Epoch 231, t=2460388.391776683:
  TLE_ECI: r=[ 1297.47160214 -3166.21545708  6914.78683575], v=[ 7.06882946  0.09770384 -1.28001655]
  RK45_ECI: r=[ 7556.95149022 -1077.45840014  1301.06459148], v=[ 1.53271214  2.75576983 -6.44901485]
Epoch 232, t=2460388.3918519462:
  TLE_ECI: r=[ 1510.50301017 -3161.34394772  6873.69015239], v=[ 7.03232208  0.18316395 -1.45935179]
  RK45_ECI: r=[ 7567.28253838 -1055.93207168  1259.10365374], v=[ 1.48914906  2.7624536  -6.45618086]
Epoch 233, t=2460388.3919272097:
  TLE_ECI: r=[ 1722.35284332 -3153.81030866  6827.23005772], v=[ 6.99025885  0.2684477  -1.63755482]
  RK45_ECI: r=[ 7577.31994461 -1034.35777988  1217.09670961], v=[ 1.44552845  2.76899588 -6.46311138]
Epoch 234, t=2460388.392002473:
  TLE_ECI: r=[ 1932.85363896 -3143.62149387  6775.4425968 ], v=[ 6.94267206  0.35348385 -1.81448739]
  RK45_ECI: r=[ 7587.06322971 -1012.73675401  1175.04568577], v=[ 1.40185243  2.77539635 -6.46980611]
Epoch 235, t=2460388.392077736:
  TLE_ECI: r=[ 2141.83896241 -3130.78667703  6718.36794846], v=[ 6.8895983   0.43820134 -1.99001219]
  RK45_ECI: r=[7596.51201688 -991.07007923 1132.95211668], v=[ 1.35812275  2.78165472 -6.47626483]
Epoch 236, t=2460388.3921529995:
  TLE_ECI: r=[ 2349.14357326 -3115.31721971  6656.05039585], v=[ 6.83107844  0.52252944 -2.16399292]
  RK45_ECI: r=[7605.66607031 -969.3585205  1090.8169447 ], v=[ 1.31434053  2.78777084 -6.4824874 ]
Epoch 237, t=2460388.392228263:
  TLE_ECI: r=[ 2554.60349882 -3097.22669804  6588.53829416], v=[ 6.76715757  0.60639766 -2.33629443]
  RK45_ECI: r=[7614.52490836 -947.60342119 1048.64229939], v=[ 1.27050813  2.79374436 -6.48847356]
Epoch 238, t=2460388.3923035264:
  TLE_ECI: r=[ 2758.05619951 -3076.53086835  6515.88403513], v=[ 6.69788504  0.68973591 -2.50678278]
  RK45_ECI: r=[7623.08826754 -925.80567857 1006.42932288], v=[ 1.22662688  2.7995751  -6.49422313]
Epoch 239, t=2460388.39237879:
  TLE_ECI: r=[ 2959.34068638 -3053.24766046  6438.14400855], v=[ 6.62331436  0.77247451 -2.67532538]
  RK45_ECI: r=[7631.35574098 -903.96653299  964.17995055], v=[ 1.18269892  2.80526275 -6.49973591]
Epoch 240, t=2460388.392454053:
  TLE_ECI: r=[ 3158.29763847 -3027.39717247  6355.37856089], v=[ 6.54350321  0.85454426 -2.84179107]
  RK45_ECI: r=[7639.32701133 -882.08707883  921.89572329], v=[ 1.138726    2.81080711 -6.50501169]
Epoch 241, t=2460388.3925293162:
  TLE_ECI: r=[ 3354.76956372 -2999.00161814  6267.65195073], v=[ 6.45851336  0.93587655 -3.00605022]
  RK45_ECI: r=[7647.00188114 -860.1680867   879.57758704], v=[ 1.09470924  2.81620801 -6.51005039]
Epoch 242, t=2460388.3926045797:
  TLE_ECI: r=[ 3548.60086912 -2968.08536286  6175.03230146], v=[ 6.36841069  1.01640331 -3.16797482]
  RK45_ECI: r=[7654.37994838 -838.21091086  837.22767991], v=[ 1.05065101  2.82146518 -6.51485177]
Epoch 243, t=2460388.392679843:
  TLE_ECI: r=[ 3739.63801928 -2934.67486879  6077.59155084], v=[ 6.27326509  1.09605712 -3.32743859]
  RK45_ECI: r=[7661.46099523 -816.21645522  794.847148  ], v=[ 1.00655263  2.82657844 -6.51941575]
Epoch 244, t=2460388.392755106:
  TLE_ECI: r=[ 3927.72964019 -2898.79869371  5975.4053977 ], v=[ 6.17315045  1.17477127 -3.4843171 ]
  RK45_ECI: r=[7668.24465579 -794.18607852  752.43813269], v=[ 0.96241647  2.83154753 -6.52374209]
Epoch 245, t=2460388.3928303695:
  TLE_ECI: r=[ 4112.72667327 -2860.48742263  5868.5532456 ], v=[ 6.06814459  1.25247986 -3.63848781]
  RK45_ECI: r=[7674.73076733 -772.12055586  710.00158249], v=[ 0.91824364  2.83637234 -6.52783076]
Epoch 246, t=2460388.392905633:
  TLE_ECI: r=[ 4294.4824423  -2819.77371031  5757.11814386], v=[ 5.95832923  1.32911773 -3.78983022]
  RK45_ECI: r=[7680.91907568 -750.02098948  667.53904322], v=[ 0.87403591  2.84105265 -6.5316816 ]
Epoch 247, t=2460388.3929808964:
  TLE_ECI: r=[ 4472.85280445 -2776.69221053  5641.18672542], v=[ 5.84378989  1.40462063 -3.93822594]
  RK45_ECI: r=[7686.80929027 -727.88863416  625.05246042], v=[ 0.8297954   2.84558826 -6.53529449]
Epoch 248, t=2460388.39305616:
  TLE_ECI: r=[ 4647.69625666 -2731.27955898  5520.84914206], v=[ 5.72461589  1.47892522 -4.08355879]
  RK45_ECI: r=[7692.40123906 -705.72439916  582.54298295], v=[ 0.78552348  2.84997903 -6.53866934]
Epoch 249, t=2460388.393131423:
  TLE_ECI: r=[ 4818.87404081 -2683.5743576   5396.19899673], v=[ 5.60090024  1.55196913 -4.22571488]
  RK45_ECI: r=[7697.69463596 -683.529652    540.01275776], v=[ 0.74122249  2.85422474 -6.54180603]
Epoch 250, t=2460388.3932066862:
  TLE_ECI: r=[ 4986.25028673 -2633.61708713  5267.33327304], v=[ 5.47273961  1.62369105 -4.36458273]
  RK45_ECI: r=[7702.68935666 -661.30517163  497.46273503], v=[ 0.69689356  2.85832529 -6.54470452]
Epoch 251, t=2460388.3932819497:
  TLE_ECI: r=[ 5149.69207349 -2581.45015743  5134.35226222], v=[ 5.34023422  1.69403073 -4.50005333]
  RK45_ECI: r=[7707.38520658 -639.05206666  454.8944639 ], v=[ 0.65253844  2.86228051 -6.54736472]
Epoch 252, t=2460388.393357213:
  TLE_ECI: r=[ 5309.06956856 -2527.11781771  4997.35948712], v=[ 5.20348782  1.76292904 -4.63202026]
  RK45_ECI: r=[7711.78196797 -616.77159902  412.30989367], v=[ 0.60815929  2.86609023 -6.54978656]
Epoch 253, t=2460388.3934324766:
  TLE_ECI: r=[ 5464.25612469 -2470.66613378  4856.46162373], v=[ 5.06260757  1.83032806 -4.76037975]
  RK45_ECI: r=[7715.8795146  -594.46468206  369.71017488], v=[ 0.56375744  2.86975434 -6.55196999]
Epoch 254, t=2460388.3935077395:
  TLE_ECI: r=[ 5615.12837516 -2412.14296706  4711.76841998], v=[ 4.91770399  1.89617108 -4.88503077]
  RK45_ECI: r=[7719.67764033 -572.13269071  327.09745785], v=[ 0.51933525  2.87327266 -6.55391495]
Epoch 255, t=2460388.393583003:
  TLE_ECI: r=[ 5761.56636268 -2351.59786937  4563.39261201], v=[ 4.76889087  1.96040271 -5.00587515]
  RK45_ECI: r=[7723.17625925 -549.77640706  284.47269352], v=[ 0.47489386  2.8766451  -6.55562143]
Epoch 256, t=2460388.3936582664:
  TLE_ECI: r=[ 5903.45359385 -2289.08213969  4411.44983798], v=[ 4.61628519  2.02296887 -5.12281762]
  RK45_ECI: r=[7726.37523646 -527.3969446   241.83743266], v=[ 0.43043501  2.87987155 -6.5570894 ]
Epoch 257, t=2460388.39373353:
  TLE_ECI: r=[ 6040.67716318 -2224.64871717  4256.05854931], v=[ 4.460007    2.08381686 -5.23576589]
  RK45_ECI: r=[7729.27442715 -504.99557093  199.19362656], v=[ 0.38596085  2.88295186 -6.55831883]
Epoch 258, t=2460388.3938087933:
  TLE_ECI: r=[ 6173.127838   -2158.35215348  4097.33991955], v=[ 4.30017939  2.14289542 -5.34463078]
  RK45_ECI: r=[7731.87375086 -482.57320313  156.54242613], v=[ 0.34147274  2.88588594 -6.55930973]
Epoch 259, t=2460388.3938840562:
  TLE_ECI: r=[ 6300.70014223 -2090.24858531  3935.41775101], v=[ 4.13692836  2.20015473 -5.44932624]
  RK45_ECI: r=[7734.17308162 -460.13122126  113.88598307], v=[ 0.29697303  2.88867367 -6.56006208]
Epoch 260, t=2460388.3939593197:
  TLE_ECI: r=[ 6423.29246745 -2020.39561512  3770.4183789 ], v=[ 3.9703827   2.25554656 -5.54976947]
  RK45_ECI: r=[7736.17237956 -437.6703219    71.22504777], v=[ 0.25246264  2.89131498 -6.56057592]
Epoch 261, t=2460388.394034583:
  TLE_ECI: r=[ 6540.80711946 -1948.85237199  3602.47057346], v=[ 3.80067394  2.30902418 -5.64588093]
  RK45_ECI: r=[7737.87154646 -415.19188703   28.56177182], v=[ 0.20794395  2.89380975 -6.56085125]
Epoch 262, t=2460388.3941098466:
  TLE_ECI: r=[ 6653.15042405 -1875.67938959  3431.70543991], v=[ 3.62793623  2.3605425  -5.7375845 ]
  RK45_ECI: r=[7739.27053359 -392.69692377  -14.1024941 ], v=[ 0.16341849  2.89615792 -6.56088811]
Epoch 263, t=2460388.3941851095:
  TLE_ECI: r=[ 6760.23279287 -1800.93859366  3258.25631619], v=[ 3.45230622  2.41005804 -5.82480747]
  RK45_ECI: r=[7740.36929403 -370.18655094  -56.7661994 ], v=[ 0.11888803  2.8983594  -6.56068653]
Epoch 264, t=2460388.394260373:
  TLE_ECI: r=[ 6861.96881916 -1724.69317066  3082.2586689 ], v=[ 3.27392295  2.45752905 -5.90748063]
  RK45_ECI: r=[7741.16779604 -347.66181942  -99.42779374], v=[ 0.0743543   2.90041412 -6.56024658]
Epoch 265, t=2460388.3943356364:
  TLE_ECI: r=[ 6958.27731631 -1647.00763303  2903.84998725], v=[ 3.09292777  2.5029155  -5.98553836]
  RK45_ECI: r=[7741.66601733 -325.12376047 -142.08592733], v=[ 0.02981886  2.90232202 -6.55956829]
Epoch 266, t=2460388.3944109:
  TLE_ECI: r=[ 7049.08140737 -1567.94768611  2723.16967516], v=[ 2.9094642   2.54617909 -6.05891864]
  RK45_ECI: r=[7741.86394455 -302.57364852 -184.73865017], v=[-0.01471615  2.90408303 -6.55865175]
Epoch 267, t=2460388.3944861633:
  TLE_ECI: r=[ 7134.30858367 -1487.58019215  2540.3589417 ], v=[ 2.72367782  2.58728335 -6.12756315]
  RK45_ECI: r=[7741.76158173 -280.01249262 -227.38461337], v=[-0.05924916  2.90569711 -6.55749702]
Epoch 268, t=2460388.3945614262:
  TLE_ECI: r=[ 7213.89076126 -1405.97313536  2355.56068985], v=[ 2.53571617  2.62619361 -6.19141728]
  RK45_ECI: r=[7741.35894178 -257.44141366 -270.0222683 ], v=[-0.10377843  2.9071642  -6.55610419]
Epoch 269, t=2460388.3946366897:
  TLE_ECI: r=[ 7287.76435471 -1323.19547954  2168.91940368], v=[ 2.34572857  2.66287712 -6.25043023]
  RK45_ECI: r=[7740.65605184 -234.86146456 -312.65006697], v=[-0.1483022   2.90848427 -6.55447334]
Epoch 270, t=2460388.394711953:
  TLE_ECI: r=[ 7355.87030501 -1239.31723571  1980.58103414], v=[ 2.1538661   2.69730298 -6.30455502]
  RK45_ECI: r=[7739.6529427  -212.27367764 -355.26666193], v=[-0.19281894  2.9096573  -6.55260459]
Epoch 271, t=2460388.3947872166:
  TLE_ECI: r=[ 7418.15414634 -1154.40931905  1790.69288348], v=[ 1.96028136  2.72944221 -6.35374853]
  RK45_ECI: r=[7738.34967417 -189.67932917 -397.87010647], v=[-0.23732647  2.91068323 -6.55049804]
Epoch 272, t=2460388.39486248:
  TLE_ECI: r=[ 7474.56604752 -1068.54350946  1599.40348839], v=[ 1.76512844  2.75926782 -6.39797159]
  RK45_ECI: r=[7736.74629445 -167.07934054 -440.45925447], v=[-0.28182345  2.91156208 -6.5481538 ]
Epoch 273, t=2460388.394937743:
  TLE_ECI: r=[7525.06085114 -981.79241203 1406.86250203], v=[ 1.56856274  2.78675476 -6.43718895]
  RK45_ECI: r=[7734.84290217 -144.47509973 -483.03196126], v=[-0.32630752  2.91229379 -6.54557203]
Epoch 274, t=2460388.3950130064:
  TLE_ECI: r=[7569.59812336 -894.22930757 1213.22057498], v=[ 1.37074084  2.81188    -6.47136935]
  RK45_ECI: r=[7732.63955759 -121.86739378 -525.587282  ], v=[-0.37077754  2.9128784  -6.54275282]
Epoch 275, t=2460388.39508827:
  TLE_ECI: r=[7608.14216999 -805.92822169 1018.62923531], v=[ 1.17182039  2.83462253 -6.50048555]
  RK45_ECI: r=[7730.13635323  -99.25734424 -568.123673  ], v=[-0.41523175  2.91331589 -6.53969632]
Epoch 276, t=2460388.3951635333:
  TLE_ECI: r=[7640.66207891 -716.96377384  823.2407678 ], v=[ 0.97195996  2.85496338 -6.52451434]
  RK45_ECI: r=[7727.33342208  -76.64622772 -610.63919252], v=[-0.45966799  2.91360627 -6.53640271]
Epoch 277, t=2460388.3952387967:
  TLE_ECI: r=[7667.13174306 -627.41113539  627.20809244], v=[ 0.77131894  2.87288564 -6.54343657]
  RK45_ECI: r=[7724.23085835  -54.03496512 -653.13269812], v=[-0.50408493  2.91374956 -6.53287211]
Epoch 278, t=2460388.3953140597:
  TLE_ECI: r=[7687.5298809  -537.34598789  430.68464236], v=[ 0.57005735  2.88837447 -6.55723719]
  RK45_ECI: r=[7720.82884094  -31.42494432 -695.60205125], v=[-0.54848018  2.91374578 -6.52910473]
Epoch 279, t=2460388.395389323:
  TLE_ECI: r=[7701.84006099 -446.84436819  233.82424128], v=[ 0.36833573  2.90141713 -6.56590521]
  RK45_ECI: r=[7717.12746867   -8.81695152 -738.04631072], v=[-0.59285263  2.91359496 -6.52510071]
Epoch 280, t=2460388.3954645866:
  TLE_ECI: r=[7710.05070556 -355.98273839   36.78098053], v=[ 0.16631505  2.91200296 -6.56943377]
  RK45_ECI: r=[7713.12689397   13.78789264 -780.46393796], v=[-0.63720051  2.91329714 -6.52086022]
Epoch 281, t=2460388.39553985:
  TLE_ECI: r=[7712.15510744 -264.83783038 -160.29090404], v=[-0.03584352  2.92012344 -6.56782009]
  RK45_ECI: r=[7708.82732292   36.38831274 -822.8529979 ], v=[-0.68152168  2.91285237 -6.51638348]
Epoch 282, t=2460388.395615113:
  TLE_ECI: r=[7708.15143327 -173.48662521 -357.23715547], v=[-0.23797864  2.92577214 -6.56106553]
  RK45_ECI: r=[7704.22894018   58.983189   -865.21195523], v=[-0.72581437  2.91226071 -6.51167071]
Epoch 283, t=2460388.3956903764:
  TLE_ECI: r=[7698.04272733  -82.00619675 -553.90361894], v=[-0.43992904  2.92894477 -6.54917554]
  RK45_ECI: r=[7699.33187132   81.57173649 -907.53987172], v=[-0.77007746  2.9115222  -6.50672203]
Epoch 284, t=2460388.39576564:
  TLE_ECI: r=[7681.83690503    9.52621881 -750.13636503], v=[-0.6415336   2.92963916 -6.53215968]
  RK45_ECI: r=[7694.1363871   104.15256986 -949.83461816], v=[-0.81430859  2.91063693 -6.50153772]
Epoch 285, t=2460388.3958409033:
  TLE_ECI: r=[7659.54674896  101.03337931 -945.78181272], v=[-0.84263147  2.92785525 -6.51003162]
  RK45_ECI: r=[7688.6426552   126.72477117 -992.0950599 ], v=[-0.85850642  2.90960497 -6.49611797]
Epoch 286, t=2460388.3959161667:
  TLE_ECI: r=[ 7631.18989723   192.43808008 -1140.68685206], v=[-1.04306225  2.92359514 -6.48280909]
  RK45_ECI: r=[ 7682.85095457   149.28706767 -1034.3192701 ], v=[-0.90266882  2.90842642 -6.49046303]
Epoch 287, t=2460388.3959914297:
  TLE_ECI: r=[ 7596.7888293    283.66319791 -1334.69896642], v=[-1.24266609  2.91686302 -6.4505139 ]
  RK45_ECI: r=[ 7676.76152947   171.83834268 -1076.50572063], v=[-0.94679403  2.90710136 -6.48457317]
Epoch 288, t=2460388.396066693:
  TLE_ECI: r=[ 7556.37084379   374.63184614 -1527.6663541 ], v=[-1.44128387  2.90766523 -6.41317189]
  RK45_ECI: r=[ 7670.37454383   194.37781391 -1118.65347809], v=[-0.99088093  2.90562989 -6.47844854]
Epoch 289, t=2460388.3961419566:
  TLE_ECI: r=[ 7509.96803951   465.26730625 -1719.43804936], v=[-1.6387573   2.89601017 -6.37081294]
  RK45_ECI: r=[ 7663.6903481    216.9041     -1160.76042332], v=[-1.03492718  2.90401213 -6.47208947]
Epoch 290, t=2460388.39621722:
  TLE_ECI: r=[ 7457.61728577   555.49318269 -1909.86404257], v=[-1.83492904  2.8819084  -6.32347091]
  RK45_ECI: r=[ 7656.70915558   239.41628632 -1202.82542774], v=[-1.07893145  2.90224819 -6.46549617]
Epoch 291, t=2460388.3962924834:
  TLE_ECI: r=[ 7399.36019175   645.2334457  -2098.79539954], v=[-2.02964285  2.86537254 -6.27118363]
  RK45_ECI: r=[ 7649.43131766   261.91310474 -1244.84657444], v=[-1.12289163  2.90033821 -6.45866896]
Epoch 292, t=2460388.3963677464:
  TLE_ECI: r=[ 7335.24307346   734.41247451 -2286.08437976], v=[-2.22274374  2.84641727 -6.21399283]
  RK45_ECI: r=[ 7641.85713782   284.39344307 -1286.82234379], v=[-1.16680595  2.89828231 -6.45160814]
Epoch 293, t=2460388.39644301:
  TLE_ECI: r=[ 7265.31690633   822.9552079  -2471.58455359], v=[-2.41407807  2.82505936 -6.15194416]
  RK45_ECI: r=[ 7633.986818     306.85652258 -1328.75180796], v=[-1.21067334  2.89608063 -6.44431388]
Epoch 294, t=2460388.3965182733:
  TLE_ECI: r=[ 7189.63729445   910.78707818 -2655.15091819], v=[-2.6034937   2.80131761 -6.08508708]
  RK45_ECI: r=[ 7625.82078782   329.30096766 -1370.63285978], v=[-1.25449145  2.89373332 -6.43678658]
Epoch 295, t=2460388.3965935367:
  TLE_ECI: r=[ 7108.26441591   997.83416114 -2836.64001215], v=[-2.79084006  2.77521284 -6.01347488]
  RK45_ECI: r=[ 7617.35930578   351.72586833 -1412.4643777 ], v=[-1.29825898  2.89124054 -6.42902648]
Epoch 296, t=2460388.3966687997:
  TLE_ECI: r=[ 7021.26297745  1084.02319622 -3015.91002867], v=[-2.97596836  2.74676789 -5.93716457]
  RK45_ECI: r=[ 7608.6028372    374.12985206 -1454.24426055], v=[-1.34197361  2.88860247 -6.421034  ]
Epoch 297, t=2460388.396744063:
  TLE_ECI: r=[ 6928.70214771  1169.28173112 -3192.82092723], v=[-3.15873165  2.71600755 -5.85621687]
  RK45_ECI: r=[ 7599.55161812   396.512144   -1495.97158636], v=[-1.38563424  2.88581926 -6.41280934]
Epoch 298, t=2460388.3968193266:
  TLE_ECI: r=[ 6830.65551777  1253.53805845 -3367.23454364], v=[-3.33898495  2.68295858 -5.77069614]
  RK45_ECI: r=[ 7590.20601416   418.87163856 -1537.644846  ], v=[-1.42923916  2.88289107 -6.40435285]
Epoch 299, t=2460388.39689459:
  TLE_ECI: r=[ 6727.20102769  1336.72135954 -3539.01469844], v=[-3.51658537  2.64764969 -5.68067032]
  RK45_ECI: r=[ 7580.56649144   441.20707828 -1579.26214205], v=[-1.47278627  2.87981812 -6.39566492]
Epoch 300, t=2460388.3969698534:
  TLE_ECI: r=[ 6618.42090467  1418.76174253 -3708.02730338], v=[-3.69139225  2.61011147 -5.58621088]
  RK45_ECI: r=[ 7570.63335313   463.51755869 -1620.82236115], v=[-1.51627428  2.87660058 -6.38674584]
Epoch 301, t=2460388.3970451164:
  TLE_ECI: r=[ 6504.40159905  1499.59028235 -3874.14046615], v=[-3.86326721  2.57037638 -5.48739272]
  RK45_ECI: r=[ 7560.40714279   485.80171552 -1662.32341687], v=[-1.55970088  2.87323868 -6.37759609]
Epoch 302, t=2460388.39712038:
  TLE_ECI: r=[ 6385.23369524  1579.13915503 -4037.22459305], v=[-4.03207433  2.5284787  -5.38429417]
  RK45_ECI: r=[ 7549.88813356   508.05877943 -1703.76439457], v=[-1.60306501  2.86973259 -6.3682159 ]
Epoch 303, t=2460388.3971956433:
  TLE_ECI: r=[ 6261.01186258  1657.34157853 -4197.15248968], v=[-4.19768022  2.48445457 -5.27699684]
  RK45_ECI: r=[ 7539.07674915   530.28765222 -1745.14379647], v=[-1.64636495  2.86608252 -6.35860565]
Epoch 304, t=2460388.3972709067:
  TLE_ECI: r=[ 6131.83476036  1734.13194572 -4353.7994595 ], v=[-4.3599541   2.43834184 -5.16558563]
  RK45_ECI: r=[ 7527.97352642   552.48708463 -1786.45973971], v=[-1.68959865  2.8622887  -6.34876581]
Epoch 305, t=2460388.39734617:
  TLE_ECI: r=[ 5997.80496064  1809.44585984 -4507.04340014], v=[-4.51876795  2.39018015 -5.05014857]
  RK45_ECI: r=[ 7516.57881276   574.6561792  -1827.71112013], v=[-1.73276481  2.85835135 -6.33869669]
Epoch 306, t=2460388.397421433:
  TLE_ECI: r=[ 5859.02886973  1883.22017022 -4656.7648976 ], v=[-4.67399658  2.34001082 -4.93077682]
  RK45_ECI: r=[ 7504.89322912   596.79358145 -1868.89586806], v=[-1.77586117  2.85427074 -6.32839882]
Epoch 307, t=2460388.3974966966:
  TLE_ECI: r=[ 5715.61661909  1955.39309397 -4802.84731786], v=[-4.82551775  2.2878768  -4.80756455]
  RK45_ECI: r=[ 7492.91708539   618.89852816 -1910.01307713], v=[-1.81888665  2.85004706 -6.31787248]
Epoch 308, t=2460388.39757196:
  TLE_ECI: r=[ 5567.68200791  2025.90416242 -4945.17689647], v=[-4.97321221  2.23382271 -4.68060888]
  RK45_ECI: r=[ 7480.65086261   640.96992971 -1951.06126237], v=[-1.86183958  2.84568054 -6.30711808]
Epoch 309, t=2460388.3976472234:
  TLE_ECI: r=[ 5415.34238893  2094.69434089 -5083.64282535], v=[-5.11696385  2.17789471 -4.55000976]
  RK45_ECI: r=[ 7468.09516779   663.00654688 -1992.03855726], v=[-1.90471791  2.84117147 -6.29613616]
Epoch 310, t=2460388.397722487:
  TLE_ECI: r=[ 5258.71857846  2161.70605957 -5218.1373373 ], v=[-5.25665974  2.12014052 -4.41586994]
  RK45_ECI: r=[ 7455.25039191   685.00748973 -2032.94386797], v=[-1.94752037  2.83652007 -6.28492704]
Epoch 311, t=2460388.39779775:
  TLE_ECI: r=[ 5097.93476495  2226.88324562 -5348.55578791], v=[-5.39219024  2.06060938 -4.27829485]
  RK45_ECI: r=[ 7442.1172326    706.97141514 -2073.77514358], v=[-1.9902447   2.83172666 -6.27349134]
Epoch 312, t=2460388.3978730133:
  TLE_ECI: r=[ 4933.11838278  2290.1714293  -5474.79673476], v=[-5.52344907  1.99935191 -4.1373925 ]
  RK45_ECI: r=[ 7428.69603599   728.89756682 -2114.53148685], v=[-2.03288987  2.82679145 -6.26182934]
Epoch 313, t=2460388.3979482767:
  TLE_ECI: r=[ 4764.40004795  2351.51769741 -5596.76201421], v=[-5.65033338  1.93642019 -3.99327344]
  RK45_ECI: r=[ 7414.98733989   750.78486513 -2155.21142713], v=[-2.0754542   2.8217147  -6.24994152]
Epoch 314, t=2460388.39802354:
  TLE_ECI: r=[ 4591.91342791  2410.87079681 -5714.35681527], v=[-5.77274384  1.87186766 -3.84605063]
  RK45_ECI: r=[ 7400.99182065   772.63208176 -2195.81311598], v=[-2.11793567  2.81649675 -6.23782845]
Epoch 315, t=2460388.398098803:
  TLE_ECI: r=[ 4415.79514756  2468.18114842 -5827.48975087], v=[-5.8905847   1.80574906 -3.69583934]
  RK45_ECI: r=[ 7386.70998067   794.43822805 -2236.33528103], v=[-2.16033282  2.81113785 -6.22549056]
Epoch 316, t=2460388.3981740666:
  TLE_ECI: r=[ 4236.18465146  2523.40093913 -5936.07292629], v=[-6.00376385  1.73812038 -3.5427571 ]
  RK45_ECI: r=[ 7372.14238866   816.20229595 -2276.77646196], v=[-2.20264404  2.80563829 -6.21292833]
Epoch 317, t=2460388.39824933:
  TLE_ECI: r=[ 4053.22413538  2576.48408132 -6040.0220049 ], v=[-6.11219291  1.66903886 -3.38692357]
  RK45_ECI: r=[ 7357.28956279   837.92330025 -2317.13539088], v=[-2.24486785  2.79999834 -6.20014222]
Epoch 318, t=2460388.3983245934:
  TLE_ECI: r=[ 3867.05840496  2627.38630287 -6139.25627097], v=[-6.21578725  1.59856289 -3.22846046]
  RK45_ECI: r=[ 7342.15223437   859.60002258 -2357.41023511], v=[-2.28700227  2.79421836 -6.18713283]
Epoch 319, t=2460388.398399857:
  TLE_ECI: r=[ 3677.83476742  2676.06516996 -6233.69868966], v=[-6.31446608  1.52675198 -3.06749144]
  RK45_ECI: r=[ 7326.73094278   881.23150419 -2397.59973375], v=[-2.32904584  2.78829862 -6.17390064]
Epoch 320, t=2460388.39847512:
  TLE_ECI: r=[ 3485.70292332  2722.4801101  -6323.27596415], v=[-6.40815249  1.45366673 -2.90414202]
  RK45_ECI: r=[ 7311.02630837   902.81668116 -2437.70243964], v=[-2.37099694  2.78223945 -6.16044615]
Epoch 321, t=2460388.3985503833:
  TLE_ECI: r=[ 3290.81481628  2766.59248653 -6407.91858981], v=[-6.49677354  1.37936871 -2.73853948]
  RK45_ECI: r=[ 7295.03895466   924.35455644 -2477.71690905], v=[-2.41285396  2.77604114 -6.1467699 ]
Epoch 322, t=2460388.3986256467:
  TLE_ECI: r=[ 3093.32456079  2808.36556566 -6487.56090551], v=[-6.58026023  1.30392049 -2.57081276]
  RK45_ECI: r=[ 7278.76944908   945.84415541 -2517.64188888], v=[-2.45461548  2.76970403 -6.13287236]
Epoch 323, t=2460388.39870091:
  TLE_ECI: r=[ 2893.38828942  2847.76458905 -6562.14114197], v=[-6.65854762  1.22738556 -2.40109235]
  RK45_ECI: r=[ 7262.21859091   967.28427363 -2557.47556768], v=[-2.49627948  2.76322846 -6.11875422]
Epoch 324, t=2460388.3987761736:
  TLE_ECI: r=[ 2691.16403817  2884.75679018 -6631.60146707], v=[-6.73157483  1.14982827 -2.22951022]
  RK45_ECI: r=[ 7245.38689082   988.67404723 -2597.21688615], v=[-2.53784475  2.75661474 -6.10441588]
Epoch 325, t=2460388.3988514366:
  TLE_ECI: r=[ 2486.81163123  2919.31141311 -6695.88802832], v=[-6.79928512  1.07131378 -2.05619969]
  RK45_ECI: r=[ 7228.27525676  1010.01217244 -2636.86385593], v=[-2.5793091   2.74986329 -6.08985812]
Epoch 326, t=2460388.3989267:
  TLE_ECI: r=[ 2280.49252189  2951.39976673 -6754.95099214], v=[-6.86162586  0.99190797 -1.88129534]
  RK45_ECI: r=[ 7210.88413414  1031.2979164  -2676.41561004], v=[-2.62067151  2.74297437 -6.0750813 ]
Epoch 327, t=2460388.3990019634:
  TLE_ECI: r=[ 2072.36971748  2980.99520172 -6808.74458041], v=[-6.91854865  0.91167748 -1.70493294]
  RK45_ECI: r=[ 7193.21421651  1052.53023237 -2715.87072499], v=[-2.66193038  2.73594833 -6.060086  ]
Epoch 328, t=2460388.399077227:
  TLE_ECI: r=[ 1862.60761864  3008.07316251 -6857.22710373], v=[-6.97000926  0.83068956 -1.52724929]
  RK45_ECI: r=[ 7175.2663705   1073.70793058 -2755.22741212], v=[-2.70308373  2.7287856  -6.04487293]
Epoch 329, t=2460388.3991524903:
  TLE_ECI: r=[ 1651.37189962  3032.61119889 -6900.36099183], v=[-7.01596775  0.74901209 -1.34838216]
  RK45_ECI: r=[ 7157.04114856  1094.8301582  -2794.48462628], v=[-2.74413035  2.72148647 -6.02944255]
Epoch 330, t=2460388.3992277533:
  TLE_ECI: r=[ 1438.82938869  3054.58897932 -6938.11282092], v=[-7.05638842  0.66671348 -1.1684702 ]
  RK45_ECI: r=[ 7138.53953226  1115.89562812 -2833.64040484], v=[-2.78506807  2.71405143 -6.01379567]
Epoch 331, t=2460388.3993030167:
  TLE_ECI: r=[ 1225.14790275  3073.98832464 -6970.45333786], v=[-7.09123987  0.5838626  -0.9876528 ]
  RK45_ECI: r=[ 7119.76200166  1136.90361747 -2872.69389301], v=[-2.8258959   2.70648074 -5.99793268]
Epoch 332, t=2460388.39937828:
  TLE_ECI: r=[ 1010.49617106  3090.79319481 -6997.35748156], v=[-7.12049502  0.50052878 -0.80607001]
  RK45_ECI: r=[ 7100.70930488  1157.85309302 -2911.64368657], v=[-2.86661224  2.69877479 -5.98185419]
Epoch 333, t=2460388.3994535436:
  TLE_ECI: r=[  795.04366858  3104.98972052 -7018.80440103], v=[-7.1441311   0.41678173 -0.62386243]
  RK45_ECI: r=[ 7081.38237496  1178.74288156 -2950.48802112], v=[-2.90721514  2.69093405 -5.96556096]
Epoch 334, t=2460388.3995288066:
  TLE_ECI: r=[  578.96050315  3116.56620739 -7034.77747065], v=[-7.16212971  0.33269151 -0.44117113]
  RK45_ECI: r=[ 7061.78198918  1199.57195751 -2989.22550342], v=[-2.94770303  2.68295891 -5.94905363]
Epoch 335, t=2460388.39960407:
  TLE_ECI: r=[  362.41724732  3125.51315275 -7045.26430205], v=[-7.17447678  0.24832837 -0.25813752]
  RK45_ECI: r=[ 7041.90865143  1220.33960552 -3027.85528742], v=[-2.98807491  2.67484967 -5.93233259]
Epoch 336, t=2460388.3996793334:
  TLE_ECI: r=[  145.5848612   3131.82324076 -7050.25675336], v=[-7.18116264  0.16376284 -0.07490327]
  RK45_ECI: r=[ 7021.76342644  1241.04455967 -3066.37544197], v=[-3.02832865  2.66660684 -5.91539871]
Epoch 337, t=2460388.399754597:
  TLE_ECI: r=[  -71.36547601  3135.491357   -7049.75093497], v=[-7.18218194  0.07906561  0.10838983]
  RK45_ECI: r=[ 7001.34693262  1261.68598655 -3104.78494622], v=[-3.06846306  2.6582308  -5.89825249]
Epoch 338, t=2460388.3998298603:
  TLE_ECI: r=[ -288.26248922  3136.51459013 -7043.74721254], v=[-7.17753375e+00 -5.69256317e-03  2.91599913e-01]
  RK45_ECI: r=[ 6980.66016861  1282.26273044 -3143.08206152], v=[-3.10847622  2.649722   -5.88089472]
Epoch 339, t=2460388.3999051233:
  TLE_ECI: r=[ -504.93493045  3134.89223561 -7032.25020677], v=[-7.1672215  -0.09044082  0.47458518]
  RK45_ECI: r=[ 6959.70396509  1302.77378142 -3181.26541557], v=[-3.14836659  2.64108092 -5.86332608]
Epoch 340, t=2460388.3999803867:
  TLE_ECI: r=[ -721.21174812  3130.62579121 -7015.26879009], v=[-7.15125299 -0.1751084   0.657204  ]
  RK45_ECI: r=[ 6938.47885987  1323.21843548 -3219.33417557], v=[-3.18813316  2.63230786 -5.84554698]
Epoch 341, t=2460388.40005565:
  TLE_ECI: r=[ -936.92216385  3123.7189625  -6992.8160805 ], v=[-7.12964039 -0.25962451  0.83931499]
  RK45_ECI: r=[ 6916.98598914  1343.59544671 -3257.28643946], v=[-3.22777387  2.62340339 -5.82755834]
Epoch 342, t=2460388.4001309136:
  TLE_ECI: r=[-1151.89584141  3114.17765624 -6964.90943209], v=[-7.10240024 -0.34391852  1.02077714]
  RK45_ECI: r=[ 6895.2260117   1363.90399518 -3295.12120263], v=[-3.26728752  2.61436788 -5.80936066]
Epoch 343, t=2460388.400206177:
  TLE_ECI: r=[-1365.96300931  3102.00997647 -6931.57042261], v=[-7.06955343 -0.42791997  1.20144989]
  RK45_ECI: r=[ 6873.19999077  1384.14294424 -3332.8367535 ], v=[-3.30667225  2.60520188 -5.7909548 ]
Epoch 344, t=2460388.40028144:
  TLE_ECI: r=[-1578.95458309  3087.22622288 -6892.82483804], v=[-7.03112518 -0.5115586   1.38119328]
  RK45_ECI: r=[ 6850.90880946  1404.31130109 -3370.4317418 ], v=[-3.34592652  2.59590584 -5.77234147]
Epoch 345, t=2460388.4003567034:
  TLE_ECI: r=[-1790.70233274  3069.83886496 -6848.7026539 ], v=[-6.98714505 -0.5947645   1.55986798]
  RK45_ECI: r=[ 6828.35303895  1424.40837385 -3407.90534856], v=[-3.38504937  2.58648014 -5.75352108]
Epoch 346, t=2460388.400431967:
  TLE_ECI: r=[-2001.0389586   3049.86255797 -6799.23801382], v=[-6.93764689 -0.67746803  1.73733546]
  RK45_ECI: r=[ 6805.53388561  1444.43293812 -3445.25570242], v=[-3.42403875  2.57692536 -5.73449461]
Epoch 347, t=2460388.4005072303:
  TLE_ECI: r=[-2209.79825774  3027.31411493 -6744.46920474], v=[-6.88266886 -0.75959998  1.91345805]
  RK45_ECI: r=[ 6782.45204788  1464.38418859 -3482.4818157 ], v=[-3.46289352  2.56724193 -5.7152626 ]
Epoch 348, t=2460388.4005824937:
  TLE_ECI: r=[-2416.81524422  3002.21249733 -6684.43862929], v=[-6.82225336 -0.84109157  2.08809905]
  RK45_ECI: r=[ 6759.10865231  1484.26100921 -3519.58200535], v=[-3.50161182  2.5574304  -5.69582593]
Epoch 349, t=2460388.4006577567:
  TLE_ECI: r=[-2621.92626857  2974.57880809 -6619.19277505], v=[-6.75644704 -0.92187453  2.26112285]
  RK45_ECI: r=[ 6735.50463347  1504.06242536 -3556.55494424], v=[-3.54019217  2.5474913  -5.67618535]
Epoch 350, t=2460388.40073302:
  TLE_ECI: r=[-2824.96918079  2944.43624466 -6548.7821807 ], v=[-6.68530075 -1.00188117  2.432395  ]
  RK45_ECI: r=[ 6711.64059508  1523.78775821 -3593.39982785], v=[-3.57863362  2.53742499 -5.65634131]
Epoch 351, t=2460388.4008082836:
  TLE_ECI: r=[-3025.78340425  2911.81012502 -6473.26139936], v=[-6.60886951 -1.08104441  2.60178234]
  RK45_ECI: r=[ 6687.51781235  1543.43580659 -3630.11481714], v=[-3.61693417  2.52723212 -5.63629481]
Epoch 352, t=2460388.400883547:
  TLE_ECI: r=[-3224.21009663  2876.7278388  -6392.68895876], v=[-6.5272125  -1.15929779  2.76915307]
  RK45_ECI: r=[ 6663.1370224   1563.00578088 -3666.69894217], v=[-3.6550927   2.51691313 -5.61604644]
Epoch 353, t=2460388.40095881:
  TLE_ECI: r=[-3420.09225733  2839.2188427  -6307.12731842], v=[-6.44039299 -1.23657561  2.93437688]
  RK45_ECI: r=[ 6638.49953122  1582.49649062 -3703.15037914], v=[-3.69310722  2.50646868 -5.59559721]
Epoch 354, t=2460388.4010340734:
  TLE_ECI: r=[-3613.27488446  2799.31459758 -6216.64282386], v=[-6.34847829 -1.31281298  3.09732503]
  RK45_ECI: r=[ 6613.6059715   1601.90726898 -3739.46833747], v=[-3.73097682  2.49589915 -5.57494762]
Epoch 355, t=2460388.401109337:
  TLE_ECI: r=[-3803.60504649  2757.04860183 -6121.30565796], v=[-6.25153976 -1.38794577  3.25787045]
  RK45_ECI: r=[ 6588.45733085  1621.23716286 -3775.65151555], v=[-3.76870003  2.4852051  -5.55409843]
Epoch 356, t=2460388.4011846003:
  TLE_ECI: r=[-3990.93203675  2712.45632633 -6021.18978919], v=[-6.14965271 -1.46191077  3.41588784]
  RK45_ECI: r=[ 6563.05483439  1640.48509172 -3811.69827902], v=[-3.80627509  2.47438715 -5.53305061]
Epoch 357, t=2460388.4012598637:
  TLE_ECI: r=[-4175.10748421  2665.57519561 -5916.37291701], v=[-6.04289637 -1.53464569  3.5712538 ]
  RK45_ECI: r=[ 6537.39925703  1659.65028238 -3847.60767662], v=[-3.84370089  2.46344577 -5.51180474]
Epoch 358, t=2460388.4013351267:
  TLE_ECI: r=[-4355.98546356  2616.4445706  -5806.93641436], v=[-5.93135386 -1.60608923  3.72384684]
  RK45_ECI: r=[ 6511.49197136  1678.73156973 -3883.3779192 ], v=[-3.88097551  2.45238165 -5.49036193]
Epoch 359, t=2460388.40141039:
  TLE_ECI: r=[-4533.42264214  2565.10566648 -5692.96526718], v=[-5.81511208 -1.67618116  3.87354759]
  RK45_ECI: r=[ 6485.33364108  1697.72830143 -3919.00823208], v=[-3.91809803  2.44119521 -5.46872267]
Epoch 360, t=2460388.4014856536:
  TLE_ECI: r=[-4707.27834762  2511.6015947  -5574.5480112 ], v=[-5.69426168 -1.7448623   4.02023879]
  RK45_ECI: r=[ 6458.92530277  1716.63954494 -3954.49733914], v=[-3.95506706  2.42988701 -5.44688776]
Epoch 361, t=2460388.401560917:
  TLE_ECI: r=[-4877.41471174  2455.97727853 -5451.77666581], v=[-5.56889702 -1.81207462  4.16380546]
  RK45_ECI: r=[ 6432.26824133  1735.46424361 -3989.84363847], v=[-3.99188084  2.41845771 -5.42485822]
Epoch 362, t=2460388.4016361805:
  TLE_ECI: r=[-5043.69677298  2398.27942896 -5324.74666511], v=[-5.43911607 -1.8777613   4.30413494]
  RK45_ECI: r=[ 6405.3632684   1754.20164178 -4025.0461983 ], v=[-4.02853833  2.40690782 -5.40263467]
Epoch 363, t=2460388.4017114434:
  TLE_ECI: r=[-5205.99257806  2338.55652238 -5193.55678629], v=[-5.30502036 -1.94186671  4.44111704]
  RK45_ECI: r=[ 6378.21182166  1772.85060071 -4060.10326589], v=[-4.06503761  2.39523804 -5.38021826]
Epoch 364, t=2460388.401786707:
  TLE_ECI: r=[-5364.17331602  2276.8587004  -5058.3090751 ], v=[-5.16671489 -2.00433658  4.57464405]
  RK45_ECI: r=[ 6350.81459505  1791.41048309 -4095.0140831 ], v=[-4.10137782  2.38344881 -5.35760949]
Epoch 365, t=2460388.4018619703:
  TLE_ECI: r=[-5518.11338061  2213.23781901 -4919.10876889], v=[-5.02430806 -2.06511794  4.70461092]
  RK45_ECI: r=[ 6323.17267281  1809.88037825 -4129.77740061], v=[-4.13755758  2.37154072 -5.33480922]
Epoch 366, t=2460388.4019372337:
  TLE_ECI: r=[-5667.69049999  2147.74734682 -4776.06421675], v=[-4.87791162 -2.12415918  4.83091526]
  RK45_ECI: r=[ 6295.28739822  1828.25925457 -4164.39165034], v=[-4.1735752   2.35951448 -5.3118185 ]
Epoch 367, t=2460388.402012497:
  TLE_ECI: r=[-5812.78582903  2080.44233616 -4629.28679719], v=[-4.72764056 -2.18141016  4.95345751]
  RK45_ECI: r=[ 6267.15961877  1846.54637414 -4198.85592099], v=[-4.20942963  2.34737057 -5.28863799]
Epoch 368, t=2460388.40208776:
  TLE_ECI: r=[-5953.28404041  2011.37939469 -4478.89083321], v=[-4.57361301 -2.23682219  5.07214094]
  RK45_ECI: r=[ 6238.79083562  1864.74062633 -4233.16849777], v=[-4.24511903  2.33510977 -5.26526887]
Epoch 369, t=2460388.4021630236:
  TLE_ECI: r=[-6089.07344235  1940.61657038 -4324.99350485], v=[-4.41595019 -2.29034812  5.18687181]
  RK45_ECI: r=[ 6210.18177209  1882.84138935 -4267.3286399 ], v=[-4.28064255  2.3227325  -5.24171168]
Epoch 370, t=2460388.402238287:
  TLE_ECI: r=[-6220.04603442  1868.2134061  -4167.71475941], v=[-4.25477629 -2.34194235  5.2975594 ]
  RK45_ECI: r=[ 6181.33355903  1900.84777509 -4301.33512596], v=[-4.31599885  2.31023941 -5.2179673 ]
Epoch 371, t=2460388.4023135505:
  TLE_ECI: r=[-6346.09762023  1794.23082239 -4007.17721909], v=[-4.09021841 -2.39156086  5.4041161 ]
  RK45_ECI: r=[ 6152.2475966   1918.75877798 -4335.18642319], v=[-4.35118626  2.29763119 -5.19403685]
Epoch 372, t=2460388.4023888134:
  TLE_ECI: r=[-6467.12788219  1718.7311027  -3843.50608651], v=[-3.92240641 -2.43916131  5.5064575 ]
  RK45_ECI: r=[ 6122.92490675  1936.57359126 -4368.88148384], v=[-4.38620362  2.28490844 -5.16992109]
Epoch 373, t=2460388.402464077:
  TLE_ECI: r=[-6583.04048477  1641.77776601 -3676.82904776], v=[-3.75147286 -2.48470305  5.60450246]
  RK45_ECI: r=[ 6093.36663401  1954.29139617 -4402.41910593], v=[-4.42104961  2.27207176 -5.14562093]
Epoch 374, t=2460388.4025393403:
  TLE_ECI: r=[-6693.74312321  1563.4356269  -3507.27617347], v=[-3.57755291 -2.52814711  5.69817316]
  RK45_ECI: r=[ 6063.57381295  1971.91139305 -4435.79824971], v=[-4.45572308  2.25912174 -5.12113716]
Epoch 375, t=2460388.4026146038:
  TLE_ECI: r=[-6799.14762107  1483.77066621 -3334.97981763], v=[-3.40078418 -2.56945631  5.78739519]
  RK45_ECI: r=[ 6033.54788823  1989.43259801 -4469.01741168], v=[-4.4902224   2.24605911 -5.09647092]
Epoch 376, t=2460388.402689867:
  TLE_ECI: r=[-6899.16999828  1402.84999464 -3160.07451437], v=[-3.2213067  -2.60859526  5.87209762]
  RK45_ECI: r=[ 6003.28990762  2006.85423939 -4502.07556467], v=[-4.52454642  2.23288447 -5.07162302]
Epoch 377, t=2460388.40276513:
  TLE_ECI: r=[-6993.73053727  1320.7418168  -2982.69687285], v=[-3.03926272 -2.64553037  5.95221305]
  RK45_ECI: r=[ 5972.80106856  2024.1754634  -4534.97153047], v=[-4.55869385  2.21959847 -5.04659437]
Epoch 378, t=2460388.4028403936:
  TLE_ECI: r=[-7082.75386536  1237.51529229 -2802.98547019], v=[-2.85479664 -2.68022997  6.02767769]
  RK45_ECI: r=[ 5942.08255954  2041.39547366 -4567.70413687], v=[-4.59266341  2.20620173 -5.02138591]
Epoch 379, t=2460388.402915657:
  TLE_ECI: r=[-7166.16899394  1153.24059922 -2621.08074269], v=[-2.66805492 -2.71266422  6.0984314 ]
  RK45_ECI: r=[ 5911.13545428  2058.51349287 -4600.27237022], v=[-4.62645397  2.19269487 -4.99599845]
Epoch 380, t=2460388.4029909205:
  TLE_ECI: r=[-7243.90939424  1067.98879412 -2437.1248753 ], v=[-2.47918591 -2.74280523  6.16441773]
  RK45_ECI: r=[ 5879.96125188  2075.52856488 -4632.67476481], v=[-4.66006394  2.17907864 -4.97043318]
Epoch 381, t=2460388.403066184:
  TLE_ECI: r=[-7315.91304917   981.83177201 -2251.26168945], v=[-2.28833975 -2.77062705  6.22558404]
  RK45_ECI: r=[ 5848.5608954   2092.44000604 -4664.91047089], v=[-4.69349236  2.1653536  -4.9446908 ]
Epoch 382, t=2460388.403141447:
  TLE_ECI: r=[-7382.122503     894.84222693 -2063.63652946], v=[-2.09566827 -2.7961057   6.28188145]
  RK45_ECI: r=[ 5816.93605575  2109.24678887 -4696.97788811], v=[-4.72673751  2.15152059 -4.91877263]
Epoch 383, t=2460388.4032167103:
  TLE_ECI: r=[-7442.48492062   807.09350384 -1874.39614739], v=[-1.9013248  -2.8192192   6.33326498]
  RK45_ECI: r=[ 5785.08753448  2125.9483388  -4728.87632766], v=[-4.75979859  2.1375801  -4.89267926]
Epoch 384, t=2460388.4032919738:
  TLE_ECI: r=[-7496.9521157    718.65966574 -1683.68858674], v=[-1.70546414 -2.83994759  6.37969352]
  RK45_ECI: r=[ 5753.01658682  2142.54383507 -4760.60465197], v=[-4.79267436  2.1235328  -4.86641166]
Epoch 385, t=2460388.403367237:
  TLE_ECI: r=[-7545.4806028    629.61534447 -1491.66306483], v=[-1.50824232 -2.85827294  6.42112992]
  RK45_ECI: r=[ 5720.72476493  2159.03235043 -4792.16143429], v=[-4.82536327  2.10937949 -4.83997105]
Epoch 386, t=2460388.4034425:
  TLE_ECI: r=[-7588.0316298    540.03572079 -1298.46985406], v=[-1.30981658 -2.87417938  6.457541  ]
  RK45_ECI: r=[ 5688.2133472   2175.41307722 -4823.54555444], v=[-4.85786407  2.09512086 -4.81335839]
Epoch 387, t=2460388.4035177636:
  TLE_ECI: r=[-7624.57121747   449.99637137 -1104.26016227], v=[-1.11034514 -2.8876531   6.48889758]
  RK45_ECI: r=[ 5655.48315361  2191.68545363 -4854.75633684], v=[-4.89017601  2.08075741 -4.7865743 ]
Epoch 388, t=2460388.403593027:
  TLE_ECI: r=[-7655.07017809   359.57333729  -909.18601209], v=[-0.90998713 -2.8986824   6.51517451]
  RK45_ECI: r=[ 5622.53592102  2207.84848899 -4885.79223097], v=[-4.92229739  2.06629001 -4.75962014]
Epoch 389, t=2460388.4036682905:
  TLE_ECI: r=[-7679.50414747   268.84297038  -713.40011962], v=[-0.70890244 -2.90725765  6.5363507 ]
  RK45_ECI: r=[ 5589.37264407  2223.90153292 -4916.65242471], v=[-4.95422731  2.05171925 -4.73249663]
Epoch 390, t=2460388.403743554:
  TLE_ECI: r=[-7697.85360396   177.88189002  -517.0557724 ], v=[-0.50725159 -2.91337135  6.55240915]
  RK45_ECI: r=[ 5555.99492648  2239.843688   -4947.33553141], v=[-4.98596425  2.03704593 -4.70520504]
Epoch 391, t=2460388.403818817:
  TLE_ECI: r=[-7710.10388484    86.76694009  -320.30670678], v=[-0.30519556 -2.91701809  6.56333694]
  RK45_ECI: r=[ 5522.40408831  2255.67417278 -4977.84046306], v=[-5.01750703  2.0222708  -4.67774636]
Epoch 392, t=2460388.4038940803:
  TLE_ECI: r=[-7.71624520e+03 -4.42496730e+00 -1.23306985e+02], v=[-0.10289569 -2.91819461  6.56912525]
  RK45_ECI: r=[ 5488.60097568  2271.39244366 -5008.16656391], v=[-5.04885487  2.00739435 -4.6501212 ]
Epoch 393, t=2460388.4039693438:
  TLE_ECI: r=[-7716.27263939   -95.61678207    73.78912836], v=[ 0.09948646 -2.91689975  6.5697694 ]
  RK45_ECI: r=[ 5454.58738135  2286.99754306 -5038.31232829], v=[-5.08000617  1.9924175  -4.62233097]
Epoch 394, t=2460388.404044607:
  TLE_ECI: r=[-7710.1861764   -186.73147315   270.82728951], v=[ 0.30178927 -2.91313449  6.56526881]
  RK45_ECI: r=[ 5420.36433094  2302.48884257 -5068.27696826], v=[-5.11096002  1.97734085 -4.59437642]
Epoch 395, t=2460388.4041198706:
  TLE_ECI: r=[-7697.99067024  -277.69207083   467.65319946], v=[ 0.50385117 -2.90690192  6.55562702]
  RK45_ECI: r=[ 5385.93347842  2317.8654754  -5098.0591383 ], v=[-5.14171497  1.96216524 -4.56625882]
Epoch 396, t=2460388.4041951336:
  TLE_ECI: r=[-7679.69586164  -368.42171153   664.11272742], v=[ 0.70551079 -2.89820726  6.5408517 ]
  RK45_ECI: r=[ 5351.29618415  2333.12668739 -5127.65778333], v=[-5.17226986  1.94689144 -4.5379792 ]
Epoch 397, t=2460388.404270397:
  TLE_ECI: r=[-7655.31636087  -458.84379317   860.05203419], v=[ 0.90660712 -2.88705786  6.52095461]
  RK45_ECI: r=[ 5316.45331963  2348.27195383 -5157.07226784], v=[-5.20262396  1.93151996 -4.50953819]
Epoch 398, t=2460388.4043456605:
  TLE_ECI: r=[-7624.87164113  -548.88190567  1055.31769541], v=[ 1.10697961 -2.87346316  6.49595164]
  RK45_ECI: r=[ 5281.40673166  2363.30035163 -5186.30113207], v=[-5.23277569  1.91605174 -4.48093721]
Epoch 399, t=2460388.404420924:
  TLE_ECI: r=[-7588.3860186   -638.45998654  1249.75682422], v=[ 1.30646831 -2.85743471  6.46586274]
  RK45_ECI: r=[ 5246.15747613  2378.21127451 -5215.34361283], v=[-5.2627242   1.90048742 -4.45217704]
Epoch 400, t=2460388.4044961873:
  TLE_ECI: r=[-7545.88863269  -727.50236397  1443.21719361], v=[ 1.50491404 -2.83898615  6.43071193]
  RK45_ECI: r=[ 5210.70725526  2393.00388813 -5244.19840667], v=[-5.29246809  1.88482788 -4.42325899]
Epoch 401, t=2460388.4045714503:
  TLE_ECI: r=[-7497.41342378  -815.93379909  1635.54735798], v=[ 1.70215848 -2.8181332   6.39052727]
  RK45_ECI: r=[ 5175.05746852  2407.67746626 -5272.86449223], v=[-5.32200621  1.86907389 -4.3941841 ]
Epoch 402, t=2460388.4046467138:
  TLE_ECI: r=[-7442.99909526  -903.67963869  1826.59677408], v=[ 1.89804436 -2.79489362  6.34534086]
  RK45_ECI: r=[ 5139.20901182  2422.23150377 -5301.34125457], v=[-5.3513379   1.85322599 -4.36495301]
Epoch 403, t=2460388.404721977:
  TLE_ECI: r=[-7382.68909438  -990.66574658  2016.21592108], v=[ 2.09241551 -2.76928725  6.29518874]
  RK45_ECI: r=[ 5103.1637842   2436.66511308 -5329.62728103], v=[-5.38046161  1.83728517 -4.33556719]
Epoch 404, t=2460388.4047972406:
  TLE_ECI: r=[-7316.53156679 -1076.81865534  2204.25641961], v=[ 2.28511708 -2.74133593  6.24011096]
  RK45_ECI: r=[ 5066.92287042  2450.97771138 -5357.72183361], v=[-5.40937654  1.82125207 -4.30602742]
Epoch 405, t=2460388.4048725036:
  TLE_ECI: r=[-7244.57932144 -1162.06558549  2390.57114986], v=[ 2.47599558 -2.7110635   6.18015143]
  RK45_ECI: r=[ 5030.48819262  2465.16842743 -5385.62352155], v=[-5.43808119  1.80512768 -4.27633519]
Epoch 406, t=2460388.404947767:
  TLE_ECI: r=[-7166.88977274 -1246.33459277  2575.01436838], v=[ 2.66489912 -2.6784958   6.11535798]
  RK45_ECI: r=[ 4993.86066817  2479.23677372 -5413.33174939], v=[-5.4665749   1.78891256 -4.24649115]
Epoch 407, t=2460388.4050230305:
  TLE_ECI: r=[-7083.52491194 -1329.55450112  2757.44182371], v=[ 2.85167742 -2.64366061  6.04578225]
  RK45_ECI: r=[ 4957.04173596  2493.18205568 -5440.84553175], v=[-5.49485659  1.77260751 -4.21649637]
Epoch 408, t=2460388.405098294:
  TLE_ECI: r=[-6994.55124206 -1411.6550489   2937.71087051], v=[ 3.03618201 -2.60658764  5.97147965]
  RK45_ECI: r=[ 4920.033172    2507.00349236 -5468.1636347 ], v=[-5.52292495  1.75621346 -4.1863522 ]
Epoch 409, t=2460388.4051735573:
  TLE_ECI: r=[-6900.03972536 -1492.56692685  3115.68058237], v=[ 3.2182663  -2.56730851  5.89250935]
  RK45_ECI: r=[ 4882.83608874  2520.700525   -5495.28534607], v=[-5.55077918  1.73973108 -4.15605947]
Epoch 410, t=2460388.4052488203:
  TLE_ECI: r=[-6800.06572848 -1572.22181663  3291.21186288], v=[ 3.39778575 -2.52585671  5.80893418]
  RK45_ECI: r=[ 4845.45245765  2534.2723194  -5522.20932385], v=[-5.57841786  1.72316138 -4.12561968]
Epoch 411, t=2460388.4053240838:
  TLE_ECI: r=[-6694.7089411  -1650.55252923  3464.16755508], v=[ 3.57459796 -2.48226755  5.72082058]
  RK45_ECI: r=[ 4807.88321845  2547.71840888 -5548.93499407], v=[-5.60584036  1.70650493 -4.09503351]
Epoch 412, t=2460388.405399347:
  TLE_ECI: r=[-6584.05333651 -1727.49294038  3634.41254927], v=[ 3.74856277 -2.43657815  5.62823858]
  RK45_ECI: r=[ 4770.12984582  2561.03812883 -5575.46140668], v=[-5.63304564  1.68976257 -4.06430204]
Epoch 413, t=2460388.4054746106:
  TLE_ECI: r=[-6468.18708385 -1802.97812727  3801.81388876], v=[ 3.91954242 -2.38882743  5.53126167]
  RK45_ECI: r=[ 4732.19415941  2574.23073287 -5601.7873726 ], v=[-5.66003246  1.67293523 -4.03342669]
Epoch 414, t=2460388.405549874:
  TLE_ECI: r=[-6347.20247922 -1876.94440269  3966.24087385], v=[ 4.0874016  -2.339056    5.42996681]
  RK45_ECI: r=[ 4694.07729812  2587.29568688 -5627.91220604], v=[-5.68680005  1.65602361 -4.00240826]
Epoch 415, t=2460388.405625137:
  TLE_ECI: r=[-6221.19587483 -1949.32935016  4127.56516372], v=[ 4.25200759 -2.2873062   5.32443429]
  RK45_ECI: r=[ 4655.78128048  2600.23219487 -5653.83461499], v=[-5.71334705  1.63902874 -3.97124832]
Epoch 416, t=2460388.4057004005:
  TLE_ECI: r=[-6090.2675766  -2020.07194956  4285.66087622], v=[ 4.41323037 -2.233622    5.2147477 ]
  RK45_ECI: r=[ 4617.30706763  2613.03981129 -5679.55404748], v=[-5.73967287  1.62195121 -3.93994755]
Epoch 417, t=2460388.405775664:
  TLE_ECI: r=[-5954.52179498 -2089.11251734  4440.40468555], v=[ 4.5709427  -2.17804899  5.10099387]
  RK45_ECI: r=[ 4578.65616838  2625.71790221 -5705.06958965], v=[-5.76577651  1.60479186 -3.90850707]
Epoch 418, t=2460388.4058509273:
  TLE_ECI: r=[-5814.06653692 -2156.39283032  4591.67591763], v=[ 4.72502024 -2.12063435  4.98326273]
  RK45_ECI: r=[ 4539.83044409  2638.26575668 -5730.3800983 ], v=[-5.79165678  1.58755166 -3.87692832]
Epoch 419, t=2460388.405926191:
  TLE_ECI: r=[-5669.01352263 -2221.85615542  4739.35664322], v=[ 4.87534162 -2.06142678  4.86164732]
  RK45_ECI: r=[ 4500.8310588   2650.68286575 -5755.48491472], v=[-5.81731296  1.57023131 -3.84521214]
Epoch 420, t=2460388.4060014538:
  TLE_ECI: r=[-5519.47810058 -2285.44728059  4883.3317686 ], v=[ 5.02178853 -2.00047647  4.73624362]
  RK45_ECI: r=[ 4461.66007607  2662.96847242 -5780.38279804], v=[-5.84274375  1.55283185 -3.81336011]
Epoch 421, t=2460388.406076717:
  TLE_ECI: r=[-5365.57912682 -2347.11262534  5023.48912388], v=[ 5.16424586 -1.93783504  4.60715055]
  RK45_ECI: r=[ 4422.31847737  2675.12215269 -5805.07321882], v=[-5.86794858  1.5353539  -3.78137294]
Epoch 422, t=2460388.4061519806:
  TLE_ECI: r=[-5207.43890751 -2406.80018664  5159.71954879], v=[ 5.30260172 -1.8735555   4.47446982]
  RK45_ECI: r=[ 4382.80780411  2687.14330385 -5829.55530024], v=[-5.89292651  1.51779831 -3.74925177]
Epoch 423, t=2460388.406227244:
  TLE_ECI: r=[-5045.18307312 -2464.45964796  5291.91697595], v=[ 5.43674757 -1.80769223  4.33830589]
  RK45_ECI: r=[ 4343.1299573   2699.03125125 -5853.82794603], v=[-5.9176764   1.50016607 -3.71699808]
Epoch 424, t=2460388.406302507:
  TLE_ECI: r=[-4878.94049074 -2520.04238895  5419.97851152], v=[ 5.56657825 -1.74030091  4.19876585]
  RK45_ECI: r=[ 4303.28631434  2710.78545351 -5877.89041277], v=[-5.94219743  1.48245796 -3.68461286]
Epoch 425, t=2460388.4063777705:
  TLE_ECI: r=[-4708.84313008 -2573.50158373  5543.80451312], v=[ 5.69199212 -1.67143844  4.05595935]
  RK45_ECI: r=[ 4263.27841386  2722.40536702 -5901.74184909], v=[-5.96648874  1.4646748  -3.6520973 ]
Epoch 426, t=2460388.406453034:
  TLE_ECI: r=[-4535.02600101 -2624.79215118  5663.29866529], v=[ 5.81289108 -1.60116294  3.90999852]
  RK45_ECI: r=[ 4223.10764163  2733.89046024 -5925.38152182], v=[-5.99054953  1.44681739 -3.6194524 ]
Epoch 427, t=2460388.4065282973:
  TLE_ECI: r=[-4357.62701573 -2673.87085062  5778.36805203], v=[ 5.92918065 -1.52953368  3.76099785]
  RK45_ECI: r=[ 4182.77592922  2745.24008774 -5948.80837297], v=[-6.01437869  1.42888673 -3.58667965]
Epoch 428, t=2460388.406603561:
  TLE_ECI: r=[-4176.78688541 -2720.69630192  5888.92322658], v=[ 6.04077007 -1.45661104  3.60907411]
  RK45_ECI: r=[ 4142.28466725  2756.45374384 -5972.02168564], v=[-6.03797547  1.4108836  -3.55378009]
Epoch 429, t=2460388.4066788238:
  TLE_ECI: r=[-3992.64901537 -2765.2290076   5994.87827853], v=[ 6.14757232 -1.38245645  3.45434626]
  RK45_ECI: r=[ 4101.63544234  2767.53087259 -5995.02063917], v=[-6.061339    1.39280888 -3.52075489]
Epoch 430, t=2460388.406754087:
  TLE_ECI: r=[-3805.35935851 -2807.4314319   6096.15089791], v=[ 6.24950419 -1.30713228  3.29693535]
  RK45_ECI: r=[ 4060.82982274  2778.47096059 -6017.80442057], v=[-6.08446842  1.3746634  -3.48760524]
Epoch 431, t=2460388.4068293506:
  TLE_ECI: r=[-3615.0663471  -2847.26795917  6192.66243659], v=[ 6.34648637 -1.23070191  3.13696444]
  RK45_ECI: r=[ 4019.86922037  2789.27350579 -6040.37233008], v=[-6.10736299  1.35644796 -3.45433219]
Epoch 432, t=2460388.406904614:
  TLE_ECI: r=[-3421.92074284 -2884.70497101  6284.33796673], v=[ 6.43844345 -1.15322959  2.97455846]
  RK45_ECI: r=[ 3978.75560322  2799.93789994 -6062.72335844], v=[-6.13002166  1.33816357 -3.42093724]
Epoch 433, t=2460388.4069798775:
  TLE_ECI: r=[-3226.07552527 -2919.71086102  6371.10633623], v=[ 6.52530402 -1.07478039  2.80984419]
  RK45_ECI: r=[ 3937.49038726  2810.46366652 -6084.85682248], v=[-6.15244371  1.31981104 -3.38742145]
Epoch 434, t=2460388.4070551405:
  TLE_ECI: r=[-3027.68577938 -2952.25605111  6452.90022138], v=[ 6.60700067 -0.9954202   2.64295006]
  RK45_ECI: r=[ 3896.07518799  2820.85028196 -6106.77194045], v=[-6.17462831  1.30139124 -3.35378601]
Epoch 435, t=2460388.407130404:
  TLE_ECI: r=[-2826.90853872 -2982.3130515   6529.6561764 ], v=[ 6.68347009 -0.91521557  2.47400613]
  RK45_ECI: r=[ 3854.51160172  2831.09726368 -6128.46793839], v=[-6.19657465  1.28290502 -3.32003214]
Epoch 436, t=2460388.4072056673:
  TLE_ECI: r=[-2623.90271332 -3009.85642723  6601.31468017], v=[ 6.75465307 -0.83423379  2.30314398]
  RK45_ECI: r=[ 3812.80106525  2841.20413945 -6149.9441506 ], v=[-6.21828202  1.26435319 -3.2861609 ]
Epoch 437, t=2460388.407280931:
  TLE_ECI: r=[-2418.82893037 -3034.86285604  6667.82017986], v=[ 6.82049453 -0.75254274  2.13049656]
  RK45_ECI: r=[ 3770.94558117  2851.17033888 -6171.19961734], v=[-6.23974943  1.24573679 -3.25217382]
Epoch 438, t=2460388.407356194:
  TLE_ECI: r=[-2211.84941699 -3057.3111371   6729.12113155], v=[ 6.88094361 -0.67021087  1.95619816]
  RK45_ECI: r=[ 3728.94639852  2860.99545222 -6192.23378794], v=[-6.26097628  1.22705653 -3.2180718 ]
Epoch 439, t=2460388.407431457:
  TLE_ECI: r=[-2003.12788198 -3077.18220214  6785.17003793], v=[ 6.93595363 -0.58730714  1.78038426]
  RK45_ECI: r=[ 3686.80573342  2870.67887655 -6213.04562557], v=[-6.2819615   1.20831355 -3.18385654]
Epoch 440, t=2460388.4075067206:
  TLE_ECI: r=[-1792.8293519  -3094.4591548   6835.92348275], v=[ 6.98548217 -0.50390094  1.60319143]
  RK45_ECI: r=[ 3644.52463558  2880.22027285 -6233.63469053], v=[-6.30270461  1.18950847 -3.1495288 ]
Epoch 441, t=2460388.407581984:
  TLE_ECI: r=[-1581.12009626 -3109.12724656  6881.34216256], v=[ 7.02949111 -0.42006208  1.42475725]
  RK45_ECI: r=[ 3602.10475648  2889.61916175 -6254.00025344], v=[-6.32320483  1.1706422  -3.11508979]
Epoch 442, t=2460388.4076572475:
  TLE_ECI: r=[-1368.16746209 -3121.17391387  6921.3909151 ], v=[ 7.06794658 -0.33586072  1.24522021]
  RK45_ECI: r=[ 3559.54813167  2898.87501099 -6274.14140483], v=[-6.34346124  1.15171577 -3.08054109]
Epoch 443, t=2460388.4077325105:
  TLE_ECI: r=[-1154.13976167 -3130.58877825  6956.03874483], v=[ 7.10081906 -0.2513673   1.06471959]
  RK45_ECI: r=[ 3516.85642674  2907.98735849 -6294.05743767], v=[-6.36347307  1.13273009 -3.04588392]
Epoch 444, t=2460388.407807774:
  TLE_ECI: r=[ -939.20610519 -3137.3636687   6985.25884519], v=[ 7.12808334 -0.16665246  0.88339536]
  RK45_ECI: r=[ 3474.03070238  2916.95588183 -6313.74792856], v=[-6.38323987  1.11368581 -3.01111904]
Epoch 445, t=2460388.4078830373:
  TLE_ECI: r=[ -723.53632438 -3141.49260567  7009.0286181 ], v=[ 7.14971858 -0.08178704  0.70138809]
  RK45_ECI: r=[ 3431.07321501  2925.78002646 -6333.21190457], v=[-6.40276064  1.09458406 -2.97624817]
Epoch 446, t=2460388.407958301:
  TLE_ECI: r=[ -507.30080416 -3142.9718214   7027.32969011], v=[7.16570830e+00 3.15798555e-03 5.18838838e-01]
  RK45_ECI: r=[ 3387.9852447   2934.45942607 -6352.44886235], v=[-6.42203482  1.07542559 -2.94127224]
Epoch 447, t=2460388.408033564:
  TLE_ECI: r=[ -290.67035964 -3141.79975883  7040.1479256 ], v=[7.17604039 0.08811161 0.33588905]
  RK45_ECI: r=[ 3344.7688579   2942.99358744 -6371.45794336], v=[-6.44106153  1.05621145 -2.90619281]
Epoch 448, t=2460388.408108827:
  TLE_ECI: r=[  -73.81611314 -3137.97707256  7047.4734369 ], v=[7.18070709 0.17300277 0.15268047]
  RK45_ECI: r=[ 3301.42574493  2951.38208229 -6390.238481  ], v=[-6.45984006  1.03694259 -2.87101114]
Epoch 449, t=2460388.4081840906:
  TLE_ECI: r=[  143.09067509 -3131.50663001  7049.30059124], v=[ 7.17970507  0.25776054 -0.03064501]
  RK45_ECI: r=[ 3257.9569818   2959.62461142 -6408.79007639], v=[-6.47836998  1.01761963 -2.83572798]
Epoch 450, t=2460388.408259354:
  TLE_ECI: r=[  359.87868429 -3122.39350574  7045.62801485], v=[ 7.17303536  0.34231403 -0.21394537]
  RK45_ECI: r=[ 3214.36485792  2967.72066314 -6427.11181311], v=[-6.49665036  0.99824374 -2.80034508]
Epoch 451, t=2460388.4083346175:
  TLE_ECI: r=[  576.37670256 -3110.64498041  7036.45859367], v=[ 7.16070337  0.4265925  -0.39707865]
  RK45_ECI: r=[ 3170.65067128  2975.66989885 -6445.20321777], v=[-6.51468066  0.97881568 -2.76486337]
Epoch 452, t=2460388.408409881:
  TLE_ECI: r=[  792.41375003 -3096.27053418  7021.79947124], v=[ 7.14271888  0.51052548 -0.579903  ]
  RK45_ECI: r=[ 3126.81651753  2983.47186483 -6463.06348327], v=[-6.53246007  0.95933653 -2.72928444]
Epoch 453, t=2460388.408485144:
  TLE_ECI: r=[ 1007.81920217 -3079.28184223  7001.66204339], v=[ 7.11909608  0.5940427  -0.76227679]
  RK45_ECI: r=[ 3082.86411012  2991.12616716 -6480.69198387], v=[-6.54998792  0.93980722 -2.69360954]
Epoch 454, t=2460388.4085604073:
  TLE_ECI: r=[ 1222.42295813 -3059.69275457  6976.06194978], v=[ 7.08985348  0.67707431 -0.94405875]
  RK45_ECI: r=[ 3038.79453929  2998.63253047 -6498.08834526], v=[-6.56726381  0.92022843 -2.65783943]
Epoch 455, t=2460388.408635671:
  TLE_ECI: r=[ 1436.05551796 -3037.51930076  6945.01906261], v=[ 7.05501396  0.75955075 -1.125108  ]
  RK45_ECI: r=[ 2994.61012527  3005.99048658 -6515.25170825], v=[-6.58428687  0.90060132 -2.62197589]
Epoch 456, t=2460388.408710934:
  TLE_ECI: r=[ 1648.5481503  -3012.77966765  6908.55747201], v=[ 7.01460473  0.84140295 -1.30528423]
  RK45_ECI: r=[ 2950.3121829   3013.19972496 -6532.18162955], v=[-6.60105661  0.88092667 -2.58601985]
Epoch 457, t=2460388.4087861977:
  TLE_ECI: r=[ 1859.73301411 -2985.49418729  6866.7054685 ], v=[ 6.96865733  0.9225623  -1.48444774]
  RK45_ECI: r=[ 2905.90283491  3020.2598321  -6548.87735409], v=[-6.61757228  0.86120558 -2.54997291]
Epoch 458, t=2460388.4088614606:
  TLE_ECI: r=[ 2069.44328032 -2955.685327    6819.49552233], v=[ 6.91720758  1.00296074 -1.6624596 ]
  RK45_ECI: r=[ 2861.38381613  3027.17044913 -6565.33829729], v=[-6.63383325  0.841439   -2.51383634]
Epoch 459, t=2460388.408936724:
  TLE_ECI: r=[ 2277.51329607 -2923.37764832  6766.96425972], v=[ 6.86029559  1.08253085 -1.8391817 ]
  RK45_ECI: r=[ 2816.75623007  3033.93132476 -6581.56410966], v=[-6.64983917  0.8216276  -2.47761091]
Epoch 460, t=2460388.4090119875:
  TLE_ECI: r=[ 2483.77866132 -2888.59782184  6709.15243624], v=[ 6.7979657   1.1612058  -2.01447687]
  RK45_ECI: r=[ 2772.02242554  3040.54203502 -6597.55398977], v=[-6.66558922  0.80177258 -2.44129841]
Epoch 461, t=2460388.409087251:
  TLE_ECI: r=[ 2688.07639183 -2851.374584    6646.10490691], v=[ 6.73026649  1.23891951 -2.18820899]
  RK45_ECI: r=[ 2727.1837327   3047.00229804 -6613.30752473], v=[-6.68108297  0.78187473 -2.40489978]
Epoch 462, t=2460388.409162514:
  TLE_ECI: r=[ 2890.2450292  -2811.7387282   6577.87059343], v=[ 6.65725072  1.31560662 -2.36024308]
  RK45_ECI: r=[ 2682.24251256  3053.31170991 -6628.82393975], v=[-6.69631964  0.76193526 -2.36841681]
Epoch 463, t=2460388.4092377773:
  TLE_ECI: r=[ 3090.12480015 -2769.72304738  6504.50244822], v=[ 6.57897529  1.39120265 -2.53044543]
  RK45_ECI: r=[ 2637.19987974  3059.47004076 -6644.10290865], v=[-6.71129889  0.74195483 -2.33185027]
Epoch 464, t=2460388.409313041:
  TLE_ECI: r=[ 3287.55769161 -2725.36235678  6426.05741569], v=[ 6.49550124  1.46564391 -2.69868363]
  RK45_ECI: r=[ 2592.05758971  3065.47697033 -6659.14389016], v=[-6.72602018  0.72193443 -2.29520146]
Epoch 465, t=2460388.409388304:
  TLE_ECI: r=[ 3482.38760795 -2678.69343442  6342.59639027], v=[ 6.40689367  1.53886768 -2.86482677]
  RK45_ECI: r=[ 2546.81780407  3071.3321506  -6673.94621352], v=[-6.74048283  0.70187516 -2.258472  ]
Epoch 466, t=2460388.4094635677:
  TLE_ECI: r=[ 3674.46048514 -2629.75499972  6254.18417156], v=[ 6.31322171  1.61081219 -3.02874543]
  RK45_ECI: r=[ 2501.48186701  3077.0353287  -6688.50949658], v=[-6.75468646  0.68177783 -2.22166285]
Epoch 467, t=2460388.4095388306:
  TLE_ECI: r=[ 3863.62440441 -2578.58769391  6160.88941652], v=[ 6.2145585   1.68141665 -3.19031188]
  RK45_ECI: r=[ 2456.05216459  3082.58614573 -6702.83302323], v=[-6.76863036  0.66164365 -2.18477583]
Epoch 468, t=2460388.409614094:
  TLE_ECI: r=[ 4049.72974245 -2525.23400298  6062.78458863], v=[ 6.11098109  1.75062145 -3.34940011]
  RK45_ECI: r=[ 2410.52982236  3087.9843966  -6716.91649256], v=[-6.78231422  0.6414733  -2.1478117 ]
Epoch 469, t=2460388.4096893575:
  TLE_ECI: r=[ 4232.62924376 -2469.73828984  5959.94590421], v=[ 6.00257041  1.81836799 -3.50588595]
  RK45_ECI: r=[ 2364.91661346  3093.22979703 -6730.75940541], v=[-6.79573755  0.62126778 -2.11077179]
Epoch 470, t=2460388.409764621:
  TLE_ECI: r=[ 4412.1781679  -2412.1467153   5852.45327576], v=[ 5.88941126  1.88459889 -3.65964716]
  RK45_ECI: r=[ 2319.214721    3098.32204046 -6744.3611445 ], v=[-6.80889975  0.60102819 -2.07365774]
Epoch 471, t=2460388.4098398844:
  TLE_ECI: r=[ 4588.23439675 -2352.50721167  5740.39025243], v=[ 5.77159218  1.94925799 -3.81056356]
  RK45_ECI: r=[ 2273.42550172  3103.26090333 -6757.7213587 ], v=[-6.82180047  0.58075535 -2.0364705 ]
Epoch 472, t=2460388.4099151473:
  TLE_ECI: r=[ 4760.65854089 -2290.86945787  5623.8439576 ], v=[ 5.64920542  2.01229037 -3.95851706]
  RK45_ECI: r=[ 2227.55136419  3108.04607222 -6770.83939131], v=[-6.83443907  0.56045049 -1.99921193]
Epoch 473, t=2460388.409990411:
  TLE_ECI: r=[ 4929.31407758 -2227.28478474  5502.90502361], v=[ 5.52234689  2.07364249 -4.10339183]
  RK45_ECI: r=[ 2181.59344385  3112.67736691 -6783.71496696], v=[-6.84681529  0.54011428 -1.9618828 ]
Epoch 474, t=2460388.410065674:
  TLE_ECI: r=[ 5094.06741932 -2161.80621488  5377.66752384], v=[ 5.39111605  2.13326211 -4.24507432]
  RK45_ECI: r=[ 2135.55352969  3117.1545394  -6796.34762908], v=[-6.85892867  0.51974772 -1.92448444]
Epoch 475, t=2460388.4101409377:
  TLE_ECI: r=[ 5254.78804814 -2094.48836592  5248.22890175], v=[ 5.25561591  2.19109841 -4.3834534 ]
  RK45_ECI: r=[ 2089.43382401  3121.47732498 -6808.73681444], v=[-6.87077869  0.49935194 -1.88701851]
Epoch 476, t=2460388.4102162006:
  TLE_ECI: r=[ 5411.34860771 -2025.38743517  5114.68989743], v=[ 5.11595288  2.24710203 -4.51842045]
  RK45_ECI: r=[ 2043.23591385  3125.64550892 -6820.88214693], v=[-6.88236498  0.47892784 -1.84948617]
Epoch 477, t=2460388.410291464:
  TLE_ECI: r=[ 5563.6250298  -1954.56109116  4977.15447126], v=[ 4.97223673  2.30122513 -4.64986941]
  RK45_ECI: r=[ 1996.96157064  3129.65888537 -6832.78319909], v=[-6.89368714  0.45847635 -1.81188873]
Epoch 478, t=2460388.4103667275:
  TLE_ECI: r=[ 5711.49659837 -1882.06851974  4835.72972507], v=[ 4.82458051  2.35342137 -4.77769692]
  RK45_ECI: r=[ 1950.61259581  3133.51723731 -6844.43955218], v=[-6.90474476  0.43799848 -1.77422754]
Epoch 479, t=2460388.410441991:
  TLE_ECI: r=[ 5854.84607151 -1807.97031411  4690.52582064], v=[ 4.67310048  2.40364603 -4.90180236]
  RK45_ECI: r=[ 1904.19057336  3137.22037378 -6855.85084907], v=[-6.91553751  0.4174951  -1.73650374]
Epoch 480, t=2460388.4105172544:
  TLE_ECI: r=[ 5993.55977054 -1732.32844018  4541.65589554], v=[ 4.51791597  2.45185598 -5.02208796]
  RK45_ECI: r=[ 1857.69772264  3140.7680721  -6867.01658117], v=[-6.92606492  0.39696735 -1.69871902]
Epoch 481, t=2460388.4105925173:
  TLE_ECI: r=[ 6127.52766763 -1655.20620357  4389.23597663], v=[ 4.35914937  2.49800975 -5.1384589 ]
  RK45_ECI: r=[ 1811.13564227  3144.16015092 -6877.93640985], v=[-6.93632666  0.37641614 -1.66087454]
Epoch 482, t=2460388.410667781:
  TLE_ECI: r=[ 6256.64349522 -1576.66812607  4233.38489094], v=[ 4.19692596  2.54206764 -5.25082332]
  RK45_ECI: r=[ 1764.50611639  3147.39643889 -6888.60995101], v=[-6.94632238  0.3558424  -1.62297164]
Epoch 483, t=2460388.410743044:
  TLE_ECI: r=[ 6380.8048031  -1496.7799985   4074.22417431], v=[ 4.03137385  2.58399159 -5.35909249]
  RK45_ECI: r=[ 1717.81074679  3150.47676576 -6899.03687768], v=[-6.95605177  0.33524705 -1.58501148]
Epoch 484, t=2460388.4108183077:
  TLE_ECI: r=[ 6499.91306246 -1415.60875601  3911.87797757], v=[ 3.86262391  2.62374539 -5.46318083]
  RK45_ECI: r=[ 1671.05176505  3153.40094256 -6909.2167253 ], v=[-6.96551441  0.31463122 -1.54699577]
Epoch 485, t=2460388.410893571:
  TLE_ECI: r=[ 6613.87374182 -1333.22243963  3746.47297053], v=[ 3.69080962  2.66129461 -5.56300599]
  RK45_ECI: r=[ 1624.23076867  3156.16881948 -6919.14918551], v=[-6.97471001  0.2939958  -1.50892566]
Epoch 486, t=2460388.410968834:
  TLE_ECI: r=[ 6722.59638121 -1249.6901593   3578.1382437 ], v=[ 3.51606699  2.69660663 -5.65848894]
  RK45_ECI: r=[ 1577.34957853  3158.78023843 -6928.83390919], v=[-6.98363826  0.27334178 -1.4708025 ]
Epoch 487, t=2460388.4110440975:
  TLE_ECI: r=[ 6825.99468173 -1165.08195791  3407.00520793], v=[ 3.33853443  2.72965078 -5.74955403]
  RK45_ECI: r=[ 1530.40998991  3161.23506257 -6938.27055592], v=[-6.99229884  0.2526701  -1.43262765]
Epoch 488, t=2460388.411119361:
  TLE_ECI: r=[ 6923.98655419 -1079.46886998  3233.20749204], v=[ 3.1583527   2.76039822 -5.83612905]
  RK45_ECI: r=[ 1483.41361431  3163.53315506 -6947.45883667], v=[-7.00069149  0.23198166 -1.39440228]
Epoch 489, t=2460388.4111946244:
  TLE_ECI: r=[7016.49420264 -992.92278377 3056.88083834], v=[ 2.97566473  2.78882209 -5.91814532]
  RK45_ECI: r=[ 1436.36269654  3165.67436922 -6956.39834237], v=[-7.00881585  0.21127761 -1.35612809]
Epoch 490, t=2460388.411269888:
  TLE_ECI: r=[7103.44418502 -905.51640078 2878.1629964 ], v=[ 2.79061553  2.81489746 -5.9955377 ]
  RK45_ECI: r=[ 1389.25884295  3167.65858804 -6965.08880273], v=[-7.01667167  0.19055884 -1.31780627]
Epoch 491, t=2460388.411345151:
  TLE_ECI: r=[7184.76747187 -817.32319556 2697.19361492], v=[ 2.6033521   2.83860139 -6.06824472]
  RK45_ECI: r=[ 1342.10388452  3169.48568997 -6973.52991258], v=[-7.02425867  0.16982634 -1.27943816]
Epoch 492, t=2460388.411420414:
  TLE_ECI: r=[7260.39951382 -728.4172693  2514.1141319 ], v=[ 2.41402326  2.85991296 -6.13620858]
  RK45_ECI: r=[ 1294.89962601  3171.15557283 -6981.72137549], v=[-7.0315766   0.14908104 -1.24102513]
Epoch 493, t=2460388.4114956777:
  TLE_ECI: r=[7330.28028024 -638.87341334 2329.06766322], v=[ 2.22277958  2.87881326 -6.19937521]
  RK45_ECI: r=[ 1247.64768708  3172.66813323 -6989.66294065], v=[-7.03862522  0.12832385 -1.20256835]
Epoch 494, t=2460388.411570941:
  TLE_ECI: r=[7394.35431991 -548.76696212 2142.19888966], v=[ 2.02977321  2.89528543 -6.25769435]
  RK45_ECI: r=[ 1200.35032393  3174.02326678 -6997.35425476], v=[-7.04540424  0.10755591 -1.16406955]
Epoch 495, t=2460388.411646204:
  TLE_ECI: r=[7452.57080339 -458.17377201 1953.65394246], v=[ 1.8351578   2.90931468 -6.31111958]
  RK45_ECI: r=[ 1153.00937495  3175.22088319 -7004.79505152], v=[-7.05191342  0.08677822 -1.12553007]
Epoch 496, t=2460388.4117214675:
  TLE_ECI: r=[7504.88357135 -367.17006978 1763.58028753], v=[ 1.63908833  2.92088832 -6.35960833]
  RK45_ECI: r=[ 1105.62600589  3176.26091586 -7011.98517289], v=[-7.05815261  0.06599147 -1.08695075]
Epoch 497, t=2460388.411796731:
  TLE_ECI: r=[7551.25116448 -275.83251803 1572.12660856], v=[ 1.44172102  2.92999571 -6.40312198]
  RK45_ECI: r=[ 1058.20270308  3177.14327895 -7018.9242637 ], v=[-7.06412151  0.04519688 -1.04833349]
Epoch 498, t=2460388.4118719944:
  TLE_ECI: r=[7591.63686446 -184.23806365 1379.44268877], v=[ 1.24321316  2.93662835 -6.44162586]
  RK45_ECI: r=[ 1010.74086854  3177.8679087  -7025.61214579], v=[-7.06981998  0.02439528 -1.00967928]
Epoch 499, t=2460388.411947258:
  TLE_ECI: r=[7626.00872327  -92.46389334 1185.67929187], v=[ 1.04372301  2.94077984 -6.47508927]
  RK45_ECI: r=[  963.24276785  3178.43474306 -7032.04852192], v=[-7.07524774e+00  3.58780789e-03 -9.70989856e-01]
Epoch 500, t=2460388.412022521:
  TLE_ECI: r=[ 7.65433959e+03 -5.87390559e-01  9.90988042e+02], v=[ 0.84340968  2.94244591 -6.50348553]
  RK45_ECI: r=[  915.71024641  3178.84372847 -7038.23317005], v=[-7.08040462 -0.01722454 -0.93226657]
Epoch 501, t=2460388.412097784:
  TLE_ECI: r=[7676.60713428   91.3140206   795.5213025 ], v=[ 0.64243292  2.94162443 -6.52679203]
  RK45_ECI: r=[  868.14447408  3179.0948235  -7044.16595879], v=[-7.0852905  -0.03804109 -0.89351026]
Epoch 502, t=2460388.4121730477:
  TLE_ECI: r=[7692.79386365  183.1628065   599.43205514], v=[ 0.44095308  2.93831537 -6.54499019]
  RK45_ECI: r=[  820.54794651  3179.18798853 -7049.84659495], v=[-7.08990514 -0.05886058 -0.85472282]
Epoch 503, t=2460388.412248311:
  TLE_ECI: r=[7702.88713965  274.88148079  402.87377717], v=[ 0.23913092  2.93252086 -6.55806552]
  RK45_ECI: r=[  772.92207009  3179.12318962 -7055.27493291], v=[-7.09424842 -0.0796822  -0.81590525]
Epoch 504, t=2460388.4123235745:
  TLE_ECI: r=[7706.87918786  366.39264741  206.00031914], v=[ 0.03712748  2.92424515 -6.56600763]
  RK45_ECI: r=[  725.26911787  3178.90040715 -7060.45073155], v=[-7.09832014 -0.10050481 -0.77705928]
Epoch 505, t=2460388.4123988375:
  TLE_ECI: r=[7704.76710578  457.61904456    8.96578181], v=[-0.16489604  2.91349464 -6.56881022]
  RK45_ECI: r=[  677.5909407   3178.51962442 -7065.37381322], v=[-7.10212017 -0.12132742 -0.73818628]
Epoch 506, t=2460388.412474101:
  TLE_ECI: r=[7696.55286001  548.48370156 -188.07560696], v=[-0.36677844  2.90027783 -6.56647111]
  RK45_ECI: r=[  629.88871171  3177.98082521 -7070.04407308], v=[-7.10564842 -0.14214931 -0.69928706]
Epoch 507, t=2460388.4125493644:
  TLE_ECI: r=[7682.24329178  638.90986874 -384.96961558], v=[-0.56835864  2.88460534 -6.55899223]
  RK45_ECI: r=[  582.16493331  3177.28401639 -7074.46128006], v=[-7.10890471 -0.16296926 -0.66036353]
Epoch 508, t=2460388.412624628:
  TLE_ECI: r=[7661.85010639  728.82117376 -581.56213201], v=[-0.76947581  2.86648992 -6.54637961]
  RK45_ECI: r=[  534.42101541  3176.42919383 -7078.62532101], v=[-7.11188896 -0.18378644 -0.62141669]
Epoch 509, t=2460388.4126998913:
  TLE_ECI: r=[7635.38986427  818.14166437 -777.69928695], v=[-0.96996953  2.84594639 -6.5286434 ]
  RK45_ECI: r=[  486.65923634  3175.41638056 -7082.53601103], v=[-7.11460104 -0.2045997  -0.58244828]
Epoch 510, t=2460388.412775154:
  TLE_ECI: r=[7602.88396945  906.79585113 -973.2275768 ], v=[-1.1696799   2.82299168 -6.50579782]
  RK45_ECI: r=[  438.88145067  3174.24559687 -7086.19321682], v=[-7.11704085 -0.22540803 -0.54345964]
Epoch 511, t=2460388.4128504177:
  TLE_ECI: r=[ 7564.35864089   994.70886129 -1167.99398622], v=[-1.36844772  2.79764476 -6.47786119]
  RK45_ECI: r=[  391.08883377  3172.91685196 -7089.59686004], v=[-7.11920836 -0.24621075 -0.50445161]
Epoch 512, t=2460388.412925681:
  TLE_ECI: r=[ 7519.84490534  1081.80636877 -1361.84611033], v=[-1.56611455  2.76992667 -6.44485589]
  RK45_ECI: r=[  343.28389261  3171.43019924 -7092.74677179], v=[-7.12110343 -0.26700659 -0.46542608]
Epoch 513, t=2460388.4130009445:
  TLE_ECI: r=[ 7469.3785611   1168.01474713 -1554.63227622], v=[-1.76252292  2.73986049 -6.40680832]
  RK45_ECI: r=[  295.4680391   3169.78566466 -7095.64287134], v=[-7.12272605 -0.28779474 -0.42638407]
Epoch 514, t=2460388.4130762075:
  TLE_ECI: r=[ 7413.00015366  1253.26108828 -1746.20166385], v=[-1.9575164   2.70747129 -6.36374892]
  RK45_ECI: r=[  247.64378151  3167.98332264 -7098.28501828], v=[-7.12407613 -0.30857394 -0.38732748]
Epoch 515, t=2460388.413151471:
  TLE_ECI: r=[ 7350.75492682  1337.47335213 -1936.40442604], v=[-2.15093979  2.67278612 -6.31571212]
  RK45_ECI: r=[  199.81229619  3166.02320471 -7100.67315899], v=[-7.12515365 -0.32934348 -0.34825712]
Epoch 516, t=2460388.4132267344:
  TLE_ECI: r=[ 7282.69280578  1420.58029644 -2125.09180768], v=[-2.34263919  2.63583402 -6.26273628]
  RK45_ECI: r=[  151.97543974  3163.9053715  -7102.80720626], v=[-7.12595858 -0.35010237 -0.30917437]
Epoch 517, t=2460388.413301998:
  TLE_ECI: r=[ 7208.86834084  1502.5116255  -2312.11626381], v=[-2.53246219  2.59664594 -6.20486369]
  RK45_ECI: r=[  104.1354945   3161.62991454 -7104.68706518], v=[-7.12649089 -0.37084945 -0.27008094]
Epoch 518, t=2460388.4133772613:
  TLE_ECI: r=[ 7129.34066483  1583.19802799 -2497.3315766 ], v=[-2.72025793  2.55525476 -6.14214054]
  RK45_ECI: r=[   56.29387297  3159.1968899  -7106.3126875 ], v=[-7.12675059 -0.39158389 -0.23097785]
Epoch 519, t=2460388.413452524:
  TLE_ECI: r=[ 7044.17344817  1662.57121459 -2680.59297113], v=[-2.90587727  2.51169521 -6.07461682]
  RK45_ECI: r=[    8.45308445  3156.60641875 -7107.683995  ], v=[-7.12673766 -0.41230443 -0.19186701]
Epoch 520, t=2460388.4135277877:
  TLE_ECI: r=[ 6953.43482591  1740.56405966 -2861.75722973], v=[-3.08917291  2.46600386 -6.00234634]
  RK45_ECI: r=[  -39.38569478  3153.85855822 -7108.80096063], v=[-7.12645213 -0.43301038 -0.15274923]
Epoch 521, t=2460388.413603051:
  TLE_ECI: r=[ 6857.19736918  1817.11053264 -3040.68280502], v=[-3.26999949  2.41821911 -5.92538664]
  RK45_ECI: r=[  -87.22060818  3150.95340619 -7109.66354151], v=[-7.12589402 -0.45370073 -0.11362588]
Epoch 522, t=2460388.4136783145:
  TLE_ECI: r=[ 6755.53800549  1892.14583768 -3217.22993131], v=[-3.44821372  2.36838113 -5.84379895]
  RK45_ECI: r=[ -135.0493739   3147.89109705 -7110.27169913], v=[-7.12506338 -0.47437432 -0.07449869]
Epoch 523, t=2460388.413753578:
  TLE_ECI: r=[ 6648.53795904  1965.60644704 -3391.26073442], v=[-3.62367449  2.31653181 -5.75764811]
  RK45_ECI: r=[ -182.87058014  3144.67171705 -7110.62541768], v=[-7.12396023 -0.49503033 -0.03536867]
Epoch 524, t=2460388.413828841:
  TLE_ECI: r=[ 6536.28268879  2037.43013597 -3562.63933979], v=[-3.79624299  2.26271475 -5.66700258]
  RK45_ECI: r=[ -230.68171933  3141.29543407 -7110.72468134], v=[-7.12258467e+00 -5.15667511e-01  3.76226631e-03]
Epoch 525, t=2460388.4139041044:
  TLE_ECI: r=[ 6418.86179372  2107.55611157 -3731.23197866], v=[-3.96578282  2.20697519 -5.5719343 ]
  RK45_ECI: r=[ -278.48161635  3137.76233086 -7110.5694896 ], v=[-7.12093673 -0.53628516  0.0428933 ]
Epoch 526, t=2460388.413979368:
  TLE_ECI: r=[ 6296.36897348  2175.92494795 -3896.9070926 ], v=[-4.13216009  2.14936001 -5.47251864]
  RK45_ECI: r=[ -326.26841666  3134.07254248 -7110.15984407], v=[-7.1190165  -0.55688226  0.08202306]
Epoch 527, t=2460388.4140546313:
  TLE_ECI: r=[ 6168.90192743  2242.47871361 -4059.53543584], v=[-4.29524352  2.08991764 -5.3688344 ]
  RK45_ECI: r=[ -374.03984108  3130.22624607 -7109.49576267], v=[-7.11682408 -0.57745768  0.12114982]
Epoch 528, t=2460388.4141298947:
  TLE_ECI: r=[ 6036.56227959  2307.16100057 -4218.99017564], v=[-4.45490458  2.02869805 -5.26096364]
  RK45_ECI: r=[ -421.79448024  3126.22355804 -7108.5772622 ], v=[-7.11435956 -0.5980106   0.16027256]
Epoch 529, t=2460388.4142051577:
  TLE_ECI: r=[ 5899.4555017   2369.91695377 -4375.14699054], v=[-4.61101752  1.96575271 -5.1489917 ]
  RK45_ECI: r=[ -469.52983053  3122.06469276 -7107.4043893 ], v=[-7.11162309 -0.61853976  0.19938936]
Epoch 530, t=2460388.414280421:
  TLE_ECI: r=[ 5757.69079889  2430.69338644 -4527.88416632], v=[-4.76345954  1.90113448 -5.03300705]
  RK45_ECI: r=[ -517.24471932  3117.74975852 -7105.97717008], v=[-7.10861475 -0.63904447  0.23849941]
Epoch 531, t=2460388.4143556845:
  TLE_ECI: r=[ 5611.38106093  2489.43871941 -4677.08268992], v=[-4.91211084  1.83489765 -4.91310127]
  RK45_ECI: r=[ -564.93729587  3113.27892741 -7104.29565078], v=[-7.10533467 -0.65952373  0.27760132]
Epoch 532, t=2460388.414430948:
  TLE_ECI: r=[ 5460.6427427   2546.10309411 -4822.62634071], v=[-5.05685472  1.76709785 -4.78936893]
  RK45_ECI: r=[ -612.6052861   3108.6524191  -7102.35990582], v=[-7.10178303 -0.67997641  0.31669337]
Epoch 533, t=2460388.414506211:
  TLE_ECI: r=[ 5305.59578343  2600.63838027 -4964.40177964], v=[-5.19757765  1.69779201 -4.66190754]
  RK45_ECI: r=[ -660.24705849  3103.87040322 -7100.1699956 ], v=[-7.09795996 -0.70040158  0.35577435]
Epoch 534, t=2460388.4145814744:
  TLE_ECI: r=[ 5146.36347868  2652.99827862 -5102.29863574], v=[-5.33416941  1.62703825 -4.53081746]
  RK45_ECI: r=[ -707.86079305  3098.93307064 -7097.72599662], v=[-7.09386564 -0.72079831  0.3948429 ]
Epoch 535, t=2460388.414656738:
  TLE_ECI: r=[ 4983.07242518  2703.13826431 -5236.20959028], v=[-5.46652309  1.55489593 -4.39620179]
  RK45_ECI: r=[ -755.4446438   3093.84062472 -7095.0279944 ], v=[-7.08950023 -0.74116561  0.43389765]
Epoch 536, t=2460388.4147320013:
  TLE_ECI: r=[ 4815.85238853  2751.0156867  -5366.03045824], v=[-5.59453524  1.48142555 -4.25816632]
  RK45_ECI: r=[ -802.99699123  3088.59325112 -7092.07606893], v=[-7.08486391 -0.76150259  0.47293739]
Epoch 537, t=2460388.4148072647:
  TLE_ECI: r=[ 4644.83620568  2796.58978837 -5491.66026724], v=[-5.71810589  1.40668868 -4.11681943]
  RK45_ECI: r=[ -850.51556833  3083.19121172 -7088.87035128], v=[-7.07995689 -0.78180813  0.5119604 ]
Epoch 538, t=2460388.4148825277:
  TLE_ECI: r=[ 4470.15968606  2839.82172554 -5613.00133385], v=[-5.83713865  1.33074796 -3.97227198]
  RK45_ECI: r=[ -897.99874953  3077.63470969 -7085.41094049], v=[-7.07477938 -0.8020813   0.55096547]
Epoch 539, t=2460388.414957791:
  TLE_ECI: r=[ 4291.96146936  2880.6746525  -5729.95933702], v=[-5.95154079  1.25366695 -3.82463725]
  RK45_ECI: r=[ -945.44472137  3071.92397032 -7081.69795779], v=[-7.06933157 -0.8223212   0.58995124]
Epoch 540, t=2460388.4150330545:
  TLE_ECI: r=[ 4110.3829639   2919.11367131 -5842.44338909], v=[-6.06122326  1.17551018 -3.67403083]
  RK45_ECI: r=[ -992.8518604   3066.05920785 -7077.73151417], v=[-7.06361369 -0.8425269   0.62891651]
Epoch 541, t=2460388.415108318:
  TLE_ECI: r=[ 3925.56820063  2955.10591424 -5950.36610378], v=[-6.1661008   1.09634305 -3.52057054]
  RK45_ECI: r=[-1040.21790697  3060.04071767 -7073.51178596], v=[-7.05762599 -0.86269731  0.66785954]
Epoch 542, t=2460388.4151835814:
  TLE_ECI: r=[ 3737.66372637  2988.6205567  -6053.64366145], v=[-6.26609197  1.01623179 -3.36437632]
  RK45_ECI: r=[-1087.54125008  3053.86872642 -7069.03890318], v=[-7.05136871 -0.88283153  0.70677915]
Epoch 543, t=2460388.4152588444:
  TLE_ECI: r=[ 3546.81849618  3019.62883174 -6152.19587157], v=[-6.3611192   0.93524339 -3.20557015]
  RK45_ECI: r=[-1134.82005587  3047.54349615 -7064.31302284], v=[-7.04484209 -0.9029286   0.74567396]
Epoch 544, t=2460388.415334108:
  TLE_ECI: r=[ 3353.18371967  3048.10409558 -6245.94623223], v=[-6.45110887  0.8534455  -3.04427595]
  RK45_ECI: r=[-1182.05251903  3041.06528633 -7059.3343108 ], v=[-7.0380464  -0.92298758  0.7845426 ]
Epoch 545, t=2460388.4154093713:
  TLE_ECI: r=[ 3156.91279426  3074.02178477 -6334.82198696], v=[-6.53599134  0.77090648 -2.88061946]
  RK45_ECI: r=[-1229.23702386  3034.43434427 -7054.10291681], v=[-7.03098187 -0.94300761  0.82338386]
Epoch 546, t=2460388.4154846347:
  TLE_ECI: r=[ 2958.16114874  3097.35947936 -6418.7541784 ], v=[-6.61570098  0.68769528 -2.7147282 ]
  RK45_ECI: r=[-1276.3713216   3027.65100688 -7048.61907366], v=[-7.02364886 -0.96298755  0.86219604]
Epoch 547, t=2460388.4155598977:
  TLE_ECI: r=[ 2757.08613873  3118.09690182 -6497.67769925], v=[-6.69017624  0.60388139 -2.5467313 ]
  RK45_ECI: r=[-1323.45358668  3020.71556687 -7042.88297761], v=[-7.01604764 -0.98292646  0.90097773]
Epoch 548, t=2460388.415635161:
  TLE_ECI: r=[ 2553.84688644  3136.21596637 -6571.53134004], v=[-6.75935971  0.51953474 -2.37675948]
  RK45_ECI: r=[-1370.48266376  3013.62822074 -7036.89474772], v=[-7.00817842 -1.00282366  0.93972814]
Epoch 549, t=2460388.4157104245:
  TLE_ECI: r=[ 2348.60421032  3151.70074306 -6640.25783425], v=[-6.82319808  0.43472575 -2.20494486]
  RK45_ECI: r=[-1417.45608842  3006.38936322 -7030.65467696], v=[-7.00004161 -1.02267794  0.97844534]
Epoch 550, t=2460388.415785688:
  TLE_ECI: r=[ 2141.52046288  3164.53750472 -6703.80390014], v=[-6.88164224  0.34952518 -2.03142094]
  RK45_ECI: r=[-1464.37247705  2998.9992405  -7024.16292619], v=[-6.99163744 -1.04248853  1.01712832]
Epoch 551, t=2460388.4158609514:
  TLE_ECI: r=[ 1932.75941275  3174.71472925 -6762.12027982], v=[-6.93464731  0.2640041  -1.85632246]
  RK45_ECI: r=[-1511.22959376  2991.45823065 -7017.41978456], v=[-6.98296632 -1.06225433  1.05577536]
Epoch 552, t=2460388.4159362144:
  TLE_ECI: r=[ 1722.48612621  3182.2231039  -6815.16177513], v=[-6.98217262  0.17823389 -1.67978532]
  RK45_ECI: r=[-1558.02562401  2983.76666194 -7010.42549279], v=[-6.97402859 -1.08197438  1.09438511]
Epoch 553, t=2460388.416011478:
  TLE_ECI: r=[ 1510.86680116  3187.05555373 -6862.88728062], v=[-7.02418179  0.09228604 -1.50194646]
  RK45_ECI: r=[-1604.75941967  2975.9247553  -7003.18019665], v=[-6.96482447 -1.10164801  1.13295672]
Epoch 554, t=2460388.4160867413:
  TLE_ECI: r=[ 1298.06869395  3189.20721483 -6905.2598135 ], v=[-7.06064270e+00  6.23225966e-03 -1.32294375e+00]
  RK45_ECI: r=[-1651.42853162  2967.93295003 -6995.68425122], v=[-6.95535442 -1.12127406  1.1714883 ]
Epoch 555, t=2460388.4161620047:
  TLE_ECI: r=[ 1084.25995192  3188.67546071 -6942.24654053], v=[-7.09152756 -0.07985567 -1.14291593]
  RK45_ECI: r=[-1698.03158538  2959.79152105 -6987.93784989], v=[-6.94561873 -1.14085172  1.20997885]
Epoch 556, t=2460388.416237268:
  TLE_ECI: r=[  869.60949243  3185.4598987  -6973.81880185], v=[-7.11681288 -0.16590594 -0.96200249]
  RK45_ECI: r=[-1744.5663599   2951.50088704 -6979.9413379 ], v=[-6.93561785 -1.16037993  1.24842666]
Epoch 557, t=2460388.416312531:
  TLE_ECI: r=[  654.28688116  3179.56236853 -6999.9521318 ], v=[-7.13647952 -0.25184674 -0.78034352]
  RK45_ECI: r=[-1791.03105329  2943.06141157 -6971.69500014], v=[-6.92535217 -1.17985773  1.28683037]
Epoch 558, t=2460388.4163877945:
  TLE_ECI: r=[  438.46216344  3170.98694955 -7020.62627662], v=[-7.1505127  -0.33760641 -0.59807971]
  RK45_ECI: r=[-1837.42452533  2934.4733398  -6963.19900895], v=[-6.91482193 -1.19928447  1.32518916]
Epoch 559, t=2460388.416463058:
  TLE_ECI: r=[  222.30578874  3159.73994404 -7035.82520927], v=[-7.15890196 -0.42311334 -0.41535214]
  RK45_ECI: r=[-1883.74434452  2925.73715513 -6954.45378111], v=[-6.90402766 -1.21865896  1.36350115]
Epoch 560, t=2460388.4165383214:
  TLE_ECI: r=[ 5.98844143e+00  3.14582988e+03 -7.04553714e+03], v=[-7.16164123 -0.50829617 -0.23230226]
  RK45_ECI: r=[-1929.98914654  2916.85316095 -6945.45954235], v=[-6.89296968 -1.23798045  1.40176534]
Epoch 561, t=2460388.416613585:
  TLE_ECI: r=[ -210.31908172  3129.26751304 -7049.75452985], v=[-7.1587288  -0.59308375 -0.04907173]
  RK45_ECI: r=[-1976.15672716  2907.82181627 -6936.21669354], v=[-6.8816485  -1.25724785  1.43998003]
Epoch 562, t=2460388.416688848:
  TLE_ECI: r=[ -426.44599448  3110.06579748 -7048.47408639], v=[-7.1501673  -0.67740523  0.13419764]
  RK45_ECI: r=[-2022.24529866  2898.6435196  -6926.72556349], v=[-6.87006455 -1.27646022  1.47814388]
Epoch 563, t=2460388.4167641113:
  TLE_ECI: r=[ -642.22168954  3088.2398941  -7041.69677591], v=[-7.13596376 -0.76119019  0.31736402]
  RK45_ECI: r=[-2068.25372972  2889.31854018 -6916.98635078], v=[-6.85821811 -1.29561691  1.51625608]
Epoch 564, t=2460388.4168393747:
  TLE_ECI: r=[ -857.47581557  3063.80715283 -7029.42781801], v=[-7.11612953 -0.84436853  0.50028563]
  RK45_ECI: r=[-2114.17960869  2879.8474051  -6906.9995335 ], v=[-6.84610977 -1.31471676  1.55431474]
Epoch 565, t=2460388.416914638:
  TLE_ECI: r=[-1072.03844527  3036.7870987  -7011.67668282], v=[-7.09068034 -0.92687066  0.6828209 ]
  RK45_ECI: r=[-2160.02158256  2870.23044608 -6896.76536933], v=[-6.83373988 -1.33375898  1.59231891]
Epoch 566, t=2460388.416989901:
  TLE_ECI: r=[-1285.74018888  3007.20142103 -6988.45708433], v=[-7.05963623 -1.0086275   0.8648285 ]
  RK45_ECI: r=[-2205.77724937  2860.4682098  -6886.28436418], v=[-6.82110908 -1.35274244  1.63026671]
Epoch 567, t=2460388.4170651645:
  TLE_ECI: r=[-1498.41236054  2975.07394235 -6959.78697045], v=[-7.02302158 -1.0895706   1.0461675 ]
  RK45_ECI: r=[-2251.4454869   2850.56098634 -6875.55674099], v=[-6.80821766 -1.37166648  1.66815733]
Epoch 568, t=2460388.417140428:
  TLE_ECI: r=[-1709.88705547  2940.43062045 -6925.68851033], v=[-6.98086507 -1.16963206  1.22669744]
  RK45_ECI: r=[-2297.02452418  2840.50921197 -6864.58287374], v=[-6.79506612 -1.39053015  1.70598944]
Epoch 569, t=2460388.4172156914:
  TLE_ECI: r=[-1919.99731557  2903.29951521 -6886.1880783 ], v=[-6.93319969 -1.24874471  1.40627844]
  RK45_ECI: r=[-2342.51218801  2830.31340952 -6853.36325144], v=[-6.78165506 -1.4093324   1.74376138]
Epoch 570, t=2460388.417290955:
  TLE_ECI: r=[-2128.57725004  2863.71076984 -6841.31623493], v=[-6.88006268 -1.32684211  1.58477132]
  RK45_ECI: r=[-2387.90713823  2819.97393876 -6841.89816353], v=[-6.76798486 -1.42807248  1.78147215]
Epoch 571, t=2460388.417366218:
  TLE_ECI: r=[-2335.46215563  2821.69659426 -6791.107705  ], v=[-6.82149553 -1.40385859  1.76203767]
  RK45_ECI: r=[-2433.20699594  2809.49138951 -6830.1881764 ], v=[-6.75405623 -1.44674922  1.81911992]
Epoch 572, t=2460388.4174414813:
  TLE_ECI: r=[-2540.48867788  2777.29121334 -6735.60135237], v=[-6.75754395 -1.47972939  1.93793996]
  RK45_ECI: r=[-2478.41064988  2798.86607573 -6818.23353883], v=[-6.73986951 -1.46536198  1.85670389]
Epoch 573, t=2460388.4175167447:
  TLE_ECI: r=[-2743.49488815  2730.53087918 -6674.84015194], v=[-6.68825783 -1.55439058  2.11234167]
  RK45_ECI: r=[-2523.51634675  2788.09846809 -6806.03466788], v=[-6.72542523 -1.48390984  1.89422273]
Epoch 574, t=2460388.417592008:
  TLE_ECI: r=[-2944.32044324  2681.45381732 -6608.87115844], v=[-6.61369124 -1.6277792   2.28510734]
  RK45_ECI: r=[-2568.52193564  2777.18912877 -6793.59210708], v=[-6.71072407 -1.50239175  1.93167478]
Epoch 575, t=2460388.4176672716:
  TLE_ECI: r=[-3142.80670205  2630.10020296 -6537.74547224], v=[-6.53390234 -1.69983328  2.45610274]
  RK45_ECI: r=[-2613.42609038  2766.13844547 -6780.90617729], v=[-6.69576645 -1.52080694  1.96905908]
Epoch 576, t=2460388.4177425345:
  TLE_ECI: r=[-3338.79684207  2576.51213913 -6461.51820219], v=[-6.4489534  -1.77049189  2.62519489]
  RK45_ECI: r=[-2658.22645764  2754.94705071 -6767.97750497], v=[-6.68055315 -1.5391543   2.00637378]
Epoch 577, t=2460388.417817798:
  TLE_ECI: r=[-3532.13601249  2520.73358513 -6380.24842531], v=[-6.35891071 -1.83969527  2.79225223]
  RK45_ECI: r=[-2702.92193826  2743.61528205 -6754.80636452], v=[-6.66508454 -1.55743317  2.0436181 ]
Epoch 578, t=2460388.4178930614:
  TLE_ECI: r=[-3722.67141001  2462.8103785  -6293.99914374], v=[-6.26384458 -1.90738473  2.95714466]
  RK45_ECI: r=[-2747.51079852  2732.14364421 -6741.39321577], v=[-6.64936121 -1.57564264  2.08079072]
Epoch 579, t=2460388.417968325:
  TLE_ECI: r=[-3910.25242947  2402.79016173 -6202.83723844], v=[-6.16382925 -1.97350281  3.1197437 ]
  RK45_ECI: r=[-2791.99091184  2720.53273829 -6727.73865634], v=[-6.63338389 -1.59378169  2.11789   ]
Epoch 580, t=2460388.4180435883:
  TLE_ECI: r=[-4094.73077495  2340.7223534  -6106.83342008], v=[-6.05894289 -2.03799329  3.27992254]
  RK45_ECI: r=[-2836.36096756  2708.7829796  -6713.84303834], v=[-6.61715306 -1.61184955  2.15491497]
Epoch 581, t=2460388.4181188513:
  TLE_ECI: r=[-4275.96057019  2276.6581215  -6006.06217696], v=[-5.94926748 -2.10080125  3.43755615]
  RK45_ECI: r=[-2880.61864025  2696.89504269 -6699.70704783], v=[-6.60066956 -1.62984512  2.1918638 ]
Epoch 582, t=2460388.4181941147:
  TLE_ECI: r=[-4453.79850096  2210.65029313 -5900.60171991], v=[-5.83488883 -2.16187314  3.59252141]
  RK45_ECI: r=[-2924.7628442   2684.86928844 -6685.33098468], v=[-6.58393379 -1.64776777  2.22873571]
Epoch 583, t=2460388.418269378:
  TLE_ECI: r=[-4628.10388792  2142.7533861  -5790.53392446], v=[-5.71589647 -2.22115675  3.74469714]
  RK45_ECI: r=[-2968.79186675  2672.7062553  -6670.71535125], v=[-6.5669464  -1.66561659  2.26552941]
Epoch 584, t=2460388.4183446416:
  TLE_ECI: r=[-4798.73882622  2073.02351612 -5675.94426999], v=[-5.59238359 -2.27860135  3.89396427]
  RK45_ECI: r=[-3012.70360809  2660.40658248 -6655.86079882], v=[-6.54970819 -1.68339057  2.30224324]
Epoch 585, t=2460388.4184199045:
  TLE_ECI: r=[-4965.56828234  2001.51837892 -5556.92177601], v=[-5.46444702 -2.33415764  4.04020587]
  RK45_ECI: r=[-3056.49656731  2647.97077335 -6640.767782  ], v=[-6.53221974 -1.7010889   2.33887608]
Epoch 586, t=2460388.418495168:
  TLE_ECI: r=[-5128.46022596  1928.29714591 -5433.55893568], v=[-5.33218709 -2.3877779   4.18330731]
  RK45_ECI: r=[-3100.16907048  2635.39936134 -6625.43683177], v=[-6.51448174 -1.71871073  2.37542663]
Epoch 587, t=2460388.4185704314:
  TLE_ECI: r=[-5287.28569985  1853.42050211 -5305.95164659], v=[-5.19570763 -2.43941594  4.32315628]
  RK45_ECI: r=[-3143.71942503  2622.69291284 -6609.86848762], v=[-6.49649484 -1.7362552   2.4118936 ]
Epoch 588, t=2460388.418645695:
  TLE_ECI: r=[-5441.9189477   1776.95054043 -5174.19913857], v=[-5.05511586 -2.48902718  4.45964293]
  RK45_ECI: r=[-3187.14614855  2609.85193833 -6594.06322268], v=[-6.47825968 -1.75372149  2.44827587]
Epoch 589, t=2460388.4187209583:
  TLE_ECI: r=[-5592.23750936  1698.95072534 -5038.40389901], v=[-4.9105223  -2.53656871  4.59265996]
  RK45_ECI: r=[-3230.44716982  2596.87711469 -6578.02174154], v=[-6.4597771  -1.77110863  2.4845718 ]
Epoch 590, t=2460388.4187962213:
  TLE_ECI: r=[-5738.12231504  1619.48585795 -4898.67159532], v=[-4.76204074 -2.58199926  4.72210268]
  RK45_ECI: r=[-3273.62100907  2583.76897521 -6561.74453526], v=[-6.44104775 -1.7884158   2.52078028]
Epoch 591, t=2460388.4188714847:
  TLE_ECI: r=[-5879.45780105  1538.62195655 -4755.11099485], v=[-4.60978807 -2.62527936  4.84786912]
  RK45_ECI: r=[-3316.66601599  2570.52808402 -6545.23217683], v=[-6.42207233 -1.8056422   2.55690002]
Epoch 592, t=2460388.418946748:
  TLE_ECI: r=[-6016.13197454  1456.42630173 -4607.83388214], v=[-4.4538843  -2.66637125  4.96986011]
  RK45_ECI: r=[-3359.58071789  2557.15498417 -6528.48516852], v=[-6.40285149 -1.82278702  2.5929299 ]
Epoch 593, t=2460388.4190220116:
  TLE_ECI: r=[-6148.03652434  1372.96731581 -4456.95497372], v=[-4.29445239 -2.70523898  5.08797938]
  RK45_ECI: r=[-3402.36306788  2543.65038214 -6511.50425721], v=[-6.38338615 -1.8398493   2.62886831]
Epoch 594, t=2460388.419097275:
  TLE_ECI: r=[-6275.06690456  1288.31452249 -4302.59183028], v=[-4.1316182  -2.74184844  5.20213359]
  RK45_ECI: r=[-3445.01161157  2530.01482463 -6494.28996294], v=[-6.36367695 -1.85682826  2.66471413]
Epoch 595, t=2460388.419172538:
  TLE_ECI: r=[-6397.12241668  1202.53850845 -4144.86476655], v=[-3.96551038 -2.77616738  5.31223247]
  RK45_ECI: r=[-3487.52469642  2516.24892996 -6476.84289208], v=[-6.34372467 -1.87372305  2.70046608]
Epoch 596, t=2460388.4192478014:
  TLE_ECI: r=[-6514.10630659  1115.7107902  -3983.89675864], v=[-3.79626024 -2.80816548  5.41818888]
  RK45_ECI: r=[-3529.9006973   2502.35329205 -6459.16365928], v=[-6.32353006 -1.89053288  2.7361229 ]
Epoch 597, t=2460388.419323065:
  TLE_ECI: r=[-6625.92582236  1027.90386653 -3819.81334923], v=[-3.62400172 -2.8378143   5.51991887]
  RK45_ECI: r=[-3572.13816445  2488.32848327 -6441.25280292], v=[-6.3030938  -1.90725698  2.77168346]
Epoch 598, t=2460388.4193983283:
  TLE_ECI: r=[-6732.49230568   939.19108401 -3652.7425504 ], v=[-3.44887123 -2.8650874   5.61734177]
  RK45_ECI: r=[-3614.23508324  2474.17524603 -6423.11112234], v=[-6.28241686 -1.92389438  2.80714618]
Epoch 599, t=2460388.4194735917:
  TLE_ECI: r=[-6833.72126148   849.64659428 -3482.81474429], v=[-3.27100755 -2.88996029  5.71038024]
  RK45_ECI: r=[-3656.19002278  2459.89415524 -6404.73917347], v=[-6.26149994 -1.94044435  2.84250994]
Epoch 600, t=2460388.4195488547:
  TLE_ECI: r=[-6929.53242577   759.34531268 -3310.16258171], v=[-3.09055175 -2.91241052  5.79896038]
  RK45_ECI: r=[-3698.00135747  2445.48586039 -6386.13760407], v=[-6.24034384 -1.95690604  2.8777735 ]
Epoch 601, t=2460388.419624118:
  TLE_ECI: r=[-7019.84984158   668.3627744  -3134.92087865], v=[-2.90764703 -2.93241768  5.88301176]
  RK45_ECI: r=[-3739.66748879  2430.95098475 -6367.30706999], v=[-6.21894936 -1.9732787   2.91293557]
Epoch 602, t=2460388.4196993816:
  TLE_ECI: r=[-7104.60190814   576.77519214 -2957.22651091], v=[-2.72243865 -2.94996338  5.96246749]
  RK45_ECI: r=[-3781.18699137  2416.29012897 -6348.24814543], v=[-6.19731723 -1.98956156  2.94799508]
Epoch 603, t=2460388.419774645:
  TLE_ECI: r=[-7183.72145039   484.65931165 -2777.21830679], v=[-2.53507382 -2.96503132  6.03726429]
  RK45_ECI: r=[-3822.55788461  2401.50407069 -6328.96168151], v=[-6.17544846 -2.00575369  2.98295042]
Epoch 604, t=2460388.419849908:
  TLE_ECI: r=[-7257.14577158   392.09238836 -2595.03693807], v=[-2.34570151 -2.97760731  6.10734255]
  RK45_ECI: r=[-3863.77856756  2386.5934853  -6309.44836192], v=[-6.15334388 -2.0218543   3.01780036]
Epoch 605, t=2460388.4199251714:
  TLE_ECI: r=[-7324.81671075   299.15203733 -2410.82480926], v=[-2.1544724  -2.98767927  6.17264636]
  RK45_ECI: r=[-3904.84802737  2371.55883379 -6289.70859887], v=[-6.13100405 -2.0378628   3.05254414]
Epoch 606, t=2460388.420000435:
  TLE_ECI: r=[-7386.68068394   205.91629451 -2224.72594525], v=[-1.96153873 -2.99523722  6.23312361]
  RK45_ECI: r=[-3945.76410928  2356.40098683 -6269.74336538], v=[-6.10843009 -2.05377821  3.08718002]
Epoch 607, t=2460388.4200756983:
  TLE_ECI: r=[-7442.68873467   112.4634662  -2036.88587747], v=[-1.76705418 -3.00027334  6.28872598]
  RK45_ECI: r=[-3986.5256082   2341.12049983 -6249.55317881], v=[-6.08562268 -2.06959986  3.12170708]
Epoch 608, t=2460388.4201509617:
  TLE_ECI: r=[-7492.79657393    18.87208373 -1847.45152867], v=[-1.57117373 -3.00278194  6.33940903]
  RK45_ECI: r=[-4027.13057938  2325.71818472 -6229.1389415 ], v=[-6.06258287 -2.08532687  3.15612376]
Epoch 609, t=2460388.4202262247:
  TLE_ECI: r=[-7536.96461775   -74.77914141 -1656.57109637], v=[-1.37405356 -3.0027595   6.38513221]
  RK45_ECI: r=[-4067.57745148  2310.19474669 -6208.50137747], v=[-6.03931155 -2.10095843  3.19042883]
Epoch 610, t=2460388.420301488:
  TLE_ECI: r=[-7575.15802015  -168.41147281 -1464.3939351 ], v=[-1.17585086 -3.00020465  6.42585894]
  RK45_ECI: r=[-4107.86523044  2294.55066727 -6187.64092345], v=[-6.01580927 -2.116494    3.22462153]
Epoch 611, t=2460388.4203767516:
  TLE_ECI: r=[-7607.34670324  -261.9460835  -1271.07043758], v=[-0.97672378 -2.9951182   6.4615566 ]
  RK45_ECI: r=[-4147.99180186  2278.78685411 -6166.55860842], v=[-5.99207724 -2.1319326   3.25870018]
Epoch 612, t=2460388.420452015:
  TLE_ECI: r=[-7633.50538259  -355.3042122  -1076.75191491], v=[-0.77683124 -2.9875031   6.49219657]
  RK45_ECI: r=[-4187.9559838   2262.90388656 -6145.25497933], v=[-5.96811614 -2.14727361  3.29266385]
Epoch 613, t=2460388.4205272784:
  TLE_ECI: r=[-7653.61358883  -448.40720806  -881.59047586], v=[-0.57633281 -2.97736451  6.51775429]
  RK45_ECI: r=[-4227.75586901  2246.90260992 -6123.73098886], v=[-5.94392708 -2.16251613  3.32651103]
Epoch 614, t=2460388.4206025414:
  TLE_ECI: r=[-7667.65568657  -541.17657544  -685.73890546], v=[-0.37538858 -2.96470971  6.53820924]
  RK45_ECI: r=[-4267.38991718  2230.78375849 -6101.98740074], v=[-5.91951101 -2.17765941  3.36024048]
Epoch 615, t=2460388.420677805:
  TLE_ECI: r=[-7675.62088173  -633.53413114  -489.35054286], v=[-0.174159   -2.94954817  6.55354498]
  RK45_ECI: r=[-4306.85715364  2214.54783408 -6080.02467583], v=[-5.89486847 -2.19270289  3.39385149]
Epoch 616, t=2460388.4207530683:
  TLE_ECI: r=[-7677.50323951  -725.4019366   -292.57915872], v=[ 0.02719521 -2.93189151  6.56374919]
  RK45_ECI: r=[-4346.15550652  2198.19578005 -6057.84389812], v=[-5.87000075 -2.20764564  3.42734237]
Epoch 617, t=2460388.4208283317:
  TLE_ECI: r=[-7673.30168392  -816.70245445   -95.57883217], v=[ 0.22851322 -2.91175347  6.56881363]
  RK45_ECI: r=[-4385.28381786  2181.7281993  -6035.4456436 ], v=[-5.84490854 -2.22248703  3.46071224]
Epoch 618, t=2460388.420903595:
  TLE_ECI: r=[-7663.02000011  -907.35859263   101.49617257], v=[ 0.42963425 -2.88914996  6.56873418]
  RK45_ECI: r=[-4424.24021967  2165.14596979 -6012.83091442], v=[-5.81959303 -2.23722621  3.49395959]
Epoch 619, t=2460388.420978858:
  TLE_ECI: r=[-7646.66683415  -997.29374801   298.4915297 ], v=[ 0.63039767 -2.86409898  6.56351085]
  RK45_ECI: r=[-4463.02320399  2148.44985414 -5990.00051332], v=[-5.79405517 -2.25186241  3.52708324]
Epoch 620, t=2460388.4210541216:
  TLE_ECI: r=[-7624.2556743  -1086.43196191   495.25297542], v=[ 0.83064316 -2.83662066  6.55314777]
  RK45_ECI: r=[-4501.63181654  2131.64037399 -5966.95492475], v=[-5.76829558 -2.26639512  3.56008246]
Epoch 621, t=2460388.421129385:
  TLE_ECI: r=[-7595.80485633 -1174.69785057   691.62643149], v=[ 1.03021085 -2.80673721  6.53765317]
  RK45_ECI: r=[-4540.06402973  2114.71850765 -5943.69528674], v=[-5.74231555 -2.2808234   3.59295561]
Epoch 622, t=2460388.4212046484:
  TLE_ECI: r=[-7561.3375371  -1262.01675967   887.45812863], v=[ 1.22894142 -2.77447289  6.5170394 ]
  RK45_ECI: r=[-4578.31871077  2097.68488105 -5920.22220373], v=[-5.71611585 -2.29514666  3.62570182]
Epoch 623, t=2460388.4212799114:
  TLE_ECI: r=[-7520.88168154 -1348.31478374  1082.59472957], v=[ 1.42667626 -2.73985403  6.49132291]
  RK45_ECI: r=[-4616.39385291  2080.54048793 -5896.53683807], v=[-5.68969782 -2.30936397  3.65831946]
Epoch 624, t=2460388.421355175:
  TLE_ECI: r=[-7474.47002335 -1433.51891819  1276.88345171], v=[ 1.62325765 -2.70290898  6.46052423]
  RK45_ECI: r=[-4654.28852127  2063.28586668 -5872.63969572], v=[-5.6630621  -2.32347483  3.69080784]
Epoch 625, t=2460388.4214304383:
  TLE_ECI: r=[-7422.14006025 -1517.55698859  1470.17218936], v=[ 1.8185288  -2.66366808  6.42466794]
  RK45_ECI: r=[-4692.00124361  2045.92181034 -5848.53161928], v=[-5.63620968 -2.33747849  3.72316577]
Epoch 626, t=2460388.4215057017:
  TLE_ECI: r=[-7363.9340071  -1600.3578016   1662.30963518], v=[ 2.01233405 -2.62216366  6.38378267]
  RK45_ECI: r=[-4729.5302184   2028.44924738 -5824.21368806], v=[-5.60914183 -2.35137413  3.75539181]
Epoch 627, t=2460388.421580965:
  TLE_ECI: r=[-7299.89876385 -1681.85118362  1853.14540099], v=[ 2.20451897 -2.57842996  6.33790107]
  RK45_ECI: r=[-4766.87433919  2010.86882615 -5799.68653443], v=[-5.58185931 -2.36516115  3.7874851 ]
Epoch 628, t=2460388.421656228:
  TLE_ECI: r=[-7230.08588101 -1761.96801939  2042.5301377 ], v=[ 2.39493051 -2.53250316  6.28705975]
  RK45_ECI: r=[-4804.03164646  1993.18157405 -5774.95137318], v=[-5.55436356 -2.37883868  3.81944405]
Epoch 629, t=2460388.4217314916:
  TLE_ECI: r=[-7154.5514957  -1840.64039602  2230.31565417], v=[ 2.58341714 -2.4844213   6.23129928]
  RK45_ECI: r=[-4841.00122748  1975.38804872 -5750.00873306], v=[-5.52665522 -2.39240619  3.85126795]
Epoch 630, t=2460388.421806755:
  TLE_ECI: r=[-7073.35631438 -1917.80153355  2416.35503517], v=[ 2.76982891 -2.43422428  6.17066414]
  RK45_ECI: r=[-4877.78164554  1957.48907005 -5724.85949407], v=[-5.49873535 -2.40586298  3.88295569]
Epoch 631, t=2460388.4218820184:
  TLE_ECI: r=[-6986.5655418  -1993.38592681  2600.50275798], v=[ 2.95401767 -2.38195378  6.10520267]
  RK45_ECI: r=[-4914.37114315  1939.48559697 -5699.50478258], v=[-5.47060526 -2.41920825  3.9145058 ]
Epoch 632, t=2460388.421957282:
  TLE_ECI: r=[-6894.24883097 -2067.32937985  2782.61480779], v=[ 3.13583709 -2.32765327  6.03496705]
  RK45_ECI: r=[-4950.76864126  1921.37829996 -5673.9452583 ], v=[-5.44226577 -2.43244141  3.94591747]
Epoch 633, t=2460388.422032545:
  TLE_ECI: r=[-6796.48023083 -2139.56904075  2962.54879167], v=[ 3.31514287 -2.27136795  5.96001322]
  RK45_ECI: r=[-4986.97222975  1903.16823909 -5648.18218754], v=[-5.41371835 -2.44556161  3.97718912]
Epoch 634, t=2460388.4221078083:
  TLE_ECI: r=[-6693.33809915 -2210.0435349   3140.16405104], v=[ 3.49179281 -2.21314469  5.88040085]
  RK45_ECI: r=[-5022.98101913  1884.85599046 -5622.21612134], v=[-5.38496369 -2.45856835  4.00832008]
Epoch 635, t=2460388.4221830717:
  TLE_ECI: r=[-6584.90507393 -2278.69289643  3315.32177261], v=[ 3.66564693 -2.15303202  5.79619327]
  RK45_ECI: r=[-5058.79360976  1866.44240037 -5596.04797649], v=[-5.35600289 -2.47146094  4.03930922]
Epoch 636, t=2460388.422258335:
  TLE_ECI: r=[-6471.26797972 -2345.45869964  3487.88509755], v=[ 3.83656759 -2.09108006  5.70745743]
  RK45_ECI: r=[-5094.40828996  1847.92845723 -5569.67892547], v=[-5.32683731 -2.48423862  4.07015514]
Epoch 637, t=2460388.422333598:
  TLE_ECI: r=[-6352.51776826 -2410.2840693   3657.71922899], v=[ 4.00441959 -2.02734051  5.61426384]
  RK45_ECI: r=[-5129.82368084  1829.3150203  -5543.10990522], v=[-5.2974681  -2.4969007   4.10085673]
Epoch 638, t=2460388.4224088616:
  TLE_ECI: r=[-6228.74941461 -2473.11380377  3824.69153746], v=[ 4.1690703  -1.96186653  5.51668647]
  RK45_ECI: r=[-5165.03890961  1810.60267896 -5516.34148162], v=[-5.26789594 -2.50944669  4.13141331]
Epoch 639, t=2460388.422484125:
  TLE_ECI: r=[-6100.06187991 -2533.89430838  3988.67166469], v=[ 4.33038974 -1.89471279  5.41480273]
  RK45_ECI: r=[-5200.05212512  1791.79252951 -5489.3749786 ], v=[-5.23812239 -2.52187579  4.16182335]
Epoch 640, t=2460388.4225593884:
  TLE_ECI: r=[-5966.55800184 -2592.5737156   4149.53162509], v=[ 4.48825068 -1.82593535  5.30869339]
  RK45_ECI: r=[-5234.86229489  1772.88527639 -5462.21109877], v=[-5.20814831 -2.53418744  4.19208604]
Epoch 641, t=2460388.422634652:
  TLE_ECI: r=[-5828.34441598 -2649.10191031  4307.14590531], v=[ 4.64252878 -1.75559163  5.19844247]
  RK45_ECI: r=[-5269.46775502  1753.88193642 -5434.85105982], v=[-5.17797514 -2.54638089  4.2222    ]
Epoch 642, t=2460388.422709915:
  TLE_ECI: r=[-5685.53147589 -2703.43055443  4461.39156152], v=[ 4.79310261 -1.68374039  5.08413724]
  RK45_ECI: r=[-5303.86732306  1734.78331552 -5407.29570469], v=[-5.14760388 -2.55845555  4.25216428]
Epoch 643, t=2460388.4227851783:
  TLE_ECI: r=[-5538.23313065 -2755.5131945   4612.14831447], v=[ 4.93985385 -1.61044159  4.96586807]
  RK45_ECI: r=[-5338.05967996  1715.59025503 -5379.54601028], v=[-5.11703572 -2.57041081  4.2819778 ]
Epoch 644, t=2460388.4228604417:
  TLE_ECI: r=[-5386.56687819 -2805.30519898  4759.29864229], v=[ 5.08266725 -1.53575645  4.84372837]
  RK45_ECI: r=[-5372.04349937  1696.30364725 -5351.60296065], v=[-5.0862718  -2.58224603  4.31163946]
Epoch 645, t=2460388.422935705:
  TLE_ECI: r=[-5230.65363783 -2852.76386333  4902.72787082], v=[ 5.22143084 -1.45974732  4.71781457]
  RK45_ECI: r=[-5405.8176224   1676.92429465 -5323.4674143 ], v=[-5.0553132  -2.59396063  4.34114835]
Epoch 646, t=2460388.4230109686:
  TLE_ECI: r=[-5070.61765906 -2897.8484283   5042.32426154], v=[ 5.35603591 -1.38247766  4.58822594]
  RK45_ECI: r=[-5439.38043456  1657.45324139 -5295.14063338], v=[-5.02416136 -2.60555391  4.37050309]
Epoch 647, t=2460388.4230862316:
  TLE_ECI: r=[-4906.58642903 -2940.52009902  5177.97909704], v=[ 5.48637717 -1.30401198  4.45506459]
  RK45_ECI: r=[-5472.73078938  1637.89131567 -5266.62349124], v=[-4.99281738 -2.61702528  4.39970277]
Epoch 648, t=2460388.423161495:
  TLE_ECI: r=[-4738.69053419 -2980.74213551  5309.58676378], v=[ 5.61235278 -1.22441572  4.31843533]
  RK45_ECI: r=[-5505.86740801  1618.23938085 -5237.91699984], v=[-4.96128241 -2.62837418  4.42874632]
Epoch 649, t=2460388.4232367584:
  TLE_ECI: r=[-4567.06360598 -3018.47979458  5437.04483252], v=[ 5.73386444 -1.14375533  4.17844561]
  RK45_ECI: r=[-5538.78915569  1598.49827227 -5209.02204195], v=[-4.92955756 -2.63960002  4.45763281]
Epoch 650, t=2460388.423312022:
  TLE_ECI: r=[-4391.84217843 -3053.70041768  5560.25413586], v=[ 5.85081745 -1.06209809  4.03520541]
  RK45_ECI: r=[-5571.49445863  1578.66905509 -5179.93991449], v=[-4.89764432 -2.65070214  4.48636092]
Epoch 651, t=2460388.4233872853:
  TLE_ECI: r=[-4213.16558652 -3086.37344272  5679.11884317], v=[ 5.96312079 -0.97951211  3.88882719]
  RK45_ECI: r=[-5603.98220467  1558.75255796 -5150.67151484], v=[-4.86554378 -2.66168     4.51492973]
Epoch 652, t=2460388.4234625483:
  TLE_ECI: r=[-4031.17586322 -3116.47041715  5793.54653282], v=[ 6.07068716 -0.89606629  3.73942575]
  RK45_ECI: r=[-5636.25113417  1538.74971062 -5121.2178824 ], v=[-4.83325719 -2.67253299  4.5433382 ]
Epoch 653, t=2460388.4235378117:
  TLE_ECI: r=[-3846.0175888  -3143.96506933  5903.44826154], v=[ 6.17343309 -0.81183015  3.58711815]
  RK45_ECI: r=[-5668.30000959  1518.66139764 -5091.58006329], v=[-4.80078576 -2.68326057  4.57158529]
Epoch 654, t=2460388.423613075:
  TLE_ECI: r=[-3657.83782995 -3168.83325687  6008.73863113], v=[ 6.27127893 -0.72687394  3.43202365]
  RK45_ECI: r=[-5700.12773376  1498.48847519 -5061.75897007], v=[-4.76813061 -2.69386221  4.59967008]
Epoch 655, t=2460388.4236883386:
  TLE_ECI: r=[-3466.78598575 -3191.05303554  6109.3358522 ], v=[ 6.36414896 -0.64126846  3.27426357]
  RK45_ECI: r=[-5731.7327851   1478.2320335  -5031.75594226], v=[-4.73529329 -2.70433725  4.62759129]
Epoch 656, t=2460388.4237636016:
  TLE_ECI: r=[-3273.01368717 -3210.60465509  6205.1618051 ], v=[ 6.45197139 -0.55508506  3.11396121]
  RK45_ECI: r=[-5763.11394151  1457.89302065 -5001.57204873], v=[-4.70227507 -2.71468514  4.65534789]
Epoch 657, t=2460388.423838865:
  TLE_ECI: r=[-3076.67463901 -3227.47061421  6296.14209785], v=[ 6.53467848 -0.46839551  2.95124177]
  RK45_ECI: r=[-5794.27042985  1437.47208896 -4971.20793625], v=[-4.66907676 -2.72490547  4.68293926]
Epoch 658, t=2460388.4239141284:
  TLE_ECI: r=[-2877.92455442 -3241.63561521  6382.20612139], v=[ 6.61220649 -0.38127205  2.78623222]
  RK45_ECI: r=[-5825.20061175  1416.9704425  -4940.66511063], v=[-4.63570008 -2.73499756  4.71036397]
Epoch 659, t=2460388.423989392:
  TLE_ECI: r=[-2676.92099399 -3253.0866169   6463.28710165], v=[ 6.68449581 -0.29378724  2.61906124]
  RK45_ECI: r=[-5855.90357643  1396.38885723 -4909.9443714 ], v=[-4.60214602 -2.74496095  4.7376213 ]
Epoch 660, t=2460388.4240646553:
  TLE_ECI: r=[-2473.82325096 -3261.81283466  6539.32214876], v=[ 6.75149094 -0.20601394  2.44985909]
  RK45_ECI: r=[-5886.37785602  1375.72844715 -4879.04709961], v=[-4.56841617 -2.75479504  4.76470996]
Epoch 661, t=2460388.4241399183:
  TLE_ECI: r=[-2268.79223534 -3267.80574261  6610.2523033 ], v=[ 6.81314053 -0.11802529  2.27875751]
  RK45_ECI: r=[-5916.62227249  1354.9901813  -4847.97439704], v=[-4.53451182 -2.7644993   4.79162897]
Epoch 662, t=2460388.4242151817:
  TLE_ECI: r=[-2061.99030894 -3271.05910806  6676.02257945], v=[ 6.86939747 -0.02989451  2.10588966]
  RK45_ECI: r=[-5946.63608082  1334.17472663 -4816.72693066], v=[-4.50043381 -2.77407333  4.8183777 ]
Epoch 663, t=2460388.424290445:
  TLE_ECI: r=[-1853.58121566 -3271.56895444  6736.58200532], v=[6.92021882 0.05830498 1.93138995]
  RK45_ECI: r=[-5976.4177025   1313.28331206 -4785.30625138], v=[-4.46618391 -2.78351651  4.8449548 ]
Epoch 664, t=2460388.4243657086:
  TLE_ECI: r=[-1643.72991492 -3269.33359333  6791.88366009], v=[6.96556592 0.14649973 1.75539402]
  RK45_ECI: r=[-6005.96626082  1292.31673051 -4753.71318283], v=[-4.43176312 -2.7928284   4.87135953]
Epoch 665, t=2460388.424440972:
  TLE_ECI: r=[-1432.6024622  -3264.35361865  6841.88470818], v=[7.00540439 0.23461626 1.57803858]
  RK45_ECI: r=[-6035.28034292  1271.27611834 -4721.94914649], v=[-4.39717307 -2.80200843  4.89759067]
Epoch 666, t=2460388.424516235:
  TLE_ECI: r=[-1220.36588918 -3256.63190271  6886.5464304 ], v=[7.03970412 0.32258117 1.39946131]
  RK45_ECI: r=[-6064.358816    1250.16246427 -4690.01527598], v=[-4.3624151  -2.81105608  4.92364726]
Epoch 667, t=2460388.4245914984:
  TLE_ECI: r=[-1007.18803514 -3246.17360931  6925.83425196], v=[7.06843934 0.41032119 1.21980082]
  RK45_ECI: r=[-6093.2009637   1228.97644912 -4657.91225807], v=[-4.32749003 -2.81997101  4.94952869]
Epoch 668, t=2460388.424666762:
  TLE_ECI: r=[ -793.23747408 -3232.98616608  6959.7177676 ], v=[7.09158856 0.49776319 1.03919645]
  RK45_ECI: r=[-6121.80526874  1207.71932569 -4625.64168726], v=[-4.2923997  -2.82875261  4.97523365]
Epoch 669, t=2460388.4247420253:
  TLE_ECI: r=[ -578.68334497 -3217.07927539  6988.17076347], v=[7.10913468 0.58483427 0.85778827]
  RK45_ECI: r=[-6150.17088933  1186.39190253 -4593.20441066], v=[-4.25714512 -2.83740047  5.00076142]
Epoch 670, t=2460388.4248172888:
  TLE_ECI: r=[ -363.69523038 -3198.4649025   7011.17123604], v=[7.1210649  0.67146183 0.67571689]
  RK45_ECI: r=[-6178.29646881  1164.99533737 -4560.6018888 ], v=[-4.22172796 -2.84591405  5.02611083]
Epoch 671, t=2460388.4248925517:
  TLE_ECI: r=[ -148.44303409 -3177.15726591  7028.70140797], v=[7.12737081 0.75757357 0.49312341]
  RK45_ECI: r=[-6206.18092064  1143.53063748 -4527.83528623], v=[-4.18614957 -2.85429288  5.05128093]
Epoch 672, t=2460388.424967815:
  TLE_ECI: r=[   66.90318781 -3153.17282897  7040.74774074], v=[7.12804832 0.84309769 0.31014932]
  RK45_ECI: r=[-6233.82355764  1121.9984972  -4494.90530874], v=[-4.15041084 -2.86253659  5.07627117]
Epoch 673, t=2460388.4250430786:
  TLE_ECI: r=[  282.17330271 -3126.53028231  7047.30094446], v=[7.12309772 0.92796273 0.12693636]
  RK45_ECI: r=[-6261.22292534  1100.40019121 -4461.81359308], v=[-4.11451359 -2.87064465  5.10108025]
Epoch 674, t=2460388.425118342:
  TLE_ECI: r=[  497.19727046 -3097.25053323  7048.35598439], v=[ 7.11252364  1.01209779 -0.05637356]
  RK45_ECI: r=[-6288.37821743  1078.73654336 -4428.56100893], v=[-4.07845889 -2.87861665  5.12570751]
Epoch 675, t=2460388.425193605:
  TLE_ECI: r=[  711.80525659 -3065.35669045  7043.9120845 ], v=[ 7.09633507  1.09543252 -0.23963845]
  RK45_ECI: r=[-6315.28800838  1057.00883809 -4395.14921177], v=[-4.04224861 -2.88645206  5.15015167]
Epoch 676, t=2460388.4252688685:
  TLE_ECI: r=[  925.82779998 -3030.87403857  7033.97272778], v=[ 7.07454534  1.17789724 -0.42271636]
  RK45_ECI: r=[-6341.9516382   1035.21778044 -4361.57892436], v=[-4.00588363 -2.89415053  5.1744122 ]
Epoch 677, t=2460388.425344132:
  TLE_ECI: r=[ 1139.0958895  -2993.83002886  7018.54565378], v=[ 7.04717209  1.25942289 -0.6054655 ]
  RK45_ECI: r=[-6368.36807033  1013.36439716 -4327.85134239], v=[-3.96936534 -2.90171161  5.19848818]
Epoch 678, t=2460388.4254193953:
  TLE_ECI: r=[ 1351.44113115 -2954.25425167  6997.64285279], v=[ 7.0142373   1.33994116 -0.7877443 ]
  RK45_ECI: r=[-6394.53604075   991.44987738 -4293.96798613], v=[-3.93269546 -2.90913483  5.22237852]
Epoch 679, t=2460388.4254946588:
  TLE_ECI: r=[ 1562.69586929 -2912.17841476  6971.28055702], v=[ 6.97576726  1.41938451 -0.96941154]
  RK45_ECI: r=[-6420.45477964   969.47505937 -4259.929747  ], v=[-3.89587509 -2.91641981  5.24608254]
Epoch 680, t=2460388.4255699217:
  TLE_ECI: r=[ 1772.69330806 -2867.63632381  6939.47922883], v=[ 6.93179252  1.49768624 -1.15032645]
  RK45_ECI: r=[-6446.12292617   947.44124779 -4225.73832044], v=[-3.85890611 -2.92356603  5.26959906]
Epoch 681, t=2460388.425645185:
  TLE_ECI: r=[ 1981.26767434 -2820.6638361   6902.26354563], v=[ 6.88234791  1.57478059 -1.3303488 ]
  RK45_ECI: r=[-6471.53985095   925.34915997 -4191.39444694], v=[-3.82178946 -2.93057319  5.29292753]
Epoch 682, t=2460388.4257204486:
  TLE_ECI: r=[ 2188.25429548 -2771.29886154  6859.66238204], v=[ 6.8274725   1.65060267 -1.50933902]
  RK45_ECI: r=[-6496.70456577   903.19983919 -4156.89935079], v=[-3.78452653 -2.93744085  5.31606709]
Epoch 683, t=2460388.425795712:
  TLE_ECI: r=[ 2393.48976109 -2719.58131431  6811.70878873], v=[ 6.76720957  1.72508862 -1.6871583 ]
  RK45_ECI: r=[-6521.6158663    880.99449282 -4122.25458771], v=[-3.74711912 -2.94416857  5.33901667]
Epoch 684, t=2460388.4258709755:
  TLE_ECI: r=[ 2596.81204144 -2665.55308619  6758.43996833], v=[ 6.70160658  1.79817562 -1.86366867]
  RK45_ECI: r=[-6546.27302      858.73397271 -4087.46107009], v=[-3.70956831 -2.950756    5.36177563]
Epoch 685, t=2460388.4259462385:
  TLE_ECI: r=[ 2798.06060582 -2609.25802189  6699.89724824], v=[ 6.63071516  1.86980194 -2.03873312]
  RK45_ECI: r=[-6570.67473225   836.41960264 -4052.52053176], v=[-3.67187608 -2.95720265  5.38434283]
Epoch 686, t=2460388.426021502:
  TLE_ECI: r=[ 2997.07657831 -2550.74185257  6636.12605035], v=[ 6.55459103  1.93990703 -2.2122157 ]
  RK45_ECI: r=[-6594.82040505   814.05211141 -4017.43373029], v=[-3.63404333 -2.96350823  5.40671774]
Epoch 687, t=2460388.4260967653:
  TLE_ECI: r=[ 3193.70281526 -2490.05220711  6567.17585792], v=[ 6.47329403  2.0084315  -2.38398163]
  RK45_ECI: r=[-6618.70909972   791.63255801 -3982.20191744], v=[-3.59607155 -2.96967235  5.42889953]
Epoch 688, t=2460388.4261720288:
  TLE_ECI: r=[ 3387.78405921 -2427.23854365  6493.10017921], v=[ 6.386888    2.07531721 -2.55389737]
  RK45_ECI: r=[-6642.33967297   769.1621666  -3946.82668311], v=[-3.55796253 -2.97569458  5.45088718]
Epoch 689, t=2460388.426247292:
  TLE_ECI: r=[ 3579.16705236 -2362.35211834  6413.95650822], v=[ 6.29544082  2.14050734 -2.72183075]
  RK45_ECI: r=[-6665.71143047   746.64180199 -3911.30895974], v=[-3.51971741 -2.9815746   5.47268008]
Epoch 690, t=2460388.426322555:
  TLE_ECI: r=[ 3767.70065007 -2295.44595562  6329.80628241], v=[ 6.19902428  2.20394635 -2.88765106]
  RK45_ECI: r=[-6688.82314533   724.07280568 -3875.65051819], v=[-3.48133819 -2.98731198  5.49427711]
Epoch 691, t=2460388.4263978186:
  TLE_ECI: r=[ 3953.23596666 -2226.57476283  6240.71483734], v=[ 6.09771411  2.2655802  -3.05122914]
  RK45_ECI: r=[-6711.67425168   701.45591725 -3839.8521324 ], v=[-3.44282582 -2.99290642  5.51567778]
Epoch 692, t=2460388.426473082:
  TLE_ECI: r=[ 4135.62645155 -2155.79495107  6146.75135858], v=[ 5.99158986  2.32535618 -3.21243751]
  RK45_ECI: r=[-6734.26386163   678.79220998 -3803.91508064], v=[-3.40418179 -2.99835758  5.53688128]
Epoch 693, t=2460388.4265483455:
  TLE_ECI: r=[ 4314.72803214 -2083.16454836  6047.98883038], v=[ 5.8807349   2.3832231  -3.37115042]
  RK45_ECI: r=[-6756.59089415   656.08292417 -3767.84098555], v=[-3.36540796 -3.00366507  5.55788664]
Epoch 694, t=2460388.4266236085:
  TLE_ECI: r=[ 4490.39921515 -2008.7431762   5944.50398162], v=[ 5.76523634  2.43913127 -3.52724398]
  RK45_ECI: r=[-6778.65459078   633.32904777 -3731.6309693 ], v=[-3.32650567 -3.00882856  5.57869316]
Epoch 695, t=2460388.426698872:
  TLE_ECI: r=[ 4662.50122207 -1932.59195077  5836.37722868], v=[ 5.64518495  2.49303264 -3.68059626]
  RK45_ECI: r=[-6800.4541038    610.53160369 -3695.28632742], v=[-3.2874764  -3.01384773  5.59930007]
Epoch 696, t=2460388.4267741353:
  TLE_ECI: r=[ 4830.89806357 -1854.7735105   5723.69261559], v=[ 5.52067513  2.5448807  -3.83108736]
  RK45_ECI: r=[-6821.98859024   587.69167648 -3658.8083605 ], v=[-3.24832168 -3.01872226  5.6197066 ]
Epoch 697, t=2460388.4268493988:
  TLE_ECI: r=[ 4995.45667173 -1775.35191522  5606.53775123], v=[ 5.39180483  2.59463061 -3.97859953]
  RK45_ECI: r=[-6843.2573173    564.81024126 -3622.19820198], v=[-3.20904286 -3.02345184  5.63991208]
Epoch 698, t=2460388.426924662:
  TLE_ECI: r=[ 5156.0470001  -1694.39260704  5485.00374365], v=[ 5.25867547  2.64223922 -4.12301726]
  RK45_ECI: r=[-6864.25926765   541.88855223 -3585.45750603], v=[-3.16964181 -3.02803613  5.65991555]
Epoch 699, t=2460388.426999925:
  TLE_ECI: r=[ 5312.54212289 -1611.96237309  5359.18513171], v=[ 5.1213919   2.68766511 -4.26422736]
  RK45_ECI: r=[-6884.99372905   518.92760962 -3548.58741658], v=[-3.13011991 -3.03247482  5.67971637]
Epoch 700, t=2460388.4270751886:
  TLE_ECI: r=[ 5464.81835586 -1528.12922977  5229.17981382], v=[ 4.98006225  2.73086867 -4.40211905]
  RK45_ECI: r=[-6905.45990533   495.92844769 -3511.58925393], v=[-3.09047868 -3.03676765  5.69931377]
Epoch 701, t=2460388.427150452:
  TLE_ECI: r=[ 5612.75532654 -1442.96245949  5095.08897408], v=[ 4.83479796  2.77181204 -4.53658407]
  RK45_ECI: r=[-6925.65700607   472.89216338 -3474.46434324], v=[-3.05071966 -3.04091432  5.71870704]
Epoch 702, t=2460388.4272257155:
  TLE_ECI: r=[ 5756.23609087 -1356.53249332  4957.01700561], v=[ 4.68571361  2.81045924 -4.66751676]
  RK45_ECI: r=[-6945.58434498   449.81974268 -3437.21383931], v=[-3.01084424 -3.04491455  5.73789552]
Epoch 703, t=2460388.427300979:
  TLE_ECI: r=[ 5895.14722256 -1268.91086904  4815.07143135], v=[ 4.53292688  2.84677613 -4.79481413]
  RK45_ECI: r=[-6965.24096943   426.71245266 -3399.83942646], v=[-2.97085431 -3.04876804  5.75687831]
Epoch 704, t=2460388.427376242:
  TLE_ECI: r=[ 6029.37890147 -1180.17018994  4669.36282212], v=[ 4.37655844  2.88073051 -4.918376  ]
  RK45_ECI: r=[-6984.62621437   403.57130435 -3362.34226955], v=[-2.93075127 -3.05247453  5.77565476]
Epoch 705, t=2460388.4274515053:
  TLE_ECI: r=[ 6158.82501686 -1090.38399514  4520.00471223], v=[ 4.21673186  2.91229214 -5.03810499]
  RK45_ECI: r=[-7003.73933593   380.39734216 -3324.72371263], v=[-2.89053667 -3.05603379  5.79422418]
Epoch 706, t=2460388.4275267688:
  TLE_ECI: r=[6283.38323212 -999.626804   4367.11351259], v=[ 4.05357356  2.94143271 -5.1539067 ]
  RK45_ECI: r=[-7022.57968424   357.19158061 -3286.98492696], v=[-2.85021191 -3.05944555  5.81258594]
Epoch 707, t=2460388.427602032:
  TLE_ECI: r=[6402.95508281 -907.97398541 4210.80842129], v=[ 3.88721263  2.96812592 -5.26568974]
  RK45_ECI: r=[-7041.14635922   333.95529585 -3249.12762003], v=[-2.80977891 -3.06270955  5.83073916]
Epoch 708, t=2460388.4276772956:
  TLE_ECI: r=[6517.44605349 -815.50171235 4051.21133187], v=[ 3.71778083  2.99234751 -5.3733658 ]
  RK45_ECI: r=[-7059.43873497   310.6894858  -3211.15297275], v=[-2.76923908 -3.06582556  5.84868324]
Epoch 709, t=2460388.4277525586:
  TLE_ECI: r=[6626.76565301 -722.28691869 3888.44673925], v=[ 3.5454124   3.01407525 -5.47684978]
  RK45_ECI: r=[-7077.45610734   287.3952644  -3173.06234743], v=[-2.72859399 -3.06879336  5.8664175 ]
Epoch 710, t=2460388.427827822:
  TLE_ECI: r=[6730.82749756 -628.40715777 3722.64164333], v=[ 3.37024401  3.03328902 -5.57605979]
  RK45_ECI: r=[-7095.19778555   264.07368524 -3134.85711074], v=[-2.68784524 -3.07161272  5.88394124]
Epoch 711, t=2460388.4279030855:
  TLE_ECI: r=[6829.54936827 -533.94065341 3553.92545055], v=[ 3.19241463  3.04997078 -5.67091728]
  RK45_ECI: r=[-7112.66316783   240.7257719  -3096.53845372], v=[-2.64699422 -3.07428343  5.90125388]
Epoch 712, t=2460388.427978349:
  TLE_ECI: r=[6922.85328833 -438.96615801 3382.42987315], v=[ 3.01206543  3.06410459 -5.76134708]
  RK45_ECI: r=[-7129.85142055   217.35281037 -3058.10811147], v=[-2.6060429  -3.07680527  5.9183546 ]
Epoch 713, t=2460388.428053612:
  TLE_ECI: r=[7010.66558402 -343.56292636 3208.28882656], v=[ 2.82933968  3.07567666 -5.8472775 ]
  RK45_ECI: r=[-7146.761887     193.95592189 -3019.56746536], v=[-2.56499289 -3.07917804  5.93524272]
Epoch 714, t=2460388.4281288753:
  TLE_ECI: r=[7092.91695005 -247.81056732 3031.63832466], v=[ 2.64438258  3.08467537 -5.92864033]
  RK45_ECI: r=[-7163.39415422   170.53588441 -2980.917356  ], v=[-2.5238452  -3.08140157  5.95191785]
Epoch 715, t=2460388.4282041388:
  TLE_ECI: r=[7169.54250022 -151.78909947 2852.6163733 ], v=[ 2.45734122  3.09109125 -6.00537097]
  RK45_ECI: r=[-7179.74734872   147.09410392 -2942.15971503], v=[-2.48260202 -3.08347565  5.96837909]
Epoch 716, t=2460388.428279402:
  TLE_ECI: r=[7240.48182622  -55.57880241 2671.36286197], v=[ 2.2683644   3.09491699 -6.07740847]
  RK45_ECI: r=[-7195.82099615   123.63149698 -2903.29557109], v=[-2.44126457 -3.08540012  5.98462598]
Epoch 717, t=2460388.4283546656:
  TLE_ECI: r=[7305.67904663   40.73983061 2488.0194537 ], v=[ 2.07760255  3.0961475  -6.14469554]
  RK45_ECI: r=[-7211.61433019   100.14935798 -2864.32668548], v=[-2.39983484 -3.08717479  6.00065771]
Epoch 718, t=2460388.4284299286:
  TLE_ECI: r=[7365.08285397  137.08613902 2302.72947348], v=[ 1.88520759  3.09477987 -6.20717866]
  RK45_ECI: r=[-7227.12674927    76.64881579 -2825.25446025], v=[-2.35831446 -3.0887995   6.01647369]
Epoch 719, t=2460388.428505192:
  TLE_ECI: r=[7418.64655618  233.37944948 2115.63779504], v=[ 1.69133278  3.09081341 -6.26480811]
  RK45_ECI: r=[-7242.35787578    53.13065412 -2786.07974918], v=[-2.31670445 -3.09027411  6.0320735 ]
Epoch 720, t=2460388.4285804555:
  TLE_ECI: r=[7466.32811726  329.53901524 1926.89072625], v=[ 1.49613263  3.08424962 -6.317538  ]
  RK45_ECI: r=[-7257.30691047    29.59628682 -2746.80451165], v=[-2.275007   -3.09159845  6.04745633]
Epoch 721, t=2460388.428655719:
  TLE_ECI: r=[7508.0901917   425.4841699  1736.63589322], v=[ 1.29976277  3.07509222 -6.36532634]
  RK45_ECI: r=[-7.27197342e+03  6.04663690e+00 -2.70742979e+03], v=[-2.23322338 -3.0927724   6.06262172]
Epoch 722, t=2460388.4287309824:
  TLE_ECI: r=[7543.90015586  521.13437546 1545.02212313], v=[ 1.10237981  3.06334714 -6.40813504]
  RK45_ECI: r=[-7286.35671041   -17.51699458 -2667.95737467], v=[-2.19135556 -3.0937958   6.07756896]
Epoch 723, t=2460388.4288062453:
  TLE_ECI: r=[7573.7301371   616.40926812 1352.19932599], v=[ 0.90414119  3.04902251 -6.44593   ]
  RK45_ECI: r=[-7300.45623138   -41.09347253 -2628.38868263], v=[-2.1494052  -3.09466853  6.09229743]
Epoch 724, t=2460388.4288815088:
  TLE_ECI: r=[7597.55703024  711.2288154  1158.31837537], v=[ 0.70520506  3.03212867 -6.47868109]
  RK45_ECI: r=[-7314.27164234   -64.68200828 -2588.7245815 ], v=[-2.10737333 -3.09539047  6.10680681]
Epoch 725, t=2460388.428956772:
  TLE_ECI: r=[7615.36252687  805.51325164  963.53098822], v=[ 0.50573019  3.01267817 -6.50636221]
  RK45_ECI: r=[-7327.80221906   -88.28118141 -2548.96705663], v=[-2.06526218 -3.09596151  6.12109629]
Epoch 726, t=2460388.4290320356:
  TLE_ECI: r=[7627.13312428  899.18323455  767.98960391], v=[ 0.30587577  2.99068573 -6.52895129]
  RK45_ECI: r=[-7341.04757249  -111.89006416 -2509.1171661 ], v=[-2.02307298 -3.09638153  6.13516547]
Epoch 727, t=2460388.4291072986:
  TLE_ECI: r=[7632.86014116  992.15986853  571.84726263], v=[ 0.10580132  2.96616824 -6.54643033]
  RK45_ECI: r=[-7354.00701263  -135.50723383 -2469.17690637], v=[-1.98080796 -3.09665044  6.14901361]
Epoch 728, t=2460388.429182562:
  TLE_ECI: r=[7632.53971336 1084.36486157  375.25748314], v=[-0.09433348  2.93914479 -6.55878544]
  RK45_ECI: r=[-7366.68022996  -159.13189847 -2429.14715412], v=[-1.93846818 -3.09676814  6.16264035]
Epoch 729, t=2460388.4292578255:
  TLE_ECI: r=[7626.17281368 1175.72045804  178.37414016], v=[-0.29436889  2.90963659 -6.56600677]
  RK45_ECI: r=[-7379.06673814  -182.76291719 -2389.02934986], v=[-1.89605528 -3.09673452  6.17604518]
Epoch 730, t=2460388.429333089:
  TLE_ECI: r=[7613.76523999 1266.14959466  -18.64865863], v=[-0.49414527  2.87766699 -6.56808863]
  RK45_ECI: r=[-7391.16594862  -206.39898082 -2348.8253154 ], v=[-1.85357129 -3.09654953  6.18922743]
Epoch 731, t=2460388.4294083524:
  TLE_ECI: r=[7595.32761278 1355.57594414 -215.65669578], v=[-0.6935032   2.84326144 -6.56502939]
  RK45_ECI: r=[-7402.9775155   -230.03915746 -2308.53612192], v=[-1.81101749 -3.09621306  6.20218673]
Epoch 732, t=2460388.4294836153:
  TLE_ECI: r=[7570.87537019 1443.92395823 -412.49576736], v=[-0.89228361  2.80644752 -6.55683157]
  RK45_ECI: r=[-7414.50082471  -253.68202025 -2268.16378915], v=[-1.76839611 -3.09572507  6.21492238]
Epoch 733, t=2460388.4295588788:
  TLE_ECI: r=[7540.42873803 1531.11902153 -609.01180623], v=[-1.09032797  2.76725483 -6.54350178]
  RK45_ECI: r=[-7425.73560288  -277.32677393 -2227.70920436], v=[-1.72570821 -3.09508547  6.22743409]
Epoch 734, t=2460388.429634142:
  TLE_ECI: r=[7504.01273707 1617.08738168 -805.05100524], v=[-1.28747833  2.72571504 -6.52505072]
  RK45_ECI: r=[-7436.68142036  -300.97227387 -2187.17382471], v=[-1.68295545 -3.09429421  6.23972134]
Epoch 735, t=2460388.4297094056:
  TLE_ECI: r=[ 7461.65714552  1701.7563015  -1000.45994006], v=[-1.48357754  2.68186184 -6.5014932 ]
  RK45_ECI: r=[-7447.33775804  -324.61720763 -2146.5594921 ], v=[-1.6401399  -3.09335124  6.25178357]
Epoch 736, t=2460388.429784669:
  TLE_ECI: r=[ 7413.3964775   1785.05409916 -1195.08569173], v=[-1.67846933  2.63573087 -6.4728481 ]
  RK45_ECI: r=[-7457.70431363  -348.26064006 -2105.86728983], v=[-1.59726283 -3.0922565   6.2636204 ]
Epoch 737, t=2460388.429859932:
  TLE_ECI: r=[ 7359.26995909  1866.91018792 -1388.77596876], v=[-1.87199846  2.58735977 -6.43913837]
  RK45_ECI: r=[-7467.78054959  -371.90114188 -2065.09925885], v=[-1.5543265  -3.09100997  6.27523122]
Epoch 738, t=2460388.4299351955:
  TLE_ECI: r=[ 7299.32147335  1947.25522272 -1581.37922846], v=[-2.06401086  2.53678805 -6.40039097]
  RK45_ECI: r=[-7477.56622916  -395.53791497 -2024.25629622], v=[-1.51133198 -3.0896116   6.28661573]
Epoch 739, t=2460388.430010459:
  TLE_ECI: r=[ 7233.59955508  2026.02102958 -1772.74479781], v=[-2.25435376  2.48405715 -6.3566369 ]
  RK45_ECI: r=[-7487.06097987  -419.16981213 -1983.33987426], v=[-1.46828096 -3.08806136  6.2977735 ]
Epoch 740, t=2460388.4300857224:
  TLE_ECI: r=[ 7162.15732845  2103.14075061 -1962.72299331], v=[-2.44287577  2.42921033 -6.30791113]
  RK45_ECI: r=[-7496.26435277  -442.79551921 -1942.35185327], v=[-1.42517551 -3.08635924  6.30870397]
Epoch 741, t=2460388.430160986:
  TLE_ECI: r=[ 7085.05246718  2178.5488793  -2151.16523995], v=[-2.62942708  2.37229266 -6.25425257]
  RK45_ECI: r=[-7505.17608954  -466.41409883 -1901.29332757], v=[-1.38201692 -3.08450521  6.31940684]
Epoch 742, t=2460388.4302362488:
  TLE_ECI: r=[ 7002.34715246  2252.18129551 -2337.92418926], v=[-2.81385952  2.313351   -6.19570407]
  RK45_ECI: r=[-7513.79573003  -490.02412028 -1860.1663575 ], v=[-1.33880748 -3.08249929  6.32988153]
Epoch 743, t=2460388.430311512:
  TLE_ECI: r=[ 6914.107994    2323.97540298 -2522.85383593], v=[-2.99602673  2.2524339  -6.13231233]
  RK45_ECI: r=[-7522.12307437  -513.62478383 -1818.97184898], v=[-1.29554827 -3.08034145  6.34012778]
Epoch 744, t=2460388.4303867756:
  TLE_ECI: r=[ 6820.40601303  2393.87005799 -2705.80963357], v=[-3.17578425  2.18959162 -6.06412789]
  RK45_ECI: r=[-7530.15780797  -537.21494076 -1777.71128817], v=[-1.252241   -3.07803169  6.35014517]
Epoch 745, t=2460388.430462039:
  TLE_ECI: r=[ 6721.31655662  2461.80570437 -2886.64860875], v=[-3.35298964  2.12487605 -5.99120506]
  RK45_ECI: r=[-7537.8995526   -560.79327654 -1736.38655208], v=[-1.20888775 -3.07557004  6.35993324]
Epoch 746, t=2460388.430537302:
  TLE_ECI: r=[ 6616.91924815  2527.72438397 -3065.22947385], v=[-3.52750262  2.05834067 -5.91360191]
  RK45_ECI: r=[-7545.34802508  -584.35864283 -1694.9991338 ], v=[-1.16549025 -3.07295653  6.36949159]
Epoch 747, t=2460388.4306125655:
  TLE_ECI: r=[ 6507.29789125  2591.56986305 -3241.41273814], v=[-3.69918516  1.9900405  -5.83138016]
  RK45_ECI: r=[-7552.5030515   -607.91023833 -1653.54994496], v=[-1.12204957 -3.07019114  6.37881998]
Epoch 748, t=2460388.430687829:
  TLE_ECI: r=[ 6392.54044323  2653.28756332 -3415.0608175 ], v=[-3.86790159  1.92003205 -5.74460516]
  RK45_ECI: r=[-7559.36426114  -631.4466334  -1612.04106582], v=[-1.07856804 -3.06727395  6.38791791]
Epoch 749, t=2460388.4307630924:
  TLE_ECI: r=[ 6272.7389129   2712.82468548 -3586.0381421 ], v=[-4.03351873  1.84837329 -5.65334585]
  RK45_ECI: r=[-7565.93146718  -654.96688872 -1570.47360635], v=[-1.03504695 -3.06420496  6.39678509]
Epoch 750, t=2460388.430838356:
  TLE_ECI: r=[ 6147.98929087  2770.13023474 -3754.2112625 ], v=[-4.19590595  1.77512356 -5.55767464]
  RK45_ECI: r=[-7572.20436278  -678.46969095 -1528.84945857], v=[-0.99148844 -3.06098426  6.40542108]
Epoch 751, t=2460388.4309136188:
  TLE_ECI: r=[ 6018.39147816  2825.1550456  -3919.44895373], v=[-4.35493533  1.70034358 -5.4576674 ]
  RK45_ECI: r=[-7578.18275228  -701.95398541 -1487.16993171], v=[-0.94789402 -3.05761188  6.41382559]
Epoch 752, t=2460388.430988882:
  TLE_ECI: r=[ 5884.04917018  2877.85189446 -4081.62231732], v=[-4.51048173  1.6240953  -5.35340335]
  RK45_ECI: r=[-7583.86641267  -725.41869091 -1445.43653215], v=[-0.90426539 -3.05408789  6.42199828]
Epoch 753, t=2460388.4310641456:
  TLE_ECI: r=[ 5745.06982044  2928.17543148 -4240.60488153], v=[-4.66242289  1.54644194 -5.24496503]
  RK45_ECI: r=[-7589.25513872  -748.86265962 -1403.65076847], v=[-0.86060427 -3.05041235  6.4299388 ]
Epoch 754, t=2460388.431139409:
  TLE_ECI: r=[ 5601.56451886  2976.0822909  -4396.2726991 ], v=[-4.8106395   1.46744787 -5.1324382 ]
  RK45_ECI: r=[-7594.34875983  -772.28485963 -1361.8139549 ], v=[-0.81691221 -3.04658533  6.43764688]
Epoch 755, t=2460388.4312146725:
  TLE_ECI: r=[ 5453.64790864  3021.53110872 -4548.50444305], v=[-4.95501533  1.38717862 -5.01591176]
  RK45_ECI: r=[-7599.14704105  -795.68398026 -1319.92799694], v=[-0.7731913  -3.04260695  6.44512212]
Epoch 756, t=2460388.4312899355:
  TLE_ECI: r=[ 5301.4381011   3064.48254158 -4697.18150011], v=[-5.0954373   1.30570076 -4.8954777 ]
  RK45_ECI: r=[-7603.64983904  -819.05896806 -1277.99421317], v=[-0.72944311 -3.03847728  6.45236425]
Epoch 757, t=2460388.431365199:
  TLE_ECI: r=[ 5145.05654292  3104.89936253 -4842.18806171], v=[-5.23179558  1.22308184 -4.771231  ]
  RK45_ECI: r=[-7607.85698882  -842.40874419 -1236.0141204 ], v=[-0.68566932 -3.03419643  6.45937297]
Epoch 758, t=2460388.4314404624:
  TLE_ECI: r=[ 4984.62797068  3142.74639669 -4983.4112128 ], v=[-5.36398361  1.1393904  -4.64326958]
  RK45_ECI: r=[-7611.76834422  -865.73216338 -1193.98923735], v=[-0.64187168 -3.0297645   6.466148  ]
Epoch 759, t=2460388.431515726:
  TLE_ECI: r=[ 4820.28027352  3177.99061422 -5120.74101802], v=[-5.49189827  1.05469584 -4.51169414]
  RK45_ECI: r=[-7615.38378683  -889.02819565 -1151.92088711], v=[-0.59805173 -3.02518158  6.47268906]
Epoch 760, t=2460388.431590989:
  TLE_ECI: r=[ 4652.14439812  3210.60114153 -5254.0706054 ], v=[-5.61543987  0.96906843 -4.37660818]
  RK45_ECI: r=[-7618.70315389  -912.29553468 -1109.81098698], v=[-0.55421159 -3.02044786  6.47899583]
Epoch 761, t=2460388.431666252:
  TLE_ECI: r=[ 4480.35425212  3240.54927354 -5383.29624754], v=[-5.7345123   0.88257918 -4.23811784]
  RK45_ECI: r=[-7621.72635466  -935.53312973 -1067.66086385], v=[-0.51035281 -3.01556343  6.48506806]
Epoch 762, t=2460388.4317415156:
  TLE_ECI: r=[ 4305.04655779  3267.80855065 -5508.31744006], v=[-5.84902301  0.79529978 -4.09633182]
  RK45_ECI: r=[-7624.45328237  -958.73990571 -1025.47204366], v=[-0.4664771  -3.01052844  6.4909055 ]
Epoch 763, t=2460388.431816779:
  TLE_ECI: r=[ 4126.36079885  3292.35469967 -5629.03697763], v=[-5.95888315  0.70730265 -3.95136134]
  RK45_ECI: r=[-7626.88386317  -981.91481277  -983.24585576], v=[-0.42258601 -3.00534301  6.49650791]
Epoch 764, t=2460388.4318920425:
  TLE_ECI: r=[ 3944.43907033  3314.16570822 -5745.36102704], v=[-6.06400761  0.61866074 -3.80331998]
  RK45_ECI: r=[-7629.01799221 -1005.05654929  -940.98422575], v=[-0.37868167 -3.00000735  6.501875  ]
Epoch 765, t=2460388.4319673055:
  TLE_ECI: r=[ 3759.42598397  3333.2218179  -5857.19919769], v=[-6.16431504  0.52944757 -3.65232364]
  RK45_ECI: r=[-7630.8556107  -1028.1639762   -898.68868491], v=[-0.33476582 -2.99452163  6.50700653]
Epoch 766, t=2460388.432042569:
  TLE_ECI: r=[ 3571.4685134   3349.50558548 -5964.46460918], v=[-6.25972797  0.43973709 -3.49849042]
  RK45_ECI: r=[-7632.39668924 -1051.23629657  -856.36016983], v=[-0.29083959 -2.98888593  6.51190235]
Epoch 767, t=2460388.4321178324:
  TLE_ECI: r=[ 3380.7159356   3363.00182882 -6067.07395631], v=[-6.3501728   0.34960368 -3.34194054]
  RK45_ECI: r=[-7633.64115796 -1074.27209872  -814.00081002], v=[-0.24690532 -2.98310052  6.51656217]
Epoch 768, t=2460388.432193096:
  TLE_ECI: r=[ 3187.31967289  3373.6976857  -6164.94757103], v=[-6.4355799   0.25912209 -3.18279625]
  RK45_ECI: r=[-7634.58900283 -1097.27045133  -771.61174309], v=[-0.20296434 -2.97716552  6.52098581]
Epoch 769, t=2460388.432268359:
  TLE_ECI: r=[ 2991.4331827   3381.58261244 -6258.00948162], v=[-6.5158836   0.16836734 -3.02118171]
  RK45_ECI: r=[-7635.24019155 -1120.23005999  -729.19490344], v=[-0.1590188  -2.9710812   6.52517303]
Epoch 770, t=2460388.432343622:
  TLE_ECI: r=[ 2793.211846    3386.64838443 -6346.18746897], v=[-6.59102231  0.07741468 -2.85722291]
  RK45_ECI: r=[-7635.59472475 -1143.14979152  -686.7518293 ], v=[-0.11507043 -2.96484776  6.52912364]
Epoch 771, t=2460388.4324188856:
  TLE_ECI: r=[ 2592.81280462  3388.8891367  -6429.41311993], v=[-6.66093847 -0.01366049 -2.69104757]
  RK45_ECI: r=[-7635.65261133 -1166.02885242  -644.28346198], v=[-0.07112036 -2.95846531  6.53283751]
Epoch 772, t=2460388.432494149:
  TLE_ECI: r=[ 2390.39489718  3388.30131747 -6507.62187779], v=[-6.72557866 -0.10478263 -2.52278505]
  RK45_ECI: r=[-7635.41386092 -1188.8658403   -601.79193952], v=[-0.02717093 -2.95193417  6.53631439]
Epoch 773, t=2460388.4325694125:
  TLE_ECI: r=[ 2186.11849433  3384.88372616 -6580.75308977], v=[-6.78489358 -0.19587616 -2.35256623]
  RK45_ECI: r=[-7634.87850516 -1211.65982862  -559.27840446], v=[ 0.01677653 -2.9452545   6.53955417]
Epoch 774, t=2460388.432644676:
  TLE_ECI: r=[ 1980.14538292  3378.63750567 -6648.7500515 ], v=[-6.83883813 -0.28686553 -2.18052344]
  RK45_ECI: r=[-7634.0465842  -1234.40953187  -516.74479832], v=[ 0.06071989 -2.93842661  6.54255664]
Epoch 775, t=2460388.432719939:
  TLE_ECI: r=[ 1772.63864907  3369.56613661 -6711.56004862], v=[-6.88737138 -0.37767522 -2.00679034]
  RK45_ECI: r=[-7632.91815797 -1257.11382435  -474.19266482], v=[ 0.1046574  -2.93145072  6.54532167]
Epoch 776, t=2460388.4327952024:
  TLE_ECI: r=[ 1563.76251114  3357.67545644 -6769.1343952 ], v=[-6.93045665 -0.46822991 -1.83150182]
  RK45_ECI: r=[-7631.49327363 -1279.77191692  -431.62294919], v=[ 0.14858796 -2.92432699  6.54784913]
Epoch 777, t=2460388.432870466:
  TLE_ECI: r=[ 1353.68225094  3342.9736219  -6821.42846945], v=[-6.96806149 -0.55845441 -1.65479391]
  RK45_ECI: r=[-7629.77202019 -1302.38241815  -389.03779595], v=[ 0.19250921 -2.91705578  6.55013887]
Epoch 778, t=2460388.4329457292:
  TLE_ECI: r=[ 1142.56404534  3325.47112567 -6868.40174616], v=[-7.00015773 -0.6482738  -1.47680367]
  RK45_ECI: r=[-7627.75447483 -1324.9444074   -346.43835157], v=[ 0.23641983 -2.90963728  6.55219077]
Epoch 779, t=2460388.4330209927:
  TLE_ECI: r=[  930.57484685  3305.18078263 -6910.01782617], v=[-7.02672146 -0.73761345 -1.29766909]
  RK45_ECI: r=[-7625.44074995 -1347.45660971  -303.82656282], v=[ 0.2803177  -2.90207183  6.55400472]
Epoch 780, t=2460388.4330962556:
  TLE_ECI: r=[  717.88226356  3282.11771792 -6946.2444629 ], v=[-7.04773309 -0.8263991  -1.11752899]
  RK45_ECI: r=[-7622.83096472 -1369.91790809  -261.20397751], v=[ 0.32420107 -2.89435971  6.5555806 ]
Epoch 781, t=2460388.433171519:
  TLE_ECI: r=[  504.65439053  3256.29936467 -6977.05358567], v=[-7.0631773  -0.91455697 -0.93652294]
  RK45_ECI: r=[-7619.9252043  -1392.32751881  -218.57154375], v=[ 0.36806885 -2.88650109  6.55691834]
Epoch 782, t=2460388.4332467825:
  TLE_ECI: r=[  291.05973739  3227.74543586 -7002.42132019], v=[-7.07304312 -1.00201367 -0.75479112]
  RK45_ECI: r=[-7616.72363693 -1414.68406296  -175.93141059], v=[ 0.41191869 -2.87849638  6.55801784]
Epoch 783, t=2460388.433322046:
  TLE_ECI: r=[   77.26705909  3196.47791972 -7022.32800585], v=[-7.07732386 -1.08869642 -0.57247424]
  RK45_ECI: r=[-7613.22638508 -1436.98662709  -133.28472722], v=[ 0.45574927 -2.87034579  6.55887902]
Epoch 784, t=2460388.433397309:
  TLE_ECI: r=[ -136.55475549  3162.5210604  -7036.75820998], v=[-7.07601717 -1.17453295 -0.38971343]
  RK45_ECI: r=[-7609.43365282 -1459.23383834   -90.63364397], v=[ 0.49955826 -2.86204974  6.55950182]
Epoch 785, t=2460388.4334725724:
  TLE_ECI: r=[ -350.23685168  3125.90133858 -7045.700739  ], v=[-7.06912501 -1.25945176 -0.20665016]
  RK45_ECI: r=[-7605.34555964 -1481.42491886   -47.97911064], v=[ 0.54334456 -2.85360843  6.55988618]
Epoch 786, t=2460388.433547836:
  TLE_ECI: r=[ -563.61048333  3086.64745135 -7049.1486467 ], v=[-7.05665366 -1.34338197 -0.0234261 ]
  RK45_ECI: r=[-7.60096229e+03 -1.50355876e+03 -5.32267778e+00], v=[ 0.58710643 -2.84502217  6.56003205]
Epoch 787, t=2460388.4336230992:
  TLE_ECI: r=[ -776.50718073  3044.79029058 -7047.09923924], v=[-7.0386137  -1.42625346  0.15981695]
  RK45_ECI: r=[-7596.28406315 -1525.6341132     37.33370333], v=[ 0.63084177 -2.83629136  6.55993941]
Epoch 788, t=2460388.4336983627:
  TLE_ECI: r=[ -988.75887126  3000.36291884 -7039.55407718], v=[-7.01502    -1.50799695  0.34293717]
  RK45_ECI: r=[-7591.31105518 -1547.65006621    79.98888199], v=[ 0.67454923 -2.82741625  6.5596082 ]
Epoch 789, t=2460388.4337736256:
  TLE_ECI: r=[-1200.19800081  2953.40054739 -7026.5189745 ], v=[-6.98589175 -1.58854402  0.52579284]
  RK45_ECI: r=[-7586.04354614 -1569.60526355   122.64070642], v=[ 0.71822652 -2.8183973   6.55903844]
Epoch 790, t=2460388.433848889:
  TLE_ECI: r=[-1410.65769777  2903.94049572 -7008.00399437], v=[-6.95125239 -1.6678272   0.70824241]
  RK45_ECI: r=[-7580.48169334 -1591.49893407   165.28822586], v=[ 0.76187252 -2.80923472  6.55823009]
Epoch 791, t=2460388.4339241525:
  TLE_ECI: r=[-1619.97184981  2852.02218167 -6984.02344214], v=[-6.91112962 -1.74577998  0.89014463]
  RK45_ECI: r=[-7574.6257372  -1613.32998262   207.92988888], v=[ 0.8054855  -2.79992887  6.55718317]
Epoch 792, t=2460388.433999416:
  TLE_ECI: r=[-1827.97526727  2797.68707895 -6954.59585498], v=[-6.86555538 -1.82233685  1.07135865]
  RK45_ECI: r=[-7568.4759771  -1635.09716829   250.56374395], v=[ 0.84906335 -2.79048016  6.55589768]
Epoch 793, t=2460388.4340746794:
  TLE_ECI: r=[-2034.50380227  2740.97868782 -6919.74398865], v=[-6.81456583 -1.89743342  1.25174409]
  RK45_ECI: r=[-7562.03262576 -1656.79959443   293.18864003], v=[ 0.89260476 -2.78088889  6.55437364]
Epoch 794, t=2460388.4341499424:
  TLE_ECI: r=[-2239.39446788  2681.94250792 -6879.49480114], v=[-6.75820133 -1.9710064   1.4311612 ]
  RK45_ECI: r=[-7555.29604469 -1678.43591947   335.80242603], v=[ 0.93610741 -2.77115554  6.55261111]
Epoch 795, t=2460388.434225206:
  TLE_ECI: r=[-2442.48559612  2620.62597742 -6833.87943321], v=[-6.69650639 -2.04299374  1.60947089]
  RK45_ECI: r=[-7548.26642893 -1700.00538009   378.40415119], v=[ 0.97957018 -2.76128036  6.55061009]
Epoch 796, t=2460388.4343004692:
  TLE_ECI: r=[-2643.61691564  2557.07847347 -6782.93318601], v=[-6.62952967 -2.11333457  1.7865349 ]
  RK45_ECI: r=[-7540.94407753 -1721.5068934    420.99226481], v=[ 1.02299136 -2.75126371  6.54837063]
Epoch 797, t=2460388.4343757327:
  TLE_ECI: r=[-2842.62970838  2491.35124931 -6726.69549554], v=[-6.55732392 -2.18196931  1.96221585]
  RK45_ECI: r=[-7533.3293614  -1742.93923439   463.56481695], v=[ 1.06636885 -2.74110607  6.5458928 ]
Epoch 798, t=2460388.4344509956:
  TLE_ECI: r=[-3039.36691752  2423.4974094  -6665.2099041 ], v=[-6.47994597 -2.24883972  2.13637738]
  RK45_ECI: r=[-7525.42261118 -1764.30132716   506.12025806], v=[ 1.10970091 -2.73080784  6.54317669]
Epoch 799, t=2460388.434526259:
  TLE_ECI: r=[-3233.67329882  2353.57183269 -6598.52402867], v=[-6.39745667 -2.31388897  2.30888422]
  RK45_ECI: r=[-7517.22404815 -1785.59241418   548.65763782], v=[ 1.15298644 -2.72036927  6.54022231]
Epoch 800, t=2460388.4346015225:
  TLE_ECI: r=[-3425.39549842  2281.63118109 -6526.68952642], v=[-6.30992087 -2.37706161  2.4796023 ]
  RK45_ECI: r=[-7508.73412366 -1806.8111746    591.1748084 ], v=[ 1.19622314 -2.7097909   6.5370298 ]
Epoch 801, t=2460388.434676786:
  TLE_ECI: r=[-3614.38220166  2207.7338215  -6449.76205697], v=[-6.21740737 -2.4383037   2.64839887]
  RK45_ECI: r=[-7499.95312242 -1827.95672795   633.67062061], v=[ 1.23940968 -2.69907305  6.53359921]
Epoch 802, t=2460388.4347520494:
  TLE_ECI: r=[-3800.48424418  2131.9397882  -6367.80124186], v=[-6.11998884 -2.4975628   2.81514258]
  RK45_ECI: r=[-7490.88148681 -1849.02786554   676.14312794], v=[ 1.28254396 -2.68821622  6.52993069]
Epoch 803, t=2460388.4348273124:
  TLE_ECI: r=[-3983.55472328  2054.31074674 -6280.87062087], v=[-6.01774184 -2.55478801  2.97970357]
  RK45_ECI: r=[-7481.51960582 -1870.02352632   718.59078379], v=[ 1.32562427 -2.67722085  6.52602433]
Epoch 804, t=2460388.434902576:
  TLE_ECI: r=[-4163.44913738  1974.90989973 -6189.03760543], v=[-5.9107467  -2.60993012  3.1419536 ]
  RK45_ECI: r=[-7471.86773838 -1890.94296177   761.01263941], v=[ 1.36864949 -2.66608721  6.52188021]
Epoch 805, t=2460388.4349778392:
  TLE_ECI: r=[-4340.02546327  1893.80200469 -6092.37342913], v=[-5.79908751 -2.6629415   3.30176611]
  RK45_ECI: r=[-7461.92641411 -1911.78487036   803.40655193], v=[ 1.41161733 -2.65481589  6.5174985 ]
Epoch 806, t=2460388.4350531027:
  TLE_ECI: r=[-4513.14429295  1811.05327781 -5990.95309514], v=[-5.68285203 -2.71377624  3.45901636]
  RK45_ECI: r=[-7451.69596256 -1932.54838306   845.77137469], v=[ 1.45452647 -2.64340724  6.5128793 ]
Epoch 807, t=2460388.435128366:
  TLE_ECI: r=[-4682.66893782  1726.73135235 -5884.85532083], v=[-5.56213166 -2.76239015  3.61358149]
  RK45_ECI: r=[-7441.17689717 -1953.23230988   888.10516635], v=[ 1.49737482 -2.6318618   6.50802278]
Epoch 808, t=2460388.435203629:
  TLE_ECI: r=[-4848.46553224  1640.90523882 -5774.16247945], v=[-5.43702137 -2.80874082  3.76534066]
  RK45_ECI: r=[-7430.3696182  -1973.83568493   930.40658311], v=[ 1.54016086 -2.62017998  6.50292909]
Epoch 809, t=2460388.4352788925:
  TLE_ECI: r=[-5010.40315958  1553.6452136  -5658.96053883], v=[-5.30761958 -2.85278768  3.91417507]
  RK45_ECI: r=[-7419.27456323 -1994.35752989   972.67408323], v=[ 1.58288289 -2.60836225  6.49759838]
Epoch 810, t=2460388.435354156:
  TLE_ECI: r=[-5168.35392699  1465.02284614 -5539.33899746], v=[-5.17402818 -2.89449199  4.05996815]
  RK45_ECI: r=[-7407.89219862 -2014.79680427  1014.90612605], v=[ 1.62553923 -2.59640907  6.49203082]
Epoch 811, t=2460388.4354294194:
  TLE_ECI: r=[-5322.1930876   1375.11088622 -5415.3908175 ], v=[-5.03635241 -2.93381688  4.20260558]
  RK45_ECI: r=[-7396.22294564 -2035.15257154  1057.10137   ], v=[ 1.66812836 -2.58432088  6.48622654]
Epoch 812, t=2460388.435504683:
  TLE_ECI: r=[-5471.79913559  1283.98321876 -5287.21235512], v=[-4.89470076 -2.97072743  4.34197541]
  RK45_ECI: r=[-7384.26738845 -2055.42366178  1099.2578806 ], v=[ 1.71064821 -2.57209827  6.4801858 ]
Epoch 813, t=2460388.435579946:
  TLE_ECI: r=[-5617.05390018  1191.71482095 -5154.90328812], v=[-4.74918495 -3.00519065  4.47796817]
  RK45_ECI: r=[-7372.02597874 -2075.6091238   1141.37431886], v=[ 1.75309725 -2.55974169  6.47390876]
Epoch 814, t=2460388.4356552092:
  TLE_ECI: r=[-5757.84265531  1098.38163562 -5018.56654068], v=[-4.59991978 -3.03717558  4.61047691]
  RK45_ECI: r=[-7359.49921101 -2095.70799597  1183.44914884], v=[ 1.79547383 -2.54725162  6.46739561]
Epoch 815, t=2460388.4357304727:
  TLE_ECI: r=[-5894.0541904   1004.06060721 -4878.30820561], v=[-4.44702311 -3.06665325  4.73939733]
  RK45_ECI: r=[-7346.6875533  -2115.71933236  1225.48103318], v=[ 1.83777643 -2.53462852  6.46064653]
Epoch 816, t=2460388.435805736:
  TLE_ECI: r=[-6025.5809154    908.82955435 -4734.23746384], v=[-4.29061575 -3.09359674  4.86462788]
  RK45_ECI: r=[-7333.59164603 -2135.64197994  1267.46804413], v=[ 1.88000299 -2.52187303  6.45366181]
Epoch 817, t=2460388.435880999:
  TLE_ECI: r=[-6152.31894192   812.76714052 -4586.46650135], v=[-4.13082135 -3.11798119  4.98606979]
  RK45_ECI: r=[-7320.21204037 -2155.47492389  1309.40865064], v=[ 1.92215182 -2.50898566  6.44644166]
Epoch 818, t=2460388.4359562625:
  TLE_ECI: r=[-6274.16817781   715.95273747 -4435.11042359], v=[-3.96776631 -3.1397839   5.10362719]
  RK45_ECI: r=[-7306.54910007 -2175.21744638  1351.30191256], v=[ 1.96422184 -2.49596678  6.43898621]
Epoch 819, t=2460388.436031526:
  TLE_ECI: r=[-6391.03239371   618.46646731 -4280.28716737], v=[-3.80157972 -3.15898424  5.21720721]
  RK45_ECI: r=[-7292.6035711  -2194.86830922  1393.14571103], v=[ 2.00621077 -2.48281709  6.43129583]
Epoch 820, t=2460388.4361067894:
  TLE_ECI: r=[-6502.81931223   520.38906537 -4122.11741036], v=[-3.63239324 -3.17556376  5.32672   ]
  RK45_ECI: r=[-7278.37590737 -2214.42668118  1434.93891166], v=[ 2.04811734 -2.46953702  6.42337066]
Epoch 821, t=2460388.436182053:
  TLE_ECI: r=[-6609.44068109   421.80183112 -3960.7244782 ], v=[-3.46034097 -3.18950617  5.43207887]
  RK45_ECI: r=[-7263.86681897 -2233.89143182  1476.67959668], v=[ 2.0899395  -2.45612725  6.41521107]
Epoch 822, t=2460388.436257316:
  TLE_ECI: r=[-6710.81234485   322.78658048 -3796.23424928], v=[-3.28555939 -3.20079736  5.53320035]
  RK45_ECI: r=[-7249.07691406 -2253.2615657   1518.36624309], v=[ 2.13167558 -2.44258833  6.40681729]
Epoch 823, t=2460388.4363325792:
  TLE_ECI: r=[-6806.85431839   223.42549954 -3628.77505732], v=[-3.10818722 -3.20942547  5.63000422]
  RK45_ECI: r=[-7234.00659323 -2272.53637756  1559.99791539], v=[ 2.17332449 -2.42892065  6.39818951]
Epoch 824, t=2460388.4364078427:
  TLE_ECI: r=[-6897.49084658   123.80119312 -3458.47759179], v=[-2.92836535 -3.21538083  5.72241366]
  RK45_ECI: r=[-7218.6566784  -2291.71465497  1601.57250683], v=[ 2.21488402 -2.41512497  6.38932811]
Epoch 825, t=2460388.436483106:
  TLE_ECI: r=[-6982.65047179    23.99653823 -3285.47479614], v=[-2.74623667 -3.218656    5.81035523]
  RK45_ECI: r=[-7203.02766708 -2310.79558226  1643.08888934], v=[ 2.25635288 -2.40120174  6.38023331]
Epoch 826, t=2460388.4365583695:
  TLE_ECI: r=[-7062.26609198   -75.90536645 -3109.90176416], v=[-2.56194602 -3.21924581  5.893759  ]
  RK45_ECI: r=[-7187.12033823 -2329.77805337  1684.54515678], v=[ 2.29772904 -2.38715168  6.37090549]
Epoch 827, t=2460388.4366336325:
  TLE_ECI: r=[-7136.27501723  -175.82124853 -2931.89563428], v=[-2.37564002 -3.21714734  5.97255861]
  RK45_ECI: r=[-7170.93535629 -2348.66109323  1725.93979562], v=[ 2.33901088 -2.37297538  6.36134496]
Epoch 828, t=2460388.436708896:
  TLE_ECI: r=[-7204.61902026  -275.66781577 -2751.59548206], v=[-2.18746699 -3.21235994  6.04669128]
  RK45_ECI: r=[-7154.47315831 -2367.44401007  1767.27187582], v=[ 2.38019731 -2.35867324  6.35155191]
Epoch 829, t=2460388.4367841594:
  TLE_ECI: r=[-7267.24438735  -375.36170182 -2569.14221091], v=[-1.99757679 -3.20488524  6.11609792]
  RK45_ECI: r=[-7137.73464109 -2386.12561912  1808.53930474], v=[ 2.42128614 -2.34424608  6.3415268 ]
Epoch 830, t=2460388.436859423:
  TLE_ECI: r=[-7324.10196225  -474.81961889 -2384.67844115], v=[-1.80612076 -3.19472712  6.18072318]
  RK45_ECI: r=[-7120.72034513 -2404.7051214   1849.74096158], v=[ 2.46227612 -2.32969438  6.33126987]
Epoch 831, t=2460388.4369346863:
  TLE_ECI: r=[-7375.14718771  -573.95840768 -2198.34839746], v=[-1.6132515  -3.18189176  6.24051545]
  RK45_ECI: r=[-7103.43111749 -2423.18143605  1890.87495366], v=[ 2.50316525 -2.31501888  6.32078156]
Epoch 832, t=2460388.4370099492:
  TLE_ECI: r=[-7420.34014486  -672.69508648 -2010.29779484], v=[-1.41912287 -3.1663876   6.29542698]
  RK45_ECI: r=[-7085.86767803 -2441.55361007  1931.93977832], v=[ 2.54395189 -2.30022022  6.31006223]
Epoch 833, t=2460388.4370852127:
  TLE_ECI: r=[-7459.64557936  -770.94700795 -1820.67372325], v=[-1.22388971 -3.14822536  6.34541386]
  RK45_ECI: r=[-7068.0304995  -2459.8209664   1972.93451192], v=[ 2.58463503 -2.28529884  6.29911208]
Epoch 834, t=2460388.437160476:
  TLE_ECI: r=[-7493.03294211  -868.63179956 -1629.62453083], v=[-1.02770785 -3.12741801  6.39043612]
  RK45_ECI: r=[-7049.92055277 -2477.98234885  2013.85707784], v=[ 2.62521247 -2.27025556  6.28793165]
Epoch 835, t=2460388.4372357395:
  TLE_ECI: r=[-7520.47640803  -965.66752024 -1437.29970608], v=[-0.83073392 -3.10398081  6.43045771]
  RK45_ECI: r=[-7031.53842056 -2496.03697619  2054.70636371], v=[ 2.66568299 -2.25509091  6.27652121]
Epoch 836, t=2460388.4373110025:
  TLE_ECI: r=[-7541.95490277 -1061.97268649 -1243.84975886], v=[-0.63312519 -3.07793124  6.46544658]
  RK45_ECI: r=[-7012.88510685 -2513.98370572  2095.48030095], v=[ 2.70604443 -2.23980573  6.26488131]
Epoch 837, t=2460388.437386266:
  TLE_ECI: r=[-7557.4521084  -1157.46643031 -1049.42610049], v=[-0.43503949 -3.04928903  6.49537468]
  RK45_ECI: r=[-6993.96111626 -2531.82187408  2136.17797277], v=[ 2.74629576 -2.22440049  6.25301219]
Epoch 838, t=2460388.4374615294:
  TLE_ECI: r=[-7566.9564951  -1252.06843587  -854.18092294], v=[-0.23663505 -3.01807612  6.52021802]
  RK45_ECI: r=[-6974.76722654 -2549.55055282  2176.79788935], v=[ 2.7864354  -2.20887584  6.24091426]
Epoch 839, t=2460388.437536793:
  TLE_ECI: r=[-7570.46131934 -1345.69909639  -658.26707731], v=[-0.03807036 -2.98431667  6.53995664]
  RK45_ECI: r=[-6955.30439142 -2567.16870496  2217.33818332], v=[ 2.82646139 -2.19323259  6.22858805]
Epoch 840, t=2460388.4376120563:
  TLE_ECI: r=[-7567.9646325  -1438.27956029  -461.83795169], v=[ 0.16049594 -2.94803702  6.5545747 ]
  RK45_ECI: r=[-6935.57323513 -2584.67556789  2257.7977519 ], v=[ 2.86637251 -2.17747127  6.21603387]
Epoch 841, t=2460388.4376873192:
  TLE_ECI: r=[-7559.46928696 -1529.73177657  -265.04734843], v=[ 0.35890521 -2.90926566  6.56406042]
  RK45_ECI: r=[-6915.57483398 -2602.07002978  2298.17454553], v=[ 2.90616666 -2.16159279  6.20325233]
Epoch 842, t=2460388.4377625827:
  TLE_ECI: r=[-7544.9829161  -1619.9786503    -68.04936111], v=[ 0.55699896 -2.86803325  6.56840616]
  RK45_ECI: r=[-6895.30972716 -2619.35144323  2338.46765567], v=[ 2.94584281 -2.1455976   6.19024372]
Epoch 843, t=2460388.437837846:
  TLE_ECI: r=[-7524.51795386 -1708.94397596   129.00174887], v=[ 0.75461896 -2.82437255  6.56760837]
  RK45_ECI: r=[-6874.77874602 -2636.51890403  2378.67560646], v=[ 2.9853994  -2.1294864   6.17700848]
Epoch 844, t=2460388.4379131095:
  TLE_ECI: r=[-7498.09160704 -1796.55259125   325.95167576], v=[ 0.95160737 -2.77831841  6.56166763]
  RK45_ECI: r=[-6853.98290954 -2653.5714041   2418.79654883], v=[ 3.02483452 -2.11326002  6.1635472 ]
Epoch 845, t=2460388.437988373:
  TLE_ECI: r=[-7465.72584497 -1882.73041937   522.64619312], v=[ 1.14780691 -2.72990774  6.55058865]
  RK45_ECI: r=[-6832.92288288 -2670.50820012  2458.82939077], v=[ 3.06414696 -2.09691903  6.14986022]
Epoch 846, t=2460388.438063636:
  TLE_ECI: r=[-7427.4473865  -1967.40451107   718.93127727], v=[ 1.34306094 -2.67917948  6.53438023]
  RK45_ECI: r=[-6811.59981341 -2687.32821244  2498.77210379], v=[ 3.10333464 -2.08046434  6.13594825]
Epoch 847, t=2460388.4381388994:
  TLE_ECI: r=[-7383.28765443 -2050.50319446   914.6532306 ], v=[ 1.53721369 -2.62617457  6.51305529]
  RK45_ECI: r=[-6790.01427433 -2704.03081046  2538.62378862], v=[ 3.14239657 -2.06389644  6.12181156]
Epoch 848, t=2460388.438214163:
  TLE_ECI: r=[-7333.28278277 -2131.95600519  1109.65880464], v=[ 1.73011026 -2.57093588  6.48663086]
  RK45_ECI: r=[-6768.16714975 -2720.61511491  2578.38298493], v=[ 3.1813312  -2.04721605  6.10745067]
Epoch 849, t=2460388.4382894263:
  TLE_ECI: r=[-7277.47356361 -2211.69383457  1303.79532266], v=[ 1.92159684 -2.51350825  6.45512802]
  RK45_ECI: r=[-6746.05952298 -2737.08014766  2618.04786377], v=[ 3.22013664 -2.03042403  6.09286621]
Epoch 850, t=2460388.4383646897:
  TLE_ECI: r=[-7215.90541799 -2289.64896701  1496.91080167], v=[ 2.11152083 -2.45393836  6.41857192]
  RK45_ECI: r=[-6723.69209923 -2753.4251858   2657.6173451 ], v=[ 3.25881172 -2.01352096  6.07805858]
Epoch 851, t=2460388.4384399527:
  TLE_ECI: r=[-7148.62836431 -2365.75511686  1688.8540739 ], v=[ 2.29973095 -2.39227475  6.37699175]
  RK45_ECI: r=[-6701.06609594 -2769.64918298  2697.08942353], v=[ 3.29735438 -1.9965078   6.06302852]
Epoch 852, t=2460388.438515216:
  TLE_ECI: r=[-7075.6969484  -2439.94756921  1879.47490736], v=[ 2.48607737 -2.32856774  6.3304207 ]
  RK45_ECI: r=[-6678.18211984 -2785.75152572  2736.46320999], v=[ 3.33576364 -1.97938504  6.04777635]
Epoch 853, t=2460388.4385904795:
  TLE_ECI: r=[-6997.17023816 -2512.16310909  2068.62412568], v=[ 2.67041185 -2.26286943  6.27889595]
  RK45_ECI: r=[-6655.04110702 -2801.73136078  2775.73726118], v=[ 3.37403796 -1.96215343  6.03230261]
Epoch 854, t=2460388.438665743:
  TLE_ECI: r=[-6913.11174653 -2582.34015993  2256.15372687], v=[ 2.85258784 -2.1952336   6.2224586 ]
  RK45_ECI: r=[-6631.64420394 -2817.58774134  2814.90977009], v=[ 3.41217551 -1.94481387  6.01660801]
Epoch 855, t=2460388.438741006:
  TLE_ECI: r=[-6823.58939229 -2650.41879479  2441.917001  ], v=[ 3.03246061 -2.12571571  6.16115366]
  RK45_ECI: r=[-6607.99237437 -2833.31982822  2853.97930349], v=[ 3.45017475 -1.9273671   6.00069313]
Epoch 856, t=2460388.4388162694:
  TLE_ECI: r=[-6728.67541187 -2716.34086774  2625.7686466 ], v=[ 3.20988741 -2.05437281  6.09503003]
  RK45_ECI: r=[-6584.08624804 -2848.9270206   2892.94497968], v=[ 3.48803474 -1.90981364  5.98455829]
Epoch 857, t=2460388.438891533:
  TLE_ECI: r=[-6628.44634435 -2780.04994291  2807.56488596], v=[ 3.3847275  -1.98126352  6.02414038]
  RK45_ECI: r=[-6559.92712132 -2864.408312    2931.80482207], v=[ 3.52575342 -1.89215449  5.96820431]
Epoch 858, t=2460388.4389667963:
  TLE_ECI: r=[-6522.98293661 -2841.49142309  2987.16357882], v=[ 3.55684237 -1.90644797  5.94854118]
  RK45_ECI: r=[-6535.51576248 -2879.76301332  2970.55777193], v=[ 3.56332968 -1.87439026  5.95163163]
Epoch 859, t=2460388.4390420597:
  TLE_ECI: r=[-6412.37008316 -2900.61257562  3164.42433462], v=[ 3.72609574 -1.82998772  5.8682926 ]
  RK45_ECI: r=[-6510.85338039 -2894.99020968  3009.20204593], v=[ 3.60076166 -1.85652186  5.93484099]
Epoch 860, t=2460388.4391173227:
  TLE_ECI: r=[-6296.69676347 -2957.36255899  3339.20862319], v=[ 3.89235378 -1.75194578  5.78345848]
  RK45_ECI: r=[-6485.94087845 -2910.08914554  3047.73641048], v=[ 3.63804806 -1.83855001  5.91783293]
Epoch 861, t=2460388.439192586:
  TLE_ECI: r=[-6176.05593293 -3011.69254019  3511.37988363], v=[ 4.05548514 -1.67238644  5.69410626]
  RK45_ECI: r=[-6460.77925207 -2925.05907039  3086.15945384], v=[ 3.6751874  -1.82047547  5.90060805]
Epoch 862, t=2460388.4392678495:
  TLE_ECI: r=[-6050.54449686 -3063.5556238   3680.80363158], v=[ 4.21536109 -1.59137531  5.60030692]
  RK45_ECI: r=[-6435.36953219 -2939.89918196  3124.46976825], v=[ 3.71217821 -1.80229904  5.88316698]
Epoch 863, t=2460388.439343113:
  TLE_ECI: r=[-5920.2631955  -3112.90696658  3847.34756445], v=[ 4.3718556  -1.50897922  5.50213492]
  RK45_ECI: r=[-6409.71263683 -2954.608757    3162.66612907], v=[ 3.7490192  -1.78402143  5.86551026]
Epoch 864, t=2460388.4394183764:
  TLE_ECI: r=[-5785.31652855 -3159.70379679  4010.88166474], v=[ 4.52484545 -1.42526619  5.39966812]
  RK45_ECI: r=[-6383.8098359  -2969.18691432  3200.74677813], v=[ 3.78570855 -1.76564359  5.84763868]
Epoch 865, t=2460388.4394936394:
  TLE_ECI: r=[-5645.81267803 -3203.90543315  4171.27830143], v=[ 4.67421034 -1.34030534  5.29298773]
  RK45_ECI: r=[-6357.66207698 -2983.63292402  3238.71049959], v=[ 3.82224498 -1.74716626  5.82955281]
Epoch 866, t=2460388.439568903:
  TLE_ECI: r=[-5501.86338114 -3245.47338596  4328.412329  ], v=[ 4.81983297 -1.2541668   5.18217825]
  RK45_ECI: r=[-6331.27040457 -2997.94606304  3276.55590217], v=[ 3.85862706 -1.72859022  5.8112533 ]
Epoch 867, t=2460388.4396441663:
  TLE_ECI: r=[-5353.58389396 -3284.37128862  4482.16118462], v=[ 4.9615991  -1.16692176  5.06732734]
  RK45_ECI: r=[-6304.63589906 -3012.125558    3314.28159891], v=[ 3.89485332 -1.70991631  5.79274081]
Epoch 868, t=2460388.4397194297:
  TLE_ECI: r=[-5201.09285927 -3320.56499558  4632.40498274], v=[ 5.09939769 -1.07864228  4.9485258 ]
  RK45_ECI: r=[-6277.75952192 -3026.17071163  3351.88638335], v=[ 3.93092249 -1.69114525  5.7740159 ]
Epoch 869, t=2460388.439794693:
  TLE_ECI: r=[-5044.51221834 -3354.0225939   4779.02660757], v=[ 5.23312096 -0.98940133  4.82586746]
  RK45_ECI: r=[-6250.6426031  -3040.08067718  3389.36852415], v=[ 3.96683282 -1.67227805  5.75507944]
Epoch 870, t=2460388.439869956:
  TLE_ECI: r=[-4883.96712081 -3384.7144155   4921.91180308], v=[ 5.36266443 -0.89927268  4.69944913]
  RK45_ECI: r=[-6223.28613345 -3053.85475147  3426.72682416], v=[ 4.00258304 -1.65331545  5.735932  ]
Epoch 871, t=2460388.4399452196:
  TLE_ECI: r=[-4719.5857828  -3412.61311971  5060.94926053], v=[ 5.48792708 -0.80833078  4.56937048]
  RK45_ECI: r=[-6195.69120548 -3067.49223995  3463.95991384], v=[ 4.03817173 -1.63425827  5.71657429]
Epoch 872, t=2460388.440020483:
  TLE_ECI: r=[-4551.49944149 -3437.69362864  5196.0307036 ], v=[ 5.60881136 -0.71665084  4.43573398]
  RK45_ECI: r=[-6167.85882365 -3080.99244856  3501.06660207], v=[ 4.07359765 -1.6151073   5.69700689]
Epoch 873, t=2460388.4400957464:
  TLE_ECI: r=[-4379.84220917 -3459.93320649  5327.05097089], v=[ 5.72522325 -0.62430864  4.29864481]
  RK45_ECI: r=[-6139.79036498 -3094.35455889  3538.04518004], v=[ 4.10885906 -1.59586352  5.6772307 ]
Epoch 874, t=2460388.4401710094:
  TLE_ECI: r=[-4204.75098427 -3479.31145152  5453.90809579], v=[ 5.83707239 -0.53138055  4.15821075]
  RK45_ECI: r=[-6111.4869807  -3107.5778417   3574.89429369], v=[ 4.14395456 -1.57652783  5.65724641]
Epoch 875, t=2460388.440246273:
  TLE_ECI: r=[-4026.36529981 -3495.8103629   5576.50338367], v=[ 5.94427209 -0.43794336  4.01454213]
  RK45_ECI: r=[-6082.94942147 -3120.66177048  3611.61310966], v=[ 4.17888325 -1.55710079  5.63705448]
Epoch 876, t=2460388.4403215363:
  TLE_ECI: r=[-3844.82727201 -3509.41427979  5694.74148654], v=[ 6.0467394  -0.34407434  3.86775172]
  RK45_ECI: r=[-6054.17923341 -3133.60548208  3648.19976345], v=[ 4.21364326 -1.53758354  5.6166559 ]
Epoch 877, t=2460388.4403967997:
  TLE_ECI: r=[-3660.28144525 -3520.10994524  5808.5304748 ], v=[ 6.14439518 -0.24985112  3.71795462]
  RK45_ECI: r=[-6025.17732744 -3146.40837617  3684.65325662], v=[ 4.24823353 -1.51797679  5.59605122]
Epoch 878, t=2460388.440472063:
  TLE_ECI: r=[-3472.87468589 -3527.88650473  5917.78190623], v=[ 6.23716415 -0.15535161  3.56526821]
  RK45_ECI: r=[-5995.94513792 -3159.06967136  3720.97190992], v=[ 4.28265237 -1.49828156  5.57524136]
Epoch 879, t=2460388.440547326:
  TLE_ECI: r=[-3282.75607538 -3532.7355051   6022.41089229], v=[ 6.32497494 -0.06065398  3.40981201]
  RK45_ECI: r=[-5966.48386273 -3171.58866981  3757.15439302], v=[ 4.31689843 -1.47849876  5.55422707]
Epoch 880, t=2460388.4406225896:
  TLE_ECI: r=[-3090.07674971 -3534.65094104  6122.33616136], v=[6.40776012 0.03416349 3.25170761]
  RK45_ECI: r=[-5936.79428272 -3183.9648661   3793.199887  ], v=[ 4.35097082 -1.458629    5.53300881]
Epoch 881, t=2460388.440697853:
  TLE_ECI: r=[-2894.98984088 -3533.62920066  6217.48011942], v=[6.48545626 0.12902236 3.09107857]
  RK45_ECI: r=[-5906.878006   -3196.19743796  3829.10656091], v=[ 4.38486773 -1.43867344  5.51158764]
Epoch 882, t=2460388.4407731164:
  TLE_ECI: r=[-2697.65031409 -3529.66910884  6307.76890755], v=[6.55800398 0.22384414 2.92805033]
  RK45_ECI: r=[-5876.73597869 -3208.28581072  3864.87343432], v=[ 4.41858812 -1.41863279  5.48996412]
Epoch 883, t=2460388.44084838:
  TLE_ECI: r=[-2498.21485506 -3522.77191832  6393.1324566 ], v=[6.62534796 0.31855039 2.76275008]
  RK45_ECI: r=[-5846.36969116 -3220.22924054  3900.498859  ], v=[ 4.45213037 -1.39850813  5.46813923]
Epoch 884, t=2460388.440923643:
  TLE_ECI: r=[-2296.84175646 -3512.94130221  6473.50453904], v=[6.687437   0.41306271 2.59530671]
  RK45_ECI: r=[-5815.7803866  -3232.02706204  3935.98152958], v=[ 4.48549314 -1.37830038  5.44611376]
Epoch 885, t=2460388.4409989063:
  TLE_ECI: r=[-2093.69075176 -3500.18337905  6548.82281757], v=[6.74422404 0.50730292 2.42585067]
  RK45_ECI: r=[-5784.96887495 -3243.67879193  3971.32064233], v=[ 4.51867559 -1.35801018  5.42388818]
Epoch 886, t=2460388.4410741697:
  TLE_ECI: r=[-1888.92295118 -3484.50666589  6619.02889111], v=[6.79566619 0.60119297 2.25451391]
  RK45_ECI: r=[-5753.93682456 -3255.18364983  4006.51440157], v=[ 4.55167594 -1.3376387   5.40146362]
Epoch 887, t=2460388.441149433:
  TLE_ECI: r=[-1682.70067409 -3465.92210054  6684.06833746], v=[6.84172474 0.69465511 2.08142973]
  RK45_ECI: r=[-5722.68521577 -3266.54108731  4041.56184574], v=[ 4.58449322 -1.3171867   5.37884066]
Epoch 888, t=2460388.441224696:
  TLE_ECI: r=[-1475.18734181 -3444.44302166  6743.89075321], v=[6.88236523 0.78761187 1.90673272]
  RK45_ECI: r=[-5691.2157437  -3277.75034308  4076.4611958 ], v=[ 4.61712568 -1.29665536  5.35602043]
Epoch 889, t=2460388.4412999596:
  TLE_ECI: r=[-1266.54730932 -3420.08517654  6798.44979037], v=[6.9175574  0.87998627 1.73055865]
  RK45_ECI: r=[-5659.52924379 -3288.81095398  4111.21166285], v=[ 4.64957249 -1.27604534  5.33300344]
Epoch 890, t=2460388.441375223:
  TLE_ECI: r=[-1056.94579763 -3392.86668089  6847.70319026], v=[6.94727525 0.97170169 1.55304434]
  RK45_ECI: r=[-5627.62700563 -3299.72229063  4145.81196888], v=[ 4.68183238 -1.25535758  5.30979053]
Epoch 891, t=2460388.4414504864:
  TLE_ECI: r=[ -846.54872429 -3362.80802421  6891.61281412], v=[6.97149707 1.06268204 1.37432762]
  RK45_ECI: r=[-5595.51060559 -3310.48367163  4180.26051857], v=[ 4.7139038  -1.2345932   5.28638273]
Epoch 892, t=2460388.44152575:
  TLE_ECI: r=[ -635.52258411 -3329.93204904  6930.14467081], v=[6.9902054  1.1528518  1.19454717]
  RK45_ECI: r=[-5563.18105683 -3321.09457582  4214.55637026], v=[ 4.74578577 -1.21375295  5.26278068]
Epoch 893, t=2460388.441601013:
  TLE_ECI: r=[ -424.03432947 -3294.26393191  6963.26894138], v=[7.00338709 1.24213606 1.01384243]
  RK45_ECI: r=[-5530.640112   -3331.55428526  4248.69778266], v=[ 4.77747663 -1.19283806  5.23898557]
Epoch 894, t=2460388.4416762763:
  TLE_ECI: r=[ -212.25120174 -3255.83116978  6990.96000053], v=[7.01103325 1.33046065 0.83235352]
  RK45_ECI: r=[-5497.88863381 -3341.86235991  4282.68398361], v=[ 4.80897558 -1.17184919  5.21499793]
Epoch 895, t=2460388.4417515397:
  TLE_ECI: r=[-3.40659710e-01 -3.21466355e+03  7.01319644e+03], v=[7.0131393  1.41775208 0.65022112]
  RK45_ECI: r=[-5464.92795409 -3352.01820454  4316.51372266], v=[ 4.84028138 -1.15078731  5.19081861]
Epoch 896, t=2460388.441826803:
  TLE_ECI: r=[  211.52978919 -3170.79312978  7029.96105999], v=[7.00970496 1.50393769 0.46758637]
  RK45_ECI: r=[-5431.75970051 -3362.02117815  4350.18543965], v=[ 4.87139253 -1.12965354  5.16644874]
Epoch 897, t=2460388.4419020666:
  TLE_ECI: r=[  423.19270898 -3124.25421857  7041.24092923], v=[7.00073423 1.58894566 0.28459079]
  RK45_ECI: r=[-5398.3849181  -3371.87078706  4383.69821378], v=[ 4.90230811 -1.10844866  5.14188897]
Epoch 898, t=2460388.4419773296:
  TLE_ECI: r=[  634.48085574 -3075.08334423  7047.02734651], v=[6.98623539 1.67270507 0.10137612]
  RK45_ECI: r=[-5364.80541503 -3381.56635765  4417.05034327], v=[ 4.93302648 -1.08717393  5.11714053]
Epoch 899, t=2460388.442052593:
  TLE_ECI: r=[  845.22734332 -3023.31922265  7047.31587066], v=[ 6.96622099  1.75514603 -0.08191572]
  RK45_ECI: r=[-5331.02208021 -3391.10747352  4450.24107359], v=[ 4.96354689 -1.06582999  5.09220399]
Epoch 900, t=2460388.4421278564:
  TLE_ECI: r=[ 1055.26571794 -2969.00273588  7042.10631894], v=[ 6.94070788  1.83619959 -0.26514276]
  RK45_ECI: r=[-5297.03628622 -3400.4935743   4483.26918316], v=[ 4.99386815 -1.04441785  5.06708025]
Epoch 901, t=2460388.44220312:
  TLE_ECI: r=[ 1264.43012343 -2912.17689509  7031.40276702], v=[ 6.90971712  1.91579791 -0.44816309]
  RK45_ECI: r=[-5262.84971038 -3409.72405996  4516.13314858], v=[ 5.0239888  -1.02293865  5.04177046]
Epoch 902, t=2460388.4422783833:
  TLE_ECI: r=[ 1472.55542043 -2852.88680836  7015.21354588], v=[ 6.87327403  1.99387429 -0.63083494]
  RK45_ECI: r=[-5228.46342829 -3418.79846495  4548.83207093], v=[ 5.05390795 -1.00139317  5.01627532]
Epoch 903, t=2460388.4423536463:
  TLE_ECI: r=[ 1679.47730593 -2791.17965061  6993.55123571], v=[ 6.83140815  2.07036317 -0.81301682]
  RK45_ECI: r=[-5193.87930185 -3427.71616061  4581.36428969], v=[ 5.08362402 -0.97978269  4.99059612]
Epoch 904, t=2460388.4424289097:
  TLE_ECI: r=[ 1885.03247349 -2727.10460801  6966.43265661], v=[ 6.78415318  2.14520029 -0.99456757]
  RK45_ECI: r=[-5159.09824511 -3436.47675472  4613.72906881], v=[ 5.11313628 -0.95810787  4.96473345]
Epoch 905, t=2460388.442504173:
  TLE_ECI: r=[ 2089.05868978 -2660.7128673   6933.87885638], v=[ 6.73154703  2.21832261 -1.17534652]
  RK45_ECI: r=[-5124.12167006 -3445.0797222   4645.92521689], v=[ 5.14244358 -0.93636972  4.93868824]
Epoch 906, t=2460388.4425794366:
  TLE_ECI: r=[ 2291.39495376 -2592.05755821  6895.91509515], v=[ 6.67363175  2.28966845 -1.35521353]
  RK45_ECI: r=[-5088.95130199 -3453.52450462  4677.95124881], v=[ 5.17154451 -0.9145694   4.9124617 ]
Epoch 907, t=2460388.4426546996:
  TLE_ECI: r=[ 2491.88160577 -2521.19372353  6852.57082689], v=[ 6.61045349  2.3591775  -1.53402916]
  RK45_ECI: r=[-5053.58857346 -3461.81059579  4709.80599036], v=[ 5.20043794 -0.8927079   4.88605479]
Epoch 908, t=2460388.442729963:
  TLE_ECI: r=[ 2690.36048103 -2448.17824794  6803.87967794], v=[ 6.54206248  2.42679093 -1.71165471]
  RK45_ECI: r=[-5018.03441557 -3469.93762075  4741.48871847], v=[ 5.22912316 -0.87078592  4.85946812]
Epoch 909, t=2460388.4428052264:
  TLE_ECI: r=[ 2886.67498762 -2373.06985521  6749.8794225 ], v=[ 6.46851303  2.49245133 -1.88795236]
  RK45_ECI: r=[-4982.29074947 -3477.90500355  4772.99782185], v=[ 5.25759865 -0.84880474  4.83270304]
Epoch 910, t=2460388.44288049:
  TLE_ECI: r=[ 3080.67025845 -2295.9290351   6690.61195501], v=[ 6.38986342  2.55610285 -2.06278527]
  RK45_ECI: r=[-4946.35869752 -3485.71232451  4804.33243863], v=[ 5.28586356 -0.82676516  4.80576027]
Epoch 911, t=2460388.4429557533:
  TLE_ECI: r=[ 3272.19326427 -2216.81800256  6626.12325952], v=[ 6.30617594  2.61769121 -2.23601765]
  RK45_ECI: r=[-4910.24003119 -3493.35906754  4835.49112346], v=[ 5.31391654 -0.80466836  4.77864106]
Epoch 912, t=2460388.4430310163:
  TLE_ECI: r=[ 3461.09292662 -2135.80065922  6556.463376  ], v=[ 6.21751679  2.67716372 -2.4075149 ]
  RK45_ECI: r=[-4873.93622052 -3500.84476241  4866.47273412], v=[ 5.34175649 -0.78251537  4.75134641]
Epoch 913, t=2460388.4431062797:
  TLE_ECI: r=[ 3647.2202613  -2052.94250299  6481.68636366], v=[ 6.12395605  2.73446943 -2.57714368]
  RK45_ECI: r=[-4837.44822024 -3508.16905903  4897.27656733], v=[ 5.36938273 -0.76030688  4.72387695]
Epoch 914, t=2460388.443181543:
  TLE_ECI: r=[ 3830.42845646 -1968.31063569  6401.85026126], v=[ 6.02556764  2.78955903 -2.74477205]
  RK45_ECI: r=[-4800.77800129 -3515.33142791  4927.90105645], v=[ 5.39679378 -0.73804418  4.69623406]
Epoch 915, t=2460388.4432568066:
  TLE_ECI: r=[ 4010.57301348 -1881.9736713   6317.01704444], v=[ 5.92242927  2.84238497 -2.91026951]
  RK45_ECI: r=[-4763.92671392 -3522.33147865  4958.34536386], v=[ 5.42398884 -0.71572811  4.66841851]
Epoch 916, t=2460388.44333207:
  TLE_ECI: r=[ 4187.51185391 -1794.00169117  6227.25257995], v=[ 5.81462238  2.89290151 -3.07350715]
  RK45_ECI: r=[-4726.89617426 -3529.16873802  4988.60808532], v=[ 5.45096658 -0.69335984  4.64043157]
Epoch 917, t=2460388.443407333:
  TLE_ECI: r=[ 4361.10542622 -1704.46620136  6132.62657709], v=[ 5.70223209  2.94106473 -3.23435772]
  RK45_ECI: r=[-4689.68772101 -3535.84279315  5018.68825239], v=[ 5.4777261  -0.67094034  4.61227415]
Epoch 918, t=2460388.4434825964:
  TLE_ECI: r=[ 4531.21683613 -1613.44002514  6033.21253604], v=[ 5.58534711  2.9868326  -3.39269576]
  RK45_ECI: r=[-4652.30283335 -3542.3532576   5048.58475994], v=[ 5.50426633 -0.64847058  4.58394728]
Epoch 919, t=2460388.44355786:
  TLE_ECI: r=[ 4697.71192384 -1520.99732034  5929.08769337], v=[ 5.46405972  3.03016498 -3.54839766]
  RK45_ECI: r=[-4614.74302866 -3548.69971048  5078.29650967], v=[ 5.53058626 -0.6259516   4.555452  ]
Epoch 920, t=2460388.4436331233:
  TLE_ECI: r=[ 4860.45939114 -1427.21347039  5820.33296461], v=[ 5.33846568  3.07102368 -3.70134177]
  RK45_ECI: r=[-4577.00965121 -3554.88177065  5107.82254819], v=[ 5.55668497 -0.60338432  4.52678922]
Epoch 921, t=2460388.4437083867:
  TLE_ECI: r=[ 5019.33090032 -1332.16503625  5707.03288388], v=[ 5.2086642   3.10937249 -3.85140851]
  RK45_ECI: r=[-4539.10455994 -3560.89900859  5137.16151358], v=[ 5.58256121 -0.58076998  4.49796026]
Epoch 922, t=2460388.4437836497:
  TLE_ECI: r=[ 5174.20117253 -1235.92971048  5589.27554076], v=[ 5.0747578   3.14517722 -3.99848044]
  RK45_ECI: r=[-4501.02912408 -3566.75104532  5166.31246704], v=[ 5.60821407 -0.55810951  4.46896605]
Epoch 923, t=2460388.443858913:
  TLE_ECI: r=[ 5324.94810254 -1138.58619437  5467.15251423], v=[ 4.93685228  3.17840574 -4.14244238]
  RK45_ECI: r=[-4462.78485689 -3572.43753017  5195.27433753], v=[ 5.63364257 -0.53540393  4.43980764]
Epoch 924, t=2460388.4439341766:
  TLE_ECI: r=[ 5471.45283369 -1040.21422397  5340.75880394], v=[ 4.79505665  3.20902799 -4.28318148]
  RK45_ECI: r=[-4424.37330959 -3577.95808003  5224.04606104], v=[ 5.65884571 -0.51265428  4.41048611]
Epoch 925, t=2460388.44400944:
  TLE_ECI: r=[5613.59986843 -940.8944466  5210.19275858], v=[ 4.64948305  3.23701601 -4.42058734]
  RK45_ECI: r=[-4385.79585612 -3583.31234753  5252.62671416], v=[ 5.68382263 -0.48986152  4.38100239]
Epoch 926, t=2460388.444084703:
  TLE_ECI: r=[5751.27715468 -840.70838712 5075.5560016 ], v=[ 4.50024664  3.26234398 -4.55455204]
  RK45_ECI: r=[-4347.05458142 -3588.49992014  5281.01484576], v=[ 5.708572   -0.46702698  4.35135798]
Epoch 927, t=2460388.4441599664:
  TLE_ECI: r=[5884.37618633 -739.73831437 4936.95335424], v=[ 4.34746551  3.28498828 -4.68497032]
  RK45_ECI: r=[-4308.15032946 -3593.52053477  5309.20994571], v=[ 5.73309332 -0.4441513   4.3215534 ]
Epoch 928, t=2460388.44423523:
  TLE_ECI: r=[6012.79207496 -638.06727433 4794.49275594], v=[ 4.19126065  3.30492745 -4.81173958]
  RK45_ECI: r=[-4269.0852002  -3598.37379602  5337.21057968], v=[ 5.7573853  -0.42123584  4.29159016]
Epoch 929, t=2460388.4443104933:
  TLE_ECI: r=[6136.42364557 -535.77895599 4648.28518206], v=[ 4.03175581  3.32214223 -4.93476003]
  RK45_ECI: r=[-4229.86041617 -3603.05939817  5365.01598163], v=[ 5.78144721 -0.39828146  4.26146908]
Epoch 930, t=2460388.4443857567:
  TLE_ECI: r=[6255.17351584 -432.95763935 4498.44455918], v=[ 3.86907741  3.33661563 -5.05393472]
  RK45_ECI: r=[-4190.47790894 -3607.57699166  5392.6248688 ], v=[ 5.8052779  -0.3752894   4.23119154]
Epoch 931, t=2460388.4444610197:
  TLE_ECI: r=[6368.94817434 -329.6881447  4345.08767782], v=[ 3.70335448  3.34833288 -5.16916967]
  RK45_ECI: r=[-4150.93927689 -3611.92624954  5420.03622943], v=[ 5.82887643 -0.35226074  4.20075864]
Epoch 932, t=2460388.444536283:
  TLE_ECI: r=[6477.65806092 -226.05568855 4188.33410272], v=[ 3.53471848  3.35728153 -5.28037392]
  RK45_ECI: r=[-4111.24555685 -3616.10691944  5447.24944071], v=[ 5.85224223 -0.32919622  4.17017108]
Epoch 933, t=2460388.4446115466:
  TLE_ECI: r=[6581.21763316 -122.14592471 4028.30608081], v=[ 3.36330329  3.36345139 -5.38745963]
  RK45_ECI: r=[-4071.39889105 -3620.11865504  5474.26311796], v=[ 5.87537407 -0.30609722  4.13943039]
Epoch 934, t=2460388.44468681:
  TLE_ECI: r=[6679.54544118  -18.04479897 3865.12844682], v=[ 3.18924507  3.36683457 -5.49034213]
  RK45_ECI: r=[-4031.40052529 -3623.96118199  5501.07652194], v=[ 5.89827126 -0.28296461  4.10853741]
Epoch 935, t=2460388.4447620735:
  TLE_ECI: r=[6772.56419327   86.16150324 3698.92852661], v=[ 3.01268213  3.36742552 -5.58894001]
  RK45_ECI: r=[-3991.25242867 -3627.63419614  5527.68841541], v=[ 5.9209327  -0.25979965  4.07749355]
Epoch 936, t=2460388.4448373364:
  TLE_ECI: r=[6860.20081991  190.38660866 3529.83603836], v=[ 2.83375486  3.36522098 -5.6831752 ]
  RK45_ECI: r=[-3950.95622945 -3631.1374096   5554.09782306], v=[ 5.94335752 -0.23660343  4.04629995]
Epoch 937, t=2460388.4449126:
  TLE_ECI: r=[6942.38653218  294.54410798 3357.98299166], v=[ 2.65260558  3.36022008 -5.77297302]
  RK45_ECI: r=[-3910.51298371 -3634.47059663  5580.30414452], v=[ 5.96554517 -0.21337671  4.01495731]
Epoch 938, t=2460388.4449878633:
  TLE_ECI: r=[7019.0568809   398.54750895 3183.50358455], v=[ 2.46937846  3.35242424 -5.85826224]
  RK45_ECI: r=[-3869.92487316 -3637.6334611   5606.30604599], v=[ 5.98749449 -0.19012087  3.98346722]
Epoch 939, t=2460388.4450631267:
  TLE_ECI: r=[7090.15180873  502.3103876  3006.53409858], v=[ 2.28421938  3.34183726 -5.9389752 ]
  RK45_ECI: r=[-3829.19316578 -3640.62576021  5632.10281563], v=[ 6.00920484 -0.16683681  3.95183052]
Epoch 940, t=2460388.44513839:
  TLE_ECI: r=[7155.6157001   605.74644117 2827.21279208], v=[ 2.09727583  3.32846527 -6.01504779]
  RK45_ECI: r=[-3788.31986603 -3643.44723575  5657.69326286], v=[ 6.03067519 -0.14352579  3.92004866]
Epoch 941, t=2460388.445213653:
  TLE_ECI: r=[7215.39742955  708.76953969 2645.67979153], v=[ 1.90869679  3.31231674 -6.08641956]
  RK45_ECI: r=[-3747.30663034 -3646.09763939  5683.07644969], v=[ 6.0519047  -0.12018892  3.88812282]
Epoch 942, t=2460388.4452889166:
  TLE_ECI: r=[7269.45039614  811.29388285 2462.07698139], v=[ 1.71863256  3.29340252 -6.15303377]
  RK45_ECI: r=[-3706.15453237 -3648.57677277  5708.25179871], v=[ 6.07289288 -0.09682696  3.85605369]
Epoch 943, t=2460388.44536418:
  TLE_ECI: r=[7317.73257387  913.2339459  2276.54789215], v=[ 1.52723471  3.27173576 -6.21483742]
  RK45_ECI: r=[-3664.86579145 -3650.88438999  5733.21802824], v=[ 6.09363863 -0.07344131  3.82384291]
Epoch 944, t=2460388.4454394435:
  TLE_ECI: r=[7360.20653924 1014.50463617 2089.23758702], v=[ 1.33465593  3.24733197 -6.27178133]
  RK45_ECI: r=[-3623.44169606 -3653.0202804   5757.97445451], v=[ 6.11414135 -0.05003288  3.79149135]
Epoch 945, t=2460388.4455147064:
  TLE_ECI: r=[7396.83950754 1115.02132241 1900.29254713], v=[ 1.14104987  3.22020898 -6.32382016]
  RK45_ECI: r=[-3581.88448168 -3654.98422092  5782.51982   ], v=[ 6.13439999 -0.02660305  3.75900065]
Epoch 946, t=2460388.44558997:
  TLE_ECI: r=[7427.60334739 1214.69999317 1709.86055549], v=[ 0.94657103  3.19038691 -6.37091245]
  RK45_ECI: r=[-3540.19523717 -3656.77603727  5806.85356902], v=[ 6.15441405e+00 -3.15260202e-03  3.72637154e+00]
Epoch 947, t=2460388.4456652333:
  TLE_ECI: r=[7452.47462296 1313.45719843 1518.09057963], v=[ 0.75137466  3.15788821 -6.41302069]
  RK45_ECI: r=[-3498.37564654 -3658.3955245   5830.97480364], v=[6.17418279 0.02031735 3.6936052 ]
Epoch 948, t=2460388.4457404967:
  TLE_ECI: r=[7471.43460127 1411.21020696 1325.13265323], v=[ 0.5556166   3.1227376  -6.45011132]
  RK45_ECI: r=[-3456.42776612 -3659.84249893  5854.88241018], v=[6.19370527 0.04380553 3.66070316]
Epoch 949, t=2460388.44581576:
  TLE_ECI: r=[7484.46927079 1507.87705514 1131.13775677], v=[ 0.35945314  3.08496205 -6.48215477]
  RK45_ECI: r=[-3414.35290345 -3661.11678231  5878.5757337 ], v=[6.21298095 0.06731101 3.6276663 ]
Epoch 950, t=2460388.445891023:
  TLE_ECI: r=[7491.56935771 1603.37659496  936.25769722], v=[ 0.16304093  3.0445908  -6.5091255 ]
  RK45_ECI: r=[-3372.15332783 -3662.21820255  5902.05357054], v=[6.23200884 0.0908324  3.5944963 ]
Epoch 951, t=2460388.4459662866:
  TLE_ECI: r=[7492.73031505 1697.62865099  740.64498704], v=[-0.03346321  3.00165529 -6.53100202]
  RK45_ECI: r=[-3329.8301435  -3663.14661306  5925.31538915], v=[6.25078848 0.11436892 3.56119391]
Epoch 952, t=2460388.44604155:
  TLE_ECI: r=[7487.95235361 1790.55395716  544.45272238], v=[-0.22990236  2.95618917 -6.54776691]
  RK45_ECI: r=[-3287.38505867 -3663.9018492   5948.36033077], v=[6.26931919 0.13791946 3.52776035]
Epoch 953, t=2460388.4461168135:
  TLE_ECI: r=[7477.24042352 1882.07431251  347.83446095], v=[-0.4261197   2.90822826 -6.55940681]
  RK45_ECI: r=[-3244.82015908 -3664.48377427  5971.18733134], v=[6.28760009 0.16148271 3.49419717]
Epoch 954, t=2460388.446192077:
  TLE_ECI: r=[7460.6042144  1972.1126256   150.94409925], v=[-0.62195857  2.85781049 -6.56591248]
  RK45_ECI: r=[-3202.13676989 -3664.89224256  5993.79576538], v=[6.30563069 0.18505777 3.46050528]
Epoch 955, t=2460388.44626734:
  TLE_ECI: r=[7438.05815274 2060.59295916  -46.06425044], v=[-0.81726265  2.80497594 -6.56727878]
  RK45_ECI: r=[-3159.33719185 -3665.12713318  6016.18448444], v=[6.32341005 0.20864324 3.4266864 ]
Epoch 956, t=2460388.4463426033:
  TLE_ECI: r=[7409.62136556 2147.44068227 -243.03638316], v=[-1.01187612  2.74976673 -6.56350467]
  RK45_ECI: r=[-3116.42254319 -3665.18832741  6038.35298165], v=[6.34093778 0.23223833 3.3927413 ]
Epoch 957, t=2460388.4464178667:
  TLE_ECI: r=[7375.31769945 2232.58240304 -439.81812468], v=[-1.20564371  2.69222703 -6.55459323]
  RK45_ECI: r=[-3073.39455441 -3665.07570111  6060.30043844], v=[6.35821323 0.25584193 3.35867123]
Epoch 958, t=2460388.44649313:
  TLE_ECI: r=[7335.17567676 2315.94611874 -636.2554547 ], v=[-1.3984109   2.63240303 -6.54055163]
  RK45_ECI: r=[-3030.25533879 -3664.78916446  6082.02584143], v=[6.37523559 0.27945274 3.32447777]
Epoch 959, t=2460388.4465683936:
  TLE_ECI: r=[7289.22847667 2397.46125625 -832.19462993], v=[-1.59002401  2.57034285 -6.52139117]
  RK45_ECI: r=[-2987.00623735 -3664.32860465  6103.52859541], v=[6.39200439 0.30306985 3.29016185]
Epoch 960, t=2460388.4466436566:
  TLE_ECI: r=[ 7237.51391439  2477.05871045 -1027.48230701], v=[-1.78033037  2.50609655 -6.4971272 ]
  RK45_ECI: r=[-2943.64957994 -3663.69395208  6124.80760825], v=[6.40851879 0.32669186 3.25572522]
Epoch 961, t=2460388.44671892:
  TLE_ECI: r=[ 7180.07437991  2554.67098864 -1221.96566481], v=[-1.96917841  2.43971605 -6.46777917]
  RK45_ECI: r=[-2900.18649779 -3662.88511578  6145.86239844], v=[6.42477842 0.35031798 3.22116868]
Epoch 962, t=2460388.4467941835:
  TLE_ECI: r=[ 7116.95684462  2630.23214084 -1415.49252656], v=[-2.15641783  2.3712551  -6.43337059]
  RK45_ECI: r=[-2856.61874192 -3661.9020122   6166.69218847], v=[6.44078266 0.3739471  3.1864935 ]
Epoch 963, t=2460388.446869447:
  TLE_ECI: r=[ 7048.2127931   2703.67790106 -1607.91148109], v=[-2.34189966  2.30076927 -6.39392898]
  RK45_ECI: r=[-2812.9484507  -3660.74459874  6187.29601669], v=[6.45653079 0.39757793 3.15170128]
Epoch 964, t=2460388.44694471:
  TLE_ECI: r=[ 6973.89819446  2774.94570056 -1799.0720035 ], v=[-2.52547645  2.22831582 -6.34948589]
  RK45_ECI: r=[-2769.17738585 -3659.41281272  6207.67312862], v=[6.47202222 0.42120934 3.11679332]
Epoch 965, t=2460388.4470199733:
  TLE_ECI: r=[ 6894.0734224   2843.97480334 -1988.82457484], v=[-2.70700238  2.1539537  -6.30007683]
  RK45_ECI: r=[-2725.30668666 -3657.90658335  6227.8230602 ], v=[6.48725661 0.44484056 3.08177042]
Epoch 966, t=2460388.4470952367:
  TLE_ECI: r=[ 6808.8032523   2910.70623445 -2177.0208011 ], v=[-2.88633334  2.07774352 -6.24574128]
  RK45_ECI: r=[-2681.33871341 -3656.22590018  6247.74478518], v=[6.50223317 0.46847018 3.04663435]
Epoch 967, t=2460388.4471705:
  TLE_ECI: r=[ 6718.15677433  2975.082913   -2363.51353086], v=[-3.0633271   1.99974744 -6.18652259]
  RK45_ECI: r=[-2637.27483025 -3654.3707027   6267.43775808], v=[6.51695151 0.4920973  3.0113861 ]
Epoch 968, t=2460388.4472457636:
  TLE_ECI: r=[ 6622.20734317  3037.04967957 -2548.156972  ], v=[-3.23784339  1.92002917 -6.12246802]
  RK45_ECI: r=[-2593.11719876 -3652.34099544  6286.90106999], v=[6.53141093 0.51572061 2.97602728]
Epoch 969, t=2460388.4473210266:
  TLE_ECI: r=[ 6521.03252502  3096.55332444 -2730.806807  ], v=[-3.40974405  1.83865387 -6.05362861]
  RK45_ECI: r=[-2548.86759862 -3650.13675637  6306.13400862], v=[6.54561092 0.53933899 2.94055923]
Epoch 970, t=2460388.44739629:
  TLE_ECI: r=[ 6414.71399613  3153.54270955 -2911.32030689], v=[-3.57889309  1.75568811 -5.9800592 ]
  RK45_ECI: r=[-2504.52718022 -3647.75794258  6325.13613611], v=[6.55955114 0.56295169 2.90498273]
Epoch 971, t=2460388.4474715535:
  TLE_ECI: r=[ 6303.33752822  3207.96869601 -3089.5564439 ], v=[-3.74515687  1.67119982 -5.90181836]
  RK45_ECI: r=[-2460.09832798 -3645.20459513  6343.90648475], v=[6.57323089 0.58655727 2.86929962]
Epoch 972, t=2460388.447546817:
  TLE_ECI: r=[ 6186.99288068  3259.78426309 -3265.37600231], v=[-3.90840414  1.58525822 -5.81896831]
  RK45_ECI: r=[-2415.58241898 -3642.47668618  6362.44454085], v=[6.5866498  0.61015483 2.83351086]
Epoch 973, t=2460388.4476220803:
  TLE_ECI: r=[ 6065.77373419  3308.94452897 -3438.6416878 ], v=[-4.06850619  1.49793378 -5.73157492]
  RK45_ECI: r=[-2370.98163575 -3639.57426763  6380.749449  ], v=[6.59980724 0.63374309 2.79761813]
Epoch 974, t=2460388.4476973433:
  TLE_ECI: r=[ 5939.77762248  3355.40677078 -3609.21823506], v=[-4.22533691  1.40929812 -5.63970757]
  RK45_ECI: r=[-2326.29757252 -3636.49733805  6398.82062404], v=[6.6127028  0.657321   2.76162258]
Epoch 975, t=2460388.4477726067:
  TLE_ECI: r=[ 5809.10581171  3399.13053097 -3776.97251338], v=[-4.37877296  1.31942396 -5.54343917]
  RK45_ECI: r=[-2281.53199521 -3633.24594266  6416.65740179], v=[6.62533601 0.68088751 2.72552552]
Epoch 976, t=2460388.44784787:
  TLE_ECI: r=[ 5673.86327488  3440.07754559 -3941.77363066], v=[-4.52869378  1.2283851  -5.44284605]
  RK45_ECI: r=[-2236.68670474 -3629.82011384  6434.25912682], v=[6.63770639 0.70444149 2.68932831]
Epoch 977, t=2460388.4479231336:
  TLE_ECI: r=[ 5534.15856583  3478.21184735 -4103.49303508], v=[-4.67498174  1.1362563  -5.33800788]
  RK45_ECI: r=[-2191.76329141 -3626.2198768   6451.62523326], v=[6.64981356 0.72798194 2.65303209]
Epoch 978, t=2460388.4479983966:
  TLE_ECI: r=[ 5390.10374937  3513.49976216 -4262.00461498], v=[-4.8175222   1.04311325 -5.22900764]
  RK45_ECI: r=[-2146.76417075 -3622.44534731  6468.75484013], v=[6.66165691 0.75150744 2.61663873]
Epoch 979, t=2460388.44807366:
  TLE_ECI: r=[ 5241.81426764  3545.91000115 -4417.18479627], v=[-4.95620364  0.94903247 -5.11593153]
  RK45_ECI: r=[-2101.69030796 -3618.49651134  6485.6476396 ], v=[6.67323622 0.7750173  2.58014886]
Epoch 980, t=2460388.4481489235:
  TLE_ECI: r=[ 5089.40890658  3575.41359057 -4568.91263803], v=[-5.09091769  0.8540913  -4.99886888]
  RK45_ECI: r=[-2056.54412523 -3614.37350277  6502.30277142], v=[6.68455091 0.79851013 2.54356437]
Epoch 981, t=2460388.448224187:
  TLE_ECI: r=[ 4933.00965746  3601.98396064 -4717.06992547], v=[-5.22155922  0.75836777 -4.87791208]
  RK45_ECI: r=[-2011.32701927 -3610.07635315  6518.71978002], v=[6.69560068 0.82198499 2.50688623]
Epoch 982, t=2460388.4482994503:
  TLE_ECI: r=[ 4772.74162709  3625.59695153 -4861.54126072], v=[-5.34802648  0.66194061 -4.75315651]
  RK45_ECI: r=[-1966.04120532 -3605.60519956  6534.89790806], v=[6.70638501 0.84544061 2.47011615]
Epoch 983, t=2460388.4483747133:
  TLE_ECI: r=[ 4608.73294638  3646.23081991 -5002.21415119], v=[-5.47022107  0.56488912 -4.62470047]
  RK45_ECI: r=[-1920.68850443 -3600.96013412  6550.83656452], v=[6.71690353 0.86887584 2.43325548]
Epoch 984, t=2460388.4484499767:
  TLE_ECI: r=[ 4441.11462311  3663.86631192 -5138.97909532], v=[-5.58804812  0.46729308 -4.49264506]
  RK45_ECI: r=[-1875.27009234 -3596.14119254  6566.53538652], v=[6.72715601 0.8922899  2.39630506]
Epoch 985, t=2460388.44852524:
  TLE_ECI: r=[ 4270.02049952  3678.48659638 -5271.72966613], v=[-5.70141626  0.3692328  -4.35709412]
  RK45_ECI: r=[-1829.78840886 -3591.14856034  6581.9935745 ], v=[6.73714192 0.91568139 2.35926676]
Epoch 986, t=2460388.4486005036:
  TLE_ECI: r=[ 4095.58710128  3690.07733444 -5400.36259183], v=[-5.81023775  0.27078895 -4.21815414]
  RK45_ECI: r=[-1784.24485971 -3585.98230218  6597.21070561], v=[6.74686102 0.93904939 2.32214159]
Epoch 987, t=2460388.448675767:
  TLE_ECI: r=[ 3917.95353771  3698.62667772 -5524.77783406], v=[-5.91442851  0.17204252 -4.07593418]
  RK45_ECI: r=[-1738.64167524 -3580.64260256  6612.18607788], v=[6.75631285 0.96239259 2.28493126]
Epoch 988, t=2460388.44875103:
  TLE_ECI: r=[ 3737.26140033  3704.12526737 -5644.87866338], v=[-6.0139082   0.07307478 -3.93054576]
  RK45_ECI: r=[-1692.98068761 -3575.12959463  6626.91914446], v=[6.76549709 0.98570988 2.24763715]
Epoch 989, t=2460388.4488262935:
  TLE_ECI: r=[ 3553.65460598  3706.56628618 -5760.571732  ], v=[-6.10860026 -0.02603286 -3.7821028 ]
  RK45_ECI: r=[-1647.26307949 -3569.44334233  6641.40956973], v=[6.77441355 1.00900047 2.21026008]
Epoch 990, t=2460388.448901557:
  TLE_ECI: r=[ 3367.27934622  3705.94539715 -5871.76714392], v=[-6.19843195 -0.12519879 -3.63072147]
  RK45_ECI: r=[-1601.49130579 -3563.58408288  6655.65661546], v=[6.78306179 1.03226294 2.17280196]
Epoch 991, t=2460388.4489768203:
  TLE_ECI: r=[ 3178.28392718  3702.26079285 -5978.37852218], v=[-6.28333441 -0.22434139 -3.47652018]
  RK45_ECI: r=[-1555.66677967 -3557.55191417  6669.65989185], v=[6.79144158 1.05549637 2.13526381]
Epoch 992, t=2460388.449052084:
  TLE_ECI: r=[ 2986.81866201  3695.51318574 -6080.32307327], v=[-6.36324272 -0.32337902 -3.31961941]
  RK45_ECI: r=[-1509.79174412 -3551.34706817  6683.4187528 ], v=[6.79955257 1.07869948 2.09764735]
Epoch 993, t=2460388.4491273467:
  TLE_ECI: r=[ 2793.03576217  3685.70579972 -6177.52164886], v=[-6.43809593 -0.42223011 -3.16014167]
  RK45_ECI: r=[-1463.86804078 -3544.96971897  6696.93269612], v=[6.80739448 1.10187114 2.05995397]
Epoch 994, t=2460388.44920261:
  TLE_ECI: r=[ 2597.0891733   3672.8444015  -6269.89880441], v=[-6.50783707 -0.52081326 -2.99821136]
  RK45_ECI: r=[-1417.89685775 -3538.41995891  6710.20141365], v=[6.81496716 1.12501055 2.02218451]
Epoch 995, t=2460388.4492778736:
  TLE_ECI: r=[ 2399.1345183   3656.9372452  -6357.38285521], v=[-6.57241324 -0.61904723 -2.83395471]
  RK45_ECI: r=[-1371.88066242 -3531.69807684  6723.22422912], v=[6.82227023 1.14811631 1.9843409 ]
Epoch 996, t=2460388.449353137:
  TLE_ECI: r=[ 2199.32893105  3637.99510092 -6439.90592924], v=[-6.6317756  -0.71685105 -2.66749966]
  RK45_ECI: r=[-1325.82087389 -3524.80420391  6736.00078608], v=[6.82930355 1.1711875  1.94642415]
Epoch 997, t=2460388.4494284:
  TLE_ECI: r=[ 1997.83095408  3616.03123176 -6517.40401721], v=[-6.68587941 -0.81414407 -2.49897577]
  RK45_ECI: r=[-1279.7199644  -3517.7386521   6748.53043667], v=[6.83606677 1.19422273 1.90843619]
Epoch 998, t=2460388.4495036635:
  TLE_ECI: r=[ 1794.80037122  3591.06140808 -6589.81701959], v=[-6.73468407 -0.91084608 -2.32851412]
  RK45_ECI: r=[-1233.57912604 -3510.50153858  6760.81289838], v=[6.84255978 1.21722119 1.87037788]
Epoch 999, t=2460388.449578927:
  TLE_ECI: r=[ 1590.39814624  3563.10385808 -6657.0887908 ], v=[-6.77815312 -1.00687725 -2.1562472 ]
  RK45_ECI: r=[-1187.40020784 -3503.09308197  6772.84771619], v=[6.84878237 1.24018178 1.83225062]
Epoch 1000, t=2460388.4496541903:
  TLE_ECI: r=[ 1384.7862541   3532.17927925 -6719.16718028], v=[-6.81625428 -1.10215832 -1.98230883]
  RK45_ECI: r=[-1141.18546814 -3495.51358997  6784.63433455], v=[6.85473429 1.26310319 1.79405615]
Epoch 1001, t=2460388.449729454:
  TLE_ECI: r=[ 1178.12756489  3498.31081602 -6776.00407062], v=[-6.84895946 -1.19661058 -1.80683406]
  RK45_ECI: r=[-1094.93633033 -3487.76322695  6796.17243073], v=[6.86041541 1.28598452 1.75579553]
Epoch 1002, t=2460388.4498047167:
  TLE_ECI: r=[  970.58572689  3461.52403905 -6827.55541268], v=[-6.87624478 -1.29015593 -1.62995905]
  RK45_ECI: r=[-1048.65527523 -3479.84235632  6807.46141968], v=[6.8658255  1.30882437 1.71747068]
Epoch 1003, t=2460388.44987998:
  TLE_ECI: r=[  762.32499845  3421.84693772 -6873.78125763], v=[-6.89809058 -1.38271705 -1.45182098]
  RK45_ECI: r=[-1002.34349786 -3471.75112351  6818.50104693], v=[6.87096446 1.33162196 1.67908248]
Epoch 1004, t=2460388.4499552436:
  TLE_ECI: r=[  553.51018133  3379.3098794  -6914.64578614], v=[-6.9144814  -1.47421731 -1.27255794]
  RK45_ECI: r=[ -956.00285234 -3463.48978799  6829.29090296], v=[6.87583216 1.35437617 1.64063234]
Epoch 1005, t=2460388.450030507:
  TLE_ECI: r=[  344.30645177  3333.94559946 -6950.11733433], v=[-6.92540606 -1.56458091 -1.09230886]
  RK45_ECI: r=[ -909.63560333 -3455.05870454  6839.83048961], v=[6.88042841 1.37708573 1.60212202]
Epoch 1006, t=2460388.4501057705:
  TLE_ECI: r=[  134.87924254  3285.7891726  -6980.16841679], v=[-6.93085757 -1.65373292 -0.91121337]
  RK45_ECI: r=[ -863.24317688 -3446.45807059  6850.11951816], v=[6.88475314 1.39974971 1.56355259]
Epoch 1007, t=2460388.4501810335:
  TLE_ECI: r=[  -74.6058758   3234.87798599 -7004.77574655], v=[-6.93083322 -1.74159933 -0.72941171]
  RK45_ECI: r=[ -816.8280598  -3437.68830063  6860.15746703], v=[6.88880618 1.42236675 1.524926  ]
Epoch 1008, t=2460388.450256297:
  TLE_ECI: r=[ -283.98336122  3181.2517104  -7023.92025191], v=[-6.9253345  -1.82810719 -0.54704464]
  RK45_ECI: r=[ -770.39144858 -3428.74956823  6869.94411008], v=[6.8925875  1.44493606 1.48624313]
Epoch 1009, t=2460388.4503315603:
  TLE_ECI: r=[ -493.08777094  3124.95226884 -7037.58709038], v=[-6.91436715 -1.91318452 -0.36425334]
  RK45_ECI: r=[ -723.93520037 -3419.64217343  6879.47908382], v=[6.896097   1.46745654 1.4475054 ]
Epoch 1010, t=2460388.450406824:
  TLE_ECI: r=[ -701.75392781  3066.0238054  -7045.7656594 ], v=[-6.89794114 -1.99676046 -0.18117928]
  RK45_ECI: r=[ -677.46158378 -3410.36651769  6888.76194799], v=[6.89933457 1.48992693 1.4087146 ]
Epoch 1011, t=2460388.450482087:
  TLE_ECI: r=[ -909.81703829  3004.51265083 -7048.4496041 ], v=[-6.87607064e+00 -2.07876532e+00  2.03584542e-03]
  RK45_ECI: r=[ -630.97202592 -3400.92283127  6897.79244831], v=[6.90230019 1.51234632 1.3698718 ]
Epoch 1012, t=2460388.45055735:
  TLE_ECI: r=[-1117.11281126  2940.46728999 -7045.63682194], v=[-6.84877405 -2.1591306   0.18525026]
  RK45_ECI: r=[ -584.46901694 -3391.31157927  6906.57012727], v=[6.90499376 1.53471335 1.33097898]
Epoch 1013, t=2460388.4506326136:
  TLE_ECI: r=[-1323.47761961  2873.93831219 -7037.32946427], v=[-6.81607393 -2.2377891   0.36832216]
  RK45_ECI: r=[ -537.95375338 -3381.53296318  6915.09478741], v=[6.90741528 1.55702725 1.29203702]
Epoch 1014, t=2460388.450707877:
  TLE_ECI: r=[-1528.74857416  2804.97838973 -7023.53393497], v=[-6.77799703 -2.31467491  0.55110986]
  RK45_ECI: r=[ -491.42809364 -3371.58732316  6923.36611172], v=[6.90956472 1.57928692 1.25304736]
Epoch 1015, t=2460388.4507831405:
  TLE_ECI: r=[-1732.76368492  2733.64222602 -7004.26088582], v=[-6.73457426 -2.38972348  0.73347186]
  RK45_ECI: r=[ -444.89430781 -3361.47510691  6931.38371839], v=[6.91144204 1.60149113 1.2140118 ]
Epoch 1016, t=2460388.4508584035:
  TLE_ECI: r=[-1935.36196944  2659.98652169 -6979.52520898], v=[-6.68584064 -2.46287169  0.91526699]
  RK45_ECI: r=[ -398.35425437 -3351.19667504  6939.1473163 ], v=[6.91304722 1.62363879 1.1749318 ]
Epoch 1017, t=2460388.450933667:
  TLE_ECI: r=[-2136.38360887  2584.06990866 -6949.34602622], v=[-6.6318353  -2.53405792  1.09635446]
  RK45_ECI: r=[ -351.80912896 -3340.75224907  6946.65672756], v=[6.91438031 1.64572913 1.13580823]
Epoch 1018, t=2460388.4510089303:
  TLE_ECI: r=[-2335.67002398  2505.95293689 -6913.74667534], v=[-6.57260146 -2.60322203  1.276594  ]
  RK45_ECI: r=[ -305.2614225  -3330.14235165  6953.91156869], v=[6.91544127 1.66776081 1.09664311]
Epoch 1019, t=2460388.451084194:
  TLE_ECI: r=[-2533.06403008  2425.69800651 -6872.75469332], v=[-6.50818639 -2.67030546  1.45584594]
  RK45_ECI: r=[ -258.71256066 -3319.36726482  6960.91164123], v=[6.91623016 1.68973295 1.05743751]
Epoch 1020, t=2460388.451159457:
  TLE_ECI: r=[-2728.40995062  2343.36932457 -6826.4017965 ], v=[-6.43864136 -2.73525127  1.63397134]
  RK45_ECI: r=[ -212.16481302 -3308.42748192  6967.65662232], v=[6.91674698 1.71164432 1.01819324]
Epoch 1021, t=2460388.45123472:
  TLE_ECI: r=[-2921.55373146  2259.03286358 -6774.72385769], v=[-6.36402164 -2.79800415  1.81083207]
  RK45_ECI: r=[ -165.6200363  -3297.32340303  6974.14626786], v=[6.91699179 1.73349385 0.97891177]
Epoch 1022, t=2460388.4513099836:
  TLE_ECI: r=[-3112.34308729  2172.75627658 -6717.76088026], v=[-6.28438641 -2.85851058  1.98629089]
  RK45_ECI: r=[ -119.07942435 -3286.05527695  6980.38042919], v=[6.91696464 1.7552808  0.93959398]
Epoch 1023, t=2460388.451385247:
  TLE_ECI: r=[-3300.62757961  2084.60889389 -6655.55696918], v=[-6.19979879 -2.91671872  2.16021161]
  RK45_ECI: r=[  -72.5454661  -3274.62367573  6986.35878787], v=[6.91666559 1.77700382 0.90024189]
Epoch 1024, t=2460388.4514605105:
  TLE_ECI: r=[-3486.25876116  1994.66163648 -6588.16029902], v=[-6.11032574 -2.97257854  2.33245913]
  RK45_ECI: r=[  -26.01958469 -3263.02891325  6992.08118073], v=[6.91609471 1.79866206 0.86085659]
Epoch 1025, t=2460388.451535774:
  TLE_ECI: r=[-3669.09028491  1902.98696843 -6515.62307893], v=[-6.01603803 -3.02604186  2.50289958]
  RK45_ECI: r=[   20.49595309 -3251.27152796  6997.54734412], v=[6.91525208 1.82025429 0.8214399 ]
Epoch 1026, t=2460388.451611037:
  TLE_ECI: r=[-3848.97801312  1809.65885136 -6438.00151461], v=[-5.91701023 -3.07706237  2.67140041]
  RK45_ECI: r=[   66.99929396 -3239.35195894  7002.75708128], v=[6.9141378  1.84177947 0.78199327]
Epoch 1027, t=2460388.4516863003:
  TLE_ECI: r=[-4025.78015182  1714.75264173 -6355.35576726], v=[-5.81332056 -3.12559572  2.83783049]
  RK45_ECI: r=[  113.48924701 -3227.27048198  7007.71027282], v=[6.91275196 1.86323685 0.74251761]
Epoch 1028, t=2460388.451761564:
  TLE_ECI: r=[-4199.35732925  1618.3450976  -6267.74990958], v=[-5.70505095 -3.17159948  3.00206019]
  RK45_ECI: r=[  159.96332754 -3215.02771791  7012.40666574], v=[6.91109468 1.88462512 0.70301494]
Epoch 1029, t=2460388.451836827:
  TLE_ECI: r=[-4369.57272768  1520.51427438 -6175.25187876], v=[-5.59228691 -3.21503323  3.16396151]
  RK45_ECI: r=[  206.42011626 -3202.62401211  7016.84613217], v=[6.90916607 1.90594342 0.66348633]
Epoch 1030, t=2460388.4519120906:
  TLE_ECI: r=[-4536.29218549  1421.33947393 -6077.93342651], v=[-5.47511752 -3.25585859  3.32340816]
  RK45_ECI: r=[  252.8573513  -3190.05994761  7021.02846794], v=[6.90696627 1.92719056 0.62393364]
Epoch 1031, t=2460388.4519873536:
  TLE_ECI: r=[-4699.38429941  1320.90119519 -5975.87006619], v=[-5.35363533 -3.29403923  3.48027567]
  RK45_ECI: r=[  299.27339533 -3177.33594259  7024.95354156], v=[6.90449543 1.94836556 0.58435811]
Epoch 1032, t=2460388.452062617:
  TLE_ECI: r=[-4858.72054415  1219.28101609 -5869.14101693], v=[-5.22793626 -3.32954099  3.63444147]
  RK45_ECI: r=[  345.66642914 -3164.45247798  7028.62120949], v=[6.90175369 1.96946746 0.54476123]
Epoch 1033, t=2460388.4521378805:
  TLE_ECI: r=[-5014.17535045  1116.56160896 -5757.82914496], v=[-5.09811966 -3.36233178  3.785785  ]
  RK45_ECI: r=[  392.03460686 -3151.41004438  7032.03133776], v=[6.89874121 1.9904952  0.50514444]
Epoch 1034, t=2460388.452213144:
  TLE_ECI: r=[-5165.62622121  1012.82662133 -5642.02090199], v=[-4.96428809 -3.39238171  3.93418779]
  RK45_ECI: r=[  438.37630371 -3138.20907787  7035.18381606], v=[6.89545816 2.01144786 0.46550902]
Epoch 1035, t=2460388.452288407:
  TLE_ECI: r=[-5312.95382242   908.16063752 -5521.80626075], v=[-4.82654736 -3.41966308  4.07953359]
  RK45_ECI: r=[  484.68904536 -3124.85026891  7038.07848681], v=[6.89190476 2.03232414 0.42585699]
Epoch 1036, t=2460388.4523636703:
  TLE_ECI: r=[-5456.04208951   802.64904893 -5397.27864775], v=[-4.68500637 -3.44415045  4.22170841]
  RK45_ECI: r=[  530.97185934 -3111.33388048  7040.71529885], v=[6.88808114 2.0531234  0.38618907]
Epoch 1037, t=2460388.452438934:
  TLE_ECI: r=[-5594.7783035    696.37807716 -5268.5348732 ], v=[-4.5397771  -3.4658206   4.36060066]
  RK45_ECI: r=[  577.22227462 -3097.66061974  7043.09411719], v=[6.88398755 2.07384437 0.34650727]
Epoch 1038, t=2460388.452514197:
  TLE_ECI: r=[-5729.05319317   589.43464355 -5135.67505823], v=[-4.39097448 -3.48465261  4.49610122]
  RK45_ECI: r=[  623.43888225 -3083.83088806  7045.21487765], v=[6.87962418 2.09448619 0.30681268]
Epoch 1039, t=2460388.4525894606:
  TLE_ECI: r=[-5858.76102016   481.90631362 -4998.80255933], v=[-4.23871632 -3.50062785  4.62810353]
  RK45_ECI: r=[  669.6194347  -3069.84534736  7047.07748329], v=[6.87499128 2.11504771 0.26710713]
Epoch 1040, t=2460388.4526647236:
  TLE_ECI: r=[-5983.79966328   373.88124365 -4858.02389021], v=[-4.08312326 -3.51373003  4.75650367]
  RK45_ECI: r=[  715.76209765 -3055.70454369  7048.68187018], v=[6.87008911 2.13552788 0.22739209]
Epoch 1041, t=2460388.452739987:
  TLE_ECI: r=[-6104.07070598   265.44803924 -4713.44864092], v=[-3.92431857 -3.52394521  4.88120047]
  RK45_ECI: r=[  761.86569403 -3041.40882712  7050.02800106], v=[6.86491784 2.15592601 0.18766844]
Epoch 1042, t=2460388.4528152505:
  TLE_ECI: r=[-6219.4795088    156.69578628 -4565.18939447], v=[-3.76242821 -3.5312618   5.00209559]
  RK45_ECI: r=[  807.92776394 -3026.95895193  7051.11580655], v=[6.85947779 2.17624081 0.14793822]
Epoch 1043, t=2460388.452890514:
  TLE_ECI: r=[-6329.93529174    47.71390983 -4413.36164089], v=[-3.5975806  -3.5356706   5.11909357]
  RK45_ECI: r=[  853.9469061  -3012.35535017  7051.94525781], v=[6.85376919 2.19647147 0.1082025 ]
Epoch 1044, t=2460388.4529657774:
  TLE_ECI: r=[-6435.351207     -61.4078828  -4258.08368883], v=[-3.42990661 -3.53716481  5.23210196]
  RK45_ECI: r=[  899.920884   -2997.59872686  7052.51631739], v=[6.84779237 2.21661681 0.06846311]
Epoch 1045, t=2460388.4530410403:
  TLE_ECI: r=[-6535.64441063  -170.57965675 -4099.47657466], v=[-3.25953943 -3.53574001  5.34103138]
  RK45_ECI: r=[  945.84787367 -2982.68966546  7052.82896884], v=[6.84154762 2.23667585 0.02872152]
Epoch 1046, t=2460388.453116304:
  TLE_ECI: r=[-6630.73612881  -279.71140002 -3937.66396933], v=[-3.0866144  -3.53139423  5.44579558]
  RK45_ECI: r=[  991.72670535 -2967.62854206  7052.88320408], v=[ 6.83503517  2.25664785 -0.01102138]
Epoch 1047, t=2460388.453191567:
  TLE_ECI: r=[-6720.55172478  -388.71298398 -3772.77208284], v=[-2.91126905 -3.52412793  5.54631153]
  RK45_ECI: r=[ 1037.55493251 -2952.41615751  7052.67901934], v=[ 6.82825541  2.27653158 -0.05076357]
Epoch 1048, t=2460388.4532668306:
  TLE_ECI: r=[-6805.02075928  -497.49431436 -3604.92956654], v=[-2.73364286 -3.51394395  5.64249951]
  RK45_ECI: r=[ 1083.3311632  -2937.05297417  7052.216421  ], v=[ 6.82120862  2.29632621 -0.09050397]
Epoch 1049, t=2460388.4533420936:
  TLE_ECI: r=[-6884.0770509   -605.96536677 -3434.26741318], v=[-2.55387722 -3.50084762  5.73428316]
  RK45_ECI: r=[ 1129.05295782 -2921.53981351  7051.49543515], v=[ 6.81389522  2.31603052 -0.13024057]
Epoch 1050, t=2460388.453417357:
  TLE_ECI: r=[-6957.65872404  -714.03634249 -3260.91885501], v=[-2.37211525 -3.4848467   5.82158955]
  RK45_ECI: r=[ 1174.71915404 -2905.87707407  7050.51608068], v=[ 6.80631546  2.33564379 -0.16997246]
Epoch 1051, t=2460388.4534926205:
  TLE_ECI: r=[-7025.70827006  -821.61762326 -3085.01925976], v=[-2.18850179 -3.46595135  5.90434924]
  RK45_ECI: r=[ 1220.32794121 -2890.06537957  7049.27839066], v=[ 6.79846972  2.35516504 -0.20969819]
Epoch 1052, t=2460388.453567884:
  TLE_ECI: r=[-7088.17258906  -928.61992641 -2906.70602474], v=[-2.00318317 -3.4441742   5.98249635]
  RK45_ECI: r=[ 1265.8771054  -2874.10550269  7047.78242284], v=[ 6.79035842  2.37459314 -0.24941594]
Epoch 1053, t=2460388.4536431474:
  TLE_ECI: r=[-7145.00303557 -1034.95435992 -2726.11846908], v=[-1.81630719 -3.41953029  6.05596866]
  RK45_ECI: r=[ 1311.36526538 -2857.9979358   7046.02821883], v=[ 6.78198189  2.39392727 -0.28912462]
Epoch 1054, t=2460388.4537184103:
  TLE_ECI: r=[-7196.15546262 -1140.53247626 -2543.39772426], v=[-1.62802292 -3.39203708  6.12470757]
  RK45_ECI: r=[ 1356.78999882 -2841.7435458   7044.0158702 ], v=[ 6.77334063  2.41316623 -0.32882222]
Epoch 1055, t=2460388.453793674:
  TLE_ECI: r=[-7241.59024564 -1245.26643111 -2358.68662292], v=[-1.4384806  -3.36171447  6.18865826]
  RK45_ECI: r=[ 1402.15015315 -2825.34275672  7041.74542495], v=[ 6.76443494  2.43230932 -0.36850783]
Epoch 1056, t=2460388.453868937:
  TLE_ECI: r=[-7281.27233481 -1349.06893186 -2172.12958611], v=[-1.24783155 -3.32858471  6.24776966]
  RK45_ECI: r=[ 1447.44393206 -2808.79622856  7039.21696348], v=[ 6.75526523  2.45135557 -0.40818002]
Epoch 1057, t=2460388.4539442006:
  TLE_ECI: r=[-7315.17127216 -1451.85339496 -1983.87250913], v=[-1.05622802 -3.29267248  6.30199455]
  RK45_ECI: r=[ 1492.66913883 -2792.10477542  7036.43060292], v=[ 6.74583202  2.47030387 -0.44783695]
Epoch 1058, t=2460388.454019464:
  TLE_ECI: r=[-7343.26122011 -1553.53399893 -1794.06264587], v=[-0.86382305 -3.2540048   6.35128959]
  RK45_ECI: r=[ 1537.82440455 -2775.26891915  7033.38642006], v=[ 6.73613566  2.48915343 -0.48747754]
Epoch 1059, t=2460388.454094727:
  TLE_ECI: r=[-7365.52098824 -1654.0257354  -1602.84849202], v=[-0.67077036 -3.21261105  6.39561533]
  RK45_ECI: r=[ 1582.90732671 -2758.2895713   7030.08457189], v=[ 6.72617675  2.50790307 -0.52709978]
Epoch 1060, t=2460388.4541699905:
  TLE_ECI: r=[-7381.9340319  -1753.24456813 -1410.37966704], v=[-0.4772242  -3.16852294  6.4349363 ]
  RK45_ECI: r=[ 1627.91676396 -2741.16718088  7026.52513556], v=[ 6.7159556   2.5265521  -0.56670277]
Epoch 1061, t=2460388.454245254:
  TLE_ECI: r=[-7392.4884946  -1851.10737467 -1216.80679503], v=[-0.28333926 -3.12177447  6.469221  ]
  RK45_ECI: r=[ 1672.85093616 -2723.90244363  7022.70823869], v=[ 6.70547272  2.54509957 -0.60628506]
Epoch 1062, t=2460388.4543205174:
  TLE_ECI: r=[-7397.17719928 -1947.53210418 -1022.28138471], v=[-0.0892705  -3.07240192  6.49844194]
  RK45_ECI: r=[ 1717.70766627 -2706.49621413  7018.63405782], v=[ 6.69472865  2.56354441 -0.64584482]
Epoch 1063, t=2460388.454395781:
  TLE_ECI: r=[-7395.99765904 -2042.43782574  -826.95570859], v=[ 0.10482696 -3.02044383  6.52257568]
  RK45_ECI: r=[ 1762.4855993  -2688.94904315  7014.30270487], v=[ 6.68372384  2.58188583 -0.68538097]
Epoch 1064, t=2460388.454471044:
  TLE_ECI: r=[-7388.95208556 -2135.74477539  -630.98268127], v=[ 0.29879799 -2.96594096  6.54160286]
  RK45_ECI: r=[ 1807.18235509 -2671.26188592  7009.71440224], v=[ 6.67245891  2.60012269 -0.72489151]
Epoch 1065, t=2460388.454546307:
  TLE_ECI: r=[-7376.04736222 -2227.37451202  -434.5157373 ], v=[ 0.49248756 -2.90893623  6.55550819]
  RK45_ECI: r=[ 1851.79680468 -2653.43521599  7004.86925618], v=[ 6.66093426  2.61825431 -0.76437553]
Epoch 1066, t=2460388.4546215707:
  TLE_ECI: r=[-7357.29507505 -2317.24985399  -237.70870842], v=[ 0.68574088 -2.84947472  6.56428046]
  RK45_ECI: r=[ 1896.32718631 -2635.46976389  6999.76744162], v=[ 6.6491504   2.63627978 -0.80383158]
Epoch 1067, t=2460388.454696834:
  TLE_ECI: r=[-7332.71147866 -2405.29503197   -40.71570041], v=[ 0.87840355 -2.78760365  6.56791261]
  RK45_ECI: r=[ 1940.77134473 -2617.36642383  6994.40919438], v=[ 6.637108    2.65419803 -0.84325784]
Epoch 1068, t=2460388.454772097:
  TLE_ECI: r=[-7302.31749556 -2491.43571106   156.30903023], v=[ 1.07032164 -2.72337228  6.56640165]
  RK45_ECI: r=[ 1985.12752838 -2599.12594371  6988.79471549], v=[ 6.6248076   2.67200817 -0.88265285]
Epoch 1069, t=2460388.4548473605:
  TLE_ECI: r=[-7266.13866952 -2575.59914001   353.21119979], v=[ 1.26134192 -2.6568319   6.55974874]
  RK45_ECI: r=[ 2029.39461787 -2580.7488147   6982.92413095], v=[ 6.6122496   2.68970954 -0.92201572]
Epoch 1070, t=2460388.454922624:
  TLE_ECI: r=[-7224.20518658 -2657.71408543   549.83662099], v=[ 1.45131186 -2.5880358   6.54795916]
  RK45_ECI: r=[ 2073.57026206 -2562.23604083  6976.79773789], v=[ 6.59943474  2.70730102 -0.96134444]
Epoch 1071, t=2460388.4549978874:
  TLE_ECI: r=[-7176.55182113 -2737.71097833   746.03132642], v=[ 1.64007986 -2.51703923  6.53104227]
  RK45_ECI: r=[ 2117.65313113 -2543.58821776  6970.41570458], v=[ 6.58636349  2.72478187 -1.00063793]
Epoch 1072, t=2460388.455073151:
  TLE_ECI: r=[-7123.21791318 -2815.52195258   941.64169178], v=[ 1.82749535 -2.44389929  6.50901158]
  RK45_ECI: r=[ 2161.64109397 -2524.8062782   6963.77832605], v=[ 6.57303656  2.74215108 -1.03989436]
Epoch 1073, t=2460388.455148414:
  TLE_ECI: r=[-7064.24734339 -2891.08088238  1136.51455888], v=[ 2.01340889 -2.36867497  6.48188465]
  RK45_ECI: r=[ 2205.53241993 -2505.89100357  6956.88585053], v=[ 6.55945457  2.75940775 -1.0791123 ]
Epoch 1074, t=2460388.455223677:
  TLE_ECI: r=[-6999.68846195 -2964.32352225  1330.49735807], v=[ 2.19767234 -2.29142701  6.44968314]
  RK45_ECI: r=[ 2249.32600421 -2486.84290838  6949.73843321], v=[ 6.54561793  2.77655127 -1.11829083]
Epoch 1075, t=2460388.4552989407:
  TLE_ECI: r=[-6929.59409781 -3035.18743683  1523.43823032], v=[ 2.38013897 -2.21221792  6.41243276]
  RK45_ECI: r=[ 2293.01952301 -2467.6630379   6942.33643636], v=[ 6.53152745  2.79358054 -1.15742797]
Epoch 1076, t=2460388.455374204:
  TLE_ECI: r=[-6854.0214804  -3103.61213822  1715.18614843], v=[ 2.56066355 -2.1311119   6.37016326]
  RK45_ECI: r=[ 2336.61166409 -2448.35201488  6934.68006339], v=[ 6.51718365  2.81049485 -1.19652263]
Epoch 1077, t=2460388.4554494675:
  TLE_ECI: r=[-6773.03219922 -3169.53911697  1905.59103756], v=[ 2.73910252 -2.04817476  6.32290836]
  RK45_ECI: r=[ 2380.10032245 -2428.91080932  6926.7696684 ], v=[ 6.50258727  2.82729322 -1.235573  ]
Epoch 1078, t=2460388.4555247305:
  TLE_ECI: r=[-6686.69216141 -3232.91187201  2094.50389489], v=[ 2.91531409 -1.9634739   6.2707058 ]
  RK45_ECI: r=[ 2423.48379005 -2409.34023528  6918.60554664], v=[ 6.48773899  2.84397478 -1.27457763]
Epoch 1079, t=2460388.455599994:
  TLE_ECI: r=[-6595.07149776 -3293.67603843  2281.7769081 ], v=[ 3.08915835 -1.87707821  6.21359721]
  RK45_ECI: r=[ 2466.76097748 -2389.64082999  6910.18788244], v=[ 6.47263925  2.86053892 -1.31353564]
Epoch 1080, t=2460388.4556752574:
  TLE_ECI: r=[-6498.24456    -3351.77931493  2467.26357307], v=[ 3.2604974  -1.78905805  6.15162814]
  RK45_ECI: r=[ 2509.92959071 -2369.8136787   6901.5171029 ], v=[ 6.45728893  2.87698461 -1.35244503]
Epoch 1081, t=2460388.455750521:
  TLE_ECI: r=[-6396.28982048 -3407.17158801  2650.81881002], v=[ 3.42919544 -1.69948518  6.084848  ]
  RK45_ECI: r=[ 2552.98833618 -2349.85943038  6892.59344646], v=[ 6.44168855  2.89331113 -1.39130472]
Epoch 1082, t=2460388.4558257842:
  TLE_ECI: r=[-6289.2898154  -3459.80495457  2832.29907852], v=[ 3.59511892 -1.60843267  6.01330999]
  RK45_ECI: r=[ 2595.93513681 -2329.77909149  6883.41732594], v=[ 6.42583896  2.90951754 -1.43011293]
Epoch 1083, t=2460388.455901047:
  TLE_ECI: r=[-6177.33108536 -3509.63374504  3011.56249109], v=[ 3.7581366  -1.51597488  5.93707109]
  RK45_ECI: r=[ 2638.7685045  -2309.57341828  6873.98903856], v=[ 6.40974077  2.92560306 -1.4688684 ]
Epoch 1084, t=2460388.4559763107:
  TLE_ECI: r=[-6060.50406183 -3556.61463467  3188.46892508], v=[ 3.91811972 -1.42218732  5.85619198]
  RK45_ECI: r=[ 2681.48677927 -2289.24323803  6864.30893203], v=[ 6.39339467  2.94156692 -1.5075697 ]
Epoch 1085, t=2460388.456051574:
  TLE_ECI: r=[-5938.90305244 -3600.70657078  3362.88013321], v=[ 4.07494202 -1.32714669  5.77073699]
  RK45_ECI: r=[ 2724.08828579 -2268.78940691  6854.37736344], v=[ 6.37680139  2.95740829 -1.54621539]
Epoch 1086, t=2460388.4561268375:
  TLE_ECI: r=[-5812.62612131 -3641.8708811   3534.65985225], v=[ 4.22847992 -1.23093073  5.68077403]
  RK45_ECI: r=[ 2766.57155465 -2248.2126888   6844.19465076], v=[ 6.35996158  2.97312642 -1.58480423]
Epoch 1087, t=2460388.4562021005:
  TLE_ECI: r=[-5681.77502807 -3680.07127136  3703.67390988], v=[ 4.37861257 -1.13361819  5.58637458]
  RK45_ECI: r=[ 2808.93433871 -2227.51422473  6833.76131473], v=[ 6.34287619  2.98872032 -1.62333426]
Epoch 1088, t=2460388.456277364:
  TLE_ECI: r=[-5546.45509978 -3715.27392337  3869.79032965], v=[ 4.52522194 -1.03528873  5.48761355]
  RK45_ECI: r=[ 2851.17577325 -2206.6945011   6823.07754435], v=[ 6.32554564  3.00418947 -1.66180478]
Epoch 1089, t=2460388.4563526274:
  TLE_ECI: r=[-5406.775208   -3747.44742193  4032.87943418], v=[ 4.66819296 -0.9360229   5.38456927]
  RK45_ECI: r=[ 2893.29362305 -2185.75467218  6812.14388236], v=[ 6.30797092  3.01953289 -1.70021382]
Epoch 1090, t=2460388.456427891:
  TLE_ECI: r=[-5262.84763533 -3776.56284962  4192.81394603], v=[ 4.80741356 -0.83590204  5.2773234 ]
  RK45_ECI: r=[ 2935.28643901 -2164.69552521  6800.96068251], v=[ 6.29015271  3.03474985 -1.73856016]
Epoch 1091, t=2460388.4565031542:
  TLE_ECI: r=[-5114.78799299 -3802.59379425  4349.46908659], v=[ 4.94277478 -0.7350082   5.16596086]
  RK45_ECI: r=[ 2977.15277542 -2143.51785127  6789.52830307], v=[ 6.2720917   3.04983962 -1.77684256]
Epoch 1092, t=2460388.456578417:
  TLE_ECI: r=[-4962.71513694 -3825.51635604  4502.72267283], v=[ 5.07417084 -0.63342412  5.05056974]
  RK45_ECI: r=[ 3018.89041995 -2122.22282857  6777.84732839], v=[ 6.25378891  3.06480125 -1.81505907]
Epoch 1093, t=2460388.4566536807:
  TLE_ECI: r=[-4806.75102483 -3845.30922686  4652.45521154], v=[ 5.20149922 -0.53123308  4.93124127]
  RK45_ECI: r=[ 3060.49852331 -2100.8109624   6765.91797002], v=[ 6.23524478  3.07963422 -1.85320901]
Epoch 1094, t=2460388.456728944:
  TLE_ECI: r=[-4647.02068271 -3861.95361961  4798.5499916 ], v=[ 5.32466074 -0.42851889  4.80806968]
  RK45_ECI: r=[ 3101.97488596 -2079.28344357  6753.74083409], v=[ 6.21646037  3.09433759 -1.89129043]
Epoch 1095, t=2460388.4568042075:
  TLE_ECI: r=[-4483.65205814 -3875.43334325  4940.89317351], v=[ 5.44355966 -0.32536584  4.68115215]
  RK45_ECI: r=[ 3143.3182728  -2057.64099111  6741.31625538], v=[ 6.19743632  3.1089107  -1.92930229]
Epoch 1096, t=2460388.456879471:
  TLE_ECI: r=[-4316.77592669 -3885.73480158  5079.37387667], v=[ 5.55810367 -0.22185854  4.55058876]
  RK45_ECI: r=[ 3184.52669549 -2035.88470746  6728.64480863], v=[ 6.17817359  3.12335268 -1.96724285]
Epoch 1097, t=2460388.456954734:
  TLE_ECI: r=[-4146.52579639 -3892.84699282  5213.88426408], v=[ 5.66820405 -0.11808197  4.41648232]
  RK45_ECI: r=[ 3225.5985463  -2014.01552206  6715.72696452], v=[ 6.15867304  3.13766278 -2.0051107 ]
Epoch 1098, t=2460388.4570299974:
  TLE_ECI: r=[-3973.0377538  -3896.76156793  5344.31962437], v=[ 5.77377568 -0.01412127  4.27893837]
  RK45_ECI: r=[ 3266.53280308 -1992.03405332  6702.56301573], v=[ 6.13893521  3.15184045 -2.042905  ]
Epoch 1099, t=2460388.457105261:
  TLE_ECI: r=[-3796.45042187 -3897.47276329  5470.57845151], v=[5.87473709 0.08993821 4.13806505]
  RK45_ECI: r=[ 3307.3273041  -1969.94152775  6689.1536311 ], v=[ 6.11896123  3.16588475 -2.08062382]
Epoch 1100, t=2460388.4571805242:
  TLE_ECI: r=[-3616.90480223 -3894.97745599  5592.56252155], v=[5.97101056 0.19401103 3.99397301]
  RK45_ECI: r=[ 3347.98083742 -1947.73868807  6675.49917909], v=[ 6.09875175  3.17979508 -2.11826613]
Epoch 1101, t=2460388.4572557877:
  TLE_ECI: r=[-3434.54417278 -3889.27515406  5710.17696676], v=[6.06252213 0.29801172 3.84677533]
  RK45_ECI: r=[ 3388.49145022 -1925.42666898  6661.60029107], v=[ 6.07830783  3.19357057 -2.1558302 ]
Epoch 1102, t=2460388.4573310507:
  TLE_ECI: r=[-3249.51398372 -3880.36798768  5823.33034716], v=[6.14920167 0.40185486 3.69658742]
  RK45_ECI: r=[ 3428.85756493 -1903.00642823  6647.45748275], v=[ 6.05763035  3.20721051 -2.19331466]
Epoch 1103, t=2460388.457406314:
  TLE_ECI: r=[-3061.96169534 -3868.26074662  5931.93471896], v=[6.23098293 0.50545517 3.54352695]
  RK45_ECI: r=[ 3469.07817964 -1880.47860427  6633.07107442], v=[ 6.0367199   3.22071436 -2.23071866]
Epoch 1104, t=2460388.4574815775:
  TLE_ECI: r=[-2872.03672818 -3852.96081777  6035.90570059], v=[6.30780357 0.60872751 3.38771372]
  RK45_ECI: r=[ 3509.15117262 -1857.84445797  6618.44179699], v=[ 6.01557765  3.23408122 -2.2680403 ]
Epoch 1105, t=2460388.457556841:
  TLE_ECI: r=[-2679.89029823 -3834.47821943  6135.16253553], v=[6.3796052  0.71158701 3.22926958]
  RK45_ECI: r=[ 3549.07535646 -1835.1047551   6603.57005212], v=[ 5.99420433  3.2473105  -2.30527857]
Epoch 1106, t=2460388.457632104:
  TLE_ECI: r=[-2485.67531896 -3812.82557629  6229.62815251], v=[6.44633345 0.81394908 3.06831833]
  RK45_ECI: r=[ 3588.84862823 -1812.26077148  6588.45659874], v=[ 5.97260113  3.26040132 -2.34243157]
Epoch 1107, t=2460388.4577073674:
  TLE_ECI: r=[-2289.54623511 -3788.0181395   6319.22922254], v=[6.50793792 0.9157296  2.90498565]
  RK45_ECI: r=[ 3628.47000497 -1789.31316236  6573.10178241], v=[ 5.95076869  3.27335316 -2.37949849]
Epoch 1108, t=2460388.457782631:
  TLE_ECI: r=[-2091.65896739 -3760.07372933  6403.89621339], v=[6.56437233 1.01684482 2.73939897]
  RK45_ECI: r=[ 3667.93794341 -1766.26291548  6557.50616531], v=[ 5.92870793  3.28616532 -2.41647795]
Epoch 1109, t=2460388.4578578942:
  TLE_ECI: r=[-1892.17074438 -3729.0127523   6483.56344079], v=[6.61559443 1.11721153 2.57168738]
  RK45_ECI: r=[ 3707.25055164 -1743.11121485  6541.67046808], v=[ 5.90641999  3.29883701 -2.45336827]
Epoch 1110, t=2460388.4579331577:
  TLE_ECI: r=[-1691.2399897  -3694.8581774   6558.16911684], v=[6.66156611 1.2167471  2.40198152]
  RK45_ECI: r=[ 3746.40666809 -1719.85884858  6525.59512525], v=[ 5.88390563  3.31136765 -2.49016842]
Epoch 1111, t=2460388.4580084207:
  TLE_ECI: r=[-1489.02620791 -3657.63551398  6627.65539539], v=[6.70225339 1.31536951 2.23041351]
  RK45_ECI: r=[ 3785.40423304 -1696.507125    6509.28095666], v=[ 5.86116612  3.3237564  -2.52687656]
Epoch 1112, t=2460388.458083684:
  TLE_ECI: r=[-1285.68981607 -3617.37281011  6691.96841433], v=[6.7376264  1.41299755 2.05711684]
  RK45_ECI: r=[ 3824.24228598 -1673.05671813  6492.72833493], v=[ 5.83820212  3.33600277 -2.56349185]
Epoch 1113, t=2460388.4581589475:
  TLE_ECI: r=[-1081.39208285 -3574.10060254  6751.05833513], v=[6.76765946 1.50955067 1.88222623]
  RK45_ECI: r=[ 3862.9193173  -1649.50864207  6475.93786606], v=[ 5.81501462  3.34810607 -2.60001296]
Epoch 1114, t=2460388.458234211:
  TLE_ECI: r=[ -876.29495884 -3527.85191246  6804.87937909], v=[6.79233108 1.60494921 1.7058776 ]
  RK45_ECI: r=[ 3901.43347585 -1625.86411011  6458.91032566], v=[ 5.7916048   3.36006556 -2.63643819]
Epoch 1115, t=2460388.4583094744:
  TLE_ECI: r=[ -670.56096095 -3478.66221483  6853.38986067], v=[6.81162392 1.69911439 1.5282079 ]
  RK45_ECI: r=[ 3939.78362723 -1602.12393176  6441.64618067], v=[ 5.76797348  3.37188067 -2.67276658]
Epoch 1116, t=2460388.4583847374:
  TLE_ECI: r=[ -464.35305549 -3426.56940952  6896.55221778], v=[6.82552486 1.79196836 1.34935506]
  RK45_ECI: r=[ 3977.96775724 -1578.28944644  6424.14631117], v=[ 5.74412198  3.38355063 -2.70899626]
Epoch 1117, t=2460388.458460001:
  TLE_ECI: r=[ -257.83449112 -3371.6137981   6934.33303895], v=[6.83402494 1.88343436 1.16945786]
  RK45_ECI: r=[ 4015.9849288  -1554.36134637  6406.41111649], v=[ 5.72005098  3.39507495 -2.74512642]
Epoch 1118, t=2460388.4585352642:
  TLE_ECI: r=[  -51.16873234 -3313.8380424   6966.70308759], v=[6.83711945 1.97343664 0.98865581]
  RK45_ECI: r=[ 4053.83366776 -1530.34067084  6388.44124597], v=[ 5.69576154  3.40645298 -2.78115574]
Epoch 1119, t=2460388.4586105277:
  TLE_ECI: r=[  155.48070803 -3253.28713887  6993.63732303], v=[6.83480782 2.0619006  0.80708912]
  RK45_ECI: r=[ 4091.51216565 -1506.22866102  6370.23752955], v=[ 5.6712549   3.41768402 -2.81708256]
Epoch 1120, t=2460388.458685791:
  TLE_ECI: r=[  361.95038572 -3190.00838176  7015.11491861], v=[6.82709371 2.14875282 0.62489851]
  RK45_ECI: r=[ 4129.01931662 -1482.02614695  6351.8004662 ], v=[ 5.64653191  3.42876753 -2.85290589]
Epoch 1121, t=2460388.458761054:
  TLE_ECI: r=[  568.07704244 -3124.05132806  7031.11927658], v=[6.81398495 2.23392113 0.44222516]
  RK45_ECI: r=[ 4166.35315401 -1457.73449767  6333.13099556], v=[ 5.62159394  3.43970277 -2.88862392]
Epoch 1122, t=2460388.4588363175:
  TLE_ECI: r=[  773.69776922 -3055.46775336  7041.63804002], v=[6.79549356 2.31733471 0.25921061]
  RK45_ECI: r=[ 4203.51276536 -1433.35442281  6314.22954335], v=[ 5.59644174  3.45048928 -2.92423583]
Epoch 1123, t=2460388.458911581:
  TLE_ECI: r=[  978.65007732 -2984.31161956  7046.66310171], v=[6.7716357  2.39892403 0.07599662]
  RK45_ECI: r=[ 4240.49671355 -1408.88698541  6295.09680183], v=[ 5.57107637  3.46112646 -2.95974032]
Epoch 1124, t=2460388.4589868444:
  TLE_ECI: r=[ 1182.77206077 -2910.63902856  7046.19060978], v=[ 6.74243171  2.478621   -0.10727489]
  RK45_ECI: r=[ 4277.3032347  -1384.33345326  6275.73365452], v=[ 5.54549915  3.47161365 -2.99513574]
Epoch 1125, t=2460388.4590621074:
  TLE_ECI: r=[ 1385.90250431 -2834.50818372  7040.22097048], v=[ 6.70790604  2.55635897 -0.29046199]
  RK45_ECI: r=[ 4313.93091174 -1359.69490106  6256.14081718], v=[ 5.51971117  3.48195024 -3.03042079]
Epoch 1126, t=2460388.459137371:
  TLE_ECI: r=[ 1587.88104154 -2755.97932941  7028.75884764], v=[ 6.66808726  2.63207289 -0.47342277]
  RK45_ECI: r=[ 4350.37885029 -1334.97205047  6236.31873324], v=[ 5.49371319  3.49213581 -3.06559468]
Epoch 1127, t=2460388.4592126342:
  TLE_ECI: r=[ 1788.5482283  -2675.11472656  7011.81315926], v=[ 6.62300805  2.70569917 -0.65601554]
  RK45_ECI: r=[ 4386.64514085 -1310.16630272  6216.26840958], v=[ 5.46750666  3.50216967 -3.1006556 ]
Epoch 1128, t=2460388.4592878977:
  TLE_ECI: r=[ 1987.7457     -2591.97859024  6989.39707095], v=[ 6.57270514  2.77717591 -0.83809884]
  RK45_ECI: r=[ 4422.72872551 -1285.27851871  6195.99039578], v=[ 5.44109247  3.51205132 -3.1356026 ]
Epoch 1129, t=2460388.459363161:
  TLE_ECI: r=[ 2185.31628579 -2506.63704305  6961.52798622], v=[ 6.5172193   2.84644285 -1.0195316 ]
  RK45_ECI: r=[ 4458.62788686 -1260.30999092  6175.48562837], v=[ 5.41447197  3.52178017 -3.17043404]
Epoch 1130, t=2460388.459438424:
  TLE_ECI: r=[ 2381.10412298 -2419.15807091  6928.22753383], v=[ 6.45659533  2.91344142 -1.20017323]
  RK45_ECI: r=[ 4494.34124696 -1235.26181614  6154.75486511], v=[ 5.38764631  3.53135563 -3.20514867]
Epoch 1131, t=2460388.4595136875:
  TLE_ECI: r=[ 2574.95480646 -2329.61144295  6889.52155193], v=[ 6.39088197  2.97811489 -1.37988371]
  RK45_ECI: r=[ 4529.86793758 -1210.13473177  6133.79857544], v=[ 5.36061626  3.54077733 -3.23974566]
Epoch 1132, t=2460388.459588951:
  TLE_ECI: r=[ 2766.71546516 -2238.06869713  6845.44006929], v=[ 6.32013196  3.04040827 -1.55852369]
  RK45_ECI: r=[ 4565.20610087 -1184.93016511  6112.61782405], v=[ 5.33338331  3.55004459 -3.27422328]
Epoch 1133, t=2460388.4596642144:
  TLE_ECI: r=[ 2956.23490969 -2144.60305851  6796.01728333], v=[ 6.24440191  3.10026845 -1.73595461]
  RK45_ECI: r=[ 4600.35471032 -1159.64899479  6091.21319167], v=[ 5.30594839  3.55915699 -3.30858055]
Epoch 1134, t=2460388.459739478:
  TLE_ECI: r=[ 3143.36374252 -2049.28938845  6741.29153519], v=[ 6.16375231  3.15764421 -1.9120388 ]
  RK45_ECI: r=[ 4635.31209634 -1134.29253681  6069.58566697], v=[ 5.27831289  3.56811393 -3.34281589]
Epoch 1135, t=2460388.459814741:
  TLE_ECI: r=[ 3327.95446839 -1952.20413587  6681.30528174], v=[ 6.07824749  3.21248628 -2.08663957]
  RK45_ECI: r=[ 4670.07692149 -1108.8619086   6047.73604913], v=[ 5.250478    3.57691491 -3.37692804]
Epoch 1136, t=2460388.4598900042:
  TLE_ECI: r=[ 3509.86163234 -1853.42523916  6616.10506442], v=[ 5.9879555   3.26474738 -2.25962131]
  RK45_ECI: r=[ 4704.64834435 -1083.35786236  6025.66483318], v=[ 5.2224445   3.58555953 -3.41091623]
Epoch 1137, t=2460388.4599652677:
  TLE_ECI: r=[ 3688.94189796 -1753.03212157  6545.7414753 ], v=[ 5.89294821  3.31438225 -2.4308496 ]
  RK45_ECI: r=[ 4739.02456049 -1057.78184975  6003.37314069], v=[ 5.19421395  3.59404722 -3.4447787 ]
Epoch 1138, t=2460388.460040531:
  TLE_ECI: r=[ 3865.05418299 -1651.10559192  6470.26911989], v=[ 5.79330111  3.36134768 -2.60019131]
  RK45_ECI: r=[ 4773.20457551 -1032.13476626  5980.861583  ], v=[ 5.16578727  3.60237753 -3.47851454]
Epoch 1139, t=2460388.460115794:
  TLE_ECI: r=[ 4038.05975919 -1547.72780175  6389.74657708], v=[ 5.68909335  3.40560255 -2.76751468]
  RK45_ECI: r=[ 4807.18660955 -1006.41807403  5958.13130722], v=[ 5.13716607  3.6105499  -3.51212202]
Epoch 1140, t=2460388.4601910575:
  TLE_ECI: r=[ 4207.82237955 -1442.98213389  6304.23635595], v=[ 5.58040765  3.44710794 -2.93268947]
  RK45_ECI: r=[4840.97000176 -980.63242667 5935.18272342], v=[ 5.10835101  3.61856399 -3.54560054]
Epoch 1141, t=2460388.460266321:
  TLE_ECI: r=[ 4374.20835701 -1336.95320598  6213.80484979], v=[ 5.46733022  3.48582705 -3.095587  ]
  RK45_ECI: r=[4874.55299149 -954.77929431 5912.01699787], v=[ 5.07934368  3.62641924 -3.57894838]
Epoch 1142, t=2460388.4603415844:
  TLE_ECI: r=[ 4537.08668868 -1229.72675784  6118.52228698], v=[ 5.34995078  3.52172529 -3.25608028]
  RK45_ECI: r=[4907.93445656 -928.85969605 5888.63487621], v=[ 5.05014517  3.63411523 -3.61216448]
Epoch 1143, t=2460388.460416848:
  TLE_ECI: r=[ 4696.32915435 -1121.38959449  6018.462679  ], v=[ 5.22836238  3.55477034 -3.41404409]
  RK45_ECI: r=[4941.11327976 -902.87465348 5865.0371079 ], v=[ 5.02075658  3.64165152 -3.64524777]
Epoch 1144, t=2460388.460492111:
  TLE_ECI: r=[ 4851.81041473 -1012.02953143  5913.70376552], v=[ 5.10266147  3.5849321  -3.56935513]
  RK45_ECI: r=[4974.08773689 -876.82565071 5841.22489538], v=[ 4.99117952  3.64902759 -3.67819657]
Epoch 1145, t=2460388.4605673742:
  TLE_ECI: r=[5003.40812281 -901.73526853 5804.32695655], v=[ 4.97294767  3.61218286 -3.72189202]
  RK45_ECI: r=[5006.85719078 -850.71335363 5817.19866821], v=[ 4.9614147   3.65624313 -3.71101028]
Epoch 1146, t=2460388.4606426377:
  TLE_ECI: r=[5151.00300222 -790.59640262 5690.41727173], v=[ 4.83932384  3.63649715 -3.8715355 ]
  RK45_ECI: r=[5039.41993697 -824.53925388 5792.95964761], v=[ 4.93146375  3.66329761 -3.74368723]
Epoch 1147, t=2460388.460717901:
  TLE_ECI: r=[5294.47895491 -678.70330034 5572.06327679], v=[ 4.70189596  3.65785191 -4.01816844]
  RK45_ECI: r=[5071.77489156 -798.30438655 5768.50861355], v=[ 4.90132778  3.67019064 -3.77622639]
Epoch 1148, t=2460388.4607931646:
  TLE_ECI: r=[5433.72315036 -566.14703946 5449.35701714], v=[ 4.560773    3.67622644 -4.161676  ]
  RK45_ECI: r=[5103.92097567 -772.00978929 5743.84634988], v=[ 4.87100793  3.67692183 -3.8086267 ]
Epoch 1149, t=2460388.4608684275:
  TLE_ECI: r=[5568.62611441 -453.01935168 5322.39394869], v=[ 4.41606694  3.69160243 -4.30194566]
  RK45_ECI: r=[5135.85652229 -745.65696685 5718.97411304], v=[ 4.84050586  3.68349067 -3.84088652]
Epoch 1150, t=2460388.460943691:
  TLE_ECI: r=[5699.08182258 -339.41248386 5191.27286593], v=[ 4.26789256  3.70396404 -4.43886737]
  RK45_ECI: r=[5167.58091857 -719.2465964  5693.89235168], v=[ 4.80982227  3.68989689 -3.87300528]
Epoch 1151, t=2460388.4610189544:
  TLE_ECI: r=[5824.98777622 -225.41921969 5056.09582726], v=[ 4.11636749  3.71329784 -4.57233361]
  RK45_ECI: r=[5199.09251784 -692.78018951 5668.60234057], v=[ 4.77895887  3.69614001 -3.90498134]
Epoch 1152, t=2460388.461094218:
  TLE_ECI: r=[5946.24509131 -111.13274082 4916.96807764], v=[ 3.96161203  3.71959287 -4.70223947]
  RK45_ECI: r=[5230.39042034 -666.25868352 5643.10477318], v=[ 4.74791666  3.70221968 -3.93681384]
Epoch 1153, t=2460388.4611694813:
  TLE_ECI: r=[6.06275858e+03 3.35343356e+00 4.77399797e+03], v=[ 3.80374909  3.72284066 -4.82848275]
  RK45_ECI: r=[5261.47315183 -639.6834699  5617.40082719], v=[ 4.7166972   3.70813546 -3.96850131]
Epoch 1154, t=2460388.4612447442:
  TLE_ECI: r=[6174.43681078  117.94550467 4627.29687598], v=[ 3.6429041   3.72303519 -4.95096406]
  RK45_ECI: r=[5292.33953889 -613.05573347 5591.49145145], v=[ 4.68530181  3.71388699 -4.00004259]
Epoch 1155, t=2460388.4613200077:
  TLE_ECI: r=[6281.19221584  232.54954313 4476.97911414], v=[ 3.4792049   3.72017302 -5.06958686]
  RK45_ECI: r=[5322.98884861 -586.37627499 5565.37723319], v=[ 4.65373134  3.71947396 -4.03143699]
Epoch 1156, t=2460388.461395271:
  TLE_ECI: r=[6382.94112902  347.07145809 4323.16184909], v=[ 3.31278165  3.71425315 -5.18425761]
  RK45_ECI: r=[5353.41949373 -559.6466247  5539.05949954], v=[ 4.62198754  3.72489594 -4.06268289]
Epoch 1157, t=2460388.4614705346:
  TLE_ECI: r=[6479.60387069  461.41714658 4165.96500811], v=[ 3.14376674  3.70527714 -5.29488577]
  RK45_ECI: r=[5383.63060994 -532.86773291 5512.53897186], v=[ 4.59007143  3.7301526  -4.09377948]
Epoch 1158, t=2460388.4615457975:
  TLE_ECI: r=[6571.10481108  575.49253363 4005.51118746], v=[ 2.97229469  3.69324905 -5.40138395]
  RK45_ECI: r=[5413.62063736 -506.04113744 5485.81700068], v=[ 4.5579848   3.73524355 -4.12472515]
Epoch 1159, t=2460388.461621061:
  TLE_ECI: r=[6657.37242574  689.20372695 3841.92555765], v=[ 2.79850197  3.67817551 -5.50366793]
  RK45_ECI: r=[5443.38887023 -479.16764842 5458.89419431], v=[ 4.52572851  3.7401685  -4.15551924]
Epoch 1160, t=2460388.4616963244:
  TLE_ECI: r=[6738.33936326  802.45698009 3675.33576653], v=[ 2.62252702  3.66006564 -5.60165677]
  RK45_ECI: r=[5472.9341843  -452.24846716 5431.77154033], v=[ 4.49330392  3.7449271  -4.18616061]
Epoch 1161, t=2460388.461771588:
  TLE_ECI: r=[6813.94249494  915.15884651 3505.8718402 ], v=[ 2.44451005  3.63893111 -5.69527288]
  RK45_ECI: r=[5502.25519387 -425.28501075 5404.45029101], v=[ 4.46071265  3.749519   -4.21664786]
Epoch 1162, t=2460388.4618468513:
  TLE_ECI: r=[6884.12296799 1027.2162384  3333.66608176], v=[ 2.26459294  3.6147861  -5.78444204]
  RK45_ECI: r=[5531.35107108 -398.27824185 5376.93119484], v=[ 4.42795579  3.7539439  -4.24698017]
Epoch 1163, t=2460388.4619221142:
  TLE_ECI: r=[6948.8262575  1138.53648406 3158.85296814], v=[ 2.08291916  3.58764732 -5.86909355]
  RK45_ECI: r=[5560.22031773 -371.22971434 5349.21565278], v=[ 4.39503512  3.75820143 -4.27715601]
Epoch 1164, t=2460388.4619973777:
  TLE_ECI: r=[7008.00219838 1249.02748664 2981.56904493], v=[ 1.8996336   3.557534   -5.94916022]
  RK45_ECI: r=[5588.86225918 -344.14024858 5321.30429525], v=[ 4.36195158  3.76229135 -4.3071747 ]
Epoch 1165, t=2460388.462072641:
  TLE_ECI: r=[7061.60504596 1358.59767985 2801.95281935], v=[ 1.7148825   3.52446785 -6.02457845]
  RK45_ECI: r=[5617.27581847 -317.01105938 5293.19814593], v=[ 4.32870652  3.76621333 -4.33703515]
Epoch 1166, t=2460388.4621479046:
  TLE_ECI: r=[7109.59350145 1467.15618567 2620.14465143], v=[ 1.52881331  3.48847309 -6.09528832]
  RK45_ECI: r=[5645.45966712 -289.84357793 5264.89850205], v=[ 4.29530166  3.76996707 -4.366736  ]
Epoch 1167, t=2460388.462223168:
  TLE_ECI: r=[7151.93074924 1574.61287075 2436.28664359], v=[ 1.34157459  3.44957637 -6.16123359]
  RK45_ECI: r=[5673.41301466 -262.63877808 5236.40613856], v=[ 4.26173805  3.77355229 -4.39627645]
Epoch 1168, t=2460388.462298431:
  TLE_ECI: r=[7188.58449236 1680.87840129 2250.52252856], v=[ 1.15331584  3.40780685 -6.22236182]
  RK45_ECI: r=[5701.13442619 -235.39822823 5207.72250544], v=[ 4.22801758  3.77696868 -4.425655  ]
Epoch 1169, t=2460388.4623736944:
  TLE_ECI: r=[7219.52695985 1785.86440294 2062.99755584], v=[ 0.96418742  3.36319609 -6.27862433]
  RK45_ECI: r=[5728.62325902 -208.12275796 5178.84825469], v=[ 4.19414117  3.78021601 -4.45487099]
Epoch 1170, t=2460388.462448958:
  TLE_ECI: r=[7244.73495853 1889.48340902 1873.8583767 ], v=[ 0.77434041  3.31577806 -6.32997634]
  RK45_ECI: r=[5755.87848466 -180.81359439 5149.78444504], v=[ 4.16011024  3.78329401 -4.48392338]
Epoch 1171, t=2460388.4625242213:
  TLE_ECI: r=[7264.18987338 1991.64901901 1683.252928  ], v=[ 0.58392648  3.26558913 -6.37637694]
  RK45_ECI: r=[5782.89883333 -153.47218129 5120.53241759], v=[ 4.12592651  3.7862024  -4.51281082]
Epoch 1172, t=2460388.4625994847:
  TLE_ECI: r=[7277.87768748 2092.27595114 1491.3303147 ], v=[ 0.39309778  3.21266802 -6.41778915]
  RK45_ECI: r=[5809.68355286 -126.09950245 5091.09297293], v=[ 4.09159111  3.78894095 -4.54153254]
Epoch 1173, t=2460388.4626747477:
  TLE_ECI: r=[7285.78900016 2191.28009272 1298.24069135], v=[ 0.20200677  3.15705577 -6.45417998]
  RK45_ECI: r=[5836.23127325  -98.69713914 5061.46760884], v=[ 4.05710593  3.79150939 -4.57008709]
Epoch 1174, t=2460388.462750011:
  TLE_ECI: r=[7287.91900902 2288.57865807 1104.13514266], v=[ 0.01080615  3.09879575 -6.48552041]
  RK45_ECI: r=[5862.54138449  -71.26592934 5031.65699827], v=[ 4.02247193  3.79390753 -4.59847383]
Epoch 1175, t=2460388.4628252746:
  TLE_ECI: r=[7284.26755152 2384.09013036  909.16556302], v=[-0.18035132  3.03793355 -6.51178547]
  RK45_ECI: r=[5888.61290779  -43.80711092 5001.66223412], v=[ 3.98769058  3.79613513 -4.62669171]
Epoch 1176, t=2460388.462900538:
  TLE_ECI: r=[7274.83907989 2477.73441682  713.48453541], v=[-0.37131292  2.97451702 -6.53295422]
  RK45_ECI: r=[5914.44463336  -16.32213839 4971.48470013], v=[ 3.95276362  3.79819196 -4.65473947]
Epoch 1177, t=2460388.462975801:
  TLE_ECI: r=[7259.64267085 2569.43287416  517.24520966], v=[-0.5619261   2.90859617 -6.54900981]
  RK45_ECI: r=[5940.03560923   11.18774576 4941.12550774], v=[ 3.91769253  3.80007782 -4.68261605]
Epoch 1178, t=2460388.4630510644:
  TLE_ECI: r=[7238.69198755 2659.10846149  320.60118014], v=[-0.75203863  2.84022317 -6.55993945]
  RK45_ECI: r=[5965.38524887   38.72169774 4910.58534376], v=[ 3.88247828  3.80179251 -4.71032085]
Epoch 1179, t=2460388.463126328:
  TLE_ECI: r=[7212.00531226 2746.68567782  123.70636297], v=[-0.94149872  2.76945229 -6.56573448]
  RK45_ECI: r=[5990.49225854   66.27812402 4879.865759  ], v=[ 3.84712281  3.80333586 -4.73785246]
Epoch 1180, t=2460388.4632015913:
  TLE_ECI: r=[7179.60550113 2832.09071216  -73.28512691], v=[-1.13015512  2.69633986 -6.5663903 ]
  RK45_ECI: r=[6015.35594916   93.85602678 4848.96759381], v=[ 3.81162729  3.80470765 -4.76521013]
Epoch 1181, t=2460388.4632768547:
  TLE_ECI: r=[7141.51997179 2915.25148527 -270.21909904], v=[-1.3178573   2.62094422 -6.56190646]
  RK45_ECI: r=[6039.97517229  121.45394232 4817.8922734 ], v=[ 3.77599352  3.80590774 -4.7923926 ]
Epoch 1182, t=2460388.4633521177:
  TLE_ECI: r=[7097.78068859 2996.09769055 -466.94141064], v=[-1.50445553  2.54332565 -6.55228659]
  RK45_ECI: r=[6064.34902711  149.07061973 4786.64094197], v=[ 3.74022298  3.80693594 -4.81939889]
Epoch 1183, t=2460388.463427381:
  TLE_ECI: r=[7048.42410014 3074.56093779 -663.29808983], v=[-1.68980106  2.46354636 -6.53753844]
  RK45_ECI: r=[6088.476961    176.70520857 4755.21430639], v=[ 3.70431668  3.80779211 -4.84622837]
Epoch 1184, t=2460388.4635026446:
  TLE_ECI: r=[6993.49116034 3150.57468599 -859.13545879], v=[-1.87374619  2.3816704  -6.51767387]
  RK45_ECI: r=[6112.35774789  204.35610662 4723.61396246], v=[ 3.66827657  3.80847611 -4.87287969]
Epoch 1185, t=2460388.463577908:
  TLE_ECI: r=[ 6933.02725868  3224.07438435 -1054.30025642], v=[-2.05614442  2.29776364 -6.49270879]
  RK45_ECI: r=[6135.99073911  232.022309   4691.84077449], v=[ 3.63210386  3.80898777 -4.89935212]
Epoch 1186, t=2460388.4636531714:
  TLE_ECI: r=[ 6867.08219004  3294.99750664 -1248.63976079], v=[-2.23685058  2.21189366 -6.46266322]
  RK45_ECI: r=[6159.37484853  259.70234485 4659.89620798], v=[ 3.59580036  3.809327   -4.92564444]
Epoch 1187, t=2460388.4637284344:
  TLE_ECI: r=[ 6795.71012229  3363.28358424 -1442.00191098], v=[-2.41572093  2.12412978 -6.42756121]
  RK45_ECI: r=[6182.50922734  287.39495613 4627.78143885], v=[ 3.55936758  3.80949365 -4.9517557 ]
Epoch 1188, t=2460388.463803698:
  TLE_ECI: r=[ 6718.96951063  3428.87433827 -1634.23542826], v=[-2.59261332  2.03454286 -6.38743084]
  RK45_ECI: r=[6205.39335724  315.09928679 4595.49719358], v=[ 3.52280653  3.80948761 -4.97768529]
Epoch 1189, t=2460388.4638789613:
  TLE_ECI: r=[ 6636.9231065   3491.71360912 -1825.18993673], v=[-2.76738726  1.94320541 -6.34230422]
  RK45_ECI: r=[6228.02608095  342.81372808 4563.04511147], v=[ 3.48611923  3.80930879 -5.0034319 ]
Epoch 1190, t=2460388.4639542247:
  TLE_ECI: r=[ 6549.63786549  3551.74748454 -2014.7160828 ], v=[-2.93990408  1.85019138 -6.29221739]
  RK45_ECI: r=[6250.40679067  370.5372694  4530.42608012], v=[ 3.44930685  3.80895707 -5.02899483]
Epoch 1191, t=2460388.464029488:
  TLE_ECI: r=[ 6457.18490025  3608.92432551 -2202.66565399], v=[-3.11002701  1.75557618 -6.23721035]
  RK45_ECI: r=[6272.53446346  398.26843403 4497.64160395], v=[ 3.41237126  3.80843239 -5.05437291]
Epoch 1192, t=2460388.464104751:
  TLE_ECI: r=[ 6359.63943074  3663.19479203 -2388.89169649], v=[-3.27762131  1.65943659 -6.17732702]
  RK45_ECI: r=[6294.40830321  426.00595872 4464.69288964], v=[ 3.37531397  3.80773465 -5.07956519]
Epoch 1193, t=2460388.4641800146:
  TLE_ECI: r=[ 6257.0806781   3714.51195959 -2573.24863156], v=[-3.44255439  1.56185068 -6.11261515]
  RK45_ECI: r=[6316.02782625  453.74898292 4431.58068251], v=[ 3.33813602  3.80686377 -5.10457113]
Epoch 1194, t=2460388.464255278:
  TLE_ECI: r=[ 6149.59186164  3762.83124658 -2755.59237078], v=[-3.60469588  1.46289776 -6.04312633]
  RK45_ECI: r=[6337.39194505  481.49589296 4398.30666395], v=[ 3.30083942  3.80581972 -5.12938943]
Epoch 1195, t=2460388.4643305414:
  TLE_ECI: r=[ 6037.26008621  3808.11052759 -2935.78042975], v=[-3.7639178   1.36265832 -5.96891589]
  RK45_ECI: r=[6358.500093    509.24567368 4364.87174393], v=[ 3.26342539  3.8046024  -5.15401944]
Epoch 1196, t=2460388.4644058044:
  TLE_ECI: r=[ 5920.17629093  3850.3101329  -3113.67204048], v=[-3.92009457  1.26121394 -5.89004292]
  RK45_ECI: r=[6379.35121436  536.99670987 4331.27762249], v=[ 3.22589598  3.80321181 -5.17845989]
Epoch 1197, t=2460388.464481068:
  TLE_ECI: r=[ 5798.43512761  3889.39295215 -3289.12826194], v=[-4.07310323  1.15864721 -5.80657012]
  RK45_ECI: r=[6399.9449541   564.74825445 4297.52490296], v=[ 3.18825202  3.80164786 -5.20271037]
Epoch 1198, t=2460388.4645563313:
  TLE_ECI: r=[ 5672.13494923  3925.32436014 -3462.01208934], v=[-4.22282341  1.0550417  -5.71856385]
  RK45_ECI: r=[6420.28028106  592.49869107 4263.61529922], v=[ 3.15049559  3.79991055 -5.22676963]
Epoch 1199, t=2460388.4646315947:
  TLE_ECI: r=[ 5541.37768262  3958.07231705 -3632.18856129], v=[-4.36913753  0.95048185 -5.62609398]
  RK45_ECI: r=[6440.35656693  620.24688584 4229.54989874], v=[ 3.11262805  3.79799985 -5.25063693]
Epoch 1200, t=2460388.464706858:
  TLE_ECI: r=[ 5406.26875476  3987.60737775 -3799.52486532], v=[-4.51193082  0.84505291 -5.52923388]
  RK45_ECI: r=[6460.17318953  647.99170418 4195.32979173], v=[ 3.0746508   3.79591572 -5.27431149]
Epoch 1201, t=2460388.464782121:
  TLE_ECI: r=[ 5266.91701683  4013.90270128 -3963.89044141], v=[-4.65109145  0.73884089 -5.42806033]
  RK45_ECI: r=[6479.72916392  675.73152887 4160.95671789], v=[ 3.03656591  3.79365818 -5.29779213]
Epoch 1202, t=2460388.4648573846:
  TLE_ECI: r=[ 5123.43460718  4036.93413535 -4125.15708343], v=[-4.78651059  0.63193242 -5.32265348]
  RK45_ECI: r=[6499.02416463  703.46560941 4126.43129432], v=[ 2.99837422  3.79122719 -5.32107842]
Epoch 1203, t=2460388.464932648:
  TLE_ECI: r=[ 4975.93692828  4056.68014362 -4283.19903873], v=[-4.91808253  0.52441477 -5.21309673]
  RK45_ECI: r=[6518.05723157  731.19232827 4091.75527399], v=[ 2.96007783  3.78862279 -5.34416921]
Epoch 1204, t=2460388.4650079114:
  TLE_ECI: r=[ 4824.54250514  4073.12188616 -4437.89310536], v=[-5.0457047   0.41637572 -5.09947669]
  RK45_ECI: r=[6536.82787344  758.91066478 4056.92960477], v=[ 2.92167796  3.78584495 -5.36706386]
Epoch 1205, t=2460388.465083175:
  TLE_ECI: r=[ 4669.37289913  4086.24322    -4589.11872707], v=[-5.1692778   0.30790347 -4.98188314]
  RK45_ECI: r=[6555.33524831  786.61913576 4021.95589239], v=[ 2.8831765   3.78289374 -5.38976133]
Epoch 1206, t=2460388.465158438:
  TLE_ECI: r=[ 4510.55262027  4096.03069922 -4736.75808622], v=[-5.28870585  0.19908664 -4.86040886]
  RK45_ECI: r=[6573.57871055  814.31646981 3986.83542303], v=[ 2.84457507  3.77976917 -5.4122608 ]
Epoch 1207, t=2460388.4652337013:
  TLE_ECI: r=[ 4348.20897697  4102.47364033 -4880.69619397], v=[-5.40389624  0.09001407 -4.73514963]
  RK45_ECI: r=[6591.55787508  842.0017992  3951.56899072], v=[ 2.80587467  3.77647122 -5.43456178]
Epoch 1208, t=2460388.4653089647:
  TLE_ECI: r=[ 4182.47204425  4105.56405007 -5020.8209785 ], v=[-5.51475986 -0.01922509 -4.60620413]
  RK45_ECI: r=[6609.27185387  869.67350619 3916.15838566], v=[ 2.76707743  3.773      -5.45666315]
Epoch 1209, t=2460388.465384228:
  TLE_ECI: r=[ 4013.47450961  4105.29668698 -5157.02337037], v=[-5.62121108 -0.12854159 -4.47367383]
  RK45_ECI: r=[6626.72019794  897.33056871 3880.60457545], v=[ 2.72818457  3.76935551 -5.47856431]
Epoch 1210, t=2460388.4654594916:
  TLE_ECI: r=[ 3841.35157728  4101.66905233 -5289.19738559], v=[-5.72316787 -0.23784608 -4.33766294]
  RK45_ECI: r=[6643.90213141  924.97150414 3844.90919888], v=[ 2.68919805  3.76553784 -5.50026428]
Epoch 1211, t=2460388.4655347546:
  TLE_ECI: r=[ 3666.24087057  4094.68138176 -5417.24020599], v=[-5.82055184 -0.34704919 -4.19827829]
  RK45_ECI: r=[6660.81706342  952.59504102 3809.07356814], v=[ 2.65011943  3.76154706 -5.52176227]
Epoch 1212, t=2460388.465610018:
  TLE_ECI: r=[ 3488.28227262  4084.33668919 -5541.05225696], v=[-5.91328828 -0.45606168 -4.05562928]
  RK45_ECI: r=[6677.46464474  980.20031049 3773.09849293], v=[ 2.61094979  3.75738316 -5.54305781]
Epoch 1213, t=2460388.4656852814:
  TLE_ECI: r=[ 3307.6178857   4070.64069855 -5660.53728268], v=[-6.00130623 -0.56479438 -3.90982774]
  RK45_ECI: r=[6693.84406017 1007.78569675 3736.98579901], v=[ 2.57169125  3.75304631 -5.56414985]
Epoch 1214, t=2460388.465760545:
  TLE_ECI: r=[ 3124.39186897  4053.60188419 -5775.60241844], v=[-6.08453851 -0.67315835 -3.76098789]
  RK45_ECI: r=[6709.95490347 1035.35017717 3700.73647258], v=[ 2.53234506  3.74853652 -5.58503781]
Epoch 1215, t=2460388.465835808:
  TLE_ECI: r=[ 2938.75034653  4033.23144473 -5886.15826036], v=[-6.16292179 -0.78106493 -3.60922622]
  RK45_ECI: r=[6725.79639257 1062.89213758 3664.35235501], v=[ 2.49291336  3.74385396 -5.60572067]
Epoch 1216, t=2460388.4659110713:
  TLE_ECI: r=[ 2750.84124351  4009.54332939 -5992.11893216], v=[-6.23639658 -0.88842583 -3.45466141]
  RK45_ECI: r=[6741.36821085 1090.4107093  3627.83426987], v=[ 2.45339721  3.73899867 -5.62619798]
Epoch 1217, t=2460388.4659863347:
  TLE_ECI: r=[ 2560.81423897  3982.5541739  -6093.40214937], v=[-6.30490733 -0.99515316 -3.29741422]
  RK45_ECI: r=[6756.66982651 1117.90462153 3591.18355495], v=[ 2.41379823  3.73397074 -5.64646899]
Epoch 1218, t=2460388.466061598:
  TLE_ECI: r=[ 2368.82059933  3952.28332387 -6189.92928048], v=[-6.3684024  -1.10115952 -3.1376074 ]
  RK45_ECI: r=[6771.70057077 1145.37239611 3554.40189863], v=[ 2.37411839  3.72877033 -5.6665328 ]
Epoch 1219, t=2460388.4661368616:
  TLE_ECI: r=[ 2175.01307032  3918.7528105  -6281.62540531], v=[-6.42683417 -1.20635808 -2.9753656 ]
  RK45_ECI: r=[6786.46008072 1172.81301106 3517.49030475], v=[ 2.33435896  3.72339753 -5.68638889]
Epoch 1220, t=2460388.4662121246:
  TLE_ECI: r=[ 1979.54576745  3881.98732768 -6368.41937048], v=[-6.48015898 -1.3106626  -2.81081527]
  RK45_ECI: r=[6800.9476482 1200.2248563 3480.4506476], v=[ 2.29452209  3.71785252 -5.70603626]
Epoch 1221, t=2460388.466287388:
  TLE_ECI: r=[ 1782.5740084   3842.01423695 -6450.24384187], v=[-6.52833723 -1.41398761 -2.64408458]
  RK45_ECI: r=[6815.16299319 1227.60706414 3443.28376481], v=[ 2.25460886  3.71213538 -5.72547449]
Epoch 1222, t=2460388.4663626514:
  TLE_ECI: r=[ 1584.25425947  3798.86350923 -6527.03535439], v=[-6.57133333 -1.51624833 -2.47530328]
  RK45_ECI: r=[6829.10563984 1254.9583663  3405.99101739], v=[ 2.21462091  3.70624624 -5.7447029 ]
Epoch 1223, t=2460388.466437915:
  TLE_ECI: r=[ 1384.74396661  3752.56772685 -6598.73435852], v=[-6.60911581 -1.61736082 -2.30460263]
  RK45_ECI: r=[6842.77498735 1282.27728922 3368.57412261], v=[ 2.17456023  3.70018531 -5.76372062]
Epoch 1224, t=2460388.4665131783:
  TLE_ECI: r=[ 1184.20144323  3703.16205184 -6665.28526404], v=[-6.64165725 -1.71724203 -2.13211531]
  RK45_ECI: r=[6856.17071644 1309.56281274 3331.03410095], v=[ 2.13442809  3.69395269 -5.78252715]
Epoch 1225, t=2460388.4665884413:
  TLE_ECI: r=[  982.78575706  3650.68419569 -6726.63648074], v=[-6.66893434 -1.81580986 -1.9579753 ]
  RK45_ECI: r=[6869.29219366 1336.81333305 3293.37285778], v=[ 2.0942267   3.68754863 -5.80112155]
Epoch 1226, t=2460388.4666637047:
  TLE_ECI: r=[  780.65656281  3595.1744025  -6782.74045602], v=[-6.69092788 -1.91298326 -1.78231778]
  RK45_ECI: r=[6882.13917596 1364.0279839  3255.5912441 ], v=[ 2.05395711  3.68097324 -5.81950344]
Epoch 1227, t=2460388.466738968:
  TLE_ECI: r=[  577.97404215  3536.67539854 -6833.55370975], v=[-6.70762279 -2.00868222 -1.60527905]
  RK45_ECI: r=[6894.7112441  1391.205501   3217.69064278], v=[ 2.013621    3.67422667 -5.83767215]
Epoch 1228, t=2460388.4668142316:
  TLE_ECI: r=[  374.89873563  3475.23237263 -6879.03686587], v=[-6.7190081  -2.10282788 -1.4269964 ]
  RK45_ECI: r=[6907.00786578 1418.3444174  3179.67279842], v=[ 1.97322037  3.66730919 -5.85562688]
Epoch 1229, t=2460388.4668894946:
  TLE_ECI: r=[  171.59143874  3410.89293716 -6919.15468102], v=[-6.725077   -2.19534255 -1.24760804]
  RK45_ECI: r=[6919.02865214 1445.44347197 3141.53910562], v=[ 1.9327569   3.66022101 -5.87336699]
Epoch 1230, t=2460388.466964758:
  TLE_ECI: r=[  -31.78696321  3343.70709414 -6953.87607014], v=[-6.72582675 -2.28614988 -1.06725297]
  RK45_ECI: r=[6930.77338631 1472.50179979 3103.29042381], v=[ 1.89223164  3.65296221 -5.89089209]
Epoch 1231, t=2460388.4670400214:
  TLE_ECI: r=[ -235.07555955  3273.72719147 -6983.17412913], v=[-6.72125879 -2.37517475 -0.88607089]
  RK45_ECI: r=[6942.24152137 1499.51780646 3064.92869185], v=[ 1.85164685  3.64553314 -5.90820131]
Epoch 1232, t=2460388.467115285:
  TLE_ECI: r=[ -438.1135794   3201.00788656 -7007.02615432], v=[-6.71137865 -2.46234346 -0.70420213]
  RK45_ECI: r=[6953.43280882 1526.49047684 3026.45495491], v=[ 1.81100378  3.63793393 -5.92529421]
Epoch 1233, t=2460388.4671905483:
  TLE_ECI: r=[ -640.740506    3125.60610301 -7025.41365892], v=[-6.69619596 -2.54758372 -0.52178748]
  RK45_ECI: r=[6964.34678551 1553.41835206 2987.87098327], v=[ 1.7703045   3.6301649  -5.94217001]
Epoch 1234, t=2460388.4672658113:
  TLE_ECI: r=[ -842.79619194  3047.58098913 -7038.32238652], v=[-6.67572449 -2.63082472 -0.33896814]
  RK45_ECI: r=[6974.98311992 1580.30017703 2949.17819161], v=[ 1.72955065  3.62222629 -5.95882811]
Epoch 1235, t=2460388.4673410747:
  TLE_ECI: r=[-1044.12101923  2966.99386318 -7045.74232133], v=[-6.64998204 -2.71199724 -0.15588562]
  RK45_ECI: r=[6985.34163259 1607.13509059 2910.37745136], v=[ 1.68874334  3.61411822 -5.97526817]
Epoch 1236, t=2460388.467416338:
  TLE_ECI: r=[-1244.55596808  2883.9081789  -7047.66769562], v=[-6.61899053 -2.79103362  0.0273184 ]
  RK45_ECI: r=[6995.42185264 1633.9215084  2871.4707289 ], v=[ 1.6478848   3.6058411  -5.99148934]
Epoch 1237, t=2460388.4674916016:
  TLE_ECI: r=[-1443.9427764   2798.38946861 -7044.09699388], v=[-6.58277591 -2.86786783  0.21050214]
  RK45_ECI: r=[7005.22357616 1660.65842008 2832.45908362], v=[ 1.60697632  3.59739508 -6.00749122]
Epoch 1238, t=2460388.467566865:
  TLE_ECI: r=[-1642.12405286  2710.50529446 -7035.03295399], v=[-6.54136816 -2.94243557  0.39352382]
  RK45_ECI: r=[7014.74640959 1687.34437672 2793.34431006], v=[ 1.56601995  3.58878055 -6.02327308]
Epoch 1239, t=2460388.467642128:
  TLE_ECI: r=[-1838.9433908   2620.32520164 -7020.48256538], v=[-6.4948013  -3.01467424  0.5762418 ]
  RK45_ECI: r=[7023.99007886 1713.97813115 2754.12784168], v=[ 1.52501736  3.57999777 -6.03883436]
Epoch 1240, t=2460388.4677173914:
  TLE_ECI: r=[-2034.24552013  2527.92064385 -7000.457064  ], v=[-6.44311329 -3.08452313  0.75851463]
  RK45_ECI: r=[7032.95444226 1740.55882661 2714.81056128], v=[ 1.48396965  3.57104693 -6.05417472]
Epoch 1241, t=2460388.467792655:
  TLE_ECI: r=[-2227.87638043  2433.3649584  -6974.97192438], v=[-6.38634608 -3.1519233   0.94020121]
  RK45_ECI: r=[7041.63910515 1767.08489098 2675.39446098], v=[ 1.44287906  3.56192844 -6.0692934 ]
Epoch 1242, t=2460388.4678679183:
  TLE_ECI: r=[-2419.68327162  2336.73328981 -6944.04684853], v=[-6.32454554 -3.21681773  1.12116081]
  RK45_ECI: r=[7050.0439084  1793.55531995 2635.88061358], v=[ 1.40174689  3.55264254 -6.08418999]
Epoch 1243, t=2460388.4679431817:
  TLE_ECI: r=[-2609.51496422  2238.10253643 -6907.70575177], v=[-6.25776142 -3.27915132  1.30125328]
  RK45_ECI: r=[7058.16852814 1819.9686764  2596.27083625], v=[ 1.36057518  3.54318962 -6.09886383]
Epoch 1244, t=2460388.4680184447:
  TLE_ECI: r=[-2797.22181015  2137.55129894 -6865.97674561], v=[-6.18604737 -3.33887097  1.48033905]
  RK45_ECI: r=[7066.012748   1846.32372244 2556.56658003], v=[ 1.31936561  3.53357003 -6.11331439]
Epoch 1245, t=2460388.468093708:
  TLE_ECI: r=[-2982.65588413  2035.15978726 -6818.89211737], v=[-6.10946079 -3.39592564  1.6582793 ]
  RK45_ECI: r=[7073.57646384 1872.61960702 2516.76873832], v=[ 1.27811927  3.52378396 -6.12754137]
Epoch 1246, t=2460388.4681689716:
  TLE_ECI: r=[-3165.67105996  1931.00980554 -6766.48830702], v=[-6.02806293 -3.45026633  1.83493602]
  RK45_ECI: r=[7080.85935757 1898.85477199 2476.8793272 ], v=[ 1.23683842  3.51383189 -6.14154405]
Epoch 1247, t=2460388.468244235:
  TLE_ECI: r=[-3346.12315007  1825.18465737 -6708.80588079], v=[-5.94191874 -3.50184615  2.01017215]
  RK45_ECI: r=[7087.86131462 1925.02822061 2436.89943194], v=[ 1.19552433  3.50371407 -6.15532207]
Epoch 1248, t=2460388.468319498:
  TLE_ECI: r=[-3523.87000597  1717.76909897 -6645.88950176], v=[-5.85109688 -3.55062035  2.18385164]
  RK45_ECI: r=[7094.58205151 1951.1384016  2396.83107894], v=[ 1.15417927  3.49343102 -6.16887473]
Epoch 1249, t=2460388.4683947614:
  TLE_ECI: r=[-3698.77164963  1608.84923203 -6577.78789747], v=[-5.75566965 -3.59654643  2.35583958]
  RK45_ECI: r=[7101.02153185 1977.18457658 2356.67498208], v=[ 1.11280411  3.48298291 -6.18220183]
Epoch 1250, t=2460388.468470025:
  TLE_ECI: r=[-3870.6903514   1498.51249677 -6504.55382452], v=[-5.65571294 -3.63958407  2.5260023 ]
  RK45_ECI: r=[7107.17949869 2003.16519997 2316.43317525], v=[ 1.07140112  3.47237026 -6.19530268]
Epoch 1251, t=2460388.4685452883:
  TLE_ECI: r=[-4039.49075893  1386.84756352 -6426.2440301 ], v=[-5.55130619 -3.67969525  2.69420743]
  RK45_ECI: r=[7113.05584169 2029.07917614 2276.10694241], v=[ 1.02997176  3.4615934  -6.2081769 ]
Epoch 1252, t=2460388.4686205518:
  TLE_ECI: r=[-4205.03999761  1273.94427327 -6342.91921053], v=[-5.44253232 -3.7168442   2.86032407]
  RK45_ECI: r=[7118.65045697 2054.92541001 2235.69756887], v=[ 0.98851752  3.45065266 -6.22082408]
Epoch 1253, t=2460388.4686958147:
  TLE_ECI: r=[-4367.20777173  1159.89357899 -6254.64396687], v=[-5.32947769 -3.75099754  3.02422282]
  RK45_ECI: r=[7123.96313735 2080.70236764 2195.20710227], v=[ 0.94704064  3.43954862 -6.23324361]
Epoch 1254, t=2460388.468771078:
  TLE_ECI: r=[-4525.8664806   1044.78742399 -6161.48675749], v=[-5.21223201 -3.78212424  3.18577593]
  RK45_ECI: r=[7128.99387761 2106.40931607 2154.63626347], v=[ 0.90554201  3.42828145 -6.24543528]
Epoch 1255, t=2460388.4688463416:
  TLE_ECI: r=[-4680.8912979    928.71874376 -6063.51984771], v=[-5.09088831 -3.81019565  3.34485737]
  RK45_ECI: r=[7133.74249713 2132.04472736 2113.98710692], v=[ 0.86402388  3.41685174 -6.25739849]
Epoch 1256, t=2460388.468921605:
  TLE_ECI: r=[-4832.16028475   811.78134299 -5960.81925651], v=[-4.96554284 -3.83518558  3.50134294]
  RK45_ECI: r=[7138.20893633 2157.60751671 2073.26092891], v=[ 0.82248772  3.40525984 -6.26913287]
Epoch 1257, t=2460388.4689968685:
  TLE_ECI: r=[-4979.55448255   694.06983315 -5853.46470032], v=[-4.83629505 -3.85707025  3.65511035]
  RK45_ECI: r=[7142.39314194 2183.0966007  2032.45902702], v=[ 0.780935    3.39350613 -6.28063808]
Epoch 1258, t=2460388.4690721314:
  TLE_ECI: r=[-5122.95800571   575.67957207 -5741.53953388], v=[-4.70324748 -3.87582837  3.80603934]
  RK45_ECI: r=[7146.2949832  2208.51046346 1991.58346805], v=[ 0.73936797  3.3815912  -6.29191356]
Epoch 1259, t=2460388.469147395:
  TLE_ECI: r=[-5262.25814091   456.70652819 -5625.13068826], v=[-4.56650566 -3.89144121  3.95401175]
  RK45_ECI: r=[7149.91448571 2233.84837895 1950.63497911], v=[ 0.69778752  3.36951529 -6.30295911]
Epoch 1260, t=2460388.4692226583:
  TLE_ECI: r=[-5397.34542581   337.24729239 -5504.32860605], v=[-4.4261781  -3.90389248  4.09891165]
  RK45_ECI: r=[7153.25154519 2259.10883804 1909.61563314], v=[ 0.65619588  3.35727899 -6.31377422]
Epoch 1261, t=2460388.4692979218:
  TLE_ECI: r=[-5528.11374438   217.39894146 -5379.2271737 ], v=[-4.28237617 -3.91316849  4.2406254 ]
  RK45_ECI: r=[7156.30617136 2284.29087051 1868.52654449], v=[ 0.61459434  3.34488265 -6.3243586 ]
Epoch 1262, t=2460388.469373185:
  TLE_ECI: r=[-5654.46040989    97.25897487 -5249.92365108], v=[-4.13521404 -3.91925809  4.37904175]
  RK45_ECI: r=[7159.07830521 2309.39309896 1827.36960058], v=[ 0.57298494  3.33232685 -6.3347118 ]
Epoch 1263, t=2460388.469448448:
  TLE_ECI: r=[-5776.28624754   -23.07474747 -5116.51859835], v=[-3.98480858 -3.9221527   4.51405194]
  RK45_ECI: r=[7161.56794856 2334.41433386 1786.14630643], v=[ 0.53136935  3.31961205 -6.34483346]
Epoch 1264, t=2460388.4695237116:
  TLE_ECI: r=[-5893.49567445  -143.50415173 -4979.1158    ], v=[-3.83127925 -3.92184637  4.64554977]
  RK45_ECI: r=[7163.77513887 2359.35375458 1744.8575875 ], v=[ 0.48974865  3.30673855 -6.3547234 ]
Epoch 1265, t=2460388.469598975:
  TLE_ECI: r=[-6005.9967762   -263.9309293  -4837.82218639], v=[-3.67474804 -3.91833573  4.77343172]
  RK45_ECI: r=[7165.69984813 2384.20987268 1703.5055332 ], v=[ 0.44812507  3.29370701 -6.36438111]
Epoch 1266, t=2460388.4696742385:
  TLE_ECI: r=[-6113.70138209  -384.25668343 -4692.74775251], v=[-3.51533941 -3.91162003  4.89759702]
  RK45_ECI: r=[7167.34213017 2408.98172907 1662.09126606], v=[ 0.40649989  3.28051779 -6.37380639]
Epoch 1267, t=2460388.4697495014:
  TLE_ECI: r=[-6216.52513795  -504.38297522 -4544.00547426], v=[-3.35318014 -3.90170112  5.01794772]
  RK45_ECI: r=[7168.70199141 2433.66784537 1620.61688233], v=[ 0.36487536  3.26717158 -6.38299877]
Epoch 1268, t=2460388.469824765:
  TLE_ECI: r=[-6314.38756926  -624.21147636 -4391.71122216], v=[-3.18839921 -3.88858354  5.1343888 ]
  RK45_ECI: r=[7169.77950273 2458.26740998 1579.08331329], v=[ 0.32325254  3.25366869 -6.39195809]
Epoch 1269, t=2460388.4699000283:
  TLE_ECI: r=[-6407.21215466  -743.64394183 -4235.98367261], v=[-3.0211278  -3.87227441  5.24682822]
  RK45_ECI: r=[7170.57472662 2482.77925002 1537.49207479], v=[ 0.2816331   3.24000963 -6.40068404]
Epoch 1270, t=2460388.4699752918:
  TLE_ECI: r=[-6494.92638372  -862.58236271 -4076.94421675], v=[-2.8514991  -3.8527835   5.35517705]
  RK45_ECI: r=[7171.08771513 2507.20202006 1495.84507589], v=[ 0.24001908  3.22619503 -6.40917627]
Epoch 1271, t=2460388.470050555:
  TLE_ECI: r=[-6577.4618176   -980.92902918 -3914.71686692], v=[-2.67964824 -3.83012322  5.45934947]
  RK45_ECI: r=[7171.31856605 2531.53477354 1454.1434461 ], v=[ 0.19841177  3.21222528 -6.41743455]
Epoch 1272, t=2460388.470125818:
  TLE_ECI: r=[-6654.75414852 -1098.58659203 -3749.42816088], v=[-2.50571219 -3.80430859  5.55926294]
  RK45_ECI: r=[7171.2673619  2555.77605493 1412.38929518], v=[ 0.15681338  3.19810112 -6.42545853]
Epoch 1273, t=2460388.4702010816:
  TLE_ECI: r=[-6726.74324027 -1215.45822114 -3581.20706378], v=[-2.32982961 -3.77535731  5.6548382 ]
  RK45_ECI: r=[7170.93421043 2579.92506342 1370.58355955], v=[ 0.115225    3.18382287 -6.43324804]
Epoch 1274, t=2460388.470276345:
  TLE_ECI: r=[-6793.37319619 -1331.44756991 -3410.18486802], v=[-2.1521408  -3.74328964  5.74599935]
  RK45_ECI: r=[7170.31923109 2603.98064328 1328.72776411], v=[ 0.07364829  3.16939108 -6.44080284]
Epoch 1275, t=2460388.4703516085:
  TLE_ECI: r=[-6854.59239362 -1446.45893288 -3236.49509094], v=[-1.97278754 -3.70812846  5.83267395]
  RK45_ECI: r=[7169.42254523 2627.94147083 1286.82382891], v=[ 0.0320853   3.15480642 -6.44812262]
Epoch 1276, t=2460388.470426872:
  TLE_ECI: r=[-6910.35352965 -1560.39730656 -3060.27337067], v=[-1.79191299 -3.66989926  5.91479307]
  RK45_ECI: r=[7168.24429454 2651.80661289 1244.87288939], v=[-0.00946272  3.14006932 -6.4552072 ]
Epoch 1277, t=2460388.470502135:
  TLE_ECI: r=[-6960.61366536 -1673.16844861 -2881.65735991], v=[-1.6096616  -3.6286301   5.99229134]
  RK45_ECI: r=[7166.78463747 2675.57463845 1202.87706672], v=[-0.05099352  3.12518054 -6.46205628]
Epoch 1278, t=2460388.4705773983:
  TLE_ECI: r=[-7005.33424227 -1784.67903862 -2700.786618  ], v=[-1.42617891 -3.58435159  6.06510702]
  RK45_ECI: r=[7165.04371856 2699.24475833 1160.8373016 ], v=[-0.09250603  3.11014045 -6.46866972]
Epoch 1279, t=2460388.4706526618:
  TLE_ECI: r=[-7044.48114297 -1894.83663479 -2517.80250114], v=[-1.24161156 -3.53709691  6.13318206]
  RK45_ECI: r=[7163.02171405 2722.81583535 1118.7551264 ], v=[-0.13399859  3.09494961 -6.47504733]
Epoch 1280, t=2460388.470727925:
  TLE_ECI: r=[-7078.0247012  -2003.54983248 -2332.84805107], v=[-1.05610703 -3.48690173  6.19646214]
  RK45_ECI: r=[7160.7188146  2746.28656872 1076.63247047], v=[-0.17546917  3.07960875 -6.48118884]
Epoch 1281, t=2460388.4708031886:
  TLE_ECI: r=[-7105.93973097 -2110.72832218 -2146.0678821 ], v=[-0.86981363 -3.43380422  6.25489674]
  RK45_ECI: r=[7158.13520559 2769.65603982 1034.47047398], v=[-0.21691648  3.06411831 -6.48709413]
Epoch 1282, t=2460388.4708784516:
  TLE_ECI: r=[-7128.20555436 -2216.28294458 -1957.60806671], v=[-0.68288032 -3.37784502  6.30843917]
  RK45_ECI: r=[7155.27112124 2792.92284392  992.27126762], v=[-0.25833832  3.04847911 -6.49276293]
Epoch 1283, t=2460388.470953715:
  TLE_ECI: r=[-7144.80599314 -2320.12584963 -1767.61601989], v=[-0.49545657 -3.31906719  6.35704662]
  RK45_ECI: r=[7152.12674281 2816.08620418  950.03579541], v=[-0.2997336   3.03269153 -6.49819516]
Epoch 1284, t=2460388.4710289785:
  TLE_ECI: r=[-7155.72942043 -2422.1704463  -1576.24038198], v=[-0.30769227 -3.25751622  6.40068021]
  RK45_ECI: r=[7148.70230336 2839.14500291  907.76559584], v=[-0.34110065  3.01675618 -6.50339063]
Epoch 1285, t=2460388.471104242:
  TLE_ECI: r=[-7160.96874531 -2522.33155958 -1383.63090065], v=[-0.11973762 -3.19323995  6.439305  ]
  RK45_ECI: r=[7144.99806237 2862.09796439  865.46260573], v=[-0.38243748  3.00067381 -6.50834916]
Epoch 1286, t=2460388.471179505:
  TLE_ECI: r=[-7160.52143268 -2620.52546122 -1189.93831159], v=[ 0.06825704 -3.12628853  6.47289006]
  RK45_ECI: r=[7141.01428329 2884.94398214  823.12836654], v=[-0.4237424   2.98444508 -6.5130706 ]
Epoch 1287, t=2460388.4712547683:
  TLE_ECI: r=[-7154.38947481 -2716.67002519  -995.31421845], v=[ 0.25614136 -3.05671444  6.50140845]
  RK45_ECI: r=[7136.75117286 2907.68228851  780.76382397], v=[-0.46501436  2.96807036 -6.51755487]
Epoch 1288, t=2460388.4713300318:
  TLE_ECI: r=[-7142.57943486 -2810.68467193  -799.9109718 ], v=[ 0.44376507 -2.98457238  6.52483731]
  RK45_ECI: r=[7132.20905194 2930.31151077  738.3711171 ], v=[-0.50625113  2.95155053 -6.52180178]
Epoch 1289, t=2460388.471405295:
  TLE_ECI: r=[-7125.10241131 -2902.49052117  -603.88154745], v=[ 0.63097814 -2.90991925  6.54315782]
  RK45_ECI: r=[7127.38817571 2952.83075537  695.95139169], v=[-0.54745146  2.93488609 -6.52581124]
Epoch 1290, t=2460388.4714805586:
  TLE_ECI: r=[-7101.97403583 -2992.01043855  -407.37942422], v=[ 0.81763086 -2.83281412  6.55635526]
  RK45_ECI: r=[7122.28887236 2975.23877279  653.50659032], v=[-0.58861332  2.91807784 -6.52958311]
Epoch 1291, t=2460388.4715558216:
  TLE_ECI: r=[-7073.21446897 -3079.16908085  -210.5584611 ], v=[ 1.00357403 -2.75331817  6.564419  ]
  RK45_ECI: r=[7116.91146168 2997.53447823  611.03825848], v=[-0.62973507  2.90112644 -6.53311727]
Epoch 1292, t=2460388.471631085:
  TLE_ECI: r=[-7038.84834696 -3163.89304388   -13.57277419], v=[ 1.18865907 -2.67149461  6.56734252]
  RK45_ECI: r=[7111.25618681 3019.71711817  568.54734387], v=[-0.67081564  2.88403234 -6.53641368]
Epoch 1293, t=2460388.4717063485:
  TLE_ECI: r=[-6998.90481418 -3246.1108005    183.42338677], v=[ 1.37273811 -2.58740867  6.56512344]
  RK45_ECI: r=[7105.32344364 3041.7853497   526.03599104], v=[-0.71185284  2.86679643 -6.5394722 ]
Epoch 1294, t=2460388.471781612:
  TLE_ECI: r=[-6953.41746291 -3325.75284518   380.27576188], v=[ 1.55566416 -2.50112754  6.55776345]
  RK45_ECI: r=[7099.11353063 3063.73829634  483.50534793], v=[-0.7528454   2.84941925 -6.54229278]
Epoch 1295, t=2460388.4718568753:
  TLE_ECI: r=[-6902.4243133  -3402.7517331    576.83020462], v=[ 1.73729119 -2.41272028  6.54526841]
  RK45_ECI: r=[7092.6268442  3085.57473643  440.95736127], v=[-0.79379133  2.83190164 -6.54487531]
Epoch 1296, t=2460388.4719321383:
  TLE_ECI: r=[-6845.96779116 -3477.04211796   772.93280533], v=[ 1.91747431 -2.32225779  6.52764825]
  RK45_ECI: r=[7085.86375993 3107.29360836  398.39357923], v=[-0.83468898  2.81424432 -6.54721973]
Epoch 1297, t=2460388.4720074018:
  TLE_ECI: r=[-6784.09465129 -3548.56088828   968.4300143 ], v=[ 2.09606985 -2.22981273  6.50491703]
  RK45_ECI: r=[7078.82455713 3128.89417351  355.8149508 ], v=[-0.87553733  2.79644773 -6.54932602]
Epoch 1298, t=2460388.472082665:
  TLE_ECI: r=[-6716.85599803 -3617.2471009   1163.16876484], v=[ 2.27293551 -2.13545948  6.47709289]
  RK45_ECI: r=[7071.50970609 3150.37512044  313.22362408], v=[-0.91633417  2.77851284 -6.55119409]
Epoch 1299, t=2460388.4721579286:
  TLE_ECI: r=[-6644.30720166 -3683.04211398  1356.99659557], v=[ 2.44793043 -2.03927405  6.44419803]
  RK45_ECI: r=[7063.91954802 3171.73559111  270.6207483 ], v=[-0.95707827  2.7604402  -6.55282391]
Epoch 1300, t=2460388.4722331916:
  TLE_ECI: r=[-6566.50787215 -3745.8895979   1549.76177236], v=[ 2.62091538 -1.94133406  6.40625872]
  RK45_ECI: r=[7056.05458668 3192.97428885  228.0084726 ], v=[-0.99776745  2.74223079 -6.55421545]
Epoch 1301, t=2460388.472308455:
  TLE_ECI: r=[-6483.52176477 -3805.73566078  1741.31340938], v=[ 2.79175283 -1.84171857  6.36330525]
  RK45_ECI: r=[7047.91513359 3214.09048948  185.38774653], v=[-1.03840069  2.7238851  -6.55536867]
Epoch 1302, t=2460388.4723837185:
  TLE_ECI: r=[-6395.41679124 -3862.52877853  1931.50158964], v=[ 2.96030707 -1.74050817  6.3153719 ]
  RK45_ECI: r=[7039.50162296 3235.08315728  142.76011953], v=[-1.07897636  2.70540386 -6.55628359]
Epoch 1303, t=2460388.472458982:
  TLE_ECI: r=[-6302.26491869 -3916.21991665  2120.17748438], v=[ 3.12644433 -1.63778475  6.26249693]
  RK45_ECI: r=[7030.81455899 3255.95111829  100.12754138], v=[-1.11949251  2.68678799 -6.55696017]
Epoch 1304, t=2460388.4725342453:
  TLE_ECI: r=[-6204.1421195  -3966.76255278  2307.19347151], v=[ 3.2900329  -1.53363154  6.20472253]
  RK45_ECI: r=[7021.85432498 3276.69353383   57.49116155], v=[-1.15994791  2.66803808 -6.55739843]
Epoch 1305, t=2460388.4726095083:
  TLE_ECI: r=[-6101.12831863 -4014.11269878  2492.403253  ], v=[ 3.4509432  -1.428133    6.14209476]
  RK45_ECI: r=[7012.62149795 3297.30914119   14.85312997], v=[-1.20034041  2.64915514 -6.55759837]
Epoch 1306, t=2460388.4726847718:
  TLE_ECI: r=[-5993.30727944 -4058.22900976  2675.66197084], v=[ 3.60904796 -1.3213747   6.07466355]
  RK45_ECI: r=[7003.11638667 3317.79731293  -27.78580428], v=[-1.24066919  2.63013959 -6.55756001]
Epoch 1307, t=2460388.472760035:
  TLE_ECI: r=[-5880.76660264 -4099.07271196  2856.82632198], v=[ 3.76422224 -1.21344335  6.00248262]
  RK45_ECI: r=[6993.33959326 3338.1567986   -70.42349153], v=[-1.28093209  2.61099247 -6.55728339]
Epoch 1308, t=2460388.4728352986:
  TLE_ECI: r=[-5763.59760647 -4136.60770739  3035.75467154], v=[ 3.91634357 -1.10442663  5.92560946]
  RK45_ECI: r=[6983.29157463 3358.3866965  -113.05858275], v=[-1.32112773  2.59171446 -6.55676854]
Epoch 1309, t=2460388.472910562:
  TLE_ECI: r=[-5641.8952611  -4170.80058714  3212.30716463], v=[ 4.06529207 -0.99441316  5.84410523]
  RK45_ECI: r=[6972.97279342 3378.48610809 -155.68972922], v=[-1.36125473  2.57230628 -6.55601551]
Epoch 1310, t=2460388.472985825:
  TLE_ECI: r=[-5515.75812129 -4201.62064351  3386.34583654], v=[ 4.21095049 -0.88349243  5.75803477]
  RK45_ECI: r=[6962.38389896 3398.45380589 -198.31478221], v=[-1.40131096  2.55276897 -6.55502436]
Epoch 1311, t=2460388.4730610885:
  TLE_ECI: r=[-5385.28819477 -4229.03996119  3557.73472106], v=[ 4.35320437 -0.77175467  5.66746648]
  RK45_ECI: r=[6951.52522823 3418.28917728 -240.93299383], v=[-1.44129561  2.53310296 -6.55379515]
Epoch 1312, t=2460388.473136352:
  TLE_ECI: r=[-5250.59093065 -4253.03334277  3726.33995731], v=[ 4.49194207 -0.65929084  5.57247228]
  RK45_ECI: r=[6940.39745551 3437.99100715 -283.54221634], v=[-1.48120657  2.51330934 -6.55232796]
Epoch 1313, t=2460388.4732116153:
  TLE_ECI: r=[-5111.77508215 -4273.57839641  3892.0298943 ], v=[ 4.62705489 -0.54619252  5.47312757]
  RK45_ECI: r=[6929.00108455 3457.55841818 -326.14110269], v=[-1.52104245  2.49338881 -6.55062288]
Epoch 1314, t=2460388.473286879:
  TLE_ECI: r=[-4968.9526286  -4290.65553801  4054.6751938 ], v=[ 4.75843713 -0.43255183  5.36951112]
  RK45_ECI: r=[6917.33662484 3476.99053605 -368.7283062 ], v=[-1.56080192  2.47334211 -6.54867999]
Epoch 1315, t=2460388.4733621418:
  TLE_ECI: r=[-4822.23869511 -4304.2479938   4214.14893096], v=[ 4.88598622 -0.31846137  5.26170505]
  RK45_ECI: r=[6905.40479722 3496.28616966 -411.3016815 ], v=[-1.60048286  2.45317031 -6.54649942]
Epoch 1316, t=2460388.473437405:
  TLE_ECI: r=[-4671.75140645 -4314.34187206  4370.32669286], v=[ 5.00960271 -0.20401411  5.14979468]
  RK45_ECI: r=[6893.20596628 3515.44472174 -453.86048262], v=[-1.64008447  2.43287389 -6.54408125]
Epoch 1317, t=2460388.4735126686:
  TLE_ECI: r=[-4517.61186538 -4320.9260884   4523.08667494], v=[ 5.12919045 -0.08930333  5.03386856]
  RK45_ECI: r=[6880.74087728 3534.46501435 -496.40256589], v=[-1.67960468  2.41245393 -6.54142564]
Epoch 1318, t=2460388.473587932:
  TLE_ECI: r=[-4359.94400229 -4323.99243351  4672.30977504], v=[5.24465656 0.02557743 4.91401831]
  RK45_ECI: r=[6868.01002786 3553.34626801 -538.92678704], v=[-1.71904232  2.39191109 -6.53853268]
Epoch 1319, t=2460388.473663195:
  TLE_ECI: r=[-4198.87449862 -4323.53555329  4817.87968512], v=[5.35591159 0.14053447 4.79033855]
  RK45_ECI: r=[6855.01419513 3572.08732203 -581.43100485], v=[-1.7583953   2.37124649 -6.53540257]
Epoch 1320, t=2460388.4737384585:
  TLE_ECI: r=[-4034.53263231 -4319.55300358  4959.68298053], v=[5.46286949 0.25547407 4.66292687]
  RK45_ECI: r=[6841.75382048 3590.68751974 -623.91427618], v=[-1.79766267  2.35046069 -6.53203541]
Epoch 1321, t=2460388.473813722:
  TLE_ECI: r=[-3867.05024796 -4312.04517718  5097.60920698], v=[5.56544776 0.37030244 4.5318837 ]
  RK45_ECI: r=[6828.22954059 3609.14592917 -666.37506008], v=[-1.8368429   2.32955453 -6.52843137]
Epoch 1322, t=2460388.4738889853:
  TLE_ECI: r=[-3696.5615989  -4301.01535446  5231.55096485], v=[5.66356745 0.4849259  4.39731224]
  RK45_ECI: r=[6814.44210669 3627.46150313 -708.81141834], v=[-1.87593412  2.30852907 -6.52459063]
Epoch 1323, t=2460388.473964249:
  TLE_ECI: r=[-3523.20325033 -4286.46968862  5361.4039909 ], v=[5.75715323 0.59925091 4.25931836]
  RK45_ECI: r=[6800.39205591 3645.63348483 -751.22221085], v=[-1.91493517  2.28738495 -6.52051337]
Epoch 1324, t=2460388.4740395118:
  TLE_ECI: r=[-3347.11398127 -4268.41719103  5487.0672375 ], v=[5.84613345 0.71318414 4.11801055]
  RK45_ECI: r=[6786.08023505 3663.66075244 -793.60530338], v=[-1.95384402  2.26612336 -6.5161998 ]
Epoch 1325, t=2460388.474114775:
  TLE_ECI: r=[-3168.43462189 -4246.86976443  5608.44294901], v=[5.93044017 0.82663261 3.97349978]
  RK45_ECI: r=[6771.50711813 3681.54266886 -835.95975684], v=[-1.99265971  2.24474483 -6.51165009]
Epoch 1326, t=2460388.4741900386:
  TLE_ECI: r=[-2987.30801554 -4221.84213281  5725.43673567], v=[6.01000924 0.93950368 3.82589945]
  RK45_ECI: r=[6756.67339348 3699.27833143 -878.28403618], v=[-2.03138072  2.22325027 -6.50686442]
Epoch 1327, t=2460388.474265302:
  TLE_ECI: r=[-2803.87885308 -4193.35187116  5837.95764455], v=[6.08478029 1.05170516 3.67532528]
  RK45_ECI: r=[6741.57987496 3716.86672941 -920.57621075], v=[-2.07000524  2.20164074 -6.50184306]
Epoch 1328, t=2460388.4743405655:
  TLE_ECI: r=[-2618.29356963 -4161.4193812   5945.91822782], v=[6.1546968  1.16314539 3.5218952 ]
  RK45_ECI: r=[6726.22713874 3734.30712935 -962.83514567], v=[-2.1085321   2.17991692 -6.49658619]
Epoch 1329, t=2460388.4744158285:
  TLE_ECI: r=[-2430.70023941 -4126.06786821  6049.23460815], v=[6.21970616 1.27373329 3.36572928]
  RK45_ECI: r=[ 6710.61610025  3751.59844943 -1005.0587158 ], v=[-2.1469593   2.15808    -6.49109413]
Epoch 1330, t=2460388.474491092:
  TLE_ECI: r=[-2241.24840877 -4087.32335223  6147.82654125], v=[6.27975963 1.38337849 3.20694966]
  RK45_ECI: r=[ 6694.74726584  3768.74007252 -1047.24598706], v=[-2.18528589  2.13613058 -6.48536703]
Epoch 1331, t=2460388.4745663553:
  TLE_ECI: r=[-2050.08905026 -4045.21460284  6241.61747567], v=[6.33481244 1.49199133 3.04568038]
  RK45_ECI: r=[ 6678.62137441  3785.73112666 -1089.39543169], v=[-2.22351041  2.11406954 -6.47940514]
Epoch 1332, t=2460388.474641619:
  TLE_ECI: r=[-1857.37439369 -3999.77314704  6330.53460948], v=[6.38482377 1.59948293 2.88204734]
  RK45_ECI: r=[ 6662.23930185  3802.57063828 -1131.50512852], v=[-2.261631    2.09189799 -6.47320879]
Epoch 1333, t=2460388.474716882:
  TLE_ECI: r=[-1663.25781791 -3951.03323679  6414.5089442 ], v=[6.42975681 1.70576534 2.71617819]
  RK45_ECI: r=[ 6645.60166266  3819.25789801 -1173.57394896], v=[-2.29964658  2.06961663 -6.46677817]
Epoch 1334, t=2460388.474792145:
  TLE_ECI: r=[-1467.89374078 -3899.03181788  6493.47533572], v=[6.46957876 1.81075149 2.54820222]
  RK45_ECI: r=[ 6628.70943992  3835.79186546 -1215.59977896], v=[-2.33755514  2.04722669 -6.46011367]
Epoch 1335, t=2460388.4748674086:
  TLE_ECI: r=[-1271.43745148 -3843.80851905  6567.37254211], v=[6.5042608  1.91435541 2.37825029]
  RK45_ECI: r=[ 6611.5631718   3852.17194394 -1257.58169028], v=[-2.37535575  2.02472877 -6.45321548]
Epoch 1336, t=2460388.474942672:
  TLE_ECI: r=[-1074.04505732 -3785.40559319  6636.14326883], v=[6.53377822 2.01649214 2.20645467]
  RK45_ECI: r=[ 6594.16364709  3868.39729309 -1299.518164  ], v=[-2.41304696  2.00212379 -6.44608388]
Epoch 1337, t=2460388.4750179355:
  TLE_ECI: r=[ -875.87331484 -3723.8679035   6699.73421051], v=[6.55811032 2.11707787 2.03294902]
  RK45_ECI: r=[ 6576.51180278  3884.46697759 -1341.40729005], v=[-2.45062697  1.97941288 -6.43871925]
Epoch 1338, t=2460388.4750931985:
  TLE_ECI: r=[ -677.07952925 -3659.2428816   6758.09608998], v=[6.57724047 2.21603    1.85786823]
  RK45_ECI: r=[ 6558.60845445  3900.38017424 -1383.24755477], v=[-2.48809432  1.95659698 -6.4311219 ]
Epoch 1339, t=2460388.475168462:
  TLE_ECI: r=[ -477.82138804 -3591.58049933  6811.18369414], v=[6.59115611 2.31326723 1.68134832]
  RK45_ECI: r=[ 6540.45416185  3916.13630131 -1425.03803451], v=[-2.52544811  1.93367671 -6.42329204]
Epoch 1340, t=2460388.4752437253:
  TLE_ECI: r=[ -278.25690298 -3520.93321587  6858.95590693], v=[6.59984874 2.40870957 1.5035264 ]
  RK45_ECI: r=[ 6522.04998443  3931.73436714 -1466.7766303 ], v=[-2.56268636  1.91065332 -6.41523011]
Epoch 1341, t=2460388.475318989:
  TLE_ECI: r=[  -78.5442431  -3447.35594694  6901.37573918], v=[6.60331394 2.50227841 1.32454047]
  RK45_ECI: r=[ 6503.39659682  3947.17370253 -1508.4622258 ], v=[-2.59980801  1.88752755 -6.40693636]
Epoch 1342, t=2460388.475394252:
  TLE_ECI: r=[  121.15837757 -3370.90601954  6938.41035535], v=[6.60155136 2.59389661 1.14452942]
  RK45_ECI: r=[ 6484.49499602  3962.45341174 -1550.09292382], v=[-2.63681126  1.86430056 -6.39841122]
Epoch 1343, t=2460388.475469515:
  TLE_ECI: r=[  320.69281322 -3291.6431283   6970.03109735], v=[6.59456471 2.68348851 0.96363286]
  RK45_ECI: r=[ 6465.34604644  3977.57270439 -1591.66722151], v=[-2.67369471  1.84097333 -6.38965502]
Epoch 1344, t=2460388.4755447786:
  TLE_ECI: r=[  519.90114832 -3209.62928631  6996.21350514], v=[6.58236174 2.77098009 0.78199103]
  RK45_ECI: r=[ 6445.95033869  3992.53102044 -1633.18420247], v=[-2.71045744  1.81754647 -6.38066803]
Epoch 1345, t=2460388.475620042:
  TLE_ECI: r=[  718.62576127 -3124.9287806   7016.93733443], v=[6.56495426 2.8562989  0.59974473]
  RK45_ECI: r=[ 6426.30899761  4007.32741224 -1674.64178272], v=[-2.74709753  1.79402128 -6.37145071]
Epoch 1346, t=2460388.4756953055:
  TLE_ECI: r=[  916.70948613 -3037.60812057  7032.18657118], v=[6.5423581  2.93937418 0.41703516]
  RK45_ECI: r=[ 6406.42273448  4021.96123677 -1716.03885482], v=[-2.78361392  1.77039853 -6.36200335]
Epoch 1347, t=2460388.475770569:
  TLE_ECI: r=[ 1113.99572437 -2947.73598679  7041.94944308], v=[6.51459313 3.0201369  0.23400389]
  RK45_ECI: r=[ 6386.2926056   4036.43163855 -1757.37353601], v=[-2.82000486  1.7466794  -6.35232643]
Epoch 1348, t=2460388.475845832:
  TLE_ECI: r=[ 1310.32855795 -2855.38318162  7046.21842798], v=[6.48168321 3.09851982 0.05079269]
  RK45_ECI: r=[ 6365.91952289  4050.73786149 -1798.64433553], v=[-2.85626895  1.72286489 -6.34242033]
Epoch 1349, t=2460388.4759210953:
  TLE_ECI: r=[ 1505.55290356 -2760.62255981  7044.9902591 ], v=[ 6.44365614  3.17445758 -0.13245653]
  RK45_ECI: r=[ 6345.30410742  4064.87936779 -1839.85034486], v=[-2.89240532  1.69895565 -6.3322853 ]
Epoch 1350, t=2460388.475996359:
  TLE_ECI: r=[ 1699.51458167 -2663.52899312  7038.2659274 ], v=[ 6.40054374  3.24788667 -0.31560184]
  RK45_ECI: r=[ 6324.44754809  4078.85525499 -1880.98949684], v=[-2.92841209  1.67495301 -6.3219219 ]
Epoch 1351, t=2460388.476071622:
  TLE_ECI: r=[ 1892.0604701  -2564.17929891  7026.05068069], v=[ 6.35238171  3.31874553 -0.4985014 ]
  RK45_ECI: r=[ 6303.35059221  4092.66490695 -1922.06069374], v=[-2.96428819  1.65085774 -6.31133043]
Epoch 1352, t=2460388.4761468857:
  TLE_ECI: r=[ 2083.03861376 -2462.65218384  7008.35401969], v=[ 6.29920969  3.3869746  -0.68101353]
  RK45_ECI: r=[ 6282.01435377  4106.30751005 -1963.06206877], v=[-3.00003194  1.62667108 -6.3005114 ]
Epoch 1353, t=2460388.4762221486:
  TLE_ECI: r=[ 2272.29833537 -2359.02818949  6985.1896911 ], v=[ 6.24107118  3.45251632 -0.86299685]
  RK45_ECI: r=[ 6260.43979154  4119.782343   -2003.99214451], v=[-3.03564196  1.60239403 -6.28946525]
Epoch 1354, t=2460388.476297412:
  TLE_ECI: r=[ 2459.69038001 -2253.38960399  6956.57567744], v=[ 6.17801351  3.5153153  -1.04431036]
  RK45_ECI: r=[ 6238.62755603  4133.08889121 -2044.850021  ], v=[-3.07111741  1.57802728 -6.27819225]
Epoch 1355, t=2460388.4763726755:
  TLE_ECI: r=[ 2645.0669882  -2145.82043621  6922.53418403], v=[ 6.11008784  3.57531819 -1.22481356]
  RK45_ECI: r=[ 6216.57889897  4146.22629843 -2085.63364961], v=[-3.10645643  1.55357217 -6.26669299]
Epoch 1356, t=2460388.476447939:
  TLE_ECI: r=[ 2828.28203914 -2036.40632554  6883.09162271], v=[ 6.03734907  3.63247386 -1.40436653]
  RK45_ECI: r=[ 6194.29460243  4159.19397658 -2126.34194317], v=[-3.14165801  1.52902952 -6.25496782]
Epoch 1357, t=2460388.476523202:
  TLE_ECI: r=[ 3009.19115078 -1925.23449045  6838.2785926 ], v=[ 5.95985588  3.68673336 -1.58283004]
  RK45_ECI: r=[ 6171.77594624  4171.99109049 -2166.97286202], v=[-3.17672033  1.50440068 -6.24301735]
Epoch 1358, t=2460388.4765984653:
  TLE_ECI: r=[ 3187.65181507 -1812.39362574  6788.12985776], v=[ 5.87767058  3.73805004 -1.76006566]
  RK45_ECI: r=[ 6149.0236071   4184.61714685 -2207.52551468], v=[-3.21164256  1.47968636 -6.23084189]
Epoch 1359, t=2460388.476673729:
  TLE_ECI: r=[ 3363.5234737  -1697.97388441  6732.68432183], v=[ 5.79085916  3.78637952 -1.93593587]
  RK45_ECI: r=[ 6126.03859155  4197.071463   -2247.99843906], v=[-3.24642337  1.45488759 -6.21844189]
Epoch 1360, t=2460388.476748992:
  TLE_ECI: r=[ 3536.66765088 -1582.06677398  6671.9849996 ], v=[ 5.6994912   3.83167974 -2.11030413]
  RK45_ECI: r=[ 6102.82210324  4209.35329422 -2288.38979727], v=[-3.28106113  1.43000563 -6.20581796]
Epoch 1361, t=2460388.4768242557:
  TLE_ECI: r=[ 3706.94805515 -1464.7650932   6606.07898554], v=[ 5.60363983  3.87391104 -2.28303499]
  RK45_ECI: r=[ 6079.37495848  4221.46208038 -2328.69851369], v=[-3.31555484  1.40504132 -6.19297047]
Epoch 1362, t=2460388.4768995186:
  TLE_ECI: r=[ 3874.23068192 -1346.16287028  6535.01741932], v=[ 5.50338168  3.91303612 -2.45399424]
  RK45_ECI: r=[ 6055.69849718  4233.39703476 -2368.92256974], v=[-3.34990276  1.37999605 -6.17990008]
Epoch 1363, t=2460388.476974782:
  TLE_ECI: r=[ 4038.38393399 -1226.35524479  6458.85544826], v=[ 5.39879679  3.94902019 -2.62304893]
  RK45_ECI: r=[ 6031.79332056  4245.15772959 -2409.06127218], v=[-3.38410421  1.3548704  -6.16660707]
Epoch 1364, t=2460388.4770500455:
  TLE_ECI: r=[ 4199.27869989 -1105.43845906  6377.6521869 ], v=[ 5.28996862  3.98183087 -2.79006754]
  RK45_ECI: r=[ 6007.66078916  4256.7433948  -2449.1126102 ], v=[-3.41815744  1.32966578 -6.15309212]
Epoch 1365, t=2460388.477125309:
  TLE_ECI: r=[4356.78847179 -983.50973857 6291.47067339], v=[ 5.17698396  4.01143831 -2.95492002]
  RK45_ECI: r=[ 5983.30185079  4268.15345397 -2489.0753307 ], v=[-3.45206135  1.30438313 -6.13935569]
Epoch 1366, t=2460388.4772005724:
  TLE_ECI: r=[4510.78944057 -860.66722608 6200.37782307], v=[ 5.05993283  4.03781518 -3.11747794]
  RK45_ECI: r=[ 5958.71745767  4279.38733502 -2528.94818231], v=[-3.48581482  1.27902342 -6.12539825]
Epoch 1367, t=2460388.4772758354:
  TLE_ECI: r=[4661.16059097 -737.00991757 6104.444379  ], v=[ 4.93890848  4.0609367  -3.27761458]
  RK45_ECI: r=[ 5933.90900857  4290.44429977 -2568.72916944], v=[-3.51941612  1.25358805 -6.11122054]
Epoch 1368, t=2460388.477351099:
  TLE_ECI: r=[4807.78380599 -612.63752968 6003.74485952], v=[ 4.81400728  4.0807807  -3.43520497]
  RK45_ECI: r=[ 5908.87712633  4301.32394148 -2608.41760757], v=[-3.55286463  1.22807763 -6.09682282]
Epoch 1369, t=2460388.477426362:
  TLE_ECI: r=[4950.5439461  -487.65050088 5898.35750302], v=[ 4.68532864  4.09732762 -3.59012609]
  RK45_ECI: r=[ 5883.62322957  4312.02553916 -2648.0115095 ], v=[-3.58615865  1.20249357 -6.08220586]
Epoch 1370, t=2460388.4775016257:
  TLE_ECI: r=[5089.32895009 -362.14985827 5788.36420963], v=[ 4.55297501  4.11056049 -3.74225686]
  RK45_ECI: r=[ 5858.14830314  4322.54854983 -2687.50963762], v=[-3.61929709  1.17683684 -6.06737014]
Epoch 1371, t=2460388.477576889:
  TLE_ECI: r=[5224.0299214  -236.23715007 5673.85048017], v=[ 4.41705172  4.12046502 -3.8914783 ]
  RK45_ECI: r=[ 5832.45333604  4332.89243495 -2726.91075619], v=[-3.65227887  1.15110841 -6.05231618]
Epoch 1372, t=2460388.477652152:
  TLE_ECI: r=[5354.54121441 -110.01437997 5554.90535222], v=[ 4.27766696  4.12702958 -4.03767364]
  RK45_ECI: r=[ 5806.53978415  4343.05650587 -2766.21289446], v=[-3.68510233  1.12530971 -6.03704476]
Epoch 1373, t=2460388.4777274155:
  TLE_ECI: r=[5480.76052022   16.41613712 5431.62133331], v=[ 4.13493165  4.13024526 -4.18072832]
  RK45_ECI: r=[ 5780.40829101  4353.04037725 -2805.41537733], v=[-3.71776685  1.09944135 -6.02155618]
Epoch 1374, t=2460388.477802679:
  TLE_ECI: r=[5602.58894534  142.95176449 5304.09433138], v=[ 3.98895941  4.13010579 -4.32053021]
  RK45_ECI: r=[ 5754.06033173  4362.84337794 -2844.51624307], v=[-3.75027079  1.07350477 -6.00585125]
Epoch 1375, t=2460388.4778779424:
  TLE_ECI: r=[5719.93109327  269.48968788 5172.42358252], v=[ 3.83986645  4.12660766 -4.45696958]
  RK45_ECI: r=[ 5727.49681154  4372.46503083 -2883.51445355], v=[-3.78261323  1.04750084 -5.98993043]
Epoch 1376, t=2460388.4779532054:
  TLE_ECI: r=[5832.69514148  395.92696655 5036.71157589], v=[ 3.6877715   4.11975004 -4.58993929]
  RK45_ECI: r=[ 5700.7192307   4381.90468755 -2922.40805923], v=[-3.81479255  1.02143099 -5.97379456]
Epoch 1377, t=2460388.478028469:
  TLE_ECI: r=[5940.79291098  522.16068474 4897.06397607], v=[ 3.53279565  4.10953489 -4.7193348 ]
  RK45_ECI: r=[ 5673.72836624  4391.16194958 -2961.19621122], v=[-3.84680801  0.99529597 -5.95744403]
Epoch 1378, t=2460388.478103732:
  TLE_ECI: r=[6044.13994333  648.08793373 4753.58954274], v=[ 3.37506238  4.09596685 -4.84505431]
  RK45_ECI: r=[ 5646.52538507  4400.23627728 -2999.87751494], v=[-3.87865842  0.96909687 -5.94087947]
Epoch 1379, t=2460388.4781789957:
  TLE_ECI: r=[6142.6555653   773.6059633  4606.40004774], v=[ 3.21469736  4.07905333 -4.96699882]
  RK45_ECI: r=[ 5619.1116878   4409.12709802 -3038.45021824], v=[-3.91034234  0.94283503 -5.92410167]
Epoch 1380, t=2460388.478254259:
  TLE_ECI: r=[6236.26295503  898.61224893 4455.61018969], v=[ 3.05182842  4.05880448 -5.08507221]
  RK45_ECI: r=[ 5591.48820943  4417.83396515 -3076.91329836], v=[-3.94185888  0.91651132 -5.90711112]
Epoch 1381, t=2460388.478329522:
  TLE_ECI: r=[6324.88920736 1023.00455739 4301.33750602], v=[ 2.8865854   4.03523315 -5.19918136]
  RK45_ECI: r=[ 5563.65650426  4426.35628121 -3115.26483386], v=[-3.97320646  0.8901272  -5.88990871]
Epoch 1382, t=2460388.4784047855:
  TLE_ECI: r=[6408.46538158 1146.6811046  4143.70228271], v=[ 2.71910007  4.008355   -5.30923616]
  RK45_ECI: r=[ 5535.61737364  4434.69367335 -3153.50398914], v=[-4.00438436  0.86368342 -5.87249485]
Epoch 1383, t=2460388.478480049:
  TLE_ECI: r=[6486.92657448 1269.54052921 3982.82746151], v=[ 2.54950605  3.97818837 -5.41514966]
  RK45_ECI: r=[ 5507.37202352  4442.84564103 -3191.62939058], v=[-4.03539144  0.83718109 -5.85487022]
Epoch 1384, t=2460388.4785553124:
  TLE_ECI: r=[6560.2119625  1391.4820496  3818.83854501], v=[ 2.37793865  3.94475434 -5.5168381 ]
  RK45_ECI: r=[ 5478.92190274  4450.81165836 -3229.63931261], v=[-4.06622628  0.81062155 -5.83703566]
Epoch 1385, t=2460388.478630576:
  TLE_ECI: r=[6628.26485417 1512.40552933 3651.86349938], v=[ 2.20453484  3.90807669 -5.61422101]
  RK45_ECI: r=[ 5450.26797506  4458.59130961 -3267.53274877], v=[-4.09688805  0.78400569 -5.81899168]
Epoch 1386, t=2460388.478705839:
  TLE_ECI: r=[6691.03274135 1632.21154047 3482.032655  ], v=[ 2.02943308  3.86818192 -5.70722125]
  RK45_ECI: r=[ 5421.41184721  4466.18404877 -3305.30780756], v=[-4.12737518  0.75733498 -5.80073923]
Epoch 1387, t=2460388.478781102:
  TLE_ECI: r=[6748.46732366 1750.80152443 3309.47860501], v=[ 1.85277318  3.82509919 -5.7957651 ]
  RK45_ECI: r=[ 5392.35434413  4473.58952894 -3342.96366739], v=[-4.157687    0.73061018 -5.78227875]
Epoch 1388, t=2460388.4788563657:
  TLE_ECI: r=[6800.52457573 1868.07775792 3134.33610177], v=[ 1.67469629  3.77886035 -5.87978234]
  RK45_ECI: r=[ 5363.0967094   4480.80728933 -3380.49897692], v=[-4.18782239  0.70383241 -5.76361095]
Epoch 1389, t=2460388.478931629:
  TLE_ECI: r=[6847.16476557 1983.94351148 2956.74195153], v=[ 1.4953447   3.72949989 -5.95920628]
  RK45_ECI: r=[ 5333.64043871  4487.83685131 -3417.91203869], v=[-4.21777997  0.67700303 -5.7447367 ]
Epoch 1390, t=2460388.479006892:
  TLE_ECI: r=[6888.35249777 2098.30309167 2776.83490707], v=[ 1.31486177  3.6770549  -6.03397382]
  RK45_ECI: r=[ 5303.98679617  4494.67777495 -3455.20151403], v=[-4.24755866  0.65012317 -5.72565675]
Epoch 1391, t=2460388.4790821555:
  TLE_ECI: r=[6924.05671847 2211.06200194 2594.75555882], v=[ 1.13339174  3.62156511 -6.10402556]
  RK45_ECI: r=[ 5274.13662203  4501.32973222 -3492.36659138], v=[-4.27715778  0.6231936  -5.70637154]
Epoch 1392, t=2460388.479157419:
  TLE_ECI: r=[6954.25077696 2322.12690121 2410.64622405], v=[ 0.95107973  3.56307277 -6.16930578]
  RK45_ECI: r=[ 5244.09158101  4507.79223698 -3529.4054156 ], v=[-4.30657584  0.5962158  -5.68688208]
Epoch 1393, t=2460388.4792326824:
  TLE_ECI: r=[6978.91242404 2431.40576288 2224.65083469], v=[ 0.76807151  3.5016227  -6.22976255]
  RK45_ECI: r=[ 5213.85268122  4514.06492336 -3566.31700821], v=[-4.33581204  0.56919068 -5.66718892]
Epoch 1394, t=2460388.479307946:
  TLE_ECI: r=[6998.02383606 2538.80793297 2036.91482355], v=[ 0.58451343  3.43726221 -6.28534775]
  RK45_ECI: r=[ 5183.42146337  4520.14736091 -3603.09970137], v=[-4.36486503  0.5421196  -5.64729301]
Epoch 1395, t=2460388.479383209:
  TLE_ECI: r=[7011.57163748 2644.24418573 1847.5850092 ], v=[ 0.4005523   3.37004108 -6.33601711]
  RK45_ECI: r=[ 5152.79922759  4526.0391499  -3639.7521805 ], v=[-4.39373377  0.51500371 -5.62719509]
Epoch 1396, t=2460388.479458472:
  TLE_ECI: r=[7019.54688093 2747.62688168 1656.80947964], v=[ 0.21633524  3.30001154 -6.38173027]
  RK45_ECI: r=[ 5121.9868363   4531.73998887 -3676.2736492 ], v=[-4.4224176   0.48784378 -5.60689564]
Epoch 1397, t=2460388.4795337357:
  TLE_ECI: r=[7021.94510009 2848.86991877 1464.73747461], v=[ 0.03200959  3.22722818 -6.42245081]
  RK45_ECI: r=[ 5090.98600323  4537.24944448 -3712.66228579], v=[-4.45091508  0.46064132 -5.58639571]
Epoch 1398, t=2460388.479608999:
  TLE_ECI: r=[7018.76628298 2947.88888757 1271.51926701], v=[-0.15227725  3.15174794 -6.45814626]
  RK45_ECI: r=[ 5059.79776274  4542.56718279 -3748.91713029], v=[-4.47922543  0.43339722 -5.5656959 ]
Epoch 1399, t=2460388.4796842625:
  TLE_ECI: r=[7010.01487907 3044.60112265 1077.30604327], v=[-0.33637793  3.07363009 -6.48878818]
  RK45_ECI: r=[ 5028.4236994   4547.69282169 -3785.03654588], v=[-4.50734736  0.40611289 -5.54479715]
Epoch 1400, t=2460388.4797595255:
  TLE_ECI: r=[6995.69980434 3138.92575242  882.24978285], v=[-0.52014522  2.99293612 -6.51435215]
  RK45_ECI: r=[ 4996.86514803  4552.62600227 -3821.0192431 ], v=[-4.53527985  0.37878948 -5.52370028]
Epoch 1401, t=2460388.479834789:
  TLE_ECI: r=[6975.83439692 3230.78385018  686.50313714], v=[-0.70343228  2.90972973 -6.5348178 ]
  RK45_ECI: r=[ 4965.12299241  4557.36645004 -3856.86444132], v=[-4.56302227  0.35142777 -5.50240576]
Epoch 1402, t=2460388.4799100524:
  TLE_ECI: r=[6950.43645966 3320.0983785   490.21930746], v=[-0.8860926   2.82407678 -6.55016882]
  RK45_ECI: r=[ 4933.19899342  4561.91378519 -3892.57035375], v=[-4.59057324  0.32402928 -5.4809147 ]
Epoch 1403, t=2460388.479985316:
  TLE_ECI: r=[6919.52820892 3406.79433669  293.55192281], v=[-1.06798027  2.73604522 -6.56039301]
  RK45_ECI: r=[ 4901.09421089  4566.26770592 -3928.13603967], v=[-4.617932    0.29659493 -5.4592277 ]
Epoch 1404, t=2460388.4800605793:
  TLE_ECI: r=[6883.13626415 3490.79880485   96.6549171 ], v=[-1.24895003  2.64570504 -6.56548224]
  RK45_ECI: r=[ 4868.81027153  4570.42787922 -3963.55989452], v=[-4.64509731  0.26912613 -5.43734576]
Epoch 1405, t=2460388.480135842:
  TLE_ECI: r=[6841.29163545 3572.04098588 -100.31759396], v=[-1.4288574  2.5531282 -6.5654325]
  RK45_ECI: r=[ 4836.34854352  4574.39398744 -3998.84065496], v=[-4.67206819  0.24162404 -5.41526972]
Epoch 1406, t=2460388.4802111057:
  TLE_ECI: r=[6794.02965519 3650.45234669 -297.21143591], v=[-1.60755885  2.45838858 -6.56024389]
  RK45_ECI: r=[ 4803.70993098  4578.16578363 -4033.97755664], v=[-4.69884404  0.21408946 -5.39300006]
Epoch 1407, t=2460388.480286369:
  TLE_ECI: r=[6741.39001004 3725.96655556 -493.872499  ], v=[-1.78491187  2.36156194 -6.54992062]
  RK45_ECI: r=[ 4770.89624039  4581.74294178 -4068.9688491 ], v=[-4.72542352  0.18652393 -5.37053794]
Epoch 1408, t=2460388.4803616325:
  TLE_ECI: r=[6683.4166654  3798.5196202  -690.14686127], v=[-1.96077509  2.26272579 -6.53447099]
  RK45_ECI: r=[ 4737.90855569  4585.125193   -4103.81361146], v=[-4.75180593  0.15892837 -5.34788397]
Epoch 1409, t=2460388.4804368955:
  TLE_ECI: r=[6620.15784955 3868.04990259 -885.8809116 ], v=[-2.13500845  2.16195941 -6.51390741]
  RK45_ECI: r=[ 4704.74870319  4588.31223609 -4138.51011027], v=[-4.77798995  0.13130434 -5.32503931]
Epoch 1410, t=2460388.480512159:
  TLE_ECI: r=[ 6551.6659673   3934.49824936 -1080.92147233], v=[-2.30747326  2.0593437  -6.48824637]
  RK45_ECI: r=[ 4671.41760524  4591.30384862 -4173.05759664], v=[-4.80397501  0.10365262 -5.30200449]
Epoch 1411, t=2460388.4805874224:
  TLE_ECI: r=[ 6477.99762245  3997.80792579 -1275.11592173], v=[-2.47803235  1.95496117 -6.45750844]
  RK45_ECI: r=[ 4637.9166632   4594.0997579  -4207.45483557], v=[-4.82976017  0.07597442 -5.27878036]
Epoch 1412, t=2460388.480662686:
  TLE_ECI: r=[ 6399.21352492  4057.92474229 -1468.31231566], v=[-2.6465502   1.84889583 -6.42171821]
  RK45_ECI: r=[ 4604.24756762  4596.69971044 -4241.70027678], v=[-4.85534429  0.04827114 -5.25536797]
Epoch 1413, t=2460388.4807379493:
  TLE_ECI: r=[ 6315.37844997  4114.79708139 -1660.3595087 ], v=[-2.81289298  1.74123315 -6.38090433]
  RK45_ECI: r=[ 4570.41142537  4599.10347051 -4275.79301994], v=[-4.88072668  0.02054373 -5.23176799]
Epoch 1414, t=2460388.480813212:
  TLE_ECI: r=[ 6226.56119546  4168.37592336 -1851.10727457], v=[-2.97692876  1.63205996 -6.33509942]
  RK45_ECI: r=[ 4536.41010534  4601.31079165 -4309.73136995], v=[-4.9059061  -0.00720624 -5.2079816 ]
Epoch 1415, t=2460388.4808884757:
  TLE_ECI: r=[ 6132.83447473  4218.61496132 -2040.40642554], v=[-3.13852756  1.52146439 -6.28434008]
  RK45_ECI: r=[ 4502.24454829  4603.32147951 -4343.51459521], v=[-4.93088201 -0.03497799 -5.18400936]
Epoch 1416, t=2460388.480963739:
  TLE_ECI: r=[ 6034.27492732  4265.4705311  -2228.10893107], v=[-3.29756146  1.40953578 -6.22866686]
  RK45_ECI: r=[ 4467.91618553  4605.13530382 -4377.14148877], v=[-4.95565352 -0.0627703  -5.15985213]
Epoch 1417, t=2460388.4810390025:
  TLE_ECI: r=[ 5930.96300622  4308.9017214  -2414.06803521], v=[-3.4539047   1.29636463 -6.16812417]
  RK45_ECI: r=[ 4433.42674499  4606.75206136 -4410.61053589], v=[-4.98021954 -0.09058176 -5.13551104]
Epoch 1418, t=2460388.481114266:
  TLE_ECI: r=[ 5822.98292148  4348.87039088 -2598.13837282], v=[-3.60743382  1.18204249 -6.10276031]
  RK45_ECI: r=[ 4398.77735528  4608.17154983 -4443.9208575 ], v=[-5.00457944 -0.1184114  -5.11098674]
Epoch 1419, t=2460388.481189529:
  TLE_ECI: r=[ 5710.42258214  4385.34118356 -2780.1760846 ], v=[-3.75802773  1.0666619  -6.03262737]
  RK45_ECI: r=[ 4363.96992559  4609.39357796 -4477.07079825], v=[-5.02873202 -0.14625767 -5.08628049]
Epoch 1420, t=2460388.4812647924:
  TLE_ECI: r=[ 5593.37347065  4418.28162667 -2960.03893053], v=[-3.90556781  0.9503163  -5.9577812 ]
  RK45_ECI: r=[ 4329.00525948  4610.41797464 -4510.05979892], v=[-5.05267689 -0.17411988 -5.06139272]
Epoch 1421, t=2460388.481340056:
  TLE_ECI: r=[ 5471.93064311  4447.66205618 -3137.58640211], v=[-4.04993801  0.83309997 -5.87828137]
  RK45_ECI: r=[ 4293.88527957  4611.24456782 -4542.88621822], v=[-5.07641289 -0.20199647 -5.03632469]
Epoch 1422, t=2460388.4814153193:
  TLE_ECI: r=[ 5346.19259792  4473.45571077 -3312.67983275], v=[-4.19102493  0.71510793 -5.79419109]
  RK45_ECI: r=[ 4258.61128634  4611.87318921 -4575.54904167], v=[-5.09993931 -0.22988635 -5.01107722]
Epoch 1423, t=2460388.4814905827:
  TLE_ECI: r=[ 5216.26120637  4495.63873704 -3485.18250662], v=[-4.32871793  0.59643585 -5.7055772 ]
  RK45_ECI: r=[ 4223.18458288  4612.30367543 -4608.04725773], v=[-5.12325545 -0.25778847 -4.9856511 ]
Epoch 1424, t=2460388.4815658457:
  TLE_ECI: r=[ 5082.2416406   4514.1901951  -3654.95976569], v=[-4.46290921  0.47718002 -5.61251003]
  RK45_ECI: r=[ 4187.60711651  4612.53589074 -4640.37925233], v=[-5.14636016 -0.28570124 -4.96004762]
Epoch 1425, t=2460388.481641109:
  TLE_ECI: r=[ 4944.242233    4529.09213647 -3821.87911484], v=[-4.59349386  0.35743719 -5.51506344]
  RK45_ECI: r=[ 4151.87970338  4612.56968813 -4672.54448085], v=[-5.16925311 -0.31362398 -4.93426726]
Epoch 1426, t=2460388.4817163725:
  TLE_ECI: r=[ 4802.37446539  4540.32952873 -3985.81032523], v=[-4.72037     0.23730455 -5.41331464]
  RK45_ECI: r=[ 4116.00430336  4612.40495126 -4704.54134379], v=[-5.19193317 -0.34155513 -4.9083113 ]
Epoch 1427, t=2460388.481791636:
  TLE_ECI: r=[ 4656.75282369  4547.89032923 -4146.62553551], v=[-4.8434388   0.11687965 -5.30734424]
  RK45_ECI: r=[ 4079.98208058  4612.04153849 -4736.36900223], v=[-5.21439979 -0.36949373 -4.88218046]
Epoch 1428, t=2460388.481866899:
  TLE_ECI: r=[ 4507.49472966  4551.76546692 -4304.19935093], v=[-4.96260461e+00 -3.73972007e-03 -5.19723606e+00]
  RK45_ECI: r=[ 4043.81501132  4611.47935862 -4768.02587616], v=[-5.23665188 -0.39743821 -4.85587608]
Epoch 1429, t=2460388.4819421624:
  TLE_ECI: r=[ 4354.72039057  4551.94890369 -4458.40894023], v=[-5.07777497 -0.12445562 -5.08307717]
  RK45_ECI: r=[ 4007.50408151  4610.718297   -4799.51128567], v=[-5.25868902 -0.42538776 -4.82939873]
Epoch 1430, t=2460388.482017426:
  TLE_ECI: r=[ 4198.55278029  4548.43755895 -4609.13413057], v=[-5.18886071 -0.24516997 -4.96495772]
  RK45_ECI: r=[ 3971.050798    4609.75824284 -4830.82410787], v=[-5.28051044 -0.45334117 -4.8027494 ]
Epoch 1431, t=2460388.4820926893:
  TLE_ECI: r=[ 4039.1174847   4541.23136701 -4756.25749982], v=[-5.29577603 -0.36578469 -4.84297092]
  RK45_ECI: r=[ 3934.45698249  4608.59913533 -4861.96293462], v=[-5.3021152  -0.48129702 -4.77592931]
Epoch 1432, t=2460388.4821679527:
  TLE_ECI: r=[ 3876.5426125   4530.33326358 -4899.66446668], v=[-5.39843854 -0.48620178 -4.71721294]
  RK45_ECI: r=[ 3897.72381711  4607.2408666  -4892.92695042], v=[-5.32350278 -0.50925434 -4.74893919]
Epoch 1433, t=2460388.4822432157:
  TLE_ECI: r=[ 3710.95870346  4515.74917315 -5039.24337833], v=[-5.49676929 -0.60632334 -4.58778282]
  RK45_ECI: r=[ 3860.85331249  4605.68340112 -4923.71461916], v=[-5.34467216 -0.53721157 -4.72178041]
Epoch 1434, t=2460388.482318479:
  TLE_ECI: r=[ 3542.49856903  4497.48804872 -5174.88559548], v=[-5.5906929  -0.72605177 -4.45478242]
  RK45_ECI: r=[ 3823.84646857  4603.92665287 -4954.32528063], v=[-5.36562292 -0.56516791 -4.6944536 ]
Epoch 1435, t=2460388.4823937425:
  TLE_ECI: r=[ 3371.29726416  4475.56179785 -5306.48557518], v=[-5.68013753 -0.84528971 -4.31831629]
  RK45_ECI: r=[ 3786.70481599  4601.97055399 -4984.75784394], v=[-5.38635437 -0.59312214 -4.66695974]
Epoch 1436, t=2460388.482469006:
  TLE_ECI: r=[ 3197.49192478  4449.98531853 -5433.94095074], v=[-5.765035   -0.9639402  -4.17849162]
  RK45_ECI: r=[ 3749.4302066   4599.81509439 -5015.01094152], v=[-5.40686561 -0.62107283 -4.63930012]
Epoch 1437, t=2460388.4825442694:
  TLE_ECI: r=[ 3021.2216698   4420.77647647 -5557.15260916], v=[-5.84532076 -1.08190674 -4.03541811]
  RK45_ECI: r=[ 3712.02383898  4597.46020027 -5045.08378207], v=[-5.42715615 -0.64901903 -4.61147547]
Epoch 1438, t=2460388.4826195324:
  TLE_ECI: r=[ 2842.62750232  4387.95608236 -5676.02476594], v=[-5.920934   -1.19909334 -3.88920794]
  RK45_ECI: r=[ 3674.48775606  4594.90589185 -5074.97487473], v=[-5.44722502 -0.67695918 -4.58348722]
Epoch 1439, t=2460388.482694796:
  TLE_ECI: r=[ 2661.8521446   4351.54790971 -5790.46503691], v=[-5.99181766 -1.31540468 -3.73997563]
  RK45_ECI: r=[ 3636.82297104  4592.15211144 -5104.68357963], v=[-5.46707185 -0.70489247 -4.555336  ]
Epoch 1440, t=2460388.4827700593:
  TLE_ECI: r=[ 2479.04000082  4311.57862449 -5900.38450778], v=[-6.05791846 -1.43074608 -3.58783795]
  RK45_ECI: r=[ 3599.03103675  4589.19883421 -5134.20883889], v=[-5.48669597 -0.73281769 -4.52702284]
Epoch 1441, t=2460388.4828453227:
  TLE_ECI: r=[ 2294.33699019  4268.07779911 -6005.6978004 ], v=[-6.11918693 -1.54502363 -3.43291386]
  RK45_ECI: r=[ 3561.11383305  4586.04610105 -5163.54932673], v=[-5.50609654 -0.76073342 -4.49854904]
Epoch 1442, t=2460388.482920586:
  TLE_ECI: r=[ 2107.89044333  4221.07788041 -6106.32313657], v=[-6.17557747 -1.65814426 -3.27532438]
  RK45_ECI: r=[ 3523.07257421  4582.6938719  -5192.70427674], v=[-5.52527311 -0.7886387  -4.46991539]
Epoch 1443, t=2460388.482995849:
  TLE_ECI: r=[ 1919.84899732  4170.6141585  -6202.18239882], v=[-6.22704834 -1.77001576 -3.11519253]
  RK45_ECI: r=[ 3484.90933342  4579.14222269 -5221.67224471], v=[-5.54422477 -0.81653197 -4.44112332]
Epoch 1444, t=2460388.4830711125:
  TLE_ECI: r=[ 1730.36242873  4116.72476243 -6293.20118826], v=[-6.27356169 -1.880547   -2.9526432 ]
  RK45_ECI: r=[ 3446.62513597  4575.39112428 -5250.45261161], v=[-5.56295116 -0.84441243 -4.4121735 ]
Epoch 1445, t=2460388.483146376:
  TLE_ECI: r=[ 1539.58160864  4059.45059467 -6379.30887985], v=[-6.31508362 -1.98964779 -2.78780305]
  RK45_ECI: r=[ 3408.22155552  4571.44059476 -5279.04435352], v=[-5.58145166 -0.87227888 -4.38306698]
Epoch 1446, t=2460388.4832216394:
  TLE_ECI: r=[ 1347.65833449  3998.8353234  -6460.43867437], v=[-6.35158413 -2.0972291  -2.62080047]
  RK45_ECI: r=[ 3369.70049828  4567.29072584 -5307.4461876 ], v=[-5.59972548 -0.90012989 -4.35380509]
Epoch 1447, t=2460388.4832969024:
  TLE_ECI: r=[ 1154.74523401  3934.9253389  -6536.52764771], v=[-6.38303721 -2.20320308 -2.4517654 ]
  RK45_ECI: r=[ 3331.06354922  4562.94155815 -5335.6571091 ], v=[-5.61777203 -0.92796425 -4.32438892]
Epoch 1448, t=2460388.483372166:
  TLE_ECI: r=[  960.99559892  3867.76973166 -6607.51679701], v=[-6.40942077 -2.30748316 -2.28082929]
  RK45_ECI: r=[ 3292.311741    4558.39308283 -5363.67651337], v=[-5.63559097 -0.95578116 -4.29481911]
Epoch 1449, t=2460388.4834474293:
  TLE_ECI: r=[  766.56333454  3797.42023184 -6673.35108406], v=[-6.43071673 -2.40998404 -2.108125  ]
  RK45_ECI: r=[ 3253.44717891  4553.64543974 -5391.50301104], v=[-5.65318145 -0.98357908 -4.26509717]
Epoch 1450, t=2460388.4835226927:
  TLE_ECI: r=[  571.60279256  3723.93118451 -6733.97947553], v=[-6.44691097 -2.51062181 -1.93378665]
  RK45_ECI: r=[ 3214.47109995  4548.69864291 -5419.13587685], v=[-5.67054306 -1.01135704 -4.23522389]
Epoch 1451, t=2460388.483597956:
  TLE_ECI: r=[  376.26866182  3647.35950347 -6789.35498024], v=[-6.45799336 -2.60931404 -1.75794957]
  RK45_ECI: r=[ 3175.38543461  4543.55283503 -5446.573872  ], v=[-5.68767507 -1.03911362 -4.20520066]
Epoch 1452, t=2460388.483673219:
  TLE_ECI: r=[  180.71585834  3567.76462649 -6839.43468348], v=[-6.46395777 -2.70597974 -1.58075019]
  RK45_ECI: r=[ 3136.19178652  4538.20809961 -5473.81602695], v=[-5.70457693 -1.06684761 -4.17502855]
Epoch 1453, t=2460388.4837484825:
  TLE_ECI: r=[  -14.9006376   3485.20847217 -6884.17977819], v=[-6.464802   -2.80053957 -1.40232591]
  RK45_ECI: r=[ 3096.89119902  4532.66445625 -5500.8617587 ], v=[-5.72124831 -1.09455823 -4.14470825]
Epoch 1454, t=2460388.483823746:
  TLE_ECI: r=[ -210.42583856  3399.7553868  -6923.5555933 ], v=[-6.46052788 -2.89291578 -1.22281505]
  RK45_ECI: r=[ 3057.4858035   4526.92210044 -5527.70972698], v=[-5.73768844 -1.12224391 -4.11424128]
Epoch 1455, t=2460388.4838990094:
  TLE_ECI: r=[ -405.70491288  3311.47209861 -6957.53161887], v=[-6.4511412  -2.98303228 -1.04235669]
  RK45_ECI: r=[ 3017.97684951  4520.98108017 -5554.35923297], v=[-5.75389693 -1.1499037  -4.08362845]
Epoch 1456, t=2460388.483974273:
  TLE_ECI: r=[ -600.58329416  3220.42766509 -6986.08152823], v=[-6.4366517  -3.07081477 -0.86109061]
  RK45_ECI: r=[ 2978.36629041  4514.84158887 -5580.80908281], v=[-5.7698731  -1.17753618 -4.05287117]
Epoch 1457, t=2460388.484049536:
  TLE_ECI: r=[ -794.90679189  3126.69342187 -7009.18319715], v=[-6.4170731  -3.1561907  -0.67915718]
  RK45_ECI: r=[ 2938.65574683  4508.50375303 -5607.05834288], v=[-5.78561645 -1.20514014 -4.02197055]
Epoch 1458, t=2460388.4841247993:
  TLE_ECI: r=[ -988.52174784  3030.34291909 -7026.81871975], v=[-6.39242301 -3.23908946 -0.49669726]
  RK45_ECI: r=[ 2898.84627191  4501.9676208  -5633.10645217], v=[-5.80112667 -1.23271479 -3.99092727]
Epoch 1459, t=2460388.4842000627:
  TLE_ECI: r=[-1181.27509912  2931.45187664 -7038.97442171], v=[-6.36272301 -3.31944227 -0.31385207]
  RK45_ECI: r=[ 2858.94002103  4495.23344326 -5658.95212054], v=[-5.81640305 -1.26025857 -3.95974289]
Epoch 1460, t=2460388.484275326:
  TLE_ECI: r=[-1373.01453406  2830.09811826 -7045.64087003], v=[-6.32799855 -3.39718235 -0.13076313]
  RK45_ECI: r=[ 2818.93825529  4488.30130238 -5684.59467598], v=[-5.83144525 -1.28777052 -3.92841824]
Epoch 1461, t=2460388.4843505896:
  TLE_ECI: r=[-1563.5886005   2726.36151326 -7046.81288003], v=[-6.28827898 -3.47224492  0.05242786]
  RK45_ECI: r=[ 2778.84294884  4481.17144243 -5710.03297047], v=[-5.84625264 -1.31524923 -3.89695473]
Epoch 1462, t=2460388.4844258525:
  TLE_ECI: r=[-1752.84681515  2620.32391991 -7042.48951912], v=[-6.24359751 -3.54456726  0.23557915]
  RK45_ECI: r=[ 2738.65573793  4473.8440328  -5735.26610693], v=[-5.86082475 -1.3426935  -3.86535351]
Epoch 1463, t=2460388.484501116:
  TLE_ECI: r=[-1940.63981098  2512.06910246 -7032.6741075 ], v=[-6.19399115 -3.61408881  0.41854898]
  RK45_ECI: r=[ 2698.37768428  4466.31915037 -5760.29354659], v=[-5.87516132 -1.37010252 -3.83361526]
Epoch 1464, t=2460388.4845763794:
  TLE_ECI: r=[-2126.81940542  2401.68269539 -7017.37421596], v=[-6.13950074 -3.68075114  0.60119574]
  RK45_ECI: r=[ 2658.01096527  4458.59710176 -5785.1140504 ], v=[-5.8892617  -1.39747473 -3.80174156]
Epoch 1465, t=2460388.484651643:
  TLE_ECI: r=[-2311.23874672  2289.25211852 -6996.60166046], v=[-6.08017089 -3.744498    0.78337804]
  RK45_ECI: r=[ 2617.55685226  4450.67800294 -5809.72697355], v=[-5.90312559 -1.42480919 -3.76973327]
Epoch 1466, t=2460388.484726906:
  TLE_ECI: r=[-2493.75241308  2174.86652114 -6970.37249368], v=[-6.01604997 -3.80527542  0.96495484]
  RK45_ECI: r=[ 2577.01753172  4442.56218575 -5834.1311006 ], v=[-5.91675234 -1.45210434 -3.73759197]
Epoch 1467, t=2460388.4848021693:
  TLE_ECI: r=[-2674.21655084  2058.61668466 -6938.70699351], v=[-5.94718999 -3.86303176  1.14578551]
  RK45_ECI: r=[ 2536.39407296  4434.2497524  -5858.32591371], v=[-5.93014174 -1.47935939 -3.70531836]
Epoch 1468, t=2460388.4848774327:
  TLE_ECI: r=[-2852.48894666  1940.59499422 -6901.62964857], v=[-5.8736467  -3.91771768  1.32572997]
  RK45_ECI: r=[ 2495.68812619  4425.74091856 -5882.31055457], v=[-5.94329337 -1.50657313 -3.6729136 ]
Epoch 1469, t=2460388.484952696:
  TLE_ECI: r=[-3028.42916413  1820.8953396  -6859.16914052], v=[-5.79547943 -3.96928622  1.50464878]
  RK45_ECI: r=[ 2454.90169466  4417.03600971 -5906.08395009], v=[-5.95620671 -1.53374414 -3.64037915]
Epoch 1470, t=2460388.4850279596:
  TLE_ECI: r=[-3201.89864594  1699.61304909 -6811.35832344], v=[-5.71275111 -4.01769284  1.68240323]
  RK45_ECI: r=[ 2414.03605857  4408.13517588 -5929.64548312], v=[-5.96888149 -1.56087149 -3.60771586]
Epoch 1471, t=2460388.4851032225:
  TLE_ECI: r=[-3372.76081675  1576.84482532 -6758.23420011], v=[-5.62552823 -4.06289547  1.85885545]
  RK45_ECI: r=[ 2373.09342313  4399.03880421 -5952.99399058], v=[-5.98131716 -1.58795361 -3.57492536]
Epoch 1472, t=2460388.485178486:
  TLE_ECI: r=[-3540.88120825  1452.68863087 -6699.83789522], v=[-5.53388073 -4.10485456  2.03386852]
  RK45_ECI: r=[ 2332.0746811   4389.74697639 -5976.12908561], v=[-5.99351357 -1.61498983 -3.5420082 ]
Epoch 1473, t=2460388.4852537494:
  TLE_ECI: r=[-3706.12753486  1327.24366973 -6636.21462565], v=[-5.43788201 -4.14353304  2.20730657]
  RK45_ECI: r=[ 2290.98204333  4380.26009886 -5999.04962334], v=[-6.0054702  -1.64197861 -3.50896602]
Epoch 1474, t=2460388.485329013:
  TLE_ECI: r=[-3868.36981641  1200.61027181 -6567.41366759], v=[-5.33760887 -4.17889643  2.37903487]
  RK45_ECI: r=[ 2249.81697974  4370.57839977 -6021.75490295], v=[-6.01718675 -1.66891888 -3.47579984]
Epoch 1475, t=2460388.4854042763:
  TLE_ECI: r=[-4027.48047463  1072.88982376 -6493.48832072], v=[-5.23314145 -4.21091284  2.54891991]
  RK45_ECI: r=[ 2208.58096091  4360.7021124  -6044.2442272 ], v=[-6.02866295 -1.69580959 -3.44251069]
Epoch 1476, t=2460388.4854795393:
  TLE_ECI: r=[-4183.3344301    944.18470181 -6414.49586939], v=[-5.12456317 -4.239553    2.71682956]
  RK45_ECI: r=[ 2167.27620812  4350.63167907 -6066.51648639], v=[-6.03989831 -1.7226492  -3.40910022]
Epoch 1477, t=2460388.4855548027:
  TLE_ECI: r=[-4335.80921166   814.59814269 -6330.4975407 ], v=[-5.01196064 -4.26479033  2.88263312]
  RK45_ECI: r=[ 2125.90361765  4340.36720596 -6088.57131179], v=[-6.05089272 -1.74943703 -3.37556899]
Epoch 1478, t=2460388.485630066:
  TLE_ECI: r=[-4484.78503477   684.23423463 -6241.55845976], v=[-4.89542366 -4.28660089  3.04620143]
  RK45_ECI: r=[ 2084.46541574  4329.90915449 -6110.40761221], v=[-6.06164572 -1.77617155 -3.34191868]
Epoch 1479, t=2460388.4857053296:
  TLE_ECI: r=[-4630.14490794   553.19778744 -6147.7476018 ], v=[-4.77504512 -4.30496346  3.20740698]
  RK45_ECI: r=[ 2042.96308027  4319.25779073 -6132.02472039], v=[-6.07215707 -1.80285171 -3.30815032]
Epoch 1480, t=2460388.4857805925:
  TLE_ECI: r=[-4771.77472052   421.59427534 -6049.13774147], v=[-4.65092094 -4.31985953  3.36612399]
  RK45_ECI: r=[ 2001.39828773  4308.41343581 -6153.42187284], v=[-6.08242648 -1.82947634 -3.27426511]
Epoch 1481, t=2460388.485855856:
  TLE_ECI: r=[-4909.56333814   289.52969807 -5945.80539911], v=[-4.52314999 -4.33127341  3.52222855]
  RK45_ECI: r=[ 1959.77267842  4297.37643706 -6174.59831385], v=[-6.09245368 -1.85604429 -3.24026427]
Epoch 1482, t=2460388.4859311194:
  TLE_ECI: r=[-5043.40268214   157.1105791  -5837.83078417], v=[-4.39183403 -4.33919211  3.67559863]
  RK45_ECI: r=[ 1918.08774605  4286.14707465 -6195.55339347], v=[-6.10223845 -1.8825545  -3.20614885]
Epoch 1483, t=2460388.486006383:
  TLE_ECI: r=[-5173.18782139    24.44382591 -5725.29773569], v=[-4.25707765 -4.34360545  3.82611429]
  RK45_ECI: r=[ 1876.34553141  4274.72581476 -6216.28617507], v=[-6.11178043 -1.9090056  -3.17192037]
Epoch 1484, t=2460388.4860816463:
  TLE_ECI: r=[-5298.81705419  -108.36334164 -5608.29365991], v=[-4.11898815 -4.34450607  3.97365768]
  RK45_ECI: r=[ 1834.54733195  4263.11290201 -6236.7961213 ], v=[-6.12107948 -1.93539666 -3.13757975]
Epoch 1485, t=2460388.4861569093:
  TLE_ECI: r=[-5420.19199001  -241.2034613  -5486.90946511], v=[-3.97767554 -4.3418894   4.11811317]
  RK45_ECI: r=[ 1792.69539219  4251.30887689 -6257.0822209 ], v=[-6.13013523 -1.96172616 -3.10312868]
Epoch 1486, t=2460388.4862321727:
  TLE_ECI: r=[-5537.21762572  -373.9689782  -5361.23949354], v=[-3.83325233 -4.33575375  4.25936747]
  RK45_ECI: r=[ 1750.79079954  4239.31394987 -6277.14404499], v=[-6.13894758 -1.98799334 -3.06856792]
Epoch 1487, t=2460388.486307436:
  TLE_ECI: r=[-5649.80242482  -506.55223707 -5231.38145066], v=[-3.68583359 -4.32610022  4.39730968]
  RK45_ECI: r=[ 1708.8352399   4227.12849828 -6296.98088239], v=[-6.14751632 -2.01419701 -3.0338987 ]
Epoch 1488, t=2460388.4863826996:
  TLE_ECI: r=[-5757.85838931  -638.84563171 -5097.43633157], v=[-3.53553678 -4.31293278  4.53183138]
  RK45_ECI: r=[ 1666.83076355  4214.75303764 -6316.59184682], v=[-6.15584115 -2.04033583 -2.99912257]
Epoch 1489, t=2460388.486457963:
  TLE_ECI: r=[-5861.3011309   -770.74167661 -4959.50834479], v=[-3.38248166 -4.29625824  4.66282677]
  RK45_ECI: r=[ 1624.77867155  4202.18784583 -6335.97643043], v=[-6.16392195 -2.06640887 -2.96424045]
Epoch 1490, t=2460388.486533226:
  TLE_ECI: r=[-5960.04994179  -902.13307695 -4817.70483333], v=[-3.22679026 -4.27608626  4.79019269]
  RK45_ECI: r=[ 1582.681218    4189.4335172  -6355.13367795], v=[-6.17175844 -2.09241464 -2.92925408]
Epoch 1491, t=2460388.4866084894:
  TLE_ECI: r=[-6054.02784985 -1032.91288548 -4672.13619322], v=[-3.0685867  -4.2524294   4.91382878]
  RK45_ECI: r=[ 1540.5394924   4176.49029008 -6374.06318495], v=[-6.17935052 -2.11835238 -2.89416422]
Epoch 1492, t=2460388.486683753:
  TLE_ECI: r=[-6143.16169584 -1162.97448566 -4522.91578937], v=[-2.90799716 -4.225303    5.03363748]
  RK45_ECI: r=[ 1498.35518604  4163.35858339 -6392.76428057], v=[-6.18669805 -2.14422093 -2.85897211]
Epoch 1493, t=2460388.4867590163:
  TLE_ECI: r=[-6227.38218348 -1292.21174865 -4370.15986898], v=[-2.74514977 -4.19472531  5.14952419]
  RK45_ECI: r=[ 1456.13035654  4150.03896157 -6411.23612976], v=[-6.19380077 -2.17001896 -2.82367935]
Epoch 1494, t=2460388.4868342797:
  TLE_ECI: r=[-6306.62393827 -1420.51910279 -4213.98747248], v=[-2.58017449 -4.16071739  5.26139731]
  RK45_ECI: r=[ 1413.86630726  4136.53173539 -6429.4782546 ], v=[-6.20065862 -2.19574554 -2.78828686]
Epoch 1495, t=2460388.4869095427:
  TLE_ECI: r=[-6380.82556552 -1547.79160209 -4054.52034203], v=[-2.41320304 -4.12330313  5.36916833]
  RK45_ECI: r=[ 1371.56529986  4122.83755238 -6447.48975676], v=[-6.20727134 -2.22139922 -2.7527964 ]
Epoch 1496, t=2460388.486984806:
  TLE_ECI: r=[-6449.92968293 -1673.92508714 -3891.88282778], v=[-2.24436875 -4.08250925  5.47275189]
  RK45_ECI: r=[ 1329.22842516  4108.95667835 -6465.27025655], v=[-6.2136389  -2.24697923 -2.71720874]
Epoch 1497, t=2460388.4870600696:
  TLE_ECI: r=[-6513.88299373 -1798.81616058 -3726.20179164], v=[-2.0738065  -4.03836529  5.5720659 ]
  RK45_ECI: r=[ 1286.85737777  4094.88957351 -6482.81912412], v=[-6.21976118 -2.27248444 -2.68152516]
Epoch 1498, t=2460388.487135333:
  TLE_ECI: r=[-6572.63631371 -1922.36234632 -3557.60650912], v=[-1.90165258 -3.99090353  5.66703157]
  RK45_ECI: r=[ 1244.45422098  4080.63685055 -6500.13557634], v=[-6.22563798 -2.29791353 -2.64574726]
Epoch 1499, t=2460388.487210596:
  TLE_ECI: r=[-6626.14462193 -2044.46213712 -3386.22856874], v=[-1.72804462 -3.94015906  5.75757347]
  RK45_ECI: r=[ 1202.02065164  4066.19899095 -6517.21900645], v=[-6.23126921 -2.32326536 -2.60987632]
Epoch 1500, t=2460388.4872858594:
  TLE_ECI: r=[-6674.36707424 -2165.01515717 -3212.20176968], v=[-1.55312141 -3.88616972  5.84361966]
  RK45_ECI: r=[ 1159.55776006  4051.57628012 -6534.06905158], v=[-6.23665485 -2.34853918 -2.5739131 ]
Epoch 1501, t=2460388.487361123:
  TLE_ECI: r=[-6717.26707217 -2283.92212959 -3035.66201715], v=[-1.37702286 -3.82897603  5.92510169]
  RK45_ECI: r=[ 1117.06781386  4036.76942581 -6550.68487939], v=[-6.24179472 -2.37373355 -2.53785941]
Epoch 1502, t=2460388.4874363863:
  TLE_ECI: r=[-6754.81227033 -2401.08503703 -2856.74721607], v=[-1.19988984 -3.76862123  6.00195469]
  RK45_ECI: r=[ 1074.55211774  4021.77879068 -6567.06606079], v=[-6.2466888  -2.39884758 -2.50171619]
Epoch 1503, t=2460388.4875116497:
  TLE_ECI: r=[-6786.97460892 -2516.40718479 -2675.59716282], v=[-1.0218641  -3.70515122  6.07411743]
  RK45_ECI: r=[ 1032.01273858  4006.60503509 -6583.21186528], v=[-6.25133695 -2.42387997 -2.46548506]
Epoch 1504, t=2460388.4875869127:
  TLE_ECI: r=[-6813.73034488 -2629.79326219 -2492.35343532], v=[-0.84308812 -3.63861453  6.14153237]
  RK45_ECI: r=[  989.45137452  3991.24868101 -6599.12172788], v=[-6.25573911 -2.44882959 -2.42916732]
Epoch 1505, t=2460388.487662176:
  TLE_ECI: r=[-6835.06004107 -2741.14950283 -2307.15928147], v=[-0.66370497 -3.56906229  6.20414573]
  RK45_ECI: r=[  946.86911548  3975.71004083 -6614.795311  ], v=[-6.2598953  -2.47369571 -2.39276375]
Epoch 1506, t=2460388.4877374396:
  TLE_ECI: r=[-6850.9486278  -2850.3836443  -2120.15950597], v=[-0.48385827 -3.49654816  6.2619075 ]
  RK45_ECI: r=[  904.26823222  3959.98987411 -6630.23184079], v=[-6.26380538 -2.49847689 -2.35627615]
Epoch 1507, t=2460388.487812703:
  TLE_ECI: r=[-6861.38538552 -2957.4050859  -1931.50035578], v=[-0.30369201 -3.42112834  6.31477154]
  RK45_ECI: r=[  861.65002883  3944.08857548 -6645.43091908], v=[-6.26746937 -2.52317227 -2.31970549]
Epoch 1508, t=2460388.4878879664:
  TLE_ECI: r=[-6866.36396108 -3062.1249457  -1741.32940421], v=[-0.12335044 -3.34286149  6.36269556]
  RK45_ECI: r=[  819.01657402  3928.00685237 -6660.39186857], v=[-6.27088718 -2.54778055 -2.2830534 ]
Epoch 1509, t=2460388.4879632294:
  TLE_ECI: r=[-6865.88238228 -3164.4561159  -1549.79543373], v=[ 0.05702204 -3.2618087   6.40564123]
  RK45_ECI: r=[  776.36956576  3911.74526676 -6675.11416644], v=[-6.27405881 -2.57230064 -2.2463212 ]
Epoch 1510, t=2460388.488038493:
  TLE_ECI: r=[-6859.94302253 -3264.31341746 -1357.04831778], v=[ 0.23728104 -3.17803345  6.44357417]
  RK45_ECI: r=[  733.71009274  3895.30415778 -6689.59750063], v=[-6.27698428 -2.59673178 -2.20950965]
Epoch 1511, t=2460388.4881137563:
  TLE_ECI: r=[-6848.55265353 -3361.61355194 -1163.23890126], v=[ 0.41728224 -3.09160152  6.47646398]
  RK45_ECI: r=[  691.04042676  3878.68433617 -6703.84115627], v=[-6.27966353 -2.62107259 -2.17262059]
Epoch 1512, t=2460388.4881890197:
  TLE_ECI: r=[-6831.72240305 -3456.27525335  -968.51888044], v=[ 0.59688156 -3.00258097  6.5042843 ]
  RK45_ECI: r=[  648.36187019  3861.8862282  -6717.84476639], v=[-6.28209659 -2.64532219 -2.13565498]
Epoch 1513, t=2460388.488264283:
  TLE_ECI: r=[-6809.46775458 -3548.2193369   -773.04068181], v=[ 0.77593528 -2.9110421   6.52701281]
  RK45_ECI: r=[  605.67649178  3844.91058783 -6731.60770728], v=[-6.28428345 -2.66947931 -2.09861448]
Epoch 1514, t=2460388.488339546:
  TLE_ECI: r=[-6781.80854446 -3637.36874738  -576.95734032], v=[ 0.9543001  -2.81705735  6.54463126]
  RK45_ECI: r=[  562.98598787  3827.75801657 -6745.12949866], v=[-6.28622413 -2.69354287 -2.06150039]
Epoch 1515, t=2460388.4884148096:
  TLE_ECI: r=[-6748.76890252 -3723.64870464  -380.42237715], v=[ 1.1318334  -2.72070126  6.55712549]
  RK45_ECI: r=[  520.29144489  3810.42888015 -6758.40985402], v=[-6.2879187  -2.71751211 -2.0243135 ]
Epoch 1516, t=2460388.488490073:
  TLE_ECI: r=[-6710.37729472 -3806.98664794  -183.58967674], v=[ 1.30839319 -2.62205042  6.56448543]
  RK45_ECI: r=[  477.59513361  3792.92403981 -6771.44811802], v=[-6.28936714 -2.74138568 -1.98705565]
Epoch 1517, t=2460388.4885653364:
  TLE_ECI: r=[-6666.666457   -3887.31237787    13.3866363 ], v=[ 1.48383837 -2.52118337  6.56670513]
  RK45_ECI: r=[  434.89835376  3775.24395318 -6784.24395495], v=[-6.29056954 -2.7651627  -1.9497278 ]
Epoch 1518, t=2460388.4886405994:
  TLE_ECI: r=[-6617.67338889 -3964.55807787   210.35232059], v=[ 1.65802876 -2.41818059  6.56378276]
  RK45_ECI: r=[  392.20337488  3757.38950413 -6796.79673679], v=[-6.29152591 -2.7888418  -1.9123318 ]
Epoch 1519, t=2460388.488715863:
  TLE_ECI: r=[-6563.43927614 -4038.65844926   407.15314145], v=[ 1.83082528 -2.31312437  6.5557206 ]
  RK45_ECI: r=[  349.51128119  3739.3610816  -6809.10620097], v=[-6.29223636 -2.81242225 -1.87486844]
Epoch 1520, t=2460388.4887911263:
  TLE_ECI: r=[-6504.00952427 -4109.5506511    603.63499452], v=[ 2.00209004 -2.20609878  6.54252503]
  RK45_ECI: r=[  306.82376498  3721.15932934 -6821.17191166], v=[-6.29270095 -2.83590299 -1.83733902]
Epoch 1521, t=2460388.4888663897:
  TLE_ECI: r=[-6439.43367394 -4177.17443215   799.6440291 ], v=[ 2.17168646 -2.09718959  6.52420659]
  RK45_ECI: r=[  264.14289078  3702.78507464 -6832.9933317 ], v=[-6.29291976 -2.85928276 -1.79974523]
Epoch 1522, t=2460388.488941653:
  TLE_ECI: r=[-6369.76537022 -4241.4721628    995.02677131], v=[ 2.33947937 -1.98648418  6.50077986]
  RK45_ECI: r=[  221.46995412  3684.23880618 -6844.5701568 ], v=[-6.2928929  -2.88256071 -1.76208804]
Epoch 1523, t=2460388.489016916:
  TLE_ECI: r=[-6295.06232933 -4302.38886637  1189.63024694], v=[ 2.50533516 -1.8740715   6.47226354]
  RK45_ECI: r=[  178.80722051  3665.52145742 -6855.90181898], v=[-6.29262046 -2.90573549 -1.72436928]
Epoch 1524, t=2460388.4890921796:
  TLE_ECI: r=[-6215.38623916 -4359.8723403   1383.30210367], v=[ 2.66912187 -1.76004195  6.43868041]
  RK45_ECI: r=[  136.1557698   3646.63344342 -6866.98808142], v=[-6.29210257 -2.92880638 -1.68658977]
Epoch 1525, t=2460388.489167443:
  TLE_ECI: r=[-6130.80278191 -4413.87308954  1575.89073303], v=[ 2.83070931 -1.64448734  6.40005727]
  RK45_ECI: r=[   93.51728936  3627.57544664 -6877.8285512 ], v=[-6.29133934 -2.95177232 -1.64875081]
Epoch 1526, t=2460388.4892427064:
  TLE_ECI: r=[-6041.38152809 -4464.34444377  1767.24539129], v=[ 2.98996914 -1.52750077  6.35642495]
  RK45_ECI: r=[   50.89383837  3608.34833932 -6888.4227457 ], v=[-6.29033093 -2.9746321  -1.6108541 ]
Epoch 1527, t=2460388.48931797:
  TLE_ECI: r=[-5947.19589014 -4511.24257837  1957.21631978], v=[ 3.14677503 -1.40917661  6.30781829]
  RK45_ECI: r=[    8.286707    3588.95264094 -6898.77039214], v=[-6.28907746 -2.99738485 -1.5729006 ]
Epoch 1528, t=2460388.489393233:
  TLE_ECI: r=[-5848.32307314 -4554.52653525  2145.65486422], v=[ 3.30100271 -1.28961036  6.25427607]
  RK45_ECI: r=[  -34.30184583  3569.38933377 -6908.87098297], v=[-6.28757913 -3.02002926 -1.53489219]
Epoch 1529, t=2460388.4894684963:
  TLE_ECI: r=[-5744.8439561  -4594.15832689  2332.41359291], v=[ 3.45253012 -1.16889858  6.195841  ]
  RK45_ECI: r=[  -76.87093748  3549.65876583 -6918.7243529 ], v=[-6.28583606 -3.04256471 -1.49682947]
Epoch 1530, t=2460388.4895437597:
  TLE_ECI: r=[-5636.84310329 -4630.10286491  2517.34641403], v=[ 3.60123747 -1.04713884  6.13255969]
  RK45_ECI: r=[ -119.41831196  3529.76193627 -6928.33001516], v=[-6.28384845 -3.06498988 -1.45871433]
Epoch 1531, t=2460388.489619023:
  TLE_ECI: r=[-5524.40863978 -4662.32805966  2700.30869145], v=[ 3.74700737 -0.92442961  6.06448257]
  RK45_ECI: r=[ -161.94249279  3509.69948304 -6937.68767901], v=[-6.28161649 -3.08730386 -1.4205479 ]
Epoch 1532, t=2460388.4896942866:
  TLE_ECI: r=[-5407.63218993 -4690.80483062  2881.1573593 ], v=[ 3.88972488 -0.80087017  5.99166388]
  RK45_ECI: r=[ -204.44200501  3489.47204878 -6946.79705773], v=[-6.27914038 -3.10950571 -1.38233136]
Epoch 1533, t=2460388.4897695496:
  TLE_ECI: r=[-5286.60881432 -4715.50711544  3059.75103513], v=[ 4.02927768 -0.67656054  5.9141616 ]
  RK45_ECI: r=[ -246.91459854  3469.08066371 -6955.65770461], v=[-6.27642034 -3.13159414 -1.34406658]
Epoch 1534, t=2460388.489844813:
  TLE_ECI: r=[-5161.43687444 -4736.41195496  3235.9501313 ], v=[ 4.16555607 -0.55160138  5.83203739]
  RK45_ECI: r=[ -289.35939689  3448.5256979  -6964.26947451], v=[-6.27345656 -3.15356855 -1.30575419]
Epoch 1535, t=2460388.4899200764:
  TLE_ECI: r=[-5032.2180328  -4753.49941862  3409.61696515], v=[ 4.29845311 -0.42609393  5.74535658]
  RK45_ECI: r=[ -331.77415375  3427.80819808 -6972.63194166], v=[-6.27024929 -3.17542764 -1.26739606]
Epoch 1536, t=2460388.48999534:
  TLE_ECI: r=[-4899.05711271 -4766.75268483  3580.615867  ], v=[ 4.42786471 -0.30013988  5.65418804]
  RK45_ECI: r=[ -374.15740113  3406.92883549 -6980.74485306], v=[-6.26679876 -3.19717052 -1.22899336]
Epoch 1537, t=2460388.490070603:
  TLE_ECI: r=[-4762.06203837 -4776.15802554  3748.8132866 ], v=[ 4.55368966 -0.17384136  5.55860416]
  RK45_ECI: r=[ -416.50747151  3385.88838528 -6988.60792349], v=[-6.26310524 -3.21879617 -1.19054744]
Epoch 1538, t=2460388.4901458663:
  TLE_ECI: r=[-4621.34368884 -4781.70487456  3914.07789746], v=[ 4.67582978 -0.04730073  5.45868081]
  RK45_ECI: r=[ -458.82272922  3364.68762645 -6996.22087639], v=[-6.25916896 -3.24030365 -1.15205965]
Epoch 1539, t=2460388.4902211297:
  TLE_ECI: r=[-4477.01588969 -4783.38575159  4076.28069952], v=[4.79418991 0.07937937 5.3544972 ]
  RK45_ECI: r=[ -501.10170169  3343.32724889 -7003.58347808], v=[-6.25499019 -3.26169204 -1.11353116]
Epoch 1540, t=2460388.490296393:
  TLE_ECI: r=[-4329.19526252 -4781.19632609  4235.29511938], v=[4.90867807 0.20609619 5.24613588]
  RK45_ECI: r=[ -543.34235564  3321.80824655 -7010.69540047], v=[-6.25056923 -3.2829602  -1.07496368]
Epoch 1541, t=2460388.4903716566:
  TLE_ECI: r=[-4178.00114234 -4775.13540688  4390.99710859], v=[5.01920546 0.33274692 5.13368262]
  RK45_ECI: r=[ -585.54342359  3300.13122234 -7017.55646026], v=[-6.24590633 -3.30410733 -1.03635821]
Epoch 1542, t=2460388.4904469196:
  TLE_ECI: r=[-4023.55549295 -4765.20493173  4543.26523975], v=[5.12568655 0.45922878 5.01722637]
  RK45_ECI: r=[ -627.70267719  3278.29729025 -7024.16632126], v=[-6.24100186 -3.32513219 -0.99771664]
Epoch 1543, t=2460388.490522183:
  TLE_ECI: r=[-3865.9827504  -4751.41001404  4691.98080009], v=[5.22803915 0.58543916 4.89685915]
  RK45_ECI: r=[ -669.81906308  3256.30696105 -7030.52484585], v=[-6.23585604 -3.34603412 -0.9590398 ]
Epoch 1544, t=2460388.4905974464:
  TLE_ECI: r=[-3705.40980457 -4733.75886672  4837.02788308], v=[5.32618445 0.71127561 4.772676  ]
  RK45_ECI: r=[ -711.89092906  3234.16105822 -7036.63180687], v=[-6.2304692  -3.36681213 -0.92032903]
Epoch 1545, t=2460388.49067271:
  TLE_ECI: r=[-3541.9658395  -4712.26284431  4978.29347725], v=[5.42004711 0.83663598 4.64477487]
  RK45_ECI: r=[ -753.91625492  3211.86061736 -7042.4869322 ], v=[-6.2248417  -3.38746512 -0.88158608]
Epoch 1546, t=2460388.4907479733:
  TLE_ECI: r=[-3375.7822413  -4686.93642218  5115.66755278], v=[5.50955525 0.9614185  4.51325658]
  RK45_ECI: r=[ -795.89378358  3189.40626998 -7048.09007089], v=[-6.21897384 -3.4079923  -0.84281193]
Epoch 1547, t=2460388.4908232363:
  TLE_ECI: r=[-3206.99250464 -4657.79717566  5249.04314548], v=[5.59464058 1.08552183 4.37822468]
  RK45_ECI: r=[ -837.82130197  3166.79917502 -7053.44094876], v=[-6.21286601 -3.42839247 -0.8040085 ]
Epoch 1548, t=2460388.4908984997:
  TLE_ECI: r=[-3035.73206984 -4624.86580417  5378.31643808], v=[5.67523837 1.20884522 4.2397854 ]
  RK45_ECI: r=[ -879.69776609  3144.03986719 -7058.53945475], v=[-6.2065185  -3.44866498 -0.7651766 ]
Epoch 1549, t=2460388.490973763:
  TLE_ECI: r=[-2862.13829482 -4588.1660569   5503.38683918], v=[5.75128754 1.33128849 4.09804754]
  RK45_ECI: r=[ -921.52153683  3121.12920514 -7063.38540607], v=[-6.19993165 -3.46880888 -0.72631762]
Epoch 1550, t=2460388.4910490266:
  TLE_ECI: r=[-2686.35028925 -4547.72475319  5624.15705927], v=[5.82273068 1.45275216 3.95312241]
  RK45_ECI: r=[ -963.29060906  3098.06826501 -7067.97858681], v=[-6.19310589 -3.48882308 -0.68743327]
Epoch 1551, t=2460388.4911242896:
  TLE_ECI: r=[-2508.50882916 -4503.57174393  5740.53318412], v=[5.8895141  1.57313752 3.80512372]
  RK45_ECI: r=[-1005.00335078  3074.85792329 -7072.31883908], v=[-6.18604161 -3.50870666 -0.64852494]
Epoch 1552, t=2460388.491199553:
  TLE_ECI: r=[-2328.75619073 -4455.73991808  5852.42474538], v=[5.95158785 1.69234676 3.65416747]
  RK45_ECI: r=[-1046.65872563  3051.49873157 -7076.40606967], v=[-6.17873908 -3.52845897 -0.60959343]
Epoch 1553, t=2460388.4912748164:
  TLE_ECI: r=[-2147.23611572 -4404.26513062  5959.7447885 ], v=[6.00890574 1.81028295 3.5003719 ]
  RK45_ECI: r=[-1088.25454034  3027.99189906 -7080.2400756 ], v=[-6.17119878 -3.54807886 -0.57064069]
Epoch 1554, t=2460388.49135008:
  TLE_ECI: r=[-1964.09364315 -4349.18620543  6062.40993776], v=[6.06142541 1.92685018 3.34385734]
  RK45_ECI: r=[-1129.78955689  3004.33810161 -7083.82075818], v=[-6.16342105 -3.56756556 -0.53166772]
Epoch 1555, t=2460388.4914253433:
  TLE_ECI: r=[-1779.47500686 -4290.54489667  6160.34045836], v=[6.10910831 2.04195361 3.18474617]
  RK45_ECI: r=[-1171.26178704  2980.53845486 -7087.14795801], v=[-6.15540636 -3.58691804 -0.49267624]
Epoch 1556, t=2460388.4915006063:
  TLE_ECI: r=[-1593.52753142 -4228.38585116  6253.46031582], v=[6.15191974 2.15549956 3.02316269]
  RK45_ECI: r=[-1212.66961405  2956.59386908 -7090.22156187], v=[-6.14715513 -3.60613539 -0.45366765]
Epoch 1557, t=2460388.4915758697:
  TLE_ECI: r=[-1406.39946522 -4162.75659268  6341.6972322 ], v=[6.18982884 2.26739558 2.85923303]
  RK45_ECI: r=[-1254.01201258  2932.50491881 -7093.04150335], v=[-6.13866768 -3.62521697 -0.41464277]
Epoch 1558, t=2460388.491651133:
  TLE_ECI: r=[-1218.23993801 -4093.70745459  6424.98273978], v=[6.22280868 2.37755052 2.69308505]
  RK45_ECI: r=[-1295.28680867  2908.27285566 -7095.60764204], v=[-6.12994453 -3.64416168 -0.37560352]
Epoch 1559, t=2460388.4917263966:
  TLE_ECI: r=[-1029.19879287 -4021.29156089  6503.2522314 ], v=[6.25083618 2.48587457 2.52484825]
  RK45_ECI: r=[-1336.49277752  2883.89838236 -7097.91991206], v=[-6.12098605 -3.66296876 -0.33655091]
Epoch 1560, t=2460388.49180166:
  TLE_ECI: r=[ -839.42648039 -3945.5647793   6576.44500806], v=[6.27389218 2.59227936 2.35465366]
  RK45_ECI: r=[-1377.62794941  2859.38265289 -7099.97821066], v=[-6.11179276 -3.68163722 -0.29748669]
Epoch 1561, t=2460388.491876923:
  TLE_ECI: r=[ -649.0739516  -3866.58567564  6644.50432347], v=[6.29196143 2.69667802 2.18263376]
  RK45_ECI: r=[-1418.69072438  2834.72661048 -7101.78246937], v=[-6.10236512 -3.70016616 -0.25841224]
Epoch 1562, t=2460388.4919521865:
  TLE_ECI: r=[ -458.29249392 -3784.41547631  6707.37742556], v=[6.30503258 2.79898527 2.00892234]
  RK45_ECI: r=[-1459.68008872  2809.93085204 -7103.33264871], v=[-6.09270346 -3.71855499 -0.21932838]
Epoch 1563, t=2460388.49202745:
  TLE_ECI: r=[ -267.2336811  -3699.11800722  6765.01559509], v=[6.3130982  2.89911744 1.83365445]
  RK45_ECI: r=[-1500.59388972  2784.99667042 -7104.62867087], v=[-6.08280836 -3.73680259 -0.18023704]
Epoch 1564, t=2460388.4921027133:
  TLE_ECI: r=[  -76.04920861 -3610.75965351  6817.37418113], v=[6.31615479 2.99699254 1.65696625]
  RK45_ECI: r=[-1541.43091681  2759.92479454 -7105.67050285], v=[-6.07268024 -3.75490828 -0.14113924]
Epoch 1565, t=2460388.4921779768:
  TLE_ECI: r=[  115.10921339 -3519.40930532  6864.41263354], v=[6.31420272 3.09253035 1.47899495]
  RK45_ECI: r=[-1582.1892205   2734.71641571 -7106.4580986 ], v=[-6.06231964 -3.77287105 -0.1020367 ]
Epoch 1566, t=2460388.4922532397:
  TLE_ECI: r=[  306.08996821 -3425.13830511  6906.09453242], v=[6.30724632 3.18565245 1.29987868]
  RK45_ECI: r=[-1622.86721881  2709.37250924 -7106.99143441], v=[-6.05172706 -3.79069005 -0.06293082]
Epoch 1567, t=2460388.492328503:
  TLE_ECI: r=[  496.74169142 -3328.02038935  6942.38761442], v=[6.29529374 3.27628234 1.1197564 ]
  RK45_ECI: r=[-1663.46391053  2683.8936939  -7107.27049767], v=[-6.04090287 -3.80836468 -0.02382241]
Epoch 1568, t=2460388.4924037666:
  TLE_ECI: r=[  686.91332729 -3228.13163478  6973.2637962 ], v=[6.27835708 3.36434541 0.9387678 ]
  RK45_ECI: r=[-1703.97716608  2658.28130265 -7107.29527322], v=[-6.02984771 -3.8258939   0.0152866 ]
Epoch 1569, t=2460388.49247903:
  TLE_ECI: r=[  876.45428725 -3125.5503976   6998.69919459], v=[6.25645226 3.44976904 0.75705321]
  RK45_ECI: r=[-1744.40579003  2632.53608997 -7107.06576085], v=[-6.018562  -3.843277   0.0543952]
Epoch 1570, t=2460388.492554293:
  TLE_ECI: r=[ 1065.2145476  -3020.3572562   7018.67414386], v=[6.22959909 3.53248265 0.57475344]
  RK45_ECI: r=[-1784.74766385  2606.65940649 -7106.58197401], v=[-6.0070464  -3.86051294  0.09350146]
Epoch 1571, t=2460388.4926295565:
  TLE_ECI: r=[ 1253.04480148 -2912.63493693  7033.17320973], v=[6.19782119 3.6124178  0.39200977]
  RK45_ECI: r=[-1825.00179785  2580.65188977 -7105.84392508], v=[-5.9953013  -3.87760114  0.13260458]
Epoch 1572, t=2460388.49270482:
  TLE_ECI: r=[ 1439.79652076 -2802.46826676  7042.18520057], v=[6.16114598 3.68950816 0.20896375]
  RK45_ECI: r=[-1865.1666313   2554.51454893 -7104.8516368 ], v=[-5.98332724 -3.89454077  0.17170317]
Epoch 1573, t=2460388.4927800833:
  TLE_ECI: r=[ 1625.32210687 -2689.94409721  7045.70317527], v=[6.1196047  3.7636896  0.02575719]
  RK45_ECI: r=[-1905.24025044  2528.24863297 -7103.60515369], v=[-5.97112486 -3.91133088  0.21079549]
Epoch 1574, t=2460388.4928553468:
  TLE_ECI: r=[ 1809.47499646 -2575.15123937  7043.7244482 ], v=[ 6.07323235  3.83490026 -0.15746803]
  RK45_ECI: r=[-1945.22147619  2501.85492136 -7102.10450818], v=[-5.95869462 -3.9279708   0.24988055]
Epoch 1575, t=2460388.4929306097:
  TLE_ECI: r=[ 1992.1097672  -2458.18040106  7036.250591  ], v=[ 6.02206764  3.90308055 -0.34056999]
  RK45_ECI: r=[-1985.10821589  2475.33480312 -7100.34977622], v=[-5.94603725 -3.94445952  0.28895643]
Epoch 1576, t=2460388.493005873:
  TLE_ECI: r=[ 2173.08227959 -2339.124094    7023.28743129], v=[ 5.966153    3.96817329 -0.52340687]
  RK45_ECI: r=[-2024.89949404  2448.68893679 -7098.34099679], v=[-5.93315315 -3.96079646  0.3280223 ]
Epoch 1577, t=2460388.4930811366:
  TLE_ECI: r=[ 2352.24974406 -2218.07659531  7004.84504843], v=[ 5.90553453  4.03012361 -0.70583707]
  RK45_ECI: r=[-2064.59377065  2421.91836201 -7096.07823717], v=[-5.92004291 -3.97698083  0.36707681]
Epoch 1578, t=2460388.4931564:
  TLE_ECI: r=[ 2529.47086147 -2095.13385275  6980.93776607], v=[ 5.84026197  4.08887912 -0.88771924]
  RK45_ECI: r=[-2104.18915695  2395.02436233 -7093.56159823], v=[-5.90670723 -3.99301171  0.40611822]
Epoch 1579, t=2460388.4932316635:
  TLE_ECI: r=[ 2704.60592475 -1970.39341576  6951.58414162], v=[ 5.77038867  4.1443899  -1.06891248]
  RK45_ECI: r=[-2143.68449113  2368.00774163 -7090.79114496], v=[-5.8931466  -4.00888844  0.44514554]
Epoch 1580, t=2460388.4933069265:
  TLE_ECI: r=[ 2877.51692167 -1843.95436815  6916.80695279], v=[ 5.69597152  4.19660852 -1.24927636]
  RK45_ECI: r=[-2183.07770847  2340.86992628 -7087.76701554], v=[-5.87936182 -4.02461005  0.48415684]
Epoch 1581, t=2460388.49338219:
  TLE_ECI: r=[ 3048.06766383 -1715.91721789  6876.63318087], v=[ 5.61707093  4.24549016 -1.42867107]
  RK45_ECI: r=[-2222.36784858  2313.61159525 -7084.48927549], v=[-5.8653533  -4.04017598  0.52315132]
Epoch 1582, t=2460388.4934574533:
  TLE_ECI: r=[ 3216.12385857 -1586.38386807  6831.09399116], v=[ 5.53375079  4.29099257 -1.6069575 ]
  RK45_ECI: r=[-2261.55339402  2286.23381774 -7080.95803641], v=[-5.85112169 -4.05558545  0.56212761]
Epoch 1583, t=2460388.4935327168:
  TLE_ECI: r=[ 3381.55323595 -1455.45750534  6780.22471014], v=[ 5.44607843  4.3330761  -1.78399735]
  RK45_ECI: r=[-2300.63248264  2258.73791086 -7077.17345542], v=[-5.83666775 -4.07083758  0.60108399]
Epoch 1584, t=2460388.49360798:
  TLE_ECI: r=[ 3544.22564565 -1323.2425275   6724.06479973], v=[ 5.35412456  4.37170381 -1.95965324]
  RK45_ECI: r=[-2339.60397121  2231.1247023  -7073.13562986], v=[-5.821992   -4.08593173  0.64001947]
Epoch 1585, t=2460388.493683243:
  TLE_ECI: r=[ 3704.01315473 -1189.84447278  6662.65782846], v=[ 5.2579632   4.40684141 -2.13378879]
  RK45_ECI: r=[-2378.46582513  2203.39565432 -7068.84476007], v=[-5.80709529 -4.10086698  0.67893212]
Epoch 1586, t=2460388.4937585066:
  TLE_ECI: r=[ 3860.79016154 -1055.36989446  6596.05143953], v=[ 5.15767164  4.43845742 -2.30626873]
  RK45_ECI: r=[-2417.21727691  2175.55134028 -7064.30091603], v=[-5.79197804 -4.11564283  0.71782134]
Epoch 1587, t=2460388.49383377:
  TLE_ECI: r=[4014.43347149 -919.92634117 6524.29731603], v=[ 5.05333042  4.46652303 -2.47695903]
  RK45_ECI: r=[-2455.85630288  2147.59323479 -7059.50431931], v=[-5.77664109 -4.13025836  0.75668519]
Epoch 1588, t=2460388.4939090335:
  TLE_ECI: r=[4164.82240839 -783.62223042 6447.45114291], v=[ 4.94502322  4.49101226 -2.64572693]
  RK45_ECI: r=[-2494.38159977  2119.5223105  -7054.45511738], v=[-5.76108509 -4.14471291  0.79552253]
Epoch 1589, t=2460388.4939842965:
  TLE_ECI: r=[4311.83890304 -646.56678649 6365.57256613], v=[ 4.83283685  4.51190193 -2.81244113]
  RK45_ECI: r=[-2532.791686    2091.339678   -7049.15348733], v=[-5.74531073 -4.15900574  0.83433197]
Epoch 1590, t=2460388.49405956:
  TLE_ECI: r=[4455.36759372 -508.86990427 6278.7251487 ], v=[ 4.71686111  4.52917173 -2.97697181]
  RK45_ECI: r=[-2571.08510351  2063.04643119 -7043.59961498], v=[-5.7293187  -4.17313615  0.87311218]
Epoch 1591, t=2460388.4941348233:
  TLE_ECI: r=[4595.29590405 -370.64213721 6186.97632385], v=[ 4.59718881  4.54280417 -3.13919077]
  RK45_ECI: r=[-2609.26055514  2034.64356355 -7037.79366723], v=[-5.71310965 -4.18710347  0.91186196]
Epoch 1592, t=2460388.4942100868:
  TLE_ECI: r=[4731.5141404  -231.99456028 6090.39734514], v=[ 4.47391566  4.55278465 -3.29897154]
  RK45_ECI: r=[-2647.31623161  2006.13244939 -7031.73590208], v=[-5.69668444 -4.20090691  0.95057961]
Epoch 1593, t=2460388.49428535:
  TLE_ECI: r=[4863.91557593  -93.03869446 5989.06323368], v=[ 4.34714021  4.55910147 -3.45618944]
  RK45_ECI: r=[-2685.25102628  1977.51395719 -7025.42647505], v=[-5.68004366 -4.21454585  0.98926411]
Epoch 1594, t=2460388.494360613:
  TLE_ECI: r=[4992.396535     46.11356726 5883.0527224 ], v=[ 4.21696379  4.56174583 -3.61072169]
  RK45_ECI: r=[-2723.06296382  1948.78961047 -7018.86569791], v=[-5.66318826 -4.22801945  1.02791359]
Epoch 1595, t=2460388.4944358766:
  TLE_ECI: r=[5116.85647505  185.35010736 5772.44819749], v=[ 4.08349037  4.5607119  -3.76244752]
  RK45_ECI: r=[-2760.75113163  1919.96014236 -7012.05371002], v=[-5.64611877 -4.24132721  1.06652721]
Epoch 1596, t=2460388.49451114:
  TLE_ECI: r=[5237.1980659   324.55858651 5657.3356369 ], v=[ 3.94682659  4.55599676 -3.91124827]
  RK45_ECI: r=[-2798.31408357  1891.02669941 -7004.99074671], v=[-5.62883594 -4.25446843  1.10510364]
Epoch 1597, t=2460388.4945864035:
  TLE_ECI: r=[5353.32726776  463.62659083 5537.80454598], v=[ 3.80708161  4.54760043 -4.05700745]
  RK45_ECI: r=[-2835.75004225  1861.9906859  -6997.67712183], v=[-5.61134069 -4.26744234  1.14364114]
Epoch 1598, t=2460388.494661667:
  TLE_ECI: r=[5465.15340584  602.44170809 5413.94789041], v=[ 3.66436702  4.53552591 -4.19961087]
  RK45_ECI: r=[-2873.05792294  1832.85299169 -6990.11302323], v=[-5.59363362 -4.28024838  1.18213873]
Epoch 1599, t=2460388.49473693:
  TLE_ECI: r=[5572.5892449   740.89160159 5285.8620262 ], v=[ 3.51879684  4.51977915 -4.3389467 ]
  RK45_ECI: r=[-2910.23578607  1803.61517211 -6982.29882436], v=[-5.57571578 -4.29288573  1.22059451]
Epoch 1600, t=2460388.4948121933:
  TLE_ECI: r=[5675.55105075  878.86416568 5153.64662712], v=[ 3.37048729  4.50036908 -4.47490559]
  RK45_ECI: r=[-2947.28273782  1774.27797834 -6974.23469103], v=[-5.55758767 -4.30535392  1.25900767]
Epoch 1601, t=2460388.4948874568:
  TLE_ECI: r=[5773.95866922 1016.24751994 5017.40460921], v=[ 3.21955686  4.4773076  -4.60738074]
  RK45_ECI: r=[-2984.19736033  1744.84258227 -6965.92090255], v=[-5.53925012 -4.31765229  1.29737685]
Epoch 1602, t=2460388.49496272:
  TLE_ECI: r=[5867.73558307 1152.93016377 4877.24205283], v=[ 3.06612611  4.45060955 -4.73626802]
  RK45_ECI: r=[-3020.97790982  1715.31041662 -6957.35782861], v=[-5.52070406 -4.32978012  1.33570034]
Epoch 1603, t=2460388.4950379836:
  TLE_ECI: r=[5956.80897542 1288.80105122 4733.26812195], v=[ 2.91031764  4.42029277 -4.86146599]
  RK45_ECI: r=[-3057.62332445  1685.68239185 -6948.54568926], v=[-5.50195018 -4.34173687  1.37397716]
Epoch 1604, t=2460388.4951132466:
  TLE_ECI: r=[6041.10979268 1423.74966409 4585.59498091], v=[ 2.75225595  4.38637801 -4.98287605]
  RK45_ECI: r=[-3094.13170218  1655.96009342 -6939.48491953], v=[-5.4829895  -4.35352176  1.4122054 ]
Epoch 1605, t=2460388.49518851:
  TLE_ECI: r=[6120.57278415 1557.66617228 4434.33770868], v=[ 2.59206736  4.34888902 -5.10040252]
  RK45_ECI: r=[-3130.50216887  1626.14428967 -6930.17571158], v=[-5.46382262 -4.36513435  1.45038427]
Epoch 1606, t=2460388.4952637735:
  TLE_ECI: r=[6195.13657877 1690.44141887 4279.61421058], v=[ 2.42987992  4.30785245 -5.21395266]
  RK45_ECI: r=[-3166.73333616  1596.23617675 -6920.61838872], v=[-5.44445036 -4.37657402  1.4885124 ]
Epoch 1607, t=2460388.495339037:
  TLE_ECI: r=[6264.7437194  1821.96707984 4121.54512767], v=[ 2.26582331  4.26329788 -5.32343682]
  RK45_ECI: r=[-3202.82349547  1566.23721431 -6910.81337616], v=[-5.42487372 -4.38784008  1.5265881 ]
Epoch 1608, t=2460388.4954143:
  TLE_ECI: r=[6329.34071919 1952.13571707 3960.25374372], v=[ 2.10002874  4.21525779 -5.42876848]
  RK45_ECI: r=[-3238.77127441  1536.14861025 -6900.7610217 ], v=[-5.40509355 -4.39893193  1.56461001]
Epoch 1609, t=2460388.4954895633:
  TLE_ECI: r=[6388.87808263 2080.84094126 3795.86588996], v=[ 1.9326288   4.16376756 -5.52986433]
  RK45_ECI: r=[-3274.57581332  1505.97114494 -6890.46153511], v=[-5.38511045 -4.40984913  1.60257734]
Epoch 1610, t=2460388.4955648268:
  TLE_ECI: r=[6443.31037918 2207.97738934 3628.50984751], v=[ 1.76375744  4.10886542 -5.62664436]
  RK45_ECI: r=[-3310.23525531  1475.70643676 -6879.91542145], v=[-5.36492551 -4.42059098  1.64048818]
Epoch 1611, t=2460388.49564009:
  TLE_ECI: r=[6492.59625867 2333.44088553 3458.31624775], v=[ 1.59354976  4.05059244 -5.7190319 ]
  RK45_ECI: r=[-3345.7485771   1445.35542693 -6869.12295227], v=[-5.34453945 -4.43115697  1.67834158]
Epoch 1612, t=2460388.4957153536:
  TLE_ECI: r=[6536.69849053 2457.12850969 3285.41797057], v=[ 1.422142    3.9889925  -5.80695372]
  RK45_ECI: r=[-3381.11410679  1414.91960062 -6858.0846081 ], v=[-5.32395329 -4.44154647  1.71613581]
Epoch 1613, t=2460388.4957906166:
  TLE_ECI: r=[6575.58400186 2578.93866388 3109.95004062], v=[ 1.24967137  3.92411226 -5.89034007]
  RK45_ECI: r=[-3416.33050331  1384.40018803 -6846.80078039], v=[-5.30316794 -4.4517589   1.75386956]
Epoch 1614, t=2460388.49586588:
  TLE_ECI: r=[6609.22387465 2698.77123424 2932.04952173], v=[ 1.07627591  3.85600115 -5.96912476]
  RK45_ECI: r=[-3451.39692789  1353.79798532 -6835.2717052 ], v=[-5.28218398 -4.46179386  1.791542  ]
Epoch 1615, t=2460388.4959411435:
  TLE_ECI: r=[6637.59341382 2816.52755966 2751.85540932], v=[ 0.90209447  3.78471128 -6.0432452 ]
  RK45_ECI: r=[-3486.31156461  1323.11463761 -6823.49794848], v=[-5.26100257 -4.47165068  1.82915128]
Epoch 1616, t=2460388.496016407:
  TLE_ECI: r=[6660.67213827 2932.11059126 2569.50852119], v=[ 0.72726652  3.71029746 -6.11264248]
  RK45_ECI: r=[-3521.07341542  1292.35110417 -6811.47981377], v=[-5.23962444 -4.48132889  1.86669641]
Epoch 1617, t=2460388.4960916704:
  TLE_ECI: r=[6678.44380479 3045.42495493 2385.15138667], v=[ 0.55193205  3.63281712 -6.17726142]
  RK45_ECI: r=[-3555.68084643  1261.50889416 -6799.21783656], v=[-5.21805067 -4.4908279   1.9041757 ]
Epoch 1618, t=2460388.4961669333:
  TLE_ECI: r=[6690.89643061 3156.37701206 2198.9281341 ], v=[ 0.37623148  3.55233027 -6.23705061]
  RK45_ECI: r=[-3590.13254908  1230.58925894 -6786.71245164], v=[-5.19628218 -4.50014716  1.94158784]
Epoch 1619, t=2460388.4962421968:
  TLE_ECI: r=[6698.0222663  3264.87501702 2010.98437702], v=[ 0.20030549  3.4688995  -6.29196244]
  RK45_ECI: r=[-3624.42770599  1199.59300963 -6773.96392123], v=[-5.17431957 -4.5092863   1.97893202]
Epoch 1620, t=2460388.49631746:
  TLE_ECI: r=[6699.81785652 3370.82907715 1821.46709873], v=[ 0.02429496  3.38258987 -6.34195318]
  RK45_ECI: r=[-3658.56454383  1168.5218166  -6760.97287169], v=[-5.15216407 -4.51824468  2.01620638]
Epoch 1621, t=2460388.4963927236:
  TLE_ECI: r=[6696.28400638 3474.1513074  1630.52453585], v=[-0.15165917  3.29346887 -6.38698302]
  RK45_ECI: r=[-3692.54209047  1137.37665619 -6747.73963831], v=[-5.1298164  -4.52702186  2.05340996]
Epoch 1622, t=2460388.496467987:
  TLE_ECI: r=[6687.42578929 3574.75588525 1438.30606054], v=[-0.32741606  3.20160642 -6.42701607]
  RK45_ECI: r=[-3726.35875148  1106.15906008 -6734.26481107], v=[-5.1072777  -4.53561729  2.0905411 ]
Epoch 1623, t=2460388.49654325:
  TLE_ECI: r=[6673.25255336 3672.5591036  1244.96206172], v=[-0.502835    3.10707475 -6.46202042]
  RK45_ECI: r=[-3760.01325177  1074.87029974 -6720.54886774], v=[-5.0845489  -4.54403047  2.12759846]
Epoch 1624, t=2460388.4966185135:
  TLE_ECI: r=[6653.77786979 3767.47952105 1050.64382545], v=[-0.67777563  3.00994835 -6.49196818]
  RK45_ECI: r=[-3793.50479602  1043.51120052 -6706.5920964 ], v=[-5.06163066 -4.55226102  2.16458127]
Epoch 1625, t=2460388.496693777:
  TLE_ECI: r=[6629.01958509 3859.43791328  855.50341421], v=[-0.85209799  2.91030397 -6.51683548]
  RK45_ECI: r=[-3826.831655    1012.08345633 -6692.3951833 ], v=[-5.0385242  -4.56030837  2.20148769]
Epoch 1626, t=2460388.4967690404:
  TLE_ECI: r=[6598.99976329 3948.3574189   659.69354571], v=[-1.02566266  2.80822047 -6.53660249]
  RK45_ECI: r=[-3859.99288326   980.58805986 -6677.9584951 ], v=[-5.01523031 -4.5681721   2.23831676]
Epoch 1627, t=2460388.4968443033:
  TLE_ECI: r=[6563.74468911 4034.16356637  463.36747093], v=[-1.19833085  2.70377882 -6.55125348]
  RK45_ECI: r=[-3892.98677205   949.02671506 -6663.28274517], v=[-4.99175025 -4.57585165  2.27506666]
Epoch 1628, t=2460388.4969195668:
  TLE_ECI: r=[6523.28479822 4116.78441459  266.67885182], v=[-1.36996462  2.59706199 -6.5607768 ]
  RK45_ECI: r=[-3925.81254627   917.40025904 -6648.36824543], v=[-4.96808468 -4.58334666  2.31173661]
Epoch 1629, t=2460388.49699483:
  TLE_ECI: r=[6477.65472126 4196.15049857   69.78163836], v=[-1.54042685  2.48815492 -6.56516488]
  RK45_ECI: r=[-3958.46896792   885.7099839  -6633.21551788], v=[-4.94423457 -4.59065668  2.34832531]
Epoch 1630, t=2460388.4970700936:
  TLE_ECI: r=[6426.89320744 4272.19496617 -127.17005441], v=[-1.70958146  2.37714442 -6.56441428]
  RK45_ECI: r=[-3990.9545085    853.95745465 -6617.82523846], v=[-4.92020113 -4.59778119  2.38483112]
Epoch 1631, t=2460388.497145357:
  TLE_ECI: r=[6371.04310292 4344.85361584 -324.02206959], v=[-1.87729351  2.26411909 -6.55852565]
  RK45_ECI: r=[-4023.26825016   822.14367939 -6602.19780487], v=[-4.89598513 -4.60471982  2.4212531 ]
Epoch 1632, t=2460388.49722062:
  TLE_ECI: r=[6310.15132688 4414.06493313 -520.62033175], v=[-2.04342926  2.14916929 -6.54750376]
  RK45_ECI: r=[-4055.40853047   790.27038345 -6586.3339893 ], v=[-4.87158791 -4.61147204  2.45758945]
Epoch 1633, t=2460388.4972958835:
  TLE_ECI: r=[6244.26877985 4479.77021745 -716.81096993], v=[-2.20785637  2.03238698 -6.53135748]
  RK45_ECI: r=[-4087.37459775   758.33841696 -6570.23412895], v=[-4.84701013 -4.61803753  2.49383938]
Epoch 1634, t=2460388.497371147:
  TLE_ECI: r=[6173.45037709 4541.91352082 -912.4404408 ], v=[-2.37044393  1.91386576 -6.51009976]
  RK45_ECI: r=[-4119.16524979   726.3490897  -6553.89878771], v=[-4.82225282 -4.62441583  2.53000164]
Epoch 1635, t=2460388.4974464104:
  TLE_ECI: r=[ 6097.75495054  4600.44177021 -1107.35565121], v=[-2.53106263  1.79370066 -6.48374766]
  RK45_ECI: r=[-4150.77900129   694.30398566 -6537.32869439], v=[-4.79731722 -4.63060651  2.56607459]
Epoch 1636, t=2460388.497521674:
  TLE_ECI: r=[ 6017.24521112  4655.30479453 -1301.40408042], v=[-2.68958482  1.67198816 -6.45232228]
  RK45_ECI: r=[-4182.21496282   662.20412746 -6520.52427731], v=[-4.77220414 -4.63660919  2.60205731]
Epoch 1637, t=2460388.4975969368:
  TLE_ECI: r=[ 5931.98770937  4706.45534968 -1494.43390181], v=[-2.84588465  1.54882608 -6.41584878]
  RK45_ECI: r=[-4213.47152003   630.05126036 -6503.48636675], v=[-4.74691495 -4.6424234   2.63794801]
Epoch 1638, t=2460388.4976722:
  TLE_ECI: r=[ 5842.05272323  4753.84922944 -1686.29410377], v=[-2.99983819  1.42431343 -6.37435634]
  RK45_ECI: r=[-4244.54808946   597.84610486 -6486.21524323], v=[-4.72145024 -4.64804884  2.67374611]
Epoch 1639, t=2460388.4977474636:
  TLE_ECI: r=[ 5747.51428095  4797.44519764 -1876.83461016], v=[-3.15132348  1.29855042 -6.32787813]
  RK45_ECI: r=[-4275.44307383   565.59041281 -6468.71175678], v=[-4.69581141 -4.65348507  2.70944984]
Epoch 1640, t=2460388.497822727:
  TLE_ECI: r=[ 5648.45004318  4837.20509407 -2065.90639951], v=[-3.30022065  1.17163834 -6.27645128]
  RK45_ECI: r=[-4306.15546472   533.28536009 -6450.97644371], v=[-4.66999941 -4.65873173  2.74505809]
Epoch 1641, t=2460388.49789799:
  TLE_ECI: r=[ 5544.94126524  4873.0938329  -2253.36162348], v=[-3.44641206  1.04367946 -6.22011686]
  RK45_ECI: r=[-4336.68411493   500.93228005 -6433.00992893], v=[-4.64401532 -4.66378842  2.78056962]
Epoch 1642, t=2460388.4979732535:
  TLE_ECI: r=[ 5437.07267085  4905.07949854 -2439.053724  ], v=[-3.58978235  0.91477692 -6.15891983]
  RK45_ECI: r=[-4367.02788938   468.53247086 -6414.81284558], v=[-4.61786017 -4.66865481  2.81598316]
Epoch 1643, t=2460388.498048517:
  TLE_ECI: r=[ 5324.93246622  4933.1332739  -2622.83754955], v=[-3.73021854  0.78503471 -6.09290897]
  RK45_ECI: r=[-4397.18579615   436.08712893 -6396.38574792], v=[-4.59153498 -4.67333054  2.85129764]
Epoch 1644, t=2460388.4981237804:
  TLE_ECI: r=[ 5208.61220859  4957.2295313  -2804.56946975], v=[-3.86761013  0.65455752 -6.02213691]
  RK45_ECI: r=[-4427.15643143   403.59786859 -6377.72945834], v=[-4.56504104 -4.67781524  2.88651147]
Epoch 1645, t=2460388.498199044:
  TLE_ECI: r=[ 5088.20674322  4977.34583773 -2984.10748881], v=[-4.00184919  0.52345069 -5.94665998]
  RK45_ECI: r=[-4456.93882111   371.06587939 -6358.8445484 ], v=[-4.53837936 -4.68210857  2.92162356]
Epoch 1646, t=2460388.4982743068:
  TLE_ECI: r=[ 4963.81413829  4993.46295952 -3161.31135737], v=[-4.13283044  0.3918201  -5.86653827]
  RK45_ECI: r=[-4486.53185697   338.49250914 -6339.73168377], v=[-4.51155103 -4.6862102   2.95663268]
Epoch 1647, t=2460388.49834957:
  TLE_ECI: r=[ 4835.53554402  5005.5649375  -3336.04268264], v=[-4.26045134  0.25977207 -5.78183547]
  RK45_ECI: r=[-4515.93444171   305.87906914 -6320.39153812], v=[-4.48455715 -4.69011983  2.99153758]
Epoch 1648, t=2460388.4984248336:
  TLE_ECI: r=[ 4703.47519567  5013.63901217 -3508.16503717], v=[-4.38461214  0.12741329 -5.69261888]
  RK45_ECI: r=[-4545.14561879   273.22676915 -6300.82470091], v=[-4.45739874 -4.69383712  3.02633718]
Epoch 1649, t=2460388.498500097:
  TLE_ECI: r=[ 4567.74026804  5017.67569407 -3677.54406549], v=[-4.50521602e+00 -5.14926552e-03 -5.59895933e+00]
  RK45_ECI: r=[-4574.16403174   240.5372382  -6281.03204558], v=[-4.43007715 -4.69736176  3.06102993]
Epoch 1650, t=2460388.4985753605:
  TLE_ECI: r=[ 4428.44080034  5017.66875747 -3844.04758907], v=[-4.62216909 -0.13780843 -5.50093112]
  RK45_ECI: r=[-4602.98887624   207.81153457 -6261.01408426], v=[-4.40259328 -4.70069346  3.09561491]
Epoch 1651, t=2460388.4986506235:
  TLE_ECI: r=[ 4285.68961993  5013.61523281 -4007.54570931], v=[-4.73538052 -0.27045695 -5.39861192]
  RK45_ECI: r=[-4631.61868113   175.05144977 -6240.7718062 ], v=[-4.37494864 -4.7038319   3.13009042]
Epoch 1652, t=2460388.498725887:
  TLE_ECI: r=[ 4139.60218952  5005.51546068 -4167.91090835], v=[-4.84476256 -0.40298758 -5.29208277]
  RK45_ECI: r=[-4660.05279113   142.25787642 -6220.30564187], v=[-4.347144   -4.70677683  3.16445569]
Epoch 1653, t=2460388.4988011504:
  TLE_ECI: r=[ 3990.29659954  4993.37301534 -4325.01814813], v=[-4.95023064 -0.53529314 -5.18142795]
  RK45_ECI: r=[-4688.2901517    109.43217974 -6199.61630994], v=[-4.31918051 -4.70952796  3.19870952]
Epoch 1654, t=2460388.498876414:
  TLE_ECI: r=[ 3837.89341226  4977.19475335 -4478.74496689], v=[-5.05170343 -0.66726661 -5.06673491]
  RK45_ECI: r=[-4716.32945517    76.5760016  -6178.70473441], v=[-4.29105957 -4.71208502  3.23285035]
Epoch 1655, t=2460388.4989516772:
  TLE_ECI: r=[ 3682.5155771   4956.99079553 -4628.97157365], v=[-5.14910287 -0.79880124 -4.94809424]
  RK45_ECI: r=[-4744.16992922    43.69041125 -6157.57145674], v=[-4.26278211 -4.71444776  3.26687729]
Epoch 1656, t=2460388.49902694:
  TLE_ECI: r=[ 3524.28834374  4932.77450887 -4775.5809403 ], v=[-5.24235425 -0.9297906  -4.82559954]
  RK45_ECI: r=[-4771.81015679    10.77721299 -6136.21752168], v=[-4.23434968 -4.7166159   3.30078863]
Epoch 1657, t=2460388.4991022036:
  TLE_ECI: r=[ 3363.33910194  4904.56253768 -4918.45889126], v=[-5.33138626 -1.06012875 -4.69934737]
  RK45_ECI: r=[-4799.24950973   -22.16269169 -6114.64338371], v=[-4.20576305 -4.71858923  3.33458365]
Epoch 1658, t=2460388.499177467:
  TLE_ECI: r=[ 3199.79736429  4872.37472694 -5057.49419092], v=[-5.41613102 -1.1897102  -4.56943714]
  RK45_ECI: r=[-4826.48697511   -55.12792614 -6092.84980117], v=[-4.17702342 -4.72036752  3.36826113]
Epoch 1659, t=2460388.4992527305:
  TLE_ECI: r=[ 3033.79460255  4836.2341494  -5192.57862835], v=[-5.49652414 -1.31843009 -4.43597108]
  RK45_ECI: r=[-4853.52129518   -88.11683739 -6070.83774792], v=[-4.14813222 -4.72195052  3.40181955]
Epoch 1660, t=2460388.4993279935:
  TLE_ECI: r=[ 2865.46416953  4796.16706796 -5323.60709961], v=[-5.5725048  -1.44618422 -4.29905408]
  RK45_ECI: r=[-4880.35147945  -121.12804416 -6048.60800418], v=[-4.11909067 -4.72333801  3.4352577 ]
Epoch 1661, t=2460388.499403257:
  TLE_ECI: r=[ 2694.94113436  4752.20294916 -5450.47768733], v=[-5.6440157  -1.57286921 -4.15879368]
  RK45_ECI: r=[-4906.97691929  -154.16063877 -6026.16104042], v=[-4.08989954 -4.7245298   3.46857486]
Epoch 1662, t=2460388.4994785204:
  TLE_ECI: r=[ 2522.36225845  4704.37438745 -5573.09173791], v=[-5.71100316 -1.69838246 -4.01529992]
  RK45_ECI: r=[-4933.39626121  -187.21280399 -6003.49796391], v=[-4.06056044 -4.72552569  3.50176935]
Epoch 1663, t=2460388.499553784:
  TLE_ECI: r=[ 2347.86582829  4652.71711483 -5691.35393577], v=[-5.77341718 -1.82262234 -3.86868526]
  RK45_ECI: r=[-4959.60878575  -220.28345604 -5980.6193625 ], v=[-4.0310743  -4.72632548  3.53484029]
Epoch 1664, t=2460388.4996290472:
  TLE_ECI: r=[ 2171.59155855  4597.26996342 -5805.17237503], v=[-5.83121138 -1.94548821 -3.71906455]
  RK45_ECI: r=[-4985.61328629  -253.37093253 -5957.52625922], v=[-4.00144262 -4.72692898  3.56778618]
Epoch 1665, t=2460388.49970431:
  TLE_ECI: r=[ 1993.68049344  4538.07482895 -5914.45862843], v=[-5.88434311 -2.0668805  -3.56655485]
  RK45_ECI: r=[-5011.40881526  -286.47384326 -5934.21947315], v=[-3.9716666  -4.72733602  3.60060584]
Epoch 1666, t=2460388.4997795736:
  TLE_ECI: r=[ 1814.27484044  4475.17666166 -6019.12781329], v=[-5.93277343 -2.18670086 -3.41127538]
  RK45_ECI: r=[-5036.99479214  -319.5912731  -5910.69949838], v=[-3.94174707 -4.72754644  3.63329854]
Epoch 1667, t=2460388.499854837:
  TLE_ECI: r=[ 1633.51793715  4408.62339404 -6119.09865497], v=[-5.97646716 -2.30485212 -3.25334743]
  RK45_ECI: r=[-5062.3699201   -352.72139617 -5886.96749601], v=[-3.91168563 -4.72756007  3.66586263]
Epoch 1668, t=2460388.4999301005:
  TLE_ECI: r=[ 1451.55408368  4338.46592812 -6214.29354722], v=[-6.01539286 -2.42123844 -3.09289427]
  RK45_ECI: r=[-5087.53351348  -385.86312095 -5863.02408236], v=[-3.88148327 -4.72737676  3.69829726]
Epoch 1669, t=2460388.500005364:
  TLE_ECI: r=[ 1268.52844154  4264.75808905 -6304.63860971], v=[-6.04952289 -2.53576537 -2.93004102]
  RK45_ECI: r=[-5112.48441779  -419.01477738 -5838.87032895], v=[-3.85114148 -4.72699638  3.73060093]
Epoch 1670, t=2460388.500080627:
  TLE_ECI: r=[ 1084.58693093  4187.55657968 -6390.06374275], v=[-6.07883339 -2.64833988 -2.76491458]
  RK45_ECI: r=[-5137.22172915  -452.17496769 -5814.50709303], v=[-3.82066151 -4.72641879  3.7627725 ]
Epoch 1671, t=2460388.5001558904:
  TLE_ECI: r=[  899.87606608  4106.92094959 -6470.50267889], v=[-6.10330429 -2.75887055 -2.59764352]
  RK45_ECI: r=[-5161.74489557  -485.3427706  -5789.93489208], v=[-3.79004417 -4.72564384  3.79481123]
Epoch 1672, t=2460388.500231154:
  TLE_ECI: r=[  714.54291434  4022.91352745 -6545.89303188], v=[-6.12291935 -2.86726749 -2.428358  ]
  RK45_ECI: r=[-5186.05267794  -518.51635311 -5765.15494004], v=[-3.75929113 -4.72467145  3.82671553]
Epoch 1673, t=2460388.5003064172:
  TLE_ECI: r=[  528.73493056  3935.59938692 -6616.17634243], v=[-6.13766614 -2.97344247 -2.25718965]
  RK45_ECI: r=[-5210.14442494  -551.69461716 -5740.16788134], v=[-3.72840337 -4.72350147  3.85848453]
Epoch 1674, t=2460388.5003816807:
  TLE_ECI: r=[  342.59985397  3845.04629216 -6681.29812106], v=[-6.14753604 -3.07730903 -2.08427148]
  RK45_ECI: r=[-5234.01903509  -584.87588682 -5714.97483502], v=[-3.69738241 -4.72213383  3.89011679]
Epoch 1675, t=2460388.5004569436:
  TLE_ECI: r=[  156.28560327  3751.32464452 -6741.20788801], v=[-6.15252425 -3.17878245 -1.90973779]
  RK45_ECI: r=[-5257.67564895  -618.05875833 -5689.57669595], v=[-3.66622952 -4.72056843  3.92161116]
Epoch 1676, t=2460388.500532207:
  TLE_ECI: r=[  -30.05988291  3654.50743039 -6795.85921002], v=[-6.15262975 -3.27777995 -1.73372403]
  RK45_ECI: r=[-5281.11374337  -651.24230481 -5663.97400449], v=[-3.63494553 -4.71880515  3.95296695]
Epoch 1677, t=2460388.5006074705:
  TLE_ECI: r=[ -216.28869505  3554.67015983 -6845.20973435], v=[-6.14785538 -3.3742206  -1.55636676]
  RK45_ECI: r=[-5304.33213805  -684.42468823 -5638.16802647], v=[-3.60353214 -4.71684395  3.98418257]
Epoch 1678, t=2460388.500682734:
  TLE_ECI: r=[ -402.25311252  3451.89081168 -6889.22121954], v=[-6.13820773 -3.46802546 -1.37780351]
  RK45_ECI: r=[-5327.33021637  -717.60480503 -5612.15943387], v=[-3.57199032 -4.71468472  4.01525719]
Epoch 1679, t=2460388.500757997:
  TLE_ECI: r=[ -587.80569768  3346.24977376 -6927.8595632 ], v=[-6.12369721 -3.55911765 -1.19817267]
  RK45_ECI: r=[-5350.10682501  -750.78081571 -5585.94951578], v=[-3.54032179 -4.71232744  4.04618925]
Epoch 1680, t=2460388.5008332604:
  TLE_ECI: r=[ -772.79944965  3237.82977446 -6961.0948268 ], v=[-6.10433798 -3.6474224  -1.01761343]
  RK45_ECI: r=[-5372.66146707  -783.95178985 -5559.53883344], v=[-3.50852738 -4.70977202  4.07697805]
Epoch 1681, t=2460388.500908524:
  TLE_ECI: r=[ -957.08785902  3126.7158272  -6988.90125747], v=[-6.08014797 -3.73286707 -0.83626564]
  RK45_ECI: r=[-5394.99333116  -817.11631795 -5532.92832007], v=[-3.4766084  -4.7070184   4.10762249]
Epoch 1682, t=2460388.5009837872:
  TLE_ECI: r=[-1140.52506123  3012.99515961 -7011.25730663], v=[-6.05114885 -3.81538121 -0.65426971]
  RK45_ECI: r=[-5417.10140251  -850.27271808 -5506.11916879], v=[-3.44456639 -4.70406657  4.13812117]
Epoch 1683, t=2460388.5010590507:
  TLE_ECI: r=[-1322.96593955  2896.75714734 -7028.14564565], v=[-6.01736601 -3.89489668 -0.47176655]
  RK45_ECI: r=[-5438.98509982  -883.41988216 -5479.11207846], v=[-3.41240239 -4.70091645  4.16847327]
Epoch 1684, t=2460388.5011343136:
  TLE_ECI: r=[-1504.26622931  2778.09324935 -7039.55317843], v=[-5.97882856 -3.9713476  -0.28889742]
  RK45_ECI: r=[-5460.6433299   -916.55596808 -5451.90838838], v=[-3.3801181  -4.69756808  4.19867726]
Epoch 1685, t=2460388.501209577:
  TLE_ECI: r=[-1684.28266237  2657.09692037 -7045.4710509 ], v=[-5.93556924 -4.04467052 -0.10580385]
  RK45_ECI: r=[-5482.07562552  -949.68004189 -5424.50868171], v=[-3.3477144  -4.69402138  4.22873248]
Epoch 1686, t=2460388.5012848405:
  TLE_ECI: r=[-1862.87302789  2533.86356342 -7045.89465752], v=[-5.88762446 -4.11480435  0.07737247]
  RK45_ECI: r=[-5503.28122109  -982.79069054 -5396.91392758], v=[-3.31519259 -4.69027633  4.25863783]
Epoch 1687, t=2460388.501360104:
  TLE_ECI: r=[-2039.89631595  2408.49044024 -7040.82364467], v=[-5.83503425 -4.18169047  0.26048978]
  RK45_ECI: r=[-5524.25915722 -1015.88623044 -5369.1253639 ], v=[-3.28255428 -4.68633298  4.28839197]
Epoch 1688, t=2460388.5014353674:
  TLE_ECI: r=[-2215.21281794  2281.07660006 -7030.261911  ], v=[-5.77784225 -4.24527278  0.44340636]
  RK45_ECI: r=[-5545.0088884  -1048.96555015 -5341.14371582], v=[-3.24980048 -4.68219126  4.31799408]
Epoch 1689, t=2460388.5015106304:
  TLE_ECI: r=[-2388.68422826  2151.72281005 -7014.21760469], v=[-5.71609562 -4.3054977   0.62598064]
  RK45_ECI: r=[-5565.52938266 -1082.0268068  -5312.97037154], v=[-3.21693298 -4.67785126  4.34744269]
Epoch 1690, t=2460388.501585894:
  TLE_ECI: r=[-2560.17377681  2020.53145015 -6992.70311761], v=[-5.64984503 -4.36231431  0.80807129]
  RK45_ECI: r=[-5585.82020293 -1115.06906341 -5284.60593561], v=[-3.18395262 -4.67331294  4.37673715]
Epoch 1691, t=2460388.5016611572:
  TLE_ECI: r=[-2729.54629573  1887.60647414 -6965.73507659], v=[-5.57914468 -4.41567427  0.98953732]
  RK45_ECI: r=[-5605.8806302  -1148.09090492 -5256.05141207], v=[-3.15086076 -4.6685763   4.40587639]
Epoch 1692, t=2460388.5017364207:
  TLE_ECI: r=[-2896.6683503   1753.05330288 -6933.33433143], v=[-5.50405215 -4.4655319   1.1702382 ]
  RK45_ECI: r=[-5625.70976144 -1181.0906477  -5227.3080826 ], v=[-3.11765902 -4.66364143  4.43485908]
Epoch 1693, t=2460388.501811684:
  TLE_ECI: r=[-3061.40833556  1616.97874911 -6895.52593992], v=[-5.42462848 -4.51184429  1.35003393]
  RK45_ECI: r=[-5645.30708758 -1214.06717786 -5198.37669782], v=[-3.08434846 -4.65850832  4.46368447]
Epoch 1694, t=2460388.501886947:
  TLE_ECI: r=[-3223.63657386  1479.49094409 -6852.33914986], v=[-5.34093803 -4.55457121  1.52878518]
  RK45_ECI: r=[-5664.67163896 -1247.0186536  -5169.25869364], v=[-3.05093086 -4.65317709  4.49235108]
Epoch 1695, t=2460388.5019622105:
  TLE_ECI: r=[-3383.22543318  1340.69921652 -6803.80737796], v=[-5.25304844 -4.59367529  1.70635337]
  RK45_ECI: r=[-5683.80310131 -1279.94427759 -5139.95455744], v=[-3.01740697 -4.6476477   4.52085844]
Epoch 1696, t=2460388.502037474:
  TLE_ECI: r=[-3540.04939896  1200.71406241 -6749.96818572], v=[-5.16103066 -4.62912192  1.88260077]
  RK45_ECI: r=[-5702.70052682 -1312.84220878 -5110.46574123], v=[-2.98377861 -4.64192028  4.54920509]
Epoch 1697, t=2460388.5021127374:
  TLE_ECI: r=[-3693.9851901   1059.64702321 -6690.86325226], v=[-5.06495883 -4.66087936  2.05739061]
  RK45_ECI: r=[-5721.36334606 -1345.7111905  -5080.79315531], v=[-2.95004698 -4.63599488  4.57739016]
Epoch 1698, t=2460388.5021880004:
  TLE_ECI: r=[-3844.91184757   917.6106187  -6626.53834414], v=[-4.96491026 -4.68891872  2.23058717]
  RK45_ECI: r=[-5739.7909101  -1378.54980759 -5050.93785376], v=[-2.91621346 -4.62987157  4.60541261]
Epoch 1699, t=2460388.502263264:
  TLE_ECI: r=[-3992.71083977   774.71821469 -6557.04328212], v=[-4.8609653  -4.71321408  2.40205589]
  RK45_ECI: r=[-5757.98256746 -1411.35669555 -5020.90089727], v=[-2.88227941 -4.62355046  4.63327144]
Epoch 1700, t=2460388.5023385272:
  TLE_ECI: r=[-4137.26613762   631.08400049 -6482.43190489], v=[-4.7532074  -4.73374238  2.57166349]
  RK45_ECI: r=[-5775.93777522 -1444.1305807  -4990.68321088], v=[-2.84824606 -4.61703159  4.66096576]
Epoch 1701, t=2460388.5024137907:
  TLE_ECI: r=[-4278.46431734   486.82285584 -6402.76202987], v=[-4.64172298 -4.75048355  2.73927801]
  RK45_ECI: r=[-5793.6557343  -1476.8697834  -4960.28615208], v=[-2.81411509 -4.61031515  4.68849431]
Epoch 1702, t=2460388.502489054:
  TLE_ECI: r=[-4416.19464616   342.05027106 -6318.09541092], v=[-4.52660136 -4.7634205   2.90476898]
  RK45_ECI: r=[-5811.13591811 -1509.57304788 -4929.71065981], v=[-2.77988774 -4.60340121  4.7158562 ]
Epoch 1703, t=2460388.502564317:
  TLE_ECI: r=[-4550.3491686    196.8822699  -6228.49769311], v=[-4.40793476 -4.77253911  3.06800748]
  RK45_ECI: r=[-5828.37772629 -1542.23896048 -4898.95782095], v=[-2.74556541 -4.59628989  4.74305046]
Epoch 1704, t=2460388.5026395805:
  TLE_ECI: r=[-4680.82279413    51.43526498 -6134.03836454], v=[-4.28581813 -4.77782833  3.22886622]
  RK45_ECI: r=[-5845.38055483 -1574.86615911 -4868.0287288 ], v=[-2.71114948 -4.58898132  4.77007608]
Epoch 1705, t=2460388.502714844:
  TLE_ECI: r=[-4807.51337522   -94.1739557  -6034.79070516], v=[-4.16034916 -4.77928008  3.38721971]
  RK45_ECI: r=[-5862.14390443 -1607.45337116 -4836.92433673], v=[-2.6766412  -4.58147562  4.79693222]
Epoch 1706, t=2460388.5027901074:
  TLE_ECI: r=[-4930.32179161  -239.82837344 -5930.8317327 ], v=[-4.03162822 -4.77688937  3.54294427]
  RK45_ECI: r=[-5878.66703507 -1639.99892204 -4805.6460428 ], v=[-2.64204228 -4.57377299  4.82361762]
Epoch 1707, t=2460388.502865371:
  TLE_ECI: r=[-5049.15202771  -385.41081873 -5822.24214567], v=[-3.89975821 -4.77065424  3.69591819]
  RK45_ECI: r=[-5894.94954325 -1672.50169706 -4774.19466598], v=[-2.60735382 -4.56587353  4.85013157]
Epoch 1708, t=2460388.502940634:
  TLE_ECI: r=[-5163.9112504   -530.80404971 -5709.10626345], v=[-3.76484457 -4.7605758   3.8460218 ]
  RK45_ECI: r=[-5910.99063929 -1704.95986762 -4742.57176908], v=[-2.57257772 -4.55777752  4.87647273]
Epoch 1709, t=2460388.5030158972:
  TLE_ECI: r=[-5274.50987698  -675.8909058  -5591.51196358], v=[-3.62699512 -4.74665828  3.99313757]
  RK45_ECI: r=[-5926.79000586 -1737.37249385 -4710.77803324], v=[-2.53771487 -4.54948501  4.9026405 ]
Epoch 1710, t=2460388.5030911607:
  TLE_ECI: r=[-5380.86165468  -820.5543122  -5469.55061614], v=[-3.48632006 -4.72890893  4.13715021]
  RK45_ECI: r=[-5942.34710839 -1769.73816636 -4678.81458741], v=[-2.50276675 -4.54099619  4.92863392]
Epoch 1711, t=2460388.503166424:
  TLE_ECI: r=[-5482.88372467  -964.67743291 -5343.31701537], v=[-3.34293181 -4.70733812  4.27794673]
  RK45_ECI: r=[-5957.66126673 -1802.05521709 -4646.68286929], v=[-2.46773504 -4.53231134  4.95445178]
Epoch 1712, t=2460388.5032416875:
  TLE_ECI: r=[-5580.49668949 -1108.14375049 -5212.9093085 ], v=[-3.19694501 -4.68195928  4.41541658]
  RK45_ECI: r=[-5972.73211605 -1834.32253346 -4614.38372105], v=[-2.4326209  -4.52343056  4.98009338]
Epoch 1713, t=2460388.5033169505:
  TLE_ECI: r=[-5673.62468057 -1250.83714336 -5078.42892183], v=[-3.04847637 -4.65278892  4.54945173]
  RK45_ECI: r=[-5987.55893264 -1866.53829543 -4581.91874864], v=[-2.3974262  -4.51435422  5.00555741]
Epoch 1714, t=2460388.503392214:
  TLE_ECI: r=[-5762.19540498 -1392.64204621 -4939.98048418], v=[-2.89764456 -4.61984667  4.67994671]
  RK45_ECI: r=[-6002.14143172 -1898.70156504 -4549.28865224], v=[-2.36215191 -4.50508239  5.0308433 ]
Epoch 1715, t=2460388.5034674774:
  TLE_ECI: r=[-5846.14022465 -1533.44344465 -4797.6717476 ], v=[-2.74457021 -4.58315517  4.80679878]
  RK45_ECI: r=[-6016.47912889 -1930.81093782 -4516.49459174], v=[-2.32679944 -4.49561531  5.0559501 ]
Epoch 1716, t=2460388.503542741:
  TLE_ECI: r=[-5925.39419834 -1673.12703508 -4651.61350551], v=[-2.58937574 -4.54274017  4.92990793]
  RK45_ECI: r=[-6030.57140435 -1962.86475453 -4483.53804324], v=[-2.29137057 -4.4859533   5.08087666]
Epoch 1717, t=2460388.503618004:
  TLE_ECI: r=[-5999.89614303 -1811.57928367 -4501.91950825], v=[-2.43218532 -4.49863041  5.04917703]
  RK45_ECI: r=[-6044.41780062 -1994.861615   -4450.42018331], v=[-2.25586673 -4.47609661  5.10562203]
Epoch 1718, t=2460388.5036932672:
  TLE_ECI: r=[-6069.58866276 -1948.68758967 -4348.70637623], v=[-2.27312468 -4.45085774  5.1645119 ]
  RK45_ECI: r=[-6058.01805597 -2026.80058246 -4417.14172482], v=[-2.22028888 -4.46604535  5.13018567]
Epoch 1719, t=2460388.5037685307:
  TLE_ECI: r=[-6134.41822607 -2084.34027307 -4192.09351043], v=[-2.11232114 -4.39945695  5.27582135]
  RK45_ECI: r=[-6071.37152307 -2058.67984905 -4383.70432145], v=[-2.18463893 -4.45579995  5.1545663 ]
Epoch 1720, t=2460388.503843794:
  TLE_ECI: r=[-6194.33518975 -2218.42673623 -4032.2030007 ], v=[-1.94990341 -4.34446587  5.3830173 ]
  RK45_ECI: r=[-6084.47789974 -2090.49830814 -4350.10885148], v=[-2.14891802 -4.44536056  5.17876326]
Epoch 1721, t=2460388.5039190575:
  TLE_ECI: r=[-6249.29384432 -2350.83753783 -3869.15953157], v=[-1.78600153 -4.28592528  5.48601486]
  RK45_ECI: r=[-6097.33662728 -2122.25431081 -4316.35682832], v=[-2.11312791 -4.43472759  5.2027754 ]
Epoch 1722, t=2460388.5039943205:
  TLE_ECI: r=[-6299.2524589  -2481.4644651  -3703.09028591], v=[-1.62074677 -4.22387891  5.58473238]
  RK45_ECI: r=[-6109.9472988  -2153.94646454 -4282.44945804], v=[-2.07727006 -4.4239013   5.22660184]
Epoch 1723, t=2460388.504069584:
  TLE_ECI: r=[-6344.17328676 -2610.20069725 -3534.12484635], v=[-1.45427148 -4.15837341  5.67909153]
  RK45_ECI: r=[-6122.30968562 -2185.5738362  -4248.38747182], v=[-2.04134542 -4.41288186  5.25024201]
Epoch 1724, t=2460388.5041448474:
  TLE_ECI: r=[-6384.0226389  -2736.94078414 -3362.39509448], v=[-1.28670902 -4.08945831  5.76901736]
  RK45_ECI: r=[-6134.42320745 -2217.13463083 -4214.17256363], v=[-2.00535593 -4.40166973  5.27369472]
Epoch 1725, t=2460388.504220111:
  TLE_ECI: r=[-6418.77088394 -2861.58080765 -3188.03510818], v=[-1.11819368 -4.01718601  5.85443841]
  RK45_ECI: r=[-6146.28760164 -2248.62774717 -4179.80563346], v=[-1.96930272 -4.39026512  5.29695928]
Epoch 1726, t=2460388.5042953743:
  TLE_ECI: r=[-6448.39247947 -2984.01845025 -3011.1810568 ], v=[-0.94886051 -3.94161169  5.93528672]
  RK45_ECI: r=[-6157.90237077 -2280.05154858 -4145.28823079], v=[-1.93318757 -4.37866846  5.32003463]
Epoch 1727, t=2460388.5043706372:
  TLE_ECI: r=[-6472.8660023  -3104.15306178 -2831.97109453], v=[-0.77884524 -3.86279333  6.01149792]
  RK45_ECI: r=[-6169.26715898 -2311.40465162 -4110.6215902 ], v=[-1.89701194 -4.36688008  5.34291989]
Epoch 1728, t=2460388.5044459007:
  TLE_ECI: r=[-6492.17413001 -3221.88582    -2650.54525204], v=[-0.60828414 -3.78079164  6.08301128]
  RK45_ECI: r=[-6180.38177056 -2342.68612801 -4075.80646068], v=[-1.86077679 -4.35490017  5.36561452]
Epoch 1729, t=2460388.504521164:
  TLE_ECI: r=[-6506.30370908 -3337.11969982 -2467.04532622], v=[-0.43731396 -3.69567     6.14976979]
  RK45_ECI: r=[-6191.24569284 -2373.89419749 -4040.844575  ], v=[-1.82448407 -4.34272924  5.38811736]
Epoch 1730, t=2460388.5045964275:
  TLE_ECI: r=[-6515.2457302  -3449.75963111 -2281.61476842], v=[-0.26607177 -3.60749444  6.21172016]
  RK45_ECI: r=[-6201.85870268 -2405.02776534 -4005.7368542 ], v=[-1.7881349  -4.33036753  5.41042777]
Epoch 1731, t=2460388.5046716905:
  TLE_ECI: r=[-6518.99535473 -3559.7125413  -2094.39857116], v=[-0.09469488 -3.51633358  6.26881293]
  RK45_ECI: r=[-6212.22031796 -2436.08505921 -3970.48504821], v=[-1.75173127 -4.31781559  5.4325446 ]
Epoch 1732, t=2460388.504746954:
  TLE_ECI: r=[-6517.55187759 -3666.88750983 -1905.54315342], v=[ 0.07667933 -3.42225858  6.32100248]
  RK45_ECI: r=[-6222.33037295 -2467.06515603 -3935.08992183], v=[-1.71527411 -4.30507361  5.45446733]
Epoch 1733, t=2460388.5048222174:
  TLE_ECI: r=[-6510.91878884 -3771.19573159 -1715.19624448], v=[ 0.24791348 -3.32534306  6.36824706]
  RK45_ECI: r=[-6232.18856612 -2497.96668324 -3899.55273843], v=[-1.6787649  -4.29214198  5.47619514]
Epoch 1734, t=2460388.504897481:
  TLE_ECI: r=[-6499.10373008 -3872.55066813 -1523.50676664], v=[ 0.41887029 -3.22566306  6.41050888]
  RK45_ECI: r=[-6241.79449891 -2528.78802744 -3863.87510242], v=[-1.64220542 -4.27902121  5.497727  ]
Epoch 1735, t=2460388.5049727443:
  TLE_ECI: r=[-6482.1184978  -3970.8681026  -1330.62471682], v=[ 0.58941275 -3.12329701  6.4477541 ]
  RK45_ECI: r=[-6251.14798776 -2559.52810168 -3828.05795494], v=[-1.60559682 -4.26571156  5.51906231]
Epoch 1736, t=2460388.5050480072:
  TLE_ECI: r=[-6459.9790452  -4066.06619223 -1136.70104706], v=[ 0.7594042  -3.0183256   6.47995288]
  RK45_ECI: r=[-6260.24861864 -2590.18515087 -3792.10308257], v=[-1.56894106 -4.25221365  5.54019996]
Epoch 1737, t=2460388.5051232707:
  TLE_ECI: r=[-6432.70542088 -4158.06561449  -941.88754427], v=[ 0.92870848 -2.91083176  6.5070794 ]
  RK45_ECI: r=[-6269.09625886 -2620.75825875 -3756.01126653], v=[-1.5322391  -4.23852767  5.56113948]
Epoch 1738, t=2460388.505198534:
  TLE_ECI: r=[-6400.32182256 -4246.78952061  -746.33670896], v=[ 1.09718998 -2.80090059  6.5291119 ]
  RK45_ECI: r=[-6277.69065828 -2651.24606474 -3719.78379653], v=[-1.49549242 -4.22465407  5.58188005]
Epoch 1739, t=2460388.5052737975:
  TLE_ECI: r=[-6362.85652935 -4332.16367745  -550.20163345], v=[ 1.26471384 -2.68861928  6.54603268]
  RK45_ECI: r=[-6286.03148032 -2681.64697222 -3683.42230932], v=[-1.45870282 -4.21059339  5.60242071]
Epoch 1740, t=2460388.505349061:
  TLE_ECI: r=[-6320.3418892  -4414.11651204  -353.63587948], v=[ 1.431146   -2.57407702  6.55782815]
  RK45_ECI: r=[-6294.11858123 -2711.95990296 -3646.92776535], v=[-1.42187143 -4.19634593  5.62276088]
Epoch 1741, t=2460388.505424324:
  TLE_ECI: r=[-6272.81430443 -4492.57915448  -156.79335536], v=[ 1.59635334 -2.45736496  6.56448879]
  RK45_ECI: r=[-6301.95161511 -2742.18312135 -3610.30198612], v=[-1.38500024 -4.18191234  5.64289952]
Epoch 1742, t=2460388.5054995874:
  TLE_ECI: r=[-6220.31414789 -4567.48557092    40.17180718], v=[ 1.76020379 -2.3385761   6.56600922]
  RK45_ECI: r=[-6309.53048263 -2772.31571849 -3573.54576855], v=[-1.34809022 -4.16729288  5.66283614]
Epoch 1743, t=2460388.505574851:
  TLE_ECI: r=[-6162.88580714 -4638.77250903   237.1053765 ], v=[ 1.92256646 -2.21780525  6.56238816]
  RK45_ECI: r=[-6316.85498509 -2802.35634721 -3536.66042737], v=[-1.31114283 -4.15248798  5.68257001]
Epoch 1744, t=2460388.5056501143:
  TLE_ECI: r=[-6100.57759412 -4706.37962667   433.85314448], v=[ 2.08331173 -2.09514892  6.55362845]
  RK45_ECI: r=[-6323.92484834 -2832.30342923 -3499.6476302 ], v=[-1.2741599  -4.13749826  5.70210019]
Epoch 1745, t=2460388.5057253777:
  TLE_ECI: r=[-6033.44171684 -4770.24952523   630.26105004], v=[ 2.24231134 -1.97070522  6.53973705]
  RK45_ECI: r=[-6330.73996837 -2862.15589628 -3462.50835582], v=[-1.23714258 -4.12232405  5.72142615]
Epoch 1746, t=2460388.5058006407:
  TLE_ECI: r=[-5961.53424915 -4830.32778104   826.17530253], v=[ 2.39943856 -1.84457385  6.52072502]
  RK45_ECI: r=[-6337.30006798 -2891.91203381 -3425.24445891], v=[-1.20009285 -4.10696604  5.74054687]
Epoch 1747, t=2460388.505875904:
  TLE_ECI: r=[-5884.91502611 -4886.56306269  1021.4425047 ], v=[ 2.55456826 -1.7168559   6.49660752]
  RK45_ECI: r=[-6343.60508128 -2921.57094101 -3387.85675132], v=[-1.16301168 -4.09142451  5.75946192]
Epoch 1748, t=2460388.5059511675:
  TLE_ECI: r=[-5803.64767736 -4938.90706961  1215.90977564], v=[ 2.70757698 -1.58765389  6.46740381]
  RK45_ECI: r=[-6349.65486129 -2951.13128578 -3350.34657151], v=[-1.12590058 -4.07569994  5.77817058]
Epoch 1749, t=2460388.506026431:
  TLE_ECI: r=[-5717.79951686 -4987.31464396  1409.4248729 ], v=[ 2.85834312 -1.45707158  6.43313719]
  RK45_ECI: r=[-6355.44919648 -2980.59150982 -3312.71561643], v=[-1.08876135 -4.05979298  5.79667198]
Epoch 1750, t=2460388.506101694:
  TLE_ECI: r=[-5627.44151426 -5031.74377523  1601.83631421], v=[ 3.00674696 -1.32521395  6.39383502]
  RK45_ECI: r=[-6360.98799988 -3009.95041338 -3274.96505963], v=[-1.05159536 -4.04370408  5.81496552]
Epoch 1751, t=2460388.5061769574:
  TLE_ECI: r=[-5532.64817532 -5072.15570306  1792.99349832], v=[ 3.15267082 -1.19218706  6.34952869]
  RK45_ECI: r=[-6366.27113286 -3039.20673131 -3237.09625501], v=[-1.01440404 -4.02743375  5.83305049]
Epoch 1752, t=2460388.506252221:
  TLE_ECI: r=[-5433.49756697 -5108.51485027  1982.74682524], v=[ 3.2959991  -1.05809799  6.30025354]
  RK45_ECI: r=[-6371.29852331 -3068.35926814 -3199.11038227], v=[-0.97718876 -4.01098244  5.85092631]
Epoch 1753, t=2460388.5063274843:
  TLE_ECI: r=[-5330.07119221 -5140.78892056  2170.94781536], v=[ 3.43661843 -0.92305474  6.24604891]
  RK45_ECI: r=[-6376.07001013 -3097.40648275 -3161.00916067], v=[-0.93995134 -3.99435084  5.86859214]
Epoch 1754, t=2460388.5064027477:
  TLE_ECI: r=[-5222.4539356  -5168.94890941  2357.44922754], v=[ 3.57441774 -0.78716612  6.18695802]
  RK45_ECI: r=[-6380.58553429 -3126.34720568 -3122.7937792 ], v=[-0.90269312 -3.97753941  5.88604741]
Epoch 1755, t=2460388.5064780107:
  TLE_ECI: r=[-5110.73400663 -5192.96911409  2542.1051762 ], v=[ 3.70928833 -0.65054171  6.12302801]
  RK45_ECI: r=[-6384.84502548 -3155.18012935 -3084.46560918], v=[-0.8654156  -3.96054871  5.90329143]
Epoch 1756, t=2460388.506553274:
  TLE_ECI: r=[-4995.00280404 -5212.82721628  2724.7712468 ], v=[ 3.841124   -0.51329169  6.05430982]
  RK45_ECI: r=[-6388.84839599 -3183.90400601 -3046.02602622], v=[-0.82812028 -3.94337929  5.92032358]
Epoch 1757, t=2460388.5066285376:
  TLE_ECI: r=[-4875.3549302  -5228.50420996  2905.30461045], v=[ 3.96982111 -0.37552679  5.98085819]
  RK45_ECI: r=[-6392.59562038 -3212.51765501 -3007.4762289 ], v=[-0.7908085  -3.92603164  5.93714328]
Epoch 1758, t=2460388.506703801:
  TLE_ECI: r=[-4751.88805028 -5239.98447923  3083.56413669], v=[ 4.09527865 -0.23735822  5.9027316 ]
  RK45_ECI: r=[-6396.08660078 -3241.01955824 -2968.81796303], v=[-0.75348209 -3.9085065   5.95374975]
Epoch 1759, t=2460388.5067790644:
  TLE_ECI: r=[-4624.70282526 -5247.25579642  3259.41050478], v=[ 4.21739834 -0.09889752  5.81999222]
  RK45_ECI: r=[-6399.32132444 -3269.40856193 -2930.05243599], v=[-0.71614241 -3.89080437  5.97014242]
Epoch 1760, t=2460388.5068543274:
  TLE_ECI: r=[-4493.902843   -5250.30931951  3432.70631345], v=[4.33608472 0.03974348 5.73270583]
  RK45_ECI: r=[-6402.29977338 -3297.68337695 -2891.18103988], v=[-0.67879097 -3.87292585  5.98632068]
Epoch 1761, t=2460388.506929591:
  TLE_ECI: r=[-4359.59446985 -5249.13965308  3603.3161887 ], v=[4.4512452  0.17845284 5.64094179]
  RK45_ECI: r=[-6405.02191128 -3325.84277409 -2852.20517092], v=[-0.64142925 -3.85487153  6.0022839 ]
Epoch 1762, t=2460388.5070048543:
  TLE_ECI: r=[-4221.88685356 -5243.74477331  3771.10689009], v=[4.56279012 0.31711848 5.54477297]
  RK45_ECI: r=[-6407.48775924 -3353.88558935 -2813.12604555], v=[-0.60405862 -3.83664194  6.01803157]
Epoch 1763, t=2460388.5070801177:
  TLE_ECI: r=[-4080.89177128 -5234.12608361  3935.94741476], v=[4.67063286 0.45562837 5.44427566]
  RK45_ECI: r=[-6409.69728296 -3381.81032935 -2773.94543469], v=[-0.56668092 -3.81823788  6.03356291]
Epoch 1764, t=2460388.507155381:
  TLE_ECI: r=[-3936.72355159 -5220.2884004   4097.70909966], v=[4.77468986 0.59387058 5.33952954]
  RK45_ECI: r=[-6411.65053226 -3409.61597306 -2734.66437854], v=[-0.52929733 -3.79965979  6.0488775 ]
Epoch 1765, t=2460388.507230644:
  TLE_ECI: r=[-3789.49899477 -5202.2399386   4256.2657217 ], v=[4.87488071 0.73173339 5.23061759]
  RK45_ECI: r=[-6413.3474933  -3437.3009034  -2695.28484266], v=[-0.49190986 -3.78090857  6.06397452]
Epoch 1766, t=2460388.5073059076:
  TLE_ECI: r=[-3639.33721494 -5179.99235015  4411.49359551], v=[4.9711282 0.8691054 5.117626 ]
  RK45_ECI: r=[-6414.78822931 -3464.86425966 -2655.80768893], v=[-0.45451952 -3.76198461  6.0788536 ]
Epoch 1767, t=2460388.507381171:
  TLE_ECI: r=[-3486.35963344 -5153.56064659  4563.27166937], v=[5.06335838 1.00587555 5.00064414]
  RK45_ECI: r=[-6415.97279228 -3492.30477926 -2616.2343353 ], v=[-0.41712782 -3.74288855  6.09351418]
Epoch 1768, t=2460388.5074564344:
  TLE_ECI: r=[-3330.68981745 -5122.96323311  4711.48161852], v=[5.1515006  1.1419333  4.87976443]
  RK45_ECI: r=[-6416.90121135 -3519.62099547 -2576.56657637], v=[-0.37973661 -3.72362124  6.10795554]
Epoch 1769, t=2460388.5075316974:
  TLE_ECI: r=[-3172.45340865 -5088.22187286  4856.00793627], v=[5.23548759 1.27716865 4.7550823 ]
  RK45_ECI: r=[-6417.57356658 -3546.81165787 -2536.80584013], v=[-0.34234741 -3.70418335  6.12217712]
Epoch 1770, t=2460388.507606961:
  TLE_ECI: r=[-3011.77796039 -5049.36170738  4996.7380225 ], v=[5.31525544 1.41147228 4.6266961 ]
  RK45_ECI: r=[-6417.98994518 -3573.87591427 -2496.95299652], v=[-0.30496121 -3.68457529  6.13617858]
Epoch 1771, t=2460388.5076822243:
  TLE_ECI: r=[-2848.79292319 -5006.41117907  5133.56227001], v=[5.39074373 1.54473561 4.49470698]
  RK45_ECI: r=[-6418.15041315 -3600.81218225 -2457.0100399 ], v=[-0.26758004 -3.664798    6.14995917]
Epoch 1772, t=2460388.5077574877:
  TLE_ECI: r=[-2683.62947916 -4959.40204711  5266.37414805], v=[5.46189551 1.67685087 4.35921887]
  RK45_ECI: r=[-6418.05508538 -3627.6194662  -2416.97803284], v=[-0.23020507 -3.64485201  6.16351848]
Epoch 1773, t=2460388.507832751:
  TLE_ECI: r=[-2516.42045033 -4908.36935227  5395.07028335], v=[5.52865736 1.80771124 4.22033834]
  RK45_ECI: r=[-6417.70405452 -3654.29632767 -2376.85879202], v=[-0.19283814 -3.62473821  6.17685584]
Epoch 1774, t=2460388.507908014:
  TLE_ECI: r=[-2347.30020508 -4853.35138195  5519.55053861], v=[5.59097939 1.93721085 4.07817452]
  RK45_ECI: r=[-6417.09745296 -3680.84153905 -2336.65376301], v=[-0.15548078 -3.60445731  6.18997075]
Epoch 1775, t=2460388.5079832776:
  TLE_ECI: r=[-2176.40449236 -4794.38966783  5639.71808804], v=[5.64881534 2.06524498 3.93283905]
  RK45_ECI: r=[-6416.23540201 -3707.25426196 -2296.36382688], v=[-0.11813396 -3.58400974  6.20286287]
Epoch 1776, t=2460388.508058541:
  TLE_ECI: r=[-2003.87041805 -4731.52890967  5755.47949062], v=[5.70212252 2.19171004 3.78444593]
  RK45_ECI: r=[-6415.11803715 -3733.53294637 -2255.9910014 ], v=[-0.0807997  -3.56339651  6.2155315 ]
Epoch 1777, t=2460388.5081338044:
  TLE_ECI: r=[-1829.83627705 -4664.81696901  5866.7447602 ], v=[5.75086191 2.31650368 3.63311147]
  RK45_ECI: r=[-6413.74551363 -3759.67661417 -2215.53636194], v=[-0.04347919 -3.54261818  6.22797626]
Epoch 1778, t=2460388.508209068:
  TLE_ECI: r=[-1654.441457   -4594.30482359  5973.42743297], v=[5.79499815 2.43952488 3.47895417]
  RK45_ECI: r=[-6412.11798743 -3785.68385687 -2175.00174588], v=[-6.17423902e-03 -3.52167568e+00  6.24019654e+00]
Epoch 1779, t=2460388.508284331:
  TLE_ECI: r=[-1477.82633964 -4520.0465226   6075.44463218], v=[5.83449956 2.56067403 3.32209464]
  RK45_ECI: r=[-6410.23564307 -3811.55347107 -2134.38861505], v=[ 0.03111362 -3.50056976  6.25219187]
Epoch 1780, t=2460388.5083595943:
  TLE_ECI: r=[-1300.13213554 -4442.09916194  6172.71712974], v=[5.86933813 2.67985302 3.16265552]
  RK45_ECI: r=[-6408.0986357  -3837.28463338 -2093.69786105], v=[ 0.06838343 -3.47930089  6.26396191]
Epoch 1781, t=2460388.5084348577:
  TLE_ECI: r=[-1121.5008519  -4360.52281121  6265.16940533], v=[5.89948957 2.79696525 3.00076134]
  RK45_ECI: r=[-6405.70716984 -3862.87582804 -2052.93152323], v=[ 0.10563316 -3.45787013  6.27550605]
Epoch 1782, t=2460388.508510121:
  TLE_ECI: r=[ -942.07512617 -4275.38048538  6352.72970224], v=[5.92493334 2.91191578 2.83653846]
  RK45_ECI: r=[-6403.0614412  -3888.3260952  -2012.09068897], v=[ 0.14286166 -3.43627805  6.28682392]
Epoch 1783, t=2460388.5085853846:
  TLE_ECI: r=[ -761.99812601 -4186.73809037  6435.33008049], v=[5.94565258 3.02461136 2.67011496]
  RK45_ECI: r=[-6400.16166833 -3913.63405847 -1971.17721465], v=[ 0.18006711 -3.41452565  6.29791498]
Epoch 1784, t=2460388.5086606476:
  TLE_ECI: r=[ -581.41344859 -4094.66436937  6512.90646691], v=[5.9616342  3.13496048 2.50162053]
  RK45_ECI: r=[-6397.00808768 -3938.79854005 -1930.19257719], v=[ 0.21724799 -3.39261372  6.30877875]
Epoch 1785, t=2460388.508735911:
  TLE_ECI: r=[ -400.46495885 -3999.23085645  6585.39870217], v=[5.9728688  3.24287354 2.3311864 ]
  RK45_ECI: r=[-6393.60088803 -3963.81873219 -1889.13767788], v=[ 0.25440335 -3.37054273  6.31941498]
Epoch 1786, t=2460388.5088111744:
  TLE_ECI: r=[ -219.29674886 -3900.5118085   6652.75058514], v=[5.97935075 3.34826278 2.1589452 ]
  RK45_ECI: r=[-6389.94034257 -3988.69315525 -1848.0145759 ], v=[ 0.29153118 -3.34831382  6.32982307]
Epoch 1787, t=2460388.508886438:
  TLE_ECI: r=[  -38.05297605 -3798.58415564  6714.90991385], v=[5.98107813 3.45104244 1.9850309 ]
  RK45_ECI: r=[-6386.0266867  -4013.4208692  -1806.82436963], v=[ 0.32863034 -3.32592757  6.3400027 ]
Epoch 1788, t=2460388.508961701:
  TLE_ECI: r=[  143.12222684 -3693.52743931  6771.82852372], v=[5.97805276 3.55112877 1.80957869]
  RK45_ECI: r=[-6381.86022463 -4038.00041126 -1765.56912657], v=[ 0.36569882 -3.30338513  6.34995332]
Epoch 1789, t=2460388.5090369643:
  TLE_ECI: r=[  324.08490809 -3585.42374918  6823.46232252], v=[5.97028015 3.64844018 1.63272486]
  RK45_ECI: r=[-6377.44117517 -4062.43098908 -1724.2497561 ], v=[ 0.40273568 -3.28068701  6.35967466]
Epoch 1790, t=2460388.5091122277:
  TLE_ECI: r=[  504.6913438  -3474.35765995  6869.77132265], v=[5.95776951 3.74289716 1.45460673]
  RK45_ECI: r=[-6372.76982924 -4086.71145335 -1682.86774963], v=[ 0.43973942 -3.25783403  6.36916633]
Epoch 1791, t=2460388.509187491:
  TLE_ECI: r=[  684.79819408 -3360.41616559  6910.71966997], v=[5.94053379 3.83442246 1.27536255]
  RK45_ECI: r=[-6367.8465052  -4110.84048156 -1641.42499051], v=[ 0.47670823 -3.23482725  6.37842786]
Epoch 1792, t=2460388.5092627546:
  TLE_ECI: r=[  864.26260345 -3243.68861161  6946.27566989], v=[5.91858956 3.9229411  1.09513137]
  RK45_ECI: r=[-6362.67147804 -4134.81715429 -1599.92258706], v=[ 0.51364098 -3.2116673   6.38745895]
Epoch 1793, t=2460388.5093380176:
  TLE_ECI: r=[ 1042.94230302 -3124.26662869  6976.41181023], v=[5.8919571  4.00838042 0.91405295]
  RK45_ECI: r=[-6357.24511993 -4158.64004712 -1558.36262385], v=[ 0.55053568 -3.18835536  6.3962591 ]
Epoch 1794, t=2460388.509413281:
  TLE_ECI: r=[ 1220.69575798 -3002.24405007  7001.10478102], v=[5.86066027 4.09067019 0.73226766]
  RK45_ECI: r=[-6351.56768249 -4182.30838538 -1516.74601824], v=[ 0.58739138 -3.16489197  6.4048281 ]
Epoch 1795, t=2460388.5094885444:
  TLE_ECI: r=[ 1397.3822213  -2877.71685533  7020.33549138], v=[5.82472659 4.16974256 0.5499164 ]
  RK45_ECI: r=[-6345.6395076  -4205.82104803 -1475.07427388], v=[ 0.62420662 -3.14127797  6.41316558]
Epoch 1796, t=2460388.509563808:
  TLE_ECI: r=[ 1572.86188057 -2750.78308559  7034.0890832 ], v=[5.78418715 4.2455322  0.36714045]
  RK45_ECI: r=[-6339.46097545 -4229.17674797 -1433.3492886 ], v=[ 0.66097958 -3.11751447  6.42127113]
Epoch 1797, t=2460388.5096390713:
  TLE_ECI: r=[ 1746.99595699 -2621.54276998  7042.35494173], v=[5.73907663 4.31797632 0.18408141]
  RK45_ECI: r=[-6333.03239998 -4252.37458771 -1391.57217961], v=[ 0.69770913 -3.09360213  6.42914449]
Epoch 1798, t=2460388.5097143343:
  TLE_ECI: r=[ 1919.64680529 -2490.09785388  7045.12670319], v=[5.68943324e+00 4.38701469e+00 8.81062002e-04]
  RK45_ECI: r=[-6326.35422082 -4275.41318269 -1349.74504643], v=[ 0.73439332 -3.06954216  6.43678523]
Epoch 1799, t=2460388.5097895977:
  TLE_ECI: r=[ 2090.67804997 -2356.55209815  7042.4022592 ], v=[ 5.63529865  4.45258979 -0.18231869]
  RK45_ECI: r=[-6319.42672236 -4298.29177647 -1307.86881356], v=[ 0.77103119 -3.04533511  6.44419315]
Epoch 1800, t=2460388.509864861:
  TLE_ECI: r=[ 2259.95464578 -2221.01103078  7034.18375827], v=[ 5.57671806  4.5146467  -0.36537596]
  RK45_ECI: r=[-6312.25029693 -4321.00927746 -1265.9449953 ], v=[ 0.80762127 -3.02098189  6.45136795]
Epoch 1801, t=2460388.5099401246:
  TLE_ECI: r=[ 2427.34301257 -2083.5818444   7020.47760404], v=[ 5.51374008  4.57313324 -0.54814897]
  RK45_ECI: r=[-6304.82538597 -4343.56443575 -1223.97550216], v=[ 0.84416179 -2.99648362  6.45830925]
Epoch 1802, t=2460388.5100153876:
  TLE_ECI: r=[ 2592.71112519 -1944.37332587  7001.29445062], v=[ 5.44641673  4.62800001 -0.73049614]
  RK45_ECI: r=[-6297.15238191 -4365.95626712 -1181.96165628], v=[ 0.88065142 -2.97184109  6.46501683]
Epoch 1803, t=2460388.510090651:
  TLE_ECI: r=[ 2755.92863887 -1803.49574232  6976.64919467], v=[ 5.37480337  4.67920044 -0.91227622]
  RK45_ECI: r=[-6289.23167241 -4388.18375595 -1139.9049784 ], v=[ 0.91708876 -2.94705523  6.47149038]
Epoch 1804, t=2460388.5101659144:
  TLE_ECI: r=[ 2916.86695458 -1661.06079951  6946.56096459], v=[ 5.2989587   4.72669073 -1.09334836]
  RK45_ECI: r=[-6281.0636933  -4410.24583737 -1097.80699087], v=[ 0.95347232 -2.92212695  6.47772966]
Epoch 1805, t=2460388.510241178:
  TLE_ECI: r=[ 3075.39934263 -1517.1815264   6911.05310655], v=[ 5.21894467  4.77043003 -1.27357223]
  RK45_ECI: r=[-6272.64884745 -4432.14155959 -1055.66901996], v=[ 0.98980083 -2.89705707  6.48373442]
Epoch 1806, t=2460388.5103164413:
  TLE_ECI: r=[ 3231.40103476 -1371.97219446  6870.1531674 ], v=[ 5.1348265   4.81038035 -1.45280812]
  RK45_ECI: r=[-6263.98763713 -4453.86971111 -1013.49298698], v=[ 1.02607249 -2.87184675  6.48950438]
Epoch 1807, t=2460388.5103917043:
  TLE_ECI: r=[ 3384.74931714 -1225.54823879  6823.89287464], v=[ 5.04667255  4.84650666 -1.63091704]
  RK45_ECI: r=[-6255.08049932 -4475.42933512  -971.28022156], v=[ 1.06228603 -2.84649683  6.49503931]
Epoch 1808, t=2460388.5104669677:
  TLE_ECI: r=[ 3535.3236405  -1078.02612908  6772.30811323], v=[ 4.95455432  4.87877693 -1.80776083]
  RK45_ECI: r=[-6245.92787054 -4496.81944717  -929.03225263], v=[ 1.09844001 -2.82100823  6.50033899]
Epoch 1809, t=2460388.510542231:
  TLE_ECI: r=[3683.00569077 -929.52333692 6715.43889943], v=[ 4.85854639  4.90716212 -1.98320223]
  RK45_ECI: r=[-6236.53020196 -4518.03909937  -886.75041195], v=[ 1.13453313 -2.79538182  6.50540321]
Epoch 1810, t=2460388.5106174946:
  TLE_ECI: r=[3827.67949672 -780.15820602 6653.32935153], v=[ 4.75872637  4.93163621 -2.15710504]
  RK45_ECI: r=[-6226.88804434 -4539.08711184  -844.43662823], v=[ 1.17056364 -2.76961877  6.51023172]
Epoch 1811, t=2460388.510692758:
  TLE_ECI: r=[3969.23151629 -630.049869   6586.02765759], v=[ 4.65517483  4.95217625 -2.32933416]
  RK45_ECI: r=[-6217.00185665 -4559.96256876  -802.09223618], v=[ 1.20653024 -2.74371995  6.51482433]
Epoch 1812, t=2460388.510768021:
  TLE_ECI: r=[4107.55072359 -479.31816605 6513.58604012], v=[ 4.54797528  4.96876236 -2.49975572]
  RK45_ECI: r=[-6206.87215442 -4580.66445684  -759.71877022], v=[ 1.24243149 -2.71768634  6.51918085]
Epoch 1813, t=2460388.5108432844:
  TLE_ECI: r=[4242.52870163 -328.08350378 6436.06071779], v=[ 4.437214    4.98137779 -2.6682372 ]
  RK45_ECI: r=[-6196.49942317 -4601.19182356  -717.31776605], v=[ 1.27826596 -2.6915189   6.52330108]
Epoch 1814, t=2460388.510918548:
  TLE_ECI: r=[4374.05971735 -176.46683087 6353.51186406], v=[ 4.32298012  4.99000888 -2.83464747]
  RK45_ECI: r=[-6185.884158   -4621.54375011  -674.89056137], v=[ 1.31403237 -2.6652185   6.52718487]
Epoch 1815, t=2460388.5109938113:
  TLE_ECI: r=[4502.04081132  -24.58949645 6266.00356293], v=[ 4.20536548  4.99464513 -2.99885696]
  RK45_ECI: r=[-6175.02696981 -4641.71909761  -632.43909244], v=[ 1.34972897 -2.6387864   6.53083201]
Epoch 1816, t=2460388.5110690747:
  TLE_ECI: r=[4626.37187668  127.42683422 6173.60376161], v=[ 4.08446457  4.99527918 -3.16073772]
  RK45_ECI: r=[-6163.92831884 -4661.71705933  -589.96449992], v=[ 1.38535464 -2.61222335  6.53424237]
Epoch 1817, t=2460388.5111443377:
  TLE_ECI: r=[4746.95573864  279.46026204 6076.38422031], v=[ 3.96037446  4.99190684 -3.3201635 ]
  RK45_ECI: r=[-6152.58889694 -4681.53641626  -547.46892211], v=[ 1.42090746 -2.58553072  6.53741574]
Epoch 1818, t=2460388.511219601:
  TLE_ECI: r=[4863.69822817  431.38880581 5974.42045903], v=[ 3.83319471  4.98452712 -3.47700989]
  RK45_ECI: r=[-6141.00911095 -4701.17648876  -504.95330203], v=[ 1.45638651 -2.55870917  6.54035202]
Epoch 1819, t=2460388.5112948646:
  TLE_ECI: r=[4976.50825983  583.09041694 5867.79170149], v=[ 3.70302736  4.97314219 -3.6311544 ]
  RK45_ECI: r=[-6129.18954203 -4720.63630825  -462.41918143], v=[ 1.49179034 -2.53175971  6.54305108]
Epoch 1820, t=2460388.511370128:
  TLE_ECI: r=[5085.29790192  734.44313107 5756.58081613], v=[ 3.56997678  4.95775743 -3.78247655]
  RK45_ECI: r=[-6117.13086064 -4739.91477832  -419.86850254], v=[ 1.52711723 -2.50468364  6.54551275]
Epoch 1821, t=2460388.511445391:
  TLE_ECI: r=[5189.98244905  885.32513669 5640.87425424], v=[ 3.43414966  4.93838138 -3.93085798]
  RK45_ECI: r=[-6104.83367414 -4759.01094942  -377.30280934], v=[ 1.56236573 -2.47748199  6.54773692]
Epoch 1822, t=2460388.5115206544:
  TLE_ECI: r=[5290.48047946 1035.61493318 5520.76198527], v=[ 3.29565484  4.91502584 -4.0761825 ]
  RK45_ECI: r=[-6092.29841138 -4777.92415729  -334.72304698], v=[ 1.59753494 -2.45015542  6.54972348]
Epoch 1823, t=2460388.511595918:
  TLE_ECI: r=[5386.71393412 1185.19133797 5396.33742934], v=[ 3.15460333  4.88770575 -4.21833627]
  RK45_ECI: r=[-6079.52583871 -4796.65323727  -292.13136018], v=[ 1.63262295 -2.42270536  6.55147233]
Epoch 1824, t=2460388.5116711813:
  TLE_ECI: r=[5478.60816984 1333.93364378 5267.69738689], v=[ 3.01110816  4.85643929 -4.35720778]
  RK45_ECI: r=[-6066.51647669 -4815.19742521  -249.5288951 ], v=[ 1.66762868 -2.39513263  6.55298336]
Epoch 1825, t=2460388.5117464447:
  TLE_ECI: r=[5566.09202115 1481.72170128 5134.94196573], v=[ 2.86528433  4.82124778 -4.49268805]
  RK45_ECI: r=[-6053.2710546  -4833.55566853  -206.91759821], v=[ 1.7025504  -2.36743854  6.55425647]
Epoch 1826, t=2460388.5118217077:
  TLE_ECI: r=[5649.09786197 1628.43599974 4998.17450525], v=[ 2.7172487   4.78215575 -4.62467064]
  RK45_ECI: r=[-6039.79022799 -4851.72705384  -164.29901674], v=[ 1.73738671 -2.33962418  6.55529158]
Epoch 1827, t=2460388.511896971:
  TLE_ECI: r=[5727.56164133 1773.95782958 4857.50149805], v=[ 2.56711988  4.73919091 -4.75305177]
  RK45_ECI: r=[-6026.07445705 -4869.71093976  -121.67409825], v=[ 1.77213669 -2.31169021  6.55608864]
Epoch 1828, t=2460388.5119722346:
  TLE_ECI: r=[5801.42296219 1918.16928061 4713.03250895], v=[ 2.41501818  4.69238409 -4.87773041]
  RK45_ECI: r=[-6012.1245722  -4887.50621068   -79.04499098], v=[ 1.80679848 -2.28363814  6.55664755]
Epoch 1829, t=2460388.512047498:
  TLE_ECI: r=[5870.62511232 2060.95340352 4564.88009134], v=[ 2.26106551  4.64176927 -4.99860837]
  RK45_ECI: r=[-5997.94113081 -4905.11213059   -36.41284327], v=[ 1.84137101 -2.25546877  6.55696828]
Epoch 1830, t=2460388.5121227615:
  TLE_ECI: r=[5935.11511442 2202.19428915 4413.15970117], v=[ 2.10538527  4.58738356 -5.11559034]
  RK45_ECI: r=[-5983.52492026 -4922.52769212     6.2203958 ], v=[ 1.87585257 -2.22718348  6.55705076]
Epoch 1831, t=2460388.5121980244:
  TLE_ECI: r=[5994.84377589 2341.77714594 4257.98960834], v=[ 1.94810227  4.52926714 -5.22858402]
  RK45_ECI: r=[-5968.87664358 -4939.75201904    48.85317709], v=[ 1.91024178 -2.19878337  6.55689495]
Epoch 1832, t=2460388.512273288:
  TLE_ECI: r=[6049.7657016  2479.58846431 4099.49080577], v=[ 1.78934256  4.46746329 -5.33750019]
  RK45_ECI: r=[-5953.99679174 -4956.78449389    91.48455143], v=[ 1.94453775 -2.17026916  6.55650082]
Epoch 1833, t=2460388.5123485513:
  TLE_ECI: r=[6099.83937076 2615.51600525 3937.78691605], v=[ 1.62923346  4.40201832 -5.44225277]
  RK45_ECI: r=[-5938.88625821 -4973.62405153   134.11236894], v=[ 1.97873865 -2.14164235  6.55586836]
Epoch 1834, t=2460388.5124238147:
  TLE_ECI: r=[6145.02714425 2749.44896316 3773.0040959 ], v=[ 1.46790335  4.33298155 -5.5427589 ]
  RK45_ECI: r=[-5923.54563642 -4990.26998516   176.73548006], v=[ 2.0128434  -2.11290382  6.55499752]
Epoch 1835, t=2460388.512499078:
  TLE_ECI: r=[6185.29530207 2881.27803936 3605.27093831], v=[ 1.3054816   4.26040528 -5.63893902]
  RK45_ECI: r=[-5907.975771   -5006.72133378   219.35193484], v=[ 2.04685036 -2.08405495  6.55388833]
Epoch 1836, t=2460388.512574341:
  TLE_ECI: r=[6220.61407925 3010.89551538 3434.71837265], v=[ 1.1420985   4.18434476 -5.73071693]
  RK45_ECI: r=[-5892.17741159 -5022.97725953   261.9601836 ], v=[ 2.08075815 -2.05509688  6.55254077]
Epoch 1837, t=2460388.5126496046:
  TLE_ECI: r=[6250.95765531 3138.19541502 3261.4795627 ], v=[ 0.97788506  4.10485814 -5.81801987]
  RK45_ECI: r=[-5876.15107922 -5039.03716973   304.55927635], v=[ 2.11456591 -2.02603034  6.55095484]
Epoch 1838, t=2460388.512724868:
  TLE_ECI: r=[6276.30422701 3263.07348389 3085.68980254], v=[ 0.81297301  4.02200643 -5.90077859]
  RK45_ECI: r=[-5859.89772908 -5054.90005134   347.14706354], v=[ 2.14827182 -1.9968569   6.54913058]
Epoch 1839, t=2460388.5128001315:
  TLE_ECI: r=[6296.63599224 3385.42734847 2907.48641077], v=[ 0.64749464  3.93585347 -5.97892738]
  RK45_ECI: r=[-5843.41799055 -5070.56522697   389.72239537], v=[ 2.18187486 -1.96757742  6.54706799]
Epoch 1840, t=2460388.5128753944:
  TLE_ECI: r=[6311.93918256 3505.15656633 2727.00862267], v=[ 0.4815827   3.84646585 -6.05240415]
  RK45_ECI: r=[-5826.71284633 -5086.03170763   432.28312312], v=[ 2.21537323 -1.93819348  6.54476715]
Epoch 1841, t=2460388.512950658:
  TLE_ECI: r=[6322.20403403 3622.16278337 2544.39748093], v=[ 0.31537025  3.75391289 -6.12115051]
  RK45_ECI: r=[-5809.78284424 -5101.29892353   474.82829702], v=[ 2.24876607 -1.90870583  6.54222806]
Epoch 1842, t=2460388.5130259213:
  TLE_ECI: r=[6327.42485532 3736.3497062  2359.79572431], v=[ 0.14899062  3.6582666  -6.18511178]
  RK45_ECI: r=[-5792.62878232 -5116.36607868   517.35636814], v=[ 2.28205206 -1.87911564  6.53945079]
Epoch 1843, t=2460388.5131011847:
  TLE_ECI: r=[6327.59999204 3847.62325694 2173.34767518], v=[-0.01742274  3.55960156 -6.24423707]
  RK45_ECI: r=[-5775.25159402 -5131.23228934   559.86538884], v=[ 2.31522958 -1.84942435  6.53643542]
Epoch 1844, t=2460388.513176448:
  TLE_ECI: r=[6322.73183759 3955.89163425 1985.19912533], v=[-0.18373638  3.45799493 -6.2984793 ]
  RK45_ECI: r=[-5757.65194311 -5145.89690915   602.35421022], v=[ 2.34829763 -1.81963286  6.53318199]
Epoch 1845, t=2460388.513251711:
  TLE_ECI: r=[6312.82684265 4061.0653724  1795.49722052], v=[-0.34981694  3.35352636 -6.34779528]
  RK45_ECI: r=[-5739.83087263 -5160.35900259   644.82068676], v=[ 2.38125444 -1.78974278  6.52969063]
Epoch 1846, t=2460388.5133269746:
  TLE_ECI: r=[6297.89546197 4163.05749103 1604.39034385], v=[-0.51553129  3.24627793 -6.39214571]
  RK45_ECI: r=[-5721.78895907 -5174.61802598   687.26386965], v=[ 2.41409917 -1.75975487  6.52596139]
Epoch 1847, t=2460388.513402238:
  TLE_ECI: r=[6277.95221561 4261.78345787 1412.02799777], v=[-0.68074662  3.13633407 -6.43149527]
  RK45_ECI: r=[-5703.527045   -5188.67322384   729.68221235], v=[ 2.44683054 -1.72967034  6.52199436]
Epoch 1848, t=2460388.5134775015:
  TLE_ECI: r=[6253.01562956 4357.1613346  1218.56068526], v=[-0.84533055  3.02378152 -6.46581258]
  RK45_ECI: r=[-5685.04611797 -5202.52376194   772.0737711 ], v=[ 2.47944696 -1.69949063  6.5177897 ]
Epoch 1849, t=2460388.513552765:
  TLE_ECI: r=[6223.10823121 4449.11182795 1024.13979   ], v=[-1.00915127  2.90870923 -6.49507029]
  RK45_ECI: r=[-5666.34687555 -5216.16902541   814.43739904], v=[ 2.51194744 -1.66921669  6.51334748]
Epoch 1850, t=2460388.513628028:
  TLE_ECI: r=[6188.25654318 4537.55833904  828.91745566], v=[-1.1720776   2.79120831 -6.51924508]
  RK45_ECI: r=[-5647.43041962 -5229.60813352   856.7709559 ], v=[ 2.54433027 -1.63885014  6.5086679 ]
Epoch 1851, t=2460388.5137032913:
  TLE_ECI: r=[6148.49100736 4622.42710149  633.04646465], v=[-1.33397918  2.67137194 -6.5383177 ]
  RK45_ECI: r=[-5628.29735466 -5242.84056929   899.07349485], v=[ 2.57659461 -1.60839176  6.50375103]
Epoch 1852, t=2460388.5137785547:
  TLE_ECI: r=[6103.84603781 4703.64713493  436.68011599], v=[-1.4947265   2.54929529 -6.55227296]
  RK45_ECI: r=[-5608.9485667  -5255.86561855   941.34347328], v=[ 2.60873922 -1.57784276  6.49859703]
Epoch 1853, t=2460388.513853818:
  TLE_ECI: r=[6054.35993876 4781.1503785   239.97210296], v=[-1.65419108  2.42507546 -6.56109974]
  RK45_ECI: r=[-5589.38509633 -5268.6824975    983.57895326], v=[ 2.64076253 -1.54720464  6.49320609]
Epoch 1854, t=2460388.5139290816:
  TLE_ECI: r=[6000.07488455 4854.87173088   43.07639026], v=[-1.81224551  2.29881138 -6.56479107]
  RK45_ECI: r=[-5569.60767408 -5281.2906234   1025.77879116], v=[ 2.67266358 -1.51647835  6.48757834]
Epoch 1855, t=2460388.5140043446:
  TLE_ECI: r=[5941.03689785 4924.74908851 -153.85290911], v=[-1.96876361  2.17060374 -6.56334403]
  RK45_ECI: r=[-5549.61745928 -5293.68917144  1067.94085412], v=[ 2.70444068 -1.48566553  6.48171404]
Epoch 1856, t=2460388.514079608:
  TLE_ECI: r=[5877.29575274 4990.72346835 -350.66165691], v=[-2.12362055  2.04055487 -6.55675985]
  RK45_ECI: r=[-5529.41508389 -5305.87765169  1110.06419826], v=[ 2.73609303 -1.45476697  6.47561329]
Epoch 1857, t=2460388.5141548715:
  TLE_ECI: r=[5808.90501799 5052.73895345 -547.19581311], v=[-2.27669288  1.90876871 -6.54504385]
  RK45_ECI: r=[-5509.00147649 -5317.85539205  1152.14728658], v=[ 2.7676194  -1.42378392  6.46927629]
Epoch 1858, t=2460388.514230135:
  TLE_ECI: r=[5735.92195395 5110.74281094 -743.30155886], v=[-2.42785871  1.77535068 -6.52820545]
  RK45_ECI: r=[-5488.37772938 -5329.62166022  1194.18818884], v=[ 2.79901825 -1.3927179   6.46270331]
Epoch 1859, t=2460388.514305398:
  TLE_ECI: r=[5658.407493   5164.68550301 -938.8254195 ], v=[-2.57699777  1.64040759 -6.50625816]
  RK45_ECI: r=[-5467.54470739 -5341.17584856  1236.18556894], v=[ 2.83028849 -1.36157     6.45589454]
Epoch 1860, t=2460388.5143806613:
  TLE_ECI: r=[ 5576.42612696  5214.52079588 -1133.61438703], v=[-2.72399154  1.50404758 -6.47921959]
  RK45_ECI: r=[-5446.50332017 -5352.51736176  1278.13789444], v=[ 2.86142892 -1.33034146  6.4488502 ]
Epoch 1861, t=2460388.5144559247:
  TLE_ECI: r=[ 5490.04594241  5260.20569916 -1327.5160424 ], v=[-2.86872334  1.36637998 -6.44711138]
  RK45_ECI: r=[-5425.25444425 -5363.64560443  1320.04383115], v=[ 2.89243844 -1.29903339  6.4415705 ]
Epoch 1862, t=2460388.514531188:
  TLE_ECI: r=[ 5399.33850249  5301.70056969 -1520.378677  ], v=[-3.0110784   1.22751528 -6.40995924]
  RK45_ECI: r=[-5403.79921265 -5374.559886    1361.90145638], v=[ 2.92331557 -1.26764732  6.43405574]
Epoch 1863, t=2460388.5146064516:
  TLE_ECI: r=[ 5304.37880091  5338.96912864 -1712.05141359], v=[-3.150944    1.08756496 -6.36779288]
  RK45_ECI: r=[-5382.13850362 -5385.25964529  1403.70943932], v=[ 2.95405922 -1.23618438  6.42630615]
Epoch 1864, t=2460388.5146817146:
  TLE_ECI: r=[ 5205.24521366  5371.9784775  -1902.38432647], v=[-3.28820951  0.94664148 -6.32064602]
  RK45_ECI: r=[-5360.27330661 -5395.7442736   1445.46625404], v=[ 2.98466819 -1.20464583  6.41832199]
Epoch 1865, t=2460388.514756978:
  TLE_ECI: r=[ 5102.01936996  5400.69918714 -2091.2285605 ], v=[-3.42276656  0.80485809 -6.26855632]
  RK45_ECI: r=[-5338.204572   -5406.01321783  1487.17037625], v=[ 3.01514129 -1.17303291  6.41010355]
Epoch 1866, t=2460388.5148322415:
  TLE_ECI: r=[ 4994.78617647  5425.10523131 -2278.43644964], v=[-3.55450904  0.66232881 -6.21156537]
  RK45_ECI: r=[-5315.93321231 -5416.06592154  1528.82047894], v=[ 3.04547745 -1.14134676  6.40165104]
Epoch 1867, t=2460388.514907505:
  TLE_ECI: r=[ 4883.63368336  5445.17407007 -2463.8616338 ], v=[-3.68333324  0.5191683  -6.14971865]
  RK45_ECI: r=[-5293.46041058 -5425.90174694  1570.41465056], v=[ 3.07567521 -1.10958894  6.39296485]
Epoch 1868, t=2460388.5149827683:
  TLE_ECI: r=[ 4768.653025    5460.88665411 -2647.35917485], v=[-3.80913792  0.37549176 -6.08306546]
  RK45_ECI: r=[-5270.78708073 -5435.52017161  1611.9515681 ], v=[ 3.10573351 -1.07776059  6.38404523]
Epoch 1869, t=2460388.5150580313:
  TLE_ECI: r=[ 4649.93835908  5472.22742742 -2828.78567116], v=[-3.93182439  0.23141486 -6.01165892]
  RK45_ECI: r=[-5247.91425252 -5444.9206308   1653.4297149 ], v=[ 3.13565118 -1.04586299  6.37489249]
Epoch 1870, t=2460388.5151332947:
  TLE_ECI: r=[ 4527.58672322  5479.18439554 -3007.99937064], v=[-4.05129659  0.08705359 -5.93555588]
  RK45_ECI: r=[-5224.84291588 -5454.10261477  1694.84757624], v=[ 3.16542704 -1.01389741  6.36550695]
Epoch 1871, t=2460388.515208558:
  TLE_ECI: r=[ 4401.69804959  5481.74905299 -3184.8602826 ], v=[-4.16746116 -0.0574758  -5.8548169 ]
  RK45_ECI: r=[-5201.57401904 -5463.06560617  1736.20383355], v=[ 3.19506006 -0.98186501  6.35588889]
Epoch 1872, t=2460388.5152838216:
  TLE_ECI: r=[ 4272.37501652  5479.91644671 -3359.23028757], v=[-4.28022752 -0.20205689 -5.76950618]
  RK45_ECI: r=[-5178.10879355 -5471.80902135  1777.49658814], v=[ 3.22454879 -0.94976737  6.34603871]
Epoch 1873, t=2460388.515359085:
  TLE_ECI: r=[ 4139.72297887  5473.68516627 -3530.97324572], v=[-4.38950794 -0.34657319 -5.67969147]
  RK45_ECI: r=[-5154.44808884 -5480.33240534  1818.72471936], v=[ 3.25389235 -0.9176055   6.33595668]
Epoch 1874, t=2460388.515434348:
  TLE_ECI: r=[ 4003.84989593  5463.05733366 -3699.95510336], v=[-4.4952176  -0.49090827 -5.58544409]
  RK45_ECI: r=[-5130.59327215 -5488.63515399  1859.88614116], v=[ 3.28308918 -0.88538114  6.32564328]
Epoch 1875, t=2460388.5155096115:
  TLE_ECI: r=[ 3864.86617697  5448.03864967 -3866.04399748], v=[-4.59727465 -0.63494585 -5.48683877]
  RK45_ECI: r=[-5106.54507411 -5496.71688562  1900.97992979], v=[ 3.31213854 -0.85309516  6.31509873]
Epoch 1876, t=2460388.515584875:
  TLE_ECI: r=[ 3722.88468591  5428.63831739 -4029.11035865], v=[-4.69560029 -0.77856985 -5.38395365]
  RK45_ECI: r=[-5082.30457667 -5504.57709516  1942.00458293], v=[ 3.34103928 -0.82074887  6.30432339]
Epoch 1877, t=2460388.5156601383:
  TLE_ECI: r=[ 3578.02058333  5404.86908345 -4189.02701152], v=[-4.7901188  -0.92166452 -5.2768702 ]
  RK45_ECI: r=[-5057.87305902 -5512.21525362  1982.95821646], v=[ 3.36979002 -0.78834387  6.29331773]
Epoch 1878, t=2460388.5157354013:
  TLE_ECI: r=[ 3430.39126287  5376.74720553 -4345.66927342], v=[-4.88075763 -1.06411453 -5.16567313]
  RK45_ECI: r=[-5033.25162367 -5519.63088036  2023.83933487], v=[ 3.3983896  -0.75588151  6.28208213]
Epoch 1879, t=2460388.5158106647:
  TLE_ECI: r=[ 3280.11619128  5344.29248016 -4498.9150506 ], v=[-4.96744742 -1.20580511 -5.0504503 ]
  RK45_ECI: r=[-5008.44101846 -5526.82361445  2064.64701915], v=[ 3.42683732 -0.72336264  6.27061683]
Epoch 1880, t=2460388.515885928:
  TLE_ECI: r=[ 3127.31690457  5307.52816508 -4648.64493248], v=[-5.05012204 -1.34662205 -4.93129272]
  RK45_ECI: r=[-4983.44266928 -5533.79292136  2105.37920273], v=[ 3.45513165 -0.69078904  6.25892237]
Epoch 1881, t=2460388.5159611916:
  TLE_ECI: r=[ 2972.11684524  5266.48100201 -4794.74228337], v=[-5.1287187  -1.48645184 -4.80829437]
  RK45_ECI: r=[-4958.25747244 -5540.53840277  2146.03477903], v=[ 3.48327176 -0.65816175  6.24699905]
Epoch 1882, t=2460388.516036455:
  TLE_ECI: r=[ 2814.64127663  5221.18118487 -4937.09333182], v=[-5.20317792 -1.62518179 -4.68155219]
  RK45_ECI: r=[-4932.88675321 -5547.05958531  2186.61188016], v=[ 3.51125628 -0.6254824   6.23484741]
Epoch 1883, t=2460388.516111718:
  TLE_ECI: r=[ 2655.0171959   5171.66232758 -5075.58725765], v=[-5.27344359 -1.76270004 -4.55116599]
  RK45_ECI: r=[-4907.3316514  -5553.35603456  2227.10902372], v=[ 3.53908412 -0.59275235  6.22246785]
Epoch 1884, t=2460388.5161869815:
  TLE_ECI: r=[ 2493.37316951  5117.96146894 -5210.11627626], v=[-5.33946303 -1.89889579 -4.41723834]
  RK45_ECI: r=[-4881.59293851 -5559.42742008  2267.52529854], v=[ 3.56675458 -0.55997246  6.20986064]
Epoch 1885, t=2460388.516262245:
  TLE_ECI: r=[ 2329.83932059  5060.11899448 -5340.57572075], v=[-5.40118701 -2.03365921 -4.27987449]
  RK45_ECI: r=[-4855.67209045 -5565.27326854  2307.858657  ], v=[ 3.5942662  -0.52714455  6.19702637]
Epoch 1886, t=2460388.5163375083:
  TLE_ECI: r=[ 2164.54716178  4998.17863707 -5466.8641211 ], v=[-5.45856976 -2.16688165 -4.1391823 ]
  RK45_ECI: r=[-4829.57003115 -5570.89321808  2348.10800261], v=[ 3.62161815 -0.49426967  6.18396539]
Epoch 1887, t=2460388.516412772:
  TLE_ECI: r=[ 1997.62950466  4932.18743351 -5588.88328085], v=[-5.51156903 -2.29845568 -3.99527214]
  RK45_ECI: r=[-4803.2881306  -5576.28685175  2388.27148532], v=[ 3.64880912 -0.46134946  6.17067826]
Epoch 1888, t=2460388.5164880347:
  TLE_ECI: r=[ 1829.22036693  4862.19568173 -5706.53835118], v=[-5.56014609 -2.42827517 -3.84825679]
  RK45_ECI: r=[-4776.82756459 -5581.45378202  2428.34763717], v=[ 3.67583806 -0.4283853   6.15716545]
Epoch 1889, t=2460388.516563298:
  TLE_ECI: r=[ 1659.45480706  4788.25692291 -5819.73790197], v=[-5.60426576 -2.55623543 -3.69825139]
  RK45_ECI: r=[-4750.18912761 -5586.39370928  2468.33555558], v=[ 3.70270429 -0.39537808  6.14342723]
Epoch 1890, t=2460388.5166385616:
  TLE_ECI: r=[ 1488.46890259  4710.427865   -5928.39399056], v=[-5.64389644 -2.6822332  -3.54537329]
  RK45_ECI: r=[-4723.37434339 -5591.10622251  2508.23321374], v=[ 3.7294064  -0.36232961  6.12946428]
Epoch 1891, t=2460388.516713825:
  TLE_ECI: r=[ 1316.39958332  4628.76836096 -6032.42222731], v=[-5.6790101  -2.80616677 -3.38974199]
  RK45_ECI: r=[-4696.38416279 -5595.59099671  2548.03952619], v=[ 3.7559436  -0.32924098  6.11527693]
Epoch 1892, t=2460388.516789088:
  TLE_ECI: r=[ 1143.38455009  4543.34135206 -6131.74183855], v=[-5.70958233 -2.92793605 -3.23147903]
  RK45_ECI: r=[-4669.22013064 -5599.84764929  2587.75247627], v=[ 3.7823145  -0.296114    6.10086591]
Epoch 1893, t=2460388.5168643515:
  TLE_ECI: r=[  969.5621117   4454.21283233 -6226.27572648], v=[-5.73559229 -3.04744272 -3.07070793]
  RK45_ECI: r=[-4641.88306171 -5603.87590851  2627.37117019], v=[ 3.80851846 -0.26294958  6.08623148]
Epoch 1894, t=2460388.516939615:
  TLE_ECI: r=[  795.07115552  4361.45177471 -6315.95052655], v=[-5.75702279 -3.16459018 -2.90755403]
  RK45_ECI: r=[-4614.37416796 -5607.67543788  2666.89415633], v=[ 3.83455446 -0.2297491   6.07137418]
Epoch 1895, t=2460388.5170148783:
  TLE_ECI: r=[  620.05098383  4265.1300919  -6400.69666153], v=[-5.77386024 -3.27928369 -2.74214448]
  RK45_ECI: r=[-4586.69488744 -5611.24591207  2706.31961673], v=[ 3.86042126 -0.19651425  6.05629466]
Epoch 1896, t=2460388.517090142:
  TLE_ECI: r=[  444.6412172   4165.32257602 -6480.44839294], v=[-5.7860947  -3.39143043 -2.57460803]
  RK45_ECI: r=[-4558.84619668 -5614.58704337  2745.64647792], v=[ 3.88611812 -0.1632461   6.04099329]
Epoch 1897, t=2460388.5171654047:
  TLE_ECI: r=[  268.98169638  4062.10683924 -6555.14386943], v=[-5.79371984 -3.50093957 -2.40507505]
  RK45_ECI: r=[-4530.82968591 -5617.69851234  2784.87274677], v=[ 3.91164369 -0.12994649  6.02547084]
Epoch 1898, t=2460388.517240668:
  TLE_ECI: r=[   93.21232427  3955.56325691 -6624.72517209], v=[-5.79673291 -3.60772239 -2.23367734]
  RK45_ECI: r=[-4502.64619066 -5620.58007911  2823.99753967], v=[ 3.93699736 -0.09661633  6.00972763]
Epoch 1899, t=2460388.5173159316:
  TLE_ECI: r=[  -82.52697121  3845.77489828 -6689.1383571 ], v=[-5.79513483 -3.71169222 -2.06054809]
  RK45_ECI: r=[-4474.29695606 -5623.23145512  2863.0194222 ], v=[ 3.96217816 -0.06325703  5.99376421]
Epoch 1900, t=2460388.517391195:
  TLE_ECI: r=[ -258.09639555  3732.82746665 -6748.33349507], v=[-5.78893011 -3.81276462 -1.88582172]
  RK45_ECI: r=[-4445.78346038 -5625.6523731   2901.93659863], v=[ 3.98718491 -0.02987027  5.97758129]
Epoch 1901, t=2460388.5174664585:
  TLE_ECI: r=[ -433.35638474  3616.80923133 -6802.26470752], v=[-5.77812684 -3.9108574  -1.70963385]
  RK45_ECI: r=[-4417.10670443 -5627.84258316  2940.74800856], v=[4.01201688e+00 3.54286456e-03 5.96117929e+00]
Epoch 1902, t=2460388.5175417215:
  TLE_ECI: r=[ -608.16770361  3497.81096077 -6850.89020039], v=[-5.76273672 -4.00589065 -1.53212116]
  RK45_ECI: r=[-4388.26832198 -5629.80182946  2979.45168429], v=[4.03667279 0.03698052 5.94455902]
Epoch 1903, t=2460388.517616985:
  TLE_ECI: r=[ -782.39159616  3375.92584567 -6894.17229434], v=[-5.74277499 -4.0977869  -1.35342128]
  RK45_ECI: r=[-4359.26916854 -5631.52990408  3018.04675331], v=[4.06115206 0.07044178 5.92772084]
Epoch 1904, t=2460388.5176922483:
  TLE_ECI: r=[ -955.88983054  3251.24943565 -6932.07745232], v=[-5.71826047 -4.18647104 -1.17367271]
  RK45_ECI: r=[-4330.11052052 -5633.02656707  3056.53179978], v=[4.08545376 0.10392523 5.91066534]
Epoch 1905, t=2460388.517767512:
  TLE_ECI: r=[-1128.5248488   3123.8795598  -6964.57630383], v=[-5.6892155  -4.27187048 -0.99301471]
  RK45_ECI: r=[-4300.79389468 -5634.29160956  3094.90505199], v=[4.10957674 0.13742918 5.89339328]
Epoch 1906, t=2460388.517842775:
  TLE_ECI: r=[-1300.15986279  2993.91625223 -6991.64366629], v=[-5.65566594 -4.35391516 -0.8115872 ]
  RK45_ECI: r=[-4271.32031526 -5635.32481954  3133.16546371], v=[4.13352034 0.17095254 5.87590513]
Epoch 1907, t=2460388.517918038:
  TLE_ECI: r=[-1470.65895211  2861.46167895 -7013.25856329], v=[-5.61764114 -4.4325376  -0.62953067]
  RK45_ECI: r=[-4241.69145722 -5636.12600541  3171.31109461], v=[4.15728332 0.20449346 5.85820175]
Epoch 1908, t=2460388.5179933016:
  TLE_ECI: r=[-1639.88720311  2726.62004241 -7029.40423978], v=[-5.57517388 -4.507673   -0.44698605]
  RK45_ECI: r=[-4211.90819522 -5636.69499131  3209.34108421], v=[4.18086512 0.23805099 5.84028352]
Epoch 1909, t=2460388.518068565:
  TLE_ECI: r=[-1807.71076187  2589.49752505 -7040.06817434], v=[-5.52830042 -4.57925921 -0.26409463]
  RK45_ECI: r=[-4181.97183548 -5637.03158612  3247.25403675], v=[4.20426486 0.27162375 5.8221511 ]
Epoch 1910, t=2460388.5181438285:
  TLE_ECI: r=[-1973.99697245  2450.20219181 -7045.2420882 ], v=[-5.4770604  -4.64723684 -0.08099795]
  RK45_ECI: r=[-4151.88393162 -5637.1356396   3285.04820632], v=[4.22748144 0.30521002 5.80380529]
Epoch 1911, t=2460388.5182190915:
  TLE_ECI: r=[-2138.61446391  2308.84391662 -7044.92195133], v=[-5.42149686 -4.71154926  0.10216228]
  RK45_ECI: r=[-4121.64567603 -5637.00697627  3322.72238548], v=[4.25051411 0.33880855 5.78524668]
Epoch 1912, t=2460388.518294355:
  TLE_ECI: r=[-2301.43327939  2165.53427317 -7039.1079854 ], v=[-5.36165613 -4.77214272  0.28524433]
  RK45_ECI: r=[-4091.25834466 -5636.64547416  3360.27519276], v=[4.27336201 0.37241797 5.76647593]
Epoch 1913, t=2460388.5183696183:
  TLE_ECI: r=[-2462.32493449  2020.38648473 -7027.80466373], v=[-5.29758788 -4.82896629  0.4681065 ]
  RK45_ECI: r=[-4060.72326888 -5636.05098434  3397.70525119], v=[4.29602429 0.40603685 5.74749372]
Epoch 1914, t=2460388.518444882:
  TLE_ECI: r=[-2621.1625451   1873.51531315 -7011.02070817], v=[-5.22934504 -4.88197198  0.65060726]
  RK45_ECI: r=[-4030.04163719 -5635.22336652  3435.01136302], v=[4.3185002  0.43966395 5.72830065]
Epoch 1915, t=2460388.518520145:
  TLE_ECI: r=[-2777.82091815  1725.03697594 -6988.76908284], v=[-5.15698377 -4.93111472  0.83260534]
  RK45_ECI: r=[-3999.21503828 -5634.16252936  3472.19180994], v=[4.34078871 0.47329758 5.7088976 ]
Epoch 1916, t=2460388.518595408:
  TLE_ECI: r=[-2932.17664381  1575.06906504 -6961.06698492], v=[-5.08056341 -4.97635244  1.01395981]
  RK45_ECI: r=[-3968.24468897 -5632.86834131  3509.24540386], v=[4.36288908 0.50693645 5.68928517]
Epoch 1917, t=2460388.5186706716:
  TLE_ECI: r=[-3084.10820984  1423.73042199 -6927.93583228], v=[-5.00014642 -5.01764613  1.19453022]
  RK45_ECI: r=[-3937.13189295 -5631.34072813  3546.17078578], v=[4.38480049 0.5405792  5.66946408]
Epoch 1918, t=2460388.518745935:
  TLE_ECI: r=[-3233.4960667   1271.1410958  -6889.40124817], v=[-4.91579836 -5.05495978  1.37417668]
  RK45_ECI: r=[-3905.87787428 -5629.57957266  3582.96677389], v=[4.40652224 0.57422455 5.64943496]
Epoch 1919, t=2460388.5188211985:
  TLE_ECI: r=[-3380.22273979  1117.42221715 -6845.4930427 ], v=[-4.82758785 -5.08826048  1.55275996]
  RK45_ECI: r=[-3874.48424869 -5627.58483081  3619.6316732 ], v=[4.4280533  0.60787081 5.62919872]
Epoch 1920, t=2460388.518896462:
  TLE_ECI: r=[-3524.17291556   962.69591247 -6796.24519144], v=[-4.73558649 -5.11751845  1.7301416 ]
  RK45_ECI: r=[-3842.95223523 -5625.35641757  3656.16431195], v=[4.44939298 0.64151672 5.608756  ]
Epoch 1921, t=2460388.518971725:
  TLE_ECI: r=[-3665.23352865   807.08521944 -6741.69581082], v=[-4.63986885 -5.14270704  1.90618401]
  RK45_ECI: r=[-3811.28320803 -5622.89426332  3692.56335019], v=[4.47054049 0.67516086 5.58810756]
Epoch 1922, t=2460388.5190469883:
  TLE_ECI: r=[-3803.2938596    650.71394925 -6681.88713057], v=[-4.54051232 -5.16380278  2.08075057]
  RK45_ECI: r=[-3779.47849737 -5620.19834167  3728.82745276], v=[4.49149503 0.70880184 5.56725414]
Epoch 1923, t=2460388.519122252:
  TLE_ECI: r=[-3938.24560547   493.70665275 -6616.86546315], v=[-4.4375972  -5.18078538  2.25370573]
  RK45_ECI: r=[-3747.53935021 -5617.26857966  3764.95545875], v=[4.51225593 0.7424384  5.54619641]
Epoch 1924, t=2460388.519197515:
  TLE_ECI: r=[-4069.98297504   336.18848159 -6546.68117008], v=[-4.33120651 -5.19363778  2.42491511]
  RK45_ECI: r=[-3715.4674145  -5614.10499245  3800.94570381], v=[4.53282221 0.77606883 5.52493532]
Epoch 1925, t=2460388.5192727786:
  TLE_ECI: r=[-4198.40276858   178.28510079 -6471.38862533], v=[-4.22142601 -5.20234613  2.5942456 ]
  RK45_ECI: r=[-3683.26393148 -5610.70753902  3836.7970376 ], v=[4.55319322 0.80969186 5.50347156]
Epoch 1926, t=2460388.5193480416:
  TLE_ECI: r=[-4323.4044584     20.12260266 -6391.0461756 ], v=[-4.10834411 -5.20689985  2.76156546]
  RK45_ECI: r=[-3650.93030078 -5607.0761991   3872.50814504], v=[4.5733682  0.84330608 5.48180591]
Epoch 1927, t=2460388.519423305:
  TLE_ECI: r=[-4444.89026836  -138.17264228 -6305.71609776], v=[-3.99205178 -5.20729162  2.92674443]
  RK45_ECI: r=[-3618.46787763 -5603.21099456  3908.07771602], v=[4.59334639 0.87691009 5.45993915]
Epoch 1928, t=2460388.5194985685:
  TLE_ECI: r=[-4562.76524874  -296.47401023 -6215.46455312], v=[-3.87264253 -5.20351741  3.08965382]
  RK45_ECI: r=[-3585.87793064 -5599.11189691  3943.50461165], v=[4.61312714 0.91050261 5.43787198]
Epoch 1929, t=2460388.519573832:
  TLE_ECI: r=[-4676.93735262  -454.65477336 -6120.36153892], v=[-3.75021232 -5.19557647  3.25016659]
  RK45_ECI: r=[-3553.16213853 -5594.77898071  3978.78719967], v=[4.63270955 0.94408195 5.41560542]
Epoch 1930, t=2460388.519649095:
  TLE_ECI: r=[-4787.31750957  -612.58817381 -6020.48083672], v=[-3.6248595  -5.18347133  3.4081575 ]
  RK45_ECI: r=[-3520.32192193 -5590.21226855  4013.92418774], v=[4.65209288 0.97764666 5.39314027]
Epoch 1931, t=2460388.5197243583:
  TLE_ECI: r=[-4893.81968932  -770.14757984 -5915.89995798], v=[-3.4966847  -5.16720786  3.56350315]
  RK45_ECI: r=[-3487.35822933 -5585.41173142  4048.91478041], v=[4.67127669 1.0111958  5.37047702]
Epoch 1932, t=2460388.519799622:
  TLE_ECI: r=[-4996.36097919  -927.20650362 -5806.70008662], v=[-3.36579081 -5.14679523  3.71608211]
  RK45_ECI: r=[-3454.27291472 -5580.37749804  4083.75720016], v=[4.69026    1.04472751 5.34761684]
Epoch 1933, t=2460388.519874885:
  TLE_ECI: r=[-5094.86164402 -1083.63875684 -5692.96601878], v=[-3.23228287 -5.12224591  3.86577499]
  RK45_ECI: r=[-3421.06710872 -5575.10956518  4118.45049564], v=[4.70904229 1.07824064 5.32456033]
Epoch 1934, t=2460388.5199501486:
  TLE_ECI: r=[-5189.24519097 -1239.3185379  -5574.78609968], v=[-3.09626799 -5.09357568  4.01246459]
  RK45_ECI: r=[-3387.74251906 -5569.60806694  4152.99306819], v=[4.72762269 1.11173351 5.30130854]
Epoch 1935, t=2460388.5200254116:
  TLE_ECI: r=[-5279.43843447 -1394.12051734 -5452.25215768], v=[-2.9578553  -5.06080363  4.15603591]
  RK45_ECI: r=[-3354.30058901 -5563.87307585  4187.38365244], v=[4.74600052 1.14520466 5.27786232]
Epoch 1936, t=2460388.520100675:
  TLE_ECI: r=[-5365.3715388  -1547.92000012 -5325.45943548], v=[-2.8171558  -5.02395215  4.29637633]
  RK45_ECI: r=[-3320.74228091 -5557.90459612  4221.62146952], v=[4.76417537 1.17865314 5.2542222 ]
Epoch 1937, t=2460388.5201759385:
  TLE_ECI: r=[-5446.97809719 -1700.59293392 -5194.50651862], v=[-2.67428237 -4.98304694  4.43337562]
  RK45_ECI: r=[-3287.06947958 -5551.70282171  4255.7047798 ], v=[4.7821463  1.2120771  5.23038936]
Epoch 1938, t=2460388.520251202:
  TLE_ECI: r=[-5524.19517012 -1852.01607056 -5059.49526121], v=[-2.52934962 -4.93811693  4.56692611]
  RK45_ECI: r=[-3253.28333182 -5545.2677887   4289.63265239], v=[4.79991285 1.24547539 5.20636444]
Epoch 1939, t=2460388.5203264654:
  TLE_ECI: r=[-5596.96333955 -2002.06705055 -4920.53070894], v=[-2.38247381 -4.88919437  4.6969227 ]
  RK45_ECI: r=[-3219.38557242 -5538.59969103  4323.40352357], v=[4.81747418 1.2788463  5.18214853]
Epoch 1940, t=2460388.5204017283:
  TLE_ECI: r=[-5665.2267632  -2150.62448598 -4777.72101955], v=[-2.23377278 -4.83631472  4.82326303]
  RK45_ECI: r=[-3185.37766564 -5531.69865127  4357.01615606], v=[4.83482968 1.31218839 5.15774253]
Epoch 1941, t=2460388.520476992:
  TLE_ECI: r=[-5728.93319486 -2297.56812543 -4631.17738059], v=[-2.08336582 -4.77951669  4.94584748]
  RK45_ECI: r=[-3151.26058687 -5524.56470693  4390.46978821], v=[4.85197895 1.34550072 5.13314697]
Epoch 1942, t=2460388.520552255:
  TLE_ECI: r=[-5788.03406328 -2442.7788534  -4481.01392462], v=[-1.93137362 -4.7188422   5.06457933]
  RK45_ECI: r=[-3117.03624946 -5517.19811739  4423.76271981], v=[4.86892113 1.37878141 5.10836308]
Epoch 1943, t=2460388.5206275187:
  TLE_ECI: r=[-5842.48448764 -2586.13885357 -4327.34764203], v=[-1.77791815 -4.65433632  5.1793648 ]
  RK45_ECI: r=[-3082.70581517 -5509.59895819  4456.8940412 ], v=[4.88565578 1.41202933 5.08339153]
Epoch 1944, t=2460388.520702782:
  TLE_ECI: r=[-5892.24332002 -2727.53168917 -4170.29829123], v=[-1.62312258 -4.58604731  5.29011313]
  RK45_ECI: r=[-3048.27104392 -5501.76748311  4489.86222499], v=[4.90218214 1.44524276 5.05823345]
Epoch 1945, t=2460388.520778045:
  TLE_ECI: r=[-5937.27318732 -2866.84238151 -4009.98830665], v=[-1.46711119 -4.51402653  5.39673668]
  RK45_ECI: r=[-3013.73341938 -5493.70386483  4522.66606306], v=[4.91849961 1.47842027 5.03288977]
Epoch 1946, t=2460388.5208533085:
  TLE_ECI: r=[-5977.5404885  -3003.95757445 -3846.54270428], v=[-1.31000919 -4.43832843  5.49915098]
  RK45_ECI: r=[-2979.09392864 -5485.40817435  4555.30481161], v=[4.93460787 1.51156091 5.00736104]
Epoch 1947, t=2460388.520928572:
  TLE_ECI: r=[-6013.01547141 -3138.76552417 -3680.08898497], v=[-1.15194273 -4.35901052  5.59727486]
  RK45_ECI: r=[-2944.35451151 -5476.88073645  4587.77681138], v=[4.95050609 1.5446628  4.98164854]
Epoch 1948, t=2460388.5210038354:
  TLE_ECI: r=[-6043.67222478 -3271.15626109 -3510.75703555], v=[-0.99303874 -4.27613331  5.69103043]
  RK45_ECI: r=[-2909.51634333 -5468.12166617  4620.08117471], v=[4.96619389 1.57772481 4.95575296]
Epoch 1949, t=2460388.5210790983:
  TLE_ECI: r=[-6069.48871731 -3401.02164649 -3338.67902787], v=[-0.83342484 -4.18976029  5.78034323]
  RK45_ECI: r=[-2874.58137521 -5459.13131775  4652.21626151], v=[4.98167048 1.61074508 4.9296756 ]
Epoch 1950, t=2460388.521154362:
  TLE_ECI: r=[-6090.44677633 -3528.25553377 -3163.98931579], v=[-0.67322921 -4.09995786  5.86514227]
  RK45_ECI: r=[-2839.55060426 -5449.90979198  4684.18134513], v=[4.99693555 1.64372266 4.90341705]
Epoch 1951, t=2460388.521229625:
  TLE_ECI: r=[-6106.5321613  -3652.7537508  -2986.82433011], v=[-0.51258052 -4.00679531  5.94536008]
  RK45_ECI: r=[-2804.4255322  -5440.45731544  4715.97524906], v=[5.01198856 1.6766561  4.87697826]
Epoch 1952, t=2460388.5213048887:
  TLE_ECI: r=[-6117.73453709 -3774.41425759 -2807.32247175], v=[-0.35160782 -3.91034473  6.02093279]
  RK45_ECI: r=[-2769.20795528 -5430.77423735  4747.5965069 ], v=[5.02682887 1.70954371 4.85036042]
Epoch 1953, t=2460388.521380152:
  TLE_ECI: r=[-6124.04749133 -3893.13721539 -2625.62400305], v=[-0.19044039 -3.810681    6.09180016]
  RK45_ECI: r=[-2733.89906061 -5420.86071241  4779.04425382], v=[5.04145609 1.74238437 4.82356426]
Epoch 1954, t=2460388.521455415:
  TLE_ECI: r=[-6125.46855193 -4008.82505177 -2441.8709374 ], v=[-0.0292077 -3.7078817  6.1579057]
  RK45_ECI: r=[-2698.50082258 -5410.71715998  4810.31689287], v=[5.05586954 1.7751762  4.79659112]
Epoch 1955, t=2460388.5215306785:
  TLE_ECI: r=[-6121.99914192 -4121.38261526 -2256.20692736], v=[ 0.13196078 -3.60202706  6.21919664]
  RK45_ECI: r=[-2663.01424778 -5400.34371424  4841.41371656], v=[5.07006891 1.80791827 4.7694416 ]
Epoch 1956, t=2460388.521605942:
  TLE_ECI: r=[-6113.64464762 -4230.71714795 -2068.77715095], v=[ 0.29293561 -3.4931999   6.27562403]
  RK45_ECI: r=[-2627.44085375 -5389.74065177  4872.33357979], v=[5.08405375 1.84060914 4.7421167 ]
Epoch 1957, t=2460388.5216812054:
  TLE_ECI: r=[-6100.41436788 -4336.73843587 -1879.72819692], v=[ 0.45358753 -3.38148558  6.32714279]
  RK45_ECI: r=[-2591.78245624 -5378.90838135  4903.07505607], v=[5.09782343 1.87324713 4.71461765]
Epoch 1958, t=2460388.521756469:
  TLE_ECI: r=[-6082.32151738 -4439.35886757 -1689.2079484 ], v=[ 0.61378757 -3.26697188  6.3737117 ]
  RK45_ECI: r=[-2556.04025326 -5367.84709699  4933.63730426], v=[5.11137765 1.90583111 4.6869452 ]
Epoch 1959, t=2460388.521831732:
  TLE_ECI: r=[-6059.38322858 -4538.49349081 -1497.36546547], v=[ 0.77340714 -3.149749    6.4152935 ]
  RK45_ECI: r=[-2520.21623999 -5356.5572829   4964.0187721 ], v=[5.12471577 1.93835924 4.65910075]
Epoch 1960, t=2460388.521906995:
  TLE_ECI: r=[-6031.62048406 -4634.0601559  -1304.3508667 ], v=[ 0.93231819 -3.02990942  6.4518549 ]
  RK45_ECI: r=[-2484.3114313  -5345.03910655  4994.21877197], v=[5.13783752 1.97083057 4.63108492]
Epoch 1961, t=2460388.5219822587:
  TLE_ECI: r=[-5999.05817734 -4725.97947922 -1110.31520941], v=[ 1.09039324 -2.90754789  6.4833666 ]
  RK45_ECI: r=[-2448.32735849 -5333.29289431  5024.23619135], v=[5.1507425  2.0032437  4.60289874]
Epoch 1962, t=2460388.522057522:
  TLE_ECI: r=[-5961.72503949 -4814.17498172  -915.41036933], v=[ 1.24750553 -2.78276128  6.50980334]
  RK45_ECI: r=[-2412.26585514 -5321.31911403  5054.06964509], v=[5.16343014 2.03559693 4.57454349]
Epoch 1963, t=2460388.5221327855:
  TLE_ECI: r=[-5919.65362721 -4898.57313695  -719.78891934], v=[ 1.40352917 -2.65564858  6.53114391]
  RK45_ECI: r=[-2376.12812844 -5309.11799888  5083.71831663], v=[5.17590019 2.06788917 4.54601994]
Epoch 1964, t=2460388.5222080485:
  TLE_ECI: r=[-5872.88030973 -4979.10341641  -523.60400754], v=[ 1.55833916 -2.52631073  6.54737115]
  RK45_ECI: r=[-2339.91619227 -5296.69009746  5113.18069993], v=[5.18815204 2.10011858 4.51732954]
Epoch 1965, t=2460388.522283312:
  TLE_ECI: r=[-5821.44517929 -5055.69841925  -327.0092349 ], v=[ 1.71181157 -2.39485061  6.55847203]
  RK45_ECI: r=[-2303.63106835 -5284.03561035  5142.45612807], v=[5.2001855  2.13228423 4.48847295]
Epoch 1966, t=2460388.5223585754:
  TLE_ECI: r=[-5765.39210407 -5128.29382585  -130.1585322 ], v=[ 1.86382362 -2.26137291  6.5644376 ]
  RK45_ECI: r=[-2267.27430044 -5271.15491319  5171.54352224], v=[5.21200017 2.16438472 4.45945121]
Epoch 1967, t=2460388.522433839:
  TLE_ECI: r=[-5704.76863246 -5196.82852285    66.79396305], v=[ 2.01425376 -2.12598407  6.56526302]
  RK45_ECI: r=[-2230.84773758 -5258.04853257  5200.44154007], v=[5.22359558 2.19641838 4.43026566]
Epoch 1968, t=2460388.522509102:
  TLE_ECI: r=[-5639.6259825  -5261.24462124   263.69403013], v=[ 2.16298182 -1.98879216  6.56094757]
  RK45_ECI: r=[-2194.35277006 -5244.71680202  5229.14925623], v=[5.23497143 2.22838396 4.40091724]
Epoch 1969, t=2460388.522584365:
  TLE_ECI: r=[-5570.01893641 -5321.48757268   460.38748841], v=[ 2.3098891  -1.84990682  6.55149465]
  RK45_ECI: r=[-2157.7909028  -5231.1601494   5257.66561526], v=[5.24612735 2.26028011 4.37140702]
Epoch 1970, t=2460388.5226596287:
  TLE_ECI: r=[-5496.00588566 -5377.50611649   656.7203211 ], v=[ 2.45485843 -1.70943912  6.53691177]
  RK45_ECI: r=[-2121.163689   -5217.37899258  5285.98956891], v=[5.257063   2.29210545 4.3417361 ]
Epoch 1971, t=2460388.522734892:
  TLE_ECI: r=[-5417.64871998 -5429.25239047   852.53879837], v=[ 2.59777432 -1.56750153  6.51721055]
  RK45_ECI: r=[-2084.47250768 -5203.37369476  5314.1202075 ], v=[5.26777811 2.32385875 4.31190542]
Epoch 1972, t=2460388.5228101555:
  TLE_ECI: r=[-5335.01278962 -5476.68195533  1047.68960045], v=[ 2.73852303 -1.42420777  6.49240671]
  RK45_ECI: r=[-2047.71922177 -5189.14484054  5342.05623284], v=[5.27827223 2.35553835 4.28191637]
Epoch 1973, t=2460388.5228854185:
  TLE_ECI: r=[-5248.16686581 -5519.75381753  1242.01994038], v=[ 2.87699269 -1.27967275  6.46252003]
  RK45_ECI: r=[-2010.90522964 -5174.69280741  5369.7967505 ], v=[5.28854511 2.38714301 4.25176991]
Epoch 1974, t=2460388.522960682:
  TLE_ECI: r=[-5157.18301741 -5558.43052635  1435.37768595], v=[ 3.01307335 -1.13401241  6.42757438]
  RK45_ECI: r=[-1974.03204642 -5160.01807028  5397.34074068], v=[5.29859643 2.41867142 4.22146715]
Epoch 1975, t=2460388.5230359454:
  TLE_ECI: r=[-5062.13664591 -5592.67811336  1627.61148154], v=[ 3.14665713 -0.98734371  6.38759766]
  RK45_ECI: r=[-1937.10107233 -5145.12102097  5424.6873188 ], v=[5.30842593 2.45012231 4.19100906]
Epoch 1976, t=2460388.523111209:
  TLE_ECI: r=[-4963.10635757 -5622.46618328  1818.57086874], v=[ 3.27763827 -0.83978446  6.34262178]
  RK45_ECI: r=[-1900.11418027 -5130.00229008  5451.83522295], v=[5.31803323 2.48149407 4.16039706]
Epoch 1977, t=2460388.5231864722:
  TLE_ECI: r=[-4860.17391168 -5647.7679254   2008.10640643], v=[ 3.4059132  -0.69145325  6.29268264]
  RK45_ECI: r=[-1863.07275897 -5114.66229552  5478.78358405], v=[5.32741809 2.51278548 4.12963213]
Epoch 1978, t=2460388.523261735:
  TLE_ECI: r=[-4753.42416838 -5668.5601222   2196.06978977], v=[ 3.53138069 -0.54246935  6.23782008]
  RK45_ECI: r=[-1825.97837563 -5099.10153307  5505.53141165], v=[5.33658024 2.54399517 4.09871541]
Epoch 1979, t=2460388.5233369987:
  TLE_ECI: r=[-4642.94494969 -5684.82322592  2382.31396806], v=[ 3.65394188 -0.39295258  6.17807787]
  RK45_ECI: r=[-1788.83255388 -5083.32052441  5532.07772254], v=[5.34551939 2.57512182 4.06764803]
Epoch 1980, t=2460388.523412262:
  TLE_ECI: r=[-4528.82706535 -5696.54129034  2566.69326176], v=[ 3.77350037 -0.24302323  6.11350363]
  RK45_ECI: r=[-1751.63670076 -5067.31970463  5558.42166426], v=[5.35423535 2.6061642  4.03643101]
Epoch 1981, t=2460388.5234875255:
  TLE_ECI: r=[-4411.16416868 -5703.70204216  2749.06347783], v=[ 3.8899623  -0.09280199  6.04414884]
  RK45_ECI: r=[-1714.39269919 -5051.09976164  5584.56202129], v=[5.36272776 2.6371207  4.00506577]
Epoch 1982, t=2460388.5235627885:
  TLE_ECI: r=[-4290.05271159 -5706.29686428  2929.282024  ], v=[4.00323644 0.05759023 5.97006874]
  RK45_ECI: r=[-1677.10212274 -5034.6612325   5610.49783583], v=[5.37099639 2.66798996 3.97355349]
Epoch 1983, t=2460388.523638052:
  TLE_ECI: r=[-4165.59179598 -5704.32085448  3107.20802122], v=[4.11323423 0.20803235 5.89132229]
  RK45_ECI: r=[-1639.76600936 -5018.00443161  5636.22851844], v=[5.37904113 2.69877107 3.94189488]
Epoch 1984, t=2460388.5237133154:
  TLE_ECI: r=[-4037.88319071 -5697.7727533   3282.70241506], v=[4.21986987 0.35840322 5.80797215]
  RK45_ECI: r=[-1602.38642607 -5001.13015625  5661.75275976], v=[5.38686163 2.72946229 3.91009155]
Epoch 1985, t=2460388.523788579:
  TLE_ECI: r=[-3907.03117922 -5686.65499696  3455.62808493], v=[4.32306041 0.50858172 5.72008459]
  RK45_ECI: r=[-1564.964606   -4984.03880829  5687.06986143], v=[5.39445775 2.76006253 3.87814437]
Epoch 1986, t=2460388.5238638422:
  TLE_ECI: r=[-3773.14248888 -5670.97370279  3625.84995184], v=[4.42272576 0.65844691 5.62772943]
  RK45_ECI: r=[-1527.50244092 -4966.7311322   5712.17865539], v=[5.40182921 2.79057021 3.84605482]
Epoch 1987, t=2460388.523939105:
  TLE_ECI: r=[-3636.32621822 -5650.73865386  3793.23508422], v=[4.51878879 0.80787804 5.53098   ]
  RK45_ECI: r=[-1490.00150983 -4949.20771267  5737.07822194], v=[5.40897581 2.82098398 3.81382408]
Epoch 1988, t=2460388.5240143687:
  TLE_ECI: r=[-3496.6936796  -5625.96333441  3957.6528017 ], v=[4.61117536 0.95675478 5.42991305]
  RK45_ECI: r=[-1452.46285321 -4931.46889608  5761.76799516], v=[5.41589747 2.85130294 3.78145289]
Epoch 1989, t=2460388.524089632:
  TLE_ECI: r=[-3354.35840606 -5596.66485372  4118.97477722], v=[4.6998144  1.10495718 5.3246087 ]
  RK45_ECI: r=[-1414.88854656 -4913.51554124  5786.24671867], v=[5.4225939  2.88152535 3.74894289]
Epoch 1990, t=2460388.5241648955:
  TLE_ECI: r=[-3209.43599061 -5562.86397631  4277.07513666], v=[4.78463797 1.25236586 5.21515035]
  RK45_ECI: r=[-1377.27982563 -4895.34808763  5810.51372273], v=[5.42906501 2.91165015 3.71629497]
Epoch 1991, t=2460388.524240159:
  TLE_ECI: r=[-3062.04400703 -5524.58509408  4431.83055652], v=[4.86558125 1.39886208 5.10162462]
  RK45_ECI: r=[-1339.63858895 -4876.96733577  5834.56788781], v=[5.43531056 2.94167577 3.68351063]
Epoch 1992, t=2460388.524315422:
  TLE_ECI: r=[-2912.30192881 -5481.85619801  4583.12035937], v=[4.94258266 1.54432779 4.98412129]
  RK45_ECI: r=[-1301.9664194  -4858.3739176   5858.40833301], v=[5.44133041 2.97160087 3.65059108]
Epoch 1993, t=2460388.5243906854:
  TLE_ECI: r=[-2760.33096606 -5434.70889031  4730.82660676], v=[5.01558383 1.68864587 4.86273318]
  RK45_ECI: r=[-1264.26435883 -4839.56821126  5882.03451641], v=[5.44712451 3.00142456 3.61753706]
Epoch 1994, t=2460388.524465949:
  TLE_ECI: r=[-2606.25406301 -5383.17830601  4874.83419022], v=[5.08452973 1.83170003 4.73755611]
  RK45_ECI: r=[-1226.5344891  -4820.55113643  5905.44523561], v=[5.45269263 3.03114513 3.58435026]
Epoch 1995, t=2460388.5245412122:
  TLE_ECI: r=[-2450.19573219 -5327.30312027  5015.03091935], v=[5.1493686  1.97337505 4.6086888 ]
  RK45_ECI: r=[-1188.77804734 -4801.3231699   5928.63985009], v=[5.45803471 3.06076152 3.55103157]
Epoch 1996, t=2460388.5246164757:
  TLE_ECI: r=[-2292.28196875 -5267.12550826  5151.3076077 ], v=[5.21005205 2.11355679 4.47623277]
  RK45_ECI: r=[-1150.99693665 -4781.88516769  5951.61728969], v=[5.46315059 3.09027217 3.51758254]
Epoch 1997, t=2460388.5246917387:
  TLE_ECI: r=[-2132.64016338 -5202.69110468  5283.5581561 ], v=[5.26653511 2.25213232 4.34029231]
  RK45_ECI: r=[-1113.19274218 -4762.23780849  5974.37671309], v=[5.46804017 3.11967578 3.48400438]
Epoch 1998, t=2460388.524767002:
  TLE_ECI: r=[-1971.39893685 -5134.0489929   5411.67963314], v=[5.31877617 2.38899003 4.20097431]
  RK45_ECI: r=[-1075.3665061  -4742.38150194  5996.91760274], v=[5.47270343 3.14897145 3.45029785]
Epoch 1999, t=2460388.5248422655:
  TLE_ECI: r=[-1808.68812825 -5061.25162631  5535.57235347], v=[5.36673709 2.52401964 4.05838826]
  RK45_ECI: r=[-1037.52031419 -4722.31722791  6019.23881127], v=[5.47714021 3.1781575  3.41646467]
Epoch 2000, t=2460388.524917529:
  TLE_ECI: r=[-1644.63862805 -4984.35481291  5655.13995301], v=[5.41038318 2.65711236 3.91264609]
  RK45_ECI: r=[ -999.65540356 -4702.04550014  6041.33972783], v=[5.4813505  3.20723288 3.38250575]
Epoch 2001, t=2460388.524992792:
  TLE_ECI: r=[-1479.3823026  -4903.41765947  5770.28946161], v=[5.44968323 2.78816091 3.76386211]
  RK45_ECI: r=[ -961.77386119 -4681.56732532  6063.21923044], v=[5.48533416 3.23619593 3.34842281]
Epoch 2002, t=2460388.5250680554:
  TLE_ECI: r=[-1313.05182981 -4818.50254251  5880.93137286], v=[5.48460952 2.9170597  3.61215291]
  RK45_ECI: r=[ -923.87672904 -4660.88314073  6084.87682446], v=[5.48909122 3.26504575 3.31421663]
Epoch 2003, t=2460388.525143319:
  TLE_ECI: r=[-1145.78068011 -4729.67503076  5986.97971131], v=[5.51513783 3.04370479 3.45763729]
  RK45_ECI: r=[ -885.96559189 -4639.99367485  6106.31171069], v=[5.49262163 3.29378106 3.27988844]
Epoch 2004, t=2460388.5252185822:
  TLE_ECI: r=[ -977.70295101 -4637.00385213  6088.35209659], v=[5.54124746 3.16799406 3.30043613]
  RK45_ECI: r=[ -848.04235602 -4618.89987103  6127.5228999 ], v=[5.49592532 3.32240034 3.24543984]
Epoch 2005, t=2460388.5252938457:
  TLE_ECI: r=[ -808.9532749  -4540.56083424  6184.96980482], v=[5.56292125 3.28982724 3.14067229]
  RK45_ECI: r=[ -810.1082571  -4597.60227952  6148.50981143], v=[5.49900232 3.35090255 3.21087175]
Epoch 2006, t=2460388.5253691087:
  TLE_ECI: r=[ -639.66672475 -4440.42084576  6276.75782719], v=[5.58014556 3.40910599 2.97847055]
  RK45_ECI: r=[ -772.16538273 -4576.10196599  6169.27137976], v=[5.50185256 3.37928606 3.17618592]
Epoch 2007, t=2460388.525444372:
  TLE_ECI: r=[ -469.97865428 -4336.66174538  6363.64492534], v=[5.59291024 3.52573402 2.81395751]
  RK45_ECI: r=[ -734.2147728  -4554.39939854  6189.80713542], v=[5.5044761  3.40755    3.14138314]
Epoch 2008, t=2460388.5255196355:
  TLE_ECI: r=[ -300.02467002 -4229.36430746  6445.56368425], v=[5.60120872 3.63961709 2.64726145]
  RK45_ECI: r=[ -696.25801058 -4532.49535121  6210.11632018], v=[5.50687295 3.43569308 3.10646468]
Epoch 2009, t=2460388.525594899:
  TLE_ECI: r=[ -129.94047081 -4118.61216764  6522.45056182], v=[5.60503794 3.75066314 2.47851226]
  RK45_ECI: r=[ -658.29700153 -4510.39082082  6230.19799654], v=[5.50904311 3.46371383 3.07143215]
Epoch 2010, t=2460388.5256701624:
  TLE_ECI: r=[   40.13824588 -4004.49175475  6594.24593558], v=[5.60439835 3.85878232 2.30784135]
  RK45_ECI: r=[ -620.33297829 -4488.0863937   6250.05161455], v=[5.51098663 3.49161123 3.03628648]
Epoch 2011, t=2460388.5257454254:
  TLE_ECI: r=[  210.0758793  -3887.0922236   6660.89414649], v=[5.59929395 3.96388705 2.13538153]
  RK45_ECI: r=[ -582.3680267  -4465.58319345  6269.6761661 ], v=[5.51270354 3.51938366 3.00102948]
Epoch 2012, t=2460388.525820689:
  TLE_ECI: r=[  379.73707781 -3766.50538347  6722.34353955], v=[5.58973219 4.06589218 1.96126692]
  RK45_ECI: r=[ -544.40318356 -4442.8817185   6289.07120737], v=[5.51419391 3.54703028 2.96566193]
Epoch 2013, t=2460388.5258959522:
  TLE_ECI: r=[  548.9867759  -3642.82562826  6778.54650171], v=[5.57572404 4.1647149  1.78563285]
  RK45_ECI: r=[ -506.44002849 -4419.98278775  6308.23602178], v=[5.51545782 3.57454984 2.93018513]
Epoch 2014, t=2460388.5259712157:
  TLE_ECI: r=[  717.69034619 -3516.14986205  6829.45949637], v=[5.55728394 4.2602749  1.60861575]
  RK45_ECI: r=[ -468.48046399 -4396.88745054  6327.16972449], v=[5.51649532 3.60194087 2.8946007 ]
Epoch 2015, t=2460388.526046479:
  TLE_ECI: r=[  885.71369304 -3386.57742372  6875.04309518], v=[5.5344298  4.35249444 1.43035306]
  RK45_ECI: r=[ -430.52571833 -4373.5963286   6345.87179678], v=[5.51730652 3.62920238 2.85890963]
Epoch 2016, t=2460388.526121742:
  TLE_ECI: r=[ 1052.92334757 -3254.21001266  6915.26200657], v=[5.50718296 4.44129833 1.25098312]
  RK45_ECI: r=[ -392.57787328 -4350.11060236  6364.341289  ], v=[5.51789149 3.6563328  2.82311372]
Epoch 2017, t=2460388.5261970055:
  TLE_ECI: r=[ 1219.18661017 -3119.15159802  6950.08510125], v=[5.47556816 4.52661408 1.07064506]
  RK45_ECI: r=[ -354.637961   -4326.43080009  6382.57778338], v=[5.51825036 3.6833313  2.78721378]
Epoch 2018, t=2460388.526272269:
  TLE_ECI: r=[ 1384.37159531 -2981.50835483  6979.48543489], v=[5.43961355 4.60837187 0.88947873]
  RK45_ECI: r=[ -316.70755599 -4302.55778459  6400.58060581], v=[5.51838324 3.71019666 2.75121113]
Epoch 2019, t=2460388.5263475324:
  TLE_ECI: r=[ 1548.34737331 -2841.38857084  7003.44026737], v=[5.39935067 4.68650464 0.70762457]
  RK45_ECI: r=[ -278.78855556 -4278.49265666  6418.34892496], v=[5.51829026 3.73692744 2.71510742]
Epoch 2020, t=2460388.5264227954:
  TLE_ECI: r=[ 1710.98405407 -2698.90257021  7021.93107928], v=[5.35481437 4.76094814 0.52522351]
  RK45_ECI: r=[ -240.88236303 -4254.23618682  6435.88217227], v=[5.51797156 3.76352255 2.67890383]
Epoch 2021, t=2460388.526498059:
  TLE_ECI: r=[ 1872.15292001 -2554.16260849  7034.94358509], v=[5.3060428  4.83164102 0.34241686]
  RK45_ECI: r=[ -202.99051119 -4229.78926883  6453.17970264], v=[5.51742727 3.78998084 2.64260168]
Epoch 2022, t=2460388.5265733222:
  TLE_ECI: r=[ 2031.72647677 -2407.28281426  7042.4677435 ], v=[5.25307741 4.89852476 0.15934626]
  RK45_ECI: r=[ -165.11456914 -4205.15280239  6470.24087977], v=[5.51665756 3.81630111 2.60620231]
Epoch 2023, t=2460388.5266485857:
  TLE_ECI: r=[ 2189.57858508 -2258.37908217  7044.4977645 ], v=[ 5.1959629   4.96154383 -0.02384652]
  RK45_ECI: r=[ -127.25592356 -4180.32757922  6487.06515443], v=[5.51566259 3.8424823  2.56970689]
Epoch 2024, t=2460388.526723849:
  TLE_ECI: r=[ 2345.58454988 -2107.56898784  7041.03211349], v=[ 5.13474717  5.02064568 -0.20701957]
  RK45_ECI: r=[  -89.41646467 -4155.31475037  6503.65174977], v=[5.51444252 3.86852301 2.53311711]
Epoch 2025, t=2460388.526799112:
  TLE_ECI: r=[ 2499.6212112  -1954.97170394  7032.07351225], v=[ 5.06948129  5.07578078 -0.39003104]
  RK45_ECI: r=[  -51.59758795 -4130.11512483  6520.00013521], v=[5.51299757 3.89442219 2.49643413]
Epoch 2026, t=2460388.5268743755:
  TLE_ECI: r=[ 2651.56706251 -1800.70787968  7017.62893682], v=[ 5.00021944  5.1269027  -0.57273917]
  RK45_ECI: r=[  -13.80081953 -4104.729637    6536.10970935], v=[5.51132789 3.9201787  2.45965933]
Epoch 2027, t=2460388.526949639:
  TLE_ECI: r=[ 2801.30230928 -1644.89958923  6997.70961246], v=[ 4.92701891  5.17396809 -0.75500245]
  RK45_ECI: r=[   23.97227993 -4079.15922874  6551.97987969], v=[5.50943369 3.94579138 2.42279406]
Epoch 2028, t=2460388.5270249024:
  TLE_ECI: r=[ 2948.70898571 -1487.67020968  6972.33100527], v=[ 4.84994005  5.21693674 -0.93667968]
  RK45_ECI: r=[   61.72033179 -4053.40472921  6567.61013534], v=[5.50731518 3.97125919 2.3858395 ]
Epoch 2029, t=2460388.527100166:
  TLE_ECI: r=[ 3093.67103983 -1329.14433216  6941.51281101], v=[ 4.76904618  5.25577162 -1.11763009]
  RK45_ECI: r=[   99.44145492 -4027.4673385   6582.99975476], v=[5.50497258 3.99658078 2.34879737]
Epoch 2030, t=2460388.527175429:
  TLE_ECI: r=[ 3236.07441988 -1169.44767478  6905.27894065], v=[ 4.68440359  5.2904389  -1.29771344]
  RK45_ECI: r=[  137.13426255 -4001.34790319  6598.14824596], v=[5.50240613 4.02175511 2.31166887]
Epoch 2031, t=2460388.5272506922:
  TLE_ECI: r=[ 3375.80717693 -1008.70694736  6863.65750295], v=[ 4.59608145  5.32090803 -1.47679012]
  RK45_ECI: r=[  174.79723718 -3975.04739735  6613.05505191], v=[5.49961602 4.04678107 2.27445537]
Epoch 2032, t=2460388.5273259557:
  TLE_ECI: r=[3512.75952952 -847.0498086  6816.68078399], v=[ 4.5041518   5.34715166 -1.65472126]
  RK45_ECI: r=[  212.42899567 -3948.56667973  6627.71969281], v=[5.49660251 4.07165765 2.23715807]
Epoch 2033, t=2460388.527401219:
  TLE_ECI: r=[3646.82396396 -684.60473023 6764.38522356], v=[ 4.40868948  5.36914576 -1.83136882]
  RK45_ECI: r=[  250.02766537 -3921.90698881  6642.14149189], v=[5.49336586 4.09638351 2.19977869]
Epoch 2034, t=2460388.5274764826:
  TLE_ECI: r=[3777.89531391 -521.50090589 6706.81138863], v=[ 4.30977205  5.3868696  -2.00659571]
  RK45_ECI: r=[  287.59187917 -3895.0691998   6656.31998842], v=[5.48990632 4.12095765 2.16231845]
Epoch 2035, t=2460388.5275517455:
  TLE_ECI: r=[3905.87084103 -357.86816173 6644.00394362], v=[ 4.20747981  5.40030579 -2.18026586]
  RK45_ECI: r=[  325.12009296 -3868.05432022  6670.25466131], v=[5.48622416 4.14537895 2.12477874]
Epoch 2036, t=2460388.527627009:
  TLE_ECI: r=[4030.65031962 -193.83680977 6576.01161778], v=[ 4.10189559  5.4094403  -2.35224437]
  RK45_ECI: r=[  362.61079897 -3840.8633629   6683.94499837], v=[5.48231964 4.16964634 2.08716093]
Epoch 2037, t=2460388.5277022724:
  TLE_ECI: r=[4152.13610698  -29.53761316 6502.88716947], v=[ 3.99310487  5.41426246 -2.52239753]
  RK45_ECI: r=[  400.06262469 -3813.497223    6697.39055911], v=[5.47819303 4.19375882 2.04946625]
Epoch 2038, t=2460388.527777536:
  TLE_ECI: r=[4270.23322516  134.89836077 6424.68734743], v=[ 3.8811956   5.41476497 -2.69059303]
  RK45_ECI: r=[  437.47370969 -3785.95718596  6710.59072324], v=[5.47384465 4.21771508 2.01169644]
Epoch 2039, t=2460388.527852799:
  TLE_ECI: r=[4384.8494346   299.3398198  6341.47284907], v=[ 3.76625817  5.41094393 -2.85669995]
  RK45_ECI: r=[  474.84251992 -3758.24429326  6723.54500931], v=[5.4692748  4.24151405 1.9738529 ]
Epoch 2040, t=2460388.5279280622:
  TLE_ECI: r=[4495.89530327  463.65540078 6253.30827578], v=[ 3.64838533  5.40279889 -3.02058894]
  RK45_ECI: r=[  512.16805708 -3730.3591997   6736.25312207], v=[5.46448374 4.26515497 1.93593649]
Epoch 2041, t=2460388.5280033257:
  TLE_ECI: r=[4603.28428058  627.71369768 6160.26208521], v=[ 3.52767215  5.39033274 -3.18213228]
  RK45_ECI: r=[  549.44829081 -3702.30334825  6748.71441406], v=[5.45947183 4.28863645 1.89794915]
Epoch 2042, t=2460388.528078589:
  TLE_ECI: r=[4706.93276331  791.38341564 6062.40654068], v=[ 3.40421591  5.37355185 -3.34120399]
  RK45_ECI: r=[  586.68203855 -3674.07753895  6760.92854459], v=[5.45423936 4.31195763 1.85989191]
Epoch 2043, t=2460388.5281538526:
  TLE_ECI: r=[4806.76016182  954.53346244 5959.81765759], v=[ 3.27811608  5.35246597 -3.49767992]
  RK45_ECI: r=[  623.86745391 -3645.68310295  6772.89495042], v=[5.44878669 4.33511725 1.82176655]
Epoch 2044, t=2460388.5282291155:
  TLE_ECI: r=[4902.68896683 1117.03303821 5852.57514693], v=[ 3.1494742   5.32708829 -3.65143785]
  RK45_ECI: r=[  661.00301607 -3617.12112059  6784.61319565], v=[5.44311419 4.35811424 1.78357447]
Epoch 2045, t=2460388.528304379:
  TLE_ECI: r=[4994.644798   1278.75179695 5740.76235597], v=[ 3.01839378  5.29743545 -3.80235759]
  RK45_ECI: r=[  698.08773687 -3588.39227302  6796.08301323], v=[5.43722212 4.38094788 1.74531653]
Epoch 2046, t=2460388.5283796424:
  TLE_ECI: r=[5082.55648107 1439.55986505 5624.46620591], v=[ 2.88498032  5.26352744 -3.95032107]
  RK45_ECI: r=[  735.11960219 -3559.4980524   6807.30381877], v=[5.4311109  4.40361681 1.70699469]
Epoch 2047, t=2460388.528454906:
  TLE_ECI: r=[5166.35609265 1599.32800186 5503.77712693], v=[ 2.74934115  5.22538772 -4.09521244]
  RK45_ECI: r=[  772.09744156 -3530.43928948  6818.27530568], v=[5.42478088 4.4261202  1.66861   ]
Epoch 2048, t=2460388.5285301693:
  TLE_ECI: r=[5245.97901691 1757.92768927 5378.7889902 ], v=[ 2.61158534  5.18304311 -4.23691816]
  RK45_ECI: r=[  809.0194244  -3501.21736001  6828.99696816], v=[5.41823246 4.44845681 1.63016422]
Epoch 2049, t=2460388.5286054322:
  TLE_ECI: r=[5321.36400276 1915.23121953 5249.59903729], v=[ 2.47182371  5.13652384 -4.37532707]
  RK45_ECI: r=[  845.88404495 -3471.83338215  6839.46841616], v=[5.41146604 4.47062561 1.59165878]
Epoch 2050, t=2460388.5286806957:
  TLE_ECI: r=[5392.45319065 2071.11186028 5116.30780682], v=[ 2.3301686   5.0858635  -4.51033054]
  RK45_ECI: r=[  882.69032592 -3442.28806288  6849.68941098], v=[5.40448194 4.49262589 1.55309454]
Epoch 2051, t=2460388.528755959:
  TLE_ECI: r=[5459.19219115 2225.44386426 4979.01905827], v=[ 2.18673391  5.03109903 -4.64182249]
  RK45_ECI: r=[  919.43627161 -3412.58294218  6859.65943172], v=[5.39728063 4.51445634 1.51447348]
Epoch 2052, t=2460388.5288312226:
  TLE_ECI: r=[5521.53010748 2378.10263285 4837.8396933 ], v=[ 2.04163498  4.97227071 -4.76969952]
  RK45_ECI: r=[  956.12072482 -3382.71888082  6869.37820605], v=[5.38986247 4.53611613 1.47579663]
Epoch 2053, t=2460388.5289064855:
  TLE_ECI: r=[5579.41958885 2528.96478572 4692.87967439], v=[ 1.89498846  4.90942212 -4.89386098]
  RK45_ECI: r=[  992.74169873 -3352.69743983  6878.84524213], v=[5.38222799 4.55760399 1.43706597]
Epoch 2054, t=2460388.528981749:
  TLE_ECI: r=[5632.81683936 2677.9083265  4544.25194098], v=[ 1.74691222  4.84260014 -5.01420907]
  RK45_ECI: r=[ 1029.29822631 -3322.51934837  6888.06032755], v=[5.37437752 4.57891921 1.39828237]
Epoch 2055, t=2460388.5290570124:
  TLE_ECI: r=[5681.68169644 2824.81264491 4392.07232294], v=[ 1.59752532  4.77185489 -5.13064889]
  RK45_ECI: r=[ 1065.78882006 -3292.18576448  6897.02312051], v=[5.3663115  4.60006079 1.35944726]
Epoch 2056, t=2460388.529132276:
  TLE_ECI: r=[5725.97763473 2969.55868079 4236.45945176], v=[ 1.44694788  4.69723969 -5.24308856]
  RK45_ECI: r=[ 1102.21167891 -3261.69813257  6905.73320787], v=[5.35803044 4.62102757 1.32056243]
Epoch 2057, t=2460388.5292075393:
  TLE_ECI: r=[5765.67180273 3112.0290052  4077.53466928], v=[ 1.29530094  4.61881108 -5.35143929]
  RK45_ECI: r=[ 1138.56566027 -3231.05734267  6914.19035168], v=[5.34953476 4.64181874 1.28162893]
Epoch 2058, t=2460388.5292828023:
  TLE_ECI: r=[5800.73505886 3252.10790036 3915.42193402], v=[ 1.14270645  4.53662872 -5.45561542]
  RK45_ECI: r=[ 1174.84879866 -3200.26500156  6922.39412417], v=[5.34082501 4.66243307 1.24264874]
Epoch 2059, t=2460388.5293580657:
  TLE_ECI: r=[5831.14195702 3389.68152329 3750.24772542], v=[ 0.98928706  4.4507554  -5.55553455]
  RK45_ECI: r=[ 1211.0601402  -3169.32186298  6930.34434145], v=[5.33190158 4.68286988 1.20362274]
Epoch 2060, t=2460388.529433329:
  TLE_ECI: r=[5856.87082339 3524.63789807 3582.14094562], v=[ 0.83516614  4.36125694 -5.65111758]
  RK45_ECI: r=[ 1247.19821571 -3138.22912065  6938.04070811], v=[5.32276495 4.7031282  1.16455236]
Epoch 2061, t=2460388.5295085926:
  TLE_ECI: r=[5877.90373682 3656.8670766  3411.23281931], v=[ 0.6804676   4.2682022  -5.74228877]
  RK45_ECI: r=[ 1283.26124494 -3106.98826024  6945.48286927], v=[5.31341571 4.72320691 1.1254394 ]
Epoch 2062, t=2460388.529583856:
  TLE_ECI: r=[5894.22655242 3786.26121305 3237.65679146], v=[ 0.52531582  4.17166299 -5.82897584]
  RK45_ECI: r=[ 1319.24810126 -3075.60020011  6952.67062156], v=[5.30385427 4.74310524 1.08628493]
Epoch 2063, t=2460388.529659119:
  TLE_ECI: r=[5905.82892429 3912.71463657 3061.54842305], v=[ 0.36983555  4.07171403 -5.91111001]
  RK45_ECI: r=[ 1355.15684286 -3044.06659127  6959.6036016 ], v=[5.2940813  4.76282198 1.04709092]
Epoch 2064, t=2460388.5297343824:
  TLE_ECI: r=[5912.70426816 4036.1240086  2883.04528502], v=[ 0.21415175  3.9684329  -5.98862606]
  RK45_ECI: r=[ 1390.98652998 -3012.38821129  6966.28165417], v=[5.28409718 4.7823565  1.00785827]
Epoch 2065, t=2460388.529809646:
  TLE_ECI: r=[5914.84983412 4156.38830584 2702.28685018], v=[ 0.05838957  3.86189997 -6.06146242]
  RK45_ECI: r=[ 1426.73571342 -2980.56628845  6972.70453041], v=[5.27390247 4.80170785 0.9685884 ]
Epoch 2066, t=2460388.5298849093:
  TLE_ECI: r=[5912.26666368 4273.40897398 2519.41438362], v=[-0.0973258   3.75219834 -6.12956118]
  RK45_ECI: r=[ 1462.40263587 -2948.60234813  6978.87193409], v=[5.26349778 4.82087496 0.92928313]
Epoch 2067, t=2460388.5299601727:
  TLE_ECI: r=[5904.95959952 4387.08999336 2334.57083138], v=[-0.25286922  3.6394138  -6.19286817]
  RK45_ECI: r=[ 1497.98618794 -2916.49733617  6984.78369653], v=[5.25288361 4.83985707 0.88994353]
Epoch 2068, t=2460388.5300354357:
  TLE_ECI: r=[5892.93729416 4497.33794252 2147.90070761], v=[-0.40811573  3.52363471 -6.25133303]
  RK45_ECI: r=[ 1533.48445359 -2884.2529461   6990.43951908], v=[5.24206065 4.85865307 0.8505716 ]
Epoch 2069, t=2460388.530110699:
  TLE_ECI: r=[5876.21214977 4604.06214616 1959.54998037], v=[-0.56294064  3.40495199 -6.3049092 ]
  RK45_ECI: r=[ 1568.89650837 -2851.86997853  6995.83927534], v=[5.23102933 4.8772623  0.81116822]
Epoch 2070, t=2460388.5301859626:
  TLE_ECI: r=[5854.80038543 4707.17464799 1769.66595586], v=[-0.71721961  3.283459   -6.35355401]
  RK45_ECI: r=[ 1604.22092473 -2819.34969502  7000.9827633 ], v=[5.21979026 4.89568388 0.77173483]
Epoch 2071, t=2460388.530261226:
  TLE_ECI: r=[5828.7219711  4806.59035458 1578.39716166], v=[-0.87082881  3.1592515  -6.39722871]
  RK45_ECI: r=[ 1639.45597023 -2786.69365907  7005.86974562], v=[5.2083441  4.91391678 0.73227326]
Epoch 2072, t=2460388.530336489:
  TLE_ECI: r=[5798.00063781 4902.22707271 1385.89322865], v=[-1.02364496  3.03242755 -6.4358985 ]
  RK45_ECI: r=[ 1674.60022875 -2753.90314887  7010.50004629], v=[5.19669149 4.93196012 0.69278496]
Epoch 2073, t=2460388.5304117524:
  TLE_ECI: r=[5762.66379953 4994.00564783 1192.3047722 ], v=[-1.17554551  2.90308741 -6.46953256]
  RK45_ECI: r=[ 1709.6527879  -2720.97898106  7014.87355851], v=[5.18483288 4.94981331 0.65327081]
Epoch 2074, t=2460388.530487016:
  TLE_ECI: r=[5722.74261522 5081.84992861  997.78327194], v=[-1.32640866  2.77133353 -6.49810407]
  RK45_ECI: r=[ 1744.61176389 -2687.92289603  7018.99005811], v=[5.17276903 4.96747525 0.61373284]
Epoch 2075, t=2460388.5305622793:
  TLE_ECI: r=[5678.27190515 5165.68690022  802.4809512 ], v=[-1.47611356  2.63727039 -6.52159026]
  RK45_ECI: r=[ 1779.47607766 -2654.73588132  7022.84943244], v=[5.16050048 4.98494525 0.5741721 ]
Epoch 2076, t=2460388.5306375427:
  TLE_ECI: r=[5629.29013525 5245.44672921  606.55065549], v=[-1.6245403   2.50100444 -6.53997243]
  RK45_ECI: r=[ 1814.24402341 -2621.41953701  7026.45150337], v=[5.14802798 5.00222234 0.53459045]
Epoch 2077, t=2460388.5307128057:
  TLE_ECI: r=[5575.83939919 5321.0628071   410.14573048], v=[-1.77157011  2.36264402 -6.55323593]
  RK45_ECI: r=[ 1848.91436587 -2587.97501915  7029.79615727], v=[5.13535213 5.01930576 0.49498914]
Epoch 2078, t=2460388.530788069:
  TLE_ECI: r=[5517.96532048 5392.47187235  213.41989962], v=[-1.91708544  2.22229926 -6.56137022]
  RK45_ECI: r=[ 1883.48573957 -2554.40362541  7032.88327117], v=[5.12247356 5.03619472 0.45536964]
Epoch 2079, t=2460388.5308633326:
  TLE_ECI: r=[5455.71710595 5459.61396602   16.52714107], v=[-2.06097001  2.080082   -6.56436886]
  RK45_ECI: r=[ 1917.95676098 -2520.70667528  7035.71273168], v=[5.10939295 5.05288839 0.4157334 ]
Epoch 2080, t=2460388.530938596:
  TLE_ECI: r=[5389.14744187 5522.4325488  -180.37843524], v=[-2.20310895  1.93610566 -6.56222951]
  RK45_ECI: r=[ 1952.32621477 -2486.88533412  7038.28444632], v=[5.09611093 5.06938606 0.3760817 ]
Epoch 2081, t=2460388.5310138594:
  TLE_ECI: r=[5318.31246415 5580.87453283 -377.14271086], v=[-2.34338891  1.79048518 -6.55495392]
  RK45_ECI: r=[ 1986.59242363 -2452.94123673  7040.59829654], v=[5.08262826 5.0856868  0.33641638]
Epoch 2082, t=2460388.5310891224:
  TLE_ECI: r=[5243.27172653 5634.89031191 -573.61168204], v=[-2.48169811  1.64333693 -6.54254798]
  RK45_ECI: r=[ 2020.75417568 -2418.87556634  7042.65421009], v=[5.06894561 5.10178988 0.29673871]
Epoch 2083, t=2460388.531164386:
  TLE_ECI: r=[5164.08808406 5684.43386524 -769.63158273], v=[-2.6179265   1.49477855 -6.52502166]
  RK45_ECI: r=[ 2054.8101295  -2384.68964863  7044.45211159], v=[5.05506363 5.11769456 0.25705016]
Epoch 2084, t=2460388.5312396493:
  TLE_ECI: r=[5080.82773763 5729.46270425 -965.04900763], v=[-2.75196576  1.34492892 -6.50238903]
  RK45_ECI: r=[ 2088.75908123 -2350.38467568  7045.99194181], v=[5.04098299 5.13340013 0.21735201]
Epoch 2085, t=2460388.5313149127:
  TLE_ECI: r=[ 4993.56011153  5769.93797126 -1159.71103459], v=[-2.8837095   1.19390803 -6.47466822]
  RK45_ECI: r=[ 2122.59937759 -2315.96230872  7047.27362996], v=[5.0267045  5.14890571 0.1776461 ]
Epoch 2086, t=2460388.531390176:
  TLE_ECI: r=[ 4902.35781122  5805.82445659 -1353.4653467 ], v=[-3.01305326  1.04183687 -6.44188144]
  RK45_ECI: r=[ 2156.32983276 -2281.42374564  7048.2971371 ], v=[5.01222883 5.16421061 0.13793371]
Epoch 2087, t=2460388.531465439:
  TLE_ECI: r=[ 4807.29657783  5837.09061512 -1546.16035381], v=[-3.13989463  0.88883733 -6.40405493]
  RK45_ECI: r=[ 2189.94910548 -2246.77035226  7049.06242602], v=[4.9975567  5.17931408 0.09821631]
Epoch 2088, t=2460388.5315407026:
  TLE_ECI: r=[ 4708.45515541  5863.70864994 -1737.64531319], v=[-3.26413337  0.73503211 -6.36121894]
  RK45_ECI: r=[ 2223.4558797  -2212.00348079  7049.56946899], v=[4.98268882 5.19421542 0.05849536]
Epoch 2089, t=2460388.531615966:
  TLE_ECI: r=[ 4605.91532639  5885.65445059 -1927.77044972], v=[-3.38567141  0.58054458 -6.31340772]
  RK45_ECI: r=[ 2256.84897643 -2177.12434872  7049.81824847], v=[4.96762588 5.20891396 0.01877216]
Epoch 2090, t=2460388.5316912294:
  TLE_ECI: r=[ 4499.76177397  5902.90767098 -2116.38707487], v=[-3.50441302  0.42549874 -6.26065946]
  RK45_ECI: r=[ 2290.12677345 -2142.13464909  7049.8087535 ], v=[ 4.95236874  5.22340887 -0.02095147]
Epoch 2091, t=2460388.5317664924:
  TLE_ECI: r=[ 4390.08204417  5915.45171993 -2303.34770479], v=[-3.62026482  0.27001906 -6.20301627]
  RK45_ECI: r=[ 2323.28795306 -2107.03577067  7049.54098871], v=[ 4.93691816  5.23769942 -0.06067405]
Epoch 2092, t=2460388.531841756:
  TLE_ECI: r=[ 4276.96640273  5923.27382702 -2488.50617714], v=[-3.73313589  0.11423037 -6.14052414]
  RK45_ECI: r=[ 2356.33167224 -2071.82860645  7049.014959  ], v=[ 4.92127468  5.25178511 -0.10039467]
Epoch 2093, t=2460388.5319170193:
  TLE_ECI: r=[ 4160.50786249  5926.36497555 -2671.71776697], v=[-3.84293782 -0.04174221 -6.07323289]
  RK45_ECI: r=[ 2389.25617088 -2036.51503367  7048.23069002], v=[ 4.90543927  5.26566508 -0.1401113 ]
Epoch 2094, t=2460388.5319922827:
  TLE_ECI: r=[ 4040.80203554  5924.71996295 -2852.83930099], v=[-3.94958482 -0.1977734  -6.00119614]
  RK45_ECI: r=[ 2422.06045262 -2001.09612749  7047.18820402], v=[ 4.88941256  5.27933875 -0.17982285]
Epoch 2095, t=2460388.532067546:
  TLE_ECI: r=[ 3917.94706997  5918.33739223 -3031.72927053], v=[-4.05299374 -0.35373783 -5.92447123]
  RK45_ECI: r=[ 2454.74292802 -1965.57361089  7045.8875499 ], v=[ 4.87319546  5.29280534 -0.21952748]
Epoch 2096, t=2460388.532142809:
  TLE_ECI: r=[ 3792.04358456  5907.21966239 -3208.24794296], v=[-4.15308416 -0.50951019 -5.84311923]
  RK45_ECI: r=[ 2487.30230808 -1929.94889844  7044.32877999], v=[ 4.85678877  5.30606417 -0.25922372]
Epoch 2097, t=2460388.5322180726:
  TLE_ECI: r=[ 3663.19451501  5891.37301165 -3382.25747134], v=[-4.24977845 -0.66496534 -5.75720478]
  RK45_ECI: r=[ 2519.73776987 -1894.22290103  7042.51192873], v=[ 4.84019306  5.31911477 -0.29891067]
Epoch 2098, t=2460388.532293336:
  TLE_ECI: r=[ 3531.50513172  5870.80744462 -3553.62200275], v=[-4.34300182 -0.81997835 -5.66679614]
  RK45_ECI: r=[ 2552.04758974 -1858.39752748  7040.4370876 ], v=[ 4.82340932  5.33195631 -0.3385863 ]
Epoch 2099, t=2460388.5323685994:
  TLE_ECI: r=[ 3397.08288216  5845.53677012 -3722.20778435], v=[-4.43268237 -0.97442468 -5.57196507]
  RK45_ECI: r=[ 2584.23079529 -1822.47387343  7038.10431438], v=[ 4.80643823  5.34458826 -0.37824953]
Epoch 2100, t=2460388.532443863:
  TLE_ECI: r=[ 3260.03731907  5815.57857826 -3887.88326783], v=[-4.51875119 -1.12818021 -5.47278677]
  RK45_ECI: r=[ 2616.28583119 -1786.45369022  7035.51371771], v=[ 4.78928074  5.35700987 -0.41789851]
Epoch 2101, t=2460388.532519126:
  TLE_ECI: r=[ 3120.48002581  5780.95421725 -4050.51921183], v=[-4.60114234 -1.28112139 -5.36933982]
  RK45_ECI: r=[ 2648.21143843 -1750.33841688  7032.6653975 ], v=[ 4.77193768  5.36922051 -0.45753179]
Epoch 2102, t=2460388.5325943893:
  TLE_ECI: r=[ 2978.52445591  5741.68881321 -4209.9887822 ], v=[-4.67979294 -1.43312537 -5.26170612]
  RK45_ECI: r=[ 2680.00681488 -1714.12898128  7029.55941758], v=[ 4.75440963  5.38121974 -0.49714847]
Epoch 2103, t=2460388.5326696527:
  TLE_ECI: r=[ 2834.28594123  5697.81119332 -4366.1676504 ], v=[-4.75464321 -1.58407    -5.14997079]
  RK45_ECI: r=[ 2711.67027506 -1677.82732204  7026.19593509], v=[ 4.73669765  5.39300677 -0.53674652]
Epoch 2104, t=2460388.532744916:
  TLE_ECI: r=[ 2687.88152869  5649.35390045 -4518.93408941], v=[-4.82563651 -1.73383401 -5.03422214]
  RK45_ECI: r=[ 2743.20087134 -1641.43455436  7022.5750432 ], v=[ 4.71880244  5.4045811  -0.57632487]
Epoch 2105, t=2460388.5328201796:
  TLE_ECI: r=[ 2539.42990051  5596.35315727 -4668.1690676 ], v=[-4.89271937 -1.8822971  -4.91455155]
  RK45_ECI: r=[ 2774.5970841  -1604.95245619  7018.69691006], v=[ 4.700725    5.41594205 -0.61588169]
Epoch 2106, t=2460388.5328954426:
  TLE_ECI: r=[ 2389.05129317  5538.84882984 -4813.75634012], v=[-4.95584153 -2.02933998 -4.79105341]
  RK45_ECI: r=[ 2805.85768561 -1568.38248957  7014.56168296], v=[ 4.68246618  5.42708902 -0.65541552]
Epoch 2107, t=2460388.532970706:
  TLE_ECI: r=[ 2236.86733395  5476.88442384 -4955.58253789], v=[-5.01495596 -2.17484456 -4.66382505]
  RK45_ECI: r=[ 2836.98189525 -1531.72559869  7010.16945494], v=[ 4.66402662  5.43802157 -0.69492546]
Epoch 2108, t=2460388.5330459694:
  TLE_ECI: r=[ 2083.0010391   5410.5070061  -5093.53725441], v=[-5.07001892 -2.31869396 -4.53296662]
  RK45_ECI: r=[ 2867.96806738 -1494.98375006  7005.52044857], v=[ 4.6454074   5.448739   -0.73440952]
Epoch 2109, t=2460388.533121233:
  TLE_ECI: r=[ 1927.57664823  5339.76719611 -5227.51312971], v=[-5.12098998 -2.46077262 -4.39858106]
  RK45_ECI: r=[ 2898.81528025 -1458.15807727  7000.61479218], v=[ 4.62660925  5.45924082 -0.77386661]
Epoch 2110, t=2460388.533196496:
  TLE_ECI: r=[ 1770.71955523  5264.71911252 -5357.405932  ], v=[-5.167832   -2.6009664  -4.26077397]
  RK45_ECI: r=[ 2929.52190668 -1421.2505587   6995.45273802], v=[ 4.60763332  5.46952636 -0.81329472]
Epoch 2111, t=2460388.5332717593:
  TLE_ECI: r=[ 1612.55614478  5185.42035117 -5483.11463644], v=[-5.2105112  -2.73916272 -4.11965354]
  RK45_ECI: r=[ 2960.08718569 -1384.26215182  6990.03440599], v=[ 4.58848023  5.4795952  -0.85269297]
Epoch 2112, t=2460388.5333470227:
  TLE_ECI: r=[ 1453.21378305  5101.93190628 -5604.54150174], v=[-5.24899715 -2.87525052 -3.97533047]
  RK45_ECI: r=[ 2990.50992488 -1347.19434237  6984.3599927 ], v=[ 4.56915089  5.4894468  -0.89205991]
Epoch 2113, t=2460388.533422286:
  TLE_ECI: r=[ 1292.82065304  5014.31814388 -5721.59214352], v=[-5.28326282 -3.00912047 -3.82791785]
  RK45_ECI: r=[ 3020.78866491 -1310.04894745  6978.42976096], v=[ 4.54964637  5.49908054 -0.93139374]
Epoch 2114, t=2460388.5334975496:
  TLE_ECI: r=[ 1131.50566693  4922.64674495 -5834.17560535], v=[-5.31328455 -3.140665   -3.6775311 ]
  RK45_ECI: r=[ 3050.92251086 -1272.82711804  6972.24387406], v=[ 4.52996743  5.50849599 -0.97069336]
Epoch 2115, t=2460388.5335728126:
  TLE_ECI: r=[  969.39837697  4826.98864862 -5942.20442682], v=[-5.33904209 -3.26977834 -3.52428786]
  RK45_ECI: r=[ 3080.90987784 -1235.53085766  6965.80264922], v=[ 4.51011525  5.5176925  -1.00995681]
Epoch 2116, t=2460388.533648076:
  TLE_ECI: r=[  806.62881482  4727.41800793 -6045.59470878], v=[-5.36051857 -3.39635673 -3.3683079 ]
  RK45_ECI: r=[ 3110.75002821 -1198.16113813  6959.1062352 ], v=[ 4.49009048  5.52666971 -1.04918317]
Epoch 2117, t=2460388.5337233394:
  TLE_ECI: r=[  643.32747378  4624.01211234 -6144.26617603], v=[-5.37770055 -3.52029835 -3.20971303]
  RK45_ECI: r=[ 3140.4418034  -1160.71946541  6952.15487544], v=[ 4.46989409  5.53542711 -1.08837104]
Epoch 2118, t=2460388.533798603:
  TLE_ECI: r=[  479.62514746  4516.85133965 -6238.14223682], v=[-5.39057802 -3.64150347 -3.048627  ]
  RK45_ECI: r=[ 3169.98378386 -1123.20767872  6944.94889153], v=[ 4.44952718  5.54396414 -1.12751859]
Epoch 2119, t=2460388.5338738663:
  TLE_ECI: r=[  315.65284028  4406.01908925 -6327.15003965], v=[-5.39914434 -3.75987453 -2.88517539]
  RK45_ECI: r=[ 3199.37510253 -1085.62694523  6937.48848152], v=[ 4.42899054  5.55228039 -1.16662477]
Epoch 2120, t=2460388.5339491293:
  TLE_ECI: r=[  151.54167636  4291.60171601 -6411.22052718], v=[-5.40339632 -3.87531616 -2.71948556]
  RK45_ECI: r=[ 3228.6142186  -1047.97929151  6929.77402721], v=[ 4.40828542  5.5603753  -1.20568758]
Epoch 2121, t=2460388.5340243927:
  TLE_ECI: r=[  -12.57725462  4173.68846489 -6490.288487  ], v=[-5.40333414 -3.98773534 -2.55168647]
  RK45_ECI: r=[ 3257.70041852 -1010.26570293  6921.80570607], v=[ 4.38741247  5.56824851 -1.24470616]
Epoch 2122, t=2460388.534099656:
  TLE_ECI: r=[ -176.57292432  4052.37139661 -6564.29259982], v=[-5.39896139 -4.09704139 -2.38190868]
  RK45_ECI: r=[3286.632579   -972.48770401 6913.58380812], v=[ 4.36637272  5.57589957 -1.28367907]
Epoch 2123, t=2460388.5341749196:
  TLE_ECI: r=[ -340.31452014  3927.74531903 -6633.17548439], v=[-5.39028505 -4.20314605 -2.21028417]
  RK45_ECI: r=[3315.40932176 -934.64715416 6905.10871341], v=[ 4.34516729  5.58332798 -1.32260451]
Epoch 2124, t=2460388.534250183:
  TLE_ECI: r=[ -503.67153495  3799.90771211 -6696.88373955], v=[-5.37731547 -4.30596356 -2.03694628]
  RK45_ECI: r=[3344.02980872 -896.74523548 6896.38065452], v=[ 4.32379704  5.59053337 -1.36148144]
Epoch 2125, t=2460388.534325446:
  TLE_ECI: r=[ -666.51385846  3668.95865384 -6755.36798334], v=[-5.36006636 -4.40541072 -1.86202961]
  RK45_ECI: r=[3372.49254472 -858.78399567 6887.40007755], v=[ 4.30226322  5.59751522 -1.40030787]
Epoch 2126, t=2460388.5344007094:
  TLE_ECI: r=[ -828.71192265  3535.00073513 -6808.58288895], v=[-5.33855475 -4.50140699 -1.68566989]
  RK45_ECI: r=[3400.79684128 -820.76443242 6878.16718848], v=[ 4.28056656  5.60427322 -1.43908293]
Epoch 2127, t=2460388.534475973:
  TLE_ECI: r=[ -990.13673687  3398.13899009 -6856.48721789], v=[-5.31280102 -4.59387445 -1.50800394]
  RK45_ECI: r=[3428.94161161 -782.68808719 6868.68232371], v=[ 4.25870807  5.61080697 -1.4778052 ]
Epoch 2128, t=2460388.5345512363:
  TLE_ECI: r=[-1150.66003273  3258.48080829 -6899.04384997], v=[-5.28282884 -4.68273795 -1.32916948]
  RK45_ECI: r=[3456.92552024 -744.55683765 6858.94592139], v=[ 4.23668897  5.61711602 -1.5164729 ]
Epoch 2129, t=2460388.5346264993:
  TLE_ECI: r=[-1310.15434359  3116.13585666 -6936.21981026], v=[-5.24866518 -4.76792511 -1.14930512]
  RK45_ECI: r=[3484.74762831 -706.37206136 6848.95829602], v=[ 4.21451021  5.6232     -1.55508478]
Epoch 2130, t=2460388.5347017627:
  TLE_ECI: r=[-1468.49314053  2971.21597986 -6967.98629303], v=[-5.21034022 -4.84936643 -0.96855021]
  RK45_ECI: r=[3512.40688003 -668.13527945 6838.71981518], v=[ 4.19217278  5.62905858 -1.59363943]
Epoch 2131, t=2460388.534777026:
  TLE_ECI: r=[-1625.55087463  2823.83513502 -6994.31868276], v=[-5.1678874  -4.92699528 -0.78704473]
  RK45_ECI: r=[3539.90222074 -629.84804617 6828.23085572], v=[ 4.16967776  5.63469138 -1.63213542]
Epoch 2132, t=2460388.5348522896:
  TLE_ECI: r=[-1781.20311185  2674.10928993 -7015.19657193], v=[-5.12134334 -5.00074798 -0.60492922]
  RK45_ECI: r=[3567.23273196 -591.51173652 6817.49175268], v=[ 4.14702609  5.64009805 -1.67057154]
Epoch 2133, t=2460388.534927553:
  TLE_ECI: r=[-1935.32662006  2522.15633666 -7030.60377583], v=[-5.07074785 -5.07056384 -0.42234465]
  RK45_ECI: r=[3594.39712246 -553.12824438 6806.50300208], v=[ 4.12421901  5.64527824 -1.708946  ]
Epoch 2134, t=2460388.535002816:
  TLE_ECI: r=[-2087.79945755  2368.09600646 -7040.52834436], v=[-5.01614385 -5.1363852  -0.23943235]
  RK45_ECI: r=[3621.39448817 -514.69896068 6795.26495853], v=[ 4.1012575   5.65023162 -1.74725757]
Epoch 2135, t=2460388.5350780794:
  TLE_ECI: r=[-2238.5010953   2212.04975367 -7044.96257065], v=[-4.95757736 -5.19815753 -0.05633387]
  RK45_ECI: r=[3648.22381005 -476.22541949 6783.77803562], v=[ 4.07814261  5.65495789 -1.78550484]
Epoch 2136, t=2460388.535153343:
  TLE_ECI: r=[-2387.31246729  2054.14069692 -7043.9029968 ], v=[-4.89509746 -5.25582937  0.12680909]
  RK45_ECI: r=[3674.88407195 -437.70918893 6772.04265613], v=[ 4.05487541  5.65945672 -1.8236864 ]
Epoch 2137, t=2460388.5352286063:
  TLE_ECI: r=[-2534.11609185  1894.49350099 -7037.35041639], v=[-4.82875627 -5.30935245  0.3098548 ]
  RK45_ECI: r=[3701.37439016 -399.15165607 6760.05919514], v=[ 4.03145689  5.66372784 -1.86180102]
Epoch 2138, t=2460388.5353038698:
  TLE_ECI: r=[-2678.79615475  1733.23428635 -7025.30987401], v=[-4.75860888 -5.35868169  0.49266161]
  RK45_ECI: r=[3727.69351886 -360.55472891 6747.82820621], v=[ 4.00788831  5.66777093 -1.89984694]
Epoch 2139, t=2460388.5353791327:
  TLE_ECI: r=[-2821.23859421  1570.49053994 -7007.79066174], v=[-4.68471333 -5.40377525  0.675088  ]
  RK45_ECI: r=[3753.84058962 -321.91981053 6735.35008388], v=[ 3.98417069  5.67158571 -1.93782292]
Epoch 2140, t=2460388.535454396:
  TLE_ECI: r=[-2961.33120805  1406.39098401 -6984.80631243], v=[-4.60713052 -5.4445946   0.85699277]
  RK45_ECI: r=[3779.81462103 -283.24844597 6722.62528749], v=[ 3.96030508  5.67517193 -1.97572758]
Epoch 2141, t=2460388.5355296596:
  TLE_ECI: r=[-3098.96371124  1241.06552485 -6956.37459019], v=[-4.52592424 -5.48110446  1.03823507]
  RK45_ECI: r=[3805.61475659 -244.54204203 6709.65422402], v=[ 3.9362925   5.67852933 -2.01355968]
Epoch 2142, t=2460388.535604923:
  TLE_ECI: r=[-3234.02784114  1074.64512054 -6922.51747753], v=[-4.44116107 -5.51327291  1.21867452]
  RK45_ECI: r=[3831.23978763 -205.80251651 6696.43749275], v=[ 3.91213423  5.68165765 -2.05131748]
Epoch 2143, t=2460388.535680186:
  TLE_ECI: r=[-3366.41743351   907.26169712 -6883.26115964], v=[-4.35291035 -5.54107138  1.39817132]
  RK45_ECI: r=[3856.6887561  -167.0314543  6682.97558374], v=[ 3.88783142  5.68455663 -2.08899958]
Epoch 2144, t=2460388.5357554494:
  TLE_ECI: r=[-3496.02851589   739.0480075  -6838.6360055 ], v=[-4.26124408 -5.56447472  1.57658636]
  RK45_ECI: r=[3881.9610672  -128.22988786 6669.26880144], v=[ 3.86338482  5.68722609 -2.12660512]
Epoch 2145, t=2460388.535830713:
  TLE_ECI: r=[-3622.75937077   570.13758598 -6788.67654603], v=[-4.16623696 -5.58346117  1.7537813 ]
  RK45_ECI: r=[3907.05542054  -89.39992601 6655.31784179], v=[ 3.83879588  5.68966577 -2.16413217]
Epoch 2146, t=2460388.5359059763:
  TLE_ECI: r=[-3746.51062663   400.66460661 -6733.42144911], v=[-4.06796626 -5.59801239  1.92961869]
  RK45_ECI: r=[3931.97111529  -50.54280072 6641.12308762], v=[ 3.8140655   5.69187547 -2.2015797 ]
Epoch 2147, t=2460388.5359812398:
  TLE_ECI: r=[-3867.185332     230.76378793 -6672.91349164], v=[-3.96651178 -5.60811352  2.10396205]
  RK45_ECI: r=[3956.70699008  -11.66044025 6626.68519491], v=[ 3.78919501  5.69385498 -2.23894599]
Epoch 2148, t=2460388.5360565027:
  TLE_ECI: r=[-3984.68903072    60.5702997  -6607.19952852], v=[-3.86195582 -5.61375314  2.276676  ]
  RK45_ECI: r=[3981.26212749   27.24556095 6612.00469885], v=[ 3.76418556  5.69560411 -2.27622963]
Epoch 2149, t=2460388.536131766:
  TLE_ECI: r=[-4098.92983671  -109.78038903 -6536.33045858], v=[-3.75438305 -5.61492336  2.44762633]
  RK45_ECI: r=[4005.63596041   66.17416331 6597.08193171], v=[ 3.73903793  5.69712268 -2.3134298 ]
Epoch 2150, t=2460388.5362070296:
  TLE_ECI: r=[-4209.81850315  -280.1525468  -6460.36118758], v=[-3.64388053 -5.61161976  2.61668013]
  RK45_ECI: r=[4029.82724063  105.12324783 6581.91765159], v=[ 3.71375357  5.69841052 -2.35054457]
Epoch 2151, t=2460388.536282293:
  TLE_ECI: r=[-4317.26849437  -450.41033214 -6379.35058814], v=[-3.53053762 -5.60384143  2.78370586]
  RK45_ECI: r=[4053.83530012  144.09157488 6566.5122747 ], v=[ 3.68833344  5.69946744 -2.38757295]
Epoch 2152, t=2460388.5363575565:
  TLE_ECI: r=[-4421.19605299  -620.41788862 -6293.36145667], v=[-3.41444588 -5.59159099  2.94857348]
  RK45_ECI: r=[4077.65902577  183.07720772 6550.86651313], v=[ 3.66277887  5.70029331 -2.4245132 ]
Epoch 2153, t=2460388.5364328194:
  TLE_ECI: r=[-4521.52026792  -790.03943867 -6202.46046737], v=[-3.29569905 -5.57487457  3.11115452]
  RK45_ECI: r=[4101.2975415   222.07854389 6534.98094661], v=[ 3.63709103  5.70088796 -2.46136397]
Epoch 2154, t=2460388.536508083:
  TLE_ECI: r=[-4618.16312914  -959.13944355 -6106.71812324], v=[-3.17439291 -5.55370184  3.27132219]
  RK45_ECI: r=[4124.7503083   261.09453762 6518.85593498], v=[ 3.61127073  5.70125126 -2.49812441]
Epoch 2155, t=2460388.5365833463:
  TLE_ECI: r=[-4711.04960159 -1127.58263181 -6006.20870411], v=[-3.0506253  -5.52808599  3.42895151]
  RK45_ECI: r=[4148.01613116  300.12306207 6502.4922976 ], v=[ 3.58531945  5.70138308 -2.53479266]
Epoch 2156, t=2460388.5366586098:
  TLE_ECI: r=[-4800.10767657 -1295.23415872 -5901.01021182], v=[-2.924496   -5.49804375  3.58391934]
  RK45_ECI: r=[4171.09437546  339.162871   6485.89048369], v=[ 3.55923814  5.70128329 -2.57136771]
Epoch 2157, t=2460388.536733873:
  TLE_ECI: r=[-4885.26843055 -1461.9597005  -5791.20431242], v=[-2.79610663 -5.46359535  3.73610453]
  RK45_ECI: r=[4193.9839772   378.21202107 6469.05126068], v=[ 3.53302819  5.70095179 -2.60784787]
Epoch 2158, t=2460388.536809136:
  TLE_ECI: r=[-4966.46608452 -1627.62554685 -5676.87627554], v=[-2.66556066 -5.42476454  3.885388  ]
  RK45_ECI: r=[4216.68410247  417.26890352 6451.9752522 ], v=[ 3.50669079  5.70038848 -2.64423179]
Epoch 2159, t=2460388.5368843996:
  TLE_ECI: r=[-5043.63803765 -1792.09876562 -5558.11491089], v=[-2.53296318 -5.38157861  4.03165284]
  RK45_ECI: r=[4239.19424075  456.33246731 6434.66284523], v=[ 3.48022674  5.69959324 -2.68051865]
Epoch 2160, t=2460388.536959663:
  TLE_ECI: r=[-5116.72494434 -1955.24722292 -5435.01250186], v=[-2.398421   -5.3340683   4.17478438]
  RK45_ECI: r=[4261.51325137  495.40057981 6417.11491955], v=[ 3.45363758  5.69856601 -2.71670661]
Epoch 2161, t=2460388.5370349265:
  TLE_ECI: r=[-5185.67074391 -2116.9397466  -5307.66473648], v=[-2.26204244 -5.28226786  4.31467032]
  RK45_ECI: r=[4283.64053359  534.47198941 6399.33195686], v=[ 3.42692426  5.69730668 -2.75279467]
Epoch 2162, t=2460388.5371101894:
  TLE_ECI: r=[-5250.42271637 -2277.04620238 -5176.17063546], v=[-2.12393731 -5.22621496  4.45120078]
  RK45_ECI: r=[4305.57497154  573.5445617  6381.31486417], v=[ 3.40008835  5.69581524 -2.788781  ]
Epoch 2163, t=2460388.537185453:
  TLE_ECI: r=[-5310.93149845 -2435.43766025 -5040.63247762], v=[-1.98421676 -5.16595077  4.58426844]
  RK45_ECI: r=[4327.31608036  612.61724244 6363.06405308], v=[ 3.37313064  5.69409158 -2.8246648 ]
Epoch 2164, t=2460388.5372607163:
  TLE_ECI: r=[-5367.15116206 -2591.98640691 -4901.15572253], v=[-1.84299328 -5.10151982  4.71376859]
  RK45_ECI: r=[4348.86307243  651.68841702 6344.58019246], v=[ 3.34605237  5.69213566 -2.86044473]
Epoch 2165, t=2460388.5373359798:
  TLE_ECI: r=[-5419.03922575 -2746.5661109  -4757.84893062], v=[-1.70038057 -5.03297007  4.83959921]
  RK45_ECI: r=[4370.21496449  690.75613551 6325.86413655], v=[ 3.31885496  5.68994746 -2.89611916]
Epoch 2166, t=2460388.537411243:
  TLE_ECI: r=[-5466.55669516 -2899.05191034 -4610.82368057], v=[-1.55649343 -4.96035282  4.9616611 ]
  RK45_ECI: r=[4391.37119034  729.81914237 6306.9163989 ], v=[ 3.29153941  5.68752691 -2.93168711]
Epoch 2167, t=2460388.537486506:
  TLE_ECI: r=[-5509.66810382 -3049.32049823 -4460.19448428], v=[-1.41144772 -4.8837227   5.07985793]
  RK45_ECI: r=[4412.33069     768.87530029 6287.73794564], v=[ 3.26410727  5.68487405 -2.96714678]
Epoch 2168, t=2460388.5375617696:
  TLE_ECI: r=[-5548.34150613 -3197.2502885  -4306.07869929], v=[-1.26536016 -4.80313764  5.19409632]
  RK45_ECI: r=[4433.09300815  807.92355173 6268.32921453], v=[ 3.23655941  5.68198882 -3.00249737]
Epoch 2169, t=2460388.537637033:
  TLE_ECI: r=[-5582.54855588 -3342.72141908 -4148.59643866], v=[-1.1183484  -4.71865882  5.30428595]
  RK45_ECI: r=[4453.6574009   846.96227915 6248.69091694], v=[ 3.20889704  5.67887121 -3.03773758]
Epoch 2170, t=2460388.5377122965:
  TLE_ECI: r=[-5612.26449468 -3485.61591497 -3987.87047867], v=[-0.97053081 -4.63035064  5.4103396 ]
  RK45_ECI: r=[4474.02293675  885.98953106 6228.82396017], v=[ 3.18112166  5.67552127 -3.07286581]
Epoch 2171, t=2460388.53778756:
  TLE_ECI: r=[-5637.46818072 -3625.81776939 -3824.02616404], v=[-0.8220264  -4.53828064  5.51217325]
  RK45_ECI: r=[4494.18908474  925.00404883 6208.72888912], v=[ 3.15323424  5.67193897 -3.10788108]
Epoch 2172, t=2460388.537862823:
  TLE_ECI: r=[-5658.14211678 -3763.21302373 -3657.19131095], v=[-0.67295475 -4.44251952  5.60970617]
  RK45_ECI: r=[4514.15484177  964.00369479 6188.406728  ], v=[ 3.12523641  5.66812439 -3.14278164]
Epoch 2173, t=2460388.5379380863:
  TLE_ECI: r=[-5674.27242092 -3897.68992792 -3487.49610797], v=[-0.52343589 -4.34314103  5.70286094]
  RK45_ECI: r=[4533.91978269 1002.98740915 6167.85794029], v=[ 3.09712902  5.66407753 -3.17756669]
Epoch 2174, t=2460388.5380133498:
  TLE_ECI: r=[-5685.84890262 -4029.13893442 -3315.07301467], v=[-0.3735902  -4.24022193  5.79156356]
  RK45_ECI: r=[4553.48320814 1041.9535729  6147.08327906], v=[ 3.06891334  5.6597984  -3.21223497]
Epoch 2175, t=2460388.538088613:
  TLE_ECI: r=[-5692.86502809 -4157.45285567 -3140.05665845], v=[-0.22353836 -4.13384196  5.87574353]
  RK45_ECI: r=[4572.84423942 1080.90023502 6126.08370385], v=[ 3.04059086  5.65528713 -3.24678487]
Epoch 2176, t=2460388.5381638766:
  TLE_ECI: r=[-5695.31793606 -4282.52693722 -2962.58372918], v=[-0.07340117 -4.02408373  5.95533385]
  RK45_ECI: r=[4592.00238133 1119.82613537 6104.85979028], v=[ 3.0121626   5.65054372 -3.28121548]
Epoch 2177, t=2460388.5382391396:
  TLE_ECI: r=[-5693.20845283 -4404.25892886 -2782.79287217], v=[ 0.07670048 -3.91103273  6.03027115]
  RK45_ECI: r=[4610.9566889  1158.72913789 6083.41261967], v=[ 2.98363021  5.64556833 -3.31552503]
Epoch 2178, t=2460388.538314403:
  TLE_ECI: r=[-5686.54104001 -4522.54923721 -2600.82457931], v=[ 0.22664579 -3.79477717  6.10049571]
  RK45_ECI: r=[4629.70676754 1197.60818173 6061.74268074], v=[ 2.95499456  5.64036096 -3.34971277]
Epoch 2179, t=2460388.5383896665:
  TLE_ECI: r=[-5675.32386695 -4637.30090949 -2416.82107837], v=[ 0.37631404 -3.67540801  6.16595151]
  RK45_ECI: r=[4648.25196337 1236.46164817 6039.85076756], v=[ 2.92625695  5.63492171 -3.38377744]
Epoch 2180, t=2460388.53846493:
  TLE_ECI: r=[-5659.56875288 -4748.41978222 -2230.92622089], v=[ 0.52558481 -3.55301882  6.22658633]
  RK45_ECI: r=[4666.59145131 1275.28758876 6017.73789095], v=[ 2.89741889  5.62925074 -3.41771749]
Epoch 2181, t=2460388.538540193:
  TLE_ECI: r=[-5639.29118379 -4855.81452717 -2043.28536843], v=[ 0.67433797 -3.42770572  6.28235171]
  RK45_ECI: r=[4684.72460149 1314.08438619 5995.40486742], v=[ 2.86848169  5.62334817 -3.45153166]
Epoch 2182, t=2460388.5386154563:
  TLE_ECI: r=[-5614.51024222 -4959.39679527 -1854.04527766], v=[ 0.82245391 -3.29956733  6.33320311]
  RK45_ECI: r=[4702.65104158 1352.85097909 5972.85220246], v=[ 2.83944623  5.61721403 -3.4852192 ]
Epoch 2183, t=2460388.5386907198:
  TLE_ECI: r=[-5585.24867534 -5059.08119216 -1663.35398369], v=[ 0.96981352 -3.16870466  6.37909985]
  RK45_ECI: r=[4720.36989455 1391.58523608 5950.0810415 ], v=[ 2.81031419  5.61084856 -3.51877841]
Epoch 2184, t=2460388.538765983:
  TLE_ECI: r=[-5551.53281962 -5154.7854169  -1471.36068268], v=[ 1.11629835 -3.03522105  6.42000519]
  RK45_ECI: r=[4737.88072381 1430.28589745 5927.0920083 ], v=[ 2.78108662  5.60425183 -3.55220837]
Epoch 2185, t=2460388.5388412466:
  TLE_ECI: r=[-5513.39259229 -5246.43031529 -1278.21561304], v=[ 1.2617907  -2.89922207  6.45588638]
  RK45_ECI: r=[4755.182759   1468.95101914 5903.88616408], v=[ 2.75176507  5.59742408 -3.58550753]
Epoch 2186, t=2460388.5389165096:
  TLE_ECI: r=[-5470.86148077 -5333.93993195 -1084.06993579], v=[ 1.40617374 -2.76081544  6.48671468]
  RK45_ECI: r=[4772.27549967 1507.57915781 5880.46425484], v=[ 2.72235074  5.59036543 -3.61867485]
Epoch 2187, t=2460388.538991773:
  TLE_ECI: r=[-5423.97645251 -5417.24163851  -889.07561409], v=[ 1.5493316  -2.62011093  6.51246535]
  RK45_ECI: r=[4789.15835585 1546.16874113 5856.82714188], v=[ 2.6928449   5.58307607 -3.65170911]
Epoch 2188, t=2460388.5390670365:
  TLE_ECI: r=[-5372.77801576 -5496.26609975  -693.38529173], v=[ 1.69114943 -2.47722028  6.53311774]
  RK45_ECI: r=[4805.83075978 1584.7181562  5832.97569438], v=[ 2.66324887  5.57555618 -3.68460909]
Epoch 2189, t=2460388.5391423:
  TLE_ECI: r=[-5317.31012342 -5570.94739713  -497.1521713 ], v=[ 1.83151357 -2.33225714  6.54865525]
  RK45_ECI: r=[4822.29222912 1623.22597477 5808.91067593], v=[ 2.63356385  5.56780594 -3.71737374]
Epoch 2190, t=2460388.5392175633:
  TLE_ECI: r=[-5257.62015055 -5641.22306929  -300.52989164], v=[ 1.97031157 -2.18533688  6.5590654 ]
  RK45_ECI: r=[4838.54204877 1661.69025987 5784.63319731], v=[ 2.60379139  5.55982562 -3.75000155]
Epoch 2191, t=2460388.5392928263:
  TLE_ECI: r=[-5193.75887071 -5707.03415014  -103.67240488], v=[ 2.10743236 -2.03657661  6.56433977]
  RK45_ECI: r=[4854.57976085 1700.10957157 5760.14403872], v=[ 2.57393273  5.5516154  -3.78249148]
Epoch 2192, t=2460388.5393680898:
  TLE_ECI: r=[-5125.78034581 -5768.32528053    93.26614665], v=[ 2.24276629 -1.88609497  6.5644741 ]
  RK45_ECI: r=[4870.40482083 1738.48234349 5735.44410068], v=[ 2.54398913  5.54317553 -3.81484233]
Epoch 2193, t=2460388.539443353:
  TLE_ECI: r=[-5053.74197924 -5825.04466421   290.13155406], v=[ 2.37620527 -1.73401213  6.55946822]
  RK45_ECI: r=[4886.0167081  1776.80696822 5710.53429135], v=[ 2.51396195  5.53450625 -3.84705291]
Epoch 2194, t=2460388.5395186166:
  TLE_ECI: r=[-4977.70440078 -5877.1441734    486.76966524], v=[ 2.5076428  -1.5804496   6.54932607]
  RK45_ECI: r=[4901.41498246 1815.08202238 5685.4154083 ], v=[ 2.48385238  5.52560776 -3.87912218]
Epoch 2195, t=2460388.53959388:
  TLE_ECI: r=[-4897.73143105 -5924.57937496   683.02650835], v=[ 2.63697411 -1.4255302   6.53405573]
  RK45_ECI: r=[4916.59898473 1853.30557787 5660.08861091], v=[ 2.453662    5.51648041 -3.91104868]
Epoch 2196, t=2460388.539669143:
  TLE_ECI: r=[-4813.89004451 -5967.30955443   878.74841515], v=[ 2.76409626 -1.26937792  6.51366935]
  RK45_ECI: r=[4931.56829995 1891.47620011 5634.55471307], v=[ 2.42339203  5.50712444 -3.94283136]
Epoch 2197, t=2460388.5397444065:
  TLE_ECI: r=[-4726.25024211 -6005.29780795  1073.78214379], v=[ 2.88890817 -1.11211777  6.4881832 ]
  RK45_ECI: r=[4946.32242925 1929.59233048 5608.8146537 ], v=[ 2.39304378  5.49754012 -3.97446907]
Epoch 2198, t=2460388.53981967:
  TLE_ECI: r=[-4634.88509635 -6038.51098841  1267.97500167], v=[ 3.01131075 -0.95387576  6.45761763]
  RK45_ECI: r=[4960.86097174 1967.65253627 5582.86925704], v=[ 2.36261845  5.48772771 -4.00596077]
Epoch 2199, t=2460388.5398949333:
  TLE_ECI: r=[-4539.87061923 -6066.91979131  1461.17496739], v=[ 3.13120697 -0.79477876  6.42199703]
  RK45_ECI: r=[4975.18331327 2005.65489802 5556.7197207 ], v=[ 2.33211765  5.4776876  -4.03730503]
Epoch 2200, t=2460388.5399701963:
  TLE_ECI: r=[-4441.28573251 -6090.49875273  1653.2308122 ], v=[ 3.24850194 -0.63495437  6.38134984]
  RK45_ECI: r=[4989.28900309 2043.59781975 5530.36700912], v=[ 2.30154272  5.46742011 -4.06850067]
Epoch 2201, t=2460388.5400454598:
  TLE_ECI: r=[-4339.21212904 -6109.22632381  1843.99222062], v=[ 3.363103   -0.47453079  6.33570851]
  RK45_ECI: r=[5003.17778983 2081.48025074 5503.81171897], v=[ 2.27089458  5.4569254  -4.09954699]
Epoch 2202, t=2460388.540120723:
  TLE_ECI: r=[-4233.73431042 -6123.08481022  2033.30991047], v=[ 3.47491976 -0.3136368   6.28510947]
  RK45_ECI: r=[5016.84902799 2119.30009727 5477.05519923], v=[ 2.24017498  5.44620397 -4.13044241]
Epoch 2203, t=2460388.5401959866:
  TLE_ECI: r=[-4124.93944371 -6132.06044064  2221.03575162], v=[ 3.58386423 -0.15240157  6.22959308]
  RK45_ECI: r=[5030.30242396 2157.05611548 5450.09818274], v=[ 2.20938498  5.43525604 -4.16118608]
Epoch 2204, t=2460388.54027125:
  TLE_ECI: r=[-4012.91730532 -6136.14336549  2407.0228838 ], v=[3.68985084 0.00904544 6.16920363]
  RK45_ECI: r=[5043.53742019 2194.74639875 5422.94191388], v=[ 2.1785262   5.42408208 -4.19177657]
Epoch 2205, t=2460388.540346513:
  TLE_ECI: r=[-3897.76022282 -6135.32765423  2591.1258333 ], v=[3.79279654 0.17057455 6.10398926]
  RK45_ECI: r=[5056.5536137  2232.36936088 5395.58739416], v=[ 2.1476      5.41268245 -4.22221277]
Epoch 2206, t=2460388.5404217765:
  TLE_ECI: r=[-3779.56292489 -6129.61134684  2773.20062808], v=[3.89262084 0.332056   6.03400194]
  RK45_ECI: r=[5069.3507853  2269.92395668 5368.03524303], v=[ 2.11660728  5.40105734 -4.25249397]
Epoch 2207, t=2460388.54049704:
  TLE_ECI: r=[-3658.42256915 -6118.99638624  2953.10491201], v=[3.9892459  0.49336007 5.95929742]
  RK45_ECI: r=[5081.92835141 2307.40810785 5340.28686032], v=[ 2.0855498   5.38920731 -4.28261864]
Epoch 2208, t=2460388.5405723033:
  TLE_ECI: r=[-3534.43858832 -6103.48866382  3130.69805715], v=[4.08259658 0.65435716 5.87993515]
  RK45_ECI: r=[5094.28605639 2344.82057793 5312.34300604], v=[ 2.05442865  5.37713263 -4.31258596]
Epoch 2209, t=2460388.540647567:
  TLE_ECI: r=[-3407.71262444 -6083.09800313  3305.8412746 ], v=[4.1726005  0.8149179  5.79597827]
  RK45_ECI: r=[5106.4233995  2382.15947501 5284.2049702 ], v=[ 2.02324543  5.3648338  -4.34239454]
Epoch 2210, t=2460388.5407228298:
  TLE_ECI: r=[-3278.34846131 -6057.83814239  3478.39772383], v=[4.25918808 0.97491328 5.70749353]
  RK45_ECI: r=[5118.34002581 2419.42322424 5255.87379028], v=[ 1.99200151  5.35231124 -4.37204328]
Epoch 2211, t=2460388.540798093:
  TLE_ECI: r=[-3146.45186614 -6027.72676242  3648.23261983], v=[4.34229261 1.13421476 5.61455122]
  RK45_ECI: r=[5130.03574822 2456.61078719 5227.350108  ], v=[ 1.96069781  5.33956518 -4.40153151]
Epoch 2212, t=2460388.5408733566:
  TLE_ECI: r=[-3012.13060813 -5992.7854132   3815.213339  ], v=[4.42185029 1.29269435 5.51722512]
  RK45_ECI: r=[5141.51004544 2493.72010301 5198.63537254], v=[ 1.92933609  5.32659621 -4.43085775]
Epoch 2213, t=2460388.54094862:
  TLE_ECI: r=[-2875.49429716 -5953.03953604  3979.20952258], v=[4.4978003  1.45022472 5.41559243]
  RK45_ECI: r=[5152.76269991 2530.74994382 5169.73037036], v=[ 1.89791744  5.31340466 -4.46002118]
Epoch 2214, t=2460388.5410238835:
  TLE_ECI: r=[-2736.65431031 -5908.51843285  4140.09317827], v=[4.57008478 1.60667933 5.3097337 ]
  RK45_ECI: r=[5163.79326802 2567.69843426 5140.63643572], v=[ 1.86644349  5.29999108 -4.48902047]
Epoch 2215, t=2460388.5410991465:
  TLE_ECI: r=[-2595.72371618 -5859.25523475  4297.7387798 ], v=[4.63864896 1.76193248 5.19973278]
  RK45_ECI: r=[5174.60144297 2604.56401273 5111.35464112], v=[ 1.83491559  5.28635593 -4.51785456]
Epoch 2216, t=2460388.54117441:
  TLE_ECI: r=[-2452.81711304 -5805.28690572  4452.02336408], v=[4.70344113 1.9158595  5.0856767 ]
  RK45_ECI: r=[5185.18706988 2641.34564825 5081.8856497 ], v=[ 1.80333468  5.27249946 -4.54652279]
Epoch 2217, t=2460388.5412496733:
  TLE_ECI: r=[-2308.05063715 -5746.6541656   4602.82662654], v=[4.76441268 2.06833677 4.96765563]
  RK45_ECI: r=[5195.54969025 2678.04129941 5052.23095863], v=[ 1.77170254  5.25842234 -4.57502372]
Epoch 2218, t=2460388.541324937:
  TLE_ECI: r=[-2161.54179761 -5683.4014889   4750.03101371], v=[4.82151818 2.21924183 4.84576281]
  RK45_ECI: r=[5205.68912446 2714.64974844 5022.39137989], v=[ 1.74002024  5.24412491 -4.60335658]
Epoch 2219, t=2460388.5414001998:
  TLE_ECI: r=[-2013.40941408 -5615.57705444  4893.52181372], v=[4.87471536 2.3684535  4.72009443]
  RK45_ECI: r=[5215.60494236 2751.16896359 4992.36843202], v=[ 1.70828959  5.22960787 -4.63151992]
Epoch 2220, t=2460388.541475463:
  TLE_ECI: r=[-1863.7734529  -5543.23273062  5033.18724409], v=[4.92396515 2.51585201 4.59074959]
  RK45_ECI: r=[5225.29701779 2787.59792218 4962.16279737], v=[ 1.67651149  5.21487149 -4.65951313]
Epoch 2221, t=2460388.5415507266:
  TLE_ECI: r=[-1712.75502846 -5466.42399647  5168.91853744], v=[4.9692317  2.66131901 4.45783017]
  RK45_ECI: r=[5234.76509602 2823.93507747 4931.77558378], v=[ 1.64468734  5.19991627 -4.68733518]
Epoch 2222, t=2460388.54162599:
  TLE_ECI: r=[-1560.47623788 -5385.20992195  5300.61002424], v=[5.01048243 2.80473772 4.32144081]
  RK45_ECI: r=[5244.00882547 2860.17858462 4901.20819356], v=[ 1.61281877  5.18474288 -4.71498481]
Epoch 2223, t=2460388.5417012535:
  TLE_ECI: r=[-1407.06007841 -5299.65311387  5428.15921316], v=[5.047688   2.945993   4.18168874]
  RK45_ECI: r=[5253.02806502 2896.32723676 4870.46146333], v=[ 1.58090689  5.16935168 -4.74246125]
Epoch 2224, t=2460388.5417765165:
  TLE_ECI: r=[-1252.63036284 -5209.81966194  5551.4668688 ], v=[5.08082237 3.08497146 4.03868378]
  RK45_ECI: r=[5261.82244754 2932.37902476 4839.53695739], v=[ 1.54895347  5.15374342 -4.76976314]
Epoch 2225, t=2460388.54185178:
  TLE_ECI: r=[-1097.31155805 -5115.77910091  5670.43708653], v=[5.10986275 3.22156153 3.89253816]
  RK45_ECI: r=[5270.39187943 2968.3329355  4808.43537812], v=[ 1.51695947  5.13791843 -4.79688986]
Epoch 2226, t=2460388.5419270433:
  TLE_ECI: r=[ -941.22877676 -5017.60433141  5784.97736496], v=[5.1347897  3.35565355 3.7433665 ]
  RK45_ECI: r=[5278.73615451 3004.18743861 4777.15786602], v=[ 1.48492626  5.12187724 -4.82384044]
Epoch 2227, t=2460388.542002307:
  TLE_ECI: r=[ -784.50761539 -4915.37157772  5894.99867528], v=[5.15558705 3.48713984 3.59128569]
  RK45_ECI: r=[5286.85497927 3039.94071063 4745.70586403], v=[ 1.4528555   5.10562057 -4.85061363]
Epoch 2228, t=2460388.54207757:
  TLE_ECI: r=[ -627.27406837 -4809.16032302  6000.41552801], v=[5.17224195 3.6159148  3.43641479]
  RK45_ECI: r=[5294.74825099 3075.59155709 4714.08023261], v=[ 1.42074829  5.08914882 -4.87720872]
Epoch 2229, t=2460388.542152833:
  TLE_ECI: r=[ -469.65444129 -4699.05324463  6101.14603686], v=[5.18474488 3.74187497 3.27887494]
  RK45_ECI: r=[5302.41566611 3111.13799343 4682.28258021], v=[ 1.38860644  5.0724628  -4.90362438]
Epoch 2230, t=2460388.5422280966:
  TLE_ECI: r=[ -311.77519437 -4585.13615457  6197.1119796 ], v=[5.1930896  3.86491917 3.11878926]
  RK45_ECI: r=[5309.85716353 3146.57901738 4650.31362856], v=[ 1.35643088  5.05556286 -4.92986002]
Epoch 2231, t=2460388.54230336:
  TLE_ECI: r=[ -153.76292583 -4467.4979217   6288.23885638], v=[5.19727319 3.98494847 2.95628277]
  RK45_ECI: r=[5317.07258616 3181.91311611 4618.17454959], v=[ 1.32422302  5.0384496  -4.9559147 ]
Epoch 2232, t=2460388.5423786235:
  TLE_ECI: r=[ 4.25578533e+00 -4.34623041e+03  6.37445594e+03], v=[5.19729604 4.10186633 2.79148227]
  RK45_ECI: r=[5324.06169857 3217.13848989 4585.86682556], v=[ 1.29198451  5.02112378 -4.98178722]
Epoch 2233, t=2460388.5424538865:
  TLE_ECI: r=[  162.15445276 -4221.42839729  6455.69635203], v=[5.19316183 4.21557867 2.62451627]
  RK45_ECI: r=[5330.82436943 3252.25363673 4553.39164543], v=[ 1.25971676  5.003586   -5.00747665]
Epoch 2234, t=2460388.54252915:
  TLE_ECI: r=[  319.80683282 -4093.18951418  6531.8970644 ], v=[5.18487751 4.32599393 2.45551485]
  RK45_ECI: r=[5337.36056099 3287.25756193 4520.74974349], v=[ 1.2274207   4.98583664 -5.03298242]
Epoch 2235, t=2460388.5426044133:
  TLE_ECI: r=[  477.08694882 -3961.6141537   6602.99899348], v=[5.1724533  4.43302314 2.2846096 ]
  RK45_ECI: r=[5343.67004294 3322.14831181 4487.94277686], v=[ 1.19509816  4.96787659 -5.05830327]
Epoch 2236, t=2460388.542679677:
  TLE_ECI: r=[  633.86924074 -3826.80539972  6668.94701953], v=[5.1559027  4.53657997 2.11193351]
  RK45_ECI: r=[5349.75277459 3356.92471425 4454.97164227], v=[ 1.16275025  4.94970632 -5.08343849]
Epoch 2237, t=2460388.54275494:
  TLE_ECI: r=[  790.02865121 -3688.86894468  6729.69003176], v=[5.13524243 4.63658079 1.93762084]
  RK45_ECI: r=[5355.60857902 3391.58499479 4421.8378598 ], v=[ 1.13037863  4.93132663 -5.10838696]
Epoch 2238, t=2460388.542830203:
  TLE_ECI: r=[  945.44071307 -3547.91300973  6785.18096572], v=[5.11049243 4.73294477 1.76180707]
  RK45_ECI: r=[5361.23737412 3426.12767189 4388.54264822], v=[ 1.09798473  4.91273821 -5.13314776]
Epoch 2239, t=2460388.5429054666:
  TLE_ECI: r=[ 1099.98168887 -3404.04824985  6835.37683743], v=[5.08167582 4.82559393 1.58462876]
  RK45_ECI: r=[5366.63915499 3460.55176336 4355.08675992], v=[ 1.06556947  4.89394144 -5.15772037]
Epoch 2240, t=2460388.54298073:
  TLE_ECI: r=[ 1253.5286039  -3257.38768257  6880.23877484], v=[5.04881891 4.91445314 1.40622346]
  RK45_ECI: r=[5371.81375539 3494.85534486 4321.47189294], v=[ 1.03313468  4.87493729 -5.18210353]
Epoch 2241, t=2460388.5430559935:
  TLE_ECI: r=[ 1405.95938499 -3108.04659049  6919.73204586], v=[5.01195116 4.99945024 1.22672961]
  RK45_ECI: r=[5376.76117334 3529.03726011 4287.69896564], v=[ 1.00068149  4.85572625 -5.20629661]
Epoch 2242, t=2460388.543131257:
  TLE_ECI: r=[ 1557.1529445  -2956.142434    6953.82608358], v=[4.97110515 5.08051606 1.04628644]
  RK45_ECI: r=[5381.4812908  3563.09576186 4253.76953461], v=[ 0.96821156  4.8363092  -5.23029847]
Epoch 2243, t=2460388.54320652:
  TLE_ECI: r=[ 1706.98926669 -2801.79476492  6982.49450836], v=[4.92631657 5.15758446 0.86503386]
  RK45_ECI: r=[5385.97410333 3597.02953776 4219.68468695], v=[ 0.93572617  4.81668677 -5.2541084 ]
Epoch 2244, t=2460388.5432817833:
  TLE_ECI: r=[ 1855.34953406 -2645.12511443  7005.71514676], v=[4.8776241  5.23059246 0.68311238]
  RK45_ECI: r=[5390.23955328 3630.83717848 4185.44567358], v=[ 0.90322668  4.79685967 -5.2777255 ]
Epoch 2245, t=2460388.543357047:
  TLE_ECI: r=[ 2002.11616884 -2486.25692726  7023.47004767], v=[4.82506951 5.29948017 0.50066296]
  RK45_ECI: r=[5394.27762419 3664.51723205 4151.05375096], v=[ 0.87071449  4.77682863 -5.30114894]
Epoch 2246, t=2460388.54343231:
  TLE_ECI: r=[ 2147.17295849 -2325.31544756  7035.74549503], v=[4.76869755 5.3641909  0.31782697]
  RK45_ECI: r=[5398.08832449 3698.06841219 4116.51001861], v=[ 0.83819086  4.7565943  -5.32437796]
Epoch 2247, t=2460388.5435075737:
  TLE_ECI: r=[ 2290.40513699 -2162.42762643  7042.53201774], v=[4.70855592 5.4246712  0.13474603]
  RK45_ECI: r=[5401.67159457 3731.48900137 4081.81606833], v=[ 0.80565746  4.7361576  -5.34741152]
Epoch 2248, t=2460388.5435828366:
  TLE_ECI: r=[ 2431.69946782 -1997.72203068  7043.82439638], v=[ 4.64469525  5.48087088 -0.04843804]
  RK45_ECI: r=[5405.02747437 3764.77770778 4046.97301128], v=[ 0.77311557  4.7155192  -5.37024886]
Epoch 2249, t=2460388.5436581:
  TLE_ECI: r=[ 2570.94435555 -1831.32871547  7039.62166679], v=[ 4.57716899  5.53274309 -0.23158338]
  RK45_ECI: r=[5408.1559539  3797.93314631 4011.98212594], v=[ 0.74056653  4.69467987 -5.39288918]
Epoch 2250, t=2460388.5437333635:
  TLE_ECI: r=[ 2708.02989547 -1663.37916488  7029.9271208 ], v=[ 4.50603348  5.58024429 -0.41454813]
  RK45_ECI: r=[5411.05708744 3830.95403199 3976.84453076], v=[ 0.70801162  4.67364028 -5.41533175]

Summary Statistics:
Mean position difference: 9967.028 m
Max position difference: 15491.976 m
Mean velocity difference: 9.256 m/s
Max velocity difference: 14.381 m/s
